vehicle_id,vin,stock_number,make,model,trim,year,transmission,body_style,fuel_type,drivetrain,description,image,mileage.value,mileage.unit,url,title,price,state_of_vehicle,exterior_color,interior_color,dealer_id,dealer_name,dealer_phone,address,latitude,longitude,fb_page_id,features,vehicle_specifications,dealer_communication_channel,dealer_privacy_policy_url,custom_label_0,custom_label_1,custom_label_3,days_on_lot,sale_price,Sponsor,Range
3N8AP6BE9TL403255,3N8AP6BE9TL403255,RY26K113-new,Nissan,Kicks,S Fwd,2026,AUTOMATIC,SUV,GASOLINE,FWD,"2026 Nissan Kicks S Fwd, Blue exterior, Front-wheel drive","[{url:'https://imagescdn.d2cmedia.ca/cbe0aa1478ece3a2a7fb3e2c074aef0b1e/2062/13736298/1/Nissan-Kicks-2026.jpg'},{url:'https://imagescdn.d2cmedia.ca/s8e0aa1478ece3a2a7fb3e2c074aef0b1e/2062/13736298/1/Nissan-Kicks-2026.jpg'},{url:'https://imagescdn.d2cmedia.ca/cbe0aa1478ece3a2a7fb3e2c074aef0b1e/2062/13736298/2/Nissan-Kicks-2026.jpg'},{url:'https://imagescdn.d2cmedia.ca/cbe0aa1478ece3a2a7fb3e2c074aef0b1e/2062/13736298/3/Nissan-Kicks-2026.jpg'},{url:'https://imagescdn.d2cmedia.ca/cbe0aa1478ece3a2a7fb3e2c074aef0b1e/2062/13736298/4/Nissan-Kicks-2026.jpg'},{url:'https://imagescdn.d2cmedia.ca/cbe0aa1478ece3a2a7fb3e2c074aef0b1e/2062/13736298/5/Nissan-Kicks-2026.jpg'},{url:'https://imagescdn.d2cmedia.ca/cbe0aa1478ece3a2a7fb3e2c074aef0b1e/2062/13736298/6/Nissan-Kicks-2026.jpg'},{url:'https://imagescdn.d2cmedia.ca/cbe0aa1478ece3a2a7fb3e2c074aef0b1e/2062/13736298/7/Nissan-Kicks-2026.jpg'},{url:'https://imagescdn.d2cmedia.ca/cbe0aa1478ece3a2a7fb3e2c074aef0b1e/2062/13736298/8/Nissan-Kicks-2026.jpg'},{url:'https://imagescdn.d2cmedia.ca/cbe0aa1478ece3a2a7fb3e2c074aef0b1e/2062/13736298/9/Nissan-Kicks-2026.jpg'}]",50,KM,https://www.altanissanrh.com/new/inventory/2026-Nissan-Kicks-id13736298.html,2026 Nissan Kicks S Fwd at Alta Nissan Richmond Hill,29791 CAD,New,Blue,Charcoal,2062,Alta Nissan Richmond Hill,+1-905-780-7771,"{addr1: '11667 Yonge St.', city: 'Richmond Hill', region: 'Ontario', postal_code: 'L4E 3N8', country: 'CA'}",43.9028000000,-79.4448000000,,,,,https://www.altanissanrh.com/privacy-policy.html,New,2062,In stock,,29791 CAD,Free,
3N8AP6BE4TL404250,3N8AP6BE4TL404250,RY26K116-new,Nissan,Kicks,S Fwd,2026,AUTOMATIC,SUV,GASOLINE,FWD,"2026 Nissan Kicks S Fwd, Blue exterior, Front-wheel drive","[{url:'https://imagescdn.d2cmedia.ca/cb23b3b1af77c7657152661e9efc1d0cfc/2062/13736301/1/Nissan-Kicks-2026.jpg'},{url:'https://imagescdn.d2cmedia.ca/s823b3b1af77c7657152661e9efc1d0cfc/2062/13736301/1/Nissan-Kicks-2026.jpg'},{url:'https://imagescdn.d2cmedia.ca/cb23b3b1af77c7657152661e9efc1d0cfc/2062/13736301/2/Nissan-Kicks-2026.jpg'},{url:'https://imagescdn.d2cmedia.ca/cb23b3b1af77c7657152661e9efc1d0cfc/2062/13736301/3/Nissan-Kicks-2026.jpg'},{url:'https://imagescdn.d2cmedia.ca/cb23b3b1af77c7657152661e9efc1d0cfc/2062/13736301/4/Nissan-Kicks-2026.jpg'},{url:'https://imagescdn.d2cmedia.ca/cb23b3b1af77c7657152661e9efc1d0cfc/2062/13736301/5/Nissan-Kicks-2026.jpg'},{url:'https://imagescdn.d2cmedia.ca/cb23b3b1af77c7657152661e9efc1d0cfc/2062/13736301/6/Nissan-Kicks-2026.jpg'},{url:'https://imagescdn.d2cmedia.ca/cb23b3b1af77c7657152661e9efc1d0cfc/2062/13736301/7/Nissan-Kicks-2026.jpg'},{url:'https://imagescdn.d2cmedia.ca/cb23b3b1af77c7657152661e9efc1d0cfc/2062/13736301/8/Nissan-Kicks-2026.jpg'},{url:'https://imagescdn.d2cmedia.ca/cb23b3b1af77c7657152661e9efc1d0cfc/2062/13736301/9/Nissan-Kicks-2026.jpg'}]",50,KM,https://www.altanissanrh.com/new/inventory/2026-Nissan-Kicks-id13736301.html,2026 Nissan Kicks S Fwd at Alta Nissan Richmond Hill,29791 CAD,New,Blue,Charcoal,2062,Alta Nissan Richmond Hill,+1-905-780-7771,"{addr1: '11667 Yonge St.', city: 'Richmond Hill', region: 'Ontario', postal_code: 'L4E 3N8', country: 'CA'}",43.9028000000,-79.4448000000,,,,,https://www.altanissanrh.com/privacy-policy.html,New,2062,In stock,,29791 CAD,Free,
3N8AP6BEXTL404625,3N8AP6BEXTL404625,RY26K117-new,Nissan,Kicks,S Fwd,2026,AUTOMATIC,SUV,GASOLINE,FWD,"2026 Nissan Kicks S Fwd, Blue exterior, Front-wheel drive","[{url:'https://imagescdn.d2cmedia.ca/cb595aa39672956d300f8374a21934dfcc/2062/13736302/1/Nissan-Kicks-2026.jpg'},{url:'https://imagescdn.d2cmedia.ca/s8595aa39672956d300f8374a21934dfcc/2062/13736302/1/Nissan-Kicks-2026.jpg'},{url:'https://imagescdn.d2cmedia.ca/cb595aa39672956d300f8374a21934dfcc/2062/13736302/2/Nissan-Kicks-2026.jpg'},{url:'https://imagescdn.d2cmedia.ca/cb595aa39672956d300f8374a21934dfcc/2062/13736302/3/Nissan-Kicks-2026.jpg'},{url:'https://imagescdn.d2cmedia.ca/cb595aa39672956d300f8374a21934dfcc/2062/13736302/4/Nissan-Kicks-2026.jpg'},{url:'https://imagescdn.d2cmedia.ca/cb595aa39672956d300f8374a21934dfcc/2062/13736302/5/Nissan-Kicks-2026.jpg'},{url:'https://imagescdn.d2cmedia.ca/cb595aa39672956d300f8374a21934dfcc/2062/13736302/6/Nissan-Kicks-2026.jpg'},{url:'https://imagescdn.d2cmedia.ca/cb595aa39672956d300f8374a21934dfcc/2062/13736302/7/Nissan-Kicks-2026.jpg'},{url:'https://imagescdn.d2cmedia.ca/cb595aa39672956d300f8374a21934dfcc/2062/13736302/8/Nissan-Kicks-2026.jpg'},{url:'https://imagescdn.d2cmedia.ca/cb595aa39672956d300f8374a21934dfcc/2062/13736302/9/Nissan-Kicks-2026.jpg'}]",50,KM,https://www.altanissanrh.com/new/inventory/2026-Nissan-Kicks-id13736302.html,2026 Nissan Kicks S Fwd at Alta Nissan Richmond Hill,29791 CAD,New,Blue,Charcoal,2062,Alta Nissan Richmond Hill,+1-905-780-7771,"{addr1: '11667 Yonge St.', city: 'Richmond Hill', region: 'Ontario', postal_code: 'L4E 3N8', country: 'CA'}",43.9028000000,-79.4448000000,,,,,https://www.altanissanrh.com/privacy-policy.html,New,2062,In stock,,29791 CAD,Free,
3N1AB9DV1TY306176,3N1AB9DV1TY306176,RY261039-new,Nissan,Sentra,Sr Sedan,2026,AUTOMATIC,SEDAN,GASOLINE,,"2026 Nissan Sentra Sr Sedan, Grey exterior","[{url:'https://imagescdn.d2cmedia.ca/cbc9675044392c287cc124c33edd7fb8ef/2062/14016350/1/Nissan-Sentra-2026.jpg'},{url:'https://imagescdn.d2cmedia.ca/s8c9675044392c287cc124c33edd7fb8ef/2062/14016350/1/Nissan-Sentra-2026.jpg'},{url:'https://imagescdn.d2cmedia.ca/cbc9675044392c287cc124c33edd7fb8ef/2062/14016350/2/Nissan-Sentra-2026.jpg'},{url:'https://imagescdn.d2cmedia.ca/cbc9675044392c287cc124c33edd7fb8ef/2062/14016350/3/Nissan-Sentra-2026.jpg'},{url:'https://imagescdn.d2cmedia.ca/cbc9675044392c287cc124c33edd7fb8ef/2062/14016350/4/Nissan-Sentra-2026.jpg'},{url:'https://imagescdn.d2cmedia.ca/cbc9675044392c287cc124c33edd7fb8ef/2062/14016350/5/Nissan-Sentra-2026.jpg'},{url:'https://imagescdn.d2cmedia.ca/cbc9675044392c287cc124c33edd7fb8ef/2062/14016350/6/Nissan-Sentra-2026.jpg'},{url:'https://imagescdn.d2cmedia.ca/cbc9675044392c287cc124c33edd7fb8ef/2062/14016350/7/Nissan-Sentra-2026.jpg'},{url:'https://imagescdn.d2cmedia.ca/cbc9675044392c287cc124c33edd7fb8ef/2062/14016350/8/Nissan-Sentra-2026.jpg'},{url:'https://imagescdn.d2cmedia.ca/cbc9675044392c287cc124c33edd7fb8ef/2062/14016350/9/Nissan-Sentra-2026.jpg'}]",50,KM,https://www.altanissanrh.com/new/inventory/2026-Nissan-Sentra-id14016350.html,2026 Nissan Sentra Sr Sedan at Alta Nissan Richmond Hill,29811 CAD,New,Grey,"Sport Interior, Sport Cloth Seat Trim W/Accent Sti",2062,Alta Nissan Richmond Hill,+1-905-780-7771,"{addr1: '11667 Yonge St.', city: 'Richmond Hill', region: 'Ontario', postal_code: 'L4E 3N8', country: 'CA'}",43.9028000000,-79.4448000000,,,,,https://www.altanissanrh.com/privacy-policy.html,New,2062,In stock,,29811 CAD,Free,
3N8AP6BB1TL404051,3N8AP6BB1TL404051,RY26K112-new,Nissan,Kicks,S Awd,2026,AUTOMATIC,SUV,GASOLINE,AWD,"2026 Nissan Kicks S Awd, Black exterior, All-wheel drive","[{url:'https://imagescdn.d2cmedia.ca/cb4ea8bc858070010ca609f12574236d53/2062/13736297/1/Nissan-Kicks-2026.jpg'},{url:'https://imagescdn.d2cmedia.ca/s84ea8bc858070010ca609f12574236d53/2062/13736297/1/Nissan-Kicks-2026.jpg'},{url:'https://imagescdn.d2cmedia.ca/cb4ea8bc858070010ca609f12574236d53/2062/13736297/2/Nissan-Kicks-2026.jpg'},{url:'https://imagescdn.d2cmedia.ca/cb4ea8bc858070010ca609f12574236d53/2062/13736297/3/Nissan-Kicks-2026.jpg'},{url:'https://imagescdn.d2cmedia.ca/cb4ea8bc858070010ca609f12574236d53/2062/13736297/4/Nissan-Kicks-2026.jpg'},{url:'https://imagescdn.d2cmedia.ca/cb4ea8bc858070010ca609f12574236d53/2062/13736297/5/Nissan-Kicks-2026.jpg'},{url:'https://imagescdn.d2cmedia.ca/cb4ea8bc858070010ca609f12574236d53/2062/13736297/6/Nissan-Kicks-2026.jpg'},{url:'https://imagescdn.d2cmedia.ca/cb4ea8bc858070010ca609f12574236d53/2062/13736297/7/Nissan-Kicks-2026.jpg'},{url:'https://imagescdn.d2cmedia.ca/cb4ea8bc858070010ca609f12574236d53/2062/13736297/8/Nissan-Kicks-2026.jpg'},{url:'https://imagescdn.d2cmedia.ca/cb4ea8bc858070010ca609f12574236d53/2062/13736297/9/Nissan-Kicks-2026.jpg'}]",50,KM,https://www.altanissanrh.com/new/inventory/2026-Nissan-Kicks-id13736297.html,2026 Nissan Kicks S Awd at Alta Nissan Richmond Hill,29921 CAD,New,Black,Charcoal,2062,Alta Nissan Richmond Hill,+1-905-780-7771,"{addr1: '11667 Yonge St.', city: 'Richmond Hill', region: 'Ontario', postal_code: 'L4E 3N8', country: 'CA'}",43.9028000000,-79.4448000000,,,,,https://www.altanissanrh.com/privacy-policy.html,New,2062,In stock,,29921 CAD,Free,
3N8AP6BBXTL407711,3N8AP6BBXTL407711,RY26K142-new,Nissan,Kicks,S Awd,2026,AUTOMATIC,SUV,GASOLINE,AWD,"2026 Nissan Kicks S Awd, Red exterior, All-wheel drive","[{url:'https://imagescdn.d2cmedia.ca/cb9d34c90f6abc05acf7bf634d5891cb8c/2062/13848185/1/Nissan-Kicks-2026.jpg'},{url:'https://imagescdn.d2cmedia.ca/s89d34c90f6abc05acf7bf634d5891cb8c/2062/13848185/1/Nissan-Kicks-2026.jpg'},{url:'https://imagescdn.d2cmedia.ca/cb9d34c90f6abc05acf7bf634d5891cb8c/2062/13848185/2/Nissan-Kicks-2026.jpg'},{url:'https://imagescdn.d2cmedia.ca/cb9d34c90f6abc05acf7bf634d5891cb8c/2062/13848185/3/Nissan-Kicks-2026.jpg'},{url:'https://imagescdn.d2cmedia.ca/cb9d34c90f6abc05acf7bf634d5891cb8c/2062/13848185/4/Nissan-Kicks-2026.jpg'},{url:'https://imagescdn.d2cmedia.ca/cb9d34c90f6abc05acf7bf634d5891cb8c/2062/13848185/5/Nissan-Kicks-2026.jpg'},{url:'https://imagescdn.d2cmedia.ca/cb9d34c90f6abc05acf7bf634d5891cb8c/2062/13848185/6/Nissan-Kicks-2026.jpg'},{url:'https://imagescdn.d2cmedia.ca/cb9d34c90f6abc05acf7bf634d5891cb8c/2062/13848185/7/Nissan-Kicks-2026.jpg'},{url:'https://imagescdn.d2cmedia.ca/cb9d34c90f6abc05acf7bf634d5891cb8c/2062/13848185/8/Nissan-Kicks-2026.jpg'},{url:'https://imagescdn.d2cmedia.ca/cb9d34c90f6abc05acf7bf634d5891cb8c/2062/13848185/9/Nissan-Kicks-2026.jpg'}]",50,KM,https://www.altanissanrh.com/new/inventory/2026-Nissan-Kicks-id13848185.html,2026 Nissan Kicks S Awd at Alta Nissan Richmond Hill,29991 CAD,New,Red,Dark grey,2062,Alta Nissan Richmond Hill,+1-905-780-7771,"{addr1: '11667 Yonge St.', city: 'Richmond Hill', region: 'Ontario', postal_code: 'L4E 3N8', country: 'CA'}",43.9028000000,-79.4448000000,,,,,https://www.altanissanrh.com/privacy-policy.html,New,2062,In stock,,29991 CAD,Free,
3N8AP6CE4TL421855,3N8AP6CE4TL421855,RY26K158-new,Nissan,Kicks,Sv Fwd,2026,AUTOMATIC,SUV,GASOLINE,FWD,"2026 Nissan Kicks Sv Fwd, Grey exterior, Front-wheel drive","[{url:'https://imagescdn.d2cmedia.ca/cb9e55a6f86fc5965f2914750eb9edf765/2062/13970056/1/Nissan-Kicks-2026.jpg'},{url:'https://imagescdn.d2cmedia.ca/s89e55a6f86fc5965f2914750eb9edf765/2062/13970056/1/Nissan-Kicks-2026.jpg'},{url:'https://imagescdn.d2cmedia.ca/cb9e55a6f86fc5965f2914750eb9edf765/2062/13970056/2/Nissan-Kicks-2026.jpg'},{url:'https://imagescdn.d2cmedia.ca/cb9e55a6f86fc5965f2914750eb9edf765/2062/13970056/3/Nissan-Kicks-2026.jpg'},{url:'https://imagescdn.d2cmedia.ca/cb9e55a6f86fc5965f2914750eb9edf765/2062/13970056/4/Nissan-Kicks-2026.jpg'},{url:'https://imagescdn.d2cmedia.ca/cb9e55a6f86fc5965f2914750eb9edf765/2062/13970056/5/Nissan-Kicks-2026.jpg'},{url:'https://imagescdn.d2cmedia.ca/cb9e55a6f86fc5965f2914750eb9edf765/2062/13970056/6/Nissan-Kicks-2026.jpg'},{url:'https://imagescdn.d2cmedia.ca/cb9e55a6f86fc5965f2914750eb9edf765/2062/13970056/7/Nissan-Kicks-2026.jpg'},{url:'https://imagescdn.d2cmedia.ca/cb9e55a6f86fc5965f2914750eb9edf765/2062/13970056/8/Nissan-Kicks-2026.jpg'},{url:'https://imagescdn.d2cmedia.ca/cb9e55a6f86fc5965f2914750eb9edf765/2062/13970056/9/Nissan-Kicks-2026.jpg'}]",50,KM,https://www.altanissanrh.com/new/inventory/2026-Nissan-Kicks-id13970056.html,2026 Nissan Kicks Sv Fwd at Alta Nissan Richmond Hill,30041 CAD,New,Grey,Dark grey,2062,Alta Nissan Richmond Hill,+1-905-780-7771,"{addr1: '11667 Yonge St.', city: 'Richmond Hill', region: 'Ontario', postal_code: 'L4E 3N8', country: 'CA'}",43.9028000000,-79.4448000000,,,,,https://www.altanissanrh.com/privacy-policy.html,New,2062,In stock,,30041 CAD,Free,
3N8AP6CE7TL431599,3N8AP6CE7TL431599,RY26K175-new,Nissan,Kicks,Sv Fwd,2026,AUTOMATIC,SUV,GASOLINE,FWD,"2026 Nissan Kicks Sv Fwd, Blue exterior, Front-wheel drive","[{url:'https://imagescdn.d2cmedia.ca/cbb1a4900fb3313452b1d91bb00b86454e/2062/14031631/1/Nissan-Kicks-2026.jpg'},{url:'https://imagescdn.d2cmedia.ca/s8b1a4900fb3313452b1d91bb00b86454e/2062/14031631/1/Nissan-Kicks-2026.jpg'},{url:'https://imagescdn.d2cmedia.ca/cbb1a4900fb3313452b1d91bb00b86454e/2062/14031631/2/Nissan-Kicks-2026.jpg'},{url:'https://imagescdn.d2cmedia.ca/cbb1a4900fb3313452b1d91bb00b86454e/2062/14031631/3/Nissan-Kicks-2026.jpg'},{url:'https://imagescdn.d2cmedia.ca/cbb1a4900fb3313452b1d91bb00b86454e/2062/14031631/4/Nissan-Kicks-2026.jpg'},{url:'https://imagescdn.d2cmedia.ca/cbb1a4900fb3313452b1d91bb00b86454e/2062/14031631/5/Nissan-Kicks-2026.jpg'},{url:'https://imagescdn.d2cmedia.ca/cbb1a4900fb3313452b1d91bb00b86454e/2062/14031631/6/Nissan-Kicks-2026.jpg'},{url:'https://imagescdn.d2cmedia.ca/cbb1a4900fb3313452b1d91bb00b86454e/2062/14031631/7/Nissan-Kicks-2026.jpg'},{url:'https://imagescdn.d2cmedia.ca/cbb1a4900fb3313452b1d91bb00b86454e/2062/14031631/8/Nissan-Kicks-2026.jpg'},{url:'https://imagescdn.d2cmedia.ca/cbb1a4900fb3313452b1d91bb00b86454e/2062/14031631/9/Nissan-Kicks-2026.jpg'}]",50,KM,https://www.altanissanrh.com/new/inventory/2026-Nissan-Kicks-id14031631.html,2026 Nissan Kicks Sv Fwd at Alta Nissan Richmond Hill,30041 CAD,New,Blue,Dark grey,2062,Alta Nissan Richmond Hill,+1-905-780-7771,"{addr1: '11667 Yonge St.', city: 'Richmond Hill', region: 'Ontario', postal_code: 'L4E 3N8', country: 'CA'}",43.9028000000,-79.4448000000,,,,,https://www.altanissanrh.com/privacy-policy.html,New,2062,In stock,,30041 CAD,Free,
3N8AP6BB9TL407988,3N8AP6BB9TL407988,RY26K141-new,Nissan,Kicks,S Awd,2026,AUTOMATIC,SUV,GASOLINE,AWD,"2026 Nissan Kicks S Awd, Red exterior, All-wheel drive","[{url:'https://imagescdn.d2cmedia.ca/cbf844bd5e82c6c65f1154142f2dcbb68d/2062/13848184/1/Nissan-Kicks-2026.jpg'},{url:'https://imagescdn.d2cmedia.ca/s8f844bd5e82c6c65f1154142f2dcbb68d/2062/13848184/1/Nissan-Kicks-2026.jpg'},{url:'https://imagescdn.d2cmedia.ca/cbf844bd5e82c6c65f1154142f2dcbb68d/2062/13848184/2/Nissan-Kicks-2026.jpg'},{url:'https://imagescdn.d2cmedia.ca/cbf844bd5e82c6c65f1154142f2dcbb68d/2062/13848184/3/Nissan-Kicks-2026.jpg'},{url:'https://imagescdn.d2cmedia.ca/cbf844bd5e82c6c65f1154142f2dcbb68d/2062/13848184/4/Nissan-Kicks-2026.jpg'},{url:'https://imagescdn.d2cmedia.ca/cbf844bd5e82c6c65f1154142f2dcbb68d/2062/13848184/5/Nissan-Kicks-2026.jpg'},{url:'https://imagescdn.d2cmedia.ca/cbf844bd5e82c6c65f1154142f2dcbb68d/2062/13848184/6/Nissan-Kicks-2026.jpg'},{url:'https://imagescdn.d2cmedia.ca/cbf844bd5e82c6c65f1154142f2dcbb68d/2062/13848184/7/Nissan-Kicks-2026.jpg'},{url:'https://imagescdn.d2cmedia.ca/cbf844bd5e82c6c65f1154142f2dcbb68d/2062/13848184/8/Nissan-Kicks-2026.jpg'},{url:'https://imagescdn.d2cmedia.ca/cbf844bd5e82c6c65f1154142f2dcbb68d/2062/13848184/9/Nissan-Kicks-2026.jpg'}]",120,KM,https://www.altanissanrh.com/new/inventory/2026-Nissan-Kicks-id13848184.html,2026 Nissan Kicks S Awd at Alta Nissan Richmond Hill,30171 CAD,New,Red,Dark grey,2062,Alta Nissan Richmond Hill,+1-905-780-7771,"{addr1: '11667 Yonge St.', city: 'Richmond Hill', region: 'Ontario', postal_code: 'L4E 3N8', country: 'CA'}",43.9028000000,-79.4448000000,,,,,https://www.altanissanrh.com/privacy-policy.html,New,2062,In stock,,30171 CAD,Free,
3N1AB9CV0TY289632,3N1AB9CV0TY289632,RY261032-new,Nissan,Sentra,Sv Sedan,2026,AUTOMATIC,SEDAN,GASOLINE,,"2026 Nissan Sentra Sv Sedan, Grey exterior","[{url:'https://carimages.d2cmedia.ca/newcarimages/en/cb6ac7bfada5d46/Nissan/Sentra/2026/1200/481258-U1YgU2VkYW4/gray/front45.png'},{url:'https://carimages.d2cmedia.ca/newcarimages/en/cb6ac7bfada5d46/Nissan/Sentra/2026/1280/481258/gray/front_45_degree.png'},{url:'https://carimages.d2cmedia.ca/newcarimages/en/cb6ac7bfada5d46/Nissan/Sentra/2026/2100/481258/gray/front_45_degree.png'},{url:'https://carimages.d2cmedia.ca/newcarimages/en/cb6ac7bfada5d46/Nissan/Sentra/2026/2100/481258/gray/profile.png'},{url:'https://carimages.d2cmedia.ca/newcarimages/en/cb6ac7bfada5d46/Nissan/Sentra/2026/2100/481258/gray/back_45_degree.png'},{url:'https://carimages.d2cmedia.ca/newcarimages/en/cb6ac7bfada5d46/Nissan/Sentra/2026/2100/481258/gray/driver_dashboard.png'},{url:'https://carimages.d2cmedia.ca/newcarimages/en/cb6ac7bfada5d46/Nissan/Sentra/2026/2100/481258/gray/full_dashboard.png'},{url:'https://carimages.d2cmedia.ca/newcarimages/en/cb6ac7bfada5d46/Nissan/Sentra/2026/2100/481258/gray/interior_driver_open_seat.png'},{url:'https://carimages.d2cmedia.ca/newcarimages/en/cb6ac7bfada5d46/Nissan/Sentra/2026/2100/481258/gray/interior_driver_stereo.png'},{url:'https://carimages.d2cmedia.ca/newcarimages/en/cb6ac7bfada5d46/Nissan/Sentra/2026/2100/481258/gray/interior_driver_reat_seats.png'}]",50,KM,https://www.altanissanrh.com/new/inventory/2026-Nissan-Sentra-id14451295.html,2026 Nissan Sentra Sv Sedan at Alta Nissan Richmond Hill,30531 CAD,New,Grey,Charcoal,2062,Alta Nissan Richmond Hill,+1-905-780-7771,"{addr1: '11667 Yonge St.', city: 'Richmond Hill', region: 'Ontario', postal_code: 'L4E 3N8', country: 'CA'}",43.9028000000,-79.4448000000,,,,,https://www.altanissanrh.com/privacy-policy.html,New,2062,In stock,,30531 CAD,Free,
3N8AP6BE5VL301468,3N8AP6BE5VL301468,RY27K006-new,Nissan,Kicks,S Fwd,2027,AUTOMATIC,SUV,GASOLINE,FWD,"2027 Nissan Kicks S Fwd, Grey exterior, Front-wheel drive","[{url:'https://carimages.d2cmedia.ca/newcarimages/en/cb6ac7bfada5d46/Nissan/Kicks/2027/1200/487916-UyBGV0Q/gray/front45.png'},{url:'https://carimages.d2cmedia.ca/newcarimages/en/cb6ac7bfada5d46/Nissan/Kicks/2027/1280/487916/gray/front_45_degree.png'},{url:'https://carimages.d2cmedia.ca/newcarimages/en/cb6ac7bfada5d46/Nissan/Kicks/2027/2100/487916/gray/front_45_degree.png'},{url:'https://carimages.d2cmedia.ca/newcarimages/en/cb6ac7bfada5d46/Nissan/Kicks/2027/2100/487916/gray/profile.png'},{url:'https://carimages.d2cmedia.ca/newcarimages/en/cb6ac7bfada5d46/Nissan/Kicks/2027/2100/487916/gray/back_45_degree.png'},{url:'https://carimages.d2cmedia.ca/newcarimages/en/cb6ac7bfada5d46/Nissan/Kicks/2027/2100/487916/gray/driver_dashboard.png'},{url:'https://carimages.d2cmedia.ca/newcarimages/en/cb6ac7bfada5d46/Nissan/Kicks/2027/2100/487916/gray/full_dashboard.png'},{url:'https://carimages.d2cmedia.ca/newcarimages/en/cb6ac7bfada5d46/Nissan/Kicks/2027/2100/487916/gray/interior_driver_open_seat.png'},{url:'https://carimages.d2cmedia.ca/newcarimages/en/cb6ac7bfada5d46/Nissan/Kicks/2027/2100/487916/gray/interior_driver_stereo.png'},{url:'https://carimages.d2cmedia.ca/newcarimages/en/cb6ac7bfada5d46/Nissan/Kicks/2027/2100/487916/gray/interior_driver_reat_seats.png'}]",50,KM,https://www.altanissanrh.com/new/inventory/2027-Nissan-Kicks-id14416463.html,2027 Nissan Kicks S Fwd at Alta Nissan Richmond Hill,30891 CAD,New,Grey,Dark grey,2062,Alta Nissan Richmond Hill,+1-905-780-7771,"{addr1: '11667 Yonge St.', city: 'Richmond Hill', region: 'Ontario', postal_code: 'L4E 3N8', country: 'CA'}",43.9028000000,-79.4448000000,,,,,https://www.altanissanrh.com/privacy-policy.html,New,2062,In stock,,30891 CAD,Free,
3N8AP6BE3VL302151,3N8AP6BE3VL302151,RY27K013-new,Nissan,Kicks,S Fwd,2027,AUTOMATIC,SUV,GASOLINE,FWD,"2027 Nissan Kicks S Fwd, Bronze exterior, Front-wheel drive","[{url:'https://carimages.d2cmedia.ca/newcarimages/en/cb6ac7bfada5d46/Nissan/Kicks/2027/1200/487916-UyBGV0Q/brown/front45.png'},{url:'https://carimages.d2cmedia.ca/newcarimages/en/cb6ac7bfada5d46/Nissan/Kicks/2027/1280/487916/brown/front_45_degree.png'},{url:'https://carimages.d2cmedia.ca/newcarimages/en/cb6ac7bfada5d46/Nissan/Kicks/2027/2100/487916/brown/front_45_degree.png'},{url:'https://carimages.d2cmedia.ca/newcarimages/en/cb6ac7bfada5d46/Nissan/Kicks/2027/2100/487916/brown/profile.png'},{url:'https://carimages.d2cmedia.ca/newcarimages/en/cb6ac7bfada5d46/Nissan/Kicks/2027/2100/487916/brown/back_45_degree.png'},{url:'https://carimages.d2cmedia.ca/newcarimages/en/cb6ac7bfada5d46/Nissan/Kicks/2027/2100/487916/brown/driver_dashboard.png'},{url:'https://carimages.d2cmedia.ca/newcarimages/en/cb6ac7bfada5d46/Nissan/Kicks/2027/2100/487916/brown/full_dashboard.png'},{url:'https://carimages.d2cmedia.ca/newcarimages/en/cb6ac7bfada5d46/Nissan/Kicks/2027/2100/487916/brown/interior_driver_open_seat.png'},{url:'https://carimages.d2cmedia.ca/newcarimages/en/cb6ac7bfada5d46/Nissan/Kicks/2027/2100/487916/brown/interior_driver_stereo.png'},{url:'https://carimages.d2cmedia.ca/newcarimages/en/cb6ac7bfada5d46/Nissan/Kicks/2027/2100/487916/brown/interior_driver_reat_seats.png'}]",50,KM,https://www.altanissanrh.com/new/inventory/2027-Nissan-Kicks-id14458531.html,2027 Nissan Kicks S Fwd at Alta Nissan Richmond Hill,30891 CAD,New,Bronze,Dark grey,2062,Alta Nissan Richmond Hill,+1-905-780-7771,"{addr1: '11667 Yonge St.', city: 'Richmond Hill', region: 'Ontario', postal_code: 'L4E 3N8', country: 'CA'}",43.9028000000,-79.4448000000,,,,,https://www.altanissanrh.com/privacy-policy.html,New,2062,In stock,,30891 CAD,Free,
3N1AB9CV5TY248509,3N1AB9CV5TY248509,RY261018-new,Nissan,Sentra,Sv Sedan,2026,AUTOMATIC,SEDAN,GASOLINE,FWD,"2026 Nissan Sentra Sv Sedan, White exterior, Front-wheel drive","[{url:'https://imagescdn.d2cmedia.ca/cbbbfafc9a10a4c86036d5b8533bfe842a/2062/13483661/1/Nissan-Sentra-2026.jpg'},{url:'https://imagescdn.d2cmedia.ca/s8bbfafc9a10a4c86036d5b8533bfe842a/2062/13483661/1/Nissan-Sentra-2026.jpg'},{url:'https://imagescdn.d2cmedia.ca/cbbbfafc9a10a4c86036d5b8533bfe842a/2062/13483661/2/Nissan-Sentra-2026.jpg'},{url:'https://imagescdn.d2cmedia.ca/cbbbfafc9a10a4c86036d5b8533bfe842a/2062/13483661/3/Nissan-Sentra-2026.jpg'},{url:'https://imagescdn.d2cmedia.ca/cbbbfafc9a10a4c86036d5b8533bfe842a/2062/13483661/4/Nissan-Sentra-2026.jpg'},{url:'https://imagescdn.d2cmedia.ca/cbbbfafc9a10a4c86036d5b8533bfe842a/2062/13483661/5/Nissan-Sentra-2026.jpg'},{url:'https://imagescdn.d2cmedia.ca/cbbbfafc9a10a4c86036d5b8533bfe842a/2062/13483661/6/Nissan-Sentra-2026.jpg'},{url:'https://imagescdn.d2cmedia.ca/cbbbfafc9a10a4c86036d5b8533bfe842a/2062/13483661/7/Nissan-Sentra-2026.jpg'},{url:'https://imagescdn.d2cmedia.ca/cbbbfafc9a10a4c86036d5b8533bfe842a/2062/13483661/8/Nissan-Sentra-2026.jpg'},{url:'https://imagescdn.d2cmedia.ca/cbbbfafc9a10a4c86036d5b8533bfe842a/2062/13483661/9/Nissan-Sentra-2026.jpg'}]",50,KM,https://www.altanissanrh.com/new/inventory/2026-Nissan-Sentra-id13483661.html,2026 Nissan Sentra Sv Sedan at Alta Nissan Richmond Hill,31011 CAD,New,White,Charcoal,2062,Alta Nissan Richmond Hill,+1-905-780-7771,"{addr1: '11667 Yonge St.', city: 'Richmond Hill', region: 'Ontario', postal_code: 'L4E 3N8', country: 'CA'}",43.9028000000,-79.4448000000,,,,,https://www.altanissanrh.com/privacy-policy.html,New,2062,In stock,,31011 CAD,Free,
3N8AP6CB0TL429103,3N8AP6CB0TL429103,RY26K189-new,Nissan,Kicks,Sv Awd,2026,AUTOMATIC,SUV,GASOLINE,AWD,"2026 Nissan Kicks Sv Awd, Red exterior, All-wheel drive","[{url:'https://imagescdn.d2cmedia.ca/cb530541288c93152400ee36d6167f4a79/2062/14410541/1/Nissan-Kicks-2026.jpg'},{url:'https://imagescdn.d2cmedia.ca/s8530541288c93152400ee36d6167f4a79/2062/14410541/1/Nissan-Kicks-2026.jpg'},{url:'https://imagescdn.d2cmedia.ca/cb530541288c93152400ee36d6167f4a79/2062/14410541/2/Nissan-Kicks-2026.jpg'},{url:'https://imagescdn.d2cmedia.ca/cb530541288c93152400ee36d6167f4a79/2062/14410541/3/Nissan-Kicks-2026.jpg'},{url:'https://imagescdn.d2cmedia.ca/cb530541288c93152400ee36d6167f4a79/2062/14410541/4/Nissan-Kicks-2026.jpg'},{url:'https://imagescdn.d2cmedia.ca/cb530541288c93152400ee36d6167f4a79/2062/14410541/5/Nissan-Kicks-2026.jpg'},{url:'https://imagescdn.d2cmedia.ca/cb530541288c93152400ee36d6167f4a79/2062/14410541/6/Nissan-Kicks-2026.jpg'},{url:'https://imagescdn.d2cmedia.ca/cb530541288c93152400ee36d6167f4a79/2062/14410541/7/Nissan-Kicks-2026.jpg'},{url:'https://imagescdn.d2cmedia.ca/cb530541288c93152400ee36d6167f4a79/2062/14410541/8/Nissan-Kicks-2026.jpg'},{url:'https://imagescdn.d2cmedia.ca/cb530541288c93152400ee36d6167f4a79/2062/14410541/9/Nissan-Kicks-2026.jpg'}]",50,KM,https://www.altanissanrh.com/new/inventory/2026-Nissan-Kicks-id14410541.html,2026 Nissan Kicks Sv Awd at Alta Nissan Richmond Hill,32341 CAD,New,Red,Dark grey,2062,Alta Nissan Richmond Hill,+1-905-780-7771,"{addr1: '11667 Yonge St.', city: 'Richmond Hill', region: 'Ontario', postal_code: 'L4E 3N8', country: 'CA'}",43.9028000000,-79.4448000000,,,,,https://www.altanissanrh.com/privacy-policy.html,New,2062,In stock,,32341 CAD,Free,
3N8AP6CB0TL393719,3N8AP6CB0TL393719,RY26K191-new,Nissan,Kicks,Sv Awd,2026,AUTOMATIC,SUV,GASOLINE,AWD,"2026 Nissan Kicks Sv Awd, Grey exterior, All-wheel drive","[{url:'https://imagescdn.d2cmedia.ca/cb7e79f3df7c18d66b712d59ca0a5d438d/2062/14429731/1/Nissan-Kicks-2026.jpg'},{url:'https://imagescdn.d2cmedia.ca/s87e79f3df7c18d66b712d59ca0a5d438d/2062/14429731/1/Nissan-Kicks-2026.jpg'},{url:'https://imagescdn.d2cmedia.ca/cb7e79f3df7c18d66b712d59ca0a5d438d/2062/14429731/2/Nissan-Kicks-2026.jpg'},{url:'https://imagescdn.d2cmedia.ca/cb7e79f3df7c18d66b712d59ca0a5d438d/2062/14429731/3/Nissan-Kicks-2026.jpg'},{url:'https://imagescdn.d2cmedia.ca/cb7e79f3df7c18d66b712d59ca0a5d438d/2062/14429731/4/Nissan-Kicks-2026.jpg'},{url:'https://imagescdn.d2cmedia.ca/cb7e79f3df7c18d66b712d59ca0a5d438d/2062/14429731/5/Nissan-Kicks-2026.jpg'},{url:'https://imagescdn.d2cmedia.ca/cb7e79f3df7c18d66b712d59ca0a5d438d/2062/14429731/6/Nissan-Kicks-2026.jpg'},{url:'https://imagescdn.d2cmedia.ca/cb7e79f3df7c18d66b712d59ca0a5d438d/2062/14429731/7/Nissan-Kicks-2026.jpg'},{url:'https://imagescdn.d2cmedia.ca/cb7e79f3df7c18d66b712d59ca0a5d438d/2062/14429731/8/Nissan-Kicks-2026.jpg'},{url:'https://imagescdn.d2cmedia.ca/cb7e79f3df7c18d66b712d59ca0a5d438d/2062/14429731/9/Nissan-Kicks-2026.jpg'}]",99,KM,https://www.altanissanrh.com/new/inventory/2026-Nissan-Kicks-id14429731.html,2026 Nissan Kicks Sv Awd at Alta Nissan Richmond Hill,33066 CAD,New,Grey,Dark grey,2062,Alta Nissan Richmond Hill,+1-905-780-7771,"{addr1: '11667 Yonge St.', city: 'Richmond Hill', region: 'Ontario', postal_code: 'L4E 3N8', country: 'CA'}",43.9028000000,-79.4448000000,,,,,https://www.altanissanrh.com/privacy-policy.html,New,2062,In stock,,33066 CAD,Free,
3N8AP6CB4TL418542,3N8AP6CB4TL418542,RY26K156-new,Nissan,Kicks,Sv Awd,2026,AUTOMATIC,SUV,GASOLINE,AWD,"2026 Nissan Kicks Sv Awd, Blue exterior, All-wheel drive","[{url:'https://imagescdn.d2cmedia.ca/cb2ecaa602d27eee83e49f753b00a976ff/2062/13945248/1/Nissan-Kicks-2026.jpg'},{url:'https://imagescdn.d2cmedia.ca/s82ecaa602d27eee83e49f753b00a976ff/2062/13945248/1/Nissan-Kicks-2026.jpg'},{url:'https://imagescdn.d2cmedia.ca/cb2ecaa602d27eee83e49f753b00a976ff/2062/13945248/2/Nissan-Kicks-2026.jpg'},{url:'https://imagescdn.d2cmedia.ca/cb2ecaa602d27eee83e49f753b00a976ff/2062/13945248/3/Nissan-Kicks-2026.jpg'},{url:'https://imagescdn.d2cmedia.ca/cb2ecaa602d27eee83e49f753b00a976ff/2062/13945248/4/Nissan-Kicks-2026.jpg'},{url:'https://imagescdn.d2cmedia.ca/cb2ecaa602d27eee83e49f753b00a976ff/2062/13945248/5/Nissan-Kicks-2026.jpg'},{url:'https://imagescdn.d2cmedia.ca/cb2ecaa602d27eee83e49f753b00a976ff/2062/13945248/6/Nissan-Kicks-2026.jpg'},{url:'https://imagescdn.d2cmedia.ca/cb2ecaa602d27eee83e49f753b00a976ff/2062/13945248/7/Nissan-Kicks-2026.jpg'},{url:'https://imagescdn.d2cmedia.ca/cb2ecaa602d27eee83e49f753b00a976ff/2062/13945248/8/Nissan-Kicks-2026.jpg'},{url:'https://imagescdn.d2cmedia.ca/cb2ecaa602d27eee83e49f753b00a976ff/2062/13945248/9/Nissan-Kicks-2026.jpg'}]",50,KM,https://www.altanissanrh.com/new/inventory/2026-Nissan-Kicks-id13945248.html,2026 Nissan Kicks Sv Awd at Alta Nissan Richmond Hill,33141 CAD,New,Blue,Dark grey,2062,Alta Nissan Richmond Hill,+1-905-780-7771,"{addr1: '11667 Yonge St.', city: 'Richmond Hill', region: 'Ontario', postal_code: 'L4E 3N8', country: 'CA'}",43.9028000000,-79.4448000000,,,,,https://www.altanissanrh.com/privacy-policy.html,New,2062,In stock,,33141 CAD,Free,
3N8AP6CB4TL407976,3N8AP6CB4TL407976,RY26K133-new,Nissan,Kicks,Sv Awd,2026,AUTOMATIC,SUV,GASOLINE,AWD,"2026 Nissan Kicks Sv Awd, Grey exterior, All-wheel drive","[{url:'https://carimages.d2cmedia.ca/newcarimages/en/cb6ac7bfada5d46/Nissan/Kicks/2026/1200/477186-U1YgQVdE/X615F5F/front45.png'},{url:'https://carimages.d2cmedia.ca/newcarimages/en/cb6ac7bfada5d46/Nissan/Kicks/2026/1280/477186/X615f5f/front_45_degree.png'},{url:'https://carimages.d2cmedia.ca/newcarimages/en/cb6ac7bfada5d46/Nissan/Kicks/2026/2100/477186/X615f5f/front_45_degree.png'},{url:'https://carimages.d2cmedia.ca/newcarimages/en/cb6ac7bfada5d46/Nissan/Kicks/2026/2100/477186/X615f5f/profile.png'},{url:'https://carimages.d2cmedia.ca/newcarimages/en/cb6ac7bfada5d46/Nissan/Kicks/2026/2100/477186/X615f5f/back_45_degree.png'},{url:'https://carimages.d2cmedia.ca/newcarimages/en/cb6ac7bfada5d46/Nissan/Kicks/2026/2100/477186/X615f5f/driver_dashboard.png'},{url:'https://carimages.d2cmedia.ca/newcarimages/en/cb6ac7bfada5d46/Nissan/Kicks/2026/2100/477186/X615f5f/full_dashboard.png'},{url:'https://carimages.d2cmedia.ca/newcarimages/en/cb6ac7bfada5d46/Nissan/Kicks/2026/2100/477186/X615f5f/interior_driver_open_seat.png'},{url:'https://carimages.d2cmedia.ca/newcarimages/en/cb6ac7bfada5d46/Nissan/Kicks/2026/2100/477186/X615f5f/interior_driver_stereo.png'},{url:'https://carimages.d2cmedia.ca/newcarimages/en/cb6ac7bfada5d46/Nissan/Kicks/2026/2100/477186/X615f5f/interior_driver_reat_seats.png'}]",50,KM,https://www.altanissanrh.com/new/inventory/2026-Nissan-Kicks-id14493364.html,2026 Nissan Kicks Sv Awd at Alta Nissan Richmond Hill,33321 CAD,New,Grey,Dark grey,2062,Alta Nissan Richmond Hill,+1-905-780-7771,"{addr1: '11667 Yonge St.', city: 'Richmond Hill', region: 'Ontario', postal_code: 'L4E 3N8', country: 'CA'}",43.9028000000,-79.4448000000,,,,,https://www.altanissanrh.com/privacy-policy.html,New,2062,In stock,,33321 CAD,Free,
3N8AP6CB8VL301209,3N8AP6CB8VL301209,RY27K001-new,Nissan,Kicks,Sv Awd,2027,AUTOMATIC,SUV,GASOLINE,AWD,"2027 Nissan Kicks Sv Awd, Black exterior, All-wheel drive","[{url:'https://carimages.d2cmedia.ca/newcarimages/en/cb6ac7bfada5d46/Nissan/Kicks/2027/1200/487919-U1YgQVdE/black/front45.png'},{url:'https://carimages.d2cmedia.ca/newcarimages/en/cb6ac7bfada5d46/Nissan/Kicks/2027/1280/487919/black/front_45_degree.png'},{url:'https://carimages.d2cmedia.ca/newcarimages/en/cb6ac7bfada5d46/Nissan/Kicks/2027/2100/487919/black/front_45_degree.png'},{url:'https://carimages.d2cmedia.ca/newcarimages/en/cb6ac7bfada5d46/Nissan/Kicks/2027/2100/487919/black/profile.png'},{url:'https://carimages.d2cmedia.ca/newcarimages/en/cb6ac7bfada5d46/Nissan/Kicks/2027/2100/487919/black/back_45_degree.png'},{url:'https://carimages.d2cmedia.ca/newcarimages/en/cb6ac7bfada5d46/Nissan/Kicks/2027/2100/487919/black/driver_dashboard.png'},{url:'https://carimages.d2cmedia.ca/newcarimages/en/cb6ac7bfada5d46/Nissan/Kicks/2027/2100/487919/black/full_dashboard.png'},{url:'https://carimages.d2cmedia.ca/newcarimages/en/cb6ac7bfada5d46/Nissan/Kicks/2027/2100/487919/black/interior_driver_open_seat.png'},{url:'https://carimages.d2cmedia.ca/newcarimages/en/cb6ac7bfada5d46/Nissan/Kicks/2027/2100/487919/black/interior_driver_stereo.png'},{url:'https://carimages.d2cmedia.ca/newcarimages/en/cb6ac7bfada5d46/Nissan/Kicks/2027/2100/487919/black/interior_driver_reat_seats.png'}]",50,KM,https://www.altanissanrh.com/new/inventory/2027-Nissan-Kicks-id14324094.html,2027 Nissan Kicks Sv Awd at Alta Nissan Richmond Hill,34941 CAD,New,Black,Dark grey,2062,Alta Nissan Richmond Hill,+1-905-780-7771,"{addr1: '11667 Yonge St.', city: 'Richmond Hill', region: 'Ontario', postal_code: 'L4E 3N8', country: 'CA'}",43.9028000000,-79.4448000000,,,,,https://www.altanissanrh.com/privacy-policy.html,New,2062,In stock,,34941 CAD,Free,
3N8AP6CB1VL300595,3N8AP6CB1VL300595,RY27K007-new,Nissan,Kicks,Sv Awd,2027,AUTOMATIC,SUV,GASOLINE,AWD,"2027 Nissan Kicks Sv Awd, Red exterior, All-wheel drive","[{url:'https://carimages.d2cmedia.ca/newcarimages/en/cb6ac7bfada5d46/Nissan/Kicks/2027/1200/487919-U1YgQVdE/X991C23/front45.png'},{url:'https://carimages.d2cmedia.ca/newcarimages/en/cb6ac7bfada5d46/Nissan/Kicks/2027/1280/487919/X991c23/front_45_degree.png'},{url:'https://carimages.d2cmedia.ca/newcarimages/en/cb6ac7bfada5d46/Nissan/Kicks/2027/2100/487919/X991c23/front_45_degree.png'},{url:'https://carimages.d2cmedia.ca/newcarimages/en/cb6ac7bfada5d46/Nissan/Kicks/2027/2100/487919/X991c23/profile.png'},{url:'https://carimages.d2cmedia.ca/newcarimages/en/cb6ac7bfada5d46/Nissan/Kicks/2027/2100/487919/X991c23/back_45_degree.png'},{url:'https://carimages.d2cmedia.ca/newcarimages/en/cb6ac7bfada5d46/Nissan/Kicks/2027/2100/487919/X991c23/driver_dashboard.png'},{url:'https://carimages.d2cmedia.ca/newcarimages/en/cb6ac7bfada5d46/Nissan/Kicks/2027/2100/487919/X991c23/full_dashboard.png'},{url:'https://carimages.d2cmedia.ca/newcarimages/en/cb6ac7bfada5d46/Nissan/Kicks/2027/2100/487919/X991c23/interior_driver_open_seat.png'},{url:'https://carimages.d2cmedia.ca/newcarimages/en/cb6ac7bfada5d46/Nissan/Kicks/2027/2100/487919/X991c23/interior_driver_stereo.png'},{url:'https://carimages.d2cmedia.ca/newcarimages/en/cb6ac7bfada5d46/Nissan/Kicks/2027/2100/487919/X991c23/interior_driver_reat_seats.png'}]",50,KM,https://www.altanissanrh.com/new/inventory/2027-Nissan-Kicks-id14416464.html,2027 Nissan Kicks Sv Awd at Alta Nissan Richmond Hill,34941 CAD,New,Red,Dark grey,2062,Alta Nissan Richmond Hill,+1-905-780-7771,"{addr1: '11667 Yonge St.', city: 'Richmond Hill', region: 'Ontario', postal_code: 'L4E 3N8', country: 'CA'}",43.9028000000,-79.4448000000,,,,,https://www.altanissanrh.com/privacy-policy.html,New,2062,In stock,,34941 CAD,Free,
3N8AP6CB3VL302252,3N8AP6CB3VL302252,RY27K012-new,Nissan,Kicks,Sv Awd,2027,AUTOMATIC,SUV,GASOLINE,AWD,"2027 Nissan Kicks Sv Awd, Blue exterior, All-wheel drive","[{url:'https://carimages.d2cmedia.ca/newcarimages/en/cb6ac7bfada5d46/Nissan/Kicks/2027/1200/487919-U1YgQVdE/X141F3D/front45.png'},{url:'https://carimages.d2cmedia.ca/newcarimages/en/cb6ac7bfada5d46/Nissan/Kicks/2027/1280/487919/X141f3d/front_45_degree.png'},{url:'https://carimages.d2cmedia.ca/newcarimages/en/cb6ac7bfada5d46/Nissan/Kicks/2027/2100/487919/X141f3d/front_45_degree.png'},{url:'https://carimages.d2cmedia.ca/newcarimages/en/cb6ac7bfada5d46/Nissan/Kicks/2027/2100/487919/X141f3d/profile.png'},{url:'https://carimages.d2cmedia.ca/newcarimages/en/cb6ac7bfada5d46/Nissan/Kicks/2027/2100/487919/X141f3d/back_45_degree.png'},{url:'https://carimages.d2cmedia.ca/newcarimages/en/cb6ac7bfada5d46/Nissan/Kicks/2027/2100/487919/X141f3d/driver_dashboard.png'},{url:'https://carimages.d2cmedia.ca/newcarimages/en/cb6ac7bfada5d46/Nissan/Kicks/2027/2100/487919/X141f3d/full_dashboard.png'},{url:'https://carimages.d2cmedia.ca/newcarimages/en/cb6ac7bfada5d46/Nissan/Kicks/2027/2100/487919/X141f3d/interior_driver_open_seat.png'},{url:'https://carimages.d2cmedia.ca/newcarimages/en/cb6ac7bfada5d46/Nissan/Kicks/2027/2100/487919/X141f3d/interior_driver_stereo.png'},{url:'https://carimages.d2cmedia.ca/newcarimages/en/cb6ac7bfada5d46/Nissan/Kicks/2027/2100/487919/X141f3d/interior_driver_reat_seats.png'}]",50,KM,https://www.altanissanrh.com/new/inventory/2027-Nissan-Kicks-id14445581.html,2027 Nissan Kicks Sv Awd at Alta Nissan Richmond Hill,34941 CAD,New,Blue,Dark grey,2062,Alta Nissan Richmond Hill,+1-905-780-7771,"{addr1: '11667 Yonge St.', city: 'Richmond Hill', region: 'Ontario', postal_code: 'L4E 3N8', country: 'CA'}",43.9028000000,-79.4448000000,,,,,https://www.altanissanrh.com/privacy-policy.html,New,2062,In stock,,34941 CAD,Free,
3N8AP6CB3VL302350,3N8AP6CB3VL302350,RY27K015-new,Nissan,Kicks,Sv Awd,2027,AUTOMATIC,SUV,GASOLINE,AWD,"2027 Nissan Kicks Sv Awd, Grey exterior, All-wheel drive","[{url:'https://carimages.d2cmedia.ca/newcarimages/en/cb6ac7bfada5d46/Nissan/Kicks/2027/1200/487919-U1YgQVdE/gray/front45.png'},{url:'https://carimages.d2cmedia.ca/newcarimages/en/cb6ac7bfada5d46/Nissan/Kicks/2027/1280/487919/gray/front_45_degree.png'},{url:'https://carimages.d2cmedia.ca/newcarimages/en/cb6ac7bfada5d46/Nissan/Kicks/2027/2100/487919/gray/front_45_degree.png'},{url:'https://carimages.d2cmedia.ca/newcarimages/en/cb6ac7bfada5d46/Nissan/Kicks/2027/2100/487919/gray/profile.png'},{url:'https://carimages.d2cmedia.ca/newcarimages/en/cb6ac7bfada5d46/Nissan/Kicks/2027/2100/487919/gray/back_45_degree.png'},{url:'https://carimages.d2cmedia.ca/newcarimages/en/cb6ac7bfada5d46/Nissan/Kicks/2027/2100/487919/gray/driver_dashboard.png'},{url:'https://carimages.d2cmedia.ca/newcarimages/en/cb6ac7bfada5d46/Nissan/Kicks/2027/2100/487919/gray/full_dashboard.png'},{url:'https://carimages.d2cmedia.ca/newcarimages/en/cb6ac7bfada5d46/Nissan/Kicks/2027/2100/487919/gray/interior_driver_open_seat.png'},{url:'https://carimages.d2cmedia.ca/newcarimages/en/cb6ac7bfada5d46/Nissan/Kicks/2027/2100/487919/gray/interior_driver_stereo.png'},{url:'https://carimages.d2cmedia.ca/newcarimages/en/cb6ac7bfada5d46/Nissan/Kicks/2027/2100/487919/gray/interior_driver_reat_seats.png'}]",50,KM,https://www.altanissanrh.com/new/inventory/2027-Nissan-Kicks-id14487636.html,2027 Nissan Kicks Sv Awd at Alta Nissan Richmond Hill,34941 CAD,New,Grey,Dark grey,2062,Alta Nissan Richmond Hill,+1-905-780-7771,"{addr1: '11667 Yonge St.', city: 'Richmond Hill', region: 'Ontario', postal_code: 'L4E 3N8', country: 'CA'}",43.9028000000,-79.4448000000,,,,,https://www.altanissanrh.com/privacy-policy.html,New,2062,In stock,,34941 CAD,Free,
3N8AP6CB8VL303283,3N8AP6CB8VL303283,RY27K010-new,Nissan,Kicks,Sv Awd,2027,AUTOMATIC,SUV,GASOLINE,AWD,"2027 Nissan Kicks Sv Awd, Blue exterior, All-wheel drive","[{url:'https://carimages.d2cmedia.ca/newcarimages/en/cb6ac7bfada5d46/Nissan/Kicks/2027/1200/487919-U1YgQVdE/X1B2547/front45.png'},{url:'https://carimages.d2cmedia.ca/newcarimages/en/cb6ac7bfada5d46/Nissan/Kicks/2027/1280/487919/X1b2547/front_45_degree.png'},{url:'https://carimages.d2cmedia.ca/newcarimages/en/cb6ac7bfada5d46/Nissan/Kicks/2027/2100/487919/X1b2547/front_45_degree.png'},{url:'https://carimages.d2cmedia.ca/newcarimages/en/cb6ac7bfada5d46/Nissan/Kicks/2027/2100/487919/X1b2547/profile.png'},{url:'https://carimages.d2cmedia.ca/newcarimages/en/cb6ac7bfada5d46/Nissan/Kicks/2027/2100/487919/X1b2547/back_45_degree.png'},{url:'https://carimages.d2cmedia.ca/newcarimages/en/cb6ac7bfada5d46/Nissan/Kicks/2027/2100/487919/X1b2547/driver_dashboard.png'},{url:'https://carimages.d2cmedia.ca/newcarimages/en/cb6ac7bfada5d46/Nissan/Kicks/2027/2100/487919/X1b2547/full_dashboard.png'},{url:'https://carimages.d2cmedia.ca/newcarimages/en/cb6ac7bfada5d46/Nissan/Kicks/2027/2100/487919/X1b2547/interior_driver_open_seat.png'},{url:'https://carimages.d2cmedia.ca/newcarimages/en/cb6ac7bfada5d46/Nissan/Kicks/2027/2100/487919/X1b2547/interior_driver_stereo.png'},{url:'https://carimages.d2cmedia.ca/newcarimages/en/cb6ac7bfada5d46/Nissan/Kicks/2027/2100/487919/X1b2547/interior_driver_reat_seats.png'}]",50,KM,https://www.altanissanrh.com/new/inventory/2027-Nissan-Kicks-id14445579.html,2027 Nissan Kicks Sv Awd at Alta Nissan Richmond Hill,35486 CAD,New,Blue,Dark grey,2062,Alta Nissan Richmond Hill,+1-905-780-7771,"{addr1: '11667 Yonge St.', city: 'Richmond Hill', region: 'Ontario', postal_code: 'L4E 3N8', country: 'CA'}",43.9028000000,-79.4448000000,,,,,https://www.altanissanrh.com/privacy-policy.html,New,2062,In stock,,35486 CAD,Free,
3N8AP6CB4VL303278,3N8AP6CB4VL303278,RY27K011-new,Nissan,Kicks,Sv Awd,2027,AUTOMATIC,SUV,GASOLINE,AWD,"2027 Nissan Kicks Sv Awd, White exterior, All-wheel drive","[{url:'https://carimages.d2cmedia.ca/newcarimages/en/cb6ac7bfada5d46/Nissan/Kicks/2027/1200/487919-U1YgQVdE/XE8E9E6/front45.png'},{url:'https://carimages.d2cmedia.ca/newcarimages/en/cb6ac7bfada5d46/Nissan/Kicks/2027/1280/487919/Xe8e9e6/front_45_degree.png'},{url:'https://carimages.d2cmedia.ca/newcarimages/en/cb6ac7bfada5d46/Nissan/Kicks/2027/2100/487919/Xe8e9e6/front_45_degree.png'},{url:'https://carimages.d2cmedia.ca/newcarimages/en/cb6ac7bfada5d46/Nissan/Kicks/2027/2100/487919/Xe8e9e6/profile.png'},{url:'https://carimages.d2cmedia.ca/newcarimages/en/cb6ac7bfada5d46/Nissan/Kicks/2027/2100/487919/Xe8e9e6/back_45_degree.png'},{url:'https://carimages.d2cmedia.ca/newcarimages/en/cb6ac7bfada5d46/Nissan/Kicks/2027/2100/487919/Xe8e9e6/driver_dashboard.png'},{url:'https://carimages.d2cmedia.ca/newcarimages/en/cb6ac7bfada5d46/Nissan/Kicks/2027/2100/487919/Xe8e9e6/full_dashboard.png'},{url:'https://carimages.d2cmedia.ca/newcarimages/en/cb6ac7bfada5d46/Nissan/Kicks/2027/2100/487919/Xe8e9e6/interior_driver_open_seat.png'},{url:'https://carimages.d2cmedia.ca/newcarimages/en/cb6ac7bfada5d46/Nissan/Kicks/2027/2100/487919/Xe8e9e6/interior_driver_stereo.png'},{url:'https://carimages.d2cmedia.ca/newcarimages/en/cb6ac7bfada5d46/Nissan/Kicks/2027/2100/487919/Xe8e9e6/interior_driver_reat_seats.png'}]",50,KM,https://www.altanissanrh.com/new/inventory/2027-Nissan-Kicks-id14445580.html,2027 Nissan Kicks Sv Awd at Alta Nissan Richmond Hill,35486 CAD,New,White,Dark grey,2062,Alta Nissan Richmond Hill,+1-905-780-7771,"{addr1: '11667 Yonge St.', city: 'Richmond Hill', region: 'Ontario', postal_code: 'L4E 3N8', country: 'CA'}",43.9028000000,-79.4448000000,,,,,https://www.altanissanrh.com/privacy-policy.html,New,2062,In stock,,35486 CAD,Free,
3N8AP6DD8TL432251,3N8AP6DD8TL432251,RY26K181-new,Nissan,Kicks,Sr Awd,2026,AUTOMATIC,SUV,GASOLINE,AWD,"2026 Nissan Kicks Sr Awd, Red exterior, All-wheel drive","[{url:'https://imagescdn.d2cmedia.ca/cb05533a1cf7b46eb365bcd8caed0f7188/2062/14156140/1/Nissan-Kicks-2026.jpg'},{url:'https://imagescdn.d2cmedia.ca/s805533a1cf7b46eb365bcd8caed0f7188/2062/14156140/1/Nissan-Kicks-2026.jpg'},{url:'https://imagescdn.d2cmedia.ca/cb05533a1cf7b46eb365bcd8caed0f7188/2062/14156140/2/Nissan-Kicks-2026.jpg'},{url:'https://imagescdn.d2cmedia.ca/cb05533a1cf7b46eb365bcd8caed0f7188/2062/14156140/3/Nissan-Kicks-2026.jpg'},{url:'https://imagescdn.d2cmedia.ca/cb05533a1cf7b46eb365bcd8caed0f7188/2062/14156140/4/Nissan-Kicks-2026.jpg'},{url:'https://imagescdn.d2cmedia.ca/cb05533a1cf7b46eb365bcd8caed0f7188/2062/14156140/5/Nissan-Kicks-2026.jpg'},{url:'https://imagescdn.d2cmedia.ca/cb05533a1cf7b46eb365bcd8caed0f7188/2062/14156140/6/Nissan-Kicks-2026.jpg'},{url:'https://imagescdn.d2cmedia.ca/cb05533a1cf7b46eb365bcd8caed0f7188/2062/14156140/7/Nissan-Kicks-2026.jpg'},{url:'https://imagescdn.d2cmedia.ca/cb05533a1cf7b46eb365bcd8caed0f7188/2062/14156140/8/Nissan-Kicks-2026.jpg'},{url:'https://imagescdn.d2cmedia.ca/cb05533a1cf7b46eb365bcd8caed0f7188/2062/14156140/9/Nissan-Kicks-2026.jpg'}]",50,KM,https://www.altanissanrh.com/new/inventory/2026-Nissan-Kicks-id14156140.html,2026 Nissan Kicks Sr Awd at Alta Nissan Richmond Hill,35491 CAD,New,Red,"Sport Interior, Sport Leatherette Seat Trim",2062,Alta Nissan Richmond Hill,+1-905-780-7771,"{addr1: '11667 Yonge St.', city: 'Richmond Hill', region: 'Ontario', postal_code: 'L4E 3N8', country: 'CA'}",43.9028000000,-79.4448000000,,,,,https://www.altanissanrh.com/privacy-policy.html,New,2062,In stock,,35491 CAD,Free,
3N8AP6CB5VL301507,3N8AP6CB5VL301507,RY27K014-new,Nissan,Kicks,Sv Premium Awd,2027,AUTOMATIC,SUV,GASOLINE,AWD,"2027 Nissan Kicks Sv Premium Awd, Black exterior, All-wheel drive","[{url:'https://carimages.d2cmedia.ca/newcarimages/en/cb6ac7bfada5d46/Nissan/Kicks/2027/1200/487921-U1YgUHJlbWl1bSBBV0Q/black/front45.png'},{url:'https://carimages.d2cmedia.ca/newcarimages/en/cb6ac7bfada5d46/Nissan/Kicks/2027/1280/487921/black/front_45_degree.png'},{url:'https://carimages.d2cmedia.ca/newcarimages/en/cb6ac7bfada5d46/Nissan/Kicks/2027/2100/487921/black/front_45_degree.png'},{url:'https://carimages.d2cmedia.ca/newcarimages/en/cb6ac7bfada5d46/Nissan/Kicks/2027/2100/487921/black/profile.png'},{url:'https://carimages.d2cmedia.ca/newcarimages/en/cb6ac7bfada5d46/Nissan/Kicks/2027/2100/487921/black/back_45_degree.png'},{url:'https://carimages.d2cmedia.ca/newcarimages/en/cb6ac7bfada5d46/Nissan/Kicks/2027/2100/487921/black/driver_dashboard.png'},{url:'https://carimages.d2cmedia.ca/newcarimages/en/cb6ac7bfada5d46/Nissan/Kicks/2027/2100/487921/black/full_dashboard.png'},{url:'https://carimages.d2cmedia.ca/newcarimages/en/cb6ac7bfada5d46/Nissan/Kicks/2027/2100/487921/black/interior_driver_open_seat.png'},{url:'https://carimages.d2cmedia.ca/newcarimages/en/cb6ac7bfada5d46/Nissan/Kicks/2027/2100/487921/black/interior_driver_stereo.png'},{url:'https://carimages.d2cmedia.ca/newcarimages/en/cb6ac7bfada5d46/Nissan/Kicks/2027/2100/487921/black/interior_driver_reat_seats.png'}]",50,KM,https://www.altanissanrh.com/new/inventory/2027-Nissan-Kicks-id14482737.html,2027 Nissan Kicks Sv Premium Awd at Alta Nissan Richmond Hill,35491 CAD,New,Black,Dark grey,2062,Alta Nissan Richmond Hill,+1-905-780-7771,"{addr1: '11667 Yonge St.', city: 'Richmond Hill', region: 'Ontario', postal_code: 'L4E 3N8', country: 'CA'}",43.9028000000,-79.4448000000,,,,,https://www.altanissanrh.com/privacy-policy.html,New,2062,In stock,,35491 CAD,Free,
3N8AP6DD2TL432973,3N8AP6DD2TL432973,RY26K171-new,Nissan,Kicks,Sr Awd,2026,AUTOMATIC,SUV,GASOLINE,AWD,"2026 Nissan Kicks Sr Awd, Grey exterior, All-wheel drive","[{url:'https://imagescdn.d2cmedia.ca/cbf68261ac4744fa5c27e4beb47a773cd7/2062/14016352/1/Nissan-Kicks-2026.jpg'},{url:'https://imagescdn.d2cmedia.ca/s8f68261ac4744fa5c27e4beb47a773cd7/2062/14016352/1/Nissan-Kicks-2026.jpg'},{url:'https://imagescdn.d2cmedia.ca/cbf68261ac4744fa5c27e4beb47a773cd7/2062/14016352/2/Nissan-Kicks-2026.jpg'},{url:'https://imagescdn.d2cmedia.ca/cbf68261ac4744fa5c27e4beb47a773cd7/2062/14016352/3/Nissan-Kicks-2026.jpg'},{url:'https://imagescdn.d2cmedia.ca/cbf68261ac4744fa5c27e4beb47a773cd7/2062/14016352/4/Nissan-Kicks-2026.jpg'},{url:'https://imagescdn.d2cmedia.ca/cbf68261ac4744fa5c27e4beb47a773cd7/2062/14016352/5/Nissan-Kicks-2026.jpg'},{url:'https://imagescdn.d2cmedia.ca/cbf68261ac4744fa5c27e4beb47a773cd7/2062/14016352/6/Nissan-Kicks-2026.jpg'},{url:'https://imagescdn.d2cmedia.ca/cbf68261ac4744fa5c27e4beb47a773cd7/2062/14016352/7/Nissan-Kicks-2026.jpg'},{url:'https://imagescdn.d2cmedia.ca/cbf68261ac4744fa5c27e4beb47a773cd7/2062/14016352/8/Nissan-Kicks-2026.jpg'},{url:'https://imagescdn.d2cmedia.ca/cbf68261ac4744fa5c27e4beb47a773cd7/2062/14016352/9/Nissan-Kicks-2026.jpg'}]",50,KM,https://www.altanissanrh.com/new/inventory/2026-Nissan-Kicks-id14016352.html,2026 Nissan Kicks Sr Awd at Alta Nissan Richmond Hill,35671 CAD,New,Grey,"Sport Interior, Sport Leatherette Seat Trim",2062,Alta Nissan Richmond Hill,+1-905-780-7771,"{addr1: '11667 Yonge St.', city: 'Richmond Hill', region: 'Ontario', postal_code: 'L4E 3N8', country: 'CA'}",43.9028000000,-79.4448000000,,,,,https://www.altanissanrh.com/privacy-policy.html,New,2062,In stock,,35671 CAD,Free,
3N8AP6DD1TL431863,3N8AP6DD1TL431863,RY26K177-new,Nissan,Kicks,Sr Awd,2026,AUTOMATIC,SUV,GASOLINE,AWD,"2026 Nissan Kicks Sr Awd, Bronze exterior, All-wheel drive","[{url:'https://imagescdn.d2cmedia.ca/cb39106de1d7f70fbfa136da4a5498a228/2062/14037817/1/Nissan-Kicks-2026.jpg'},{url:'https://imagescdn.d2cmedia.ca/s839106de1d7f70fbfa136da4a5498a228/2062/14037817/1/Nissan-Kicks-2026.jpg'},{url:'https://imagescdn.d2cmedia.ca/cb39106de1d7f70fbfa136da4a5498a228/2062/14037817/2/Nissan-Kicks-2026.jpg'},{url:'https://imagescdn.d2cmedia.ca/cb39106de1d7f70fbfa136da4a5498a228/2062/14037817/3/Nissan-Kicks-2026.jpg'},{url:'https://imagescdn.d2cmedia.ca/cb39106de1d7f70fbfa136da4a5498a228/2062/14037817/4/Nissan-Kicks-2026.jpg'},{url:'https://imagescdn.d2cmedia.ca/cb39106de1d7f70fbfa136da4a5498a228/2062/14037817/5/Nissan-Kicks-2026.jpg'},{url:'https://imagescdn.d2cmedia.ca/cb39106de1d7f70fbfa136da4a5498a228/2062/14037817/6/Nissan-Kicks-2026.jpg'},{url:'https://imagescdn.d2cmedia.ca/cb39106de1d7f70fbfa136da4a5498a228/2062/14037817/7/Nissan-Kicks-2026.jpg'},{url:'https://imagescdn.d2cmedia.ca/cb39106de1d7f70fbfa136da4a5498a228/2062/14037817/8/Nissan-Kicks-2026.jpg'},{url:'https://imagescdn.d2cmedia.ca/cb39106de1d7f70fbfa136da4a5498a228/2062/14037817/9/Nissan-Kicks-2026.jpg'}]",50,KM,https://www.altanissanrh.com/new/inventory/2026-Nissan-Kicks-id14037817.html,2026 Nissan Kicks Sr Awd at Alta Nissan Richmond Hill,35671 CAD,New,Bronze,"Sport Interior, Sport Leatherette Seat Trim",2062,Alta Nissan Richmond Hill,+1-905-780-7771,"{addr1: '11667 Yonge St.', city: 'Richmond Hill', region: 'Ontario', postal_code: 'L4E 3N8', country: 'CA'}",43.9028000000,-79.4448000000,,,,,https://www.altanissanrh.com/privacy-policy.html,New,2062,In stock,,35671 CAD,Free,
3N8AP6DD9TL430413,3N8AP6DD9TL430413,RY26K179-new,Nissan,Kicks,Sr Awd,2026,AUTOMATIC,SUV,GASOLINE,AWD,"2026 Nissan Kicks Sr Awd, Grey exterior, All-wheel drive","[{url:'https://imagescdn.d2cmedia.ca/cb12c34644263ec0dc5a8fc72f30298968/2062/14156138/1/Nissan-Kicks-2026.jpg'},{url:'https://imagescdn.d2cmedia.ca/s812c34644263ec0dc5a8fc72f30298968/2062/14156138/1/Nissan-Kicks-2026.jpg'},{url:'https://imagescdn.d2cmedia.ca/cb12c34644263ec0dc5a8fc72f30298968/2062/14156138/2/Nissan-Kicks-2026.jpg'},{url:'https://imagescdn.d2cmedia.ca/cb12c34644263ec0dc5a8fc72f30298968/2062/14156138/3/Nissan-Kicks-2026.jpg'},{url:'https://imagescdn.d2cmedia.ca/cb12c34644263ec0dc5a8fc72f30298968/2062/14156138/4/Nissan-Kicks-2026.jpg'},{url:'https://imagescdn.d2cmedia.ca/cb12c34644263ec0dc5a8fc72f30298968/2062/14156138/5/Nissan-Kicks-2026.jpg'},{url:'https://imagescdn.d2cmedia.ca/cb12c34644263ec0dc5a8fc72f30298968/2062/14156138/6/Nissan-Kicks-2026.jpg'},{url:'https://imagescdn.d2cmedia.ca/cb12c34644263ec0dc5a8fc72f30298968/2062/14156138/7/Nissan-Kicks-2026.jpg'},{url:'https://imagescdn.d2cmedia.ca/cb12c34644263ec0dc5a8fc72f30298968/2062/14156138/8/Nissan-Kicks-2026.jpg'},{url:'https://imagescdn.d2cmedia.ca/cb12c34644263ec0dc5a8fc72f30298968/2062/14156138/9/Nissan-Kicks-2026.jpg'}]",50,KM,https://www.altanissanrh.com/new/inventory/2026-Nissan-Kicks-id14156138.html,2026 Nissan Kicks Sr Awd at Alta Nissan Richmond Hill,36036 CAD,New,Grey,"Sport Interior, Sport Leatherette Seat Trim",2062,Alta Nissan Richmond Hill,+1-905-780-7771,"{addr1: '11667 Yonge St.', city: 'Richmond Hill', region: 'Ontario', postal_code: 'L4E 3N8', country: 'CA'}",43.9028000000,-79.4448000000,,,,,https://www.altanissanrh.com/privacy-policy.html,New,2062,In stock,,36036 CAD,Free,
3N8AP6CB8VL309746,3N8AP6CB8VL309746,RY27K003-new,Nissan,Kicks,Sv Premium Awd,2027,AUTOMATIC,SUV,GASOLINE,AWD,"2027 Nissan Kicks Sv Premium Awd, Yellow exterior, All-wheel drive","[{url:'https://carimages.d2cmedia.ca/newcarimages/en/cb6ac7bfada5d46/Nissan/Kicks/2027/1200/487921-U1YgUHJlbWl1bSBBV0Q/yellow/front45.png'},{url:'https://carimages.d2cmedia.ca/newcarimages/en/cb6ac7bfada5d46/Nissan/Kicks/2027/1280/487921/yellow/front_45_degree.png'},{url:'https://carimages.d2cmedia.ca/newcarimages/en/cb6ac7bfada5d46/Nissan/Kicks/2027/2100/487921/yellow/front_45_degree.png'},{url:'https://carimages.d2cmedia.ca/newcarimages/en/cb6ac7bfada5d46/Nissan/Kicks/2027/2100/487921/yellow/profile.png'},{url:'https://carimages.d2cmedia.ca/newcarimages/en/cb6ac7bfada5d46/Nissan/Kicks/2027/2100/487921/yellow/back_45_degree.png'},{url:'https://carimages.d2cmedia.ca/newcarimages/en/cb6ac7bfada5d46/Nissan/Kicks/2027/2100/487921/yellow/driver_dashboard.png'},{url:'https://carimages.d2cmedia.ca/newcarimages/en/cb6ac7bfada5d46/Nissan/Kicks/2027/2100/487921/yellow/full_dashboard.png'},{url:'https://carimages.d2cmedia.ca/newcarimages/en/cb6ac7bfada5d46/Nissan/Kicks/2027/2100/487921/yellow/interior_driver_open_seat.png'},{url:'https://carimages.d2cmedia.ca/newcarimages/en/cb6ac7bfada5d46/Nissan/Kicks/2027/2100/487921/yellow/interior_driver_stereo.png'},{url:'https://carimages.d2cmedia.ca/newcarimages/en/cb6ac7bfada5d46/Nissan/Kicks/2027/2100/487921/yellow/interior_driver_reat_seats.png'}]",50,KM,https://www.altanissanrh.com/new/inventory/2027-Nissan-Kicks-id14356963.html,2027 Nissan Kicks Sv Premium Awd at Alta Nissan Richmond Hill,36466 CAD,New,Yellow,Dark grey,2062,Alta Nissan Richmond Hill,+1-905-780-7771,"{addr1: '11667 Yonge St.', city: 'Richmond Hill', region: 'Ontario', postal_code: 'L4E 3N8', country: 'CA'}",43.9028000000,-79.4448000000,,,,,https://www.altanissanrh.com/privacy-policy.html,New,2062,In stock,,36466 CAD,Free,
JN8BT3BB8TW388018,JN8BT3BB8TW388018,RY26R291-new,Nissan,Rogue,Awd Sv Moonroof,2026,AUTOMATIC,SUV,GASOLINE,AWD,"2026 Nissan Rogue Awd Sv Moonroof, Black exterior, All-wheel drive","[{url:'https://imagescdn.d2cmedia.ca/cb19fe32f6f1fca474e6e939f98dfff525/2062/14289752/1/Nissan-Rogue-2026.jpg'},{url:'https://imagescdn.d2cmedia.ca/s819fe32f6f1fca474e6e939f98dfff525/2062/14289752/1/Nissan-Rogue-2026.jpg'},{url:'https://imagescdn.d2cmedia.ca/cb19fe32f6f1fca474e6e939f98dfff525/2062/14289752/2/Nissan-Rogue-2026.jpg'},{url:'https://imagescdn.d2cmedia.ca/cb19fe32f6f1fca474e6e939f98dfff525/2062/14289752/3/Nissan-Rogue-2026.jpg'},{url:'https://imagescdn.d2cmedia.ca/cb19fe32f6f1fca474e6e939f98dfff525/2062/14289752/4/Nissan-Rogue-2026.jpg'},{url:'https://imagescdn.d2cmedia.ca/cb19fe32f6f1fca474e6e939f98dfff525/2062/14289752/5/Nissan-Rogue-2026.jpg'},{url:'https://imagescdn.d2cmedia.ca/cb19fe32f6f1fca474e6e939f98dfff525/2062/14289752/6/Nissan-Rogue-2026.jpg'},{url:'https://imagescdn.d2cmedia.ca/cb19fe32f6f1fca474e6e939f98dfff525/2062/14289752/7/Nissan-Rogue-2026.jpg'},{url:'https://imagescdn.d2cmedia.ca/cb19fe32f6f1fca474e6e939f98dfff525/2062/14289752/8/Nissan-Rogue-2026.jpg'},{url:'https://imagescdn.d2cmedia.ca/cb19fe32f6f1fca474e6e939f98dfff525/2062/14289752/9/Nissan-Rogue-2026.jpg'}]",50,KM,https://www.altanissanrh.com/new/inventory/2026-Nissan-Rogue-id14289752.html,2026 Nissan Rogue Awd Sv Moonroof at Alta Nissan Richmond Hill,36571 CAD,New,Black,Dark grey,2062,Alta Nissan Richmond Hill,+1-905-780-7771,"{addr1: '11667 Yonge St.', city: 'Richmond Hill', region: 'Ontario', postal_code: 'L4E 3N8', country: 'CA'}",43.9028000000,-79.4448000000,,,,,https://www.altanissanrh.com/privacy-policy.html,New,2062,In stock,,36571 CAD,Free,
JN8BT3BB4TW101449,JN8BT3BB4TW101449,RY26R316-new,Nissan,Rogue,Awd Sv Moonroof,2026,AUTOMATIC,SUV,GASOLINE,AWD,"2026 Nissan Rogue Awd Sv Moonroof, Black exterior, All-wheel drive","[{url:'https://imagescdn.d2cmedia.ca/cb14901dbd662bd37675e6c4315315b4bb/2062/14344176/1/Nissan-Rogue-2026.jpg'},{url:'https://imagescdn.d2cmedia.ca/s814901dbd662bd37675e6c4315315b4bb/2062/14344176/1/Nissan-Rogue-2026.jpg'},{url:'https://imagescdn.d2cmedia.ca/cb14901dbd662bd37675e6c4315315b4bb/2062/14344176/2/Nissan-Rogue-2026.jpg'},{url:'https://imagescdn.d2cmedia.ca/cb14901dbd662bd37675e6c4315315b4bb/2062/14344176/3/Nissan-Rogue-2026.jpg'},{url:'https://imagescdn.d2cmedia.ca/cb14901dbd662bd37675e6c4315315b4bb/2062/14344176/4/Nissan-Rogue-2026.jpg'},{url:'https://imagescdn.d2cmedia.ca/cb14901dbd662bd37675e6c4315315b4bb/2062/14344176/5/Nissan-Rogue-2026.jpg'},{url:'https://imagescdn.d2cmedia.ca/cb14901dbd662bd37675e6c4315315b4bb/2062/14344176/6/Nissan-Rogue-2026.jpg'},{url:'https://imagescdn.d2cmedia.ca/cb14901dbd662bd37675e6c4315315b4bb/2062/14344176/7/Nissan-Rogue-2026.jpg'},{url:'https://imagescdn.d2cmedia.ca/cb14901dbd662bd37675e6c4315315b4bb/2062/14344176/8/Nissan-Rogue-2026.jpg'},{url:'https://imagescdn.d2cmedia.ca/cb14901dbd662bd37675e6c4315315b4bb/2062/14344176/9/Nissan-Rogue-2026.jpg'}]",50,KM,https://www.altanissanrh.com/new/inventory/2026-Nissan-Rogue-id14344176.html,2026 Nissan Rogue Awd Sv Moonroof at Alta Nissan Richmond Hill,36571 CAD,New,Black,Dark grey,2062,Alta Nissan Richmond Hill,+1-905-780-7771,"{addr1: '11667 Yonge St.', city: 'Richmond Hill', region: 'Ontario', postal_code: 'L4E 3N8', country: 'CA'}",43.9028000000,-79.4448000000,,,,,https://www.altanissanrh.com/privacy-policy.html,New,2062,In stock,,36571 CAD,Free,
JN8BT3BBXTW101617,JN8BT3BBXTW101617,RY26R338-new,Nissan,Rogue,Awd Sv Moonroof,2026,AUTOMATIC,SUV,GASOLINE,AWD,"2026 Nissan Rogue Awd Sv Moonroof, Black exterior, All-wheel drive","[{url:'https://imagescdn.d2cmedia.ca/cbbee506d8519eeb9267295eda16149743/2062/14445573/1/Nissan-Rogue-2026.jpg'},{url:'https://imagescdn.d2cmedia.ca/s8bee506d8519eeb9267295eda16149743/2062/14445573/1/Nissan-Rogue-2026.jpg'},{url:'https://imagescdn.d2cmedia.ca/cbbee506d8519eeb9267295eda16149743/2062/14445573/2/Nissan-Rogue-2026.jpg'},{url:'https://imagescdn.d2cmedia.ca/cbbee506d8519eeb9267295eda16149743/2062/14445573/3/Nissan-Rogue-2026.jpg'},{url:'https://imagescdn.d2cmedia.ca/cbbee506d8519eeb9267295eda16149743/2062/14445573/4/Nissan-Rogue-2026.jpg'},{url:'https://imagescdn.d2cmedia.ca/cbbee506d8519eeb9267295eda16149743/2062/14445573/5/Nissan-Rogue-2026.jpg'},{url:'https://imagescdn.d2cmedia.ca/cbbee506d8519eeb9267295eda16149743/2062/14445573/6/Nissan-Rogue-2026.jpg'},{url:'https://imagescdn.d2cmedia.ca/cbbee506d8519eeb9267295eda16149743/2062/14445573/7/Nissan-Rogue-2026.jpg'},{url:'https://imagescdn.d2cmedia.ca/cbbee506d8519eeb9267295eda16149743/2062/14445573/8/Nissan-Rogue-2026.jpg'},{url:'https://imagescdn.d2cmedia.ca/cbbee506d8519eeb9267295eda16149743/2062/14445573/9/Nissan-Rogue-2026.jpg'}]",50,KM,https://www.altanissanrh.com/new/inventory/2026-Nissan-Rogue-id14445573.html,2026 Nissan Rogue Awd Sv Moonroof at Alta Nissan Richmond Hill,36571 CAD,New,Black,Dark grey,2062,Alta Nissan Richmond Hill,+1-905-780-7771,"{addr1: '11667 Yonge St.', city: 'Richmond Hill', region: 'Ontario', postal_code: 'L4E 3N8', country: 'CA'}",43.9028000000,-79.4448000000,,,,,https://www.altanissanrh.com/privacy-policy.html,New,2062,In stock,,36571 CAD,Free,
JN8BT3BB0TW101948,JN8BT3BB0TW101948,RY26R342-new,Nissan,Rogue,Awd Sv Moonroof,2026,AUTOMATIC,SUV,GASOLINE,AWD,"2026 Nissan Rogue Awd Sv Moonroof, Black exterior, All-wheel drive","[{url:'https://imagescdn.d2cmedia.ca/cb849146fe76e3e4f0fe4d5667098780e1/2062/14445576/1/Nissan-Rogue-2026.jpg'},{url:'https://imagescdn.d2cmedia.ca/s8849146fe76e3e4f0fe4d5667098780e1/2062/14445576/1/Nissan-Rogue-2026.jpg'},{url:'https://imagescdn.d2cmedia.ca/cb849146fe76e3e4f0fe4d5667098780e1/2062/14445576/2/Nissan-Rogue-2026.jpg'},{url:'https://imagescdn.d2cmedia.ca/cb849146fe76e3e4f0fe4d5667098780e1/2062/14445576/3/Nissan-Rogue-2026.jpg'},{url:'https://imagescdn.d2cmedia.ca/cb849146fe76e3e4f0fe4d5667098780e1/2062/14445576/4/Nissan-Rogue-2026.jpg'},{url:'https://imagescdn.d2cmedia.ca/cb849146fe76e3e4f0fe4d5667098780e1/2062/14445576/5/Nissan-Rogue-2026.jpg'},{url:'https://imagescdn.d2cmedia.ca/cb849146fe76e3e4f0fe4d5667098780e1/2062/14445576/6/Nissan-Rogue-2026.jpg'},{url:'https://imagescdn.d2cmedia.ca/cb849146fe76e3e4f0fe4d5667098780e1/2062/14445576/7/Nissan-Rogue-2026.jpg'},{url:'https://imagescdn.d2cmedia.ca/cb849146fe76e3e4f0fe4d5667098780e1/2062/14445576/8/Nissan-Rogue-2026.jpg'},{url:'https://imagescdn.d2cmedia.ca/cb849146fe76e3e4f0fe4d5667098780e1/2062/14445576/9/Nissan-Rogue-2026.jpg'}]",50,KM,https://www.altanissanrh.com/new/inventory/2026-Nissan-Rogue-id14445576.html,2026 Nissan Rogue Awd Sv Moonroof at Alta Nissan Richmond Hill,36571 CAD,New,Black,Dark grey,2062,Alta Nissan Richmond Hill,+1-905-780-7771,"{addr1: '11667 Yonge St.', city: 'Richmond Hill', region: 'Ontario', postal_code: 'L4E 3N8', country: 'CA'}",43.9028000000,-79.4448000000,,,,,https://www.altanissanrh.com/privacy-policy.html,New,2062,In stock,,36571 CAD,Free,
JN8BT3BB2TW098728,JN8BT3BB2TW098728,RY26R238-new,Nissan,Rogue,Awd Sv Moonroof,2026,AUTOMATIC,SUV,GASOLINE,AWD,"2026 Nissan Rogue Awd Sv Moonroof, White exterior, All-wheel drive","[{url:'https://imagescdn.d2cmedia.ca/cb67a6a9eac63ea6ad39589d1b40ac1d36/2062/14037821/1/Nissan-Rogue-2026.jpg'},{url:'https://imagescdn.d2cmedia.ca/s867a6a9eac63ea6ad39589d1b40ac1d36/2062/14037821/1/Nissan-Rogue-2026.jpg'},{url:'https://imagescdn.d2cmedia.ca/cb67a6a9eac63ea6ad39589d1b40ac1d36/2062/14037821/2/Nissan-Rogue-2026.jpg'},{url:'https://imagescdn.d2cmedia.ca/cb67a6a9eac63ea6ad39589d1b40ac1d36/2062/14037821/3/Nissan-Rogue-2026.jpg'},{url:'https://imagescdn.d2cmedia.ca/cb67a6a9eac63ea6ad39589d1b40ac1d36/2062/14037821/4/Nissan-Rogue-2026.jpg'},{url:'https://imagescdn.d2cmedia.ca/cb67a6a9eac63ea6ad39589d1b40ac1d36/2062/14037821/5/Nissan-Rogue-2026.jpg'},{url:'https://imagescdn.d2cmedia.ca/cb67a6a9eac63ea6ad39589d1b40ac1d36/2062/14037821/6/Nissan-Rogue-2026.jpg'},{url:'https://imagescdn.d2cmedia.ca/cb67a6a9eac63ea6ad39589d1b40ac1d36/2062/14037821/7/Nissan-Rogue-2026.jpg'},{url:'https://imagescdn.d2cmedia.ca/cb67a6a9eac63ea6ad39589d1b40ac1d36/2062/14037821/8/Nissan-Rogue-2026.jpg'},{url:'https://imagescdn.d2cmedia.ca/cb67a6a9eac63ea6ad39589d1b40ac1d36/2062/14037821/9/Nissan-Rogue-2026.jpg'}]",50,KM,https://www.altanissanrh.com/new/inventory/2026-Nissan-Rogue-id14037821.html,2026 Nissan Rogue Awd Sv Moonroof at Alta Nissan Richmond Hill,36821 CAD,New,White,Dark grey,2062,Alta Nissan Richmond Hill,+1-905-780-7771,"{addr1: '11667 Yonge St.', city: 'Richmond Hill', region: 'Ontario', postal_code: 'L4E 3N8', country: 'CA'}",43.9028000000,-79.4448000000,,,,,https://www.altanissanrh.com/privacy-policy.html,New,2062,In stock,,36821 CAD,Free,
JN8BT3BB3TW098253,JN8BT3BB3TW098253,RY26R244-new,Nissan,Rogue,Awd Sv Moonroof,2026,AUTOMATIC,SUV,GASOLINE,AWD,"2026 Nissan Rogue Awd Sv Moonroof, White exterior, All-wheel drive","[{url:'https://imagescdn.d2cmedia.ca/cb77939dace1cb8acb118a4b5f069f5402/2062/14057065/1/Nissan-Rogue-2026.jpg'},{url:'https://imagescdn.d2cmedia.ca/s877939dace1cb8acb118a4b5f069f5402/2062/14057065/1/Nissan-Rogue-2026.jpg'},{url:'https://imagescdn.d2cmedia.ca/cb77939dace1cb8acb118a4b5f069f5402/2062/14057065/2/Nissan-Rogue-2026.jpg'},{url:'https://imagescdn.d2cmedia.ca/cb77939dace1cb8acb118a4b5f069f5402/2062/14057065/3/Nissan-Rogue-2026.jpg'},{url:'https://imagescdn.d2cmedia.ca/cb77939dace1cb8acb118a4b5f069f5402/2062/14057065/4/Nissan-Rogue-2026.jpg'},{url:'https://imagescdn.d2cmedia.ca/cb77939dace1cb8acb118a4b5f069f5402/2062/14057065/5/Nissan-Rogue-2026.jpg'},{url:'https://imagescdn.d2cmedia.ca/cb77939dace1cb8acb118a4b5f069f5402/2062/14057065/6/Nissan-Rogue-2026.jpg'},{url:'https://imagescdn.d2cmedia.ca/cb77939dace1cb8acb118a4b5f069f5402/2062/14057065/7/Nissan-Rogue-2026.jpg'},{url:'https://imagescdn.d2cmedia.ca/cb77939dace1cb8acb118a4b5f069f5402/2062/14057065/8/Nissan-Rogue-2026.jpg'},{url:'https://imagescdn.d2cmedia.ca/cb77939dace1cb8acb118a4b5f069f5402/2062/14057065/9/Nissan-Rogue-2026.jpg'}]",50,KM,https://www.altanissanrh.com/new/inventory/2026-Nissan-Rogue-id14057065.html,2026 Nissan Rogue Awd Sv Moonroof at Alta Nissan Richmond Hill,36821 CAD,New,White,Dark grey,2062,Alta Nissan Richmond Hill,+1-905-780-7771,"{addr1: '11667 Yonge St.', city: 'Richmond Hill', region: 'Ontario', postal_code: 'L4E 3N8', country: 'CA'}",43.9028000000,-79.4448000000,,,,,https://www.altanissanrh.com/privacy-policy.html,New,2062,In stock,,36821 CAD,Free,
JN8BT3BBXTW098248,JN8BT3BBXTW098248,RY26R245-new,Nissan,Rogue,Awd Sv Moonroof,2026,AUTOMATIC,SUV,GASOLINE,AWD,"2026 Nissan Rogue Awd Sv Moonroof, Dark grey exterior, All-wheel drive","[{url:'https://imagescdn.d2cmedia.ca/cb2f6b5d8f285410923cfce19f73a21c67/2062/14057066/1/Nissan-Rogue-2026.jpg'},{url:'https://imagescdn.d2cmedia.ca/s82f6b5d8f285410923cfce19f73a21c67/2062/14057066/1/Nissan-Rogue-2026.jpg'},{url:'https://imagescdn.d2cmedia.ca/cb2f6b5d8f285410923cfce19f73a21c67/2062/14057066/2/Nissan-Rogue-2026.jpg'},{url:'https://imagescdn.d2cmedia.ca/cb2f6b5d8f285410923cfce19f73a21c67/2062/14057066/3/Nissan-Rogue-2026.jpg'},{url:'https://imagescdn.d2cmedia.ca/cb2f6b5d8f285410923cfce19f73a21c67/2062/14057066/4/Nissan-Rogue-2026.jpg'},{url:'https://imagescdn.d2cmedia.ca/cb2f6b5d8f285410923cfce19f73a21c67/2062/14057066/5/Nissan-Rogue-2026.jpg'},{url:'https://imagescdn.d2cmedia.ca/cb2f6b5d8f285410923cfce19f73a21c67/2062/14057066/6/Nissan-Rogue-2026.jpg'},{url:'https://imagescdn.d2cmedia.ca/cb2f6b5d8f285410923cfce19f73a21c67/2062/14057066/7/Nissan-Rogue-2026.jpg'},{url:'https://imagescdn.d2cmedia.ca/cb2f6b5d8f285410923cfce19f73a21c67/2062/14057066/8/Nissan-Rogue-2026.jpg'},{url:'https://imagescdn.d2cmedia.ca/cb2f6b5d8f285410923cfce19f73a21c67/2062/14057066/9/Nissan-Rogue-2026.jpg'}]",50,KM,https://www.altanissanrh.com/new/inventory/2026-Nissan-Rogue-id14057066.html,2026 Nissan Rogue Awd Sv Moonroof at Alta Nissan Richmond Hill,36821 CAD,New,Dark grey,Dark grey,2062,Alta Nissan Richmond Hill,+1-905-780-7771,"{addr1: '11667 Yonge St.', city: 'Richmond Hill', region: 'Ontario', postal_code: 'L4E 3N8', country: 'CA'}",43.9028000000,-79.4448000000,,,,,https://www.altanissanrh.com/privacy-policy.html,New,2062,In stock,,36821 CAD,Free,
3N8AP6CB2VL311637,3N8AP6CB2VL311637,RY27K018-new,Nissan,Kicks,Rock Creek Awd,2027,AUTOMATIC,SUV,GASOLINE,AWD,"2027 Nissan Kicks Rock Creek Awd, Black exterior, All-wheel drive","[{url:'https://carimages.d2cmedia.ca/newcarimages/en/cb6ac7bfada5d46/Nissan/Kicks/2027/1200/487922-Um9jayBDcmVlayBBV0Q/black/front45.png'},{url:'https://carimages.d2cmedia.ca/newcarimages/en/cb6ac7bfada5d46/Nissan/Kicks/2027/1280/487922/black/front_45_degree.png'},{url:'https://carimages.d2cmedia.ca/newcarimages/en/cb6ac7bfada5d46/Nissan/Kicks/2027/2100/487922/black/front_45_degree.png'},{url:'https://carimages.d2cmedia.ca/newcarimages/en/cb6ac7bfada5d46/Nissan/Kicks/2027/2100/487922/black/profile.png'},{url:'https://carimages.d2cmedia.ca/newcarimages/en/cb6ac7bfada5d46/Nissan/Kicks/2027/2100/487922/black/back_45_degree.png'},{url:'https://carimages.d2cmedia.ca/newcarimages/en/cb6ac7bfada5d46/Nissan/Kicks/2027/2100/487922/black/driver_dashboard.png'},{url:'https://carimages.d2cmedia.ca/newcarimages/en/cb6ac7bfada5d46/Nissan/Kicks/2027/2100/487922/black/full_dashboard.png'},{url:'https://carimages.d2cmedia.ca/newcarimages/en/cb6ac7bfada5d46/Nissan/Kicks/2027/2100/487922/black/interior_driver_open_seat.png'},{url:'https://carimages.d2cmedia.ca/newcarimages/en/cb6ac7bfada5d46/Nissan/Kicks/2027/2100/487922/black/interior_driver_stereo.png'},{url:'https://carimages.d2cmedia.ca/newcarimages/en/cb6ac7bfada5d46/Nissan/Kicks/2027/2100/487922/black/interior_driver_reat_seats.png'}]",50,KM,https://www.altanissanrh.com/new/inventory/2027-Nissan-Kicks-id14487639.html,2027 Nissan Kicks Rock Creek Awd at Alta Nissan Richmond Hill,36971 CAD,New,Black,Charcoal,2062,Alta Nissan Richmond Hill,+1-905-780-7771,"{addr1: '11667 Yonge St.', city: 'Richmond Hill', region: 'Ontario', postal_code: 'L4E 3N8', country: 'CA'}",43.9028000000,-79.4448000000,,,,,https://www.altanissanrh.com/privacy-policy.html,New,2062,In stock,,36971 CAD,Free,
3N8AP6CB6VL310068,3N8AP6CB6VL310068,RY27K016-new,Nissan,Kicks,Rock Creek Awd,2027,AUTOMATIC,SUV,GASOLINE,AWD,"2027 Nissan Kicks Rock Creek Awd, White exterior, All-wheel drive","[{url:'https://carimages.d2cmedia.ca/newcarimages/en/cb6ac7bfada5d46/Nissan/Kicks/2027/1200/487922-Um9jayBDcmVlayBBV0Q/white/front45.png'},{url:'https://carimages.d2cmedia.ca/newcarimages/en/cb6ac7bfada5d46/Nissan/Kicks/2027/1280/487922/white/front_45_degree.png'},{url:'https://carimages.d2cmedia.ca/newcarimages/en/cb6ac7bfada5d46/Nissan/Kicks/2027/2100/487922/white/front_45_degree.png'},{url:'https://carimages.d2cmedia.ca/newcarimages/en/cb6ac7bfada5d46/Nissan/Kicks/2027/2100/487922/white/profile.png'},{url:'https://carimages.d2cmedia.ca/newcarimages/en/cb6ac7bfada5d46/Nissan/Kicks/2027/2100/487922/white/back_45_degree.png'},{url:'https://carimages.d2cmedia.ca/newcarimages/en/cb6ac7bfada5d46/Nissan/Kicks/2027/2100/487922/white/driver_dashboard.png'},{url:'https://carimages.d2cmedia.ca/newcarimages/en/cb6ac7bfada5d46/Nissan/Kicks/2027/2100/487922/white/full_dashboard.png'},{url:'https://carimages.d2cmedia.ca/newcarimages/en/cb6ac7bfada5d46/Nissan/Kicks/2027/2100/487922/white/interior_driver_open_seat.png'},{url:'https://carimages.d2cmedia.ca/newcarimages/en/cb6ac7bfada5d46/Nissan/Kicks/2027/2100/487922/white/interior_driver_stereo.png'},{url:'https://carimages.d2cmedia.ca/newcarimages/en/cb6ac7bfada5d46/Nissan/Kicks/2027/2100/487922/white/interior_driver_reat_seats.png'}]",50,KM,https://www.altanissanrh.com/new/inventory/2027-Nissan-Kicks-id14487637.html,2027 Nissan Kicks Rock Creek Awd at Alta Nissan Richmond Hill,37041 CAD,New,White,Charcoal,2062,Alta Nissan Richmond Hill,+1-905-780-7771,"{addr1: '11667 Yonge St.', city: 'Richmond Hill', region: 'Ontario', postal_code: 'L4E 3N8', country: 'CA'}",43.9028000000,-79.4448000000,,,,,https://www.altanissanrh.com/privacy-policy.html,New,2062,In stock,,37041 CAD,Free,
3N8AP6CB7VL310578,3N8AP6CB7VL310578,RY27K017-new,Nissan,Kicks,Rock Creek Awd,2027,AUTOMATIC,SUV,GASOLINE,AWD,"2027 Nissan Kicks Rock Creek Awd, White exterior, All-wheel drive","[{url:'https://carimages.d2cmedia.ca/newcarimages/en/cb6ac7bfada5d46/Nissan/Kicks/2027/1200/487922-Um9jayBDcmVlayBBV0Q/white/front45.png'},{url:'https://carimages.d2cmedia.ca/newcarimages/en/cb6ac7bfada5d46/Nissan/Kicks/2027/1280/487922/white/front_45_degree.png'},{url:'https://carimages.d2cmedia.ca/newcarimages/en/cb6ac7bfada5d46/Nissan/Kicks/2027/2100/487922/white/front_45_degree.png'},{url:'https://carimages.d2cmedia.ca/newcarimages/en/cb6ac7bfada5d46/Nissan/Kicks/2027/2100/487922/white/profile.png'},{url:'https://carimages.d2cmedia.ca/newcarimages/en/cb6ac7bfada5d46/Nissan/Kicks/2027/2100/487922/white/back_45_degree.png'},{url:'https://carimages.d2cmedia.ca/newcarimages/en/cb6ac7bfada5d46/Nissan/Kicks/2027/2100/487922/white/driver_dashboard.png'},{url:'https://carimages.d2cmedia.ca/newcarimages/en/cb6ac7bfada5d46/Nissan/Kicks/2027/2100/487922/white/full_dashboard.png'},{url:'https://carimages.d2cmedia.ca/newcarimages/en/cb6ac7bfada5d46/Nissan/Kicks/2027/2100/487922/white/interior_driver_open_seat.png'},{url:'https://carimages.d2cmedia.ca/newcarimages/en/cb6ac7bfada5d46/Nissan/Kicks/2027/2100/487922/white/interior_driver_stereo.png'},{url:'https://carimages.d2cmedia.ca/newcarimages/en/cb6ac7bfada5d46/Nissan/Kicks/2027/2100/487922/white/interior_driver_reat_seats.png'}]",50,KM,https://www.altanissanrh.com/new/inventory/2027-Nissan-Kicks-id14487638.html,2027 Nissan Kicks Rock Creek Awd at Alta Nissan Richmond Hill,37041 CAD,New,White,Charcoal,2062,Alta Nissan Richmond Hill,+1-905-780-7771,"{addr1: '11667 Yonge St.', city: 'Richmond Hill', region: 'Ontario', postal_code: 'L4E 3N8', country: 'CA'}",43.9028000000,-79.4448000000,,,,,https://www.altanissanrh.com/privacy-policy.html,New,2062,In stock,,37041 CAD,Free,
3N8AP6CB0VL309062,3N8AP6CB0VL309062,RY27K005-new,Nissan,Kicks,Sv Premium Awd,2027,AUTOMATIC,SUV,GASOLINE,AWD,"2027 Nissan Kicks Sv Premium Awd, White exterior, All-wheel drive","[{url:'https://carimages.d2cmedia.ca/newcarimages/en/cb6ac7bfada5d46/Nissan/Kicks/2027/1200/487921-U1YgUHJlbWl1bSBBV0Q/XE8E9E6/front45.png'},{url:'https://carimages.d2cmedia.ca/newcarimages/en/cb6ac7bfada5d46/Nissan/Kicks/2027/1280/487921/Xe8e9e6/front_45_degree.png'},{url:'https://carimages.d2cmedia.ca/newcarimages/en/cb6ac7bfada5d46/Nissan/Kicks/2027/2100/487921/Xe8e9e6/front_45_degree.png'},{url:'https://carimages.d2cmedia.ca/newcarimages/en/cb6ac7bfada5d46/Nissan/Kicks/2027/2100/487921/Xe8e9e6/profile.png'},{url:'https://carimages.d2cmedia.ca/newcarimages/en/cb6ac7bfada5d46/Nissan/Kicks/2027/2100/487921/Xe8e9e6/back_45_degree.png'},{url:'https://carimages.d2cmedia.ca/newcarimages/en/cb6ac7bfada5d46/Nissan/Kicks/2027/2100/487921/Xe8e9e6/driver_dashboard.png'},{url:'https://carimages.d2cmedia.ca/newcarimages/en/cb6ac7bfada5d46/Nissan/Kicks/2027/2100/487921/Xe8e9e6/full_dashboard.png'},{url:'https://carimages.d2cmedia.ca/newcarimages/en/cb6ac7bfada5d46/Nissan/Kicks/2027/2100/487921/Xe8e9e6/interior_driver_open_seat.png'},{url:'https://carimages.d2cmedia.ca/newcarimages/en/cb6ac7bfada5d46/Nissan/Kicks/2027/2100/487921/Xe8e9e6/interior_driver_stereo.png'},{url:'https://carimages.d2cmedia.ca/newcarimages/en/cb6ac7bfada5d46/Nissan/Kicks/2027/2100/487921/Xe8e9e6/interior_driver_reat_seats.png'}]",50,KM,https://www.altanissanrh.com/new/inventory/2027-Nissan-Kicks-id14389564.html,2027 Nissan Kicks Sv Premium Awd at Alta Nissan Richmond Hill,37046 CAD,New,White,Dark grey,2062,Alta Nissan Richmond Hill,+1-905-780-7771,"{addr1: '11667 Yonge St.', city: 'Richmond Hill', region: 'Ontario', postal_code: 'L4E 3N8', country: 'CA'}",43.9028000000,-79.4448000000,,,,,https://www.altanissanrh.com/privacy-policy.html,New,2062,In stock,,37046 CAD,Free,
3N8AP6DD5VL309042,3N8AP6DD5VL309042,RY27K004-new,Nissan,Kicks,Sr Premium Awd,2027,AUTOMATIC,SUV,GASOLINE,AWD,"2027 Nissan Kicks Sr Premium Awd, Grey exterior, All-wheel drive","[{url:'https://carimages.d2cmedia.ca/newcarimages/en/cb6ac7bfada5d46/Nissan/Kicks/2027/1200/487923-U1IgUHJlbWl1bSBBV0Q/X615F5F/front45.png'},{url:'https://carimages.d2cmedia.ca/newcarimages/en/cb6ac7bfada5d46/Nissan/Kicks/2027/1280/487923/X615f5f/front_45_degree.png'},{url:'https://carimages.d2cmedia.ca/newcarimages/en/cb6ac7bfada5d46/Nissan/Kicks/2027/2100/487923/X615f5f/front_45_degree.png'},{url:'https://carimages.d2cmedia.ca/newcarimages/en/cb6ac7bfada5d46/Nissan/Kicks/2027/2100/487923/X615f5f/profile.png'},{url:'https://carimages.d2cmedia.ca/newcarimages/en/cb6ac7bfada5d46/Nissan/Kicks/2027/2100/487923/X615f5f/back_45_degree.png'},{url:'https://carimages.d2cmedia.ca/newcarimages/en/cb6ac7bfada5d46/Nissan/Kicks/2027/2100/487923/X615f5f/driver_dashboard.png'},{url:'https://carimages.d2cmedia.ca/newcarimages/en/cb6ac7bfada5d46/Nissan/Kicks/2027/2100/487923/X615f5f/full_dashboard.png'},{url:'https://carimages.d2cmedia.ca/newcarimages/en/cb6ac7bfada5d46/Nissan/Kicks/2027/2100/487923/X615f5f/interior_driver_open_seat.png'},{url:'https://carimages.d2cmedia.ca/newcarimages/en/cb6ac7bfada5d46/Nissan/Kicks/2027/2100/487923/X615f5f/interior_driver_stereo.png'},{url:'https://carimages.d2cmedia.ca/newcarimages/en/cb6ac7bfada5d46/Nissan/Kicks/2027/2100/487923/X615f5f/interior_driver_reat_seats.png'}]",50,KM,https://www.altanissanrh.com/new/inventory/2027-Nissan-Kicks-id14356964.html,2027 Nissan Kicks Sr Premium Awd at Alta Nissan Richmond Hill,39091 CAD,New,Grey,"Sport Interior, Sport Leatherette Seat Trim",2062,Alta Nissan Richmond Hill,+1-905-780-7771,"{addr1: '11667 Yonge St.', city: 'Richmond Hill', region: 'Ontario', postal_code: 'L4E 3N8', country: 'CA'}",43.9028000000,-79.4448000000,,,,,https://www.altanissanrh.com/privacy-policy.html,New,2062,In stock,,39091 CAD,Free,
3N8AP6DD9VL300490,3N8AP6DD9VL300490,RY27K008-new,Nissan,Kicks,Sr Premium Awd,2027,AUTOMATIC,SUV,GASOLINE,AWD,"2027 Nissan Kicks Sr Premium Awd, Blue exterior, All-wheel drive","[{url:'https://carimages.d2cmedia.ca/newcarimages/en/cb6ac7bfada5d46/Nissan/Kicks/2027/1200/487923-U1IgUHJlbWl1bSBBV0Q/X141F3D/front45.png'},{url:'https://carimages.d2cmedia.ca/newcarimages/en/cb6ac7bfada5d46/Nissan/Kicks/2027/1280/487923/X141f3d/front_45_degree.png'},{url:'https://carimages.d2cmedia.ca/newcarimages/en/cb6ac7bfada5d46/Nissan/Kicks/2027/2100/487923/X141f3d/front_45_degree.png'},{url:'https://carimages.d2cmedia.ca/newcarimages/en/cb6ac7bfada5d46/Nissan/Kicks/2027/2100/487923/X141f3d/profile.png'},{url:'https://carimages.d2cmedia.ca/newcarimages/en/cb6ac7bfada5d46/Nissan/Kicks/2027/2100/487923/X141f3d/back_45_degree.png'},{url:'https://carimages.d2cmedia.ca/newcarimages/en/cb6ac7bfada5d46/Nissan/Kicks/2027/2100/487923/X141f3d/driver_dashboard.png'},{url:'https://carimages.d2cmedia.ca/newcarimages/en/cb6ac7bfada5d46/Nissan/Kicks/2027/2100/487923/X141f3d/full_dashboard.png'},{url:'https://carimages.d2cmedia.ca/newcarimages/en/cb6ac7bfada5d46/Nissan/Kicks/2027/2100/487923/X141f3d/interior_driver_open_seat.png'},{url:'https://carimages.d2cmedia.ca/newcarimages/en/cb6ac7bfada5d46/Nissan/Kicks/2027/2100/487923/X141f3d/interior_driver_stereo.png'},{url:'https://carimages.d2cmedia.ca/newcarimages/en/cb6ac7bfada5d46/Nissan/Kicks/2027/2100/487923/X141f3d/interior_driver_reat_seats.png'}]",50,KM,https://www.altanissanrh.com/new/inventory/2027-Nissan-Kicks-id14445578.html,2027 Nissan Kicks Sr Premium Awd at Alta Nissan Richmond Hill,39091 CAD,New,Blue,"Sport Interior, Sport Leatherette Seat Trim",2062,Alta Nissan Richmond Hill,+1-905-780-7771,"{addr1: '11667 Yonge St.', city: 'Richmond Hill', region: 'Ontario', postal_code: 'L4E 3N8', country: 'CA'}",43.9028000000,-79.4448000000,,,,,https://www.altanissanrh.com/privacy-policy.html,New,2062,In stock,,39091 CAD,Free,
3N8AP6DD1VL309667,3N8AP6DD1VL309667,RY27K009-new,Nissan,Kicks,Sr Premium Awd,2027,AUTOMATIC,SUV,GASOLINE,AWD,"2027 Nissan Kicks Sr Premium Awd, Bronze exterior, All-wheel drive","[{url:'https://carimages.d2cmedia.ca/newcarimages/en/cb6ac7bfada5d46/Nissan/Kicks/2027/1200/487923-U1IgUHJlbWl1bSBBV0Q/brown/front45.png'},{url:'https://carimages.d2cmedia.ca/newcarimages/en/cb6ac7bfada5d46/Nissan/Kicks/2027/1280/487923/brown/front_45_degree.png'},{url:'https://carimages.d2cmedia.ca/newcarimages/en/cb6ac7bfada5d46/Nissan/Kicks/2027/2100/487923/brown/front_45_degree.png'},{url:'https://carimages.d2cmedia.ca/newcarimages/en/cb6ac7bfada5d46/Nissan/Kicks/2027/2100/487923/brown/profile.png'},{url:'https://carimages.d2cmedia.ca/newcarimages/en/cb6ac7bfada5d46/Nissan/Kicks/2027/2100/487923/brown/back_45_degree.png'},{url:'https://carimages.d2cmedia.ca/newcarimages/en/cb6ac7bfada5d46/Nissan/Kicks/2027/2100/487923/brown/driver_dashboard.png'},{url:'https://carimages.d2cmedia.ca/newcarimages/en/cb6ac7bfada5d46/Nissan/Kicks/2027/2100/487923/brown/full_dashboard.png'},{url:'https://carimages.d2cmedia.ca/newcarimages/en/cb6ac7bfada5d46/Nissan/Kicks/2027/2100/487923/brown/interior_driver_open_seat.png'},{url:'https://carimages.d2cmedia.ca/newcarimages/en/cb6ac7bfada5d46/Nissan/Kicks/2027/2100/487923/brown/interior_driver_stereo.png'},{url:'https://carimages.d2cmedia.ca/newcarimages/en/cb6ac7bfada5d46/Nissan/Kicks/2027/2100/487923/brown/interior_driver_reat_seats.png'}]",50,KM,https://www.altanissanrh.com/new/inventory/2027-Nissan-Kicks-id14458530.html,2027 Nissan Kicks Sr Premium Awd at Alta Nissan Richmond Hill,39091 CAD,New,Bronze,"Sport Interior, Sport Leatherette Seat Trim",2062,Alta Nissan Richmond Hill,+1-905-780-7771,"{addr1: '11667 Yonge St.', city: 'Richmond Hill', region: 'Ontario', postal_code: 'L4E 3N8', country: 'CA'}",43.9028000000,-79.4448000000,,,,,https://www.altanissanrh.com/privacy-policy.html,New,2062,In stock,,39091 CAD,Free,
3N8AP6DD4VL308741,3N8AP6DD4VL308741,RY27K002-new,Nissan,Kicks,Sr Awd,2027,AUTOMATIC,SUV,GASOLINE,AWD,"2027 Nissan Kicks Sr Awd, Grey exterior, All-wheel drive","[{url:'https://carimages.d2cmedia.ca/newcarimages/en/cb6ac7bfada5d46/Nissan/Kicks/2027/1200/487923-U1IgQVdE/X373837/front45.png'},{url:'https://carimages.d2cmedia.ca/newcarimages/en/cb6ac7bfada5d46/Nissan/Kicks/2027/1280/487923/X373837/front_45_degree.png'},{url:'https://carimages.d2cmedia.ca/newcarimages/en/cb6ac7bfada5d46/Nissan/Kicks/2027/2100/487923/X373837/front_45_degree.png'},{url:'https://carimages.d2cmedia.ca/newcarimages/en/cb6ac7bfada5d46/Nissan/Kicks/2027/2100/487923/X373837/profile.png'},{url:'https://carimages.d2cmedia.ca/newcarimages/en/cb6ac7bfada5d46/Nissan/Kicks/2027/2100/487923/X373837/back_45_degree.png'},{url:'https://carimages.d2cmedia.ca/newcarimages/en/cb6ac7bfada5d46/Nissan/Kicks/2027/2100/487923/X373837/driver_dashboard.png'},{url:'https://carimages.d2cmedia.ca/newcarimages/en/cb6ac7bfada5d46/Nissan/Kicks/2027/2100/487923/X373837/full_dashboard.png'},{url:'https://carimages.d2cmedia.ca/newcarimages/en/cb6ac7bfada5d46/Nissan/Kicks/2027/2100/487923/X373837/interior_driver_open_seat.png'},{url:'https://carimages.d2cmedia.ca/newcarimages/en/cb6ac7bfada5d46/Nissan/Kicks/2027/2100/487923/X373837/interior_driver_stereo.png'},{url:'https://carimages.d2cmedia.ca/newcarimages/en/cb6ac7bfada5d46/Nissan/Kicks/2027/2100/487923/X373837/interior_driver_reat_seats.png'}]",50,KM,https://www.altanissanrh.com/new/inventory/2027-Nissan-Kicks-id14337886.html,2027 Nissan Kicks Sr Awd at Alta Nissan Richmond Hill,39816 CAD,New,Grey,"Sport Interior, Sport Leatherette Seat Trim",2062,Alta Nissan Richmond Hill,+1-905-780-7771,"{addr1: '11667 Yonge St.', city: 'Richmond Hill', region: 'Ontario', postal_code: 'L4E 3N8', country: 'CA'}",43.9028000000,-79.4448000000,,,,,https://www.altanissanrh.com/privacy-policy.html,New,2062,In stock,,39816 CAD,Free,
JN8BT3BB2TW387950,JN8BT3BB2TW387950,RY26R261-new,Nissan,Rogue,Awd Sv Moonroof,2026,AUTOMATIC,SUV,GASOLINE,AWD,"2026 Nissan Rogue Awd Sv Moonroof, White exterior, All-wheel drive","[{url:'https://imagescdn.d2cmedia.ca/cb2368463acc7d296e2afe458ddb7cd79d/2062/14202852/1/Nissan-Rogue-2026.jpg'},{url:'https://imagescdn.d2cmedia.ca/s82368463acc7d296e2afe458ddb7cd79d/2062/14202852/1/Nissan-Rogue-2026.jpg'},{url:'https://imagescdn.d2cmedia.ca/cb2368463acc7d296e2afe458ddb7cd79d/2062/14202852/2/Nissan-Rogue-2026.jpg'},{url:'https://imagescdn.d2cmedia.ca/cb2368463acc7d296e2afe458ddb7cd79d/2062/14202852/3/Nissan-Rogue-2026.jpg'},{url:'https://imagescdn.d2cmedia.ca/cb2368463acc7d296e2afe458ddb7cd79d/2062/14202852/4/Nissan-Rogue-2026.jpg'},{url:'https://imagescdn.d2cmedia.ca/cb2368463acc7d296e2afe458ddb7cd79d/2062/14202852/5/Nissan-Rogue-2026.jpg'},{url:'https://imagescdn.d2cmedia.ca/cb2368463acc7d296e2afe458ddb7cd79d/2062/14202852/6/Nissan-Rogue-2026.jpg'},{url:'https://imagescdn.d2cmedia.ca/cb2368463acc7d296e2afe458ddb7cd79d/2062/14202852/7/Nissan-Rogue-2026.jpg'},{url:'https://imagescdn.d2cmedia.ca/cb2368463acc7d296e2afe458ddb7cd79d/2062/14202852/8/Nissan-Rogue-2026.jpg'},{url:'https://imagescdn.d2cmedia.ca/cb2368463acc7d296e2afe458ddb7cd79d/2062/14202852/9/Nissan-Rogue-2026.jpg'}]",50,KM,https://www.altanissanrh.com/new/inventory/2026-Nissan-Rogue-id14202852.html,2026 Nissan Rogue Awd Sv Moonroof at Alta Nissan Richmond Hill,36821 CAD,New,White,Dark grey,2062,Alta Nissan Richmond Hill,+1-905-780-7771,"{addr1: '11667 Yonge St.', city: 'Richmond Hill', region: 'Ontario', postal_code: 'L4E 3N8', country: 'CA'}",43.9028000000,-79.4448000000,,,,,https://www.altanissanrh.com/privacy-policy.html,New,2062,In stock,,36821 CAD,Free,
JN8BT3BB1TW387731,JN8BT3BB1TW387731,RY26R285-new,Nissan,Rogue,Awd Sv Moonroof,2026,AUTOMATIC,SUV,GASOLINE,AWD,"2026 Nissan Rogue Awd Sv Moonroof, Dark grey exterior, All-wheel drive","[{url:'https://imagescdn.d2cmedia.ca/cbe5f0d26e2c03e234ba6767cd42a125da/2062/14289746/1/Nissan-Rogue-2026.jpg'},{url:'https://imagescdn.d2cmedia.ca/s8e5f0d26e2c03e234ba6767cd42a125da/2062/14289746/1/Nissan-Rogue-2026.jpg'},{url:'https://imagescdn.d2cmedia.ca/cbe5f0d26e2c03e234ba6767cd42a125da/2062/14289746/2/Nissan-Rogue-2026.jpg'},{url:'https://imagescdn.d2cmedia.ca/cbe5f0d26e2c03e234ba6767cd42a125da/2062/14289746/3/Nissan-Rogue-2026.jpg'},{url:'https://imagescdn.d2cmedia.ca/cbe5f0d26e2c03e234ba6767cd42a125da/2062/14289746/4/Nissan-Rogue-2026.jpg'},{url:'https://imagescdn.d2cmedia.ca/cbe5f0d26e2c03e234ba6767cd42a125da/2062/14289746/5/Nissan-Rogue-2026.jpg'},{url:'https://imagescdn.d2cmedia.ca/cbe5f0d26e2c03e234ba6767cd42a125da/2062/14289746/6/Nissan-Rogue-2026.jpg'},{url:'https://imagescdn.d2cmedia.ca/cbe5f0d26e2c03e234ba6767cd42a125da/2062/14289746/7/Nissan-Rogue-2026.jpg'},{url:'https://imagescdn.d2cmedia.ca/cbe5f0d26e2c03e234ba6767cd42a125da/2062/14289746/8/Nissan-Rogue-2026.jpg'},{url:'https://imagescdn.d2cmedia.ca/cbe5f0d26e2c03e234ba6767cd42a125da/2062/14289746/9/Nissan-Rogue-2026.jpg'}]",50,KM,https://www.altanissanrh.com/new/inventory/2026-Nissan-Rogue-id14289746.html,2026 Nissan Rogue Awd Sv Moonroof at Alta Nissan Richmond Hill,36821 CAD,New,Dark grey,Dark grey,2062,Alta Nissan Richmond Hill,+1-905-780-7771,"{addr1: '11667 Yonge St.', city: 'Richmond Hill', region: 'Ontario', postal_code: 'L4E 3N8', country: 'CA'}",43.9028000000,-79.4448000000,,,,,https://www.altanissanrh.com/privacy-policy.html,New,2062,In stock,,36821 CAD,Free,
JN8BT3BB0TW100783,JN8BT3BB0TW100783,RY26R308-new,Nissan,Rogue,Awd Sv Moonroof,2026,AUTOMATIC,SUV,GASOLINE,AWD,"2026 Nissan Rogue Awd Sv Moonroof, White exterior, All-wheel drive","[{url:'https://imagescdn.d2cmedia.ca/cba731ba1ad0c1a3ce7e0332be2cb588f1/2062/14308347/1/Nissan-Rogue-2026.jpg'},{url:'https://imagescdn.d2cmedia.ca/s8a731ba1ad0c1a3ce7e0332be2cb588f1/2062/14308347/1/Nissan-Rogue-2026.jpg'},{url:'https://imagescdn.d2cmedia.ca/cba731ba1ad0c1a3ce7e0332be2cb588f1/2062/14308347/2/Nissan-Rogue-2026.jpg'},{url:'https://imagescdn.d2cmedia.ca/cba731ba1ad0c1a3ce7e0332be2cb588f1/2062/14308347/3/Nissan-Rogue-2026.jpg'},{url:'https://imagescdn.d2cmedia.ca/cba731ba1ad0c1a3ce7e0332be2cb588f1/2062/14308347/4/Nissan-Rogue-2026.jpg'},{url:'https://imagescdn.d2cmedia.ca/cba731ba1ad0c1a3ce7e0332be2cb588f1/2062/14308347/5/Nissan-Rogue-2026.jpg'},{url:'https://imagescdn.d2cmedia.ca/cba731ba1ad0c1a3ce7e0332be2cb588f1/2062/14308347/6/Nissan-Rogue-2026.jpg'},{url:'https://imagescdn.d2cmedia.ca/cba731ba1ad0c1a3ce7e0332be2cb588f1/2062/14308347/7/Nissan-Rogue-2026.jpg'},{url:'https://imagescdn.d2cmedia.ca/cba731ba1ad0c1a3ce7e0332be2cb588f1/2062/14308347/8/Nissan-Rogue-2026.jpg'},{url:'https://imagescdn.d2cmedia.ca/cba731ba1ad0c1a3ce7e0332be2cb588f1/2062/14308347/9/Nissan-Rogue-2026.jpg'}]",50,KM,https://www.altanissanrh.com/new/inventory/2026-Nissan-Rogue-id14308347.html,2026 Nissan Rogue Awd Sv Moonroof at Alta Nissan Richmond Hill,36821 CAD,New,White,Dark grey,2062,Alta Nissan Richmond Hill,+1-905-780-7771,"{addr1: '11667 Yonge St.', city: 'Richmond Hill', region: 'Ontario', postal_code: 'L4E 3N8', country: 'CA'}",43.9028000000,-79.4448000000,,,,,https://www.altanissanrh.com/privacy-policy.html,New,2062,In stock,,36821 CAD,Free,
JN8BT3BB9TW101768,JN8BT3BB9TW101768,RY26R319-new,Nissan,Rogue,Awd Sv Moonroof,2026,AUTOMATIC,SUV,GASOLINE,AWD,"2026 Nissan Rogue Awd Sv Moonroof, White exterior, All-wheel drive","[{url:'https://imagescdn.d2cmedia.ca/cb0865222395ec3efe250d7c3592f50459/2062/14368324/1/Nissan-Rogue-2026.jpg'},{url:'https://imagescdn.d2cmedia.ca/s80865222395ec3efe250d7c3592f50459/2062/14368324/1/Nissan-Rogue-2026.jpg'},{url:'https://imagescdn.d2cmedia.ca/cb0865222395ec3efe250d7c3592f50459/2062/14368324/2/Nissan-Rogue-2026.jpg'},{url:'https://imagescdn.d2cmedia.ca/cb0865222395ec3efe250d7c3592f50459/2062/14368324/3/Nissan-Rogue-2026.jpg'},{url:'https://imagescdn.d2cmedia.ca/cb0865222395ec3efe250d7c3592f50459/2062/14368324/4/Nissan-Rogue-2026.jpg'},{url:'https://imagescdn.d2cmedia.ca/cb0865222395ec3efe250d7c3592f50459/2062/14368324/5/Nissan-Rogue-2026.jpg'},{url:'https://imagescdn.d2cmedia.ca/cb0865222395ec3efe250d7c3592f50459/2062/14368324/6/Nissan-Rogue-2026.jpg'},{url:'https://imagescdn.d2cmedia.ca/cb0865222395ec3efe250d7c3592f50459/2062/14368324/7/Nissan-Rogue-2026.jpg'},{url:'https://imagescdn.d2cmedia.ca/cb0865222395ec3efe250d7c3592f50459/2062/14368324/8/Nissan-Rogue-2026.jpg'},{url:'https://imagescdn.d2cmedia.ca/cb0865222395ec3efe250d7c3592f50459/2062/14368324/9/Nissan-Rogue-2026.jpg'}]",50,KM,https://www.altanissanrh.com/new/inventory/2026-Nissan-Rogue-id14368324.html,2026 Nissan Rogue Awd Sv Moonroof at Alta Nissan Richmond Hill,36821 CAD,New,White,Dark grey,2062,Alta Nissan Richmond Hill,+1-905-780-7771,"{addr1: '11667 Yonge St.', city: 'Richmond Hill', region: 'Ontario', postal_code: 'L4E 3N8', country: 'CA'}",43.9028000000,-79.4448000000,,,,,https://www.altanissanrh.com/privacy-policy.html,New,2062,In stock,,36821 CAD,Free,
JN8BT3BB8TW101700,JN8BT3BB8TW101700,RY26R321-new,Nissan,Rogue,Awd Sv Moonroof,2026,AUTOMATIC,SUV,GASOLINE,AWD,"2026 Nissan Rogue Awd Sv Moonroof, White exterior, All-wheel drive","[{url:'https://imagescdn.d2cmedia.ca/cbab55909f6c4d302ffdbda561b16d404f/2062/14376943/1/Nissan-Rogue-2026.jpg'},{url:'https://imagescdn.d2cmedia.ca/s8ab55909f6c4d302ffdbda561b16d404f/2062/14376943/1/Nissan-Rogue-2026.jpg'},{url:'https://imagescdn.d2cmedia.ca/cbab55909f6c4d302ffdbda561b16d404f/2062/14376943/2/Nissan-Rogue-2026.jpg'},{url:'https://imagescdn.d2cmedia.ca/cbab55909f6c4d302ffdbda561b16d404f/2062/14376943/3/Nissan-Rogue-2026.jpg'},{url:'https://imagescdn.d2cmedia.ca/cbab55909f6c4d302ffdbda561b16d404f/2062/14376943/4/Nissan-Rogue-2026.jpg'},{url:'https://imagescdn.d2cmedia.ca/cbab55909f6c4d302ffdbda561b16d404f/2062/14376943/5/Nissan-Rogue-2026.jpg'},{url:'https://imagescdn.d2cmedia.ca/cbab55909f6c4d302ffdbda561b16d404f/2062/14376943/6/Nissan-Rogue-2026.jpg'},{url:'https://imagescdn.d2cmedia.ca/cbab55909f6c4d302ffdbda561b16d404f/2062/14376943/7/Nissan-Rogue-2026.jpg'},{url:'https://imagescdn.d2cmedia.ca/cbab55909f6c4d302ffdbda561b16d404f/2062/14376943/8/Nissan-Rogue-2026.jpg'},{url:'https://imagescdn.d2cmedia.ca/cbab55909f6c4d302ffdbda561b16d404f/2062/14376943/9/Nissan-Rogue-2026.jpg'}]",50,KM,https://www.altanissanrh.com/new/inventory/2026-Nissan-Rogue-id14376943.html,2026 Nissan Rogue Awd Sv Moonroof at Alta Nissan Richmond Hill,36821 CAD,New,White,Dark grey,2062,Alta Nissan Richmond Hill,+1-905-780-7771,"{addr1: '11667 Yonge St.', city: 'Richmond Hill', region: 'Ontario', postal_code: 'L4E 3N8', country: 'CA'}",43.9028000000,-79.4448000000,,,,,https://www.altanissanrh.com/privacy-policy.html,New,2062,In stock,,36821 CAD,Free,
JN8BT3BB6TW101954,JN8BT3BB6TW101954,RY26R332-new,Nissan,Rogue,Awd Sv Moonroof,2026,AUTOMATIC,SUV,GASOLINE,AWD,"2026 Nissan Rogue Awd Sv Moonroof, White exterior, All-wheel drive","[{url:'https://imagescdn.d2cmedia.ca/cbe910597b55614cc310ba005583b7a316/2062/14416462/1/Nissan-Rogue-2026.jpg'},{url:'https://imagescdn.d2cmedia.ca/s8e910597b55614cc310ba005583b7a316/2062/14416462/1/Nissan-Rogue-2026.jpg'},{url:'https://imagescdn.d2cmedia.ca/cbe910597b55614cc310ba005583b7a316/2062/14416462/2/Nissan-Rogue-2026.jpg'},{url:'https://imagescdn.d2cmedia.ca/cbe910597b55614cc310ba005583b7a316/2062/14416462/3/Nissan-Rogue-2026.jpg'},{url:'https://imagescdn.d2cmedia.ca/cbe910597b55614cc310ba005583b7a316/2062/14416462/4/Nissan-Rogue-2026.jpg'},{url:'https://imagescdn.d2cmedia.ca/cbe910597b55614cc310ba005583b7a316/2062/14416462/5/Nissan-Rogue-2026.jpg'},{url:'https://imagescdn.d2cmedia.ca/cbe910597b55614cc310ba005583b7a316/2062/14416462/6/Nissan-Rogue-2026.jpg'},{url:'https://imagescdn.d2cmedia.ca/cbe910597b55614cc310ba005583b7a316/2062/14416462/7/Nissan-Rogue-2026.jpg'},{url:'https://imagescdn.d2cmedia.ca/cbe910597b55614cc310ba005583b7a316/2062/14416462/8/Nissan-Rogue-2026.jpg'},{url:'https://imagescdn.d2cmedia.ca/cbe910597b55614cc310ba005583b7a316/2062/14416462/9/Nissan-Rogue-2026.jpg'}]",50,KM,https://www.altanissanrh.com/new/inventory/2026-Nissan-Rogue-id14416462.html,2026 Nissan Rogue Awd Sv Moonroof at Alta Nissan Richmond Hill,36821 CAD,New,White,Dark grey,2062,Alta Nissan Richmond Hill,+1-905-780-7771,"{addr1: '11667 Yonge St.', city: 'Richmond Hill', region: 'Ontario', postal_code: 'L4E 3N8', country: 'CA'}",43.9028000000,-79.4448000000,,,,,https://www.altanissanrh.com/privacy-policy.html,New,2062,In stock,,36821 CAD,Free,
JN8BT3BB6TW102120,JN8BT3BB6TW102120,RY26R333-new,Nissan,Rogue,Awd Sv Moonroof,2026,AUTOMATIC,SUV,GASOLINE,AWD,"2026 Nissan Rogue Awd Sv Moonroof, Dark grey exterior, All-wheel drive","[{url:'https://imagescdn.d2cmedia.ca/cbfb9782083bc8c8facf4442df9068e7e8/2062/14435924/1/Nissan-Rogue-2026.jpg'},{url:'https://imagescdn.d2cmedia.ca/s8fb9782083bc8c8facf4442df9068e7e8/2062/14435924/1/Nissan-Rogue-2026.jpg'},{url:'https://imagescdn.d2cmedia.ca/cbfb9782083bc8c8facf4442df9068e7e8/2062/14435924/2/Nissan-Rogue-2026.jpg'},{url:'https://imagescdn.d2cmedia.ca/cbfb9782083bc8c8facf4442df9068e7e8/2062/14435924/3/Nissan-Rogue-2026.jpg'},{url:'https://imagescdn.d2cmedia.ca/cbfb9782083bc8c8facf4442df9068e7e8/2062/14435924/4/Nissan-Rogue-2026.jpg'},{url:'https://imagescdn.d2cmedia.ca/cbfb9782083bc8c8facf4442df9068e7e8/2062/14435924/5/Nissan-Rogue-2026.jpg'},{url:'https://imagescdn.d2cmedia.ca/cbfb9782083bc8c8facf4442df9068e7e8/2062/14435924/6/Nissan-Rogue-2026.jpg'},{url:'https://imagescdn.d2cmedia.ca/cbfb9782083bc8c8facf4442df9068e7e8/2062/14435924/7/Nissan-Rogue-2026.jpg'},{url:'https://imagescdn.d2cmedia.ca/cbfb9782083bc8c8facf4442df9068e7e8/2062/14435924/8/Nissan-Rogue-2026.jpg'},{url:'https://imagescdn.d2cmedia.ca/cbfb9782083bc8c8facf4442df9068e7e8/2062/14435924/9/Nissan-Rogue-2026.jpg'}]",50,KM,https://www.altanissanrh.com/new/inventory/2026-Nissan-Rogue-id14435924.html,2026 Nissan Rogue Awd Sv Moonroof at Alta Nissan Richmond Hill,36821 CAD,New,Dark grey,Dark grey,2062,Alta Nissan Richmond Hill,+1-905-780-7771,"{addr1: '11667 Yonge St.', city: 'Richmond Hill', region: 'Ontario', postal_code: 'L4E 3N8', country: 'CA'}",43.9028000000,-79.4448000000,,,,,https://www.altanissanrh.com/privacy-policy.html,New,2062,In stock,,36821 CAD,Free,
JN8BT3BB7TW102210,JN8BT3BB7TW102210,RY26R341-new,Nissan,Rogue,Awd Sv Moonroof,2026,AUTOMATIC,SUV,GASOLINE,AWD,"2026 Nissan Rogue Awd Sv Moonroof, White exterior, All-wheel drive","[{url:'https://imagescdn.d2cmedia.ca/cb0dc44e8b387766f2cc4ff1f01cb902dd/2062/14445575/1/Nissan-Rogue-2026.jpg'},{url:'https://imagescdn.d2cmedia.ca/s80dc44e8b387766f2cc4ff1f01cb902dd/2062/14445575/1/Nissan-Rogue-2026.jpg'},{url:'https://imagescdn.d2cmedia.ca/cb0dc44e8b387766f2cc4ff1f01cb902dd/2062/14445575/2/Nissan-Rogue-2026.jpg'},{url:'https://imagescdn.d2cmedia.ca/cb0dc44e8b387766f2cc4ff1f01cb902dd/2062/14445575/3/Nissan-Rogue-2026.jpg'},{url:'https://imagescdn.d2cmedia.ca/cb0dc44e8b387766f2cc4ff1f01cb902dd/2062/14445575/4/Nissan-Rogue-2026.jpg'},{url:'https://imagescdn.d2cmedia.ca/cb0dc44e8b387766f2cc4ff1f01cb902dd/2062/14445575/5/Nissan-Rogue-2026.jpg'},{url:'https://imagescdn.d2cmedia.ca/cb0dc44e8b387766f2cc4ff1f01cb902dd/2062/14445575/6/Nissan-Rogue-2026.jpg'},{url:'https://imagescdn.d2cmedia.ca/cb0dc44e8b387766f2cc4ff1f01cb902dd/2062/14445575/7/Nissan-Rogue-2026.jpg'},{url:'https://imagescdn.d2cmedia.ca/cb0dc44e8b387766f2cc4ff1f01cb902dd/2062/14445575/8/Nissan-Rogue-2026.jpg'},{url:'https://imagescdn.d2cmedia.ca/cb0dc44e8b387766f2cc4ff1f01cb902dd/2062/14445575/9/Nissan-Rogue-2026.jpg'}]",50,KM,https://www.altanissanrh.com/new/inventory/2026-Nissan-Rogue-id14445575.html,2026 Nissan Rogue Awd Sv Moonroof at Alta Nissan Richmond Hill,36821 CAD,New,White,Dark grey,2062,Alta Nissan Richmond Hill,+1-905-780-7771,"{addr1: '11667 Yonge St.', city: 'Richmond Hill', region: 'Ontario', postal_code: 'L4E 3N8', country: 'CA'}",43.9028000000,-79.4448000000,,,,,https://www.altanissanrh.com/privacy-policy.html,New,2062,In stock,,36821 CAD,Free,
JN8BT3BB0TW101660,JN8BT3BB0TW101660,RY26R343-new,Nissan,Rogue,Awd Sv Moonroof,2026,AUTOMATIC,SUV,GASOLINE,AWD,"2026 Nissan Rogue Awd Sv Moonroof, White exterior, All-wheel drive","[{url:'https://imagescdn.d2cmedia.ca/cb98e2f2ef98c8155745e09487c4dbfa0e/2062/14465424/1/Nissan-Rogue-2026.jpg'},{url:'https://imagescdn.d2cmedia.ca/s898e2f2ef98c8155745e09487c4dbfa0e/2062/14465424/1/Nissan-Rogue-2026.jpg'},{url:'https://imagescdn.d2cmedia.ca/cb98e2f2ef98c8155745e09487c4dbfa0e/2062/14465424/2/Nissan-Rogue-2026.jpg'},{url:'https://imagescdn.d2cmedia.ca/cb98e2f2ef98c8155745e09487c4dbfa0e/2062/14465424/3/Nissan-Rogue-2026.jpg'},{url:'https://imagescdn.d2cmedia.ca/cb98e2f2ef98c8155745e09487c4dbfa0e/2062/14465424/4/Nissan-Rogue-2026.jpg'},{url:'https://imagescdn.d2cmedia.ca/cb98e2f2ef98c8155745e09487c4dbfa0e/2062/14465424/5/Nissan-Rogue-2026.jpg'},{url:'https://imagescdn.d2cmedia.ca/cb98e2f2ef98c8155745e09487c4dbfa0e/2062/14465424/6/Nissan-Rogue-2026.jpg'},{url:'https://imagescdn.d2cmedia.ca/cb98e2f2ef98c8155745e09487c4dbfa0e/2062/14465424/7/Nissan-Rogue-2026.jpg'},{url:'https://imagescdn.d2cmedia.ca/cb98e2f2ef98c8155745e09487c4dbfa0e/2062/14465424/8/Nissan-Rogue-2026.jpg'},{url:'https://imagescdn.d2cmedia.ca/cb98e2f2ef98c8155745e09487c4dbfa0e/2062/14465424/9/Nissan-Rogue-2026.jpg'}]",50,KM,https://www.altanissanrh.com/new/inventory/2026-Nissan-Rogue-id14465424.html,2026 Nissan Rogue Awd Sv Moonroof at Alta Nissan Richmond Hill,36821 CAD,New,White,Dark grey,2062,Alta Nissan Richmond Hill,+1-905-780-7771,"{addr1: '11667 Yonge St.', city: 'Richmond Hill', region: 'Ontario', postal_code: 'L4E 3N8', country: 'CA'}",43.9028000000,-79.4448000000,,,,,https://www.altanissanrh.com/privacy-policy.html,New,2062,In stock,,36821 CAD,Free,
JN8BT3AB3TW100729,JN8BT3AB3TW100729,RY26R302-new,Nissan,Rogue,Awd S,2026,AUTOMATIC,SUV,GASOLINE,AWD,"2026 Nissan Rogue Awd S, Black exterior, All-wheel drive","[{url:'https://imagescdn.d2cmedia.ca/cbd57d4479e512d927cb864f1873880041/2062/14289763/1/Nissan-Rogue-2026.jpg'},{url:'https://imagescdn.d2cmedia.ca/s8d57d4479e512d927cb864f1873880041/2062/14289763/1/Nissan-Rogue-2026.jpg'},{url:'https://imagescdn.d2cmedia.ca/cbd57d4479e512d927cb864f1873880041/2062/14289763/2/Nissan-Rogue-2026.jpg'},{url:'https://imagescdn.d2cmedia.ca/cbd57d4479e512d927cb864f1873880041/2062/14289763/3/Nissan-Rogue-2026.jpg'},{url:'https://imagescdn.d2cmedia.ca/cbd57d4479e512d927cb864f1873880041/2062/14289763/4/Nissan-Rogue-2026.jpg'},{url:'https://imagescdn.d2cmedia.ca/cbd57d4479e512d927cb864f1873880041/2062/14289763/5/Nissan-Rogue-2026.jpg'},{url:'https://imagescdn.d2cmedia.ca/cbd57d4479e512d927cb864f1873880041/2062/14289763/6/Nissan-Rogue-2026.jpg'},{url:'https://imagescdn.d2cmedia.ca/cbd57d4479e512d927cb864f1873880041/2062/14289763/7/Nissan-Rogue-2026.jpg'},{url:'https://imagescdn.d2cmedia.ca/cbd57d4479e512d927cb864f1873880041/2062/14289763/8/Nissan-Rogue-2026.jpg'},{url:'https://imagescdn.d2cmedia.ca/cbd57d4479e512d927cb864f1873880041/2062/14289763/9/Nissan-Rogue-2026.jpg'}]",50,KM,https://www.altanissanrh.com/new/inventory/2026-Nissan-Rogue-id14289763.html,2026 Nissan Rogue Awd S at Alta Nissan Richmond Hill,37721 CAD,New,Black,Dark grey,2062,Alta Nissan Richmond Hill,+1-905-780-7771,"{addr1: '11667 Yonge St.', city: 'Richmond Hill', region: 'Ontario', postal_code: 'L4E 3N8', country: 'CA'}",43.9028000000,-79.4448000000,,,,,https://www.altanissanrh.com/privacy-policy.html,New,2062,In stock,,37721 CAD,Free,
JN8BT3AB3TW386596,JN8BT3AB3TW386596,RY26R250-new,Nissan,Rogue,Awd S,2026,AUTOMATIC,SUV,GASOLINE,AWD,"2026 Nissan Rogue Awd S, Red exterior, All-wheel drive","[{url:'https://imagescdn.d2cmedia.ca/cb7670fcd377fc25ba1def1c60fde27ffb/2062/14156144/1/Nissan-Rogue-2026.jpg'},{url:'https://imagescdn.d2cmedia.ca/s87670fcd377fc25ba1def1c60fde27ffb/2062/14156144/1/Nissan-Rogue-2026.jpg'},{url:'https://imagescdn.d2cmedia.ca/cb7670fcd377fc25ba1def1c60fde27ffb/2062/14156144/2/Nissan-Rogue-2026.jpg'},{url:'https://imagescdn.d2cmedia.ca/cb7670fcd377fc25ba1def1c60fde27ffb/2062/14156144/3/Nissan-Rogue-2026.jpg'},{url:'https://imagescdn.d2cmedia.ca/cb7670fcd377fc25ba1def1c60fde27ffb/2062/14156144/4/Nissan-Rogue-2026.jpg'},{url:'https://imagescdn.d2cmedia.ca/cb7670fcd377fc25ba1def1c60fde27ffb/2062/14156144/5/Nissan-Rogue-2026.jpg'},{url:'https://imagescdn.d2cmedia.ca/cb7670fcd377fc25ba1def1c60fde27ffb/2062/14156144/6/Nissan-Rogue-2026.jpg'},{url:'https://imagescdn.d2cmedia.ca/cb7670fcd377fc25ba1def1c60fde27ffb/2062/14156144/7/Nissan-Rogue-2026.jpg'},{url:'https://imagescdn.d2cmedia.ca/cb7670fcd377fc25ba1def1c60fde27ffb/2062/14156144/8/Nissan-Rogue-2026.jpg'},{url:'https://imagescdn.d2cmedia.ca/cb7670fcd377fc25ba1def1c60fde27ffb/2062/14156144/9/Nissan-Rogue-2026.jpg'}]",50,KM,https://www.altanissanrh.com/new/inventory/2026-Nissan-Rogue-id14156144.html,2026 Nissan Rogue Awd S at Alta Nissan Richmond Hill,37971 CAD,New,Red,Dark grey,2062,Alta Nissan Richmond Hill,+1-905-780-7771,"{addr1: '11667 Yonge St.', city: 'Richmond Hill', region: 'Ontario', postal_code: 'L4E 3N8', country: 'CA'}",43.9028000000,-79.4448000000,,,,,https://www.altanissanrh.com/privacy-policy.html,New,2062,In stock,,37971 CAD,Free,
JN8BT3BB1TW389687,JN8BT3BB1TW389687,RY26R329-new,Nissan,Rogue,Awd Sv Dark Armor,2026,AUTOMATIC,SUV,GASOLINE,AWD,"2026 Nissan Rogue Awd Sv Dark Armor, Black exterior, All-wheel drive","[{url:'https://imagescdn.d2cmedia.ca/cb985927430b45abf738301d12148fc88b/2062/14395942/1/Nissan-Rogue-2026.jpg'},{url:'https://imagescdn.d2cmedia.ca/s8985927430b45abf738301d12148fc88b/2062/14395942/1/Nissan-Rogue-2026.jpg'},{url:'https://imagescdn.d2cmedia.ca/cb985927430b45abf738301d12148fc88b/2062/14395942/2/Nissan-Rogue-2026.jpg'},{url:'https://imagescdn.d2cmedia.ca/cb985927430b45abf738301d12148fc88b/2062/14395942/3/Nissan-Rogue-2026.jpg'},{url:'https://imagescdn.d2cmedia.ca/cb985927430b45abf738301d12148fc88b/2062/14395942/4/Nissan-Rogue-2026.jpg'},{url:'https://imagescdn.d2cmedia.ca/cb985927430b45abf738301d12148fc88b/2062/14395942/5/Nissan-Rogue-2026.jpg'},{url:'https://imagescdn.d2cmedia.ca/cb985927430b45abf738301d12148fc88b/2062/14395942/6/Nissan-Rogue-2026.jpg'},{url:'https://imagescdn.d2cmedia.ca/cb985927430b45abf738301d12148fc88b/2062/14395942/7/Nissan-Rogue-2026.jpg'},{url:'https://imagescdn.d2cmedia.ca/cb985927430b45abf738301d12148fc88b/2062/14395942/8/Nissan-Rogue-2026.jpg'},{url:'https://imagescdn.d2cmedia.ca/cb985927430b45abf738301d12148fc88b/2062/14395942/9/Nissan-Rogue-2026.jpg'}]",50,KM,https://www.altanissanrh.com/new/inventory/2026-Nissan-Rogue-id14395942.html,2026 Nissan Rogue Awd Sv Dark Armor at Alta Nissan Richmond Hill,38921 CAD,New,Black,Dark grey,2062,Alta Nissan Richmond Hill,+1-905-780-7771,"{addr1: '11667 Yonge St.', city: 'Richmond Hill', region: 'Ontario', postal_code: 'L4E 3N8', country: 'CA'}",43.9028000000,-79.4448000000,,,,,https://www.altanissanrh.com/privacy-policy.html,New,2062,In stock,,38921 CAD,Free,
JN8BT3BB7TW386728,JN8BT3BB7TW386728,RY26R265-new,Nissan,Rogue,Awd Rock Creek,2026,AUTOMATIC,SUV,GASOLINE,AWD,"2026 Nissan Rogue Awd Rock Creek, Black exterior, All-wheel drive","[{url:'https://imagescdn.d2cmedia.ca/cb155bec49275ecc6870d4f7d3300cf3a2/2062/14223493/1/Nissan-Rogue-2026.jpg'},{url:'https://imagescdn.d2cmedia.ca/s8155bec49275ecc6870d4f7d3300cf3a2/2062/14223493/1/Nissan-Rogue-2026.jpg'},{url:'https://imagescdn.d2cmedia.ca/cb155bec49275ecc6870d4f7d3300cf3a2/2062/14223493/2/Nissan-Rogue-2026.jpg'},{url:'https://imagescdn.d2cmedia.ca/cb155bec49275ecc6870d4f7d3300cf3a2/2062/14223493/3/Nissan-Rogue-2026.jpg'},{url:'https://imagescdn.d2cmedia.ca/cb155bec49275ecc6870d4f7d3300cf3a2/2062/14223493/4/Nissan-Rogue-2026.jpg'},{url:'https://imagescdn.d2cmedia.ca/cb155bec49275ecc6870d4f7d3300cf3a2/2062/14223493/5/Nissan-Rogue-2026.jpg'},{url:'https://imagescdn.d2cmedia.ca/cb155bec49275ecc6870d4f7d3300cf3a2/2062/14223493/6/Nissan-Rogue-2026.jpg'},{url:'https://imagescdn.d2cmedia.ca/cb155bec49275ecc6870d4f7d3300cf3a2/2062/14223493/7/Nissan-Rogue-2026.jpg'},{url:'https://imagescdn.d2cmedia.ca/cb155bec49275ecc6870d4f7d3300cf3a2/2062/14223493/8/Nissan-Rogue-2026.jpg'},{url:'https://imagescdn.d2cmedia.ca/cb155bec49275ecc6870d4f7d3300cf3a2/2062/14223493/9/Nissan-Rogue-2026.jpg'}]",50,KM,https://www.altanissanrh.com/new/inventory/2026-Nissan-Rogue-id14223493.html,2026 Nissan Rogue Awd Rock Creek at Alta Nissan Richmond Hill,39921 CAD,New,Black,Dark grey,2062,Alta Nissan Richmond Hill,+1-905-780-7771,"{addr1: '11667 Yonge St.', city: 'Richmond Hill', region: 'Ontario', postal_code: 'L4E 3N8', country: 'CA'}",43.9028000000,-79.4448000000,,,,,https://www.altanissanrh.com/privacy-policy.html,New,2062,In stock,,39921 CAD,Free,
JN8BT3BB3TW387567,JN8BT3BB3TW387567,RY26R278-new,Nissan,Rogue,Awd Rock Creek,2026,AUTOMATIC,SUV,GASOLINE,AWD,"2026 Nissan Rogue Awd Rock Creek, Black exterior, All-wheel drive","[{url:'https://imagescdn.d2cmedia.ca/cb7bc94927148f4db47f87359201ae2942/2062/14284552/1/Nissan-Rogue-2026.jpg'},{url:'https://imagescdn.d2cmedia.ca/s87bc94927148f4db47f87359201ae2942/2062/14284552/1/Nissan-Rogue-2026.jpg'},{url:'https://imagescdn.d2cmedia.ca/cb7bc94927148f4db47f87359201ae2942/2062/14284552/2/Nissan-Rogue-2026.jpg'},{url:'https://imagescdn.d2cmedia.ca/cb7bc94927148f4db47f87359201ae2942/2062/14284552/3/Nissan-Rogue-2026.jpg'},{url:'https://imagescdn.d2cmedia.ca/cb7bc94927148f4db47f87359201ae2942/2062/14284552/4/Nissan-Rogue-2026.jpg'},{url:'https://imagescdn.d2cmedia.ca/cb7bc94927148f4db47f87359201ae2942/2062/14284552/5/Nissan-Rogue-2026.jpg'},{url:'https://imagescdn.d2cmedia.ca/cb7bc94927148f4db47f87359201ae2942/2062/14284552/6/Nissan-Rogue-2026.jpg'},{url:'https://imagescdn.d2cmedia.ca/cb7bc94927148f4db47f87359201ae2942/2062/14284552/7/Nissan-Rogue-2026.jpg'},{url:'https://imagescdn.d2cmedia.ca/cb7bc94927148f4db47f87359201ae2942/2062/14284552/8/Nissan-Rogue-2026.jpg'},{url:'https://imagescdn.d2cmedia.ca/cb7bc94927148f4db47f87359201ae2942/2062/14284552/9/Nissan-Rogue-2026.jpg'}]",50,KM,https://www.altanissanrh.com/new/inventory/2026-Nissan-Rogue-id14284552.html,2026 Nissan Rogue Awd Rock Creek at Alta Nissan Richmond Hill,39921 CAD,New,Black,Dark grey,2062,Alta Nissan Richmond Hill,+1-905-780-7771,"{addr1: '11667 Yonge St.', city: 'Richmond Hill', region: 'Ontario', postal_code: 'L4E 3N8', country: 'CA'}",43.9028000000,-79.4448000000,,,,,https://www.altanissanrh.com/privacy-policy.html,New,2062,In stock,,39921 CAD,Free,
JN8BT3BB9TW388688,JN8BT3BB9TW388688,RY26R281-new,Nissan,Rogue,Awd Rock Creek,2026,AUTOMATIC,SUV,GASOLINE,AWD,"2026 Nissan Rogue Awd Rock Creek, Black exterior, All-wheel drive","[{url:'https://imagescdn.d2cmedia.ca/cbcb19d41f2c8f2c6341298389cbabf8f8/2062/14284555/1/Nissan-Rogue-2026.jpg'},{url:'https://imagescdn.d2cmedia.ca/s8cb19d41f2c8f2c6341298389cbabf8f8/2062/14284555/1/Nissan-Rogue-2026.jpg'},{url:'https://imagescdn.d2cmedia.ca/cbcb19d41f2c8f2c6341298389cbabf8f8/2062/14284555/2/Nissan-Rogue-2026.jpg'},{url:'https://imagescdn.d2cmedia.ca/cbcb19d41f2c8f2c6341298389cbabf8f8/2062/14284555/3/Nissan-Rogue-2026.jpg'},{url:'https://imagescdn.d2cmedia.ca/cbcb19d41f2c8f2c6341298389cbabf8f8/2062/14284555/4/Nissan-Rogue-2026.jpg'},{url:'https://imagescdn.d2cmedia.ca/cbcb19d41f2c8f2c6341298389cbabf8f8/2062/14284555/5/Nissan-Rogue-2026.jpg'},{url:'https://imagescdn.d2cmedia.ca/cbcb19d41f2c8f2c6341298389cbabf8f8/2062/14284555/6/Nissan-Rogue-2026.jpg'},{url:'https://imagescdn.d2cmedia.ca/cbcb19d41f2c8f2c6341298389cbabf8f8/2062/14284555/7/Nissan-Rogue-2026.jpg'},{url:'https://imagescdn.d2cmedia.ca/cbcb19d41f2c8f2c6341298389cbabf8f8/2062/14284555/8/Nissan-Rogue-2026.jpg'},{url:'https://imagescdn.d2cmedia.ca/cbcb19d41f2c8f2c6341298389cbabf8f8/2062/14284555/9/Nissan-Rogue-2026.jpg'}]",50,KM,https://www.altanissanrh.com/new/inventory/2026-Nissan-Rogue-id14284555.html,2026 Nissan Rogue Awd Rock Creek at Alta Nissan Richmond Hill,39921 CAD,New,Black,Dark grey,2062,Alta Nissan Richmond Hill,+1-905-780-7771,"{addr1: '11667 Yonge St.', city: 'Richmond Hill', region: 'Ontario', postal_code: 'L4E 3N8', country: 'CA'}",43.9028000000,-79.4448000000,,,,,https://www.altanissanrh.com/privacy-policy.html,New,2062,In stock,,39921 CAD,Free,
JN8BT3BB1TW380388,JN8BT3BB1TW380388,RY26R156-new,Nissan,Rogue,Awd Rock Creek,2026,AUTOMATIC,SUV,GASOLINE,AWD,"2026 Nissan Rogue Awd Rock Creek, White exterior, All-wheel drive","[{url:'https://imagescdn.d2cmedia.ca/cba8e7cea608404ebe9d7de4c016e3eed3/2062/13794776/1/Nissan-Rogue-2026.jpg'},{url:'https://imagescdn.d2cmedia.ca/s8a8e7cea608404ebe9d7de4c016e3eed3/2062/13794776/1/Nissan-Rogue-2026.jpg'},{url:'https://imagescdn.d2cmedia.ca/cba8e7cea608404ebe9d7de4c016e3eed3/2062/13794776/2/Nissan-Rogue-2026.jpg'},{url:'https://imagescdn.d2cmedia.ca/cba8e7cea608404ebe9d7de4c016e3eed3/2062/13794776/3/Nissan-Rogue-2026.jpg'},{url:'https://imagescdn.d2cmedia.ca/cba8e7cea608404ebe9d7de4c016e3eed3/2062/13794776/4/Nissan-Rogue-2026.jpg'},{url:'https://imagescdn.d2cmedia.ca/cba8e7cea608404ebe9d7de4c016e3eed3/2062/13794776/5/Nissan-Rogue-2026.jpg'},{url:'https://imagescdn.d2cmedia.ca/cba8e7cea608404ebe9d7de4c016e3eed3/2062/13794776/6/Nissan-Rogue-2026.jpg'},{url:'https://imagescdn.d2cmedia.ca/cba8e7cea608404ebe9d7de4c016e3eed3/2062/13794776/7/Nissan-Rogue-2026.jpg'},{url:'https://imagescdn.d2cmedia.ca/cba8e7cea608404ebe9d7de4c016e3eed3/2062/13794776/8/Nissan-Rogue-2026.jpg'},{url:'https://imagescdn.d2cmedia.ca/cba8e7cea608404ebe9d7de4c016e3eed3/2062/13794776/9/Nissan-Rogue-2026.jpg'}]",50,KM,https://www.altanissanrh.com/new/inventory/2026-Nissan-Rogue-id13794776.html,2026 Nissan Rogue Awd Rock Creek at Alta Nissan Richmond Hill,40171 CAD,New,White,Dark grey,2062,Alta Nissan Richmond Hill,+1-905-780-7771,"{addr1: '11667 Yonge St.', city: 'Richmond Hill', region: 'Ontario', postal_code: 'L4E 3N8', country: 'CA'}",43.9028000000,-79.4448000000,,,,,https://www.altanissanrh.com/privacy-policy.html,New,2062,In stock,,40171 CAD,Free,
JN8BT3BB7TW383781,JN8BT3BB7TW383781,RY26R200-new,Nissan,Rogue,Awd Rock Creek,2026,AUTOMATIC,SUV,GASOLINE,AWD,"2026 Nissan Rogue Awd Rock Creek, Grey exterior, All-wheel drive","[{url:'https://imagescdn.d2cmedia.ca/cb80ba5d68f56a624144274c2a4d3c5ffa/2062/13988437/1/Nissan-Rogue-2026.jpg'},{url:'https://imagescdn.d2cmedia.ca/s880ba5d68f56a624144274c2a4d3c5ffa/2062/13988437/1/Nissan-Rogue-2026.jpg'},{url:'https://imagescdn.d2cmedia.ca/cb80ba5d68f56a624144274c2a4d3c5ffa/2062/13988437/2/Nissan-Rogue-2026.jpg'},{url:'https://imagescdn.d2cmedia.ca/cb80ba5d68f56a624144274c2a4d3c5ffa/2062/13988437/3/Nissan-Rogue-2026.jpg'},{url:'https://imagescdn.d2cmedia.ca/cb80ba5d68f56a624144274c2a4d3c5ffa/2062/13988437/4/Nissan-Rogue-2026.jpg'},{url:'https://imagescdn.d2cmedia.ca/cb80ba5d68f56a624144274c2a4d3c5ffa/2062/13988437/5/Nissan-Rogue-2026.jpg'},{url:'https://imagescdn.d2cmedia.ca/cb80ba5d68f56a624144274c2a4d3c5ffa/2062/13988437/6/Nissan-Rogue-2026.jpg'},{url:'https://imagescdn.d2cmedia.ca/cb80ba5d68f56a624144274c2a4d3c5ffa/2062/13988437/7/Nissan-Rogue-2026.jpg'},{url:'https://imagescdn.d2cmedia.ca/cb80ba5d68f56a624144274c2a4d3c5ffa/2062/13988437/8/Nissan-Rogue-2026.jpg'},{url:'https://imagescdn.d2cmedia.ca/cb80ba5d68f56a624144274c2a4d3c5ffa/2062/13988437/9/Nissan-Rogue-2026.jpg'}]",50,KM,https://www.altanissanrh.com/new/inventory/2026-Nissan-Rogue-id13988437.html,2026 Nissan Rogue Awd Rock Creek at Alta Nissan Richmond Hill,40171 CAD,New,Grey,Dark grey,2062,Alta Nissan Richmond Hill,+1-905-780-7771,"{addr1: '11667 Yonge St.', city: 'Richmond Hill', region: 'Ontario', postal_code: 'L4E 3N8', country: 'CA'}",43.9028000000,-79.4448000000,,,,,https://www.altanissanrh.com/privacy-policy.html,New,2062,In stock,,40171 CAD,Free,
JN8BT3BBXTW385492,JN8BT3BBXTW385492,RY26R221-new,Nissan,Rogue,Awd Rock Creek,2026,AUTOMATIC,SUV,GASOLINE,AWD,"2026 Nissan Rogue Awd Rock Creek, White exterior, All-wheel drive","[{url:'https://imagescdn.d2cmedia.ca/cb75755de274c99625783e82119ff0ed28/2062/14016356/1/Nissan-Rogue-2026.jpg'},{url:'https://imagescdn.d2cmedia.ca/s875755de274c99625783e82119ff0ed28/2062/14016356/1/Nissan-Rogue-2026.jpg'},{url:'https://imagescdn.d2cmedia.ca/cb75755de274c99625783e82119ff0ed28/2062/14016356/2/Nissan-Rogue-2026.jpg'},{url:'https://imagescdn.d2cmedia.ca/cb75755de274c99625783e82119ff0ed28/2062/14016356/3/Nissan-Rogue-2026.jpg'},{url:'https://imagescdn.d2cmedia.ca/cb75755de274c99625783e82119ff0ed28/2062/14016356/4/Nissan-Rogue-2026.jpg'},{url:'https://imagescdn.d2cmedia.ca/cb75755de274c99625783e82119ff0ed28/2062/14016356/5/Nissan-Rogue-2026.jpg'},{url:'https://imagescdn.d2cmedia.ca/cb75755de274c99625783e82119ff0ed28/2062/14016356/6/Nissan-Rogue-2026.jpg'},{url:'https://imagescdn.d2cmedia.ca/cb75755de274c99625783e82119ff0ed28/2062/14016356/7/Nissan-Rogue-2026.jpg'},{url:'https://imagescdn.d2cmedia.ca/cb75755de274c99625783e82119ff0ed28/2062/14016356/8/Nissan-Rogue-2026.jpg'},{url:'https://imagescdn.d2cmedia.ca/cb75755de274c99625783e82119ff0ed28/2062/14016356/9/Nissan-Rogue-2026.jpg'}]",50,KM,https://www.altanissanrh.com/new/inventory/2026-Nissan-Rogue-id14016356.html,2026 Nissan Rogue Awd Rock Creek at Alta Nissan Richmond Hill,40171 CAD,New,White,Dark grey,2062,Alta Nissan Richmond Hill,+1-905-780-7771,"{addr1: '11667 Yonge St.', city: 'Richmond Hill', region: 'Ontario', postal_code: 'L4E 3N8', country: 'CA'}",43.9028000000,-79.4448000000,,,,,https://www.altanissanrh.com/privacy-policy.html,New,2062,In stock,,40171 CAD,Free,
JN8BT3BB0TW386005,JN8BT3BB0TW386005,RY26R224-new,Nissan,Rogue,Awd Rock Creek,2026,AUTOMATIC,SUV,GASOLINE,AWD,"2026 Nissan Rogue Awd Rock Creek, Green exterior, All-wheel drive","[{url:'https://imagescdn.d2cmedia.ca/cb859b228e6040de921cc3b7dd2f93201b/2062/14031634/1/Nissan-Rogue-2026.jpg'},{url:'https://imagescdn.d2cmedia.ca/s8859b228e6040de921cc3b7dd2f93201b/2062/14031634/1/Nissan-Rogue-2026.jpg'},{url:'https://imagescdn.d2cmedia.ca/cb859b228e6040de921cc3b7dd2f93201b/2062/14031634/2/Nissan-Rogue-2026.jpg'},{url:'https://imagescdn.d2cmedia.ca/cb859b228e6040de921cc3b7dd2f93201b/2062/14031634/3/Nissan-Rogue-2026.jpg'},{url:'https://imagescdn.d2cmedia.ca/cb859b228e6040de921cc3b7dd2f93201b/2062/14031634/4/Nissan-Rogue-2026.jpg'},{url:'https://imagescdn.d2cmedia.ca/cb859b228e6040de921cc3b7dd2f93201b/2062/14031634/5/Nissan-Rogue-2026.jpg'},{url:'https://imagescdn.d2cmedia.ca/cb859b228e6040de921cc3b7dd2f93201b/2062/14031634/6/Nissan-Rogue-2026.jpg'},{url:'https://imagescdn.d2cmedia.ca/cb859b228e6040de921cc3b7dd2f93201b/2062/14031634/7/Nissan-Rogue-2026.jpg'},{url:'https://imagescdn.d2cmedia.ca/cb859b228e6040de921cc3b7dd2f93201b/2062/14031634/8/Nissan-Rogue-2026.jpg'},{url:'https://imagescdn.d2cmedia.ca/cb859b228e6040de921cc3b7dd2f93201b/2062/14031634/9/Nissan-Rogue-2026.jpg'}]",50,KM,https://www.altanissanrh.com/new/inventory/2026-Nissan-Rogue-id14031634.html,2026 Nissan Rogue Awd Rock Creek at Alta Nissan Richmond Hill,40171 CAD,New,Green,Dark grey,2062,Alta Nissan Richmond Hill,+1-905-780-7771,"{addr1: '11667 Yonge St.', city: 'Richmond Hill', region: 'Ontario', postal_code: 'L4E 3N8', country: 'CA'}",43.9028000000,-79.4448000000,,,,,https://www.altanissanrh.com/privacy-policy.html,New,2062,In stock,,40171 CAD,Free,
JN8BT3BB6TW384680,JN8BT3BB6TW384680,RY26R247-new,Nissan,Rogue,Awd Rock Creek,2026,AUTOMATIC,SUV,GASOLINE,AWD,"2026 Nissan Rogue Awd Rock Creek, Green exterior, All-wheel drive","[{url:'https://imagescdn.d2cmedia.ca/cbeaba5c2fa8e09731b11e821d723dce3a/2062/14057068/1/Nissan-Rogue-2026.jpg'},{url:'https://imagescdn.d2cmedia.ca/s8eaba5c2fa8e09731b11e821d723dce3a/2062/14057068/1/Nissan-Rogue-2026.jpg'},{url:'https://imagescdn.d2cmedia.ca/cbeaba5c2fa8e09731b11e821d723dce3a/2062/14057068/2/Nissan-Rogue-2026.jpg'},{url:'https://imagescdn.d2cmedia.ca/cbeaba5c2fa8e09731b11e821d723dce3a/2062/14057068/3/Nissan-Rogue-2026.jpg'},{url:'https://imagescdn.d2cmedia.ca/cbeaba5c2fa8e09731b11e821d723dce3a/2062/14057068/4/Nissan-Rogue-2026.jpg'},{url:'https://imagescdn.d2cmedia.ca/cbeaba5c2fa8e09731b11e821d723dce3a/2062/14057068/5/Nissan-Rogue-2026.jpg'},{url:'https://imagescdn.d2cmedia.ca/cbeaba5c2fa8e09731b11e821d723dce3a/2062/14057068/6/Nissan-Rogue-2026.jpg'},{url:'https://imagescdn.d2cmedia.ca/cbeaba5c2fa8e09731b11e821d723dce3a/2062/14057068/7/Nissan-Rogue-2026.jpg'},{url:'https://imagescdn.d2cmedia.ca/cbeaba5c2fa8e09731b11e821d723dce3a/2062/14057068/8/Nissan-Rogue-2026.jpg'},{url:'https://imagescdn.d2cmedia.ca/cbeaba5c2fa8e09731b11e821d723dce3a/2062/14057068/9/Nissan-Rogue-2026.jpg'}]",50,KM,https://www.altanissanrh.com/new/inventory/2026-Nissan-Rogue-id14057068.html,2026 Nissan Rogue Awd Rock Creek at Alta Nissan Richmond Hill,40171 CAD,New,Green,Dark grey,2062,Alta Nissan Richmond Hill,+1-905-780-7771,"{addr1: '11667 Yonge St.', city: 'Richmond Hill', region: 'Ontario', postal_code: 'L4E 3N8', country: 'CA'}",43.9028000000,-79.4448000000,,,,,https://www.altanissanrh.com/privacy-policy.html,New,2062,In stock,,40171 CAD,Free,
JN8BT3BB4TW385651,JN8BT3BB4TW385651,RY26R252-new,Nissan,Rogue,Awd Rock Creek,2026,AUTOMATIC,SUV,GASOLINE,AWD,"2026 Nissan Rogue Awd Rock Creek, Baja Storm exterior, All-wheel drive","[{url:'https://imagescdn.d2cmedia.ca/cba7aae60ffc0572e43aee3ef74af08a32/2062/14156146/1/Nissan-Rogue-2026.jpg'},{url:'https://imagescdn.d2cmedia.ca/s8a7aae60ffc0572e43aee3ef74af08a32/2062/14156146/1/Nissan-Rogue-2026.jpg'},{url:'https://imagescdn.d2cmedia.ca/cba7aae60ffc0572e43aee3ef74af08a32/2062/14156146/2/Nissan-Rogue-2026.jpg'},{url:'https://imagescdn.d2cmedia.ca/cba7aae60ffc0572e43aee3ef74af08a32/2062/14156146/3/Nissan-Rogue-2026.jpg'},{url:'https://imagescdn.d2cmedia.ca/cba7aae60ffc0572e43aee3ef74af08a32/2062/14156146/4/Nissan-Rogue-2026.jpg'},{url:'https://imagescdn.d2cmedia.ca/cba7aae60ffc0572e43aee3ef74af08a32/2062/14156146/5/Nissan-Rogue-2026.jpg'},{url:'https://imagescdn.d2cmedia.ca/cba7aae60ffc0572e43aee3ef74af08a32/2062/14156146/6/Nissan-Rogue-2026.jpg'},{url:'https://imagescdn.d2cmedia.ca/cba7aae60ffc0572e43aee3ef74af08a32/2062/14156146/7/Nissan-Rogue-2026.jpg'},{url:'https://imagescdn.d2cmedia.ca/cba7aae60ffc0572e43aee3ef74af08a32/2062/14156146/8/Nissan-Rogue-2026.jpg'},{url:'https://imagescdn.d2cmedia.ca/cba7aae60ffc0572e43aee3ef74af08a32/2062/14156146/9/Nissan-Rogue-2026.jpg'}]",50,KM,https://www.altanissanrh.com/new/inventory/2026-Nissan-Rogue-id14156146.html,2026 Nissan Rogue Awd Rock Creek at Alta Nissan Richmond Hill,40171 CAD,New,Baja Storm,Dark grey,2062,Alta Nissan Richmond Hill,+1-905-780-7771,"{addr1: '11667 Yonge St.', city: 'Richmond Hill', region: 'Ontario', postal_code: 'L4E 3N8', country: 'CA'}",43.9028000000,-79.4448000000,,,,,https://www.altanissanrh.com/privacy-policy.html,New,2062,In stock,,40171 CAD,Free,
JN8BT3BB2TW386152,JN8BT3BB2TW386152,RY26R255-new,Nissan,Rogue,Awd Rock Creek,2026,AUTOMATIC,SUV,GASOLINE,AWD,"2026 Nissan Rogue Awd Rock Creek, Green exterior, All-wheel drive","[{url:'https://imagescdn.d2cmedia.ca/cb62b82dcb1032752be53de0dfce4a68f0/2062/14163933/1/Nissan-Rogue-2026.jpg'},{url:'https://imagescdn.d2cmedia.ca/s862b82dcb1032752be53de0dfce4a68f0/2062/14163933/1/Nissan-Rogue-2026.jpg'},{url:'https://imagescdn.d2cmedia.ca/cb62b82dcb1032752be53de0dfce4a68f0/2062/14163933/2/Nissan-Rogue-2026.jpg'},{url:'https://imagescdn.d2cmedia.ca/cb62b82dcb1032752be53de0dfce4a68f0/2062/14163933/3/Nissan-Rogue-2026.jpg'},{url:'https://imagescdn.d2cmedia.ca/cb62b82dcb1032752be53de0dfce4a68f0/2062/14163933/4/Nissan-Rogue-2026.jpg'},{url:'https://imagescdn.d2cmedia.ca/cb62b82dcb1032752be53de0dfce4a68f0/2062/14163933/5/Nissan-Rogue-2026.jpg'},{url:'https://imagescdn.d2cmedia.ca/cb62b82dcb1032752be53de0dfce4a68f0/2062/14163933/6/Nissan-Rogue-2026.jpg'},{url:'https://imagescdn.d2cmedia.ca/cb62b82dcb1032752be53de0dfce4a68f0/2062/14163933/7/Nissan-Rogue-2026.jpg'},{url:'https://imagescdn.d2cmedia.ca/cb62b82dcb1032752be53de0dfce4a68f0/2062/14163933/8/Nissan-Rogue-2026.jpg'},{url:'https://imagescdn.d2cmedia.ca/cb62b82dcb1032752be53de0dfce4a68f0/2062/14163933/9/Nissan-Rogue-2026.jpg'}]",50,KM,https://www.altanissanrh.com/new/inventory/2026-Nissan-Rogue-id14163933.html,2026 Nissan Rogue Awd Rock Creek at Alta Nissan Richmond Hill,40171 CAD,New,Green,Dark grey,2062,Alta Nissan Richmond Hill,+1-905-780-7771,"{addr1: '11667 Yonge St.', city: 'Richmond Hill', region: 'Ontario', postal_code: 'L4E 3N8', country: 'CA'}",43.9028000000,-79.4448000000,,,,,https://www.altanissanrh.com/privacy-policy.html,New,2062,In stock,,40171 CAD,Free,
JN8BT3BB9TW386245,JN8BT3BB9TW386245,RY26R258-new,Nissan,Rogue,Awd Rock Creek,2026,AUTOMATIC,SUV,GASOLINE,AWD,"2026 Nissan Rogue Awd Rock Creek, Baja Storm exterior, All-wheel drive","[{url:'https://imagescdn.d2cmedia.ca/cbad1003969f2333994c8c27bc7fba6da3/2062/14163936/1/Nissan-Rogue-2026.jpg'},{url:'https://imagescdn.d2cmedia.ca/s8ad1003969f2333994c8c27bc7fba6da3/2062/14163936/1/Nissan-Rogue-2026.jpg'},{url:'https://imagescdn.d2cmedia.ca/cbad1003969f2333994c8c27bc7fba6da3/2062/14163936/2/Nissan-Rogue-2026.jpg'},{url:'https://imagescdn.d2cmedia.ca/cbad1003969f2333994c8c27bc7fba6da3/2062/14163936/3/Nissan-Rogue-2026.jpg'},{url:'https://imagescdn.d2cmedia.ca/cbad1003969f2333994c8c27bc7fba6da3/2062/14163936/4/Nissan-Rogue-2026.jpg'},{url:'https://imagescdn.d2cmedia.ca/cbad1003969f2333994c8c27bc7fba6da3/2062/14163936/5/Nissan-Rogue-2026.jpg'},{url:'https://imagescdn.d2cmedia.ca/cbad1003969f2333994c8c27bc7fba6da3/2062/14163936/6/Nissan-Rogue-2026.jpg'},{url:'https://imagescdn.d2cmedia.ca/cbad1003969f2333994c8c27bc7fba6da3/2062/14163936/7/Nissan-Rogue-2026.jpg'},{url:'https://imagescdn.d2cmedia.ca/cbad1003969f2333994c8c27bc7fba6da3/2062/14163936/8/Nissan-Rogue-2026.jpg'},{url:'https://imagescdn.d2cmedia.ca/cbad1003969f2333994c8c27bc7fba6da3/2062/14163936/9/Nissan-Rogue-2026.jpg'}]",50,KM,https://www.altanissanrh.com/new/inventory/2026-Nissan-Rogue-id14163936.html,2026 Nissan Rogue Awd Rock Creek at Alta Nissan Richmond Hill,40171 CAD,New,Baja Storm,Dark grey,2062,Alta Nissan Richmond Hill,+1-905-780-7771,"{addr1: '11667 Yonge St.', city: 'Richmond Hill', region: 'Ontario', postal_code: 'L4E 3N8', country: 'CA'}",43.9028000000,-79.4448000000,,,,,https://www.altanissanrh.com/privacy-policy.html,New,2062,In stock,,40171 CAD,Free,
JN8BT3BBXTW387128,JN8BT3BBXTW387128,RY26R290-new,Nissan,Rogue,Awd Rock Creek,2026,AUTOMATIC,SUV,GASOLINE,AWD,"2026 Nissan Rogue Awd Rock Creek, Grey exterior, All-wheel drive","[{url:'https://imagescdn.d2cmedia.ca/cbc5f14ee84f1c78073c46a563f8073d5f/2062/14289751/1/Nissan-Rogue-2026.jpg'},{url:'https://imagescdn.d2cmedia.ca/s8c5f14ee84f1c78073c46a563f8073d5f/2062/14289751/1/Nissan-Rogue-2026.jpg'},{url:'https://imagescdn.d2cmedia.ca/cbc5f14ee84f1c78073c46a563f8073d5f/2062/14289751/2/Nissan-Rogue-2026.jpg'},{url:'https://imagescdn.d2cmedia.ca/cbc5f14ee84f1c78073c46a563f8073d5f/2062/14289751/3/Nissan-Rogue-2026.jpg'},{url:'https://imagescdn.d2cmedia.ca/cbc5f14ee84f1c78073c46a563f8073d5f/2062/14289751/4/Nissan-Rogue-2026.jpg'},{url:'https://imagescdn.d2cmedia.ca/cbc5f14ee84f1c78073c46a563f8073d5f/2062/14289751/5/Nissan-Rogue-2026.jpg'},{url:'https://imagescdn.d2cmedia.ca/cbc5f14ee84f1c78073c46a563f8073d5f/2062/14289751/6/Nissan-Rogue-2026.jpg'},{url:'https://imagescdn.d2cmedia.ca/cbc5f14ee84f1c78073c46a563f8073d5f/2062/14289751/7/Nissan-Rogue-2026.jpg'},{url:'https://imagescdn.d2cmedia.ca/cbc5f14ee84f1c78073c46a563f8073d5f/2062/14289751/8/Nissan-Rogue-2026.jpg'},{url:'https://imagescdn.d2cmedia.ca/cbc5f14ee84f1c78073c46a563f8073d5f/2062/14289751/9/Nissan-Rogue-2026.jpg'}]",50,KM,https://www.altanissanrh.com/new/inventory/2026-Nissan-Rogue-id14289751.html,2026 Nissan Rogue Awd Rock Creek at Alta Nissan Richmond Hill,40171 CAD,New,Grey,Dark grey,2062,Alta Nissan Richmond Hill,+1-905-780-7771,"{addr1: '11667 Yonge St.', city: 'Richmond Hill', region: 'Ontario', postal_code: 'L4E 3N8', country: 'CA'}",43.9028000000,-79.4448000000,,,,,https://www.altanissanrh.com/privacy-policy.html,New,2062,In stock,,40171 CAD,Free,
JN8BT3BB8TW388701,JN8BT3BB8TW388701,RY26R299-new,Nissan,Rogue,Awd Rock Creek,2026,AUTOMATIC,SUV,GASOLINE,AWD,"2026 Nissan Rogue Awd Rock Creek, Baja Storm exterior, All-wheel drive","[{url:'https://imagescdn.d2cmedia.ca/cb29d5d4c75e8ad6106499f407943eb112/2062/14289760/1/Nissan-Rogue-2026.jpg'},{url:'https://imagescdn.d2cmedia.ca/s829d5d4c75e8ad6106499f407943eb112/2062/14289760/1/Nissan-Rogue-2026.jpg'},{url:'https://imagescdn.d2cmedia.ca/cb29d5d4c75e8ad6106499f407943eb112/2062/14289760/2/Nissan-Rogue-2026.jpg'},{url:'https://imagescdn.d2cmedia.ca/cb29d5d4c75e8ad6106499f407943eb112/2062/14289760/3/Nissan-Rogue-2026.jpg'},{url:'https://imagescdn.d2cmedia.ca/cb29d5d4c75e8ad6106499f407943eb112/2062/14289760/4/Nissan-Rogue-2026.jpg'},{url:'https://imagescdn.d2cmedia.ca/cb29d5d4c75e8ad6106499f407943eb112/2062/14289760/5/Nissan-Rogue-2026.jpg'},{url:'https://imagescdn.d2cmedia.ca/cb29d5d4c75e8ad6106499f407943eb112/2062/14289760/6/Nissan-Rogue-2026.jpg'},{url:'https://imagescdn.d2cmedia.ca/cb29d5d4c75e8ad6106499f407943eb112/2062/14289760/7/Nissan-Rogue-2026.jpg'},{url:'https://imagescdn.d2cmedia.ca/cb29d5d4c75e8ad6106499f407943eb112/2062/14289760/8/Nissan-Rogue-2026.jpg'},{url:'https://imagescdn.d2cmedia.ca/cb29d5d4c75e8ad6106499f407943eb112/2062/14289760/9/Nissan-Rogue-2026.jpg'}]",50,KM,https://www.altanissanrh.com/new/inventory/2026-Nissan-Rogue-id14289760.html,2026 Nissan Rogue Awd Rock Creek at Alta Nissan Richmond Hill,40171 CAD,New,Baja Storm,Dark grey,2062,Alta Nissan Richmond Hill,+1-905-780-7771,"{addr1: '11667 Yonge St.', city: 'Richmond Hill', region: 'Ontario', postal_code: 'L4E 3N8', country: 'CA'}",43.9028000000,-79.4448000000,,,,,https://www.altanissanrh.com/privacy-policy.html,New,2062,In stock,,40171 CAD,Free,
JN8BT3BB7TW388432,JN8BT3BB7TW388432,RY26R305-new,Nissan,Rogue,Awd Rock Creek,2026,AUTOMATIC,SUV,GASOLINE,AWD,"2026 Nissan Rogue Awd Rock Creek, Baja Storm exterior, All-wheel drive","[{url:'https://imagescdn.d2cmedia.ca/cbdf9e80edc8180094208bd17cf30c3ca0/2062/14295389/1/Nissan-Rogue-2026.jpg'},{url:'https://imagescdn.d2cmedia.ca/s8df9e80edc8180094208bd17cf30c3ca0/2062/14295389/1/Nissan-Rogue-2026.jpg'},{url:'https://imagescdn.d2cmedia.ca/cbdf9e80edc8180094208bd17cf30c3ca0/2062/14295389/2/Nissan-Rogue-2026.jpg'},{url:'https://imagescdn.d2cmedia.ca/cbdf9e80edc8180094208bd17cf30c3ca0/2062/14295389/3/Nissan-Rogue-2026.jpg'},{url:'https://imagescdn.d2cmedia.ca/cbdf9e80edc8180094208bd17cf30c3ca0/2062/14295389/4/Nissan-Rogue-2026.jpg'},{url:'https://imagescdn.d2cmedia.ca/cbdf9e80edc8180094208bd17cf30c3ca0/2062/14295389/5/Nissan-Rogue-2026.jpg'},{url:'https://imagescdn.d2cmedia.ca/cbdf9e80edc8180094208bd17cf30c3ca0/2062/14295389/6/Nissan-Rogue-2026.jpg'},{url:'https://imagescdn.d2cmedia.ca/cbdf9e80edc8180094208bd17cf30c3ca0/2062/14295389/7/Nissan-Rogue-2026.jpg'},{url:'https://imagescdn.d2cmedia.ca/cbdf9e80edc8180094208bd17cf30c3ca0/2062/14295389/8/Nissan-Rogue-2026.jpg'},{url:'https://imagescdn.d2cmedia.ca/cbdf9e80edc8180094208bd17cf30c3ca0/2062/14295389/9/Nissan-Rogue-2026.jpg'}]",50,KM,https://www.altanissanrh.com/new/inventory/2026-Nissan-Rogue-id14295389.html,2026 Nissan Rogue Awd Rock Creek at Alta Nissan Richmond Hill,40171 CAD,New,Baja Storm,Dark grey,2062,Alta Nissan Richmond Hill,+1-905-780-7771,"{addr1: '11667 Yonge St.', city: 'Richmond Hill', region: 'Ontario', postal_code: 'L4E 3N8', country: 'CA'}",43.9028000000,-79.4448000000,,,,,https://www.altanissanrh.com/privacy-policy.html,New,2062,In stock,,40171 CAD,Free,
JN8BT3BB3TW387312,JN8BT3BB3TW387312,RY26R310-new,Nissan,Rogue,Awd Rock Creek,2026,AUTOMATIC,SUV,GASOLINE,AWD,"2026 Nissan Rogue Awd Rock Creek, Baja Storm exterior, All-wheel drive","[{url:'https://imagescdn.d2cmedia.ca/cb2a7865398ca94f7d34c49f813af5b9e0/2062/14308349/1/Nissan-Rogue-2026.jpg'},{url:'https://imagescdn.d2cmedia.ca/s82a7865398ca94f7d34c49f813af5b9e0/2062/14308349/1/Nissan-Rogue-2026.jpg'},{url:'https://imagescdn.d2cmedia.ca/cb2a7865398ca94f7d34c49f813af5b9e0/2062/14308349/2/Nissan-Rogue-2026.jpg'},{url:'https://imagescdn.d2cmedia.ca/cb2a7865398ca94f7d34c49f813af5b9e0/2062/14308349/3/Nissan-Rogue-2026.jpg'},{url:'https://imagescdn.d2cmedia.ca/cb2a7865398ca94f7d34c49f813af5b9e0/2062/14308349/4/Nissan-Rogue-2026.jpg'},{url:'https://imagescdn.d2cmedia.ca/cb2a7865398ca94f7d34c49f813af5b9e0/2062/14308349/5/Nissan-Rogue-2026.jpg'},{url:'https://imagescdn.d2cmedia.ca/cb2a7865398ca94f7d34c49f813af5b9e0/2062/14308349/6/Nissan-Rogue-2026.jpg'},{url:'https://imagescdn.d2cmedia.ca/cb2a7865398ca94f7d34c49f813af5b9e0/2062/14308349/7/Nissan-Rogue-2026.jpg'},{url:'https://imagescdn.d2cmedia.ca/cb2a7865398ca94f7d34c49f813af5b9e0/2062/14308349/8/Nissan-Rogue-2026.jpg'},{url:'https://imagescdn.d2cmedia.ca/cb2a7865398ca94f7d34c49f813af5b9e0/2062/14308349/9/Nissan-Rogue-2026.jpg'}]",50,KM,https://www.altanissanrh.com/new/inventory/2026-Nissan-Rogue-id14308349.html,2026 Nissan Rogue Awd Rock Creek at Alta Nissan Richmond Hill,40171 CAD,New,Baja Storm,Dark grey,2062,Alta Nissan Richmond Hill,+1-905-780-7771,"{addr1: '11667 Yonge St.', city: 'Richmond Hill', region: 'Ontario', postal_code: 'L4E 3N8', country: 'CA'}",43.9028000000,-79.4448000000,,,,,https://www.altanissanrh.com/privacy-policy.html,New,2062,In stock,,40171 CAD,Free,
JN8BT3BB7TW389676,JN8BT3BB7TW389676,RY26R331-new,Nissan,Rogue,Awd Rock Creek,2026,AUTOMATIC,SUV,GASOLINE,AWD,"2026 Nissan Rogue Awd Rock Creek, Baja Storm exterior, All-wheel drive","[{url:'https://imagescdn.d2cmedia.ca/cbc3757282b74ab1a21e928b4e95314587/2062/14395944/1/Nissan-Rogue-2026.jpg'},{url:'https://imagescdn.d2cmedia.ca/s8c3757282b74ab1a21e928b4e95314587/2062/14395944/1/Nissan-Rogue-2026.jpg'},{url:'https://imagescdn.d2cmedia.ca/cbc3757282b74ab1a21e928b4e95314587/2062/14395944/2/Nissan-Rogue-2026.jpg'},{url:'https://imagescdn.d2cmedia.ca/cbc3757282b74ab1a21e928b4e95314587/2062/14395944/3/Nissan-Rogue-2026.jpg'},{url:'https://imagescdn.d2cmedia.ca/cbc3757282b74ab1a21e928b4e95314587/2062/14395944/4/Nissan-Rogue-2026.jpg'},{url:'https://imagescdn.d2cmedia.ca/cbc3757282b74ab1a21e928b4e95314587/2062/14395944/5/Nissan-Rogue-2026.jpg'},{url:'https://imagescdn.d2cmedia.ca/cbc3757282b74ab1a21e928b4e95314587/2062/14395944/6/Nissan-Rogue-2026.jpg'},{url:'https://imagescdn.d2cmedia.ca/cbc3757282b74ab1a21e928b4e95314587/2062/14395944/7/Nissan-Rogue-2026.jpg'},{url:'https://imagescdn.d2cmedia.ca/cbc3757282b74ab1a21e928b4e95314587/2062/14395944/8/Nissan-Rogue-2026.jpg'},{url:'https://imagescdn.d2cmedia.ca/cbc3757282b74ab1a21e928b4e95314587/2062/14395944/9/Nissan-Rogue-2026.jpg'}]",50,KM,https://www.altanissanrh.com/new/inventory/2026-Nissan-Rogue-id14395944.html,2026 Nissan Rogue Awd Rock Creek at Alta Nissan Richmond Hill,40171 CAD,New,Baja Storm,Dark grey,2062,Alta Nissan Richmond Hill,+1-905-780-7771,"{addr1: '11667 Yonge St.', city: 'Richmond Hill', region: 'Ontario', postal_code: 'L4E 3N8', country: 'CA'}",43.9028000000,-79.4448000000,,,,,https://www.altanissanrh.com/privacy-policy.html,New,2062,In stock,,40171 CAD,Free,
JN8BT3BB8TW388066,JN8BT3BB8TW388066,RY26R272-new,Nissan,Rogue,Awd Rock Creek,2026,AUTOMATIC,SUV,GASOLINE,AWD,"2026 Nissan Rogue Awd Rock Creek, White exterior, All-wheel drive","[{url:'https://imagescdn.d2cmedia.ca/cb88088cacf04148aa594d5bfc6f6e231c/2062/14276778/1/Nissan-Rogue-2026.jpg'},{url:'https://imagescdn.d2cmedia.ca/s888088cacf04148aa594d5bfc6f6e231c/2062/14276778/1/Nissan-Rogue-2026.jpg'},{url:'https://imagescdn.d2cmedia.ca/cb88088cacf04148aa594d5bfc6f6e231c/2062/14276778/2/Nissan-Rogue-2026.jpg'},{url:'https://imagescdn.d2cmedia.ca/cb88088cacf04148aa594d5bfc6f6e231c/2062/14276778/3/Nissan-Rogue-2026.jpg'},{url:'https://imagescdn.d2cmedia.ca/cb88088cacf04148aa594d5bfc6f6e231c/2062/14276778/4/Nissan-Rogue-2026.jpg'},{url:'https://imagescdn.d2cmedia.ca/cb88088cacf04148aa594d5bfc6f6e231c/2062/14276778/5/Nissan-Rogue-2026.jpg'},{url:'https://imagescdn.d2cmedia.ca/cb88088cacf04148aa594d5bfc6f6e231c/2062/14276778/6/Nissan-Rogue-2026.jpg'},{url:'https://imagescdn.d2cmedia.ca/cb88088cacf04148aa594d5bfc6f6e231c/2062/14276778/7/Nissan-Rogue-2026.jpg'},{url:'https://imagescdn.d2cmedia.ca/cb88088cacf04148aa594d5bfc6f6e231c/2062/14276778/8/Nissan-Rogue-2026.jpg'},{url:'https://imagescdn.d2cmedia.ca/cb88088cacf04148aa594d5bfc6f6e231c/2062/14276778/9/Nissan-Rogue-2026.jpg'}]",50,KM,https://www.altanissanrh.com/new/inventory/2026-Nissan-Rogue-id14276778.html,2026 Nissan Rogue Awd Rock Creek at Alta Nissan Richmond Hill,40716 CAD,New,White,Dark grey,2062,Alta Nissan Richmond Hill,+1-905-780-7771,"{addr1: '11667 Yonge St.', city: 'Richmond Hill', region: 'Ontario', postal_code: 'L4E 3N8', country: 'CA'}",43.9028000000,-79.4448000000,,,,,https://www.altanissanrh.com/privacy-policy.html,New,2062,In stock,,40716 CAD,Free,
5N1AZ3CS5VC100296,5N1AZ3CS5VC100296,RY27M002-new,Nissan,Murano,Dark Armor Awd,2027,AUTOMATIC,SUV,GASOLINE,AWD,"2027 Nissan Murano Dark Armor Awd, Black exterior, All-wheel drive","[{url:'https://carimages.d2cmedia.ca/newcarimages/en/cb6ac7bfada5d46/Nissan/Murano/2027/1200/487713-RGFyayBBcm1vciBBV0Q/black/front45.png'},{url:'https://carimages.d2cmedia.ca/newcarimages/en/cb6ac7bfada5d46/Nissan/Murano/2027/1280/487713/black/front_45_degree.png'},{url:'https://carimages.d2cmedia.ca/newcarimages/en/cb6ac7bfada5d46/Nissan/Murano/2027/2100/487713/black/front_45_degree.png'},{url:'https://carimages.d2cmedia.ca/newcarimages/en/cb6ac7bfada5d46/Nissan/Murano/2027/2100/487713/black/profile.png'}]",50,KM,https://www.altanissanrh.com/new/inventory/2027-Nissan-Murano-id14289765.html,2027 Nissan Murano Dark Armor Awd at Alta Nissan Richmond Hill,56741 CAD,New,Black,Dark grey,2062,Alta Nissan Richmond Hill,+1-905-780-7771,"{addr1: '11667 Yonge St.', city: 'Richmond Hill', region: 'Ontario', postal_code: 'L4E 3N8', country: 'CA'}",43.9028000000,-79.4448000000,,,,,https://www.altanissanrh.com/privacy-policy.html,New,2062,In stock,,56741 CAD,Free,
5N1AZ3CSXVC100388,5N1AZ3CSXVC100388,RY27M001-new,Nissan,Murano,Dark Armor Awd,2027,AUTOMATIC,SUV,GASOLINE,AWD,"2027 Nissan Murano Dark Armor Awd, White exterior, All-wheel drive","[{url:'https://carimages.d2cmedia.ca/newcarimages/en/cb6ac7bfada5d46/Nissan/Murano/2027/1200/487713-RGFyayBBcm1vciBBV0Q/XE3E6EB/front45.png'},{url:'https://carimages.d2cmedia.ca/newcarimages/en/cb6ac7bfada5d46/Nissan/Murano/2027/1280/487713/Xe3e6eb/front_45_degree.png'},{url:'https://carimages.d2cmedia.ca/newcarimages/en/cb6ac7bfada5d46/Nissan/Murano/2027/2100/487713/Xe3e6eb/front_45_degree.png'},{url:'https://carimages.d2cmedia.ca/newcarimages/en/cb6ac7bfada5d46/Nissan/Murano/2027/2100/487713/Xe3e6eb/profile.png'}]",50,KM,https://www.altanissanrh.com/new/inventory/2027-Nissan-Murano-id14289764.html,2027 Nissan Murano Dark Armor Awd at Alta Nissan Richmond Hill,57041 CAD,New,White,Dark grey,2062,Alta Nissan Richmond Hill,+1-905-780-7771,"{addr1: '11667 Yonge St.', city: 'Richmond Hill', region: 'Ontario', postal_code: 'L4E 3N8', country: 'CA'}",43.9028000000,-79.4448000000,,,,,https://www.altanissanrh.com/privacy-policy.html,New,2062,In stock,,57041 CAD,Free,
5N1AZ3CS5VC105952,5N1AZ3CS5VC105952,RY27M006-new,Nissan,Murano,Dark Armor Awd,2027,AUTOMATIC,SUV,GASOLINE,AWD,"2027 Nissan Murano Dark Armor Awd, Dark grey exterior, All-wheel drive","[{url:'https://carimages.d2cmedia.ca/newcarimages/en/cb6ac7bfada5d46/Nissan/Murano/2027/1200/487713-RGFyayBBcm1vciBBV0Q/gray/front45.png'},{url:'https://carimages.d2cmedia.ca/newcarimages/en/cb6ac7bfada5d46/Nissan/Murano/2027/1280/487713/gray/front_45_degree.png'},{url:'https://carimages.d2cmedia.ca/newcarimages/en/cb6ac7bfada5d46/Nissan/Murano/2027/2100/487713/gray/front_45_degree.png'},{url:'https://carimages.d2cmedia.ca/newcarimages/en/cb6ac7bfada5d46/Nissan/Murano/2027/2100/487713/gray/profile.png'}]",50,KM,https://www.altanissanrh.com/new/inventory/2027-Nissan-Murano-id14389565.html,2027 Nissan Murano Dark Armor Awd at Alta Nissan Richmond Hill,57041 CAD,New,Dark grey,Dark grey,2062,Alta Nissan Richmond Hill,+1-905-780-7771,"{addr1: '11667 Yonge St.', city: 'Richmond Hill', region: 'Ontario', postal_code: 'L4E 3N8', country: 'CA'}",43.9028000000,-79.4448000000,,,,,https://www.altanissanrh.com/privacy-policy.html,New,2062,In stock,,57041 CAD,Free,
5N1AZ3DS8VC100288,5N1AZ3DS8VC100288,RY27M004-new,Nissan,Murano,Platinum Awd,2027,AUTOMATIC,SUV,GASOLINE,AWD,"2027 Nissan Murano Platinum Awd, Blue exterior, All-wheel drive","[{url:'https://carimages.d2cmedia.ca/newcarimages/en/cb6ac7bfada5d46/Nissan/Murano/2027/1200/487712-UGxhdGludW0gQVdE/blue/front45.png'},{url:'https://carimages.d2cmedia.ca/newcarimages/en/cb6ac7bfada5d46/Nissan/Murano/2027/1280/487712/blue/front_45_degree.png'},{url:'https://carimages.d2cmedia.ca/newcarimages/en/cb6ac7bfada5d46/Nissan/Murano/2027/2100/487712/blue/front_45_degree.png'},{url:'https://carimages.d2cmedia.ca/newcarimages/en/cb6ac7bfada5d46/Nissan/Murano/2027/2100/487712/blue/profile.png'},{url:'https://carimages.d2cmedia.ca/newcarimages/en/cb6ac7bfada5d46/Nissan/Murano/2027/2100/487712/blue/back_45_degree.png'},{url:'https://carimages.d2cmedia.ca/newcarimages/en/cb6ac7bfada5d46/Nissan/Murano/2027/2100/487712/blue/driver_dashboard.png'},{url:'https://carimages.d2cmedia.ca/newcarimages/en/cb6ac7bfada5d46/Nissan/Murano/2027/2100/487712/blue/full_dashboard.png'},{url:'https://carimages.d2cmedia.ca/newcarimages/en/cb6ac7bfada5d46/Nissan/Murano/2027/2100/487712/blue/interior_driver_open_seat.png'},{url:'https://carimages.d2cmedia.ca/newcarimages/en/cb6ac7bfada5d46/Nissan/Murano/2027/2100/487712/blue/interior_driver_stereo.png'},{url:'https://carimages.d2cmedia.ca/newcarimages/en/cb6ac7bfada5d46/Nissan/Murano/2027/2100/487712/blue/interior_driver_reat_seats.png'}]",50,KM,https://www.altanissanrh.com/new/inventory/2027-Nissan-Murano-id14289767.html,2027 Nissan Murano Platinum Awd at Alta Nissan Richmond Hill,59641 CAD,New,Blue,Dark grey,2062,Alta Nissan Richmond Hill,+1-905-780-7771,"{addr1: '11667 Yonge St.', city: 'Richmond Hill', region: 'Ontario', postal_code: 'L4E 3N8', country: 'CA'}",43.9028000000,-79.4448000000,,,,,https://www.altanissanrh.com/privacy-policy.html,New,2062,In stock,,59641 CAD,Free,
5N1AZ3DS1VC102352,5N1AZ3DS1VC102352,RY27M005-new,Nissan,Murano,Platinum Awd,2027,AUTOMATIC,SUV,GASOLINE,AWD,"2027 Nissan Murano Platinum Awd, Blue exterior, All-wheel drive","[{url:'https://carimages.d2cmedia.ca/newcarimages/en/cb6ac7bfada5d46/Nissan/Murano/2027/1200/487712-UGxhdGludW0gQVdE/blue/front45.png'},{url:'https://carimages.d2cmedia.ca/newcarimages/en/cb6ac7bfada5d46/Nissan/Murano/2027/1280/487712/blue/front_45_degree.png'},{url:'https://carimages.d2cmedia.ca/newcarimages/en/cb6ac7bfada5d46/Nissan/Murano/2027/2100/487712/blue/front_45_degree.png'},{url:'https://carimages.d2cmedia.ca/newcarimages/en/cb6ac7bfada5d46/Nissan/Murano/2027/2100/487712/blue/profile.png'},{url:'https://carimages.d2cmedia.ca/newcarimages/en/cb6ac7bfada5d46/Nissan/Murano/2027/2100/487712/blue/back_45_degree.png'},{url:'https://carimages.d2cmedia.ca/newcarimages/en/cb6ac7bfada5d46/Nissan/Murano/2027/2100/487712/blue/driver_dashboard.png'},{url:'https://carimages.d2cmedia.ca/newcarimages/en/cb6ac7bfada5d46/Nissan/Murano/2027/2100/487712/blue/full_dashboard.png'},{url:'https://carimages.d2cmedia.ca/newcarimages/en/cb6ac7bfada5d46/Nissan/Murano/2027/2100/487712/blue/interior_driver_open_seat.png'},{url:'https://carimages.d2cmedia.ca/newcarimages/en/cb6ac7bfada5d46/Nissan/Murano/2027/2100/487712/blue/interior_driver_stereo.png'},{url:'https://carimages.d2cmedia.ca/newcarimages/en/cb6ac7bfada5d46/Nissan/Murano/2027/2100/487712/blue/interior_driver_reat_seats.png'}]",50,KM,https://www.altanissanrh.com/new/inventory/2027-Nissan-Murano-id14382551.html,2027 Nissan Murano Platinum Awd at Alta Nissan Richmond Hill,59641 CAD,New,Blue,Light gray,2062,Alta Nissan Richmond Hill,+1-905-780-7771,"{addr1: '11667 Yonge St.', city: 'Richmond Hill', region: 'Ontario', postal_code: 'L4E 3N8', country: 'CA'}",43.9028000000,-79.4448000000,,,,,https://www.altanissanrh.com/privacy-policy.html,New,2062,In stock,,59641 CAD,Free,
5N1AZ3DS7VC107717,5N1AZ3DS7VC107717,RY27M007-new,Nissan,Murano,Platinum Awd,2027,AUTOMATIC,SUV,GASOLINE,AWD,"2027 Nissan Murano Platinum Awd, Dark grey exterior, All-wheel drive","[{url:'https://carimages.d2cmedia.ca/newcarimages/en/cb6ac7bfada5d46/Nissan/Murano/2027/1200/487712-UGxhdGludW0gQVdE/gray/front45.png'},{url:'https://carimages.d2cmedia.ca/newcarimages/en/cb6ac7bfada5d46/Nissan/Murano/2027/1280/487712/gray/front_45_degree.png'},{url:'https://carimages.d2cmedia.ca/newcarimages/en/cb6ac7bfada5d46/Nissan/Murano/2027/2100/487712/gray/front_45_degree.png'},{url:'https://carimages.d2cmedia.ca/newcarimages/en/cb6ac7bfada5d46/Nissan/Murano/2027/2100/487712/gray/profile.png'},{url:'https://carimages.d2cmedia.ca/newcarimages/en/cb6ac7bfada5d46/Nissan/Murano/2027/2100/487712/gray/back_45_degree.png'},{url:'https://carimages.d2cmedia.ca/newcarimages/en/cb6ac7bfada5d46/Nissan/Murano/2027/2100/487712/gray/driver_dashboard.png'},{url:'https://carimages.d2cmedia.ca/newcarimages/en/cb6ac7bfada5d46/Nissan/Murano/2027/2100/487712/gray/full_dashboard.png'},{url:'https://carimages.d2cmedia.ca/newcarimages/en/cb6ac7bfada5d46/Nissan/Murano/2027/2100/487712/gray/interior_driver_open_seat.png'},{url:'https://carimages.d2cmedia.ca/newcarimages/en/cb6ac7bfada5d46/Nissan/Murano/2027/2100/487712/gray/interior_driver_stereo.png'},{url:'https://carimages.d2cmedia.ca/newcarimages/en/cb6ac7bfada5d46/Nissan/Murano/2027/2100/487712/gray/interior_driver_reat_seats.png'}]",50,KM,https://www.altanissanrh.com/new/inventory/2027-Nissan-Murano-id14435926.html,2027 Nissan Murano Platinum Awd at Alta Nissan Richmond Hill,59641 CAD,New,Dark grey,Dark grey,2062,Alta Nissan Richmond Hill,+1-905-780-7771,"{addr1: '11667 Yonge St.', city: 'Richmond Hill', region: 'Ontario', postal_code: 'L4E 3N8', country: 'CA'}",43.9028000000,-79.4448000000,,,,,https://www.altanissanrh.com/privacy-policy.html,New,2062,In stock,,59641 CAD,Free,
JN8AY3BE6V9460276,JN8AY3BE6V9460276,RY27A001-new,Nissan,Armada,Sl 4x4,2027,AUTOMATIC,SUV,GASOLINE,,"2027 Nissan Armada Sl 4x4, Alpine Metallic exterior","[{url:'https://carimages.d2cmedia.ca/newcarimages/en/cb6ac7bfada5d46/Nissan/Armada/2027/1200/487995-U0wgNHg0/X263533/front45.png'},{url:'https://carimages.d2cmedia.ca/newcarimages/en/cb6ac7bfada5d46/Nissan/Armada/2027/1280/487995/X263533/front_45_degree.png'},{url:'https://carimages.d2cmedia.ca/newcarimages/en/cb6ac7bfada5d46/Nissan/Armada/2027/2100/487995/X263533/front_45_degree.png'},{url:'https://carimages.d2cmedia.ca/newcarimages/en/cb6ac7bfada5d46/Nissan/Armada/2027/2100/487995/X263533/profile.png'},{url:'https://carimages.d2cmedia.ca/newcarimages/en/cb6ac7bfada5d46/Nissan/Armada/2027/2100/487995/X263533/back_45_degree.png'},{url:'https://carimages.d2cmedia.ca/newcarimages/en/cb6ac7bfada5d46/Nissan/Armada/2027/2100/487995/X263533/driver_dashboard.png'},{url:'https://carimages.d2cmedia.ca/newcarimages/en/cb6ac7bfada5d46/Nissan/Armada/2027/2100/487995/X263533/full_dashboard.png'},{url:'https://carimages.d2cmedia.ca/newcarimages/en/cb6ac7bfada5d46/Nissan/Armada/2027/2100/487995/X263533/interior_driver_open_seat.png'},{url:'https://carimages.d2cmedia.ca/newcarimages/en/cb6ac7bfada5d46/Nissan/Armada/2027/2100/487995/X263533/interior_driver_stereo.png'},{url:'https://carimages.d2cmedia.ca/newcarimages/en/cb6ac7bfada5d46/Nissan/Armada/2027/2100/487995/X263533/interior_driver_reat_seats.png'}]",50,KM,https://www.altanissanrh.com/new/inventory/2027-Nissan-Armada-id14445577.html,2027 Nissan Armada Sl 4x4 at Alta Nissan Richmond Hill,89291 CAD,New,Alpine Metallic,Charcoal,2062,Alta Nissan Richmond Hill,+1-905-780-7771,"{addr1: '11667 Yonge St.', city: 'Richmond Hill', region: 'Ontario', postal_code: 'L4E 3N8', country: 'CA'}",43.9028000000,-79.4448000000,,,,,https://www.altanissanrh.com/privacy-policy.html,New,2062,In stock,,89291 CAD,Free,
JN8AY3BE1V9460203,JN8AY3BE1V9460203,RY27A002-new,Nissan,Armada,Sl 4x4,2027,AUTOMATIC,SUV,GASOLINE,,"2027 Nissan Armada Sl 4x4, White exterior","[{url:'https://carimages.d2cmedia.ca/newcarimages/en/cb6ac7bfada5d46/Nissan/Armada/2027/1200/487995-U0wgNHg0/white/front45.png'},{url:'https://carimages.d2cmedia.ca/newcarimages/en/cb6ac7bfada5d46/Nissan/Armada/2027/1280/487995/white/front_45_degree.png'},{url:'https://carimages.d2cmedia.ca/newcarimages/en/cb6ac7bfada5d46/Nissan/Armada/2027/2100/487995/white/front_45_degree.png'},{url:'https://carimages.d2cmedia.ca/newcarimages/en/cb6ac7bfada5d46/Nissan/Armada/2027/2100/487995/white/profile.png'},{url:'https://carimages.d2cmedia.ca/newcarimages/en/cb6ac7bfada5d46/Nissan/Armada/2027/2100/487995/white/back_45_degree.png'},{url:'https://carimages.d2cmedia.ca/newcarimages/en/cb6ac7bfada5d46/Nissan/Armada/2027/2100/487995/white/driver_dashboard.png'},{url:'https://carimages.d2cmedia.ca/newcarimages/en/cb6ac7bfada5d46/Nissan/Armada/2027/2100/487995/white/full_dashboard.png'},{url:'https://carimages.d2cmedia.ca/newcarimages/en/cb6ac7bfada5d46/Nissan/Armada/2027/2100/487995/white/interior_driver_open_seat.png'},{url:'https://carimages.d2cmedia.ca/newcarimages/en/cb6ac7bfada5d46/Nissan/Armada/2027/2100/487995/white/interior_driver_stereo.png'},{url:'https://carimages.d2cmedia.ca/newcarimages/en/cb6ac7bfada5d46/Nissan/Armada/2027/2100/487995/white/interior_driver_reat_seats.png'}]",50,KM,https://www.altanissanrh.com/new/inventory/2027-Nissan-Armada-id14458529.html,2027 Nissan Armada Sl 4x4 at Alta Nissan Richmond Hill,89291 CAD,New,White,Charcoal,2062,Alta Nissan Richmond Hill,+1-905-780-7771,"{addr1: '11667 Yonge St.', city: 'Richmond Hill', region: 'Ontario', postal_code: 'L4E 3N8', country: 'CA'}",43.9028000000,-79.4448000000,,,,,https://www.altanissanrh.com/privacy-policy.html,New,2062,In stock,,89291 CAD,Free,
JN8AY3DE5T9450686,JN8AY3DE5T9450686,RY26A009-new,Nissan,Armada,4x4 Pro-4x,2026,AUTOMATIC,SUV,GASOLINE,FOUR_WHEEL_DRIVE,"2026 Nissan Armada 4x4 Pro-4x, White exterior, Four-wheel drive","[{url:'https://imagescdn.d2cmedia.ca/cb47d476c2e021a243f77d8ac6fd216399/2062/13945247/1/Nissan-Armada-2026.jpg'},{url:'https://imagescdn.d2cmedia.ca/s847d476c2e021a243f77d8ac6fd216399/2062/13945247/1/Nissan-Armada-2026.jpg'},{url:'https://imagescdn.d2cmedia.ca/cb47d476c2e021a243f77d8ac6fd216399/2062/13945247/2/Nissan-Armada-2026.jpg'},{url:'https://imagescdn.d2cmedia.ca/cb47d476c2e021a243f77d8ac6fd216399/2062/13945247/3/Nissan-Armada-2026.jpg'},{url:'https://imagescdn.d2cmedia.ca/cb47d476c2e021a243f77d8ac6fd216399/2062/13945247/4/Nissan-Armada-2026.jpg'},{url:'https://imagescdn.d2cmedia.ca/cb47d476c2e021a243f77d8ac6fd216399/2062/13945247/5/Nissan-Armada-2026.jpg'},{url:'https://imagescdn.d2cmedia.ca/cb47d476c2e021a243f77d8ac6fd216399/2062/13945247/6/Nissan-Armada-2026.jpg'},{url:'https://imagescdn.d2cmedia.ca/cb47d476c2e021a243f77d8ac6fd216399/2062/13945247/7/Nissan-Armada-2026.jpg'},{url:'https://imagescdn.d2cmedia.ca/cb47d476c2e021a243f77d8ac6fd216399/2062/13945247/8/Nissan-Armada-2026.jpg'},{url:'https://imagescdn.d2cmedia.ca/cb47d476c2e021a243f77d8ac6fd216399/2062/13945247/9/Nissan-Armada-2026.jpg'}]",50,KM,https://www.altanissanrh.com/new/inventory/2026-Nissan-Armada-id13945247.html,2026 Nissan Armada 4x4 Pro-4x at Alta Nissan Richmond Hill,89541 CAD,New,White,Charcoal,2062,Alta Nissan Richmond Hill,+1-905-780-7771,"{addr1: '11667 Yonge St.', city: 'Richmond Hill', region: 'Ontario', postal_code: 'L4E 3N8', country: 'CA'}",43.9028000000,-79.4448000000,,,,,https://www.altanissanrh.com/privacy-policy.html,New,2062,In stock,,89541 CAD,Free,
JN8AY3CC3T9231323,JN8AY3CC3T9231323,RY26A013-new,Nissan,Armada,4x4 Platinum Reserve,2026,AUTOMATIC,SUV,GASOLINE,,"2026 Nissan Armada 4x4 Platinum Reserve, Black exterior","[{url:'https://imagescdn.d2cmedia.ca/cb778f4fc93d48a6e48dbbb8d909f1e463/2062/14202849/1/Nissan-Armada-2026.jpg'},{url:'https://imagescdn.d2cmedia.ca/s8778f4fc93d48a6e48dbbb8d909f1e463/2062/14202849/1/Nissan-Armada-2026.jpg'},{url:'https://imagescdn.d2cmedia.ca/cb778f4fc93d48a6e48dbbb8d909f1e463/2062/14202849/2/Nissan-Armada-2026.jpg'},{url:'https://imagescdn.d2cmedia.ca/cb778f4fc93d48a6e48dbbb8d909f1e463/2062/14202849/3/Nissan-Armada-2026.jpg'},{url:'https://imagescdn.d2cmedia.ca/cb778f4fc93d48a6e48dbbb8d909f1e463/2062/14202849/4/Nissan-Armada-2026.jpg'},{url:'https://imagescdn.d2cmedia.ca/cb778f4fc93d48a6e48dbbb8d909f1e463/2062/14202849/5/Nissan-Armada-2026.jpg'},{url:'https://imagescdn.d2cmedia.ca/cb778f4fc93d48a6e48dbbb8d909f1e463/2062/14202849/6/Nissan-Armada-2026.jpg'},{url:'https://imagescdn.d2cmedia.ca/cb778f4fc93d48a6e48dbbb8d909f1e463/2062/14202849/7/Nissan-Armada-2026.jpg'},{url:'https://imagescdn.d2cmedia.ca/cb778f4fc93d48a6e48dbbb8d909f1e463/2062/14202849/8/Nissan-Armada-2026.jpg'},{url:'https://imagescdn.d2cmedia.ca/cb778f4fc93d48a6e48dbbb8d909f1e463/2062/14202849/9/Nissan-Armada-2026.jpg'}]",50,KM,https://www.altanissanrh.com/new/inventory/2026-Nissan-Armada-id14202849.html,2026 Nissan Armada 4x4 Platinum Reserve at Alta Nissan Richmond Hill,101041 CAD,New,Black,Charcoal,2062,Alta Nissan Richmond Hill,+1-905-780-7771,"{addr1: '11667 Yonge St.', city: 'Richmond Hill', region: 'Ontario', postal_code: 'L4E 3N8', country: 'CA'}",43.9028000000,-79.4448000000,,,,,https://www.altanissanrh.com/privacy-policy.html,New,2062,In stock,,101041 CAD,Free,
JN1BZ2BA8VM400682,JN1BZ2BA8VM400682,RY27L003-new,Nissan,LEAF,S Fwd,2027,AUTOMATIC,SUV,GASOLINE,FWD,"2027 Nissan LEAF S Fwd, White exterior, Front-wheel drive","[{url:'https://carimages.d2cmedia.ca/newcarimages/en/cb6ac7bfada5d46/Nissan/LEAF/2027/1200/488056-UyBGV0Q/white/front45.png'},{url:'https://carimages.d2cmedia.ca/newcarimages/en/cb6ac7bfada5d46/Nissan/LEAF/2027/1280/488056/white/front_45_degree.png'},{url:'https://carimages.d2cmedia.ca/newcarimages/en/cb6ac7bfada5d46/Nissan/LEAF/2027/2100/488056/white/front_45_degree.png'},{url:'https://carimages.d2cmedia.ca/newcarimages/en/cb6ac7bfada5d46/Nissan/LEAF/2027/2100/488056/white/profile.png'},{url:'https://carimages.d2cmedia.ca/newcarimages/en/cb6ac7bfada5d46/Nissan/LEAF/2027/2100/488056/white/back_45_degree.png'},{url:'https://carimages.d2cmedia.ca/newcarimages/en/cb6ac7bfada5d46/Nissan/LEAF/2027/2100/488056/white/driver_dashboard.png'},{url:'https://carimages.d2cmedia.ca/newcarimages/en/cb6ac7bfada5d46/Nissan/LEAF/2027/2100/488056/white/full_dashboard.png'},{url:'https://carimages.d2cmedia.ca/newcarimages/en/cb6ac7bfada5d46/Nissan/LEAF/2027/2100/488056/white/interior_driver_open_seat.png'},{url:'https://carimages.d2cmedia.ca/newcarimages/en/cb6ac7bfada5d46/Nissan/LEAF/2027/2100/488056/white/interior_driver_stereo.png'},{url:'https://carimages.d2cmedia.ca/newcarimages/en/cb6ac7bfada5d46/Nissan/LEAF/2027/2100/488056/white/interior_driver_reat_seats.png'}]",50,KM,https://www.altanissanrh.com/new/inventory/2027-Nissan-LEAF-id14445583.html,2027 Nissan LEAF S Fwd at Alta Nissan Richmond Hill,38241 CAD,New,White,"Dark, Cloth Seating Surfaces",2062,Alta Nissan Richmond Hill,+1-905-780-7771,"{addr1: '11667 Yonge St.', city: 'Richmond Hill', region: 'Ontario', postal_code: 'L4E 3N8', country: 'CA'}",43.9028000000,-79.4448000000,,,,,https://www.altanissanrh.com/privacy-policy.html,New,2062,In stock,,38241 CAD,Free,
JN1AZ2CA5VM400407,JN1AZ2CA5VM400407,RY27L001-new,Nissan,LEAF,Sv+ Fwd,2027,AUTOMATIC,SUV,GASOLINE,FWD,"2027 Nissan LEAF Sv+ Fwd, White exterior, Front-wheel drive","[{url:'https://carimages.d2cmedia.ca/newcarimages/en/cb6ac7bfada5d46/Nissan/LEAF/2027/1200/488054-U1YrIEZXRA/XF2F2F2/front45.png'},{url:'https://carimages.d2cmedia.ca/newcarimages/en/cb6ac7bfada5d46/Nissan/LEAF/2027/1280/488054/Xf2f2f2/front_45_degree.png'},{url:'https://carimages.d2cmedia.ca/newcarimages/en/cb6ac7bfada5d46/Nissan/LEAF/2027/2100/488054/Xf2f2f2/front_45_degree.png'},{url:'https://carimages.d2cmedia.ca/newcarimages/en/cb6ac7bfada5d46/Nissan/LEAF/2027/2100/488054/Xf2f2f2/profile.png'},{url:'https://carimages.d2cmedia.ca/newcarimages/en/cb6ac7bfada5d46/Nissan/LEAF/2027/2100/488054/Xf2f2f2/back_45_degree.png'},{url:'https://carimages.d2cmedia.ca/newcarimages/en/cb6ac7bfada5d46/Nissan/LEAF/2027/2100/488054/Xf2f2f2/driver_dashboard.png'},{url:'https://carimages.d2cmedia.ca/newcarimages/en/cb6ac7bfada5d46/Nissan/LEAF/2027/2100/488054/Xf2f2f2/full_dashboard.png'},{url:'https://carimages.d2cmedia.ca/newcarimages/en/cb6ac7bfada5d46/Nissan/LEAF/2027/2100/488054/Xf2f2f2/interior_driver_open_seat.png'},{url:'https://carimages.d2cmedia.ca/newcarimages/en/cb6ac7bfada5d46/Nissan/LEAF/2027/2100/488054/Xf2f2f2/interior_driver_stereo.png'},{url:'https://carimages.d2cmedia.ca/newcarimages/en/cb6ac7bfada5d46/Nissan/LEAF/2027/2100/488054/Xf2f2f2/interior_driver_reat_seats.png'}]",50,KM,https://www.altanissanrh.com/new/inventory/2027-Nissan-LEAF-id14423834.html,2027 Nissan LEAF Sv+ Fwd at Alta Nissan Richmond Hill,46986 CAD,New,White,"Dark, Tailorfit Seating Surfaces",2062,Alta Nissan Richmond Hill,+1-905-780-7771,"{addr1: '11667 Yonge St.', city: 'Richmond Hill', region: 'Ontario', postal_code: 'L4E 3N8', country: 'CA'}",43.9028000000,-79.4448000000,,,,,https://www.altanissanrh.com/privacy-policy.html,New,2062,In stock,,46986 CAD,Free,
JN1AZ2BA8VM400998,JN1AZ2BA8VM400998,RY27L004-new,Nissan,LEAF,S+ Fwd,2027,AUTOMATIC,SUV,GASOLINE,FWD,"2027 Nissan LEAF S+ Fwd, Blue exterior, Front-wheel drive","[{url:'https://carimages.d2cmedia.ca/newcarimages/en/cb6ac7bfada5d46/Nissan/LEAF/2027/1200/488053-UysgRldE/blue/front45.png'},{url:'https://carimages.d2cmedia.ca/newcarimages/en/cb6ac7bfada5d46/Nissan/LEAF/2027/1280/488053/blue/front_45_degree.png'},{url:'https://carimages.d2cmedia.ca/newcarimages/en/cb6ac7bfada5d46/Nissan/LEAF/2027/2100/488053/blue/front_45_degree.png'},{url:'https://carimages.d2cmedia.ca/newcarimages/en/cb6ac7bfada5d46/Nissan/LEAF/2027/2100/488053/blue/profile.png'},{url:'https://carimages.d2cmedia.ca/newcarimages/en/cb6ac7bfada5d46/Nissan/LEAF/2027/2100/488053/blue/back_45_degree.png'},{url:'https://carimages.d2cmedia.ca/newcarimages/en/cb6ac7bfada5d46/Nissan/LEAF/2027/2100/488053/blue/driver_dashboard.png'},{url:'https://carimages.d2cmedia.ca/newcarimages/en/cb6ac7bfada5d46/Nissan/LEAF/2027/2100/488053/blue/full_dashboard.png'},{url:'https://carimages.d2cmedia.ca/newcarimages/en/cb6ac7bfada5d46/Nissan/LEAF/2027/2100/488053/blue/interior_driver_open_seat.png'},{url:'https://carimages.d2cmedia.ca/newcarimages/en/cb6ac7bfada5d46/Nissan/LEAF/2027/2100/488053/blue/interior_driver_stereo.png'},{url:'https://carimages.d2cmedia.ca/newcarimages/en/cb6ac7bfada5d46/Nissan/LEAF/2027/2100/488053/blue/interior_driver_reat_seats.png'}]",75,KM,https://www.altanissanrh.com/new/inventory/2027-Nissan-LEAF-id14487640.html,2027 Nissan LEAF S+ Fwd at Alta Nissan Richmond Hill,48441 CAD,New,Blue,"Dark, Cloth Seating Surfaces",2062,Alta Nissan Richmond Hill,+1-905-780-7771,"{addr1: '11667 Yonge St.', city: 'Richmond Hill', region: 'Ontario', postal_code: 'L4E 3N8', country: 'CA'}",43.9028000000,-79.4448000000,,,,,https://www.altanissanrh.com/privacy-policy.html,New,2062,In stock,,48441 CAD,Free,
JN8AF0BE7VM630064,JN8AF0BE7VM630064,RY27Y002-new,Nissan,Ariya,Sv Fwd,2027,AUTOMATIC,SUV,GASOLINE,FWD,"2027 Nissan Ariya Sv Fwd, White exterior, Front-wheel drive","[{url:'https://carimages.d2cmedia.ca/newcarimages/en/cb6ac7bfada5d46/Nissan/ARIYA/2027/1200/487979-U1YgRldE/XE3E6EB/front45.png'},{url:'https://carimages.d2cmedia.ca/newcarimages/en/cb6ac7bfada5d46/Nissan/ARIYA/2027/1280/487979/Xe3e6eb/front_45_degree.png'},{url:'https://carimages.d2cmedia.ca/newcarimages/en/cb6ac7bfada5d46/Nissan/ARIYA/2027/2100/487979/Xe3e6eb/front_45_degree.png'},{url:'https://carimages.d2cmedia.ca/newcarimages/en/cb6ac7bfada5d46/Nissan/ARIYA/2027/2100/487979/Xe3e6eb/profile.png'},{url:'https://carimages.d2cmedia.ca/newcarimages/en/cb6ac7bfada5d46/Nissan/ARIYA/2027/2100/487979/Xe3e6eb/back_45_degree.png'},{url:'https://carimages.d2cmedia.ca/newcarimages/en/cb6ac7bfada5d46/Nissan/ARIYA/2027/2100/487979/Xe3e6eb/driver_dashboard.png'},{url:'https://carimages.d2cmedia.ca/newcarimages/en/cb6ac7bfada5d46/Nissan/ARIYA/2027/2100/487979/Xe3e6eb/full_dashboard.png'},{url:'https://carimages.d2cmedia.ca/newcarimages/en/cb6ac7bfada5d46/Nissan/ARIYA/2027/2100/487979/Xe3e6eb/interior_driver_open_seat.png'},{url:'https://carimages.d2cmedia.ca/newcarimages/en/cb6ac7bfada5d46/Nissan/ARIYA/2027/2100/487979/Xe3e6eb/interior_driver_stereo.png'},{url:'https://carimages.d2cmedia.ca/newcarimages/en/cb6ac7bfada5d46/Nissan/ARIYA/2027/2100/487979/Xe3e6eb/interior_driver_reat_seats.png'}]",50,KM,https://www.altanissanrh.com/new/inventory/2027-Nissan-Ariya-id14487641.html,2027 Nissan Ariya Sv Fwd at Alta Nissan Richmond Hill,49441 CAD,New,White,Charcoal,2062,Alta Nissan Richmond Hill,+1-905-780-7771,"{addr1: '11667 Yonge St.', city: 'Richmond Hill', region: 'Ontario', postal_code: 'L4E 3N8', country: 'CA'}",43.9028000000,-79.4448000000,,,,,https://www.altanissanrh.com/privacy-policy.html,New,2062,In stock,,49441 CAD,Free,
JN1BZ4BH7VM551019,JN1BZ4BH7VM551019,RY27Z001-new,Nissan,Z,Performance,2027,MANUAL,SEDAN,GASOLINE,,"2027 Nissan Z Performance, Blue exterior","[{url:'https://carimages.d2cmedia.ca/newcarimages/en/cb6ac7bfada5d46/Nissan/Z/2027/1200/485011-UGVyZm9ybWFuY2UgTWFudWFs/blue/front45.png'},{url:'https://carimages.d2cmedia.ca/newcarimages/en/cb6ac7bfada5d46/Nissan/Z/2027/1280/485011/blue/front_45_degree.png'},{url:'https://carimages.d2cmedia.ca/newcarimages/en/cb6ac7bfada5d46/Nissan/Z/2027/2100/485011/blue/front_45_degree.png'},{url:'https://carimages.d2cmedia.ca/newcarimages/en/cb6ac7bfada5d46/Nissan/Z/2027/2100/485011/blue/profile.png'},{url:'https://carimages.d2cmedia.ca/newcarimages/en/cb6ac7bfada5d46/Nissan/Z/2027/2100/485011/blue/back_45_degree.png'},{url:'https://carimages.d2cmedia.ca/newcarimages/en/cb6ac7bfada5d46/Nissan/Z/2027/2100/485011/blue/driver_dashboard.png'},{url:'https://carimages.d2cmedia.ca/newcarimages/en/cb6ac7bfada5d46/Nissan/Z/2027/2100/485011/blue/full_dashboard.png'},{url:'https://carimages.d2cmedia.ca/newcarimages/en/cb6ac7bfada5d46/Nissan/Z/2027/2100/485011/blue/interior_driver_open_seat.png'},{url:'https://carimages.d2cmedia.ca/newcarimages/en/cb6ac7bfada5d46/Nissan/Z/2027/2100/485011/blue/interior_driver_stereo.png'},{url:'https://carimages.d2cmedia.ca/newcarimages/en/cb6ac7bfada5d46/Nissan/Z/2027/2100/485011/blue/interior_driver_storage_console.png'}]",50,KM,https://www.altanissanrh.com/new/inventory/2027-Nissan-Z-id14284559.html,2027 Nissan Z Performance at Alta Nissan Richmond Hill,66491 CAD,New,Blue,Dark grey,2062,Alta Nissan Richmond Hill,+1-905-780-7771,"{addr1: '11667 Yonge St.', city: 'Richmond Hill', region: 'Ontario', postal_code: 'L4E 3N8', country: 'CA'}",43.9028000000,-79.4448000000,,,,,https://www.altanissanrh.com/privacy-policy.html,New,2062,In stock,,66491 CAD,Free,
3N1CP5BV7PL516225,3N1CP5BV7PL516225,RY26K185A,Nissan,Kicks,S FWD | One Owner | Low Mileage | No Accident,2023,AUTOMATIC,SUV,GASOLINE,FWD,"2023 Nissan Kicks S FWD | One Owner | Low Mileage | No Accident, Blue exterior, Front-wheel drive","[{url:'https://imagescdn.d2cmedia.ca/cb6126b7529b7fbc6161aa194391a48bb1/2062/14249996/1/Nissan-Kicks-2023.jpg'},{url:'https://imagescdn.d2cmedia.ca/s86126b7529b7fbc6161aa194391a48bb1/2062/14249996/1/Nissan-Kicks-2023.jpg'},{url:'https://imagescdn.d2cmedia.ca/cb6126b7529b7fbc6161aa194391a48bb1/2062/14249996/2/Nissan-Kicks-2023.jpg'},{url:'https://imagescdn.d2cmedia.ca/cb6126b7529b7fbc6161aa194391a48bb1/2062/14249996/3/Nissan-Kicks-2023.jpg'},{url:'https://imagescdn.d2cmedia.ca/cb6126b7529b7fbc6161aa194391a48bb1/2062/14249996/4/Nissan-Kicks-2023.jpg'},{url:'https://imagescdn.d2cmedia.ca/cb6126b7529b7fbc6161aa194391a48bb1/2062/14249996/5/Nissan-Kicks-2023.jpg'},{url:'https://imagescdn.d2cmedia.ca/cb6126b7529b7fbc6161aa194391a48bb1/2062/14249996/6/Nissan-Kicks-2023.jpg'},{url:'https://imagescdn.d2cmedia.ca/cb6126b7529b7fbc6161aa194391a48bb1/2062/14249996/7/Nissan-Kicks-2023.jpg'},{url:'https://imagescdn.d2cmedia.ca/cb6126b7529b7fbc6161aa194391a48bb1/2062/14249996/8/Nissan-Kicks-2023.jpg'},{url:'https://imagescdn.d2cmedia.ca/cb6126b7529b7fbc6161aa194391a48bb1/2062/14249996/9/Nissan-Kicks-2023.jpg'}]",110710,KM,https://www.altanissanrh.com/used/2023-Nissan-Kicks-id14249996.html,2023 Nissan Kicks S FWD | One Owner | Low Mileage | No Accident at Alta Nissan Richmond Hill,15990 CAD,CPO,Blue,Charcoal,2062,Alta Nissan Richmond Hill,+1-905-780-7771,"{addr1: '11667 Yonge St.', city: 'Richmond Hill', region: 'Ontario', postal_code: 'L4E 3N8', country: 'CA'}",43.9028000000,-79.4448000000,,,,,https://www.altanissanrh.com/privacy-policy.html,CPO,2062,In stock,,15990 CAD,Free,
JN1BJ1AW8MW444246,JN1BJ1AW8MW444246,RU4721,Nissan,Qashqai,S AWD | One Owner | Low Mileage | No Accident,2021,AUTOMATIC,SUV,GASOLINE,AWD,"2021 Nissan Qashqai S AWD | One Owner | Low Mileage | No Accident, Black exterior, All-wheel drive","[{url:'https://imagescdn.d2cmedia.ca/cb49fdbd631f2d8d61a08a2ca8358359b9/2062/14472537/1/Nissan-Qashqai-2021.jpg'},{url:'https://imagescdn.d2cmedia.ca/s849fdbd631f2d8d61a08a2ca8358359b9/2062/14472537/1/Nissan-Qashqai-2021.jpg'},{url:'https://imagescdn.d2cmedia.ca/cb49fdbd631f2d8d61a08a2ca8358359b9/2062/14472537/2/Nissan-Qashqai-2021.jpg'},{url:'https://imagescdn.d2cmedia.ca/cb49fdbd631f2d8d61a08a2ca8358359b9/2062/14472537/3/Nissan-Qashqai-2021.jpg'},{url:'https://imagescdn.d2cmedia.ca/cb49fdbd631f2d8d61a08a2ca8358359b9/2062/14472537/4/Nissan-Qashqai-2021.jpg'},{url:'https://imagescdn.d2cmedia.ca/cb49fdbd631f2d8d61a08a2ca8358359b9/2062/14472537/5/Nissan-Qashqai-2021.jpg'},{url:'https://imagescdn.d2cmedia.ca/cb49fdbd631f2d8d61a08a2ca8358359b9/2062/14472537/6/Nissan-Qashqai-2021.jpg'},{url:'https://imagescdn.d2cmedia.ca/cb49fdbd631f2d8d61a08a2ca8358359b9/2062/14472537/7/Nissan-Qashqai-2021.jpg'},{url:'https://imagescdn.d2cmedia.ca/cb49fdbd631f2d8d61a08a2ca8358359b9/2062/14472537/8/Nissan-Qashqai-2021.jpg'},{url:'https://imagescdn.d2cmedia.ca/cb49fdbd631f2d8d61a08a2ca8358359b9/2062/14472537/9/Nissan-Qashqai-2021.jpg'}]",74985,KM,https://www.altanissanrh.com/used/2021-Nissan-Qashqai-id14472537.html,2021 Nissan Qashqai S AWD | One Owner | Low Mileage | No Accident at Alta Nissan Richmond Hill,17499 CAD,CPO,Black,Charcoal,2062,Alta Nissan Richmond Hill,+1-905-780-7771,"{addr1: '11667 Yonge St.', city: 'Richmond Hill', region: 'Ontario', postal_code: 'L4E 3N8', country: 'CA'}",43.9028000000,-79.4448000000,,,,,https://www.altanissanrh.com/privacy-policy.html,CPO,2062,In stock,,17499 CAD,Free,
3N1AB8CV9RY321612,3N1AB8CV9RY321612,RU4697,Nissan,Sentra,SV | ONE OWNER | No Accident | AppleCarplay/AndroidAuto,2024,AUTOMATIC,SEDAN,GASOLINE,FWD,"2024 Nissan Sentra SV | ONE OWNER | No Accident | AppleCarplay/AndroidAuto, Blue exterior, Front-wheel drive","[{url:'https://imagescdn.d2cmedia.ca/cbfe28f22bcd33ac3dca65904537cd04b0/2062/14356960/1/Nissan-Sentra-2024.jpg'},{url:'https://imagescdn.d2cmedia.ca/s8fe28f22bcd33ac3dca65904537cd04b0/2062/14356960/1/Nissan-Sentra-2024.jpg'},{url:'https://imagescdn.d2cmedia.ca/cbfe28f22bcd33ac3dca65904537cd04b0/2062/14356960/2/Nissan-Sentra-2024.jpg'},{url:'https://imagescdn.d2cmedia.ca/cbfe28f22bcd33ac3dca65904537cd04b0/2062/14356960/3/Nissan-Sentra-2024.jpg'},{url:'https://imagescdn.d2cmedia.ca/cbfe28f22bcd33ac3dca65904537cd04b0/2062/14356960/4/Nissan-Sentra-2024.jpg'},{url:'https://imagescdn.d2cmedia.ca/cbfe28f22bcd33ac3dca65904537cd04b0/2062/14356960/5/Nissan-Sentra-2024.jpg'},{url:'https://imagescdn.d2cmedia.ca/cbfe28f22bcd33ac3dca65904537cd04b0/2062/14356960/6/Nissan-Sentra-2024.jpg'},{url:'https://imagescdn.d2cmedia.ca/cbfe28f22bcd33ac3dca65904537cd04b0/2062/14356960/7/Nissan-Sentra-2024.jpg'},{url:'https://imagescdn.d2cmedia.ca/cbfe28f22bcd33ac3dca65904537cd04b0/2062/14356960/8/Nissan-Sentra-2024.jpg'},{url:'https://imagescdn.d2cmedia.ca/cbfe28f22bcd33ac3dca65904537cd04b0/2062/14356960/9/Nissan-Sentra-2024.jpg'}]",70350,KM,https://www.altanissanrh.com/used/2024-Nissan-Sentra-id14356960.html,2024 Nissan Sentra SV | ONE OWNER | No Accident | AppleCarplay/AndroidAuto at Alta Nissan Richmond Hill,18888 CAD,CPO,Blue,Charcoal,2062,Alta Nissan Richmond Hill,+1-905-780-7771,"{addr1: '11667 Yonge St.', city: 'Richmond Hill', region: 'Ontario', postal_code: 'L4E 3N8', country: 'CA'}",43.9028000000,-79.4448000000,,,,,https://www.altanissanrh.com/privacy-policy.html,CPO,2062,In stock,,18888 CAD,Free,
3N1CP5BV3RL587554,3N1CP5BV3RL587554,RU4725,Nissan,Kicks,S | ONE OWNER | LOW MILEAGE | No Accident | AppleCarplay/AndroidAuto,2024,AUTOMATIC,SUV,GASOLINE,FWD,"2024 Nissan Kicks S | ONE OWNER | LOW MILEAGE | No Accident | AppleCarplay/AndroidAuto, Black exterior, Front-wheel drive","[{url:'https://imagescdn.d2cmedia.ca/cb5d879f4631b30854b7c7cc90f5ae5c19/2062/14482734/1/Nissan-Kicks-2024.jpg'},{url:'https://imagescdn.d2cmedia.ca/s85d879f4631b30854b7c7cc90f5ae5c19/2062/14482734/1/Nissan-Kicks-2024.jpg'},{url:'https://imagescdn.d2cmedia.ca/cb5d879f4631b30854b7c7cc90f5ae5c19/2062/14482734/2/Nissan-Kicks-2024.jpg'},{url:'https://imagescdn.d2cmedia.ca/cb5d879f4631b30854b7c7cc90f5ae5c19/2062/14482734/3/Nissan-Kicks-2024.jpg'},{url:'https://imagescdn.d2cmedia.ca/cb5d879f4631b30854b7c7cc90f5ae5c19/2062/14482734/4/Nissan-Kicks-2024.jpg'},{url:'https://imagescdn.d2cmedia.ca/cb5d879f4631b30854b7c7cc90f5ae5c19/2062/14482734/5/Nissan-Kicks-2024.jpg'},{url:'https://imagescdn.d2cmedia.ca/cb5d879f4631b30854b7c7cc90f5ae5c19/2062/14482734/6/Nissan-Kicks-2024.jpg'},{url:'https://imagescdn.d2cmedia.ca/cb5d879f4631b30854b7c7cc90f5ae5c19/2062/14482734/7/Nissan-Kicks-2024.jpg'},{url:'https://imagescdn.d2cmedia.ca/cb5d879f4631b30854b7c7cc90f5ae5c19/2062/14482734/8/Nissan-Kicks-2024.jpg'},{url:'https://imagescdn.d2cmedia.ca/cb5d879f4631b30854b7c7cc90f5ae5c19/2062/14482734/9/Nissan-Kicks-2024.jpg'}]",32400,KM,https://www.altanissanrh.com/used/2024-Nissan-Kicks-id14482734.html,2024 Nissan Kicks S | ONE OWNER | LOW MILEAGE | No Accident | AppleCarplay/AndroidAuto at Alta Nissan Richmond Hill,18998 CAD,CPO,Black,,2062,Alta Nissan Richmond Hill,+1-905-780-7771,"{addr1: '11667 Yonge St.', city: 'Richmond Hill', region: 'Ontario', postal_code: 'L4E 3N8', country: 'CA'}",43.9028000000,-79.4448000000,,,,,https://www.altanissanrh.com/privacy-policy.html,CPO,2062,In stock,,18998 CAD,Free,
3N1AB8CV3RY241903,3N1AB8CV3RY241903,RU4729,Nissan,Sentra,SV | ONE OWNER | No Accident | LOW MILEAGE | AppleCarplay/AndroidAuto,2024,AUTOMATIC,SEDAN,GASOLINE,FWD,"2024 Nissan Sentra SV | ONE OWNER | No Accident | LOW MILEAGE | AppleCarplay/AndroidAuto, Blue exterior, Front-wheel drive","[{url:'https://imagescdn.d2cmedia.ca/s8bdbaebf1251aa9d587e39fb1616c0e43/2062/14493363/1/Nissan-Sentra-2024.jpg'},{url:'https://imagescdn.d2cmedia.ca/cbbdbaebf1251aa9d587e39fb1616c0e43/2062/14493363/1/Nissan-Sentra-2024.jpg'}]",47855,KM,https://www.altanissanrh.com/used/2024-Nissan-Sentra-id14493363.html,2024 Nissan Sentra SV | ONE OWNER | No Accident | LOW MILEAGE | AppleCarplay/AndroidAuto at Alta Nissan Richmond Hill,19445 CAD,CPO,Blue,Charcoal,2062,Alta Nissan Richmond Hill,+1-905-780-7771,"{addr1: '11667 Yonge St.', city: 'Richmond Hill', region: 'Ontario', postal_code: 'L4E 3N8', country: 'CA'}",43.9028000000,-79.4448000000,,,,,https://www.altanissanrh.com/privacy-policy.html,CPO,2062,In stock,,19445 CAD,Free,
3N1CP5CV2NL513728,3N1CP5CV2NL513728,RU4720,Nissan,Kicks,SV | ONE OWNER | No Accident | AppleCarplay/AndroidAuto,2022,AUTOMATIC,SUV,GASOLINE,FWD,"2022 Nissan Kicks SV | ONE OWNER | No Accident | AppleCarplay/AndroidAuto, White exterior, Front-wheel drive","[{url:'https://imagescdn.d2cmedia.ca/cb2fd11d8557eb3eb079e745ec4e3bafbd/2062/14465422/1/Nissan-Kicks-2022.jpg'},{url:'https://imagescdn.d2cmedia.ca/s82fd11d8557eb3eb079e745ec4e3bafbd/2062/14465422/1/Nissan-Kicks-2022.jpg'},{url:'https://imagescdn.d2cmedia.ca/cb2fd11d8557eb3eb079e745ec4e3bafbd/2062/14465422/2/Nissan-Kicks-2022.jpg'},{url:'https://imagescdn.d2cmedia.ca/cb2fd11d8557eb3eb079e745ec4e3bafbd/2062/14465422/3/Nissan-Kicks-2022.jpg'},{url:'https://imagescdn.d2cmedia.ca/cb2fd11d8557eb3eb079e745ec4e3bafbd/2062/14465422/4/Nissan-Kicks-2022.jpg'},{url:'https://imagescdn.d2cmedia.ca/cb2fd11d8557eb3eb079e745ec4e3bafbd/2062/14465422/5/Nissan-Kicks-2022.jpg'},{url:'https://imagescdn.d2cmedia.ca/cb2fd11d8557eb3eb079e745ec4e3bafbd/2062/14465422/6/Nissan-Kicks-2022.jpg'},{url:'https://imagescdn.d2cmedia.ca/cb2fd11d8557eb3eb079e745ec4e3bafbd/2062/14465422/7/Nissan-Kicks-2022.jpg'},{url:'https://imagescdn.d2cmedia.ca/cb2fd11d8557eb3eb079e745ec4e3bafbd/2062/14465422/8/Nissan-Kicks-2022.jpg'},{url:'https://imagescdn.d2cmedia.ca/cb2fd11d8557eb3eb079e745ec4e3bafbd/2062/14465422/9/Nissan-Kicks-2022.jpg'}]",41600,KM,https://www.altanissanrh.com/used/2022-Nissan-Kicks-id14465422.html,2022 Nissan Kicks SV | ONE OWNER | No Accident | AppleCarplay/AndroidAuto at Alta Nissan Richmond Hill,19499 CAD,CPO,White,Charcoal,2062,Alta Nissan Richmond Hill,+1-905-780-7771,"{addr1: '11667 Yonge St.', city: 'Richmond Hill', region: 'Ontario', postal_code: 'L4E 3N8', country: 'CA'}",43.9028000000,-79.4448000000,,,,,https://www.altanissanrh.com/privacy-policy.html,CPO,2062,In stock,,19499 CAD,Free,
3N1AB8CV4RY374542,3N1AB8CV4RY374542,RU4683,Nissan,Sentra,SV | ONE OWNER | No Accident | AppleCarplay/AndroidAuto,2024,AUTOMATIC,SEDAN,GASOLINE,FWD,"2024 Nissan Sentra SV | ONE OWNER | No Accident | AppleCarplay/AndroidAuto, Blue exterior, Front-wheel drive","[{url:'https://imagescdn.d2cmedia.ca/cbbfed55d6fa899411cd1cf3479bce7aec/2062/14324085/1/Nissan-Sentra-2024.jpg'},{url:'https://imagescdn.d2cmedia.ca/s8bfed55d6fa899411cd1cf3479bce7aec/2062/14324085/1/Nissan-Sentra-2024.jpg'},{url:'https://imagescdn.d2cmedia.ca/cbbfed55d6fa899411cd1cf3479bce7aec/2062/14324085/2/Nissan-Sentra-2024.jpg'},{url:'https://imagescdn.d2cmedia.ca/cbbfed55d6fa899411cd1cf3479bce7aec/2062/14324085/3/Nissan-Sentra-2024.jpg'},{url:'https://imagescdn.d2cmedia.ca/cbbfed55d6fa899411cd1cf3479bce7aec/2062/14324085/4/Nissan-Sentra-2024.jpg'},{url:'https://imagescdn.d2cmedia.ca/cbbfed55d6fa899411cd1cf3479bce7aec/2062/14324085/5/Nissan-Sentra-2024.jpg'},{url:'https://imagescdn.d2cmedia.ca/cbbfed55d6fa899411cd1cf3479bce7aec/2062/14324085/6/Nissan-Sentra-2024.jpg'},{url:'https://imagescdn.d2cmedia.ca/cbbfed55d6fa899411cd1cf3479bce7aec/2062/14324085/7/Nissan-Sentra-2024.jpg'},{url:'https://imagescdn.d2cmedia.ca/cbbfed55d6fa899411cd1cf3479bce7aec/2062/14324085/8/Nissan-Sentra-2024.jpg'},{url:'https://imagescdn.d2cmedia.ca/cbbfed55d6fa899411cd1cf3479bce7aec/2062/14324085/9/Nissan-Sentra-2024.jpg'}]",33635,KM,https://www.altanissanrh.com/used/2024-Nissan-Sentra-id14324085.html,2024 Nissan Sentra SV | ONE OWNER | No Accident | AppleCarplay/AndroidAuto at Alta Nissan Richmond Hill,19550 CAD,CPO,Blue,Charcoal,2062,Alta Nissan Richmond Hill,+1-905-780-7771,"{addr1: '11667 Yonge St.', city: 'Richmond Hill', region: 'Ontario', postal_code: 'L4E 3N8', country: 'CA'}",43.9028000000,-79.4448000000,,,,,https://www.altanissanrh.com/privacy-policy.html,CPO,2062,In stock,,19550 CAD,Free,
3N1CP5BV3RL588509,3N1CP5BV3RL588509,RU4713,Nissan,Kicks,S FWD | One Owner | Low Mileage | No Accident,2024,AUTOMATIC,SUV,GASOLINE,FWD,"2024 Nissan Kicks S FWD | One Owner | Low Mileage | No Accident, Black exterior, Front-wheel drive","[{url:'https://imagescdn.d2cmedia.ca/cbd636b67dc92e43a667b5f9c7ec2d1b52/2062/14451293/1/Nissan-Kicks-2024.jpg'},{url:'https://imagescdn.d2cmedia.ca/s8d636b67dc92e43a667b5f9c7ec2d1b52/2062/14451293/1/Nissan-Kicks-2024.jpg'},{url:'https://imagescdn.d2cmedia.ca/cbd636b67dc92e43a667b5f9c7ec2d1b52/2062/14451293/2/Nissan-Kicks-2024.jpg'},{url:'https://imagescdn.d2cmedia.ca/cbd636b67dc92e43a667b5f9c7ec2d1b52/2062/14451293/3/Nissan-Kicks-2024.jpg'},{url:'https://imagescdn.d2cmedia.ca/cbd636b67dc92e43a667b5f9c7ec2d1b52/2062/14451293/4/Nissan-Kicks-2024.jpg'},{url:'https://imagescdn.d2cmedia.ca/cbd636b67dc92e43a667b5f9c7ec2d1b52/2062/14451293/5/Nissan-Kicks-2024.jpg'},{url:'https://imagescdn.d2cmedia.ca/cbd636b67dc92e43a667b5f9c7ec2d1b52/2062/14451293/6/Nissan-Kicks-2024.jpg'},{url:'https://imagescdn.d2cmedia.ca/cbd636b67dc92e43a667b5f9c7ec2d1b52/2062/14451293/7/Nissan-Kicks-2024.jpg'},{url:'https://imagescdn.d2cmedia.ca/cbd636b67dc92e43a667b5f9c7ec2d1b52/2062/14451293/8/Nissan-Kicks-2024.jpg'},{url:'https://imagescdn.d2cmedia.ca/cbd636b67dc92e43a667b5f9c7ec2d1b52/2062/14451293/9/Nissan-Kicks-2024.jpg'}]",33790,KM,https://www.altanissanrh.com/used/2024-Nissan-Kicks-id14451293.html,2024 Nissan Kicks S FWD | One Owner | Low Mileage | No Accident at Alta Nissan Richmond Hill,19665 CAD,CPO,Black,Charcoal,2062,Alta Nissan Richmond Hill,+1-905-780-7771,"{addr1: '11667 Yonge St.', city: 'Richmond Hill', region: 'Ontario', postal_code: 'L4E 3N8', country: 'CA'}",43.9028000000,-79.4448000000,,,,,https://www.altanissanrh.com/privacy-policy.html,CPO,2062,In stock,,19665 CAD,Free,
3N1AB8DV2RY350383,3N1AB8DV2RY350383,P0220,Nissan,Sentra,SR PREMIUM | ONE OWNER | No Accident | AppleCarplay/AndroidAuto,2024,AUTOMATIC,SEDAN,GASOLINE,FWD,"2024 Nissan Sentra SR PREMIUM | ONE OWNER | No Accident | AppleCarplay/AndroidAuto, Orange exterior, Front-wheel drive","[{url:'https://imagescdn.d2cmedia.ca/cb781b63b48da6e846657c26363abdaed2/2062/14107311/1/Nissan-Sentra-2024.jpg'},{url:'https://imagescdn.d2cmedia.ca/s8781b63b48da6e846657c26363abdaed2/2062/14107311/1/Nissan-Sentra-2024.jpg'},{url:'https://imagescdn.d2cmedia.ca/cb781b63b48da6e846657c26363abdaed2/2062/14107311/2/Nissan-Sentra-2024.jpg'},{url:'https://imagescdn.d2cmedia.ca/cb781b63b48da6e846657c26363abdaed2/2062/14107311/3/Nissan-Sentra-2024.jpg'},{url:'https://imagescdn.d2cmedia.ca/cb781b63b48da6e846657c26363abdaed2/2062/14107311/4/Nissan-Sentra-2024.jpg'},{url:'https://imagescdn.d2cmedia.ca/cb781b63b48da6e846657c26363abdaed2/2062/14107311/5/Nissan-Sentra-2024.jpg'},{url:'https://imagescdn.d2cmedia.ca/cb781b63b48da6e846657c26363abdaed2/2062/14107311/6/Nissan-Sentra-2024.jpg'},{url:'https://imagescdn.d2cmedia.ca/cb781b63b48da6e846657c26363abdaed2/2062/14107311/7/Nissan-Sentra-2024.jpg'},{url:'https://imagescdn.d2cmedia.ca/cb781b63b48da6e846657c26363abdaed2/2062/14107311/8/Nissan-Sentra-2024.jpg'},{url:'https://imagescdn.d2cmedia.ca/cb781b63b48da6e846657c26363abdaed2/2062/14107311/9/Nissan-Sentra-2024.jpg'}]",58970,KM,https://www.altanissanrh.com/used/2024-Nissan-Sentra-id14107311.html,2024 Nissan Sentra SR PREMIUM | ONE OWNER | No Accident | AppleCarplay/AndroidAuto at Alta Nissan Richmond Hill,19884 CAD,CPO,Orange,Black,2062,Alta Nissan Richmond Hill,+1-905-780-7771,"{addr1: '11667 Yonge St.', city: 'Richmond Hill', region: 'Ontario', postal_code: 'L4E 3N8', country: 'CA'}",43.9028000000,-79.4448000000,,,,,https://www.altanissanrh.com/privacy-policy.html,CPO,2062,In stock,,19884 CAD,Free,
3N1CP5BV8RL588666,3N1CP5BV8RL588666,RU4724,Nissan,Kicks,S FWD | ONE OWNER | LOW MILEAGE | No Accident | AppleCarplay/AndroidAuto,2024,AUTOMATIC,SUV,GASOLINE,FWD,"2024 Nissan Kicks S FWD | ONE OWNER | LOW MILEAGE | No Accident | AppleCarplay/AndroidAuto, White exterior, Front-wheel drive","[{url:'https://imagescdn.d2cmedia.ca/cb626f84b13bf691a0255bb7363f4b74cd/2062/14482733/1/Nissan-Kicks-2024.jpg'},{url:'https://imagescdn.d2cmedia.ca/s8626f84b13bf691a0255bb7363f4b74cd/2062/14482733/1/Nissan-Kicks-2024.jpg'},{url:'https://imagescdn.d2cmedia.ca/cb626f84b13bf691a0255bb7363f4b74cd/2062/14482733/2/Nissan-Kicks-2024.jpg'},{url:'https://imagescdn.d2cmedia.ca/cb626f84b13bf691a0255bb7363f4b74cd/2062/14482733/3/Nissan-Kicks-2024.jpg'},{url:'https://imagescdn.d2cmedia.ca/cb626f84b13bf691a0255bb7363f4b74cd/2062/14482733/4/Nissan-Kicks-2024.jpg'},{url:'https://imagescdn.d2cmedia.ca/cb626f84b13bf691a0255bb7363f4b74cd/2062/14482733/5/Nissan-Kicks-2024.jpg'},{url:'https://imagescdn.d2cmedia.ca/cb626f84b13bf691a0255bb7363f4b74cd/2062/14482733/6/Nissan-Kicks-2024.jpg'},{url:'https://imagescdn.d2cmedia.ca/cb626f84b13bf691a0255bb7363f4b74cd/2062/14482733/7/Nissan-Kicks-2024.jpg'},{url:'https://imagescdn.d2cmedia.ca/cb626f84b13bf691a0255bb7363f4b74cd/2062/14482733/8/Nissan-Kicks-2024.jpg'},{url:'https://imagescdn.d2cmedia.ca/cb626f84b13bf691a0255bb7363f4b74cd/2062/14482733/9/Nissan-Kicks-2024.jpg'}]",25920,KM,https://www.altanissanrh.com/used/2024-Nissan-Kicks-id14482733.html,2024 Nissan Kicks S FWD | ONE OWNER | LOW MILEAGE | No Accident | AppleCarplay/AndroidAuto at Alta Nissan Richmond Hill,19888 CAD,CPO,White,Charcoal,2062,Alta Nissan Richmond Hill,+1-905-780-7771,"{addr1: '11667 Yonge St.', city: 'Richmond Hill', region: 'Ontario', postal_code: 'L4E 3N8', country: 'CA'}",43.9028000000,-79.4448000000,,,,,https://www.altanissanrh.com/privacy-policy.html,CPO,2062,In stock,,19888 CAD,Free,
3N1CP5CV8RL585118,3N1CP5CV8RL585118,RU4682,Nissan,Kicks,SV | ONE OWNER | No Accident | AppleCarplay/AndroidAuto,2024,AUTOMATIC,SUV,GASOLINE,FWD,"2024 Nissan Kicks SV | ONE OWNER | No Accident | AppleCarplay/AndroidAuto, Grey exterior, Front-wheel drive","[{url:'https://imagescdn.d2cmedia.ca/cb40266894f26bd14e1488dc437ec73796/2062/14324084/1/Nissan-Kicks-2024.jpg'},{url:'https://imagescdn.d2cmedia.ca/s840266894f26bd14e1488dc437ec73796/2062/14324084/1/Nissan-Kicks-2024.jpg'},{url:'https://imagescdn.d2cmedia.ca/cb40266894f26bd14e1488dc437ec73796/2062/14324084/2/Nissan-Kicks-2024.jpg'},{url:'https://imagescdn.d2cmedia.ca/cb40266894f26bd14e1488dc437ec73796/2062/14324084/3/Nissan-Kicks-2024.jpg'},{url:'https://imagescdn.d2cmedia.ca/cb40266894f26bd14e1488dc437ec73796/2062/14324084/4/Nissan-Kicks-2024.jpg'},{url:'https://imagescdn.d2cmedia.ca/cb40266894f26bd14e1488dc437ec73796/2062/14324084/5/Nissan-Kicks-2024.jpg'},{url:'https://imagescdn.d2cmedia.ca/cb40266894f26bd14e1488dc437ec73796/2062/14324084/6/Nissan-Kicks-2024.jpg'},{url:'https://imagescdn.d2cmedia.ca/cb40266894f26bd14e1488dc437ec73796/2062/14324084/7/Nissan-Kicks-2024.jpg'},{url:'https://imagescdn.d2cmedia.ca/cb40266894f26bd14e1488dc437ec73796/2062/14324084/8/Nissan-Kicks-2024.jpg'},{url:'https://imagescdn.d2cmedia.ca/cb40266894f26bd14e1488dc437ec73796/2062/14324084/9/Nissan-Kicks-2024.jpg'}]",49140,KM,https://www.altanissanrh.com/used/2024-Nissan-Kicks-id14324084.html,2024 Nissan Kicks SV | ONE OWNER | No Accident | AppleCarplay/AndroidAuto at Alta Nissan Richmond Hill,19985 CAD,CPO,Grey,Gray,2062,Alta Nissan Richmond Hill,+1-905-780-7771,"{addr1: '11667 Yonge St.', city: 'Richmond Hill', region: 'Ontario', postal_code: 'L4E 3N8', country: 'CA'}",43.9028000000,-79.4448000000,,,,,https://www.altanissanrh.com/privacy-policy.html,CPO,2062,In stock,,19985 CAD,Free,
3N1AB8CV0RY368818,3N1AB8CV0RY368818,P0226,Nissan,Sentra,SV | One Owner | Low Mileage | No Accident | AppleCarplay/AndroidAuto,2024,AUTOMATIC,SEDAN,GASOLINE,FWD,"2024 Nissan Sentra SV | One Owner | Low Mileage | No Accident | AppleCarplay/AndroidAuto, Grey exterior, Front-wheel drive","[{url:'https://imagescdn.d2cmedia.ca/cb85ba29b1d041e034c42c353683d8b7d1/2062/14240552/1/Nissan-Sentra-2024.jpg'},{url:'https://imagescdn.d2cmedia.ca/s885ba29b1d041e034c42c353683d8b7d1/2062/14240552/1/Nissan-Sentra-2024.jpg'},{url:'https://imagescdn.d2cmedia.ca/cb85ba29b1d041e034c42c353683d8b7d1/2062/14240552/2/Nissan-Sentra-2024.jpg'},{url:'https://imagescdn.d2cmedia.ca/cb85ba29b1d041e034c42c353683d8b7d1/2062/14240552/3/Nissan-Sentra-2024.jpg'},{url:'https://imagescdn.d2cmedia.ca/cb85ba29b1d041e034c42c353683d8b7d1/2062/14240552/4/Nissan-Sentra-2024.jpg'},{url:'https://imagescdn.d2cmedia.ca/cb85ba29b1d041e034c42c353683d8b7d1/2062/14240552/5/Nissan-Sentra-2024.jpg'},{url:'https://imagescdn.d2cmedia.ca/cb85ba29b1d041e034c42c353683d8b7d1/2062/14240552/6/Nissan-Sentra-2024.jpg'},{url:'https://imagescdn.d2cmedia.ca/cb85ba29b1d041e034c42c353683d8b7d1/2062/14240552/7/Nissan-Sentra-2024.jpg'},{url:'https://imagescdn.d2cmedia.ca/cb85ba29b1d041e034c42c353683d8b7d1/2062/14240552/8/Nissan-Sentra-2024.jpg'},{url:'https://imagescdn.d2cmedia.ca/cb85ba29b1d041e034c42c353683d8b7d1/2062/14240552/9/Nissan-Sentra-2024.jpg'}]",17370,KM,https://www.altanissanrh.com/used/2024-Nissan-Sentra-id14240552.html,2024 Nissan Sentra SV | One Owner | Low Mileage | No Accident | AppleCarplay/AndroidAuto at Alta Nissan Richmond Hill,19990 CAD,CPO,Grey,Charcoal,2062,Alta Nissan Richmond Hill,+1-905-780-7771,"{addr1: '11667 Yonge St.', city: 'Richmond Hill', region: 'Ontario', postal_code: 'L4E 3N8', country: 'CA'}",43.9028000000,-79.4448000000,,,,,https://www.altanissanrh.com/privacy-policy.html,CPO,2062,In stock,,19990 CAD,Free,
5N1AZ2BS5MC135401,5N1AZ2BS5MC135401,P0217,Nissan,Murano,SV AWD | One Owiner | AppleCarplay/AndroidAuto,2021,AUTOMATIC,SUV,GASOLINE,AWD,"2021 Nissan Murano SV AWD | One Owiner | AppleCarplay/AndroidAuto, Black exterior, All-wheel drive","[{url:'https://imagescdn.d2cmedia.ca/cb24d567550d9989e238c1c71d0e785c81/2062/14100660/1/Nissan-Murano-2021.jpg'},{url:'https://imagescdn.d2cmedia.ca/s824d567550d9989e238c1c71d0e785c81/2062/14100660/1/Nissan-Murano-2021.jpg'},{url:'https://imagescdn.d2cmedia.ca/cb24d567550d9989e238c1c71d0e785c81/2062/14100660/2/Nissan-Murano-2021.jpg'},{url:'https://imagescdn.d2cmedia.ca/cb24d567550d9989e238c1c71d0e785c81/2062/14100660/3/Nissan-Murano-2021.jpg'},{url:'https://imagescdn.d2cmedia.ca/cb24d567550d9989e238c1c71d0e785c81/2062/14100660/4/Nissan-Murano-2021.jpg'},{url:'https://imagescdn.d2cmedia.ca/cb24d567550d9989e238c1c71d0e785c81/2062/14100660/5/Nissan-Murano-2021.jpg'},{url:'https://imagescdn.d2cmedia.ca/cb24d567550d9989e238c1c71d0e785c81/2062/14100660/6/Nissan-Murano-2021.jpg'},{url:'https://imagescdn.d2cmedia.ca/cb24d567550d9989e238c1c71d0e785c81/2062/14100660/7/Nissan-Murano-2021.jpg'},{url:'https://imagescdn.d2cmedia.ca/cb24d567550d9989e238c1c71d0e785c81/2062/14100660/8/Nissan-Murano-2021.jpg'},{url:'https://imagescdn.d2cmedia.ca/cb24d567550d9989e238c1c71d0e785c81/2062/14100660/9/Nissan-Murano-2021.jpg'}]",98000,KM,https://www.altanissanrh.com/used/2021-Nissan-Murano-id14100660.html,2021 Nissan Murano SV AWD | One Owiner | AppleCarplay/AndroidAuto at Alta Nissan Richmond Hill,19998 CAD,CPO,Black,,2062,Alta Nissan Richmond Hill,+1-905-780-7771,"{addr1: '11667 Yonge St.', city: 'Richmond Hill', region: 'Ontario', postal_code: 'L4E 3N8', country: 'CA'}",43.9028000000,-79.4448000000,,,,,https://www.altanissanrh.com/privacy-policy.html,CPO,2062,In stock,,19998 CAD,Free,
3N1AB8BV5RY323584,3N1AB8BV5RY323584,RU4718,Nissan,Sentra,S Plus | ONE OWNER | No Accident | Low Mileage,2024,AUTOMATIC,SEDAN,GASOLINE,FWD,"2024 Nissan Sentra S Plus | ONE OWNER | No Accident | Low Mileage, White exterior, Front-wheel drive","[{url:'https://imagescdn.d2cmedia.ca/cb4177e9da8436dfe2c9211ce562028f13/2062/14465420/1/Nissan-Sentra-2024.jpg'},{url:'https://imagescdn.d2cmedia.ca/s84177e9da8436dfe2c9211ce562028f13/2062/14465420/1/Nissan-Sentra-2024.jpg'},{url:'https://imagescdn.d2cmedia.ca/cb4177e9da8436dfe2c9211ce562028f13/2062/14465420/2/Nissan-Sentra-2024.jpg'},{url:'https://imagescdn.d2cmedia.ca/cb4177e9da8436dfe2c9211ce562028f13/2062/14465420/3/Nissan-Sentra-2024.jpg'},{url:'https://imagescdn.d2cmedia.ca/cb4177e9da8436dfe2c9211ce562028f13/2062/14465420/4/Nissan-Sentra-2024.jpg'},{url:'https://imagescdn.d2cmedia.ca/cb4177e9da8436dfe2c9211ce562028f13/2062/14465420/5/Nissan-Sentra-2024.jpg'},{url:'https://imagescdn.d2cmedia.ca/cb4177e9da8436dfe2c9211ce562028f13/2062/14465420/6/Nissan-Sentra-2024.jpg'},{url:'https://imagescdn.d2cmedia.ca/cb4177e9da8436dfe2c9211ce562028f13/2062/14465420/7/Nissan-Sentra-2024.jpg'},{url:'https://imagescdn.d2cmedia.ca/cb4177e9da8436dfe2c9211ce562028f13/2062/14465420/8/Nissan-Sentra-2024.jpg'},{url:'https://imagescdn.d2cmedia.ca/cb4177e9da8436dfe2c9211ce562028f13/2062/14465420/9/Nissan-Sentra-2024.jpg'}]",34183,KM,https://www.altanissanrh.com/used/2024-Nissan-Sentra-id14465420.html,2024 Nissan Sentra S Plus | ONE OWNER | No Accident | Low Mileage at Alta Nissan Richmond Hill,19998 CAD,CPO,White,Charcoal,2062,Alta Nissan Richmond Hill,+1-905-780-7771,"{addr1: '11667 Yonge St.', city: 'Richmond Hill', region: 'Ontario', postal_code: 'L4E 3N8', country: 'CA'}",43.9028000000,-79.4448000000,,,,,https://www.altanissanrh.com/privacy-policy.html,CPO,2062,In stock,,19998 CAD,Free,
3N1CP5CV7RL585014,3N1CP5CV7RL585014,RU4703,Nissan,Kicks,SV FWD | ONE OWNER | No Accident | AppleCarplay/AndroidAuto,2024,AUTOMATIC,SUV,GASOLINE,FWD,"2024 Nissan Kicks SV FWD | ONE OWNER | No Accident | AppleCarplay/AndroidAuto, Grey exterior, Front-wheel drive","[{url:'https://imagescdn.d2cmedia.ca/cbddfe11e4f6d722779d56b71e86d22b14/2062/14382548/1/Nissan-Kicks-2024.jpg'},{url:'https://imagescdn.d2cmedia.ca/s8ddfe11e4f6d722779d56b71e86d22b14/2062/14382548/1/Nissan-Kicks-2024.jpg'},{url:'https://imagescdn.d2cmedia.ca/cbddfe11e4f6d722779d56b71e86d22b14/2062/14382548/2/Nissan-Kicks-2024.jpg'},{url:'https://imagescdn.d2cmedia.ca/cbddfe11e4f6d722779d56b71e86d22b14/2062/14382548/3/Nissan-Kicks-2024.jpg'},{url:'https://imagescdn.d2cmedia.ca/cbddfe11e4f6d722779d56b71e86d22b14/2062/14382548/4/Nissan-Kicks-2024.jpg'},{url:'https://imagescdn.d2cmedia.ca/cbddfe11e4f6d722779d56b71e86d22b14/2062/14382548/5/Nissan-Kicks-2024.jpg'},{url:'https://imagescdn.d2cmedia.ca/cbddfe11e4f6d722779d56b71e86d22b14/2062/14382548/6/Nissan-Kicks-2024.jpg'},{url:'https://imagescdn.d2cmedia.ca/cbddfe11e4f6d722779d56b71e86d22b14/2062/14382548/7/Nissan-Kicks-2024.jpg'},{url:'https://imagescdn.d2cmedia.ca/cbddfe11e4f6d722779d56b71e86d22b14/2062/14382548/8/Nissan-Kicks-2024.jpg'},{url:'https://imagescdn.d2cmedia.ca/cbddfe11e4f6d722779d56b71e86d22b14/2062/14382548/9/Nissan-Kicks-2024.jpg'}]",40710,KM,https://www.altanissanrh.com/used/2024-Nissan-Kicks-id14382548.html,2024 Nissan Kicks SV FWD | ONE OWNER | No Accident | AppleCarplay/AndroidAuto at Alta Nissan Richmond Hill,20735 CAD,CPO,Grey,Charcoal,2062,Alta Nissan Richmond Hill,+1-905-780-7771,"{addr1: '11667 Yonge St.', city: 'Richmond Hill', region: 'Ontario', postal_code: 'L4E 3N8', country: 'CA'}",43.9028000000,-79.4448000000,,,,,https://www.altanissanrh.com/privacy-policy.html,CPO,2062,In stock,,20735 CAD,Free,
3N1AB8CV3RY367517,3N1AB8CV3RY367517,RU4728,Nissan,Sentra,SV | ONE OWNER | No Accident | LOW MILEAGE | AppleCarplay/AndroidAuto,2024,AUTOMATIC,SEDAN,GASOLINE,FWD,"2024 Nissan Sentra SV | ONE OWNER | No Accident | LOW MILEAGE | AppleCarplay/AndroidAuto, Red exterior, Front-wheel drive","[{url:'https://imagescdn.d2cmedia.ca/s8b984164e4812549b55b33a8d50644495/2062/14493362/1/Nissan-Sentra-2024.jpg'},{url:'https://imagescdn.d2cmedia.ca/cbb984164e4812549b55b33a8d50644495/2062/14493362/1/Nissan-Sentra-2024.jpg'}]",32865,KM,https://www.altanissanrh.com/used/2024-Nissan-Sentra-id14493362.html,2024 Nissan Sentra SV | ONE OWNER | No Accident | LOW MILEAGE | AppleCarplay/AndroidAuto at Alta Nissan Richmond Hill,20787 CAD,CPO,Red,Charcoal,2062,Alta Nissan Richmond Hill,+1-905-780-7771,"{addr1: '11667 Yonge St.', city: 'Richmond Hill', region: 'Ontario', postal_code: 'L4E 3N8', country: 'CA'}",43.9028000000,-79.4448000000,,,,,https://www.altanissanrh.com/privacy-policy.html,CPO,2062,In stock,,20787 CAD,Free,
3N1AB8DV1PY323558,3N1AB8DV1PY323558,RU4691,Nissan,Sentra,SR | ONE OWNER | NEW TIRES | No Accident | AppleCarplay/AndroidAuto,2023,AUTOMATIC,SEDAN,GASOLINE,FWD,"2023 Nissan Sentra SR | ONE OWNER | NEW TIRES | No Accident | AppleCarplay/AndroidAuto, Dark grey exterior, Front-wheel drive","[{url:'https://imagescdn.d2cmedia.ca/cb4e1f80221371279988ff97ecb07fb602/2062/14337881/1/Nissan-Sentra-2023.jpg'},{url:'https://imagescdn.d2cmedia.ca/s84e1f80221371279988ff97ecb07fb602/2062/14337881/1/Nissan-Sentra-2023.jpg'},{url:'https://imagescdn.d2cmedia.ca/cb4e1f80221371279988ff97ecb07fb602/2062/14337881/2/Nissan-Sentra-2023.jpg'},{url:'https://imagescdn.d2cmedia.ca/cb4e1f80221371279988ff97ecb07fb602/2062/14337881/3/Nissan-Sentra-2023.jpg'},{url:'https://imagescdn.d2cmedia.ca/cb4e1f80221371279988ff97ecb07fb602/2062/14337881/4/Nissan-Sentra-2023.jpg'},{url:'https://imagescdn.d2cmedia.ca/cb4e1f80221371279988ff97ecb07fb602/2062/14337881/5/Nissan-Sentra-2023.jpg'},{url:'https://imagescdn.d2cmedia.ca/cb4e1f80221371279988ff97ecb07fb602/2062/14337881/6/Nissan-Sentra-2023.jpg'},{url:'https://imagescdn.d2cmedia.ca/cb4e1f80221371279988ff97ecb07fb602/2062/14337881/7/Nissan-Sentra-2023.jpg'},{url:'https://imagescdn.d2cmedia.ca/cb4e1f80221371279988ff97ecb07fb602/2062/14337881/8/Nissan-Sentra-2023.jpg'},{url:'https://imagescdn.d2cmedia.ca/cb4e1f80221371279988ff97ecb07fb602/2062/14337881/9/Nissan-Sentra-2023.jpg'}]",67820,KM,https://www.altanissanrh.com/used/2023-Nissan-Sentra-id14337881.html,2023 Nissan Sentra SR | ONE OWNER | NEW TIRES | No Accident | AppleCarplay/AndroidAuto at Alta Nissan Richmond Hill,20885 CAD,CPO,Dark grey,Charcoal,2062,Alta Nissan Richmond Hill,+1-905-780-7771,"{addr1: '11667 Yonge St.', city: 'Richmond Hill', region: 'Ontario', postal_code: 'L4E 3N8', country: 'CA'}",43.9028000000,-79.4448000000,,,,,https://www.altanissanrh.com/privacy-policy.html,CPO,2062,In stock,,20885 CAD,Free,
5N1AZ2CS2MC130302,5N1AZ2CS2MC130302,P0206,Nissan,Murano,SL AWD | One Owiner | No Accident | AppleCarplay/AndroidAuto,2021,AUTOMATIC,SUV,GASOLINE,AWD,"2021 Nissan Murano SL AWD | One Owiner | No Accident | AppleCarplay/AndroidAuto, White exterior, All-wheel drive","[{url:'https://imagescdn.d2cmedia.ca/cbef7b3c7fad14f2df68b982a59fdfbe8f/2062/13956763/1/Nissan-Murano-2021.jpg'},{url:'https://imagescdn.d2cmedia.ca/s8ef7b3c7fad14f2df68b982a59fdfbe8f/2062/13956763/1/Nissan-Murano-2021.jpg'},{url:'https://imagescdn.d2cmedia.ca/cbef7b3c7fad14f2df68b982a59fdfbe8f/2062/13956763/2/Nissan-Murano-2021.jpg'},{url:'https://imagescdn.d2cmedia.ca/cbef7b3c7fad14f2df68b982a59fdfbe8f/2062/13956763/3/Nissan-Murano-2021.jpg'},{url:'https://imagescdn.d2cmedia.ca/cbef7b3c7fad14f2df68b982a59fdfbe8f/2062/13956763/4/Nissan-Murano-2021.jpg'},{url:'https://imagescdn.d2cmedia.ca/cbef7b3c7fad14f2df68b982a59fdfbe8f/2062/13956763/5/Nissan-Murano-2021.jpg'},{url:'https://imagescdn.d2cmedia.ca/cbef7b3c7fad14f2df68b982a59fdfbe8f/2062/13956763/6/Nissan-Murano-2021.jpg'},{url:'https://imagescdn.d2cmedia.ca/cbef7b3c7fad14f2df68b982a59fdfbe8f/2062/13956763/7/Nissan-Murano-2021.jpg'},{url:'https://imagescdn.d2cmedia.ca/cbef7b3c7fad14f2df68b982a59fdfbe8f/2062/13956763/8/Nissan-Murano-2021.jpg'},{url:'https://imagescdn.d2cmedia.ca/cbef7b3c7fad14f2df68b982a59fdfbe8f/2062/13956763/9/Nissan-Murano-2021.jpg'}]",97900,KM,https://www.altanissanrh.com/used/2021-Nissan-Murano-id13956763.html,2021 Nissan Murano SL AWD | One Owiner | No Accident | AppleCarplay/AndroidAuto at Alta Nissan Richmond Hill,20995 CAD,CPO,White,Black,2062,Alta Nissan Richmond Hill,+1-905-780-7771,"{addr1: '11667 Yonge St.', city: 'Richmond Hill', region: 'Ontario', postal_code: 'L4E 3N8', country: 'CA'}",43.9028000000,-79.4448000000,,,,,https://www.altanissanrh.com/privacy-policy.html,CPO,2062,In stock,,20995 CAD,Free,
5N1AZ2CS8MC129087,5N1AZ2CS8MC129087,P0207,Nissan,Murano,Midnight Edition AWD | One Owiner | BOSE SPEAKER | AppleCarplay/AndroidAuto,2021,AUTOMATIC,SUV,GASOLINE,AWD,"2021 Nissan Murano Midnight Edition AWD | One Owiner | BOSE SPEAKER | AppleCarplay/AndroidAuto, Blue exterior, All-wheel drive","[{url:'https://imagescdn.d2cmedia.ca/cbb729f475d34363aa4d9cfd1ee94e3d62/2062/14069715/1/Nissan-Murano-2021.jpg'},{url:'https://imagescdn.d2cmedia.ca/s8b729f475d34363aa4d9cfd1ee94e3d62/2062/14069715/1/Nissan-Murano-2021.jpg'},{url:'https://imagescdn.d2cmedia.ca/cbb729f475d34363aa4d9cfd1ee94e3d62/2062/14069715/2/Nissan-Murano-2021.jpg'},{url:'https://imagescdn.d2cmedia.ca/cbb729f475d34363aa4d9cfd1ee94e3d62/2062/14069715/3/Nissan-Murano-2021.jpg'},{url:'https://imagescdn.d2cmedia.ca/cbb729f475d34363aa4d9cfd1ee94e3d62/2062/14069715/4/Nissan-Murano-2021.jpg'},{url:'https://imagescdn.d2cmedia.ca/cbb729f475d34363aa4d9cfd1ee94e3d62/2062/14069715/5/Nissan-Murano-2021.jpg'},{url:'https://imagescdn.d2cmedia.ca/cbb729f475d34363aa4d9cfd1ee94e3d62/2062/14069715/6/Nissan-Murano-2021.jpg'},{url:'https://imagescdn.d2cmedia.ca/cbb729f475d34363aa4d9cfd1ee94e3d62/2062/14069715/7/Nissan-Murano-2021.jpg'},{url:'https://imagescdn.d2cmedia.ca/cbb729f475d34363aa4d9cfd1ee94e3d62/2062/14069715/8/Nissan-Murano-2021.jpg'},{url:'https://imagescdn.d2cmedia.ca/cbb729f475d34363aa4d9cfd1ee94e3d62/2062/14069715/9/Nissan-Murano-2021.jpg'}]",98330,KM,https://www.altanissanrh.com/used/2021-Nissan-Murano-id14069715.html,2021 Nissan Murano Midnight Edition AWD | One Owiner | BOSE SPEAKER | AppleCarplay/AndroidAuto at Alta Nissan Richmond Hill,20998 CAD,CPO,Blue,Black,2062,Alta Nissan Richmond Hill,+1-905-780-7771,"{addr1: '11667 Yonge St.', city: 'Richmond Hill', region: 'Ontario', postal_code: 'L4E 3N8', country: 'CA'}",43.9028000000,-79.4448000000,,,,,https://www.altanissanrh.com/privacy-policy.html,CPO,2062,In stock,,20998 CAD,Free,
5N1AZ2CS5MC135350,5N1AZ2CS5MC135350,P0211,Nissan,Murano,SL AWD | One Owiner | No Accident | AppleCarplay/AndroidAuto,2021,AUTOMATIC,SUV,GASOLINE,AWD,"2021 Nissan Murano SL AWD | One Owiner | No Accident | AppleCarplay/AndroidAuto, Dark grey exterior, All-wheel drive","[{url:'https://imagescdn.d2cmedia.ca/cb4f3d94ba573471eafef834773bbb00b5/2062/14069718/1/Nissan-Murano-2021.jpg'},{url:'https://imagescdn.d2cmedia.ca/s84f3d94ba573471eafef834773bbb00b5/2062/14069718/1/Nissan-Murano-2021.jpg'},{url:'https://imagescdn.d2cmedia.ca/cb4f3d94ba573471eafef834773bbb00b5/2062/14069718/2/Nissan-Murano-2021.jpg'},{url:'https://imagescdn.d2cmedia.ca/cb4f3d94ba573471eafef834773bbb00b5/2062/14069718/3/Nissan-Murano-2021.jpg'},{url:'https://imagescdn.d2cmedia.ca/cb4f3d94ba573471eafef834773bbb00b5/2062/14069718/4/Nissan-Murano-2021.jpg'},{url:'https://imagescdn.d2cmedia.ca/cb4f3d94ba573471eafef834773bbb00b5/2062/14069718/5/Nissan-Murano-2021.jpg'},{url:'https://imagescdn.d2cmedia.ca/cb4f3d94ba573471eafef834773bbb00b5/2062/14069718/6/Nissan-Murano-2021.jpg'},{url:'https://imagescdn.d2cmedia.ca/cb4f3d94ba573471eafef834773bbb00b5/2062/14069718/7/Nissan-Murano-2021.jpg'},{url:'https://imagescdn.d2cmedia.ca/cb4f3d94ba573471eafef834773bbb00b5/2062/14069718/8/Nissan-Murano-2021.jpg'},{url:'https://imagescdn.d2cmedia.ca/cb4f3d94ba573471eafef834773bbb00b5/2062/14069718/9/Nissan-Murano-2021.jpg'}]",97190,KM,https://www.altanissanrh.com/used/2021-Nissan-Murano-id14069718.html,2021 Nissan Murano SL AWD | One Owiner | No Accident | AppleCarplay/AndroidAuto at Alta Nissan Richmond Hill,20998 CAD,CPO,Dark grey,Black,2062,Alta Nissan Richmond Hill,+1-905-780-7771,"{addr1: '11667 Yonge St.', city: 'Richmond Hill', region: 'Ontario', postal_code: 'L4E 3N8', country: 'CA'}",43.9028000000,-79.4448000000,,,,,https://www.altanissanrh.com/privacy-policy.html,CPO,2062,In stock,,20998 CAD,Free,
5N1AT3BB3MC761956,5N1AT3BB3MC761956,RU4723,Nissan,Rogue,SV AWD | ONE OWNER | LOW MILEAGE | No Accident | AppleCarplay/AndroidAuto,2021,AUTOMATIC,SUV,GASOLINE,AWD,"2021 Nissan Rogue SV AWD | ONE OWNER | LOW MILEAGE | No Accident | AppleCarplay/AndroidAuto, White exterior, All-wheel drive","[{url:'https://imagescdn.d2cmedia.ca/cb7cb38ad2220a1aa40bb098d2706c4167/2062/14476986/1/Nissan-Rogue-2021.jpg'},{url:'https://imagescdn.d2cmedia.ca/s87cb38ad2220a1aa40bb098d2706c4167/2062/14476986/1/Nissan-Rogue-2021.jpg'},{url:'https://imagescdn.d2cmedia.ca/cb7cb38ad2220a1aa40bb098d2706c4167/2062/14476986/2/Nissan-Rogue-2021.jpg'},{url:'https://imagescdn.d2cmedia.ca/cb7cb38ad2220a1aa40bb098d2706c4167/2062/14476986/3/Nissan-Rogue-2021.jpg'},{url:'https://imagescdn.d2cmedia.ca/cb7cb38ad2220a1aa40bb098d2706c4167/2062/14476986/4/Nissan-Rogue-2021.jpg'},{url:'https://imagescdn.d2cmedia.ca/cb7cb38ad2220a1aa40bb098d2706c4167/2062/14476986/5/Nissan-Rogue-2021.jpg'},{url:'https://imagescdn.d2cmedia.ca/cb7cb38ad2220a1aa40bb098d2706c4167/2062/14476986/6/Nissan-Rogue-2021.jpg'},{url:'https://imagescdn.d2cmedia.ca/cb7cb38ad2220a1aa40bb098d2706c4167/2062/14476986/7/Nissan-Rogue-2021.jpg'},{url:'https://imagescdn.d2cmedia.ca/cb7cb38ad2220a1aa40bb098d2706c4167/2062/14476986/8/Nissan-Rogue-2021.jpg'},{url:'https://imagescdn.d2cmedia.ca/cb7cb38ad2220a1aa40bb098d2706c4167/2062/14476986/9/Nissan-Rogue-2021.jpg'}]",87705,KM,https://www.altanissanrh.com/used/2021-Nissan-Rogue-id14476986.html,2021 Nissan Rogue SV AWD | ONE OWNER | LOW MILEAGE | No Accident | AppleCarplay/AndroidAuto at Alta Nissan Richmond Hill,20998 CAD,CPO,White,Charcoal,2062,Alta Nissan Richmond Hill,+1-905-780-7771,"{addr1: '11667 Yonge St.', city: 'Richmond Hill', region: 'Ontario', postal_code: 'L4E 3N8', country: 'CA'}",43.9028000000,-79.4448000000,,,,,https://www.altanissanrh.com/privacy-policy.html,CPO,2062,In stock,,20998 CAD,Free,
JN8BT3BBXNW339115,JN8BT3BBXNW339115,RU4694,Nissan,Rogue,SV AWD | ONE OWNER | NEW TIRES | No Accident | AppleCarplay/AndroidAuto,2022,AUTOMATIC,SUV,GASOLINE,AWD,"2022 Nissan Rogue SV AWD | ONE OWNER | NEW TIRES | No Accident | AppleCarplay/AndroidAuto, White exterior, All-wheel drive","[{url:'https://imagescdn.d2cmedia.ca/cb0b14f4d6464ab810ece25e1d95c2cbec/2062/14337883/1/Nissan-Rogue-2022.jpg'},{url:'https://imagescdn.d2cmedia.ca/s80b14f4d6464ab810ece25e1d95c2cbec/2062/14337883/1/Nissan-Rogue-2022.jpg'},{url:'https://imagescdn.d2cmedia.ca/cb0b14f4d6464ab810ece25e1d95c2cbec/2062/14337883/2/Nissan-Rogue-2022.jpg'},{url:'https://imagescdn.d2cmedia.ca/cb0b14f4d6464ab810ece25e1d95c2cbec/2062/14337883/3/Nissan-Rogue-2022.jpg'},{url:'https://imagescdn.d2cmedia.ca/cb0b14f4d6464ab810ece25e1d95c2cbec/2062/14337883/4/Nissan-Rogue-2022.jpg'},{url:'https://imagescdn.d2cmedia.ca/cb0b14f4d6464ab810ece25e1d95c2cbec/2062/14337883/5/Nissan-Rogue-2022.jpg'},{url:'https://imagescdn.d2cmedia.ca/cb0b14f4d6464ab810ece25e1d95c2cbec/2062/14337883/6/Nissan-Rogue-2022.jpg'},{url:'https://imagescdn.d2cmedia.ca/cb0b14f4d6464ab810ece25e1d95c2cbec/2062/14337883/7/Nissan-Rogue-2022.jpg'},{url:'https://imagescdn.d2cmedia.ca/cb0b14f4d6464ab810ece25e1d95c2cbec/2062/14337883/8/Nissan-Rogue-2022.jpg'},{url:'https://imagescdn.d2cmedia.ca/cb0b14f4d6464ab810ece25e1d95c2cbec/2062/14337883/9/Nissan-Rogue-2022.jpg'}]",77765,KM,https://www.altanissanrh.com/used/2022-Nissan-Rogue-id14337883.html,2022 Nissan Rogue SV AWD | ONE OWNER | NEW TIRES | No Accident | AppleCarplay/AndroidAuto at Alta Nissan Richmond Hill,21877 CAD,CPO,White,Charcoal,2062,Alta Nissan Richmond Hill,+1-905-780-7771,"{addr1: '11667 Yonge St.', city: 'Richmond Hill', region: 'Ontario', postal_code: 'L4E 3N8', country: 'CA'}",43.9028000000,-79.4448000000,,,,,https://www.altanissanrh.com/privacy-policy.html,CPO,2062,In stock,,21877 CAD,Free,
5N1AT3AB8PC671935,5N1AT3AB8PC671935,RU4711,Nissan,Rogue,S AWD | NEW TIRE | ONE OWNER | No Accident | AppleCarplay/AndroidAuto,2023,AUTOMATIC,SUV,GASOLINE,AWD,"2023 Nissan Rogue S AWD | NEW TIRE | ONE OWNER | No Accident | AppleCarplay/AndroidAuto, Red exterior, All-wheel drive","[{url:'https://imagescdn.d2cmedia.ca/cb2cb4eb14f5ba6862d835dd9e9431df93/2062/14445569/1/Nissan-Rogue-2023.jpg'},{url:'https://imagescdn.d2cmedia.ca/s82cb4eb14f5ba6862d835dd9e9431df93/2062/14445569/1/Nissan-Rogue-2023.jpg'},{url:'https://imagescdn.d2cmedia.ca/cb2cb4eb14f5ba6862d835dd9e9431df93/2062/14445569/2/Nissan-Rogue-2023.jpg'},{url:'https://imagescdn.d2cmedia.ca/cb2cb4eb14f5ba6862d835dd9e9431df93/2062/14445569/3/Nissan-Rogue-2023.jpg'},{url:'https://imagescdn.d2cmedia.ca/cb2cb4eb14f5ba6862d835dd9e9431df93/2062/14445569/4/Nissan-Rogue-2023.jpg'},{url:'https://imagescdn.d2cmedia.ca/cb2cb4eb14f5ba6862d835dd9e9431df93/2062/14445569/5/Nissan-Rogue-2023.jpg'},{url:'https://imagescdn.d2cmedia.ca/cb2cb4eb14f5ba6862d835dd9e9431df93/2062/14445569/6/Nissan-Rogue-2023.jpg'},{url:'https://imagescdn.d2cmedia.ca/cb2cb4eb14f5ba6862d835dd9e9431df93/2062/14445569/7/Nissan-Rogue-2023.jpg'},{url:'https://imagescdn.d2cmedia.ca/cb2cb4eb14f5ba6862d835dd9e9431df93/2062/14445569/8/Nissan-Rogue-2023.jpg'},{url:'https://imagescdn.d2cmedia.ca/cb2cb4eb14f5ba6862d835dd9e9431df93/2062/14445569/9/Nissan-Rogue-2023.jpg'}]",64590,KM,https://www.altanissanrh.com/used/2023-Nissan-Rogue-id14445569.html,2023 Nissan Rogue S AWD | NEW TIRE | ONE OWNER | No Accident | AppleCarplay/AndroidAuto at Alta Nissan Richmond Hill,21889 CAD,CPO,Red,Charcoal,2062,Alta Nissan Richmond Hill,+1-905-780-7771,"{addr1: '11667 Yonge St.', city: 'Richmond Hill', region: 'Ontario', postal_code: 'L4E 3N8', country: 'CA'}",43.9028000000,-79.4448000000,,,,,https://www.altanissanrh.com/privacy-policy.html,CPO,2062,In stock,,21889 CAD,Free,
5N1AZ2DS1MC129981,5N1AZ2DS1MC129981,RU4628,Nissan,Murano,Platinum AWD | NEW TIRES | One Owiner | AppleCarplay/AndroidAuto,2021,AUTOMATIC,SUV,GASOLINE,AWD,"2021 Nissan Murano Platinum AWD | NEW TIRES | One Owiner | AppleCarplay/AndroidAuto, White exterior, All-wheel drive","[{url:'https://imagescdn.d2cmedia.ca/cb7c76f601388c82a421121e17bfeeedc0/2062/14003014/1/Nissan-Murano-2021.jpg'},{url:'https://imagescdn.d2cmedia.ca/s87c76f601388c82a421121e17bfeeedc0/2062/14003014/1/Nissan-Murano-2021.jpg'},{url:'https://imagescdn.d2cmedia.ca/cb7c76f601388c82a421121e17bfeeedc0/2062/14003014/2/Nissan-Murano-2021.jpg'},{url:'https://imagescdn.d2cmedia.ca/cb7c76f601388c82a421121e17bfeeedc0/2062/14003014/3/Nissan-Murano-2021.jpg'},{url:'https://imagescdn.d2cmedia.ca/cb7c76f601388c82a421121e17bfeeedc0/2062/14003014/4/Nissan-Murano-2021.jpg'},{url:'https://imagescdn.d2cmedia.ca/cb7c76f601388c82a421121e17bfeeedc0/2062/14003014/5/Nissan-Murano-2021.jpg'},{url:'https://imagescdn.d2cmedia.ca/cb7c76f601388c82a421121e17bfeeedc0/2062/14003014/6/Nissan-Murano-2021.jpg'},{url:'https://imagescdn.d2cmedia.ca/cb7c76f601388c82a421121e17bfeeedc0/2062/14003014/7/Nissan-Murano-2021.jpg'},{url:'https://imagescdn.d2cmedia.ca/cb7c76f601388c82a421121e17bfeeedc0/2062/14003014/8/Nissan-Murano-2021.jpg'},{url:'https://imagescdn.d2cmedia.ca/cb7c76f601388c82a421121e17bfeeedc0/2062/14003014/9/Nissan-Murano-2021.jpg'}]",108760,KM,https://www.altanissanrh.com/used/2021-Nissan-Murano-id14003014.html,2021 Nissan Murano Platinum AWD | NEW TIRES | One Owiner | AppleCarplay/AndroidAuto at Alta Nissan Richmond Hill,21995 CAD,CPO,White,Black,2062,Alta Nissan Richmond Hill,+1-905-780-7771,"{addr1: '11667 Yonge St.', city: 'Richmond Hill', region: 'Ontario', postal_code: 'L4E 3N8', country: 'CA'}",43.9028000000,-79.4448000000,,,,,https://www.altanissanrh.com/privacy-policy.html,CPO,2062,In stock,,21995 CAD,Free,
5N1AT3ABXPC873384,5N1AT3ABXPC873384,RU4719,Nissan,Rogue,S AWD | ONE OWNER | No Accident | AppleCarplay/AndroidAuto,2023,AUTOMATIC,SUV,GASOLINE,AWD,"2023 Nissan Rogue S AWD | ONE OWNER | No Accident | AppleCarplay/AndroidAuto, Dark grey exterior, All-wheel drive","[{url:'https://imagescdn.d2cmedia.ca/cbbfe2b44b8de3be03a35b8a72e3da06d3/2062/14465421/1/Nissan-Rogue-2023.jpg'},{url:'https://imagescdn.d2cmedia.ca/s8bfe2b44b8de3be03a35b8a72e3da06d3/2062/14465421/1/Nissan-Rogue-2023.jpg'},{url:'https://imagescdn.d2cmedia.ca/cbbfe2b44b8de3be03a35b8a72e3da06d3/2062/14465421/2/Nissan-Rogue-2023.jpg'},{url:'https://imagescdn.d2cmedia.ca/cbbfe2b44b8de3be03a35b8a72e3da06d3/2062/14465421/3/Nissan-Rogue-2023.jpg'},{url:'https://imagescdn.d2cmedia.ca/cbbfe2b44b8de3be03a35b8a72e3da06d3/2062/14465421/4/Nissan-Rogue-2023.jpg'},{url:'https://imagescdn.d2cmedia.ca/cbbfe2b44b8de3be03a35b8a72e3da06d3/2062/14465421/5/Nissan-Rogue-2023.jpg'},{url:'https://imagescdn.d2cmedia.ca/cbbfe2b44b8de3be03a35b8a72e3da06d3/2062/14465421/6/Nissan-Rogue-2023.jpg'},{url:'https://imagescdn.d2cmedia.ca/cbbfe2b44b8de3be03a35b8a72e3da06d3/2062/14465421/7/Nissan-Rogue-2023.jpg'},{url:'https://imagescdn.d2cmedia.ca/cbbfe2b44b8de3be03a35b8a72e3da06d3/2062/14465421/8/Nissan-Rogue-2023.jpg'},{url:'https://imagescdn.d2cmedia.ca/cbbfe2b44b8de3be03a35b8a72e3da06d3/2062/14465421/9/Nissan-Rogue-2023.jpg'}]",58150,KM,https://www.altanissanrh.com/used/2023-Nissan-Rogue-id14465421.html,2023 Nissan Rogue S AWD | ONE OWNER | No Accident | AppleCarplay/AndroidAuto at Alta Nissan Richmond Hill,21999 CAD,CPO,Dark grey,Charcoal,2062,Alta Nissan Richmond Hill,+1-905-780-7771,"{addr1: '11667 Yonge St.', city: 'Richmond Hill', region: 'Ontario', postal_code: 'L4E 3N8', country: 'CA'}",43.9028000000,-79.4448000000,,,,,https://www.altanissanrh.com/privacy-policy.html,CPO,2062,In stock,,21999 CAD,Free,
JN8BT3AB8RW420444,JN8BT3AB8RW420444,RU4715,Nissan,Rogue,S AWD | NEW TIRES | ONE OWNER | LOW MILEAGE | No Accident | AppleCarplay/AndroidAuto,2024,AUTOMATIC,SUV,GASOLINE,AWD,"2024 Nissan Rogue S AWD | NEW TIRES | ONE OWNER | LOW MILEAGE | No Accident | AppleCarplay/AndroidAuto, Dark grey exterior, All-wheel drive","[{url:'https://imagescdn.d2cmedia.ca/cb3026d4e735451bf9e07735f00c51162b/2062/14458526/1/Nissan-Rogue-2024.jpg'},{url:'https://imagescdn.d2cmedia.ca/s83026d4e735451bf9e07735f00c51162b/2062/14458526/1/Nissan-Rogue-2024.jpg'},{url:'https://imagescdn.d2cmedia.ca/cb3026d4e735451bf9e07735f00c51162b/2062/14458526/2/Nissan-Rogue-2024.jpg'},{url:'https://imagescdn.d2cmedia.ca/cb3026d4e735451bf9e07735f00c51162b/2062/14458526/3/Nissan-Rogue-2024.jpg'},{url:'https://imagescdn.d2cmedia.ca/cb3026d4e735451bf9e07735f00c51162b/2062/14458526/4/Nissan-Rogue-2024.jpg'},{url:'https://imagescdn.d2cmedia.ca/cb3026d4e735451bf9e07735f00c51162b/2062/14458526/5/Nissan-Rogue-2024.jpg'},{url:'https://imagescdn.d2cmedia.ca/cb3026d4e735451bf9e07735f00c51162b/2062/14458526/6/Nissan-Rogue-2024.jpg'},{url:'https://imagescdn.d2cmedia.ca/cb3026d4e735451bf9e07735f00c51162b/2062/14458526/7/Nissan-Rogue-2024.jpg'},{url:'https://imagescdn.d2cmedia.ca/cb3026d4e735451bf9e07735f00c51162b/2062/14458526/8/Nissan-Rogue-2024.jpg'},{url:'https://imagescdn.d2cmedia.ca/cb3026d4e735451bf9e07735f00c51162b/2062/14458526/9/Nissan-Rogue-2024.jpg'}]",59945,KM,https://www.altanissanrh.com/used/2024-Nissan-Rogue-id14458526.html,2024 Nissan Rogue S AWD | NEW TIRES | ONE OWNER | LOW MILEAGE | No Accident | AppleCarplay/AndroidAuto at Alta Nissan Richmond Hill,22222 CAD,CPO,Dark grey,Charcoal,2062,Alta Nissan Richmond Hill,+1-905-780-7771,"{addr1: '11667 Yonge St.', city: 'Richmond Hill', region: 'Ontario', postal_code: 'L4E 3N8', country: 'CA'}",43.9028000000,-79.4448000000,,,,,https://www.altanissanrh.com/privacy-policy.html,CPO,2062,In stock,,22222 CAD,Free,
3N1CP5CV8RL571235,3N1CP5CV8RL571235,RU4688,Nissan,Kicks,SV AWD | One Owner | Low Mileage | No Accident | AppleCarplay/AndroidAuto,2024,AUTOMATIC,SUV,GASOLINE,FWD,"2024 Nissan Kicks SV AWD | One Owner | Low Mileage | No Accident | AppleCarplay/AndroidAuto, Blue exterior, Front-wheel drive","[{url:'https://imagescdn.d2cmedia.ca/cb70fc875af8a3dcb40979000dac2025d2/2062/14331342/1/Nissan-Kicks-2024.jpg'},{url:'https://imagescdn.d2cmedia.ca/s870fc875af8a3dcb40979000dac2025d2/2062/14331342/1/Nissan-Kicks-2024.jpg'},{url:'https://imagescdn.d2cmedia.ca/cb70fc875af8a3dcb40979000dac2025d2/2062/14331342/2/Nissan-Kicks-2024.jpg'},{url:'https://imagescdn.d2cmedia.ca/cb70fc875af8a3dcb40979000dac2025d2/2062/14331342/3/Nissan-Kicks-2024.jpg'},{url:'https://imagescdn.d2cmedia.ca/cb70fc875af8a3dcb40979000dac2025d2/2062/14331342/4/Nissan-Kicks-2024.jpg'},{url:'https://imagescdn.d2cmedia.ca/cb70fc875af8a3dcb40979000dac2025d2/2062/14331342/5/Nissan-Kicks-2024.jpg'},{url:'https://imagescdn.d2cmedia.ca/cb70fc875af8a3dcb40979000dac2025d2/2062/14331342/6/Nissan-Kicks-2024.jpg'},{url:'https://imagescdn.d2cmedia.ca/cb70fc875af8a3dcb40979000dac2025d2/2062/14331342/7/Nissan-Kicks-2024.jpg'},{url:'https://imagescdn.d2cmedia.ca/cb70fc875af8a3dcb40979000dac2025d2/2062/14331342/8/Nissan-Kicks-2024.jpg'},{url:'https://imagescdn.d2cmedia.ca/cb70fc875af8a3dcb40979000dac2025d2/2062/14331342/9/Nissan-Kicks-2024.jpg'}]",17100,KM,https://www.altanissanrh.com/used/2024-Nissan-Kicks-id14331342.html,2024 Nissan Kicks SV AWD | One Owner | Low Mileage | No Accident | AppleCarplay/AndroidAuto at Alta Nissan Richmond Hill,22440 CAD,CPO,Blue,Charcoal,2062,Alta Nissan Richmond Hill,+1-905-780-7771,"{addr1: '11667 Yonge St.', city: 'Richmond Hill', region: 'Ontario', postal_code: 'L4E 3N8', country: 'CA'}",43.9028000000,-79.4448000000,,,,,https://www.altanissanrh.com/privacy-policy.html,CPO,2062,In stock,,22440 CAD,Free,
JN1BJ1BW0PW110778,JN1BJ1BW0PW110778,RU4726,Nissan,Qashqai,SV AWD | ONE OWNER | LOW MILEAGE | No Accident | AppleCarplay/AndroidAuto,2023,AUTOMATIC,SUV,GASOLINE,AWD,"2023 Nissan Qashqai SV AWD | ONE OWNER | LOW MILEAGE | No Accident | AppleCarplay/AndroidAuto, White exterior, All-wheel drive","[{url:'https://imagescdn.d2cmedia.ca/cb82e557a346e3e2fa774bb36d1e3123f9/2062/14482735/1/Nissan-Qashqai-2023.jpg'},{url:'https://imagescdn.d2cmedia.ca/s882e557a346e3e2fa774bb36d1e3123f9/2062/14482735/1/Nissan-Qashqai-2023.jpg'},{url:'https://imagescdn.d2cmedia.ca/cb82e557a346e3e2fa774bb36d1e3123f9/2062/14482735/2/Nissan-Qashqai-2023.jpg'},{url:'https://imagescdn.d2cmedia.ca/cb82e557a346e3e2fa774bb36d1e3123f9/2062/14482735/3/Nissan-Qashqai-2023.jpg'},{url:'https://imagescdn.d2cmedia.ca/cb82e557a346e3e2fa774bb36d1e3123f9/2062/14482735/4/Nissan-Qashqai-2023.jpg'},{url:'https://imagescdn.d2cmedia.ca/cb82e557a346e3e2fa774bb36d1e3123f9/2062/14482735/5/Nissan-Qashqai-2023.jpg'},{url:'https://imagescdn.d2cmedia.ca/cb82e557a346e3e2fa774bb36d1e3123f9/2062/14482735/6/Nissan-Qashqai-2023.jpg'},{url:'https://imagescdn.d2cmedia.ca/cb82e557a346e3e2fa774bb36d1e3123f9/2062/14482735/7/Nissan-Qashqai-2023.jpg'},{url:'https://imagescdn.d2cmedia.ca/cb82e557a346e3e2fa774bb36d1e3123f9/2062/14482735/8/Nissan-Qashqai-2023.jpg'},{url:'https://imagescdn.d2cmedia.ca/cb82e557a346e3e2fa774bb36d1e3123f9/2062/14482735/9/Nissan-Qashqai-2023.jpg'}]",36775,KM,https://www.altanissanrh.com/used/2023-Nissan-Qashqai-id14482735.html,2023 Nissan Qashqai SV AWD | ONE OWNER | LOW MILEAGE | No Accident | AppleCarplay/AndroidAuto at Alta Nissan Richmond Hill,22635 CAD,CPO,White,Charcoal,2062,Alta Nissan Richmond Hill,+1-905-780-7771,"{addr1: '11667 Yonge St.', city: 'Richmond Hill', region: 'Ontario', postal_code: 'L4E 3N8', country: 'CA'}",43.9028000000,-79.4448000000,,,,,https://www.altanissanrh.com/privacy-policy.html,CPO,2062,In stock,,22635 CAD,Free,
JN8BT3BB4NW339353,JN8BT3BB4NW339353,RU4712,Nissan,Rogue,SV AWD | NEW TIRE | ONE OWNER | No Accident | AppleCarplay/AndroidAuto,2022,AUTOMATIC,SUV,GASOLINE,AWD,"2022 Nissan Rogue SV AWD | NEW TIRE | ONE OWNER | No Accident | AppleCarplay/AndroidAuto, Dark grey exterior, All-wheel drive","[{url:'https://imagescdn.d2cmedia.ca/cb1133311a01bbeac85fb92752faf6fb7a/2062/14445570/1/Nissan-Rogue-2022.jpg'},{url:'https://imagescdn.d2cmedia.ca/s81133311a01bbeac85fb92752faf6fb7a/2062/14445570/1/Nissan-Rogue-2022.jpg'},{url:'https://imagescdn.d2cmedia.ca/cb1133311a01bbeac85fb92752faf6fb7a/2062/14445570/2/Nissan-Rogue-2022.jpg'},{url:'https://imagescdn.d2cmedia.ca/cb1133311a01bbeac85fb92752faf6fb7a/2062/14445570/3/Nissan-Rogue-2022.jpg'},{url:'https://imagescdn.d2cmedia.ca/cb1133311a01bbeac85fb92752faf6fb7a/2062/14445570/4/Nissan-Rogue-2022.jpg'},{url:'https://imagescdn.d2cmedia.ca/cb1133311a01bbeac85fb92752faf6fb7a/2062/14445570/5/Nissan-Rogue-2022.jpg'},{url:'https://imagescdn.d2cmedia.ca/cb1133311a01bbeac85fb92752faf6fb7a/2062/14445570/6/Nissan-Rogue-2022.jpg'},{url:'https://imagescdn.d2cmedia.ca/cb1133311a01bbeac85fb92752faf6fb7a/2062/14445570/7/Nissan-Rogue-2022.jpg'},{url:'https://imagescdn.d2cmedia.ca/cb1133311a01bbeac85fb92752faf6fb7a/2062/14445570/8/Nissan-Rogue-2022.jpg'},{url:'https://imagescdn.d2cmedia.ca/cb1133311a01bbeac85fb92752faf6fb7a/2062/14445570/9/Nissan-Rogue-2022.jpg'}]",41080,KM,https://www.altanissanrh.com/used/2022-Nissan-Rogue-id14445570.html,2022 Nissan Rogue SV AWD | NEW TIRE | ONE OWNER | No Accident | AppleCarplay/AndroidAuto at Alta Nissan Richmond Hill,22988 CAD,CPO,Dark grey,Charcoal,2062,Alta Nissan Richmond Hill,+1-905-780-7771,"{addr1: '11667 Yonge St.', city: 'Richmond Hill', region: 'Ontario', postal_code: 'L4E 3N8', country: 'CA'}",43.9028000000,-79.4448000000,,,,,https://www.altanissanrh.com/privacy-policy.html,CPO,2062,In stock,,22988 CAD,Free,
JN8BT3BB2PW208022,JN8BT3BB2PW208022,RU4680,Nissan,Rogue,AWD SV Midnight Edition | One Owner | Low Mileage | No Accident | AppleCarplay/AndroidAuto,2023,AUTOMATIC,SUV,GASOLINE,AWD,"2023 Nissan Rogue AWD SV Midnight Edition | One Owner | Low Mileage | No Accident | AppleCarplay/AndroidAuto, White exterior, All-wheel drive","[{url:'https://imagescdn.d2cmedia.ca/cb56e585570ec1dde54945be30388a69e6/2062/14313048/1/Nissan-Rogue-2023.jpg'},{url:'https://imagescdn.d2cmedia.ca/s856e585570ec1dde54945be30388a69e6/2062/14313048/1/Nissan-Rogue-2023.jpg'},{url:'https://imagescdn.d2cmedia.ca/cb56e585570ec1dde54945be30388a69e6/2062/14313048/2/Nissan-Rogue-2023.jpg'},{url:'https://imagescdn.d2cmedia.ca/cb56e585570ec1dde54945be30388a69e6/2062/14313048/3/Nissan-Rogue-2023.jpg'},{url:'https://imagescdn.d2cmedia.ca/cb56e585570ec1dde54945be30388a69e6/2062/14313048/4/Nissan-Rogue-2023.jpg'},{url:'https://imagescdn.d2cmedia.ca/cb56e585570ec1dde54945be30388a69e6/2062/14313048/5/Nissan-Rogue-2023.jpg'},{url:'https://imagescdn.d2cmedia.ca/cb56e585570ec1dde54945be30388a69e6/2062/14313048/6/Nissan-Rogue-2023.jpg'},{url:'https://imagescdn.d2cmedia.ca/cb56e585570ec1dde54945be30388a69e6/2062/14313048/7/Nissan-Rogue-2023.jpg'},{url:'https://imagescdn.d2cmedia.ca/cb56e585570ec1dde54945be30388a69e6/2062/14313048/8/Nissan-Rogue-2023.jpg'},{url:'https://imagescdn.d2cmedia.ca/cb56e585570ec1dde54945be30388a69e6/2062/14313048/9/Nissan-Rogue-2023.jpg'}]",62365,KM,https://www.altanissanrh.com/used/2023-Nissan-Rogue-id14313048.html,2023 Nissan Rogue AWD SV Midnight Edition | One Owner | Low Mileage | No Accident | AppleCarplay/AndroidAuto at Alta Nissan Richmond Hill,24440 CAD,CPO,White,Charcoal,2062,Alta Nissan Richmond Hill,+1-905-780-7771,"{addr1: '11667 Yonge St.', city: 'Richmond Hill', region: 'Ontario', postal_code: 'L4E 3N8', country: 'CA'}",43.9028000000,-79.4448000000,,,,,https://www.altanissanrh.com/privacy-policy.html,CPO,2062,In stock,,24440 CAD,Free,
JN8BT3CB4PW182943,JN8BT3CB4PW182943,RU4704,Nissan,Rogue,SL AWD | ONE OWNER | No Accident | AppleCarplay/AndroidAuto,2023,AUTOMATIC,SUV,GASOLINE,AWD,"2023 Nissan Rogue SL AWD | ONE OWNER | No Accident | AppleCarplay/AndroidAuto, Dark grey exterior, All-wheel drive","[{url:'https://imagescdn.d2cmedia.ca/cb91c61c7c3ac093d8a4a58fafb6bb8375/2062/14382549/1/Nissan-Rogue-2023.jpg'},{url:'https://imagescdn.d2cmedia.ca/s891c61c7c3ac093d8a4a58fafb6bb8375/2062/14382549/1/Nissan-Rogue-2023.jpg'},{url:'https://imagescdn.d2cmedia.ca/cb91c61c7c3ac093d8a4a58fafb6bb8375/2062/14382549/2/Nissan-Rogue-2023.jpg'},{url:'https://imagescdn.d2cmedia.ca/cb91c61c7c3ac093d8a4a58fafb6bb8375/2062/14382549/3/Nissan-Rogue-2023.jpg'},{url:'https://imagescdn.d2cmedia.ca/cb91c61c7c3ac093d8a4a58fafb6bb8375/2062/14382549/4/Nissan-Rogue-2023.jpg'},{url:'https://imagescdn.d2cmedia.ca/cb91c61c7c3ac093d8a4a58fafb6bb8375/2062/14382549/5/Nissan-Rogue-2023.jpg'},{url:'https://imagescdn.d2cmedia.ca/cb91c61c7c3ac093d8a4a58fafb6bb8375/2062/14382549/6/Nissan-Rogue-2023.jpg'},{url:'https://imagescdn.d2cmedia.ca/cb91c61c7c3ac093d8a4a58fafb6bb8375/2062/14382549/7/Nissan-Rogue-2023.jpg'},{url:'https://imagescdn.d2cmedia.ca/cb91c61c7c3ac093d8a4a58fafb6bb8375/2062/14382549/8/Nissan-Rogue-2023.jpg'},{url:'https://imagescdn.d2cmedia.ca/cb91c61c7c3ac093d8a4a58fafb6bb8375/2062/14382549/9/Nissan-Rogue-2023.jpg'}]",67315,KM,https://www.altanissanrh.com/used/2023-Nissan-Rogue-id14382549.html,2023 Nissan Rogue SL AWD | ONE OWNER | No Accident | AppleCarplay/AndroidAuto at Alta Nissan Richmond Hill,25499 CAD,CPO,Dark grey,Black,2062,Alta Nissan Richmond Hill,+1-905-780-7771,"{addr1: '11667 Yonge St.', city: 'Richmond Hill', region: 'Ontario', postal_code: 'L4E 3N8', country: 'CA'}",43.9028000000,-79.4448000000,,,,,https://www.altanissanrh.com/privacy-policy.html,CPO,2062,In stock,,25499 CAD,Free,
JN8BT3BB1RW429050,JN8BT3BB1RW429050,P0231,Nissan,Rogue,SV Moonroof AWD | ONE OWNER | No Accident | AppleCarplay/AndroidAuto,2024,AUTOMATIC,SUV,GASOLINE,AWD,"2024 Nissan Rogue SV Moonroof AWD | ONE OWNER | No Accident | AppleCarplay/AndroidAuto, Blue exterior, All-wheel drive","[{url:'https://imagescdn.d2cmedia.ca/cb85bdba5f49baa60581aa35186bde6df6/2062/14451292/1/Nissan-Rogue-2024.jpg'},{url:'https://imagescdn.d2cmedia.ca/s885bdba5f49baa60581aa35186bde6df6/2062/14451292/1/Nissan-Rogue-2024.jpg'},{url:'https://imagescdn.d2cmedia.ca/cb85bdba5f49baa60581aa35186bde6df6/2062/14451292/2/Nissan-Rogue-2024.jpg'},{url:'https://imagescdn.d2cmedia.ca/cb85bdba5f49baa60581aa35186bde6df6/2062/14451292/3/Nissan-Rogue-2024.jpg'},{url:'https://imagescdn.d2cmedia.ca/cb85bdba5f49baa60581aa35186bde6df6/2062/14451292/4/Nissan-Rogue-2024.jpg'},{url:'https://imagescdn.d2cmedia.ca/cb85bdba5f49baa60581aa35186bde6df6/2062/14451292/5/Nissan-Rogue-2024.jpg'},{url:'https://imagescdn.d2cmedia.ca/cb85bdba5f49baa60581aa35186bde6df6/2062/14451292/6/Nissan-Rogue-2024.jpg'},{url:'https://imagescdn.d2cmedia.ca/cb85bdba5f49baa60581aa35186bde6df6/2062/14451292/7/Nissan-Rogue-2024.jpg'},{url:'https://imagescdn.d2cmedia.ca/cb85bdba5f49baa60581aa35186bde6df6/2062/14451292/8/Nissan-Rogue-2024.jpg'},{url:'https://imagescdn.d2cmedia.ca/cb85bdba5f49baa60581aa35186bde6df6/2062/14451292/9/Nissan-Rogue-2024.jpg'}]",42250,KM,https://www.altanissanrh.com/used/2024-Nissan-Rogue-id14451292.html,2024 Nissan Rogue SV Moonroof AWD | ONE OWNER | No Accident | AppleCarplay/AndroidAuto at Alta Nissan Richmond Hill,25779 CAD,CPO,Blue,Charcoal,2062,Alta Nissan Richmond Hill,+1-905-780-7771,"{addr1: '11667 Yonge St.', city: 'Richmond Hill', region: 'Ontario', postal_code: 'L4E 3N8', country: 'CA'}",43.9028000000,-79.4448000000,,,,,https://www.altanissanrh.com/privacy-policy.html,CPO,2062,In stock,,25779 CAD,Free,
JN8BT3BB9RW181758,JN8BT3BB9RW181758,RU4689,Nissan,Rogue,SV Moonroof AWD | ONE OWNER | LOW MILEAGE | No Accident | AppleCarplay/AndroidAuto,2024,AUTOMATIC,SUV,GASOLINE,AWD,"2024 Nissan Rogue SV Moonroof AWD | ONE OWNER | LOW MILEAGE | No Accident | AppleCarplay/AndroidAuto, White exterior, All-wheel drive","[{url:'https://imagescdn.d2cmedia.ca/cb683dc155ee937b104c2cc3033ef3ebf9/2062/14331343/1/Nissan-Rogue-2024.jpg'},{url:'https://imagescdn.d2cmedia.ca/s8683dc155ee937b104c2cc3033ef3ebf9/2062/14331343/1/Nissan-Rogue-2024.jpg'},{url:'https://imagescdn.d2cmedia.ca/cb683dc155ee937b104c2cc3033ef3ebf9/2062/14331343/2/Nissan-Rogue-2024.jpg'},{url:'https://imagescdn.d2cmedia.ca/cb683dc155ee937b104c2cc3033ef3ebf9/2062/14331343/3/Nissan-Rogue-2024.jpg'},{url:'https://imagescdn.d2cmedia.ca/cb683dc155ee937b104c2cc3033ef3ebf9/2062/14331343/4/Nissan-Rogue-2024.jpg'},{url:'https://imagescdn.d2cmedia.ca/cb683dc155ee937b104c2cc3033ef3ebf9/2062/14331343/5/Nissan-Rogue-2024.jpg'},{url:'https://imagescdn.d2cmedia.ca/cb683dc155ee937b104c2cc3033ef3ebf9/2062/14331343/6/Nissan-Rogue-2024.jpg'},{url:'https://imagescdn.d2cmedia.ca/cb683dc155ee937b104c2cc3033ef3ebf9/2062/14331343/7/Nissan-Rogue-2024.jpg'},{url:'https://imagescdn.d2cmedia.ca/cb683dc155ee937b104c2cc3033ef3ebf9/2062/14331343/8/Nissan-Rogue-2024.jpg'},{url:'https://imagescdn.d2cmedia.ca/cb683dc155ee937b104c2cc3033ef3ebf9/2062/14331343/9/Nissan-Rogue-2024.jpg'}]",34635,KM,https://www.altanissanrh.com/used/2024-Nissan-Rogue-id14331343.html,2024 Nissan Rogue SV Moonroof AWD | ONE OWNER | LOW MILEAGE | No Accident | AppleCarplay/AndroidAuto at Alta Nissan Richmond Hill,25995 CAD,CPO,White,Charcoal,2062,Alta Nissan Richmond Hill,+1-905-780-7771,"{addr1: '11667 Yonge St.', city: 'Richmond Hill', region: 'Ontario', postal_code: 'L4E 3N8', country: 'CA'}",43.9028000000,-79.4448000000,,,,,https://www.altanissanrh.com/privacy-policy.html,CPO,2062,In stock,,25995 CAD,Free,
JN8BT3BB2RW283404,JN8BT3BB2RW283404,RU4698,Nissan,Rogue,SV Moonroof AWD | ONE OWNER | LOW MILEAGE | No Accident | AppleCarplay/AndroidAuto,2024,AUTOMATIC,SUV,GASOLINE,AWD,"2024 Nissan Rogue SV Moonroof AWD | ONE OWNER | LOW MILEAGE | No Accident | AppleCarplay/AndroidAuto, Dark grey exterior, All-wheel drive","[{url:'https://imagescdn.d2cmedia.ca/cb1d802d669bf96f0e2ef21403bfeea56c/2062/14356961/1/Nissan-Rogue-2024.jpg'},{url:'https://imagescdn.d2cmedia.ca/s81d802d669bf96f0e2ef21403bfeea56c/2062/14356961/1/Nissan-Rogue-2024.jpg'},{url:'https://imagescdn.d2cmedia.ca/cb1d802d669bf96f0e2ef21403bfeea56c/2062/14356961/2/Nissan-Rogue-2024.jpg'},{url:'https://imagescdn.d2cmedia.ca/cb1d802d669bf96f0e2ef21403bfeea56c/2062/14356961/3/Nissan-Rogue-2024.jpg'},{url:'https://imagescdn.d2cmedia.ca/cb1d802d669bf96f0e2ef21403bfeea56c/2062/14356961/4/Nissan-Rogue-2024.jpg'},{url:'https://imagescdn.d2cmedia.ca/cb1d802d669bf96f0e2ef21403bfeea56c/2062/14356961/5/Nissan-Rogue-2024.jpg'},{url:'https://imagescdn.d2cmedia.ca/cb1d802d669bf96f0e2ef21403bfeea56c/2062/14356961/6/Nissan-Rogue-2024.jpg'},{url:'https://imagescdn.d2cmedia.ca/cb1d802d669bf96f0e2ef21403bfeea56c/2062/14356961/7/Nissan-Rogue-2024.jpg'},{url:'https://imagescdn.d2cmedia.ca/cb1d802d669bf96f0e2ef21403bfeea56c/2062/14356961/8/Nissan-Rogue-2024.jpg'},{url:'https://imagescdn.d2cmedia.ca/cb1d802d669bf96f0e2ef21403bfeea56c/2062/14356961/9/Nissan-Rogue-2024.jpg'}]",26745,KM,https://www.altanissanrh.com/used/2024-Nissan-Rogue-id14356961.html,2024 Nissan Rogue SV Moonroof AWD | ONE OWNER | LOW MILEAGE | No Accident | AppleCarplay/AndroidAuto at Alta Nissan Richmond Hill,25998 CAD,CPO,Dark grey,Charcoal,2062,Alta Nissan Richmond Hill,+1-905-780-7771,"{addr1: '11667 Yonge St.', city: 'Richmond Hill', region: 'Ontario', postal_code: 'L4E 3N8', country: 'CA'}",43.9028000000,-79.4448000000,,,,,https://www.altanissanrh.com/privacy-policy.html,CPO,2062,In stock,,25998 CAD,Free,
JN8BT3BB0RW181809,JN8BT3BB0RW181809,RU4707,Nissan,Rogue,SV Moonroof AWD | ONE OWNER | LOW MILEAGE | No Accident | AppleCarplay/AndroidAuto,2024,AUTOMATIC,SUV,GASOLINE,AWD,"2024 Nissan Rogue SV Moonroof AWD | ONE OWNER | LOW MILEAGE | No Accident | AppleCarplay/AndroidAuto, White exterior, All-wheel drive","[{url:'https://imagescdn.d2cmedia.ca/cba7787681273265ecc2a05fc39c22221f/2062/14395941/1/Nissan-Rogue-2024.jpg'},{url:'https://imagescdn.d2cmedia.ca/s8a7787681273265ecc2a05fc39c22221f/2062/14395941/1/Nissan-Rogue-2024.jpg'},{url:'https://imagescdn.d2cmedia.ca/cba7787681273265ecc2a05fc39c22221f/2062/14395941/2/Nissan-Rogue-2024.jpg'},{url:'https://imagescdn.d2cmedia.ca/cba7787681273265ecc2a05fc39c22221f/2062/14395941/3/Nissan-Rogue-2024.jpg'},{url:'https://imagescdn.d2cmedia.ca/cba7787681273265ecc2a05fc39c22221f/2062/14395941/4/Nissan-Rogue-2024.jpg'},{url:'https://imagescdn.d2cmedia.ca/cba7787681273265ecc2a05fc39c22221f/2062/14395941/5/Nissan-Rogue-2024.jpg'},{url:'https://imagescdn.d2cmedia.ca/cba7787681273265ecc2a05fc39c22221f/2062/14395941/6/Nissan-Rogue-2024.jpg'},{url:'https://imagescdn.d2cmedia.ca/cba7787681273265ecc2a05fc39c22221f/2062/14395941/7/Nissan-Rogue-2024.jpg'},{url:'https://imagescdn.d2cmedia.ca/cba7787681273265ecc2a05fc39c22221f/2062/14395941/8/Nissan-Rogue-2024.jpg'},{url:'https://imagescdn.d2cmedia.ca/cba7787681273265ecc2a05fc39c22221f/2062/14395941/9/Nissan-Rogue-2024.jpg'}]",24365,KM,https://www.altanissanrh.com/used/2024-Nissan-Rogue-id14395941.html,2024 Nissan Rogue SV Moonroof AWD | ONE OWNER | LOW MILEAGE | No Accident | AppleCarplay/AndroidAuto at Alta Nissan Richmond Hill,26495 CAD,CPO,White,Charcoal,2062,Alta Nissan Richmond Hill,+1-905-780-7771,"{addr1: '11667 Yonge St.', city: 'Richmond Hill', region: 'Ontario', postal_code: 'L4E 3N8', country: 'CA'}",43.9028000000,-79.4448000000,,,,,https://www.altanissanrh.com/privacy-policy.html,CPO,2062,In stock,,26495 CAD,Free,
JN8BT3BB0RW183060,JN8BT3BB0RW183060,RU4686,Nissan,Rogue,SV Moonroof AWD | ONE OWNER | No Accident | AppleCarplay/AndroidAuto,2024,AUTOMATIC,SUV,GASOLINE,AWD,"2024 Nissan Rogue SV Moonroof AWD | ONE OWNER | No Accident | AppleCarplay/AndroidAuto, Dark grey exterior, All-wheel drive","[{url:'https://imagescdn.d2cmedia.ca/cb551b3d10790b97b6226c5e641aaad49f/2062/14324088/1/Nissan-Rogue-2024.jpg'},{url:'https://imagescdn.d2cmedia.ca/s8551b3d10790b97b6226c5e641aaad49f/2062/14324088/1/Nissan-Rogue-2024.jpg'},{url:'https://imagescdn.d2cmedia.ca/cb551b3d10790b97b6226c5e641aaad49f/2062/14324088/2/Nissan-Rogue-2024.jpg'},{url:'https://imagescdn.d2cmedia.ca/cb551b3d10790b97b6226c5e641aaad49f/2062/14324088/3/Nissan-Rogue-2024.jpg'},{url:'https://imagescdn.d2cmedia.ca/cb551b3d10790b97b6226c5e641aaad49f/2062/14324088/4/Nissan-Rogue-2024.jpg'},{url:'https://imagescdn.d2cmedia.ca/cb551b3d10790b97b6226c5e641aaad49f/2062/14324088/5/Nissan-Rogue-2024.jpg'},{url:'https://imagescdn.d2cmedia.ca/cb551b3d10790b97b6226c5e641aaad49f/2062/14324088/6/Nissan-Rogue-2024.jpg'},{url:'https://imagescdn.d2cmedia.ca/cb551b3d10790b97b6226c5e641aaad49f/2062/14324088/7/Nissan-Rogue-2024.jpg'},{url:'https://imagescdn.d2cmedia.ca/cb551b3d10790b97b6226c5e641aaad49f/2062/14324088/8/Nissan-Rogue-2024.jpg'},{url:'https://imagescdn.d2cmedia.ca/cb551b3d10790b97b6226c5e641aaad49f/2062/14324088/9/Nissan-Rogue-2024.jpg'}]",30365,KM,https://www.altanissanrh.com/used/2024-Nissan-Rogue-id14324088.html,2024 Nissan Rogue SV Moonroof AWD | ONE OWNER | No Accident | AppleCarplay/AndroidAuto at Alta Nissan Richmond Hill,26555 CAD,CPO,Dark grey,Charcoal,2062,Alta Nissan Richmond Hill,+1-905-780-7771,"{addr1: '11667 Yonge St.', city: 'Richmond Hill', region: 'Ontario', postal_code: 'L4E 3N8', country: 'CA'}",43.9028000000,-79.4448000000,,,,,https://www.altanissanrh.com/privacy-policy.html,CPO,2062,In stock,,26555 CAD,Free,
JN8BT3BB2RW183142,JN8BT3BB2RW183142,RU4687,Nissan,Rogue,SV Moonroof AWD | ONE OWNER | No Accident | AppleCarplay/AndroidAuto,2024,AUTOMATIC,SUV,GASOLINE,AWD,"2024 Nissan Rogue SV Moonroof AWD | ONE OWNER | No Accident | AppleCarplay/AndroidAuto, Dark grey exterior, All-wheel drive","[{url:'https://imagescdn.d2cmedia.ca/cb795eef47acbd57ca640e0f5072805fc4/2062/14324089/1/Nissan-Rogue-2024.jpg'},{url:'https://imagescdn.d2cmedia.ca/s8795eef47acbd57ca640e0f5072805fc4/2062/14324089/1/Nissan-Rogue-2024.jpg'},{url:'https://imagescdn.d2cmedia.ca/cb795eef47acbd57ca640e0f5072805fc4/2062/14324089/2/Nissan-Rogue-2024.jpg'},{url:'https://imagescdn.d2cmedia.ca/cb795eef47acbd57ca640e0f5072805fc4/2062/14324089/3/Nissan-Rogue-2024.jpg'},{url:'https://imagescdn.d2cmedia.ca/cb795eef47acbd57ca640e0f5072805fc4/2062/14324089/4/Nissan-Rogue-2024.jpg'},{url:'https://imagescdn.d2cmedia.ca/cb795eef47acbd57ca640e0f5072805fc4/2062/14324089/5/Nissan-Rogue-2024.jpg'},{url:'https://imagescdn.d2cmedia.ca/cb795eef47acbd57ca640e0f5072805fc4/2062/14324089/6/Nissan-Rogue-2024.jpg'},{url:'https://imagescdn.d2cmedia.ca/cb795eef47acbd57ca640e0f5072805fc4/2062/14324089/7/Nissan-Rogue-2024.jpg'},{url:'https://imagescdn.d2cmedia.ca/cb795eef47acbd57ca640e0f5072805fc4/2062/14324089/8/Nissan-Rogue-2024.jpg'},{url:'https://imagescdn.d2cmedia.ca/cb795eef47acbd57ca640e0f5072805fc4/2062/14324089/9/Nissan-Rogue-2024.jpg'}]",30070,KM,https://www.altanissanrh.com/used/2024-Nissan-Rogue-id14324089.html,2024 Nissan Rogue SV Moonroof AWD | ONE OWNER | No Accident | AppleCarplay/AndroidAuto at Alta Nissan Richmond Hill,26630 CAD,Used,Dark grey,Charcoal,2062,Alta Nissan Richmond Hill,+1-905-780-7771,"{addr1: '11667 Yonge St.', city: 'Richmond Hill', region: 'Ontario', postal_code: 'L4E 3N8', country: 'CA'}",43.9028000000,-79.4448000000,,,,,https://www.altanissanrh.com/privacy-policy.html,Used,2062,In stock,,26630 CAD,Free,
JN8BT3BB2RW283354,JN8BT3BB2RW283354,RU4705,Nissan,Rogue,SV Moonroof AWD | ONE OWNER | LOW MILEAGE| No Accident | AppleCarplay/AndroidAuto,2024,AUTOMATIC,SUV,GASOLINE,AWD,"2024 Nissan Rogue SV Moonroof AWD | ONE OWNER | LOW MILEAGE| No Accident | AppleCarplay/AndroidAuto, Dark grey exterior, All-wheel drive","[{url:'https://imagescdn.d2cmedia.ca/cb6dd7fe009c43a1a1afc84f92e3f4fc30/2062/14382550/1/Nissan-Rogue-2024.jpg'},{url:'https://imagescdn.d2cmedia.ca/s86dd7fe009c43a1a1afc84f92e3f4fc30/2062/14382550/1/Nissan-Rogue-2024.jpg'},{url:'https://imagescdn.d2cmedia.ca/cb6dd7fe009c43a1a1afc84f92e3f4fc30/2062/14382550/2/Nissan-Rogue-2024.jpg'},{url:'https://imagescdn.d2cmedia.ca/cb6dd7fe009c43a1a1afc84f92e3f4fc30/2062/14382550/3/Nissan-Rogue-2024.jpg'},{url:'https://imagescdn.d2cmedia.ca/cb6dd7fe009c43a1a1afc84f92e3f4fc30/2062/14382550/4/Nissan-Rogue-2024.jpg'},{url:'https://imagescdn.d2cmedia.ca/cb6dd7fe009c43a1a1afc84f92e3f4fc30/2062/14382550/5/Nissan-Rogue-2024.jpg'},{url:'https://imagescdn.d2cmedia.ca/cb6dd7fe009c43a1a1afc84f92e3f4fc30/2062/14382550/6/Nissan-Rogue-2024.jpg'},{url:'https://imagescdn.d2cmedia.ca/cb6dd7fe009c43a1a1afc84f92e3f4fc30/2062/14382550/7/Nissan-Rogue-2024.jpg'},{url:'https://imagescdn.d2cmedia.ca/cb6dd7fe009c43a1a1afc84f92e3f4fc30/2062/14382550/8/Nissan-Rogue-2024.jpg'},{url:'https://imagescdn.d2cmedia.ca/cb6dd7fe009c43a1a1afc84f92e3f4fc30/2062/14382550/9/Nissan-Rogue-2024.jpg'}]",20495,KM,https://www.altanissanrh.com/used/2024-Nissan-Rogue-id14382550.html,2024 Nissan Rogue SV Moonroof AWD | ONE OWNER | LOW MILEAGE| No Accident | AppleCarplay/AndroidAuto at Alta Nissan Richmond Hill,26998 CAD,Used,Dark grey,Charcoal,2062,Alta Nissan Richmond Hill,+1-905-780-7771,"{addr1: '11667 Yonge St.', city: 'Richmond Hill', region: 'Ontario', postal_code: 'L4E 3N8', country: 'CA'}",43.9028000000,-79.4448000000,,,,,https://www.altanissanrh.com/privacy-policy.html,Used,2062,In stock,,26998 CAD,Free,
JN8BT3BB6RW283423,JN8BT3BB6RW283423,RU4702,Nissan,Rogue,SV Moonroof AWD | ONE OWNER | No Accident | AppleCarplay/AndroidAuto,2024,AUTOMATIC,SUV,GASOLINE,AWD,"2024 Nissan Rogue SV Moonroof AWD | ONE OWNER | No Accident | AppleCarplay/AndroidAuto, Black exterior, All-wheel drive","[{url:'https://imagescdn.d2cmedia.ca/cbed8c49950615b24dae1260efa6a19721/2062/14376942/1/Nissan-Rogue-2024.jpg'},{url:'https://imagescdn.d2cmedia.ca/s8ed8c49950615b24dae1260efa6a19721/2062/14376942/1/Nissan-Rogue-2024.jpg'},{url:'https://imagescdn.d2cmedia.ca/cbed8c49950615b24dae1260efa6a19721/2062/14376942/2/Nissan-Rogue-2024.jpg'},{url:'https://imagescdn.d2cmedia.ca/cbed8c49950615b24dae1260efa6a19721/2062/14376942/3/Nissan-Rogue-2024.jpg'},{url:'https://imagescdn.d2cmedia.ca/cbed8c49950615b24dae1260efa6a19721/2062/14376942/4/Nissan-Rogue-2024.jpg'},{url:'https://imagescdn.d2cmedia.ca/cbed8c49950615b24dae1260efa6a19721/2062/14376942/5/Nissan-Rogue-2024.jpg'},{url:'https://imagescdn.d2cmedia.ca/cbed8c49950615b24dae1260efa6a19721/2062/14376942/6/Nissan-Rogue-2024.jpg'},{url:'https://imagescdn.d2cmedia.ca/cbed8c49950615b24dae1260efa6a19721/2062/14376942/7/Nissan-Rogue-2024.jpg'},{url:'https://imagescdn.d2cmedia.ca/cbed8c49950615b24dae1260efa6a19721/2062/14376942/8/Nissan-Rogue-2024.jpg'},{url:'https://imagescdn.d2cmedia.ca/cbed8c49950615b24dae1260efa6a19721/2062/14376942/9/Nissan-Rogue-2024.jpg'}]",21925,KM,https://www.altanissanrh.com/used/2024-Nissan-Rogue-id14376942.html,2024 Nissan Rogue SV Moonroof AWD | ONE OWNER | No Accident | AppleCarplay/AndroidAuto at Alta Nissan Richmond Hill,27335 CAD,Used,Black,Charcoal,2062,Alta Nissan Richmond Hill,+1-905-780-7771,"{addr1: '11667 Yonge St.', city: 'Richmond Hill', region: 'Ontario', postal_code: 'L4E 3N8', country: 'CA'}",43.9028000000,-79.4448000000,,,,,https://www.altanissanrh.com/privacy-policy.html,Used,2062,In stock,,27335 CAD,Free,
JN8BT3DD2PW317076,JN8BT3DD2PW317076,RU4706,Nissan,Rogue,Platinum AWD | One Owner | Low Mileage | No Accident | AppleCarplay/AndroidAuto,2023,AUTOMATIC,SUV,GASOLINE,AWD,"2023 Nissan Rogue Platinum AWD | One Owner | Low Mileage | No Accident | AppleCarplay/AndroidAuto, Dark grey exterior, All-wheel drive","[{url:'https://imagescdn.d2cmedia.ca/cb02b6dddfd31ca53a8975e5bea529f916/2062/14389559/1/Nissan-Rogue-2023.jpg'},{url:'https://imagescdn.d2cmedia.ca/s802b6dddfd31ca53a8975e5bea529f916/2062/14389559/1/Nissan-Rogue-2023.jpg'},{url:'https://imagescdn.d2cmedia.ca/cb02b6dddfd31ca53a8975e5bea529f916/2062/14389559/2/Nissan-Rogue-2023.jpg'},{url:'https://imagescdn.d2cmedia.ca/cb02b6dddfd31ca53a8975e5bea529f916/2062/14389559/3/Nissan-Rogue-2023.jpg'},{url:'https://imagescdn.d2cmedia.ca/cb02b6dddfd31ca53a8975e5bea529f916/2062/14389559/4/Nissan-Rogue-2023.jpg'},{url:'https://imagescdn.d2cmedia.ca/cb02b6dddfd31ca53a8975e5bea529f916/2062/14389559/5/Nissan-Rogue-2023.jpg'},{url:'https://imagescdn.d2cmedia.ca/cb02b6dddfd31ca53a8975e5bea529f916/2062/14389559/6/Nissan-Rogue-2023.jpg'},{url:'https://imagescdn.d2cmedia.ca/cb02b6dddfd31ca53a8975e5bea529f916/2062/14389559/7/Nissan-Rogue-2023.jpg'},{url:'https://imagescdn.d2cmedia.ca/cb02b6dddfd31ca53a8975e5bea529f916/2062/14389559/8/Nissan-Rogue-2023.jpg'},{url:'https://imagescdn.d2cmedia.ca/cb02b6dddfd31ca53a8975e5bea529f916/2062/14389559/9/Nissan-Rogue-2023.jpg'}]",41405,KM,https://www.altanissanrh.com/used/2023-Nissan-Rogue-id14389559.html,2023 Nissan Rogue Platinum AWD | One Owner | Low Mileage | No Accident | AppleCarplay/AndroidAuto at Alta Nissan Richmond Hill,27888 CAD,Used,Dark grey,Black,2062,Alta Nissan Richmond Hill,+1-905-780-7771,"{addr1: '11667 Yonge St.', city: 'Richmond Hill', region: 'Ontario', postal_code: 'L4E 3N8', country: 'CA'}",43.9028000000,-79.4448000000,,,,,https://www.altanissanrh.com/privacy-policy.html,Used,2062,In stock,,27888 CAD,Free,
JN8BT3DD5PW318495,JN8BT3DD5PW318495,RU4709,Nissan,Rogue,Platinum AWD | ONE OWNER | No Accident | AppleCarplay/AndroidAuto,2023,AUTOMATIC,SUV,GASOLINE,AWD,"2023 Nissan Rogue Platinum AWD | ONE OWNER | No Accident | AppleCarplay/AndroidAuto, Dark grey exterior, All-wheel drive","[{url:'https://imagescdn.d2cmedia.ca/cb1cae421b7f193cfe41b0625fc0bc85b9/2062/14416460/1/Nissan-Rogue-2023.jpg'},{url:'https://imagescdn.d2cmedia.ca/s81cae421b7f193cfe41b0625fc0bc85b9/2062/14416460/1/Nissan-Rogue-2023.jpg'},{url:'https://imagescdn.d2cmedia.ca/cb1cae421b7f193cfe41b0625fc0bc85b9/2062/14416460/2/Nissan-Rogue-2023.jpg'},{url:'https://imagescdn.d2cmedia.ca/cb1cae421b7f193cfe41b0625fc0bc85b9/2062/14416460/3/Nissan-Rogue-2023.jpg'},{url:'https://imagescdn.d2cmedia.ca/cb1cae421b7f193cfe41b0625fc0bc85b9/2062/14416460/4/Nissan-Rogue-2023.jpg'},{url:'https://imagescdn.d2cmedia.ca/cb1cae421b7f193cfe41b0625fc0bc85b9/2062/14416460/5/Nissan-Rogue-2023.jpg'},{url:'https://imagescdn.d2cmedia.ca/cb1cae421b7f193cfe41b0625fc0bc85b9/2062/14416460/6/Nissan-Rogue-2023.jpg'},{url:'https://imagescdn.d2cmedia.ca/cb1cae421b7f193cfe41b0625fc0bc85b9/2062/14416460/7/Nissan-Rogue-2023.jpg'},{url:'https://imagescdn.d2cmedia.ca/cb1cae421b7f193cfe41b0625fc0bc85b9/2062/14416460/8/Nissan-Rogue-2023.jpg'},{url:'https://imagescdn.d2cmedia.ca/cb1cae421b7f193cfe41b0625fc0bc85b9/2062/14416460/9/Nissan-Rogue-2023.jpg'}]",39425,KM,https://www.altanissanrh.com/used/2023-Nissan-Rogue-id14416460.html,2023 Nissan Rogue Platinum AWD | ONE OWNER | No Accident | AppleCarplay/AndroidAuto at Alta Nissan Richmond Hill,27955 CAD,Used,Dark grey,Beige,2062,Alta Nissan Richmond Hill,+1-905-780-7771,"{addr1: '11667 Yonge St.', city: 'Richmond Hill', region: 'Ontario', postal_code: 'L4E 3N8', country: 'CA'}",43.9028000000,-79.4448000000,,,,,https://www.altanissanrh.com/privacy-policy.html,Used,2062,In stock,,27955 CAD,Free,
JN8BT3CB7RW286488,JN8BT3CB7RW286488,RU4714,Nissan,Rogue,SL AWD | ONE OWNER | LOW MILEAGE | No Accident | AppleCarplay/AndroidAuto,2024,AUTOMATIC,SUV,GASOLINE,AWD,"2024 Nissan Rogue SL AWD | ONE OWNER | LOW MILEAGE | No Accident | AppleCarplay/AndroidAuto, Dark grey exterior, All-wheel drive","[{url:'https://imagescdn.d2cmedia.ca/cb2be7cda95d725c4be683388d9a69b3c6/2062/14451294/1/Nissan-Rogue-2024.jpg'},{url:'https://imagescdn.d2cmedia.ca/s82be7cda95d725c4be683388d9a69b3c6/2062/14451294/1/Nissan-Rogue-2024.jpg'},{url:'https://imagescdn.d2cmedia.ca/cb2be7cda95d725c4be683388d9a69b3c6/2062/14451294/2/Nissan-Rogue-2024.jpg'},{url:'https://imagescdn.d2cmedia.ca/cb2be7cda95d725c4be683388d9a69b3c6/2062/14451294/3/Nissan-Rogue-2024.jpg'},{url:'https://imagescdn.d2cmedia.ca/cb2be7cda95d725c4be683388d9a69b3c6/2062/14451294/4/Nissan-Rogue-2024.jpg'},{url:'https://imagescdn.d2cmedia.ca/cb2be7cda95d725c4be683388d9a69b3c6/2062/14451294/5/Nissan-Rogue-2024.jpg'},{url:'https://imagescdn.d2cmedia.ca/cb2be7cda95d725c4be683388d9a69b3c6/2062/14451294/6/Nissan-Rogue-2024.jpg'},{url:'https://imagescdn.d2cmedia.ca/cb2be7cda95d725c4be683388d9a69b3c6/2062/14451294/7/Nissan-Rogue-2024.jpg'},{url:'https://imagescdn.d2cmedia.ca/cb2be7cda95d725c4be683388d9a69b3c6/2062/14451294/8/Nissan-Rogue-2024.jpg'},{url:'https://imagescdn.d2cmedia.ca/cb2be7cda95d725c4be683388d9a69b3c6/2062/14451294/9/Nissan-Rogue-2024.jpg'}]",44020,KM,https://www.altanissanrh.com/used/2024-Nissan-Rogue-id14451294.html,2024 Nissan Rogue SL AWD | ONE OWNER | LOW MILEAGE | No Accident | AppleCarplay/AndroidAuto at Alta Nissan Richmond Hill,28499 CAD,Used,Dark grey,Charcoal,2062,Alta Nissan Richmond Hill,+1-905-780-7771,"{addr1: '11667 Yonge St.', city: 'Richmond Hill', region: 'Ontario', postal_code: 'L4E 3N8', country: 'CA'}",43.9028000000,-79.4448000000,,,,,https://www.altanissanrh.com/privacy-policy.html,Used,2062,In stock,,28499 CAD,Free,
JN8BT3CB7RW281386,JN8BT3CB7RW281386,RU4722,Nissan,Rogue,SL AWD | ONE OWNER | LOW MILEAGE | No Accident | AppleCarplay/AndroidAuto,2024,AUTOMATIC,SUV,GASOLINE,AWD,"2024 Nissan Rogue SL AWD | ONE OWNER | LOW MILEAGE | No Accident | AppleCarplay/AndroidAuto, Black exterior, All-wheel drive","[{url:'https://imagescdn.d2cmedia.ca/cb2abfca2fb9dcb7e89c251d1815ea5026/2062/14472538/1/Nissan-Rogue-2024.jpg'},{url:'https://imagescdn.d2cmedia.ca/s82abfca2fb9dcb7e89c251d1815ea5026/2062/14472538/1/Nissan-Rogue-2024.jpg'},{url:'https://imagescdn.d2cmedia.ca/cb2abfca2fb9dcb7e89c251d1815ea5026/2062/14472538/2/Nissan-Rogue-2024.jpg'},{url:'https://imagescdn.d2cmedia.ca/cb2abfca2fb9dcb7e89c251d1815ea5026/2062/14472538/3/Nissan-Rogue-2024.jpg'},{url:'https://imagescdn.d2cmedia.ca/cb2abfca2fb9dcb7e89c251d1815ea5026/2062/14472538/4/Nissan-Rogue-2024.jpg'},{url:'https://imagescdn.d2cmedia.ca/cb2abfca2fb9dcb7e89c251d1815ea5026/2062/14472538/5/Nissan-Rogue-2024.jpg'},{url:'https://imagescdn.d2cmedia.ca/cb2abfca2fb9dcb7e89c251d1815ea5026/2062/14472538/6/Nissan-Rogue-2024.jpg'},{url:'https://imagescdn.d2cmedia.ca/cb2abfca2fb9dcb7e89c251d1815ea5026/2062/14472538/7/Nissan-Rogue-2024.jpg'},{url:'https://imagescdn.d2cmedia.ca/cb2abfca2fb9dcb7e89c251d1815ea5026/2062/14472538/8/Nissan-Rogue-2024.jpg'},{url:'https://imagescdn.d2cmedia.ca/cb2abfca2fb9dcb7e89c251d1815ea5026/2062/14472538/9/Nissan-Rogue-2024.jpg'}]",19780,KM,https://www.altanissanrh.com/used/2024-Nissan-Rogue-id14472538.html,2024 Nissan Rogue SL AWD | ONE OWNER | LOW MILEAGE | No Accident | AppleCarplay/AndroidAuto at Alta Nissan Richmond Hill,29995 CAD,Used,Black,Black,2062,Alta Nissan Richmond Hill,+1-905-780-7771,"{addr1: '11667 Yonge St.', city: 'Richmond Hill', region: 'Ontario', postal_code: 'L4E 3N8', country: 'CA'}",43.9028000000,-79.4448000000,,,,,https://www.altanissanrh.com/privacy-policy.html,Used,2062,In stock,,29995 CAD,Free,
5N1DR3CE7PC204315,5N1DR3CE7PC204315,RU4727,Nissan,Pathfinder,SL 4WD | ONE OWNER | NEW TIRES | No Accident | AppleCarplay/AndroidAuto,2023,AUTOMATIC,SUV,GASOLINE,FOUR_WHEEL_DRIVE,"2023 Nissan Pathfinder SL 4WD | ONE OWNER | NEW TIRES | No Accident | AppleCarplay/AndroidAuto, Black exterior, Four-wheel drive","[{url:'https://imagescdn.d2cmedia.ca/cb47cf91141391ed37db1e99577126d9b3/2062/14482736/1/Nissan-Pathfinder-2023.jpg'},{url:'https://imagescdn.d2cmedia.ca/s847cf91141391ed37db1e99577126d9b3/2062/14482736/1/Nissan-Pathfinder-2023.jpg'},{url:'https://imagescdn.d2cmedia.ca/cb47cf91141391ed37db1e99577126d9b3/2062/14482736/2/Nissan-Pathfinder-2023.jpg'},{url:'https://imagescdn.d2cmedia.ca/cb47cf91141391ed37db1e99577126d9b3/2062/14482736/3/Nissan-Pathfinder-2023.jpg'},{url:'https://imagescdn.d2cmedia.ca/cb47cf91141391ed37db1e99577126d9b3/2062/14482736/4/Nissan-Pathfinder-2023.jpg'},{url:'https://imagescdn.d2cmedia.ca/cb47cf91141391ed37db1e99577126d9b3/2062/14482736/5/Nissan-Pathfinder-2023.jpg'},{url:'https://imagescdn.d2cmedia.ca/cb47cf91141391ed37db1e99577126d9b3/2062/14482736/6/Nissan-Pathfinder-2023.jpg'},{url:'https://imagescdn.d2cmedia.ca/cb47cf91141391ed37db1e99577126d9b3/2062/14482736/7/Nissan-Pathfinder-2023.jpg'},{url:'https://imagescdn.d2cmedia.ca/cb47cf91141391ed37db1e99577126d9b3/2062/14482736/8/Nissan-Pathfinder-2023.jpg'},{url:'https://imagescdn.d2cmedia.ca/cb47cf91141391ed37db1e99577126d9b3/2062/14482736/9/Nissan-Pathfinder-2023.jpg'}]",79440,KM,https://www.altanissanrh.com/used/2023-Nissan-Pathfinder-id14482736.html,2023 Nissan Pathfinder SL 4WD | ONE OWNER | NEW TIRES | No Accident | AppleCarplay/AndroidAuto at Alta Nissan Richmond Hill,34335 CAD,Used,Black,Black,2062,Alta Nissan Richmond Hill,+1-905-780-7771,"{addr1: '11667 Yonge St.', city: 'Richmond Hill', region: 'Ontario', postal_code: 'L4E 3N8', country: 'CA'}",43.9028000000,-79.4448000000,,,,,https://www.altanissanrh.com/privacy-policy.html,Used,2062,In stock,,34335 CAD,Free,
5N1DR3BE5RC280183,5N1DR3BE5RC280183,RU4661,Nissan,Pathfinder,SV 4WD | ONE OWNER | LOW MILEAGE | No Accident | AppleCarplay/AndroidAuto,2024,AUTOMATIC,SUV,GASOLINE,FOUR_WHEEL_DRIVE,"2024 Nissan Pathfinder SV 4WD | ONE OWNER | LOW MILEAGE | No Accident | AppleCarplay/AndroidAuto, Blue exterior, Four-wheel drive","[{url:'https://imagescdn.d2cmedia.ca/cbef821948b643b1c692d4661f636492c7/2062/14197674/1/Nissan-Pathfinder-2024.jpg'},{url:'https://imagescdn.d2cmedia.ca/s8ef821948b643b1c692d4661f636492c7/2062/14197674/1/Nissan-Pathfinder-2024.jpg'},{url:'https://imagescdn.d2cmedia.ca/cbef821948b643b1c692d4661f636492c7/2062/14197674/2/Nissan-Pathfinder-2024.jpg'},{url:'https://imagescdn.d2cmedia.ca/cbef821948b643b1c692d4661f636492c7/2062/14197674/3/Nissan-Pathfinder-2024.jpg'},{url:'https://imagescdn.d2cmedia.ca/cbef821948b643b1c692d4661f636492c7/2062/14197674/4/Nissan-Pathfinder-2024.jpg'},{url:'https://imagescdn.d2cmedia.ca/cbef821948b643b1c692d4661f636492c7/2062/14197674/5/Nissan-Pathfinder-2024.jpg'},{url:'https://imagescdn.d2cmedia.ca/cbef821948b643b1c692d4661f636492c7/2062/14197674/6/Nissan-Pathfinder-2024.jpg'},{url:'https://imagescdn.d2cmedia.ca/cbef821948b643b1c692d4661f636492c7/2062/14197674/7/Nissan-Pathfinder-2024.jpg'},{url:'https://imagescdn.d2cmedia.ca/cbef821948b643b1c692d4661f636492c7/2062/14197674/8/Nissan-Pathfinder-2024.jpg'},{url:'https://imagescdn.d2cmedia.ca/cbef821948b643b1c692d4661f636492c7/2062/14197674/9/Nissan-Pathfinder-2024.jpg'}]",51665,KM,https://www.altanissanrh.com/used/2024-Nissan-Pathfinder-id14197674.html,2024 Nissan Pathfinder SV 4WD | ONE OWNER | LOW MILEAGE | No Accident | AppleCarplay/AndroidAuto at Alta Nissan Richmond Hill,36998 CAD,Used,Blue,Charcoal,2062,Alta Nissan Richmond Hill,+1-905-780-7771,"{addr1: '11667 Yonge St.', city: 'Richmond Hill', region: 'Ontario', postal_code: 'L4E 3N8', country: 'CA'}",43.9028000000,-79.4448000000,,,,,https://www.altanissanrh.com/privacy-policy.html,Used,2062,In stock,,36998 CAD,Free,
5N1DR3BE5RC303428,5N1DR3BE5RC303428,RU4716,Nissan,Pathfinder,SV 4WD | ONE OWNER | LOW MILEAGE | No Accident | AppleCarplay/AndroidAuto,2024,AUTOMATIC,SUV,GASOLINE,FOUR_WHEEL_DRIVE,"2024 Nissan Pathfinder SV 4WD | ONE OWNER | LOW MILEAGE | No Accident | AppleCarplay/AndroidAuto, Dark grey exterior, Four-wheel drive","[{url:'https://imagescdn.d2cmedia.ca/cb7a5e3de61fd3e3bade55cc189fc91bc4/2062/14458527/1/Nissan-Pathfinder-2024.jpg'},{url:'https://imagescdn.d2cmedia.ca/s87a5e3de61fd3e3bade55cc189fc91bc4/2062/14458527/1/Nissan-Pathfinder-2024.jpg'},{url:'https://imagescdn.d2cmedia.ca/cb7a5e3de61fd3e3bade55cc189fc91bc4/2062/14458527/2/Nissan-Pathfinder-2024.jpg'},{url:'https://imagescdn.d2cmedia.ca/cb7a5e3de61fd3e3bade55cc189fc91bc4/2062/14458527/3/Nissan-Pathfinder-2024.jpg'},{url:'https://imagescdn.d2cmedia.ca/cb7a5e3de61fd3e3bade55cc189fc91bc4/2062/14458527/4/Nissan-Pathfinder-2024.jpg'},{url:'https://imagescdn.d2cmedia.ca/cb7a5e3de61fd3e3bade55cc189fc91bc4/2062/14458527/5/Nissan-Pathfinder-2024.jpg'},{url:'https://imagescdn.d2cmedia.ca/cb7a5e3de61fd3e3bade55cc189fc91bc4/2062/14458527/6/Nissan-Pathfinder-2024.jpg'},{url:'https://imagescdn.d2cmedia.ca/cb7a5e3de61fd3e3bade55cc189fc91bc4/2062/14458527/7/Nissan-Pathfinder-2024.jpg'},{url:'https://imagescdn.d2cmedia.ca/cb7a5e3de61fd3e3bade55cc189fc91bc4/2062/14458527/8/Nissan-Pathfinder-2024.jpg'},{url:'https://imagescdn.d2cmedia.ca/cb7a5e3de61fd3e3bade55cc189fc91bc4/2062/14458527/9/Nissan-Pathfinder-2024.jpg'}]",48355,KM,https://www.altanissanrh.com/used/2024-Nissan-Pathfinder-id14458527.html,2024 Nissan Pathfinder SV 4WD | ONE OWNER | LOW MILEAGE | No Accident | AppleCarplay/AndroidAuto at Alta Nissan Richmond Hill,37555 CAD,Used,Dark grey,Charcoal,2062,Alta Nissan Richmond Hill,+1-905-780-7771,"{addr1: '11667 Yonge St.', city: 'Richmond Hill', region: 'Ontario', postal_code: 'L4E 3N8', country: 'CA'}",43.9028000000,-79.4448000000,,,,,https://www.altanissanrh.com/privacy-policy.html,Used,2062,In stock,,37555 CAD,Free,
5N1DR3CE6RC275783,5N1DR3CE6RC275783,RU4710,Nissan,Pathfinder,SL PREMIUIM 4WD | ONE OWNER | No Accident | AppleCarplay/AndroidAuto,2024,AUTOMATIC,SUV,GASOLINE,FOUR_WHEEL_DRIVE,"2024 Nissan Pathfinder SL PREMIUIM 4WD | ONE OWNER | No Accident | AppleCarplay/AndroidAuto, Grey exterior, Four-wheel drive","[{url:'https://imagescdn.d2cmedia.ca/cb9ab48d0d62f670eca2a95f8a80352418/2062/14416461/1/Nissan-Pathfinder-2024.jpg'},{url:'https://imagescdn.d2cmedia.ca/s89ab48d0d62f670eca2a95f8a80352418/2062/14416461/1/Nissan-Pathfinder-2024.jpg'},{url:'https://imagescdn.d2cmedia.ca/cb9ab48d0d62f670eca2a95f8a80352418/2062/14416461/2/Nissan-Pathfinder-2024.jpg'},{url:'https://imagescdn.d2cmedia.ca/cb9ab48d0d62f670eca2a95f8a80352418/2062/14416461/3/Nissan-Pathfinder-2024.jpg'},{url:'https://imagescdn.d2cmedia.ca/cb9ab48d0d62f670eca2a95f8a80352418/2062/14416461/4/Nissan-Pathfinder-2024.jpg'},{url:'https://imagescdn.d2cmedia.ca/cb9ab48d0d62f670eca2a95f8a80352418/2062/14416461/5/Nissan-Pathfinder-2024.jpg'},{url:'https://imagescdn.d2cmedia.ca/cb9ab48d0d62f670eca2a95f8a80352418/2062/14416461/6/Nissan-Pathfinder-2024.jpg'},{url:'https://imagescdn.d2cmedia.ca/cb9ab48d0d62f670eca2a95f8a80352418/2062/14416461/7/Nissan-Pathfinder-2024.jpg'},{url:'https://imagescdn.d2cmedia.ca/cb9ab48d0d62f670eca2a95f8a80352418/2062/14416461/8/Nissan-Pathfinder-2024.jpg'},{url:'https://imagescdn.d2cmedia.ca/cb9ab48d0d62f670eca2a95f8a80352418/2062/14416461/9/Nissan-Pathfinder-2024.jpg'}]",35050,KM,https://www.altanissanrh.com/used/2024-Nissan-Pathfinder-id14416461.html,2024 Nissan Pathfinder SL PREMIUIM 4WD | ONE OWNER | No Accident | AppleCarplay/AndroidAuto at Alta Nissan Richmond Hill,42955 CAD,Used,Grey,Charcoal,2062,Alta Nissan Richmond Hill,+1-905-780-7771,"{addr1: '11667 Yonge St.', city: 'Richmond Hill', region: 'Ontario', postal_code: 'L4E 3N8', country: 'CA'}",43.9028000000,-79.4448000000,,,,,https://www.altanissanrh.com/privacy-policy.html,Used,2062,In stock,,42955 CAD,Free,
5N1DR3DF5RC217381,5N1DR3DF5RC217381,RU4654,Nissan,Pathfinder,Platinum 4WD | NEW TIRES | One Owner | No Accident | AppleCarplay/AndroidAuto,2024,AUTOMATIC,SUV,GASOLINE,FOUR_WHEEL_DRIVE,"2024 Nissan Pathfinder Platinum 4WD | NEW TIRES | One Owner | No Accident | AppleCarplay/AndroidAuto, Green exterior, Four-wheel drive","[{url:'https://imagescdn.d2cmedia.ca/cbd9f9f45243f18aeadc97a37978441f71/2062/14181416/1/Nissan-Pathfinder-2024.jpg'},{url:'https://imagescdn.d2cmedia.ca/s8d9f9f45243f18aeadc97a37978441f71/2062/14181416/1/Nissan-Pathfinder-2024.jpg'},{url:'https://imagescdn.d2cmedia.ca/cbd9f9f45243f18aeadc97a37978441f71/2062/14181416/2/Nissan-Pathfinder-2024.jpg'},{url:'https://imagescdn.d2cmedia.ca/cbd9f9f45243f18aeadc97a37978441f71/2062/14181416/3/Nissan-Pathfinder-2024.jpg'},{url:'https://imagescdn.d2cmedia.ca/cbd9f9f45243f18aeadc97a37978441f71/2062/14181416/4/Nissan-Pathfinder-2024.jpg'},{url:'https://imagescdn.d2cmedia.ca/cbd9f9f45243f18aeadc97a37978441f71/2062/14181416/5/Nissan-Pathfinder-2024.jpg'},{url:'https://imagescdn.d2cmedia.ca/cbd9f9f45243f18aeadc97a37978441f71/2062/14181416/6/Nissan-Pathfinder-2024.jpg'},{url:'https://imagescdn.d2cmedia.ca/cbd9f9f45243f18aeadc97a37978441f71/2062/14181416/7/Nissan-Pathfinder-2024.jpg'},{url:'https://imagescdn.d2cmedia.ca/cbd9f9f45243f18aeadc97a37978441f71/2062/14181416/8/Nissan-Pathfinder-2024.jpg'},{url:'https://imagescdn.d2cmedia.ca/cbd9f9f45243f18aeadc97a37978441f71/2062/14181416/9/Nissan-Pathfinder-2024.jpg'}]",46965,KM,https://www.altanissanrh.com/used/2024-Nissan-Pathfinder-id14181416.html,2024 Nissan Pathfinder Platinum 4WD | NEW TIRES | One Owner | No Accident | AppleCarplay/AndroidAuto at Alta Nissan Richmond Hill,44440 CAD,Used,Green,Charcoal,2062,Alta Nissan Richmond Hill,+1-905-780-7771,"{addr1: '11667 Yonge St.', city: 'Richmond Hill', region: 'Ontario', postal_code: 'L4E 3N8', country: 'CA'}",43.9028000000,-79.4448000000,,,,,https://www.altanissanrh.com/privacy-policy.html,Used,2062,In stock,,44440 CAD,Free,
1N4BL4CW7RN341800,1N4BL4CW7RN341800,P0236,Nissan,Altima,SR AWD | ONE OWNER | No Accident | LOW MILEAGE | AppleCarplay/AndroidAuto,2024,AUTOMATIC,SEDAN,GASOLINE,AWD,"2024 Nissan Altima SR AWD | ONE OWNER | No Accident | LOW MILEAGE | AppleCarplay/AndroidAuto, Black exterior, All-wheel drive","[{url:'https://imagescdn.d2cmedia.ca/cb8d6c7e075b0acf760329ffde1aa84fee/2062/14281124/1/Nissan-Altima-2024.jpg'},{url:'https://imagescdn.d2cmedia.ca/s88d6c7e075b0acf760329ffde1aa84fee/2062/14281124/1/Nissan-Altima-2024.jpg'},{url:'https://imagescdn.d2cmedia.ca/cb8d6c7e075b0acf760329ffde1aa84fee/2062/14281124/2/Nissan-Altima-2024.jpg'},{url:'https://imagescdn.d2cmedia.ca/cb8d6c7e075b0acf760329ffde1aa84fee/2062/14281124/3/Nissan-Altima-2024.jpg'},{url:'https://imagescdn.d2cmedia.ca/cb8d6c7e075b0acf760329ffde1aa84fee/2062/14281124/4/Nissan-Altima-2024.jpg'},{url:'https://imagescdn.d2cmedia.ca/cb8d6c7e075b0acf760329ffde1aa84fee/2062/14281124/5/Nissan-Altima-2024.jpg'},{url:'https://imagescdn.d2cmedia.ca/cb8d6c7e075b0acf760329ffde1aa84fee/2062/14281124/6/Nissan-Altima-2024.jpg'},{url:'https://imagescdn.d2cmedia.ca/cb8d6c7e075b0acf760329ffde1aa84fee/2062/14281124/7/Nissan-Altima-2024.jpg'},{url:'https://imagescdn.d2cmedia.ca/cb8d6c7e075b0acf760329ffde1aa84fee/2062/14281124/8/Nissan-Altima-2024.jpg'},{url:'https://imagescdn.d2cmedia.ca/cb8d6c7e075b0acf760329ffde1aa84fee/2062/14281124/9/Nissan-Altima-2024.jpg'}]",11200,KM,https://www.altanissanrh.com/used/2024-Nissan-Altima-id14281124.html,2024 Nissan Altima SR AWD | ONE OWNER | No Accident | LOW MILEAGE | AppleCarplay/AndroidAuto at Alta Nissan Richmond Hill,28995 CAD,Used,Black,Black,2062,Alta Nissan Richmond Hill,+1-905-780-7771,"{addr1: '11667 Yonge St.', city: 'Richmond Hill', region: 'Ontario', postal_code: 'L4E 3N8', country: 'CA'}",43.9028000000,-79.4448000000,,,,,https://www.altanissanrh.com/privacy-policy.html,Used,2062,In stock,,28995 CAD,Free,
3N1AB9CV0TY233755,3N1AB9CV0TY233755,RY261016-demo,Nissan,Sentra,Sv Sedan,2026,AUTOMATIC,SEDAN,GASOLINE,,"2026 Nissan Sentra Sv Sedan, Blue exterior","[{url:'https://carimages.d2cmedia.ca/newcarimages/en/cb6ac7bfada5d46/Nissan/Sentra/2026/1200/481258-U1YgU2VkYW4/blue/front45.png'},{url:'https://carimages.d2cmedia.ca/newcarimages/en/cb6ac7bfada5d46/Nissan/Sentra/2026/1280/481258/blue/front_45_degree.png'},{url:'https://carimages.d2cmedia.ca/newcarimages/en/cb6ac7bfada5d46/Nissan/Sentra/2026/2100/481258/blue/front_45_degree.png'},{url:'https://carimages.d2cmedia.ca/newcarimages/en/cb6ac7bfada5d46/Nissan/Sentra/2026/2100/481258/blue/profile.png'},{url:'https://carimages.d2cmedia.ca/newcarimages/en/cb6ac7bfada5d46/Nissan/Sentra/2026/2100/481258/blue/back_45_degree.png'},{url:'https://carimages.d2cmedia.ca/newcarimages/en/cb6ac7bfada5d46/Nissan/Sentra/2026/2100/481258/blue/driver_dashboard.png'},{url:'https://carimages.d2cmedia.ca/newcarimages/en/cb6ac7bfada5d46/Nissan/Sentra/2026/2100/481258/blue/full_dashboard.png'},{url:'https://carimages.d2cmedia.ca/newcarimages/en/cb6ac7bfada5d46/Nissan/Sentra/2026/2100/481258/blue/interior_driver_open_seat.png'},{url:'https://carimages.d2cmedia.ca/newcarimages/en/cb6ac7bfada5d46/Nissan/Sentra/2026/2100/481258/blue/interior_driver_stereo.png'},{url:'https://carimages.d2cmedia.ca/newcarimages/en/cb6ac7bfada5d46/Nissan/Sentra/2026/2100/481258/blue/interior_driver_reat_seats.png'}]",6180,KM,https://www.altanissanrh.com/demos/2026-Nissan-Sentra-id14482738.html,2026 Nissan Sentra Sv Sedan at Alta Nissan Richmond Hill,31261 CAD,Used,Blue,Charcoal,2062,Alta Nissan Richmond Hill,+1-905-780-7771,"{addr1: '11667 Yonge St.', city: 'Richmond Hill', region: 'Ontario', postal_code: 'L4E 3N8', country: 'CA'}",43.9028000000,-79.4448000000,,,,,https://www.altanissanrh.com/privacy-policy.html,Used,2062,In stock,,31261 CAD,Free,
JN8BT3BB0TW374808,JN8BT3BB0TW374808,RY26R044-demo,Nissan,Rogue,AWD ROCK CREEK | DEMO | Clean Carfax,2026,AUTOMATIC,SUV,GASOLINE,AWD,"2026 Nissan Rogue AWD ROCK CREEK | DEMO | Clean Carfax, Black exterior, All-wheel drive","[{url:'https://imagescdn.d2cmedia.ca/cbeb144070a63651dc2b8cfec31d039350/2062/13808877/1/Nissan-Rogue-2026.jpg'},{url:'https://imagescdn.d2cmedia.ca/s8eb144070a63651dc2b8cfec31d039350/2062/13808877/1/Nissan-Rogue-2026.jpg'},{url:'https://imagescdn.d2cmedia.ca/cbeb144070a63651dc2b8cfec31d039350/2062/13808877/2/Nissan-Rogue-2026.jpg'},{url:'https://imagescdn.d2cmedia.ca/cbeb144070a63651dc2b8cfec31d039350/2062/13808877/3/Nissan-Rogue-2026.jpg'},{url:'https://imagescdn.d2cmedia.ca/cbeb144070a63651dc2b8cfec31d039350/2062/13808877/4/Nissan-Rogue-2026.jpg'},{url:'https://imagescdn.d2cmedia.ca/cbeb144070a63651dc2b8cfec31d039350/2062/13808877/5/Nissan-Rogue-2026.jpg'},{url:'https://imagescdn.d2cmedia.ca/cbeb144070a63651dc2b8cfec31d039350/2062/13808877/6/Nissan-Rogue-2026.jpg'},{url:'https://imagescdn.d2cmedia.ca/cbeb144070a63651dc2b8cfec31d039350/2062/13808877/7/Nissan-Rogue-2026.jpg'},{url:'https://imagescdn.d2cmedia.ca/cbeb144070a63651dc2b8cfec31d039350/2062/13808877/8/Nissan-Rogue-2026.jpg'},{url:'https://imagescdn.d2cmedia.ca/cbeb144070a63651dc2b8cfec31d039350/2062/13808877/9/Nissan-Rogue-2026.jpg'}]",14318,KM,https://www.altanissanrh.com/demos/2026-Nissan-Rogue-id13808877.html,2026 Nissan Rogue AWD ROCK CREEK | DEMO | Clean Carfax at Alta Nissan Richmond Hill,39921 CAD,Used,Black,Charcoal,2062,Alta Nissan Richmond Hill,+1-905-780-7771,"{addr1: '11667 Yonge St.', city: 'Richmond Hill', region: 'Ontario', postal_code: 'L4E 3N8', country: 'CA'}",43.9028000000,-79.4448000000,,,,,https://www.altanissanrh.com/privacy-policy.html,Used,2062,In stock,,39921 CAD,Free,
JN8BT3BB7TW374689,JN8BT3BB7TW374689,RY26R034-demo,Nissan,Rogue,AWD ROCK CREEK | DEMO | Clean Carfax,2026,AUTOMATIC,SUV,GASOLINE,AWD,"2026 Nissan Rogue AWD ROCK CREEK | DEMO | Clean Carfax, White exterior, All-wheel drive","[{url:'https://imagescdn.d2cmedia.ca/cb21d0de8e5d266832d16401b281c88949/2062/13808875/1/Nissan-Rogue-2026.jpg'},{url:'https://imagescdn.d2cmedia.ca/s821d0de8e5d266832d16401b281c88949/2062/13808875/1/Nissan-Rogue-2026.jpg'},{url:'https://imagescdn.d2cmedia.ca/cb21d0de8e5d266832d16401b281c88949/2062/13808875/2/Nissan-Rogue-2026.jpg'},{url:'https://imagescdn.d2cmedia.ca/cb21d0de8e5d266832d16401b281c88949/2062/13808875/3/Nissan-Rogue-2026.jpg'},{url:'https://imagescdn.d2cmedia.ca/cb21d0de8e5d266832d16401b281c88949/2062/13808875/4/Nissan-Rogue-2026.jpg'},{url:'https://imagescdn.d2cmedia.ca/cb21d0de8e5d266832d16401b281c88949/2062/13808875/5/Nissan-Rogue-2026.jpg'},{url:'https://imagescdn.d2cmedia.ca/cb21d0de8e5d266832d16401b281c88949/2062/13808875/6/Nissan-Rogue-2026.jpg'},{url:'https://imagescdn.d2cmedia.ca/cb21d0de8e5d266832d16401b281c88949/2062/13808875/7/Nissan-Rogue-2026.jpg'},{url:'https://imagescdn.d2cmedia.ca/cb21d0de8e5d266832d16401b281c88949/2062/13808875/8/Nissan-Rogue-2026.jpg'},{url:'https://imagescdn.d2cmedia.ca/cb21d0de8e5d266832d16401b281c88949/2062/13808875/9/Nissan-Rogue-2026.jpg'}]",18125,KM,https://www.altanissanrh.com/demos/2026-Nissan-Rogue-id13808875.html,2026 Nissan Rogue AWD ROCK CREEK | DEMO | Clean Carfax at Alta Nissan Richmond Hill,40171 CAD,Used,White,Charcoal,2062,Alta Nissan Richmond Hill,+1-905-780-7771,"{addr1: '11667 Yonge St.', city: 'Richmond Hill', region: 'Ontario', postal_code: 'L4E 3N8', country: 'CA'}",43.9028000000,-79.4448000000,,,,,https://www.altanissanrh.com/privacy-policy.html,Used,2062,In stock,,40171 CAD,Free,
JN8BT3DD4TW307983,JN8BT3DD4TW307983,RY26R104-demo,Nissan,Rogue,AWD PLATINUM | DEMO | Clean Carfax,2026,AUTOMATIC,SUV,GASOLINE,AWD,"2026 Nissan Rogue AWD PLATINUM | DEMO | Clean Carfax, Green exterior, All-wheel drive","[{url:'https://imagescdn.d2cmedia.ca/cb93f850793899c41009ca0a315c37450a/2062/13808869/1/Nissan-Rogue-2026.jpg'},{url:'https://imagescdn.d2cmedia.ca/s893f850793899c41009ca0a315c37450a/2062/13808869/1/Nissan-Rogue-2026.jpg'},{url:'https://imagescdn.d2cmedia.ca/cb93f850793899c41009ca0a315c37450a/2062/13808869/2/Nissan-Rogue-2026.jpg'},{url:'https://imagescdn.d2cmedia.ca/cb93f850793899c41009ca0a315c37450a/2062/13808869/3/Nissan-Rogue-2026.jpg'},{url:'https://imagescdn.d2cmedia.ca/cb93f850793899c41009ca0a315c37450a/2062/13808869/4/Nissan-Rogue-2026.jpg'},{url:'https://imagescdn.d2cmedia.ca/cb93f850793899c41009ca0a315c37450a/2062/13808869/5/Nissan-Rogue-2026.jpg'},{url:'https://imagescdn.d2cmedia.ca/cb93f850793899c41009ca0a315c37450a/2062/13808869/6/Nissan-Rogue-2026.jpg'},{url:'https://imagescdn.d2cmedia.ca/cb93f850793899c41009ca0a315c37450a/2062/13808869/7/Nissan-Rogue-2026.jpg'},{url:'https://imagescdn.d2cmedia.ca/cb93f850793899c41009ca0a315c37450a/2062/13808869/8/Nissan-Rogue-2026.jpg'},{url:'https://imagescdn.d2cmedia.ca/cb93f850793899c41009ca0a315c37450a/2062/13808869/9/Nissan-Rogue-2026.jpg'}]",12702,KM,https://www.altanissanrh.com/demos/2026-Nissan-Rogue-id13808869.html,2026 Nissan Rogue AWD PLATINUM | DEMO | Clean Carfax at Alta Nissan Richmond Hill,43771 CAD,Used,Green,Black,2062,Alta Nissan Richmond Hill,+1-905-780-7771,"{addr1: '11667 Yonge St.', city: 'Richmond Hill', region: 'Ontario', postal_code: 'L4E 3N8', country: 'CA'}",43.9028000000,-79.4448000000,,,,,https://www.altanissanrh.com/privacy-policy.html,Used,2062,In stock,,43771 CAD,Free,
JN8BT3DD4TW483335,JN8BT3DD4TW483335,RY26R120-demo,Nissan,Rogue,AWD PLATINUM | DEMO | Clean Carfax,2026,AUTOMATIC,SUV,GASOLINE,AWD,"2026 Nissan Rogue AWD PLATINUM | DEMO | Clean Carfax, Grey exterior, All-wheel drive","[{url:'https://imagescdn.d2cmedia.ca/cb9514a4b3d7b2fbe7e26174823d822a40/2062/13808870/1/Nissan-Rogue-2026.jpg'},{url:'https://imagescdn.d2cmedia.ca/s89514a4b3d7b2fbe7e26174823d822a40/2062/13808870/1/Nissan-Rogue-2026.jpg'},{url:'https://imagescdn.d2cmedia.ca/cb9514a4b3d7b2fbe7e26174823d822a40/2062/13808870/2/Nissan-Rogue-2026.jpg'},{url:'https://imagescdn.d2cmedia.ca/cb9514a4b3d7b2fbe7e26174823d822a40/2062/13808870/3/Nissan-Rogue-2026.jpg'},{url:'https://imagescdn.d2cmedia.ca/cb9514a4b3d7b2fbe7e26174823d822a40/2062/13808870/4/Nissan-Rogue-2026.jpg'},{url:'https://imagescdn.d2cmedia.ca/cb9514a4b3d7b2fbe7e26174823d822a40/2062/13808870/5/Nissan-Rogue-2026.jpg'},{url:'https://imagescdn.d2cmedia.ca/cb9514a4b3d7b2fbe7e26174823d822a40/2062/13808870/6/Nissan-Rogue-2026.jpg'},{url:'https://imagescdn.d2cmedia.ca/cb9514a4b3d7b2fbe7e26174823d822a40/2062/13808870/7/Nissan-Rogue-2026.jpg'},{url:'https://imagescdn.d2cmedia.ca/cb9514a4b3d7b2fbe7e26174823d822a40/2062/13808870/8/Nissan-Rogue-2026.jpg'},{url:'https://imagescdn.d2cmedia.ca/cb9514a4b3d7b2fbe7e26174823d822a40/2062/13808870/9/Nissan-Rogue-2026.jpg'}]",11000,KM,https://www.altanissanrh.com/demos/2026-Nissan-Rogue-id13808870.html,2026 Nissan Rogue AWD PLATINUM | DEMO | Clean Carfax at Alta Nissan Richmond Hill,44316 CAD,Used,Grey,Black,2062,Alta Nissan Richmond Hill,+1-905-780-7771,"{addr1: '11667 Yonge St.', city: 'Richmond Hill', region: 'Ontario', postal_code: 'L4E 3N8', country: 'CA'}",43.9028000000,-79.4448000000,,,,,https://www.altanissanrh.com/privacy-policy.html,Used,2062,In stock,,44316 CAD,Free,
JN8AY3CC9T9215997,JN8AY3CC9T9215997,RY26A005-demo,Nissan,Armada,4x4 Platinum Reserve | DEMO UNIT | Clean Carfax,2026,AUTOMATIC,SUV,GASOLINE,FOUR_WHEEL_DRIVE,"2026 Nissan Armada 4x4 Platinum Reserve | DEMO UNIT | Clean Carfax, White exterior, Four-wheel drive","[{url:'https://imagescdn.d2cmedia.ca/cb7c321f2e13ba66b7c44153dd3a0195d4/2062/13808871/1/Nissan-Armada-2026.jpg'},{url:'https://imagescdn.d2cmedia.ca/s87c321f2e13ba66b7c44153dd3a0195d4/2062/13808871/1/Nissan-Armada-2026.jpg'},{url:'https://imagescdn.d2cmedia.ca/cb7c321f2e13ba66b7c44153dd3a0195d4/2062/13808871/2/Nissan-Armada-2026.jpg'},{url:'https://imagescdn.d2cmedia.ca/cb7c321f2e13ba66b7c44153dd3a0195d4/2062/13808871/3/Nissan-Armada-2026.jpg'},{url:'https://imagescdn.d2cmedia.ca/cb7c321f2e13ba66b7c44153dd3a0195d4/2062/13808871/4/Nissan-Armada-2026.jpg'},{url:'https://imagescdn.d2cmedia.ca/cb7c321f2e13ba66b7c44153dd3a0195d4/2062/13808871/5/Nissan-Armada-2026.jpg'},{url:'https://imagescdn.d2cmedia.ca/cb7c321f2e13ba66b7c44153dd3a0195d4/2062/13808871/6/Nissan-Armada-2026.jpg'},{url:'https://imagescdn.d2cmedia.ca/cb7c321f2e13ba66b7c44153dd3a0195d4/2062/13808871/7/Nissan-Armada-2026.jpg'},{url:'https://imagescdn.d2cmedia.ca/cb7c321f2e13ba66b7c44153dd3a0195d4/2062/13808871/8/Nissan-Armada-2026.jpg'},{url:'https://imagescdn.d2cmedia.ca/cb7c321f2e13ba66b7c44153dd3a0195d4/2062/13808871/9/Nissan-Armada-2026.jpg'}]",12828,KM,https://www.altanissanrh.com/demos/2026-Nissan-Armada-id13808871.html,2026 Nissan Armada 4x4 Platinum Reserve | DEMO UNIT | Clean Carfax at Alta Nissan Richmond Hill,93672 CAD,Used,White,Brown,2062,Alta Nissan Richmond Hill,+1-905-780-7771,"{addr1: '11667 Yonge St.', city: 'Richmond Hill', region: 'Ontario', postal_code: 'L4E 3N8', country: 'CA'}",43.9028000000,-79.4448000000,,,,,https://www.altanissanrh.com/privacy-policy.html,Used,2062,In stock,,93672 CAD,Free,
JN8BT3DDXTW486837,JN8BT3DDXTW486837,RY26R172-new,Nissan,Rogue,Awd Platinum,2026,AUTOMATIC,SUV,GASOLINE,AWD,"2026 Nissan Rogue Awd Platinum, Grey exterior, All-wheel drive","[{url:'https://imagescdn.d2cmedia.ca/cb280558f5e6cc282bf89acaabb047160a/2062/13893197/1/Nissan-Rogue-2026.jpg'},{url:'https://imagescdn.d2cmedia.ca/s8280558f5e6cc282bf89acaabb047160a/2062/13893197/1/Nissan-Rogue-2026.jpg'},{url:'https://imagescdn.d2cmedia.ca/cb280558f5e6cc282bf89acaabb047160a/2062/13893197/2/Nissan-Rogue-2026.jpg'},{url:'https://imagescdn.d2cmedia.ca/cb280558f5e6cc282bf89acaabb047160a/2062/13893197/3/Nissan-Rogue-2026.jpg'},{url:'https://imagescdn.d2cmedia.ca/cb280558f5e6cc282bf89acaabb047160a/2062/13893197/4/Nissan-Rogue-2026.jpg'},{url:'https://imagescdn.d2cmedia.ca/cb280558f5e6cc282bf89acaabb047160a/2062/13893197/5/Nissan-Rogue-2026.jpg'},{url:'https://imagescdn.d2cmedia.ca/cb280558f5e6cc282bf89acaabb047160a/2062/13893197/6/Nissan-Rogue-2026.jpg'},{url:'https://imagescdn.d2cmedia.ca/cb280558f5e6cc282bf89acaabb047160a/2062/13893197/7/Nissan-Rogue-2026.jpg'},{url:'https://imagescdn.d2cmedia.ca/cb280558f5e6cc282bf89acaabb047160a/2062/13893197/8/Nissan-Rogue-2026.jpg'},{url:'https://imagescdn.d2cmedia.ca/cb280558f5e6cc282bf89acaabb047160a/2062/13893197/9/Nissan-Rogue-2026.jpg'}]",50,KM,https://www.altanissanrh.com/new/inventory/2026-Nissan-Rogue-id13893197.html,2026 Nissan Rogue Awd Platinum at Alta Nissan Richmond Hill,44316 CAD,New,Grey,Dark grey,2062,Alta Nissan Richmond Hill,+1-905-780-7771,"{addr1: '11667 Yonge St.', city: 'Richmond Hill', region: 'Ontario', postal_code: 'L4E 3N8', country: 'CA'}",43.9028000000,-79.4448000000,,,,,https://www.altanissanrh.com/privacy-policy.html,New,2062,In stock,,44316 CAD,Free,
JN8BT3DD7TW487248,JN8BT3DD7TW487248,RY26R180-new,Nissan,Rogue,Awd Platinum,2026,AUTOMATIC,SUV,GASOLINE,AWD,"2026 Nissan Rogue Awd Platinum, Grey exterior, All-wheel drive","[{url:'https://imagescdn.d2cmedia.ca/cbf75e13274d24bbb6b1b1a0d4c455bc4e/2062/13920670/1/Nissan-Rogue-2026.jpg'},{url:'https://imagescdn.d2cmedia.ca/s8f75e13274d24bbb6b1b1a0d4c455bc4e/2062/13920670/1/Nissan-Rogue-2026.jpg'},{url:'https://imagescdn.d2cmedia.ca/cbf75e13274d24bbb6b1b1a0d4c455bc4e/2062/13920670/2/Nissan-Rogue-2026.jpg'},{url:'https://imagescdn.d2cmedia.ca/cbf75e13274d24bbb6b1b1a0d4c455bc4e/2062/13920670/3/Nissan-Rogue-2026.jpg'},{url:'https://imagescdn.d2cmedia.ca/cbf75e13274d24bbb6b1b1a0d4c455bc4e/2062/13920670/4/Nissan-Rogue-2026.jpg'},{url:'https://imagescdn.d2cmedia.ca/cbf75e13274d24bbb6b1b1a0d4c455bc4e/2062/13920670/5/Nissan-Rogue-2026.jpg'},{url:'https://imagescdn.d2cmedia.ca/cbf75e13274d24bbb6b1b1a0d4c455bc4e/2062/13920670/6/Nissan-Rogue-2026.jpg'},{url:'https://imagescdn.d2cmedia.ca/cbf75e13274d24bbb6b1b1a0d4c455bc4e/2062/13920670/7/Nissan-Rogue-2026.jpg'},{url:'https://imagescdn.d2cmedia.ca/cbf75e13274d24bbb6b1b1a0d4c455bc4e/2062/13920670/8/Nissan-Rogue-2026.jpg'},{url:'https://imagescdn.d2cmedia.ca/cbf75e13274d24bbb6b1b1a0d4c455bc4e/2062/13920670/9/Nissan-Rogue-2026.jpg'}]",50,KM,https://www.altanissanrh.com/new/inventory/2026-Nissan-Rogue-id13920670.html,2026 Nissan Rogue Awd Platinum at Alta Nissan Richmond Hill,44316 CAD,New,Grey,Dark grey,2062,Alta Nissan Richmond Hill,+1-905-780-7771,"{addr1: '11667 Yonge St.', city: 'Richmond Hill', region: 'Ontario', postal_code: 'L4E 3N8', country: 'CA'}",43.9028000000,-79.4448000000,,,,,https://www.altanissanrh.com/privacy-policy.html,New,2062,In stock,,44316 CAD,Free,
JN8BT3DD1TW486855,JN8BT3DD1TW486855,RY26R190-new,Nissan,Rogue,Awd Platinum,2026,AUTOMATIC,SUV,GASOLINE,AWD,"2026 Nissan Rogue Awd Platinum, Grey exterior, All-wheel drive","[{url:'https://imagescdn.d2cmedia.ca/cbe190864317823d4e73d9f1f7cc308258/2062/13950600/1/Nissan-Rogue-2026.jpg'},{url:'https://imagescdn.d2cmedia.ca/s8e190864317823d4e73d9f1f7cc308258/2062/13950600/1/Nissan-Rogue-2026.jpg'},{url:'https://imagescdn.d2cmedia.ca/cbe190864317823d4e73d9f1f7cc308258/2062/13950600/2/Nissan-Rogue-2026.jpg'},{url:'https://imagescdn.d2cmedia.ca/cbe190864317823d4e73d9f1f7cc308258/2062/13950600/3/Nissan-Rogue-2026.jpg'},{url:'https://imagescdn.d2cmedia.ca/cbe190864317823d4e73d9f1f7cc308258/2062/13950600/4/Nissan-Rogue-2026.jpg'},{url:'https://imagescdn.d2cmedia.ca/cbe190864317823d4e73d9f1f7cc308258/2062/13950600/5/Nissan-Rogue-2026.jpg'},{url:'https://imagescdn.d2cmedia.ca/cbe190864317823d4e73d9f1f7cc308258/2062/13950600/6/Nissan-Rogue-2026.jpg'},{url:'https://imagescdn.d2cmedia.ca/cbe190864317823d4e73d9f1f7cc308258/2062/13950600/7/Nissan-Rogue-2026.jpg'},{url:'https://imagescdn.d2cmedia.ca/cbe190864317823d4e73d9f1f7cc308258/2062/13950600/8/Nissan-Rogue-2026.jpg'},{url:'https://imagescdn.d2cmedia.ca/cbe190864317823d4e73d9f1f7cc308258/2062/13950600/9/Nissan-Rogue-2026.jpg'}]",50,KM,https://www.altanissanrh.com/new/inventory/2026-Nissan-Rogue-id13950600.html,2026 Nissan Rogue Awd Platinum at Alta Nissan Richmond Hill,44316 CAD,New,Grey,Dark grey,2062,Alta Nissan Richmond Hill,+1-905-780-7771,"{addr1: '11667 Yonge St.', city: 'Richmond Hill', region: 'Ontario', postal_code: 'L4E 3N8', country: 'CA'}",43.9028000000,-79.4448000000,,,,,https://www.altanissanrh.com/privacy-policy.html,New,2062,In stock,,44316 CAD,Free,
JN8BT3DD1TW487617,JN8BT3DD1TW487617,RY26R201-new,Nissan,Rogue,Awd Platinum,2026,AUTOMATIC,SUV,GASOLINE,AWD,"2026 Nissan Rogue Awd Platinum, White exterior, All-wheel drive","[{url:'https://imagescdn.d2cmedia.ca/cb95294e12bcc24eb2d0a0d634a226b5cd/2062/13988438/1/Nissan-Rogue-2026.jpg'},{url:'https://imagescdn.d2cmedia.ca/s895294e12bcc24eb2d0a0d634a226b5cd/2062/13988438/1/Nissan-Rogue-2026.jpg'},{url:'https://imagescdn.d2cmedia.ca/cb95294e12bcc24eb2d0a0d634a226b5cd/2062/13988438/2/Nissan-Rogue-2026.jpg'},{url:'https://imagescdn.d2cmedia.ca/cb95294e12bcc24eb2d0a0d634a226b5cd/2062/13988438/3/Nissan-Rogue-2026.jpg'},{url:'https://imagescdn.d2cmedia.ca/cb95294e12bcc24eb2d0a0d634a226b5cd/2062/13988438/4/Nissan-Rogue-2026.jpg'},{url:'https://imagescdn.d2cmedia.ca/cb95294e12bcc24eb2d0a0d634a226b5cd/2062/13988438/5/Nissan-Rogue-2026.jpg'},{url:'https://imagescdn.d2cmedia.ca/cb95294e12bcc24eb2d0a0d634a226b5cd/2062/13988438/6/Nissan-Rogue-2026.jpg'},{url:'https://imagescdn.d2cmedia.ca/cb95294e12bcc24eb2d0a0d634a226b5cd/2062/13988438/7/Nissan-Rogue-2026.jpg'},{url:'https://imagescdn.d2cmedia.ca/cb95294e12bcc24eb2d0a0d634a226b5cd/2062/13988438/8/Nissan-Rogue-2026.jpg'},{url:'https://imagescdn.d2cmedia.ca/cb95294e12bcc24eb2d0a0d634a226b5cd/2062/13988438/9/Nissan-Rogue-2026.jpg'}]",50,KM,https://www.altanissanrh.com/new/inventory/2026-Nissan-Rogue-id13988438.html,2026 Nissan Rogue Awd Platinum at Alta Nissan Richmond Hill,44316 CAD,New,White,Dark grey,2062,Alta Nissan Richmond Hill,+1-905-780-7771,"{addr1: '11667 Yonge St.', city: 'Richmond Hill', region: 'Ontario', postal_code: 'L4E 3N8', country: 'CA'}",43.9028000000,-79.4448000000,,,,,https://www.altanissanrh.com/privacy-policy.html,New,2062,In stock,,44316 CAD,Free,
JN8BT3DD8TW487503,JN8BT3DD8TW487503,RY26R209-new,Nissan,Rogue,Awd Platinum,2026,AUTOMATIC,SUV,GASOLINE,AWD,"2026 Nissan Rogue Awd Platinum, White exterior, All-wheel drive","[{url:'https://imagescdn.d2cmedia.ca/cbd773e7196fa5089d26385e79ecab5c3b/2062/14009905/1/Nissan-Rogue-2026.jpg'},{url:'https://imagescdn.d2cmedia.ca/s8d773e7196fa5089d26385e79ecab5c3b/2062/14009905/1/Nissan-Rogue-2026.jpg'},{url:'https://imagescdn.d2cmedia.ca/cbd773e7196fa5089d26385e79ecab5c3b/2062/14009905/2/Nissan-Rogue-2026.jpg'},{url:'https://imagescdn.d2cmedia.ca/cbd773e7196fa5089d26385e79ecab5c3b/2062/14009905/3/Nissan-Rogue-2026.jpg'},{url:'https://imagescdn.d2cmedia.ca/cbd773e7196fa5089d26385e79ecab5c3b/2062/14009905/4/Nissan-Rogue-2026.jpg'},{url:'https://imagescdn.d2cmedia.ca/cbd773e7196fa5089d26385e79ecab5c3b/2062/14009905/5/Nissan-Rogue-2026.jpg'},{url:'https://imagescdn.d2cmedia.ca/cbd773e7196fa5089d26385e79ecab5c3b/2062/14009905/6/Nissan-Rogue-2026.jpg'},{url:'https://imagescdn.d2cmedia.ca/cbd773e7196fa5089d26385e79ecab5c3b/2062/14009905/7/Nissan-Rogue-2026.jpg'},{url:'https://imagescdn.d2cmedia.ca/cbd773e7196fa5089d26385e79ecab5c3b/2062/14009905/8/Nissan-Rogue-2026.jpg'},{url:'https://imagescdn.d2cmedia.ca/cbd773e7196fa5089d26385e79ecab5c3b/2062/14009905/9/Nissan-Rogue-2026.jpg'}]",50,KM,https://www.altanissanrh.com/new/inventory/2026-Nissan-Rogue-id14009905.html,2026 Nissan Rogue Awd Platinum at Alta Nissan Richmond Hill,44316 CAD,New,White,Dark grey,2062,Alta Nissan Richmond Hill,+1-905-780-7771,"{addr1: '11667 Yonge St.', city: 'Richmond Hill', region: 'Ontario', postal_code: 'L4E 3N8', country: 'CA'}",43.9028000000,-79.4448000000,,,,,https://www.altanissanrh.com/privacy-policy.html,New,2062,In stock,,44316 CAD,Free,
JN8BT3DD0TW487656,JN8BT3DD0TW487656,RY26R213-new,Nissan,Rogue,Awd Platinum,2026,AUTOMATIC,SUV,GASOLINE,AWD,"2026 Nissan Rogue Awd Platinum, Grey exterior, All-wheel drive","[{url:'https://imagescdn.d2cmedia.ca/cba57c3f8ccbb4d6484f79872644c3a234/2062/14009907/1/Nissan-Rogue-2026.jpg'},{url:'https://imagescdn.d2cmedia.ca/s8a57c3f8ccbb4d6484f79872644c3a234/2062/14009907/1/Nissan-Rogue-2026.jpg'},{url:'https://imagescdn.d2cmedia.ca/cba57c3f8ccbb4d6484f79872644c3a234/2062/14009907/2/Nissan-Rogue-2026.jpg'},{url:'https://imagescdn.d2cmedia.ca/cba57c3f8ccbb4d6484f79872644c3a234/2062/14009907/3/Nissan-Rogue-2026.jpg'},{url:'https://imagescdn.d2cmedia.ca/cba57c3f8ccbb4d6484f79872644c3a234/2062/14009907/4/Nissan-Rogue-2026.jpg'},{url:'https://imagescdn.d2cmedia.ca/cba57c3f8ccbb4d6484f79872644c3a234/2062/14009907/5/Nissan-Rogue-2026.jpg'},{url:'https://imagescdn.d2cmedia.ca/cba57c3f8ccbb4d6484f79872644c3a234/2062/14009907/6/Nissan-Rogue-2026.jpg'},{url:'https://imagescdn.d2cmedia.ca/cba57c3f8ccbb4d6484f79872644c3a234/2062/14009907/7/Nissan-Rogue-2026.jpg'},{url:'https://imagescdn.d2cmedia.ca/cba57c3f8ccbb4d6484f79872644c3a234/2062/14009907/8/Nissan-Rogue-2026.jpg'},{url:'https://imagescdn.d2cmedia.ca/cba57c3f8ccbb4d6484f79872644c3a234/2062/14009907/9/Nissan-Rogue-2026.jpg'}]",50,KM,https://www.altanissanrh.com/new/inventory/2026-Nissan-Rogue-id14009907.html,2026 Nissan Rogue Awd Platinum at Alta Nissan Richmond Hill,44316 CAD,New,Grey,Dark grey,2062,Alta Nissan Richmond Hill,+1-905-780-7771,"{addr1: '11667 Yonge St.', city: 'Richmond Hill', region: 'Ontario', postal_code: 'L4E 3N8', country: 'CA'}",43.9028000000,-79.4448000000,,,,,https://www.altanissanrh.com/privacy-policy.html,New,2062,In stock,,44316 CAD,Free,
JN8BT3DD4TW325237,JN8BT3DD4TW325237,RY26R273-new,Nissan,Rogue,Awd Platinum,2026,AUTOMATIC,SUV,GASOLINE,AWD,"2026 Nissan Rogue Awd Platinum, Blue exterior, All-wheel drive","[{url:'https://imagescdn.d2cmedia.ca/cbe8712725d3e817ec5aae6e69dd5d7cda/2062/14284547/1/Nissan-Rogue-2026.jpg'},{url:'https://imagescdn.d2cmedia.ca/s8e8712725d3e817ec5aae6e69dd5d7cda/2062/14284547/1/Nissan-Rogue-2026.jpg'},{url:'https://imagescdn.d2cmedia.ca/cbe8712725d3e817ec5aae6e69dd5d7cda/2062/14284547/2/Nissan-Rogue-2026.jpg'},{url:'https://imagescdn.d2cmedia.ca/cbe8712725d3e817ec5aae6e69dd5d7cda/2062/14284547/3/Nissan-Rogue-2026.jpg'},{url:'https://imagescdn.d2cmedia.ca/cbe8712725d3e817ec5aae6e69dd5d7cda/2062/14284547/4/Nissan-Rogue-2026.jpg'},{url:'https://imagescdn.d2cmedia.ca/cbe8712725d3e817ec5aae6e69dd5d7cda/2062/14284547/5/Nissan-Rogue-2026.jpg'},{url:'https://imagescdn.d2cmedia.ca/cbe8712725d3e817ec5aae6e69dd5d7cda/2062/14284547/6/Nissan-Rogue-2026.jpg'},{url:'https://imagescdn.d2cmedia.ca/cbe8712725d3e817ec5aae6e69dd5d7cda/2062/14284547/7/Nissan-Rogue-2026.jpg'},{url:'https://imagescdn.d2cmedia.ca/cbe8712725d3e817ec5aae6e69dd5d7cda/2062/14284547/8/Nissan-Rogue-2026.jpg'},{url:'https://imagescdn.d2cmedia.ca/cbe8712725d3e817ec5aae6e69dd5d7cda/2062/14284547/9/Nissan-Rogue-2026.jpg'}]",50,KM,https://www.altanissanrh.com/new/inventory/2026-Nissan-Rogue-id14284547.html,2026 Nissan Rogue Awd Platinum at Alta Nissan Richmond Hill,44316 CAD,New,Blue,Brown,2062,Alta Nissan Richmond Hill,+1-905-780-7771,"{addr1: '11667 Yonge St.', city: 'Richmond Hill', region: 'Ontario', postal_code: 'L4E 3N8', country: 'CA'}",43.9028000000,-79.4448000000,,,,,https://www.altanissanrh.com/privacy-policy.html,New,2062,In stock,,44316 CAD,Free,
JN8BT3DD6TW326163,JN8BT3DD6TW326163,RY26R287-new,Nissan,Rogue,Awd Platinum,2026,AUTOMATIC,SUV,GASOLINE,AWD,"2026 Nissan Rogue Awd Platinum, Blue exterior, All-wheel drive","[{url:'https://imagescdn.d2cmedia.ca/cb80ab95ebd827031144e7b69e95743c80/2062/14289748/1/Nissan-Rogue-2026.jpg'},{url:'https://imagescdn.d2cmedia.ca/s880ab95ebd827031144e7b69e95743c80/2062/14289748/1/Nissan-Rogue-2026.jpg'},{url:'https://imagescdn.d2cmedia.ca/cb80ab95ebd827031144e7b69e95743c80/2062/14289748/2/Nissan-Rogue-2026.jpg'},{url:'https://imagescdn.d2cmedia.ca/cb80ab95ebd827031144e7b69e95743c80/2062/14289748/3/Nissan-Rogue-2026.jpg'},{url:'https://imagescdn.d2cmedia.ca/cb80ab95ebd827031144e7b69e95743c80/2062/14289748/4/Nissan-Rogue-2026.jpg'},{url:'https://imagescdn.d2cmedia.ca/cb80ab95ebd827031144e7b69e95743c80/2062/14289748/5/Nissan-Rogue-2026.jpg'},{url:'https://imagescdn.d2cmedia.ca/cb80ab95ebd827031144e7b69e95743c80/2062/14289748/6/Nissan-Rogue-2026.jpg'},{url:'https://imagescdn.d2cmedia.ca/cb80ab95ebd827031144e7b69e95743c80/2062/14289748/7/Nissan-Rogue-2026.jpg'},{url:'https://imagescdn.d2cmedia.ca/cb80ab95ebd827031144e7b69e95743c80/2062/14289748/8/Nissan-Rogue-2026.jpg'},{url:'https://imagescdn.d2cmedia.ca/cb80ab95ebd827031144e7b69e95743c80/2062/14289748/9/Nissan-Rogue-2026.jpg'}]",50,KM,https://www.altanissanrh.com/new/inventory/2026-Nissan-Rogue-id14289748.html,2026 Nissan Rogue Awd Platinum at Alta Nissan Richmond Hill,44316 CAD,New,Blue,Brown,2062,Alta Nissan Richmond Hill,+1-905-780-7771,"{addr1: '11667 Yonge St.', city: 'Richmond Hill', region: 'Ontario', postal_code: 'L4E 3N8', country: 'CA'}",43.9028000000,-79.4448000000,,,,,https://www.altanissanrh.com/privacy-policy.html,New,2062,In stock,,44316 CAD,Free,
JN8BT3DD4TW324881,JN8BT3DD4TW324881,RY26R294-new,Nissan,Rogue,Awd Platinum,2026,AUTOMATIC,SUV,GASOLINE,AWD,"2026 Nissan Rogue Awd Platinum, White exterior, All-wheel drive","[{url:'https://imagescdn.d2cmedia.ca/cbec44d8b2c9ec5f384c4f1151f7735d80/2062/14289755/1/Nissan-Rogue-2026.jpg'},{url:'https://imagescdn.d2cmedia.ca/s8ec44d8b2c9ec5f384c4f1151f7735d80/2062/14289755/1/Nissan-Rogue-2026.jpg'},{url:'https://imagescdn.d2cmedia.ca/cbec44d8b2c9ec5f384c4f1151f7735d80/2062/14289755/2/Nissan-Rogue-2026.jpg'},{url:'https://imagescdn.d2cmedia.ca/cbec44d8b2c9ec5f384c4f1151f7735d80/2062/14289755/3/Nissan-Rogue-2026.jpg'},{url:'https://imagescdn.d2cmedia.ca/cbec44d8b2c9ec5f384c4f1151f7735d80/2062/14289755/4/Nissan-Rogue-2026.jpg'},{url:'https://imagescdn.d2cmedia.ca/cbec44d8b2c9ec5f384c4f1151f7735d80/2062/14289755/5/Nissan-Rogue-2026.jpg'},{url:'https://imagescdn.d2cmedia.ca/cbec44d8b2c9ec5f384c4f1151f7735d80/2062/14289755/6/Nissan-Rogue-2026.jpg'},{url:'https://imagescdn.d2cmedia.ca/cbec44d8b2c9ec5f384c4f1151f7735d80/2062/14289755/7/Nissan-Rogue-2026.jpg'},{url:'https://imagescdn.d2cmedia.ca/cbec44d8b2c9ec5f384c4f1151f7735d80/2062/14289755/8/Nissan-Rogue-2026.jpg'},{url:'https://imagescdn.d2cmedia.ca/cbec44d8b2c9ec5f384c4f1151f7735d80/2062/14289755/9/Nissan-Rogue-2026.jpg'}]",50,KM,https://www.altanissanrh.com/new/inventory/2026-Nissan-Rogue-id14289755.html,2026 Nissan Rogue Awd Platinum at Alta Nissan Richmond Hill,44316 CAD,New,White,Dark grey,2062,Alta Nissan Richmond Hill,+1-905-780-7771,"{addr1: '11667 Yonge St.', city: 'Richmond Hill', region: 'Ontario', postal_code: 'L4E 3N8', country: 'CA'}",43.9028000000,-79.4448000000,,,,,https://www.altanissanrh.com/privacy-policy.html,New,2062,In stock,,44316 CAD,Free,
JN8BT3DD0TW010029,JN8BT3DD0TW010029,RY26R295-new,Nissan,Rogue,Awd Platinum,2026,AUTOMATIC,SUV,GASOLINE,AWD,"2026 Nissan Rogue Awd Platinum, Blue exterior, All-wheel drive","[{url:'https://imagescdn.d2cmedia.ca/cbf3233d853a9a25d75b97531e46fb38f0/2062/14289756/1/Nissan-Rogue-2026.jpg'},{url:'https://imagescdn.d2cmedia.ca/s8f3233d853a9a25d75b97531e46fb38f0/2062/14289756/1/Nissan-Rogue-2026.jpg'},{url:'https://imagescdn.d2cmedia.ca/cbf3233d853a9a25d75b97531e46fb38f0/2062/14289756/2/Nissan-Rogue-2026.jpg'},{url:'https://imagescdn.d2cmedia.ca/cbf3233d853a9a25d75b97531e46fb38f0/2062/14289756/3/Nissan-Rogue-2026.jpg'},{url:'https://imagescdn.d2cmedia.ca/cbf3233d853a9a25d75b97531e46fb38f0/2062/14289756/4/Nissan-Rogue-2026.jpg'},{url:'https://imagescdn.d2cmedia.ca/cbf3233d853a9a25d75b97531e46fb38f0/2062/14289756/5/Nissan-Rogue-2026.jpg'},{url:'https://imagescdn.d2cmedia.ca/cbf3233d853a9a25d75b97531e46fb38f0/2062/14289756/6/Nissan-Rogue-2026.jpg'},{url:'https://imagescdn.d2cmedia.ca/cbf3233d853a9a25d75b97531e46fb38f0/2062/14289756/7/Nissan-Rogue-2026.jpg'},{url:'https://imagescdn.d2cmedia.ca/cbf3233d853a9a25d75b97531e46fb38f0/2062/14289756/8/Nissan-Rogue-2026.jpg'},{url:'https://imagescdn.d2cmedia.ca/cbf3233d853a9a25d75b97531e46fb38f0/2062/14289756/9/Nissan-Rogue-2026.jpg'}]",50,KM,https://www.altanissanrh.com/new/inventory/2026-Nissan-Rogue-id14289756.html,2026 Nissan Rogue Awd Platinum at Alta Nissan Richmond Hill,44316 CAD,New,Blue,Brown,2062,Alta Nissan Richmond Hill,+1-905-780-7771,"{addr1: '11667 Yonge St.', city: 'Richmond Hill', region: 'Ontario', postal_code: 'L4E 3N8', country: 'CA'}",43.9028000000,-79.4448000000,,,,,https://www.altanissanrh.com/privacy-policy.html,New,2062,In stock,,44316 CAD,Free,
JN8BT3DD5TW325182,JN8BT3DD5TW325182,RY26R298-new,Nissan,Rogue,Awd Platinum,2026,AUTOMATIC,SUV,GASOLINE,AWD,"2026 Nissan Rogue Awd Platinum, Grey exterior, All-wheel drive","[{url:'https://imagescdn.d2cmedia.ca/cb93ce39f3e9367e71bc3a76e7c770ad35/2062/14289759/1/Nissan-Rogue-2026.jpg'},{url:'https://imagescdn.d2cmedia.ca/s893ce39f3e9367e71bc3a76e7c770ad35/2062/14289759/1/Nissan-Rogue-2026.jpg'},{url:'https://imagescdn.d2cmedia.ca/cb93ce39f3e9367e71bc3a76e7c770ad35/2062/14289759/2/Nissan-Rogue-2026.jpg'},{url:'https://imagescdn.d2cmedia.ca/cb93ce39f3e9367e71bc3a76e7c770ad35/2062/14289759/3/Nissan-Rogue-2026.jpg'},{url:'https://imagescdn.d2cmedia.ca/cb93ce39f3e9367e71bc3a76e7c770ad35/2062/14289759/4/Nissan-Rogue-2026.jpg'},{url:'https://imagescdn.d2cmedia.ca/cb93ce39f3e9367e71bc3a76e7c770ad35/2062/14289759/5/Nissan-Rogue-2026.jpg'},{url:'https://imagescdn.d2cmedia.ca/cb93ce39f3e9367e71bc3a76e7c770ad35/2062/14289759/6/Nissan-Rogue-2026.jpg'},{url:'https://imagescdn.d2cmedia.ca/cb93ce39f3e9367e71bc3a76e7c770ad35/2062/14289759/7/Nissan-Rogue-2026.jpg'},{url:'https://imagescdn.d2cmedia.ca/cb93ce39f3e9367e71bc3a76e7c770ad35/2062/14289759/8/Nissan-Rogue-2026.jpg'},{url:'https://imagescdn.d2cmedia.ca/cb93ce39f3e9367e71bc3a76e7c770ad35/2062/14289759/9/Nissan-Rogue-2026.jpg'}]",50,KM,https://www.altanissanrh.com/new/inventory/2026-Nissan-Rogue-id14289759.html,2026 Nissan Rogue Awd Platinum at Alta Nissan Richmond Hill,44316 CAD,New,Grey,Brown,2062,Alta Nissan Richmond Hill,+1-905-780-7771,"{addr1: '11667 Yonge St.', city: 'Richmond Hill', region: 'Ontario', postal_code: 'L4E 3N8', country: 'CA'}",43.9028000000,-79.4448000000,,,,,https://www.altanissanrh.com/privacy-policy.html,New,2062,In stock,,44316 CAD,Free,
JN8BT3DD0TW325719,JN8BT3DD0TW325719,RY26R304-new,Nissan,Rogue,Awd Platinum,2026,AUTOMATIC,SUV,GASOLINE,AWD,"2026 Nissan Rogue Awd Platinum, White exterior, All-wheel drive","[{url:'https://imagescdn.d2cmedia.ca/cbe0a10ce42fc902d447117b8c5e0672be/2062/14295388/1/Nissan-Rogue-2026.jpg'},{url:'https://imagescdn.d2cmedia.ca/s8e0a10ce42fc902d447117b8c5e0672be/2062/14295388/1/Nissan-Rogue-2026.jpg'},{url:'https://imagescdn.d2cmedia.ca/cbe0a10ce42fc902d447117b8c5e0672be/2062/14295388/2/Nissan-Rogue-2026.jpg'},{url:'https://imagescdn.d2cmedia.ca/cbe0a10ce42fc902d447117b8c5e0672be/2062/14295388/3/Nissan-Rogue-2026.jpg'},{url:'https://imagescdn.d2cmedia.ca/cbe0a10ce42fc902d447117b8c5e0672be/2062/14295388/4/Nissan-Rogue-2026.jpg'},{url:'https://imagescdn.d2cmedia.ca/cbe0a10ce42fc902d447117b8c5e0672be/2062/14295388/5/Nissan-Rogue-2026.jpg'},{url:'https://imagescdn.d2cmedia.ca/cbe0a10ce42fc902d447117b8c5e0672be/2062/14295388/6/Nissan-Rogue-2026.jpg'},{url:'https://imagescdn.d2cmedia.ca/cbe0a10ce42fc902d447117b8c5e0672be/2062/14295388/7/Nissan-Rogue-2026.jpg'},{url:'https://imagescdn.d2cmedia.ca/cbe0a10ce42fc902d447117b8c5e0672be/2062/14295388/8/Nissan-Rogue-2026.jpg'},{url:'https://imagescdn.d2cmedia.ca/cbe0a10ce42fc902d447117b8c5e0672be/2062/14295388/9/Nissan-Rogue-2026.jpg'}]",50,KM,https://www.altanissanrh.com/new/inventory/2026-Nissan-Rogue-id14295388.html,2026 Nissan Rogue Awd Platinum at Alta Nissan Richmond Hill,44316 CAD,New,White,Dark grey,2062,Alta Nissan Richmond Hill,+1-905-780-7771,"{addr1: '11667 Yonge St.', city: 'Richmond Hill', region: 'Ontario', postal_code: 'L4E 3N8', country: 'CA'}",43.9028000000,-79.4448000000,,,,,https://www.altanissanrh.com/privacy-policy.html,New,2062,In stock,,44316 CAD,Free,
JN8BT3DD3TW325827,JN8BT3DD3TW325827,RY26R307-new,Nissan,Rogue,Awd Platinum,2026,AUTOMATIC,SUV,GASOLINE,AWD,"2026 Nissan Rogue Awd Platinum, Silver exterior, All-wheel drive","[{url:'https://imagescdn.d2cmedia.ca/cb2422945ea854967f21a966cfebc388e6/2062/14295391/1/Nissan-Rogue-2026.jpg'},{url:'https://imagescdn.d2cmedia.ca/s82422945ea854967f21a966cfebc388e6/2062/14295391/1/Nissan-Rogue-2026.jpg'},{url:'https://imagescdn.d2cmedia.ca/cb2422945ea854967f21a966cfebc388e6/2062/14295391/2/Nissan-Rogue-2026.jpg'},{url:'https://imagescdn.d2cmedia.ca/cb2422945ea854967f21a966cfebc388e6/2062/14295391/3/Nissan-Rogue-2026.jpg'},{url:'https://imagescdn.d2cmedia.ca/cb2422945ea854967f21a966cfebc388e6/2062/14295391/4/Nissan-Rogue-2026.jpg'},{url:'https://imagescdn.d2cmedia.ca/cb2422945ea854967f21a966cfebc388e6/2062/14295391/5/Nissan-Rogue-2026.jpg'},{url:'https://imagescdn.d2cmedia.ca/cb2422945ea854967f21a966cfebc388e6/2062/14295391/6/Nissan-Rogue-2026.jpg'},{url:'https://imagescdn.d2cmedia.ca/cb2422945ea854967f21a966cfebc388e6/2062/14295391/7/Nissan-Rogue-2026.jpg'},{url:'https://imagescdn.d2cmedia.ca/cb2422945ea854967f21a966cfebc388e6/2062/14295391/8/Nissan-Rogue-2026.jpg'},{url:'https://imagescdn.d2cmedia.ca/cb2422945ea854967f21a966cfebc388e6/2062/14295391/9/Nissan-Rogue-2026.jpg'}]",50,KM,https://www.altanissanrh.com/new/inventory/2026-Nissan-Rogue-id14295391.html,2026 Nissan Rogue Awd Platinum at Alta Nissan Richmond Hill,44316 CAD,New,Silver,Dark grey,2062,Alta Nissan Richmond Hill,+1-905-780-7771,"{addr1: '11667 Yonge St.', city: 'Richmond Hill', region: 'Ontario', postal_code: 'L4E 3N8', country: 'CA'}",43.9028000000,-79.4448000000,,,,,https://www.altanissanrh.com/privacy-policy.html,New,2062,In stock,,44316 CAD,Free,
JN8BT3DD8TW010652,JN8BT3DD8TW010652,RY26R315-new,Nissan,Rogue,Awd Platinum,2026,AUTOMATIC,SUV,GASOLINE,AWD,"2026 Nissan Rogue Awd Platinum, Blue exterior, All-wheel drive","[{url:'https://imagescdn.d2cmedia.ca/cbd709438eba3fa1e8dfa75e7252da8ab5/2062/14337885/1/Nissan-Rogue-2026.jpg'},{url:'https://imagescdn.d2cmedia.ca/s8d709438eba3fa1e8dfa75e7252da8ab5/2062/14337885/1/Nissan-Rogue-2026.jpg'},{url:'https://imagescdn.d2cmedia.ca/cbd709438eba3fa1e8dfa75e7252da8ab5/2062/14337885/2/Nissan-Rogue-2026.jpg'},{url:'https://imagescdn.d2cmedia.ca/cbd709438eba3fa1e8dfa75e7252da8ab5/2062/14337885/3/Nissan-Rogue-2026.jpg'},{url:'https://imagescdn.d2cmedia.ca/cbd709438eba3fa1e8dfa75e7252da8ab5/2062/14337885/4/Nissan-Rogue-2026.jpg'},{url:'https://imagescdn.d2cmedia.ca/cbd709438eba3fa1e8dfa75e7252da8ab5/2062/14337885/5/Nissan-Rogue-2026.jpg'},{url:'https://imagescdn.d2cmedia.ca/cbd709438eba3fa1e8dfa75e7252da8ab5/2062/14337885/6/Nissan-Rogue-2026.jpg'},{url:'https://imagescdn.d2cmedia.ca/cbd709438eba3fa1e8dfa75e7252da8ab5/2062/14337885/7/Nissan-Rogue-2026.jpg'},{url:'https://imagescdn.d2cmedia.ca/cbd709438eba3fa1e8dfa75e7252da8ab5/2062/14337885/8/Nissan-Rogue-2026.jpg'},{url:'https://imagescdn.d2cmedia.ca/cbd709438eba3fa1e8dfa75e7252da8ab5/2062/14337885/9/Nissan-Rogue-2026.jpg'}]",50,KM,https://www.altanissanrh.com/new/inventory/2026-Nissan-Rogue-id14337885.html,2026 Nissan Rogue Awd Platinum at Alta Nissan Richmond Hill,44316 CAD,New,Blue,Brown,2062,Alta Nissan Richmond Hill,+1-905-780-7771,"{addr1: '11667 Yonge St.', city: 'Richmond Hill', region: 'Ontario', postal_code: 'L4E 3N8', country: 'CA'}",43.9028000000,-79.4448000000,,,,,https://www.altanissanrh.com/privacy-policy.html,New,2062,In stock,,44316 CAD,Free,
JN8BT3DD2TW011201,JN8BT3DD2TW011201,RY26R317-new,Nissan,Rogue,Awd Platinum,2026,AUTOMATIC,SUV,GASOLINE,AWD,"2026 Nissan Rogue Awd Platinum, Grey exterior, All-wheel drive","[{url:'https://imagescdn.d2cmedia.ca/cbb5f4a745a99552180d8b19300c9db46a/2062/14344177/1/Nissan-Rogue-2026.jpg'},{url:'https://imagescdn.d2cmedia.ca/s8b5f4a745a99552180d8b19300c9db46a/2062/14344177/1/Nissan-Rogue-2026.jpg'},{url:'https://imagescdn.d2cmedia.ca/cbb5f4a745a99552180d8b19300c9db46a/2062/14344177/2/Nissan-Rogue-2026.jpg'},{url:'https://imagescdn.d2cmedia.ca/cbb5f4a745a99552180d8b19300c9db46a/2062/14344177/3/Nissan-Rogue-2026.jpg'},{url:'https://imagescdn.d2cmedia.ca/cbb5f4a745a99552180d8b19300c9db46a/2062/14344177/4/Nissan-Rogue-2026.jpg'},{url:'https://imagescdn.d2cmedia.ca/cbb5f4a745a99552180d8b19300c9db46a/2062/14344177/5/Nissan-Rogue-2026.jpg'},{url:'https://imagescdn.d2cmedia.ca/cbb5f4a745a99552180d8b19300c9db46a/2062/14344177/6/Nissan-Rogue-2026.jpg'},{url:'https://imagescdn.d2cmedia.ca/cbb5f4a745a99552180d8b19300c9db46a/2062/14344177/7/Nissan-Rogue-2026.jpg'},{url:'https://imagescdn.d2cmedia.ca/cbb5f4a745a99552180d8b19300c9db46a/2062/14344177/8/Nissan-Rogue-2026.jpg'},{url:'https://imagescdn.d2cmedia.ca/cbb5f4a745a99552180d8b19300c9db46a/2062/14344177/9/Nissan-Rogue-2026.jpg'}]",50,KM,https://www.altanissanrh.com/new/inventory/2026-Nissan-Rogue-id14344177.html,2026 Nissan Rogue Awd Platinum at Alta Nissan Richmond Hill,44316 CAD,New,Grey,Brown,2062,Alta Nissan Richmond Hill,+1-905-780-7771,"{addr1: '11667 Yonge St.', city: 'Richmond Hill', region: 'Ontario', postal_code: 'L4E 3N8', country: 'CA'}",43.9028000000,-79.4448000000,,,,,https://www.altanissanrh.com/privacy-policy.html,New,2062,In stock,,44316 CAD,Free,
JN8BT3DD6TW432208,JN8BT3DD6TW432208,RY26R322-new,Nissan,Rogue,Awd Platinum,2026,AUTOMATIC,SUV,GASOLINE,AWD,"2026 Nissan Rogue Awd Platinum, Grey exterior, All-wheel drive","[{url:'https://imagescdn.d2cmedia.ca/cb779c1be124fea8d0d971198588b61899/2062/14376944/1/Nissan-Rogue-2026.jpg'},{url:'https://imagescdn.d2cmedia.ca/s8779c1be124fea8d0d971198588b61899/2062/14376944/1/Nissan-Rogue-2026.jpg'},{url:'https://imagescdn.d2cmedia.ca/cb779c1be124fea8d0d971198588b61899/2062/14376944/2/Nissan-Rogue-2026.jpg'},{url:'https://imagescdn.d2cmedia.ca/cb779c1be124fea8d0d971198588b61899/2062/14376944/3/Nissan-Rogue-2026.jpg'},{url:'https://imagescdn.d2cmedia.ca/cb779c1be124fea8d0d971198588b61899/2062/14376944/4/Nissan-Rogue-2026.jpg'},{url:'https://imagescdn.d2cmedia.ca/cb779c1be124fea8d0d971198588b61899/2062/14376944/5/Nissan-Rogue-2026.jpg'},{url:'https://imagescdn.d2cmedia.ca/cb779c1be124fea8d0d971198588b61899/2062/14376944/6/Nissan-Rogue-2026.jpg'},{url:'https://imagescdn.d2cmedia.ca/cb779c1be124fea8d0d971198588b61899/2062/14376944/7/Nissan-Rogue-2026.jpg'},{url:'https://imagescdn.d2cmedia.ca/cb779c1be124fea8d0d971198588b61899/2062/14376944/8/Nissan-Rogue-2026.jpg'},{url:'https://imagescdn.d2cmedia.ca/cb779c1be124fea8d0d971198588b61899/2062/14376944/9/Nissan-Rogue-2026.jpg'}]",50,KM,https://www.altanissanrh.com/new/inventory/2026-Nissan-Rogue-id14376944.html,2026 Nissan Rogue Awd Platinum at Alta Nissan Richmond Hill,44316 CAD,New,Grey,Dark grey,2062,Alta Nissan Richmond Hill,+1-905-780-7771,"{addr1: '11667 Yonge St.', city: 'Richmond Hill', region: 'Ontario', postal_code: 'L4E 3N8', country: 'CA'}",43.9028000000,-79.4448000000,,,,,https://www.altanissanrh.com/privacy-policy.html,New,2062,In stock,,44316 CAD,Free,
JN8BT3DD8TW013390,JN8BT3DD8TW013390,RY26R323-new,Nissan,Rogue,Awd Platinum,2026,AUTOMATIC,SUV,GASOLINE,AWD,"2026 Nissan Rogue Awd Platinum, White exterior, All-wheel drive","[{url:'https://imagescdn.d2cmedia.ca/cb7e9e45643ab2a77f02820a0899ca3495/2062/14376945/1/Nissan-Rogue-2026.jpg'},{url:'https://imagescdn.d2cmedia.ca/s87e9e45643ab2a77f02820a0899ca3495/2062/14376945/1/Nissan-Rogue-2026.jpg'},{url:'https://imagescdn.d2cmedia.ca/cb7e9e45643ab2a77f02820a0899ca3495/2062/14376945/2/Nissan-Rogue-2026.jpg'},{url:'https://imagescdn.d2cmedia.ca/cb7e9e45643ab2a77f02820a0899ca3495/2062/14376945/3/Nissan-Rogue-2026.jpg'},{url:'https://imagescdn.d2cmedia.ca/cb7e9e45643ab2a77f02820a0899ca3495/2062/14376945/4/Nissan-Rogue-2026.jpg'},{url:'https://imagescdn.d2cmedia.ca/cb7e9e45643ab2a77f02820a0899ca3495/2062/14376945/5/Nissan-Rogue-2026.jpg'},{url:'https://imagescdn.d2cmedia.ca/cb7e9e45643ab2a77f02820a0899ca3495/2062/14376945/6/Nissan-Rogue-2026.jpg'},{url:'https://imagescdn.d2cmedia.ca/cb7e9e45643ab2a77f02820a0899ca3495/2062/14376945/7/Nissan-Rogue-2026.jpg'},{url:'https://imagescdn.d2cmedia.ca/cb7e9e45643ab2a77f02820a0899ca3495/2062/14376945/8/Nissan-Rogue-2026.jpg'},{url:'https://imagescdn.d2cmedia.ca/cb7e9e45643ab2a77f02820a0899ca3495/2062/14376945/9/Nissan-Rogue-2026.jpg'}]",50,KM,https://www.altanissanrh.com/new/inventory/2026-Nissan-Rogue-id14376945.html,2026 Nissan Rogue Awd Platinum at Alta Nissan Richmond Hill,44316 CAD,New,White,Dark grey,2062,Alta Nissan Richmond Hill,+1-905-780-7771,"{addr1: '11667 Yonge St.', city: 'Richmond Hill', region: 'Ontario', postal_code: 'L4E 3N8', country: 'CA'}",43.9028000000,-79.4448000000,,,,,https://www.altanissanrh.com/privacy-policy.html,New,2062,In stock,,44316 CAD,Free,
JN8BT3DDXTW014699,JN8BT3DDXTW014699,RY26R336-new,Nissan,Rogue,Awd Platinum,2026,AUTOMATIC,SUV,GASOLINE,AWD,"2026 Nissan Rogue Awd Platinum, White exterior, All-wheel drive","[{url:'https://imagescdn.d2cmedia.ca/cb99fa98f36811bc01a6a15e54cc1f22c7/2062/14445571/1/Nissan-Rogue-2026.jpg'},{url:'https://imagescdn.d2cmedia.ca/s899fa98f36811bc01a6a15e54cc1f22c7/2062/14445571/1/Nissan-Rogue-2026.jpg'},{url:'https://imagescdn.d2cmedia.ca/cb99fa98f36811bc01a6a15e54cc1f22c7/2062/14445571/2/Nissan-Rogue-2026.jpg'},{url:'https://imagescdn.d2cmedia.ca/cb99fa98f36811bc01a6a15e54cc1f22c7/2062/14445571/3/Nissan-Rogue-2026.jpg'},{url:'https://imagescdn.d2cmedia.ca/cb99fa98f36811bc01a6a15e54cc1f22c7/2062/14445571/4/Nissan-Rogue-2026.jpg'},{url:'https://imagescdn.d2cmedia.ca/cb99fa98f36811bc01a6a15e54cc1f22c7/2062/14445571/5/Nissan-Rogue-2026.jpg'},{url:'https://imagescdn.d2cmedia.ca/cb99fa98f36811bc01a6a15e54cc1f22c7/2062/14445571/6/Nissan-Rogue-2026.jpg'},{url:'https://imagescdn.d2cmedia.ca/cb99fa98f36811bc01a6a15e54cc1f22c7/2062/14445571/7/Nissan-Rogue-2026.jpg'},{url:'https://imagescdn.d2cmedia.ca/cb99fa98f36811bc01a6a15e54cc1f22c7/2062/14445571/8/Nissan-Rogue-2026.jpg'},{url:'https://imagescdn.d2cmedia.ca/cb99fa98f36811bc01a6a15e54cc1f22c7/2062/14445571/9/Nissan-Rogue-2026.jpg'}]",50,KM,https://www.altanissanrh.com/new/inventory/2026-Nissan-Rogue-id14445571.html,2026 Nissan Rogue Awd Platinum at Alta Nissan Richmond Hill,44316 CAD,New,White,Dark grey,2062,Alta Nissan Richmond Hill,+1-905-780-7771,"{addr1: '11667 Yonge St.', city: 'Richmond Hill', region: 'Ontario', postal_code: 'L4E 3N8', country: 'CA'}",43.9028000000,-79.4448000000,,,,,https://www.altanissanrh.com/privacy-policy.html,New,2062,In stock,,44316 CAD,Free,
JN8BT3DD0TW432544,JN8BT3DD0TW432544,RY26R340-new,Nissan,Rogue,Awd Platinum,2026,AUTOMATIC,SUV,GASOLINE,AWD,"2026 Nissan Rogue Awd Platinum, Silver exterior, All-wheel drive","[{url:'https://imagescdn.d2cmedia.ca/cbb4e83c8556fa746bf3a7f51e38d5ea2a/2062/14458528/1/Nissan-Rogue-2026.jpg'},{url:'https://imagescdn.d2cmedia.ca/s8b4e83c8556fa746bf3a7f51e38d5ea2a/2062/14458528/1/Nissan-Rogue-2026.jpg'},{url:'https://imagescdn.d2cmedia.ca/cbb4e83c8556fa746bf3a7f51e38d5ea2a/2062/14458528/2/Nissan-Rogue-2026.jpg'},{url:'https://imagescdn.d2cmedia.ca/cbb4e83c8556fa746bf3a7f51e38d5ea2a/2062/14458528/3/Nissan-Rogue-2026.jpg'},{url:'https://imagescdn.d2cmedia.ca/cbb4e83c8556fa746bf3a7f51e38d5ea2a/2062/14458528/4/Nissan-Rogue-2026.jpg'},{url:'https://imagescdn.d2cmedia.ca/cbb4e83c8556fa746bf3a7f51e38d5ea2a/2062/14458528/5/Nissan-Rogue-2026.jpg'},{url:'https://imagescdn.d2cmedia.ca/cbb4e83c8556fa746bf3a7f51e38d5ea2a/2062/14458528/6/Nissan-Rogue-2026.jpg'},{url:'https://imagescdn.d2cmedia.ca/cbb4e83c8556fa746bf3a7f51e38d5ea2a/2062/14458528/7/Nissan-Rogue-2026.jpg'},{url:'https://imagescdn.d2cmedia.ca/cbb4e83c8556fa746bf3a7f51e38d5ea2a/2062/14458528/8/Nissan-Rogue-2026.jpg'},{url:'https://imagescdn.d2cmedia.ca/cbb4e83c8556fa746bf3a7f51e38d5ea2a/2062/14458528/9/Nissan-Rogue-2026.jpg'}]",50,KM,https://www.altanissanrh.com/new/inventory/2026-Nissan-Rogue-id14458528.html,2026 Nissan Rogue Awd Platinum at Alta Nissan Richmond Hill,44316 CAD,New,Silver,Dark grey,2062,Alta Nissan Richmond Hill,+1-905-780-7771,"{addr1: '11667 Yonge St.', city: 'Richmond Hill', region: 'Ontario', postal_code: 'L4E 3N8', country: 'CA'}",43.9028000000,-79.4448000000,,,,,https://www.altanissanrh.com/privacy-policy.html,New,2062,In stock,,44316 CAD,Free,
JN8BT3DD3TW490180,JN8BT3DD3TW490180,RY26R254-new,Nissan,Rogue,Awd Platinum,2026,AUTOMATIC,SUV,GASOLINE,AWD,"2026 Nissan Rogue Awd Platinum, Blue exterior, All-wheel drive","[{url:'https://imagescdn.d2cmedia.ca/cb36261146496f404f76ae0ec49f34d242/2062/14163932/1/Nissan-Rogue-2026.jpg'},{url:'https://imagescdn.d2cmedia.ca/s836261146496f404f76ae0ec49f34d242/2062/14163932/1/Nissan-Rogue-2026.jpg'},{url:'https://imagescdn.d2cmedia.ca/cb36261146496f404f76ae0ec49f34d242/2062/14163932/2/Nissan-Rogue-2026.jpg'},{url:'https://imagescdn.d2cmedia.ca/cb36261146496f404f76ae0ec49f34d242/2062/14163932/3/Nissan-Rogue-2026.jpg'},{url:'https://imagescdn.d2cmedia.ca/cb36261146496f404f76ae0ec49f34d242/2062/14163932/4/Nissan-Rogue-2026.jpg'},{url:'https://imagescdn.d2cmedia.ca/cb36261146496f404f76ae0ec49f34d242/2062/14163932/5/Nissan-Rogue-2026.jpg'},{url:'https://imagescdn.d2cmedia.ca/cb36261146496f404f76ae0ec49f34d242/2062/14163932/6/Nissan-Rogue-2026.jpg'},{url:'https://imagescdn.d2cmedia.ca/cb36261146496f404f76ae0ec49f34d242/2062/14163932/7/Nissan-Rogue-2026.jpg'},{url:'https://imagescdn.d2cmedia.ca/cb36261146496f404f76ae0ec49f34d242/2062/14163932/8/Nissan-Rogue-2026.jpg'},{url:'https://imagescdn.d2cmedia.ca/cb36261146496f404f76ae0ec49f34d242/2062/14163932/9/Nissan-Rogue-2026.jpg'}]",50,KM,https://www.altanissanrh.com/new/inventory/2026-Nissan-Rogue-id14163932.html,2026 Nissan Rogue Awd Platinum at Alta Nissan Richmond Hill,43771 CAD,New,Blue,Brown,2062,Alta Nissan Richmond Hill,+1-905-780-7771,"{addr1: '11667 Yonge St.', city: 'Richmond Hill', region: 'Ontario', postal_code: 'L4E 3N8', country: 'CA'}",43.9028000000,-79.4448000000,,,,,https://www.altanissanrh.com/privacy-policy.html,New,2062,In stock,,43771 CAD,Free,
JN8BT3DD3TW430240,JN8BT3DD3TW430240,RY26R296-new,Nissan,Rogue,Awd Platinum,2026,AUTOMATIC,SUV,GASOLINE,AWD,"2026 Nissan Rogue Awd Platinum, Blue exterior, All-wheel drive","[{url:'https://imagescdn.d2cmedia.ca/cba779164f676b14a13770056dfe03f7fb/2062/14289757/1/Nissan-Rogue-2026.jpg'},{url:'https://imagescdn.d2cmedia.ca/s8a779164f676b14a13770056dfe03f7fb/2062/14289757/1/Nissan-Rogue-2026.jpg'},{url:'https://imagescdn.d2cmedia.ca/cba779164f676b14a13770056dfe03f7fb/2062/14289757/2/Nissan-Rogue-2026.jpg'},{url:'https://imagescdn.d2cmedia.ca/cba779164f676b14a13770056dfe03f7fb/2062/14289757/3/Nissan-Rogue-2026.jpg'},{url:'https://imagescdn.d2cmedia.ca/cba779164f676b14a13770056dfe03f7fb/2062/14289757/4/Nissan-Rogue-2026.jpg'},{url:'https://imagescdn.d2cmedia.ca/cba779164f676b14a13770056dfe03f7fb/2062/14289757/5/Nissan-Rogue-2026.jpg'},{url:'https://imagescdn.d2cmedia.ca/cba779164f676b14a13770056dfe03f7fb/2062/14289757/6/Nissan-Rogue-2026.jpg'},{url:'https://imagescdn.d2cmedia.ca/cba779164f676b14a13770056dfe03f7fb/2062/14289757/7/Nissan-Rogue-2026.jpg'},{url:'https://imagescdn.d2cmedia.ca/cba779164f676b14a13770056dfe03f7fb/2062/14289757/8/Nissan-Rogue-2026.jpg'},{url:'https://imagescdn.d2cmedia.ca/cba779164f676b14a13770056dfe03f7fb/2062/14289757/9/Nissan-Rogue-2026.jpg'}]",50,KM,https://www.altanissanrh.com/new/inventory/2026-Nissan-Rogue-id14289757.html,2026 Nissan Rogue Awd Platinum at Alta Nissan Richmond Hill,43771 CAD,New,Blue,Brown,2062,Alta Nissan Richmond Hill,+1-905-780-7771,"{addr1: '11667 Yonge St.', city: 'Richmond Hill', region: 'Ontario', postal_code: 'L4E 3N8', country: 'CA'}",43.9028000000,-79.4448000000,,,,,https://www.altanissanrh.com/privacy-policy.html,New,2062,In stock,,43771 CAD,Free,
JN8BT3DD0TW325462,JN8BT3DD0TW325462,RY26R303-new,Nissan,Rogue,Awd Platinum,2026,AUTOMATIC,SUV,GASOLINE,AWD,"2026 Nissan Rogue Awd Platinum, Green exterior, All-wheel drive","[{url:'https://imagescdn.d2cmedia.ca/cbacb2c01f694992de0de63f2b095cada6/2062/14295387/1/Nissan-Rogue-2026.jpg'},{url:'https://imagescdn.d2cmedia.ca/s8acb2c01f694992de0de63f2b095cada6/2062/14295387/1/Nissan-Rogue-2026.jpg'},{url:'https://imagescdn.d2cmedia.ca/cbacb2c01f694992de0de63f2b095cada6/2062/14295387/2/Nissan-Rogue-2026.jpg'},{url:'https://imagescdn.d2cmedia.ca/cbacb2c01f694992de0de63f2b095cada6/2062/14295387/3/Nissan-Rogue-2026.jpg'},{url:'https://imagescdn.d2cmedia.ca/cbacb2c01f694992de0de63f2b095cada6/2062/14295387/4/Nissan-Rogue-2026.jpg'},{url:'https://imagescdn.d2cmedia.ca/cbacb2c01f694992de0de63f2b095cada6/2062/14295387/5/Nissan-Rogue-2026.jpg'},{url:'https://imagescdn.d2cmedia.ca/cbacb2c01f694992de0de63f2b095cada6/2062/14295387/6/Nissan-Rogue-2026.jpg'},{url:'https://imagescdn.d2cmedia.ca/cbacb2c01f694992de0de63f2b095cada6/2062/14295387/7/Nissan-Rogue-2026.jpg'},{url:'https://imagescdn.d2cmedia.ca/cbacb2c01f694992de0de63f2b095cada6/2062/14295387/8/Nissan-Rogue-2026.jpg'},{url:'https://imagescdn.d2cmedia.ca/cbacb2c01f694992de0de63f2b095cada6/2062/14295387/9/Nissan-Rogue-2026.jpg'}]",50,KM,https://www.altanissanrh.com/new/inventory/2026-Nissan-Rogue-id14295387.html,2026 Nissan Rogue Awd Platinum at Alta Nissan Richmond Hill,43771 CAD,New,Green,Dark grey,2062,Alta Nissan Richmond Hill,+1-905-780-7771,"{addr1: '11667 Yonge St.', city: 'Richmond Hill', region: 'Ontario', postal_code: 'L4E 3N8', country: 'CA'}",43.9028000000,-79.4448000000,,,,,https://www.altanissanrh.com/privacy-policy.html,New,2062,In stock,,43771 CAD,Free,
JN8BT3DD0TW493327,JN8BT3DD0TW493327,RY26R306-new,Nissan,Rogue,Awd Platinum,2026,AUTOMATIC,SUV,GASOLINE,AWD,"2026 Nissan Rogue Awd Platinum, White exterior, All-wheel drive","[{url:'https://imagescdn.d2cmedia.ca/cb98c63109c1c903ff2b5c63282f141d73/2062/14295390/1/Nissan-Rogue-2026.jpg'},{url:'https://imagescdn.d2cmedia.ca/s898c63109c1c903ff2b5c63282f141d73/2062/14295390/1/Nissan-Rogue-2026.jpg'},{url:'https://imagescdn.d2cmedia.ca/cb98c63109c1c903ff2b5c63282f141d73/2062/14295390/2/Nissan-Rogue-2026.jpg'},{url:'https://imagescdn.d2cmedia.ca/cb98c63109c1c903ff2b5c63282f141d73/2062/14295390/3/Nissan-Rogue-2026.jpg'},{url:'https://imagescdn.d2cmedia.ca/cb98c63109c1c903ff2b5c63282f141d73/2062/14295390/4/Nissan-Rogue-2026.jpg'},{url:'https://imagescdn.d2cmedia.ca/cb98c63109c1c903ff2b5c63282f141d73/2062/14295390/5/Nissan-Rogue-2026.jpg'},{url:'https://imagescdn.d2cmedia.ca/cb98c63109c1c903ff2b5c63282f141d73/2062/14295390/6/Nissan-Rogue-2026.jpg'},{url:'https://imagescdn.d2cmedia.ca/cb98c63109c1c903ff2b5c63282f141d73/2062/14295390/7/Nissan-Rogue-2026.jpg'},{url:'https://imagescdn.d2cmedia.ca/cb98c63109c1c903ff2b5c63282f141d73/2062/14295390/8/Nissan-Rogue-2026.jpg'},{url:'https://imagescdn.d2cmedia.ca/cb98c63109c1c903ff2b5c63282f141d73/2062/14295390/9/Nissan-Rogue-2026.jpg'}]",50,KM,https://www.altanissanrh.com/new/inventory/2026-Nissan-Rogue-id14295390.html,2026 Nissan Rogue Awd Platinum at Alta Nissan Richmond Hill,43771 CAD,New,White,Dark grey,2062,Alta Nissan Richmond Hill,+1-905-780-7771,"{addr1: '11667 Yonge St.', city: 'Richmond Hill', region: 'Ontario', postal_code: 'L4E 3N8', country: 'CA'}",43.9028000000,-79.4448000000,,,,,https://www.altanissanrh.com/privacy-policy.html,New,2062,In stock,,43771 CAD,Free,
JN8BT3DD9TW494184,JN8BT3DD9TW494184,RY26R311-new,Nissan,Rogue,Awd Platinum,2026,AUTOMATIC,SUV,GASOLINE,AWD,"2026 Nissan Rogue Awd Platinum, Dark grey exterior, All-wheel drive","[{url:'https://imagescdn.d2cmedia.ca/cb7808679ab6ff8dfec2cd66451886d4cf/2062/14317693/1/Nissan-Rogue-2026.jpg'},{url:'https://imagescdn.d2cmedia.ca/s87808679ab6ff8dfec2cd66451886d4cf/2062/14317693/1/Nissan-Rogue-2026.jpg'},{url:'https://imagescdn.d2cmedia.ca/cb7808679ab6ff8dfec2cd66451886d4cf/2062/14317693/2/Nissan-Rogue-2026.jpg'},{url:'https://imagescdn.d2cmedia.ca/cb7808679ab6ff8dfec2cd66451886d4cf/2062/14317693/3/Nissan-Rogue-2026.jpg'},{url:'https://imagescdn.d2cmedia.ca/cb7808679ab6ff8dfec2cd66451886d4cf/2062/14317693/4/Nissan-Rogue-2026.jpg'},{url:'https://imagescdn.d2cmedia.ca/cb7808679ab6ff8dfec2cd66451886d4cf/2062/14317693/5/Nissan-Rogue-2026.jpg'},{url:'https://imagescdn.d2cmedia.ca/cb7808679ab6ff8dfec2cd66451886d4cf/2062/14317693/6/Nissan-Rogue-2026.jpg'},{url:'https://imagescdn.d2cmedia.ca/cb7808679ab6ff8dfec2cd66451886d4cf/2062/14317693/7/Nissan-Rogue-2026.jpg'},{url:'https://imagescdn.d2cmedia.ca/cb7808679ab6ff8dfec2cd66451886d4cf/2062/14317693/8/Nissan-Rogue-2026.jpg'},{url:'https://imagescdn.d2cmedia.ca/cb7808679ab6ff8dfec2cd66451886d4cf/2062/14317693/9/Nissan-Rogue-2026.jpg'}]",50,KM,https://www.altanissanrh.com/new/inventory/2026-Nissan-Rogue-id14317693.html,2026 Nissan Rogue Awd Platinum at Alta Nissan Richmond Hill,43771 CAD,New,Dark grey,Dark grey,2062,Alta Nissan Richmond Hill,+1-905-780-7771,"{addr1: '11667 Yonge St.', city: 'Richmond Hill', region: 'Ontario', postal_code: 'L4E 3N8', country: 'CA'}",43.9028000000,-79.4448000000,,,,,https://www.altanissanrh.com/privacy-policy.html,New,2062,In stock,,43771 CAD,Free,
JN8BT3DD5TW493338,JN8BT3DD5TW493338,RY26R313-new,Nissan,Rogue,Awd Platinum,2026,AUTOMATIC,SUV,GASOLINE,AWD,"2026 Nissan Rogue Awd Platinum, Red exterior, All-wheel drive","[{url:'https://imagescdn.d2cmedia.ca/cb379b270693a7e06f4816ac0e48622dac/2062/14324093/1/Nissan-Rogue-2026.jpg'},{url:'https://imagescdn.d2cmedia.ca/s8379b270693a7e06f4816ac0e48622dac/2062/14324093/1/Nissan-Rogue-2026.jpg'},{url:'https://imagescdn.d2cmedia.ca/cb379b270693a7e06f4816ac0e48622dac/2062/14324093/2/Nissan-Rogue-2026.jpg'},{url:'https://imagescdn.d2cmedia.ca/cb379b270693a7e06f4816ac0e48622dac/2062/14324093/3/Nissan-Rogue-2026.jpg'},{url:'https://imagescdn.d2cmedia.ca/cb379b270693a7e06f4816ac0e48622dac/2062/14324093/4/Nissan-Rogue-2026.jpg'},{url:'https://imagescdn.d2cmedia.ca/cb379b270693a7e06f4816ac0e48622dac/2062/14324093/5/Nissan-Rogue-2026.jpg'},{url:'https://imagescdn.d2cmedia.ca/cb379b270693a7e06f4816ac0e48622dac/2062/14324093/6/Nissan-Rogue-2026.jpg'},{url:'https://imagescdn.d2cmedia.ca/cb379b270693a7e06f4816ac0e48622dac/2062/14324093/7/Nissan-Rogue-2026.jpg'},{url:'https://imagescdn.d2cmedia.ca/cb379b270693a7e06f4816ac0e48622dac/2062/14324093/8/Nissan-Rogue-2026.jpg'},{url:'https://imagescdn.d2cmedia.ca/cb379b270693a7e06f4816ac0e48622dac/2062/14324093/9/Nissan-Rogue-2026.jpg'}]",50,KM,https://www.altanissanrh.com/new/inventory/2026-Nissan-Rogue-id14324093.html,2026 Nissan Rogue Awd Platinum at Alta Nissan Richmond Hill,43771 CAD,New,Red,Brown,2062,Alta Nissan Richmond Hill,+1-905-780-7771,"{addr1: '11667 Yonge St.', city: 'Richmond Hill', region: 'Ontario', postal_code: 'L4E 3N8', country: 'CA'}",43.9028000000,-79.4448000000,,,,,https://www.altanissanrh.com/privacy-policy.html,New,2062,In stock,,43771 CAD,Free,
JN8BT3DD6TW431690,JN8BT3DD6TW431690,RY26R318-new,Nissan,Rogue,Awd Platinum,2026,AUTOMATIC,SUV,GASOLINE,AWD,"2026 Nissan Rogue Awd Platinum, Dark grey exterior, All-wheel drive","[{url:'https://imagescdn.d2cmedia.ca/cb06e5a2e5fab0464d8c7cf58acc599e9a/2062/14368323/1/Nissan-Rogue-2026.jpg'},{url:'https://imagescdn.d2cmedia.ca/s806e5a2e5fab0464d8c7cf58acc599e9a/2062/14368323/1/Nissan-Rogue-2026.jpg'},{url:'https://imagescdn.d2cmedia.ca/cb06e5a2e5fab0464d8c7cf58acc599e9a/2062/14368323/2/Nissan-Rogue-2026.jpg'},{url:'https://imagescdn.d2cmedia.ca/cb06e5a2e5fab0464d8c7cf58acc599e9a/2062/14368323/3/Nissan-Rogue-2026.jpg'},{url:'https://imagescdn.d2cmedia.ca/cb06e5a2e5fab0464d8c7cf58acc599e9a/2062/14368323/4/Nissan-Rogue-2026.jpg'},{url:'https://imagescdn.d2cmedia.ca/cb06e5a2e5fab0464d8c7cf58acc599e9a/2062/14368323/5/Nissan-Rogue-2026.jpg'},{url:'https://imagescdn.d2cmedia.ca/cb06e5a2e5fab0464d8c7cf58acc599e9a/2062/14368323/6/Nissan-Rogue-2026.jpg'},{url:'https://imagescdn.d2cmedia.ca/cb06e5a2e5fab0464d8c7cf58acc599e9a/2062/14368323/7/Nissan-Rogue-2026.jpg'},{url:'https://imagescdn.d2cmedia.ca/cb06e5a2e5fab0464d8c7cf58acc599e9a/2062/14368323/8/Nissan-Rogue-2026.jpg'},{url:'https://imagescdn.d2cmedia.ca/cb06e5a2e5fab0464d8c7cf58acc599e9a/2062/14368323/9/Nissan-Rogue-2026.jpg'}]",50,KM,https://www.altanissanrh.com/new/inventory/2026-Nissan-Rogue-id14368323.html,2026 Nissan Rogue Awd Platinum at Alta Nissan Richmond Hill,43771 CAD,New,Dark grey,Dark grey,2062,Alta Nissan Richmond Hill,+1-905-780-7771,"{addr1: '11667 Yonge St.', city: 'Richmond Hill', region: 'Ontario', postal_code: 'L4E 3N8', country: 'CA'}",43.9028000000,-79.4448000000,,,,,https://www.altanissanrh.com/privacy-policy.html,New,2062,In stock,,43771 CAD,Free,
JN8BT3DD7TW430712,JN8BT3DD7TW430712,RY26R320-new,Nissan,Rogue,Awd Platinum,2026,AUTOMATIC,SUV,GASOLINE,AWD,"2026 Nissan Rogue Awd Platinum, Blue exterior, All-wheel drive","[{url:'https://imagescdn.d2cmedia.ca/cba6c9707e3563a2eade568acdc6049a37/2062/14368325/1/Nissan-Rogue-2026.jpg'},{url:'https://imagescdn.d2cmedia.ca/s8a6c9707e3563a2eade568acdc6049a37/2062/14368325/1/Nissan-Rogue-2026.jpg'},{url:'https://imagescdn.d2cmedia.ca/cba6c9707e3563a2eade568acdc6049a37/2062/14368325/2/Nissan-Rogue-2026.jpg'},{url:'https://imagescdn.d2cmedia.ca/cba6c9707e3563a2eade568acdc6049a37/2062/14368325/3/Nissan-Rogue-2026.jpg'},{url:'https://imagescdn.d2cmedia.ca/cba6c9707e3563a2eade568acdc6049a37/2062/14368325/4/Nissan-Rogue-2026.jpg'},{url:'https://imagescdn.d2cmedia.ca/cba6c9707e3563a2eade568acdc6049a37/2062/14368325/5/Nissan-Rogue-2026.jpg'},{url:'https://imagescdn.d2cmedia.ca/cba6c9707e3563a2eade568acdc6049a37/2062/14368325/6/Nissan-Rogue-2026.jpg'},{url:'https://imagescdn.d2cmedia.ca/cba6c9707e3563a2eade568acdc6049a37/2062/14368325/7/Nissan-Rogue-2026.jpg'},{url:'https://imagescdn.d2cmedia.ca/cba6c9707e3563a2eade568acdc6049a37/2062/14368325/8/Nissan-Rogue-2026.jpg'},{url:'https://imagescdn.d2cmedia.ca/cba6c9707e3563a2eade568acdc6049a37/2062/14368325/9/Nissan-Rogue-2026.jpg'}]",50,KM,https://www.altanissanrh.com/new/inventory/2026-Nissan-Rogue-id14368325.html,2026 Nissan Rogue Awd Platinum at Alta Nissan Richmond Hill,43771 CAD,New,Blue,Brown,2062,Alta Nissan Richmond Hill,+1-905-780-7771,"{addr1: '11667 Yonge St.', city: 'Richmond Hill', region: 'Ontario', postal_code: 'L4E 3N8', country: 'CA'}",43.9028000000,-79.4448000000,,,,,https://www.altanissanrh.com/privacy-policy.html,New,2062,In stock,,43771 CAD,Free,
JN8BT3DD7TW431780,JN8BT3DD7TW431780,RY26R324-new,Nissan,Rogue,Awd Platinum,2026,AUTOMATIC,SUV,GASOLINE,AWD,"2026 Nissan Rogue Awd Platinum, Dark grey exterior, All-wheel drive","[{url:'https://imagescdn.d2cmedia.ca/cb71c35601d2a6a70bc8da8f4958867bf5/2062/14376946/1/Nissan-Rogue-2026.jpg'},{url:'https://imagescdn.d2cmedia.ca/s871c35601d2a6a70bc8da8f4958867bf5/2062/14376946/1/Nissan-Rogue-2026.jpg'},{url:'https://imagescdn.d2cmedia.ca/cb71c35601d2a6a70bc8da8f4958867bf5/2062/14376946/2/Nissan-Rogue-2026.jpg'},{url:'https://imagescdn.d2cmedia.ca/cb71c35601d2a6a70bc8da8f4958867bf5/2062/14376946/3/Nissan-Rogue-2026.jpg'},{url:'https://imagescdn.d2cmedia.ca/cb71c35601d2a6a70bc8da8f4958867bf5/2062/14376946/4/Nissan-Rogue-2026.jpg'},{url:'https://imagescdn.d2cmedia.ca/cb71c35601d2a6a70bc8da8f4958867bf5/2062/14376946/5/Nissan-Rogue-2026.jpg'},{url:'https://imagescdn.d2cmedia.ca/cb71c35601d2a6a70bc8da8f4958867bf5/2062/14376946/6/Nissan-Rogue-2026.jpg'},{url:'https://imagescdn.d2cmedia.ca/cb71c35601d2a6a70bc8da8f4958867bf5/2062/14376946/7/Nissan-Rogue-2026.jpg'},{url:'https://imagescdn.d2cmedia.ca/cb71c35601d2a6a70bc8da8f4958867bf5/2062/14376946/8/Nissan-Rogue-2026.jpg'},{url:'https://imagescdn.d2cmedia.ca/cb71c35601d2a6a70bc8da8f4958867bf5/2062/14376946/9/Nissan-Rogue-2026.jpg'}]",50,KM,https://www.altanissanrh.com/new/inventory/2026-Nissan-Rogue-id14376946.html,2026 Nissan Rogue Awd Platinum at Alta Nissan Richmond Hill,43771 CAD,New,Dark grey,Dark grey,2062,Alta Nissan Richmond Hill,+1-905-780-7771,"{addr1: '11667 Yonge St.', city: 'Richmond Hill', region: 'Ontario', postal_code: 'L4E 3N8', country: 'CA'}",43.9028000000,-79.4448000000,,,,,https://www.altanissanrh.com/privacy-policy.html,New,2062,In stock,,43771 CAD,Free,
JN8BT3DD8TW011199,JN8BT3DD8TW011199,RY26R326-new,Nissan,Rogue,Awd Platinum,2026,AUTOMATIC,SUV,GASOLINE,AWD,"2026 Nissan Rogue Awd Platinum, White exterior, All-wheel drive","[{url:'https://imagescdn.d2cmedia.ca/cb7d40481144271efe55ca878d27c71f70/2062/14389561/1/Nissan-Rogue-2026.jpg'},{url:'https://imagescdn.d2cmedia.ca/s87d40481144271efe55ca878d27c71f70/2062/14389561/1/Nissan-Rogue-2026.jpg'},{url:'https://imagescdn.d2cmedia.ca/cb7d40481144271efe55ca878d27c71f70/2062/14389561/2/Nissan-Rogue-2026.jpg'},{url:'https://imagescdn.d2cmedia.ca/cb7d40481144271efe55ca878d27c71f70/2062/14389561/3/Nissan-Rogue-2026.jpg'},{url:'https://imagescdn.d2cmedia.ca/cb7d40481144271efe55ca878d27c71f70/2062/14389561/4/Nissan-Rogue-2026.jpg'},{url:'https://imagescdn.d2cmedia.ca/cb7d40481144271efe55ca878d27c71f70/2062/14389561/5/Nissan-Rogue-2026.jpg'},{url:'https://imagescdn.d2cmedia.ca/cb7d40481144271efe55ca878d27c71f70/2062/14389561/6/Nissan-Rogue-2026.jpg'},{url:'https://imagescdn.d2cmedia.ca/cb7d40481144271efe55ca878d27c71f70/2062/14389561/7/Nissan-Rogue-2026.jpg'},{url:'https://imagescdn.d2cmedia.ca/cb7d40481144271efe55ca878d27c71f70/2062/14389561/8/Nissan-Rogue-2026.jpg'},{url:'https://imagescdn.d2cmedia.ca/cb7d40481144271efe55ca878d27c71f70/2062/14389561/9/Nissan-Rogue-2026.jpg'}]",50,KM,https://www.altanissanrh.com/new/inventory/2026-Nissan-Rogue-id14389561.html,2026 Nissan Rogue Awd Platinum at Alta Nissan Richmond Hill,43771 CAD,New,White,Dark grey,2062,Alta Nissan Richmond Hill,+1-905-780-7771,"{addr1: '11667 Yonge St.', city: 'Richmond Hill', region: 'Ontario', postal_code: 'L4E 3N8', country: 'CA'}",43.9028000000,-79.4448000000,,,,,https://www.altanissanrh.com/privacy-policy.html,New,2062,In stock,,43771 CAD,Free,
JN8BT3DD8TW012434,JN8BT3DD8TW012434,RY26R328-new,Nissan,Rogue,Awd Platinum,2026,AUTOMATIC,SUV,GASOLINE,AWD,"2026 Nissan Rogue Awd Platinum, White exterior, All-wheel drive","[{url:'https://imagescdn.d2cmedia.ca/cb4451b19168783a0b5ac0322f53d70e61/2062/14389563/1/Nissan-Rogue-2026.jpg'},{url:'https://imagescdn.d2cmedia.ca/s84451b19168783a0b5ac0322f53d70e61/2062/14389563/1/Nissan-Rogue-2026.jpg'},{url:'https://imagescdn.d2cmedia.ca/cb4451b19168783a0b5ac0322f53d70e61/2062/14389563/2/Nissan-Rogue-2026.jpg'},{url:'https://imagescdn.d2cmedia.ca/cb4451b19168783a0b5ac0322f53d70e61/2062/14389563/3/Nissan-Rogue-2026.jpg'},{url:'https://imagescdn.d2cmedia.ca/cb4451b19168783a0b5ac0322f53d70e61/2062/14389563/4/Nissan-Rogue-2026.jpg'},{url:'https://imagescdn.d2cmedia.ca/cb4451b19168783a0b5ac0322f53d70e61/2062/14389563/5/Nissan-Rogue-2026.jpg'},{url:'https://imagescdn.d2cmedia.ca/cb4451b19168783a0b5ac0322f53d70e61/2062/14389563/6/Nissan-Rogue-2026.jpg'},{url:'https://imagescdn.d2cmedia.ca/cb4451b19168783a0b5ac0322f53d70e61/2062/14389563/7/Nissan-Rogue-2026.jpg'},{url:'https://imagescdn.d2cmedia.ca/cb4451b19168783a0b5ac0322f53d70e61/2062/14389563/8/Nissan-Rogue-2026.jpg'},{url:'https://imagescdn.d2cmedia.ca/cb4451b19168783a0b5ac0322f53d70e61/2062/14389563/9/Nissan-Rogue-2026.jpg'}]",50,KM,https://www.altanissanrh.com/new/inventory/2026-Nissan-Rogue-id14389563.html,2026 Nissan Rogue Awd Platinum at Alta Nissan Richmond Hill,43771 CAD,New,White,Dark grey,2062,Alta Nissan Richmond Hill,+1-905-780-7771,"{addr1: '11667 Yonge St.', city: 'Richmond Hill', region: 'Ontario', postal_code: 'L4E 3N8', country: 'CA'}",43.9028000000,-79.4448000000,,,,,https://www.altanissanrh.com/privacy-policy.html,New,2062,In stock,,43771 CAD,Free,
JN8BT3DD0TW015957,JN8BT3DD0TW015957,RY26R334-new,Nissan,Rogue,Awd Platinum,2026,AUTOMATIC,SUV,GASOLINE,AWD,"2026 Nissan Rogue Awd Platinum, Blue exterior, All-wheel drive","[{url:'https://imagescdn.d2cmedia.ca/cb867db7c113a9661118432394c624763d/2062/14435925/1/Nissan-Rogue-2026.jpg'},{url:'https://imagescdn.d2cmedia.ca/s8867db7c113a9661118432394c624763d/2062/14435925/1/Nissan-Rogue-2026.jpg'},{url:'https://imagescdn.d2cmedia.ca/cb867db7c113a9661118432394c624763d/2062/14435925/2/Nissan-Rogue-2026.jpg'},{url:'https://imagescdn.d2cmedia.ca/cb867db7c113a9661118432394c624763d/2062/14435925/3/Nissan-Rogue-2026.jpg'},{url:'https://imagescdn.d2cmedia.ca/cb867db7c113a9661118432394c624763d/2062/14435925/4/Nissan-Rogue-2026.jpg'},{url:'https://imagescdn.d2cmedia.ca/cb867db7c113a9661118432394c624763d/2062/14435925/5/Nissan-Rogue-2026.jpg'},{url:'https://imagescdn.d2cmedia.ca/cb867db7c113a9661118432394c624763d/2062/14435925/6/Nissan-Rogue-2026.jpg'},{url:'https://imagescdn.d2cmedia.ca/cb867db7c113a9661118432394c624763d/2062/14435925/7/Nissan-Rogue-2026.jpg'},{url:'https://imagescdn.d2cmedia.ca/cb867db7c113a9661118432394c624763d/2062/14435925/8/Nissan-Rogue-2026.jpg'},{url:'https://imagescdn.d2cmedia.ca/cb867db7c113a9661118432394c624763d/2062/14435925/9/Nissan-Rogue-2026.jpg'}]",50,KM,https://www.altanissanrh.com/new/inventory/2026-Nissan-Rogue-id14435925.html,2026 Nissan Rogue Awd Platinum at Alta Nissan Richmond Hill,43771 CAD,New,Blue,Brown,2062,Alta Nissan Richmond Hill,+1-905-780-7771,"{addr1: '11667 Yonge St.', city: 'Richmond Hill', region: 'Ontario', postal_code: 'L4E 3N8', country: 'CA'}",43.9028000000,-79.4448000000,,,,,https://www.altanissanrh.com/privacy-policy.html,New,2062,In stock,,43771 CAD,Free,
JN8BT3DD2TW431301,JN8BT3DD2TW431301,RY26R337-new,Nissan,Rogue,Awd Platinum,2026,AUTOMATIC,SUV,GASOLINE,AWD,"2026 Nissan Rogue Awd Platinum, Blue exterior, All-wheel drive","[{url:'https://imagescdn.d2cmedia.ca/cb66ae004498b68fc9d034e9c3e33f6a62/2062/14445572/1/Nissan-Rogue-2026.jpg'},{url:'https://imagescdn.d2cmedia.ca/s866ae004498b68fc9d034e9c3e33f6a62/2062/14445572/1/Nissan-Rogue-2026.jpg'},{url:'https://imagescdn.d2cmedia.ca/cb66ae004498b68fc9d034e9c3e33f6a62/2062/14445572/2/Nissan-Rogue-2026.jpg'},{url:'https://imagescdn.d2cmedia.ca/cb66ae004498b68fc9d034e9c3e33f6a62/2062/14445572/3/Nissan-Rogue-2026.jpg'},{url:'https://imagescdn.d2cmedia.ca/cb66ae004498b68fc9d034e9c3e33f6a62/2062/14445572/4/Nissan-Rogue-2026.jpg'},{url:'https://imagescdn.d2cmedia.ca/cb66ae004498b68fc9d034e9c3e33f6a62/2062/14445572/5/Nissan-Rogue-2026.jpg'},{url:'https://imagescdn.d2cmedia.ca/cb66ae004498b68fc9d034e9c3e33f6a62/2062/14445572/6/Nissan-Rogue-2026.jpg'},{url:'https://imagescdn.d2cmedia.ca/cb66ae004498b68fc9d034e9c3e33f6a62/2062/14445572/7/Nissan-Rogue-2026.jpg'},{url:'https://imagescdn.d2cmedia.ca/cb66ae004498b68fc9d034e9c3e33f6a62/2062/14445572/8/Nissan-Rogue-2026.jpg'},{url:'https://imagescdn.d2cmedia.ca/cb66ae004498b68fc9d034e9c3e33f6a62/2062/14445572/9/Nissan-Rogue-2026.jpg'}]",50,KM,https://www.altanissanrh.com/new/inventory/2026-Nissan-Rogue-id14445572.html,2026 Nissan Rogue Awd Platinum at Alta Nissan Richmond Hill,43771 CAD,New,Blue,Brown,2062,Alta Nissan Richmond Hill,+1-905-780-7771,"{addr1: '11667 Yonge St.', city: 'Richmond Hill', region: 'Ontario', postal_code: 'L4E 3N8', country: 'CA'}",43.9028000000,-79.4448000000,,,,,https://www.altanissanrh.com/privacy-policy.html,New,2062,In stock,,43771 CAD,Free,
JN8BT3DD6TW015347,JN8BT3DD6TW015347,RY26R339-new,Nissan,Rogue,Awd Platinum,2026,AUTOMATIC,SUV,GASOLINE,AWD,"2026 Nissan Rogue Awd Platinum, Dark grey exterior, All-wheel drive","[{url:'https://imagescdn.d2cmedia.ca/cbfe9d94eaf79b1715047957ec37d23679/2062/14445574/1/Nissan-Rogue-2026.jpg'},{url:'https://imagescdn.d2cmedia.ca/s8fe9d94eaf79b1715047957ec37d23679/2062/14445574/1/Nissan-Rogue-2026.jpg'},{url:'https://imagescdn.d2cmedia.ca/cbfe9d94eaf79b1715047957ec37d23679/2062/14445574/2/Nissan-Rogue-2026.jpg'},{url:'https://imagescdn.d2cmedia.ca/cbfe9d94eaf79b1715047957ec37d23679/2062/14445574/3/Nissan-Rogue-2026.jpg'},{url:'https://imagescdn.d2cmedia.ca/cbfe9d94eaf79b1715047957ec37d23679/2062/14445574/4/Nissan-Rogue-2026.jpg'},{url:'https://imagescdn.d2cmedia.ca/cbfe9d94eaf79b1715047957ec37d23679/2062/14445574/5/Nissan-Rogue-2026.jpg'},{url:'https://imagescdn.d2cmedia.ca/cbfe9d94eaf79b1715047957ec37d23679/2062/14445574/6/Nissan-Rogue-2026.jpg'},{url:'https://imagescdn.d2cmedia.ca/cbfe9d94eaf79b1715047957ec37d23679/2062/14445574/7/Nissan-Rogue-2026.jpg'},{url:'https://imagescdn.d2cmedia.ca/cbfe9d94eaf79b1715047957ec37d23679/2062/14445574/8/Nissan-Rogue-2026.jpg'},{url:'https://imagescdn.d2cmedia.ca/cbfe9d94eaf79b1715047957ec37d23679/2062/14445574/9/Nissan-Rogue-2026.jpg'}]",50,KM,https://www.altanissanrh.com/new/inventory/2026-Nissan-Rogue-id14445574.html,2026 Nissan Rogue Awd Platinum at Alta Nissan Richmond Hill,43771 CAD,New,Dark grey,Dark grey,2062,Alta Nissan Richmond Hill,+1-905-780-7771,"{addr1: '11667 Yonge St.', city: 'Richmond Hill', region: 'Ontario', postal_code: 'L4E 3N8', country: 'CA'}",43.9028000000,-79.4448000000,,,,,https://www.altanissanrh.com/privacy-policy.html,New,2062,In stock,,43771 CAD,Free,
JN8BT3DD0TW494297,JN8BT3DD0TW494297,RY26R284-new,Nissan,Rogue,Awd Platinum,2026,AUTOMATIC,SUV,GASOLINE,AWD,"2026 Nissan Rogue Awd Platinum, Black exterior, All-wheel drive","[{url:'https://imagescdn.d2cmedia.ca/cbb14b1e8098323eb0fc10e6dac6d1aae7/2062/14284558/1/Nissan-Rogue-2026.jpg'},{url:'https://imagescdn.d2cmedia.ca/s8b14b1e8098323eb0fc10e6dac6d1aae7/2062/14284558/1/Nissan-Rogue-2026.jpg'},{url:'https://imagescdn.d2cmedia.ca/cbb14b1e8098323eb0fc10e6dac6d1aae7/2062/14284558/2/Nissan-Rogue-2026.jpg'},{url:'https://imagescdn.d2cmedia.ca/cbb14b1e8098323eb0fc10e6dac6d1aae7/2062/14284558/3/Nissan-Rogue-2026.jpg'},{url:'https://imagescdn.d2cmedia.ca/cbb14b1e8098323eb0fc10e6dac6d1aae7/2062/14284558/4/Nissan-Rogue-2026.jpg'},{url:'https://imagescdn.d2cmedia.ca/cbb14b1e8098323eb0fc10e6dac6d1aae7/2062/14284558/5/Nissan-Rogue-2026.jpg'},{url:'https://imagescdn.d2cmedia.ca/cbb14b1e8098323eb0fc10e6dac6d1aae7/2062/14284558/6/Nissan-Rogue-2026.jpg'},{url:'https://imagescdn.d2cmedia.ca/cbb14b1e8098323eb0fc10e6dac6d1aae7/2062/14284558/7/Nissan-Rogue-2026.jpg'},{url:'https://imagescdn.d2cmedia.ca/cbb14b1e8098323eb0fc10e6dac6d1aae7/2062/14284558/8/Nissan-Rogue-2026.jpg'},{url:'https://imagescdn.d2cmedia.ca/cbb14b1e8098323eb0fc10e6dac6d1aae7/2062/14284558/9/Nissan-Rogue-2026.jpg'}]",50,KM,https://www.altanissanrh.com/new/inventory/2026-Nissan-Rogue-id14284558.html,2026 Nissan Rogue Awd Platinum at Alta Nissan Richmond Hill,43521 CAD,New,Black,Dark grey,2062,Alta Nissan Richmond Hill,+1-905-780-7771,"{addr1: '11667 Yonge St.', city: 'Richmond Hill', region: 'Ontario', postal_code: 'L4E 3N8', country: 'CA'}",43.9028000000,-79.4448000000,,,,,https://www.altanissanrh.com/privacy-policy.html,New,2062,In stock,,43521 CAD,Free,
JN8BT3DD5TW430059,JN8BT3DD5TW430059,RY26R288-new,Nissan,Rogue,Awd Platinum,2026,AUTOMATIC,SUV,GASOLINE,AWD,"2026 Nissan Rogue Awd Platinum, Black exterior, All-wheel drive","[{url:'https://imagescdn.d2cmedia.ca/cb1f2bba7e4ef68b3555be20ee044656d4/2062/14289749/1/Nissan-Rogue-2026.jpg'},{url:'https://imagescdn.d2cmedia.ca/s81f2bba7e4ef68b3555be20ee044656d4/2062/14289749/1/Nissan-Rogue-2026.jpg'},{url:'https://imagescdn.d2cmedia.ca/cb1f2bba7e4ef68b3555be20ee044656d4/2062/14289749/2/Nissan-Rogue-2026.jpg'},{url:'https://imagescdn.d2cmedia.ca/cb1f2bba7e4ef68b3555be20ee044656d4/2062/14289749/3/Nissan-Rogue-2026.jpg'},{url:'https://imagescdn.d2cmedia.ca/cb1f2bba7e4ef68b3555be20ee044656d4/2062/14289749/4/Nissan-Rogue-2026.jpg'},{url:'https://imagescdn.d2cmedia.ca/cb1f2bba7e4ef68b3555be20ee044656d4/2062/14289749/5/Nissan-Rogue-2026.jpg'},{url:'https://imagescdn.d2cmedia.ca/cb1f2bba7e4ef68b3555be20ee044656d4/2062/14289749/6/Nissan-Rogue-2026.jpg'},{url:'https://imagescdn.d2cmedia.ca/cb1f2bba7e4ef68b3555be20ee044656d4/2062/14289749/7/Nissan-Rogue-2026.jpg'},{url:'https://imagescdn.d2cmedia.ca/cb1f2bba7e4ef68b3555be20ee044656d4/2062/14289749/8/Nissan-Rogue-2026.jpg'},{url:'https://imagescdn.d2cmedia.ca/cb1f2bba7e4ef68b3555be20ee044656d4/2062/14289749/9/Nissan-Rogue-2026.jpg'}]",50,KM,https://www.altanissanrh.com/new/inventory/2026-Nissan-Rogue-id14289749.html,2026 Nissan Rogue Awd Platinum at Alta Nissan Richmond Hill,43521 CAD,New,Black,Dark grey,2062,Alta Nissan Richmond Hill,+1-905-780-7771,"{addr1: '11667 Yonge St.', city: 'Richmond Hill', region: 'Ontario', postal_code: 'L4E 3N8', country: 'CA'}",43.9028000000,-79.4448000000,,,,,https://www.altanissanrh.com/privacy-policy.html,New,2062,In stock,,43521 CAD,Free,
JN8BT3DD8TW430184,JN8BT3DD8TW430184,RY26R293-new,Nissan,Rogue,Awd Platinum,2026,AUTOMATIC,SUV,GASOLINE,AWD,"2026 Nissan Rogue Awd Platinum, Black exterior, All-wheel drive","[{url:'https://imagescdn.d2cmedia.ca/cb25f14dd90c1b83204c5cad67851caba8/2062/14289754/1/Nissan-Rogue-2026.jpg'},{url:'https://imagescdn.d2cmedia.ca/s825f14dd90c1b83204c5cad67851caba8/2062/14289754/1/Nissan-Rogue-2026.jpg'},{url:'https://imagescdn.d2cmedia.ca/cb25f14dd90c1b83204c5cad67851caba8/2062/14289754/2/Nissan-Rogue-2026.jpg'},{url:'https://imagescdn.d2cmedia.ca/cb25f14dd90c1b83204c5cad67851caba8/2062/14289754/3/Nissan-Rogue-2026.jpg'},{url:'https://imagescdn.d2cmedia.ca/cb25f14dd90c1b83204c5cad67851caba8/2062/14289754/4/Nissan-Rogue-2026.jpg'},{url:'https://imagescdn.d2cmedia.ca/cb25f14dd90c1b83204c5cad67851caba8/2062/14289754/5/Nissan-Rogue-2026.jpg'},{url:'https://imagescdn.d2cmedia.ca/cb25f14dd90c1b83204c5cad67851caba8/2062/14289754/6/Nissan-Rogue-2026.jpg'},{url:'https://imagescdn.d2cmedia.ca/cb25f14dd90c1b83204c5cad67851caba8/2062/14289754/7/Nissan-Rogue-2026.jpg'},{url:'https://imagescdn.d2cmedia.ca/cb25f14dd90c1b83204c5cad67851caba8/2062/14289754/8/Nissan-Rogue-2026.jpg'},{url:'https://imagescdn.d2cmedia.ca/cb25f14dd90c1b83204c5cad67851caba8/2062/14289754/9/Nissan-Rogue-2026.jpg'}]",50,KM,https://www.altanissanrh.com/new/inventory/2026-Nissan-Rogue-id14289754.html,2026 Nissan Rogue Awd Platinum at Alta Nissan Richmond Hill,43521 CAD,New,Black,Dark grey,2062,Alta Nissan Richmond Hill,+1-905-780-7771,"{addr1: '11667 Yonge St.', city: 'Richmond Hill', region: 'Ontario', postal_code: 'L4E 3N8', country: 'CA'}",43.9028000000,-79.4448000000,,,,,https://www.altanissanrh.com/privacy-policy.html,New,2062,In stock,,43521 CAD,Free,
JN8BT3DD3TW431095,JN8BT3DD3TW431095,RY26R330-new,Nissan,Rogue,Awd Platinum,2026,AUTOMATIC,SUV,GASOLINE,AWD,"2026 Nissan Rogue Awd Platinum, Black exterior, All-wheel drive","[{url:'https://imagescdn.d2cmedia.ca/cb812438d0adf738149e53954bc6834c22/2062/14395943/1/Nissan-Rogue-2026.jpg'},{url:'https://imagescdn.d2cmedia.ca/s8812438d0adf738149e53954bc6834c22/2062/14395943/1/Nissan-Rogue-2026.jpg'},{url:'https://imagescdn.d2cmedia.ca/cb812438d0adf738149e53954bc6834c22/2062/14395943/2/Nissan-Rogue-2026.jpg'},{url:'https://imagescdn.d2cmedia.ca/cb812438d0adf738149e53954bc6834c22/2062/14395943/3/Nissan-Rogue-2026.jpg'},{url:'https://imagescdn.d2cmedia.ca/cb812438d0adf738149e53954bc6834c22/2062/14395943/4/Nissan-Rogue-2026.jpg'},{url:'https://imagescdn.d2cmedia.ca/cb812438d0adf738149e53954bc6834c22/2062/14395943/5/Nissan-Rogue-2026.jpg'},{url:'https://imagescdn.d2cmedia.ca/cb812438d0adf738149e53954bc6834c22/2062/14395943/6/Nissan-Rogue-2026.jpg'},{url:'https://imagescdn.d2cmedia.ca/cb812438d0adf738149e53954bc6834c22/2062/14395943/7/Nissan-Rogue-2026.jpg'},{url:'https://imagescdn.d2cmedia.ca/cb812438d0adf738149e53954bc6834c22/2062/14395943/8/Nissan-Rogue-2026.jpg'},{url:'https://imagescdn.d2cmedia.ca/cb812438d0adf738149e53954bc6834c22/2062/14395943/9/Nissan-Rogue-2026.jpg'}]",50,KM,https://www.altanissanrh.com/new/inventory/2026-Nissan-Rogue-id14395943.html,2026 Nissan Rogue Awd Platinum at Alta Nissan Richmond Hill,43521 CAD,New,Black,Dark grey,2062,Alta Nissan Richmond Hill,+1-905-780-7771,"{addr1: '11667 Yonge St.', city: 'Richmond Hill', region: 'Ontario', postal_code: 'L4E 3N8', country: 'CA'}",43.9028000000,-79.4448000000,,,,,https://www.altanissanrh.com/privacy-policy.html,New,2062,In stock,,43521 CAD,Free,
JN8BT3BB2TW387253,JN8BT3BB2TW387253,RY26R283-new,Nissan,Rogue,Awd Rock Creek,2026,AUTOMATIC,SUV,GASOLINE,AWD,"2026 Nissan Rogue Awd Rock Creek, Grey exterior, All-wheel drive","[{url:'https://imagescdn.d2cmedia.ca/cb0986bbb3ff46a9378b5a9687c609f008/2062/14284557/1/Nissan-Rogue-2026.jpg'},{url:'https://imagescdn.d2cmedia.ca/s80986bbb3ff46a9378b5a9687c609f008/2062/14284557/1/Nissan-Rogue-2026.jpg'},{url:'https://imagescdn.d2cmedia.ca/cb0986bbb3ff46a9378b5a9687c609f008/2062/14284557/2/Nissan-Rogue-2026.jpg'},{url:'https://imagescdn.d2cmedia.ca/cb0986bbb3ff46a9378b5a9687c609f008/2062/14284557/3/Nissan-Rogue-2026.jpg'},{url:'https://imagescdn.d2cmedia.ca/cb0986bbb3ff46a9378b5a9687c609f008/2062/14284557/4/Nissan-Rogue-2026.jpg'},{url:'https://imagescdn.d2cmedia.ca/cb0986bbb3ff46a9378b5a9687c609f008/2062/14284557/5/Nissan-Rogue-2026.jpg'},{url:'https://imagescdn.d2cmedia.ca/cb0986bbb3ff46a9378b5a9687c609f008/2062/14284557/6/Nissan-Rogue-2026.jpg'},{url:'https://imagescdn.d2cmedia.ca/cb0986bbb3ff46a9378b5a9687c609f008/2062/14284557/7/Nissan-Rogue-2026.jpg'},{url:'https://imagescdn.d2cmedia.ca/cb0986bbb3ff46a9378b5a9687c609f008/2062/14284557/8/Nissan-Rogue-2026.jpg'},{url:'https://imagescdn.d2cmedia.ca/cb0986bbb3ff46a9378b5a9687c609f008/2062/14284557/9/Nissan-Rogue-2026.jpg'}]",50,KM,https://www.altanissanrh.com/new/inventory/2026-Nissan-Rogue-id14284557.html,2026 Nissan Rogue Awd Rock Creek at Alta Nissan Richmond Hill,40716 CAD,New,Grey,Dark grey,2062,Alta Nissan Richmond Hill,+1-905-780-7771,"{addr1: '11667 Yonge St.', city: 'Richmond Hill', region: 'Ontario', postal_code: 'L4E 3N8', country: 'CA'}",43.9028000000,-79.4448000000,,,,,https://www.altanissanrh.com/privacy-policy.html,New,2062,In stock,,40716 CAD,Free,
JN8BT3BBXTW388523,JN8BT3BBXTW388523,RY26R292-new,Nissan,Rogue,Awd Rock Creek,2026,AUTOMATIC,SUV,GASOLINE,AWD,"2026 Nissan Rogue Awd Rock Creek, 2-Tone Baja Storm exterior, All-wheel drive","[{url:'https://imagescdn.d2cmedia.ca/cb23366e4ea428a9d8cfe8de2fc5fb2764/2062/14289753/1/Nissan-Rogue-2026.jpg'},{url:'https://imagescdn.d2cmedia.ca/s823366e4ea428a9d8cfe8de2fc5fb2764/2062/14289753/1/Nissan-Rogue-2026.jpg'},{url:'https://imagescdn.d2cmedia.ca/cb23366e4ea428a9d8cfe8de2fc5fb2764/2062/14289753/2/Nissan-Rogue-2026.jpg'},{url:'https://imagescdn.d2cmedia.ca/cb23366e4ea428a9d8cfe8de2fc5fb2764/2062/14289753/3/Nissan-Rogue-2026.jpg'},{url:'https://imagescdn.d2cmedia.ca/cb23366e4ea428a9d8cfe8de2fc5fb2764/2062/14289753/4/Nissan-Rogue-2026.jpg'},{url:'https://imagescdn.d2cmedia.ca/cb23366e4ea428a9d8cfe8de2fc5fb2764/2062/14289753/5/Nissan-Rogue-2026.jpg'},{url:'https://imagescdn.d2cmedia.ca/cb23366e4ea428a9d8cfe8de2fc5fb2764/2062/14289753/6/Nissan-Rogue-2026.jpg'},{url:'https://imagescdn.d2cmedia.ca/cb23366e4ea428a9d8cfe8de2fc5fb2764/2062/14289753/7/Nissan-Rogue-2026.jpg'},{url:'https://imagescdn.d2cmedia.ca/cb23366e4ea428a9d8cfe8de2fc5fb2764/2062/14289753/8/Nissan-Rogue-2026.jpg'},{url:'https://imagescdn.d2cmedia.ca/cb23366e4ea428a9d8cfe8de2fc5fb2764/2062/14289753/9/Nissan-Rogue-2026.jpg'}]",50,KM,https://www.altanissanrh.com/new/inventory/2026-Nissan-Rogue-id14289753.html,2026 Nissan Rogue Awd Rock Creek at Alta Nissan Richmond Hill,40716 CAD,New,2-Tone Baja Storm,Dark grey,2062,Alta Nissan Richmond Hill,+1-905-780-7771,"{addr1: '11667 Yonge St.', city: 'Richmond Hill', region: 'Ontario', postal_code: 'L4E 3N8', country: 'CA'}",43.9028000000,-79.4448000000,,,,,https://www.altanissanrh.com/privacy-policy.html,New,2062,In stock,,40716 CAD,Free,
JN8BT3BB3TW387326,JN8BT3BB3TW387326,RY26R300-new,Nissan,Rogue,Awd Rock Creek,2026,AUTOMATIC,SUV,GASOLINE,AWD,"2026 Nissan Rogue Awd Rock Creek, Grey exterior, All-wheel drive","[{url:'https://imagescdn.d2cmedia.ca/cb041482345e279e00abd05e9ed3de1019/2062/14289761/1/Nissan-Rogue-2026.jpg'},{url:'https://imagescdn.d2cmedia.ca/s8041482345e279e00abd05e9ed3de1019/2062/14289761/1/Nissan-Rogue-2026.jpg'},{url:'https://imagescdn.d2cmedia.ca/cb041482345e279e00abd05e9ed3de1019/2062/14289761/2/Nissan-Rogue-2026.jpg'},{url:'https://imagescdn.d2cmedia.ca/cb041482345e279e00abd05e9ed3de1019/2062/14289761/3/Nissan-Rogue-2026.jpg'},{url:'https://imagescdn.d2cmedia.ca/cb041482345e279e00abd05e9ed3de1019/2062/14289761/4/Nissan-Rogue-2026.jpg'},{url:'https://imagescdn.d2cmedia.ca/cb041482345e279e00abd05e9ed3de1019/2062/14289761/5/Nissan-Rogue-2026.jpg'},{url:'https://imagescdn.d2cmedia.ca/cb041482345e279e00abd05e9ed3de1019/2062/14289761/6/Nissan-Rogue-2026.jpg'},{url:'https://imagescdn.d2cmedia.ca/cb041482345e279e00abd05e9ed3de1019/2062/14289761/7/Nissan-Rogue-2026.jpg'},{url:'https://imagescdn.d2cmedia.ca/cb041482345e279e00abd05e9ed3de1019/2062/14289761/8/Nissan-Rogue-2026.jpg'},{url:'https://imagescdn.d2cmedia.ca/cb041482345e279e00abd05e9ed3de1019/2062/14289761/9/Nissan-Rogue-2026.jpg'}]",50,KM,https://www.altanissanrh.com/new/inventory/2026-Nissan-Rogue-id14289761.html,2026 Nissan Rogue Awd Rock Creek at Alta Nissan Richmond Hill,40716 CAD,New,Grey,Dark grey,2062,Alta Nissan Richmond Hill,+1-905-780-7771,"{addr1: '11667 Yonge St.', city: 'Richmond Hill', region: 'Ontario', postal_code: 'L4E 3N8', country: 'CA'}",43.9028000000,-79.4448000000,,,,,https://www.altanissanrh.com/privacy-policy.html,New,2062,In stock,,40716 CAD,Free,
JN8BT3BB7TW387040,JN8BT3BB7TW387040,RY26R309-new,Nissan,Rogue,Awd Rock Creek,2026,AUTOMATIC,SUV,GASOLINE,AWD,"2026 Nissan Rogue Awd Rock Creek, 2-Tone Baja Storm exterior, All-wheel drive","[{url:'https://imagescdn.d2cmedia.ca/cb25f0d28363cc1fd888d684f503db3b45/2062/14308348/1/Nissan-Rogue-2026.jpg'},{url:'https://imagescdn.d2cmedia.ca/s825f0d28363cc1fd888d684f503db3b45/2062/14308348/1/Nissan-Rogue-2026.jpg'},{url:'https://imagescdn.d2cmedia.ca/cb25f0d28363cc1fd888d684f503db3b45/2062/14308348/2/Nissan-Rogue-2026.jpg'},{url:'https://imagescdn.d2cmedia.ca/cb25f0d28363cc1fd888d684f503db3b45/2062/14308348/3/Nissan-Rogue-2026.jpg'},{url:'https://imagescdn.d2cmedia.ca/cb25f0d28363cc1fd888d684f503db3b45/2062/14308348/4/Nissan-Rogue-2026.jpg'},{url:'https://imagescdn.d2cmedia.ca/cb25f0d28363cc1fd888d684f503db3b45/2062/14308348/5/Nissan-Rogue-2026.jpg'},{url:'https://imagescdn.d2cmedia.ca/cb25f0d28363cc1fd888d684f503db3b45/2062/14308348/6/Nissan-Rogue-2026.jpg'},{url:'https://imagescdn.d2cmedia.ca/cb25f0d28363cc1fd888d684f503db3b45/2062/14308348/7/Nissan-Rogue-2026.jpg'},{url:'https://imagescdn.d2cmedia.ca/cb25f0d28363cc1fd888d684f503db3b45/2062/14308348/8/Nissan-Rogue-2026.jpg'},{url:'https://imagescdn.d2cmedia.ca/cb25f0d28363cc1fd888d684f503db3b45/2062/14308348/9/Nissan-Rogue-2026.jpg'}]",50,KM,https://www.altanissanrh.com/new/inventory/2026-Nissan-Rogue-id14308348.html,2026 Nissan Rogue Awd Rock Creek at Alta Nissan Richmond Hill,40716 CAD,New,2-Tone Baja Storm,Dark grey,2062,Alta Nissan Richmond Hill,+1-905-780-7771,"{addr1: '11667 Yonge St.', city: 'Richmond Hill', region: 'Ontario', postal_code: 'L4E 3N8', country: 'CA'}",43.9028000000,-79.4448000000,,,,,https://www.altanissanrh.com/privacy-policy.html,New,2062,In stock,,40716 CAD,Free,
JN8BT3BB2TW388838,JN8BT3BB2TW388838,RY26R327-new,Nissan,Rogue,Awd Rock Creek,2026,AUTOMATIC,SUV,GASOLINE,AWD,"2026 Nissan Rogue Awd Rock Creek, 2-Tone Baja Storm exterior, All-wheel drive","[{url:'https://imagescdn.d2cmedia.ca/cb271f511e70c9130458a4e3bdc817a07f/2062/14389562/1/Nissan-Rogue-2026.jpg'},{url:'https://imagescdn.d2cmedia.ca/s8271f511e70c9130458a4e3bdc817a07f/2062/14389562/1/Nissan-Rogue-2026.jpg'},{url:'https://imagescdn.d2cmedia.ca/cb271f511e70c9130458a4e3bdc817a07f/2062/14389562/2/Nissan-Rogue-2026.jpg'},{url:'https://imagescdn.d2cmedia.ca/cb271f511e70c9130458a4e3bdc817a07f/2062/14389562/3/Nissan-Rogue-2026.jpg'},{url:'https://imagescdn.d2cmedia.ca/cb271f511e70c9130458a4e3bdc817a07f/2062/14389562/4/Nissan-Rogue-2026.jpg'},{url:'https://imagescdn.d2cmedia.ca/cb271f511e70c9130458a4e3bdc817a07f/2062/14389562/5/Nissan-Rogue-2026.jpg'},{url:'https://imagescdn.d2cmedia.ca/cb271f511e70c9130458a4e3bdc817a07f/2062/14389562/6/Nissan-Rogue-2026.jpg'},{url:'https://imagescdn.d2cmedia.ca/cb271f511e70c9130458a4e3bdc817a07f/2062/14389562/7/Nissan-Rogue-2026.jpg'},{url:'https://imagescdn.d2cmedia.ca/cb271f511e70c9130458a4e3bdc817a07f/2062/14389562/8/Nissan-Rogue-2026.jpg'},{url:'https://imagescdn.d2cmedia.ca/cb271f511e70c9130458a4e3bdc817a07f/2062/14389562/9/Nissan-Rogue-2026.jpg'}]",50,KM,https://www.altanissanrh.com/new/inventory/2026-Nissan-Rogue-id14389562.html,2026 Nissan Rogue Awd Rock Creek at Alta Nissan Richmond Hill,40716 CAD,New,2-Tone Baja Storm,Dark grey,2062,Alta Nissan Richmond Hill,+1-905-780-7771,"{addr1: '11667 Yonge St.', city: 'Richmond Hill', region: 'Ontario', postal_code: 'L4E 3N8', country: 'CA'}",43.9028000000,-79.4448000000,,,,,https://www.altanissanrh.com/privacy-policy.html,New,2062,In stock,,40716 CAD,Free,
