vehicle_id,vin,stock_number,make,model,trim,year,transmission,body_style,fuel_type,drivetrain,description,image,mileage.value,mileage.unit,url,title,price,state_of_vehicle,exterior_color,interior_color,dealer_id,dealer_name,dealer_phone,address,latitude,longitude,fb_page_id,features,vehicle_specifications,dealer_communication_channel,dealer_privacy_policy_url,custom_label_0,custom_label_1,custom_label_3,days_on_lot,sale_price,Sponsor,Range
2HGFE2F29TH109767,2HGFE2F29TH109767,26674-new,Honda,Civic Sedan,4DR CVT LX,2026,AUTOMATIC,SEDAN,GASOLINE,,"2026 Honda Civic Sedan 4DR CVT LX, White exterior","[{url:'https://imagescdn.d2cmedia.ca/cb3e99b1a3ae0fb8fdfc6e699f62a3ddc5/2214/13636691/1/Honda-Civic Sedan-2026.jpg'},{url:'https://imagescdn.d2cmedia.ca/s83e99b1a3ae0fb8fdfc6e699f62a3ddc5/2214/13636691/1/Honda-Civic_Sedan-2026.jpg'},{url:'https://imagescdn.d2cmedia.ca/cb3e99b1a3ae0fb8fdfc6e699f62a3ddc5/2214/13636691/1/Honda-Civic_Sedan-2026.jpg'},{url:'https://imagescdn.d2cmedia.ca/cb3e99b1a3ae0fb8fdfc6e699f62a3ddc5/2214/13636691/2/Honda-Civic_Sedan-2026.jpg'},{url:'https://imagescdn.d2cmedia.ca/cb3e99b1a3ae0fb8fdfc6e699f62a3ddc5/2214/13636691/3/Honda-Civic_Sedan-2026.jpg'},{url:'https://imagescdn.d2cmedia.ca/cb3e99b1a3ae0fb8fdfc6e699f62a3ddc5/2214/13636691/4/Honda-Civic_Sedan-2026.jpg'},{url:'https://imagescdn.d2cmedia.ca/cb3e99b1a3ae0fb8fdfc6e699f62a3ddc5/2214/13636691/5/Honda-Civic_Sedan-2026.jpg'},{url:'https://imagescdn.d2cmedia.ca/cb3e99b1a3ae0fb8fdfc6e699f62a3ddc5/2214/13636691/6/Honda-Civic_Sedan-2026.jpg'},{url:'https://imagescdn.d2cmedia.ca/cb3e99b1a3ae0fb8fdfc6e699f62a3ddc5/2214/13636691/7/Honda-Civic_Sedan-2026.jpg'},{url:'https://imagescdn.d2cmedia.ca/cb3e99b1a3ae0fb8fdfc6e699f62a3ddc5/2214/13636691/8/Honda-Civic_Sedan-2026.jpg'}]",0,KM,https://www.castlehonda.ca/new/inventory/2026-Honda-Civic_Sedan-id13636691.html,2026 Honda Civic Sedan 4DR CVT LX at Castle Honda,31305 CAD,New,White,,2214,Castle Honda,+1-416-745-7060,"{addr1: '370 Rexdale Blvd.', city: 'Etobicoke', region: 'Ontario', postal_code: 'M9W 1R6', country: 'CA'}",43.7180000000,-79.5860000000,,,,,https://www.castlehonda.ca/privacy-policy.html,New,2214,In stock,,31305 CAD,Free,
2HGFE2F28TH110442,2HGFE2F28TH110442,26726-new,Honda,Civic Sedan,4DR CVT LX,2026,AUTOMATIC,SEDAN,GASOLINE,,"2026 Honda Civic Sedan 4DR CVT LX, White exterior","[{url:'https://imagescdn.d2cmedia.ca/cbf63207d0e2496afe099690a0f3b17d6f/2214/13705419/1/Honda-Civic Sedan-2026.jpg'},{url:'https://imagescdn.d2cmedia.ca/s8f63207d0e2496afe099690a0f3b17d6f/2214/13705419/1/Honda-Civic_Sedan-2026.jpg'},{url:'https://imagescdn.d2cmedia.ca/cbf63207d0e2496afe099690a0f3b17d6f/2214/13705419/1/Honda-Civic_Sedan-2026.jpg'},{url:'https://imagescdn.d2cmedia.ca/cbf63207d0e2496afe099690a0f3b17d6f/2214/13705419/2/Honda-Civic_Sedan-2026.jpg'},{url:'https://imagescdn.d2cmedia.ca/cbf63207d0e2496afe099690a0f3b17d6f/2214/13705419/3/Honda-Civic_Sedan-2026.jpg'},{url:'https://imagescdn.d2cmedia.ca/cbf63207d0e2496afe099690a0f3b17d6f/2214/13705419/4/Honda-Civic_Sedan-2026.jpg'},{url:'https://imagescdn.d2cmedia.ca/cbf63207d0e2496afe099690a0f3b17d6f/2214/13705419/5/Honda-Civic_Sedan-2026.jpg'},{url:'https://imagescdn.d2cmedia.ca/cbf63207d0e2496afe099690a0f3b17d6f/2214/13705419/6/Honda-Civic_Sedan-2026.jpg'},{url:'https://imagescdn.d2cmedia.ca/cbf63207d0e2496afe099690a0f3b17d6f/2214/13705419/7/Honda-Civic_Sedan-2026.jpg'},{url:'https://imagescdn.d2cmedia.ca/cbf63207d0e2496afe099690a0f3b17d6f/2214/13705419/8/Honda-Civic_Sedan-2026.jpg'}]",0,KM,https://www.castlehonda.ca/new/inventory/2026-Honda-Civic_Sedan-id13705419.html,2026 Honda Civic Sedan 4DR CVT LX at Castle Honda,31305 CAD,New,White,,2214,Castle Honda,+1-416-745-7060,"{addr1: '370 Rexdale Blvd.', city: 'Etobicoke', region: 'Ontario', postal_code: 'M9W 1R6', country: 'CA'}",43.7180000000,-79.5860000000,,,,,https://www.castlehonda.ca/privacy-policy.html,New,2214,In stock,,31305 CAD,Free,
2HGFE2F2XTH110443,2HGFE2F2XTH110443,26727-new,Honda,Civic Sedan,4DR CVT LX,2026,AUTOMATIC,SEDAN,GASOLINE,,"2026 Honda Civic Sedan 4DR CVT LX, White exterior","[{url:'https://imagescdn.d2cmedia.ca/cb3fa36b601d1107cbb6d318b8c2eafeda/2214/13705420/1/Honda-Civic Sedan-2026.jpg'},{url:'https://imagescdn.d2cmedia.ca/s83fa36b601d1107cbb6d318b8c2eafeda/2214/13705420/1/Honda-Civic_Sedan-2026.jpg'},{url:'https://imagescdn.d2cmedia.ca/cb3fa36b601d1107cbb6d318b8c2eafeda/2214/13705420/1/Honda-Civic_Sedan-2026.jpg'},{url:'https://imagescdn.d2cmedia.ca/cb3fa36b601d1107cbb6d318b8c2eafeda/2214/13705420/2/Honda-Civic_Sedan-2026.jpg'},{url:'https://imagescdn.d2cmedia.ca/cb3fa36b601d1107cbb6d318b8c2eafeda/2214/13705420/3/Honda-Civic_Sedan-2026.jpg'},{url:'https://imagescdn.d2cmedia.ca/cb3fa36b601d1107cbb6d318b8c2eafeda/2214/13705420/4/Honda-Civic_Sedan-2026.jpg'},{url:'https://imagescdn.d2cmedia.ca/cb3fa36b601d1107cbb6d318b8c2eafeda/2214/13705420/5/Honda-Civic_Sedan-2026.jpg'},{url:'https://imagescdn.d2cmedia.ca/cb3fa36b601d1107cbb6d318b8c2eafeda/2214/13705420/6/Honda-Civic_Sedan-2026.jpg'},{url:'https://imagescdn.d2cmedia.ca/cb3fa36b601d1107cbb6d318b8c2eafeda/2214/13705420/7/Honda-Civic_Sedan-2026.jpg'},{url:'https://imagescdn.d2cmedia.ca/cb3fa36b601d1107cbb6d318b8c2eafeda/2214/13705420/8/Honda-Civic_Sedan-2026.jpg'}]",0,KM,https://www.castlehonda.ca/new/inventory/2026-Honda-Civic_Sedan-id13705420.html,2026 Honda Civic Sedan 4DR CVT LX at Castle Honda,31305 CAD,New,White,,2214,Castle Honda,+1-416-745-7060,"{addr1: '370 Rexdale Blvd.', city: 'Etobicoke', region: 'Ontario', postal_code: 'M9W 1R6', country: 'CA'}",43.7180000000,-79.5860000000,,,,,https://www.castlehonda.ca/privacy-policy.html,New,2214,In stock,,31305 CAD,Free,
2HGFE2F23TH110431,2HGFE2F23TH110431,26728-new,Honda,Civic Sedan,4DR CVT LX,2026,AUTOMATIC,SEDAN,GASOLINE,,"2026 Honda Civic Sedan 4DR CVT LX, White exterior","[{url:'https://imagescdn.d2cmedia.ca/cb321068e8ad0475565a0375dca4e7a47e/2214/13705421/1/Honda-Civic Sedan-2026.jpg'},{url:'https://imagescdn.d2cmedia.ca/s8321068e8ad0475565a0375dca4e7a47e/2214/13705421/1/Honda-Civic_Sedan-2026.jpg'},{url:'https://imagescdn.d2cmedia.ca/cb321068e8ad0475565a0375dca4e7a47e/2214/13705421/1/Honda-Civic_Sedan-2026.jpg'},{url:'https://imagescdn.d2cmedia.ca/cb321068e8ad0475565a0375dca4e7a47e/2214/13705421/2/Honda-Civic_Sedan-2026.jpg'},{url:'https://imagescdn.d2cmedia.ca/cb321068e8ad0475565a0375dca4e7a47e/2214/13705421/3/Honda-Civic_Sedan-2026.jpg'},{url:'https://imagescdn.d2cmedia.ca/cb321068e8ad0475565a0375dca4e7a47e/2214/13705421/4/Honda-Civic_Sedan-2026.jpg'},{url:'https://imagescdn.d2cmedia.ca/cb321068e8ad0475565a0375dca4e7a47e/2214/13705421/5/Honda-Civic_Sedan-2026.jpg'},{url:'https://imagescdn.d2cmedia.ca/cb321068e8ad0475565a0375dca4e7a47e/2214/13705421/6/Honda-Civic_Sedan-2026.jpg'},{url:'https://imagescdn.d2cmedia.ca/cb321068e8ad0475565a0375dca4e7a47e/2214/13705421/7/Honda-Civic_Sedan-2026.jpg'},{url:'https://imagescdn.d2cmedia.ca/cb321068e8ad0475565a0375dca4e7a47e/2214/13705421/8/Honda-Civic_Sedan-2026.jpg'}]",0,KM,https://www.castlehonda.ca/new/inventory/2026-Honda-Civic_Sedan-id13705421.html,2026 Honda Civic Sedan 4DR CVT LX at Castle Honda,31305 CAD,New,White,,2214,Castle Honda,+1-416-745-7060,"{addr1: '370 Rexdale Blvd.', city: 'Etobicoke', region: 'Ontario', postal_code: 'M9W 1R6', country: 'CA'}",43.7180000000,-79.5860000000,,,,,https://www.castlehonda.ca/privacy-policy.html,New,2214,In stock,,31305 CAD,Free,
2HGFE2F23TH110428,2HGFE2F23TH110428,26729-new,Honda,Civic Sedan,4DR CVT LX,2026,AUTOMATIC,SEDAN,GASOLINE,,"2026 Honda Civic Sedan 4DR CVT LX, White exterior","[{url:'https://imagescdn.d2cmedia.ca/cb4edd6499594e5113523cef1d1601c3fb/2214/13705422/1/Honda-Civic Sedan-2026.jpg'},{url:'https://imagescdn.d2cmedia.ca/s84edd6499594e5113523cef1d1601c3fb/2214/13705422/1/Honda-Civic_Sedan-2026.jpg'},{url:'https://imagescdn.d2cmedia.ca/cb4edd6499594e5113523cef1d1601c3fb/2214/13705422/1/Honda-Civic_Sedan-2026.jpg'},{url:'https://imagescdn.d2cmedia.ca/cb4edd6499594e5113523cef1d1601c3fb/2214/13705422/2/Honda-Civic_Sedan-2026.jpg'},{url:'https://imagescdn.d2cmedia.ca/cb4edd6499594e5113523cef1d1601c3fb/2214/13705422/3/Honda-Civic_Sedan-2026.jpg'},{url:'https://imagescdn.d2cmedia.ca/cb4edd6499594e5113523cef1d1601c3fb/2214/13705422/4/Honda-Civic_Sedan-2026.jpg'},{url:'https://imagescdn.d2cmedia.ca/cb4edd6499594e5113523cef1d1601c3fb/2214/13705422/5/Honda-Civic_Sedan-2026.jpg'},{url:'https://imagescdn.d2cmedia.ca/cb4edd6499594e5113523cef1d1601c3fb/2214/13705422/6/Honda-Civic_Sedan-2026.jpg'},{url:'https://imagescdn.d2cmedia.ca/cb4edd6499594e5113523cef1d1601c3fb/2214/13705422/7/Honda-Civic_Sedan-2026.jpg'},{url:'https://imagescdn.d2cmedia.ca/cb4edd6499594e5113523cef1d1601c3fb/2214/13705422/8/Honda-Civic_Sedan-2026.jpg'}]",0,KM,https://www.castlehonda.ca/new/inventory/2026-Honda-Civic_Sedan-id13705422.html,2026 Honda Civic Sedan 4DR CVT LX at Castle Honda,31305 CAD,New,White,,2214,Castle Honda,+1-416-745-7060,"{addr1: '370 Rexdale Blvd.', city: 'Etobicoke', region: 'Ontario', postal_code: 'M9W 1R6', country: 'CA'}",43.7180000000,-79.5860000000,,,,,https://www.castlehonda.ca/privacy-policy.html,New,2214,In stock,,31305 CAD,Free,
2HGFE2F25TH112648,2HGFE2F25TH112648,26823-new,Honda,Civic Sedan,4DR CVT LX,2026,AUTOMATIC,SEDAN,GASOLINE,,"2026 Honda Civic Sedan 4DR CVT LX, White exterior","[{url:'https://imagescdn.d2cmedia.ca/cbe3d1bd6a48d77d183e57b2477bc9f753/2214/13829313/1/Honda-Civic Sedan-2026.jpg'},{url:'https://imagescdn.d2cmedia.ca/s8e3d1bd6a48d77d183e57b2477bc9f753/2214/13829313/1/Honda-Civic_Sedan-2026.jpg'},{url:'https://imagescdn.d2cmedia.ca/cbe3d1bd6a48d77d183e57b2477bc9f753/2214/13829313/1/Honda-Civic_Sedan-2026.jpg'},{url:'https://imagescdn.d2cmedia.ca/cbe3d1bd6a48d77d183e57b2477bc9f753/2214/13829313/2/Honda-Civic_Sedan-2026.jpg'},{url:'https://imagescdn.d2cmedia.ca/cbe3d1bd6a48d77d183e57b2477bc9f753/2214/13829313/3/Honda-Civic_Sedan-2026.jpg'},{url:'https://imagescdn.d2cmedia.ca/cbe3d1bd6a48d77d183e57b2477bc9f753/2214/13829313/4/Honda-Civic_Sedan-2026.jpg'},{url:'https://imagescdn.d2cmedia.ca/cbe3d1bd6a48d77d183e57b2477bc9f753/2214/13829313/5/Honda-Civic_Sedan-2026.jpg'},{url:'https://imagescdn.d2cmedia.ca/cbe3d1bd6a48d77d183e57b2477bc9f753/2214/13829313/6/Honda-Civic_Sedan-2026.jpg'},{url:'https://imagescdn.d2cmedia.ca/cbe3d1bd6a48d77d183e57b2477bc9f753/2214/13829313/7/Honda-Civic_Sedan-2026.jpg'},{url:'https://imagescdn.d2cmedia.ca/cbe3d1bd6a48d77d183e57b2477bc9f753/2214/13829313/8/Honda-Civic_Sedan-2026.jpg'}]",0,KM,https://www.castlehonda.ca/new/inventory/2026-Honda-Civic_Sedan-id13829313.html,2026 Honda Civic Sedan 4DR CVT LX at Castle Honda,31305 CAD,New,White,,2214,Castle Honda,+1-416-745-7060,"{addr1: '370 Rexdale Blvd.', city: 'Etobicoke', region: 'Ontario', postal_code: 'M9W 1R6', country: 'CA'}",43.7180000000,-79.5860000000,,,,,https://www.castlehonda.ca/privacy-policy.html,New,2214,In stock,,31305 CAD,Free,
2HGFE2F22TH112669,2HGFE2F22TH112669,26824-new,Honda,Civic Sedan,4DR CVT LX,2026,AUTOMATIC,SEDAN,GASOLINE,,"2026 Honda Civic Sedan 4DR CVT LX, White exterior","[{url:'https://imagescdn.d2cmedia.ca/cbff900e9fb5b1ba3818b10575e7a13df7/2214/13829314/1/Honda-Civic Sedan-2026.jpg'},{url:'https://imagescdn.d2cmedia.ca/s8ff900e9fb5b1ba3818b10575e7a13df7/2214/13829314/1/Honda-Civic_Sedan-2026.jpg'},{url:'https://imagescdn.d2cmedia.ca/cbff900e9fb5b1ba3818b10575e7a13df7/2214/13829314/1/Honda-Civic_Sedan-2026.jpg'},{url:'https://imagescdn.d2cmedia.ca/cbff900e9fb5b1ba3818b10575e7a13df7/2214/13829314/2/Honda-Civic_Sedan-2026.jpg'},{url:'https://imagescdn.d2cmedia.ca/cbff900e9fb5b1ba3818b10575e7a13df7/2214/13829314/3/Honda-Civic_Sedan-2026.jpg'},{url:'https://imagescdn.d2cmedia.ca/cbff900e9fb5b1ba3818b10575e7a13df7/2214/13829314/4/Honda-Civic_Sedan-2026.jpg'},{url:'https://imagescdn.d2cmedia.ca/cbff900e9fb5b1ba3818b10575e7a13df7/2214/13829314/5/Honda-Civic_Sedan-2026.jpg'},{url:'https://imagescdn.d2cmedia.ca/cbff900e9fb5b1ba3818b10575e7a13df7/2214/13829314/6/Honda-Civic_Sedan-2026.jpg'},{url:'https://imagescdn.d2cmedia.ca/cbff900e9fb5b1ba3818b10575e7a13df7/2214/13829314/7/Honda-Civic_Sedan-2026.jpg'},{url:'https://imagescdn.d2cmedia.ca/cbff900e9fb5b1ba3818b10575e7a13df7/2214/13829314/8/Honda-Civic_Sedan-2026.jpg'}]",0,KM,https://www.castlehonda.ca/new/inventory/2026-Honda-Civic_Sedan-id13829314.html,2026 Honda Civic Sedan 4DR CVT LX at Castle Honda,31305 CAD,New,White,,2214,Castle Honda,+1-416-745-7060,"{addr1: '370 Rexdale Blvd.', city: 'Etobicoke', region: 'Ontario', postal_code: 'M9W 1R6', country: 'CA'}",43.7180000000,-79.5860000000,,,,,https://www.castlehonda.ca/privacy-policy.html,New,2214,In stock,,31305 CAD,Free,
3CZRZ1H33VM100853,3CZRZ1H33VM100853,27031-new,Honda,HR-V,4DR 2WD LX,2027,AUTOMATIC,SUV,GASOLINE,,"2027 Honda HR-V 4DR 2WD LX, White exterior","[{url:'https://imagescdn.d2cmedia.ca/cba66a71f7a2fc97a8a0d6b09411800d16/2214/14093248/1/Honda-HR_V-2027.jpg'},{url:'https://imagescdn.d2cmedia.ca/s8a66a71f7a2fc97a8a0d6b09411800d16/2214/14093248/1/Honda-HR_V-2027.jpg'},{url:'https://imagescdn.d2cmedia.ca/cba66a71f7a2fc97a8a0d6b09411800d16/2214/14093248/2/Honda-HR_V-2027.jpg'},{url:'https://imagescdn.d2cmedia.ca/cba66a71f7a2fc97a8a0d6b09411800d16/2214/14093248/3/Honda-HR_V-2027.jpg'},{url:'https://imagescdn.d2cmedia.ca/cba66a71f7a2fc97a8a0d6b09411800d16/2214/14093248/4/Honda-HR_V-2027.jpg'},{url:'https://imagescdn.d2cmedia.ca/cba66a71f7a2fc97a8a0d6b09411800d16/2214/14093248/5/Honda-HR_V-2027.jpg'},{url:'https://imagescdn.d2cmedia.ca/cba66a71f7a2fc97a8a0d6b09411800d16/2214/14093248/6/Honda-HR_V-2027.jpg'},{url:'https://imagescdn.d2cmedia.ca/cba66a71f7a2fc97a8a0d6b09411800d16/2214/14093248/7/Honda-HR_V-2027.jpg'},{url:'https://imagescdn.d2cmedia.ca/cba66a71f7a2fc97a8a0d6b09411800d16/2214/14093248/8/Honda-HR_V-2027.jpg'},{url:'https://imagescdn.d2cmedia.ca/cba66a71f7a2fc97a8a0d6b09411800d16/2214/14093248/9/Honda-HR_V-2027.jpg'}]",0,KM,https://www.castlehonda.ca/new/inventory/2027-Honda-HR_V-id14093248.html,2027 Honda HR-V 4DR 2WD LX at Castle Honda,33935 CAD,New,White,,2214,Castle Honda,+1-416-745-7060,"{addr1: '370 Rexdale Blvd.', city: 'Etobicoke', region: 'Ontario', postal_code: 'M9W 1R6', country: 'CA'}",43.7180000000,-79.5860000000,,,,,https://www.castlehonda.ca/privacy-policy.html,New,2214,In stock,,33935 CAD,Free,
2HGFE2F57TH113388,2HGFE2F57TH113388,26853-new,Honda,Civic Sedan,4DR CVT SPORT,2026,AUTOMATIC,SEDAN,GASOLINE,,"2026 Honda Civic Sedan 4DR CVT SPORT, White exterior","[{url:'https://imagescdn.d2cmedia.ca/cbb5ecb97578f4b4226007da67f8243665/2214/13884751/1/Honda-Civic Sedan-2026.jpg'},{url:'https://imagescdn.d2cmedia.ca/s8b5ecb97578f4b4226007da67f8243665/2214/13884751/1/Honda-Civic_Sedan-2026.jpg'},{url:'https://imagescdn.d2cmedia.ca/cbb5ecb97578f4b4226007da67f8243665/2214/13884751/1/Honda-Civic_Sedan-2026.jpg'},{url:'https://imagescdn.d2cmedia.ca/cbb5ecb97578f4b4226007da67f8243665/2214/13884751/2/Honda-Civic_Sedan-2026.jpg'},{url:'https://imagescdn.d2cmedia.ca/cbb5ecb97578f4b4226007da67f8243665/2214/13884751/3/Honda-Civic_Sedan-2026.jpg'},{url:'https://imagescdn.d2cmedia.ca/cbb5ecb97578f4b4226007da67f8243665/2214/13884751/4/Honda-Civic_Sedan-2026.jpg'},{url:'https://imagescdn.d2cmedia.ca/cbb5ecb97578f4b4226007da67f8243665/2214/13884751/5/Honda-Civic_Sedan-2026.jpg'},{url:'https://imagescdn.d2cmedia.ca/cbb5ecb97578f4b4226007da67f8243665/2214/13884751/6/Honda-Civic_Sedan-2026.jpg'},{url:'https://imagescdn.d2cmedia.ca/cbb5ecb97578f4b4226007da67f8243665/2214/13884751/7/Honda-Civic_Sedan-2026.jpg'},{url:'https://imagescdn.d2cmedia.ca/cbb5ecb97578f4b4226007da67f8243665/2214/13884751/8/Honda-Civic_Sedan-2026.jpg'}]",0,KM,https://www.castlehonda.ca/new/inventory/2026-Honda-Civic_Sedan-id13884751.html,2026 Honda Civic Sedan 4DR CVT SPORT at Castle Honda,35165 CAD,New,White,,2214,Castle Honda,+1-416-745-7060,"{addr1: '370 Rexdale Blvd.', city: 'Etobicoke', region: 'Ontario', postal_code: 'M9W 1R6', country: 'CA'}",43.7180000000,-79.5860000000,,,,,https://www.castlehonda.ca/privacy-policy.html,New,2214,In stock,,35165 CAD,Free,
2HGFE2F54TH111713,2HGFE2F54TH111713,26877-new,Honda,Civic Sedan,4DR CVT SPORT,2026,AUTOMATIC,SEDAN,GASOLINE,,"2026 Honda Civic Sedan 4DR CVT SPORT, SOLAR REFLECTIO exterior","[{url:'https://imagescdn.d2cmedia.ca/cbc80cded258f8d9470217a79fd0fe3490/2214/13911665/1/Honda-Civic Sedan-2026.jpg'},{url:'https://imagescdn.d2cmedia.ca/s8c80cded258f8d9470217a79fd0fe3490/2214/13911665/1/Honda-Civic_Sedan-2026.jpg'},{url:'https://imagescdn.d2cmedia.ca/cbc80cded258f8d9470217a79fd0fe3490/2214/13911665/1/Honda-Civic_Sedan-2026.jpg'},{url:'https://imagescdn.d2cmedia.ca/cbc80cded258f8d9470217a79fd0fe3490/2214/13911665/2/Honda-Civic_Sedan-2026.jpg'},{url:'https://imagescdn.d2cmedia.ca/cbc80cded258f8d9470217a79fd0fe3490/2214/13911665/3/Honda-Civic_Sedan-2026.jpg'},{url:'https://imagescdn.d2cmedia.ca/cbc80cded258f8d9470217a79fd0fe3490/2214/13911665/4/Honda-Civic_Sedan-2026.jpg'},{url:'https://imagescdn.d2cmedia.ca/cbc80cded258f8d9470217a79fd0fe3490/2214/13911665/5/Honda-Civic_Sedan-2026.jpg'},{url:'https://imagescdn.d2cmedia.ca/cbc80cded258f8d9470217a79fd0fe3490/2214/13911665/6/Honda-Civic_Sedan-2026.jpg'},{url:'https://imagescdn.d2cmedia.ca/cbc80cded258f8d9470217a79fd0fe3490/2214/13911665/7/Honda-Civic_Sedan-2026.jpg'},{url:'https://imagescdn.d2cmedia.ca/cbc80cded258f8d9470217a79fd0fe3490/2214/13911665/8/Honda-Civic_Sedan-2026.jpg'}]",0,KM,https://www.castlehonda.ca/new/inventory/2026-Honda-Civic_Sedan-id13911665.html,2026 Honda Civic Sedan 4DR CVT SPORT at Castle Honda,35165 CAD,New,SOLAR REFLECTIO,,2214,Castle Honda,+1-416-745-7060,"{addr1: '370 Rexdale Blvd.', city: 'Etobicoke', region: 'Ontario', postal_code: 'M9W 1R6', country: 'CA'}",43.7180000000,-79.5860000000,,,,,https://www.castlehonda.ca/privacy-policy.html,New,2214,In stock,,35165 CAD,Free,
2HGFE2F58TH115277,2HGFE2F58TH115277,26990-new,Honda,Civic Sedan,4DR CVT SPORT,2026,AUTOMATIC,SEDAN,GASOLINE,,"2026 Honda Civic Sedan 4DR CVT SPORT, Grey exterior","[{url:'https://carimages.d2cmedia.ca/newcarimages/en/cb6abd2b615f84b/Honda/Civic Sedan/2026/1200/478589-NERSIENWVCBTUE9SVA/Gray/front45.png'},{url:'https://carimages.d2cmedia.ca/newcarimages/en/cb6abd2b615f84b/Honda/Civic Sedan/2026/1280/478589/grey/front_45_degree.png'},{url:'https://carimages.d2cmedia.ca/newcarimages/en/cb6abd2b615f84b/Honda/Civic Sedan/2026/2100/478589/grey/front_45_degree.png'},{url:'https://carimages.d2cmedia.ca/newcarimages/en/cb6abd2b615f84b/Honda/Civic Sedan/2026/2100/478589/grey/profile.png'},{url:'https://carimages.d2cmedia.ca/newcarimages/en/cb6abd2b615f84b/Honda/Civic Sedan/2026/2100/478589/grey/back_45_degree.png'},{url:'https://carimages.d2cmedia.ca/newcarimages/en/cb6abd2b615f84b/Honda/Civic Sedan/2026/2100/478589/grey/driver_dashboard.png'},{url:'https://carimages.d2cmedia.ca/newcarimages/en/cb6abd2b615f84b/Honda/Civic Sedan/2026/2100/478589/grey/full_dashboard.png'},{url:'https://carimages.d2cmedia.ca/newcarimages/en/cb6abd2b615f84b/Honda/Civic Sedan/2026/2100/478589/grey/interior_driver_open_seat.png'},{url:'https://carimages.d2cmedia.ca/newcarimages/en/cb6abd2b615f84b/Honda/Civic Sedan/2026/2100/478589/grey/interior_driver_stereo.png'},{url:'https://carimages.d2cmedia.ca/newcarimages/en/cb6abd2b615f84b/Honda/Civic Sedan/2026/2100/478589/grey/interior_driver_reat_seats.png'}]",0,KM,https://www.castlehonda.ca/new/inventory/2026-Honda-Civic_Sedan-id14116622.html,2026 Honda Civic Sedan 4DR CVT SPORT at Castle Honda,35165 CAD,New,Grey,,2214,Castle Honda,+1-416-745-7060,"{addr1: '370 Rexdale Blvd.', city: 'Etobicoke', region: 'Ontario', postal_code: 'M9W 1R6', country: 'CA'}",43.7180000000,-79.5860000000,,,,,https://www.castlehonda.ca/privacy-policy.html,New,2214,In stock,,35165 CAD,Free,
2HGFE2F51TH115962,2HGFE2F51TH115962,261003-new,Honda,Civic Sedan,4DR CVT SPORT,2026,AUTOMATIC,SEDAN,GASOLINE,,"2026 Honda Civic Sedan 4DR CVT SPORT, White exterior","[{url:'https://imagescdn.d2cmedia.ca/cbb4acc108c3aecbd3470835b71bee1871/2214/14172343/1/Honda-Civic Sedan-2026.jpg'},{url:'https://imagescdn.d2cmedia.ca/s8b4acc108c3aecbd3470835b71bee1871/2214/14172343/1/Honda-Civic_Sedan-2026.jpg'},{url:'https://imagescdn.d2cmedia.ca/cbb4acc108c3aecbd3470835b71bee1871/2214/14172343/1/Honda-Civic_Sedan-2026.jpg'},{url:'https://imagescdn.d2cmedia.ca/cbb4acc108c3aecbd3470835b71bee1871/2214/14172343/2/Honda-Civic_Sedan-2026.jpg'},{url:'https://imagescdn.d2cmedia.ca/cbb4acc108c3aecbd3470835b71bee1871/2214/14172343/3/Honda-Civic_Sedan-2026.jpg'},{url:'https://imagescdn.d2cmedia.ca/cbb4acc108c3aecbd3470835b71bee1871/2214/14172343/4/Honda-Civic_Sedan-2026.jpg'},{url:'https://imagescdn.d2cmedia.ca/cbb4acc108c3aecbd3470835b71bee1871/2214/14172343/5/Honda-Civic_Sedan-2026.jpg'},{url:'https://imagescdn.d2cmedia.ca/cbb4acc108c3aecbd3470835b71bee1871/2214/14172343/6/Honda-Civic_Sedan-2026.jpg'},{url:'https://imagescdn.d2cmedia.ca/cbb4acc108c3aecbd3470835b71bee1871/2214/14172343/7/Honda-Civic_Sedan-2026.jpg'},{url:'https://imagescdn.d2cmedia.ca/cbb4acc108c3aecbd3470835b71bee1871/2214/14172343/8/Honda-Civic_Sedan-2026.jpg'}]",0,KM,https://www.castlehonda.ca/new/inventory/2026-Honda-Civic_Sedan-id14172343.html,2026 Honda Civic Sedan 4DR CVT SPORT at Castle Honda,35165 CAD,New,White,,2214,Castle Honda,+1-416-745-7060,"{addr1: '370 Rexdale Blvd.', city: 'Etobicoke', region: 'Ontario', postal_code: 'M9W 1R6', country: 'CA'}",43.7180000000,-79.5860000000,,,,,https://www.castlehonda.ca/privacy-policy.html,New,2214,In stock,,35165 CAD,Free,
2HGFE2F59TH117474,2HGFE2F59TH117474,261082-new,Honda,Civic Sedan,4DR CVT SPORT,2026,AUTOMATIC,SEDAN,GASOLINE,,"2026 Honda Civic Sedan 4DR CVT SPORT, Black exterior","[{url:'https://imagescdn.d2cmedia.ca/cbc16a3419fd5896bc892cac66425ee683/2214/14287291/1/Honda-Civic Sedan-2026.jpg'},{url:'https://imagescdn.d2cmedia.ca/s8c16a3419fd5896bc892cac66425ee683/2214/14287291/1/Honda-Civic_Sedan-2026.jpg'},{url:'https://imagescdn.d2cmedia.ca/cbc16a3419fd5896bc892cac66425ee683/2214/14287291/1/Honda-Civic_Sedan-2026.jpg'},{url:'https://imagescdn.d2cmedia.ca/cbc16a3419fd5896bc892cac66425ee683/2214/14287291/2/Honda-Civic_Sedan-2026.jpg'},{url:'https://imagescdn.d2cmedia.ca/cbc16a3419fd5896bc892cac66425ee683/2214/14287291/3/Honda-Civic_Sedan-2026.jpg'},{url:'https://imagescdn.d2cmedia.ca/cbc16a3419fd5896bc892cac66425ee683/2214/14287291/4/Honda-Civic_Sedan-2026.jpg'},{url:'https://imagescdn.d2cmedia.ca/cbc16a3419fd5896bc892cac66425ee683/2214/14287291/5/Honda-Civic_Sedan-2026.jpg'},{url:'https://imagescdn.d2cmedia.ca/cbc16a3419fd5896bc892cac66425ee683/2214/14287291/6/Honda-Civic_Sedan-2026.jpg'},{url:'https://imagescdn.d2cmedia.ca/cbc16a3419fd5896bc892cac66425ee683/2214/14287291/7/Honda-Civic_Sedan-2026.jpg'},{url:'https://imagescdn.d2cmedia.ca/cbc16a3419fd5896bc892cac66425ee683/2214/14287291/8/Honda-Civic_Sedan-2026.jpg'}]",0,KM,https://www.castlehonda.ca/new/inventory/2026-Honda-Civic_Sedan-id14287291.html,2026 Honda Civic Sedan 4DR CVT SPORT at Castle Honda,35165 CAD,New,Black,,2214,Castle Honda,+1-416-745-7060,"{addr1: '370 Rexdale Blvd.', city: 'Etobicoke', region: 'Ontario', postal_code: 'M9W 1R6', country: 'CA'}",43.7180000000,-79.5860000000,,,,,https://www.castlehonda.ca/privacy-policy.html,New,2214,In stock,,35165 CAD,Free,
2HGFE2F58TH117479,2HGFE2F58TH117479,261083-new,Honda,Civic Sedan,4DR CVT SPORT,2026,AUTOMATIC,SEDAN,GASOLINE,,"2026 Honda Civic Sedan 4DR CVT SPORT, Black exterior","[{url:'https://imagescdn.d2cmedia.ca/cb4a8c86f7a71f28ea1e331fd28de1e3e0/2214/14287292/1/Honda-Civic Sedan-2026.jpg'},{url:'https://imagescdn.d2cmedia.ca/s84a8c86f7a71f28ea1e331fd28de1e3e0/2214/14287292/1/Honda-Civic_Sedan-2026.jpg'},{url:'https://imagescdn.d2cmedia.ca/cb4a8c86f7a71f28ea1e331fd28de1e3e0/2214/14287292/1/Honda-Civic_Sedan-2026.jpg'},{url:'https://imagescdn.d2cmedia.ca/cb4a8c86f7a71f28ea1e331fd28de1e3e0/2214/14287292/2/Honda-Civic_Sedan-2026.jpg'},{url:'https://imagescdn.d2cmedia.ca/cb4a8c86f7a71f28ea1e331fd28de1e3e0/2214/14287292/3/Honda-Civic_Sedan-2026.jpg'},{url:'https://imagescdn.d2cmedia.ca/cb4a8c86f7a71f28ea1e331fd28de1e3e0/2214/14287292/4/Honda-Civic_Sedan-2026.jpg'},{url:'https://imagescdn.d2cmedia.ca/cb4a8c86f7a71f28ea1e331fd28de1e3e0/2214/14287292/5/Honda-Civic_Sedan-2026.jpg'},{url:'https://imagescdn.d2cmedia.ca/cb4a8c86f7a71f28ea1e331fd28de1e3e0/2214/14287292/6/Honda-Civic_Sedan-2026.jpg'},{url:'https://imagescdn.d2cmedia.ca/cb4a8c86f7a71f28ea1e331fd28de1e3e0/2214/14287292/7/Honda-Civic_Sedan-2026.jpg'},{url:'https://imagescdn.d2cmedia.ca/cb4a8c86f7a71f28ea1e331fd28de1e3e0/2214/14287292/8/Honda-Civic_Sedan-2026.jpg'}]",0,KM,https://www.castlehonda.ca/new/inventory/2026-Honda-Civic_Sedan-id14287292.html,2026 Honda Civic Sedan 4DR CVT SPORT at Castle Honda,35165 CAD,New,Black,,2214,Castle Honda,+1-416-745-7060,"{addr1: '370 Rexdale Blvd.', city: 'Etobicoke', region: 'Ontario', postal_code: 'M9W 1R6', country: 'CA'}",43.7180000000,-79.5860000000,,,,,https://www.castlehonda.ca/privacy-policy.html,New,2214,In stock,,35165 CAD,Free,
2HGFE2F55TH117956,2HGFE2F55TH117956,261109-new,Honda,Civic Sedan,4DR CVT SPORT,2026,AUTOMATIC,SEDAN,GASOLINE,,"2026 Honda Civic Sedan 4DR CVT SPORT, White exterior","[{url:'https://imagescdn.d2cmedia.ca/cb8ca543b232e7840ed4c489d23708e988/2214/14346617/1/Honda-Civic Sedan-2026.jpg'},{url:'https://imagescdn.d2cmedia.ca/s88ca543b232e7840ed4c489d23708e988/2214/14346617/1/Honda-Civic_Sedan-2026.jpg'},{url:'https://imagescdn.d2cmedia.ca/cb8ca543b232e7840ed4c489d23708e988/2214/14346617/1/Honda-Civic_Sedan-2026.jpg'},{url:'https://imagescdn.d2cmedia.ca/cb8ca543b232e7840ed4c489d23708e988/2214/14346617/2/Honda-Civic_Sedan-2026.jpg'},{url:'https://imagescdn.d2cmedia.ca/cb8ca543b232e7840ed4c489d23708e988/2214/14346617/3/Honda-Civic_Sedan-2026.jpg'},{url:'https://imagescdn.d2cmedia.ca/cb8ca543b232e7840ed4c489d23708e988/2214/14346617/4/Honda-Civic_Sedan-2026.jpg'},{url:'https://imagescdn.d2cmedia.ca/cb8ca543b232e7840ed4c489d23708e988/2214/14346617/5/Honda-Civic_Sedan-2026.jpg'},{url:'https://imagescdn.d2cmedia.ca/cb8ca543b232e7840ed4c489d23708e988/2214/14346617/6/Honda-Civic_Sedan-2026.jpg'},{url:'https://imagescdn.d2cmedia.ca/cb8ca543b232e7840ed4c489d23708e988/2214/14346617/7/Honda-Civic_Sedan-2026.jpg'},{url:'https://imagescdn.d2cmedia.ca/cb8ca543b232e7840ed4c489d23708e988/2214/14346617/8/Honda-Civic_Sedan-2026.jpg'}]",0,KM,https://www.castlehonda.ca/new/inventory/2026-Honda-Civic_Sedan-id14346617.html,2026 Honda Civic Sedan 4DR CVT SPORT at Castle Honda,35165 CAD,New,White,,2214,Castle Honda,+1-416-745-7060,"{addr1: '370 Rexdale Blvd.', city: 'Etobicoke', region: 'Ontario', postal_code: 'M9W 1R6', country: 'CA'}",43.7180000000,-79.5860000000,,,,,https://www.castlehonda.ca/privacy-policy.html,New,2214,In stock,,35165 CAD,Free,
19XFL4H86TE400871,19XFL4H86TE400871,261127-new,Honda,Civic Hybrid,5DR SPORT,2026,AUTOMATIC,SEDAN,HYBRID,,"2026 Honda Civic Hybrid 5DR SPORT, Black exterior","[{url:'https://carimages.d2cmedia.ca/newcarimages/en/cb6abd2b615f84b/Honda/Civic Hatchback Hybrid/2026/1200/480281-NURSIFNQT1JU/black/front45.png'},{url:'https://carimages.d2cmedia.ca/newcarimages/en/cb6abd2b615f84b/Honda/Civic Hatchback Hybrid/2026/1280/480281/black/front_45_degree.png'},{url:'https://carimages.d2cmedia.ca/newcarimages/en/cb6abd2b615f84b/Honda/Civic Hatchback Hybrid/2026/2100/480281/black/front_45_degree.png'},{url:'https://carimages.d2cmedia.ca/newcarimages/en/cb6abd2b615f84b/Honda/Civic Hatchback Hybrid/2026/2100/480281/black/profile.png'},{url:'https://carimages.d2cmedia.ca/newcarimages/en/cb6abd2b615f84b/Honda/Civic Hatchback Hybrid/2026/2100/480281/black/back_45_degree.png'},{url:'https://carimages.d2cmedia.ca/newcarimages/en/cb6abd2b615f84b/Honda/Civic Hatchback Hybrid/2026/2100/480281/black/driver_dashboard.png'},{url:'https://carimages.d2cmedia.ca/newcarimages/en/cb6abd2b615f84b/Honda/Civic Hatchback Hybrid/2026/2100/480281/black/full_dashboard.png'},{url:'https://carimages.d2cmedia.ca/newcarimages/en/cb6abd2b615f84b/Honda/Civic Hatchback Hybrid/2026/2100/480281/black/interior_driver_open_seat.png'},{url:'https://carimages.d2cmedia.ca/newcarimages/en/cb6abd2b615f84b/Honda/Civic Hatchback Hybrid/2026/2100/480281/black/interior_driver_stereo.png'},{url:'https://carimages.d2cmedia.ca/newcarimages/en/cb6abd2b615f84b/Honda/Civic Hatchback Hybrid/2026/2100/480281/black/interior_driver_reat_seats.png'}]",0,KM,https://www.castlehonda.ca/new/inventory/2026-Honda-Civic_Hybrid-id14427298.html,2026 Honda Civic Hybrid 5DR SPORT at Castle Honda,36065 CAD,New,Black,,2214,Castle Honda,+1-416-745-7060,"{addr1: '370 Rexdale Blvd.', city: 'Etobicoke', region: 'Ontario', postal_code: 'M9W 1R6', country: 'CA'}",43.7180000000,-79.5860000000,,,,,https://www.castlehonda.ca/privacy-policy.html,New,2214,In stock,,36065 CAD,Free,
2HGFE4F8XTH020578,2HGFE4F8XTH020578,261129-new,Honda,Civic Hybrid,4DR ECVT SPORT,2026,AUTOMATIC,SEDAN,HYBRID,,"2026 Honda Civic Hybrid 4DR ECVT SPORT, Black exterior","[{url:'https://carimages.d2cmedia.ca/newcarimages/en/cb6abd2b615f84b/Honda/Civic Sedan Hybrid/2026/1200/478590-NERSIEVDVlQgU1BPUlQ/black/front45.png'},{url:'https://carimages.d2cmedia.ca/newcarimages/en/cb6abd2b615f84b/Honda/Civic Sedan Hybrid/2026/1280/478590/black/front_45_degree.png'},{url:'https://carimages.d2cmedia.ca/newcarimages/en/cb6abd2b615f84b/Honda/Civic Sedan Hybrid/2026/2100/478590/black/front_45_degree.png'},{url:'https://carimages.d2cmedia.ca/newcarimages/en/cb6abd2b615f84b/Honda/Civic Sedan Hybrid/2026/2100/478590/black/profile.png'},{url:'https://carimages.d2cmedia.ca/newcarimages/en/cb6abd2b615f84b/Honda/Civic Sedan Hybrid/2026/2100/478590/black/back_45_degree.png'},{url:'https://carimages.d2cmedia.ca/newcarimages/en/cb6abd2b615f84b/Honda/Civic Sedan Hybrid/2026/2100/478590/black/driver_dashboard.png'},{url:'https://carimages.d2cmedia.ca/newcarimages/en/cb6abd2b615f84b/Honda/Civic Sedan Hybrid/2026/2100/478590/black/full_dashboard.png'},{url:'https://carimages.d2cmedia.ca/newcarimages/en/cb6abd2b615f84b/Honda/Civic Sedan Hybrid/2026/2100/478590/black/interior_driver_open_seat.png'},{url:'https://carimages.d2cmedia.ca/newcarimages/en/cb6abd2b615f84b/Honda/Civic Sedan Hybrid/2026/2100/478590/black/interior_driver_reat_seats.png'},{url:'https://carimages.d2cmedia.ca/newcarimages/en/cb6abd2b615f84b/Honda/Civic Sedan Hybrid/2026/2100/478590/black/interior_driver_storage_console.png'}]",0,KM,https://www.castlehonda.ca/new/inventory/2026-Honda-Civic_Hybrid-id14439659.html,2026 Honda Civic Hybrid 4DR ECVT SPORT at Castle Honda,36065 CAD,New,Black,,2214,Castle Honda,+1-416-745-7060,"{addr1: '370 Rexdale Blvd.', city: 'Etobicoke', region: 'Ontario', postal_code: 'M9W 1R6', country: 'CA'}",43.7180000000,-79.5860000000,,,,,https://www.castlehonda.ca/privacy-policy.html,New,2214,In stock,,36065 CAD,Free,
3CZRZ2H32VM107184,3CZRZ2H32VM107184,27076-new,Honda,HR-V,4DR AWD LX,2027,AUTOMATIC,SUV,GASOLINE,,"2027 Honda HR-V 4DR AWD LX, White exterior","[{url:'https://carimages.d2cmedia.ca/newcarimages/en/cb6abd2b615f84b/Honda/HR-V/2027/1200/486877-NERSIEFXRCBMWA/white/front45.png'},{url:'https://carimages.d2cmedia.ca/newcarimages/en/cb6abd2b615f84b/Honda/HR-V/2027/1280/486877/white/front_45_degree.png'},{url:'https://carimages.d2cmedia.ca/newcarimages/en/cb6abd2b615f84b/Honda/HR-V/2027/2100/486877/white/front_45_degree.png'},{url:'https://carimages.d2cmedia.ca/newcarimages/en/cb6abd2b615f84b/Honda/HR-V/2027/2100/486877/white/profile.png'},{url:'https://carimages.d2cmedia.ca/newcarimages/en/cb6abd2b615f84b/Honda/HR-V/2027/2100/486877/white/back_45_degree.png'},{url:'https://carimages.d2cmedia.ca/newcarimages/en/cb6abd2b615f84b/Honda/HR-V/2027/2100/486877/white/driver_dashboard.png'},{url:'https://carimages.d2cmedia.ca/newcarimages/en/cb6abd2b615f84b/Honda/HR-V/2027/2100/486877/white/full_dashboard.png'},{url:'https://carimages.d2cmedia.ca/newcarimages/en/cb6abd2b615f84b/Honda/HR-V/2027/2100/486877/white/interior_driver_open_seat.png'},{url:'https://carimages.d2cmedia.ca/newcarimages/en/cb6abd2b615f84b/Honda/HR-V/2027/2100/486877/white/interior_driver_stereo.png'},{url:'https://carimages.d2cmedia.ca/newcarimages/en/cb6abd2b615f84b/Honda/HR-V/2027/2100/486877/white/interior_driver_reat_seats.png'}]",0,KM,https://www.castlehonda.ca/new/inventory/2027-Honda-HR_V-id14439663.html,2027 Honda HR-V 4DR AWD LX at Castle Honda,36235 CAD,New,White,,2214,Castle Honda,+1-416-745-7060,"{addr1: '370 Rexdale Blvd.', city: 'Etobicoke', region: 'Ontario', postal_code: 'M9W 1R6', country: 'CA'}",43.7180000000,-79.5860000000,,,,,https://www.castlehonda.ca/privacy-policy.html,New,2214,In stock,,36235 CAD,Free,
2HGFE4F80TH020055,2HGFE4F80TH020055,261114-new,Honda,Civic Hybrid,4DR ECVT SPORT,2026,AUTOMATIC,SEDAN,HYBRID,,"2026 Honda Civic Hybrid 4DR ECVT SPORT, SOLAR REFLECTIO exterior","[{url:'https://imagescdn.d2cmedia.ca/cb5a33dceb66b0ca4283b82a185c67336b/2214/14379915/1/Honda-Civic Sedan Hybrid-2026.jpg'},{url:'https://imagescdn.d2cmedia.ca/s85a33dceb66b0ca4283b82a185c67336b/2214/14379915/1/Honda-Civic_Hybrid-2026.jpg'},{url:'https://imagescdn.d2cmedia.ca/cb5a33dceb66b0ca4283b82a185c67336b/2214/14379915/1/Honda-Civic_Hybrid-2026.jpg'},{url:'https://imagescdn.d2cmedia.ca/cb5a33dceb66b0ca4283b82a185c67336b/2214/14379915/2/Honda-Civic_Hybrid-2026.jpg'},{url:'https://imagescdn.d2cmedia.ca/cb5a33dceb66b0ca4283b82a185c67336b/2214/14379915/3/Honda-Civic_Hybrid-2026.jpg'},{url:'https://imagescdn.d2cmedia.ca/cb5a33dceb66b0ca4283b82a185c67336b/2214/14379915/4/Honda-Civic_Hybrid-2026.jpg'},{url:'https://imagescdn.d2cmedia.ca/cb5a33dceb66b0ca4283b82a185c67336b/2214/14379915/5/Honda-Civic_Hybrid-2026.jpg'},{url:'https://imagescdn.d2cmedia.ca/cb5a33dceb66b0ca4283b82a185c67336b/2214/14379915/6/Honda-Civic_Hybrid-2026.jpg'},{url:'https://imagescdn.d2cmedia.ca/cb5a33dceb66b0ca4283b82a185c67336b/2214/14379915/7/Honda-Civic_Hybrid-2026.jpg'},{url:'https://imagescdn.d2cmedia.ca/cb5a33dceb66b0ca4283b82a185c67336b/2214/14379915/8/Honda-Civic_Hybrid-2026.jpg'}]",0,KM,https://www.castlehonda.ca/new/inventory/2026-Honda-Civic_Hybrid-id14379915.html,2026 Honda Civic Hybrid 4DR ECVT SPORT at Castle Honda,37065 CAD,New,SOLAR REFLECTIO,,2214,Castle Honda,+1-416-745-7060,"{addr1: '370 Rexdale Blvd.', city: 'Etobicoke', region: 'Ontario', postal_code: 'M9W 1R6', country: 'CA'}",43.7180000000,-79.5860000000,,,,,https://www.castlehonda.ca/privacy-policy.html,New,2214,In stock,,37065 CAD,Free,
3CZRZ2H58VM107420,3CZRZ2H58VM107420,27077-new,Honda,HR-V,4DR AWD SPORT,2027,AUTOMATIC,SUV,GASOLINE,,"2027 Honda HR-V 4DR AWD SPORT, Blue exterior","[{url:'https://carimages.d2cmedia.ca/newcarimages/en/cb6abd2b615f84b/Honda/HR-V/2027/1200/486878-NERSIEFXRCBTUE9SVA/blue/front45.png'},{url:'https://carimages.d2cmedia.ca/newcarimages/en/cb6abd2b615f84b/Honda/HR-V/2027/1280/486878/blue/front_45_degree.png'},{url:'https://carimages.d2cmedia.ca/newcarimages/en/cb6abd2b615f84b/Honda/HR-V/2027/2100/486878/blue/front_45_degree.png'},{url:'https://carimages.d2cmedia.ca/newcarimages/en/cb6abd2b615f84b/Honda/HR-V/2027/2100/486878/blue/profile.png'},{url:'https://carimages.d2cmedia.ca/newcarimages/en/cb6abd2b615f84b/Honda/HR-V/2027/2100/486878/blue/back_45_degree.png'},{url:'https://carimages.d2cmedia.ca/newcarimages/en/cb6abd2b615f84b/Honda/HR-V/2027/2100/486878/blue/driver_dashboard.png'},{url:'https://carimages.d2cmedia.ca/newcarimages/en/cb6abd2b615f84b/Honda/HR-V/2027/2100/486878/blue/full_dashboard.png'},{url:'https://carimages.d2cmedia.ca/newcarimages/en/cb6abd2b615f84b/Honda/HR-V/2027/2100/486878/blue/interior_driver_open_seat.png'},{url:'https://carimages.d2cmedia.ca/newcarimages/en/cb6abd2b615f84b/Honda/HR-V/2027/2100/486878/blue/interior_driver_stereo.png'},{url:'https://carimages.d2cmedia.ca/newcarimages/en/cb6abd2b615f84b/Honda/HR-V/2027/2100/486878/blue/interior_driver_reat_seats.png'}]",0,KM,https://www.castlehonda.ca/new/inventory/2027-Honda-HR_V-id14439664.html,2027 Honda HR-V 4DR AWD SPORT at Castle Honda,39535 CAD,New,Blue,,2214,Castle Honda,+1-416-745-7060,"{addr1: '370 Rexdale Blvd.', city: 'Etobicoke', region: 'Ontario', postal_code: 'M9W 1R6', country: 'CA'}",43.7180000000,-79.5860000000,,,,,https://www.castlehonda.ca/privacy-policy.html,New,2214,In stock,,39535 CAD,Free,
3CZRZ2H52VM105050,3CZRZ2H52VM105050,27043-new,Honda,HR-V,4DR AWD SPORT,2027,AUTOMATIC,SUV,GASOLINE,,"2027 Honda HR-V 4DR AWD SPORT, Blue exterior","[{url:'https://imagescdn.d2cmedia.ca/cb8a5fca4cb81117bfef461f233f4ce6d6/2214/14248605/1/Honda-HR_V-2027.jpg'},{url:'https://imagescdn.d2cmedia.ca/s88a5fca4cb81117bfef461f233f4ce6d6/2214/14248605/1/Honda-HR_V-2027.jpg'},{url:'https://imagescdn.d2cmedia.ca/cb8a5fca4cb81117bfef461f233f4ce6d6/2214/14248605/2/Honda-HR_V-2027.jpg'},{url:'https://imagescdn.d2cmedia.ca/cb8a5fca4cb81117bfef461f233f4ce6d6/2214/14248605/3/Honda-HR_V-2027.jpg'},{url:'https://imagescdn.d2cmedia.ca/cb8a5fca4cb81117bfef461f233f4ce6d6/2214/14248605/4/Honda-HR_V-2027.jpg'},{url:'https://imagescdn.d2cmedia.ca/cb8a5fca4cb81117bfef461f233f4ce6d6/2214/14248605/5/Honda-HR_V-2027.jpg'},{url:'https://imagescdn.d2cmedia.ca/cb8a5fca4cb81117bfef461f233f4ce6d6/2214/14248605/6/Honda-HR_V-2027.jpg'},{url:'https://imagescdn.d2cmedia.ca/cb8a5fca4cb81117bfef461f233f4ce6d6/2214/14248605/7/Honda-HR_V-2027.jpg'},{url:'https://imagescdn.d2cmedia.ca/cb8a5fca4cb81117bfef461f233f4ce6d6/2214/14248605/8/Honda-HR_V-2027.jpg'},{url:'https://imagescdn.d2cmedia.ca/cb8a5fca4cb81117bfef461f233f4ce6d6/2214/14248605/9/Honda-HR_V-2027.jpg'}]",0,KM,https://www.castlehonda.ca/new/inventory/2027-Honda-HR_V-id14248605.html,2027 Honda HR-V 4DR AWD SPORT at Castle Honda,39545 CAD,New,Blue,,2214,Castle Honda,+1-416-745-7060,"{addr1: '370 Rexdale Blvd.', city: 'Etobicoke', region: 'Ontario', postal_code: 'M9W 1R6', country: 'CA'}",43.7180000000,-79.5860000000,,,,,https://www.castlehonda.ca/privacy-policy.html,New,2214,In stock,,39545 CAD,Free,
2HGFE4F80TH020640,2HGFE4F80TH020640,261130-new,Honda,Civic Hybrid,4DR ECVT SPORT TOURI,2026,AUTOMATIC,SEDAN,HYBRID,,"2026 Honda Civic Hybrid 4DR ECVT SPORT TOURI, Grey exterior","[{url:'https://carimages.d2cmedia.ca/newcarimages/en/cb6abd2b615f84b/Honda/Civic Sedan Hybrid/2026/1200/478590-NERSIEVDVlQgU1BPUlQgVE9VUkk/Gray/front45.png'},{url:'https://carimages.d2cmedia.ca/newcarimages/en/cb6abd2b615f84b/Honda/Civic Sedan Hybrid/2026/1280/478590/grey/front_45_degree.png'},{url:'https://carimages.d2cmedia.ca/newcarimages/en/cb6abd2b615f84b/Honda/Civic Sedan Hybrid/2026/2100/478590/grey/front_45_degree.png'},{url:'https://carimages.d2cmedia.ca/newcarimages/en/cb6abd2b615f84b/Honda/Civic Sedan Hybrid/2026/2100/478590/grey/profile.png'},{url:'https://carimages.d2cmedia.ca/newcarimages/en/cb6abd2b615f84b/Honda/Civic Sedan Hybrid/2026/2100/478590/grey/back_45_degree.png'},{url:'https://carimages.d2cmedia.ca/newcarimages/en/cb6abd2b615f84b/Honda/Civic Sedan Hybrid/2026/2100/478590/grey/driver_dashboard.png'},{url:'https://carimages.d2cmedia.ca/newcarimages/en/cb6abd2b615f84b/Honda/Civic Sedan Hybrid/2026/2100/478590/grey/full_dashboard.png'},{url:'https://carimages.d2cmedia.ca/newcarimages/en/cb6abd2b615f84b/Honda/Civic Sedan Hybrid/2026/2100/478590/grey/interior_driver_open_seat.png'},{url:'https://carimages.d2cmedia.ca/newcarimages/en/cb6abd2b615f84b/Honda/Civic Sedan Hybrid/2026/2100/478590/grey/interior_driver_reat_seats.png'},{url:'https://carimages.d2cmedia.ca/newcarimages/en/cb6abd2b615f84b/Honda/Civic Sedan Hybrid/2026/2100/478590/grey/interior_driver_storage_console.png'}]",0,KM,https://www.castlehonda.ca/new/inventory/2026-Honda-Civic_Hybrid-id14439660.html,2026 Honda Civic Hybrid 4DR ECVT SPORT TOURI at Castle Honda,39565 CAD,New,Grey,,2214,Castle Honda,+1-416-745-7060,"{addr1: '370 Rexdale Blvd.', city: 'Etobicoke', region: 'Ontario', postal_code: 'M9W 1R6', country: 'CA'}",43.7180000000,-79.5860000000,,,,,https://www.castlehonda.ca/privacy-policy.html,New,2214,In stock,,39565 CAD,Free,
3CZRZ2H57VM103021,3CZRZ2H57VM103021,27021-new,Honda,HR-V,4DR AWD SPORT,2027,AUTOMATIC,SUV,GASOLINE,,"2027 Honda HR-V 4DR AWD SPORT, Black exterior","[{url:'https://imagescdn.d2cmedia.ca/cbf287202e08739a6aaa113cc0e7c69508/2214/13979050/1/Honda-HR_V-2027.jpg'},{url:'https://imagescdn.d2cmedia.ca/s8f287202e08739a6aaa113cc0e7c69508/2214/13979050/1/Honda-HR_V-2027.jpg'},{url:'https://imagescdn.d2cmedia.ca/cbf287202e08739a6aaa113cc0e7c69508/2214/13979050/2/Honda-HR_V-2027.jpg'},{url:'https://imagescdn.d2cmedia.ca/cbf287202e08739a6aaa113cc0e7c69508/2214/13979050/3/Honda-HR_V-2027.jpg'},{url:'https://imagescdn.d2cmedia.ca/cbf287202e08739a6aaa113cc0e7c69508/2214/13979050/4/Honda-HR_V-2027.jpg'},{url:'https://imagescdn.d2cmedia.ca/cbf287202e08739a6aaa113cc0e7c69508/2214/13979050/5/Honda-HR_V-2027.jpg'},{url:'https://imagescdn.d2cmedia.ca/cbf287202e08739a6aaa113cc0e7c69508/2214/13979050/6/Honda-HR_V-2027.jpg'},{url:'https://imagescdn.d2cmedia.ca/cbf287202e08739a6aaa113cc0e7c69508/2214/13979050/7/Honda-HR_V-2027.jpg'},{url:'https://imagescdn.d2cmedia.ca/cbf287202e08739a6aaa113cc0e7c69508/2214/13979050/8/Honda-HR_V-2027.jpg'},{url:'https://imagescdn.d2cmedia.ca/cbf287202e08739a6aaa113cc0e7c69508/2214/13979050/9/Honda-HR_V-2027.jpg'}]",0,KM,https://www.castlehonda.ca/new/inventory/2027-Honda-HR_V-id13979050.html,2027 Honda HR-V 4DR AWD SPORT at Castle Honda,39575 CAD,New,Black,,2214,Castle Honda,+1-416-745-7060,"{addr1: '370 Rexdale Blvd.', city: 'Etobicoke', region: 'Ontario', postal_code: 'M9W 1R6', country: 'CA'}",43.7180000000,-79.5860000000,,,,,https://www.castlehonda.ca/privacy-policy.html,New,2214,In stock,,39575 CAD,Free,
2HKRS3H26TH001119,2HKRS3H26TH001119,26753-new,Honda,CR-V,4DR 2WD LX,2026,AUTOMATIC,SUV,GASOLINE,,"2026 Honda CR-V 4DR 2WD LX, Black exterior","[{url:'https://imagescdn.d2cmedia.ca/cbdf6d39216f60cd5ef81c588bf323e607/2214/13724885/1/Honda-CR_V-2026.jpg'},{url:'https://imagescdn.d2cmedia.ca/s8df6d39216f60cd5ef81c588bf323e607/2214/13724885/1/Honda-CR_V-2026.jpg'},{url:'https://imagescdn.d2cmedia.ca/cbdf6d39216f60cd5ef81c588bf323e607/2214/13724885/2/Honda-CR_V-2026.jpg'},{url:'https://imagescdn.d2cmedia.ca/cbdf6d39216f60cd5ef81c588bf323e607/2214/13724885/3/Honda-CR_V-2026.jpg'},{url:'https://imagescdn.d2cmedia.ca/cbdf6d39216f60cd5ef81c588bf323e607/2214/13724885/4/Honda-CR_V-2026.jpg'},{url:'https://imagescdn.d2cmedia.ca/cbdf6d39216f60cd5ef81c588bf323e607/2214/13724885/5/Honda-CR_V-2026.jpg'},{url:'https://imagescdn.d2cmedia.ca/cbdf6d39216f60cd5ef81c588bf323e607/2214/13724885/6/Honda-CR_V-2026.jpg'},{url:'https://imagescdn.d2cmedia.ca/cbdf6d39216f60cd5ef81c588bf323e607/2214/13724885/7/Honda-CR_V-2026.jpg'},{url:'https://imagescdn.d2cmedia.ca/cbdf6d39216f60cd5ef81c588bf323e607/2214/13724885/8/Honda-CR_V-2026.jpg'},{url:'https://imagescdn.d2cmedia.ca/cbdf6d39216f60cd5ef81c588bf323e607/2214/13724885/9/Honda-CR_V-2026.jpg'}]",0,KM,https://www.castlehonda.ca/new/inventory/2026-Honda-CR_V-id13724885.html,2026 Honda CR-V 4DR 2WD LX at Castle Honda,40110 CAD,New,Black,,2214,Castle Honda,+1-416-745-7060,"{addr1: '370 Rexdale Blvd.', city: 'Etobicoke', region: 'Ontario', postal_code: 'M9W 1R6', country: 'CA'}",43.7180000000,-79.5860000000,,,,,https://www.castlehonda.ca/privacy-policy.html,New,2214,In stock,,40110 CAD,Free,
2HKRS3H21TH001125,2HKRS3H21TH001125,26754-new,Honda,CR-V,4DR 2WD LX,2026,AUTOMATIC,SUV,GASOLINE,,"2026 Honda CR-V 4DR 2WD LX, Black exterior","[{url:'https://imagescdn.d2cmedia.ca/cba404eae78782b3eed31be8d0cec37340/2214/13724886/1/Honda-CR_V-2026.jpg'},{url:'https://imagescdn.d2cmedia.ca/s8a404eae78782b3eed31be8d0cec37340/2214/13724886/1/Honda-CR_V-2026.jpg'},{url:'https://imagescdn.d2cmedia.ca/cba404eae78782b3eed31be8d0cec37340/2214/13724886/2/Honda-CR_V-2026.jpg'},{url:'https://imagescdn.d2cmedia.ca/cba404eae78782b3eed31be8d0cec37340/2214/13724886/3/Honda-CR_V-2026.jpg'},{url:'https://imagescdn.d2cmedia.ca/cba404eae78782b3eed31be8d0cec37340/2214/13724886/4/Honda-CR_V-2026.jpg'},{url:'https://imagescdn.d2cmedia.ca/cba404eae78782b3eed31be8d0cec37340/2214/13724886/5/Honda-CR_V-2026.jpg'},{url:'https://imagescdn.d2cmedia.ca/cba404eae78782b3eed31be8d0cec37340/2214/13724886/6/Honda-CR_V-2026.jpg'},{url:'https://imagescdn.d2cmedia.ca/cba404eae78782b3eed31be8d0cec37340/2214/13724886/7/Honda-CR_V-2026.jpg'},{url:'https://imagescdn.d2cmedia.ca/cba404eae78782b3eed31be8d0cec37340/2214/13724886/8/Honda-CR_V-2026.jpg'},{url:'https://imagescdn.d2cmedia.ca/cba404eae78782b3eed31be8d0cec37340/2214/13724886/9/Honda-CR_V-2026.jpg'}]",0,KM,https://www.castlehonda.ca/new/inventory/2026-Honda-CR_V-id13724886.html,2026 Honda CR-V 4DR 2WD LX at Castle Honda,40110 CAD,New,Black,,2214,Castle Honda,+1-416-745-7060,"{addr1: '370 Rexdale Blvd.', city: 'Etobicoke', region: 'Ontario', postal_code: 'M9W 1R6', country: 'CA'}",43.7180000000,-79.5860000000,,,,,https://www.castlehonda.ca/privacy-policy.html,New,2214,In stock,,40110 CAD,Free,
2HKRS3H23TH001143,2HKRS3H23TH001143,26763-new,Honda,CR-V,4DR 2WD LX,2026,AUTOMATIC,SUV,GASOLINE,,"2026 Honda CR-V 4DR 2WD LX, Black exterior","[{url:'https://imagescdn.d2cmedia.ca/cba998af90bd65403dc2a8be626b40c414/2214/13731432/1/Honda-CR_V-2026.jpg'},{url:'https://imagescdn.d2cmedia.ca/s8a998af90bd65403dc2a8be626b40c414/2214/13731432/1/Honda-CR_V-2026.jpg'},{url:'https://imagescdn.d2cmedia.ca/cba998af90bd65403dc2a8be626b40c414/2214/13731432/2/Honda-CR_V-2026.jpg'},{url:'https://imagescdn.d2cmedia.ca/cba998af90bd65403dc2a8be626b40c414/2214/13731432/3/Honda-CR_V-2026.jpg'},{url:'https://imagescdn.d2cmedia.ca/cba998af90bd65403dc2a8be626b40c414/2214/13731432/4/Honda-CR_V-2026.jpg'},{url:'https://imagescdn.d2cmedia.ca/cba998af90bd65403dc2a8be626b40c414/2214/13731432/5/Honda-CR_V-2026.jpg'},{url:'https://imagescdn.d2cmedia.ca/cba998af90bd65403dc2a8be626b40c414/2214/13731432/6/Honda-CR_V-2026.jpg'},{url:'https://imagescdn.d2cmedia.ca/cba998af90bd65403dc2a8be626b40c414/2214/13731432/7/Honda-CR_V-2026.jpg'},{url:'https://imagescdn.d2cmedia.ca/cba998af90bd65403dc2a8be626b40c414/2214/13731432/8/Honda-CR_V-2026.jpg'},{url:'https://imagescdn.d2cmedia.ca/cba998af90bd65403dc2a8be626b40c414/2214/13731432/9/Honda-CR_V-2026.jpg'}]",0,KM,https://www.castlehonda.ca/new/inventory/2026-Honda-CR_V-id13731432.html,2026 Honda CR-V 4DR 2WD LX at Castle Honda,40110 CAD,New,Black,,2214,Castle Honda,+1-416-745-7060,"{addr1: '370 Rexdale Blvd.', city: 'Etobicoke', region: 'Ontario', postal_code: 'M9W 1R6', country: 'CA'}",43.7180000000,-79.5860000000,,,,,https://www.castlehonda.ca/privacy-policy.html,New,2214,In stock,,40110 CAD,Free,
2HKRS3H25TH001600,2HKRS3H25TH001600,26857-new,Honda,CR-V,4DR 2WD LX,2026,AUTOMATIC,SUV,GASOLINE,,"2026 Honda CR-V 4DR 2WD LX, Black exterior","[{url:'https://imagescdn.d2cmedia.ca/cb5cc89f9ee2fea9d6fcae98c3d49c2593/2214/13884754/1/Honda-CR_V-2026.jpg'},{url:'https://imagescdn.d2cmedia.ca/s85cc89f9ee2fea9d6fcae98c3d49c2593/2214/13884754/1/Honda-CR_V-2026.jpg'},{url:'https://imagescdn.d2cmedia.ca/cb5cc89f9ee2fea9d6fcae98c3d49c2593/2214/13884754/2/Honda-CR_V-2026.jpg'},{url:'https://imagescdn.d2cmedia.ca/cb5cc89f9ee2fea9d6fcae98c3d49c2593/2214/13884754/3/Honda-CR_V-2026.jpg'},{url:'https://imagescdn.d2cmedia.ca/cb5cc89f9ee2fea9d6fcae98c3d49c2593/2214/13884754/4/Honda-CR_V-2026.jpg'},{url:'https://imagescdn.d2cmedia.ca/cb5cc89f9ee2fea9d6fcae98c3d49c2593/2214/13884754/5/Honda-CR_V-2026.jpg'},{url:'https://imagescdn.d2cmedia.ca/cb5cc89f9ee2fea9d6fcae98c3d49c2593/2214/13884754/6/Honda-CR_V-2026.jpg'},{url:'https://imagescdn.d2cmedia.ca/cb5cc89f9ee2fea9d6fcae98c3d49c2593/2214/13884754/7/Honda-CR_V-2026.jpg'},{url:'https://imagescdn.d2cmedia.ca/cb5cc89f9ee2fea9d6fcae98c3d49c2593/2214/13884754/8/Honda-CR_V-2026.jpg'},{url:'https://imagescdn.d2cmedia.ca/cb5cc89f9ee2fea9d6fcae98c3d49c2593/2214/13884754/9/Honda-CR_V-2026.jpg'}]",0,KM,https://www.castlehonda.ca/new/inventory/2026-Honda-CR_V-id13884754.html,2026 Honda CR-V 4DR 2WD LX at Castle Honda,40110 CAD,New,Black,,2214,Castle Honda,+1-416-745-7060,"{addr1: '370 Rexdale Blvd.', city: 'Etobicoke', region: 'Ontario', postal_code: 'M9W 1R6', country: 'CA'}",43.7180000000,-79.5860000000,,,,,https://www.castlehonda.ca/privacy-policy.html,New,2214,In stock,,40110 CAD,Free,
2HKRS3H29TH001650,2HKRS3H29TH001650,26923-new,Honda,CR-V,4DR 2WD LX,2026,AUTOMATIC,SUV,GASOLINE,,"2026 Honda CR-V 4DR 2WD LX, Red exterior","[{url:'https://imagescdn.d2cmedia.ca/cb98a03c05b0f0ad62aac76f70a301bbaf/2214/13985631/1/Honda-CR_V-2026.jpg'},{url:'https://imagescdn.d2cmedia.ca/s898a03c05b0f0ad62aac76f70a301bbaf/2214/13985631/1/Honda-CR_V-2026.jpg'},{url:'https://imagescdn.d2cmedia.ca/cb98a03c05b0f0ad62aac76f70a301bbaf/2214/13985631/2/Honda-CR_V-2026.jpg'},{url:'https://imagescdn.d2cmedia.ca/cb98a03c05b0f0ad62aac76f70a301bbaf/2214/13985631/3/Honda-CR_V-2026.jpg'},{url:'https://imagescdn.d2cmedia.ca/cb98a03c05b0f0ad62aac76f70a301bbaf/2214/13985631/4/Honda-CR_V-2026.jpg'},{url:'https://imagescdn.d2cmedia.ca/cb98a03c05b0f0ad62aac76f70a301bbaf/2214/13985631/5/Honda-CR_V-2026.jpg'},{url:'https://imagescdn.d2cmedia.ca/cb98a03c05b0f0ad62aac76f70a301bbaf/2214/13985631/6/Honda-CR_V-2026.jpg'},{url:'https://imagescdn.d2cmedia.ca/cb98a03c05b0f0ad62aac76f70a301bbaf/2214/13985631/7/Honda-CR_V-2026.jpg'},{url:'https://imagescdn.d2cmedia.ca/cb98a03c05b0f0ad62aac76f70a301bbaf/2214/13985631/8/Honda-CR_V-2026.jpg'},{url:'https://imagescdn.d2cmedia.ca/cb98a03c05b0f0ad62aac76f70a301bbaf/2214/13985631/9/Honda-CR_V-2026.jpg'}]",0,KM,https://www.castlehonda.ca/new/inventory/2026-Honda-CR_V-id13985631.html,2026 Honda CR-V 4DR 2WD LX at Castle Honda,40110 CAD,New,Red,,2214,Castle Honda,+1-416-745-7060,"{addr1: '370 Rexdale Blvd.', city: 'Etobicoke', region: 'Ontario', postal_code: 'M9W 1R6', country: 'CA'}",43.7180000000,-79.5860000000,,,,,https://www.castlehonda.ca/privacy-policy.html,New,2214,In stock,,40110 CAD,Free,
2HKRS3H23TH001868,2HKRS3H23TH001868,261024-new,Honda,CR-V,4DR 2WD LX,2026,AUTOMATIC,SUV,GASOLINE,,"2026 Honda CR-V 4DR 2WD LX, White exterior","[{url:'https://imagescdn.d2cmedia.ca/cb302db843806bc4e8745ad3140959bcee/2214/14189708/1/Honda-CR_V-2026.jpg'},{url:'https://imagescdn.d2cmedia.ca/s8302db843806bc4e8745ad3140959bcee/2214/14189708/1/Honda-CR_V-2026.jpg'},{url:'https://imagescdn.d2cmedia.ca/cb302db843806bc4e8745ad3140959bcee/2214/14189708/2/Honda-CR_V-2026.jpg'},{url:'https://imagescdn.d2cmedia.ca/cb302db843806bc4e8745ad3140959bcee/2214/14189708/3/Honda-CR_V-2026.jpg'},{url:'https://imagescdn.d2cmedia.ca/cb302db843806bc4e8745ad3140959bcee/2214/14189708/4/Honda-CR_V-2026.jpg'},{url:'https://imagescdn.d2cmedia.ca/cb302db843806bc4e8745ad3140959bcee/2214/14189708/5/Honda-CR_V-2026.jpg'},{url:'https://imagescdn.d2cmedia.ca/cb302db843806bc4e8745ad3140959bcee/2214/14189708/6/Honda-CR_V-2026.jpg'},{url:'https://imagescdn.d2cmedia.ca/cb302db843806bc4e8745ad3140959bcee/2214/14189708/7/Honda-CR_V-2026.jpg'},{url:'https://imagescdn.d2cmedia.ca/cb302db843806bc4e8745ad3140959bcee/2214/14189708/8/Honda-CR_V-2026.jpg'},{url:'https://imagescdn.d2cmedia.ca/cb302db843806bc4e8745ad3140959bcee/2214/14189708/9/Honda-CR_V-2026.jpg'}]",0,KM,https://www.castlehonda.ca/new/inventory/2026-Honda-CR_V-id14189708.html,2026 Honda CR-V 4DR 2WD LX at Castle Honda,40110 CAD,New,White,,2214,Castle Honda,+1-416-745-7060,"{addr1: '370 Rexdale Blvd.', city: 'Etobicoke', region: 'Ontario', postal_code: 'M9W 1R6', country: 'CA'}",43.7180000000,-79.5860000000,,,,,https://www.castlehonda.ca/privacy-policy.html,New,2214,In stock,,40110 CAD,Free,
2HKRS3H24TH002074,2HKRS3H24TH002074,261071-new,Honda,CR-V,4DR 2WD LX,2026,AUTOMATIC,SUV,GASOLINE,,"2026 Honda CR-V 4DR 2WD LX, White exterior","[{url:'https://imagescdn.d2cmedia.ca/cb6e97f397fc313b1be05675e7e00c63b2/2214/14273122/1/Honda-CR_V-2026.jpg'},{url:'https://imagescdn.d2cmedia.ca/s86e97f397fc313b1be05675e7e00c63b2/2214/14273122/1/Honda-CR_V-2026.jpg'},{url:'https://imagescdn.d2cmedia.ca/cb6e97f397fc313b1be05675e7e00c63b2/2214/14273122/2/Honda-CR_V-2026.jpg'},{url:'https://imagescdn.d2cmedia.ca/cb6e97f397fc313b1be05675e7e00c63b2/2214/14273122/3/Honda-CR_V-2026.jpg'},{url:'https://imagescdn.d2cmedia.ca/cb6e97f397fc313b1be05675e7e00c63b2/2214/14273122/4/Honda-CR_V-2026.jpg'},{url:'https://imagescdn.d2cmedia.ca/cb6e97f397fc313b1be05675e7e00c63b2/2214/14273122/5/Honda-CR_V-2026.jpg'},{url:'https://imagescdn.d2cmedia.ca/cb6e97f397fc313b1be05675e7e00c63b2/2214/14273122/6/Honda-CR_V-2026.jpg'},{url:'https://imagescdn.d2cmedia.ca/cb6e97f397fc313b1be05675e7e00c63b2/2214/14273122/7/Honda-CR_V-2026.jpg'},{url:'https://imagescdn.d2cmedia.ca/cb6e97f397fc313b1be05675e7e00c63b2/2214/14273122/8/Honda-CR_V-2026.jpg'},{url:'https://imagescdn.d2cmedia.ca/cb6e97f397fc313b1be05675e7e00c63b2/2214/14273122/9/Honda-CR_V-2026.jpg'}]",0,KM,https://www.castlehonda.ca/new/inventory/2026-Honda-CR_V-id14273122.html,2026 Honda CR-V 4DR 2WD LX at Castle Honda,40110 CAD,New,White,,2214,Castle Honda,+1-416-745-7060,"{addr1: '370 Rexdale Blvd.', city: 'Etobicoke', region: 'Ontario', postal_code: 'M9W 1R6', country: 'CA'}",43.7180000000,-79.5860000000,,,,,https://www.castlehonda.ca/privacy-policy.html,New,2214,In stock,,40110 CAD,Free,
2HKRS3H25TH002102,2HKRS3H25TH002102,261087-new,Honda,CR-V,4DR 2WD LX,2026,AUTOMATIC,SUV,GASOLINE,,"2026 Honda CR-V 4DR 2WD LX, White exterior","[{url:'https://imagescdn.d2cmedia.ca/cbadc6ae358e561a15b198349a89994840/2214/14287296/1/Honda-CR_V-2026.jpg'},{url:'https://imagescdn.d2cmedia.ca/s8adc6ae358e561a15b198349a89994840/2214/14287296/1/Honda-CR_V-2026.jpg'},{url:'https://imagescdn.d2cmedia.ca/cbadc6ae358e561a15b198349a89994840/2214/14287296/2/Honda-CR_V-2026.jpg'},{url:'https://imagescdn.d2cmedia.ca/cbadc6ae358e561a15b198349a89994840/2214/14287296/3/Honda-CR_V-2026.jpg'},{url:'https://imagescdn.d2cmedia.ca/cbadc6ae358e561a15b198349a89994840/2214/14287296/4/Honda-CR_V-2026.jpg'},{url:'https://imagescdn.d2cmedia.ca/cbadc6ae358e561a15b198349a89994840/2214/14287296/5/Honda-CR_V-2026.jpg'},{url:'https://imagescdn.d2cmedia.ca/cbadc6ae358e561a15b198349a89994840/2214/14287296/6/Honda-CR_V-2026.jpg'},{url:'https://imagescdn.d2cmedia.ca/cbadc6ae358e561a15b198349a89994840/2214/14287296/7/Honda-CR_V-2026.jpg'},{url:'https://imagescdn.d2cmedia.ca/cbadc6ae358e561a15b198349a89994840/2214/14287296/8/Honda-CR_V-2026.jpg'},{url:'https://imagescdn.d2cmedia.ca/cbadc6ae358e561a15b198349a89994840/2214/14287296/9/Honda-CR_V-2026.jpg'}]",0,KM,https://www.castlehonda.ca/new/inventory/2026-Honda-CR_V-id14287296.html,2026 Honda CR-V 4DR 2WD LX at Castle Honda,40110 CAD,New,White,,2214,Castle Honda,+1-416-745-7060,"{addr1: '370 Rexdale Blvd.', city: 'Etobicoke', region: 'Ontario', postal_code: 'M9W 1R6', country: 'CA'}",43.7180000000,-79.5860000000,,,,,https://www.castlehonda.ca/privacy-policy.html,New,2214,In stock,,40110 CAD,Free,
2HGFE4F8XTH008088,2HGFE4F8XTH008088,26522-new,Honda,Civic Hybrid,4DR ECVT SPORT TOURI,2026,AUTOMATIC,SEDAN,HYBRID,,2026 Honda Civic Hybrid 4DR ECVT SPORT TOURI,"[{url:'https://carimages.d2cmedia.ca/newcarimages/en/cb6abd2b615f84b/Honda/Civic Sedan Hybrid/2026/1200/478590-NERSIEVDVlQgU1BPUlQgVE9VUkk/white/front45.png'},{url:'https://carimages.d2cmedia.ca/newcarimages/en/cb6abd2b615f84b/Honda/Civic Sedan Hybrid/2026/1280/478590//front_45_degree.png'},{url:'https://carimages.d2cmedia.ca/newcarimages/en/cb6abd2b615f84b/Honda/Civic Sedan Hybrid/2026/2100/478590//front_45_degree.png'},{url:'https://carimages.d2cmedia.ca/newcarimages/en/cb6abd2b615f84b/Honda/Civic Sedan Hybrid/2026/2100/478590//profile.png'},{url:'https://carimages.d2cmedia.ca/newcarimages/en/cb6abd2b615f84b/Honda/Civic Sedan Hybrid/2026/2100/478590//back_45_degree.png'},{url:'https://carimages.d2cmedia.ca/newcarimages/en/cb6abd2b615f84b/Honda/Civic Sedan Hybrid/2026/2100/478590//driver_dashboard.png'},{url:'https://carimages.d2cmedia.ca/newcarimages/en/cb6abd2b615f84b/Honda/Civic Sedan Hybrid/2026/2100/478590//full_dashboard.png'},{url:'https://carimages.d2cmedia.ca/newcarimages/en/cb6abd2b615f84b/Honda/Civic Sedan Hybrid/2026/2100/478590//interior_driver_open_seat.png'},{url:'https://carimages.d2cmedia.ca/newcarimages/en/cb6abd2b615f84b/Honda/Civic Sedan Hybrid/2026/2100/478590//interior_driver_reat_seats.png'},{url:'https://carimages.d2cmedia.ca/newcarimages/en/cb6abd2b615f84b/Honda/Civic Sedan Hybrid/2026/2100/478590//interior_driver_storage_console.png'}]",0,KM,https://www.castlehonda.ca/new/inventory/2026-Honda-Civic_Hybrid-id13449882.html,2026 Honda Civic Hybrid 4DR ECVT SPORT TOURI at Castle Honda,40565 CAD,New,,,2214,Castle Honda,+1-416-745-7060,"{addr1: '370 Rexdale Blvd.', city: 'Etobicoke', region: 'Ontario', postal_code: 'M9W 1R6', country: 'CA'}",43.7180000000,-79.5860000000,,,,,https://www.castlehonda.ca/privacy-policy.html,New,2214,In stock,,40565 CAD,Free,
2HGFE4F84TH015103,2HGFE4F84TH015103,26835-new,Honda,Civic Hybrid,4DR ECVT SPORT TOURI,2026,AUTOMATIC,SEDAN,HYBRID,,"2026 Honda Civic Hybrid 4DR ECVT SPORT TOURI, White exterior","[{url:'https://imagescdn.d2cmedia.ca/cbfd8bca4ae9afe6c984c09addd45f3284/2214/13857692/1/Honda-Civic Sedan Hybrid-2026.jpg'},{url:'https://imagescdn.d2cmedia.ca/s8fd8bca4ae9afe6c984c09addd45f3284/2214/13857692/1/Honda-Civic_Hybrid-2026.jpg'},{url:'https://imagescdn.d2cmedia.ca/cbfd8bca4ae9afe6c984c09addd45f3284/2214/13857692/1/Honda-Civic_Hybrid-2026.jpg'},{url:'https://imagescdn.d2cmedia.ca/cbfd8bca4ae9afe6c984c09addd45f3284/2214/13857692/2/Honda-Civic_Hybrid-2026.jpg'},{url:'https://imagescdn.d2cmedia.ca/cbfd8bca4ae9afe6c984c09addd45f3284/2214/13857692/3/Honda-Civic_Hybrid-2026.jpg'},{url:'https://imagescdn.d2cmedia.ca/cbfd8bca4ae9afe6c984c09addd45f3284/2214/13857692/4/Honda-Civic_Hybrid-2026.jpg'},{url:'https://imagescdn.d2cmedia.ca/cbfd8bca4ae9afe6c984c09addd45f3284/2214/13857692/5/Honda-Civic_Hybrid-2026.jpg'},{url:'https://imagescdn.d2cmedia.ca/cbfd8bca4ae9afe6c984c09addd45f3284/2214/13857692/6/Honda-Civic_Hybrid-2026.jpg'},{url:'https://imagescdn.d2cmedia.ca/cbfd8bca4ae9afe6c984c09addd45f3284/2214/13857692/7/Honda-Civic_Hybrid-2026.jpg'},{url:'https://imagescdn.d2cmedia.ca/cbfd8bca4ae9afe6c984c09addd45f3284/2214/13857692/8/Honda-Civic_Hybrid-2026.jpg'}]",0,KM,https://www.castlehonda.ca/new/inventory/2026-Honda-Civic_Hybrid-id13857692.html,2026 Honda Civic Hybrid 4DR ECVT SPORT TOURI at Castle Honda,40565 CAD,New,White,,2214,Castle Honda,+1-416-745-7060,"{addr1: '370 Rexdale Blvd.', city: 'Etobicoke', region: 'Ontario', postal_code: 'M9W 1R6', country: 'CA'}",43.7180000000,-79.5860000000,,,,,https://www.castlehonda.ca/privacy-policy.html,New,2214,In stock,,40565 CAD,Free,
2HGFE4F8XTH015073,2HGFE4F8XTH015073,26837-new,Honda,Civic Hybrid,4DR ECVT SPORT TOURI,2026,AUTOMATIC,SEDAN,HYBRID,,"2026 Honda Civic Hybrid 4DR ECVT SPORT TOURI, White exterior","[{url:'https://imagescdn.d2cmedia.ca/cbfa4a554e331b4b59e1cf5187d1271120/2214/13857694/1/Honda-Civic Sedan Hybrid-2026.jpg'},{url:'https://imagescdn.d2cmedia.ca/s8fa4a554e331b4b59e1cf5187d1271120/2214/13857694/1/Honda-Civic_Hybrid-2026.jpg'},{url:'https://imagescdn.d2cmedia.ca/cbfa4a554e331b4b59e1cf5187d1271120/2214/13857694/1/Honda-Civic_Hybrid-2026.jpg'},{url:'https://imagescdn.d2cmedia.ca/cbfa4a554e331b4b59e1cf5187d1271120/2214/13857694/2/Honda-Civic_Hybrid-2026.jpg'},{url:'https://imagescdn.d2cmedia.ca/cbfa4a554e331b4b59e1cf5187d1271120/2214/13857694/3/Honda-Civic_Hybrid-2026.jpg'},{url:'https://imagescdn.d2cmedia.ca/cbfa4a554e331b4b59e1cf5187d1271120/2214/13857694/4/Honda-Civic_Hybrid-2026.jpg'},{url:'https://imagescdn.d2cmedia.ca/cbfa4a554e331b4b59e1cf5187d1271120/2214/13857694/5/Honda-Civic_Hybrid-2026.jpg'},{url:'https://imagescdn.d2cmedia.ca/cbfa4a554e331b4b59e1cf5187d1271120/2214/13857694/6/Honda-Civic_Hybrid-2026.jpg'},{url:'https://imagescdn.d2cmedia.ca/cbfa4a554e331b4b59e1cf5187d1271120/2214/13857694/7/Honda-Civic_Hybrid-2026.jpg'},{url:'https://imagescdn.d2cmedia.ca/cbfa4a554e331b4b59e1cf5187d1271120/2214/13857694/8/Honda-Civic_Hybrid-2026.jpg'}]",0,KM,https://www.castlehonda.ca/new/inventory/2026-Honda-Civic_Hybrid-id13857694.html,2026 Honda Civic Hybrid 4DR ECVT SPORT TOURI at Castle Honda,40565 CAD,New,White,,2214,Castle Honda,+1-416-745-7060,"{addr1: '370 Rexdale Blvd.', city: 'Etobicoke', region: 'Ontario', postal_code: 'M9W 1R6', country: 'CA'}",43.7180000000,-79.5860000000,,,,,https://www.castlehonda.ca/privacy-policy.html,New,2214,In stock,,40565 CAD,Free,
2HGFE4F88TH016450,2HGFE4F88TH016450,26945-new,Honda,Civic Hybrid,4DR ECVT SPORT TOURI,2026,AUTOMATIC,SEDAN,HYBRID,,"2026 Honda Civic Hybrid 4DR ECVT SPORT TOURI, White exterior","[{url:'https://imagescdn.d2cmedia.ca/cb3e26cfaf3b9cc65c195e7c386d062305/2214/14025593/1/Honda-Civic Sedan Hybrid-2026.jpg'},{url:'https://imagescdn.d2cmedia.ca/s83e26cfaf3b9cc65c195e7c386d062305/2214/14025593/1/Honda-Civic_Hybrid-2026.jpg'},{url:'https://imagescdn.d2cmedia.ca/cb3e26cfaf3b9cc65c195e7c386d062305/2214/14025593/1/Honda-Civic_Hybrid-2026.jpg'},{url:'https://imagescdn.d2cmedia.ca/cb3e26cfaf3b9cc65c195e7c386d062305/2214/14025593/2/Honda-Civic_Hybrid-2026.jpg'},{url:'https://imagescdn.d2cmedia.ca/cb3e26cfaf3b9cc65c195e7c386d062305/2214/14025593/3/Honda-Civic_Hybrid-2026.jpg'},{url:'https://imagescdn.d2cmedia.ca/cb3e26cfaf3b9cc65c195e7c386d062305/2214/14025593/4/Honda-Civic_Hybrid-2026.jpg'},{url:'https://imagescdn.d2cmedia.ca/cb3e26cfaf3b9cc65c195e7c386d062305/2214/14025593/5/Honda-Civic_Hybrid-2026.jpg'},{url:'https://imagescdn.d2cmedia.ca/cb3e26cfaf3b9cc65c195e7c386d062305/2214/14025593/6/Honda-Civic_Hybrid-2026.jpg'},{url:'https://imagescdn.d2cmedia.ca/cb3e26cfaf3b9cc65c195e7c386d062305/2214/14025593/7/Honda-Civic_Hybrid-2026.jpg'},{url:'https://imagescdn.d2cmedia.ca/cb3e26cfaf3b9cc65c195e7c386d062305/2214/14025593/8/Honda-Civic_Hybrid-2026.jpg'}]",0,KM,https://www.castlehonda.ca/new/inventory/2026-Honda-Civic_Hybrid-id14025593.html,2026 Honda Civic Hybrid 4DR ECVT SPORT TOURI at Castle Honda,40565 CAD,New,White,,2214,Castle Honda,+1-416-745-7060,"{addr1: '370 Rexdale Blvd.', city: 'Etobicoke', region: 'Ontario', postal_code: 'M9W 1R6', country: 'CA'}",43.7180000000,-79.5860000000,,,,,https://www.castlehonda.ca/privacy-policy.html,New,2214,In stock,,40565 CAD,Free,
2HGFE4F86TH016446,2HGFE4F86TH016446,26947-new,Honda,Civic Hybrid,4DR ECVT SPORT TOURI,2026,AUTOMATIC,SEDAN,HYBRID,,"2026 Honda Civic Hybrid 4DR ECVT SPORT TOURI, White exterior","[{url:'https://imagescdn.d2cmedia.ca/cb89f6997560f3d0b38f447c910abae441/2214/14025595/1/Honda-Civic Sedan Hybrid-2026.jpg'},{url:'https://imagescdn.d2cmedia.ca/s889f6997560f3d0b38f447c910abae441/2214/14025595/1/Honda-Civic_Hybrid-2026.jpg'},{url:'https://imagescdn.d2cmedia.ca/cb89f6997560f3d0b38f447c910abae441/2214/14025595/1/Honda-Civic_Hybrid-2026.jpg'},{url:'https://imagescdn.d2cmedia.ca/cb89f6997560f3d0b38f447c910abae441/2214/14025595/2/Honda-Civic_Hybrid-2026.jpg'},{url:'https://imagescdn.d2cmedia.ca/cb89f6997560f3d0b38f447c910abae441/2214/14025595/3/Honda-Civic_Hybrid-2026.jpg'},{url:'https://imagescdn.d2cmedia.ca/cb89f6997560f3d0b38f447c910abae441/2214/14025595/4/Honda-Civic_Hybrid-2026.jpg'},{url:'https://imagescdn.d2cmedia.ca/cb89f6997560f3d0b38f447c910abae441/2214/14025595/5/Honda-Civic_Hybrid-2026.jpg'},{url:'https://imagescdn.d2cmedia.ca/cb89f6997560f3d0b38f447c910abae441/2214/14025595/6/Honda-Civic_Hybrid-2026.jpg'},{url:'https://imagescdn.d2cmedia.ca/cb89f6997560f3d0b38f447c910abae441/2214/14025595/7/Honda-Civic_Hybrid-2026.jpg'},{url:'https://imagescdn.d2cmedia.ca/cb89f6997560f3d0b38f447c910abae441/2214/14025595/8/Honda-Civic_Hybrid-2026.jpg'}]",0,KM,https://www.castlehonda.ca/new/inventory/2026-Honda-Civic_Hybrid-id14025595.html,2026 Honda Civic Hybrid 4DR ECVT SPORT TOURI at Castle Honda,40565 CAD,New,White,,2214,Castle Honda,+1-416-745-7060,"{addr1: '370 Rexdale Blvd.', city: 'Etobicoke', region: 'Ontario', postal_code: 'M9W 1R6', country: 'CA'}",43.7180000000,-79.5860000000,,,,,https://www.castlehonda.ca/privacy-policy.html,New,2214,In stock,,40565 CAD,Free,
3CZRZ2H76VM106736,3CZRZ2H76VM106736,27068-new,Honda,HR-V,4DR AWD EX-L,2027,AUTOMATIC,SUV,GASOLINE,,2027 Honda HR-V 4DR AWD EX-L,"[{url:'https://carimages.d2cmedia.ca/newcarimages/en/cb6abd2b615f84b/Honda/HR-V/2027/1200/486879-NERSIEFXRCBFWC1M/white/front45.png'},{url:'https://carimages.d2cmedia.ca/newcarimages/en/cb6abd2b615f84b/Honda/HR-V/2027/1280/486879//front_45_degree.png'},{url:'https://carimages.d2cmedia.ca/newcarimages/en/cb6abd2b615f84b/Honda/HR-V/2027/2100/486879//front_45_degree.png'},{url:'https://carimages.d2cmedia.ca/newcarimages/en/cb6abd2b615f84b/Honda/HR-V/2027/2100/486879//profile.png'},{url:'https://carimages.d2cmedia.ca/newcarimages/en/cb6abd2b615f84b/Honda/HR-V/2027/2100/486879//back_45_degree.png'},{url:'https://carimages.d2cmedia.ca/newcarimages/en/cb6abd2b615f84b/Honda/HR-V/2027/2100/486879//driver_dashboard.png'},{url:'https://carimages.d2cmedia.ca/newcarimages/en/cb6abd2b615f84b/Honda/HR-V/2027/2100/486879//full_dashboard.png'},{url:'https://carimages.d2cmedia.ca/newcarimages/en/cb6abd2b615f84b/Honda/HR-V/2027/2100/486879//interior_driver_open_seat.png'},{url:'https://carimages.d2cmedia.ca/newcarimages/en/cb6abd2b615f84b/Honda/HR-V/2027/2100/486879//interior_driver_stereo.png'},{url:'https://carimages.d2cmedia.ca/newcarimages/en/cb6abd2b615f84b/Honda/HR-V/2027/2100/486879//interior_driver_reat_seats.png'}]",0,KM,https://www.castlehonda.ca/new/inventory/2027-Honda-HR_V-id14386513.html,2027 Honda HR-V 4DR AWD EX-L at Castle Honda,42335 CAD,New,,,2214,Castle Honda,+1-416-745-7060,"{addr1: '370 Rexdale Blvd.', city: 'Etobicoke', region: 'Ontario', postal_code: 'M9W 1R6', country: 'CA'}",43.7180000000,-79.5860000000,,,,,https://www.castlehonda.ca/privacy-policy.html,New,2214,In stock,,42335 CAD,Free,
3CZRZ2H71VM106854,3CZRZ2H71VM106854,27071-new,Honda,HR-V,4DR AWD EX-L,2027,AUTOMATIC,SUV,GASOLINE,,"2027 Honda HR-V 4DR AWD EX-L, Black exterior","[{url:'https://imagescdn.d2cmedia.ca/cbc4dcef156b8b128ca11098f061454993/2214/14392677/1/Honda-HR_V-2027.jpg'},{url:'https://imagescdn.d2cmedia.ca/s8c4dcef156b8b128ca11098f061454993/2214/14392677/1/Honda-HR_V-2027.jpg'},{url:'https://imagescdn.d2cmedia.ca/cbc4dcef156b8b128ca11098f061454993/2214/14392677/2/Honda-HR_V-2027.jpg'},{url:'https://imagescdn.d2cmedia.ca/cbc4dcef156b8b128ca11098f061454993/2214/14392677/3/Honda-HR_V-2027.jpg'},{url:'https://imagescdn.d2cmedia.ca/cbc4dcef156b8b128ca11098f061454993/2214/14392677/4/Honda-HR_V-2027.jpg'},{url:'https://imagescdn.d2cmedia.ca/cbc4dcef156b8b128ca11098f061454993/2214/14392677/5/Honda-HR_V-2027.jpg'},{url:'https://imagescdn.d2cmedia.ca/cbc4dcef156b8b128ca11098f061454993/2214/14392677/6/Honda-HR_V-2027.jpg'},{url:'https://imagescdn.d2cmedia.ca/cbc4dcef156b8b128ca11098f061454993/2214/14392677/7/Honda-HR_V-2027.jpg'},{url:'https://imagescdn.d2cmedia.ca/cbc4dcef156b8b128ca11098f061454993/2214/14392677/8/Honda-HR_V-2027.jpg'},{url:'https://imagescdn.d2cmedia.ca/cbc4dcef156b8b128ca11098f061454993/2214/14392677/9/Honda-HR_V-2027.jpg'}]",0,KM,https://www.castlehonda.ca/new/inventory/2027-Honda-HR_V-id14392677.html,2027 Honda HR-V 4DR AWD EX-L at Castle Honda,42335 CAD,New,Black,,2214,Castle Honda,+1-416-745-7060,"{addr1: '370 Rexdale Blvd.', city: 'Etobicoke', region: 'Ontario', postal_code: 'M9W 1R6', country: 'CA'}",43.7180000000,-79.5860000000,,,,,https://www.castlehonda.ca/privacy-policy.html,New,2214,In stock,,42335 CAD,Free,
3CZRZ2H75VM106873,3CZRZ2H75VM106873,27072-new,Honda,HR-V,4DR AWD EX-L,2027,AUTOMATIC,SUV,GASOLINE,,2027 Honda HR-V 4DR AWD EX-L,"[{url:'https://carimages.d2cmedia.ca/newcarimages/en/cb6abd2b615f84b/Honda/HR-V/2027/1200/486879-NERSIEFXRCBFWC1M/white/front45.png'},{url:'https://carimages.d2cmedia.ca/newcarimages/en/cb6abd2b615f84b/Honda/HR-V/2027/1280/486879//front_45_degree.png'},{url:'https://carimages.d2cmedia.ca/newcarimages/en/cb6abd2b615f84b/Honda/HR-V/2027/2100/486879//front_45_degree.png'},{url:'https://carimages.d2cmedia.ca/newcarimages/en/cb6abd2b615f84b/Honda/HR-V/2027/2100/486879//profile.png'},{url:'https://carimages.d2cmedia.ca/newcarimages/en/cb6abd2b615f84b/Honda/HR-V/2027/2100/486879//back_45_degree.png'},{url:'https://carimages.d2cmedia.ca/newcarimages/en/cb6abd2b615f84b/Honda/HR-V/2027/2100/486879//driver_dashboard.png'},{url:'https://carimages.d2cmedia.ca/newcarimages/en/cb6abd2b615f84b/Honda/HR-V/2027/2100/486879//full_dashboard.png'},{url:'https://carimages.d2cmedia.ca/newcarimages/en/cb6abd2b615f84b/Honda/HR-V/2027/2100/486879//interior_driver_open_seat.png'},{url:'https://carimages.d2cmedia.ca/newcarimages/en/cb6abd2b615f84b/Honda/HR-V/2027/2100/486879//interior_driver_stereo.png'},{url:'https://carimages.d2cmedia.ca/newcarimages/en/cb6abd2b615f84b/Honda/HR-V/2027/2100/486879//interior_driver_reat_seats.png'}]",0,KM,https://www.castlehonda.ca/new/inventory/2027-Honda-HR_V-id14392678.html,2027 Honda HR-V 4DR AWD EX-L at Castle Honda,42335 CAD,New,,,2214,Castle Honda,+1-416-745-7060,"{addr1: '370 Rexdale Blvd.', city: 'Etobicoke', region: 'Ontario', postal_code: 'M9W 1R6', country: 'CA'}",43.7180000000,-79.5860000000,,,,,https://www.castlehonda.ca/privacy-policy.html,New,2214,In stock,,42335 CAD,Free,
3CZRZ2H79VM107315,3CZRZ2H79VM107315,27074-new,Honda,HR-V,4DR AWD EX-L,2027,AUTOMATIC,SUV,GASOLINE,,"2027 Honda HR-V 4DR AWD EX-L, Black exterior","[{url:'https://carimages.d2cmedia.ca/newcarimages/en/cb6abd2b615f84b/Honda/HR-V/2027/1200/486879-NERSIEFXRCBFWC1M/black/front45.png'},{url:'https://carimages.d2cmedia.ca/newcarimages/en/cb6abd2b615f84b/Honda/HR-V/2027/1280/486879/black/front_45_degree.png'},{url:'https://carimages.d2cmedia.ca/newcarimages/en/cb6abd2b615f84b/Honda/HR-V/2027/2100/486879/black/front_45_degree.png'},{url:'https://carimages.d2cmedia.ca/newcarimages/en/cb6abd2b615f84b/Honda/HR-V/2027/2100/486879/black/profile.png'},{url:'https://carimages.d2cmedia.ca/newcarimages/en/cb6abd2b615f84b/Honda/HR-V/2027/2100/486879/black/back_45_degree.png'},{url:'https://carimages.d2cmedia.ca/newcarimages/en/cb6abd2b615f84b/Honda/HR-V/2027/2100/486879/black/driver_dashboard.png'},{url:'https://carimages.d2cmedia.ca/newcarimages/en/cb6abd2b615f84b/Honda/HR-V/2027/2100/486879/black/full_dashboard.png'},{url:'https://carimages.d2cmedia.ca/newcarimages/en/cb6abd2b615f84b/Honda/HR-V/2027/2100/486879/black/interior_driver_open_seat.png'},{url:'https://carimages.d2cmedia.ca/newcarimages/en/cb6abd2b615f84b/Honda/HR-V/2027/2100/486879/black/interior_driver_stereo.png'},{url:'https://carimages.d2cmedia.ca/newcarimages/en/cb6abd2b615f84b/Honda/HR-V/2027/2100/486879/black/interior_driver_reat_seats.png'}]",0,KM,https://www.castlehonda.ca/new/inventory/2027-Honda-HR_V-id14439661.html,2027 Honda HR-V 4DR AWD EX-L at Castle Honda,42335 CAD,New,Black,,2214,Castle Honda,+1-416-745-7060,"{addr1: '370 Rexdale Blvd.', city: 'Etobicoke', region: 'Ontario', postal_code: 'M9W 1R6', country: 'CA'}",43.7180000000,-79.5860000000,,,,,https://www.castlehonda.ca/privacy-policy.html,New,2214,In stock,,42335 CAD,Free,
3CZRZ2H70VM107266,3CZRZ2H70VM107266,27075-new,Honda,HR-V,4DR AWD EX-L,2027,AUTOMATIC,SUV,GASOLINE,,"2027 Honda HR-V 4DR AWD EX-L, Black exterior","[{url:'https://carimages.d2cmedia.ca/newcarimages/en/cb6abd2b615f84b/Honda/HR-V/2027/1200/486879-NERSIEFXRCBFWC1M/black/front45.png'},{url:'https://carimages.d2cmedia.ca/newcarimages/en/cb6abd2b615f84b/Honda/HR-V/2027/1280/486879/black/front_45_degree.png'},{url:'https://carimages.d2cmedia.ca/newcarimages/en/cb6abd2b615f84b/Honda/HR-V/2027/2100/486879/black/front_45_degree.png'},{url:'https://carimages.d2cmedia.ca/newcarimages/en/cb6abd2b615f84b/Honda/HR-V/2027/2100/486879/black/profile.png'},{url:'https://carimages.d2cmedia.ca/newcarimages/en/cb6abd2b615f84b/Honda/HR-V/2027/2100/486879/black/back_45_degree.png'},{url:'https://carimages.d2cmedia.ca/newcarimages/en/cb6abd2b615f84b/Honda/HR-V/2027/2100/486879/black/driver_dashboard.png'},{url:'https://carimages.d2cmedia.ca/newcarimages/en/cb6abd2b615f84b/Honda/HR-V/2027/2100/486879/black/full_dashboard.png'},{url:'https://carimages.d2cmedia.ca/newcarimages/en/cb6abd2b615f84b/Honda/HR-V/2027/2100/486879/black/interior_driver_open_seat.png'},{url:'https://carimages.d2cmedia.ca/newcarimages/en/cb6abd2b615f84b/Honda/HR-V/2027/2100/486879/black/interior_driver_stereo.png'},{url:'https://carimages.d2cmedia.ca/newcarimages/en/cb6abd2b615f84b/Honda/HR-V/2027/2100/486879/black/interior_driver_reat_seats.png'}]",0,KM,https://www.castlehonda.ca/new/inventory/2027-Honda-HR_V-id14439662.html,2027 Honda HR-V 4DR AWD EX-L at Castle Honda,42335 CAD,New,Black,,2214,Castle Honda,+1-416-745-7060,"{addr1: '370 Rexdale Blvd.', city: 'Etobicoke', region: 'Ontario', postal_code: 'M9W 1R6', country: 'CA'}",43.7180000000,-79.5860000000,,,,,https://www.castlehonda.ca/privacy-policy.html,New,2214,In stock,,42335 CAD,Free,
2HGFE4F84TH019328,2HGFE4F84TH019328,261063-new,Honda,Civic Hybrid,4DR ECVT SPORT TOURI,2026,AUTOMATIC,SEDAN,HYBRID,,"2026 Honda Civic Hybrid 4DR ECVT SPORT TOURI, Black exterior","[{url:'https://imagescdn.d2cmedia.ca/cb4635e45322748a0f4c3be69623d29360/2214/14273115/1/Honda-Civic Sedan Hybrid-2026.jpg'},{url:'https://imagescdn.d2cmedia.ca/s84635e45322748a0f4c3be69623d29360/2214/14273115/1/Honda-Civic_Hybrid-2026.jpg'},{url:'https://imagescdn.d2cmedia.ca/cb4635e45322748a0f4c3be69623d29360/2214/14273115/1/Honda-Civic_Hybrid-2026.jpg'},{url:'https://imagescdn.d2cmedia.ca/cb4635e45322748a0f4c3be69623d29360/2214/14273115/2/Honda-Civic_Hybrid-2026.jpg'},{url:'https://imagescdn.d2cmedia.ca/cb4635e45322748a0f4c3be69623d29360/2214/14273115/3/Honda-Civic_Hybrid-2026.jpg'},{url:'https://imagescdn.d2cmedia.ca/cb4635e45322748a0f4c3be69623d29360/2214/14273115/4/Honda-Civic_Hybrid-2026.jpg'},{url:'https://imagescdn.d2cmedia.ca/cb4635e45322748a0f4c3be69623d29360/2214/14273115/5/Honda-Civic_Hybrid-2026.jpg'},{url:'https://imagescdn.d2cmedia.ca/cb4635e45322748a0f4c3be69623d29360/2214/14273115/6/Honda-Civic_Hybrid-2026.jpg'},{url:'https://imagescdn.d2cmedia.ca/cb4635e45322748a0f4c3be69623d29360/2214/14273115/7/Honda-Civic_Hybrid-2026.jpg'},{url:'https://imagescdn.d2cmedia.ca/cb4635e45322748a0f4c3be69623d29360/2214/14273115/8/Honda-Civic_Hybrid-2026.jpg'}]",0,KM,https://www.castlehonda.ca/new/inventory/2026-Honda-Civic_Hybrid-id14273115.html,2026 Honda Civic Hybrid 4DR ECVT SPORT TOURI at Castle Honda,40565 CAD,New,Black,,2214,Castle Honda,+1-416-745-7060,"{addr1: '370 Rexdale Blvd.', city: 'Etobicoke', region: 'Ontario', postal_code: 'M9W 1R6', country: 'CA'}",43.7180000000,-79.5860000000,,,,,https://www.castlehonda.ca/privacy-policy.html,New,2214,In stock,,40565 CAD,Free,
2HGFE4F82TH018842,2HGFE4F82TH018842,261066-new,Honda,Civic Hybrid,4DR ECVT SPORT TOURI,2026,AUTOMATIC,SEDAN,HYBRID,,"2026 Honda Civic Hybrid 4DR ECVT SPORT TOURI, Grey exterior","[{url:'https://imagescdn.d2cmedia.ca/cba70c5d9098f3c183d3b610fe5208dcae/2214/14273117/1/Honda-Civic Sedan Hybrid-2026.jpg'},{url:'https://imagescdn.d2cmedia.ca/s8a70c5d9098f3c183d3b610fe5208dcae/2214/14273117/1/Honda-Civic_Hybrid-2026.jpg'},{url:'https://imagescdn.d2cmedia.ca/cba70c5d9098f3c183d3b610fe5208dcae/2214/14273117/1/Honda-Civic_Hybrid-2026.jpg'},{url:'https://imagescdn.d2cmedia.ca/cba70c5d9098f3c183d3b610fe5208dcae/2214/14273117/2/Honda-Civic_Hybrid-2026.jpg'},{url:'https://imagescdn.d2cmedia.ca/cba70c5d9098f3c183d3b610fe5208dcae/2214/14273117/3/Honda-Civic_Hybrid-2026.jpg'},{url:'https://imagescdn.d2cmedia.ca/cba70c5d9098f3c183d3b610fe5208dcae/2214/14273117/4/Honda-Civic_Hybrid-2026.jpg'},{url:'https://imagescdn.d2cmedia.ca/cba70c5d9098f3c183d3b610fe5208dcae/2214/14273117/5/Honda-Civic_Hybrid-2026.jpg'},{url:'https://imagescdn.d2cmedia.ca/cba70c5d9098f3c183d3b610fe5208dcae/2214/14273117/6/Honda-Civic_Hybrid-2026.jpg'},{url:'https://imagescdn.d2cmedia.ca/cba70c5d9098f3c183d3b610fe5208dcae/2214/14273117/7/Honda-Civic_Hybrid-2026.jpg'},{url:'https://imagescdn.d2cmedia.ca/cba70c5d9098f3c183d3b610fe5208dcae/2214/14273117/8/Honda-Civic_Hybrid-2026.jpg'}]",0,KM,https://www.castlehonda.ca/new/inventory/2026-Honda-Civic_Hybrid-id14273117.html,2026 Honda Civic Hybrid 4DR ECVT SPORT TOURI at Castle Honda,40565 CAD,New,Grey,,2214,Castle Honda,+1-416-745-7060,"{addr1: '370 Rexdale Blvd.', city: 'Etobicoke', region: 'Ontario', postal_code: 'M9W 1R6', country: 'CA'}",43.7180000000,-79.5860000000,,,,,https://www.castlehonda.ca/privacy-policy.html,New,2214,In stock,,40565 CAD,Free,
2HGFE4F80TH019682,2HGFE4F80TH019682,261108-new,Honda,Civic Hybrid,4DR ECVT SPORT TOURI,2026,AUTOMATIC,SEDAN,HYBRID,,"2026 Honda Civic Hybrid 4DR ECVT SPORT TOURI, Blue exterior","[{url:'https://imagescdn.d2cmedia.ca/cb7db575666a5614c42fbf4f000b9f9472/2214/14341506/1/Honda-Civic Sedan Hybrid-2026.jpg'},{url:'https://imagescdn.d2cmedia.ca/s87db575666a5614c42fbf4f000b9f9472/2214/14341506/1/Honda-Civic_Hybrid-2026.jpg'},{url:'https://imagescdn.d2cmedia.ca/cb7db575666a5614c42fbf4f000b9f9472/2214/14341506/1/Honda-Civic_Hybrid-2026.jpg'},{url:'https://imagescdn.d2cmedia.ca/cb7db575666a5614c42fbf4f000b9f9472/2214/14341506/2/Honda-Civic_Hybrid-2026.jpg'},{url:'https://imagescdn.d2cmedia.ca/cb7db575666a5614c42fbf4f000b9f9472/2214/14341506/3/Honda-Civic_Hybrid-2026.jpg'},{url:'https://imagescdn.d2cmedia.ca/cb7db575666a5614c42fbf4f000b9f9472/2214/14341506/4/Honda-Civic_Hybrid-2026.jpg'},{url:'https://imagescdn.d2cmedia.ca/cb7db575666a5614c42fbf4f000b9f9472/2214/14341506/5/Honda-Civic_Hybrid-2026.jpg'},{url:'https://imagescdn.d2cmedia.ca/cb7db575666a5614c42fbf4f000b9f9472/2214/14341506/6/Honda-Civic_Hybrid-2026.jpg'},{url:'https://imagescdn.d2cmedia.ca/cb7db575666a5614c42fbf4f000b9f9472/2214/14341506/7/Honda-Civic_Hybrid-2026.jpg'},{url:'https://imagescdn.d2cmedia.ca/cb7db575666a5614c42fbf4f000b9f9472/2214/14341506/8/Honda-Civic_Hybrid-2026.jpg'}]",0,KM,https://www.castlehonda.ca/new/inventory/2026-Honda-Civic_Hybrid-id14341506.html,2026 Honda Civic Hybrid 4DR ECVT SPORT TOURI at Castle Honda,40565 CAD,New,Blue,,2214,Castle Honda,+1-416-745-7060,"{addr1: '370 Rexdale Blvd.', city: 'Etobicoke', region: 'Ontario', postal_code: 'M9W 1R6', country: 'CA'}",43.7180000000,-79.5860000000,,,,,https://www.castlehonda.ca/privacy-policy.html,New,2214,In stock,,40565 CAD,Free,
2HGFE4F86TH020447,2HGFE4F86TH020447,261119-new,Honda,Civic Hybrid,4DR ECVT SPORT TOURI,2026,AUTOMATIC,SEDAN,HYBRID,,"2026 Honda Civic Hybrid 4DR ECVT SPORT TOURI, Black exterior","[{url:'https://imagescdn.d2cmedia.ca/cba3b08bf2ac0bb1f519184f88f3caf315/2214/14413967/1/Honda-Civic Sedan Hybrid-2026.jpg'},{url:'https://imagescdn.d2cmedia.ca/s8a3b08bf2ac0bb1f519184f88f3caf315/2214/14413967/1/Honda-Civic_Hybrid-2026.jpg'},{url:'https://imagescdn.d2cmedia.ca/cba3b08bf2ac0bb1f519184f88f3caf315/2214/14413967/1/Honda-Civic_Hybrid-2026.jpg'},{url:'https://imagescdn.d2cmedia.ca/cba3b08bf2ac0bb1f519184f88f3caf315/2214/14413967/2/Honda-Civic_Hybrid-2026.jpg'},{url:'https://imagescdn.d2cmedia.ca/cba3b08bf2ac0bb1f519184f88f3caf315/2214/14413967/3/Honda-Civic_Hybrid-2026.jpg'},{url:'https://imagescdn.d2cmedia.ca/cba3b08bf2ac0bb1f519184f88f3caf315/2214/14413967/4/Honda-Civic_Hybrid-2026.jpg'},{url:'https://imagescdn.d2cmedia.ca/cba3b08bf2ac0bb1f519184f88f3caf315/2214/14413967/5/Honda-Civic_Hybrid-2026.jpg'},{url:'https://imagescdn.d2cmedia.ca/cba3b08bf2ac0bb1f519184f88f3caf315/2214/14413967/6/Honda-Civic_Hybrid-2026.jpg'},{url:'https://imagescdn.d2cmedia.ca/cba3b08bf2ac0bb1f519184f88f3caf315/2214/14413967/7/Honda-Civic_Hybrid-2026.jpg'},{url:'https://imagescdn.d2cmedia.ca/cba3b08bf2ac0bb1f519184f88f3caf315/2214/14413967/8/Honda-Civic_Hybrid-2026.jpg'}]",0,KM,https://www.castlehonda.ca/new/inventory/2026-Honda-Civic_Hybrid-id14413967.html,2026 Honda Civic Hybrid 4DR ECVT SPORT TOURI at Castle Honda,40565 CAD,New,Black,,2214,Castle Honda,+1-416-745-7060,"{addr1: '370 Rexdale Blvd.', city: 'Etobicoke', region: 'Ontario', postal_code: 'M9W 1R6', country: 'CA'}",43.7180000000,-79.5860000000,,,,,https://www.castlehonda.ca/privacy-policy.html,New,2214,In stock,,40565 CAD,Free,
2HGFE4F87TH020313,2HGFE4F87TH020313,261120-new,Honda,Civic Hybrid,4DR ECVT SPORT TOURI,2026,AUTOMATIC,SEDAN,HYBRID,,"2026 Honda Civic Hybrid 4DR ECVT SPORT TOURI, Black exterior","[{url:'https://imagescdn.d2cmedia.ca/cb5ba7cfe6e52ef57e136de0904a7af1bb/2214/14413968/1/Honda-Civic Sedan Hybrid-2026.jpg'},{url:'https://imagescdn.d2cmedia.ca/s85ba7cfe6e52ef57e136de0904a7af1bb/2214/14413968/1/Honda-Civic_Hybrid-2026.jpg'},{url:'https://imagescdn.d2cmedia.ca/cb5ba7cfe6e52ef57e136de0904a7af1bb/2214/14413968/1/Honda-Civic_Hybrid-2026.jpg'},{url:'https://imagescdn.d2cmedia.ca/cb5ba7cfe6e52ef57e136de0904a7af1bb/2214/14413968/2/Honda-Civic_Hybrid-2026.jpg'},{url:'https://imagescdn.d2cmedia.ca/cb5ba7cfe6e52ef57e136de0904a7af1bb/2214/14413968/3/Honda-Civic_Hybrid-2026.jpg'},{url:'https://imagescdn.d2cmedia.ca/cb5ba7cfe6e52ef57e136de0904a7af1bb/2214/14413968/4/Honda-Civic_Hybrid-2026.jpg'},{url:'https://imagescdn.d2cmedia.ca/cb5ba7cfe6e52ef57e136de0904a7af1bb/2214/14413968/5/Honda-Civic_Hybrid-2026.jpg'},{url:'https://imagescdn.d2cmedia.ca/cb5ba7cfe6e52ef57e136de0904a7af1bb/2214/14413968/6/Honda-Civic_Hybrid-2026.jpg'},{url:'https://imagescdn.d2cmedia.ca/cb5ba7cfe6e52ef57e136de0904a7af1bb/2214/14413968/7/Honda-Civic_Hybrid-2026.jpg'},{url:'https://imagescdn.d2cmedia.ca/cb5ba7cfe6e52ef57e136de0904a7af1bb/2214/14413968/8/Honda-Civic_Hybrid-2026.jpg'}]",0,KM,https://www.castlehonda.ca/new/inventory/2026-Honda-Civic_Hybrid-id14413968.html,2026 Honda Civic Hybrid 4DR ECVT SPORT TOURI at Castle Honda,40565 CAD,New,Black,,2214,Castle Honda,+1-416-745-7060,"{addr1: '370 Rexdale Blvd.', city: 'Etobicoke', region: 'Ontario', postal_code: 'M9W 1R6', country: 'CA'}",43.7180000000,-79.5860000000,,,,,https://www.castlehonda.ca/privacy-policy.html,New,2214,In stock,,40565 CAD,Free,
2HGFE4F85TH020133,2HGFE4F85TH020133,261121-new,Honda,Civic Hybrid,4DR ECVT SPORT TOURI,2026,AUTOMATIC,SEDAN,HYBRID,,"2026 Honda Civic Hybrid 4DR ECVT SPORT TOURI, White exterior","[{url:'https://imagescdn.d2cmedia.ca/cb5944e1ee154c202bb2db1cd21e62cc9e/2214/14413969/1/Honda-Civic Sedan Hybrid-2026.jpg'},{url:'https://imagescdn.d2cmedia.ca/s85944e1ee154c202bb2db1cd21e62cc9e/2214/14413969/1/Honda-Civic_Hybrid-2026.jpg'},{url:'https://imagescdn.d2cmedia.ca/cb5944e1ee154c202bb2db1cd21e62cc9e/2214/14413969/1/Honda-Civic_Hybrid-2026.jpg'},{url:'https://imagescdn.d2cmedia.ca/cb5944e1ee154c202bb2db1cd21e62cc9e/2214/14413969/2/Honda-Civic_Hybrid-2026.jpg'},{url:'https://imagescdn.d2cmedia.ca/cb5944e1ee154c202bb2db1cd21e62cc9e/2214/14413969/3/Honda-Civic_Hybrid-2026.jpg'},{url:'https://imagescdn.d2cmedia.ca/cb5944e1ee154c202bb2db1cd21e62cc9e/2214/14413969/4/Honda-Civic_Hybrid-2026.jpg'},{url:'https://imagescdn.d2cmedia.ca/cb5944e1ee154c202bb2db1cd21e62cc9e/2214/14413969/5/Honda-Civic_Hybrid-2026.jpg'},{url:'https://imagescdn.d2cmedia.ca/cb5944e1ee154c202bb2db1cd21e62cc9e/2214/14413969/6/Honda-Civic_Hybrid-2026.jpg'},{url:'https://imagescdn.d2cmedia.ca/cb5944e1ee154c202bb2db1cd21e62cc9e/2214/14413969/7/Honda-Civic_Hybrid-2026.jpg'},{url:'https://imagescdn.d2cmedia.ca/cb5944e1ee154c202bb2db1cd21e62cc9e/2214/14413969/8/Honda-Civic_Hybrid-2026.jpg'}]",0,KM,https://www.castlehonda.ca/new/inventory/2026-Honda-Civic_Hybrid-id14413969.html,2026 Honda Civic Hybrid 4DR ECVT SPORT TOURI at Castle Honda,40565 CAD,New,White,,2214,Castle Honda,+1-416-745-7060,"{addr1: '370 Rexdale Blvd.', city: 'Etobicoke', region: 'Ontario', postal_code: 'M9W 1R6', country: 'CA'}",43.7180000000,-79.5860000000,,,,,https://www.castlehonda.ca/privacy-policy.html,New,2214,In stock,,40565 CAD,Free,
2HGFE4F81TH020324,2HGFE4F81TH020324,261123-new,Honda,Civic Hybrid,4DR ECVT SPORT TOURI,2026,AUTOMATIC,SEDAN,HYBRID,,"2026 Honda Civic Hybrid 4DR ECVT SPORT TOURI, Black exterior","[{url:'https://imagescdn.d2cmedia.ca/cb932ab12e8b6a5eadc49e3c33991dbdb8/2214/14413971/1/Honda-Civic Sedan Hybrid-2026.jpg'},{url:'https://imagescdn.d2cmedia.ca/s8932ab12e8b6a5eadc49e3c33991dbdb8/2214/14413971/1/Honda-Civic_Hybrid-2026.jpg'},{url:'https://imagescdn.d2cmedia.ca/cb932ab12e8b6a5eadc49e3c33991dbdb8/2214/14413971/1/Honda-Civic_Hybrid-2026.jpg'},{url:'https://imagescdn.d2cmedia.ca/cb932ab12e8b6a5eadc49e3c33991dbdb8/2214/14413971/2/Honda-Civic_Hybrid-2026.jpg'},{url:'https://imagescdn.d2cmedia.ca/cb932ab12e8b6a5eadc49e3c33991dbdb8/2214/14413971/3/Honda-Civic_Hybrid-2026.jpg'},{url:'https://imagescdn.d2cmedia.ca/cb932ab12e8b6a5eadc49e3c33991dbdb8/2214/14413971/4/Honda-Civic_Hybrid-2026.jpg'},{url:'https://imagescdn.d2cmedia.ca/cb932ab12e8b6a5eadc49e3c33991dbdb8/2214/14413971/5/Honda-Civic_Hybrid-2026.jpg'},{url:'https://imagescdn.d2cmedia.ca/cb932ab12e8b6a5eadc49e3c33991dbdb8/2214/14413971/6/Honda-Civic_Hybrid-2026.jpg'},{url:'https://imagescdn.d2cmedia.ca/cb932ab12e8b6a5eadc49e3c33991dbdb8/2214/14413971/7/Honda-Civic_Hybrid-2026.jpg'},{url:'https://imagescdn.d2cmedia.ca/cb932ab12e8b6a5eadc49e3c33991dbdb8/2214/14413971/8/Honda-Civic_Hybrid-2026.jpg'}]",0,KM,https://www.castlehonda.ca/new/inventory/2026-Honda-Civic_Hybrid-id14413971.html,2026 Honda Civic Hybrid 4DR ECVT SPORT TOURI at Castle Honda,40565 CAD,New,Black,,2214,Castle Honda,+1-416-745-7060,"{addr1: '370 Rexdale Blvd.', city: 'Etobicoke', region: 'Ontario', postal_code: 'M9W 1R6', country: 'CA'}",43.7180000000,-79.5860000000,,,,,https://www.castlehonda.ca/privacy-policy.html,New,2214,In stock,,40565 CAD,Free,
2HKRS4H21TH113459,2HKRS4H21TH113459,26798-new,Honda,CR-V,4DR AWD LX,2026,AUTOMATIC,SUV,GASOLINE,,"2026 Honda CR-V 4DR AWD LX, Black exterior","[{url:'https://imagescdn.d2cmedia.ca/cb032cdb4c563f093431ba0b612cd53386/2214/13803038/1/Honda-CR_V-2026.jpg'},{url:'https://imagescdn.d2cmedia.ca/s8032cdb4c563f093431ba0b612cd53386/2214/13803038/1/Honda-CR_V-2026.jpg'},{url:'https://imagescdn.d2cmedia.ca/cb032cdb4c563f093431ba0b612cd53386/2214/13803038/2/Honda-CR_V-2026.jpg'},{url:'https://imagescdn.d2cmedia.ca/cb032cdb4c563f093431ba0b612cd53386/2214/13803038/3/Honda-CR_V-2026.jpg'},{url:'https://imagescdn.d2cmedia.ca/cb032cdb4c563f093431ba0b612cd53386/2214/13803038/4/Honda-CR_V-2026.jpg'},{url:'https://imagescdn.d2cmedia.ca/cb032cdb4c563f093431ba0b612cd53386/2214/13803038/5/Honda-CR_V-2026.jpg'},{url:'https://imagescdn.d2cmedia.ca/cb032cdb4c563f093431ba0b612cd53386/2214/13803038/6/Honda-CR_V-2026.jpg'},{url:'https://imagescdn.d2cmedia.ca/cb032cdb4c563f093431ba0b612cd53386/2214/13803038/7/Honda-CR_V-2026.jpg'},{url:'https://imagescdn.d2cmedia.ca/cb032cdb4c563f093431ba0b612cd53386/2214/13803038/8/Honda-CR_V-2026.jpg'},{url:'https://imagescdn.d2cmedia.ca/cb032cdb4c563f093431ba0b612cd53386/2214/13803038/9/Honda-CR_V-2026.jpg'}]",0,KM,https://www.castlehonda.ca/new/inventory/2026-Honda-CR_V-id13803038.html,2026 Honda CR-V 4DR AWD LX at Castle Honda,42920 CAD,New,Black,,2214,Castle Honda,+1-416-745-7060,"{addr1: '370 Rexdale Blvd.', city: 'Etobicoke', region: 'Ontario', postal_code: 'M9W 1R6', country: 'CA'}",43.7180000000,-79.5860000000,,,,,https://www.castlehonda.ca/privacy-policy.html,New,2214,In stock,,42920 CAD,Free,
2HKRS4H22TH119254,2HKRS4H22TH119254,261022-new,Honda,CR-V,4DR AWD LX,2026,AUTOMATIC,SUV,GASOLINE,,"2026 Honda CR-V 4DR AWD LX, White exterior","[{url:'https://imagescdn.d2cmedia.ca/cb72d8371734782a260f4c860c3bab23cd/2214/14189706/1/Honda-CR_V-2026.jpg'},{url:'https://imagescdn.d2cmedia.ca/s872d8371734782a260f4c860c3bab23cd/2214/14189706/1/Honda-CR_V-2026.jpg'},{url:'https://imagescdn.d2cmedia.ca/cb72d8371734782a260f4c860c3bab23cd/2214/14189706/2/Honda-CR_V-2026.jpg'},{url:'https://imagescdn.d2cmedia.ca/cb72d8371734782a260f4c860c3bab23cd/2214/14189706/3/Honda-CR_V-2026.jpg'},{url:'https://imagescdn.d2cmedia.ca/cb72d8371734782a260f4c860c3bab23cd/2214/14189706/4/Honda-CR_V-2026.jpg'},{url:'https://imagescdn.d2cmedia.ca/cb72d8371734782a260f4c860c3bab23cd/2214/14189706/5/Honda-CR_V-2026.jpg'},{url:'https://imagescdn.d2cmedia.ca/cb72d8371734782a260f4c860c3bab23cd/2214/14189706/6/Honda-CR_V-2026.jpg'},{url:'https://imagescdn.d2cmedia.ca/cb72d8371734782a260f4c860c3bab23cd/2214/14189706/7/Honda-CR_V-2026.jpg'},{url:'https://imagescdn.d2cmedia.ca/cb72d8371734782a260f4c860c3bab23cd/2214/14189706/8/Honda-CR_V-2026.jpg'},{url:'https://imagescdn.d2cmedia.ca/cb72d8371734782a260f4c860c3bab23cd/2214/14189706/9/Honda-CR_V-2026.jpg'}]",0,KM,https://www.castlehonda.ca/new/inventory/2026-Honda-CR_V-id14189706.html,2026 Honda CR-V 4DR AWD LX at Castle Honda,42920 CAD,New,White,,2214,Castle Honda,+1-416-745-7060,"{addr1: '370 Rexdale Blvd.', city: 'Etobicoke', region: 'Ontario', postal_code: 'M9W 1R6', country: 'CA'}",43.7180000000,-79.5860000000,,,,,https://www.castlehonda.ca/privacy-policy.html,New,2214,In stock,,42920 CAD,Free,
2HKRS4H25TH119930,2HKRS4H25TH119930,261037-new,Honda,CR-V,4DR AWD LX,2026,AUTOMATIC,SUV,GASOLINE,,"2026 Honda CR-V 4DR AWD LX, Black exterior","[{url:'https://imagescdn.d2cmedia.ca/cbe169e3ce035dd9d3705508ef9d1e238d/2214/14231719/1/Honda-CR_V-2026.jpg'},{url:'https://imagescdn.d2cmedia.ca/s8e169e3ce035dd9d3705508ef9d1e238d/2214/14231719/1/Honda-CR_V-2026.jpg'},{url:'https://imagescdn.d2cmedia.ca/cbe169e3ce035dd9d3705508ef9d1e238d/2214/14231719/2/Honda-CR_V-2026.jpg'},{url:'https://imagescdn.d2cmedia.ca/cbe169e3ce035dd9d3705508ef9d1e238d/2214/14231719/3/Honda-CR_V-2026.jpg'},{url:'https://imagescdn.d2cmedia.ca/cbe169e3ce035dd9d3705508ef9d1e238d/2214/14231719/4/Honda-CR_V-2026.jpg'},{url:'https://imagescdn.d2cmedia.ca/cbe169e3ce035dd9d3705508ef9d1e238d/2214/14231719/5/Honda-CR_V-2026.jpg'},{url:'https://imagescdn.d2cmedia.ca/cbe169e3ce035dd9d3705508ef9d1e238d/2214/14231719/6/Honda-CR_V-2026.jpg'},{url:'https://imagescdn.d2cmedia.ca/cbe169e3ce035dd9d3705508ef9d1e238d/2214/14231719/7/Honda-CR_V-2026.jpg'},{url:'https://imagescdn.d2cmedia.ca/cbe169e3ce035dd9d3705508ef9d1e238d/2214/14231719/8/Honda-CR_V-2026.jpg'},{url:'https://imagescdn.d2cmedia.ca/cbe169e3ce035dd9d3705508ef9d1e238d/2214/14231719/9/Honda-CR_V-2026.jpg'}]",0,KM,https://www.castlehonda.ca/new/inventory/2026-Honda-CR_V-id14231719.html,2026 Honda CR-V 4DR AWD LX at Castle Honda,42920 CAD,New,Black,,2214,Castle Honda,+1-416-745-7060,"{addr1: '370 Rexdale Blvd.', city: 'Etobicoke', region: 'Ontario', postal_code: 'M9W 1R6', country: 'CA'}",43.7180000000,-79.5860000000,,,,,https://www.castlehonda.ca/privacy-policy.html,New,2214,In stock,,42920 CAD,Free,
2HKRS4H26TH119905,2HKRS4H26TH119905,261039-new,Honda,CR-V,4DR AWD LX,2026,AUTOMATIC,SUV,GASOLINE,,"2026 Honda CR-V 4DR AWD LX, Black exterior","[{url:'https://imagescdn.d2cmedia.ca/cbb9cebeee2bb6e9138dc128087b6f6573/2214/14231721/1/Honda-CR_V-2026.jpg'},{url:'https://imagescdn.d2cmedia.ca/s8b9cebeee2bb6e9138dc128087b6f6573/2214/14231721/1/Honda-CR_V-2026.jpg'},{url:'https://imagescdn.d2cmedia.ca/cbb9cebeee2bb6e9138dc128087b6f6573/2214/14231721/2/Honda-CR_V-2026.jpg'},{url:'https://imagescdn.d2cmedia.ca/cbb9cebeee2bb6e9138dc128087b6f6573/2214/14231721/3/Honda-CR_V-2026.jpg'},{url:'https://imagescdn.d2cmedia.ca/cbb9cebeee2bb6e9138dc128087b6f6573/2214/14231721/4/Honda-CR_V-2026.jpg'},{url:'https://imagescdn.d2cmedia.ca/cbb9cebeee2bb6e9138dc128087b6f6573/2214/14231721/5/Honda-CR_V-2026.jpg'},{url:'https://imagescdn.d2cmedia.ca/cbb9cebeee2bb6e9138dc128087b6f6573/2214/14231721/6/Honda-CR_V-2026.jpg'},{url:'https://imagescdn.d2cmedia.ca/cbb9cebeee2bb6e9138dc128087b6f6573/2214/14231721/7/Honda-CR_V-2026.jpg'},{url:'https://imagescdn.d2cmedia.ca/cbb9cebeee2bb6e9138dc128087b6f6573/2214/14231721/8/Honda-CR_V-2026.jpg'},{url:'https://imagescdn.d2cmedia.ca/cbb9cebeee2bb6e9138dc128087b6f6573/2214/14231721/9/Honda-CR_V-2026.jpg'}]",0,KM,https://www.castlehonda.ca/new/inventory/2026-Honda-CR_V-id14231721.html,2026 Honda CR-V 4DR AWD LX at Castle Honda,42920 CAD,New,Black,,2214,Castle Honda,+1-416-745-7060,"{addr1: '370 Rexdale Blvd.', city: 'Etobicoke', region: 'Ontario', postal_code: 'M9W 1R6', country: 'CA'}",43.7180000000,-79.5860000000,,,,,https://www.castlehonda.ca/privacy-policy.html,New,2214,In stock,,42920 CAD,Free,
2HKRS4H26TH119273,2HKRS4H26TH119273,261040-new,Honda,CR-V,4DR AWD LX,2026,AUTOMATIC,SUV,GASOLINE,,"2026 Honda CR-V 4DR AWD LX, White exterior","[{url:'https://imagescdn.d2cmedia.ca/cbb2644ccf8766ecc06997c0550f5c8a77/2214/14231722/1/Honda-CR_V-2026.jpg'},{url:'https://imagescdn.d2cmedia.ca/s8b2644ccf8766ecc06997c0550f5c8a77/2214/14231722/1/Honda-CR_V-2026.jpg'},{url:'https://imagescdn.d2cmedia.ca/cbb2644ccf8766ecc06997c0550f5c8a77/2214/14231722/2/Honda-CR_V-2026.jpg'},{url:'https://imagescdn.d2cmedia.ca/cbb2644ccf8766ecc06997c0550f5c8a77/2214/14231722/3/Honda-CR_V-2026.jpg'},{url:'https://imagescdn.d2cmedia.ca/cbb2644ccf8766ecc06997c0550f5c8a77/2214/14231722/4/Honda-CR_V-2026.jpg'},{url:'https://imagescdn.d2cmedia.ca/cbb2644ccf8766ecc06997c0550f5c8a77/2214/14231722/5/Honda-CR_V-2026.jpg'},{url:'https://imagescdn.d2cmedia.ca/cbb2644ccf8766ecc06997c0550f5c8a77/2214/14231722/6/Honda-CR_V-2026.jpg'},{url:'https://imagescdn.d2cmedia.ca/cbb2644ccf8766ecc06997c0550f5c8a77/2214/14231722/7/Honda-CR_V-2026.jpg'},{url:'https://imagescdn.d2cmedia.ca/cbb2644ccf8766ecc06997c0550f5c8a77/2214/14231722/8/Honda-CR_V-2026.jpg'},{url:'https://imagescdn.d2cmedia.ca/cbb2644ccf8766ecc06997c0550f5c8a77/2214/14231722/9/Honda-CR_V-2026.jpg'}]",0,KM,https://www.castlehonda.ca/new/inventory/2026-Honda-CR_V-id14231722.html,2026 Honda CR-V 4DR AWD LX at Castle Honda,42920 CAD,New,White,,2214,Castle Honda,+1-416-745-7060,"{addr1: '370 Rexdale Blvd.', city: 'Etobicoke', region: 'Ontario', postal_code: 'M9W 1R6', country: 'CA'}",43.7180000000,-79.5860000000,,,,,https://www.castlehonda.ca/privacy-policy.html,New,2214,In stock,,42920 CAD,Free,
2HKRS4H29TH120109,2HKRS4H29TH120109,261067-new,Honda,CR-V,4DR AWD LX,2026,AUTOMATIC,SUV,GASOLINE,,"2026 Honda CR-V 4DR AWD LX, SOLAR REFLECTIO exterior","[{url:'https://imagescdn.d2cmedia.ca/cb59f061445989c190aaa78bbc9e748521/2214/14273118/1/Honda-CR_V-2026.jpg'},{url:'https://imagescdn.d2cmedia.ca/s859f061445989c190aaa78bbc9e748521/2214/14273118/1/Honda-CR_V-2026.jpg'},{url:'https://imagescdn.d2cmedia.ca/cb59f061445989c190aaa78bbc9e748521/2214/14273118/2/Honda-CR_V-2026.jpg'},{url:'https://imagescdn.d2cmedia.ca/cb59f061445989c190aaa78bbc9e748521/2214/14273118/3/Honda-CR_V-2026.jpg'},{url:'https://imagescdn.d2cmedia.ca/cb59f061445989c190aaa78bbc9e748521/2214/14273118/4/Honda-CR_V-2026.jpg'},{url:'https://imagescdn.d2cmedia.ca/cb59f061445989c190aaa78bbc9e748521/2214/14273118/5/Honda-CR_V-2026.jpg'},{url:'https://imagescdn.d2cmedia.ca/cb59f061445989c190aaa78bbc9e748521/2214/14273118/6/Honda-CR_V-2026.jpg'},{url:'https://imagescdn.d2cmedia.ca/cb59f061445989c190aaa78bbc9e748521/2214/14273118/7/Honda-CR_V-2026.jpg'},{url:'https://imagescdn.d2cmedia.ca/cb59f061445989c190aaa78bbc9e748521/2214/14273118/8/Honda-CR_V-2026.jpg'},{url:'https://imagescdn.d2cmedia.ca/cb59f061445989c190aaa78bbc9e748521/2214/14273118/9/Honda-CR_V-2026.jpg'}]",0,KM,https://www.castlehonda.ca/new/inventory/2026-Honda-CR_V-id14273118.html,2026 Honda CR-V 4DR AWD LX at Castle Honda,42920 CAD,New,SOLAR REFLECTIO,,2214,Castle Honda,+1-416-745-7060,"{addr1: '370 Rexdale Blvd.', city: 'Etobicoke', region: 'Ontario', postal_code: 'M9W 1R6', country: 'CA'}",43.7180000000,-79.5860000000,,,,,https://www.castlehonda.ca/privacy-policy.html,New,2214,In stock,,42920 CAD,Free,
2HKRS4H24TH116050,2HKRS4H24TH116050,261094-new,Honda,CR-V,4DR AWD LX,2026,AUTOMATIC,SUV,GASOLINE,,"2026 Honda CR-V 4DR AWD LX, White exterior","[{url:'https://imagescdn.d2cmedia.ca/cb7c324dcd4da33e7b4efbf4f37398afff/2214/14287301/1/Honda-CR_V-2026.jpg'},{url:'https://imagescdn.d2cmedia.ca/s87c324dcd4da33e7b4efbf4f37398afff/2214/14287301/1/Honda-CR_V-2026.jpg'},{url:'https://imagescdn.d2cmedia.ca/cb7c324dcd4da33e7b4efbf4f37398afff/2214/14287301/2/Honda-CR_V-2026.jpg'},{url:'https://imagescdn.d2cmedia.ca/cb7c324dcd4da33e7b4efbf4f37398afff/2214/14287301/3/Honda-CR_V-2026.jpg'},{url:'https://imagescdn.d2cmedia.ca/cb7c324dcd4da33e7b4efbf4f37398afff/2214/14287301/4/Honda-CR_V-2026.jpg'},{url:'https://imagescdn.d2cmedia.ca/cb7c324dcd4da33e7b4efbf4f37398afff/2214/14287301/5/Honda-CR_V-2026.jpg'},{url:'https://imagescdn.d2cmedia.ca/cb7c324dcd4da33e7b4efbf4f37398afff/2214/14287301/6/Honda-CR_V-2026.jpg'},{url:'https://imagescdn.d2cmedia.ca/cb7c324dcd4da33e7b4efbf4f37398afff/2214/14287301/7/Honda-CR_V-2026.jpg'},{url:'https://imagescdn.d2cmedia.ca/cb7c324dcd4da33e7b4efbf4f37398afff/2214/14287301/8/Honda-CR_V-2026.jpg'},{url:'https://imagescdn.d2cmedia.ca/cb7c324dcd4da33e7b4efbf4f37398afff/2214/14287301/9/Honda-CR_V-2026.jpg'}]",0,KM,https://www.castlehonda.ca/new/inventory/2026-Honda-CR_V-id14287301.html,2026 Honda CR-V 4DR AWD LX at Castle Honda,42920 CAD,New,White,,2214,Castle Honda,+1-416-745-7060,"{addr1: '370 Rexdale Blvd.', city: 'Etobicoke', region: 'Ontario', postal_code: 'M9W 1R6', country: 'CA'}",43.7180000000,-79.5860000000,,,,,https://www.castlehonda.ca/privacy-policy.html,New,2214,In stock,,42920 CAD,Free,
2HKRS4H27VH100590,2HKRS4H27VH100590,27058-new,Honda,CR-V,LX 4WD,2027,AUTOMATIC,SUV,GASOLINE,,"2027 Honda CR-V LX 4WD, White exterior","[{url:'https://carimages.d2cmedia.ca/newcarimages/en/cb6abd2b615f84b/Honda/CR-V/2027/1200/490899-TFggNFdE/white/front45.png'},{url:'https://carimages.d2cmedia.ca/newcarimages/fr/cb6abd2b615f84b/Honda/CR-V/2027/640/490899-TFggNFdE/white/front_45_degree.png'},{url:'https://carimages.d2cmedia.ca/newcarimages/fr/cb6abd2b615f84b/Honda/CR-V/2027/2100/490899-TFggNFdE/white/front_45_degree.png'}]",0,KM,https://www.castlehonda.ca/new/inventory/2027-Honda-CR_V-id14371402.html,2027 Honda CR-V LX 4WD at Castle Honda,43510 CAD,New,White,,2214,Castle Honda,+1-416-745-7060,"{addr1: '370 Rexdale Blvd.', city: 'Etobicoke', region: 'Ontario', postal_code: 'M9W 1R6', country: 'CA'}",43.7180000000,-79.5860000000,,,,,https://www.castlehonda.ca/privacy-policy.html,New,2214,In stock,,43510 CAD,Free,
2HKRS4H52TH112511,2HKRS4H52TH112511,26734-new,Honda,CR-V,4DR AWD SPORT,2026,AUTOMATIC,SUV,GASOLINE,,"2026 Honda CR-V 4DR AWD SPORT, Black exterior","[{url:'https://imagescdn.d2cmedia.ca/cb435fea6bfd94ec150b642fd2aea96d3b/2214/13713098/1/Honda-CR_V-2026.jpg'},{url:'https://imagescdn.d2cmedia.ca/s8435fea6bfd94ec150b642fd2aea96d3b/2214/13713098/1/Honda-CR_V-2026.jpg'},{url:'https://imagescdn.d2cmedia.ca/cb435fea6bfd94ec150b642fd2aea96d3b/2214/13713098/2/Honda-CR_V-2026.jpg'},{url:'https://imagescdn.d2cmedia.ca/cb435fea6bfd94ec150b642fd2aea96d3b/2214/13713098/3/Honda-CR_V-2026.jpg'},{url:'https://imagescdn.d2cmedia.ca/cb435fea6bfd94ec150b642fd2aea96d3b/2214/13713098/4/Honda-CR_V-2026.jpg'},{url:'https://imagescdn.d2cmedia.ca/cb435fea6bfd94ec150b642fd2aea96d3b/2214/13713098/5/Honda-CR_V-2026.jpg'},{url:'https://imagescdn.d2cmedia.ca/cb435fea6bfd94ec150b642fd2aea96d3b/2214/13713098/6/Honda-CR_V-2026.jpg'},{url:'https://imagescdn.d2cmedia.ca/cb435fea6bfd94ec150b642fd2aea96d3b/2214/13713098/7/Honda-CR_V-2026.jpg'},{url:'https://imagescdn.d2cmedia.ca/cb435fea6bfd94ec150b642fd2aea96d3b/2214/13713098/8/Honda-CR_V-2026.jpg'},{url:'https://imagescdn.d2cmedia.ca/cb435fea6bfd94ec150b642fd2aea96d3b/2214/13713098/9/Honda-CR_V-2026.jpg'}]",0,KM,https://www.castlehonda.ca/new/inventory/2026-Honda-CR_V-id13713098.html,2026 Honda CR-V 4DR AWD SPORT at Castle Honda,46520 CAD,New,Black,,2214,Castle Honda,+1-416-745-7060,"{addr1: '370 Rexdale Blvd.', city: 'Etobicoke', region: 'Ontario', postal_code: 'M9W 1R6', country: 'CA'}",43.7180000000,-79.5860000000,,,,,https://www.castlehonda.ca/privacy-policy.html,New,2214,In stock,,46520 CAD,Free,
2HKRS4H52TH112492,2HKRS4H52TH112492,26735-new,Honda,CR-V,4DR AWD SPORT,2026,AUTOMATIC,SUV,GASOLINE,,"2026 Honda CR-V 4DR AWD SPORT, Black exterior","[{url:'https://imagescdn.d2cmedia.ca/cba66163e73572650fda1105deaf0a8c7a/2214/13713099/1/Honda-CR_V-2026.jpg'},{url:'https://imagescdn.d2cmedia.ca/s8a66163e73572650fda1105deaf0a8c7a/2214/13713099/1/Honda-CR_V-2026.jpg'},{url:'https://imagescdn.d2cmedia.ca/cba66163e73572650fda1105deaf0a8c7a/2214/13713099/2/Honda-CR_V-2026.jpg'},{url:'https://imagescdn.d2cmedia.ca/cba66163e73572650fda1105deaf0a8c7a/2214/13713099/3/Honda-CR_V-2026.jpg'},{url:'https://imagescdn.d2cmedia.ca/cba66163e73572650fda1105deaf0a8c7a/2214/13713099/4/Honda-CR_V-2026.jpg'},{url:'https://imagescdn.d2cmedia.ca/cba66163e73572650fda1105deaf0a8c7a/2214/13713099/5/Honda-CR_V-2026.jpg'},{url:'https://imagescdn.d2cmedia.ca/cba66163e73572650fda1105deaf0a8c7a/2214/13713099/6/Honda-CR_V-2026.jpg'},{url:'https://imagescdn.d2cmedia.ca/cba66163e73572650fda1105deaf0a8c7a/2214/13713099/7/Honda-CR_V-2026.jpg'},{url:'https://imagescdn.d2cmedia.ca/cba66163e73572650fda1105deaf0a8c7a/2214/13713099/8/Honda-CR_V-2026.jpg'},{url:'https://imagescdn.d2cmedia.ca/cba66163e73572650fda1105deaf0a8c7a/2214/13713099/9/Honda-CR_V-2026.jpg'}]",0,KM,https://www.castlehonda.ca/new/inventory/2026-Honda-CR_V-id13713099.html,2026 Honda CR-V 4DR AWD SPORT at Castle Honda,46520 CAD,New,Black,,2214,Castle Honda,+1-416-745-7060,"{addr1: '370 Rexdale Blvd.', city: 'Etobicoke', region: 'Ontario', postal_code: 'M9W 1R6', country: 'CA'}",43.7180000000,-79.5860000000,,,,,https://www.castlehonda.ca/privacy-policy.html,New,2214,In stock,,46520 CAD,Free,
2HKRS4H59TH112506,2HKRS4H59TH112506,26737-new,Honda,CR-V,4DR AWD SPORT,2026,AUTOMATIC,SUV,GASOLINE,,"2026 Honda CR-V 4DR AWD SPORT, Black exterior","[{url:'https://imagescdn.d2cmedia.ca/cbc51c9ee25709d5c4df9112eb66902441/2214/13713101/1/Honda-CR_V-2026.jpg'},{url:'https://imagescdn.d2cmedia.ca/s8c51c9ee25709d5c4df9112eb66902441/2214/13713101/1/Honda-CR_V-2026.jpg'},{url:'https://imagescdn.d2cmedia.ca/cbc51c9ee25709d5c4df9112eb66902441/2214/13713101/2/Honda-CR_V-2026.jpg'},{url:'https://imagescdn.d2cmedia.ca/cbc51c9ee25709d5c4df9112eb66902441/2214/13713101/3/Honda-CR_V-2026.jpg'},{url:'https://imagescdn.d2cmedia.ca/cbc51c9ee25709d5c4df9112eb66902441/2214/13713101/4/Honda-CR_V-2026.jpg'},{url:'https://imagescdn.d2cmedia.ca/cbc51c9ee25709d5c4df9112eb66902441/2214/13713101/5/Honda-CR_V-2026.jpg'},{url:'https://imagescdn.d2cmedia.ca/cbc51c9ee25709d5c4df9112eb66902441/2214/13713101/6/Honda-CR_V-2026.jpg'},{url:'https://imagescdn.d2cmedia.ca/cbc51c9ee25709d5c4df9112eb66902441/2214/13713101/7/Honda-CR_V-2026.jpg'},{url:'https://imagescdn.d2cmedia.ca/cbc51c9ee25709d5c4df9112eb66902441/2214/13713101/8/Honda-CR_V-2026.jpg'},{url:'https://imagescdn.d2cmedia.ca/cbc51c9ee25709d5c4df9112eb66902441/2214/13713101/9/Honda-CR_V-2026.jpg'}]",0,KM,https://www.castlehonda.ca/new/inventory/2026-Honda-CR_V-id13713101.html,2026 Honda CR-V 4DR AWD SPORT at Castle Honda,46520 CAD,New,Black,,2214,Castle Honda,+1-416-745-7060,"{addr1: '370 Rexdale Blvd.', city: 'Etobicoke', region: 'Ontario', postal_code: 'M9W 1R6', country: 'CA'}",43.7180000000,-79.5860000000,,,,,https://www.castlehonda.ca/privacy-policy.html,New,2214,In stock,,46520 CAD,Free,
2HKRS4H58TH112111,2HKRS4H58TH112111,26746-new,Honda,CR-V,4DR AWD SPORT,2026,AUTOMATIC,SUV,GASOLINE,,"2026 Honda CR-V 4DR AWD SPORT, White exterior","[{url:'https://imagescdn.d2cmedia.ca/cb382fd91b6caf64459f995a5f134a3e87/2214/13718752/1/Honda-CR_V-2026.jpg'},{url:'https://imagescdn.d2cmedia.ca/s8382fd91b6caf64459f995a5f134a3e87/2214/13718752/1/Honda-CR_V-2026.jpg'},{url:'https://imagescdn.d2cmedia.ca/cb382fd91b6caf64459f995a5f134a3e87/2214/13718752/2/Honda-CR_V-2026.jpg'},{url:'https://imagescdn.d2cmedia.ca/cb382fd91b6caf64459f995a5f134a3e87/2214/13718752/3/Honda-CR_V-2026.jpg'},{url:'https://imagescdn.d2cmedia.ca/cb382fd91b6caf64459f995a5f134a3e87/2214/13718752/4/Honda-CR_V-2026.jpg'},{url:'https://imagescdn.d2cmedia.ca/cb382fd91b6caf64459f995a5f134a3e87/2214/13718752/5/Honda-CR_V-2026.jpg'},{url:'https://imagescdn.d2cmedia.ca/cb382fd91b6caf64459f995a5f134a3e87/2214/13718752/6/Honda-CR_V-2026.jpg'},{url:'https://imagescdn.d2cmedia.ca/cb382fd91b6caf64459f995a5f134a3e87/2214/13718752/7/Honda-CR_V-2026.jpg'},{url:'https://imagescdn.d2cmedia.ca/cb382fd91b6caf64459f995a5f134a3e87/2214/13718752/8/Honda-CR_V-2026.jpg'},{url:'https://imagescdn.d2cmedia.ca/cb382fd91b6caf64459f995a5f134a3e87/2214/13718752/9/Honda-CR_V-2026.jpg'}]",0,KM,https://www.castlehonda.ca/new/inventory/2026-Honda-CR_V-id13718752.html,2026 Honda CR-V 4DR AWD SPORT at Castle Honda,46520 CAD,New,White,,2214,Castle Honda,+1-416-745-7060,"{addr1: '370 Rexdale Blvd.', city: 'Etobicoke', region: 'Ontario', postal_code: 'M9W 1R6', country: 'CA'}",43.7180000000,-79.5860000000,,,,,https://www.castlehonda.ca/privacy-policy.html,New,2214,In stock,,46520 CAD,Free,
2HKRS4H50TH111826,2HKRS4H50TH111826,26755-new,Honda,CR-V,4DR AWD SPORT,2026,AUTOMATIC,SUV,GASOLINE,,"2026 Honda CR-V 4DR AWD SPORT, Black exterior","[{url:'https://imagescdn.d2cmedia.ca/cbf0b7fa9453c4ee786ba8935ca0ad8c9c/2214/13724887/1/Honda-CR_V-2026.jpg'},{url:'https://imagescdn.d2cmedia.ca/s8f0b7fa9453c4ee786ba8935ca0ad8c9c/2214/13724887/1/Honda-CR_V-2026.jpg'},{url:'https://imagescdn.d2cmedia.ca/cbf0b7fa9453c4ee786ba8935ca0ad8c9c/2214/13724887/2/Honda-CR_V-2026.jpg'},{url:'https://imagescdn.d2cmedia.ca/cbf0b7fa9453c4ee786ba8935ca0ad8c9c/2214/13724887/3/Honda-CR_V-2026.jpg'},{url:'https://imagescdn.d2cmedia.ca/cbf0b7fa9453c4ee786ba8935ca0ad8c9c/2214/13724887/4/Honda-CR_V-2026.jpg'},{url:'https://imagescdn.d2cmedia.ca/cbf0b7fa9453c4ee786ba8935ca0ad8c9c/2214/13724887/5/Honda-CR_V-2026.jpg'},{url:'https://imagescdn.d2cmedia.ca/cbf0b7fa9453c4ee786ba8935ca0ad8c9c/2214/13724887/6/Honda-CR_V-2026.jpg'},{url:'https://imagescdn.d2cmedia.ca/cbf0b7fa9453c4ee786ba8935ca0ad8c9c/2214/13724887/7/Honda-CR_V-2026.jpg'},{url:'https://imagescdn.d2cmedia.ca/cbf0b7fa9453c4ee786ba8935ca0ad8c9c/2214/13724887/8/Honda-CR_V-2026.jpg'},{url:'https://imagescdn.d2cmedia.ca/cbf0b7fa9453c4ee786ba8935ca0ad8c9c/2214/13724887/9/Honda-CR_V-2026.jpg'}]",0,KM,https://www.castlehonda.ca/new/inventory/2026-Honda-CR_V-id13724887.html,2026 Honda CR-V 4DR AWD SPORT at Castle Honda,46520 CAD,New,Black,,2214,Castle Honda,+1-416-745-7060,"{addr1: '370 Rexdale Blvd.', city: 'Etobicoke', region: 'Ontario', postal_code: 'M9W 1R6', country: 'CA'}",43.7180000000,-79.5860000000,,,,,https://www.castlehonda.ca/privacy-policy.html,New,2214,In stock,,46520 CAD,Free,
2HKRS4H5XTH110473,2HKRS4H5XTH110473,26790-new,Honda,CR-V,4DR AWD SPORT,2026,AUTOMATIC,SUV,GASOLINE,,"2026 Honda CR-V 4DR AWD SPORT, White exterior","[{url:'https://imagescdn.d2cmedia.ca/cb619ce258da2925fc2ec092c0ef1e6335/2214/13765542/1/Honda-CR_V-2026.jpg'},{url:'https://imagescdn.d2cmedia.ca/s8619ce258da2925fc2ec092c0ef1e6335/2214/13765542/1/Honda-CR_V-2026.jpg'},{url:'https://imagescdn.d2cmedia.ca/cb619ce258da2925fc2ec092c0ef1e6335/2214/13765542/2/Honda-CR_V-2026.jpg'},{url:'https://imagescdn.d2cmedia.ca/cb619ce258da2925fc2ec092c0ef1e6335/2214/13765542/3/Honda-CR_V-2026.jpg'},{url:'https://imagescdn.d2cmedia.ca/cb619ce258da2925fc2ec092c0ef1e6335/2214/13765542/4/Honda-CR_V-2026.jpg'},{url:'https://imagescdn.d2cmedia.ca/cb619ce258da2925fc2ec092c0ef1e6335/2214/13765542/5/Honda-CR_V-2026.jpg'},{url:'https://imagescdn.d2cmedia.ca/cb619ce258da2925fc2ec092c0ef1e6335/2214/13765542/6/Honda-CR_V-2026.jpg'},{url:'https://imagescdn.d2cmedia.ca/cb619ce258da2925fc2ec092c0ef1e6335/2214/13765542/7/Honda-CR_V-2026.jpg'},{url:'https://imagescdn.d2cmedia.ca/cb619ce258da2925fc2ec092c0ef1e6335/2214/13765542/8/Honda-CR_V-2026.jpg'},{url:'https://imagescdn.d2cmedia.ca/cb619ce258da2925fc2ec092c0ef1e6335/2214/13765542/9/Honda-CR_V-2026.jpg'}]",0,KM,https://www.castlehonda.ca/new/inventory/2026-Honda-CR_V-id13765542.html,2026 Honda CR-V 4DR AWD SPORT at Castle Honda,46520 CAD,New,White,,2214,Castle Honda,+1-416-745-7060,"{addr1: '370 Rexdale Blvd.', city: 'Etobicoke', region: 'Ontario', postal_code: 'M9W 1R6', country: 'CA'}",43.7180000000,-79.5860000000,,,,,https://www.castlehonda.ca/privacy-policy.html,New,2214,In stock,,46520 CAD,Free,
2HKRS4H5XTH114314,2HKRS4H5XTH114314,26814-new,Honda,CR-V,4DR AWD SPORT,2026,AUTOMATIC,SUV,GASOLINE,,"2026 Honda CR-V 4DR AWD SPORT, Black exterior","[{url:'https://imagescdn.d2cmedia.ca/cba7d413503950b95bd632fe6ef9708aef/2214/13818017/1/Honda-CR_V-2026.jpg'},{url:'https://imagescdn.d2cmedia.ca/s8a7d413503950b95bd632fe6ef9708aef/2214/13818017/1/Honda-CR_V-2026.jpg'},{url:'https://imagescdn.d2cmedia.ca/cba7d413503950b95bd632fe6ef9708aef/2214/13818017/2/Honda-CR_V-2026.jpg'},{url:'https://imagescdn.d2cmedia.ca/cba7d413503950b95bd632fe6ef9708aef/2214/13818017/3/Honda-CR_V-2026.jpg'},{url:'https://imagescdn.d2cmedia.ca/cba7d413503950b95bd632fe6ef9708aef/2214/13818017/4/Honda-CR_V-2026.jpg'},{url:'https://imagescdn.d2cmedia.ca/cba7d413503950b95bd632fe6ef9708aef/2214/13818017/5/Honda-CR_V-2026.jpg'},{url:'https://imagescdn.d2cmedia.ca/cba7d413503950b95bd632fe6ef9708aef/2214/13818017/6/Honda-CR_V-2026.jpg'},{url:'https://imagescdn.d2cmedia.ca/cba7d413503950b95bd632fe6ef9708aef/2214/13818017/7/Honda-CR_V-2026.jpg'},{url:'https://imagescdn.d2cmedia.ca/cba7d413503950b95bd632fe6ef9708aef/2214/13818017/8/Honda-CR_V-2026.jpg'},{url:'https://imagescdn.d2cmedia.ca/cba7d413503950b95bd632fe6ef9708aef/2214/13818017/9/Honda-CR_V-2026.jpg'}]",0,KM,https://www.castlehonda.ca/new/inventory/2026-Honda-CR_V-id13818017.html,2026 Honda CR-V 4DR AWD SPORT at Castle Honda,46520 CAD,New,Black,,2214,Castle Honda,+1-416-745-7060,"{addr1: '370 Rexdale Blvd.', city: 'Etobicoke', region: 'Ontario', postal_code: 'M9W 1R6', country: 'CA'}",43.7180000000,-79.5860000000,,,,,https://www.castlehonda.ca/privacy-policy.html,New,2214,In stock,,46520 CAD,Free,
2HKRS4H53TH114316,2HKRS4H53TH114316,26815-new,Honda,CR-V,4DR AWD SPORT,2026,AUTOMATIC,SUV,GASOLINE,,"2026 Honda CR-V 4DR AWD SPORT, Black exterior","[{url:'https://imagescdn.d2cmedia.ca/cbd9dab4129da9f46214e109aa7d6a9f73/2214/13818018/1/Honda-CR_V-2026.jpg'},{url:'https://imagescdn.d2cmedia.ca/s8d9dab4129da9f46214e109aa7d6a9f73/2214/13818018/1/Honda-CR_V-2026.jpg'},{url:'https://imagescdn.d2cmedia.ca/cbd9dab4129da9f46214e109aa7d6a9f73/2214/13818018/2/Honda-CR_V-2026.jpg'},{url:'https://imagescdn.d2cmedia.ca/cbd9dab4129da9f46214e109aa7d6a9f73/2214/13818018/3/Honda-CR_V-2026.jpg'},{url:'https://imagescdn.d2cmedia.ca/cbd9dab4129da9f46214e109aa7d6a9f73/2214/13818018/4/Honda-CR_V-2026.jpg'},{url:'https://imagescdn.d2cmedia.ca/cbd9dab4129da9f46214e109aa7d6a9f73/2214/13818018/5/Honda-CR_V-2026.jpg'},{url:'https://imagescdn.d2cmedia.ca/cbd9dab4129da9f46214e109aa7d6a9f73/2214/13818018/6/Honda-CR_V-2026.jpg'},{url:'https://imagescdn.d2cmedia.ca/cbd9dab4129da9f46214e109aa7d6a9f73/2214/13818018/7/Honda-CR_V-2026.jpg'},{url:'https://imagescdn.d2cmedia.ca/cbd9dab4129da9f46214e109aa7d6a9f73/2214/13818018/8/Honda-CR_V-2026.jpg'},{url:'https://imagescdn.d2cmedia.ca/cbd9dab4129da9f46214e109aa7d6a9f73/2214/13818018/9/Honda-CR_V-2026.jpg'}]",0,KM,https://www.castlehonda.ca/new/inventory/2026-Honda-CR_V-id13818018.html,2026 Honda CR-V 4DR AWD SPORT at Castle Honda,46520 CAD,New,Black,,2214,Castle Honda,+1-416-745-7060,"{addr1: '370 Rexdale Blvd.', city: 'Etobicoke', region: 'Ontario', postal_code: 'M9W 1R6', country: 'CA'}",43.7180000000,-79.5860000000,,,,,https://www.castlehonda.ca/privacy-policy.html,New,2214,In stock,,46520 CAD,Free,
2HKRS4H50TH114385,2HKRS4H50TH114385,26820-new,Honda,CR-V,4DR AWD SPORT,2026,AUTOMATIC,SUV,GASOLINE,,"2026 Honda CR-V 4DR AWD SPORT, SOLAR REFLECTIO exterior","[{url:'https://imagescdn.d2cmedia.ca/cbda887839e573c1f21149d63c7be00b63/2214/13829310/1/Honda-CR_V-2026.jpg'},{url:'https://imagescdn.d2cmedia.ca/s8da887839e573c1f21149d63c7be00b63/2214/13829310/1/Honda-CR_V-2026.jpg'},{url:'https://imagescdn.d2cmedia.ca/cbda887839e573c1f21149d63c7be00b63/2214/13829310/2/Honda-CR_V-2026.jpg'},{url:'https://imagescdn.d2cmedia.ca/cbda887839e573c1f21149d63c7be00b63/2214/13829310/3/Honda-CR_V-2026.jpg'},{url:'https://imagescdn.d2cmedia.ca/cbda887839e573c1f21149d63c7be00b63/2214/13829310/4/Honda-CR_V-2026.jpg'},{url:'https://imagescdn.d2cmedia.ca/cbda887839e573c1f21149d63c7be00b63/2214/13829310/5/Honda-CR_V-2026.jpg'},{url:'https://imagescdn.d2cmedia.ca/cbda887839e573c1f21149d63c7be00b63/2214/13829310/6/Honda-CR_V-2026.jpg'},{url:'https://imagescdn.d2cmedia.ca/cbda887839e573c1f21149d63c7be00b63/2214/13829310/7/Honda-CR_V-2026.jpg'},{url:'https://imagescdn.d2cmedia.ca/cbda887839e573c1f21149d63c7be00b63/2214/13829310/8/Honda-CR_V-2026.jpg'},{url:'https://imagescdn.d2cmedia.ca/cbda887839e573c1f21149d63c7be00b63/2214/13829310/9/Honda-CR_V-2026.jpg'}]",0,KM,https://www.castlehonda.ca/new/inventory/2026-Honda-CR_V-id13829310.html,2026 Honda CR-V 4DR AWD SPORT at Castle Honda,46520 CAD,New,SOLAR REFLECTIO,,2214,Castle Honda,+1-416-745-7060,"{addr1: '370 Rexdale Blvd.', city: 'Etobicoke', region: 'Ontario', postal_code: 'M9W 1R6', country: 'CA'}",43.7180000000,-79.5860000000,,,,,https://www.castlehonda.ca/privacy-policy.html,New,2214,In stock,,46520 CAD,Free,
2HKRS4H53TH115059,2HKRS4H53TH115059,26839-new,Honda,CR-V,4DR AWD SPORT,2026,AUTOMATIC,SUV,GASOLINE,,"2026 Honda CR-V 4DR AWD SPORT, White exterior","[{url:'https://imagescdn.d2cmedia.ca/cb290eaf0d698a84658f27e117795f550d/2214/13857696/1/Honda-CR_V-2026.jpg'},{url:'https://imagescdn.d2cmedia.ca/s8290eaf0d698a84658f27e117795f550d/2214/13857696/1/Honda-CR_V-2026.jpg'},{url:'https://imagescdn.d2cmedia.ca/cb290eaf0d698a84658f27e117795f550d/2214/13857696/2/Honda-CR_V-2026.jpg'},{url:'https://imagescdn.d2cmedia.ca/cb290eaf0d698a84658f27e117795f550d/2214/13857696/3/Honda-CR_V-2026.jpg'},{url:'https://imagescdn.d2cmedia.ca/cb290eaf0d698a84658f27e117795f550d/2214/13857696/4/Honda-CR_V-2026.jpg'},{url:'https://imagescdn.d2cmedia.ca/cb290eaf0d698a84658f27e117795f550d/2214/13857696/5/Honda-CR_V-2026.jpg'},{url:'https://imagescdn.d2cmedia.ca/cb290eaf0d698a84658f27e117795f550d/2214/13857696/6/Honda-CR_V-2026.jpg'},{url:'https://imagescdn.d2cmedia.ca/cb290eaf0d698a84658f27e117795f550d/2214/13857696/7/Honda-CR_V-2026.jpg'},{url:'https://imagescdn.d2cmedia.ca/cb290eaf0d698a84658f27e117795f550d/2214/13857696/8/Honda-CR_V-2026.jpg'},{url:'https://imagescdn.d2cmedia.ca/cb290eaf0d698a84658f27e117795f550d/2214/13857696/9/Honda-CR_V-2026.jpg'}]",0,KM,https://www.castlehonda.ca/new/inventory/2026-Honda-CR_V-id13857696.html,2026 Honda CR-V 4DR AWD SPORT at Castle Honda,46520 CAD,New,White,,2214,Castle Honda,+1-416-745-7060,"{addr1: '370 Rexdale Blvd.', city: 'Etobicoke', region: 'Ontario', postal_code: 'M9W 1R6', country: 'CA'}",43.7180000000,-79.5860000000,,,,,https://www.castlehonda.ca/privacy-policy.html,New,2214,In stock,,46520 CAD,Free,
2HKRS4H5XTH115060,2HKRS4H5XTH115060,26841-new,Honda,CR-V,4DR AWD SPORT,2026,AUTOMATIC,SUV,GASOLINE,,"2026 Honda CR-V 4DR AWD SPORT, White exterior","[{url:'https://imagescdn.d2cmedia.ca/cb4cc371d0f65836df2f72b2873a3016e7/2214/13857698/1/Honda-CR_V-2026.jpg'},{url:'https://imagescdn.d2cmedia.ca/s84cc371d0f65836df2f72b2873a3016e7/2214/13857698/1/Honda-CR_V-2026.jpg'},{url:'https://imagescdn.d2cmedia.ca/cb4cc371d0f65836df2f72b2873a3016e7/2214/13857698/2/Honda-CR_V-2026.jpg'},{url:'https://imagescdn.d2cmedia.ca/cb4cc371d0f65836df2f72b2873a3016e7/2214/13857698/3/Honda-CR_V-2026.jpg'},{url:'https://imagescdn.d2cmedia.ca/cb4cc371d0f65836df2f72b2873a3016e7/2214/13857698/4/Honda-CR_V-2026.jpg'},{url:'https://imagescdn.d2cmedia.ca/cb4cc371d0f65836df2f72b2873a3016e7/2214/13857698/5/Honda-CR_V-2026.jpg'},{url:'https://imagescdn.d2cmedia.ca/cb4cc371d0f65836df2f72b2873a3016e7/2214/13857698/6/Honda-CR_V-2026.jpg'},{url:'https://imagescdn.d2cmedia.ca/cb4cc371d0f65836df2f72b2873a3016e7/2214/13857698/7/Honda-CR_V-2026.jpg'},{url:'https://imagescdn.d2cmedia.ca/cb4cc371d0f65836df2f72b2873a3016e7/2214/13857698/8/Honda-CR_V-2026.jpg'},{url:'https://imagescdn.d2cmedia.ca/cb4cc371d0f65836df2f72b2873a3016e7/2214/13857698/9/Honda-CR_V-2026.jpg'}]",0,KM,https://www.castlehonda.ca/new/inventory/2026-Honda-CR_V-id13857698.html,2026 Honda CR-V 4DR AWD SPORT at Castle Honda,46520 CAD,New,White,,2214,Castle Honda,+1-416-745-7060,"{addr1: '370 Rexdale Blvd.', city: 'Etobicoke', region: 'Ontario', postal_code: 'M9W 1R6', country: 'CA'}",43.7180000000,-79.5860000000,,,,,https://www.castlehonda.ca/privacy-policy.html,New,2214,In stock,,46520 CAD,Free,
2HKRS4H59TH118743,2HKRS4H59TH118743,261011-new,Honda,CR-V,4DR AWD SPORT,2026,AUTOMATIC,SUV,GASOLINE,,"2026 Honda CR-V 4DR AWD SPORT, White exterior","[{url:'https://imagescdn.d2cmedia.ca/cb8fbffe66724a9504b44097623c5f3201/2214/14172349/1/Honda-CR_V-2026.jpg'},{url:'https://imagescdn.d2cmedia.ca/s88fbffe66724a9504b44097623c5f3201/2214/14172349/1/Honda-CR_V-2026.jpg'},{url:'https://imagescdn.d2cmedia.ca/cb8fbffe66724a9504b44097623c5f3201/2214/14172349/2/Honda-CR_V-2026.jpg'},{url:'https://imagescdn.d2cmedia.ca/cb8fbffe66724a9504b44097623c5f3201/2214/14172349/3/Honda-CR_V-2026.jpg'},{url:'https://imagescdn.d2cmedia.ca/cb8fbffe66724a9504b44097623c5f3201/2214/14172349/4/Honda-CR_V-2026.jpg'},{url:'https://imagescdn.d2cmedia.ca/cb8fbffe66724a9504b44097623c5f3201/2214/14172349/5/Honda-CR_V-2026.jpg'},{url:'https://imagescdn.d2cmedia.ca/cb8fbffe66724a9504b44097623c5f3201/2214/14172349/6/Honda-CR_V-2026.jpg'},{url:'https://imagescdn.d2cmedia.ca/cb8fbffe66724a9504b44097623c5f3201/2214/14172349/7/Honda-CR_V-2026.jpg'},{url:'https://imagescdn.d2cmedia.ca/cb8fbffe66724a9504b44097623c5f3201/2214/14172349/8/Honda-CR_V-2026.jpg'},{url:'https://imagescdn.d2cmedia.ca/cb8fbffe66724a9504b44097623c5f3201/2214/14172349/9/Honda-CR_V-2026.jpg'}]",0,KM,https://www.castlehonda.ca/new/inventory/2026-Honda-CR_V-id14172349.html,2026 Honda CR-V 4DR AWD SPORT at Castle Honda,46520 CAD,New,White,,2214,Castle Honda,+1-416-745-7060,"{addr1: '370 Rexdale Blvd.', city: 'Etobicoke', region: 'Ontario', postal_code: 'M9W 1R6', country: 'CA'}",43.7180000000,-79.5860000000,,,,,https://www.castlehonda.ca/privacy-policy.html,New,2214,In stock,,46520 CAD,Free,
2HKRS4H53TH118799,2HKRS4H53TH118799,261014-new,Honda,CR-V,4DR AWD SPORT,2026,AUTOMATIC,SUV,GASOLINE,,"2026 Honda CR-V 4DR AWD SPORT, White exterior","[{url:'https://imagescdn.d2cmedia.ca/cbf13a5a3f944de1c351aacaa136df9982/2214/14172350/1/Honda-CR_V-2026.jpg'},{url:'https://imagescdn.d2cmedia.ca/s8f13a5a3f944de1c351aacaa136df9982/2214/14172350/1/Honda-CR_V-2026.jpg'},{url:'https://imagescdn.d2cmedia.ca/cbf13a5a3f944de1c351aacaa136df9982/2214/14172350/2/Honda-CR_V-2026.jpg'},{url:'https://imagescdn.d2cmedia.ca/cbf13a5a3f944de1c351aacaa136df9982/2214/14172350/3/Honda-CR_V-2026.jpg'},{url:'https://imagescdn.d2cmedia.ca/cbf13a5a3f944de1c351aacaa136df9982/2214/14172350/4/Honda-CR_V-2026.jpg'},{url:'https://imagescdn.d2cmedia.ca/cbf13a5a3f944de1c351aacaa136df9982/2214/14172350/5/Honda-CR_V-2026.jpg'},{url:'https://imagescdn.d2cmedia.ca/cbf13a5a3f944de1c351aacaa136df9982/2214/14172350/6/Honda-CR_V-2026.jpg'},{url:'https://imagescdn.d2cmedia.ca/cbf13a5a3f944de1c351aacaa136df9982/2214/14172350/7/Honda-CR_V-2026.jpg'},{url:'https://imagescdn.d2cmedia.ca/cbf13a5a3f944de1c351aacaa136df9982/2214/14172350/8/Honda-CR_V-2026.jpg'},{url:'https://imagescdn.d2cmedia.ca/cbf13a5a3f944de1c351aacaa136df9982/2214/14172350/9/Honda-CR_V-2026.jpg'}]",0,KM,https://www.castlehonda.ca/new/inventory/2026-Honda-CR_V-id14172350.html,2026 Honda CR-V 4DR AWD SPORT at Castle Honda,46520 CAD,New,White,,2214,Castle Honda,+1-416-745-7060,"{addr1: '370 Rexdale Blvd.', city: 'Etobicoke', region: 'Ontario', postal_code: 'M9W 1R6', country: 'CA'}",43.7180000000,-79.5860000000,,,,,https://www.castlehonda.ca/privacy-policy.html,New,2214,In stock,,46520 CAD,Free,
2HKRS4H53TH119645,2HKRS4H53TH119645,261041-new,Honda,CR-V,4DR AWD SPORT,2026,AUTOMATIC,SUV,GASOLINE,,"2026 Honda CR-V 4DR AWD SPORT, Grey exterior","[{url:'https://carimages.d2cmedia.ca/newcarimages/en/cb6abd2b615f84b/Honda/CR-V/2026/1200/477735-NERSIEFXRCBTUE9SVA/Gray/front45.png'},{url:'https://carimages.d2cmedia.ca/newcarimages/en/cb6abd2b615f84b/Honda/CR-V/2026/1280/477735/grey/front_45_degree.png'},{url:'https://carimages.d2cmedia.ca/newcarimages/en/cb6abd2b615f84b/Honda/CR-V/2026/2100/477735/grey/front_45_degree.png'},{url:'https://carimages.d2cmedia.ca/newcarimages/en/cb6abd2b615f84b/Honda/CR-V/2026/2100/477735/grey/profile.png'},{url:'https://carimages.d2cmedia.ca/newcarimages/en/cb6abd2b615f84b/Honda/CR-V/2026/2100/477735/grey/back_45_degree.png'},{url:'https://carimages.d2cmedia.ca/newcarimages/en/cb6abd2b615f84b/Honda/CR-V/2026/2100/477735/grey/driver_dashboard.png'},{url:'https://carimages.d2cmedia.ca/newcarimages/en/cb6abd2b615f84b/Honda/CR-V/2026/2100/477735/grey/full_dashboard.png'},{url:'https://carimages.d2cmedia.ca/newcarimages/en/cb6abd2b615f84b/Honda/CR-V/2026/2100/477735/grey/interior_driver_open_seat.png'},{url:'https://carimages.d2cmedia.ca/newcarimages/en/cb6abd2b615f84b/Honda/CR-V/2026/2100/477735/grey/interior_driver_stereo.png'},{url:'https://carimages.d2cmedia.ca/newcarimages/en/cb6abd2b615f84b/Honda/CR-V/2026/2100/477735/grey/interior_driver_reat_seats.png'}]",0,KM,https://www.castlehonda.ca/new/inventory/2026-Honda-CR_V-id14231723.html,2026 Honda CR-V 4DR AWD SPORT at Castle Honda,46520 CAD,New,Grey,,2214,Castle Honda,+1-416-745-7060,"{addr1: '370 Rexdale Blvd.', city: 'Etobicoke', region: 'Ontario', postal_code: 'M9W 1R6', country: 'CA'}",43.7180000000,-79.5860000000,,,,,https://www.castlehonda.ca/privacy-policy.html,New,2214,In stock,,46520 CAD,Free,
2HKRS4H51TH119658,2HKRS4H51TH119658,261042-new,Honda,CR-V,4DR AWD SPORT,2026,AUTOMATIC,SUV,GASOLINE,,"2026 Honda CR-V 4DR AWD SPORT, Grey exterior","[{url:'https://carimages.d2cmedia.ca/newcarimages/en/cb6abd2b615f84b/Honda/CR-V/2026/1200/477735-NERSIEFXRCBTUE9SVA/Gray/front45.png'},{url:'https://carimages.d2cmedia.ca/newcarimages/en/cb6abd2b615f84b/Honda/CR-V/2026/1280/477735/grey/front_45_degree.png'},{url:'https://carimages.d2cmedia.ca/newcarimages/en/cb6abd2b615f84b/Honda/CR-V/2026/2100/477735/grey/front_45_degree.png'},{url:'https://carimages.d2cmedia.ca/newcarimages/en/cb6abd2b615f84b/Honda/CR-V/2026/2100/477735/grey/profile.png'},{url:'https://carimages.d2cmedia.ca/newcarimages/en/cb6abd2b615f84b/Honda/CR-V/2026/2100/477735/grey/back_45_degree.png'},{url:'https://carimages.d2cmedia.ca/newcarimages/en/cb6abd2b615f84b/Honda/CR-V/2026/2100/477735/grey/driver_dashboard.png'},{url:'https://carimages.d2cmedia.ca/newcarimages/en/cb6abd2b615f84b/Honda/CR-V/2026/2100/477735/grey/full_dashboard.png'},{url:'https://carimages.d2cmedia.ca/newcarimages/en/cb6abd2b615f84b/Honda/CR-V/2026/2100/477735/grey/interior_driver_open_seat.png'},{url:'https://carimages.d2cmedia.ca/newcarimages/en/cb6abd2b615f84b/Honda/CR-V/2026/2100/477735/grey/interior_driver_stereo.png'},{url:'https://carimages.d2cmedia.ca/newcarimages/en/cb6abd2b615f84b/Honda/CR-V/2026/2100/477735/grey/interior_driver_reat_seats.png'}]",0,KM,https://www.castlehonda.ca/new/inventory/2026-Honda-CR_V-id14231724.html,2026 Honda CR-V 4DR AWD SPORT at Castle Honda,46520 CAD,New,Grey,,2214,Castle Honda,+1-416-745-7060,"{addr1: '370 Rexdale Blvd.', city: 'Etobicoke', region: 'Ontario', postal_code: 'M9W 1R6', country: 'CA'}",43.7180000000,-79.5860000000,,,,,https://www.castlehonda.ca/privacy-policy.html,New,2214,In stock,,46520 CAD,Free,
2HKRS4H50TH120039,2HKRS4H50TH120039,261049-new,Honda,CR-V,4DR AWD SPORT,2026,AUTOMATIC,SUV,GASOLINE,,"2026 Honda CR-V 4DR AWD SPORT, White exterior","[{url:'https://imagescdn.d2cmedia.ca/cb431e162960ad7882e60f86a3f2540268/2214/14237379/1/Honda-CR_V-2026.jpg'},{url:'https://imagescdn.d2cmedia.ca/s8431e162960ad7882e60f86a3f2540268/2214/14237379/1/Honda-CR_V-2026.jpg'},{url:'https://imagescdn.d2cmedia.ca/cb431e162960ad7882e60f86a3f2540268/2214/14237379/2/Honda-CR_V-2026.jpg'},{url:'https://imagescdn.d2cmedia.ca/cb431e162960ad7882e60f86a3f2540268/2214/14237379/3/Honda-CR_V-2026.jpg'},{url:'https://imagescdn.d2cmedia.ca/cb431e162960ad7882e60f86a3f2540268/2214/14237379/4/Honda-CR_V-2026.jpg'},{url:'https://imagescdn.d2cmedia.ca/cb431e162960ad7882e60f86a3f2540268/2214/14237379/5/Honda-CR_V-2026.jpg'},{url:'https://imagescdn.d2cmedia.ca/cb431e162960ad7882e60f86a3f2540268/2214/14237379/6/Honda-CR_V-2026.jpg'},{url:'https://imagescdn.d2cmedia.ca/cb431e162960ad7882e60f86a3f2540268/2214/14237379/7/Honda-CR_V-2026.jpg'},{url:'https://imagescdn.d2cmedia.ca/cb431e162960ad7882e60f86a3f2540268/2214/14237379/8/Honda-CR_V-2026.jpg'},{url:'https://imagescdn.d2cmedia.ca/cb431e162960ad7882e60f86a3f2540268/2214/14237379/9/Honda-CR_V-2026.jpg'}]",0,KM,https://www.castlehonda.ca/new/inventory/2026-Honda-CR_V-id14237379.html,2026 Honda CR-V 4DR AWD SPORT at Castle Honda,46520 CAD,New,White,,2214,Castle Honda,+1-416-745-7060,"{addr1: '370 Rexdale Blvd.', city: 'Etobicoke', region: 'Ontario', postal_code: 'M9W 1R6', country: 'CA'}",43.7180000000,-79.5860000000,,,,,https://www.castlehonda.ca/privacy-policy.html,New,2214,In stock,,46520 CAD,Free,
2HKRS4H50TH120042,2HKRS4H50TH120042,261050-new,Honda,CR-V,4DR AWD SPORT,2026,AUTOMATIC,SUV,GASOLINE,,"2026 Honda CR-V 4DR AWD SPORT, White exterior","[{url:'https://imagescdn.d2cmedia.ca/cbd77197fe27d9f54c6ccddca5cd1d0ab7/2214/14237380/1/Honda-CR_V-2026.jpg'},{url:'https://imagescdn.d2cmedia.ca/s8d77197fe27d9f54c6ccddca5cd1d0ab7/2214/14237380/1/Honda-CR_V-2026.jpg'},{url:'https://imagescdn.d2cmedia.ca/cbd77197fe27d9f54c6ccddca5cd1d0ab7/2214/14237380/2/Honda-CR_V-2026.jpg'},{url:'https://imagescdn.d2cmedia.ca/cbd77197fe27d9f54c6ccddca5cd1d0ab7/2214/14237380/3/Honda-CR_V-2026.jpg'},{url:'https://imagescdn.d2cmedia.ca/cbd77197fe27d9f54c6ccddca5cd1d0ab7/2214/14237380/4/Honda-CR_V-2026.jpg'},{url:'https://imagescdn.d2cmedia.ca/cbd77197fe27d9f54c6ccddca5cd1d0ab7/2214/14237380/5/Honda-CR_V-2026.jpg'},{url:'https://imagescdn.d2cmedia.ca/cbd77197fe27d9f54c6ccddca5cd1d0ab7/2214/14237380/6/Honda-CR_V-2026.jpg'},{url:'https://imagescdn.d2cmedia.ca/cbd77197fe27d9f54c6ccddca5cd1d0ab7/2214/14237380/7/Honda-CR_V-2026.jpg'},{url:'https://imagescdn.d2cmedia.ca/cbd77197fe27d9f54c6ccddca5cd1d0ab7/2214/14237380/8/Honda-CR_V-2026.jpg'},{url:'https://imagescdn.d2cmedia.ca/cbd77197fe27d9f54c6ccddca5cd1d0ab7/2214/14237380/9/Honda-CR_V-2026.jpg'}]",0,KM,https://www.castlehonda.ca/new/inventory/2026-Honda-CR_V-id14237380.html,2026 Honda CR-V 4DR AWD SPORT at Castle Honda,46520 CAD,New,White,,2214,Castle Honda,+1-416-745-7060,"{addr1: '370 Rexdale Blvd.', city: 'Etobicoke', region: 'Ontario', postal_code: 'M9W 1R6', country: 'CA'}",43.7180000000,-79.5860000000,,,,,https://www.castlehonda.ca/privacy-policy.html,New,2214,In stock,,46520 CAD,Free,
2HKRS4H56TH120434,2HKRS4H56TH120434,261068-new,Honda,CR-V,4DR AWD SPORT,2026,AUTOMATIC,SUV,GASOLINE,,"2026 Honda CR-V 4DR AWD SPORT, SOLAR REFLECTIO exterior","[{url:'https://imagescdn.d2cmedia.ca/cb2e86d8d6974aed898bb9722e349ecab0/2214/14273119/1/Honda-CR_V-2026.jpg'},{url:'https://imagescdn.d2cmedia.ca/s82e86d8d6974aed898bb9722e349ecab0/2214/14273119/1/Honda-CR_V-2026.jpg'},{url:'https://imagescdn.d2cmedia.ca/cb2e86d8d6974aed898bb9722e349ecab0/2214/14273119/2/Honda-CR_V-2026.jpg'},{url:'https://imagescdn.d2cmedia.ca/cb2e86d8d6974aed898bb9722e349ecab0/2214/14273119/3/Honda-CR_V-2026.jpg'},{url:'https://imagescdn.d2cmedia.ca/cb2e86d8d6974aed898bb9722e349ecab0/2214/14273119/4/Honda-CR_V-2026.jpg'},{url:'https://imagescdn.d2cmedia.ca/cb2e86d8d6974aed898bb9722e349ecab0/2214/14273119/5/Honda-CR_V-2026.jpg'},{url:'https://imagescdn.d2cmedia.ca/cb2e86d8d6974aed898bb9722e349ecab0/2214/14273119/6/Honda-CR_V-2026.jpg'},{url:'https://imagescdn.d2cmedia.ca/cb2e86d8d6974aed898bb9722e349ecab0/2214/14273119/7/Honda-CR_V-2026.jpg'},{url:'https://imagescdn.d2cmedia.ca/cb2e86d8d6974aed898bb9722e349ecab0/2214/14273119/8/Honda-CR_V-2026.jpg'},{url:'https://imagescdn.d2cmedia.ca/cb2e86d8d6974aed898bb9722e349ecab0/2214/14273119/9/Honda-CR_V-2026.jpg'}]",0,KM,https://www.castlehonda.ca/new/inventory/2026-Honda-CR_V-id14273119.html,2026 Honda CR-V 4DR AWD SPORT at Castle Honda,46520 CAD,New,SOLAR REFLECTIO,,2214,Castle Honda,+1-416-745-7060,"{addr1: '370 Rexdale Blvd.', city: 'Etobicoke', region: 'Ontario', postal_code: 'M9W 1R6', country: 'CA'}",43.7180000000,-79.5860000000,,,,,https://www.castlehonda.ca/privacy-policy.html,New,2214,In stock,,46520 CAD,Free,
2HKRS4H59TH120895,2HKRS4H59TH120895,261074-new,Honda,CR-V,4DR AWD SPORT,2026,AUTOMATIC,SUV,GASOLINE,,"2026 Honda CR-V 4DR AWD SPORT, Black exterior","[{url:'https://imagescdn.d2cmedia.ca/cb573f7f48327cb27621724fb363ef43d9/2214/14287284/1/Honda-CR_V-2026.jpg'},{url:'https://imagescdn.d2cmedia.ca/s8573f7f48327cb27621724fb363ef43d9/2214/14287284/1/Honda-CR_V-2026.jpg'},{url:'https://imagescdn.d2cmedia.ca/cb573f7f48327cb27621724fb363ef43d9/2214/14287284/2/Honda-CR_V-2026.jpg'},{url:'https://imagescdn.d2cmedia.ca/cb573f7f48327cb27621724fb363ef43d9/2214/14287284/3/Honda-CR_V-2026.jpg'},{url:'https://imagescdn.d2cmedia.ca/cb573f7f48327cb27621724fb363ef43d9/2214/14287284/4/Honda-CR_V-2026.jpg'},{url:'https://imagescdn.d2cmedia.ca/cb573f7f48327cb27621724fb363ef43d9/2214/14287284/5/Honda-CR_V-2026.jpg'},{url:'https://imagescdn.d2cmedia.ca/cb573f7f48327cb27621724fb363ef43d9/2214/14287284/6/Honda-CR_V-2026.jpg'},{url:'https://imagescdn.d2cmedia.ca/cb573f7f48327cb27621724fb363ef43d9/2214/14287284/7/Honda-CR_V-2026.jpg'},{url:'https://imagescdn.d2cmedia.ca/cb573f7f48327cb27621724fb363ef43d9/2214/14287284/8/Honda-CR_V-2026.jpg'},{url:'https://imagescdn.d2cmedia.ca/cb573f7f48327cb27621724fb363ef43d9/2214/14287284/9/Honda-CR_V-2026.jpg'}]",0,KM,https://www.castlehonda.ca/new/inventory/2026-Honda-CR_V-id14287284.html,2026 Honda CR-V 4DR AWD SPORT at Castle Honda,46520 CAD,New,Black,,2214,Castle Honda,+1-416-745-7060,"{addr1: '370 Rexdale Blvd.', city: 'Etobicoke', region: 'Ontario', postal_code: 'M9W 1R6', country: 'CA'}",43.7180000000,-79.5860000000,,,,,https://www.castlehonda.ca/privacy-policy.html,New,2214,In stock,,46520 CAD,Free,
2HKRS4H51TH120907,2HKRS4H51TH120907,261076-new,Honda,CR-V,4DR AWD SPORT,2026,AUTOMATIC,SUV,GASOLINE,,"2026 Honda CR-V 4DR AWD SPORT, Black exterior","[{url:'https://imagescdn.d2cmedia.ca/cbb02e284217b2ea1c3db61e3a2239dac5/2214/14287285/1/Honda-CR_V-2026.jpg'},{url:'https://imagescdn.d2cmedia.ca/s8b02e284217b2ea1c3db61e3a2239dac5/2214/14287285/1/Honda-CR_V-2026.jpg'},{url:'https://imagescdn.d2cmedia.ca/cbb02e284217b2ea1c3db61e3a2239dac5/2214/14287285/2/Honda-CR_V-2026.jpg'},{url:'https://imagescdn.d2cmedia.ca/cbb02e284217b2ea1c3db61e3a2239dac5/2214/14287285/3/Honda-CR_V-2026.jpg'},{url:'https://imagescdn.d2cmedia.ca/cbb02e284217b2ea1c3db61e3a2239dac5/2214/14287285/4/Honda-CR_V-2026.jpg'},{url:'https://imagescdn.d2cmedia.ca/cbb02e284217b2ea1c3db61e3a2239dac5/2214/14287285/5/Honda-CR_V-2026.jpg'},{url:'https://imagescdn.d2cmedia.ca/cbb02e284217b2ea1c3db61e3a2239dac5/2214/14287285/6/Honda-CR_V-2026.jpg'},{url:'https://imagescdn.d2cmedia.ca/cbb02e284217b2ea1c3db61e3a2239dac5/2214/14287285/7/Honda-CR_V-2026.jpg'},{url:'https://imagescdn.d2cmedia.ca/cbb02e284217b2ea1c3db61e3a2239dac5/2214/14287285/8/Honda-CR_V-2026.jpg'},{url:'https://imagescdn.d2cmedia.ca/cbb02e284217b2ea1c3db61e3a2239dac5/2214/14287285/9/Honda-CR_V-2026.jpg'}]",0,KM,https://www.castlehonda.ca/new/inventory/2026-Honda-CR_V-id14287285.html,2026 Honda CR-V 4DR AWD SPORT at Castle Honda,46520 CAD,New,Black,,2214,Castle Honda,+1-416-745-7060,"{addr1: '370 Rexdale Blvd.', city: 'Etobicoke', region: 'Ontario', postal_code: 'M9W 1R6', country: 'CA'}",43.7180000000,-79.5860000000,,,,,https://www.castlehonda.ca/privacy-policy.html,New,2214,In stock,,46520 CAD,Free,
2HKRS4H56TH120904,2HKRS4H56TH120904,261077-new,Honda,CR-V,4DR AWD SPORT,2026,AUTOMATIC,SUV,GASOLINE,,"2026 Honda CR-V 4DR AWD SPORT, Black exterior","[{url:'https://imagescdn.d2cmedia.ca/cbdd78c9548596ff4cfe721c7f9791650a/2214/14287286/1/Honda-CR_V-2026.jpg'},{url:'https://imagescdn.d2cmedia.ca/s8dd78c9548596ff4cfe721c7f9791650a/2214/14287286/1/Honda-CR_V-2026.jpg'},{url:'https://imagescdn.d2cmedia.ca/cbdd78c9548596ff4cfe721c7f9791650a/2214/14287286/2/Honda-CR_V-2026.jpg'},{url:'https://imagescdn.d2cmedia.ca/cbdd78c9548596ff4cfe721c7f9791650a/2214/14287286/3/Honda-CR_V-2026.jpg'},{url:'https://imagescdn.d2cmedia.ca/cbdd78c9548596ff4cfe721c7f9791650a/2214/14287286/4/Honda-CR_V-2026.jpg'},{url:'https://imagescdn.d2cmedia.ca/cbdd78c9548596ff4cfe721c7f9791650a/2214/14287286/5/Honda-CR_V-2026.jpg'},{url:'https://imagescdn.d2cmedia.ca/cbdd78c9548596ff4cfe721c7f9791650a/2214/14287286/6/Honda-CR_V-2026.jpg'},{url:'https://imagescdn.d2cmedia.ca/cbdd78c9548596ff4cfe721c7f9791650a/2214/14287286/7/Honda-CR_V-2026.jpg'},{url:'https://imagescdn.d2cmedia.ca/cbdd78c9548596ff4cfe721c7f9791650a/2214/14287286/8/Honda-CR_V-2026.jpg'},{url:'https://imagescdn.d2cmedia.ca/cbdd78c9548596ff4cfe721c7f9791650a/2214/14287286/9/Honda-CR_V-2026.jpg'}]",0,KM,https://www.castlehonda.ca/new/inventory/2026-Honda-CR_V-id14287286.html,2026 Honda CR-V 4DR AWD SPORT at Castle Honda,46520 CAD,New,Black,,2214,Castle Honda,+1-416-745-7060,"{addr1: '370 Rexdale Blvd.', city: 'Etobicoke', region: 'Ontario', postal_code: 'M9W 1R6', country: 'CA'}",43.7180000000,-79.5860000000,,,,,https://www.castlehonda.ca/privacy-policy.html,New,2214,In stock,,46520 CAD,Free,
1HGCY2F75TA800461,1HGCY2F75TA800461,26548-new,Honda,Accord Hybrid,4DR SDN ECVT SPORT-L,2026,AUTOMATIC,SEDAN,HYBRID,,"2026 Honda Accord Hybrid 4DR SDN ECVT SPORT-L, White exterior","[{url:'https://imagescdn.d2cmedia.ca/cbe56fe100e29d0f26c091f3ae269e5fa9/2214/13480656/1/Honda-Accord Hybrid-2026.jpg'},{url:'https://imagescdn.d2cmedia.ca/s8e56fe100e29d0f26c091f3ae269e5fa9/2214/13480656/1/Honda-Accord_Hybrid-2026.jpg'},{url:'https://imagescdn.d2cmedia.ca/cbe56fe100e29d0f26c091f3ae269e5fa9/2214/13480656/1/Honda-Accord_Hybrid-2026.jpg'},{url:'https://imagescdn.d2cmedia.ca/cbe56fe100e29d0f26c091f3ae269e5fa9/2214/13480656/2/Honda-Accord_Hybrid-2026.jpg'},{url:'https://imagescdn.d2cmedia.ca/cbe56fe100e29d0f26c091f3ae269e5fa9/2214/13480656/3/Honda-Accord_Hybrid-2026.jpg'},{url:'https://imagescdn.d2cmedia.ca/cbe56fe100e29d0f26c091f3ae269e5fa9/2214/13480656/4/Honda-Accord_Hybrid-2026.jpg'},{url:'https://imagescdn.d2cmedia.ca/cbe56fe100e29d0f26c091f3ae269e5fa9/2214/13480656/5/Honda-Accord_Hybrid-2026.jpg'},{url:'https://imagescdn.d2cmedia.ca/cbe56fe100e29d0f26c091f3ae269e5fa9/2214/13480656/6/Honda-Accord_Hybrid-2026.jpg'},{url:'https://imagescdn.d2cmedia.ca/cbe56fe100e29d0f26c091f3ae269e5fa9/2214/13480656/7/Honda-Accord_Hybrid-2026.jpg'},{url:'https://imagescdn.d2cmedia.ca/cbe56fe100e29d0f26c091f3ae269e5fa9/2214/13480656/8/Honda-Accord_Hybrid-2026.jpg'}]",0,KM,https://www.castlehonda.ca/new/inventory/2026-Honda-Accord_Hybrid-id13480656.html,2026 Honda Accord Hybrid 4DR SDN ECVT SPORT-L at Castle Honda,46675 CAD,New,White,,2214,Castle Honda,+1-416-745-7060,"{addr1: '370 Rexdale Blvd.', city: 'Etobicoke', region: 'Ontario', postal_code: 'M9W 1R6', country: 'CA'}",43.7180000000,-79.5860000000,,,,,https://www.castlehonda.ca/privacy-policy.html,New,2214,In stock,,46675 CAD,Free,
1HGCY2F72TA801339,1HGCY2F72TA801339,26948-new,Honda,Accord Hybrid,4DR SDN ECVT SPORT-L,2026,AUTOMATIC,SEDAN,HYBRID,,"2026 Honda Accord Hybrid 4DR SDN ECVT SPORT-L, White exterior","[{url:'https://imagescdn.d2cmedia.ca/cbb2f8c0bc1cd3c2a9859e1942ded511be/2214/14028088/1/Honda-Accord Hybrid-2026.jpg'},{url:'https://imagescdn.d2cmedia.ca/s8b2f8c0bc1cd3c2a9859e1942ded511be/2214/14028088/1/Honda-Accord_Hybrid-2026.jpg'},{url:'https://imagescdn.d2cmedia.ca/cbb2f8c0bc1cd3c2a9859e1942ded511be/2214/14028088/1/Honda-Accord_Hybrid-2026.jpg'},{url:'https://imagescdn.d2cmedia.ca/cbb2f8c0bc1cd3c2a9859e1942ded511be/2214/14028088/2/Honda-Accord_Hybrid-2026.jpg'},{url:'https://imagescdn.d2cmedia.ca/cbb2f8c0bc1cd3c2a9859e1942ded511be/2214/14028088/3/Honda-Accord_Hybrid-2026.jpg'},{url:'https://imagescdn.d2cmedia.ca/cbb2f8c0bc1cd3c2a9859e1942ded511be/2214/14028088/4/Honda-Accord_Hybrid-2026.jpg'},{url:'https://imagescdn.d2cmedia.ca/cbb2f8c0bc1cd3c2a9859e1942ded511be/2214/14028088/5/Honda-Accord_Hybrid-2026.jpg'},{url:'https://imagescdn.d2cmedia.ca/cbb2f8c0bc1cd3c2a9859e1942ded511be/2214/14028088/6/Honda-Accord_Hybrid-2026.jpg'},{url:'https://imagescdn.d2cmedia.ca/cbb2f8c0bc1cd3c2a9859e1942ded511be/2214/14028088/7/Honda-Accord_Hybrid-2026.jpg'},{url:'https://imagescdn.d2cmedia.ca/cbb2f8c0bc1cd3c2a9859e1942ded511be/2214/14028088/8/Honda-Accord_Hybrid-2026.jpg'}]",0,KM,https://www.castlehonda.ca/new/inventory/2026-Honda-Accord_Hybrid-id14028088.html,2026 Honda Accord Hybrid 4DR SDN ECVT SPORT-L at Castle Honda,46675 CAD,New,White,,2214,Castle Honda,+1-416-745-7060,"{addr1: '370 Rexdale Blvd.', city: 'Etobicoke', region: 'Ontario', postal_code: 'M9W 1R6', country: 'CA'}",43.7180000000,-79.5860000000,,,,,https://www.castlehonda.ca/privacy-policy.html,New,2214,In stock,,46675 CAD,Free,
1HGCY2F72TA801728,1HGCY2F72TA801728,26979-new,Honda,Accord Hybrid,4DR SDN ECVT SPORT-L,2026,AUTOMATIC,SEDAN,HYBRID,,"2026 Honda Accord Hybrid 4DR SDN ECVT SPORT-L, Black exterior","[{url:'https://imagescdn.d2cmedia.ca/cb5a02fe19015f484965a07f23d52712c5/2214/14054565/1/Honda-Accord Hybrid-2026.jpg'},{url:'https://imagescdn.d2cmedia.ca/s85a02fe19015f484965a07f23d52712c5/2214/14054565/1/Honda-Accord_Hybrid-2026.jpg'},{url:'https://imagescdn.d2cmedia.ca/cb5a02fe19015f484965a07f23d52712c5/2214/14054565/1/Honda-Accord_Hybrid-2026.jpg'},{url:'https://imagescdn.d2cmedia.ca/cb5a02fe19015f484965a07f23d52712c5/2214/14054565/2/Honda-Accord_Hybrid-2026.jpg'},{url:'https://imagescdn.d2cmedia.ca/cb5a02fe19015f484965a07f23d52712c5/2214/14054565/3/Honda-Accord_Hybrid-2026.jpg'},{url:'https://imagescdn.d2cmedia.ca/cb5a02fe19015f484965a07f23d52712c5/2214/14054565/4/Honda-Accord_Hybrid-2026.jpg'},{url:'https://imagescdn.d2cmedia.ca/cb5a02fe19015f484965a07f23d52712c5/2214/14054565/5/Honda-Accord_Hybrid-2026.jpg'},{url:'https://imagescdn.d2cmedia.ca/cb5a02fe19015f484965a07f23d52712c5/2214/14054565/6/Honda-Accord_Hybrid-2026.jpg'},{url:'https://imagescdn.d2cmedia.ca/cb5a02fe19015f484965a07f23d52712c5/2214/14054565/7/Honda-Accord_Hybrid-2026.jpg'},{url:'https://imagescdn.d2cmedia.ca/cb5a02fe19015f484965a07f23d52712c5/2214/14054565/8/Honda-Accord_Hybrid-2026.jpg'}]",0,KM,https://www.castlehonda.ca/new/inventory/2026-Honda-Accord_Hybrid-id14054565.html,2026 Honda Accord Hybrid 4DR SDN ECVT SPORT-L at Castle Honda,46675 CAD,New,Black,,2214,Castle Honda,+1-416-745-7060,"{addr1: '370 Rexdale Blvd.', city: 'Etobicoke', region: 'Ontario', postal_code: 'M9W 1R6', country: 'CA'}",43.7180000000,-79.5860000000,,,,,https://www.castlehonda.ca/privacy-policy.html,New,2214,In stock,,46675 CAD,Free,
1HGCY2F8XTA800383,1HGCY2F8XTA800383,26550-new,Honda,Accord Hybrid,4DR SDN ECVT TOURING,2026,AUTOMATIC,SEDAN,HYBRID,,"2026 Honda Accord Hybrid 4DR SDN ECVT TOURING, White exterior","[{url:'https://imagescdn.d2cmedia.ca/cb0d62efc545ffe47f31ee43e668e22259/2214/13480658/1/Honda-Accord Hybrid-2026.jpg'},{url:'https://imagescdn.d2cmedia.ca/s80d62efc545ffe47f31ee43e668e22259/2214/13480658/1/Honda-Accord_Hybrid-2026.jpg'},{url:'https://imagescdn.d2cmedia.ca/cb0d62efc545ffe47f31ee43e668e22259/2214/13480658/1/Honda-Accord_Hybrid-2026.jpg'},{url:'https://imagescdn.d2cmedia.ca/cb0d62efc545ffe47f31ee43e668e22259/2214/13480658/2/Honda-Accord_Hybrid-2026.jpg'},{url:'https://imagescdn.d2cmedia.ca/cb0d62efc545ffe47f31ee43e668e22259/2214/13480658/3/Honda-Accord_Hybrid-2026.jpg'},{url:'https://imagescdn.d2cmedia.ca/cb0d62efc545ffe47f31ee43e668e22259/2214/13480658/4/Honda-Accord_Hybrid-2026.jpg'},{url:'https://imagescdn.d2cmedia.ca/cb0d62efc545ffe47f31ee43e668e22259/2214/13480658/5/Honda-Accord_Hybrid-2026.jpg'},{url:'https://imagescdn.d2cmedia.ca/cb0d62efc545ffe47f31ee43e668e22259/2214/13480658/6/Honda-Accord_Hybrid-2026.jpg'},{url:'https://imagescdn.d2cmedia.ca/cb0d62efc545ffe47f31ee43e668e22259/2214/13480658/7/Honda-Accord_Hybrid-2026.jpg'},{url:'https://imagescdn.d2cmedia.ca/cb0d62efc545ffe47f31ee43e668e22259/2214/13480658/8/Honda-Accord_Hybrid-2026.jpg'}]",0,KM,https://www.castlehonda.ca/new/inventory/2026-Honda-Accord_Hybrid-id13480658.html,2026 Honda Accord Hybrid 4DR SDN ECVT TOURING at Castle Honda,49175 CAD,New,White,,2214,Castle Honda,+1-416-745-7060,"{addr1: '370 Rexdale Blvd.', city: 'Etobicoke', region: 'Ontario', postal_code: 'M9W 1R6', country: 'CA'}",43.7180000000,-79.5860000000,,,,,https://www.castlehonda.ca/privacy-policy.html,New,2214,In stock,,49175 CAD,Free,
1HGCY2F8XTA800626,1HGCY2F8XTA800626,26565-new,Honda,Accord Hybrid,4DR SDN ECVT TOURING,2026,AUTOMATIC,SEDAN,HYBRID,,"2026 Honda Accord Hybrid 4DR SDN ECVT TOURING, White exterior","[{url:'https://imagescdn.d2cmedia.ca/cbda1ce66a7f01f1c7c92664b4281320f2/2214/13495189/1/Honda-Accord Hybrid-2026.jpg'},{url:'https://imagescdn.d2cmedia.ca/s8da1ce66a7f01f1c7c92664b4281320f2/2214/13495189/1/Honda-Accord_Hybrid-2026.jpg'},{url:'https://imagescdn.d2cmedia.ca/cbda1ce66a7f01f1c7c92664b4281320f2/2214/13495189/1/Honda-Accord_Hybrid-2026.jpg'},{url:'https://imagescdn.d2cmedia.ca/cbda1ce66a7f01f1c7c92664b4281320f2/2214/13495189/2/Honda-Accord_Hybrid-2026.jpg'},{url:'https://imagescdn.d2cmedia.ca/cbda1ce66a7f01f1c7c92664b4281320f2/2214/13495189/3/Honda-Accord_Hybrid-2026.jpg'},{url:'https://imagescdn.d2cmedia.ca/cbda1ce66a7f01f1c7c92664b4281320f2/2214/13495189/4/Honda-Accord_Hybrid-2026.jpg'},{url:'https://imagescdn.d2cmedia.ca/cbda1ce66a7f01f1c7c92664b4281320f2/2214/13495189/5/Honda-Accord_Hybrid-2026.jpg'},{url:'https://imagescdn.d2cmedia.ca/cbda1ce66a7f01f1c7c92664b4281320f2/2214/13495189/6/Honda-Accord_Hybrid-2026.jpg'},{url:'https://imagescdn.d2cmedia.ca/cbda1ce66a7f01f1c7c92664b4281320f2/2214/13495189/7/Honda-Accord_Hybrid-2026.jpg'},{url:'https://imagescdn.d2cmedia.ca/cbda1ce66a7f01f1c7c92664b4281320f2/2214/13495189/8/Honda-Accord_Hybrid-2026.jpg'}]",0,KM,https://www.castlehonda.ca/new/inventory/2026-Honda-Accord_Hybrid-id13495189.html,2026 Honda Accord Hybrid 4DR SDN ECVT TOURING at Castle Honda,49175 CAD,New,White,,2214,Castle Honda,+1-416-745-7060,"{addr1: '370 Rexdale Blvd.', city: 'Etobicoke', region: 'Ontario', postal_code: 'M9W 1R6', country: 'CA'}",43.7180000000,-79.5860000000,,,,,https://www.castlehonda.ca/privacy-policy.html,New,2214,In stock,,49175 CAD,Free,
1HGCY2F83TA800516,1HGCY2F83TA800516,26581-new,Honda,Accord Hybrid,4DR SDN ECVT TOURING,2026,AUTOMATIC,SEDAN,HYBRID,,"2026 Honda Accord Hybrid 4DR SDN ECVT TOURING, Black exterior","[{url:'https://imagescdn.d2cmedia.ca/cb8ee454d00d14031a430d9ae5b52e4a73/2214/13535984/1/Honda-Accord Hybrid-2026.jpg'},{url:'https://imagescdn.d2cmedia.ca/s88ee454d00d14031a430d9ae5b52e4a73/2214/13535984/1/Honda-Accord_Hybrid-2026.jpg'},{url:'https://imagescdn.d2cmedia.ca/cb8ee454d00d14031a430d9ae5b52e4a73/2214/13535984/1/Honda-Accord_Hybrid-2026.jpg'},{url:'https://imagescdn.d2cmedia.ca/cb8ee454d00d14031a430d9ae5b52e4a73/2214/13535984/2/Honda-Accord_Hybrid-2026.jpg'},{url:'https://imagescdn.d2cmedia.ca/cb8ee454d00d14031a430d9ae5b52e4a73/2214/13535984/3/Honda-Accord_Hybrid-2026.jpg'},{url:'https://imagescdn.d2cmedia.ca/cb8ee454d00d14031a430d9ae5b52e4a73/2214/13535984/4/Honda-Accord_Hybrid-2026.jpg'},{url:'https://imagescdn.d2cmedia.ca/cb8ee454d00d14031a430d9ae5b52e4a73/2214/13535984/5/Honda-Accord_Hybrid-2026.jpg'},{url:'https://imagescdn.d2cmedia.ca/cb8ee454d00d14031a430d9ae5b52e4a73/2214/13535984/6/Honda-Accord_Hybrid-2026.jpg'},{url:'https://imagescdn.d2cmedia.ca/cb8ee454d00d14031a430d9ae5b52e4a73/2214/13535984/7/Honda-Accord_Hybrid-2026.jpg'},{url:'https://imagescdn.d2cmedia.ca/cb8ee454d00d14031a430d9ae5b52e4a73/2214/13535984/8/Honda-Accord_Hybrid-2026.jpg'}]",0,KM,https://www.castlehonda.ca/new/inventory/2026-Honda-Accord_Hybrid-id13535984.html,2026 Honda Accord Hybrid 4DR SDN ECVT TOURING at Castle Honda,49175 CAD,New,Black,,2214,Castle Honda,+1-416-745-7060,"{addr1: '370 Rexdale Blvd.', city: 'Etobicoke', region: 'Ontario', postal_code: 'M9W 1R6', country: 'CA'}",43.7180000000,-79.5860000000,,,,,https://www.castlehonda.ca/privacy-policy.html,New,2214,In stock,,49175 CAD,Free,
1HGCY2F81TA800756,1HGCY2F81TA800756,26707-new,Honda,Accord Hybrid,4DR SDN ECVT TOURING,2026,AUTOMATIC,SEDAN,HYBRID,,"2026 Honda Accord Hybrid 4DR SDN ECVT TOURING, Black exterior","[{url:'https://imagescdn.d2cmedia.ca/cb3becf99645342878ba1a957931b28cbe/2214/13688487/1/Honda-Accord Hybrid-2026.jpg'},{url:'https://imagescdn.d2cmedia.ca/s83becf99645342878ba1a957931b28cbe/2214/13688487/1/Honda-Accord_Hybrid-2026.jpg'},{url:'https://imagescdn.d2cmedia.ca/cb3becf99645342878ba1a957931b28cbe/2214/13688487/1/Honda-Accord_Hybrid-2026.jpg'},{url:'https://imagescdn.d2cmedia.ca/cb3becf99645342878ba1a957931b28cbe/2214/13688487/2/Honda-Accord_Hybrid-2026.jpg'},{url:'https://imagescdn.d2cmedia.ca/cb3becf99645342878ba1a957931b28cbe/2214/13688487/3/Honda-Accord_Hybrid-2026.jpg'},{url:'https://imagescdn.d2cmedia.ca/cb3becf99645342878ba1a957931b28cbe/2214/13688487/4/Honda-Accord_Hybrid-2026.jpg'},{url:'https://imagescdn.d2cmedia.ca/cb3becf99645342878ba1a957931b28cbe/2214/13688487/5/Honda-Accord_Hybrid-2026.jpg'},{url:'https://imagescdn.d2cmedia.ca/cb3becf99645342878ba1a957931b28cbe/2214/13688487/6/Honda-Accord_Hybrid-2026.jpg'},{url:'https://imagescdn.d2cmedia.ca/cb3becf99645342878ba1a957931b28cbe/2214/13688487/7/Honda-Accord_Hybrid-2026.jpg'},{url:'https://imagescdn.d2cmedia.ca/cb3becf99645342878ba1a957931b28cbe/2214/13688487/8/Honda-Accord_Hybrid-2026.jpg'}]",0,KM,https://www.castlehonda.ca/new/inventory/2026-Honda-Accord_Hybrid-id13688487.html,2026 Honda Accord Hybrid 4DR SDN ECVT TOURING at Castle Honda,49175 CAD,New,Black,,2214,Castle Honda,+1-416-745-7060,"{addr1: '370 Rexdale Blvd.', city: 'Etobicoke', region: 'Ontario', postal_code: 'M9W 1R6', country: 'CA'}",43.7180000000,-79.5860000000,,,,,https://www.castlehonda.ca/privacy-policy.html,New,2214,In stock,,49175 CAD,Free,
1HGCY2F86TA800767,1HGCY2F86TA800767,26708-new,Honda,Accord Hybrid,4DR SDN ECVT TOURING,2026,AUTOMATIC,SEDAN,HYBRID,,"2026 Honda Accord Hybrid 4DR SDN ECVT TOURING, Black exterior","[{url:'https://imagescdn.d2cmedia.ca/cb60ae38dc18df7d289c31826b8be35179/2214/13688488/1/Honda-Accord Hybrid-2026.jpg'},{url:'https://imagescdn.d2cmedia.ca/s860ae38dc18df7d289c31826b8be35179/2214/13688488/1/Honda-Accord_Hybrid-2026.jpg'},{url:'https://imagescdn.d2cmedia.ca/cb60ae38dc18df7d289c31826b8be35179/2214/13688488/1/Honda-Accord_Hybrid-2026.jpg'},{url:'https://imagescdn.d2cmedia.ca/cb60ae38dc18df7d289c31826b8be35179/2214/13688488/2/Honda-Accord_Hybrid-2026.jpg'},{url:'https://imagescdn.d2cmedia.ca/cb60ae38dc18df7d289c31826b8be35179/2214/13688488/3/Honda-Accord_Hybrid-2026.jpg'},{url:'https://imagescdn.d2cmedia.ca/cb60ae38dc18df7d289c31826b8be35179/2214/13688488/4/Honda-Accord_Hybrid-2026.jpg'},{url:'https://imagescdn.d2cmedia.ca/cb60ae38dc18df7d289c31826b8be35179/2214/13688488/5/Honda-Accord_Hybrid-2026.jpg'},{url:'https://imagescdn.d2cmedia.ca/cb60ae38dc18df7d289c31826b8be35179/2214/13688488/6/Honda-Accord_Hybrid-2026.jpg'},{url:'https://imagescdn.d2cmedia.ca/cb60ae38dc18df7d289c31826b8be35179/2214/13688488/7/Honda-Accord_Hybrid-2026.jpg'},{url:'https://imagescdn.d2cmedia.ca/cb60ae38dc18df7d289c31826b8be35179/2214/13688488/8/Honda-Accord_Hybrid-2026.jpg'}]",0,KM,https://www.castlehonda.ca/new/inventory/2026-Honda-Accord_Hybrid-id13688488.html,2026 Honda Accord Hybrid 4DR SDN ECVT TOURING at Castle Honda,49175 CAD,New,Black,,2214,Castle Honda,+1-416-745-7060,"{addr1: '370 Rexdale Blvd.', city: 'Etobicoke', region: 'Ontario', postal_code: 'M9W 1R6', country: 'CA'}",43.7180000000,-79.5860000000,,,,,https://www.castlehonda.ca/privacy-policy.html,New,2214,In stock,,49175 CAD,Free,
1HGCY2F86TA800817,1HGCY2F86TA800817,26710-new,Honda,Accord Hybrid,4DR SDN ECVT TOURING,2026,AUTOMATIC,SEDAN,HYBRID,,"2026 Honda Accord Hybrid 4DR SDN ECVT TOURING, Grey exterior","[{url:'https://imagescdn.d2cmedia.ca/cb0131c4143f9acea944673c8415b45038/2214/13688490/1/Honda-Accord Hybrid-2026.jpg'},{url:'https://imagescdn.d2cmedia.ca/s80131c4143f9acea944673c8415b45038/2214/13688490/1/Honda-Accord_Hybrid-2026.jpg'},{url:'https://imagescdn.d2cmedia.ca/cb0131c4143f9acea944673c8415b45038/2214/13688490/1/Honda-Accord_Hybrid-2026.jpg'},{url:'https://imagescdn.d2cmedia.ca/cb0131c4143f9acea944673c8415b45038/2214/13688490/2/Honda-Accord_Hybrid-2026.jpg'},{url:'https://imagescdn.d2cmedia.ca/cb0131c4143f9acea944673c8415b45038/2214/13688490/3/Honda-Accord_Hybrid-2026.jpg'},{url:'https://imagescdn.d2cmedia.ca/cb0131c4143f9acea944673c8415b45038/2214/13688490/4/Honda-Accord_Hybrid-2026.jpg'},{url:'https://imagescdn.d2cmedia.ca/cb0131c4143f9acea944673c8415b45038/2214/13688490/5/Honda-Accord_Hybrid-2026.jpg'},{url:'https://imagescdn.d2cmedia.ca/cb0131c4143f9acea944673c8415b45038/2214/13688490/6/Honda-Accord_Hybrid-2026.jpg'},{url:'https://imagescdn.d2cmedia.ca/cb0131c4143f9acea944673c8415b45038/2214/13688490/7/Honda-Accord_Hybrid-2026.jpg'},{url:'https://imagescdn.d2cmedia.ca/cb0131c4143f9acea944673c8415b45038/2214/13688490/8/Honda-Accord_Hybrid-2026.jpg'}]",0,KM,https://www.castlehonda.ca/new/inventory/2026-Honda-Accord_Hybrid-id13688490.html,2026 Honda Accord Hybrid 4DR SDN ECVT TOURING at Castle Honda,49175 CAD,New,Grey,,2214,Castle Honda,+1-416-745-7060,"{addr1: '370 Rexdale Blvd.', city: 'Etobicoke', region: 'Ontario', postal_code: 'M9W 1R6', country: 'CA'}",43.7180000000,-79.5860000000,,,,,https://www.castlehonda.ca/privacy-policy.html,New,2214,In stock,,49175 CAD,Free,
1HGCY2F89TA801265,1HGCY2F89TA801265,26817-new,Honda,Accord Hybrid,4DR SDN ECVT TOURING,2026,AUTOMATIC,SEDAN,HYBRID,,"2026 Honda Accord Hybrid 4DR SDN ECVT TOURING, Grey exterior","[{url:'https://imagescdn.d2cmedia.ca/cb049aea96d32d14e244ef370798e9bd03/2214/13823720/1/Honda-Accord Hybrid-2026.jpg'},{url:'https://imagescdn.d2cmedia.ca/s8049aea96d32d14e244ef370798e9bd03/2214/13823720/1/Honda-Accord_Hybrid-2026.jpg'},{url:'https://imagescdn.d2cmedia.ca/cb049aea96d32d14e244ef370798e9bd03/2214/13823720/1/Honda-Accord_Hybrid-2026.jpg'},{url:'https://imagescdn.d2cmedia.ca/cb049aea96d32d14e244ef370798e9bd03/2214/13823720/2/Honda-Accord_Hybrid-2026.jpg'},{url:'https://imagescdn.d2cmedia.ca/cb049aea96d32d14e244ef370798e9bd03/2214/13823720/3/Honda-Accord_Hybrid-2026.jpg'},{url:'https://imagescdn.d2cmedia.ca/cb049aea96d32d14e244ef370798e9bd03/2214/13823720/4/Honda-Accord_Hybrid-2026.jpg'},{url:'https://imagescdn.d2cmedia.ca/cb049aea96d32d14e244ef370798e9bd03/2214/13823720/5/Honda-Accord_Hybrid-2026.jpg'},{url:'https://imagescdn.d2cmedia.ca/cb049aea96d32d14e244ef370798e9bd03/2214/13823720/6/Honda-Accord_Hybrid-2026.jpg'},{url:'https://imagescdn.d2cmedia.ca/cb049aea96d32d14e244ef370798e9bd03/2214/13823720/7/Honda-Accord_Hybrid-2026.jpg'},{url:'https://imagescdn.d2cmedia.ca/cb049aea96d32d14e244ef370798e9bd03/2214/13823720/8/Honda-Accord_Hybrid-2026.jpg'}]",0,KM,https://www.castlehonda.ca/new/inventory/2026-Honda-Accord_Hybrid-id13823720.html,2026 Honda Accord Hybrid 4DR SDN ECVT TOURING at Castle Honda,49175 CAD,New,Grey,,2214,Castle Honda,+1-416-745-7060,"{addr1: '370 Rexdale Blvd.', city: 'Etobicoke', region: 'Ontario', postal_code: 'M9W 1R6', country: 'CA'}",43.7180000000,-79.5860000000,,,,,https://www.castlehonda.ca/privacy-policy.html,New,2214,In stock,,49175 CAD,Free,
1HGCY2F89TA801573,1HGCY2F89TA801573,26915-new,Honda,Accord Hybrid,4DR SDN ECVT TOURING,2026,AUTOMATIC,SEDAN,HYBRID,,"2026 Honda Accord Hybrid 4DR SDN ECVT TOURING, White exterior","[{url:'https://imagescdn.d2cmedia.ca/cbd3be08817b8ca8af42ba13102a2caa27/2214/13972540/1/Honda-Accord Hybrid-2026.jpg'},{url:'https://imagescdn.d2cmedia.ca/s8d3be08817b8ca8af42ba13102a2caa27/2214/13972540/1/Honda-Accord_Hybrid-2026.jpg'},{url:'https://imagescdn.d2cmedia.ca/cbd3be08817b8ca8af42ba13102a2caa27/2214/13972540/1/Honda-Accord_Hybrid-2026.jpg'},{url:'https://imagescdn.d2cmedia.ca/cbd3be08817b8ca8af42ba13102a2caa27/2214/13972540/2/Honda-Accord_Hybrid-2026.jpg'},{url:'https://imagescdn.d2cmedia.ca/cbd3be08817b8ca8af42ba13102a2caa27/2214/13972540/3/Honda-Accord_Hybrid-2026.jpg'},{url:'https://imagescdn.d2cmedia.ca/cbd3be08817b8ca8af42ba13102a2caa27/2214/13972540/4/Honda-Accord_Hybrid-2026.jpg'},{url:'https://imagescdn.d2cmedia.ca/cbd3be08817b8ca8af42ba13102a2caa27/2214/13972540/5/Honda-Accord_Hybrid-2026.jpg'},{url:'https://imagescdn.d2cmedia.ca/cbd3be08817b8ca8af42ba13102a2caa27/2214/13972540/6/Honda-Accord_Hybrid-2026.jpg'},{url:'https://imagescdn.d2cmedia.ca/cbd3be08817b8ca8af42ba13102a2caa27/2214/13972540/7/Honda-Accord_Hybrid-2026.jpg'},{url:'https://imagescdn.d2cmedia.ca/cbd3be08817b8ca8af42ba13102a2caa27/2214/13972540/8/Honda-Accord_Hybrid-2026.jpg'}]",0,KM,https://www.castlehonda.ca/new/inventory/2026-Honda-Accord_Hybrid-id13972540.html,2026 Honda Accord Hybrid 4DR SDN ECVT TOURING at Castle Honda,49175 CAD,New,White,,2214,Castle Honda,+1-416-745-7060,"{addr1: '370 Rexdale Blvd.', city: 'Etobicoke', region: 'Ontario', postal_code: 'M9W 1R6', country: 'CA'}",43.7180000000,-79.5860000000,,,,,https://www.castlehonda.ca/privacy-policy.html,New,2214,In stock,,49175 CAD,Free,
2HKRS6H56TH245087,2HKRS6H56TH245087,26926-new,Honda,CR-V Hybrid,4DR AWD SPORT,2026,AUTOMATIC,SUV,HYBRID,,"2026 Honda CR-V Hybrid 4DR AWD SPORT, White exterior","[{url:'https://imagescdn.d2cmedia.ca/cbceb65d41d2f97862aa61d71007fd5d95/2214/13985634/1/Honda-CR_V Hybrid-2026.jpg'},{url:'https://imagescdn.d2cmedia.ca/s8ceb65d41d2f97862aa61d71007fd5d95/2214/13985634/1/Honda-CR_V_Hybrid-2026.jpg'},{url:'https://imagescdn.d2cmedia.ca/cbceb65d41d2f97862aa61d71007fd5d95/2214/13985634/1/Honda-CR_V_Hybrid-2026.jpg'},{url:'https://imagescdn.d2cmedia.ca/cbceb65d41d2f97862aa61d71007fd5d95/2214/13985634/2/Honda-CR_V_Hybrid-2026.jpg'},{url:'https://imagescdn.d2cmedia.ca/cbceb65d41d2f97862aa61d71007fd5d95/2214/13985634/3/Honda-CR_V_Hybrid-2026.jpg'},{url:'https://imagescdn.d2cmedia.ca/cbceb65d41d2f97862aa61d71007fd5d95/2214/13985634/4/Honda-CR_V_Hybrid-2026.jpg'},{url:'https://imagescdn.d2cmedia.ca/cbceb65d41d2f97862aa61d71007fd5d95/2214/13985634/5/Honda-CR_V_Hybrid-2026.jpg'},{url:'https://imagescdn.d2cmedia.ca/cbceb65d41d2f97862aa61d71007fd5d95/2214/13985634/6/Honda-CR_V_Hybrid-2026.jpg'},{url:'https://imagescdn.d2cmedia.ca/cbceb65d41d2f97862aa61d71007fd5d95/2214/13985634/7/Honda-CR_V_Hybrid-2026.jpg'},{url:'https://imagescdn.d2cmedia.ca/cbceb65d41d2f97862aa61d71007fd5d95/2214/13985634/8/Honda-CR_V_Hybrid-2026.jpg'}]",0,KM,https://www.castlehonda.ca/new/inventory/2026-Honda-CR_V_Hybrid-id13985634.html,2026 Honda CR-V Hybrid 4DR AWD SPORT at Castle Honda,49035 CAD,New,White,,2214,Castle Honda,+1-416-745-7060,"{addr1: '370 Rexdale Blvd.', city: 'Etobicoke', region: 'Ontario', postal_code: 'M9W 1R6', country: 'CA'}",43.7180000000,-79.5860000000,,,,,https://www.castlehonda.ca/privacy-policy.html,New,2214,In stock,,49035 CAD,Free,
2HKRS6H59TH252082,2HKRS6H59TH252082,261085-new,Honda,CR-V Hybrid,4DR AWD SPORT,2026,AUTOMATIC,SUV,HYBRID,,"2026 Honda CR-V Hybrid 4DR AWD SPORT, Grey exterior","[{url:'https://carimages.d2cmedia.ca/newcarimages/en/cb6abd2b615f84b/Honda/CR-V Hybrid/2026/1200/477739-NERSIEFXRCBTUE9SVA/Gray/front45.png'},{url:'https://carimages.d2cmedia.ca/newcarimages/en/cb6abd2b615f84b/Honda/CR-V Hybrid/2026/1280/477739/grey/front_45_degree.png'},{url:'https://carimages.d2cmedia.ca/newcarimages/en/cb6abd2b615f84b/Honda/CR-V Hybrid/2026/2100/477739/grey/front_45_degree.png'},{url:'https://carimages.d2cmedia.ca/newcarimages/en/cb6abd2b615f84b/Honda/CR-V Hybrid/2026/2100/477739/grey/profile.png'},{url:'https://carimages.d2cmedia.ca/newcarimages/en/cb6abd2b615f84b/Honda/CR-V Hybrid/2026/2100/477739/grey/back_45_degree.png'},{url:'https://carimages.d2cmedia.ca/newcarimages/en/cb6abd2b615f84b/Honda/CR-V Hybrid/2026/2100/477739/grey/driver_dashboard.png'},{url:'https://carimages.d2cmedia.ca/newcarimages/en/cb6abd2b615f84b/Honda/CR-V Hybrid/2026/2100/477739/grey/full_dashboard.png'},{url:'https://carimages.d2cmedia.ca/newcarimages/en/cb6abd2b615f84b/Honda/CR-V Hybrid/2026/2100/477739/grey/interior_driver_open_seat.png'},{url:'https://carimages.d2cmedia.ca/newcarimages/en/cb6abd2b615f84b/Honda/CR-V Hybrid/2026/2100/477739/grey/interior_driver_stereo.png'},{url:'https://carimages.d2cmedia.ca/newcarimages/en/cb6abd2b615f84b/Honda/CR-V Hybrid/2026/2100/477739/grey/interior_driver_reat_seats.png'}]",0,KM,https://www.castlehonda.ca/new/inventory/2026-Honda-CR_V_Hybrid-id14287294.html,2026 Honda CR-V Hybrid 4DR AWD SPORT at Castle Honda,49035 CAD,New,Grey,,2214,Castle Honda,+1-416-745-7060,"{addr1: '370 Rexdale Blvd.', city: 'Etobicoke', region: 'Ontario', postal_code: 'M9W 1R6', country: 'CA'}",43.7180000000,-79.5860000000,,,,,https://www.castlehonda.ca/privacy-policy.html,New,2214,In stock,,49035 CAD,Free,
2HKRS6H5XTH252088,2HKRS6H5XTH252088,261086-new,Honda,CR-V Hybrid,4DR AWD SPORT,2026,AUTOMATIC,SUV,HYBRID,,"2026 Honda CR-V Hybrid 4DR AWD SPORT, Grey exterior","[{url:'https://carimages.d2cmedia.ca/newcarimages/en/cb6abd2b615f84b/Honda/CR-V Hybrid/2026/1200/477739-NERSIEFXRCBTUE9SVA/Gray/front45.png'},{url:'https://carimages.d2cmedia.ca/newcarimages/en/cb6abd2b615f84b/Honda/CR-V Hybrid/2026/1280/477739/grey/front_45_degree.png'},{url:'https://carimages.d2cmedia.ca/newcarimages/en/cb6abd2b615f84b/Honda/CR-V Hybrid/2026/2100/477739/grey/front_45_degree.png'},{url:'https://carimages.d2cmedia.ca/newcarimages/en/cb6abd2b615f84b/Honda/CR-V Hybrid/2026/2100/477739/grey/profile.png'},{url:'https://carimages.d2cmedia.ca/newcarimages/en/cb6abd2b615f84b/Honda/CR-V Hybrid/2026/2100/477739/grey/back_45_degree.png'},{url:'https://carimages.d2cmedia.ca/newcarimages/en/cb6abd2b615f84b/Honda/CR-V Hybrid/2026/2100/477739/grey/driver_dashboard.png'},{url:'https://carimages.d2cmedia.ca/newcarimages/en/cb6abd2b615f84b/Honda/CR-V Hybrid/2026/2100/477739/grey/full_dashboard.png'},{url:'https://carimages.d2cmedia.ca/newcarimages/en/cb6abd2b615f84b/Honda/CR-V Hybrid/2026/2100/477739/grey/interior_driver_open_seat.png'},{url:'https://carimages.d2cmedia.ca/newcarimages/en/cb6abd2b615f84b/Honda/CR-V Hybrid/2026/2100/477739/grey/interior_driver_stereo.png'},{url:'https://carimages.d2cmedia.ca/newcarimages/en/cb6abd2b615f84b/Honda/CR-V Hybrid/2026/2100/477739/grey/interior_driver_reat_seats.png'}]",0,KM,https://www.castlehonda.ca/new/inventory/2026-Honda-CR_V_Hybrid-id14287295.html,2026 Honda CR-V Hybrid 4DR AWD SPORT at Castle Honda,49035 CAD,New,Grey,,2214,Castle Honda,+1-416-745-7060,"{addr1: '370 Rexdale Blvd.', city: 'Etobicoke', region: 'Ontario', postal_code: 'M9W 1R6', country: 'CA'}",43.7180000000,-79.5860000000,,,,,https://www.castlehonda.ca/privacy-policy.html,New,2214,In stock,,49035 CAD,Free,
2HKRS6H51TH252366,2HKRS6H51TH252366,261096-new,Honda,CR-V Hybrid,4DR AWD SPORT,2026,AUTOMATIC,SUV,HYBRID,,"2026 Honda CR-V Hybrid 4DR AWD SPORT, Black exterior","[{url:'https://imagescdn.d2cmedia.ca/cb57bdf6cb2d4d688970495b0568b9a8d3/2214/14298455/1/Honda-CR_V Hybrid-2026.jpg'},{url:'https://imagescdn.d2cmedia.ca/s857bdf6cb2d4d688970495b0568b9a8d3/2214/14298455/1/Honda-CR_V_Hybrid-2026.jpg'},{url:'https://imagescdn.d2cmedia.ca/cb57bdf6cb2d4d688970495b0568b9a8d3/2214/14298455/1/Honda-CR_V_Hybrid-2026.jpg'},{url:'https://imagescdn.d2cmedia.ca/cb57bdf6cb2d4d688970495b0568b9a8d3/2214/14298455/2/Honda-CR_V_Hybrid-2026.jpg'},{url:'https://imagescdn.d2cmedia.ca/cb57bdf6cb2d4d688970495b0568b9a8d3/2214/14298455/3/Honda-CR_V_Hybrid-2026.jpg'},{url:'https://imagescdn.d2cmedia.ca/cb57bdf6cb2d4d688970495b0568b9a8d3/2214/14298455/4/Honda-CR_V_Hybrid-2026.jpg'},{url:'https://imagescdn.d2cmedia.ca/cb57bdf6cb2d4d688970495b0568b9a8d3/2214/14298455/5/Honda-CR_V_Hybrid-2026.jpg'},{url:'https://imagescdn.d2cmedia.ca/cb57bdf6cb2d4d688970495b0568b9a8d3/2214/14298455/6/Honda-CR_V_Hybrid-2026.jpg'},{url:'https://imagescdn.d2cmedia.ca/cb57bdf6cb2d4d688970495b0568b9a8d3/2214/14298455/7/Honda-CR_V_Hybrid-2026.jpg'},{url:'https://imagescdn.d2cmedia.ca/cb57bdf6cb2d4d688970495b0568b9a8d3/2214/14298455/8/Honda-CR_V_Hybrid-2026.jpg'}]",0,KM,https://www.castlehonda.ca/new/inventory/2026-Honda-CR_V_Hybrid-id14298455.html,2026 Honda CR-V Hybrid 4DR AWD SPORT at Castle Honda,49035 CAD,New,Black,,2214,Castle Honda,+1-416-745-7060,"{addr1: '370 Rexdale Blvd.', city: 'Etobicoke', region: 'Ontario', postal_code: 'M9W 1R6', country: 'CA'}",43.7180000000,-79.5860000000,,,,,https://www.castlehonda.ca/privacy-policy.html,New,2214,In stock,,49035 CAD,Free,
2HKRS6H72SH230103,2HKRS6H72SH230103,25874-new,Honda,CR-V Hybrid,4DR AWD EX-L,2025,AUTOMATIC,SUV,HYBRID,,"2025 Honda CR-V Hybrid 4DR AWD EX-L, Black exterior","[{url:'https://imagescdn.d2cmedia.ca/cb2ed31b1bd78a1d61436d9ca59e2fa670/2214/12450260/1/Honda-CR_V Hybrid-2025.jpg'},{url:'https://imagescdn.d2cmedia.ca/s82ed31b1bd78a1d61436d9ca59e2fa670/2214/12450260/1/Honda-CR_V_Hybrid-2025.jpg'},{url:'https://imagescdn.d2cmedia.ca/cb2ed31b1bd78a1d61436d9ca59e2fa670/2214/12450260/1/Honda-CR_V_Hybrid-2025.jpg'},{url:'https://imagescdn.d2cmedia.ca/cb2ed31b1bd78a1d61436d9ca59e2fa670/2214/12450260/2/Honda-CR_V_Hybrid-2025.jpg'},{url:'https://imagescdn.d2cmedia.ca/cb2ed31b1bd78a1d61436d9ca59e2fa670/2214/12450260/3/Honda-CR_V_Hybrid-2025.jpg'},{url:'https://imagescdn.d2cmedia.ca/cb2ed31b1bd78a1d61436d9ca59e2fa670/2214/12450260/4/Honda-CR_V_Hybrid-2025.jpg'},{url:'https://imagescdn.d2cmedia.ca/cb2ed31b1bd78a1d61436d9ca59e2fa670/2214/12450260/5/Honda-CR_V_Hybrid-2025.jpg'},{url:'https://imagescdn.d2cmedia.ca/cb2ed31b1bd78a1d61436d9ca59e2fa670/2214/12450260/6/Honda-CR_V_Hybrid-2025.jpg'},{url:'https://imagescdn.d2cmedia.ca/cb2ed31b1bd78a1d61436d9ca59e2fa670/2214/12450260/7/Honda-CR_V_Hybrid-2025.jpg'},{url:'https://imagescdn.d2cmedia.ca/cb2ed31b1bd78a1d61436d9ca59e2fa670/2214/12450260/8/Honda-CR_V_Hybrid-2025.jpg'}]",0,KM,https://www.castlehonda.ca/new/inventory/2025-Honda-CR_V_Hybrid-id12450260.html,2025 Honda CR-V Hybrid 4DR AWD EX-L at Castle Honda,50120 CAD,New,Black,,2214,Castle Honda,+1-416-745-7060,"{addr1: '370 Rexdale Blvd.', city: 'Etobicoke', region: 'Ontario', postal_code: 'M9W 1R6', country: 'CA'}",43.7180000000,-79.5860000000,,,,,https://www.castlehonda.ca/privacy-policy.html,New,2214,In stock,,50120 CAD,Free,
2HKRS6H76TH247455,2HKRS6H76TH247455,26988-new,Honda,CR-V Hybrid,4DR AWD EX-L,2026,AUTOMATIC,SUV,HYBRID,,"2026 Honda CR-V Hybrid 4DR AWD EX-L, Grey exterior","[{url:'https://carimages.d2cmedia.ca/newcarimages/en/cb6abd2b615f84b/Honda/CR-V Hybrid/2026/1200/477737-NERSIEFXRCBFWC1M/Gray/front45.png'},{url:'https://carimages.d2cmedia.ca/newcarimages/en/cb6abd2b615f84b/Honda/CR-V Hybrid/2026/1280/477737/grey/front_45_degree.png'},{url:'https://carimages.d2cmedia.ca/newcarimages/en/cb6abd2b615f84b/Honda/CR-V Hybrid/2026/2100/477737/grey/front_45_degree.png'},{url:'https://carimages.d2cmedia.ca/newcarimages/en/cb6abd2b615f84b/Honda/CR-V Hybrid/2026/2100/477737/grey/profile.png'},{url:'https://carimages.d2cmedia.ca/newcarimages/en/cb6abd2b615f84b/Honda/CR-V Hybrid/2026/2100/477737/grey/back_45_degree.png'},{url:'https://carimages.d2cmedia.ca/newcarimages/en/cb6abd2b615f84b/Honda/CR-V Hybrid/2026/2100/477737/grey/driver_dashboard.png'},{url:'https://carimages.d2cmedia.ca/newcarimages/en/cb6abd2b615f84b/Honda/CR-V Hybrid/2026/2100/477737/grey/full_dashboard.png'},{url:'https://carimages.d2cmedia.ca/newcarimages/en/cb6abd2b615f84b/Honda/CR-V Hybrid/2026/2100/477737/grey/interior_driver_open_seat.png'},{url:'https://carimages.d2cmedia.ca/newcarimages/en/cb6abd2b615f84b/Honda/CR-V Hybrid/2026/2100/477737/grey/interior_driver_stereo.png'},{url:'https://carimages.d2cmedia.ca/newcarimages/en/cb6abd2b615f84b/Honda/CR-V Hybrid/2026/2100/477737/grey/interior_driver_reat_seats.png'}]",0,KM,https://www.castlehonda.ca/new/inventory/2026-Honda-CR_V_Hybrid-id14104881.html,2026 Honda CR-V Hybrid 4DR AWD EX-L at Castle Honda,51835 CAD,New,Grey,,2214,Castle Honda,+1-416-745-7060,"{addr1: '370 Rexdale Blvd.', city: 'Etobicoke', region: 'Ontario', postal_code: 'M9W 1R6', country: 'CA'}",43.7180000000,-79.5860000000,,,,,https://www.castlehonda.ca/privacy-policy.html,New,2214,In stock,,51835 CAD,Free,
2HKRS6H73TH246022,2HKRS6H73TH246022,261110-new,Honda,CR-V Hybrid,4DR AWD EX-L,2026,AUTOMATIC,SUV,HYBRID,,"2026 Honda CR-V Hybrid 4DR AWD EX-L, White exterior","[{url:'https://imagescdn.d2cmedia.ca/cb945628d76e3cb44d6f45270c325c97df/2214/14348721/1/Honda-CR_V Hybrid-2026.jpg'},{url:'https://imagescdn.d2cmedia.ca/s8945628d76e3cb44d6f45270c325c97df/2214/14348721/1/Honda-CR_V_Hybrid-2026.jpg'},{url:'https://imagescdn.d2cmedia.ca/cb945628d76e3cb44d6f45270c325c97df/2214/14348721/1/Honda-CR_V_Hybrid-2026.jpg'},{url:'https://imagescdn.d2cmedia.ca/cb945628d76e3cb44d6f45270c325c97df/2214/14348721/2/Honda-CR_V_Hybrid-2026.jpg'},{url:'https://imagescdn.d2cmedia.ca/cb945628d76e3cb44d6f45270c325c97df/2214/14348721/3/Honda-CR_V_Hybrid-2026.jpg'},{url:'https://imagescdn.d2cmedia.ca/cb945628d76e3cb44d6f45270c325c97df/2214/14348721/4/Honda-CR_V_Hybrid-2026.jpg'},{url:'https://imagescdn.d2cmedia.ca/cb945628d76e3cb44d6f45270c325c97df/2214/14348721/5/Honda-CR_V_Hybrid-2026.jpg'},{url:'https://imagescdn.d2cmedia.ca/cb945628d76e3cb44d6f45270c325c97df/2214/14348721/6/Honda-CR_V_Hybrid-2026.jpg'},{url:'https://imagescdn.d2cmedia.ca/cb945628d76e3cb44d6f45270c325c97df/2214/14348721/7/Honda-CR_V_Hybrid-2026.jpg'},{url:'https://imagescdn.d2cmedia.ca/cb945628d76e3cb44d6f45270c325c97df/2214/14348721/8/Honda-CR_V_Hybrid-2026.jpg'}]",0,KM,https://www.castlehonda.ca/new/inventory/2026-Honda-CR_V_Hybrid-id14348721.html,2026 Honda CR-V Hybrid 4DR AWD EX-L at Castle Honda,51835 CAD,New,White,,2214,Castle Honda,+1-416-745-7060,"{addr1: '370 Rexdale Blvd.', city: 'Etobicoke', region: 'Ontario', postal_code: 'M9W 1R6', country: 'CA'}",43.7180000000,-79.5860000000,,,,,https://www.castlehonda.ca/privacy-policy.html,New,2214,In stock,,51835 CAD,Free,
2HKRS6H7XTH240461,2HKRS6H7XTH240461,261118-new,Honda,CR-V Hybrid,4DR AWD EX-L,2026,AUTOMATIC,SUV,HYBRID,,"2026 Honda CR-V Hybrid 4DR AWD EX-L, White exterior","[{url:'https://imagescdn.d2cmedia.ca/cbb88c85db96058ff0c6946680359a4933/2214/14399134/1/Honda-CR_V Hybrid-2026.jpg'},{url:'https://imagescdn.d2cmedia.ca/s8b88c85db96058ff0c6946680359a4933/2214/14399134/1/Honda-CR_V_Hybrid-2026.jpg'},{url:'https://imagescdn.d2cmedia.ca/cbb88c85db96058ff0c6946680359a4933/2214/14399134/1/Honda-CR_V_Hybrid-2026.jpg'},{url:'https://imagescdn.d2cmedia.ca/cbb88c85db96058ff0c6946680359a4933/2214/14399134/2/Honda-CR_V_Hybrid-2026.jpg'},{url:'https://imagescdn.d2cmedia.ca/cbb88c85db96058ff0c6946680359a4933/2214/14399134/3/Honda-CR_V_Hybrid-2026.jpg'},{url:'https://imagescdn.d2cmedia.ca/cbb88c85db96058ff0c6946680359a4933/2214/14399134/4/Honda-CR_V_Hybrid-2026.jpg'},{url:'https://imagescdn.d2cmedia.ca/cbb88c85db96058ff0c6946680359a4933/2214/14399134/5/Honda-CR_V_Hybrid-2026.jpg'},{url:'https://imagescdn.d2cmedia.ca/cbb88c85db96058ff0c6946680359a4933/2214/14399134/6/Honda-CR_V_Hybrid-2026.jpg'},{url:'https://imagescdn.d2cmedia.ca/cbb88c85db96058ff0c6946680359a4933/2214/14399134/7/Honda-CR_V_Hybrid-2026.jpg'},{url:'https://imagescdn.d2cmedia.ca/cbb88c85db96058ff0c6946680359a4933/2214/14399134/8/Honda-CR_V_Hybrid-2026.jpg'}]",0,KM,https://www.castlehonda.ca/new/inventory/2026-Honda-CR_V_Hybrid-id14399134.html,2026 Honda CR-V Hybrid 4DR AWD EX-L at Castle Honda,51835 CAD,New,White,,2214,Castle Honda,+1-416-745-7060,"{addr1: '370 Rexdale Blvd.', city: 'Etobicoke', region: 'Ontario', postal_code: 'M9W 1R6', country: 'CA'}",43.7180000000,-79.5860000000,,,,,https://www.castlehonda.ca/privacy-policy.html,New,2214,In stock,,51835 CAD,Free,
2HKRS6H94TH235595,2HKRS6H94TH235595,26895-new,Honda,CR-V Hybrid,4DR AWD TOURING,2026,AUTOMATIC,SUV,HYBRID,,2026 Honda CR-V Hybrid 4DR AWD TOURING,"[{url:'https://carimages.d2cmedia.ca/newcarimages/en/cb6abd2b615f84b/Honda/CR-V Hybrid/2026/1200/477738-NERSIEFXRCBUT1VSSU5H/white/front45.png'},{url:'https://carimages.d2cmedia.ca/newcarimages/en/cb6abd2b615f84b/Honda/CR-V Hybrid/2026/1280/477738//front_45_degree.png'},{url:'https://carimages.d2cmedia.ca/newcarimages/en/cb6abd2b615f84b/Honda/CR-V Hybrid/2026/2100/477738//front_45_degree.png'},{url:'https://carimages.d2cmedia.ca/newcarimages/en/cb6abd2b615f84b/Honda/CR-V Hybrid/2026/2100/477738//profile.png'},{url:'https://carimages.d2cmedia.ca/newcarimages/en/cb6abd2b615f84b/Honda/CR-V Hybrid/2026/2100/477738//back_45_degree.png'},{url:'https://carimages.d2cmedia.ca/newcarimages/en/cb6abd2b615f84b/Honda/CR-V Hybrid/2026/2100/477738//driver_dashboard.png'},{url:'https://carimages.d2cmedia.ca/newcarimages/en/cb6abd2b615f84b/Honda/CR-V Hybrid/2026/2100/477738//full_dashboard.png'},{url:'https://carimages.d2cmedia.ca/newcarimages/en/cb6abd2b615f84b/Honda/CR-V Hybrid/2026/2100/477738//interior_driver_open_seat.png'},{url:'https://carimages.d2cmedia.ca/newcarimages/en/cb6abd2b615f84b/Honda/CR-V Hybrid/2026/2100/477738//interior_driver_stereo.png'},{url:'https://carimages.d2cmedia.ca/newcarimages/en/cb6abd2b615f84b/Honda/CR-V Hybrid/2026/2100/477738//interior_driver_reat_seats.png'}]",0,KM,https://www.castlehonda.ca/new/inventory/2026-Honda-CR_V_Hybrid-id13929578.html,2026 Honda CR-V Hybrid 4DR AWD TOURING at Castle Honda,54335 CAD,New,,,2214,Castle Honda,+1-416-745-7060,"{addr1: '370 Rexdale Blvd.', city: 'Etobicoke', region: 'Ontario', postal_code: 'M9W 1R6', country: 'CA'}",43.7180000000,-79.5860000000,,,,,https://www.castlehonda.ca/privacy-policy.html,New,2214,In stock,,54335 CAD,Free,
2HKRS6H93TH246393,2HKRS6H93TH246393,26972-new,Honda,CR-V Hybrid,4DR AWD TOURING,2026,AUTOMATIC,SUV,HYBRID,,"2026 Honda CR-V Hybrid 4DR AWD TOURING, White exterior","[{url:'https://imagescdn.d2cmedia.ca/cbf4d3b344b15fce4d3fdb6dffc33ae8bf/2214/14034699/1/Honda-CR_V Hybrid-2026.jpg'},{url:'https://imagescdn.d2cmedia.ca/s8f4d3b344b15fce4d3fdb6dffc33ae8bf/2214/14034699/1/Honda-CR_V_Hybrid-2026.jpg'},{url:'https://imagescdn.d2cmedia.ca/cbf4d3b344b15fce4d3fdb6dffc33ae8bf/2214/14034699/1/Honda-CR_V_Hybrid-2026.jpg'},{url:'https://imagescdn.d2cmedia.ca/cbf4d3b344b15fce4d3fdb6dffc33ae8bf/2214/14034699/2/Honda-CR_V_Hybrid-2026.jpg'},{url:'https://imagescdn.d2cmedia.ca/cbf4d3b344b15fce4d3fdb6dffc33ae8bf/2214/14034699/3/Honda-CR_V_Hybrid-2026.jpg'},{url:'https://imagescdn.d2cmedia.ca/cbf4d3b344b15fce4d3fdb6dffc33ae8bf/2214/14034699/4/Honda-CR_V_Hybrid-2026.jpg'},{url:'https://imagescdn.d2cmedia.ca/cbf4d3b344b15fce4d3fdb6dffc33ae8bf/2214/14034699/5/Honda-CR_V_Hybrid-2026.jpg'},{url:'https://imagescdn.d2cmedia.ca/cbf4d3b344b15fce4d3fdb6dffc33ae8bf/2214/14034699/6/Honda-CR_V_Hybrid-2026.jpg'},{url:'https://imagescdn.d2cmedia.ca/cbf4d3b344b15fce4d3fdb6dffc33ae8bf/2214/14034699/7/Honda-CR_V_Hybrid-2026.jpg'},{url:'https://imagescdn.d2cmedia.ca/cbf4d3b344b15fce4d3fdb6dffc33ae8bf/2214/14034699/8/Honda-CR_V_Hybrid-2026.jpg'}]",0,KM,https://www.castlehonda.ca/new/inventory/2026-Honda-CR_V_Hybrid-id14034699.html,2026 Honda CR-V Hybrid 4DR AWD TOURING at Castle Honda,54335 CAD,New,White,,2214,Castle Honda,+1-416-745-7060,"{addr1: '370 Rexdale Blvd.', city: 'Etobicoke', region: 'Ontario', postal_code: 'M9W 1R6', country: 'CA'}",43.7180000000,-79.5860000000,,,,,https://www.castlehonda.ca/privacy-policy.html,New,2214,In stock,,54335 CAD,Free,
2HKRS6H97TH246395,2HKRS6H97TH246395,26973-new,Honda,CR-V Hybrid,4DR AWD TOURING,2026,AUTOMATIC,SUV,HYBRID,,"2026 Honda CR-V Hybrid 4DR AWD TOURING, White exterior","[{url:'https://imagescdn.d2cmedia.ca/cbfadf47128b521feb2be40a85e184e6db/2214/14034700/1/Honda-CR_V Hybrid-2026.jpg'},{url:'https://imagescdn.d2cmedia.ca/s8fadf47128b521feb2be40a85e184e6db/2214/14034700/1/Honda-CR_V_Hybrid-2026.jpg'},{url:'https://imagescdn.d2cmedia.ca/cbfadf47128b521feb2be40a85e184e6db/2214/14034700/1/Honda-CR_V_Hybrid-2026.jpg'},{url:'https://imagescdn.d2cmedia.ca/cbfadf47128b521feb2be40a85e184e6db/2214/14034700/2/Honda-CR_V_Hybrid-2026.jpg'},{url:'https://imagescdn.d2cmedia.ca/cbfadf47128b521feb2be40a85e184e6db/2214/14034700/3/Honda-CR_V_Hybrid-2026.jpg'},{url:'https://imagescdn.d2cmedia.ca/cbfadf47128b521feb2be40a85e184e6db/2214/14034700/4/Honda-CR_V_Hybrid-2026.jpg'},{url:'https://imagescdn.d2cmedia.ca/cbfadf47128b521feb2be40a85e184e6db/2214/14034700/5/Honda-CR_V_Hybrid-2026.jpg'},{url:'https://imagescdn.d2cmedia.ca/cbfadf47128b521feb2be40a85e184e6db/2214/14034700/6/Honda-CR_V_Hybrid-2026.jpg'},{url:'https://imagescdn.d2cmedia.ca/cbfadf47128b521feb2be40a85e184e6db/2214/14034700/7/Honda-CR_V_Hybrid-2026.jpg'},{url:'https://imagescdn.d2cmedia.ca/cbfadf47128b521feb2be40a85e184e6db/2214/14034700/8/Honda-CR_V_Hybrid-2026.jpg'}]",0,KM,https://www.castlehonda.ca/new/inventory/2026-Honda-CR_V_Hybrid-id14034700.html,2026 Honda CR-V Hybrid 4DR AWD TOURING at Castle Honda,54335 CAD,New,White,,2214,Castle Honda,+1-416-745-7060,"{addr1: '370 Rexdale Blvd.', city: 'Etobicoke', region: 'Ontario', postal_code: 'M9W 1R6', country: 'CA'}",43.7180000000,-79.5860000000,,,,,https://www.castlehonda.ca/privacy-policy.html,New,2214,In stock,,54335 CAD,Free,
2HKRS6H95TH250204,2HKRS6H95TH250204,261027-new,Honda,CR-V Hybrid,4DR AWD TOURING,2026,AUTOMATIC,SUV,HYBRID,,"2026 Honda CR-V Hybrid 4DR AWD TOURING, White exterior","[{url:'https://imagescdn.d2cmedia.ca/cb9af3469ae29ecc2fe8d81cc656e09143/2214/14189711/1/Honda-CR_V Hybrid-2026.jpg'},{url:'https://imagescdn.d2cmedia.ca/s89af3469ae29ecc2fe8d81cc656e09143/2214/14189711/1/Honda-CR_V_Hybrid-2026.jpg'},{url:'https://imagescdn.d2cmedia.ca/cb9af3469ae29ecc2fe8d81cc656e09143/2214/14189711/1/Honda-CR_V_Hybrid-2026.jpg'},{url:'https://imagescdn.d2cmedia.ca/cb9af3469ae29ecc2fe8d81cc656e09143/2214/14189711/2/Honda-CR_V_Hybrid-2026.jpg'},{url:'https://imagescdn.d2cmedia.ca/cb9af3469ae29ecc2fe8d81cc656e09143/2214/14189711/3/Honda-CR_V_Hybrid-2026.jpg'},{url:'https://imagescdn.d2cmedia.ca/cb9af3469ae29ecc2fe8d81cc656e09143/2214/14189711/4/Honda-CR_V_Hybrid-2026.jpg'},{url:'https://imagescdn.d2cmedia.ca/cb9af3469ae29ecc2fe8d81cc656e09143/2214/14189711/5/Honda-CR_V_Hybrid-2026.jpg'},{url:'https://imagescdn.d2cmedia.ca/cb9af3469ae29ecc2fe8d81cc656e09143/2214/14189711/6/Honda-CR_V_Hybrid-2026.jpg'},{url:'https://imagescdn.d2cmedia.ca/cb9af3469ae29ecc2fe8d81cc656e09143/2214/14189711/7/Honda-CR_V_Hybrid-2026.jpg'},{url:'https://imagescdn.d2cmedia.ca/cb9af3469ae29ecc2fe8d81cc656e09143/2214/14189711/8/Honda-CR_V_Hybrid-2026.jpg'}]",0,KM,https://www.castlehonda.ca/new/inventory/2026-Honda-CR_V_Hybrid-id14189711.html,2026 Honda CR-V Hybrid 4DR AWD TOURING at Castle Honda,54335 CAD,New,White,,2214,Castle Honda,+1-416-745-7060,"{addr1: '370 Rexdale Blvd.', city: 'Etobicoke', region: 'Ontario', postal_code: 'M9W 1R6', country: 'CA'}",43.7180000000,-79.5860000000,,,,,https://www.castlehonda.ca/privacy-policy.html,New,2214,In stock,,54335 CAD,Free,
2HKRS6H90TH250207,2HKRS6H90TH250207,261028-new,Honda,CR-V Hybrid,4DR AWD TOURING,2026,AUTOMATIC,SUV,HYBRID,,"2026 Honda CR-V Hybrid 4DR AWD TOURING, White exterior","[{url:'https://imagescdn.d2cmedia.ca/cb7208376d86b81aa231ca467f1313622e/2214/14189712/1/Honda-CR_V Hybrid-2026.jpg'},{url:'https://imagescdn.d2cmedia.ca/s87208376d86b81aa231ca467f1313622e/2214/14189712/1/Honda-CR_V_Hybrid-2026.jpg'},{url:'https://imagescdn.d2cmedia.ca/cb7208376d86b81aa231ca467f1313622e/2214/14189712/1/Honda-CR_V_Hybrid-2026.jpg'},{url:'https://imagescdn.d2cmedia.ca/cb7208376d86b81aa231ca467f1313622e/2214/14189712/2/Honda-CR_V_Hybrid-2026.jpg'},{url:'https://imagescdn.d2cmedia.ca/cb7208376d86b81aa231ca467f1313622e/2214/14189712/3/Honda-CR_V_Hybrid-2026.jpg'},{url:'https://imagescdn.d2cmedia.ca/cb7208376d86b81aa231ca467f1313622e/2214/14189712/4/Honda-CR_V_Hybrid-2026.jpg'},{url:'https://imagescdn.d2cmedia.ca/cb7208376d86b81aa231ca467f1313622e/2214/14189712/5/Honda-CR_V_Hybrid-2026.jpg'},{url:'https://imagescdn.d2cmedia.ca/cb7208376d86b81aa231ca467f1313622e/2214/14189712/6/Honda-CR_V_Hybrid-2026.jpg'},{url:'https://imagescdn.d2cmedia.ca/cb7208376d86b81aa231ca467f1313622e/2214/14189712/7/Honda-CR_V_Hybrid-2026.jpg'},{url:'https://imagescdn.d2cmedia.ca/cb7208376d86b81aa231ca467f1313622e/2214/14189712/8/Honda-CR_V_Hybrid-2026.jpg'}]",0,KM,https://www.castlehonda.ca/new/inventory/2026-Honda-CR_V_Hybrid-id14189712.html,2026 Honda CR-V Hybrid 4DR AWD TOURING at Castle Honda,54335 CAD,New,White,,2214,Castle Honda,+1-416-745-7060,"{addr1: '370 Rexdale Blvd.', city: 'Etobicoke', region: 'Ontario', postal_code: 'M9W 1R6', country: 'CA'}",43.7180000000,-79.5860000000,,,,,https://www.castlehonda.ca/privacy-policy.html,New,2214,In stock,,54335 CAD,Free,
2HKRS6H93TH244210,2HKRS6H93TH244210,261035-new,Honda,CR-V Hybrid,4DR AWD TOURING,2026,AUTOMATIC,SUV,HYBRID,,"2026 Honda CR-V Hybrid 4DR AWD TOURING, SOLAR REFLECTIO exterior","[{url:'https://imagescdn.d2cmedia.ca/cb87e481c444d2b01717af7bf546687250/2214/14231717/1/Honda-CR_V Hybrid-2026.jpg'},{url:'https://imagescdn.d2cmedia.ca/s887e481c444d2b01717af7bf546687250/2214/14231717/1/Honda-CR_V_Hybrid-2026.jpg'},{url:'https://imagescdn.d2cmedia.ca/cb87e481c444d2b01717af7bf546687250/2214/14231717/1/Honda-CR_V_Hybrid-2026.jpg'},{url:'https://imagescdn.d2cmedia.ca/cb87e481c444d2b01717af7bf546687250/2214/14231717/2/Honda-CR_V_Hybrid-2026.jpg'},{url:'https://imagescdn.d2cmedia.ca/cb87e481c444d2b01717af7bf546687250/2214/14231717/3/Honda-CR_V_Hybrid-2026.jpg'},{url:'https://imagescdn.d2cmedia.ca/cb87e481c444d2b01717af7bf546687250/2214/14231717/4/Honda-CR_V_Hybrid-2026.jpg'},{url:'https://imagescdn.d2cmedia.ca/cb87e481c444d2b01717af7bf546687250/2214/14231717/5/Honda-CR_V_Hybrid-2026.jpg'},{url:'https://imagescdn.d2cmedia.ca/cb87e481c444d2b01717af7bf546687250/2214/14231717/6/Honda-CR_V_Hybrid-2026.jpg'},{url:'https://imagescdn.d2cmedia.ca/cb87e481c444d2b01717af7bf546687250/2214/14231717/7/Honda-CR_V_Hybrid-2026.jpg'},{url:'https://imagescdn.d2cmedia.ca/cb87e481c444d2b01717af7bf546687250/2214/14231717/8/Honda-CR_V_Hybrid-2026.jpg'}]",0,KM,https://www.castlehonda.ca/new/inventory/2026-Honda-CR_V_Hybrid-id14231717.html,2026 Honda CR-V Hybrid 4DR AWD TOURING at Castle Honda,54335 CAD,New,SOLAR REFLECTIO,,2214,Castle Honda,+1-416-745-7060,"{addr1: '370 Rexdale Blvd.', city: 'Etobicoke', region: 'Ontario', postal_code: 'M9W 1R6', country: 'CA'}",43.7180000000,-79.5860000000,,,,,https://www.castlehonda.ca/privacy-policy.html,New,2214,In stock,,54335 CAD,Free,
2HKRS6H98TH250438,2HKRS6H98TH250438,261045-new,Honda,CR-V Hybrid,4DR AWD TOURING,2026,AUTOMATIC,SUV,HYBRID,,"2026 Honda CR-V Hybrid 4DR AWD TOURING, Black exterior","[{url:'https://imagescdn.d2cmedia.ca/cb1af3d43f4485b144dc53c34f404d4e59/2214/14231727/1/Honda-CR_V Hybrid-2026.jpg'},{url:'https://imagescdn.d2cmedia.ca/s81af3d43f4485b144dc53c34f404d4e59/2214/14231727/1/Honda-CR_V_Hybrid-2026.jpg'},{url:'https://imagescdn.d2cmedia.ca/cb1af3d43f4485b144dc53c34f404d4e59/2214/14231727/1/Honda-CR_V_Hybrid-2026.jpg'},{url:'https://imagescdn.d2cmedia.ca/cb1af3d43f4485b144dc53c34f404d4e59/2214/14231727/2/Honda-CR_V_Hybrid-2026.jpg'},{url:'https://imagescdn.d2cmedia.ca/cb1af3d43f4485b144dc53c34f404d4e59/2214/14231727/3/Honda-CR_V_Hybrid-2026.jpg'},{url:'https://imagescdn.d2cmedia.ca/cb1af3d43f4485b144dc53c34f404d4e59/2214/14231727/4/Honda-CR_V_Hybrid-2026.jpg'},{url:'https://imagescdn.d2cmedia.ca/cb1af3d43f4485b144dc53c34f404d4e59/2214/14231727/5/Honda-CR_V_Hybrid-2026.jpg'},{url:'https://imagescdn.d2cmedia.ca/cb1af3d43f4485b144dc53c34f404d4e59/2214/14231727/6/Honda-CR_V_Hybrid-2026.jpg'},{url:'https://imagescdn.d2cmedia.ca/cb1af3d43f4485b144dc53c34f404d4e59/2214/14231727/7/Honda-CR_V_Hybrid-2026.jpg'},{url:'https://imagescdn.d2cmedia.ca/cb1af3d43f4485b144dc53c34f404d4e59/2214/14231727/8/Honda-CR_V_Hybrid-2026.jpg'}]",0,KM,https://www.castlehonda.ca/new/inventory/2026-Honda-CR_V_Hybrid-id14231727.html,2026 Honda CR-V Hybrid 4DR AWD TOURING at Castle Honda,54335 CAD,New,Black,,2214,Castle Honda,+1-416-745-7060,"{addr1: '370 Rexdale Blvd.', city: 'Etobicoke', region: 'Ontario', postal_code: 'M9W 1R6', country: 'CA'}",43.7180000000,-79.5860000000,,,,,https://www.castlehonda.ca/privacy-policy.html,New,2214,In stock,,54335 CAD,Free,
2HKRS6H94TH252039,2HKRS6H94TH252039,261070-new,Honda,CR-V Hybrid,4DR AWD TOURING,2026,AUTOMATIC,SUV,HYBRID,,"2026 Honda CR-V Hybrid 4DR AWD TOURING, SOLAR REFLECTIO exterior","[{url:'https://imagescdn.d2cmedia.ca/cb96c959b566ab2c3f0798a518870918af/2214/14273121/1/Honda-CR_V Hybrid-2026.jpg'},{url:'https://imagescdn.d2cmedia.ca/s896c959b566ab2c3f0798a518870918af/2214/14273121/1/Honda-CR_V_Hybrid-2026.jpg'},{url:'https://imagescdn.d2cmedia.ca/cb96c959b566ab2c3f0798a518870918af/2214/14273121/1/Honda-CR_V_Hybrid-2026.jpg'},{url:'https://imagescdn.d2cmedia.ca/cb96c959b566ab2c3f0798a518870918af/2214/14273121/2/Honda-CR_V_Hybrid-2026.jpg'},{url:'https://imagescdn.d2cmedia.ca/cb96c959b566ab2c3f0798a518870918af/2214/14273121/3/Honda-CR_V_Hybrid-2026.jpg'},{url:'https://imagescdn.d2cmedia.ca/cb96c959b566ab2c3f0798a518870918af/2214/14273121/4/Honda-CR_V_Hybrid-2026.jpg'},{url:'https://imagescdn.d2cmedia.ca/cb96c959b566ab2c3f0798a518870918af/2214/14273121/5/Honda-CR_V_Hybrid-2026.jpg'},{url:'https://imagescdn.d2cmedia.ca/cb96c959b566ab2c3f0798a518870918af/2214/14273121/6/Honda-CR_V_Hybrid-2026.jpg'},{url:'https://imagescdn.d2cmedia.ca/cb96c959b566ab2c3f0798a518870918af/2214/14273121/7/Honda-CR_V_Hybrid-2026.jpg'},{url:'https://imagescdn.d2cmedia.ca/cb96c959b566ab2c3f0798a518870918af/2214/14273121/8/Honda-CR_V_Hybrid-2026.jpg'}]",0,KM,https://www.castlehonda.ca/new/inventory/2026-Honda-CR_V_Hybrid-id14273121.html,2026 Honda CR-V Hybrid 4DR AWD TOURING at Castle Honda,54335 CAD,New,SOLAR REFLECTIO,,2214,Castle Honda,+1-416-745-7060,"{addr1: '370 Rexdale Blvd.', city: 'Etobicoke', region: 'Ontario', postal_code: 'M9W 1R6', country: 'CA'}",43.7180000000,-79.5860000000,,,,,https://www.castlehonda.ca/privacy-policy.html,New,2214,In stock,,54335 CAD,Free,
2HKRS6H98TH252206,2HKRS6H98TH252206,261089-new,Honda,CR-V Hybrid,4DR AWD TOURING,2026,AUTOMATIC,SUV,HYBRID,,"2026 Honda CR-V Hybrid 4DR AWD TOURING, White exterior","[{url:'https://imagescdn.d2cmedia.ca/cbe91bb039614389292d249988bbb5297c/2214/14287298/1/Honda-CR_V Hybrid-2026.jpg'},{url:'https://imagescdn.d2cmedia.ca/s8e91bb039614389292d249988bbb5297c/2214/14287298/1/Honda-CR_V_Hybrid-2026.jpg'},{url:'https://imagescdn.d2cmedia.ca/cbe91bb039614389292d249988bbb5297c/2214/14287298/1/Honda-CR_V_Hybrid-2026.jpg'},{url:'https://imagescdn.d2cmedia.ca/cbe91bb039614389292d249988bbb5297c/2214/14287298/2/Honda-CR_V_Hybrid-2026.jpg'},{url:'https://imagescdn.d2cmedia.ca/cbe91bb039614389292d249988bbb5297c/2214/14287298/3/Honda-CR_V_Hybrid-2026.jpg'},{url:'https://imagescdn.d2cmedia.ca/cbe91bb039614389292d249988bbb5297c/2214/14287298/4/Honda-CR_V_Hybrid-2026.jpg'},{url:'https://imagescdn.d2cmedia.ca/cbe91bb039614389292d249988bbb5297c/2214/14287298/5/Honda-CR_V_Hybrid-2026.jpg'},{url:'https://imagescdn.d2cmedia.ca/cbe91bb039614389292d249988bbb5297c/2214/14287298/6/Honda-CR_V_Hybrid-2026.jpg'},{url:'https://imagescdn.d2cmedia.ca/cbe91bb039614389292d249988bbb5297c/2214/14287298/7/Honda-CR_V_Hybrid-2026.jpg'},{url:'https://imagescdn.d2cmedia.ca/cbe91bb039614389292d249988bbb5297c/2214/14287298/8/Honda-CR_V_Hybrid-2026.jpg'}]",0,KM,https://www.castlehonda.ca/new/inventory/2026-Honda-CR_V_Hybrid-id14287298.html,2026 Honda CR-V Hybrid 4DR AWD TOURING at Castle Honda,54335 CAD,New,White,,2214,Castle Honda,+1-416-745-7060,"{addr1: '370 Rexdale Blvd.', city: 'Etobicoke', region: 'Ontario', postal_code: 'M9W 1R6', country: 'CA'}",43.7180000000,-79.5860000000,,,,,https://www.castlehonda.ca/privacy-policy.html,New,2214,In stock,,54335 CAD,Free,
2HKRS6H95TH252230,2HKRS6H95TH252230,261090-new,Honda,CR-V Hybrid,4DR AWD TOURING,2026,AUTOMATIC,SUV,HYBRID,,"2026 Honda CR-V Hybrid 4DR AWD TOURING, White exterior","[{url:'https://imagescdn.d2cmedia.ca/cb0a81e431eef73799873de59869eecf84/2214/14287299/1/Honda-CR_V Hybrid-2026.jpg'},{url:'https://imagescdn.d2cmedia.ca/s80a81e431eef73799873de59869eecf84/2214/14287299/1/Honda-CR_V_Hybrid-2026.jpg'},{url:'https://imagescdn.d2cmedia.ca/cb0a81e431eef73799873de59869eecf84/2214/14287299/1/Honda-CR_V_Hybrid-2026.jpg'},{url:'https://imagescdn.d2cmedia.ca/cb0a81e431eef73799873de59869eecf84/2214/14287299/2/Honda-CR_V_Hybrid-2026.jpg'},{url:'https://imagescdn.d2cmedia.ca/cb0a81e431eef73799873de59869eecf84/2214/14287299/3/Honda-CR_V_Hybrid-2026.jpg'},{url:'https://imagescdn.d2cmedia.ca/cb0a81e431eef73799873de59869eecf84/2214/14287299/4/Honda-CR_V_Hybrid-2026.jpg'},{url:'https://imagescdn.d2cmedia.ca/cb0a81e431eef73799873de59869eecf84/2214/14287299/5/Honda-CR_V_Hybrid-2026.jpg'},{url:'https://imagescdn.d2cmedia.ca/cb0a81e431eef73799873de59869eecf84/2214/14287299/6/Honda-CR_V_Hybrid-2026.jpg'},{url:'https://imagescdn.d2cmedia.ca/cb0a81e431eef73799873de59869eecf84/2214/14287299/7/Honda-CR_V_Hybrid-2026.jpg'},{url:'https://imagescdn.d2cmedia.ca/cb0a81e431eef73799873de59869eecf84/2214/14287299/8/Honda-CR_V_Hybrid-2026.jpg'}]",0,KM,https://www.castlehonda.ca/new/inventory/2026-Honda-CR_V_Hybrid-id14287299.html,2026 Honda CR-V Hybrid 4DR AWD TOURING at Castle Honda,54335 CAD,New,White,,2214,Castle Honda,+1-416-745-7060,"{addr1: '370 Rexdale Blvd.', city: 'Etobicoke', region: 'Ontario', postal_code: 'M9W 1R6', country: 'CA'}",43.7180000000,-79.5860000000,,,,,https://www.castlehonda.ca/privacy-policy.html,New,2214,In stock,,54335 CAD,Free,
2HKRS6H99TH252179,2HKRS6H99TH252179,261091-new,Honda,CR-V Hybrid,4DR AWD TOURING,2026,AUTOMATIC,SUV,HYBRID,,"2026 Honda CR-V Hybrid 4DR AWD TOURING, White exterior","[{url:'https://imagescdn.d2cmedia.ca/cb3f4a0e21741c7927d2b2da49cde330d5/2214/14287300/1/Honda-CR_V Hybrid-2026.jpg'},{url:'https://imagescdn.d2cmedia.ca/s83f4a0e21741c7927d2b2da49cde330d5/2214/14287300/1/Honda-CR_V_Hybrid-2026.jpg'},{url:'https://imagescdn.d2cmedia.ca/cb3f4a0e21741c7927d2b2da49cde330d5/2214/14287300/1/Honda-CR_V_Hybrid-2026.jpg'},{url:'https://imagescdn.d2cmedia.ca/cb3f4a0e21741c7927d2b2da49cde330d5/2214/14287300/2/Honda-CR_V_Hybrid-2026.jpg'},{url:'https://imagescdn.d2cmedia.ca/cb3f4a0e21741c7927d2b2da49cde330d5/2214/14287300/3/Honda-CR_V_Hybrid-2026.jpg'},{url:'https://imagescdn.d2cmedia.ca/cb3f4a0e21741c7927d2b2da49cde330d5/2214/14287300/4/Honda-CR_V_Hybrid-2026.jpg'},{url:'https://imagescdn.d2cmedia.ca/cb3f4a0e21741c7927d2b2da49cde330d5/2214/14287300/5/Honda-CR_V_Hybrid-2026.jpg'},{url:'https://imagescdn.d2cmedia.ca/cb3f4a0e21741c7927d2b2da49cde330d5/2214/14287300/6/Honda-CR_V_Hybrid-2026.jpg'},{url:'https://imagescdn.d2cmedia.ca/cb3f4a0e21741c7927d2b2da49cde330d5/2214/14287300/7/Honda-CR_V_Hybrid-2026.jpg'},{url:'https://imagescdn.d2cmedia.ca/cb3f4a0e21741c7927d2b2da49cde330d5/2214/14287300/8/Honda-CR_V_Hybrid-2026.jpg'}]",0,KM,https://www.castlehonda.ca/new/inventory/2026-Honda-CR_V_Hybrid-id14287300.html,2026 Honda CR-V Hybrid 4DR AWD TOURING at Castle Honda,54335 CAD,New,White,,2214,Castle Honda,+1-416-745-7060,"{addr1: '370 Rexdale Blvd.', city: 'Etobicoke', region: 'Ontario', postal_code: 'M9W 1R6', country: 'CA'}",43.7180000000,-79.5860000000,,,,,https://www.castlehonda.ca/privacy-policy.html,New,2214,In stock,,54335 CAD,Free,
2HKRS6H98TH252190,2HKRS6H98TH252190,261106-new,Honda,CR-V Hybrid,4DR AWD TOURING,2026,AUTOMATIC,SUV,HYBRID,,"2026 Honda CR-V Hybrid 4DR AWD TOURING, White exterior","[{url:'https://imagescdn.d2cmedia.ca/cbf85de55eab3269f9373deeae1daac616/2214/14341504/1/Honda-CR_V Hybrid-2026.jpg'},{url:'https://imagescdn.d2cmedia.ca/s8f85de55eab3269f9373deeae1daac616/2214/14341504/1/Honda-CR_V_Hybrid-2026.jpg'},{url:'https://imagescdn.d2cmedia.ca/cbf85de55eab3269f9373deeae1daac616/2214/14341504/1/Honda-CR_V_Hybrid-2026.jpg'},{url:'https://imagescdn.d2cmedia.ca/cbf85de55eab3269f9373deeae1daac616/2214/14341504/2/Honda-CR_V_Hybrid-2026.jpg'},{url:'https://imagescdn.d2cmedia.ca/cbf85de55eab3269f9373deeae1daac616/2214/14341504/3/Honda-CR_V_Hybrid-2026.jpg'},{url:'https://imagescdn.d2cmedia.ca/cbf85de55eab3269f9373deeae1daac616/2214/14341504/4/Honda-CR_V_Hybrid-2026.jpg'},{url:'https://imagescdn.d2cmedia.ca/cbf85de55eab3269f9373deeae1daac616/2214/14341504/5/Honda-CR_V_Hybrid-2026.jpg'},{url:'https://imagescdn.d2cmedia.ca/cbf85de55eab3269f9373deeae1daac616/2214/14341504/6/Honda-CR_V_Hybrid-2026.jpg'},{url:'https://imagescdn.d2cmedia.ca/cbf85de55eab3269f9373deeae1daac616/2214/14341504/7/Honda-CR_V_Hybrid-2026.jpg'},{url:'https://imagescdn.d2cmedia.ca/cbf85de55eab3269f9373deeae1daac616/2214/14341504/8/Honda-CR_V_Hybrid-2026.jpg'}]",0,KM,https://www.castlehonda.ca/new/inventory/2026-Honda-CR_V_Hybrid-id14341504.html,2026 Honda CR-V Hybrid 4DR AWD TOURING at Castle Honda,54335 CAD,New,White,,2214,Castle Honda,+1-416-745-7060,"{addr1: '370 Rexdale Blvd.', city: 'Etobicoke', region: 'Ontario', postal_code: 'M9W 1R6', country: 'CA'}",43.7180000000,-79.5860000000,,,,,https://www.castlehonda.ca/privacy-policy.html,New,2214,In stock,,54335 CAD,Free,
2HKRS6H91TH251253,2HKRS6H91TH251253,261124-new,Honda,CR-V Hybrid,4DR AWD TOURING,2026,AUTOMATIC,SUV,HYBRID,,"2026 Honda CR-V Hybrid 4DR AWD TOURING, Black exterior","[{url:'https://imagescdn.d2cmedia.ca/cb13d4e103ba83591108b54efde3b29165/2214/14413972/1/Honda-CR_V Hybrid-2026.jpg'},{url:'https://imagescdn.d2cmedia.ca/s813d4e103ba83591108b54efde3b29165/2214/14413972/1/Honda-CR_V_Hybrid-2026.jpg'},{url:'https://imagescdn.d2cmedia.ca/cb13d4e103ba83591108b54efde3b29165/2214/14413972/1/Honda-CR_V_Hybrid-2026.jpg'},{url:'https://imagescdn.d2cmedia.ca/cb13d4e103ba83591108b54efde3b29165/2214/14413972/2/Honda-CR_V_Hybrid-2026.jpg'},{url:'https://imagescdn.d2cmedia.ca/cb13d4e103ba83591108b54efde3b29165/2214/14413972/3/Honda-CR_V_Hybrid-2026.jpg'},{url:'https://imagescdn.d2cmedia.ca/cb13d4e103ba83591108b54efde3b29165/2214/14413972/4/Honda-CR_V_Hybrid-2026.jpg'},{url:'https://imagescdn.d2cmedia.ca/cb13d4e103ba83591108b54efde3b29165/2214/14413972/5/Honda-CR_V_Hybrid-2026.jpg'},{url:'https://imagescdn.d2cmedia.ca/cb13d4e103ba83591108b54efde3b29165/2214/14413972/6/Honda-CR_V_Hybrid-2026.jpg'},{url:'https://imagescdn.d2cmedia.ca/cb13d4e103ba83591108b54efde3b29165/2214/14413972/7/Honda-CR_V_Hybrid-2026.jpg'},{url:'https://imagescdn.d2cmedia.ca/cb13d4e103ba83591108b54efde3b29165/2214/14413972/8/Honda-CR_V_Hybrid-2026.jpg'}]",0,KM,https://www.castlehonda.ca/new/inventory/2026-Honda-CR_V_Hybrid-id14413972.html,2026 Honda CR-V Hybrid 4DR AWD TOURING at Castle Honda,54335 CAD,New,Black,,2214,Castle Honda,+1-416-745-7060,"{addr1: '370 Rexdale Blvd.', city: 'Etobicoke', region: 'Ontario', postal_code: 'M9W 1R6', country: 'CA'}",43.7180000000,-79.5860000000,,,,,https://www.castlehonda.ca/privacy-policy.html,New,2214,In stock,,54335 CAD,Free,
2HKRS6H92TH252640,2HKRS6H92TH252640,261126-new,Honda,CR-V Hybrid,4DR AWD TOURING,2026,AUTOMATIC,SUV,HYBRID,,"2026 Honda CR-V Hybrid 4DR AWD TOURING, Black exterior","[{url:'https://imagescdn.d2cmedia.ca/cbfe074e0cea730d7d529dcacfb74ca36d/2214/14413973/1/Honda-CR_V Hybrid-2026.jpg'},{url:'https://imagescdn.d2cmedia.ca/s8fe074e0cea730d7d529dcacfb74ca36d/2214/14413973/1/Honda-CR_V_Hybrid-2026.jpg'},{url:'https://imagescdn.d2cmedia.ca/cbfe074e0cea730d7d529dcacfb74ca36d/2214/14413973/1/Honda-CR_V_Hybrid-2026.jpg'},{url:'https://imagescdn.d2cmedia.ca/cbfe074e0cea730d7d529dcacfb74ca36d/2214/14413973/2/Honda-CR_V_Hybrid-2026.jpg'},{url:'https://imagescdn.d2cmedia.ca/cbfe074e0cea730d7d529dcacfb74ca36d/2214/14413973/3/Honda-CR_V_Hybrid-2026.jpg'},{url:'https://imagescdn.d2cmedia.ca/cbfe074e0cea730d7d529dcacfb74ca36d/2214/14413973/4/Honda-CR_V_Hybrid-2026.jpg'},{url:'https://imagescdn.d2cmedia.ca/cbfe074e0cea730d7d529dcacfb74ca36d/2214/14413973/5/Honda-CR_V_Hybrid-2026.jpg'},{url:'https://imagescdn.d2cmedia.ca/cbfe074e0cea730d7d529dcacfb74ca36d/2214/14413973/6/Honda-CR_V_Hybrid-2026.jpg'},{url:'https://imagescdn.d2cmedia.ca/cbfe074e0cea730d7d529dcacfb74ca36d/2214/14413973/7/Honda-CR_V_Hybrid-2026.jpg'},{url:'https://imagescdn.d2cmedia.ca/cbfe074e0cea730d7d529dcacfb74ca36d/2214/14413973/8/Honda-CR_V_Hybrid-2026.jpg'}]",0,KM,https://www.castlehonda.ca/new/inventory/2026-Honda-CR_V_Hybrid-id14413973.html,2026 Honda CR-V Hybrid 4DR AWD TOURING at Castle Honda,54335 CAD,New,Black,,2214,Castle Honda,+1-416-745-7060,"{addr1: '370 Rexdale Blvd.', city: 'Etobicoke', region: 'Ontario', postal_code: 'M9W 1R6', country: 'CA'}",43.7180000000,-79.5860000000,,,,,https://www.castlehonda.ca/privacy-policy.html,New,2214,In stock,,54335 CAD,Free,
5FNYG1H76TB502331,5FNYG1H76TB502331,26720-new,Honda,Pilot,4DR AWD TOURING,2026,AUTOMATIC,SUV,GASOLINE,,"2026 Honda Pilot 4DR AWD TOURING, White exterior","[{url:'https://imagescdn.d2cmedia.ca/cbaedf9f9b9f9e6f4572f9f97d6328a056/2214/13693957/1/Honda-Pilot-2026.jpg'},{url:'https://imagescdn.d2cmedia.ca/s8aedf9f9b9f9e6f4572f9f97d6328a056/2214/13693957/1/Honda-Pilot-2026.jpg'},{url:'https://imagescdn.d2cmedia.ca/cbaedf9f9b9f9e6f4572f9f97d6328a056/2214/13693957/2/Honda-Pilot-2026.jpg'},{url:'https://imagescdn.d2cmedia.ca/cbaedf9f9b9f9e6f4572f9f97d6328a056/2214/13693957/3/Honda-Pilot-2026.jpg'},{url:'https://imagescdn.d2cmedia.ca/cbaedf9f9b9f9e6f4572f9f97d6328a056/2214/13693957/4/Honda-Pilot-2026.jpg'},{url:'https://imagescdn.d2cmedia.ca/cbaedf9f9b9f9e6f4572f9f97d6328a056/2214/13693957/5/Honda-Pilot-2026.jpg'},{url:'https://imagescdn.d2cmedia.ca/cbaedf9f9b9f9e6f4572f9f97d6328a056/2214/13693957/6/Honda-Pilot-2026.jpg'},{url:'https://imagescdn.d2cmedia.ca/cbaedf9f9b9f9e6f4572f9f97d6328a056/2214/13693957/7/Honda-Pilot-2026.jpg'},{url:'https://imagescdn.d2cmedia.ca/cbaedf9f9b9f9e6f4572f9f97d6328a056/2214/13693957/8/Honda-Pilot-2026.jpg'},{url:'https://imagescdn.d2cmedia.ca/cbaedf9f9b9f9e6f4572f9f97d6328a056/2214/13693957/9/Honda-Pilot-2026.jpg'}]",0,KM,https://www.castlehonda.ca/new/inventory/2026-Honda-Pilot-id13693957.html,2026 Honda Pilot 4DR AWD TOURING at Castle Honda,68045 CAD,New,White,,2214,Castle Honda,+1-416-745-7060,"{addr1: '370 Rexdale Blvd.', city: 'Etobicoke', region: 'Ontario', postal_code: 'M9W 1R6', country: 'CA'}",43.7180000000,-79.5860000000,,,,,https://www.castlehonda.ca/privacy-policy.html,New,2214,In stock,,68045 CAD,Free,
5FNYG1H79TB503277,5FNYG1H79TB503277,26941-new,Honda,Pilot,4DR AWD TOURING,2026,AUTOMATIC,SUV,GASOLINE,,2026 Honda Pilot 4DR AWD TOURING,"[{url:'https://carimages.d2cmedia.ca/newcarimages/en/cb6abd2b615f84b/Honda/Pilot/2026/1200/483165-NERSIEFXRCBUT1VSSU5H/white/front45.png'},{url:'https://carimages.d2cmedia.ca/newcarimages/en/cb6abd2b615f84b/Honda/Pilot/2026/1280/483165//front_45_degree.png'},{url:'https://carimages.d2cmedia.ca/newcarimages/en/cb6abd2b615f84b/Honda/Pilot/2026/2100/483165//front_45_degree.png'},{url:'https://carimages.d2cmedia.ca/newcarimages/en/cb6abd2b615f84b/Honda/Pilot/2026/2100/483165//profile.png'},{url:'https://carimages.d2cmedia.ca/newcarimages/en/cb6abd2b615f84b/Honda/Pilot/2026/2100/483165//back_45_degree.png'},{url:'https://carimages.d2cmedia.ca/newcarimages/en/cb6abd2b615f84b/Honda/Pilot/2026/2100/483165//driver_dashboard.png'},{url:'https://carimages.d2cmedia.ca/newcarimages/en/cb6abd2b615f84b/Honda/Pilot/2026/2100/483165//full_dashboard.png'},{url:'https://carimages.d2cmedia.ca/newcarimages/en/cb6abd2b615f84b/Honda/Pilot/2026/2100/483165//interior_driver_open_seat.png'},{url:'https://carimages.d2cmedia.ca/newcarimages/en/cb6abd2b615f84b/Honda/Pilot/2026/2100/483165//interior_driver_stereo.png'},{url:'https://carimages.d2cmedia.ca/newcarimages/en/cb6abd2b615f84b/Honda/Pilot/2026/2100/483165//interior_driver_reat_seats.png'}]",0,KM,https://www.castlehonda.ca/new/inventory/2026-Honda-Pilot-id14012835.html,2026 Honda Pilot 4DR AWD TOURING at Castle Honda,68045 CAD,New,,,2214,Castle Honda,+1-416-745-7060,"{addr1: '370 Rexdale Blvd.', city: 'Etobicoke', region: 'Ontario', postal_code: 'M9W 1R6', country: 'CA'}",43.7180000000,-79.5860000000,,,,,https://www.castlehonda.ca/privacy-policy.html,New,2214,In stock,,68045 CAD,Free,
5FNYG1H90TB505114,5FNYG1H90TB505114,261104-new,Honda,Pilot,4DR AWD BLACK EDITIO,2026,AUTOMATIC,SUV,GASOLINE,,"2026 Honda Pilot 4DR AWD BLACK EDITIO, Black exterior","[{url:'https://imagescdn.d2cmedia.ca/cb1285c0b40d11c4b20620fd73893fc3c7/2214/14341502/1/Honda-Pilot-2026.jpg'},{url:'https://imagescdn.d2cmedia.ca/s81285c0b40d11c4b20620fd73893fc3c7/2214/14341502/1/Honda-Pilot-2026.jpg'},{url:'https://imagescdn.d2cmedia.ca/cb1285c0b40d11c4b20620fd73893fc3c7/2214/14341502/2/Honda-Pilot-2026.jpg'},{url:'https://imagescdn.d2cmedia.ca/cb1285c0b40d11c4b20620fd73893fc3c7/2214/14341502/3/Honda-Pilot-2026.jpg'},{url:'https://imagescdn.d2cmedia.ca/cb1285c0b40d11c4b20620fd73893fc3c7/2214/14341502/4/Honda-Pilot-2026.jpg'},{url:'https://imagescdn.d2cmedia.ca/cb1285c0b40d11c4b20620fd73893fc3c7/2214/14341502/5/Honda-Pilot-2026.jpg'},{url:'https://imagescdn.d2cmedia.ca/cb1285c0b40d11c4b20620fd73893fc3c7/2214/14341502/6/Honda-Pilot-2026.jpg'},{url:'https://imagescdn.d2cmedia.ca/cb1285c0b40d11c4b20620fd73893fc3c7/2214/14341502/7/Honda-Pilot-2026.jpg'},{url:'https://imagescdn.d2cmedia.ca/cb1285c0b40d11c4b20620fd73893fc3c7/2214/14341502/8/Honda-Pilot-2026.jpg'},{url:'https://imagescdn.d2cmedia.ca/cb1285c0b40d11c4b20620fd73893fc3c7/2214/14341502/9/Honda-Pilot-2026.jpg'}]",0,KM,https://www.castlehonda.ca/new/inventory/2026-Honda-Pilot-id14341502.html,2026 Honda Pilot 4DR AWD BLACK EDITIO at Castle Honda,69545 CAD,New,Black,,2214,Castle Honda,+1-416-745-7060,"{addr1: '370 Rexdale Blvd.', city: 'Etobicoke', region: 'Ontario', postal_code: 'M9W 1R6', country: 'CA'}",43.7180000000,-79.5860000000,,,,,https://www.castlehonda.ca/privacy-policy.html,New,2214,In stock,,69545 CAD,Free,
5FNRL6H73VB500052,5FNRL6H73VB500052,27066-new,Honda,Odyssey,4DR AT SPORT-L,2027,AUTOMATIC,SUV,GASOLINE,,"2027 Honda Odyssey 4DR AT SPORT-L, Silver exterior","[{url:'https://carimages.d2cmedia.ca/newcarimages/en/cb6abd2b615f84b/Honda/Odyssey/2027/1200/490410-NERSIEFUIFNQT1JULUw/gray/front45.png'},{url:'https://carimages.d2cmedia.ca/newcarimages/fr/cb6abd2b615f84b/Honda/Odyssey/2027/640/490410-NERSIEFUIFNQT1JULUw/gray/front_45_degree.png'},{url:'https://carimages.d2cmedia.ca/newcarimages/fr/cb6abd2b615f84b/Honda/Odyssey/2027/2100/490410-NERSIEFUIFNQT1JULUw/gray/front_45_degree.png'}]",0,KM,https://www.castlehonda.ca/new/inventory/2027-Honda-Odyssey-id14379921.html,2027 Honda Odyssey 4DR AT SPORT-L at Castle Honda,58655 CAD,New,Silver,,2214,Castle Honda,+1-416-745-7060,"{addr1: '370 Rexdale Blvd.', city: 'Etobicoke', region: 'Ontario', postal_code: 'M9W 1R6', country: 'CA'}",43.7180000000,-79.5860000000,,,,,https://www.castlehonda.ca/privacy-policy.html,New,2214,In stock,,58655 CAD,Free,
5FNRL6H70VB500087,5FNRL6H70VB500087,27067-new,Honda,Odyssey,4DR AT SPORT-L,2027,AUTOMATIC,SUV,GASOLINE,,"2027 Honda Odyssey 4DR AT SPORT-L, Black exterior","[{url:'https://carimages.d2cmedia.ca/newcarimages/en/cb6abd2b615f84b/Honda/Odyssey/2027/1200/490410-NERSIEFUIFNQT1JULUw/black/front45.png'},{url:'https://carimages.d2cmedia.ca/newcarimages/fr/cb6abd2b615f84b/Honda/Odyssey/2027/640/490410-NERSIEFUIFNQT1JULUw/black/front_45_degree.png'},{url:'https://carimages.d2cmedia.ca/newcarimages/fr/cb6abd2b615f84b/Honda/Odyssey/2027/2100/490410-NERSIEFUIFNQT1JULUw/black/front_45_degree.png'}]",0,KM,https://www.castlehonda.ca/new/inventory/2027-Honda-Odyssey-id14379922.html,2027 Honda Odyssey 4DR AT SPORT-L at Castle Honda,58655 CAD,New,Black,,2214,Castle Honda,+1-416-745-7060,"{addr1: '370 Rexdale Blvd.', city: 'Etobicoke', region: 'Ontario', postal_code: 'M9W 1R6', country: 'CA'}",43.7180000000,-79.5860000000,,,,,https://www.castlehonda.ca/privacy-policy.html,New,2214,In stock,,58655 CAD,Free,
1HGCY1F47TA800297,1HGCY1F47TA800297,26899-new,Honda,Accord Sedan,4DR SDN CVT SE,2026,AUTOMATIC,SEDAN,GASOLINE,,"2026 Honda Accord Sedan 4DR SDN CVT SE, Black exterior","[{url:'https://imagescdn.d2cmedia.ca/cb7c63e946ef13df001a60fc0c6d0ab6d2/2214/13936911/1/Honda-Accord Sedan-2026.jpg'},{url:'https://imagescdn.d2cmedia.ca/s87c63e946ef13df001a60fc0c6d0ab6d2/2214/13936911/1/Honda-Accord_Sedan-2026.jpg'},{url:'https://imagescdn.d2cmedia.ca/cb7c63e946ef13df001a60fc0c6d0ab6d2/2214/13936911/1/Honda-Accord_Sedan-2026.jpg'},{url:'https://imagescdn.d2cmedia.ca/cb7c63e946ef13df001a60fc0c6d0ab6d2/2214/13936911/2/Honda-Accord_Sedan-2026.jpg'},{url:'https://imagescdn.d2cmedia.ca/cb7c63e946ef13df001a60fc0c6d0ab6d2/2214/13936911/3/Honda-Accord_Sedan-2026.jpg'},{url:'https://imagescdn.d2cmedia.ca/cb7c63e946ef13df001a60fc0c6d0ab6d2/2214/13936911/4/Honda-Accord_Sedan-2026.jpg'},{url:'https://imagescdn.d2cmedia.ca/cb7c63e946ef13df001a60fc0c6d0ab6d2/2214/13936911/5/Honda-Accord_Sedan-2026.jpg'},{url:'https://imagescdn.d2cmedia.ca/cb7c63e946ef13df001a60fc0c6d0ab6d2/2214/13936911/6/Honda-Accord_Sedan-2026.jpg'},{url:'https://imagescdn.d2cmedia.ca/cb7c63e946ef13df001a60fc0c6d0ab6d2/2214/13936911/7/Honda-Accord_Sedan-2026.jpg'},{url:'https://imagescdn.d2cmedia.ca/cb7c63e946ef13df001a60fc0c6d0ab6d2/2214/13936911/8/Honda-Accord_Sedan-2026.jpg'}]",0,KM,https://www.castlehonda.ca/new/inventory/2026-Honda-Accord_Sedan-id13936911.html,2026 Honda Accord Sedan 4DR SDN CVT SE at Castle Honda,41475 CAD,New,Black,,2214,Castle Honda,+1-416-745-7060,"{addr1: '370 Rexdale Blvd.', city: 'Etobicoke', region: 'Ontario', postal_code: 'M9W 1R6', country: 'CA'}",43.7180000000,-79.5860000000,,,,,https://www.castlehonda.ca/privacy-policy.html,New,2214,In stock,,41475 CAD,Free,
5FPYK3F14TB502487,5FPYK3F14TB502487,261053-new,Honda,Ridgeline,4DR AWD SPORT,2026,AUTOMATIC,TRUCK,GASOLINE,,"2026 Honda Ridgeline 4DR AWD SPORT, White exterior","[{url:'https://imagescdn.d2cmedia.ca/cb5d159912921b34af90b636dbf728ebf3/2214/14248603/1/Honda-Ridgeline-2026.jpg'},{url:'https://imagescdn.d2cmedia.ca/s85d159912921b34af90b636dbf728ebf3/2214/14248603/1/Honda-Ridgeline-2026.jpg'},{url:'https://imagescdn.d2cmedia.ca/cb5d159912921b34af90b636dbf728ebf3/2214/14248603/2/Honda-Ridgeline-2026.jpg'},{url:'https://imagescdn.d2cmedia.ca/cb5d159912921b34af90b636dbf728ebf3/2214/14248603/3/Honda-Ridgeline-2026.jpg'},{url:'https://imagescdn.d2cmedia.ca/cb5d159912921b34af90b636dbf728ebf3/2214/14248603/4/Honda-Ridgeline-2026.jpg'},{url:'https://imagescdn.d2cmedia.ca/cb5d159912921b34af90b636dbf728ebf3/2214/14248603/5/Honda-Ridgeline-2026.jpg'},{url:'https://imagescdn.d2cmedia.ca/cb5d159912921b34af90b636dbf728ebf3/2214/14248603/6/Honda-Ridgeline-2026.jpg'},{url:'https://imagescdn.d2cmedia.ca/cb5d159912921b34af90b636dbf728ebf3/2214/14248603/7/Honda-Ridgeline-2026.jpg'},{url:'https://imagescdn.d2cmedia.ca/cb5d159912921b34af90b636dbf728ebf3/2214/14248603/8/Honda-Ridgeline-2026.jpg'},{url:'https://imagescdn.d2cmedia.ca/cb5d159912921b34af90b636dbf728ebf3/2214/14248603/9/Honda-Ridgeline-2026.jpg'}]",0,KM,https://www.castlehonda.ca/new/inventory/2026-Honda-Ridgeline-id14248603.html,2026 Honda Ridgeline 4DR AWD SPORT at Castle Honda,56135 CAD,New,White,,2214,Castle Honda,+1-416-745-7060,"{addr1: '370 Rexdale Blvd.', city: 'Etobicoke', region: 'Ontario', postal_code: 'M9W 1R6', country: 'CA'}",43.7180000000,-79.5860000000,,,,,https://www.castlehonda.ca/privacy-policy.html,New,2214,In stock,,56135 CAD,Free,
2HKRS4H53VH101097,2HKRS4H53VH101097,27064-new,Honda,CR-V,SPORT 5D,2027,AUTOMATIC,SUV,GASOLINE,,"2027 Honda CR-V SPORT 5D, Black exterior","[{url:'https://carimages.d2cmedia.ca/newcarimages/en/cb6abd2b615f84b/Honda/CR-V/2027/1200/490900-U1BPUlQgNUQ/black/front45.png'},{url:'https://carimages.d2cmedia.ca/newcarimages/fr/cb6abd2b615f84b/Honda/CR-V/2027/640/490900-U1BPUlQgNUQ/black/front_45_degree.png'},{url:'https://carimages.d2cmedia.ca/newcarimages/fr/cb6abd2b615f84b/Honda/CR-V/2027/2100/490900-U1BPUlQgNUQ/black/front_45_degree.png'}]",0,KM,https://www.castlehonda.ca/new/inventory/2027-Honda-CR_V-id14379919.html,2027 Honda CR-V SPORT 5D at Castle Honda,47110 CAD,New,Black,,2214,Castle Honda,+1-416-745-7060,"{addr1: '370 Rexdale Blvd.', city: 'Etobicoke', region: 'Ontario', postal_code: 'M9W 1R6', country: 'CA'}",43.7180000000,-79.5860000000,,,,,https://www.castlehonda.ca/privacy-policy.html,New,2214,In stock,,47110 CAD,Free,
2HKRS6H52VH200134,2HKRS6H52VH200134,27052-new,Honda,CR-V,SPORT HYBRID,2027,AUTOMATIC,SUV,GASOLINE,,"2027 Honda CR-V SPORT HYBRID, Black exterior","[{url:'https://carimages.d2cmedia.ca/newcarimages/en/cb6abd2b615f84b/Honda/CR-V/2027/1200/490900-U1BPUlQgSFlCUklE/black/front45.png'},{url:'https://carimages.d2cmedia.ca/newcarimages/fr/cb6abd2b615f84b/Honda/CR-V/2027/640/490900-U1BPUlQgSFlCUklE/black/front_45_degree.png'},{url:'https://carimages.d2cmedia.ca/newcarimages/fr/cb6abd2b615f84b/Honda/CR-V/2027/2100/490900-U1BPUlQgSFlCUklE/black/front_45_degree.png'}]",0,KM,https://www.castlehonda.ca/new/inventory/2027-Honda-CR_V-id14341508.html,2027 Honda CR-V SPORT HYBRID at Castle Honda,49635 CAD,New,Black,,2214,Castle Honda,+1-416-745-7060,"{addr1: '370 Rexdale Blvd.', city: 'Etobicoke', region: 'Ontario', postal_code: 'M9W 1R6', country: 'CA'}",43.7180000000,-79.5860000000,,,,,https://www.castlehonda.ca/privacy-policy.html,New,2214,In stock,,49635 CAD,Free,
2HKRS6H57VH201120,2HKRS6H57VH201120,27054-new,Honda,CR-V,SPORT HYBRID,2027,AUTOMATIC,SUV,GASOLINE,,2027 Honda CR-V SPORT HYBRID,"[{url:'https://carimages.d2cmedia.ca/newcarimages/en/cb6abd2b615f84b/Honda/CR-V/2027/1200/490900-U1BPUlQgSFlCUklE/white/front45.png'},{url:'https://carimages.d2cmedia.ca/newcarimages/fr/cb6abd2b615f84b/Honda/CR-V/2027/640/490900-U1BPUlQgSFlCUklE/White/front_45_degree.png'},{url:'https://carimages.d2cmedia.ca/newcarimages/fr/cb6abd2b615f84b/Honda/CR-V/2027/2100/490900-U1BPUlQgSFlCUklE/White/front_45_degree.png'}]",0,KM,https://www.castlehonda.ca/new/inventory/2027-Honda-CR_V-id14341510.html,2027 Honda CR-V SPORT HYBRID at Castle Honda,49635 CAD,New,,,2214,Castle Honda,+1-416-745-7060,"{addr1: '370 Rexdale Blvd.', city: 'Etobicoke', region: 'Ontario', postal_code: 'M9W 1R6', country: 'CA'}",43.7180000000,-79.5860000000,,,,,https://www.castlehonda.ca/privacy-policy.html,New,2214,In stock,,49635 CAD,Free,
2HKRS6H56VH202453,2HKRS6H56VH202453,27063-new,Honda,CR-V,SPORT HYBRID,2027,AUTOMATIC,SUV,GASOLINE,,"2027 Honda CR-V SPORT HYBRID, White exterior","[{url:'https://carimages.d2cmedia.ca/newcarimages/en/cb6abd2b615f84b/Honda/CR-V/2027/1200/490900-U1BPUlQgSFlCUklE/white/front45.png'},{url:'https://carimages.d2cmedia.ca/newcarimages/fr/cb6abd2b615f84b/Honda/CR-V/2027/640/490900-U1BPUlQgSFlCUklE/white/front_45_degree.png'},{url:'https://carimages.d2cmedia.ca/newcarimages/fr/cb6abd2b615f84b/Honda/CR-V/2027/2100/490900-U1BPUlQgSFlCUklE/white/front_45_degree.png'}]",0,KM,https://www.castlehonda.ca/new/inventory/2027-Honda-CR_V-id14379918.html,2027 Honda CR-V SPORT HYBRID at Castle Honda,49635 CAD,New,White,,2214,Castle Honda,+1-416-745-7060,"{addr1: '370 Rexdale Blvd.', city: 'Etobicoke', region: 'Ontario', postal_code: 'M9W 1R6', country: 'CA'}",43.7180000000,-79.5860000000,,,,,https://www.castlehonda.ca/privacy-policy.html,New,2214,In stock,,49635 CAD,Free,
2HKRS6H52VH201400,2HKRS6H52VH201400,27078-new,Honda,CR-V,SPORT HYBRID,2027,AUTOMATIC,SUV,GASOLINE,,"2027 Honda CR-V SPORT HYBRID, White exterior","[{url:'https://carimages.d2cmedia.ca/newcarimages/en/cb6abd2b615f84b/Honda/CR-V Hybrid/2027/1200/491164-U1BPUlQgSFlCUklE/white/front45.png'},{url:'https://carimages.d2cmedia.ca/newcarimages/fr/cb6abd2b615f84b/Honda/CR-V Hybrid/2027/640/491164-U1BPUlQgSFlCUklE/white/front_45_degree.png'},{url:'https://carimages.d2cmedia.ca/newcarimages/fr/cb6abd2b615f84b/Honda/CR-V Hybrid/2027/2100/491164-U1BPUlQgSFlCUklE/white/front_45_degree.png'}]",0,KM,https://www.castlehonda.ca/new/inventory/2027-Honda-CR_V-id14439665.html,2027 Honda CR-V SPORT HYBRID at Castle Honda,49635 CAD,New,White,,2214,Castle Honda,+1-416-745-7060,"{addr1: '370 Rexdale Blvd.', city: 'Etobicoke', region: 'Ontario', postal_code: 'M9W 1R6', country: 'CA'}",43.7180000000,-79.5860000000,,,,,https://www.castlehonda.ca/privacy-policy.html,New,2214,In stock,,49635 CAD,Free,
2HKRS6H51VH201422,2HKRS6H51VH201422,27079-new,Honda,CR-V,SPORT HYBRID,2027,AUTOMATIC,SUV,GASOLINE,,"2027 Honda CR-V SPORT HYBRID, White exterior","[{url:'https://carimages.d2cmedia.ca/newcarimages/en/cb6abd2b615f84b/Honda/CR-V Hybrid/2027/1200/491164-U1BPUlQgSFlCUklE/white/front45.png'},{url:'https://carimages.d2cmedia.ca/newcarimages/fr/cb6abd2b615f84b/Honda/CR-V Hybrid/2027/640/491164-U1BPUlQgSFlCUklE/white/front_45_degree.png'},{url:'https://carimages.d2cmedia.ca/newcarimages/fr/cb6abd2b615f84b/Honda/CR-V Hybrid/2027/2100/491164-U1BPUlQgSFlCUklE/white/front_45_degree.png'}]",0,KM,https://www.castlehonda.ca/new/inventory/2027-Honda-CR_V-id14439666.html,2027 Honda CR-V SPORT HYBRID at Castle Honda,49635 CAD,New,White,,2214,Castle Honda,+1-416-745-7060,"{addr1: '370 Rexdale Blvd.', city: 'Etobicoke', region: 'Ontario', postal_code: 'M9W 1R6', country: 'CA'}",43.7180000000,-79.5860000000,,,,,https://www.castlehonda.ca/privacy-policy.html,New,2214,In stock,,49635 CAD,Free,
2HKRS6H5XVH201399,2HKRS6H5XVH201399,27080-new,Honda,CR-V,SPORT HYBRID,2027,AUTOMATIC,SUV,GASOLINE,,"2027 Honda CR-V SPORT HYBRID, White exterior","[{url:'https://carimages.d2cmedia.ca/newcarimages/en/cb6abd2b615f84b/Honda/CR-V Hybrid/2027/1200/491164-U1BPUlQgSFlCUklE/white/front45.png'},{url:'https://carimages.d2cmedia.ca/newcarimages/fr/cb6abd2b615f84b/Honda/CR-V Hybrid/2027/640/491164-U1BPUlQgSFlCUklE/white/front_45_degree.png'},{url:'https://carimages.d2cmedia.ca/newcarimages/fr/cb6abd2b615f84b/Honda/CR-V Hybrid/2027/2100/491164-U1BPUlQgSFlCUklE/white/front_45_degree.png'}]",0,KM,https://www.castlehonda.ca/new/inventory/2027-Honda-CR_V-id14439667.html,2027 Honda CR-V SPORT HYBRID at Castle Honda,49635 CAD,New,White,,2214,Castle Honda,+1-416-745-7060,"{addr1: '370 Rexdale Blvd.', city: 'Etobicoke', region: 'Ontario', postal_code: 'M9W 1R6', country: 'CA'}",43.7180000000,-79.5860000000,,,,,https://www.castlehonda.ca/privacy-policy.html,New,2214,In stock,,49635 CAD,Free,
2HKRS6H57VH201408,2HKRS6H57VH201408,27081-new,Honda,CR-V,SPORT HYBRID,2027,AUTOMATIC,SUV,GASOLINE,,"2027 Honda CR-V SPORT HYBRID, White exterior","[{url:'https://carimages.d2cmedia.ca/newcarimages/en/cb6abd2b615f84b/Honda/CR-V Hybrid/2027/1200/491164-U1BPUlQgSFlCUklE/white/front45.png'},{url:'https://carimages.d2cmedia.ca/newcarimages/fr/cb6abd2b615f84b/Honda/CR-V Hybrid/2027/640/491164-U1BPUlQgSFlCUklE/white/front_45_degree.png'},{url:'https://carimages.d2cmedia.ca/newcarimages/fr/cb6abd2b615f84b/Honda/CR-V Hybrid/2027/2100/491164-U1BPUlQgSFlCUklE/white/front_45_degree.png'}]",0,KM,https://www.castlehonda.ca/new/inventory/2027-Honda-CR_V-id14439668.html,2027 Honda CR-V SPORT HYBRID at Castle Honda,49635 CAD,New,White,,2214,Castle Honda,+1-416-745-7060,"{addr1: '370 Rexdale Blvd.', city: 'Etobicoke', region: 'Ontario', postal_code: 'M9W 1R6', country: 'CA'}",43.7180000000,-79.5860000000,,,,,https://www.castlehonda.ca/privacy-policy.html,New,2214,In stock,,49635 CAD,Free,
2HKRS6H55VH203304,2HKRS6H55VH203304,27082-new,Honda,CR-V,SPORT HYBRID,2027,AUTOMATIC,SUV,GASOLINE,,"2027 Honda CR-V SPORT HYBRID, Black exterior","[{url:'https://carimages.d2cmedia.ca/newcarimages/en/cb6abd2b615f84b/Honda/CR-V Hybrid/2027/1200/491164-U1BPUlQgSFlCUklE/black/front45.png'},{url:'https://carimages.d2cmedia.ca/newcarimages/fr/cb6abd2b615f84b/Honda/CR-V Hybrid/2027/640/491164-U1BPUlQgSFlCUklE/black/front_45_degree.png'},{url:'https://carimages.d2cmedia.ca/newcarimages/fr/cb6abd2b615f84b/Honda/CR-V Hybrid/2027/2100/491164-U1BPUlQgSFlCUklE/black/front_45_degree.png'}]",0,KM,https://www.castlehonda.ca/new/inventory/2027-Honda-CR_V-id14439669.html,2027 Honda CR-V SPORT HYBRID at Castle Honda,49635 CAD,New,Black,,2214,Castle Honda,+1-416-745-7060,"{addr1: '370 Rexdale Blvd.', city: 'Etobicoke', region: 'Ontario', postal_code: 'M9W 1R6', country: 'CA'}",43.7180000000,-79.5860000000,,,,,https://www.castlehonda.ca/privacy-policy.html,New,2214,In stock,,49635 CAD,Free,
2HKRS6H53VH203303,2HKRS6H53VH203303,27083-new,Honda,CR-V,SPORT HYBRID,2027,AUTOMATIC,SUV,GASOLINE,,"2027 Honda CR-V SPORT HYBRID, Black exterior","[{url:'https://carimages.d2cmedia.ca/newcarimages/en/cb6abd2b615f84b/Honda/CR-V Hybrid/2027/1200/491164-U1BPUlQgSFlCUklE/black/front45.png'},{url:'https://carimages.d2cmedia.ca/newcarimages/fr/cb6abd2b615f84b/Honda/CR-V Hybrid/2027/640/491164-U1BPUlQgSFlCUklE/black/front_45_degree.png'},{url:'https://carimages.d2cmedia.ca/newcarimages/fr/cb6abd2b615f84b/Honda/CR-V Hybrid/2027/2100/491164-U1BPUlQgSFlCUklE/black/front_45_degree.png'}]",0,KM,https://www.castlehonda.ca/new/inventory/2027-Honda-CR_V-id14439670.html,2027 Honda CR-V SPORT HYBRID at Castle Honda,49635 CAD,New,Black,,2214,Castle Honda,+1-416-745-7060,"{addr1: '370 Rexdale Blvd.', city: 'Etobicoke', region: 'Ontario', postal_code: 'M9W 1R6', country: 'CA'}",43.7180000000,-79.5860000000,,,,,https://www.castlehonda.ca/privacy-policy.html,New,2214,In stock,,49635 CAD,Free,
2HKRS6H75VH201277,2HKRS6H75VH201277,27051-new,Honda,CR-V,EXL HYBRID,2027,AUTOMATIC,SUV,GASOLINE,,"2027 Honda CR-V EXL HYBRID, Black exterior","[{url:'https://carimages.d2cmedia.ca/newcarimages/fr/cb6abd2b615f84b/Honda/CR-V/2027/640/black/front_45_degree.png'},{url:'https://carimages.d2cmedia.ca/newcarimages/fr/cb6abd2b615f84b/Honda/CR-V/2027/2100/black/front_45_degree.png'}]",0,KM,https://www.castlehonda.ca/new/inventory/2027-Honda-CR_V-id14341507.html,2027 Honda CR-V EXL HYBRID at Castle Honda,52435 CAD,New,Black,,2214,Castle Honda,+1-416-745-7060,"{addr1: '370 Rexdale Blvd.', city: 'Etobicoke', region: 'Ontario', postal_code: 'M9W 1R6', country: 'CA'}",43.7180000000,-79.5860000000,,,,,https://www.castlehonda.ca/privacy-policy.html,New,2214,In stock,,52435 CAD,Free,
2HKRS6H72VH201298,2HKRS6H72VH201298,27053-new,Honda,CR-V,EXL HYBRID,2027,AUTOMATIC,SUV,GASOLINE,,"2027 Honda CR-V EXL HYBRID, Black exterior","[{url:'https://carimages.d2cmedia.ca/newcarimages/fr/cb6abd2b615f84b/Honda/CR-V/2027/640/black/front_45_degree.png'},{url:'https://carimages.d2cmedia.ca/newcarimages/fr/cb6abd2b615f84b/Honda/CR-V/2027/2100/black/front_45_degree.png'}]",0,KM,https://www.castlehonda.ca/new/inventory/2027-Honda-CR_V-id14341509.html,2027 Honda CR-V EXL HYBRID at Castle Honda,52435 CAD,New,Black,,2214,Castle Honda,+1-416-745-7060,"{addr1: '370 Rexdale Blvd.', city: 'Etobicoke', region: 'Ontario', postal_code: 'M9W 1R6', country: 'CA'}",43.7180000000,-79.5860000000,,,,,https://www.castlehonda.ca/privacy-policy.html,New,2214,In stock,,52435 CAD,Free,
2HKRS6H79VH200987,2HKRS6H79VH200987,27055-new,Honda,CR-V,EXL HYBRID,2027,AUTOMATIC,SUV,GASOLINE,,2027 Honda CR-V EXL HYBRID,"[{url:'https://carimages.d2cmedia.ca/newcarimages/fr/cb6abd2b615f84b/Honda/CR-V/2027/640/White/front_45_degree.png'},{url:'https://carimages.d2cmedia.ca/newcarimages/fr/cb6abd2b615f84b/Honda/CR-V/2027/2100/White/front_45_degree.png'}]",0,KM,https://www.castlehonda.ca/new/inventory/2027-Honda-CR_V-id14341511.html,2027 Honda CR-V EXL HYBRID at Castle Honda,52435 CAD,New,,,2214,Castle Honda,+1-416-745-7060,"{addr1: '370 Rexdale Blvd.', city: 'Etobicoke', region: 'Ontario', postal_code: 'M9W 1R6', country: 'CA'}",43.7180000000,-79.5860000000,,,,,https://www.castlehonda.ca/privacy-policy.html,New,2214,In stock,,52435 CAD,Free,
2HKRS6H75VH202350,2HKRS6H75VH202350,27057-new,Honda,CR-V,EXL HYBRID,2027,AUTOMATIC,SUV,GASOLINE,,"2027 Honda CR-V EXL HYBRID, White exterior","[{url:'https://carimages.d2cmedia.ca/newcarimages/fr/cb6abd2b615f84b/Honda/CR-V/2027/640/white/front_45_degree.png'},{url:'https://carimages.d2cmedia.ca/newcarimages/fr/cb6abd2b615f84b/Honda/CR-V/2027/2100/white/front_45_degree.png'}]",0,KM,https://www.castlehonda.ca/new/inventory/2027-Honda-CR_V-id14371401.html,2027 Honda CR-V EXL HYBRID at Castle Honda,52435 CAD,New,White,,2214,Castle Honda,+1-416-745-7060,"{addr1: '370 Rexdale Blvd.', city: 'Etobicoke', region: 'Ontario', postal_code: 'M9W 1R6', country: 'CA'}",43.7180000000,-79.5860000000,,,,,https://www.castlehonda.ca/privacy-policy.html,New,2214,In stock,,52435 CAD,Free,
2HKRS6H91VH201973,2HKRS6H91VH201973,27061-new,Honda,CR-V,TOURING HYB,2027,AUTOMATIC,SUV,GASOLINE,,"2027 Honda CR-V TOURING HYB, White exterior","[{url:'https://carimages.d2cmedia.ca/newcarimages/fr/cb6abd2b615f84b/Honda/CR-V/2027/640/white/front_45_degree.png'},{url:'https://carimages.d2cmedia.ca/newcarimages/fr/cb6abd2b615f84b/Honda/CR-V/2027/2100/white/front_45_degree.png'}]",0,KM,https://www.castlehonda.ca/new/inventory/2027-Honda-CR_V-id14379916.html,2027 Honda CR-V TOURING HYB at Castle Honda,54935 CAD,New,White,,2214,Castle Honda,+1-416-745-7060,"{addr1: '370 Rexdale Blvd.', city: 'Etobicoke', region: 'Ontario', postal_code: 'M9W 1R6', country: 'CA'}",43.7180000000,-79.5860000000,,,,,https://www.castlehonda.ca/privacy-policy.html,New,2214,In stock,,54935 CAD,Free,
2HKRS6H99VH203812,2HKRS6H99VH203812,27084-new,Honda,CR-V,TOURING HYB,2027,AUTOMATIC,SUV,GASOLINE,,"2027 Honda CR-V TOURING HYB, Black exterior","[{url:'https://carimages.d2cmedia.ca/newcarimages/en/cb6abd2b615f84b/Honda/CR-V Hybrid/2027/1200/491167-VE9VUklORyBIWUI/black/front45.png'},{url:'https://carimages.d2cmedia.ca/newcarimages/fr/cb6abd2b615f84b/Honda/CR-V Hybrid/2027/640/491167-VE9VUklORyBIWUI/black/front_45_degree.png'},{url:'https://carimages.d2cmedia.ca/newcarimages/fr/cb6abd2b615f84b/Honda/CR-V Hybrid/2027/2100/491167-VE9VUklORyBIWUI/black/front_45_degree.png'}]",0,KM,https://www.castlehonda.ca/new/inventory/2027-Honda-CR_V-id14439671.html,2027 Honda CR-V TOURING HYB at Castle Honda,54935 CAD,New,Black,,2214,Castle Honda,+1-416-745-7060,"{addr1: '370 Rexdale Blvd.', city: 'Etobicoke', region: 'Ontario', postal_code: 'M9W 1R6', country: 'CA'}",43.7180000000,-79.5860000000,,,,,https://www.castlehonda.ca/privacy-policy.html,New,2214,In stock,,54935 CAD,Free,
3PCAJ5FB0SF115645,3PCAJ5FB0SF115645,P25182,Infiniti,QX50,SPORT AWD,2025,AUTOMATIC,SUV,GASOLINE,,"2025 Infiniti QX50 SPORT AWD, White exterior","[{url:'https://imagescdn.d2cmedia.ca/cba8d3ad31997ede1f693de61dad52ff7b/2214/14093253/1/Infiniti-QX50-2025.jpg'},{url:'https://imagescdn.d2cmedia.ca/s8a8d3ad31997ede1f693de61dad52ff7b/2214/14093253/1/INFINITI-QX50-2025.jpg'},{url:'https://imagescdn.d2cmedia.ca/cba8d3ad31997ede1f693de61dad52ff7b/2214/14093253/1/INFINITI-QX50-2025.jpg'},{url:'https://imagescdn.d2cmedia.ca/cba8d3ad31997ede1f693de61dad52ff7b/2214/14093253/2/INFINITI-QX50-2025.jpg'},{url:'https://imagescdn.d2cmedia.ca/cba8d3ad31997ede1f693de61dad52ff7b/2214/14093253/3/INFINITI-QX50-2025.jpg'},{url:'https://imagescdn.d2cmedia.ca/cba8d3ad31997ede1f693de61dad52ff7b/2214/14093253/4/INFINITI-QX50-2025.jpg'},{url:'https://imagescdn.d2cmedia.ca/cba8d3ad31997ede1f693de61dad52ff7b/2214/14093253/5/INFINITI-QX50-2025.jpg'},{url:'https://imagescdn.d2cmedia.ca/cba8d3ad31997ede1f693de61dad52ff7b/2214/14093253/6/INFINITI-QX50-2025.jpg'},{url:'https://imagescdn.d2cmedia.ca/cba8d3ad31997ede1f693de61dad52ff7b/2214/14093253/7/INFINITI-QX50-2025.jpg'},{url:'https://imagescdn.d2cmedia.ca/cba8d3ad31997ede1f693de61dad52ff7b/2214/14093253/8/INFINITI-QX50-2025.jpg'}]",985,KM,https://www.castlehonda.ca/used/2025-Infiniti-QX50-id14093253.html,2025 Infiniti QX50 SPORT AWD at Castle Honda,43980 CAD,Used,White,,2214,Castle Honda,+1-416-745-7060,"{addr1: '370 Rexdale Blvd.', city: 'Etobicoke', region: 'Ontario', postal_code: 'M9W 1R6', country: 'CA'}",43.7180000000,-79.5860000000,,,,,https://www.castlehonda.ca/privacy-policy.html,Used,2214,In stock,,43980 CAD,Free,
2HKRS4H55TH112891,2HKRS4H55TH112891,261007A,Honda,CR-V,4DR AWD SPORT,2026,AUTOMATIC,SUV,GASOLINE,,"2026 Honda CR-V 4DR AWD SPORT, Silver exterior","[{url:'https://imagescdn.d2cmedia.ca/cb839452465f616d51487fac04ffaee28e/2214/14200340/1/Honda-CR_V-2026.jpg'},{url:'https://imagescdn.d2cmedia.ca/s8839452465f616d51487fac04ffaee28e/2214/14200340/1/Honda-CR_V-2026.jpg'},{url:'https://imagescdn.d2cmedia.ca/cb839452465f616d51487fac04ffaee28e/2214/14200340/2/Honda-CR_V-2026.jpg'},{url:'https://imagescdn.d2cmedia.ca/cb839452465f616d51487fac04ffaee28e/2214/14200340/3/Honda-CR_V-2026.jpg'},{url:'https://imagescdn.d2cmedia.ca/cb839452465f616d51487fac04ffaee28e/2214/14200340/4/Honda-CR_V-2026.jpg'},{url:'https://imagescdn.d2cmedia.ca/cb839452465f616d51487fac04ffaee28e/2214/14200340/5/Honda-CR_V-2026.jpg'},{url:'https://imagescdn.d2cmedia.ca/cb839452465f616d51487fac04ffaee28e/2214/14200340/6/Honda-CR_V-2026.jpg'},{url:'https://imagescdn.d2cmedia.ca/cb839452465f616d51487fac04ffaee28e/2214/14200340/7/Honda-CR_V-2026.jpg'},{url:'https://imagescdn.d2cmedia.ca/cb839452465f616d51487fac04ffaee28e/2214/14200340/8/Honda-CR_V-2026.jpg'},{url:'https://imagescdn.d2cmedia.ca/cb839452465f616d51487fac04ffaee28e/2214/14200340/9/Honda-CR_V-2026.jpg'}]",1201,KM,https://www.castlehonda.ca/used/2026-Honda-CR_V-id14200340.html,2026 Honda CR-V 4DR AWD SPORT at Castle Honda,43475 CAD,Used,Silver,,2214,Castle Honda,+1-416-745-7060,"{addr1: '370 Rexdale Blvd.', city: 'Etobicoke', region: 'Ontario', postal_code: 'M9W 1R6', country: 'CA'}",43.7180000000,-79.5860000000,,,,,https://www.castlehonda.ca/privacy-policy.html,Used,2214,In stock,,43475 CAD,Free,
5FNYF6H0XNB507800,5FNYF6H0XNB507800,261104A,Honda,Pilot,4DR AWD BLACK EDITIO,2022,AUTOMATIC,SUV,GASOLINE,,"2022 Honda Pilot 4DR AWD BLACK EDITIO, Black exterior","[{url:'https://www.castlehonda.ca/proxy_aub/images/2.0/makes_logos_big/Honda.jpg'},{url:'https://imagescdn.d2cmedia.ca/s822413d6bd3ce2bdeead821804f0bcc3f/2214/14413974/1/Honda-Pilot-2022.jpg'},{url:'https://imagescdn.d2cmedia.ca/cb22413d6bd3ce2bdeead821804f0bcc3f/2214/14413974/1/Honda-Pilot-2022.jpg'}]",65142,KM,https://www.castlehonda.ca/used/2022-Honda-Pilot-id14413974.html,2022 Honda Pilot 4DR AWD BLACK EDITIO at Castle Honda,41995 CAD,CPO,Black,,2214,Castle Honda,+1-416-745-7060,"{addr1: '370 Rexdale Blvd.', city: 'Etobicoke', region: 'Ontario', postal_code: 'M9W 1R6', country: 'CA'}",43.7180000000,-79.5860000000,,,,,https://www.castlehonda.ca/privacy-policy.html,CPO,2214,In stock,,41995 CAD,Free,
2HKRS6H91RH220738,2HKRS6H91RH220738,26574A,Honda,CR-V Hybrid,4DR AWD TOURING,2024,AUTOMATIC,SUV,GASOLINE,,"2024 Honda CR-V Hybrid 4DR AWD TOURING, Black exterior","[{url:'https://imagescdn.d2cmedia.ca/cb259a4875d1a3b1f62b2d92547906016c/2214/13636705/1/Honda-CR_V Hybrid-2024.jpg'},{url:'https://imagescdn.d2cmedia.ca/s8259a4875d1a3b1f62b2d92547906016c/2214/13636705/1/Honda-CR_V_Hybrid-2024.jpg'},{url:'https://imagescdn.d2cmedia.ca/cb259a4875d1a3b1f62b2d92547906016c/2214/13636705/1/Honda-CR_V_Hybrid-2024.jpg'},{url:'https://imagescdn.d2cmedia.ca/cb259a4875d1a3b1f62b2d92547906016c/2214/13636705/2/Honda-CR_V_Hybrid-2024.jpg'},{url:'https://imagescdn.d2cmedia.ca/cb259a4875d1a3b1f62b2d92547906016c/2214/13636705/3/Honda-CR_V_Hybrid-2024.jpg'},{url:'https://imagescdn.d2cmedia.ca/cb259a4875d1a3b1f62b2d92547906016c/2214/13636705/4/Honda-CR_V_Hybrid-2024.jpg'},{url:'https://imagescdn.d2cmedia.ca/cb259a4875d1a3b1f62b2d92547906016c/2214/13636705/5/Honda-CR_V_Hybrid-2024.jpg'},{url:'https://imagescdn.d2cmedia.ca/cb259a4875d1a3b1f62b2d92547906016c/2214/13636705/6/Honda-CR_V_Hybrid-2024.jpg'},{url:'https://imagescdn.d2cmedia.ca/cb259a4875d1a3b1f62b2d92547906016c/2214/13636705/7/Honda-CR_V_Hybrid-2024.jpg'},{url:'https://imagescdn.d2cmedia.ca/cb259a4875d1a3b1f62b2d92547906016c/2214/13636705/8/Honda-CR_V_Hybrid-2024.jpg'}]",35943,KM,https://www.castlehonda.ca/used/2024-Honda-CR_V_Hybrid-id13636705.html,2024 Honda CR-V Hybrid 4DR AWD TOURING at Castle Honda,39870 CAD,CPO,Black,,2214,Castle Honda,+1-416-745-7060,"{addr1: '370 Rexdale Blvd.', city: 'Etobicoke', region: 'Ontario', postal_code: 'M9W 1R6', country: 'CA'}",43.7180000000,-79.5860000000,,,,,https://www.castlehonda.ca/privacy-policy.html,CPO,2214,In stock,,39870 CAD,Free,
1HGCY2F88SA801773,1HGCY2F88SA801773,26854A,Honda,Accord Hybrid,4DR ECVT TOURING,2025,AUTOMATIC,SEDAN,HYBRID,,"2025 Honda Accord Hybrid 4DR ECVT TOURING, Black exterior","[{url:'https://imagescdn.d2cmedia.ca/cbbbe2d461390141aa432947f0e5b191f4/2214/14287303/1/Honda-Accord Hybrid-2025.jpg'},{url:'https://imagescdn.d2cmedia.ca/s8bbe2d461390141aa432947f0e5b191f4/2214/14287303/1/Honda-Accord_Hybrid-2025.jpg'},{url:'https://imagescdn.d2cmedia.ca/cbbbe2d461390141aa432947f0e5b191f4/2214/14287303/1/Honda-Accord_Hybrid-2025.jpg'},{url:'https://imagescdn.d2cmedia.ca/cbbbe2d461390141aa432947f0e5b191f4/2214/14287303/2/Honda-Accord_Hybrid-2025.jpg'},{url:'https://imagescdn.d2cmedia.ca/cbbbe2d461390141aa432947f0e5b191f4/2214/14287303/3/Honda-Accord_Hybrid-2025.jpg'},{url:'https://imagescdn.d2cmedia.ca/cbbbe2d461390141aa432947f0e5b191f4/2214/14287303/4/Honda-Accord_Hybrid-2025.jpg'},{url:'https://imagescdn.d2cmedia.ca/cbbbe2d461390141aa432947f0e5b191f4/2214/14287303/5/Honda-Accord_Hybrid-2025.jpg'},{url:'https://imagescdn.d2cmedia.ca/cbbbe2d461390141aa432947f0e5b191f4/2214/14287303/6/Honda-Accord_Hybrid-2025.jpg'},{url:'https://imagescdn.d2cmedia.ca/cbbbe2d461390141aa432947f0e5b191f4/2214/14287303/7/Honda-Accord_Hybrid-2025.jpg'},{url:'https://imagescdn.d2cmedia.ca/cbbbe2d461390141aa432947f0e5b191f4/2214/14287303/8/Honda-Accord_Hybrid-2025.jpg'}]",24250,KM,https://www.castlehonda.ca/used/2025-Honda-Accord_Hybrid-id14287303.html,2025 Honda Accord Hybrid 4DR ECVT TOURING at Castle Honda,38985 CAD,CPO,Black,,2214,Castle Honda,+1-416-745-7060,"{addr1: '370 Rexdale Blvd.', city: 'Etobicoke', region: 'Ontario', postal_code: 'M9W 1R6', country: 'CA'}",43.7180000000,-79.5860000000,,,,,https://www.castlehonda.ca/privacy-policy.html,CPO,2214,In stock,,38985 CAD,Free,
2HKRS6H90PH206701,2HKRS6H90PH206701,26927A,Honda,CR-V Hybrid,4DR AWD TOURING,2023,AUTOMATIC,SUV,HYBRID,,"2023 Honda CR-V Hybrid 4DR AWD TOURING, Grey exterior","[{url:'https://imagescdn.d2cmedia.ca/cbbf0df480bcb2c5a9887679e826b8b70d/2214/14298459/1/Honda-CR_V Hybrid-2023.jpg'},{url:'https://imagescdn.d2cmedia.ca/s8bf0df480bcb2c5a9887679e826b8b70d/2214/14298459/1/Honda-CR_V_Hybrid-2023.jpg'},{url:'https://imagescdn.d2cmedia.ca/cbbf0df480bcb2c5a9887679e826b8b70d/2214/14298459/1/Honda-CR_V_Hybrid-2023.jpg'},{url:'https://imagescdn.d2cmedia.ca/cbbf0df480bcb2c5a9887679e826b8b70d/2214/14298459/2/Honda-CR_V_Hybrid-2023.jpg'},{url:'https://imagescdn.d2cmedia.ca/cbbf0df480bcb2c5a9887679e826b8b70d/2214/14298459/3/Honda-CR_V_Hybrid-2023.jpg'},{url:'https://imagescdn.d2cmedia.ca/cbbf0df480bcb2c5a9887679e826b8b70d/2214/14298459/4/Honda-CR_V_Hybrid-2023.jpg'},{url:'https://imagescdn.d2cmedia.ca/cbbf0df480bcb2c5a9887679e826b8b70d/2214/14298459/5/Honda-CR_V_Hybrid-2023.jpg'},{url:'https://imagescdn.d2cmedia.ca/cbbf0df480bcb2c5a9887679e826b8b70d/2214/14298459/6/Honda-CR_V_Hybrid-2023.jpg'},{url:'https://imagescdn.d2cmedia.ca/cbbf0df480bcb2c5a9887679e826b8b70d/2214/14298459/7/Honda-CR_V_Hybrid-2023.jpg'},{url:'https://imagescdn.d2cmedia.ca/cbbf0df480bcb2c5a9887679e826b8b70d/2214/14298459/8/Honda-CR_V_Hybrid-2023.jpg'}]",62981,KM,https://www.castlehonda.ca/used/2023-Honda-CR_V_Hybrid-id14298459.html,2023 Honda CR-V Hybrid 4DR AWD TOURING at Castle Honda,38288 CAD,CPO,Grey,,2214,Castle Honda,+1-416-745-7060,"{addr1: '370 Rexdale Blvd.', city: 'Etobicoke', region: 'Ontario', postal_code: 'M9W 1R6', country: 'CA'}",43.7180000000,-79.5860000000,,,,,https://www.castlehonda.ca/privacy-policy.html,CPO,2214,In stock,,38288 CAD,Free,
2HKRS4H52SH101345,2HKRS4H52SH101345,26842A,Honda,CR-V,4DR AWD SPORT,2025,AUTOMATIC,SUV,GASOLINE,,"2025 Honda CR-V 4DR AWD SPORT, White exterior","[{url:'https://imagescdn.d2cmedia.ca/cb275ff7c793c5ad83402daa99639b1b12/2214/14311443/1/Honda-CR_V-2025.jpg'},{url:'https://imagescdn.d2cmedia.ca/s8275ff7c793c5ad83402daa99639b1b12/2214/14311443/1/Honda-CR_V-2025.jpg'},{url:'https://imagescdn.d2cmedia.ca/cb275ff7c793c5ad83402daa99639b1b12/2214/14311443/2/Honda-CR_V-2025.jpg'},{url:'https://imagescdn.d2cmedia.ca/cb275ff7c793c5ad83402daa99639b1b12/2214/14311443/3/Honda-CR_V-2025.jpg'},{url:'https://imagescdn.d2cmedia.ca/cb275ff7c793c5ad83402daa99639b1b12/2214/14311443/4/Honda-CR_V-2025.jpg'},{url:'https://imagescdn.d2cmedia.ca/cb275ff7c793c5ad83402daa99639b1b12/2214/14311443/5/Honda-CR_V-2025.jpg'},{url:'https://imagescdn.d2cmedia.ca/cb275ff7c793c5ad83402daa99639b1b12/2214/14311443/6/Honda-CR_V-2025.jpg'},{url:'https://imagescdn.d2cmedia.ca/cb275ff7c793c5ad83402daa99639b1b12/2214/14311443/7/Honda-CR_V-2025.jpg'},{url:'https://imagescdn.d2cmedia.ca/cb275ff7c793c5ad83402daa99639b1b12/2214/14311443/8/Honda-CR_V-2025.jpg'},{url:'https://imagescdn.d2cmedia.ca/cb275ff7c793c5ad83402daa99639b1b12/2214/14311443/9/Honda-CR_V-2025.jpg'}]",44224,KM,https://www.castlehonda.ca/used/2025-Honda-CR_V-id14311443.html,2025 Honda CR-V 4DR AWD SPORT at Castle Honda,37380 CAD,CPO,White,,2214,Castle Honda,+1-416-745-7060,"{addr1: '370 Rexdale Blvd.', city: 'Etobicoke', region: 'Ontario', postal_code: 'M9W 1R6', country: 'CA'}",43.7180000000,-79.5860000000,,,,,https://www.castlehonda.ca/privacy-policy.html,CPO,2214,In stock,,37380 CAD,Free,
2HKRS3H28TH000182,2HKRS3H28TH000182,P3517,Honda,CR-V,LX 2WD,2026,AUTOMATIC,SUV,GASOLINE,,"2026 Honda CR-V LX 2WD, Black exterior","[{url:'https://imagescdn.d2cmedia.ca/cbd178d1353c4a1e50675035ecff93c0f4/2214/14041422/1/Honda-CR_V-2026.jpg'},{url:'https://imagescdn.d2cmedia.ca/s8d178d1353c4a1e50675035ecff93c0f4/2214/14041422/1/Honda-CR_V-2026.jpg'},{url:'https://imagescdn.d2cmedia.ca/cbd178d1353c4a1e50675035ecff93c0f4/2214/14041422/2/Honda-CR_V-2026.jpg'},{url:'https://imagescdn.d2cmedia.ca/cbd178d1353c4a1e50675035ecff93c0f4/2214/14041422/3/Honda-CR_V-2026.jpg'},{url:'https://imagescdn.d2cmedia.ca/cbd178d1353c4a1e50675035ecff93c0f4/2214/14041422/4/Honda-CR_V-2026.jpg'},{url:'https://imagescdn.d2cmedia.ca/cbd178d1353c4a1e50675035ecff93c0f4/2214/14041422/5/Honda-CR_V-2026.jpg'},{url:'https://imagescdn.d2cmedia.ca/cbd178d1353c4a1e50675035ecff93c0f4/2214/14041422/6/Honda-CR_V-2026.jpg'},{url:'https://imagescdn.d2cmedia.ca/cbd178d1353c4a1e50675035ecff93c0f4/2214/14041422/7/Honda-CR_V-2026.jpg'},{url:'https://imagescdn.d2cmedia.ca/cbd178d1353c4a1e50675035ecff93c0f4/2214/14041422/8/Honda-CR_V-2026.jpg'},{url:'https://imagescdn.d2cmedia.ca/cbd178d1353c4a1e50675035ecff93c0f4/2214/14041422/9/Honda-CR_V-2026.jpg'}]",18098,KM,https://www.castlehonda.ca/used/2026-Honda-CR_V-id14041422.html,2026 Honda CR-V LX 2WD at Castle Honda,35785 CAD,CPO,Black,,2214,Castle Honda,+1-416-745-7060,"{addr1: '370 Rexdale Blvd.', city: 'Etobicoke', region: 'Ontario', postal_code: 'M9W 1R6', country: 'CA'}",43.7180000000,-79.5860000000,,,,,https://www.castlehonda.ca/privacy-policy.html,CPO,2214,In stock,,35785 CAD,Free,
2HKRS4H51RH109057,2HKRS4H51RH109057,26485A,Honda,CR-V,4DR AWD SPORT,2024,AUTOMATIC,SUV,GASOLINE,,"2024 Honda CR-V 4DR AWD SPORT, White exterior","[{url:'https://imagescdn.d2cmedia.ca/cb1e2a2d2a7b36db526b6df22a68e9cebe/2214/13595711/1/Honda-CR_V-2024.jpg'},{url:'https://imagescdn.d2cmedia.ca/s81e2a2d2a7b36db526b6df22a68e9cebe/2214/13595711/1/Honda-CR_V-2024.jpg'},{url:'https://imagescdn.d2cmedia.ca/cb1e2a2d2a7b36db526b6df22a68e9cebe/2214/13595711/2/Honda-CR_V-2024.jpg'},{url:'https://imagescdn.d2cmedia.ca/cb1e2a2d2a7b36db526b6df22a68e9cebe/2214/13595711/3/Honda-CR_V-2024.jpg'},{url:'https://imagescdn.d2cmedia.ca/cb1e2a2d2a7b36db526b6df22a68e9cebe/2214/13595711/4/Honda-CR_V-2024.jpg'},{url:'https://imagescdn.d2cmedia.ca/cb1e2a2d2a7b36db526b6df22a68e9cebe/2214/13595711/5/Honda-CR_V-2024.jpg'},{url:'https://imagescdn.d2cmedia.ca/cb1e2a2d2a7b36db526b6df22a68e9cebe/2214/13595711/6/Honda-CR_V-2024.jpg'},{url:'https://imagescdn.d2cmedia.ca/cb1e2a2d2a7b36db526b6df22a68e9cebe/2214/13595711/7/Honda-CR_V-2024.jpg'},{url:'https://imagescdn.d2cmedia.ca/cb1e2a2d2a7b36db526b6df22a68e9cebe/2214/13595711/8/Honda-CR_V-2024.jpg'},{url:'https://imagescdn.d2cmedia.ca/cb1e2a2d2a7b36db526b6df22a68e9cebe/2214/13595711/9/Honda-CR_V-2024.jpg'}]",29505,KM,https://www.castlehonda.ca/used/2024-Honda-CR_V-id13595711.html,2024 Honda CR-V 4DR AWD SPORT at Castle Honda,34975 CAD,Used,White,,2214,Castle Honda,+1-416-745-7060,"{addr1: '370 Rexdale Blvd.', city: 'Etobicoke', region: 'Ontario', postal_code: 'M9W 1R6', country: 'CA'}",43.7180000000,-79.5860000000,,,,,https://www.castlehonda.ca/privacy-policy.html,Used,2214,In stock,,34975 CAD,Free,
2HKRS6H92RH205018,2HKRS6H92RH205018,261015A,Honda,CR-V Hybrid,4DR AWD TOURING,2024,AUTOMATIC,SUV,HYBRID,,"2024 Honda CR-V Hybrid 4DR AWD TOURING, Black exterior","[{url:'https://imagescdn.d2cmedia.ca/cbc69c6e09458a00a5ed5a30f730494458/2214/14298457/1/Honda-CR_V Hybrid-2024.jpg'},{url:'https://imagescdn.d2cmedia.ca/s8c69c6e09458a00a5ed5a30f730494458/2214/14298457/1/Honda-CR_V_Hybrid-2024.jpg'},{url:'https://imagescdn.d2cmedia.ca/cbc69c6e09458a00a5ed5a30f730494458/2214/14298457/1/Honda-CR_V_Hybrid-2024.jpg'},{url:'https://imagescdn.d2cmedia.ca/cbc69c6e09458a00a5ed5a30f730494458/2214/14298457/2/Honda-CR_V_Hybrid-2024.jpg'},{url:'https://imagescdn.d2cmedia.ca/cbc69c6e09458a00a5ed5a30f730494458/2214/14298457/3/Honda-CR_V_Hybrid-2024.jpg'},{url:'https://imagescdn.d2cmedia.ca/cbc69c6e09458a00a5ed5a30f730494458/2214/14298457/4/Honda-CR_V_Hybrid-2024.jpg'},{url:'https://imagescdn.d2cmedia.ca/cbc69c6e09458a00a5ed5a30f730494458/2214/14298457/5/Honda-CR_V_Hybrid-2024.jpg'},{url:'https://imagescdn.d2cmedia.ca/cbc69c6e09458a00a5ed5a30f730494458/2214/14298457/6/Honda-CR_V_Hybrid-2024.jpg'},{url:'https://imagescdn.d2cmedia.ca/cbc69c6e09458a00a5ed5a30f730494458/2214/14298457/7/Honda-CR_V_Hybrid-2024.jpg'},{url:'https://imagescdn.d2cmedia.ca/cbc69c6e09458a00a5ed5a30f730494458/2214/14298457/8/Honda-CR_V_Hybrid-2024.jpg'}]",117374,KM,https://www.castlehonda.ca/used/2024-Honda-CR_V_Hybrid-id14298457.html,2024 Honda CR-V Hybrid 4DR AWD TOURING at Castle Honda,34945 CAD,CPO,Black,,2214,Castle Honda,+1-416-745-7060,"{addr1: '370 Rexdale Blvd.', city: 'Etobicoke', region: 'Ontario', postal_code: 'M9W 1R6', country: 'CA'}",43.7180000000,-79.5860000000,,,,,https://www.castlehonda.ca/privacy-policy.html,CPO,2214,In stock,,34945 CAD,Free,
2HKRS4H22SH110570,2HKRS4H22SH110570,26583A,Honda,CR-V,4DR AWD LX,2025,AUTOMATIC,SUV,GASOLINE,,"2025 Honda CR-V 4DR AWD LX, White exterior","[{url:'https://imagescdn.d2cmedia.ca/cb6015943940402bac07db09182965ac58/2214/13582961/1/Honda-CR_V-2025.jpg'},{url:'https://imagescdn.d2cmedia.ca/s86015943940402bac07db09182965ac58/2214/13582961/1/Honda-CR_V-2025.jpg'},{url:'https://imagescdn.d2cmedia.ca/cb6015943940402bac07db09182965ac58/2214/13582961/2/Honda-CR_V-2025.jpg'},{url:'https://imagescdn.d2cmedia.ca/cb6015943940402bac07db09182965ac58/2214/13582961/3/Honda-CR_V-2025.jpg'},{url:'https://imagescdn.d2cmedia.ca/cb6015943940402bac07db09182965ac58/2214/13582961/4/Honda-CR_V-2025.jpg'},{url:'https://imagescdn.d2cmedia.ca/cb6015943940402bac07db09182965ac58/2214/13582961/5/Honda-CR_V-2025.jpg'},{url:'https://imagescdn.d2cmedia.ca/cb6015943940402bac07db09182965ac58/2214/13582961/6/Honda-CR_V-2025.jpg'},{url:'https://imagescdn.d2cmedia.ca/cb6015943940402bac07db09182965ac58/2214/13582961/7/Honda-CR_V-2025.jpg'},{url:'https://imagescdn.d2cmedia.ca/cb6015943940402bac07db09182965ac58/2214/13582961/8/Honda-CR_V-2025.jpg'},{url:'https://imagescdn.d2cmedia.ca/cb6015943940402bac07db09182965ac58/2214/13582961/9/Honda-CR_V-2025.jpg'}]",35352,KM,https://www.castlehonda.ca/used/2025-Honda-CR_V-id13582961.html,2025 Honda CR-V 4DR AWD LX at Castle Honda,33880 CAD,Used,White,,2214,Castle Honda,+1-416-745-7060,"{addr1: '370 Rexdale Blvd.', city: 'Etobicoke', region: 'Ontario', postal_code: 'M9W 1R6', country: 'CA'}",43.7180000000,-79.5860000000,,,,,https://www.castlehonda.ca/privacy-policy.html,Used,2214,In stock,,33880 CAD,Free,
2HGFE4F80SH018451,2HGFE4F80SH018451,26940A,Honda,Civic Sedan,4DR ECVT SPORT TOURI,2025,AUTOMATIC,SEDAN,HYBRID,,"2025 Honda Civic Sedan 4DR ECVT SPORT TOURI, White exterior","[{url:'https://imagescdn.d2cmedia.ca/cb68fc2b6b28330c31b951dbae74f3c099/2214/14237382/1/Honda-Civic Sedan Hybrid-2025.jpg'},{url:'https://imagescdn.d2cmedia.ca/s868fc2b6b28330c31b951dbae74f3c099/2214/14237382/1/Honda-Civic_Sedan-2025.jpg'},{url:'https://imagescdn.d2cmedia.ca/cb68fc2b6b28330c31b951dbae74f3c099/2214/14237382/1/Honda-Civic_Sedan-2025.jpg'},{url:'https://imagescdn.d2cmedia.ca/cb68fc2b6b28330c31b951dbae74f3c099/2214/14237382/2/Honda-Civic_Sedan-2025.jpg'},{url:'https://imagescdn.d2cmedia.ca/cb68fc2b6b28330c31b951dbae74f3c099/2214/14237382/3/Honda-Civic_Sedan-2025.jpg'},{url:'https://imagescdn.d2cmedia.ca/cb68fc2b6b28330c31b951dbae74f3c099/2214/14237382/4/Honda-Civic_Sedan-2025.jpg'},{url:'https://imagescdn.d2cmedia.ca/cb68fc2b6b28330c31b951dbae74f3c099/2214/14237382/5/Honda-Civic_Sedan-2025.jpg'},{url:'https://imagescdn.d2cmedia.ca/cb68fc2b6b28330c31b951dbae74f3c099/2214/14237382/6/Honda-Civic_Sedan-2025.jpg'},{url:'https://imagescdn.d2cmedia.ca/cb68fc2b6b28330c31b951dbae74f3c099/2214/14237382/7/Honda-Civic_Sedan-2025.jpg'},{url:'https://imagescdn.d2cmedia.ca/cb68fc2b6b28330c31b951dbae74f3c099/2214/14237382/8/Honda-Civic_Sedan-2025.jpg'}]",23777,KM,https://www.castlehonda.ca/used/2025-Honda-Civic_Sedan-id14237382.html,2025 Honda Civic Sedan 4DR ECVT SPORT TOURI at Castle Honda,32965 CAD,Used,White,,2214,Castle Honda,+1-416-745-7060,"{addr1: '370 Rexdale Blvd.', city: 'Etobicoke', region: 'Ontario', postal_code: 'M9W 1R6', country: 'CA'}",43.7180000000,-79.5860000000,,,,,https://www.castlehonda.ca/privacy-policy.html,Used,2214,In stock,,32965 CAD,Free,
3CZRZ2H55RM103962,3CZRZ2H55RM103962,P3527,Honda,HR-V,SPORT-B AWD CVT,2024,AUTOMATIC,SUV,GASOLINE,,"2024 Honda HR-V SPORT-B AWD CVT, White exterior","[{url:'https://imagescdn.d2cmedia.ca/cb964ebf3fffbca7dcdc069ea27bba069e/2214/14427299/1/Honda-HR_V-2024.jpg'},{url:'https://imagescdn.d2cmedia.ca/s8964ebf3fffbca7dcdc069ea27bba069e/2214/14427299/1/Honda-HR_V-2024.jpg'}]",35000,KM,https://www.castlehonda.ca/used/2024-Honda-HR_V-id14427299.html,2024 Honda HR-V SPORT-B AWD CVT at Castle Honda,31990 CAD,Used,White,,2214,Castle Honda,+1-416-745-7060,"{addr1: '370 Rexdale Blvd.', city: 'Etobicoke', region: 'Ontario', postal_code: 'M9W 1R6', country: 'CA'}",43.7180000000,-79.5860000000,,,,,https://www.castlehonda.ca/privacy-policy.html,Used,2214,In stock,,31990 CAD,Free,
5FNYF6H72NB505021,5FNYF6H72NB505021,261075A,Honda,Pilot,4DR AWD EX-L NAVI,2022,AUTOMATIC,SUV,GASOLINE,,"2022 Honda Pilot 4DR AWD EX-L NAVI, Blue exterior","[{url:'https://imagescdn.d2cmedia.ca/cbaa81dca06bc92d1e86ff481902365037/2214/14320805/1/Honda-Pilot-2022.jpg'},{url:'https://imagescdn.d2cmedia.ca/s8aa81dca06bc92d1e86ff481902365037/2214/14320805/1/Honda-Pilot-2022.jpg'},{url:'https://imagescdn.d2cmedia.ca/cbaa81dca06bc92d1e86ff481902365037/2214/14320805/2/Honda-Pilot-2022.jpg'},{url:'https://imagescdn.d2cmedia.ca/cbaa81dca06bc92d1e86ff481902365037/2214/14320805/3/Honda-Pilot-2022.jpg'},{url:'https://imagescdn.d2cmedia.ca/cbaa81dca06bc92d1e86ff481902365037/2214/14320805/4/Honda-Pilot-2022.jpg'},{url:'https://imagescdn.d2cmedia.ca/cbaa81dca06bc92d1e86ff481902365037/2214/14320805/5/Honda-Pilot-2022.jpg'},{url:'https://imagescdn.d2cmedia.ca/cbaa81dca06bc92d1e86ff481902365037/2214/14320805/6/Honda-Pilot-2022.jpg'},{url:'https://imagescdn.d2cmedia.ca/cbaa81dca06bc92d1e86ff481902365037/2214/14320805/7/Honda-Pilot-2022.jpg'},{url:'https://imagescdn.d2cmedia.ca/cbaa81dca06bc92d1e86ff481902365037/2214/14320805/8/Honda-Pilot-2022.jpg'},{url:'https://imagescdn.d2cmedia.ca/cbaa81dca06bc92d1e86ff481902365037/2214/14320805/9/Honda-Pilot-2022.jpg'}]",63038,KM,https://www.castlehonda.ca/used/2022-Honda-Pilot-id14320805.html,2022 Honda Pilot 4DR AWD EX-L NAVI at Castle Honda,31800 CAD,CPO,Blue,,2214,Castle Honda,+1-416-745-7060,"{addr1: '370 Rexdale Blvd.', city: 'Etobicoke', region: 'Ontario', postal_code: 'M9W 1R6', country: 'CA'}",43.7180000000,-79.5860000000,,,,,https://www.castlehonda.ca/privacy-policy.html,CPO,2214,In stock,,31800 CAD,Free,
2HKRS4H56RH108874,2HKRS4H56RH108874,26727A,Honda,CR-V,4DR AWD SPORT,2024,AUTOMATIC,SUV,GASOLINE,,"2024 Honda CR-V 4DR AWD SPORT, Black exterior","[{url:'https://www.castlehonda.ca/proxy_aub/images/2.0/makes_logos_big/Honda.jpg'},{url:'https://imagescdn.d2cmedia.ca/s87807787d26e73764914bc2cca711fff1/2214/14454854/1/Honda-CR_V-2024.jpg'},{url:'https://imagescdn.d2cmedia.ca/cb7807787d26e73764914bc2cca711fff1/2214/14454854/1/Honda-CR_V-2024.jpg'}]",97088,KM,https://www.castlehonda.ca/used/2024-Honda-CR_V-id14454854.html,2024 Honda CR-V 4DR AWD SPORT at Castle Honda,30888 CAD,Used,Black,,2214,Castle Honda,+1-416-745-7060,"{addr1: '370 Rexdale Blvd.', city: 'Etobicoke', region: 'Ontario', postal_code: 'M9W 1R6', country: 'CA'}",43.7180000000,-79.5860000000,,,,,https://www.castlehonda.ca/privacy-policy.html,Used,2214,In stock,,30888 CAD,Free,
2HKRS4H24RH101752,2HKRS4H24RH101752,27070A,Honda,CR-V,4DR AWD LX-B,2024,AUTOMATIC,SUV,GASOLINE,,"2024 Honda CR-V 4DR AWD LX-B, Black exterior","[{url:'https://www.castlehonda.ca/proxy_aub/images/2.0/makes_logos_big/Honda.jpg'},{url:'https://imagescdn.d2cmedia.ca/s8a7c13ef2a61d9846ecea5099e0da342d/2214/14439673/1/Honda-CR_V-2024.jpg'},{url:'https://imagescdn.d2cmedia.ca/cba7c13ef2a61d9846ecea5099e0da342d/2214/14439673/1/Honda-CR_V-2024.jpg'}]",70199,KM,https://www.castlehonda.ca/used/2024-Honda-CR_V-id14439673.html,2024 Honda CR-V 4DR AWD LX-B at Castle Honda,30750 CAD,Used,Black,,2214,Castle Honda,+1-416-745-7060,"{addr1: '370 Rexdale Blvd.', city: 'Etobicoke', region: 'Ontario', postal_code: 'M9W 1R6', country: 'CA'}",43.7180000000,-79.5860000000,,,,,https://www.castlehonda.ca/privacy-policy.html,Used,2214,In stock,,30750 CAD,Free,
2HKRS4H24PH109959,2HKRS4H24PH109959,26926A,Honda,CR-V,4DR AWD LX,2023,AUTOMATIC,SUV,GASOLINE,,"2023 Honda CR-V 4DR AWD LX, Grey exterior","[{url:'https://imagescdn.d2cmedia.ca/cbaf7a17bdf522d3a992093fbcb98d88fa/2214/14405023/1/Honda-CR_V-2023.jpg'},{url:'https://imagescdn.d2cmedia.ca/s8af7a17bdf522d3a992093fbcb98d88fa/2214/14405023/1/Honda-CR_V-2023.jpg'},{url:'https://imagescdn.d2cmedia.ca/cbaf7a17bdf522d3a992093fbcb98d88fa/2214/14405023/2/Honda-CR_V-2023.jpg'},{url:'https://imagescdn.d2cmedia.ca/cbaf7a17bdf522d3a992093fbcb98d88fa/2214/14405023/3/Honda-CR_V-2023.jpg'},{url:'https://imagescdn.d2cmedia.ca/cbaf7a17bdf522d3a992093fbcb98d88fa/2214/14405023/4/Honda-CR_V-2023.jpg'},{url:'https://imagescdn.d2cmedia.ca/cbaf7a17bdf522d3a992093fbcb98d88fa/2214/14405023/5/Honda-CR_V-2023.jpg'},{url:'https://imagescdn.d2cmedia.ca/cbaf7a17bdf522d3a992093fbcb98d88fa/2214/14405023/6/Honda-CR_V-2023.jpg'},{url:'https://imagescdn.d2cmedia.ca/cbaf7a17bdf522d3a992093fbcb98d88fa/2214/14405023/7/Honda-CR_V-2023.jpg'},{url:'https://imagescdn.d2cmedia.ca/cbaf7a17bdf522d3a992093fbcb98d88fa/2214/14405023/8/Honda-CR_V-2023.jpg'},{url:'https://imagescdn.d2cmedia.ca/cbaf7a17bdf522d3a992093fbcb98d88fa/2214/14405023/9/Honda-CR_V-2023.jpg'}]",48003,KM,https://www.castlehonda.ca/used/2023-Honda-CR_V-id14405023.html,2023 Honda CR-V 4DR AWD LX at Castle Honda,29888 CAD,CPO,Grey,,2214,Castle Honda,+1-416-745-7060,"{addr1: '370 Rexdale Blvd.', city: 'Etobicoke', region: 'Ontario', postal_code: 'M9W 1R6', country: 'CA'}",43.7180000000,-79.5860000000,,,,,https://www.castlehonda.ca/privacy-policy.html,CPO,2214,In stock,,29888 CAD,Free,
2HKRS4H55RH101415,2HKRS4H55RH101415,27004A,Honda,CR-V,4DR AWD SPORT,2024,AUTOMATIC,SUV,GASOLINE,,"2024 Honda CR-V 4DR AWD SPORT, Black exterior","[{url:'https://imagescdn.d2cmedia.ca/cb6ee432c74be8d6d10a134883cbcf222b/2214/13896081/1/Honda-CR_V-2024.jpg'},{url:'https://imagescdn.d2cmedia.ca/s86ee432c74be8d6d10a134883cbcf222b/2214/13896081/1/Honda-CR_V-2024.jpg'},{url:'https://imagescdn.d2cmedia.ca/cb6ee432c74be8d6d10a134883cbcf222b/2214/13896081/2/Honda-CR_V-2024.jpg'},{url:'https://imagescdn.d2cmedia.ca/cb6ee432c74be8d6d10a134883cbcf222b/2214/13896081/3/Honda-CR_V-2024.jpg'},{url:'https://imagescdn.d2cmedia.ca/cb6ee432c74be8d6d10a134883cbcf222b/2214/13896081/4/Honda-CR_V-2024.jpg'},{url:'https://imagescdn.d2cmedia.ca/cb6ee432c74be8d6d10a134883cbcf222b/2214/13896081/5/Honda-CR_V-2024.jpg'},{url:'https://imagescdn.d2cmedia.ca/cb6ee432c74be8d6d10a134883cbcf222b/2214/13896081/6/Honda-CR_V-2024.jpg'},{url:'https://imagescdn.d2cmedia.ca/cb6ee432c74be8d6d10a134883cbcf222b/2214/13896081/7/Honda-CR_V-2024.jpg'},{url:'https://imagescdn.d2cmedia.ca/cb6ee432c74be8d6d10a134883cbcf222b/2214/13896081/8/Honda-CR_V-2024.jpg'},{url:'https://imagescdn.d2cmedia.ca/cb6ee432c74be8d6d10a134883cbcf222b/2214/13896081/9/Honda-CR_V-2024.jpg'}]",75658,KM,https://www.castlehonda.ca/used/2024-Honda-CR_V-id13896081.html,2024 Honda CR-V 4DR AWD SPORT at Castle Honda,29865 CAD,Used,Black,,2214,Castle Honda,+1-416-745-7060,"{addr1: '370 Rexdale Blvd.', city: 'Etobicoke', region: 'Ontario', postal_code: 'M9W 1R6', country: 'CA'}",43.7180000000,-79.5860000000,,,,,https://www.castlehonda.ca/privacy-policy.html,Used,2214,In stock,,29865 CAD,Free,
2HGFE2F57RH114176,2HGFE2F57RH114176,27041A,Honda,Civic Sedan,4DR CVT SPORT,2024,AUTOMATIC,SEDAN,GASOLINE,,"2024 Honda Civic Sedan 4DR CVT SPORT, Silver exterior","[{url:'https://imagescdn.d2cmedia.ca/cb771a486351c053b579e98585c41044a6/2214/14248606/1/Honda-Civic Sedan-2024.jpg'},{url:'https://imagescdn.d2cmedia.ca/s8771a486351c053b579e98585c41044a6/2214/14248606/1/Honda-Civic_Sedan-2024.jpg'},{url:'https://imagescdn.d2cmedia.ca/cb771a486351c053b579e98585c41044a6/2214/14248606/1/Honda-Civic_Sedan-2024.jpg'},{url:'https://imagescdn.d2cmedia.ca/cb771a486351c053b579e98585c41044a6/2214/14248606/2/Honda-Civic_Sedan-2024.jpg'},{url:'https://imagescdn.d2cmedia.ca/cb771a486351c053b579e98585c41044a6/2214/14248606/3/Honda-Civic_Sedan-2024.jpg'},{url:'https://imagescdn.d2cmedia.ca/cb771a486351c053b579e98585c41044a6/2214/14248606/4/Honda-Civic_Sedan-2024.jpg'},{url:'https://imagescdn.d2cmedia.ca/cb771a486351c053b579e98585c41044a6/2214/14248606/5/Honda-Civic_Sedan-2024.jpg'},{url:'https://imagescdn.d2cmedia.ca/cb771a486351c053b579e98585c41044a6/2214/14248606/6/Honda-Civic_Sedan-2024.jpg'},{url:'https://imagescdn.d2cmedia.ca/cb771a486351c053b579e98585c41044a6/2214/14248606/7/Honda-Civic_Sedan-2024.jpg'},{url:'https://imagescdn.d2cmedia.ca/cb771a486351c053b579e98585c41044a6/2214/14248606/8/Honda-Civic_Sedan-2024.jpg'}]",30005,KM,https://www.castlehonda.ca/used/2024-Honda-Civic_Sedan-id14248606.html,2024 Honda Civic Sedan 4DR CVT SPORT at Castle Honda,28890 CAD,CPO,Silver,,2214,Castle Honda,+1-416-745-7060,"{addr1: '370 Rexdale Blvd.', city: 'Etobicoke', region: 'Ontario', postal_code: 'M9W 1R6', country: 'CA'}",43.7180000000,-79.5860000000,,,,,https://www.castlehonda.ca/privacy-policy.html,CPO,2214,In stock,,28890 CAD,Free,
2HGFE4F80SH008258,2HGFE4F80SH008258,26558A,Honda,Civic Sedan,4DR ECVT SPORT TOURI,2025,AUTOMATIC,SEDAN,HYBRID,,"2025 Honda Civic Sedan 4DR ECVT SPORT TOURI, Black exterior","[{url:'https://imagescdn.d2cmedia.ca/cb21b833da6374da2734670e0dc9658147/2214/14371404/1/Honda-Civic Sedan Hybrid-2025.jpg'},{url:'https://imagescdn.d2cmedia.ca/s821b833da6374da2734670e0dc9658147/2214/14371404/1/Honda-Civic_Sedan-2025.jpg'},{url:'https://imagescdn.d2cmedia.ca/cb21b833da6374da2734670e0dc9658147/2214/14371404/1/Honda-Civic_Sedan-2025.jpg'},{url:'https://imagescdn.d2cmedia.ca/cb21b833da6374da2734670e0dc9658147/2214/14371404/2/Honda-Civic_Sedan-2025.jpg'},{url:'https://imagescdn.d2cmedia.ca/cb21b833da6374da2734670e0dc9658147/2214/14371404/3/Honda-Civic_Sedan-2025.jpg'},{url:'https://imagescdn.d2cmedia.ca/cb21b833da6374da2734670e0dc9658147/2214/14371404/4/Honda-Civic_Sedan-2025.jpg'},{url:'https://imagescdn.d2cmedia.ca/cb21b833da6374da2734670e0dc9658147/2214/14371404/5/Honda-Civic_Sedan-2025.jpg'},{url:'https://imagescdn.d2cmedia.ca/cb21b833da6374da2734670e0dc9658147/2214/14371404/6/Honda-Civic_Sedan-2025.jpg'},{url:'https://imagescdn.d2cmedia.ca/cb21b833da6374da2734670e0dc9658147/2214/14371404/7/Honda-Civic_Sedan-2025.jpg'},{url:'https://imagescdn.d2cmedia.ca/cb21b833da6374da2734670e0dc9658147/2214/14371404/8/Honda-Civic_Sedan-2025.jpg'}]",117343,KM,https://www.castlehonda.ca/used/2025-Honda-Civic_Sedan-id14371404.html,2025 Honda Civic Sedan 4DR ECVT SPORT TOURI at Castle Honda,27885 CAD,CPO,Black,,2214,Castle Honda,+1-416-745-7060,"{addr1: '370 Rexdale Blvd.', city: 'Etobicoke', region: 'Ontario', postal_code: 'M9W 1R6', country: 'CA'}",43.7180000000,-79.5860000000,,,,,https://www.castlehonda.ca/privacy-policy.html,CPO,2214,In stock,,27885 CAD,Free,
5FNYF6H60KB503254,5FNYF6H60KB503254,261105A,Honda,Pilot,4DR 4WD TOURING,2019,AUTOMATIC,SUV,GASOLINE,,"2019 Honda Pilot 4DR 4WD TOURING, White exterior","[{url:'https://imagescdn.d2cmedia.ca/cb096eccc48574528f297bdec34ea24974/2214/14399135/1/Honda-Pilot-2019.jpg'},{url:'https://imagescdn.d2cmedia.ca/s8096eccc48574528f297bdec34ea24974/2214/14399135/1/Honda-Pilot-2019.jpg'},{url:'https://imagescdn.d2cmedia.ca/cb096eccc48574528f297bdec34ea24974/2214/14399135/2/Honda-Pilot-2019.jpg'},{url:'https://imagescdn.d2cmedia.ca/cb096eccc48574528f297bdec34ea24974/2214/14399135/3/Honda-Pilot-2019.jpg'},{url:'https://imagescdn.d2cmedia.ca/cb096eccc48574528f297bdec34ea24974/2214/14399135/4/Honda-Pilot-2019.jpg'},{url:'https://imagescdn.d2cmedia.ca/cb096eccc48574528f297bdec34ea24974/2214/14399135/5/Honda-Pilot-2019.jpg'},{url:'https://imagescdn.d2cmedia.ca/cb096eccc48574528f297bdec34ea24974/2214/14399135/6/Honda-Pilot-2019.jpg'},{url:'https://imagescdn.d2cmedia.ca/cb096eccc48574528f297bdec34ea24974/2214/14399135/7/Honda-Pilot-2019.jpg'},{url:'https://imagescdn.d2cmedia.ca/cb096eccc48574528f297bdec34ea24974/2214/14399135/8/Honda-Pilot-2019.jpg'},{url:'https://imagescdn.d2cmedia.ca/cb096eccc48574528f297bdec34ea24974/2214/14399135/9/Honda-Pilot-2019.jpg'}]",147754,KM,https://www.castlehonda.ca/used/2019-Honda-Pilot-id14399135.html,2019 Honda Pilot 4DR 4WD TOURING at Castle Honda,27885 CAD,Used,White,,2214,Castle Honda,+1-416-745-7060,"{addr1: '370 Rexdale Blvd.', city: 'Etobicoke', region: 'Ontario', postal_code: 'M9W 1R6', country: 'CA'}",43.7180000000,-79.5860000000,,,,,https://www.castlehonda.ca/privacy-policy.html,Used,2214,In stock,,27885 CAD,Free,
2HKRS6H94PH209097,2HKRS6H94PH209097,26941A,Honda,CR-V Hybrid,4DR AWD TOURING,2023,AUTOMATIC,SUV,HYBRID,,"2023 Honda CR-V Hybrid 4DR AWD TOURING, White exterior","[{url:'https://www.castlehonda.ca/proxy_aub/images/2.0/makes_logos_big/Honda.jpg'},{url:'https://imagescdn.d2cmedia.ca/s87c5ae63a241cfed3e4b65a9d51bfa874/2214/14454855/1/Honda-CR_V_Hybrid-2023.jpg'},{url:'https://imagescdn.d2cmedia.ca/cb7c5ae63a241cfed3e4b65a9d51bfa874/2214/14454855/1/Honda-CR_V_Hybrid-2023.jpg'}]",73201,KM,https://www.castlehonda.ca/used/2023-Honda-CR_V_Hybrid-id14454855.html,2023 Honda CR-V Hybrid 4DR AWD TOURING at Castle Honda,27750 CAD,Used,White,,2214,Castle Honda,+1-416-745-7060,"{addr1: '370 Rexdale Blvd.', city: 'Etobicoke', region: 'Ontario', postal_code: 'M9W 1R6', country: 'CA'}",43.7180000000,-79.5860000000,,,,,https://www.castlehonda.ca/privacy-policy.html,Used,2214,In stock,,27750 CAD,Free,
1HGCY1F37PA801222,1HGCY1F37PA801222,261060A,Honda,Accord Sedan,4DR SDN CVT EX,2023,AUTOMATIC,SEDAN,GASOLINE,,"2023 Honda Accord Sedan 4DR SDN CVT EX, Blue exterior","[{url:'https://imagescdn.d2cmedia.ca/cb90e6464c3564d908834e9d31fc69bd2a/2214/14365659/1/Honda-Accord Sedan-2023.jpg'},{url:'https://imagescdn.d2cmedia.ca/s890e6464c3564d908834e9d31fc69bd2a/2214/14365659/1/Honda-Accord_Sedan-2023.jpg'},{url:'https://imagescdn.d2cmedia.ca/cb90e6464c3564d908834e9d31fc69bd2a/2214/14365659/1/Honda-Accord_Sedan-2023.jpg'},{url:'https://imagescdn.d2cmedia.ca/cb90e6464c3564d908834e9d31fc69bd2a/2214/14365659/2/Honda-Accord_Sedan-2023.jpg'},{url:'https://imagescdn.d2cmedia.ca/cb90e6464c3564d908834e9d31fc69bd2a/2214/14365659/3/Honda-Accord_Sedan-2023.jpg'},{url:'https://imagescdn.d2cmedia.ca/cb90e6464c3564d908834e9d31fc69bd2a/2214/14365659/4/Honda-Accord_Sedan-2023.jpg'},{url:'https://imagescdn.d2cmedia.ca/cb90e6464c3564d908834e9d31fc69bd2a/2214/14365659/5/Honda-Accord_Sedan-2023.jpg'},{url:'https://imagescdn.d2cmedia.ca/cb90e6464c3564d908834e9d31fc69bd2a/2214/14365659/6/Honda-Accord_Sedan-2023.jpg'},{url:'https://imagescdn.d2cmedia.ca/cb90e6464c3564d908834e9d31fc69bd2a/2214/14365659/7/Honda-Accord_Sedan-2023.jpg'},{url:'https://imagescdn.d2cmedia.ca/cb90e6464c3564d908834e9d31fc69bd2a/2214/14365659/8/Honda-Accord_Sedan-2023.jpg'}]",62419,KM,https://www.castlehonda.ca/used/2023-Honda-Accord_Sedan-id14365659.html,2023 Honda Accord Sedan 4DR SDN CVT EX at Castle Honda,26888 CAD,CPO,Blue,,2214,Castle Honda,+1-416-745-7060,"{addr1: '370 Rexdale Blvd.', city: 'Etobicoke', region: 'Ontario', postal_code: 'M9W 1R6', country: 'CA'}",43.7180000000,-79.5860000000,,,,,https://www.castlehonda.ca/privacy-policy.html,CPO,2214,In stock,,26888 CAD,Free,
2HGFE2F2XPH101991,2HGFE2F2XPH101991,P3528,Honda,Civic Sedan,LX CVT,2023,AUTOMATIC,SEDAN,GASOLINE,,"2023 Honda Civic Sedan LX CVT, Grey exterior","[{url:'https://imagescdn.d2cmedia.ca/cb0d7621465d72f63b2a5737fd84743e02/2214/14454857/1/Honda-Civic Sedan-2023.jpg'},{url:'https://imagescdn.d2cmedia.ca/s80d7621465d72f63b2a5737fd84743e02/2214/14454857/1/Honda-Civic_Sedan-2023.jpg'},{url:'https://imagescdn.d2cmedia.ca/cb0d7621465d72f63b2a5737fd84743e02/2214/14454857/1/Honda-Civic_Sedan-2023.jpg'}]",55000,KM,https://www.castlehonda.ca/used/2023-Honda-Civic_Sedan-id14454857.html,2023 Honda Civic Sedan LX CVT at Castle Honda,24680 CAD,Used,Grey,,2214,Castle Honda,+1-416-745-7060,"{addr1: '370 Rexdale Blvd.', city: 'Etobicoke', region: 'Ontario', postal_code: 'M9W 1R6', country: 'CA'}",43.7180000000,-79.5860000000,,,,,https://www.castlehonda.ca/privacy-policy.html,Used,2214,In stock,,24680 CAD,Free,
2HKRW2H86HH101795,2HKRW2H86HH101795,26467A,Honda,CR-V,5DR SUV AWD EX-L,2017,AUTOMATIC,SUV,GASOLINE,,"2017 Honda CR-V 5DR SUV AWD EX-L, Silver exterior","[{url:'https://imagescdn.d2cmedia.ca/cbe5d19063b78e04b7be2b849262419b65/2214/13972542/1/Honda-CR_V-2017.jpg'},{url:'https://imagescdn.d2cmedia.ca/s8e5d19063b78e04b7be2b849262419b65/2214/13972542/1/Honda-CR_V-2017.jpg'},{url:'https://imagescdn.d2cmedia.ca/cbe5d19063b78e04b7be2b849262419b65/2214/13972542/2/Honda-CR_V-2017.jpg'},{url:'https://imagescdn.d2cmedia.ca/cbe5d19063b78e04b7be2b849262419b65/2214/13972542/3/Honda-CR_V-2017.jpg'},{url:'https://imagescdn.d2cmedia.ca/cbe5d19063b78e04b7be2b849262419b65/2214/13972542/4/Honda-CR_V-2017.jpg'},{url:'https://imagescdn.d2cmedia.ca/cbe5d19063b78e04b7be2b849262419b65/2214/13972542/5/Honda-CR_V-2017.jpg'},{url:'https://imagescdn.d2cmedia.ca/cbe5d19063b78e04b7be2b849262419b65/2214/13972542/6/Honda-CR_V-2017.jpg'},{url:'https://imagescdn.d2cmedia.ca/cbe5d19063b78e04b7be2b849262419b65/2214/13972542/7/Honda-CR_V-2017.jpg'},{url:'https://imagescdn.d2cmedia.ca/cbe5d19063b78e04b7be2b849262419b65/2214/13972542/8/Honda-CR_V-2017.jpg'},{url:'https://imagescdn.d2cmedia.ca/cbe5d19063b78e04b7be2b849262419b65/2214/13972542/9/Honda-CR_V-2017.jpg'}]",128513,KM,https://www.castlehonda.ca/used/2017-Honda-CR_V-id13972542.html,2017 Honda CR-V 5DR SUV AWD EX-L at Castle Honda,20550 CAD,CPO,Silver,,2214,Castle Honda,+1-416-745-7060,"{addr1: '370 Rexdale Blvd.', city: 'Etobicoke', region: 'Ontario', postal_code: 'M9W 1R6', country: 'CA'}",43.7180000000,-79.5860000000,,,,,https://www.castlehonda.ca/privacy-policy.html,CPO,2214,In stock,,20550 CAD,Free,
5FNRL5H62GB502685,5FNRL5H62GB502685,27069A,Honda,Odyssey,4DR WGN EX-L W/NAV,2016,AUTOMATIC,SUV,GASOLINE,,"2016 Honda Odyssey 4DR WGN EX-L W/NAV, Silver exterior","[{url:'https://imagescdn.d2cmedia.ca/cb0788e6bbda4f8cefdcd01efcc9d74cfc/2214/14405024/1/Honda-Odyssey-2016.jpg'},{url:'https://imagescdn.d2cmedia.ca/s80788e6bbda4f8cefdcd01efcc9d74cfc/2214/14405024/1/Honda-Odyssey-2016.jpg'},{url:'https://imagescdn.d2cmedia.ca/cb0788e6bbda4f8cefdcd01efcc9d74cfc/2214/14405024/2/Honda-Odyssey-2016.jpg'},{url:'https://imagescdn.d2cmedia.ca/cb0788e6bbda4f8cefdcd01efcc9d74cfc/2214/14405024/3/Honda-Odyssey-2016.jpg'},{url:'https://imagescdn.d2cmedia.ca/cb0788e6bbda4f8cefdcd01efcc9d74cfc/2214/14405024/4/Honda-Odyssey-2016.jpg'},{url:'https://imagescdn.d2cmedia.ca/cb0788e6bbda4f8cefdcd01efcc9d74cfc/2214/14405024/5/Honda-Odyssey-2016.jpg'},{url:'https://imagescdn.d2cmedia.ca/cb0788e6bbda4f8cefdcd01efcc9d74cfc/2214/14405024/6/Honda-Odyssey-2016.jpg'},{url:'https://imagescdn.d2cmedia.ca/cb0788e6bbda4f8cefdcd01efcc9d74cfc/2214/14405024/7/Honda-Odyssey-2016.jpg'},{url:'https://imagescdn.d2cmedia.ca/cb0788e6bbda4f8cefdcd01efcc9d74cfc/2214/14405024/8/Honda-Odyssey-2016.jpg'},{url:'https://imagescdn.d2cmedia.ca/cb0788e6bbda4f8cefdcd01efcc9d74cfc/2214/14405024/9/Honda-Odyssey-2016.jpg'}]",195933,KM,https://www.castlehonda.ca/used/2016-Honda-Odyssey-id14405024.html,2016 Honda Odyssey 4DR WGN EX-L W/NAV at Castle Honda,17995 CAD,Used,Silver,,2214,Castle Honda,+1-416-745-7060,"{addr1: '370 Rexdale Blvd.', city: 'Etobicoke', region: 'Ontario', postal_code: 'M9W 1R6', country: 'CA'}",43.7180000000,-79.5860000000,,,,,https://www.castlehonda.ca/privacy-policy.html,Used,2214,In stock,,17995 CAD,Free,
KNADM4A38D6262239,KNADM4A38D6262239,26925A,Kia,Rio,4DR SDN AUTO LX+,2013,AUTOMATIC,SEDAN,GASOLINE,,"2013 Kia Rio 4DR SDN AUTO LX+, Grey exterior","[{url:'https://imagescdn.d2cmedia.ca/cb98f7539bda32f5b06addcdad189d9017/2214/14255990/1/Kia-Rio-2013.jpg'},{url:'https://imagescdn.d2cmedia.ca/s898f7539bda32f5b06addcdad189d9017/2214/14255990/1/Kia-Rio-2013.jpg'},{url:'https://imagescdn.d2cmedia.ca/cb98f7539bda32f5b06addcdad189d9017/2214/14255990/2/Kia-Rio-2013.jpg'},{url:'https://imagescdn.d2cmedia.ca/cb98f7539bda32f5b06addcdad189d9017/2214/14255990/3/Kia-Rio-2013.jpg'},{url:'https://imagescdn.d2cmedia.ca/cb98f7539bda32f5b06addcdad189d9017/2214/14255990/4/Kia-Rio-2013.jpg'},{url:'https://imagescdn.d2cmedia.ca/cb98f7539bda32f5b06addcdad189d9017/2214/14255990/5/Kia-Rio-2013.jpg'},{url:'https://imagescdn.d2cmedia.ca/cb98f7539bda32f5b06addcdad189d9017/2214/14255990/6/Kia-Rio-2013.jpg'},{url:'https://imagescdn.d2cmedia.ca/cb98f7539bda32f5b06addcdad189d9017/2214/14255990/7/Kia-Rio-2013.jpg'},{url:'https://imagescdn.d2cmedia.ca/cb98f7539bda32f5b06addcdad189d9017/2214/14255990/8/Kia-Rio-2013.jpg'},{url:'https://imagescdn.d2cmedia.ca/cb98f7539bda32f5b06addcdad189d9017/2214/14255990/9/Kia-Rio-2013.jpg'}]",186176,KM,https://www.castlehonda.ca/used/2013-Kia-Rio-id14255990.html,2013 Kia Rio 4DR SDN AUTO LX+ at Castle Honda,4995 CAD,Used,Grey,,2214,Castle Honda,+1-416-745-7060,"{addr1: '370 Rexdale Blvd.', city: 'Etobicoke', region: 'Ontario', postal_code: 'M9W 1R6', country: 'CA'}",43.7180000000,-79.5860000000,,,,,https://www.castlehonda.ca/privacy-policy.html,Used,2214,In stock,,4995 CAD,Free,
2HGFA16586H030868,2HGFA16586H030868,P3515A,Honda,Civic Sedan,4DR LX AUTO,2006,AUTOMATIC,SEDAN,GASOLINE,,"2006 Honda Civic Sedan 4DR LX AUTO, Blue exterior","[{url:'https://imagescdn.d2cmedia.ca/cb5b54bdecdcf8d8550a2b073a50044f1b/2214/14386516/1/Honda-Civic Sdn-2006.jpg'},{url:'https://imagescdn.d2cmedia.ca/s85b54bdecdcf8d8550a2b073a50044f1b/2214/14386516/1/Honda-Civic_Sedan-2006.jpg'},{url:'https://imagescdn.d2cmedia.ca/cb5b54bdecdcf8d8550a2b073a50044f1b/2214/14386516/1/Honda-Civic_Sedan-2006.jpg'},{url:'https://imagescdn.d2cmedia.ca/cb5b54bdecdcf8d8550a2b073a50044f1b/2214/14386516/2/Honda-Civic_Sedan-2006.jpg'},{url:'https://imagescdn.d2cmedia.ca/cb5b54bdecdcf8d8550a2b073a50044f1b/2214/14386516/3/Honda-Civic_Sedan-2006.jpg'},{url:'https://imagescdn.d2cmedia.ca/cb5b54bdecdcf8d8550a2b073a50044f1b/2214/14386516/4/Honda-Civic_Sedan-2006.jpg'},{url:'https://imagescdn.d2cmedia.ca/cb5b54bdecdcf8d8550a2b073a50044f1b/2214/14386516/5/Honda-Civic_Sedan-2006.jpg'},{url:'https://imagescdn.d2cmedia.ca/cb5b54bdecdcf8d8550a2b073a50044f1b/2214/14386516/6/Honda-Civic_Sedan-2006.jpg'},{url:'https://imagescdn.d2cmedia.ca/cb5b54bdecdcf8d8550a2b073a50044f1b/2214/14386516/7/Honda-Civic_Sedan-2006.jpg'},{url:'https://imagescdn.d2cmedia.ca/cb5b54bdecdcf8d8550a2b073a50044f1b/2214/14386516/8/Honda-Civic_Sedan-2006.jpg'}]",460449,KM,https://www.castlehonda.ca/used/2006-Honda-Civic_Sedan-id14386516.html,2006 Honda Civic Sedan 4DR LX AUTO at Castle Honda,1550 CAD,Used,Blue,,2214,Castle Honda,+1-416-745-7060,"{addr1: '370 Rexdale Blvd.', city: 'Etobicoke', region: 'Ontario', postal_code: 'M9W 1R6', country: 'CA'}",43.7180000000,-79.5860000000,,,,,https://www.castlehonda.ca/privacy-policy.html,Used,2214,In stock,,1550 CAD,Free,
2HKRS4H55VH100226,2HKRS4H55VH100226,27060-new,Honda,CR-V,SPORT 5D,2026,AUTOMATIC,SUV,GASOLINE,,"2026 Honda CR-V SPORT 5D, Grey exterior","[{url:'https://carimages.d2cmedia.ca/newcarimages/en/cb6abd2b615f84b/Honda/CR-V/2026/1200/477735-U1BPUlQgNUQ/Gray/front45.png'},{url:'https://carimages.d2cmedia.ca/newcarimages/en/cb6abd2b615f84b/Honda/CR-V/2026/1280/477735/grey/front_45_degree.png'},{url:'https://carimages.d2cmedia.ca/newcarimages/en/cb6abd2b615f84b/Honda/CR-V/2026/2100/477735/grey/front_45_degree.png'},{url:'https://carimages.d2cmedia.ca/newcarimages/en/cb6abd2b615f84b/Honda/CR-V/2026/2100/477735/grey/profile.png'},{url:'https://carimages.d2cmedia.ca/newcarimages/en/cb6abd2b615f84b/Honda/CR-V/2026/2100/477735/grey/back_45_degree.png'},{url:'https://carimages.d2cmedia.ca/newcarimages/en/cb6abd2b615f84b/Honda/CR-V/2026/2100/477735/grey/driver_dashboard.png'},{url:'https://carimages.d2cmedia.ca/newcarimages/en/cb6abd2b615f84b/Honda/CR-V/2026/2100/477735/grey/full_dashboard.png'},{url:'https://carimages.d2cmedia.ca/newcarimages/en/cb6abd2b615f84b/Honda/CR-V/2026/2100/477735/grey/interior_driver_open_seat.png'},{url:'https://carimages.d2cmedia.ca/newcarimages/en/cb6abd2b615f84b/Honda/CR-V/2026/2100/477735/grey/interior_driver_stereo.png'},{url:'https://carimages.d2cmedia.ca/newcarimages/en/cb6abd2b615f84b/Honda/CR-V/2026/2100/477735/grey/interior_driver_reat_seats.png'}]",0,KM,https://www.castlehonda.ca/new/inventory/2026-Honda-CR_V-id14371403.html,2026 Honda CR-V SPORT 5D at Castle Honda,47110 CAD,New,Grey,,2214,Castle Honda,+1-416-745-7060,"{addr1: '370 Rexdale Blvd.', city: 'Etobicoke', region: 'Ontario', postal_code: 'M9W 1R6', country: 'CA'}",43.7180000000,-79.5860000000,,,,,https://www.castlehonda.ca/privacy-policy.html,New,2214,In stock,,47110 CAD,Free,
2HKRS4H58TH120905,2HKRS4H58TH120905,261078-new,Honda,CR-V,4DR AWD SPORT,2026,AUTOMATIC,SUV,GASOLINE,,"2026 Honda CR-V 4DR AWD SPORT, Black exterior","[{url:'https://imagescdn.d2cmedia.ca/cb6c3b315dab94aa2d886f8a94b1b130fa/2214/14287287/1/Honda-CR_V-2026.jpg'},{url:'https://imagescdn.d2cmedia.ca/s86c3b315dab94aa2d886f8a94b1b130fa/2214/14287287/1/Honda-CR_V-2026.jpg'},{url:'https://imagescdn.d2cmedia.ca/cb6c3b315dab94aa2d886f8a94b1b130fa/2214/14287287/2/Honda-CR_V-2026.jpg'},{url:'https://imagescdn.d2cmedia.ca/cb6c3b315dab94aa2d886f8a94b1b130fa/2214/14287287/3/Honda-CR_V-2026.jpg'},{url:'https://imagescdn.d2cmedia.ca/cb6c3b315dab94aa2d886f8a94b1b130fa/2214/14287287/4/Honda-CR_V-2026.jpg'},{url:'https://imagescdn.d2cmedia.ca/cb6c3b315dab94aa2d886f8a94b1b130fa/2214/14287287/5/Honda-CR_V-2026.jpg'},{url:'https://imagescdn.d2cmedia.ca/cb6c3b315dab94aa2d886f8a94b1b130fa/2214/14287287/6/Honda-CR_V-2026.jpg'},{url:'https://imagescdn.d2cmedia.ca/cb6c3b315dab94aa2d886f8a94b1b130fa/2214/14287287/7/Honda-CR_V-2026.jpg'},{url:'https://imagescdn.d2cmedia.ca/cb6c3b315dab94aa2d886f8a94b1b130fa/2214/14287287/8/Honda-CR_V-2026.jpg'},{url:'https://imagescdn.d2cmedia.ca/cb6c3b315dab94aa2d886f8a94b1b130fa/2214/14287287/9/Honda-CR_V-2026.jpg'}]",0,KM,https://www.castlehonda.ca/new/inventory/2026-Honda-CR_V-id14287287.html,2026 Honda CR-V 4DR AWD SPORT at Castle Honda,46520 CAD,New,Black,,2214,Castle Honda,+1-416-745-7060,"{addr1: '370 Rexdale Blvd.', city: 'Etobicoke', region: 'Ontario', postal_code: 'M9W 1R6', country: 'CA'}",43.7180000000,-79.5860000000,,,,,https://www.castlehonda.ca/privacy-policy.html,New,2214,In stock,,46520 CAD,Free,
