vehicle_id,vin,stock_number,make,model,trim,year,transmission,body_style,fuel_type,drivetrain,description,image,mileage.value,mileage.unit,url,title,price,state_of_vehicle,exterior_color,interior_color,dealer_id,dealer_name,dealer_phone,address,latitude,longitude,fb_page_id,features,vehicle_specifications,dealer_communication_channel,dealer_privacy_policy_url,custom_label_0,custom_label_1,custom_label_3,days_on_lot,sale_price,Sponsor,Range
SALYL2EXXTA835462,SALYL2EXXTA835462,L26-479-new,Land Rover,Range Rover Velar,P250 Dynamic SE *Ltd Avail*,2026,AUTOMATIC,SUV,GASOLINE,,"2026 Land Rover Range Rover Velar P250 Dynamic SE *Ltd Avail*, White exterior","[{url:'https://carimages.d2cmedia.ca/newcarimages/en/cb6aca0d799118e/Land Rover/Range Rover Velar/2026/1200/466363-UDI1MCBEeW5hbWljIFNFICpMdGQgQXZhaWwq/XDEDEDE/front45.png'},{url:'https://carimages.d2cmedia.ca/newcarimages/en/cb6aca0d799118e/Land Rover/Range Rover Velar/2026/1280/466363/Xdedede/front_45_degree.png'},{url:'https://carimages.d2cmedia.ca/newcarimages/en/cb6aca0d799118e/Land Rover/Range Rover Velar/2026/2100/466363/Xdedede/front_45_degree.png'},{url:'https://carimages.d2cmedia.ca/newcarimages/en/cb6aca0d799118e/Land Rover/Range Rover Velar/2026/2100/466363/Xdedede/profile.png'},{url:'https://carimages.d2cmedia.ca/newcarimages/en/cb6aca0d799118e/Land Rover/Range Rover Velar/2026/2100/466363/Xdedede/back_45_degree.png'},{url:'https://carimages.d2cmedia.ca/newcarimages/en/cb6aca0d799118e/Land Rover/Range Rover Velar/2026/2100/466363/Xdedede/driver_dashboard.png'},{url:'https://carimages.d2cmedia.ca/newcarimages/en/cb6aca0d799118e/Land Rover/Range Rover Velar/2026/2100/466363/Xdedede/full_dashboard.png'},{url:'https://carimages.d2cmedia.ca/newcarimages/en/cb6aca0d799118e/Land Rover/Range Rover Velar/2026/2100/466363/Xdedede/interior_driver_open_seat.png'},{url:'https://carimages.d2cmedia.ca/newcarimages/en/cb6aca0d799118e/Land Rover/Range Rover Velar/2026/2100/466363/Xdedede/interior_driver_stereo.png'},{url:'https://carimages.d2cmedia.ca/newcarimages/en/cb6aca0d799118e/Land Rover/Range Rover Velar/2026/2100/466363/Xdedede/interior_driver_reat_seats.png'}]",90,KM,https://www.landroverbrampton.com/new/inventory/2026-Land_Rover-Range_Rover_Velar-id14410614.html,2026 Land Rover Range Rover Velar P250 Dynamic SE *Ltd Avail* at Land Rover Brampton,84622 CAD,New,White,Black,3040,Land Rover Brampton,+1-905-500-2005,"{addr1: '50 Coachworks Cres', city: 'Brampton', region: 'Ontario', postal_code: 'L6R 3Y2', country: 'CA'}",43.7552740000,-79.7533260000,,,,,https://www.landroverbrampton.com/privacy-policy.html,New,3040,In stock,,84622 CAD,Free,
SALYL2EX1TA828237,SALYL2EX1TA828237,L26-158-new,Land Rover,Range Rover Velar,P250 Dynamic SE *Ltd Avail*,2026,AUTOMATIC,SUV,GASOLINE,,"2026 Land Rover Range Rover Velar P250 Dynamic SE *Ltd Avail*, Black exterior","[{url:'https://carimages.d2cmedia.ca/newcarimages/en/cb6aca0d799118e/Land Rover/Range Rover Velar/2026/1200/466363-UDI1MCBEeW5hbWljIFNFICpMdGQgQXZhaWwq/black/front45.png'},{url:'https://carimages.d2cmedia.ca/newcarimages/en/cb6aca0d799118e/Land Rover/Range Rover Velar/2026/1280/466363/black/front_45_degree.png'},{url:'https://carimages.d2cmedia.ca/newcarimages/en/cb6aca0d799118e/Land Rover/Range Rover Velar/2026/2100/466363/black/front_45_degree.png'},{url:'https://carimages.d2cmedia.ca/newcarimages/en/cb6aca0d799118e/Land Rover/Range Rover Velar/2026/2100/466363/black/profile.png'},{url:'https://carimages.d2cmedia.ca/newcarimages/en/cb6aca0d799118e/Land Rover/Range Rover Velar/2026/2100/466363/black/back_45_degree.png'},{url:'https://carimages.d2cmedia.ca/newcarimages/en/cb6aca0d799118e/Land Rover/Range Rover Velar/2026/2100/466363/black/driver_dashboard.png'},{url:'https://carimages.d2cmedia.ca/newcarimages/en/cb6aca0d799118e/Land Rover/Range Rover Velar/2026/2100/466363/black/full_dashboard.png'},{url:'https://carimages.d2cmedia.ca/newcarimages/en/cb6aca0d799118e/Land Rover/Range Rover Velar/2026/2100/466363/black/interior_driver_open_seat.png'},{url:'https://carimages.d2cmedia.ca/newcarimages/en/cb6aca0d799118e/Land Rover/Range Rover Velar/2026/2100/466363/black/interior_driver_stereo.png'},{url:'https://carimages.d2cmedia.ca/newcarimages/en/cb6aca0d799118e/Land Rover/Range Rover Velar/2026/2100/466363/black/interior_driver_reat_seats.png'}]",8833,KM,https://www.landroverbrampton.com/new/inventory/2026-Land_Rover-Range_Rover_Velar-id14357021.html,2026 Land Rover Range Rover Velar P250 Dynamic SE *Ltd Avail* at Land Rover Brampton,85271 CAD,New,Black,Black,3040,Land Rover Brampton,+1-905-500-2005,"{addr1: '50 Coachworks Cres', city: 'Brampton', region: 'Ontario', postal_code: 'L6R 3Y2', country: 'CA'}",43.7552740000,-79.7533260000,,,,,https://www.landroverbrampton.com/privacy-policy.html,New,3040,In stock,,85271 CAD,Free,
SALYL2EX3TA835481,SALYL2EX3TA835481,L26-481-new,Land Rover,Range Rover Velar,P250 Dynamic SE *Ltd Avail*,2026,AUTOMATIC,SUV,GASOLINE,,"2026 Land Rover Range Rover Velar P250 Dynamic SE *Ltd Avail*, Grey exterior","[{url:'https://imagescdn.d2cmedia.ca/cb6aca0d799118e/3040/13691078/1/Land Rover-Range Rover Velar-2026.jpg'},{url:'https://imagescdn.d2cmedia.ca/s86aca0d799118e/3040/13691078/1/Land Rover-Range_Rover_Velar-2026.jpg'},{url:'https://imagescdn.d2cmedia.ca/cb6aca0d799118e/3040/13691078/1/Land Rover-Range_Rover_Velar-2026.jpg'},{url:'https://imagescdn.d2cmedia.ca/cb6aca0d799118e/3040/13691078/2/Land Rover-Range_Rover_Velar-2026.jpg'},{url:'https://imagescdn.d2cmedia.ca/cb6aca0d799118e/3040/13691078/3/Land Rover-Range_Rover_Velar-2026.jpg'},{url:'https://imagescdn.d2cmedia.ca/cb6aca0d799118e/3040/13691078/4/Land Rover-Range_Rover_Velar-2026.jpg'},{url:'https://imagescdn.d2cmedia.ca/cb6aca0d799118e/3040/13691078/5/Land Rover-Range_Rover_Velar-2026.jpg'},{url:'https://imagescdn.d2cmedia.ca/cb6aca0d799118e/3040/13691078/6/Land Rover-Range_Rover_Velar-2026.jpg'},{url:'https://imagescdn.d2cmedia.ca/cb6aca0d799118e/3040/13691078/7/Land Rover-Range_Rover_Velar-2026.jpg'},{url:'https://imagescdn.d2cmedia.ca/cb6aca0d799118e/3040/13691078/8/Land Rover-Range_Rover_Velar-2026.jpg'}]",90,KM,https://www.landroverbrampton.com/new/inventory/2026-Land_Rover-Range_Rover_Velar-id13691078.html,2026 Land Rover Range Rover Velar P250 Dynamic SE *Ltd Avail* at Land Rover Brampton,85472 CAD,New,Grey,Black,3040,Land Rover Brampton,+1-905-500-2005,"{addr1: '50 Coachworks Cres', city: 'Brampton', region: 'Ontario', postal_code: 'L6R 3Y2', country: 'CA'}",43.7552740000,-79.7533260000,,,,,https://www.landroverbrampton.com/privacy-policy.html,New,3040,In stock,,85472 CAD,Free,
SALYL2EX1TA832868,SALYL2EX1TA832868,L26-483-new,Land Rover,Range Rover Velar,P250 Dynamic SE *Ltd Avail*,2026,AUTOMATIC,SUV,GASOLINE,,"2026 Land Rover Range Rover Velar P250 Dynamic SE *Ltd Avail*, Black exterior","[{url:'https://imagescdn.d2cmedia.ca/cb6aca0d799118e/3040/13538490/1/Land Rover-Range Rover Velar-2026.jpg'},{url:'https://imagescdn.d2cmedia.ca/s86aca0d799118e/3040/13538490/1/Land Rover-Range_Rover_Velar-2026.jpg'},{url:'https://imagescdn.d2cmedia.ca/cb6aca0d799118e/3040/13538490/1/Land Rover-Range_Rover_Velar-2026.jpg'},{url:'https://imagescdn.d2cmedia.ca/cb6aca0d799118e/3040/13538490/2/Land Rover-Range_Rover_Velar-2026.jpg'},{url:'https://imagescdn.d2cmedia.ca/cb6aca0d799118e/3040/13538490/3/Land Rover-Range_Rover_Velar-2026.jpg'},{url:'https://imagescdn.d2cmedia.ca/cb6aca0d799118e/3040/13538490/4/Land Rover-Range_Rover_Velar-2026.jpg'},{url:'https://imagescdn.d2cmedia.ca/cb6aca0d799118e/3040/13538490/5/Land Rover-Range_Rover_Velar-2026.jpg'},{url:'https://imagescdn.d2cmedia.ca/cb6aca0d799118e/3040/13538490/6/Land Rover-Range_Rover_Velar-2026.jpg'},{url:'https://imagescdn.d2cmedia.ca/cb6aca0d799118e/3040/13538490/7/Land Rover-Range_Rover_Velar-2026.jpg'},{url:'https://imagescdn.d2cmedia.ca/cb6aca0d799118e/3040/13538490/8/Land Rover-Range_Rover_Velar-2026.jpg'}]",90,KM,https://www.landroverbrampton.com/new/inventory/2026-Land_Rover-Range_Rover_Velar-id13538490.html,2026 Land Rover Range Rover Velar P250 Dynamic SE *Ltd Avail* at Land Rover Brampton,85522 CAD,New,Black,Black,3040,Land Rover Brampton,+1-905-500-2005,"{addr1: '50 Coachworks Cres', city: 'Brampton', region: 'Ontario', postal_code: 'L6R 3Y2', country: 'CA'}",43.7552740000,-79.7533260000,,,,,https://www.landroverbrampton.com/privacy-policy.html,New,3040,In stock,,85522 CAD,Free,
SALYL2EX1TA830375,SALYL2EX1TA830375,L26-248-new,Land Rover,Range Rover Velar,P250 Dynamic SE *Ltd Avail*,2026,AUTOMATIC,SUV,GASOLINE,,"2026 Land Rover Range Rover Velar P250 Dynamic SE *Ltd Avail*, Black exterior","[{url:'https://imagescdn.d2cmedia.ca/cb6aca0d799118e/3040/13360752/1/Land Rover-Range Rover Velar-2026.jpg'},{url:'https://imagescdn.d2cmedia.ca/s86aca0d799118e/3040/13360752/1/Land Rover-Range_Rover_Velar-2026.jpg'},{url:'https://imagescdn.d2cmedia.ca/cb6aca0d799118e/3040/13360752/1/Land Rover-Range_Rover_Velar-2026.jpg'},{url:'https://imagescdn.d2cmedia.ca/cb6aca0d799118e/3040/13360752/2/Land Rover-Range_Rover_Velar-2026.jpg'},{url:'https://imagescdn.d2cmedia.ca/cb6aca0d799118e/3040/13360752/3/Land Rover-Range_Rover_Velar-2026.jpg'},{url:'https://imagescdn.d2cmedia.ca/cb6aca0d799118e/3040/13360752/4/Land Rover-Range_Rover_Velar-2026.jpg'},{url:'https://imagescdn.d2cmedia.ca/cb6aca0d799118e/3040/13360752/5/Land Rover-Range_Rover_Velar-2026.jpg'},{url:'https://imagescdn.d2cmedia.ca/cb6aca0d799118e/3040/13360752/6/Land Rover-Range_Rover_Velar-2026.jpg'},{url:'https://imagescdn.d2cmedia.ca/cb6aca0d799118e/3040/13360752/7/Land Rover-Range_Rover_Velar-2026.jpg'},{url:'https://imagescdn.d2cmedia.ca/cb6aca0d799118e/3040/13360752/8/Land Rover-Range_Rover_Velar-2026.jpg'}]",90,KM,https://www.landroverbrampton.com/new/inventory/2026-Land_Rover-Range_Rover_Velar-id13360752.html,2026 Land Rover Range Rover Velar P250 Dynamic SE *Ltd Avail* at Land Rover Brampton,85872 CAD,New,Black,Black,3040,Land Rover Brampton,+1-905-500-2005,"{addr1: '50 Coachworks Cres', city: 'Brampton', region: 'Ontario', postal_code: 'L6R 3Y2', country: 'CA'}",43.7552740000,-79.7533260000,,,,,https://www.landroverbrampton.com/privacy-policy.html,New,3040,In stock,,85872 CAD,Free,
SALYL2EXXTA830486,SALYL2EXXTA830486,L26-242-new,Land Rover,Range Rover Velar,P250 Dynamic SE *Ltd Avail*,2026,AUTOMATIC,SUV,GASOLINE,,"2026 Land Rover Range Rover Velar P250 Dynamic SE *Ltd Avail*, Grey exterior","[{url:'https://carimages.d2cmedia.ca/newcarimages/en/cb6aca0d799118e/Land Rover/Range Rover Velar/2026/1200/466363-UDI1MCBEeW5hbWljIFNFICpMdGQgQXZhaWwq/XD7D9D8/front45.png'},{url:'https://carimages.d2cmedia.ca/newcarimages/en/cb6aca0d799118e/Land Rover/Range Rover Velar/2026/1280/466363/Xd7d9d8/front_45_degree.png'},{url:'https://carimages.d2cmedia.ca/newcarimages/en/cb6aca0d799118e/Land Rover/Range Rover Velar/2026/2100/466363/Xd7d9d8/front_45_degree.png'},{url:'https://carimages.d2cmedia.ca/newcarimages/en/cb6aca0d799118e/Land Rover/Range Rover Velar/2026/2100/466363/Xd7d9d8/profile.png'},{url:'https://carimages.d2cmedia.ca/newcarimages/en/cb6aca0d799118e/Land Rover/Range Rover Velar/2026/2100/466363/Xd7d9d8/back_45_degree.png'},{url:'https://carimages.d2cmedia.ca/newcarimages/en/cb6aca0d799118e/Land Rover/Range Rover Velar/2026/2100/466363/Xd7d9d8/driver_dashboard.png'},{url:'https://carimages.d2cmedia.ca/newcarimages/en/cb6aca0d799118e/Land Rover/Range Rover Velar/2026/2100/466363/Xd7d9d8/full_dashboard.png'},{url:'https://carimages.d2cmedia.ca/newcarimages/en/cb6aca0d799118e/Land Rover/Range Rover Velar/2026/2100/466363/Xd7d9d8/interior_driver_open_seat.png'},{url:'https://carimages.d2cmedia.ca/newcarimages/en/cb6aca0d799118e/Land Rover/Range Rover Velar/2026/2100/466363/Xd7d9d8/interior_driver_stereo.png'},{url:'https://carimages.d2cmedia.ca/newcarimages/en/cb6aca0d799118e/Land Rover/Range Rover Velar/2026/2100/466363/Xd7d9d8/interior_driver_reat_seats.png'}]",90,KM,https://www.landroverbrampton.com/new/inventory/2026-Land_Rover-Range_Rover_Velar-id14382611.html,2026 Land Rover Range Rover Velar P250 Dynamic SE *Ltd Avail* at Land Rover Brampton,86272 CAD,New,Grey,Black,3040,Land Rover Brampton,+1-905-500-2005,"{addr1: '50 Coachworks Cres', city: 'Brampton', region: 'Ontario', postal_code: 'L6R 3Y2', country: 'CA'}",43.7552740000,-79.7533260000,,,,,https://www.landroverbrampton.com/privacy-policy.html,New,3040,In stock,,86272 CAD,Free,
SALYV2EXXTA839943,SALYV2EXXTA839943,L26-641-new,Land Rover,Range Rover Velar,P250 Belgravia Edition,2026,AUTOMATIC,SUV,GASOLINE,,"2026 Land Rover Range Rover Velar P250 Belgravia Edition, White exterior","[{url:'https://imagescdn.d2cmedia.ca/cb6aca0d799118e/3040/14107396/1/Land Rover-Range Rover Velar-2026.jpg'},{url:'https://imagescdn.d2cmedia.ca/s86aca0d799118e/3040/14107396/1/Land Rover-Range_Rover_Velar-2026.jpg'},{url:'https://imagescdn.d2cmedia.ca/cb6aca0d799118e/3040/14107396/1/Land Rover-Range_Rover_Velar-2026.jpg'},{url:'https://imagescdn.d2cmedia.ca/cb6aca0d799118e/3040/14107396/2/Land Rover-Range_Rover_Velar-2026.jpg'},{url:'https://imagescdn.d2cmedia.ca/cb6aca0d799118e/3040/14107396/3/Land Rover-Range_Rover_Velar-2026.jpg'},{url:'https://imagescdn.d2cmedia.ca/cb6aca0d799118e/3040/14107396/4/Land Rover-Range_Rover_Velar-2026.jpg'},{url:'https://imagescdn.d2cmedia.ca/cb6aca0d799118e/3040/14107396/5/Land Rover-Range_Rover_Velar-2026.jpg'},{url:'https://imagescdn.d2cmedia.ca/cb6aca0d799118e/3040/14107396/6/Land Rover-Range_Rover_Velar-2026.jpg'},{url:'https://imagescdn.d2cmedia.ca/cb6aca0d799118e/3040/14107396/7/Land Rover-Range_Rover_Velar-2026.jpg'},{url:'https://imagescdn.d2cmedia.ca/cb6aca0d799118e/3040/14107396/8/Land Rover-Range_Rover_Velar-2026.jpg'}]",90,KM,https://www.landroverbrampton.com/new/inventory/2026-Land_Rover-Range_Rover_Velar-id14107396.html,2026 Land Rover Range Rover Velar P250 Belgravia Edition at Land Rover Brampton,86470 CAD,New,White,Black,3040,Land Rover Brampton,+1-905-500-2005,"{addr1: '50 Coachworks Cres', city: 'Brampton', region: 'Ontario', postal_code: 'L6R 3Y2', country: 'CA'}",43.7552740000,-79.7533260000,,,,,https://www.landroverbrampton.com/privacy-policy.html,New,3040,In stock,,86470 CAD,Free,
SALYL2EX1TA835303,SALYL2EX1TA835303,L26-482-new,Land Rover,Range Rover Velar,P250 Dynamic SE *Ltd Avail*,2026,AUTOMATIC,SUV,GASOLINE,,"2026 Land Rover Range Rover Velar P250 Dynamic SE *Ltd Avail*, Grey exterior","[{url:'https://imagescdn.d2cmedia.ca/cb6aca0d799118e/3040/13691079/1/Land Rover-Range Rover Velar-2026.jpg'},{url:'https://imagescdn.d2cmedia.ca/s86aca0d799118e/3040/13691079/1/Land Rover-Range_Rover_Velar-2026.jpg'},{url:'https://imagescdn.d2cmedia.ca/cb6aca0d799118e/3040/13691079/1/Land Rover-Range_Rover_Velar-2026.jpg'},{url:'https://imagescdn.d2cmedia.ca/cb6aca0d799118e/3040/13691079/2/Land Rover-Range_Rover_Velar-2026.jpg'},{url:'https://imagescdn.d2cmedia.ca/cb6aca0d799118e/3040/13691079/3/Land Rover-Range_Rover_Velar-2026.jpg'},{url:'https://imagescdn.d2cmedia.ca/cb6aca0d799118e/3040/13691079/4/Land Rover-Range_Rover_Velar-2026.jpg'},{url:'https://imagescdn.d2cmedia.ca/cb6aca0d799118e/3040/13691079/5/Land Rover-Range_Rover_Velar-2026.jpg'},{url:'https://imagescdn.d2cmedia.ca/cb6aca0d799118e/3040/13691079/6/Land Rover-Range_Rover_Velar-2026.jpg'},{url:'https://imagescdn.d2cmedia.ca/cb6aca0d799118e/3040/13691079/7/Land Rover-Range_Rover_Velar-2026.jpg'},{url:'https://imagescdn.d2cmedia.ca/cb6aca0d799118e/3040/13691079/8/Land Rover-Range_Rover_Velar-2026.jpg'}]",90,KM,https://www.landroverbrampton.com/new/inventory/2026-Land_Rover-Range_Rover_Velar-id13691079.html,2026 Land Rover Range Rover Velar P250 Dynamic SE *Ltd Avail* at Land Rover Brampton,86622 CAD,New,Grey,Black,3040,Land Rover Brampton,+1-905-500-2005,"{addr1: '50 Coachworks Cres', city: 'Brampton', region: 'Ontario', postal_code: 'L6R 3Y2', country: 'CA'}",43.7552740000,-79.7533260000,,,,,https://www.landroverbrampton.com/privacy-policy.html,New,3040,In stock,,86622 CAD,Free,
SALYV2EXXTA840011,SALYV2EXXTA840011,L26-645-new,Land Rover,Range Rover Velar,P250 Belgravia Edition,2026,AUTOMATIC,SUV,GASOLINE,,"2026 Land Rover Range Rover Velar P250 Belgravia Edition, White exterior","[{url:'https://carimages.d2cmedia.ca/newcarimages/en/cb6aca0d799118e/Land Rover/Range Rover Velar/2026/1200/484290-UDI1MCBCZWxncmF2aWEgRWRpdGlvbg/XDEDEDE/front45.png'},{url:'https://carimages.d2cmedia.ca/newcarimages/en/cb6aca0d799118e/Land Rover/Range Rover Velar/2026/1280/484290/Xdedede/front_45_degree.png'},{url:'https://carimages.d2cmedia.ca/newcarimages/en/cb6aca0d799118e/Land Rover/Range Rover Velar/2026/2100/484290/Xdedede/front_45_degree.png'},{url:'https://carimages.d2cmedia.ca/newcarimages/en/cb6aca0d799118e/Land Rover/Range Rover Velar/2026/2100/484290/Xdedede/profile.png'},{url:'https://carimages.d2cmedia.ca/newcarimages/en/cb6aca0d799118e/Land Rover/Range Rover Velar/2026/2100/484290/Xdedede/back_45_degree.png'},{url:'https://carimages.d2cmedia.ca/newcarimages/en/cb6aca0d799118e/Land Rover/Range Rover Velar/2026/2100/484290/Xdedede/driver_dashboard.png'},{url:'https://carimages.d2cmedia.ca/newcarimages/en/cb6aca0d799118e/Land Rover/Range Rover Velar/2026/2100/484290/Xdedede/full_dashboard.png'},{url:'https://carimages.d2cmedia.ca/newcarimages/en/cb6aca0d799118e/Land Rover/Range Rover Velar/2026/2100/484290/Xdedede/interior_driver_open_seat.png'},{url:'https://carimages.d2cmedia.ca/newcarimages/en/cb6aca0d799118e/Land Rover/Range Rover Velar/2026/2100/484290/Xdedede/interior_driver_stereo.png'},{url:'https://carimages.d2cmedia.ca/newcarimages/en/cb6aca0d799118e/Land Rover/Range Rover Velar/2026/2100/484290/Xdedede/interior_driver_reat_seats.png'}]",90,KM,https://www.landroverbrampton.com/new/inventory/2026-Land_Rover-Range_Rover_Velar-id14107398.html,2026 Land Rover Range Rover Velar P250 Belgravia Edition at Land Rover Brampton,86689 CAD,New,White,Black,3040,Land Rover Brampton,+1-905-500-2005,"{addr1: '50 Coachworks Cres', city: 'Brampton', region: 'Ontario', postal_code: 'L6R 3Y2', country: 'CA'}",43.7552740000,-79.7533260000,,,,,https://www.landroverbrampton.com/privacy-policy.html,New,3040,In stock,,86689 CAD,Free,
SALYL2EX1TA830733,SALYL2EX1TA830733,L26-239-new,Land Rover,Range Rover Velar,P250 Dynamic SE *Ltd Avail*,2026,AUTOMATIC,SUV,GASOLINE,,"2026 Land Rover Range Rover Velar P250 Dynamic SE *Ltd Avail*, Grey exterior","[{url:'https://imagescdn.d2cmedia.ca/cb6aca0d799118e/3040/13325689/1/Land Rover-Range Rover Velar-2026.jpg'},{url:'https://imagescdn.d2cmedia.ca/s86aca0d799118e/3040/13325689/1/Land Rover-Range_Rover_Velar-2026.jpg'},{url:'https://imagescdn.d2cmedia.ca/cb6aca0d799118e/3040/13325689/1/Land Rover-Range_Rover_Velar-2026.jpg'},{url:'https://imagescdn.d2cmedia.ca/cb6aca0d799118e/3040/13325689/2/Land Rover-Range_Rover_Velar-2026.jpg'},{url:'https://imagescdn.d2cmedia.ca/cb6aca0d799118e/3040/13325689/3/Land Rover-Range_Rover_Velar-2026.jpg'},{url:'https://imagescdn.d2cmedia.ca/cb6aca0d799118e/3040/13325689/4/Land Rover-Range_Rover_Velar-2026.jpg'},{url:'https://imagescdn.d2cmedia.ca/cb6aca0d799118e/3040/13325689/5/Land Rover-Range_Rover_Velar-2026.jpg'},{url:'https://imagescdn.d2cmedia.ca/cb6aca0d799118e/3040/13325689/6/Land Rover-Range_Rover_Velar-2026.jpg'},{url:'https://imagescdn.d2cmedia.ca/cb6aca0d799118e/3040/13325689/7/Land Rover-Range_Rover_Velar-2026.jpg'},{url:'https://imagescdn.d2cmedia.ca/cb6aca0d799118e/3040/13325689/8/Land Rover-Range_Rover_Velar-2026.jpg'}]",90,KM,https://www.landroverbrampton.com/new/inventory/2026-Land_Rover-Range_Rover_Velar-id13325689.html,2026 Land Rover Range Rover Velar P250 Dynamic SE *Ltd Avail* at Land Rover Brampton,87122 CAD,New,Grey,Brown,3040,Land Rover Brampton,+1-905-500-2005,"{addr1: '50 Coachworks Cres', city: 'Brampton', region: 'Ontario', postal_code: 'L6R 3Y2', country: 'CA'}",43.7552740000,-79.7533260000,,,,,https://www.landroverbrampton.com/privacy-policy.html,New,3040,In stock,,87122 CAD,Free,
SALYL2EX4TA830516,SALYL2EX4TA830516,L26-337-new,Land Rover,Range Rover Velar,P250 Dynamic SE *Ltd Avail*,2026,AUTOMATIC,SUV,GASOLINE,,"2026 Land Rover Range Rover Velar P250 Dynamic SE *Ltd Avail*, Black exterior","[{url:'https://imagescdn.d2cmedia.ca/cb6aca0d799118e/3040/13360762/1/Land Rover-Range Rover Velar-2026.jpg'},{url:'https://imagescdn.d2cmedia.ca/s86aca0d799118e/3040/13360762/1/Land Rover-Range_Rover_Velar-2026.jpg'},{url:'https://imagescdn.d2cmedia.ca/cb6aca0d799118e/3040/13360762/1/Land Rover-Range_Rover_Velar-2026.jpg'},{url:'https://imagescdn.d2cmedia.ca/cb6aca0d799118e/3040/13360762/2/Land Rover-Range_Rover_Velar-2026.jpg'},{url:'https://imagescdn.d2cmedia.ca/cb6aca0d799118e/3040/13360762/3/Land Rover-Range_Rover_Velar-2026.jpg'},{url:'https://imagescdn.d2cmedia.ca/cb6aca0d799118e/3040/13360762/4/Land Rover-Range_Rover_Velar-2026.jpg'},{url:'https://imagescdn.d2cmedia.ca/cb6aca0d799118e/3040/13360762/5/Land Rover-Range_Rover_Velar-2026.jpg'},{url:'https://imagescdn.d2cmedia.ca/cb6aca0d799118e/3040/13360762/6/Land Rover-Range_Rover_Velar-2026.jpg'},{url:'https://imagescdn.d2cmedia.ca/cb6aca0d799118e/3040/13360762/7/Land Rover-Range_Rover_Velar-2026.jpg'},{url:'https://imagescdn.d2cmedia.ca/cb6aca0d799118e/3040/13360762/8/Land Rover-Range_Rover_Velar-2026.jpg'}]",90,KM,https://www.landroverbrampton.com/new/inventory/2026-Land_Rover-Range_Rover_Velar-id13360762.html,2026 Land Rover Range Rover Velar P250 Dynamic SE *Ltd Avail* at Land Rover Brampton,87322 CAD,New,Black,Black,3040,Land Rover Brampton,+1-905-500-2005,"{addr1: '50 Coachworks Cres', city: 'Brampton', region: 'Ontario', postal_code: 'L6R 3Y2', country: 'CA'}",43.7552740000,-79.7533260000,,,,,https://www.landroverbrampton.com/privacy-policy.html,New,3040,In stock,,87322 CAD,Free,
SALYL2EX4TA830628,SALYL2EX4TA830628,L26-246-new,Land Rover,Range Rover Velar,P250 Dynamic SE *Ltd Avail*,2026,AUTOMATIC,SUV,GASOLINE,,"2026 Land Rover Range Rover Velar P250 Dynamic SE *Ltd Avail*, Grey exterior","[{url:'https://imagescdn.d2cmedia.ca/cb6aca0d799118e/3040/13360749/1/Land Rover-Range Rover Velar-2026.jpg'},{url:'https://imagescdn.d2cmedia.ca/s86aca0d799118e/3040/13360749/1/Land Rover-Range_Rover_Velar-2026.jpg'},{url:'https://imagescdn.d2cmedia.ca/cb6aca0d799118e/3040/13360749/1/Land Rover-Range_Rover_Velar-2026.jpg'},{url:'https://imagescdn.d2cmedia.ca/cb6aca0d799118e/3040/13360749/2/Land Rover-Range_Rover_Velar-2026.jpg'},{url:'https://imagescdn.d2cmedia.ca/cb6aca0d799118e/3040/13360749/3/Land Rover-Range_Rover_Velar-2026.jpg'},{url:'https://imagescdn.d2cmedia.ca/cb6aca0d799118e/3040/13360749/4/Land Rover-Range_Rover_Velar-2026.jpg'},{url:'https://imagescdn.d2cmedia.ca/cb6aca0d799118e/3040/13360749/5/Land Rover-Range_Rover_Velar-2026.jpg'},{url:'https://imagescdn.d2cmedia.ca/cb6aca0d799118e/3040/13360749/6/Land Rover-Range_Rover_Velar-2026.jpg'},{url:'https://imagescdn.d2cmedia.ca/cb6aca0d799118e/3040/13360749/7/Land Rover-Range_Rover_Velar-2026.jpg'},{url:'https://imagescdn.d2cmedia.ca/cb6aca0d799118e/3040/13360749/8/Land Rover-Range_Rover_Velar-2026.jpg'}]",90,KM,https://www.landroverbrampton.com/new/inventory/2026-Land_Rover-Range_Rover_Velar-id13360749.html,2026 Land Rover Range Rover Velar P250 Dynamic SE *Ltd Avail* at Land Rover Brampton,88122 CAD,New,Grey,Black,3040,Land Rover Brampton,+1-905-500-2005,"{addr1: '50 Coachworks Cres', city: 'Brampton', region: 'Ontario', postal_code: 'L6R 3Y2', country: 'CA'}",43.7552740000,-79.7533260000,,,,,https://www.landroverbrampton.com/privacy-policy.html,New,3040,In stock,,88122 CAD,Free,
SALRL2FX9T2524148,SALRL2FX9T2524148,L26-437-new,Land Rover,Land Rover Discovery,P300 Dynamic SE,2026,AUTOMATIC,SUV,GASOLINE,,"2026 Land Rover Land Rover Discovery P300 Dynamic SE, White exterior","[{url:'https://imagescdn.d2cmedia.ca/cb6aca0d799118e/3040/13691070/1/Land Rover-Land Rover Discovery-2026.jpg'},{url:'https://imagescdn.d2cmedia.ca/s86aca0d799118e/3040/13691070/1/Land Rover-Land_Rover_Discovery-2026.jpg'},{url:'https://imagescdn.d2cmedia.ca/cb6aca0d799118e/3040/13691070/1/Land Rover-Land_Rover_Discovery-2026.jpg'},{url:'https://imagescdn.d2cmedia.ca/cb6aca0d799118e/3040/13691070/2/Land Rover-Land_Rover_Discovery-2026.jpg'},{url:'https://imagescdn.d2cmedia.ca/cb6aca0d799118e/3040/13691070/3/Land Rover-Land_Rover_Discovery-2026.jpg'},{url:'https://imagescdn.d2cmedia.ca/cb6aca0d799118e/3040/13691070/4/Land Rover-Land_Rover_Discovery-2026.jpg'},{url:'https://imagescdn.d2cmedia.ca/cb6aca0d799118e/3040/13691070/5/Land Rover-Land_Rover_Discovery-2026.jpg'},{url:'https://imagescdn.d2cmedia.ca/cb6aca0d799118e/3040/13691070/6/Land Rover-Land_Rover_Discovery-2026.jpg'},{url:'https://imagescdn.d2cmedia.ca/cb6aca0d799118e/3040/13691070/7/Land Rover-Land_Rover_Discovery-2026.jpg'},{url:'https://imagescdn.d2cmedia.ca/cb6aca0d799118e/3040/13691070/8/Land Rover-Land_Rover_Discovery-2026.jpg'}]",90,KM,https://www.landroverbrampton.com/new/inventory/2026-Land_Rover-Land_Rover_Discovery-id13691070.html,2026 Land Rover Land Rover Discovery P300 Dynamic SE at Land Rover Brampton,90452 CAD,New,White,Black,3040,Land Rover Brampton,+1-905-500-2005,"{addr1: '50 Coachworks Cres', city: 'Brampton', region: 'Ontario', postal_code: 'L6R 3Y2', country: 'CA'}",43.7552740000,-79.7533260000,,,,,https://www.landroverbrampton.com/privacy-policy.html,New,3040,In stock,,90452 CAD,Free,
SALYL2EU4TA830411,SALYL2EU4TA830411,L26-247-new,Land Rover,Range Rover Velar,P340 Dynamic SE *Ltd Avail*,2026,AUTOMATIC,SUV,GASOLINE,,"2026 Land Rover Range Rover Velar P340 Dynamic SE *Ltd Avail*, Black exterior","[{url:'https://imagescdn.d2cmedia.ca/cb6aca0d799118e/3040/13360750/1/Land Rover-Range Rover Velar-2026.jpg'},{url:'https://imagescdn.d2cmedia.ca/s86aca0d799118e/3040/13360750/1/Land Rover-Range_Rover_Velar-2026.jpg'},{url:'https://imagescdn.d2cmedia.ca/cb6aca0d799118e/3040/13360750/1/Land Rover-Range_Rover_Velar-2026.jpg'},{url:'https://imagescdn.d2cmedia.ca/cb6aca0d799118e/3040/13360750/2/Land Rover-Range_Rover_Velar-2026.jpg'},{url:'https://imagescdn.d2cmedia.ca/cb6aca0d799118e/3040/13360750/3/Land Rover-Range_Rover_Velar-2026.jpg'},{url:'https://imagescdn.d2cmedia.ca/cb6aca0d799118e/3040/13360750/4/Land Rover-Range_Rover_Velar-2026.jpg'},{url:'https://imagescdn.d2cmedia.ca/cb6aca0d799118e/3040/13360750/5/Land Rover-Range_Rover_Velar-2026.jpg'},{url:'https://imagescdn.d2cmedia.ca/cb6aca0d799118e/3040/13360750/6/Land Rover-Range_Rover_Velar-2026.jpg'},{url:'https://imagescdn.d2cmedia.ca/cb6aca0d799118e/3040/13360750/7/Land Rover-Range_Rover_Velar-2026.jpg'},{url:'https://imagescdn.d2cmedia.ca/cb6aca0d799118e/3040/13360750/8/Land Rover-Range_Rover_Velar-2026.jpg'}]",90,KM,https://www.landroverbrampton.com/new/inventory/2026-Land_Rover-Range_Rover_Velar-id13360750.html,2026 Land Rover Range Rover Velar P340 Dynamic SE *Ltd Avail* at Land Rover Brampton,91372 CAD,New,Black,"Cloud, Textile Seat Trim",3040,Land Rover Brampton,+1-905-500-2005,"{addr1: '50 Coachworks Cres', city: 'Brampton', region: 'Ontario', postal_code: 'L6R 3Y2', country: 'CA'}",43.7552740000,-79.7533260000,,,,,https://www.landroverbrampton.com/privacy-policy.html,New,3040,In stock,,91372 CAD,Free,
SALYV2EU4TA842214,SALYV2EU4TA842214,L26-766-new,Land Rover,Range Rover Velar,P340 Belgravia Edition,2026,AUTOMATIC,SUV,GASOLINE,,"2026 Land Rover Range Rover Velar P340 Belgravia Edition, Black exterior","[{url:'https://carimages.d2cmedia.ca/newcarimages/en/cb6aca0d799118e/Land Rover/Range Rover Velar/2026/1200/484291-UDM0MCBCZWxncmF2aWEgRWRpdGlvbg/black/front45.png'},{url:'https://carimages.d2cmedia.ca/newcarimages/en/cb6aca0d799118e/Land Rover/Range Rover Velar/2026/1280/484291/black/front_45_degree.png'},{url:'https://carimages.d2cmedia.ca/newcarimages/en/cb6aca0d799118e/Land Rover/Range Rover Velar/2026/2100/484291/black/front_45_degree.png'},{url:'https://carimages.d2cmedia.ca/newcarimages/en/cb6aca0d799118e/Land Rover/Range Rover Velar/2026/2100/484291/black/profile.png'},{url:'https://carimages.d2cmedia.ca/newcarimages/en/cb6aca0d799118e/Land Rover/Range Rover Velar/2026/2100/484291/black/back_45_degree.png'},{url:'https://carimages.d2cmedia.ca/newcarimages/en/cb6aca0d799118e/Land Rover/Range Rover Velar/2026/2100/484291/black/driver_dashboard.png'},{url:'https://carimages.d2cmedia.ca/newcarimages/en/cb6aca0d799118e/Land Rover/Range Rover Velar/2026/2100/484291/black/full_dashboard.png'},{url:'https://carimages.d2cmedia.ca/newcarimages/en/cb6aca0d799118e/Land Rover/Range Rover Velar/2026/2100/484291/black/interior_driver_open_seat.png'},{url:'https://carimages.d2cmedia.ca/newcarimages/en/cb6aca0d799118e/Land Rover/Range Rover Velar/2026/2100/484291/black/interior_driver_stereo.png'},{url:'https://carimages.d2cmedia.ca/newcarimages/en/cb6aca0d799118e/Land Rover/Range Rover Velar/2026/2100/484291/black/interior_driver_reat_seats.png'}]",90,KM,https://www.landroverbrampton.com/new/inventory/2026-Land_Rover-Range_Rover_Velar-id14324155.html,2026 Land Rover Range Rover Velar P340 Belgravia Edition at Land Rover Brampton,91577 CAD,New,Black,Black,3040,Land Rover Brampton,+1-905-500-2005,"{addr1: '50 Coachworks Cres', city: 'Brampton', region: 'Ontario', postal_code: 'L6R 3Y2', country: 'CA'}",43.7552740000,-79.7533260000,,,,,https://www.landroverbrampton.com/privacy-policy.html,New,3040,In stock,,91577 CAD,Free,
SALYV2EU8TA839588,SALYV2EU8TA839588,L26-644-new,Land Rover,Range Rover Velar,P340 Belgravia Edition,2026,AUTOMATIC,SUV,GASOLINE,,"2026 Land Rover Range Rover Velar P340 Belgravia Edition, White exterior","[{url:'https://carimages.d2cmedia.ca/newcarimages/en/cb6aca0d799118e/Land Rover/Range Rover Velar/2026/1200/484291-UDM0MCBCZWxncmF2aWEgRWRpdGlvbg/XDEDEDE/front45.png'},{url:'https://carimages.d2cmedia.ca/newcarimages/en/cb6aca0d799118e/Land Rover/Range Rover Velar/2026/1280/484291/Xdedede/front_45_degree.png'},{url:'https://carimages.d2cmedia.ca/newcarimages/en/cb6aca0d799118e/Land Rover/Range Rover Velar/2026/2100/484291/Xdedede/front_45_degree.png'},{url:'https://carimages.d2cmedia.ca/newcarimages/en/cb6aca0d799118e/Land Rover/Range Rover Velar/2026/2100/484291/Xdedede/profile.png'},{url:'https://carimages.d2cmedia.ca/newcarimages/en/cb6aca0d799118e/Land Rover/Range Rover Velar/2026/2100/484291/Xdedede/back_45_degree.png'},{url:'https://carimages.d2cmedia.ca/newcarimages/en/cb6aca0d799118e/Land Rover/Range Rover Velar/2026/2100/484291/Xdedede/driver_dashboard.png'},{url:'https://carimages.d2cmedia.ca/newcarimages/en/cb6aca0d799118e/Land Rover/Range Rover Velar/2026/2100/484291/Xdedede/full_dashboard.png'},{url:'https://carimages.d2cmedia.ca/newcarimages/en/cb6aca0d799118e/Land Rover/Range Rover Velar/2026/2100/484291/Xdedede/interior_driver_open_seat.png'},{url:'https://carimages.d2cmedia.ca/newcarimages/en/cb6aca0d799118e/Land Rover/Range Rover Velar/2026/2100/484291/Xdedede/interior_driver_stereo.png'},{url:'https://carimages.d2cmedia.ca/newcarimages/en/cb6aca0d799118e/Land Rover/Range Rover Velar/2026/2100/484291/Xdedede/interior_driver_reat_seats.png'}]",90,KM,https://www.landroverbrampton.com/new/inventory/2026-Land_Rover-Range_Rover_Velar-id14240604.html,2026 Land Rover Range Rover Velar P340 Belgravia Edition at Land Rover Brampton,92445 CAD,New,White,Black,3040,Land Rover Brampton,+1-905-500-2005,"{addr1: '50 Coachworks Cres', city: 'Brampton', region: 'Ontario', postal_code: 'L6R 3Y2', country: 'CA'}",43.7552740000,-79.7533260000,,,,,https://www.landroverbrampton.com/privacy-policy.html,New,3040,In stock,,92445 CAD,Free,
SALYV2EU3TA839868,SALYV2EU3TA839868,L26-643-new,Land Rover,Range Rover Velar,P340 Belgravia Edition,2026,AUTOMATIC,SUV,GASOLINE,,"2026 Land Rover Range Rover Velar P340 Belgravia Edition, White exterior","[{url:'https://carimages.d2cmedia.ca/newcarimages/en/cb6aca0d799118e/Land Rover/Range Rover Velar/2026/1200/484291-UDM0MCBCZWxncmF2aWEgRWRpdGlvbg/XDEDEDE/front45.png'},{url:'https://carimages.d2cmedia.ca/newcarimages/en/cb6aca0d799118e/Land Rover/Range Rover Velar/2026/1280/484291/Xdedede/front_45_degree.png'},{url:'https://carimages.d2cmedia.ca/newcarimages/en/cb6aca0d799118e/Land Rover/Range Rover Velar/2026/2100/484291/Xdedede/front_45_degree.png'},{url:'https://carimages.d2cmedia.ca/newcarimages/en/cb6aca0d799118e/Land Rover/Range Rover Velar/2026/2100/484291/Xdedede/profile.png'},{url:'https://carimages.d2cmedia.ca/newcarimages/en/cb6aca0d799118e/Land Rover/Range Rover Velar/2026/2100/484291/Xdedede/back_45_degree.png'},{url:'https://carimages.d2cmedia.ca/newcarimages/en/cb6aca0d799118e/Land Rover/Range Rover Velar/2026/2100/484291/Xdedede/driver_dashboard.png'},{url:'https://carimages.d2cmedia.ca/newcarimages/en/cb6aca0d799118e/Land Rover/Range Rover Velar/2026/2100/484291/Xdedede/full_dashboard.png'},{url:'https://carimages.d2cmedia.ca/newcarimages/en/cb6aca0d799118e/Land Rover/Range Rover Velar/2026/2100/484291/Xdedede/interior_driver_open_seat.png'},{url:'https://carimages.d2cmedia.ca/newcarimages/en/cb6aca0d799118e/Land Rover/Range Rover Velar/2026/2100/484291/Xdedede/interior_driver_stereo.png'},{url:'https://carimages.d2cmedia.ca/newcarimages/en/cb6aca0d799118e/Land Rover/Range Rover Velar/2026/2100/484291/Xdedede/interior_driver_reat_seats.png'}]",90,KM,https://www.landroverbrampton.com/new/inventory/2026-Land_Rover-Range_Rover_Velar-id14107397.html,2026 Land Rover Range Rover Velar P340 Belgravia Edition at Land Rover Brampton,92452 CAD,New,White,Black,3040,Land Rover Brampton,+1-905-500-2005,"{addr1: '50 Coachworks Cres', city: 'Brampton', region: 'Ontario', postal_code: 'L6R 3Y2', country: 'CA'}",43.7552740000,-79.7533260000,,,,,https://www.landroverbrampton.com/privacy-policy.html,New,3040,In stock,,92452 CAD,Free,
SALYL2EUXTA835449,SALYL2EUXTA835449,L26-475-new,Land Rover,Range Rover Velar,P340 Dynamic SE *Ltd Avail*,2026,AUTOMATIC,SUV,GASOLINE,,"2026 Land Rover Range Rover Velar P340 Dynamic SE *Ltd Avail*, Black exterior","[{url:'https://imagescdn.d2cmedia.ca/cb6aca0d799118e/3040/13691076/1/Land Rover-Range Rover Velar-2026.jpg'},{url:'https://imagescdn.d2cmedia.ca/s86aca0d799118e/3040/13691076/1/Land Rover-Range_Rover_Velar-2026.jpg'},{url:'https://imagescdn.d2cmedia.ca/cb6aca0d799118e/3040/13691076/1/Land Rover-Range_Rover_Velar-2026.jpg'},{url:'https://imagescdn.d2cmedia.ca/cb6aca0d799118e/3040/13691076/2/Land Rover-Range_Rover_Velar-2026.jpg'},{url:'https://imagescdn.d2cmedia.ca/cb6aca0d799118e/3040/13691076/3/Land Rover-Range_Rover_Velar-2026.jpg'},{url:'https://imagescdn.d2cmedia.ca/cb6aca0d799118e/3040/13691076/4/Land Rover-Range_Rover_Velar-2026.jpg'},{url:'https://imagescdn.d2cmedia.ca/cb6aca0d799118e/3040/13691076/5/Land Rover-Range_Rover_Velar-2026.jpg'},{url:'https://imagescdn.d2cmedia.ca/cb6aca0d799118e/3040/13691076/6/Land Rover-Range_Rover_Velar-2026.jpg'},{url:'https://imagescdn.d2cmedia.ca/cb6aca0d799118e/3040/13691076/7/Land Rover-Range_Rover_Velar-2026.jpg'},{url:'https://imagescdn.d2cmedia.ca/cb6aca0d799118e/3040/13691076/8/Land Rover-Range_Rover_Velar-2026.jpg'}]",90,KM,https://www.landroverbrampton.com/new/inventory/2026-Land_Rover-Range_Rover_Velar-id13691076.html,2026 Land Rover Range Rover Velar P340 Dynamic SE *Ltd Avail* at Land Rover Brampton,94432 CAD,New,Black,Black,3040,Land Rover Brampton,+1-905-500-2005,"{addr1: '50 Coachworks Cres', city: 'Brampton', region: 'Ontario', postal_code: 'L6R 3Y2', country: 'CA'}",43.7552740000,-79.7533260000,,,,,https://www.landroverbrampton.com/privacy-policy.html,New,3040,In stock,,94432 CAD,Free,
SALEJ7EX2T2664061,SALEJ7EX2T2664061,L26-757-new,Land Rover,Defender,110 P300 S,2026,AUTOMATIC,SUV,GASOLINE,,"2026 Land Rover Defender 110 P300 S, Grey exterior","[{url:'https://imagescdn.d2cmedia.ca/cb6aca0d799118e/3040/14308467/1/Land Rover-Defender-2026.jpg'},{url:'https://imagescdn.d2cmedia.ca/s86aca0d799118e/3040/14308467/1/Land Rover-Defender-2026.jpg'},{url:'https://imagescdn.d2cmedia.ca/cb6aca0d799118e/3040/14308467/2/Land Rover-Defender-2026.jpg'},{url:'https://imagescdn.d2cmedia.ca/cb6aca0d799118e/3040/14308467/3/Land Rover-Defender-2026.jpg'},{url:'https://imagescdn.d2cmedia.ca/cb6aca0d799118e/3040/14308467/4/Land Rover-Defender-2026.jpg'},{url:'https://imagescdn.d2cmedia.ca/cb6aca0d799118e/3040/14308467/5/Land Rover-Defender-2026.jpg'},{url:'https://imagescdn.d2cmedia.ca/cb6aca0d799118e/3040/14308467/6/Land Rover-Defender-2026.jpg'},{url:'https://imagescdn.d2cmedia.ca/cb6aca0d799118e/3040/14308467/7/Land Rover-Defender-2026.jpg'},{url:'https://imagescdn.d2cmedia.ca/cb6aca0d799118e/3040/14308467/8/Land Rover-Defender-2026.jpg'},{url:'https://imagescdn.d2cmedia.ca/cb6aca0d799118e/3040/14308467/9/Land Rover-Defender-2026.jpg'}]",90,KM,https://www.landroverbrampton.com/new/inventory/2026-Land_Rover-Defender-id14308467.html,2026 Land Rover Defender 110 P300 S at Land Rover Brampton,95804 CAD,New,Grey,Brown,3040,Land Rover Brampton,+1-905-500-2005,"{addr1: '50 Coachworks Cres', city: 'Brampton', region: 'Ontario', postal_code: 'L6R 3Y2', country: 'CA'}",43.7552740000,-79.7533260000,,,,,https://www.landroverbrampton.com/privacy-policy.html,New,3040,In stock,,95804 CAD,Free,
SALEJ7EX6T2665648,SALEJ7EX6T2665648,L26-726-new,Land Rover,Defender,110 P300 S,2026,AUTOMATIC,SUV,GASOLINE,,"2026 Land Rover Defender 110 P300 S, Black exterior","[{url:'https://carimages.d2cmedia.ca/newcarimages/en/cb6aca0d799118e/Land Rover/Defender/2026/1200/478771-MTEwIFAzMDAgUw/black/front45.png'},{url:'https://carimages.d2cmedia.ca/newcarimages/en/cb6aca0d799118e/Land Rover/Defender/2026/1280/478771/black/front_45_degree.png'},{url:'https://carimages.d2cmedia.ca/newcarimages/en/cb6aca0d799118e/Land Rover/Defender/2026/2100/478771/black/front_45_degree.png'},{url:'https://carimages.d2cmedia.ca/newcarimages/en/cb6aca0d799118e/Land Rover/Defender/2026/2100/478771/black/profile.png'},{url:'https://carimages.d2cmedia.ca/newcarimages/en/cb6aca0d799118e/Land Rover/Defender/2026/2100/478771/black/back_45_degree.png'},{url:'https://carimages.d2cmedia.ca/newcarimages/en/cb6aca0d799118e/Land Rover/Defender/2026/2100/478771/black/driver_dashboard.png'},{url:'https://carimages.d2cmedia.ca/newcarimages/en/cb6aca0d799118e/Land Rover/Defender/2026/2100/478771/black/full_dashboard.png'},{url:'https://carimages.d2cmedia.ca/newcarimages/en/cb6aca0d799118e/Land Rover/Defender/2026/2100/478771/black/interior_driver_open_seat.png'},{url:'https://carimages.d2cmedia.ca/newcarimages/en/cb6aca0d799118e/Land Rover/Defender/2026/2100/478771/black/interior_driver_stereo.png'},{url:'https://carimages.d2cmedia.ca/newcarimages/en/cb6aca0d799118e/Land Rover/Defender/2026/2100/478771/black/interior_driver_reat_seats.png'}]",90,KM,https://www.landroverbrampton.com/new/inventory/2026-Land_Rover-Defender-id14308464.html,2026 Land Rover Defender 110 P300 S at Land Rover Brampton,95914 CAD,New,Black,Black,3040,Land Rover Brampton,+1-905-500-2005,"{addr1: '50 Coachworks Cres', city: 'Brampton', region: 'Ontario', postal_code: 'L6R 3Y2', country: 'CA'}",43.7552740000,-79.7533260000,,,,,https://www.landroverbrampton.com/privacy-policy.html,New,3040,In stock,,95914 CAD,Free,
SALEJ7EXXT2665149,SALEJ7EXXT2665149,L26-732-new,Land Rover,Defender,110 P300 S,2026,AUTOMATIC,SUV,GASOLINE,,"2026 Land Rover Defender 110 P300 S, Green exterior","[{url:'https://carimages.d2cmedia.ca/newcarimages/en/cb6aca0d799118e/Land Rover/Defender/2026/1200/478771-MTEwIFAzMDAgUw/green/front45.png'},{url:'https://carimages.d2cmedia.ca/newcarimages/en/cb6aca0d799118e/Land Rover/Defender/2026/1280/478771/green/front_45_degree.png'},{url:'https://carimages.d2cmedia.ca/newcarimages/en/cb6aca0d799118e/Land Rover/Defender/2026/2100/478771/green/front_45_degree.png'},{url:'https://carimages.d2cmedia.ca/newcarimages/en/cb6aca0d799118e/Land Rover/Defender/2026/2100/478771/green/profile.png'},{url:'https://carimages.d2cmedia.ca/newcarimages/en/cb6aca0d799118e/Land Rover/Defender/2026/2100/478771/green/back_45_degree.png'},{url:'https://carimages.d2cmedia.ca/newcarimages/en/cb6aca0d799118e/Land Rover/Defender/2026/2100/478771/green/driver_dashboard.png'},{url:'https://carimages.d2cmedia.ca/newcarimages/en/cb6aca0d799118e/Land Rover/Defender/2026/2100/478771/green/full_dashboard.png'},{url:'https://carimages.d2cmedia.ca/newcarimages/en/cb6aca0d799118e/Land Rover/Defender/2026/2100/478771/green/interior_driver_open_seat.png'},{url:'https://carimages.d2cmedia.ca/newcarimages/en/cb6aca0d799118e/Land Rover/Defender/2026/2100/478771/green/interior_driver_stereo.png'},{url:'https://carimages.d2cmedia.ca/newcarimages/en/cb6aca0d799118e/Land Rover/Defender/2026/2100/478771/green/interior_driver_reat_seats.png'}]",90,KM,https://www.landroverbrampton.com/new/inventory/2026-Land_Rover-Defender-id14308466.html,2026 Land Rover Defender 110 P300 S at Land Rover Brampton,96019 CAD,New,Green,Brown,3040,Land Rover Brampton,+1-905-500-2005,"{addr1: '50 Coachworks Cres', city: 'Brampton', region: 'Ontario', postal_code: 'L6R 3Y2', country: 'CA'}",43.7552740000,-79.7533260000,,,,,https://www.landroverbrampton.com/privacy-policy.html,New,3040,In stock,,96019 CAD,Free,
SALEJ7EX1T2506519,SALEJ7EX1T2506519,L26-311-new,Land Rover,Defender,110 P300 S,2026,AUTOMATIC,SUV,GASOLINE,,"2026 Land Rover Defender 110 P300 S, Green exterior","[{url:'https://carimages.d2cmedia.ca/newcarimages/en/cb6aca0d799118e/Land Rover/Defender/2026/1200/478771-MTEwIFAzMDAgUw/green/front45.png'},{url:'https://carimages.d2cmedia.ca/newcarimages/en/cb6aca0d799118e/Land Rover/Defender/2026/1280/478771/green/front_45_degree.png'},{url:'https://carimages.d2cmedia.ca/newcarimages/en/cb6aca0d799118e/Land Rover/Defender/2026/2100/478771/green/front_45_degree.png'},{url:'https://carimages.d2cmedia.ca/newcarimages/en/cb6aca0d799118e/Land Rover/Defender/2026/2100/478771/green/profile.png'},{url:'https://carimages.d2cmedia.ca/newcarimages/en/cb6aca0d799118e/Land Rover/Defender/2026/2100/478771/green/back_45_degree.png'},{url:'https://carimages.d2cmedia.ca/newcarimages/en/cb6aca0d799118e/Land Rover/Defender/2026/2100/478771/green/driver_dashboard.png'},{url:'https://carimages.d2cmedia.ca/newcarimages/en/cb6aca0d799118e/Land Rover/Defender/2026/2100/478771/green/full_dashboard.png'},{url:'https://carimages.d2cmedia.ca/newcarimages/en/cb6aca0d799118e/Land Rover/Defender/2026/2100/478771/green/interior_driver_open_seat.png'},{url:'https://carimages.d2cmedia.ca/newcarimages/en/cb6aca0d799118e/Land Rover/Defender/2026/2100/478771/green/interior_driver_stereo.png'},{url:'https://carimages.d2cmedia.ca/newcarimages/en/cb6aca0d799118e/Land Rover/Defender/2026/2100/478771/green/interior_driver_reat_seats.png'}]",5500,KM,https://www.landroverbrampton.com/new/inventory/2026-Land_Rover-Defender-id14458558.html,2026 Land Rover Defender 110 P300 S at Land Rover Brampton,98482 CAD,New,Green,Brown,3040,Land Rover Brampton,+1-905-500-2005,"{addr1: '50 Coachworks Cres', city: 'Brampton', region: 'Ontario', postal_code: 'L6R 3Y2', country: 'CA'}",43.7552740000,-79.7533260000,,,,,https://www.landroverbrampton.com/privacy-policy.html,New,3040,In stock,,98482 CAD,Free,
SALY12FU9TA838668,SALY12FU9TA838668,L26-646-new,Land Rover,Range Rover Velar,P400 Autobiography,2026,AUTOMATIC,SUV,GASOLINE,,"2026 Land Rover Range Rover Velar P400 Autobiography, Black exterior","[{url:'https://imagescdn.d2cmedia.ca/cbc5a4f62f648e16aee6388824b963d2a3/3040/14037952/1/Land Rover-Range Rover Velar-2026.jpg'},{url:'https://imagescdn.d2cmedia.ca/s8c5a4f62f648e16aee6388824b963d2a3/3040/14037952/1/Land Rover-Range_Rover_Velar-2026.jpg'},{url:'https://imagescdn.d2cmedia.ca/cbc5a4f62f648e16aee6388824b963d2a3/3040/14037952/1/Land Rover-Range_Rover_Velar-2026.jpg'},{url:'https://imagescdn.d2cmedia.ca/cbc5a4f62f648e16aee6388824b963d2a3/3040/14037952/2/Land Rover-Range_Rover_Velar-2026.jpg'},{url:'https://imagescdn.d2cmedia.ca/cbc5a4f62f648e16aee6388824b963d2a3/3040/14037952/3/Land Rover-Range_Rover_Velar-2026.jpg'},{url:'https://imagescdn.d2cmedia.ca/cbc5a4f62f648e16aee6388824b963d2a3/3040/14037952/4/Land Rover-Range_Rover_Velar-2026.jpg'},{url:'https://imagescdn.d2cmedia.ca/cbc5a4f62f648e16aee6388824b963d2a3/3040/14037952/5/Land Rover-Range_Rover_Velar-2026.jpg'},{url:'https://imagescdn.d2cmedia.ca/cbc5a4f62f648e16aee6388824b963d2a3/3040/14037952/6/Land Rover-Range_Rover_Velar-2026.jpg'},{url:'https://imagescdn.d2cmedia.ca/cbc5a4f62f648e16aee6388824b963d2a3/3040/14037952/7/Land Rover-Range_Rover_Velar-2026.jpg'},{url:'https://imagescdn.d2cmedia.ca/cbc5a4f62f648e16aee6388824b963d2a3/3040/14037952/8/Land Rover-Range_Rover_Velar-2026.jpg'}]",90,KM,https://www.landroverbrampton.com/new/inventory/2026-Land_Rover-Range_Rover_Velar-id14037952.html,2026 Land Rover Range Rover Velar P400 Autobiography at Land Rover Brampton,101019 CAD,New,Black,Black,3040,Land Rover Brampton,+1-905-500-2005,"{addr1: '50 Coachworks Cres', city: 'Brampton', region: 'Ontario', postal_code: 'L6R 3Y2', country: 'CA'}",43.7552740000,-79.7533260000,,,,,https://www.landroverbrampton.com/privacy-policy.html,New,3040,In stock,,101019 CAD,Free,
SALY12FU9TA842199,SALY12FU9TA842199,L26-768-new,Land Rover,Range Rover Velar,P400 Autobiography,2026,AUTOMATIC,SUV,GASOLINE,,"2026 Land Rover Range Rover Velar P400 Autobiography, Black exterior","[{url:'https://carimages.d2cmedia.ca/newcarimages/en/cb6aca0d799118e/Land Rover/Range Rover Velar/2026/1200/466365-UDQwMCBBdXRvYmlvZ3JhcGh5/black/front45.png'},{url:'https://carimages.d2cmedia.ca/newcarimages/en/cb6aca0d799118e/Land Rover/Range Rover Velar/2026/1280/466365/black/front_45_degree.png'},{url:'https://carimages.d2cmedia.ca/newcarimages/en/cb6aca0d799118e/Land Rover/Range Rover Velar/2026/2100/466365/black/front_45_degree.png'},{url:'https://carimages.d2cmedia.ca/newcarimages/en/cb6aca0d799118e/Land Rover/Range Rover Velar/2026/2100/466365/black/profile.png'},{url:'https://carimages.d2cmedia.ca/newcarimages/en/cb6aca0d799118e/Land Rover/Range Rover Velar/2026/2100/466365/black/back_45_degree.png'},{url:'https://carimages.d2cmedia.ca/newcarimages/en/cb6aca0d799118e/Land Rover/Range Rover Velar/2026/2100/466365/black/driver_dashboard.png'},{url:'https://carimages.d2cmedia.ca/newcarimages/en/cb6aca0d799118e/Land Rover/Range Rover Velar/2026/2100/466365/black/full_dashboard.png'},{url:'https://carimages.d2cmedia.ca/newcarimages/en/cb6aca0d799118e/Land Rover/Range Rover Velar/2026/2100/466365/black/interior_driver_open_seat.png'},{url:'https://carimages.d2cmedia.ca/newcarimages/en/cb6aca0d799118e/Land Rover/Range Rover Velar/2026/2100/466365/black/interior_driver_stereo.png'},{url:'https://carimages.d2cmedia.ca/newcarimages/en/cb6aca0d799118e/Land Rover/Range Rover Velar/2026/2100/466365/black/interior_driver_reat_seats.png'}]",90,KM,https://www.landroverbrampton.com/new/inventory/2026-Land_Rover-Range_Rover_Velar-id14276849.html,2026 Land Rover Range Rover Velar P400 Autobiography at Land Rover Brampton,101077 CAD,New,Black,Black,3040,Land Rover Brampton,+1-905-500-2005,"{addr1: '50 Coachworks Cres', city: 'Brampton', region: 'Ontario', postal_code: 'L6R 3Y2', country: 'CA'}",43.7552740000,-79.7533260000,,,,,https://www.landroverbrampton.com/privacy-policy.html,New,3040,In stock,,101077 CAD,Free,
SALY12FU5TA842734,SALY12FU5TA842734,L26-805-new,Land Rover,Range Rover Velar,P400 Autobiography,2026,AUTOMATIC,SUV,GASOLINE,,"2026 Land Rover Range Rover Velar P400 Autobiography, Black exterior","[{url:'https://carimages.d2cmedia.ca/newcarimages/en/cb6aca0d799118e/Land Rover/Range Rover Velar/2026/1200/466365-UDQwMCBBdXRvYmlvZ3JhcGh5/black/front45.png'},{url:'https://carimages.d2cmedia.ca/newcarimages/en/cb6aca0d799118e/Land Rover/Range Rover Velar/2026/1280/466365/black/front_45_degree.png'},{url:'https://carimages.d2cmedia.ca/newcarimages/en/cb6aca0d799118e/Land Rover/Range Rover Velar/2026/2100/466365/black/front_45_degree.png'},{url:'https://carimages.d2cmedia.ca/newcarimages/en/cb6aca0d799118e/Land Rover/Range Rover Velar/2026/2100/466365/black/profile.png'},{url:'https://carimages.d2cmedia.ca/newcarimages/en/cb6aca0d799118e/Land Rover/Range Rover Velar/2026/2100/466365/black/back_45_degree.png'},{url:'https://carimages.d2cmedia.ca/newcarimages/en/cb6aca0d799118e/Land Rover/Range Rover Velar/2026/2100/466365/black/driver_dashboard.png'},{url:'https://carimages.d2cmedia.ca/newcarimages/en/cb6aca0d799118e/Land Rover/Range Rover Velar/2026/2100/466365/black/full_dashboard.png'},{url:'https://carimages.d2cmedia.ca/newcarimages/en/cb6aca0d799118e/Land Rover/Range Rover Velar/2026/2100/466365/black/interior_driver_open_seat.png'},{url:'https://carimages.d2cmedia.ca/newcarimages/en/cb6aca0d799118e/Land Rover/Range Rover Velar/2026/2100/466365/black/interior_driver_stereo.png'},{url:'https://carimages.d2cmedia.ca/newcarimages/en/cb6aca0d799118e/Land Rover/Range Rover Velar/2026/2100/466365/black/interior_driver_reat_seats.png'}]",90,KM,https://www.landroverbrampton.com/new/inventory/2026-Land_Rover-Range_Rover_Velar-id14382612.html,2026 Land Rover Range Rover Velar P400 Autobiography at Land Rover Brampton,101300 CAD,New,Black,Black,3040,Land Rover Brampton,+1-905-500-2005,"{addr1: '50 Coachworks Cres', city: 'Brampton', region: 'Ontario', postal_code: 'L6R 3Y2', country: 'CA'}",43.7552740000,-79.7533260000,,,,,https://www.landroverbrampton.com/privacy-policy.html,New,3040,In stock,,101300 CAD,Free,
SALY12FUXTA842762,SALY12FUXTA842762,L26-804-new,Land Rover,Range Rover Velar,P400 Autobiography,2026,AUTOMATIC,SUV,GASOLINE,,"2026 Land Rover Range Rover Velar P400 Autobiography, Black exterior","[{url:'https://carimages.d2cmedia.ca/newcarimages/en/cb6aca0d799118e/Land Rover/Range Rover Velar/2026/1200/466365-UDQwMCBBdXRvYmlvZ3JhcGh5/black/front45.png'},{url:'https://carimages.d2cmedia.ca/newcarimages/en/cb6aca0d799118e/Land Rover/Range Rover Velar/2026/1280/466365/black/front_45_degree.png'},{url:'https://carimages.d2cmedia.ca/newcarimages/en/cb6aca0d799118e/Land Rover/Range Rover Velar/2026/2100/466365/black/front_45_degree.png'},{url:'https://carimages.d2cmedia.ca/newcarimages/en/cb6aca0d799118e/Land Rover/Range Rover Velar/2026/2100/466365/black/profile.png'},{url:'https://carimages.d2cmedia.ca/newcarimages/en/cb6aca0d799118e/Land Rover/Range Rover Velar/2026/2100/466365/black/back_45_degree.png'},{url:'https://carimages.d2cmedia.ca/newcarimages/en/cb6aca0d799118e/Land Rover/Range Rover Velar/2026/2100/466365/black/driver_dashboard.png'},{url:'https://carimages.d2cmedia.ca/newcarimages/en/cb6aca0d799118e/Land Rover/Range Rover Velar/2026/2100/466365/black/full_dashboard.png'},{url:'https://carimages.d2cmedia.ca/newcarimages/en/cb6aca0d799118e/Land Rover/Range Rover Velar/2026/2100/466365/black/interior_driver_open_seat.png'},{url:'https://carimages.d2cmedia.ca/newcarimages/en/cb6aca0d799118e/Land Rover/Range Rover Velar/2026/2100/466365/black/interior_driver_stereo.png'},{url:'https://carimages.d2cmedia.ca/newcarimages/en/cb6aca0d799118e/Land Rover/Range Rover Velar/2026/2100/466365/black/interior_driver_reat_seats.png'}]",90,KM,https://www.landroverbrampton.com/new/inventory/2026-Land_Rover-Range_Rover_Velar-id14505193.html,2026 Land Rover Range Rover Velar P400 Autobiography at Land Rover Brampton,101437 CAD,New,Black,Black,3040,Land Rover Brampton,+1-905-500-2005,"{addr1: '50 Coachworks Cres', city: 'Brampton', region: 'Ontario', postal_code: 'L6R 3Y2', country: 'CA'}",43.7552740000,-79.7533260000,,,,,https://www.landroverbrampton.com/privacy-policy.html,New,3040,In stock,,101437 CAD,Free,
SALY12FU1TA842083,SALY12FU1TA842083,L26-767-new,Land Rover,Range Rover Velar,P400 Autobiography,2026,AUTOMATIC,SUV,GASOLINE,,"2026 Land Rover Range Rover Velar P400 Autobiography, Black exterior","[{url:'https://carimages.d2cmedia.ca/newcarimages/en/cb6aca0d799118e/Land Rover/Range Rover Velar/2026/1200/466365-UDQwMCBBdXRvYmlvZ3JhcGh5/black/front45.png'},{url:'https://carimages.d2cmedia.ca/newcarimages/en/cb6aca0d799118e/Land Rover/Range Rover Velar/2026/1280/466365/black/front_45_degree.png'},{url:'https://carimages.d2cmedia.ca/newcarimages/en/cb6aca0d799118e/Land Rover/Range Rover Velar/2026/2100/466365/black/front_45_degree.png'},{url:'https://carimages.d2cmedia.ca/newcarimages/en/cb6aca0d799118e/Land Rover/Range Rover Velar/2026/2100/466365/black/profile.png'},{url:'https://carimages.d2cmedia.ca/newcarimages/en/cb6aca0d799118e/Land Rover/Range Rover Velar/2026/2100/466365/black/back_45_degree.png'},{url:'https://carimages.d2cmedia.ca/newcarimages/en/cb6aca0d799118e/Land Rover/Range Rover Velar/2026/2100/466365/black/driver_dashboard.png'},{url:'https://carimages.d2cmedia.ca/newcarimages/en/cb6aca0d799118e/Land Rover/Range Rover Velar/2026/2100/466365/black/full_dashboard.png'},{url:'https://carimages.d2cmedia.ca/newcarimages/en/cb6aca0d799118e/Land Rover/Range Rover Velar/2026/2100/466365/black/interior_driver_open_seat.png'},{url:'https://carimages.d2cmedia.ca/newcarimages/en/cb6aca0d799118e/Land Rover/Range Rover Velar/2026/2100/466365/black/interior_driver_stereo.png'},{url:'https://carimages.d2cmedia.ca/newcarimages/en/cb6aca0d799118e/Land Rover/Range Rover Velar/2026/2100/466365/black/interior_driver_reat_seats.png'}]",90,KM,https://www.landroverbrampton.com/new/inventory/2026-Land_Rover-Range_Rover_Velar-id14264513.html,2026 Land Rover Range Rover Velar P400 Autobiography at Land Rover Brampton,101523 CAD,New,Black,Black,3040,Land Rover Brampton,+1-905-500-2005,"{addr1: '50 Coachworks Cres', city: 'Brampton', region: 'Ontario', postal_code: 'L6R 3Y2', country: 'CA'}",43.7552740000,-79.7533260000,,,,,https://www.landroverbrampton.com/privacy-policy.html,New,3040,In stock,,101523 CAD,Free,
SALY12FU0TA842687,SALY12FU0TA842687,L26-802-new,Land Rover,Range Rover Velar,P400 Autobiography,2026,AUTOMATIC,SUV,GASOLINE,,"2026 Land Rover Range Rover Velar P400 Autobiography, Black exterior","[{url:'https://carimages.d2cmedia.ca/newcarimages/en/cb6aca0d799118e/Land Rover/Range Rover Velar/2026/1200/466365-UDQwMCBBdXRvYmlvZ3JhcGh5/black/front45.png'},{url:'https://carimages.d2cmedia.ca/newcarimages/en/cb6aca0d799118e/Land Rover/Range Rover Velar/2026/1280/466365/black/front_45_degree.png'},{url:'https://carimages.d2cmedia.ca/newcarimages/en/cb6aca0d799118e/Land Rover/Range Rover Velar/2026/2100/466365/black/front_45_degree.png'},{url:'https://carimages.d2cmedia.ca/newcarimages/en/cb6aca0d799118e/Land Rover/Range Rover Velar/2026/2100/466365/black/profile.png'},{url:'https://carimages.d2cmedia.ca/newcarimages/en/cb6aca0d799118e/Land Rover/Range Rover Velar/2026/2100/466365/black/back_45_degree.png'},{url:'https://carimages.d2cmedia.ca/newcarimages/en/cb6aca0d799118e/Land Rover/Range Rover Velar/2026/2100/466365/black/driver_dashboard.png'},{url:'https://carimages.d2cmedia.ca/newcarimages/en/cb6aca0d799118e/Land Rover/Range Rover Velar/2026/2100/466365/black/full_dashboard.png'},{url:'https://carimages.d2cmedia.ca/newcarimages/en/cb6aca0d799118e/Land Rover/Range Rover Velar/2026/2100/466365/black/interior_driver_open_seat.png'},{url:'https://carimages.d2cmedia.ca/newcarimages/en/cb6aca0d799118e/Land Rover/Range Rover Velar/2026/2100/466365/black/interior_driver_stereo.png'},{url:'https://carimages.d2cmedia.ca/newcarimages/en/cb6aca0d799118e/Land Rover/Range Rover Velar/2026/2100/466365/black/interior_driver_reat_seats.png'}]",90,KM,https://www.landroverbrampton.com/new/inventory/2026-Land_Rover-Range_Rover_Velar-id14440999.html,2026 Land Rover Range Rover Velar P400 Autobiography at Land Rover Brampton,102151 CAD,New,Black,Black,3040,Land Rover Brampton,+1-905-500-2005,"{addr1: '50 Coachworks Cres', city: 'Brampton', region: 'Ontario', postal_code: 'L6R 3Y2', country: 'CA'}",43.7552740000,-79.7533260000,,,,,https://www.landroverbrampton.com/privacy-policy.html,New,3040,In stock,,102151 CAD,Free,
SALY12FU1TA842908,SALY12FU1TA842908,L26-803-new,Land Rover,Range Rover Velar,P400 Autobiography,2026,AUTOMATIC,SUV,GASOLINE,,"2026 Land Rover Range Rover Velar P400 Autobiography, White exterior","[{url:'https://carimages.d2cmedia.ca/newcarimages/en/cb6aca0d799118e/Land Rover/Range Rover Velar/2026/1200/466365-UDQwMCBBdXRvYmlvZ3JhcGh5/XE2E1E1/front45.png'},{url:'https://carimages.d2cmedia.ca/newcarimages/en/cb6aca0d799118e/Land Rover/Range Rover Velar/2026/1280/466365/Xe2e1e1/front_45_degree.png'},{url:'https://carimages.d2cmedia.ca/newcarimages/en/cb6aca0d799118e/Land Rover/Range Rover Velar/2026/2100/466365/Xe2e1e1/front_45_degree.png'},{url:'https://carimages.d2cmedia.ca/newcarimages/en/cb6aca0d799118e/Land Rover/Range Rover Velar/2026/2100/466365/Xe2e1e1/profile.png'},{url:'https://carimages.d2cmedia.ca/newcarimages/en/cb6aca0d799118e/Land Rover/Range Rover Velar/2026/2100/466365/Xe2e1e1/back_45_degree.png'},{url:'https://carimages.d2cmedia.ca/newcarimages/en/cb6aca0d799118e/Land Rover/Range Rover Velar/2026/2100/466365/Xe2e1e1/driver_dashboard.png'},{url:'https://carimages.d2cmedia.ca/newcarimages/en/cb6aca0d799118e/Land Rover/Range Rover Velar/2026/2100/466365/Xe2e1e1/full_dashboard.png'},{url:'https://carimages.d2cmedia.ca/newcarimages/en/cb6aca0d799118e/Land Rover/Range Rover Velar/2026/2100/466365/Xe2e1e1/interior_driver_open_seat.png'},{url:'https://carimages.d2cmedia.ca/newcarimages/en/cb6aca0d799118e/Land Rover/Range Rover Velar/2026/2100/466365/Xe2e1e1/interior_driver_stereo.png'},{url:'https://carimages.d2cmedia.ca/newcarimages/en/cb6aca0d799118e/Land Rover/Range Rover Velar/2026/2100/466365/Xe2e1e1/interior_driver_reat_seats.png'}]",90,KM,https://www.landroverbrampton.com/new/inventory/2026-Land_Rover-Range_Rover_Velar-id14423894.html,2026 Land Rover Range Rover Velar P400 Autobiography at Land Rover Brampton,102731 CAD,New,White,Black,3040,Land Rover Brampton,+1-905-500-2005,"{addr1: '50 Coachworks Cres', city: 'Brampton', region: 'Ontario', postal_code: 'L6R 3Y2', country: 'CA'}",43.7552740000,-79.7533260000,,,,,https://www.landroverbrampton.com/privacy-policy.html,New,3040,In stock,,102731 CAD,Free,
SALY12FU7TA830374,SALY12FU7TA830374,L26-235-new,Land Rover,Range Rover Velar,P400 Autobiography,2026,AUTOMATIC,SUV,GASOLINE,,"2026 Land Rover Range Rover Velar P400 Autobiography, Black exterior","[{url:'https://imagescdn.d2cmedia.ca/cb6aca0d799118e/3040/13360742/1/Land Rover-Range Rover Velar-2026.jpg'},{url:'https://imagescdn.d2cmedia.ca/s86aca0d799118e/3040/13360742/1/Land Rover-Range_Rover_Velar-2026.jpg'},{url:'https://imagescdn.d2cmedia.ca/cb6aca0d799118e/3040/13360742/1/Land Rover-Range_Rover_Velar-2026.jpg'},{url:'https://imagescdn.d2cmedia.ca/cb6aca0d799118e/3040/13360742/2/Land Rover-Range_Rover_Velar-2026.jpg'},{url:'https://imagescdn.d2cmedia.ca/cb6aca0d799118e/3040/13360742/3/Land Rover-Range_Rover_Velar-2026.jpg'},{url:'https://imagescdn.d2cmedia.ca/cb6aca0d799118e/3040/13360742/4/Land Rover-Range_Rover_Velar-2026.jpg'},{url:'https://imagescdn.d2cmedia.ca/cb6aca0d799118e/3040/13360742/5/Land Rover-Range_Rover_Velar-2026.jpg'},{url:'https://imagescdn.d2cmedia.ca/cb6aca0d799118e/3040/13360742/6/Land Rover-Range_Rover_Velar-2026.jpg'},{url:'https://imagescdn.d2cmedia.ca/cb6aca0d799118e/3040/13360742/7/Land Rover-Range_Rover_Velar-2026.jpg'},{url:'https://imagescdn.d2cmedia.ca/cb6aca0d799118e/3040/13360742/8/Land Rover-Range_Rover_Velar-2026.jpg'}]",90,KM,https://www.landroverbrampton.com/new/inventory/2026-Land_Rover-Range_Rover_Velar-id13360742.html,2026 Land Rover Range Rover Velar P400 Autobiography at Land Rover Brampton,103085 CAD,New,Black,Black,3040,Land Rover Brampton,+1-905-500-2005,"{addr1: '50 Coachworks Cres', city: 'Brampton', region: 'Ontario', postal_code: 'L6R 3Y2', country: 'CA'}",43.7552740000,-79.7533260000,,,,,https://www.landroverbrampton.com/privacy-policy.html,New,3040,In stock,,103085 CAD,Free,
SALY12FU3TA831327,SALY12FU3TA831327,L26-404-new,Land Rover,Range Rover Velar,P400 Autobiography,2026,AUTOMATIC,SUV,GASOLINE,,"2026 Land Rover Range Rover Velar P400 Autobiography, Black exterior","[{url:'https://imagescdn.d2cmedia.ca/cb6aca0d799118e/3040/13498233/1/Land Rover-Range Rover Velar-2026.jpg'},{url:'https://imagescdn.d2cmedia.ca/s86aca0d799118e/3040/13498233/1/Land Rover-Range_Rover_Velar-2026.jpg'},{url:'https://imagescdn.d2cmedia.ca/cb6aca0d799118e/3040/13498233/1/Land Rover-Range_Rover_Velar-2026.jpg'},{url:'https://imagescdn.d2cmedia.ca/cb6aca0d799118e/3040/13498233/2/Land Rover-Range_Rover_Velar-2026.jpg'},{url:'https://imagescdn.d2cmedia.ca/cb6aca0d799118e/3040/13498233/3/Land Rover-Range_Rover_Velar-2026.jpg'},{url:'https://imagescdn.d2cmedia.ca/cb6aca0d799118e/3040/13498233/4/Land Rover-Range_Rover_Velar-2026.jpg'},{url:'https://imagescdn.d2cmedia.ca/cb6aca0d799118e/3040/13498233/5/Land Rover-Range_Rover_Velar-2026.jpg'},{url:'https://imagescdn.d2cmedia.ca/cb6aca0d799118e/3040/13498233/6/Land Rover-Range_Rover_Velar-2026.jpg'},{url:'https://imagescdn.d2cmedia.ca/cb6aca0d799118e/3040/13498233/7/Land Rover-Range_Rover_Velar-2026.jpg'},{url:'https://imagescdn.d2cmedia.ca/cb6aca0d799118e/3040/13498233/8/Land Rover-Range_Rover_Velar-2026.jpg'}]",90,KM,https://www.landroverbrampton.com/new/inventory/2026-Land_Rover-Range_Rover_Velar-id13498233.html,2026 Land Rover Range Rover Velar P400 Autobiography at Land Rover Brampton,103865 CAD,New,Black,Black,3040,Land Rover Brampton,+1-905-500-2005,"{addr1: '50 Coachworks Cres', city: 'Brampton', region: 'Ontario', postal_code: 'L6R 3Y2', country: 'CA'}",43.7552740000,-79.7533260000,,,,,https://www.landroverbrampton.com/privacy-policy.html,New,3040,In stock,,103865 CAD,Free,
SALEJ7EU0T2656899,SALEJ7EU0T2656899,L26-736-new,Land Rover,Defender,110 P400 S,2026,AUTOMATIC,SUV,GASOLINE,,"2026 Land Rover Defender 110 P400 S, Green exterior","[{url:'https://imagescdn.d2cmedia.ca/cb6aca0d799118e/3040/14223563/1/Land Rover-Defender-2026.jpg'},{url:'https://imagescdn.d2cmedia.ca/s86aca0d799118e/3040/14223563/1/Land Rover-Defender-2026.jpg'},{url:'https://imagescdn.d2cmedia.ca/cb6aca0d799118e/3040/14223563/2/Land Rover-Defender-2026.jpg'},{url:'https://imagescdn.d2cmedia.ca/cb6aca0d799118e/3040/14223563/3/Land Rover-Defender-2026.jpg'},{url:'https://imagescdn.d2cmedia.ca/cb6aca0d799118e/3040/14223563/4/Land Rover-Defender-2026.jpg'},{url:'https://imagescdn.d2cmedia.ca/cb6aca0d799118e/3040/14223563/5/Land Rover-Defender-2026.jpg'},{url:'https://imagescdn.d2cmedia.ca/cb6aca0d799118e/3040/14223563/6/Land Rover-Defender-2026.jpg'},{url:'https://imagescdn.d2cmedia.ca/cb6aca0d799118e/3040/14223563/7/Land Rover-Defender-2026.jpg'},{url:'https://imagescdn.d2cmedia.ca/cb6aca0d799118e/3040/14223563/8/Land Rover-Defender-2026.jpg'},{url:'https://imagescdn.d2cmedia.ca/cb6aca0d799118e/3040/14223563/9/Land Rover-Defender-2026.jpg'}]",90,KM,https://www.landroverbrampton.com/new/inventory/2026-Land_Rover-Defender-id14223563.html,2026 Land Rover Defender 110 P400 S at Land Rover Brampton,103974 CAD,New,Green,Brown,3040,Land Rover Brampton,+1-905-500-2005,"{addr1: '50 Coachworks Cres', city: 'Brampton', region: 'Ontario', postal_code: 'L6R 3Y2', country: 'CA'}",43.7552740000,-79.7533260000,,,,,https://www.landroverbrampton.com/privacy-policy.html,New,3040,In stock,,103974 CAD,Free,
SALY12FU4TA835385,SALY12FU4TA835385,L26-474-new,Land Rover,Range Rover Velar,P400 Autobiography,2026,AUTOMATIC,SUV,GASOLINE,,"2026 Land Rover Range Rover Velar P400 Autobiography, Black exterior","[{url:'https://imagescdn.d2cmedia.ca/cb6aca0d799118e/3040/13691075/1/Land Rover-Range Rover Velar-2026.jpg'},{url:'https://imagescdn.d2cmedia.ca/s86aca0d799118e/3040/13691075/1/Land Rover-Range_Rover_Velar-2026.jpg'},{url:'https://imagescdn.d2cmedia.ca/cb6aca0d799118e/3040/13691075/1/Land Rover-Range_Rover_Velar-2026.jpg'},{url:'https://imagescdn.d2cmedia.ca/cb6aca0d799118e/3040/13691075/2/Land Rover-Range_Rover_Velar-2026.jpg'},{url:'https://imagescdn.d2cmedia.ca/cb6aca0d799118e/3040/13691075/3/Land Rover-Range_Rover_Velar-2026.jpg'},{url:'https://imagescdn.d2cmedia.ca/cb6aca0d799118e/3040/13691075/4/Land Rover-Range_Rover_Velar-2026.jpg'},{url:'https://imagescdn.d2cmedia.ca/cb6aca0d799118e/3040/13691075/5/Land Rover-Range_Rover_Velar-2026.jpg'},{url:'https://imagescdn.d2cmedia.ca/cb6aca0d799118e/3040/13691075/6/Land Rover-Range_Rover_Velar-2026.jpg'},{url:'https://imagescdn.d2cmedia.ca/cb6aca0d799118e/3040/13691075/7/Land Rover-Range_Rover_Velar-2026.jpg'},{url:'https://imagescdn.d2cmedia.ca/cb6aca0d799118e/3040/13691075/8/Land Rover-Range_Rover_Velar-2026.jpg'}]",90,KM,https://www.landroverbrampton.com/new/inventory/2026-Land_Rover-Range_Rover_Velar-id13691075.html,2026 Land Rover Range Rover Velar P400 Autobiography at Land Rover Brampton,104657 CAD,New,Black,Black,3040,Land Rover Brampton,+1-905-500-2005,"{addr1: '50 Coachworks Cres', city: 'Brampton', region: 'Ontario', postal_code: 'L6R 3Y2', country: 'CA'}",43.7552740000,-79.7533260000,,,,,https://www.landroverbrampton.com/privacy-policy.html,New,3040,In stock,,104657 CAD,Free,
SALE27EU9T2667283,SALE27EU9T2667283,L26-749-new,Land Rover,Defender,110 P400 X-Dynamic SE,2026,AUTOMATIC,SUV,GASOLINE,,"2026 Land Rover Defender 110 P400 X-Dynamic SE, Black exterior","[{url:'https://carimages.d2cmedia.ca/newcarimages/en/cb6aca0d799118e/Land Rover/Defender/2026/1200/478773-MTEwIFA0MDAgWC1EeW5hbWljIFNF/black/front45.png'},{url:'https://carimages.d2cmedia.ca/newcarimages/en/cb6aca0d799118e/Land Rover/Defender/2026/1280/478773/black/front_45_degree.png'},{url:'https://carimages.d2cmedia.ca/newcarimages/en/cb6aca0d799118e/Land Rover/Defender/2026/2100/478773/black/front_45_degree.png'},{url:'https://carimages.d2cmedia.ca/newcarimages/en/cb6aca0d799118e/Land Rover/Defender/2026/2100/478773/black/profile.png'},{url:'https://carimages.d2cmedia.ca/newcarimages/en/cb6aca0d799118e/Land Rover/Defender/2026/2100/478773/black/back_45_degree.png'},{url:'https://carimages.d2cmedia.ca/newcarimages/en/cb6aca0d799118e/Land Rover/Defender/2026/2100/478773/black/driver_dashboard.png'},{url:'https://carimages.d2cmedia.ca/newcarimages/en/cb6aca0d799118e/Land Rover/Defender/2026/2100/478773/black/full_dashboard.png'},{url:'https://carimages.d2cmedia.ca/newcarimages/en/cb6aca0d799118e/Land Rover/Defender/2026/2100/478773/black/interior_driver_open_seat.png'},{url:'https://carimages.d2cmedia.ca/newcarimages/en/cb6aca0d799118e/Land Rover/Defender/2026/2100/478773/black/interior_driver_stereo.png'},{url:'https://carimages.d2cmedia.ca/newcarimages/en/cb6aca0d799118e/Land Rover/Defender/2026/2100/478773/black/interior_driver_reat_seats.png'}]",90,KM,https://www.landroverbrampton.com/new/inventory/2026-Land_Rover-Defender-id14289840.html,2026 Land Rover Defender 110 P400 X-Dynamic SE at Land Rover Brampton,109921 CAD,New,Black,Black,3040,Land Rover Brampton,+1-905-500-2005,"{addr1: '50 Coachworks Cres', city: 'Brampton', region: 'Ontario', postal_code: 'L6R 3Y2', country: 'CA'}",43.7552740000,-79.7533260000,,,,,https://www.landroverbrampton.com/privacy-policy.html,New,3040,In stock,,109921 CAD,Free,
SALE27EU2T2670073,SALE27EU2T2670073,L26-744-new,Land Rover,Defender,110 P400 X-Dynamic SE,2026,AUTOMATIC,SUV,GASOLINE,,"2026 Land Rover Defender 110 P400 X-Dynamic SE, Black exterior","[{url:'https://imagescdn.d2cmedia.ca/cb6aca0d799118e/3040/14337979/1/Land Rover-Defender-2026.jpg'},{url:'https://imagescdn.d2cmedia.ca/s86aca0d799118e/3040/14337979/1/Land Rover-Defender-2026.jpg'},{url:'https://imagescdn.d2cmedia.ca/cb6aca0d799118e/3040/14337979/2/Land Rover-Defender-2026.jpg'},{url:'https://imagescdn.d2cmedia.ca/cb6aca0d799118e/3040/14337979/3/Land Rover-Defender-2026.jpg'},{url:'https://imagescdn.d2cmedia.ca/cb6aca0d799118e/3040/14337979/4/Land Rover-Defender-2026.jpg'},{url:'https://imagescdn.d2cmedia.ca/cb6aca0d799118e/3040/14337979/5/Land Rover-Defender-2026.jpg'},{url:'https://imagescdn.d2cmedia.ca/cb6aca0d799118e/3040/14337979/6/Land Rover-Defender-2026.jpg'},{url:'https://imagescdn.d2cmedia.ca/cb6aca0d799118e/3040/14337979/7/Land Rover-Defender-2026.jpg'},{url:'https://imagescdn.d2cmedia.ca/cb6aca0d799118e/3040/14337979/8/Land Rover-Defender-2026.jpg'},{url:'https://imagescdn.d2cmedia.ca/cb6aca0d799118e/3040/14337979/9/Land Rover-Defender-2026.jpg'}]",90,KM,https://www.landroverbrampton.com/new/inventory/2026-Land_Rover-Defender-id14337979.html,2026 Land Rover Defender 110 P400 X-Dynamic SE at Land Rover Brampton,110699 CAD,New,Black,Black,3040,Land Rover Brampton,+1-905-500-2005,"{addr1: '50 Coachworks Cres', city: 'Brampton', region: 'Ontario', postal_code: 'L6R 3Y2', country: 'CA'}",43.7552740000,-79.7533260000,,,,,https://www.landroverbrampton.com/privacy-policy.html,New,3040,In stock,,110699 CAD,Free,
SALE27EU1T2672946,SALE27EU1T2672946,L26-786-new,Land Rover,Defender,110 P400 X-Dynamic SE,2026,AUTOMATIC,SUV,GASOLINE,,"2026 Land Rover Defender 110 P400 X-Dynamic SE, Black exterior","[{url:'https://carimages.d2cmedia.ca/newcarimages/en/cb6aca0d799118e/Land Rover/Defender/2026/1200/478773-MTEwIFA0MDAgWC1EeW5hbWljIFNF/black/front45.png'},{url:'https://carimages.d2cmedia.ca/newcarimages/en/cb6aca0d799118e/Land Rover/Defender/2026/1280/478773/black/front_45_degree.png'},{url:'https://carimages.d2cmedia.ca/newcarimages/en/cb6aca0d799118e/Land Rover/Defender/2026/2100/478773/black/front_45_degree.png'},{url:'https://carimages.d2cmedia.ca/newcarimages/en/cb6aca0d799118e/Land Rover/Defender/2026/2100/478773/black/profile.png'},{url:'https://carimages.d2cmedia.ca/newcarimages/en/cb6aca0d799118e/Land Rover/Defender/2026/2100/478773/black/back_45_degree.png'},{url:'https://carimages.d2cmedia.ca/newcarimages/en/cb6aca0d799118e/Land Rover/Defender/2026/2100/478773/black/driver_dashboard.png'},{url:'https://carimages.d2cmedia.ca/newcarimages/en/cb6aca0d799118e/Land Rover/Defender/2026/2100/478773/black/full_dashboard.png'},{url:'https://carimages.d2cmedia.ca/newcarimages/en/cb6aca0d799118e/Land Rover/Defender/2026/2100/478773/black/interior_driver_open_seat.png'},{url:'https://carimages.d2cmedia.ca/newcarimages/en/cb6aca0d799118e/Land Rover/Defender/2026/2100/478773/black/interior_driver_stereo.png'},{url:'https://carimages.d2cmedia.ca/newcarimages/en/cb6aca0d799118e/Land Rover/Defender/2026/2100/478773/black/interior_driver_reat_seats.png'}]",90,KM,https://www.landroverbrampton.com/new/inventory/2026-Land_Rover-Defender-id14472589.html,2026 Land Rover Defender 110 P400 X-Dynamic SE at Land Rover Brampton,112115 CAD,New,Black,Black,3040,Land Rover Brampton,+1-905-500-2005,"{addr1: '50 Coachworks Cres', city: 'Brampton', region: 'Ontario', postal_code: 'L6R 3Y2', country: 'CA'}",43.7552740000,-79.7533260000,,,,,https://www.landroverbrampton.com/privacy-policy.html,New,3040,In stock,,112115 CAD,Free,
SALE2EEU6T2668511,SALE2EEU6T2668511,L26-747-new,Land Rover,Defender,110 P400 X-Dynamic SE,2026,AUTOMATIC,SUV,GASOLINE,,"2026 Land Rover Defender 110 P400 X-Dynamic SE, Black exterior","[{url:'https://carimages.d2cmedia.ca/newcarimages/en/cb6aca0d799118e/Land Rover/Defender/2026/1200/478773-MTEwIFA0MDAgWC1EeW5hbWljIFNF/black/front45.png'},{url:'https://carimages.d2cmedia.ca/newcarimages/en/cb6aca0d799118e/Land Rover/Defender/2026/1280/478773/black/front_45_degree.png'},{url:'https://carimages.d2cmedia.ca/newcarimages/en/cb6aca0d799118e/Land Rover/Defender/2026/2100/478773/black/front_45_degree.png'},{url:'https://carimages.d2cmedia.ca/newcarimages/en/cb6aca0d799118e/Land Rover/Defender/2026/2100/478773/black/profile.png'},{url:'https://carimages.d2cmedia.ca/newcarimages/en/cb6aca0d799118e/Land Rover/Defender/2026/2100/478773/black/back_45_degree.png'},{url:'https://carimages.d2cmedia.ca/newcarimages/en/cb6aca0d799118e/Land Rover/Defender/2026/2100/478773/black/driver_dashboard.png'},{url:'https://carimages.d2cmedia.ca/newcarimages/en/cb6aca0d799118e/Land Rover/Defender/2026/2100/478773/black/full_dashboard.png'},{url:'https://carimages.d2cmedia.ca/newcarimages/en/cb6aca0d799118e/Land Rover/Defender/2026/2100/478773/black/interior_driver_open_seat.png'},{url:'https://carimages.d2cmedia.ca/newcarimages/en/cb6aca0d799118e/Land Rover/Defender/2026/2100/478773/black/interior_driver_stereo.png'},{url:'https://carimages.d2cmedia.ca/newcarimages/en/cb6aca0d799118e/Land Rover/Defender/2026/2100/478773/black/interior_driver_reat_seats.png'}]",90,KM,https://www.landroverbrampton.com/new/inventory/2026-Land_Rover-Defender-id14493442.html,2026 Land Rover Defender 110 P400 X-Dynamic SE at Land Rover Brampton,116241 CAD,New,Black,Black,3040,Land Rover Brampton,+1-905-500-2005,"{addr1: '50 Coachworks Cres', city: 'Brampton', region: 'Ontario', postal_code: 'L6R 3Y2', country: 'CA'}",43.7552740000,-79.7533260000,,,,,https://www.landroverbrampton.com/privacy-policy.html,New,3040,In stock,,116241 CAD,Free,
SALE27EU6T2661862,SALE27EU6T2661862,L26-823-new,Land Rover,Defender,110 P400 X-Dynamic SE,2026,AUTOMATIC,SUV,GASOLINE,,"2026 Land Rover Defender 110 P400 X-Dynamic SE, Black exterior","[{url:'https://carimages.d2cmedia.ca/newcarimages/en/cb6aca0d799118e/Land Rover/Defender/2026/1200/478773-MTEwIFA0MDAgWC1EeW5hbWljIFNF/black/front45.png'},{url:'https://carimages.d2cmedia.ca/newcarimages/en/cb6aca0d799118e/Land Rover/Defender/2026/1280/478773/black/front_45_degree.png'},{url:'https://carimages.d2cmedia.ca/newcarimages/en/cb6aca0d799118e/Land Rover/Defender/2026/2100/478773/black/front_45_degree.png'},{url:'https://carimages.d2cmedia.ca/newcarimages/en/cb6aca0d799118e/Land Rover/Defender/2026/2100/478773/black/profile.png'},{url:'https://carimages.d2cmedia.ca/newcarimages/en/cb6aca0d799118e/Land Rover/Defender/2026/2100/478773/black/back_45_degree.png'},{url:'https://carimages.d2cmedia.ca/newcarimages/en/cb6aca0d799118e/Land Rover/Defender/2026/2100/478773/black/driver_dashboard.png'},{url:'https://carimages.d2cmedia.ca/newcarimages/en/cb6aca0d799118e/Land Rover/Defender/2026/2100/478773/black/full_dashboard.png'},{url:'https://carimages.d2cmedia.ca/newcarimages/en/cb6aca0d799118e/Land Rover/Defender/2026/2100/478773/black/interior_driver_open_seat.png'},{url:'https://carimages.d2cmedia.ca/newcarimages/en/cb6aca0d799118e/Land Rover/Defender/2026/2100/478773/black/interior_driver_stereo.png'},{url:'https://carimages.d2cmedia.ca/newcarimages/en/cb6aca0d799118e/Land Rover/Defender/2026/2100/478773/black/interior_driver_reat_seats.png'}]",90,KM,https://www.landroverbrampton.com/new/inventory/2026-Land_Rover-Defender-id14289841.html,2026 Land Rover Defender 110 P400 X-Dynamic SE at Land Rover Brampton,118066 CAD,New,Black,Black,3040,Land Rover Brampton,+1-905-500-2005,"{addr1: '50 Coachworks Cres', city: 'Brampton', region: 'Ontario', postal_code: 'L6R 3Y2', country: 'CA'}",43.7552740000,-79.7533260000,,,,,https://www.landroverbrampton.com/privacy-policy.html,New,3040,In stock,,118066 CAD,Free,
SALE2FEU1T2634496,SALE2FEU1T2634496,L26-611-new,Land Rover,Defender,130 P400 X-Dynamic SE,2026,AUTOMATIC,SUV,GASOLINE,,"2026 Land Rover Defender 130 P400 X-Dynamic SE, Black exterior","[{url:'https://imagescdn.d2cmedia.ca/cb6aca0d799118e/3040/13881670/1/Land Rover-Defender-2026.jpg'},{url:'https://imagescdn.d2cmedia.ca/s86aca0d799118e/3040/13881670/1/Land Rover-Defender-2026.jpg'},{url:'https://imagescdn.d2cmedia.ca/cb6aca0d799118e/3040/13881670/2/Land Rover-Defender-2026.jpg'},{url:'https://imagescdn.d2cmedia.ca/cb6aca0d799118e/3040/13881670/3/Land Rover-Defender-2026.jpg'},{url:'https://imagescdn.d2cmedia.ca/cb6aca0d799118e/3040/13881670/4/Land Rover-Defender-2026.jpg'},{url:'https://imagescdn.d2cmedia.ca/cb6aca0d799118e/3040/13881670/5/Land Rover-Defender-2026.jpg'},{url:'https://imagescdn.d2cmedia.ca/cb6aca0d799118e/3040/13881670/6/Land Rover-Defender-2026.jpg'},{url:'https://imagescdn.d2cmedia.ca/cb6aca0d799118e/3040/13881670/7/Land Rover-Defender-2026.jpg'},{url:'https://imagescdn.d2cmedia.ca/cb6aca0d799118e/3040/13881670/8/Land Rover-Defender-2026.jpg'},{url:'https://imagescdn.d2cmedia.ca/cb6aca0d799118e/3040/13881670/9/Land Rover-Defender-2026.jpg'}]",90,KM,https://www.landroverbrampton.com/new/inventory/2026-Land_Rover-Defender-id13881670.html,2026 Land Rover Defender 130 P400 X-Dynamic SE at Land Rover Brampton,118301 CAD,New,Black,Black,3040,Land Rover Brampton,+1-905-500-2005,"{addr1: '50 Coachworks Cres', city: 'Brampton', region: 'Ontario', postal_code: 'L6R 3Y2', country: 'CA'}",43.7552740000,-79.7533260000,,,,,https://www.landroverbrampton.com/privacy-policy.html,New,3040,In stock,,118301 CAD,Free,
SALE2FEU3T2645631,SALE2FEU3T2645631,L26-652-new,Land Rover,Defender,130 P400 X-Dynamic SE,2026,AUTOMATIC,SUV,GASOLINE,,"2026 Land Rover Defender 130 P400 X-Dynamic SE, Grey exterior","[{url:'https://imagescdn.d2cmedia.ca/cb6aca0d799118e/3040/13982567/1/Land Rover-Defender-2026.jpg'},{url:'https://imagescdn.d2cmedia.ca/s86aca0d799118e/3040/13982567/1/Land Rover-Defender-2026.jpg'},{url:'https://imagescdn.d2cmedia.ca/cb6aca0d799118e/3040/13982567/2/Land Rover-Defender-2026.jpg'},{url:'https://imagescdn.d2cmedia.ca/cb6aca0d799118e/3040/13982567/3/Land Rover-Defender-2026.jpg'},{url:'https://imagescdn.d2cmedia.ca/cb6aca0d799118e/3040/13982567/4/Land Rover-Defender-2026.jpg'},{url:'https://imagescdn.d2cmedia.ca/cb6aca0d799118e/3040/13982567/5/Land Rover-Defender-2026.jpg'},{url:'https://imagescdn.d2cmedia.ca/cb6aca0d799118e/3040/13982567/6/Land Rover-Defender-2026.jpg'},{url:'https://imagescdn.d2cmedia.ca/cb6aca0d799118e/3040/13982567/7/Land Rover-Defender-2026.jpg'},{url:'https://imagescdn.d2cmedia.ca/cb6aca0d799118e/3040/13982567/8/Land Rover-Defender-2026.jpg'},{url:'https://imagescdn.d2cmedia.ca/cb6aca0d799118e/3040/13982567/9/Land Rover-Defender-2026.jpg'}]",90,KM,https://www.landroverbrampton.com/new/inventory/2026-Land_Rover-Defender-id13982567.html,2026 Land Rover Defender 130 P400 X-Dynamic SE at Land Rover Brampton,118471 CAD,New,Grey,Brown,3040,Land Rover Brampton,+1-905-500-2005,"{addr1: '50 Coachworks Cres', city: 'Brampton', region: 'Ontario', postal_code: 'L6R 3Y2', country: 'CA'}",43.7552740000,-79.7533260000,,,,,https://www.landroverbrampton.com/privacy-policy.html,New,3040,In stock,,118471 CAD,Free,
SALE2FEUXT2677265,SALE2FEUXT2677265,L26-798-new,Land Rover,Defender,130 P400 X-Dynamic SE,2026,AUTOMATIC,SUV,GASOLINE,,"2026 Land Rover Defender 130 P400 X-Dynamic SE, White exterior","[{url:'https://carimages.d2cmedia.ca/newcarimages/en/cb6aca0d799118e/Land Rover/Defender/2026/1200/478782-MTMwIFA0MDAgWC1EeW5hbWljIFNF/white/front45.png'},{url:'https://carimages.d2cmedia.ca/newcarimages/en/cb6aca0d799118e/Land Rover/Defender/2026/1280/478782/white/front_45_degree.png'},{url:'https://carimages.d2cmedia.ca/newcarimages/en/cb6aca0d799118e/Land Rover/Defender/2026/2100/478782/white/front_45_degree.png'},{url:'https://carimages.d2cmedia.ca/newcarimages/en/cb6aca0d799118e/Land Rover/Defender/2026/2100/478782/white/profile.png'},{url:'https://carimages.d2cmedia.ca/newcarimages/en/cb6aca0d799118e/Land Rover/Defender/2026/2100/478782/white/back_45_degree.png'},{url:'https://carimages.d2cmedia.ca/newcarimages/en/cb6aca0d799118e/Land Rover/Defender/2026/2100/478782/white/driver_dashboard.png'},{url:'https://carimages.d2cmedia.ca/newcarimages/en/cb6aca0d799118e/Land Rover/Defender/2026/2100/478782/white/full_dashboard.png'},{url:'https://carimages.d2cmedia.ca/newcarimages/en/cb6aca0d799118e/Land Rover/Defender/2026/2100/478782/white/interior_driver_open_seat.png'},{url:'https://carimages.d2cmedia.ca/newcarimages/en/cb6aca0d799118e/Land Rover/Defender/2026/2100/478782/white/interior_driver_stereo.png'},{url:'https://carimages.d2cmedia.ca/newcarimages/en/cb6aca0d799118e/Land Rover/Defender/2026/2100/478782/white/interior_driver_reat_seats.png'}]",90,KM,https://www.landroverbrampton.com/new/inventory/2026-Land_Rover-Defender-id14458559.html,2026 Land Rover Defender 130 P400 X-Dynamic SE at Land Rover Brampton,118839 CAD,New,White,Brown,3040,Land Rover Brampton,+1-905-500-2005,"{addr1: '50 Coachworks Cres', city: 'Brampton', region: 'Ontario', postal_code: 'L6R 3Y2', country: 'CA'}",43.7552740000,-79.7533260000,,,,,https://www.landroverbrampton.com/privacy-policy.html,New,3040,In stock,,118839 CAD,Free,
SALE2FEU6T2676887,SALE2FEU6T2676887,L26-797-new,Land Rover,Defender,130 P400 X-Dynamic SE,2026,AUTOMATIC,SUV,GASOLINE,,"2026 Land Rover Defender 130 P400 X-Dynamic SE, Black exterior","[{url:'https://carimages.d2cmedia.ca/newcarimages/en/cb6aca0d799118e/Land Rover/Defender/2026/1200/478782-MTMwIFA0MDAgWC1EeW5hbWljIFNF/black/front45.png'},{url:'https://carimages.d2cmedia.ca/newcarimages/en/cb6aca0d799118e/Land Rover/Defender/2026/1280/478782/black/front_45_degree.png'},{url:'https://carimages.d2cmedia.ca/newcarimages/en/cb6aca0d799118e/Land Rover/Defender/2026/2100/478782/black/front_45_degree.png'},{url:'https://carimages.d2cmedia.ca/newcarimages/en/cb6aca0d799118e/Land Rover/Defender/2026/2100/478782/black/profile.png'},{url:'https://carimages.d2cmedia.ca/newcarimages/en/cb6aca0d799118e/Land Rover/Defender/2026/2100/478782/black/back_45_degree.png'},{url:'https://carimages.d2cmedia.ca/newcarimages/en/cb6aca0d799118e/Land Rover/Defender/2026/2100/478782/black/driver_dashboard.png'},{url:'https://carimages.d2cmedia.ca/newcarimages/en/cb6aca0d799118e/Land Rover/Defender/2026/2100/478782/black/full_dashboard.png'},{url:'https://carimages.d2cmedia.ca/newcarimages/en/cb6aca0d799118e/Land Rover/Defender/2026/2100/478782/black/interior_driver_open_seat.png'},{url:'https://carimages.d2cmedia.ca/newcarimages/en/cb6aca0d799118e/Land Rover/Defender/2026/2100/478782/black/interior_driver_stereo.png'},{url:'https://carimages.d2cmedia.ca/newcarimages/en/cb6aca0d799118e/Land Rover/Defender/2026/2100/478782/black/interior_driver_reat_seats.png'}]",90,KM,https://www.landroverbrampton.com/new/inventory/2026-Land_Rover-Defender-id14499290.html,2026 Land Rover Defender 130 P400 X-Dynamic SE at Land Rover Brampton,122991 CAD,New,Black,Black,3040,Land Rover Brampton,+1-905-500-2005,"{addr1: '50 Coachworks Cres', city: 'Brampton', region: 'Ontario', postal_code: 'L6R 3Y2', country: 'CA'}",43.7552740000,-79.7533260000,,,,,https://www.landroverbrampton.com/privacy-policy.html,New,3040,In stock,,122991 CAD,Free,
SALE2FEU2T2635169,SALE2FEU2T2635169,L26-610-new,Land Rover,Defender,130 P400 X-Dynamic SE,2026,AUTOMATIC,SUV,GASOLINE,,"2026 Land Rover Defender 130 P400 X-Dynamic SE, Green exterior","[{url:'https://carimages.d2cmedia.ca/newcarimages/en/cb6aca0d799118e/Land Rover/Defender/2026/1200/478782-MTMwIFA0MDAgWC1EeW5hbWljIFNF/green/front45.png'},{url:'https://carimages.d2cmedia.ca/newcarimages/en/cb6aca0d799118e/Land Rover/Defender/2026/1280/478782/green/front_45_degree.png'},{url:'https://carimages.d2cmedia.ca/newcarimages/en/cb6aca0d799118e/Land Rover/Defender/2026/2100/478782/green/front_45_degree.png'},{url:'https://carimages.d2cmedia.ca/newcarimages/en/cb6aca0d799118e/Land Rover/Defender/2026/2100/478782/green/profile.png'},{url:'https://carimages.d2cmedia.ca/newcarimages/en/cb6aca0d799118e/Land Rover/Defender/2026/2100/478782/green/back_45_degree.png'},{url:'https://carimages.d2cmedia.ca/newcarimages/en/cb6aca0d799118e/Land Rover/Defender/2026/2100/478782/green/driver_dashboard.png'},{url:'https://carimages.d2cmedia.ca/newcarimages/en/cb6aca0d799118e/Land Rover/Defender/2026/2100/478782/green/full_dashboard.png'},{url:'https://carimages.d2cmedia.ca/newcarimages/en/cb6aca0d799118e/Land Rover/Defender/2026/2100/478782/green/interior_driver_open_seat.png'},{url:'https://carimages.d2cmedia.ca/newcarimages/en/cb6aca0d799118e/Land Rover/Defender/2026/2100/478782/green/interior_driver_stereo.png'},{url:'https://carimages.d2cmedia.ca/newcarimages/en/cb6aca0d799118e/Land Rover/Defender/2026/2100/478782/green/interior_driver_reat_seats.png'}]",90,KM,https://www.landroverbrampton.com/new/inventory/2026-Land_Rover-Defender-id13988519.html,2026 Land Rover Defender 130 P400 X-Dynamic SE at Land Rover Brampton,123221 CAD,New,Green,Brown,3040,Land Rover Brampton,+1-905-500-2005,"{addr1: '50 Coachworks Cres', city: 'Brampton', region: 'Ontario', postal_code: 'L6R 3Y2', country: 'CA'}",43.7552740000,-79.7533260000,,,,,https://www.landroverbrampton.com/privacy-policy.html,New,3040,In stock,,123221 CAD,Free,
SALE2FEU0T2669627,SALE2FEU0T2669627,L26-730-new,Land Rover,Defender,130 P400 X-Dynamic SE,2026,AUTOMATIC,SUV,GASOLINE,,"2026 Land Rover Defender 130 P400 X-Dynamic SE, Black exterior","[{url:'https://carimages.d2cmedia.ca/newcarimages/en/cb6aca0d799118e/Land Rover/Defender/2026/1200/478782-MTMwIFA0MDAgWC1EeW5hbWljIFNF/black/front45.png'},{url:'https://carimages.d2cmedia.ca/newcarimages/en/cb6aca0d799118e/Land Rover/Defender/2026/1280/478782/black/front_45_degree.png'},{url:'https://carimages.d2cmedia.ca/newcarimages/en/cb6aca0d799118e/Land Rover/Defender/2026/2100/478782/black/front_45_degree.png'},{url:'https://carimages.d2cmedia.ca/newcarimages/en/cb6aca0d799118e/Land Rover/Defender/2026/2100/478782/black/profile.png'},{url:'https://carimages.d2cmedia.ca/newcarimages/en/cb6aca0d799118e/Land Rover/Defender/2026/2100/478782/black/back_45_degree.png'},{url:'https://carimages.d2cmedia.ca/newcarimages/en/cb6aca0d799118e/Land Rover/Defender/2026/2100/478782/black/driver_dashboard.png'},{url:'https://carimages.d2cmedia.ca/newcarimages/en/cb6aca0d799118e/Land Rover/Defender/2026/2100/478782/black/full_dashboard.png'},{url:'https://carimages.d2cmedia.ca/newcarimages/en/cb6aca0d799118e/Land Rover/Defender/2026/2100/478782/black/interior_driver_open_seat.png'},{url:'https://carimages.d2cmedia.ca/newcarimages/en/cb6aca0d799118e/Land Rover/Defender/2026/2100/478782/black/interior_driver_stereo.png'},{url:'https://carimages.d2cmedia.ca/newcarimages/en/cb6aca0d799118e/Land Rover/Defender/2026/2100/478782/black/interior_driver_reat_seats.png'}]",90,KM,https://www.landroverbrampton.com/new/inventory/2026-Land_Rover-Defender-id14337977.html,2026 Land Rover Defender 130 P400 X-Dynamic SE at Land Rover Brampton,126634 CAD,New,Black,Brown,3040,Land Rover Brampton,+1-905-500-2005,"{addr1: '50 Coachworks Cres', city: 'Brampton', region: 'Ontario', postal_code: 'L6R 3Y2', country: 'CA'}",43.7552740000,-79.7533260000,,,,,https://www.landroverbrampton.com/privacy-policy.html,New,3040,In stock,,126634 CAD,Free,
SALEXEEU0T2656033,SALEXEEU0T2656033,L26-745-new,Land Rover,Defender,110 P400 X,2026,AUTOMATIC,SUV,GASOLINE,,"2026 Land Rover Defender 110 P400 X, Grey exterior","[{url:'https://imagescdn.d2cmedia.ca/cb6aca0d799118e/3040/14377012/1/Land Rover-Defender-2026.jpg'},{url:'https://imagescdn.d2cmedia.ca/s86aca0d799118e/3040/14377012/1/Land Rover-Defender-2026.jpg'},{url:'https://imagescdn.d2cmedia.ca/cb6aca0d799118e/3040/14377012/2/Land Rover-Defender-2026.jpg'},{url:'https://imagescdn.d2cmedia.ca/cb6aca0d799118e/3040/14377012/3/Land Rover-Defender-2026.jpg'},{url:'https://imagescdn.d2cmedia.ca/cb6aca0d799118e/3040/14377012/4/Land Rover-Defender-2026.jpg'},{url:'https://imagescdn.d2cmedia.ca/cb6aca0d799118e/3040/14377012/5/Land Rover-Defender-2026.jpg'},{url:'https://imagescdn.d2cmedia.ca/cb6aca0d799118e/3040/14377012/6/Land Rover-Defender-2026.jpg'},{url:'https://imagescdn.d2cmedia.ca/cb6aca0d799118e/3040/14377012/7/Land Rover-Defender-2026.jpg'},{url:'https://imagescdn.d2cmedia.ca/cb6aca0d799118e/3040/14377012/8/Land Rover-Defender-2026.jpg'},{url:'https://imagescdn.d2cmedia.ca/cb6aca0d799118e/3040/14377012/9/Land Rover-Defender-2026.jpg'}]",90,KM,https://www.landroverbrampton.com/new/inventory/2026-Land_Rover-Defender-id14377012.html,2026 Land Rover Defender 110 P400 X at Land Rover Brampton,129835 CAD,New,Grey,Black,3040,Land Rover Brampton,+1-905-500-2005,"{addr1: '50 Coachworks Cres', city: 'Brampton', region: 'Ontario', postal_code: 'L6R 3Y2', country: 'CA'}",43.7552740000,-79.7533260000,,,,,https://www.landroverbrampton.com/privacy-policy.html,New,3040,In stock,,129835 CAD,Free,
SALE2EFEXT2621909,SALE2EFEXT2621909,L26-555-new,Land Rover,Defender,110 P500 X-Dynamic SE,2026,AUTOMATIC,SUV,GASOLINE,,"2026 Land Rover Defender 110 P500 X-Dynamic SE, Green exterior","[{url:'https://imagescdn.d2cmedia.ca/cb6aca0d799118e/3040/13691090/1/Land Rover-Defender-2026.jpg'},{url:'https://imagescdn.d2cmedia.ca/s86aca0d799118e/3040/13691090/1/Land Rover-Defender-2026.jpg'},{url:'https://imagescdn.d2cmedia.ca/cb6aca0d799118e/3040/13691090/2/Land Rover-Defender-2026.jpg'},{url:'https://imagescdn.d2cmedia.ca/cb6aca0d799118e/3040/13691090/3/Land Rover-Defender-2026.jpg'},{url:'https://imagescdn.d2cmedia.ca/cb6aca0d799118e/3040/13691090/4/Land Rover-Defender-2026.jpg'},{url:'https://imagescdn.d2cmedia.ca/cb6aca0d799118e/3040/13691090/5/Land Rover-Defender-2026.jpg'},{url:'https://imagescdn.d2cmedia.ca/cb6aca0d799118e/3040/13691090/6/Land Rover-Defender-2026.jpg'},{url:'https://imagescdn.d2cmedia.ca/cb6aca0d799118e/3040/13691090/7/Land Rover-Defender-2026.jpg'},{url:'https://imagescdn.d2cmedia.ca/cb6aca0d799118e/3040/13691090/8/Land Rover-Defender-2026.jpg'},{url:'https://imagescdn.d2cmedia.ca/cb6aca0d799118e/3040/13691090/9/Land Rover-Defender-2026.jpg'}]",90,KM,https://www.landroverbrampton.com/new/inventory/2026-Land_Rover-Defender-id13691090.html,2026 Land Rover Defender 110 P500 X-Dynamic SE at Land Rover Brampton,145317 CAD,New,Green,Brown,3040,Land Rover Brampton,+1-905-500-2005,"{addr1: '50 Coachworks Cres', city: 'Brampton', region: 'Ontario', postal_code: 'L6R 3Y2', country: 'CA'}",43.7552740000,-79.7533260000,,,,,https://www.landroverbrampton.com/privacy-policy.html,New,3040,In stock,,145317 CAD,Free,
SALE2EFE2T2495965,SALE2EFE2T2495965,L26-171-new,Land Rover,Defender,110 P500 X-Dynamic SE,2026,AUTOMATIC,SUV,GASOLINE,,"2026 Land Rover Defender 110 P500 X-Dynamic SE, Black exterior","[{url:'https://imagescdn.d2cmedia.ca/cb6aca0d799118e/3040/13272763/1/Land Rover-Defender-2026.jpg'},{url:'https://imagescdn.d2cmedia.ca/s86aca0d799118e/3040/13272763/1/Land Rover-Defender-2026.jpg'},{url:'https://imagescdn.d2cmedia.ca/cb6aca0d799118e/3040/13272763/2/Land Rover-Defender-2026.jpg'},{url:'https://imagescdn.d2cmedia.ca/cb6aca0d799118e/3040/13272763/3/Land Rover-Defender-2026.jpg'},{url:'https://imagescdn.d2cmedia.ca/cb6aca0d799118e/3040/13272763/4/Land Rover-Defender-2026.jpg'},{url:'https://imagescdn.d2cmedia.ca/cb6aca0d799118e/3040/13272763/5/Land Rover-Defender-2026.jpg'},{url:'https://imagescdn.d2cmedia.ca/cb6aca0d799118e/3040/13272763/6/Land Rover-Defender-2026.jpg'},{url:'https://imagescdn.d2cmedia.ca/cb6aca0d799118e/3040/13272763/7/Land Rover-Defender-2026.jpg'},{url:'https://imagescdn.d2cmedia.ca/cb6aca0d799118e/3040/13272763/8/Land Rover-Defender-2026.jpg'},{url:'https://imagescdn.d2cmedia.ca/cb6aca0d799118e/3040/13272763/9/Land Rover-Defender-2026.jpg'}]",90,KM,https://www.landroverbrampton.com/new/inventory/2026-Land_Rover-Defender-id13272763.html,2026 Land Rover Defender 110 P500 X-Dynamic SE at Land Rover Brampton,148713 CAD,New,Black,Brown,3040,Land Rover Brampton,+1-905-500-2005,"{addr1: '50 Coachworks Cres', city: 'Brampton', region: 'Ontario', postal_code: 'L6R 3Y2', country: 'CA'}",43.7552740000,-79.7533260000,,,,,https://www.landroverbrampton.com/privacy-policy.html,New,3040,In stock,,148713 CAD,Free,
SALE2EFE9T2638717,SALE2EFE9T2638717,L26-503-new,Land Rover,Defender,110 P500 X-Dynamic SE,2026,AUTOMATIC,SUV,GASOLINE,,"2026 Land Rover Defender 110 P500 X-Dynamic SE, Grey exterior","[{url:'https://carimages.d2cmedia.ca/newcarimages/en/cb6aca0d799118e/Land Rover/Defender/2026/1200/478775-MTEwIFA1MDAgWC1EeW5hbWljIFNF/gray/front45.png'},{url:'https://carimages.d2cmedia.ca/newcarimages/en/cb6aca0d799118e/Land Rover/Defender/2026/1280/478775/gray/front_45_degree.png'},{url:'https://carimages.d2cmedia.ca/newcarimages/en/cb6aca0d799118e/Land Rover/Defender/2026/2100/478775/gray/front_45_degree.png'},{url:'https://carimages.d2cmedia.ca/newcarimages/en/cb6aca0d799118e/Land Rover/Defender/2026/2100/478775/gray/profile.png'},{url:'https://carimages.d2cmedia.ca/newcarimages/en/cb6aca0d799118e/Land Rover/Defender/2026/2100/478775/gray/back_45_degree.png'},{url:'https://carimages.d2cmedia.ca/newcarimages/en/cb6aca0d799118e/Land Rover/Defender/2026/2100/478775/gray/driver_dashboard.png'},{url:'https://carimages.d2cmedia.ca/newcarimages/en/cb6aca0d799118e/Land Rover/Defender/2026/2100/478775/gray/full_dashboard.png'},{url:'https://carimages.d2cmedia.ca/newcarimages/en/cb6aca0d799118e/Land Rover/Defender/2026/2100/478775/gray/interior_driver_open_seat.png'},{url:'https://carimages.d2cmedia.ca/newcarimages/en/cb6aca0d799118e/Land Rover/Defender/2026/2100/478775/gray/interior_driver_stereo.png'},{url:'https://carimages.d2cmedia.ca/newcarimages/en/cb6aca0d799118e/Land Rover/Defender/2026/2100/478775/gray/interior_driver_reat_seats.png'}]",90,KM,https://www.landroverbrampton.com/new/inventory/2026-Land_Rover-Defender-id13988518.html,2026 Land Rover Defender 110 P500 X-Dynamic SE at Land Rover Brampton,150381 CAD,New,Grey,Brown,3040,Land Rover Brampton,+1-905-500-2005,"{addr1: '50 Coachworks Cres', city: 'Brampton', region: 'Ontario', postal_code: 'L6R 3Y2', country: 'CA'}",43.7552740000,-79.7533260000,,,,,https://www.landroverbrampton.com/privacy-policy.html,New,3040,In stock,,150381 CAD,Free,
SALEZEE94T2676209,SALEZEE94T2676209,L26-794-new,Land Rover,Defender,110 P635 OCTA,2026,AUTOMATIC,SUV,GASOLINE,,"2026 Land Rover Defender 110 P635 OCTA, Copper exterior","[{url:'https://carimages.d2cmedia.ca/newcarimages/en/cb6aca0d799118e/Land Rover/Defender/2026/1200/478777-MTEwIFA2MzUgT0NUQQ/tan/front45.png'},{url:'https://carimages.d2cmedia.ca/newcarimages/en/cb6aca0d799118e/Land Rover/Defender/2026/1280/478777/tan/front_45_degree.png'},{url:'https://carimages.d2cmedia.ca/newcarimages/en/cb6aca0d799118e/Land Rover/Defender/2026/2100/478777/tan/front_45_degree.png'},{url:'https://carimages.d2cmedia.ca/newcarimages/en/cb6aca0d799118e/Land Rover/Defender/2026/2100/478777/tan/profile.png'},{url:'https://carimages.d2cmedia.ca/newcarimages/en/cb6aca0d799118e/Land Rover/Defender/2026/2100/478777/tan/back_45_degree.png'},{url:'https://carimages.d2cmedia.ca/newcarimages/en/cb6aca0d799118e/Land Rover/Defender/2026/2100/478777/tan/driver_dashboard.png'},{url:'https://carimages.d2cmedia.ca/newcarimages/en/cb6aca0d799118e/Land Rover/Defender/2026/2100/478777/tan/full_dashboard.png'},{url:'https://carimages.d2cmedia.ca/newcarimages/en/cb6aca0d799118e/Land Rover/Defender/2026/2100/478777/tan/interior_driver_open_seat.png'},{url:'https://carimages.d2cmedia.ca/newcarimages/en/cb6aca0d799118e/Land Rover/Defender/2026/2100/478777/tan/interior_driver_stereo.png'},{url:'https://carimages.d2cmedia.ca/newcarimages/en/cb6aca0d799118e/Land Rover/Defender/2026/2100/478777/tan/interior_driver_reat_seats.png'}]",90,KM,https://www.landroverbrampton.com/new/inventory/2026-Land_Rover-Defender-id14499289.html,2026 Land Rover Defender 110 P635 OCTA at Land Rover Brampton,200412 CAD,New,Copper,Black,3040,Land Rover Brampton,+1-905-500-2005,"{addr1: '50 Coachworks Cres', city: 'Brampton', region: 'Ontario', postal_code: 'L6R 3Y2', country: 'CA'}",43.7552740000,-79.7533260000,,,,,https://www.landroverbrampton.com/privacy-policy.html,New,3040,In stock,,200412 CAD,Free,
SAL1L9FU5VA677873,SAL1L9FU5VA677873,L27-103-new,Land Rover,Range Rover Sport,P400 Dynamic SE,2027,AUTOMATIC,SUV,GASOLINE,,"2027 Land Rover Range Rover Sport P400 Dynamic SE, White exterior","[{url:'https://imagescdn.d2cmedia.ca/cb6aca0d799118e/3040/14429789/1/Land Rover-Range Rover Sport-2027.jpg'},{url:'https://imagescdn.d2cmedia.ca/s86aca0d799118e/3040/14429789/1/Land Rover-Range_Rover_Sport-2027.jpg'},{url:'https://imagescdn.d2cmedia.ca/cb6aca0d799118e/3040/14429789/1/Land Rover-Range_Rover_Sport-2027.jpg'},{url:'https://imagescdn.d2cmedia.ca/cb6aca0d799118e/3040/14429789/2/Land Rover-Range_Rover_Sport-2027.jpg'},{url:'https://imagescdn.d2cmedia.ca/cb6aca0d799118e/3040/14429789/3/Land Rover-Range_Rover_Sport-2027.jpg'},{url:'https://imagescdn.d2cmedia.ca/cb6aca0d799118e/3040/14429789/4/Land Rover-Range_Rover_Sport-2027.jpg'},{url:'https://imagescdn.d2cmedia.ca/cb6aca0d799118e/3040/14429789/5/Land Rover-Range_Rover_Sport-2027.jpg'},{url:'https://imagescdn.d2cmedia.ca/cb6aca0d799118e/3040/14429789/6/Land Rover-Range_Rover_Sport-2027.jpg'},{url:'https://imagescdn.d2cmedia.ca/cb6aca0d799118e/3040/14429789/7/Land Rover-Range_Rover_Sport-2027.jpg'},{url:'https://imagescdn.d2cmedia.ca/cb6aca0d799118e/3040/14429789/8/Land Rover-Range_Rover_Sport-2027.jpg'}]",90,KM,https://www.landroverbrampton.com/new/inventory/2027-Land_Rover-Range_Rover_Sport-id14429789.html,2027 Land Rover Range Rover Sport P400 Dynamic SE at Land Rover Brampton,124730 CAD,New,White,Black,3040,Land Rover Brampton,+1-905-500-2005,"{addr1: '50 Coachworks Cres', city: 'Brampton', region: 'Ontario', postal_code: 'L6R 3Y2', country: 'CA'}",43.7552740000,-79.7533260000,,,,,https://www.landroverbrampton.com/privacy-policy.html,New,3040,In stock,,124730 CAD,Free,
SAL1L9FU8VA676748,SAL1L9FU8VA676748,L27-129-new,Land Rover,Range Rover Sport,P400 Dynamic SE,2027,AUTOMATIC,SUV,GASOLINE,,"2027 Land Rover Range Rover Sport P400 Dynamic SE, Black exterior","[{url:'https://imagescdn.d2cmedia.ca/cb6aca0d799118e/3040/14423898/1/Land Rover-Range Rover Sport-2027.jpg'},{url:'https://imagescdn.d2cmedia.ca/s86aca0d799118e/3040/14423898/1/Land Rover-Range_Rover_Sport-2027.jpg'},{url:'https://imagescdn.d2cmedia.ca/cb6aca0d799118e/3040/14423898/1/Land Rover-Range_Rover_Sport-2027.jpg'},{url:'https://imagescdn.d2cmedia.ca/cb6aca0d799118e/3040/14423898/2/Land Rover-Range_Rover_Sport-2027.jpg'},{url:'https://imagescdn.d2cmedia.ca/cb6aca0d799118e/3040/14423898/3/Land Rover-Range_Rover_Sport-2027.jpg'},{url:'https://imagescdn.d2cmedia.ca/cb6aca0d799118e/3040/14423898/4/Land Rover-Range_Rover_Sport-2027.jpg'},{url:'https://imagescdn.d2cmedia.ca/cb6aca0d799118e/3040/14423898/5/Land Rover-Range_Rover_Sport-2027.jpg'},{url:'https://imagescdn.d2cmedia.ca/cb6aca0d799118e/3040/14423898/6/Land Rover-Range_Rover_Sport-2027.jpg'},{url:'https://imagescdn.d2cmedia.ca/cb6aca0d799118e/3040/14423898/7/Land Rover-Range_Rover_Sport-2027.jpg'},{url:'https://imagescdn.d2cmedia.ca/cb6aca0d799118e/3040/14423898/8/Land Rover-Range_Rover_Sport-2027.jpg'}]",90,KM,https://www.landroverbrampton.com/new/inventory/2027-Land_Rover-Range_Rover_Sport-id14423898.html,2027 Land Rover Range Rover Sport P400 Dynamic SE at Land Rover Brampton,129682 CAD,New,Black,Black,3040,Land Rover Brampton,+1-905-500-2005,"{addr1: '50 Coachworks Cres', city: 'Brampton', region: 'Ontario', postal_code: 'L6R 3Y2', country: 'CA'}",43.7552740000,-79.7533260000,,,,,https://www.landroverbrampton.com/privacy-policy.html,New,3040,In stock,,129682 CAD,Free,
SAL1L9FU6VA676571,SAL1L9FU6VA676571,L27-128-new,Land Rover,Range Rover Sport,P400 Dynamic SE,2027,AUTOMATIC,SUV,GASOLINE,,"2027 Land Rover Range Rover Sport P400 Dynamic SE, Black exterior","[{url:'https://imagescdn.d2cmedia.ca/cb6aca0d799118e/3040/14423897/1/Land Rover-Range Rover Sport-2027.jpg'},{url:'https://imagescdn.d2cmedia.ca/s86aca0d799118e/3040/14423897/1/Land Rover-Range_Rover_Sport-2027.jpg'},{url:'https://imagescdn.d2cmedia.ca/cb6aca0d799118e/3040/14423897/1/Land Rover-Range_Rover_Sport-2027.jpg'},{url:'https://imagescdn.d2cmedia.ca/cb6aca0d799118e/3040/14423897/2/Land Rover-Range_Rover_Sport-2027.jpg'},{url:'https://imagescdn.d2cmedia.ca/cb6aca0d799118e/3040/14423897/3/Land Rover-Range_Rover_Sport-2027.jpg'},{url:'https://imagescdn.d2cmedia.ca/cb6aca0d799118e/3040/14423897/4/Land Rover-Range_Rover_Sport-2027.jpg'},{url:'https://imagescdn.d2cmedia.ca/cb6aca0d799118e/3040/14423897/5/Land Rover-Range_Rover_Sport-2027.jpg'},{url:'https://imagescdn.d2cmedia.ca/cb6aca0d799118e/3040/14423897/6/Land Rover-Range_Rover_Sport-2027.jpg'},{url:'https://imagescdn.d2cmedia.ca/cb6aca0d799118e/3040/14423897/7/Land Rover-Range_Rover_Sport-2027.jpg'},{url:'https://imagescdn.d2cmedia.ca/cb6aca0d799118e/3040/14423897/8/Land Rover-Range_Rover_Sport-2027.jpg'}]",90,KM,https://www.landroverbrampton.com/new/inventory/2027-Land_Rover-Range_Rover_Sport-id14423897.html,2027 Land Rover Range Rover Sport P400 Dynamic SE at Land Rover Brampton,132026 CAD,New,Black,Black,3040,Land Rover Brampton,+1-905-500-2005,"{addr1: '50 Coachworks Cres', city: 'Brampton', region: 'Ontario', postal_code: 'L6R 3Y2', country: 'CA'}",43.7552740000,-79.7533260000,,,,,https://www.landroverbrampton.com/privacy-policy.html,New,3040,In stock,,132026 CAD,Free,
SAL1L9FU5VA675668,SAL1L9FU5VA675668,L27-115-new,Land Rover,Range Rover Sport,P400 Dynamic SE,2027,AUTOMATIC,SUV,GASOLINE,,"2027 Land Rover Range Rover Sport P400 Dynamic SE, Grey exterior","[{url:'https://carimages.d2cmedia.ca/newcarimages/en/cb6aca0d799118e/Land Rover/Range Rover Sport/2027/1200/487826-UDQwMCBEeW5hbWljIFNF/X9C9FA4/front45.png'},{url:'https://carimages.d2cmedia.ca/newcarimages/en/cb6aca0d799118e/Land Rover/Range Rover Sport/2027/1280/487826/X9c9fa4/front_45_degree.png'},{url:'https://carimages.d2cmedia.ca/newcarimages/en/cb6aca0d799118e/Land Rover/Range Rover Sport/2027/2100/487826/X9c9fa4/front_45_degree.png'},{url:'https://carimages.d2cmedia.ca/newcarimages/en/cb6aca0d799118e/Land Rover/Range Rover Sport/2027/2100/487826/X9c9fa4/profile.png'},{url:'https://carimages.d2cmedia.ca/newcarimages/en/cb6aca0d799118e/Land Rover/Range Rover Sport/2027/2100/487826/X9c9fa4/driver_dashboard.png'},{url:'https://carimages.d2cmedia.ca/newcarimages/en/cb6aca0d799118e/Land Rover/Range Rover Sport/2027/2100/487826/X9c9fa4/full_dashboard.png'},{url:'https://carimages.d2cmedia.ca/newcarimages/en/cb6aca0d799118e/Land Rover/Range Rover Sport/2027/2100/487826/X9c9fa4/interior_driver_open_seat.png'},{url:'https://carimages.d2cmedia.ca/newcarimages/en/cb6aca0d799118e/Land Rover/Range Rover Sport/2027/2100/487826/X9c9fa4/interior_driver_stereo.png'},{url:'https://carimages.d2cmedia.ca/newcarimages/en/cb6aca0d799118e/Land Rover/Range Rover Sport/2027/2100/487826/X9c9fa4/interior_driver_reat_seats.png'},{url:'https://carimages.d2cmedia.ca/newcarimages/en/cb6aca0d799118e/Land Rover/Range Rover Sport/2027/2100/487826/X9c9fa4/interior_driver_storage_console.png'}]",90,KM,https://www.landroverbrampton.com/new/inventory/2027-Land_Rover-Range_Rover_Sport-id14472591.html,2027 Land Rover Range Rover Sport P400 Dynamic SE at Land Rover Brampton,133848 CAD,New,Grey,Black,3040,Land Rover Brampton,+1-905-500-2005,"{addr1: '50 Coachworks Cres', city: 'Brampton', region: 'Ontario', postal_code: 'L6R 3Y2', country: 'CA'}",43.7552740000,-79.7533260000,,,,,https://www.landroverbrampton.com/privacy-policy.html,New,3040,In stock,,133848 CAD,Free,
SAL1L9FU8VA675776,SAL1L9FU8VA675776,L27-118-new,Land Rover,Range Rover Sport,P400 Dynamic SE,2027,AUTOMATIC,SUV,GASOLINE,,"2027 Land Rover Range Rover Sport P400 Dynamic SE, Grey exterior","[{url:'https://carimages.d2cmedia.ca/newcarimages/en/cb6aca0d799118e/Land Rover/Range Rover Sport/2027/1200/487826-UDQwMCBEeW5hbWljIFNF/X9C9FA4/front45.png'},{url:'https://carimages.d2cmedia.ca/newcarimages/en/cb6aca0d799118e/Land Rover/Range Rover Sport/2027/1280/487826/X9c9fa4/front_45_degree.png'},{url:'https://carimages.d2cmedia.ca/newcarimages/en/cb6aca0d799118e/Land Rover/Range Rover Sport/2027/2100/487826/X9c9fa4/front_45_degree.png'},{url:'https://carimages.d2cmedia.ca/newcarimages/en/cb6aca0d799118e/Land Rover/Range Rover Sport/2027/2100/487826/X9c9fa4/profile.png'},{url:'https://carimages.d2cmedia.ca/newcarimages/en/cb6aca0d799118e/Land Rover/Range Rover Sport/2027/2100/487826/X9c9fa4/driver_dashboard.png'},{url:'https://carimages.d2cmedia.ca/newcarimages/en/cb6aca0d799118e/Land Rover/Range Rover Sport/2027/2100/487826/X9c9fa4/full_dashboard.png'},{url:'https://carimages.d2cmedia.ca/newcarimages/en/cb6aca0d799118e/Land Rover/Range Rover Sport/2027/2100/487826/X9c9fa4/interior_driver_open_seat.png'},{url:'https://carimages.d2cmedia.ca/newcarimages/en/cb6aca0d799118e/Land Rover/Range Rover Sport/2027/2100/487826/X9c9fa4/interior_driver_stereo.png'},{url:'https://carimages.d2cmedia.ca/newcarimages/en/cb6aca0d799118e/Land Rover/Range Rover Sport/2027/2100/487826/X9c9fa4/interior_driver_reat_seats.png'},{url:'https://carimages.d2cmedia.ca/newcarimages/en/cb6aca0d799118e/Land Rover/Range Rover Sport/2027/2100/487826/X9c9fa4/interior_driver_storage_console.png'}]",90,KM,https://www.landroverbrampton.com/new/inventory/2027-Land_Rover-Range_Rover_Sport-id14429791.html,2027 Land Rover Range Rover Sport P400 Dynamic SE at Land Rover Brampton,134166 CAD,New,Grey,Burgundy,3040,Land Rover Brampton,+1-905-500-2005,"{addr1: '50 Coachworks Cres', city: 'Brampton', region: 'Ontario', postal_code: 'L6R 3Y2', country: 'CA'}",43.7552740000,-79.7533260000,,,,,https://www.landroverbrampton.com/privacy-policy.html,New,3040,In stock,,134166 CAD,Free,
SAL1L9FUXVA677559,SAL1L9FUXVA677559,L27-109-new,Land Rover,Range Rover Sport,P400 Dynamic SE,2027,AUTOMATIC,SUV,GASOLINE,,"2027 Land Rover Range Rover Sport P400 Dynamic SE, Green exterior","[{url:'https://imagescdn.d2cmedia.ca/cb6aca0d799118e/3040/14429790/1/Land Rover-Range Rover Sport-2027.jpg'},{url:'https://imagescdn.d2cmedia.ca/s86aca0d799118e/3040/14429790/1/Land Rover-Range_Rover_Sport-2027.jpg'},{url:'https://imagescdn.d2cmedia.ca/cb6aca0d799118e/3040/14429790/1/Land Rover-Range_Rover_Sport-2027.jpg'},{url:'https://imagescdn.d2cmedia.ca/cb6aca0d799118e/3040/14429790/2/Land Rover-Range_Rover_Sport-2027.jpg'},{url:'https://imagescdn.d2cmedia.ca/cb6aca0d799118e/3040/14429790/3/Land Rover-Range_Rover_Sport-2027.jpg'},{url:'https://imagescdn.d2cmedia.ca/cb6aca0d799118e/3040/14429790/4/Land Rover-Range_Rover_Sport-2027.jpg'},{url:'https://imagescdn.d2cmedia.ca/cb6aca0d799118e/3040/14429790/5/Land Rover-Range_Rover_Sport-2027.jpg'},{url:'https://imagescdn.d2cmedia.ca/cb6aca0d799118e/3040/14429790/6/Land Rover-Range_Rover_Sport-2027.jpg'},{url:'https://imagescdn.d2cmedia.ca/cb6aca0d799118e/3040/14429790/7/Land Rover-Range_Rover_Sport-2027.jpg'},{url:'https://imagescdn.d2cmedia.ca/cb6aca0d799118e/3040/14429790/8/Land Rover-Range_Rover_Sport-2027.jpg'}]",90,KM,https://www.landroverbrampton.com/new/inventory/2027-Land_Rover-Range_Rover_Sport-id14429790.html,2027 Land Rover Range Rover Sport P400 Dynamic SE at Land Rover Brampton,134742 CAD,New,Green,Black,3040,Land Rover Brampton,+1-905-500-2005,"{addr1: '50 Coachworks Cres', city: 'Brampton', region: 'Ontario', postal_code: 'L6R 3Y2', country: 'CA'}",43.7552740000,-79.7533260000,,,,,https://www.landroverbrampton.com/privacy-policy.html,New,3040,In stock,,134742 CAD,Free,
SAL1L9FU4VA678366,SAL1L9FU4VA678366,L27-108-new,Land Rover,Range Rover Sport,P400 Dynamic SE,2027,AUTOMATIC,SUV,GASOLINE,,"2027 Land Rover Range Rover Sport P400 Dynamic SE, Grey exterior","[{url:'https://carimages.d2cmedia.ca/newcarimages/en/cb6aca0d799118e/Land Rover/Range Rover Sport/2027/1200/487826-UDQwMCBEeW5hbWljIFNF/X9C9FA4/front45.png'},{url:'https://carimages.d2cmedia.ca/newcarimages/en/cb6aca0d799118e/Land Rover/Range Rover Sport/2027/1280/487826/X9c9fa4/front_45_degree.png'},{url:'https://carimages.d2cmedia.ca/newcarimages/en/cb6aca0d799118e/Land Rover/Range Rover Sport/2027/2100/487826/X9c9fa4/front_45_degree.png'},{url:'https://carimages.d2cmedia.ca/newcarimages/en/cb6aca0d799118e/Land Rover/Range Rover Sport/2027/2100/487826/X9c9fa4/profile.png'},{url:'https://carimages.d2cmedia.ca/newcarimages/en/cb6aca0d799118e/Land Rover/Range Rover Sport/2027/2100/487826/X9c9fa4/driver_dashboard.png'},{url:'https://carimages.d2cmedia.ca/newcarimages/en/cb6aca0d799118e/Land Rover/Range Rover Sport/2027/2100/487826/X9c9fa4/full_dashboard.png'},{url:'https://carimages.d2cmedia.ca/newcarimages/en/cb6aca0d799118e/Land Rover/Range Rover Sport/2027/2100/487826/X9c9fa4/interior_driver_open_seat.png'},{url:'https://carimages.d2cmedia.ca/newcarimages/en/cb6aca0d799118e/Land Rover/Range Rover Sport/2027/2100/487826/X9c9fa4/interior_driver_stereo.png'},{url:'https://carimages.d2cmedia.ca/newcarimages/en/cb6aca0d799118e/Land Rover/Range Rover Sport/2027/2100/487826/X9c9fa4/interior_driver_reat_seats.png'},{url:'https://carimages.d2cmedia.ca/newcarimages/en/cb6aca0d799118e/Land Rover/Range Rover Sport/2027/2100/487826/X9c9fa4/interior_driver_storage_console.png'}]",90,KM,https://www.landroverbrampton.com/new/inventory/2027-Land_Rover-Range_Rover_Sport-id14487696.html,2027 Land Rover Range Rover Sport P400 Dynamic SE at Land Rover Brampton,134800 CAD,New,Grey,Burgundy,3040,Land Rover Brampton,+1-905-500-2005,"{addr1: '50 Coachworks Cres', city: 'Brampton', region: 'Ontario', postal_code: 'L6R 3Y2', country: 'CA'}",43.7552740000,-79.7533260000,,,,,https://www.landroverbrampton.com/privacy-policy.html,New,3040,In stock,,134800 CAD,Free,
SAL1L9FUXVA676542,SAL1L9FUXVA676542,L27-121-new,Land Rover,Range Rover Sport,P400 Dynamic SE,2027,AUTOMATIC,SUV,GASOLINE,,"2027 Land Rover Range Rover Sport P400 Dynamic SE, Black exterior","[{url:'https://carimages.d2cmedia.ca/newcarimages/en/cb6aca0d799118e/Land Rover/Range Rover Sport/2027/1200/487826-UDQwMCBEeW5hbWljIFNF/X282A2A/front45.png'},{url:'https://carimages.d2cmedia.ca/newcarimages/en/cb6aca0d799118e/Land Rover/Range Rover Sport/2027/1280/487826/X282a2a/front_45_degree.png'},{url:'https://carimages.d2cmedia.ca/newcarimages/en/cb6aca0d799118e/Land Rover/Range Rover Sport/2027/2100/487826/X282a2a/front_45_degree.png'},{url:'https://carimages.d2cmedia.ca/newcarimages/en/cb6aca0d799118e/Land Rover/Range Rover Sport/2027/2100/487826/X282a2a/profile.png'},{url:'https://carimages.d2cmedia.ca/newcarimages/en/cb6aca0d799118e/Land Rover/Range Rover Sport/2027/2100/487826/X282a2a/driver_dashboard.png'},{url:'https://carimages.d2cmedia.ca/newcarimages/en/cb6aca0d799118e/Land Rover/Range Rover Sport/2027/2100/487826/X282a2a/full_dashboard.png'},{url:'https://carimages.d2cmedia.ca/newcarimages/en/cb6aca0d799118e/Land Rover/Range Rover Sport/2027/2100/487826/X282a2a/interior_driver_open_seat.png'},{url:'https://carimages.d2cmedia.ca/newcarimages/en/cb6aca0d799118e/Land Rover/Range Rover Sport/2027/2100/487826/X282a2a/interior_driver_stereo.png'},{url:'https://carimages.d2cmedia.ca/newcarimages/en/cb6aca0d799118e/Land Rover/Range Rover Sport/2027/2100/487826/X282a2a/interior_driver_reat_seats.png'},{url:'https://carimages.d2cmedia.ca/newcarimages/en/cb6aca0d799118e/Land Rover/Range Rover Sport/2027/2100/487826/X282a2a/interior_driver_storage_console.png'}]",90,KM,https://www.landroverbrampton.com/new/inventory/2027-Land_Rover-Range_Rover_Sport-id14472592.html,2027 Land Rover Range Rover Sport P400 Dynamic SE at Land Rover Brampton,134865 CAD,New,Black,Black,3040,Land Rover Brampton,+1-905-500-2005,"{addr1: '50 Coachworks Cres', city: 'Brampton', region: 'Ontario', postal_code: 'L6R 3Y2', country: 'CA'}",43.7552740000,-79.7533260000,,,,,https://www.landroverbrampton.com/privacy-policy.html,New,3040,In stock,,134865 CAD,Free,
SAL1L9FU4VA677833,SAL1L9FU4VA677833,L27-117-new,Land Rover,Range Rover Sport,P400 Dynamic SE,2027,AUTOMATIC,SUV,GASOLINE,,"2027 Land Rover Range Rover Sport P400 Dynamic SE, Grey exterior","[{url:'https://carimages.d2cmedia.ca/newcarimages/en/cb6aca0d799118e/Land Rover/Range Rover Sport/2027/1200/487826-UDQwMCBEeW5hbWljIFNF/X9C9FA4/front45.png'},{url:'https://carimages.d2cmedia.ca/newcarimages/en/cb6aca0d799118e/Land Rover/Range Rover Sport/2027/1280/487826/X9c9fa4/front_45_degree.png'},{url:'https://carimages.d2cmedia.ca/newcarimages/en/cb6aca0d799118e/Land Rover/Range Rover Sport/2027/2100/487826/X9c9fa4/front_45_degree.png'},{url:'https://carimages.d2cmedia.ca/newcarimages/en/cb6aca0d799118e/Land Rover/Range Rover Sport/2027/2100/487826/X9c9fa4/profile.png'},{url:'https://carimages.d2cmedia.ca/newcarimages/en/cb6aca0d799118e/Land Rover/Range Rover Sport/2027/2100/487826/X9c9fa4/driver_dashboard.png'},{url:'https://carimages.d2cmedia.ca/newcarimages/en/cb6aca0d799118e/Land Rover/Range Rover Sport/2027/2100/487826/X9c9fa4/full_dashboard.png'},{url:'https://carimages.d2cmedia.ca/newcarimages/en/cb6aca0d799118e/Land Rover/Range Rover Sport/2027/2100/487826/X9c9fa4/interior_driver_open_seat.png'},{url:'https://carimages.d2cmedia.ca/newcarimages/en/cb6aca0d799118e/Land Rover/Range Rover Sport/2027/2100/487826/X9c9fa4/interior_driver_stereo.png'},{url:'https://carimages.d2cmedia.ca/newcarimages/en/cb6aca0d799118e/Land Rover/Range Rover Sport/2027/2100/487826/X9c9fa4/interior_driver_reat_seats.png'},{url:'https://carimages.d2cmedia.ca/newcarimages/en/cb6aca0d799118e/Land Rover/Range Rover Sport/2027/2100/487826/X9c9fa4/interior_driver_storage_console.png'}]",90,KM,https://www.landroverbrampton.com/new/inventory/2027-Land_Rover-Range_Rover_Sport-id14423896.html,2027 Land Rover Range Rover Sport P400 Dynamic SE at Land Rover Brampton,135474 CAD,New,Grey,Burgundy,3040,Land Rover Brampton,+1-905-500-2005,"{addr1: '50 Coachworks Cres', city: 'Brampton', region: 'Ontario', postal_code: 'L6R 3Y2', country: 'CA'}",43.7552740000,-79.7533260000,,,,,https://www.landroverbrampton.com/privacy-policy.html,New,3040,In stock,,135474 CAD,Free,
SAL1L9FU4VA683471,SAL1L9FU4VA683471,L27-201-new,Land Rover,Range Rover Sport,P400 Dynamic SE,2027,AUTOMATIC,SUV,GASOLINE,,"2027 Land Rover Range Rover Sport P400 Dynamic SE, Black exterior","[{url:'https://carimages.d2cmedia.ca/newcarimages/en/cb6aca0d799118e/Land Rover/Range Rover Sport/2027/1200/487826-UDQwMCBEeW5hbWljIFNF/X282A2A/front45.png'},{url:'https://carimages.d2cmedia.ca/newcarimages/en/cb6aca0d799118e/Land Rover/Range Rover Sport/2027/1280/487826/X282a2a/front_45_degree.png'},{url:'https://carimages.d2cmedia.ca/newcarimages/en/cb6aca0d799118e/Land Rover/Range Rover Sport/2027/2100/487826/X282a2a/front_45_degree.png'},{url:'https://carimages.d2cmedia.ca/newcarimages/en/cb6aca0d799118e/Land Rover/Range Rover Sport/2027/2100/487826/X282a2a/profile.png'},{url:'https://carimages.d2cmedia.ca/newcarimages/en/cb6aca0d799118e/Land Rover/Range Rover Sport/2027/2100/487826/X282a2a/driver_dashboard.png'},{url:'https://carimages.d2cmedia.ca/newcarimages/en/cb6aca0d799118e/Land Rover/Range Rover Sport/2027/2100/487826/X282a2a/full_dashboard.png'},{url:'https://carimages.d2cmedia.ca/newcarimages/en/cb6aca0d799118e/Land Rover/Range Rover Sport/2027/2100/487826/X282a2a/interior_driver_open_seat.png'},{url:'https://carimages.d2cmedia.ca/newcarimages/en/cb6aca0d799118e/Land Rover/Range Rover Sport/2027/2100/487826/X282a2a/interior_driver_stereo.png'},{url:'https://carimages.d2cmedia.ca/newcarimages/en/cb6aca0d799118e/Land Rover/Range Rover Sport/2027/2100/487826/X282a2a/interior_driver_reat_seats.png'},{url:'https://carimages.d2cmedia.ca/newcarimages/en/cb6aca0d799118e/Land Rover/Range Rover Sport/2027/2100/487826/X282a2a/interior_driver_storage_console.png'}]",90,KM,https://www.landroverbrampton.com/new/inventory/2027-Land_Rover-Range_Rover_Sport-id14487697.html,2027 Land Rover Range Rover Sport P400 Dynamic SE at Land Rover Brampton,135683 CAD,New,Black,Burgundy,3040,Land Rover Brampton,+1-905-500-2005,"{addr1: '50 Coachworks Cres', city: 'Brampton', region: 'Ontario', postal_code: 'L6R 3Y2', country: 'CA'}",43.7552740000,-79.7533260000,,,,,https://www.landroverbrampton.com/privacy-policy.html,New,3040,In stock,,135683 CAD,Free,
SAL1L9FU2VA678124,SAL1L9FU2VA678124,L27-126-new,Land Rover,Range Rover Sport,P400 Dynamic SE,2027,AUTOMATIC,SUV,GASOLINE,,"2027 Land Rover Range Rover Sport P400 Dynamic SE, Grey exterior","[{url:'https://carimages.d2cmedia.ca/newcarimages/en/cb6aca0d799118e/Land Rover/Range Rover Sport/2027/1200/487826-UDQwMCBEeW5hbWljIFNF/X9C9FA4/front45.png'},{url:'https://carimages.d2cmedia.ca/newcarimages/en/cb6aca0d799118e/Land Rover/Range Rover Sport/2027/1280/487826/X9c9fa4/front_45_degree.png'},{url:'https://carimages.d2cmedia.ca/newcarimages/en/cb6aca0d799118e/Land Rover/Range Rover Sport/2027/2100/487826/X9c9fa4/front_45_degree.png'},{url:'https://carimages.d2cmedia.ca/newcarimages/en/cb6aca0d799118e/Land Rover/Range Rover Sport/2027/2100/487826/X9c9fa4/profile.png'},{url:'https://carimages.d2cmedia.ca/newcarimages/en/cb6aca0d799118e/Land Rover/Range Rover Sport/2027/2100/487826/X9c9fa4/driver_dashboard.png'},{url:'https://carimages.d2cmedia.ca/newcarimages/en/cb6aca0d799118e/Land Rover/Range Rover Sport/2027/2100/487826/X9c9fa4/full_dashboard.png'},{url:'https://carimages.d2cmedia.ca/newcarimages/en/cb6aca0d799118e/Land Rover/Range Rover Sport/2027/2100/487826/X9c9fa4/interior_driver_open_seat.png'},{url:'https://carimages.d2cmedia.ca/newcarimages/en/cb6aca0d799118e/Land Rover/Range Rover Sport/2027/2100/487826/X9c9fa4/interior_driver_stereo.png'},{url:'https://carimages.d2cmedia.ca/newcarimages/en/cb6aca0d799118e/Land Rover/Range Rover Sport/2027/2100/487826/X9c9fa4/interior_driver_reat_seats.png'},{url:'https://carimages.d2cmedia.ca/newcarimages/en/cb6aca0d799118e/Land Rover/Range Rover Sport/2027/2100/487826/X9c9fa4/interior_driver_storage_console.png'}]",90,KM,https://www.landroverbrampton.com/new/inventory/2027-Land_Rover-Range_Rover_Sport-id14458561.html,2027 Land Rover Range Rover Sport P400 Dynamic SE at Land Rover Brampton,136248 CAD,New,Grey,Black,3040,Land Rover Brampton,+1-905-500-2005,"{addr1: '50 Coachworks Cres', city: 'Brampton', region: 'Ontario', postal_code: 'L6R 3Y2', country: 'CA'}",43.7552740000,-79.7533260000,,,,,https://www.landroverbrampton.com/privacy-policy.html,New,3040,In stock,,136248 CAD,Free,
SAL1L9FU4VA678304,SAL1L9FU4VA678304,L27-105-new,Land Rover,Range Rover Sport,P400 Dynamic SE,2027,AUTOMATIC,SUV,GASOLINE,,"2027 Land Rover Range Rover Sport P400 Dynamic SE, White exterior","[{url:'https://carimages.d2cmedia.ca/newcarimages/en/cb6aca0d799118e/Land Rover/Range Rover Sport/2027/1200/487826-UDQwMCBEeW5hbWljIFNF/XE7E5E5/front45.png'},{url:'https://carimages.d2cmedia.ca/newcarimages/en/cb6aca0d799118e/Land Rover/Range Rover Sport/2027/1280/487826/Xe7e5e5/front_45_degree.png'},{url:'https://carimages.d2cmedia.ca/newcarimages/en/cb6aca0d799118e/Land Rover/Range Rover Sport/2027/2100/487826/Xe7e5e5/front_45_degree.png'},{url:'https://carimages.d2cmedia.ca/newcarimages/en/cb6aca0d799118e/Land Rover/Range Rover Sport/2027/2100/487826/Xe7e5e5/profile.png'},{url:'https://carimages.d2cmedia.ca/newcarimages/en/cb6aca0d799118e/Land Rover/Range Rover Sport/2027/2100/487826/Xe7e5e5/driver_dashboard.png'},{url:'https://carimages.d2cmedia.ca/newcarimages/en/cb6aca0d799118e/Land Rover/Range Rover Sport/2027/2100/487826/Xe7e5e5/full_dashboard.png'},{url:'https://carimages.d2cmedia.ca/newcarimages/en/cb6aca0d799118e/Land Rover/Range Rover Sport/2027/2100/487826/Xe7e5e5/interior_driver_open_seat.png'},{url:'https://carimages.d2cmedia.ca/newcarimages/en/cb6aca0d799118e/Land Rover/Range Rover Sport/2027/2100/487826/Xe7e5e5/interior_driver_stereo.png'},{url:'https://carimages.d2cmedia.ca/newcarimages/en/cb6aca0d799118e/Land Rover/Range Rover Sport/2027/2100/487826/Xe7e5e5/interior_driver_reat_seats.png'},{url:'https://carimages.d2cmedia.ca/newcarimages/en/cb6aca0d799118e/Land Rover/Range Rover Sport/2027/2100/487826/Xe7e5e5/interior_driver_storage_console.png'}]",90,KM,https://www.landroverbrampton.com/new/inventory/2027-Land_Rover-Range_Rover_Sport-id14487695.html,2027 Land Rover Range Rover Sport P400 Dynamic SE at Land Rover Brampton,136258 CAD,New,White,Burgundy,3040,Land Rover Brampton,+1-905-500-2005,"{addr1: '50 Coachworks Cres', city: 'Brampton', region: 'Ontario', postal_code: 'L6R 3Y2', country: 'CA'}",43.7552740000,-79.7533260000,,,,,https://www.landroverbrampton.com/privacy-policy.html,New,3040,In stock,,136258 CAD,Free,
SAL1L9FU2VA678334,SAL1L9FU2VA678334,L27-125-new,Land Rover,Range Rover Sport,P400 Dynamic SE,2027,AUTOMATIC,SUV,GASOLINE,,"2027 Land Rover Range Rover Sport P400 Dynamic SE, Grey exterior","[{url:'https://carimages.d2cmedia.ca/newcarimages/en/cb6aca0d799118e/Land Rover/Range Rover Sport/2027/1200/487826-UDQwMCBEeW5hbWljIFNF/X9C9FA4/front45.png'},{url:'https://carimages.d2cmedia.ca/newcarimages/en/cb6aca0d799118e/Land Rover/Range Rover Sport/2027/1280/487826/X9c9fa4/front_45_degree.png'},{url:'https://carimages.d2cmedia.ca/newcarimages/en/cb6aca0d799118e/Land Rover/Range Rover Sport/2027/2100/487826/X9c9fa4/front_45_degree.png'},{url:'https://carimages.d2cmedia.ca/newcarimages/en/cb6aca0d799118e/Land Rover/Range Rover Sport/2027/2100/487826/X9c9fa4/profile.png'},{url:'https://carimages.d2cmedia.ca/newcarimages/en/cb6aca0d799118e/Land Rover/Range Rover Sport/2027/2100/487826/X9c9fa4/driver_dashboard.png'},{url:'https://carimages.d2cmedia.ca/newcarimages/en/cb6aca0d799118e/Land Rover/Range Rover Sport/2027/2100/487826/X9c9fa4/full_dashboard.png'},{url:'https://carimages.d2cmedia.ca/newcarimages/en/cb6aca0d799118e/Land Rover/Range Rover Sport/2027/2100/487826/X9c9fa4/interior_driver_open_seat.png'},{url:'https://carimages.d2cmedia.ca/newcarimages/en/cb6aca0d799118e/Land Rover/Range Rover Sport/2027/2100/487826/X9c9fa4/interior_driver_stereo.png'},{url:'https://carimages.d2cmedia.ca/newcarimages/en/cb6aca0d799118e/Land Rover/Range Rover Sport/2027/2100/487826/X9c9fa4/interior_driver_reat_seats.png'},{url:'https://carimages.d2cmedia.ca/newcarimages/en/cb6aca0d799118e/Land Rover/Range Rover Sport/2027/2100/487826/X9c9fa4/interior_driver_storage_console.png'}]",90,KM,https://www.landroverbrampton.com/new/inventory/2027-Land_Rover-Range_Rover_Sport-id14458560.html,2027 Land Rover Range Rover Sport P400 Dynamic SE at Land Rover Brampton,136276 CAD,New,Grey,Black,3040,Land Rover Brampton,+1-905-500-2005,"{addr1: '50 Coachworks Cres', city: 'Brampton', region: 'Ontario', postal_code: 'L6R 3Y2', country: 'CA'}",43.7552740000,-79.7533260000,,,,,https://www.landroverbrampton.com/privacy-policy.html,New,3040,In stock,,136276 CAD,Free,
SAL1L9FU5VA678165,SAL1L9FU5VA678165,L27-130-new,Land Rover,Range Rover Sport,P400 Dynamic SE,2027,AUTOMATIC,SUV,GASOLINE,,"2027 Land Rover Range Rover Sport P400 Dynamic SE, White exterior","[{url:'https://carimages.d2cmedia.ca/newcarimages/en/cb6aca0d799118e/Land Rover/Range Rover Sport/2027/1200/487826-UDQwMCBEeW5hbWljIFNF/XE5E5E5/front45.png'},{url:'https://carimages.d2cmedia.ca/newcarimages/en/cb6aca0d799118e/Land Rover/Range Rover Sport/2027/1280/487826/Xe5e5e5/front_45_degree.png'},{url:'https://carimages.d2cmedia.ca/newcarimages/en/cb6aca0d799118e/Land Rover/Range Rover Sport/2027/2100/487826/Xe5e5e5/front_45_degree.png'},{url:'https://carimages.d2cmedia.ca/newcarimages/en/cb6aca0d799118e/Land Rover/Range Rover Sport/2027/2100/487826/Xe5e5e5/profile.png'},{url:'https://carimages.d2cmedia.ca/newcarimages/en/cb6aca0d799118e/Land Rover/Range Rover Sport/2027/2100/487826/Xe5e5e5/driver_dashboard.png'},{url:'https://carimages.d2cmedia.ca/newcarimages/en/cb6aca0d799118e/Land Rover/Range Rover Sport/2027/2100/487826/Xe5e5e5/full_dashboard.png'},{url:'https://carimages.d2cmedia.ca/newcarimages/en/cb6aca0d799118e/Land Rover/Range Rover Sport/2027/2100/487826/Xe5e5e5/interior_driver_open_seat.png'},{url:'https://carimages.d2cmedia.ca/newcarimages/en/cb6aca0d799118e/Land Rover/Range Rover Sport/2027/2100/487826/Xe5e5e5/interior_driver_stereo.png'},{url:'https://carimages.d2cmedia.ca/newcarimages/en/cb6aca0d799118e/Land Rover/Range Rover Sport/2027/2100/487826/Xe5e5e5/interior_driver_reat_seats.png'},{url:'https://carimages.d2cmedia.ca/newcarimages/en/cb6aca0d799118e/Land Rover/Range Rover Sport/2027/2100/487826/Xe5e5e5/interior_driver_storage_console.png'}]",90,KM,https://www.landroverbrampton.com/new/inventory/2027-Land_Rover-Range_Rover_Sport-id14505195.html,2027 Land Rover Range Rover Sport P400 Dynamic SE at Land Rover Brampton,136428 CAD,New,White,Burgundy,3040,Land Rover Brampton,+1-905-500-2005,"{addr1: '50 Coachworks Cres', city: 'Brampton', region: 'Ontario', postal_code: 'L6R 3Y2', country: 'CA'}",43.7552740000,-79.7533260000,,,,,https://www.landroverbrampton.com/privacy-policy.html,New,3040,In stock,,136428 CAD,Free,
SAL1L9FU3VA678231,SAL1L9FU3VA678231,L27-107-new,Land Rover,Range Rover Sport,P400 Dynamic SE,2027,AUTOMATIC,SUV,GASOLINE,,"2027 Land Rover Range Rover Sport P400 Dynamic SE, Grey exterior","[{url:'https://carimages.d2cmedia.ca/newcarimages/en/cb6aca0d799118e/Land Rover/Range Rover Sport/2027/1200/487826-UDQwMCBEeW5hbWljIFNF/X444546/front45.png'},{url:'https://carimages.d2cmedia.ca/newcarimages/en/cb6aca0d799118e/Land Rover/Range Rover Sport/2027/1280/487826/X444546/front_45_degree.png'},{url:'https://carimages.d2cmedia.ca/newcarimages/en/cb6aca0d799118e/Land Rover/Range Rover Sport/2027/2100/487826/X444546/front_45_degree.png'},{url:'https://carimages.d2cmedia.ca/newcarimages/en/cb6aca0d799118e/Land Rover/Range Rover Sport/2027/2100/487826/X444546/profile.png'},{url:'https://carimages.d2cmedia.ca/newcarimages/en/cb6aca0d799118e/Land Rover/Range Rover Sport/2027/2100/487826/X444546/driver_dashboard.png'},{url:'https://carimages.d2cmedia.ca/newcarimages/en/cb6aca0d799118e/Land Rover/Range Rover Sport/2027/2100/487826/X444546/full_dashboard.png'},{url:'https://carimages.d2cmedia.ca/newcarimages/en/cb6aca0d799118e/Land Rover/Range Rover Sport/2027/2100/487826/X444546/interior_driver_open_seat.png'},{url:'https://carimages.d2cmedia.ca/newcarimages/en/cb6aca0d799118e/Land Rover/Range Rover Sport/2027/2100/487826/X444546/interior_driver_stereo.png'},{url:'https://carimages.d2cmedia.ca/newcarimages/en/cb6aca0d799118e/Land Rover/Range Rover Sport/2027/2100/487826/X444546/interior_driver_reat_seats.png'},{url:'https://carimages.d2cmedia.ca/newcarimages/en/cb6aca0d799118e/Land Rover/Range Rover Sport/2027/2100/487826/X444546/interior_driver_storage_console.png'}]",90,KM,https://www.landroverbrampton.com/new/inventory/2027-Land_Rover-Range_Rover_Sport-id14423895.html,2027 Land Rover Range Rover Sport P400 Dynamic SE at Land Rover Brampton,136686 CAD,New,Grey,Black,3040,Land Rover Brampton,+1-905-500-2005,"{addr1: '50 Coachworks Cres', city: 'Brampton', region: 'Ontario', postal_code: 'L6R 3Y2', country: 'CA'}",43.7552740000,-79.7533260000,,,,,https://www.landroverbrampton.com/privacy-policy.html,New,3040,In stock,,136686 CAD,Free,
SAL1L9FU5VA678778,SAL1L9FU5VA678778,L27-101-new,Land Rover,Range Rover Sport,P400 Dynamic SE,2027,AUTOMATIC,SUV,GASOLINE,,"2027 Land Rover Range Rover Sport P400 Dynamic SE, Grey exterior","[{url:'https://carimages.d2cmedia.ca/newcarimages/en/cb6aca0d799118e/Land Rover/Range Rover Sport/2027/1200/487826-UDQwMCBEeW5hbWljIFNF/X9C9FA4/front45.png'},{url:'https://carimages.d2cmedia.ca/newcarimages/en/cb6aca0d799118e/Land Rover/Range Rover Sport/2027/1280/487826/X9c9fa4/front_45_degree.png'},{url:'https://carimages.d2cmedia.ca/newcarimages/en/cb6aca0d799118e/Land Rover/Range Rover Sport/2027/2100/487826/X9c9fa4/front_45_degree.png'},{url:'https://carimages.d2cmedia.ca/newcarimages/en/cb6aca0d799118e/Land Rover/Range Rover Sport/2027/2100/487826/X9c9fa4/profile.png'},{url:'https://carimages.d2cmedia.ca/newcarimages/en/cb6aca0d799118e/Land Rover/Range Rover Sport/2027/2100/487826/X9c9fa4/driver_dashboard.png'},{url:'https://carimages.d2cmedia.ca/newcarimages/en/cb6aca0d799118e/Land Rover/Range Rover Sport/2027/2100/487826/X9c9fa4/full_dashboard.png'},{url:'https://carimages.d2cmedia.ca/newcarimages/en/cb6aca0d799118e/Land Rover/Range Rover Sport/2027/2100/487826/X9c9fa4/interior_driver_open_seat.png'},{url:'https://carimages.d2cmedia.ca/newcarimages/en/cb6aca0d799118e/Land Rover/Range Rover Sport/2027/2100/487826/X9c9fa4/interior_driver_stereo.png'},{url:'https://carimages.d2cmedia.ca/newcarimages/en/cb6aca0d799118e/Land Rover/Range Rover Sport/2027/2100/487826/X9c9fa4/interior_driver_reat_seats.png'},{url:'https://carimages.d2cmedia.ca/newcarimages/en/cb6aca0d799118e/Land Rover/Range Rover Sport/2027/2100/487826/X9c9fa4/interior_driver_storage_console.png'}]",90,KM,https://www.landroverbrampton.com/new/inventory/2027-Land_Rover-Range_Rover_Sport-id14472590.html,2027 Land Rover Range Rover Sport P400 Dynamic SE at Land Rover Brampton,146802 CAD,New,Grey,Black,3040,Land Rover Brampton,+1-905-500-2005,"{addr1: '50 Coachworks Cres', city: 'Brampton', region: 'Ontario', postal_code: 'L6R 3Y2', country: 'CA'}",43.7552740000,-79.7533260000,,,,,https://www.landroverbrampton.com/privacy-policy.html,New,3040,In stock,,146802 CAD,Free,
SAL1L9FU3VA679458,SAL1L9FU3VA679458,L27-106-new,Land Rover,Range Rover Sport,P400 Dynamic SE,2027,AUTOMATIC,SUV,GASOLINE,,"2027 Land Rover Range Rover Sport P400 Dynamic SE, Black exterior","[{url:'https://carimages.d2cmedia.ca/newcarimages/en/cb6aca0d799118e/Land Rover/Range Rover Sport/2027/1200/487826-UDQwMCBEeW5hbWljIFNF/X282A2A/front45.png'},{url:'https://carimages.d2cmedia.ca/newcarimages/en/cb6aca0d799118e/Land Rover/Range Rover Sport/2027/1280/487826/X282a2a/front_45_degree.png'},{url:'https://carimages.d2cmedia.ca/newcarimages/en/cb6aca0d799118e/Land Rover/Range Rover Sport/2027/2100/487826/X282a2a/front_45_degree.png'},{url:'https://carimages.d2cmedia.ca/newcarimages/en/cb6aca0d799118e/Land Rover/Range Rover Sport/2027/2100/487826/X282a2a/profile.png'},{url:'https://carimages.d2cmedia.ca/newcarimages/en/cb6aca0d799118e/Land Rover/Range Rover Sport/2027/2100/487826/X282a2a/driver_dashboard.png'},{url:'https://carimages.d2cmedia.ca/newcarimages/en/cb6aca0d799118e/Land Rover/Range Rover Sport/2027/2100/487826/X282a2a/full_dashboard.png'},{url:'https://carimages.d2cmedia.ca/newcarimages/en/cb6aca0d799118e/Land Rover/Range Rover Sport/2027/2100/487826/X282a2a/interior_driver_open_seat.png'},{url:'https://carimages.d2cmedia.ca/newcarimages/en/cb6aca0d799118e/Land Rover/Range Rover Sport/2027/2100/487826/X282a2a/interior_driver_stereo.png'},{url:'https://carimages.d2cmedia.ca/newcarimages/en/cb6aca0d799118e/Land Rover/Range Rover Sport/2027/2100/487826/X282a2a/interior_driver_reat_seats.png'},{url:'https://carimages.d2cmedia.ca/newcarimages/en/cb6aca0d799118e/Land Rover/Range Rover Sport/2027/2100/487826/X282a2a/interior_driver_storage_console.png'}]",90,KM,https://www.landroverbrampton.com/new/inventory/2027-Land_Rover-Range_Rover_Sport-id14505194.html,2027 Land Rover Range Rover Sport P400 Dynamic SE at Land Rover Brampton,154536 CAD,New,Black,Black,3040,Land Rover Brampton,+1-905-500-2005,"{addr1: '50 Coachworks Cres', city: 'Brampton', region: 'Ontario', postal_code: 'L6R 3Y2', country: 'CA'}",43.7552740000,-79.7533260000,,,,,https://www.landroverbrampton.com/privacy-policy.html,New,3040,In stock,,154536 CAD,Free,
SALKP9FUXVA399190,SALKP9FUXVA399190,L27-147-new,Land Rover,Range Rover,P400 SE SWB,2027,AUTOMATIC,SUV,GASOLINE,,"2027 Land Rover Range Rover P400 SE SWB, White exterior","[{url:'https://carimages.d2cmedia.ca/newcarimages/en/cb6aca0d799118e/Land Rover/Range Rover/2027/1200/487623-UDQwMCBTRSBTV0I/XE5E5E5/front45.png'},{url:'https://carimages.d2cmedia.ca/newcarimages/en/cb6aca0d799118e/Land Rover/Range Rover/2027/1280/487623/Xe5e5e5/front_45_degree.png'},{url:'https://carimages.d2cmedia.ca/newcarimages/en/cb6aca0d799118e/Land Rover/Range Rover/2027/2100/487623/Xe5e5e5/front_45_degree.png'},{url:'https://carimages.d2cmedia.ca/newcarimages/en/cb6aca0d799118e/Land Rover/Range Rover/2027/2100/487623/Xe5e5e5/profile.png'},{url:'https://carimages.d2cmedia.ca/newcarimages/en/cb6aca0d799118e/Land Rover/Range Rover/2027/2100/487623/Xe5e5e5/back_45_degree.png'},{url:'https://carimages.d2cmedia.ca/newcarimages/en/cb6aca0d799118e/Land Rover/Range Rover/2027/2100/487623/Xe5e5e5/driver_dashboard.png'},{url:'https://carimages.d2cmedia.ca/newcarimages/en/cb6aca0d799118e/Land Rover/Range Rover/2027/2100/487623/Xe5e5e5/full_dashboard.png'},{url:'https://carimages.d2cmedia.ca/newcarimages/en/cb6aca0d799118e/Land Rover/Range Rover/2027/2100/487623/Xe5e5e5/interior_driver_open_seat.png'},{url:'https://carimages.d2cmedia.ca/newcarimages/en/cb6aca0d799118e/Land Rover/Range Rover/2027/2100/487623/Xe5e5e5/interior_driver_stereo.png'},{url:'https://carimages.d2cmedia.ca/newcarimages/en/cb6aca0d799118e/Land Rover/Range Rover/2027/2100/487623/Xe5e5e5/interior_driver_reat_seats.png'}]",90,KM,https://www.landroverbrampton.com/new/inventory/2027-Land_Rover-Range_Rover-id14505196.html,2027 Land Rover Range Rover P400 SE SWB at Land Rover Brampton,161346 CAD,New,White,Brown,3040,Land Rover Brampton,+1-905-500-2005,"{addr1: '50 Coachworks Cres', city: 'Brampton', region: 'Ontario', postal_code: 'L6R 3Y2', country: 'CA'}",43.7552740000,-79.7533260000,,,,,https://www.landroverbrampton.com/privacy-policy.html,New,3040,In stock,,161346 CAD,Free,
SALKP9FU1VA399935,SALKP9FU1VA399935,L27-145-new,Land Rover,Range Rover,P400 SE SWB,2027,AUTOMATIC,SUV,GASOLINE,,"2027 Land Rover Range Rover P400 SE SWB, Grey exterior","[{url:'https://carimages.d2cmedia.ca/newcarimages/en/cb6aca0d799118e/Land Rover/Range Rover/2027/1200/487623-UDQwMCBTRSBTV0I/X5B5C5B/front45.png'},{url:'https://carimages.d2cmedia.ca/newcarimages/en/cb6aca0d799118e/Land Rover/Range Rover/2027/1280/487623/X5b5c5b/front_45_degree.png'},{url:'https://carimages.d2cmedia.ca/newcarimages/en/cb6aca0d799118e/Land Rover/Range Rover/2027/2100/487623/X5b5c5b/front_45_degree.png'},{url:'https://carimages.d2cmedia.ca/newcarimages/en/cb6aca0d799118e/Land Rover/Range Rover/2027/2100/487623/X5b5c5b/profile.png'},{url:'https://carimages.d2cmedia.ca/newcarimages/en/cb6aca0d799118e/Land Rover/Range Rover/2027/2100/487623/X5b5c5b/back_45_degree.png'},{url:'https://carimages.d2cmedia.ca/newcarimages/en/cb6aca0d799118e/Land Rover/Range Rover/2027/2100/487623/X5b5c5b/driver_dashboard.png'},{url:'https://carimages.d2cmedia.ca/newcarimages/en/cb6aca0d799118e/Land Rover/Range Rover/2027/2100/487623/X5b5c5b/full_dashboard.png'},{url:'https://carimages.d2cmedia.ca/newcarimages/en/cb6aca0d799118e/Land Rover/Range Rover/2027/2100/487623/X5b5c5b/interior_driver_open_seat.png'},{url:'https://carimages.d2cmedia.ca/newcarimages/en/cb6aca0d799118e/Land Rover/Range Rover/2027/2100/487623/X5b5c5b/interior_driver_stereo.png'},{url:'https://carimages.d2cmedia.ca/newcarimages/en/cb6aca0d799118e/Land Rover/Range Rover/2027/2100/487623/X5b5c5b/interior_driver_reat_seats.png'}]",90,KM,https://www.landroverbrampton.com/new/inventory/2027-Land_Rover-Range_Rover-id14499292.html,2027 Land Rover Range Rover P400 SE SWB at Land Rover Brampton,165444 CAD,New,Grey,Brown,3040,Land Rover Brampton,+1-905-500-2005,"{addr1: '50 Coachworks Cres', city: 'Brampton', region: 'Ontario', postal_code: 'L6R 3Y2', country: 'CA'}",43.7552740000,-79.7533260000,,,,,https://www.landroverbrampton.com/privacy-policy.html,New,3040,In stock,,165444 CAD,Free,
SALKP9FU6VA399199,SALKP9FU6VA399199,L27-143-new,Land Rover,Range Rover,P400 SE SWB,2027,AUTOMATIC,SUV,GASOLINE,,"2027 Land Rover Range Rover P400 SE SWB, Black exterior","[{url:'https://carimages.d2cmedia.ca/newcarimages/en/cb6aca0d799118e/Land Rover/Range Rover/2027/1200/487623-UDQwMCBTRSBTV0I/X282A2A/front45.png'},{url:'https://carimages.d2cmedia.ca/newcarimages/en/cb6aca0d799118e/Land Rover/Range Rover/2027/1280/487623/X282a2a/front_45_degree.png'},{url:'https://carimages.d2cmedia.ca/newcarimages/en/cb6aca0d799118e/Land Rover/Range Rover/2027/2100/487623/X282a2a/front_45_degree.png'},{url:'https://carimages.d2cmedia.ca/newcarimages/en/cb6aca0d799118e/Land Rover/Range Rover/2027/2100/487623/X282a2a/profile.png'},{url:'https://carimages.d2cmedia.ca/newcarimages/en/cb6aca0d799118e/Land Rover/Range Rover/2027/2100/487623/X282a2a/back_45_degree.png'},{url:'https://carimages.d2cmedia.ca/newcarimages/en/cb6aca0d799118e/Land Rover/Range Rover/2027/2100/487623/X282a2a/driver_dashboard.png'},{url:'https://carimages.d2cmedia.ca/newcarimages/en/cb6aca0d799118e/Land Rover/Range Rover/2027/2100/487623/X282a2a/full_dashboard.png'},{url:'https://carimages.d2cmedia.ca/newcarimages/en/cb6aca0d799118e/Land Rover/Range Rover/2027/2100/487623/X282a2a/interior_driver_open_seat.png'},{url:'https://carimages.d2cmedia.ca/newcarimages/en/cb6aca0d799118e/Land Rover/Range Rover/2027/2100/487623/X282a2a/interior_driver_stereo.png'},{url:'https://carimages.d2cmedia.ca/newcarimages/en/cb6aca0d799118e/Land Rover/Range Rover/2027/2100/487623/X282a2a/interior_driver_reat_seats.png'}]",90,KM,https://www.landroverbrampton.com/new/inventory/2027-Land_Rover-Range_Rover-id14499291.html,2027 Land Rover Range Rover P400 SE SWB at Land Rover Brampton,166419 CAD,New,Black,Brown,3040,Land Rover Brampton,+1-905-500-2005,"{addr1: '50 Coachworks Cres', city: 'Brampton', region: 'Ontario', postal_code: 'L6R 3Y2', country: 'CA'}",43.7552740000,-79.7533260000,,,,,https://www.landroverbrampton.com/privacy-policy.html,New,3040,In stock,,166419 CAD,Free,
SALKP9FU1VA399093,SALKP9FU1VA399093,L27-148-new,Land Rover,Range Rover,P400 SE SWB,2027,AUTOMATIC,SUV,GASOLINE,,"2027 Land Rover Range Rover P400 SE SWB, Black exterior","[{url:'https://carimages.d2cmedia.ca/newcarimages/en/cb6aca0d799118e/Land Rover/Range Rover/2027/1200/487623-UDQwMCBTRSBTV0I/X282A2A/front45.png'},{url:'https://carimages.d2cmedia.ca/newcarimages/en/cb6aca0d799118e/Land Rover/Range Rover/2027/1280/487623/X282a2a/front_45_degree.png'},{url:'https://carimages.d2cmedia.ca/newcarimages/en/cb6aca0d799118e/Land Rover/Range Rover/2027/2100/487623/X282a2a/front_45_degree.png'},{url:'https://carimages.d2cmedia.ca/newcarimages/en/cb6aca0d799118e/Land Rover/Range Rover/2027/2100/487623/X282a2a/profile.png'},{url:'https://carimages.d2cmedia.ca/newcarimages/en/cb6aca0d799118e/Land Rover/Range Rover/2027/2100/487623/X282a2a/back_45_degree.png'},{url:'https://carimages.d2cmedia.ca/newcarimages/en/cb6aca0d799118e/Land Rover/Range Rover/2027/2100/487623/X282a2a/driver_dashboard.png'},{url:'https://carimages.d2cmedia.ca/newcarimages/en/cb6aca0d799118e/Land Rover/Range Rover/2027/2100/487623/X282a2a/full_dashboard.png'},{url:'https://carimages.d2cmedia.ca/newcarimages/en/cb6aca0d799118e/Land Rover/Range Rover/2027/2100/487623/X282a2a/interior_driver_open_seat.png'},{url:'https://carimages.d2cmedia.ca/newcarimages/en/cb6aca0d799118e/Land Rover/Range Rover/2027/2100/487623/X282a2a/interior_driver_stereo.png'},{url:'https://carimages.d2cmedia.ca/newcarimages/en/cb6aca0d799118e/Land Rover/Range Rover/2027/2100/487623/X282a2a/interior_driver_reat_seats.png'}]",90,KM,https://www.landroverbrampton.com/new/inventory/2027-Land_Rover-Range_Rover-id14505197.html,2027 Land Rover Range Rover P400 SE SWB at Land Rover Brampton,166601 CAD,New,Black,"Deep Garnet/Deep Garnet, Perforated Semi-Aniline L",3040,Land Rover Brampton,+1-905-500-2005,"{addr1: '50 Coachworks Cres', city: 'Brampton', region: 'Ontario', postal_code: 'L6R 3Y2', country: 'CA'}",43.7552740000,-79.7533260000,,,,,https://www.landroverbrampton.com/privacy-policy.html,New,3040,In stock,,166601 CAD,Free,
SALKP9F48VA396899,SALKP9F48VA396899,L27-136-new,Land Rover,Range Rover,P550e SE SWB,2027,AUTOMATIC,SUV,GASOLINE,,"2027 Land Rover Range Rover P550e SE SWB, White exterior","[{url:'https://carimages.d2cmedia.ca/newcarimages/en/cb6aca0d799118e/Land Rover/Range Rover/2027/1200/487624-UDU1MGUgU0UgU1dC/XE7E5E5/front45.png'},{url:'https://carimages.d2cmedia.ca/newcarimages/en/cb6aca0d799118e/Land Rover/Range Rover/2027/1280/487624/Xe7e5e5/front_45_degree.png'},{url:'https://carimages.d2cmedia.ca/newcarimages/en/cb6aca0d799118e/Land Rover/Range Rover/2027/2100/487624/Xe7e5e5/front_45_degree.png'},{url:'https://carimages.d2cmedia.ca/newcarimages/en/cb6aca0d799118e/Land Rover/Range Rover/2027/2100/487624/Xe7e5e5/profile.png'},{url:'https://carimages.d2cmedia.ca/newcarimages/en/cb6aca0d799118e/Land Rover/Range Rover/2027/2100/487624/Xe7e5e5/back_45_degree.png'},{url:'https://carimages.d2cmedia.ca/newcarimages/en/cb6aca0d799118e/Land Rover/Range Rover/2027/2100/487624/Xe7e5e5/driver_dashboard.png'},{url:'https://carimages.d2cmedia.ca/newcarimages/en/cb6aca0d799118e/Land Rover/Range Rover/2027/2100/487624/Xe7e5e5/full_dashboard.png'},{url:'https://carimages.d2cmedia.ca/newcarimages/en/cb6aca0d799118e/Land Rover/Range Rover/2027/2100/487624/Xe7e5e5/interior_driver_open_seat.png'},{url:'https://carimages.d2cmedia.ca/newcarimages/en/cb6aca0d799118e/Land Rover/Range Rover/2027/2100/487624/Xe7e5e5/interior_driver_stereo.png'},{url:'https://carimages.d2cmedia.ca/newcarimages/en/cb6aca0d799118e/Land Rover/Range Rover/2027/2100/487624/Xe7e5e5/interior_driver_reat_seats.png'}]",90,KM,https://www.landroverbrampton.com/new/inventory/2027-Land_Rover-Range_Rover-id14472593.html,2027 Land Rover Range Rover P550e SE SWB at Land Rover Brampton,191894 CAD,New,White,Brown,3040,Land Rover Brampton,+1-905-500-2005,"{addr1: '50 Coachworks Cres', city: 'Brampton', region: 'Ontario', postal_code: 'L6R 3Y2', country: 'CA'}",43.7552740000,-79.7533260000,,,,,https://www.landroverbrampton.com/privacy-policy.html,New,3040,In stock,,191894 CAD,Free,
SALKP9E99VA391482,SALKP9E99VA391482,L27-139-new,Land Rover,Range Rover,P530 SE SWB,2027,AUTOMATIC,SUV,GASOLINE,,"2027 Land Rover Range Rover P530 SE SWB, Black exterior","[{url:'https://imagescdn.d2cmedia.ca/cb6aca0d799118e/3040/14302203/1/Land Rover-Range Rover-2027.jpg'},{url:'https://imagescdn.d2cmedia.ca/s86aca0d799118e/3040/14302203/1/Land Rover-Range_Rover-2027.jpg'},{url:'https://imagescdn.d2cmedia.ca/cb6aca0d799118e/3040/14302203/1/Land Rover-Range_Rover-2027.jpg'},{url:'https://imagescdn.d2cmedia.ca/cb6aca0d799118e/3040/14302203/2/Land Rover-Range_Rover-2027.jpg'},{url:'https://imagescdn.d2cmedia.ca/cb6aca0d799118e/3040/14302203/3/Land Rover-Range_Rover-2027.jpg'},{url:'https://imagescdn.d2cmedia.ca/cb6aca0d799118e/3040/14302203/4/Land Rover-Range_Rover-2027.jpg'},{url:'https://imagescdn.d2cmedia.ca/cb6aca0d799118e/3040/14302203/5/Land Rover-Range_Rover-2027.jpg'},{url:'https://imagescdn.d2cmedia.ca/cb6aca0d799118e/3040/14302203/6/Land Rover-Range_Rover-2027.jpg'},{url:'https://imagescdn.d2cmedia.ca/cb6aca0d799118e/3040/14302203/7/Land Rover-Range_Rover-2027.jpg'},{url:'https://imagescdn.d2cmedia.ca/cb6aca0d799118e/3040/14302203/8/Land Rover-Range_Rover-2027.jpg'}]",90,KM,https://www.landroverbrampton.com/new/inventory/2027-Land_Rover-Range_Rover-id14302203.html,2027 Land Rover Range Rover P530 SE SWB at Land Rover Brampton,193182 CAD,New,Black,Black,3040,Land Rover Brampton,+1-905-500-2005,"{addr1: '50 Coachworks Cres', city: 'Brampton', region: 'Ontario', postal_code: 'L6R 3Y2', country: 'CA'}",43.7552740000,-79.7533260000,,,,,https://www.landroverbrampton.com/privacy-policy.html,New,3040,In stock,,193182 CAD,Free,
SALKP9E95VA398221,SALKP9E95VA398221,L27-158-new,Land Rover,Range Rover,P530 SE SWB,2027,AUTOMATIC,SUV,GASOLINE,,"2027 Land Rover Range Rover P530 SE SWB, Grey exterior","[{url:'https://carimages.d2cmedia.ca/newcarimages/en/cb6aca0d799118e/Land Rover/Range Rover/2027/1200/487625-UDUzMCBTRSBTV0I/X444546/front45.png'},{url:'https://carimages.d2cmedia.ca/newcarimages/en/cb6aca0d799118e/Land Rover/Range Rover/2027/1280/487625/X444546/front_45_degree.png'},{url:'https://carimages.d2cmedia.ca/newcarimages/en/cb6aca0d799118e/Land Rover/Range Rover/2027/2100/487625/X444546/front_45_degree.png'},{url:'https://carimages.d2cmedia.ca/newcarimages/en/cb6aca0d799118e/Land Rover/Range Rover/2027/2100/487625/X444546/profile.png'},{url:'https://carimages.d2cmedia.ca/newcarimages/en/cb6aca0d799118e/Land Rover/Range Rover/2027/2100/487625/X444546/back_45_degree.png'},{url:'https://carimages.d2cmedia.ca/newcarimages/en/cb6aca0d799118e/Land Rover/Range Rover/2027/2100/487625/X444546/driver_dashboard.png'},{url:'https://carimages.d2cmedia.ca/newcarimages/en/cb6aca0d799118e/Land Rover/Range Rover/2027/2100/487625/X444546/full_dashboard.png'},{url:'https://carimages.d2cmedia.ca/newcarimages/en/cb6aca0d799118e/Land Rover/Range Rover/2027/2100/487625/X444546/interior_driver_open_seat.png'},{url:'https://carimages.d2cmedia.ca/newcarimages/en/cb6aca0d799118e/Land Rover/Range Rover/2027/2100/487625/X444546/interior_driver_stereo.png'},{url:'https://carimages.d2cmedia.ca/newcarimages/en/cb6aca0d799118e/Land Rover/Range Rover/2027/2100/487625/X444546/interior_driver_reat_seats.png'}]",90,KM,https://www.landroverbrampton.com/new/inventory/2027-Land_Rover-Range_Rover-id14505200.html,2027 Land Rover Range Rover P530 SE SWB at Land Rover Brampton,195162 CAD,New,Grey,Brown,3040,Land Rover Brampton,+1-905-500-2005,"{addr1: '50 Coachworks Cres', city: 'Brampton', region: 'Ontario', postal_code: 'L6R 3Y2', country: 'CA'}",43.7552740000,-79.7533260000,,,,,https://www.landroverbrampton.com/privacy-policy.html,New,3040,In stock,,195162 CAD,Free,
SALKP9F42VA397868,SALKP9F42VA397868,L27-150-new,Land Rover,Range Rover,P550e SE SWB,2027,AUTOMATIC,SUV,GASOLINE,,"2027 Land Rover Range Rover P550e SE SWB, Grey exterior","[{url:'https://carimages.d2cmedia.ca/newcarimages/en/cb6aca0d799118e/Land Rover/Range Rover/2027/1200/487624-UDU1MGUgU0UgU1dC/X444546/front45.png'},{url:'https://carimages.d2cmedia.ca/newcarimages/en/cb6aca0d799118e/Land Rover/Range Rover/2027/1280/487624/X444546/front_45_degree.png'},{url:'https://carimages.d2cmedia.ca/newcarimages/en/cb6aca0d799118e/Land Rover/Range Rover/2027/2100/487624/X444546/front_45_degree.png'},{url:'https://carimages.d2cmedia.ca/newcarimages/en/cb6aca0d799118e/Land Rover/Range Rover/2027/2100/487624/X444546/profile.png'},{url:'https://carimages.d2cmedia.ca/newcarimages/en/cb6aca0d799118e/Land Rover/Range Rover/2027/2100/487624/X444546/back_45_degree.png'},{url:'https://carimages.d2cmedia.ca/newcarimages/en/cb6aca0d799118e/Land Rover/Range Rover/2027/2100/487624/X444546/driver_dashboard.png'},{url:'https://carimages.d2cmedia.ca/newcarimages/en/cb6aca0d799118e/Land Rover/Range Rover/2027/2100/487624/X444546/full_dashboard.png'},{url:'https://carimages.d2cmedia.ca/newcarimages/en/cb6aca0d799118e/Land Rover/Range Rover/2027/2100/487624/X444546/interior_driver_open_seat.png'},{url:'https://carimages.d2cmedia.ca/newcarimages/en/cb6aca0d799118e/Land Rover/Range Rover/2027/2100/487624/X444546/interior_driver_stereo.png'},{url:'https://carimages.d2cmedia.ca/newcarimages/en/cb6aca0d799118e/Land Rover/Range Rover/2027/2100/487624/X444546/interior_driver_reat_seats.png'}]",90,KM,https://www.landroverbrampton.com/new/inventory/2027-Land_Rover-Range_Rover-id14458562.html,2027 Land Rover Range Rover P550e SE SWB at Land Rover Brampton,196514 CAD,New,Grey,Brown,3040,Land Rover Brampton,+1-905-500-2005,"{addr1: '50 Coachworks Cres', city: 'Brampton', region: 'Ontario', postal_code: 'L6R 3Y2', country: 'CA'}",43.7552740000,-79.7533260000,,,,,https://www.landroverbrampton.com/privacy-policy.html,New,3040,In stock,,196514 CAD,Free,
SALKP9E99VA400536,SALKP9E99VA400536,L27-154-new,Land Rover,Range Rover,P530 SE SWB,2027,AUTOMATIC,SUV,GASOLINE,,"2027 Land Rover Range Rover P530 SE SWB, Green exterior","[{url:'https://carimages.d2cmedia.ca/newcarimages/en/cb6aca0d799118e/Land Rover/Range Rover/2027/1200/487625-UDUzMCBTRSBTV0I/X5D645C/front45.png'},{url:'https://carimages.d2cmedia.ca/newcarimages/en/cb6aca0d799118e/Land Rover/Range Rover/2027/1280/487625/X5d645c/front_45_degree.png'},{url:'https://carimages.d2cmedia.ca/newcarimages/en/cb6aca0d799118e/Land Rover/Range Rover/2027/2100/487625/X5d645c/front_45_degree.png'},{url:'https://carimages.d2cmedia.ca/newcarimages/en/cb6aca0d799118e/Land Rover/Range Rover/2027/2100/487625/X5d645c/profile.png'},{url:'https://carimages.d2cmedia.ca/newcarimages/en/cb6aca0d799118e/Land Rover/Range Rover/2027/2100/487625/X5d645c/back_45_degree.png'},{url:'https://carimages.d2cmedia.ca/newcarimages/en/cb6aca0d799118e/Land Rover/Range Rover/2027/2100/487625/X5d645c/driver_dashboard.png'},{url:'https://carimages.d2cmedia.ca/newcarimages/en/cb6aca0d799118e/Land Rover/Range Rover/2027/2100/487625/X5d645c/full_dashboard.png'},{url:'https://carimages.d2cmedia.ca/newcarimages/en/cb6aca0d799118e/Land Rover/Range Rover/2027/2100/487625/X5d645c/interior_driver_open_seat.png'},{url:'https://carimages.d2cmedia.ca/newcarimages/en/cb6aca0d799118e/Land Rover/Range Rover/2027/2100/487625/X5d645c/interior_driver_stereo.png'},{url:'https://carimages.d2cmedia.ca/newcarimages/en/cb6aca0d799118e/Land Rover/Range Rover/2027/2100/487625/X5d645c/interior_driver_reat_seats.png'}]",90,KM,https://www.landroverbrampton.com/new/inventory/2027-Land_Rover-Range_Rover-id14499293.html,2027 Land Rover Range Rover P530 SE SWB at Land Rover Brampton,198869 CAD,New,Green,Brown,3040,Land Rover Brampton,+1-905-500-2005,"{addr1: '50 Coachworks Cres', city: 'Brampton', region: 'Ontario', postal_code: 'L6R 3Y2', country: 'CA'}",43.7552740000,-79.7533260000,,,,,https://www.landroverbrampton.com/privacy-policy.html,New,3040,In stock,,198869 CAD,Free,
SALKP9E90VA393248,SALKP9E90VA393248,L27-138-new,Land Rover,Range Rover,P530 SE SWB,2027,AUTOMATIC,SUV,GASOLINE,,"2027 Land Rover Range Rover P530 SE SWB, Black exterior","[{url:'https://imagescdn.d2cmedia.ca/cb6aca0d799118e/3040/14429794/1/Land Rover-Range Rover-2027.jpg'},{url:'https://imagescdn.d2cmedia.ca/s86aca0d799118e/3040/14429794/1/Land Rover-Range_Rover-2027.jpg'},{url:'https://imagescdn.d2cmedia.ca/cb6aca0d799118e/3040/14429794/1/Land Rover-Range_Rover-2027.jpg'},{url:'https://imagescdn.d2cmedia.ca/cb6aca0d799118e/3040/14429794/2/Land Rover-Range_Rover-2027.jpg'},{url:'https://imagescdn.d2cmedia.ca/cb6aca0d799118e/3040/14429794/3/Land Rover-Range_Rover-2027.jpg'},{url:'https://imagescdn.d2cmedia.ca/cb6aca0d799118e/3040/14429794/4/Land Rover-Range_Rover-2027.jpg'},{url:'https://imagescdn.d2cmedia.ca/cb6aca0d799118e/3040/14429794/5/Land Rover-Range_Rover-2027.jpg'},{url:'https://imagescdn.d2cmedia.ca/cb6aca0d799118e/3040/14429794/6/Land Rover-Range_Rover-2027.jpg'},{url:'https://imagescdn.d2cmedia.ca/cb6aca0d799118e/3040/14429794/7/Land Rover-Range_Rover-2027.jpg'},{url:'https://imagescdn.d2cmedia.ca/cb6aca0d799118e/3040/14429794/8/Land Rover-Range_Rover-2027.jpg'}]",90,KM,https://www.landroverbrampton.com/new/inventory/2027-Land_Rover-Range_Rover-id14429794.html,2027 Land Rover Range Rover P530 SE SWB at Land Rover Brampton,200868 CAD,New,Black,Brown,3040,Land Rover Brampton,+1-905-500-2005,"{addr1: '50 Coachworks Cres', city: 'Brampton', region: 'Ontario', postal_code: 'L6R 3Y2', country: 'CA'}",43.7552740000,-79.7533260000,,,,,https://www.landroverbrampton.com/privacy-policy.html,New,3040,In stock,,200868 CAD,Free,
SALKP9E95VA400100,SALKP9E95VA400100,L27-155-new,Land Rover,Range Rover,P530 SE SWB,2027,AUTOMATIC,SUV,GASOLINE,,"2027 Land Rover Range Rover P530 SE SWB, White exterior","[{url:'https://carimages.d2cmedia.ca/newcarimages/en/cb6aca0d799118e/Land Rover/Range Rover/2027/1200/487625-UDUzMCBTRSBTV0I/XE7E5E5/front45.png'},{url:'https://carimages.d2cmedia.ca/newcarimages/en/cb6aca0d799118e/Land Rover/Range Rover/2027/1280/487625/Xe7e5e5/front_45_degree.png'},{url:'https://carimages.d2cmedia.ca/newcarimages/en/cb6aca0d799118e/Land Rover/Range Rover/2027/2100/487625/Xe7e5e5/front_45_degree.png'},{url:'https://carimages.d2cmedia.ca/newcarimages/en/cb6aca0d799118e/Land Rover/Range Rover/2027/2100/487625/Xe7e5e5/profile.png'},{url:'https://carimages.d2cmedia.ca/newcarimages/en/cb6aca0d799118e/Land Rover/Range Rover/2027/2100/487625/Xe7e5e5/back_45_degree.png'},{url:'https://carimages.d2cmedia.ca/newcarimages/en/cb6aca0d799118e/Land Rover/Range Rover/2027/2100/487625/Xe7e5e5/driver_dashboard.png'},{url:'https://carimages.d2cmedia.ca/newcarimages/en/cb6aca0d799118e/Land Rover/Range Rover/2027/2100/487625/Xe7e5e5/full_dashboard.png'},{url:'https://carimages.d2cmedia.ca/newcarimages/en/cb6aca0d799118e/Land Rover/Range Rover/2027/2100/487625/Xe7e5e5/interior_driver_open_seat.png'},{url:'https://carimages.d2cmedia.ca/newcarimages/en/cb6aca0d799118e/Land Rover/Range Rover/2027/2100/487625/Xe7e5e5/interior_driver_stereo.png'},{url:'https://carimages.d2cmedia.ca/newcarimages/en/cb6aca0d799118e/Land Rover/Range Rover/2027/2100/487625/Xe7e5e5/interior_driver_reat_seats.png'}]",90,KM,https://www.landroverbrampton.com/new/inventory/2027-Land_Rover-Range_Rover-id14505199.html,2027 Land Rover Range Rover P530 SE SWB at Land Rover Brampton,203856 CAD,New,White,"Deep Garnet/Deep Garnet, Perforated Semi-Aniline L",3040,Land Rover Brampton,+1-905-500-2005,"{addr1: '50 Coachworks Cres', city: 'Brampton', region: 'Ontario', postal_code: 'L6R 3Y2', country: 'CA'}",43.7552740000,-79.7533260000,,,,,https://www.landroverbrampton.com/privacy-policy.html,New,3040,In stock,,203856 CAD,Free,
SALKPBE94VA401021,SALKPBE94VA401021,L27-153-new,Land Rover,Range Rover,P530 SE LWB 7 Seat,2027,AUTOMATIC,SUV,GASOLINE,,"2027 Land Rover Range Rover P530 SE LWB 7 Seat, Black exterior","[{url:'https://carimages.d2cmedia.ca/newcarimages/en/cb6aca0d799118e/Land Rover/Range Rover/2027/1200/487630-UDUzMCBTRSBMV0IgNyBTZWF0/X282A2A/front45.png'},{url:'https://carimages.d2cmedia.ca/newcarimages/en/cb6aca0d799118e/Land Rover/Range Rover/2027/1280/487630/X282a2a/front_45_degree.png'},{url:'https://carimages.d2cmedia.ca/newcarimages/en/cb6aca0d799118e/Land Rover/Range Rover/2027/2100/487630/X282a2a/front_45_degree.png'},{url:'https://carimages.d2cmedia.ca/newcarimages/en/cb6aca0d799118e/Land Rover/Range Rover/2027/2100/487630/X282a2a/profile.png'},{url:'https://carimages.d2cmedia.ca/newcarimages/en/cb6aca0d799118e/Land Rover/Range Rover/2027/2100/487630/X282a2a/back_45_degree.png'},{url:'https://carimages.d2cmedia.ca/newcarimages/en/cb6aca0d799118e/Land Rover/Range Rover/2027/2100/487630/X282a2a/driver_dashboard.png'},{url:'https://carimages.d2cmedia.ca/newcarimages/en/cb6aca0d799118e/Land Rover/Range Rover/2027/2100/487630/X282a2a/full_dashboard.png'},{url:'https://carimages.d2cmedia.ca/newcarimages/en/cb6aca0d799118e/Land Rover/Range Rover/2027/2100/487630/X282a2a/interior_driver_open_seat.png'},{url:'https://carimages.d2cmedia.ca/newcarimages/en/cb6aca0d799118e/Land Rover/Range Rover/2027/2100/487630/X282a2a/interior_driver_stereo.png'},{url:'https://carimages.d2cmedia.ca/newcarimages/en/cb6aca0d799118e/Land Rover/Range Rover/2027/2100/487630/X282a2a/interior_driver_reat_seats.png'}]",90,KM,https://www.landroverbrampton.com/new/inventory/2027-Land_Rover-Range_Rover-id14505198.html,2027 Land Rover Range Rover P530 SE LWB 7 Seat at Land Rover Brampton,210301 CAD,New,Black,Brown,3040,Land Rover Brampton,+1-905-500-2005,"{addr1: '50 Coachworks Cres', city: 'Brampton', region: 'Ontario', postal_code: 'L6R 3Y2', country: 'CA'}",43.7552740000,-79.7533260000,,,,,https://www.landroverbrampton.com/privacy-policy.html,New,3040,In stock,,210301 CAD,Free,
SAL1L9E43TA660231,SAL1L9E43TA660231,L26-708-new,Land Rover,Range Rover Sport,P460e Dynamic SE,2026,AUTOMATIC,SUV,GASOLINE,,"2026 Land Rover Range Rover Sport P460e Dynamic SE, Green exterior","[{url:'https://imagescdn.d2cmedia.ca/cb6aca0d799118e/3040/14119198/1/Land Rover-Range Rover Sport-2026.jpg'},{url:'https://imagescdn.d2cmedia.ca/s86aca0d799118e/3040/14119198/1/Land Rover-Range_Rover_Sport-2026.jpg'},{url:'https://imagescdn.d2cmedia.ca/cb6aca0d799118e/3040/14119198/1/Land Rover-Range_Rover_Sport-2026.jpg'},{url:'https://imagescdn.d2cmedia.ca/cb6aca0d799118e/3040/14119198/2/Land Rover-Range_Rover_Sport-2026.jpg'},{url:'https://imagescdn.d2cmedia.ca/cb6aca0d799118e/3040/14119198/3/Land Rover-Range_Rover_Sport-2026.jpg'},{url:'https://imagescdn.d2cmedia.ca/cb6aca0d799118e/3040/14119198/4/Land Rover-Range_Rover_Sport-2026.jpg'},{url:'https://imagescdn.d2cmedia.ca/cb6aca0d799118e/3040/14119198/5/Land Rover-Range_Rover_Sport-2026.jpg'},{url:'https://imagescdn.d2cmedia.ca/cb6aca0d799118e/3040/14119198/6/Land Rover-Range_Rover_Sport-2026.jpg'},{url:'https://imagescdn.d2cmedia.ca/cb6aca0d799118e/3040/14119198/7/Land Rover-Range_Rover_Sport-2026.jpg'},{url:'https://imagescdn.d2cmedia.ca/cb6aca0d799118e/3040/14119198/8/Land Rover-Range_Rover_Sport-2026.jpg'}]",90,KM,https://www.landroverbrampton.com/new/inventory/2026-Land_Rover-Range_Rover_Sport-id14119198.html,2026 Land Rover Range Rover Sport P460e Dynamic SE at Land Rover Brampton,151362 CAD,New,Green,Black,3040,Land Rover Brampton,+1-905-500-2005,"{addr1: '50 Coachworks Cres', city: 'Brampton', region: 'Ontario', postal_code: 'L6R 3Y2', country: 'CA'}",43.7552740000,-79.7533260000,,,,,https://www.landroverbrampton.com/privacy-policy.html,New,3040,In stock,,151362 CAD,Free,
SAL1L9E48TA650570,SAL1L9E48TA650570,L26-554-new,Land Rover,Range Rover Sport,P460e Dynamic SE,2026,AUTOMATIC,SUV,GASOLINE,,"2026 Land Rover Range Rover Sport P460e Dynamic SE, Black exterior","[{url:'https://carimages.d2cmedia.ca/newcarimages/en/cb6aca0d799118e/Land Rover/Range Rover Sport/2026/1200/480079-UDQ2MGUgRHluYW1pYyBTRQ/black/front45.png'},{url:'https://carimages.d2cmedia.ca/newcarimages/en/cb6aca0d799118e/Land Rover/Range Rover Sport/2026/1280/480079/black/front_45_degree.png'},{url:'https://carimages.d2cmedia.ca/newcarimages/en/cb6aca0d799118e/Land Rover/Range Rover Sport/2026/2100/480079/black/front_45_degree.png'},{url:'https://carimages.d2cmedia.ca/newcarimages/en/cb6aca0d799118e/Land Rover/Range Rover Sport/2026/2100/480079/black/profile.png'},{url:'https://carimages.d2cmedia.ca/newcarimages/en/cb6aca0d799118e/Land Rover/Range Rover Sport/2026/2100/480079/black/back_45_degree.png'},{url:'https://carimages.d2cmedia.ca/newcarimages/en/cb6aca0d799118e/Land Rover/Range Rover Sport/2026/2100/480079/black/driver_dashboard.png'},{url:'https://carimages.d2cmedia.ca/newcarimages/en/cb6aca0d799118e/Land Rover/Range Rover Sport/2026/2100/480079/black/full_dashboard.png'},{url:'https://carimages.d2cmedia.ca/newcarimages/en/cb6aca0d799118e/Land Rover/Range Rover Sport/2026/2100/480079/black/interior_driver_open_seat.png'},{url:'https://carimages.d2cmedia.ca/newcarimages/en/cb6aca0d799118e/Land Rover/Range Rover Sport/2026/2100/480079/black/interior_driver_stereo.png'},{url:'https://carimages.d2cmedia.ca/newcarimages/en/cb6aca0d799118e/Land Rover/Range Rover Sport/2026/2100/480079/black/interior_driver_reat_seats.png'}]",90,KM,https://www.landroverbrampton.com/new/inventory/2026-Land_Rover-Range_Rover_Sport-id14016449.html,2026 Land Rover Range Rover Sport P460e Dynamic SE at Land Rover Brampton,151541 CAD,New,Black,Black,3040,Land Rover Brampton,+1-905-500-2005,"{addr1: '50 Coachworks Cres', city: 'Brampton', region: 'Ontario', postal_code: 'L6R 3Y2', country: 'CA'}",43.7552740000,-79.7533260000,,,,,https://www.landroverbrampton.com/privacy-policy.html,New,3040,In stock,,151541 CAD,Free,
SAL1L9E4XTA660257,SAL1L9E4XTA660257,L26-711-new,Land Rover,Range Rover Sport,P460e Dynamic SE,2026,AUTOMATIC,SUV,GASOLINE,,"2026 Land Rover Range Rover Sport P460e Dynamic SE, Grey exterior","[{url:'https://carimages.d2cmedia.ca/newcarimages/en/cb6aca0d799118e/Land Rover/Range Rover Sport/2026/1200/480079-UDQ2MGUgRHluYW1pYyBTRQ/X444546/front45.png'},{url:'https://carimages.d2cmedia.ca/newcarimages/en/cb6aca0d799118e/Land Rover/Range Rover Sport/2026/1280/480079/X444546/front_45_degree.png'},{url:'https://carimages.d2cmedia.ca/newcarimages/en/cb6aca0d799118e/Land Rover/Range Rover Sport/2026/2100/480079/X444546/front_45_degree.png'},{url:'https://carimages.d2cmedia.ca/newcarimages/en/cb6aca0d799118e/Land Rover/Range Rover Sport/2026/2100/480079/X444546/profile.png'},{url:'https://carimages.d2cmedia.ca/newcarimages/en/cb6aca0d799118e/Land Rover/Range Rover Sport/2026/2100/480079/X444546/back_45_degree.png'},{url:'https://carimages.d2cmedia.ca/newcarimages/en/cb6aca0d799118e/Land Rover/Range Rover Sport/2026/2100/480079/X444546/driver_dashboard.png'},{url:'https://carimages.d2cmedia.ca/newcarimages/en/cb6aca0d799118e/Land Rover/Range Rover Sport/2026/2100/480079/X444546/full_dashboard.png'},{url:'https://carimages.d2cmedia.ca/newcarimages/en/cb6aca0d799118e/Land Rover/Range Rover Sport/2026/2100/480079/X444546/interior_driver_open_seat.png'},{url:'https://carimages.d2cmedia.ca/newcarimages/en/cb6aca0d799118e/Land Rover/Range Rover Sport/2026/2100/480079/X444546/interior_driver_stereo.png'},{url:'https://carimages.d2cmedia.ca/newcarimages/en/cb6aca0d799118e/Land Rover/Range Rover Sport/2026/2100/480079/X444546/interior_driver_reat_seats.png'}]",90,KM,https://www.landroverbrampton.com/new/inventory/2026-Land_Rover-Range_Rover_Sport-id14240607.html,2026 Land Rover Range Rover Sport P460e Dynamic SE at Land Rover Brampton,152627 CAD,New,Grey,Black,3040,Land Rover Brampton,+1-905-500-2005,"{addr1: '50 Coachworks Cres', city: 'Brampton', region: 'Ontario', postal_code: 'L6R 3Y2', country: 'CA'}",43.7552740000,-79.7533260000,,,,,https://www.landroverbrampton.com/privacy-policy.html,New,3040,In stock,,152627 CAD,Free,
SAL1L9E49TA660556,SAL1L9E49TA660556,L26-712-new,Land Rover,Range Rover Sport,P460e Dynamic SE,2026,AUTOMATIC,SUV,GASOLINE,,"2026 Land Rover Range Rover Sport P460e Dynamic SE, Black exterior","[{url:'https://imagescdn.d2cmedia.ca/cb6aca0d799118e/3040/14150489/1/Land Rover-Range Rover Sport-2026.jpg'},{url:'https://imagescdn.d2cmedia.ca/s86aca0d799118e/3040/14150489/1/Land Rover-Range_Rover_Sport-2026.jpg'},{url:'https://imagescdn.d2cmedia.ca/cb6aca0d799118e/3040/14150489/1/Land Rover-Range_Rover_Sport-2026.jpg'},{url:'https://imagescdn.d2cmedia.ca/cb6aca0d799118e/3040/14150489/2/Land Rover-Range_Rover_Sport-2026.jpg'},{url:'https://imagescdn.d2cmedia.ca/cb6aca0d799118e/3040/14150489/3/Land Rover-Range_Rover_Sport-2026.jpg'},{url:'https://imagescdn.d2cmedia.ca/cb6aca0d799118e/3040/14150489/4/Land Rover-Range_Rover_Sport-2026.jpg'},{url:'https://imagescdn.d2cmedia.ca/cb6aca0d799118e/3040/14150489/5/Land Rover-Range_Rover_Sport-2026.jpg'},{url:'https://imagescdn.d2cmedia.ca/cb6aca0d799118e/3040/14150489/6/Land Rover-Range_Rover_Sport-2026.jpg'},{url:'https://imagescdn.d2cmedia.ca/cb6aca0d799118e/3040/14150489/7/Land Rover-Range_Rover_Sport-2026.jpg'},{url:'https://imagescdn.d2cmedia.ca/cb6aca0d799118e/3040/14150489/8/Land Rover-Range_Rover_Sport-2026.jpg'}]",90,KM,https://www.landroverbrampton.com/new/inventory/2026-Land_Rover-Range_Rover_Sport-id14150489.html,2026 Land Rover Range Rover Sport P460e Dynamic SE at Land Rover Brampton,152833 CAD,New,Black,Black,3040,Land Rover Brampton,+1-905-500-2005,"{addr1: '50 Coachworks Cres', city: 'Brampton', region: 'Ontario', postal_code: 'L6R 3Y2', country: 'CA'}",43.7552740000,-79.7533260000,,,,,https://www.landroverbrampton.com/privacy-policy.html,New,3040,In stock,,152833 CAD,Free,
SAL1L9E93TA633462,SAL1L9E93TA633462,L26-271-new,Land Rover,Range Rover Sport,P530 Dynamic SE,2026,AUTOMATIC,SUV,GASOLINE,,"2026 Land Rover Range Rover Sport P530 Dynamic SE, Black exterior","[{url:'https://imagescdn.d2cmedia.ca/cb6aca0d799118e/3040/13538461/1/Land Rover-Range Rover Sport-2026.jpg'},{url:'https://imagescdn.d2cmedia.ca/s86aca0d799118e/3040/13538461/1/Land Rover-Range_Rover_Sport-2026.jpg'},{url:'https://imagescdn.d2cmedia.ca/cb6aca0d799118e/3040/13538461/1/Land Rover-Range_Rover_Sport-2026.jpg'},{url:'https://imagescdn.d2cmedia.ca/cb6aca0d799118e/3040/13538461/2/Land Rover-Range_Rover_Sport-2026.jpg'},{url:'https://imagescdn.d2cmedia.ca/cb6aca0d799118e/3040/13538461/3/Land Rover-Range_Rover_Sport-2026.jpg'},{url:'https://imagescdn.d2cmedia.ca/cb6aca0d799118e/3040/13538461/4/Land Rover-Range_Rover_Sport-2026.jpg'},{url:'https://imagescdn.d2cmedia.ca/cb6aca0d799118e/3040/13538461/5/Land Rover-Range_Rover_Sport-2026.jpg'},{url:'https://imagescdn.d2cmedia.ca/cb6aca0d799118e/3040/13538461/6/Land Rover-Range_Rover_Sport-2026.jpg'},{url:'https://imagescdn.d2cmedia.ca/cb6aca0d799118e/3040/13538461/7/Land Rover-Range_Rover_Sport-2026.jpg'},{url:'https://imagescdn.d2cmedia.ca/cb6aca0d799118e/3040/13538461/8/Land Rover-Range_Rover_Sport-2026.jpg'}]",90,KM,https://www.landroverbrampton.com/new/inventory/2026-Land_Rover-Range_Rover_Sport-id13538461.html,2026 Land Rover Range Rover Sport P530 Dynamic SE at Land Rover Brampton,170285 CAD,New,Black,Black,3040,Land Rover Brampton,+1-905-500-2005,"{addr1: '50 Coachworks Cres', city: 'Brampton', region: 'Ontario', postal_code: 'L6R 3Y2', country: 'CA'}",43.7552740000,-79.7533260000,,,,,https://www.landroverbrampton.com/privacy-policy.html,New,3040,In stock,,170285 CAD,Free,
SAL1L9E95TA636248,SAL1L9E95TA636248,L26-300-new,Land Rover,Range Rover Sport,P530 Dynamic SE,2026,AUTOMATIC,SUV,GASOLINE,,"2026 Land Rover Range Rover Sport P530 Dynamic SE, Grey exterior","[{url:'https://carimages.d2cmedia.ca/newcarimages/en/cb6aca0d799118e/Land Rover/Range Rover Sport/2026/1200/480078-UDUzMCBEeW5hbWljIFNF/X444546/front45.png'},{url:'https://carimages.d2cmedia.ca/newcarimages/en/cb6aca0d799118e/Land Rover/Range Rover Sport/2026/1280/480078/X444546/front_45_degree.png'},{url:'https://carimages.d2cmedia.ca/newcarimages/en/cb6aca0d799118e/Land Rover/Range Rover Sport/2026/2100/480078/X444546/front_45_degree.png'},{url:'https://carimages.d2cmedia.ca/newcarimages/en/cb6aca0d799118e/Land Rover/Range Rover Sport/2026/2100/480078/X444546/profile.png'},{url:'https://carimages.d2cmedia.ca/newcarimages/en/cb6aca0d799118e/Land Rover/Range Rover Sport/2026/2100/480078/X444546/back_45_degree.png'},{url:'https://carimages.d2cmedia.ca/newcarimages/en/cb6aca0d799118e/Land Rover/Range Rover Sport/2026/2100/480078/X444546/driver_dashboard.png'},{url:'https://carimages.d2cmedia.ca/newcarimages/en/cb6aca0d799118e/Land Rover/Range Rover Sport/2026/2100/480078/X444546/full_dashboard.png'},{url:'https://carimages.d2cmedia.ca/newcarimages/en/cb6aca0d799118e/Land Rover/Range Rover Sport/2026/2100/480078/X444546/interior_driver_open_seat.png'},{url:'https://carimages.d2cmedia.ca/newcarimages/en/cb6aca0d799118e/Land Rover/Range Rover Sport/2026/2100/480078/X444546/interior_driver_stereo.png'},{url:'https://carimages.d2cmedia.ca/newcarimages/en/cb6aca0d799118e/Land Rover/Range Rover Sport/2026/2100/480078/X444546/interior_driver_reat_seats.png'}]",90,KM,https://www.landroverbrampton.com/new/inventory/2026-Land_Rover-Range_Rover_Sport-id13633549.html,2026 Land Rover Range Rover Sport P530 Dynamic SE at Land Rover Brampton,175025 CAD,New,Grey,Black,3040,Land Rover Brampton,+1-905-500-2005,"{addr1: '50 Coachworks Cres', city: 'Brampton', region: 'Ontario', postal_code: 'L6R 3Y2', country: 'CA'}",43.7552740000,-79.7533260000,,,,,https://www.landroverbrampton.com/privacy-policy.html,New,3040,In stock,,175025 CAD,Free,
SAL1L9E97TA633657,SAL1L9E97TA633657,L26-405-new,Land Rover,Range Rover Sport,P530 Dynamic SE,2026,AUTOMATIC,SUV,GASOLINE,,"2026 Land Rover Range Rover Sport P530 Dynamic SE, Black exterior","[{url:'https://imagescdn.d2cmedia.ca/cb6aca0d799118e/3040/13633551/1/Land Rover-Range Rover Sport-2026.jpg'},{url:'https://imagescdn.d2cmedia.ca/s86aca0d799118e/3040/13633551/1/Land Rover-Range_Rover_Sport-2026.jpg'},{url:'https://imagescdn.d2cmedia.ca/cb6aca0d799118e/3040/13633551/1/Land Rover-Range_Rover_Sport-2026.jpg'},{url:'https://imagescdn.d2cmedia.ca/cb6aca0d799118e/3040/13633551/2/Land Rover-Range_Rover_Sport-2026.jpg'},{url:'https://imagescdn.d2cmedia.ca/cb6aca0d799118e/3040/13633551/3/Land Rover-Range_Rover_Sport-2026.jpg'},{url:'https://imagescdn.d2cmedia.ca/cb6aca0d799118e/3040/13633551/4/Land Rover-Range_Rover_Sport-2026.jpg'},{url:'https://imagescdn.d2cmedia.ca/cb6aca0d799118e/3040/13633551/5/Land Rover-Range_Rover_Sport-2026.jpg'},{url:'https://imagescdn.d2cmedia.ca/cb6aca0d799118e/3040/13633551/6/Land Rover-Range_Rover_Sport-2026.jpg'},{url:'https://imagescdn.d2cmedia.ca/cb6aca0d799118e/3040/13633551/7/Land Rover-Range_Rover_Sport-2026.jpg'},{url:'https://imagescdn.d2cmedia.ca/cb6aca0d799118e/3040/13633551/8/Land Rover-Range_Rover_Sport-2026.jpg'}]",90,KM,https://www.landroverbrampton.com/new/inventory/2026-Land_Rover-Range_Rover_Sport-id13633551.html,2026 Land Rover Range Rover Sport P530 Dynamic SE at Land Rover Brampton,175601 CAD,New,Black,Black,3040,Land Rover Brampton,+1-905-500-2005,"{addr1: '50 Coachworks Cres', city: 'Brampton', region: 'Ontario', postal_code: 'L6R 3Y2', country: 'CA'}",43.7552740000,-79.7533260000,,,,,https://www.landroverbrampton.com/privacy-policy.html,New,3040,In stock,,175601 CAD,Free,
SAL1L9E95TA630000,SAL1L9E95TA630000,L26-287-new,Land Rover,Range Rover Sport,P530 Dynamic SE,2026,AUTOMATIC,SUV,GASOLINE,,"2026 Land Rover Range Rover Sport P530 Dynamic SE, Black exterior","[{url:'https://imagescdn.d2cmedia.ca/cb6aca0d799118e/3040/13538464/1/Land Rover-Range Rover Sport-2026.jpg'},{url:'https://imagescdn.d2cmedia.ca/s86aca0d799118e/3040/13538464/1/Land Rover-Range_Rover_Sport-2026.jpg'},{url:'https://imagescdn.d2cmedia.ca/cb6aca0d799118e/3040/13538464/1/Land Rover-Range_Rover_Sport-2026.jpg'},{url:'https://imagescdn.d2cmedia.ca/cb6aca0d799118e/3040/13538464/2/Land Rover-Range_Rover_Sport-2026.jpg'},{url:'https://imagescdn.d2cmedia.ca/cb6aca0d799118e/3040/13538464/3/Land Rover-Range_Rover_Sport-2026.jpg'},{url:'https://imagescdn.d2cmedia.ca/cb6aca0d799118e/3040/13538464/4/Land Rover-Range_Rover_Sport-2026.jpg'},{url:'https://imagescdn.d2cmedia.ca/cb6aca0d799118e/3040/13538464/5/Land Rover-Range_Rover_Sport-2026.jpg'},{url:'https://imagescdn.d2cmedia.ca/cb6aca0d799118e/3040/13538464/6/Land Rover-Range_Rover_Sport-2026.jpg'},{url:'https://imagescdn.d2cmedia.ca/cb6aca0d799118e/3040/13538464/7/Land Rover-Range_Rover_Sport-2026.jpg'},{url:'https://imagescdn.d2cmedia.ca/cb6aca0d799118e/3040/13538464/8/Land Rover-Range_Rover_Sport-2026.jpg'}]",90,KM,https://www.landroverbrampton.com/new/inventory/2026-Land_Rover-Range_Rover_Sport-id13538464.html,2026 Land Rover Range Rover Sport P530 Dynamic SE at Land Rover Brampton,176285 CAD,New,Black,Black,3040,Land Rover Brampton,+1-905-500-2005,"{addr1: '50 Coachworks Cres', city: 'Brampton', region: 'Ontario', postal_code: 'L6R 3Y2', country: 'CA'}",43.7552740000,-79.7533260000,,,,,https://www.landroverbrampton.com/privacy-policy.html,New,3040,In stock,,176285 CAD,Free,
SALKP9E41TA385757,SALKP9E41TA385757,L26-707-new,Land Rover,Range Rover,P460e SE SWB,2026,AUTOMATIC,SUV,GASOLINE,,"2026 Land Rover Range Rover P460e SE SWB, Black exterior","[{url:'https://carimages.d2cmedia.ca/newcarimages/en/cb6aca0d799118e/Land Rover/Range Rover/2026/1200/480126-UDQ2MGUgU0UgU1dC/X282A2A/front45.png'},{url:'https://carimages.d2cmedia.ca/newcarimages/en/cb6aca0d799118e/Land Rover/Range Rover/2026/1280/480126/X282a2a/front_45_degree.png'},{url:'https://carimages.d2cmedia.ca/newcarimages/en/cb6aca0d799118e/Land Rover/Range Rover/2026/2100/480126/X282a2a/front_45_degree.png'},{url:'https://carimages.d2cmedia.ca/newcarimages/en/cb6aca0d799118e/Land Rover/Range Rover/2026/2100/480126/X282a2a/profile.png'},{url:'https://carimages.d2cmedia.ca/newcarimages/en/cb6aca0d799118e/Land Rover/Range Rover/2026/2100/480126/X282a2a/back_45_degree.png'},{url:'https://carimages.d2cmedia.ca/newcarimages/en/cb6aca0d799118e/Land Rover/Range Rover/2026/2100/480126/X282a2a/driver_dashboard.png'},{url:'https://carimages.d2cmedia.ca/newcarimages/en/cb6aca0d799118e/Land Rover/Range Rover/2026/2100/480126/X282a2a/full_dashboard.png'},{url:'https://carimages.d2cmedia.ca/newcarimages/en/cb6aca0d799118e/Land Rover/Range Rover/2026/2100/480126/X282a2a/interior_driver_open_seat.png'},{url:'https://carimages.d2cmedia.ca/newcarimages/en/cb6aca0d799118e/Land Rover/Range Rover/2026/2100/480126/X282a2a/interior_driver_stereo.png'},{url:'https://carimages.d2cmedia.ca/newcarimages/en/cb6aca0d799118e/Land Rover/Range Rover/2026/2100/480126/X282a2a/interior_driver_reat_seats.png'}]",90,KM,https://www.landroverbrampton.com/new/inventory/2026-Land_Rover-Range_Rover-id14465473.html,2026 Land Rover Range Rover P460e SE SWB at Land Rover Brampton,180201 CAD,New,Black,Brown,3040,Land Rover Brampton,+1-905-500-2005,"{addr1: '50 Coachworks Cres', city: 'Brampton', region: 'Ontario', postal_code: 'L6R 3Y2', country: 'CA'}",43.7552740000,-79.7533260000,,,,,https://www.landroverbrampton.com/privacy-policy.html,New,3040,In stock,,180201 CAD,Free,
SALKP9E41TA369901,SALKP9E41TA369901,L26-455-new,Land Rover,Range Rover,P460e SE SWB,2026,AUTOMATIC,SUV,GASOLINE,,"2026 Land Rover Range Rover P460e SE SWB, White exterior","[{url:'https://carimages.d2cmedia.ca/newcarimages/en/cb6aca0d799118e/Land Rover/Range Rover/2026/1200/480126-UDQ2MGUgU0UgU1dC/XE7E5E5/front45.png'},{url:'https://carimages.d2cmedia.ca/newcarimages/en/cb6aca0d799118e/Land Rover/Range Rover/2026/1280/480126/Xe7e5e5/front_45_degree.png'},{url:'https://carimages.d2cmedia.ca/newcarimages/en/cb6aca0d799118e/Land Rover/Range Rover/2026/2100/480126/Xe7e5e5/front_45_degree.png'},{url:'https://carimages.d2cmedia.ca/newcarimages/en/cb6aca0d799118e/Land Rover/Range Rover/2026/2100/480126/Xe7e5e5/profile.png'},{url:'https://carimages.d2cmedia.ca/newcarimages/en/cb6aca0d799118e/Land Rover/Range Rover/2026/2100/480126/Xe7e5e5/back_45_degree.png'},{url:'https://carimages.d2cmedia.ca/newcarimages/en/cb6aca0d799118e/Land Rover/Range Rover/2026/2100/480126/Xe7e5e5/driver_dashboard.png'},{url:'https://carimages.d2cmedia.ca/newcarimages/en/cb6aca0d799118e/Land Rover/Range Rover/2026/2100/480126/Xe7e5e5/full_dashboard.png'},{url:'https://carimages.d2cmedia.ca/newcarimages/en/cb6aca0d799118e/Land Rover/Range Rover/2026/2100/480126/Xe7e5e5/interior_driver_open_seat.png'},{url:'https://carimages.d2cmedia.ca/newcarimages/en/cb6aca0d799118e/Land Rover/Range Rover/2026/2100/480126/Xe7e5e5/interior_driver_stereo.png'},{url:'https://carimages.d2cmedia.ca/newcarimages/en/cb6aca0d799118e/Land Rover/Range Rover/2026/2100/480126/Xe7e5e5/interior_driver_reat_seats.png'}]",90,KM,https://www.landroverbrampton.com/new/inventory/2026-Land_Rover-Range_Rover-id14396001.html,2026 Land Rover Range Rover P460e SE SWB at Land Rover Brampton,183509 CAD,New,White,"Deep Garnet/Deep Garnet, Perforated Semi-Aniline L",3040,Land Rover Brampton,+1-905-500-2005,"{addr1: '50 Coachworks Cres', city: 'Brampton', region: 'Ontario', postal_code: 'L6R 3Y2', country: 'CA'}",43.7552740000,-79.7533260000,,,,,https://www.landroverbrampton.com/privacy-policy.html,New,3040,In stock,,183509 CAD,Free,
SALKP9E9XTA390399,SALKP9E9XTA390399,L26-683-new,Land Rover,Range Rover,P530 SE SWB,2026,AUTOMATIC,SUV,GASOLINE,,"2026 Land Rover Range Rover P530 SE SWB, Black exterior","[{url:'https://carimages.d2cmedia.ca/newcarimages/en/cb6aca0d799118e/Land Rover/Range Rover/2026/1200/480119-UDUzMCBTRSBTV0I/X282A2A/front45.png'},{url:'https://carimages.d2cmedia.ca/newcarimages/en/cb6aca0d799118e/Land Rover/Range Rover/2026/1280/480119/X282a2a/front_45_degree.png'},{url:'https://carimages.d2cmedia.ca/newcarimages/en/cb6aca0d799118e/Land Rover/Range Rover/2026/2100/480119/X282a2a/front_45_degree.png'},{url:'https://carimages.d2cmedia.ca/newcarimages/en/cb6aca0d799118e/Land Rover/Range Rover/2026/2100/480119/X282a2a/profile.png'},{url:'https://carimages.d2cmedia.ca/newcarimages/en/cb6aca0d799118e/Land Rover/Range Rover/2026/2100/480119/X282a2a/back_45_degree.png'},{url:'https://carimages.d2cmedia.ca/newcarimages/en/cb6aca0d799118e/Land Rover/Range Rover/2026/2100/480119/X282a2a/driver_dashboard.png'},{url:'https://carimages.d2cmedia.ca/newcarimages/en/cb6aca0d799118e/Land Rover/Range Rover/2026/2100/480119/X282a2a/full_dashboard.png'},{url:'https://carimages.d2cmedia.ca/newcarimages/en/cb6aca0d799118e/Land Rover/Range Rover/2026/2100/480119/X282a2a/interior_driver_open_seat.png'},{url:'https://carimages.d2cmedia.ca/newcarimages/en/cb6aca0d799118e/Land Rover/Range Rover/2026/2100/480119/X282a2a/interior_driver_stereo.png'},{url:'https://carimages.d2cmedia.ca/newcarimages/en/cb6aca0d799118e/Land Rover/Range Rover/2026/2100/480119/X282a2a/interior_driver_reat_seats.png'}]",90,KM,https://www.landroverbrampton.com/new/inventory/2026-Land_Rover-Range_Rover-id14302197.html,2026 Land Rover Range Rover P530 SE SWB at Land Rover Brampton,187835 CAD,New,Black,Brown,3040,Land Rover Brampton,+1-905-500-2005,"{addr1: '50 Coachworks Cres', city: 'Brampton', region: 'Ontario', postal_code: 'L6R 3Y2', country: 'CA'}",43.7552740000,-79.7533260000,,,,,https://www.landroverbrampton.com/privacy-policy.html,New,3040,In stock,,187835 CAD,Free,
SALKP9E94TA381830,SALKP9E94TA381830,L26-686-new,Land Rover,Range Rover,P530 SE SWB,2026,AUTOMATIC,SUV,GASOLINE,,"2026 Land Rover Range Rover P530 SE SWB, White exterior","[{url:'https://imagescdn.d2cmedia.ca/cb6aca0d799118e/3040/14113562/1/Land Rover-Range Rover-2026.jpg'},{url:'https://imagescdn.d2cmedia.ca/s86aca0d799118e/3040/14113562/1/Land Rover-Range_Rover-2026.jpg'},{url:'https://imagescdn.d2cmedia.ca/cb6aca0d799118e/3040/14113562/1/Land Rover-Range_Rover-2026.jpg'},{url:'https://imagescdn.d2cmedia.ca/cb6aca0d799118e/3040/14113562/2/Land Rover-Range_Rover-2026.jpg'},{url:'https://imagescdn.d2cmedia.ca/cb6aca0d799118e/3040/14113562/3/Land Rover-Range_Rover-2026.jpg'},{url:'https://imagescdn.d2cmedia.ca/cb6aca0d799118e/3040/14113562/4/Land Rover-Range_Rover-2026.jpg'},{url:'https://imagescdn.d2cmedia.ca/cb6aca0d799118e/3040/14113562/5/Land Rover-Range_Rover-2026.jpg'},{url:'https://imagescdn.d2cmedia.ca/cb6aca0d799118e/3040/14113562/6/Land Rover-Range_Rover-2026.jpg'},{url:'https://imagescdn.d2cmedia.ca/cb6aca0d799118e/3040/14113562/7/Land Rover-Range_Rover-2026.jpg'},{url:'https://imagescdn.d2cmedia.ca/cb6aca0d799118e/3040/14113562/8/Land Rover-Range_Rover-2026.jpg'}]",90,KM,https://www.landroverbrampton.com/new/inventory/2026-Land_Rover-Range_Rover-id14113562.html,2026 Land Rover Range Rover P530 SE SWB at Land Rover Brampton,191263 CAD,New,White,Brown,3040,Land Rover Brampton,+1-905-500-2005,"{addr1: '50 Coachworks Cres', city: 'Brampton', region: 'Ontario', postal_code: 'L6R 3Y2', country: 'CA'}",43.7552740000,-79.7533260000,,,,,https://www.landroverbrampton.com/privacy-policy.html,New,3040,In stock,,191263 CAD,Free,
SALKP9E97TA388657,SALKP9E97TA388657,L26-581-new,Land Rover,Range Rover,P530 SE SWB,2026,AUTOMATIC,SUV,GASOLINE,,"2026 Land Rover Range Rover P530 SE SWB, Grey exterior","[{url:'https://carimages.d2cmedia.ca/newcarimages/en/cb6aca0d799118e/Land Rover/Range Rover/2026/1200/480119-UDUzMCBTRSBTV0I/X444546/front45.png'},{url:'https://carimages.d2cmedia.ca/newcarimages/en/cb6aca0d799118e/Land Rover/Range Rover/2026/1280/480119/X444546/front_45_degree.png'},{url:'https://carimages.d2cmedia.ca/newcarimages/en/cb6aca0d799118e/Land Rover/Range Rover/2026/2100/480119/X444546/front_45_degree.png'},{url:'https://carimages.d2cmedia.ca/newcarimages/en/cb6aca0d799118e/Land Rover/Range Rover/2026/2100/480119/X444546/profile.png'},{url:'https://carimages.d2cmedia.ca/newcarimages/en/cb6aca0d799118e/Land Rover/Range Rover/2026/2100/480119/X444546/back_45_degree.png'},{url:'https://carimages.d2cmedia.ca/newcarimages/en/cb6aca0d799118e/Land Rover/Range Rover/2026/2100/480119/X444546/driver_dashboard.png'},{url:'https://carimages.d2cmedia.ca/newcarimages/en/cb6aca0d799118e/Land Rover/Range Rover/2026/2100/480119/X444546/full_dashboard.png'},{url:'https://carimages.d2cmedia.ca/newcarimages/en/cb6aca0d799118e/Land Rover/Range Rover/2026/2100/480119/X444546/interior_driver_open_seat.png'},{url:'https://carimages.d2cmedia.ca/newcarimages/en/cb6aca0d799118e/Land Rover/Range Rover/2026/2100/480119/X444546/interior_driver_stereo.png'},{url:'https://carimages.d2cmedia.ca/newcarimages/en/cb6aca0d799118e/Land Rover/Range Rover/2026/2100/480119/X444546/interior_driver_reat_seats.png'}]",90,KM,https://www.landroverbrampton.com/new/inventory/2026-Land_Rover-Range_Rover-id14337976.html,2026 Land Rover Range Rover P530 SE SWB at Land Rover Brampton,193920 CAD,New,Grey,Brown,3040,Land Rover Brampton,+1-905-500-2005,"{addr1: '50 Coachworks Cres', city: 'Brampton', region: 'Ontario', postal_code: 'L6R 3Y2', country: 'CA'}",43.7552740000,-79.7533260000,,,,,https://www.landroverbrampton.com/privacy-policy.html,New,3040,In stock,,193920 CAD,Free,
SALKPBE98TA379070,SALKPBE98TA379070,L26-575-new,Land Rover,Range Rover,P530 SE LWB 7 Seat,2026,AUTOMATIC,SUV,GASOLINE,,"2026 Land Rover Range Rover P530 SE LWB 7 Seat, Green exterior","[{url:'https://carimages.d2cmedia.ca/newcarimages/en/cb6aca0d799118e/Land Rover/Range Rover/2026/1200/480122-UDUzMCBTRSBMV0IgNyBTZWF0/X5D645C/front45.png'},{url:'https://carimages.d2cmedia.ca/newcarimages/en/cb6aca0d799118e/Land Rover/Range Rover/2026/1280/480122/X5d645c/front_45_degree.png'},{url:'https://carimages.d2cmedia.ca/newcarimages/en/cb6aca0d799118e/Land Rover/Range Rover/2026/2100/480122/X5d645c/front_45_degree.png'},{url:'https://carimages.d2cmedia.ca/newcarimages/en/cb6aca0d799118e/Land Rover/Range Rover/2026/2100/480122/X5d645c/profile.png'},{url:'https://carimages.d2cmedia.ca/newcarimages/en/cb6aca0d799118e/Land Rover/Range Rover/2026/2100/480122/X5d645c/back_45_degree.png'},{url:'https://carimages.d2cmedia.ca/newcarimages/en/cb6aca0d799118e/Land Rover/Range Rover/2026/2100/480122/X5d645c/driver_dashboard.png'},{url:'https://carimages.d2cmedia.ca/newcarimages/en/cb6aca0d799118e/Land Rover/Range Rover/2026/2100/480122/X5d645c/full_dashboard.png'},{url:'https://carimages.d2cmedia.ca/newcarimages/en/cb6aca0d799118e/Land Rover/Range Rover/2026/2100/480122/X5d645c/interior_driver_open_seat.png'},{url:'https://carimages.d2cmedia.ca/newcarimages/en/cb6aca0d799118e/Land Rover/Range Rover/2026/2100/480122/X5d645c/interior_driver_stereo.png'},{url:'https://carimages.d2cmedia.ca/newcarimages/en/cb6aca0d799118e/Land Rover/Range Rover/2026/2100/480122/X5d645c/interior_driver_reat_seats.png'}]",90,KM,https://www.landroverbrampton.com/new/inventory/2026-Land_Rover-Range_Rover-id14284613.html,2026 Land Rover Range Rover P530 SE LWB 7 Seat at Land Rover Brampton,204653 CAD,New,Green,Brown,3040,Land Rover Brampton,+1-905-500-2005,"{addr1: '50 Coachworks Cres', city: 'Brampton', region: 'Ontario', postal_code: 'L6R 3Y2', country: 'CA'}",43.7552740000,-79.7533260000,,,,,https://www.landroverbrampton.com/privacy-policy.html,New,3040,In stock,,204653 CAD,Free,
SALYJ2EX6PA352482,SALYJ2EX6PA352482,P-730,Land Rover,Range Rover Velar,P250 S,2023,AUTOMATIC,SUV,GASOLINE,,"2023 Land Rover Range Rover Velar P250 S, White exterior","[{url:'https://imagescdn.d2cmedia.ca/cb6aca0d799118e/3040/14499288/1/Land Rover-Range Rover Velar-2023.jpg'},{url:'https://imagescdn.d2cmedia.ca/s86aca0d799118e/3040/14499288/1/Land Rover-Range_Rover_Velar-2023.jpg'},{url:'https://imagescdn.d2cmedia.ca/cb6aca0d799118e/3040/14499288/1/Land Rover-Range_Rover_Velar-2023.jpg'},{url:'https://imagescdn.d2cmedia.ca/cb6aca0d799118e/3040/14499288/2/Land Rover-Range_Rover_Velar-2023.jpg'},{url:'https://imagescdn.d2cmedia.ca/cb6aca0d799118e/3040/14499288/3/Land Rover-Range_Rover_Velar-2023.jpg'},{url:'https://imagescdn.d2cmedia.ca/cb6aca0d799118e/3040/14499288/4/Land Rover-Range_Rover_Velar-2023.jpg'},{url:'https://imagescdn.d2cmedia.ca/cb6aca0d799118e/3040/14499288/5/Land Rover-Range_Rover_Velar-2023.jpg'},{url:'https://imagescdn.d2cmedia.ca/cb6aca0d799118e/3040/14499288/6/Land Rover-Range_Rover_Velar-2023.jpg'},{url:'https://imagescdn.d2cmedia.ca/cb6aca0d799118e/3040/14499288/7/Land Rover-Range_Rover_Velar-2023.jpg'},{url:'https://imagescdn.d2cmedia.ca/cb6aca0d799118e/3040/14499288/8/Land Rover-Range_Rover_Velar-2023.jpg'}]",85264,KM,https://www.landroverbrampton.com/used/2023-Land_Rover-Range_Rover_Velar-id14499288.html,2023 Land Rover Range Rover Velar P250 S at Land Rover Brampton,31998 CAD,Used,White,Brown,3040,Land Rover Brampton,+1-905-500-2005,"{addr1: '50 Coachworks Cres', city: 'Brampton', region: 'Ontario', postal_code: 'L6R 3Y2', country: 'CA'}",43.7552740000,-79.7533260000,,,,,https://www.landroverbrampton.com/privacy-policy.html,Used,3040,In stock,,31998 CAD,Free,
SALZP2FX6PH210237,SALZP2FX6PH210237,P-703,Land Rover,Range Rover Evoque,P250 SE,2023,AUTOMATIC,SUV,GASOLINE,,"2023 Land Rover Range Rover Evoque P250 SE, Black exterior","[{url:'https://imagescdn.d2cmedia.ca/cb6aca0d799118e/3040/14228724/1/Land Rover-Range Rover Evoque-2023.jpg'},{url:'https://imagescdn.d2cmedia.ca/s86aca0d799118e/3040/14228724/1/Land Rover-Range_Rover_Evoque-2023.jpg'},{url:'https://imagescdn.d2cmedia.ca/cb6aca0d799118e/3040/14228724/1/Land Rover-Range_Rover_Evoque-2023.jpg'},{url:'https://imagescdn.d2cmedia.ca/cb6aca0d799118e/3040/14228724/2/Land Rover-Range_Rover_Evoque-2023.jpg'},{url:'https://imagescdn.d2cmedia.ca/cb6aca0d799118e/3040/14228724/3/Land Rover-Range_Rover_Evoque-2023.jpg'},{url:'https://imagescdn.d2cmedia.ca/cb6aca0d799118e/3040/14228724/4/Land Rover-Range_Rover_Evoque-2023.jpg'},{url:'https://imagescdn.d2cmedia.ca/cb6aca0d799118e/3040/14228724/5/Land Rover-Range_Rover_Evoque-2023.jpg'},{url:'https://imagescdn.d2cmedia.ca/cb6aca0d799118e/3040/14228724/6/Land Rover-Range_Rover_Evoque-2023.jpg'},{url:'https://imagescdn.d2cmedia.ca/cb6aca0d799118e/3040/14228724/7/Land Rover-Range_Rover_Evoque-2023.jpg'},{url:'https://imagescdn.d2cmedia.ca/cb6aca0d799118e/3040/14228724/8/Land Rover-Range_Rover_Evoque-2023.jpg'}]",44603,KM,https://www.landroverbrampton.com/used/2023-Land_Rover-Range_Rover_Evoque-id14228724.html,2023 Land Rover Range Rover Evoque P250 SE at Land Rover Brampton,35998 CAD,CPO,Black,,3040,Land Rover Brampton,+1-905-500-2005,"{addr1: '50 Coachworks Cres', city: 'Brampton', region: 'Ontario', postal_code: 'L6R 3Y2', country: 'CA'}",43.7552740000,-79.7533260000,,,,,https://www.landroverbrampton.com/privacy-policy.html,CPO,3040,In stock,,35998 CAD,Free,
SALZL2FX1PH208889,SALZL2FX1PH208889,P-716,Land Rover,Range Rover Evoque,P250 R-Dynamic SE (2),2023,AUTOMATIC,SUV,GASOLINE,,"2023 Land Rover Range Rover Evoque P250 R-Dynamic SE (2), Grey exterior","[{url:'https://imagescdn.d2cmedia.ca/cb6aca0d799118e/3040/14337975/1/Land Rover-Range Rover Evoque-2023.jpg'},{url:'https://imagescdn.d2cmedia.ca/s86aca0d799118e/3040/14337975/1/Land Rover-Range_Rover_Evoque-2023.jpg'},{url:'https://imagescdn.d2cmedia.ca/cb6aca0d799118e/3040/14337975/1/Land Rover-Range_Rover_Evoque-2023.jpg'},{url:'https://imagescdn.d2cmedia.ca/cb6aca0d799118e/3040/14337975/2/Land Rover-Range_Rover_Evoque-2023.jpg'},{url:'https://imagescdn.d2cmedia.ca/cb6aca0d799118e/3040/14337975/3/Land Rover-Range_Rover_Evoque-2023.jpg'},{url:'https://imagescdn.d2cmedia.ca/cb6aca0d799118e/3040/14337975/4/Land Rover-Range_Rover_Evoque-2023.jpg'},{url:'https://imagescdn.d2cmedia.ca/cb6aca0d799118e/3040/14337975/5/Land Rover-Range_Rover_Evoque-2023.jpg'},{url:'https://imagescdn.d2cmedia.ca/cb6aca0d799118e/3040/14337975/6/Land Rover-Range_Rover_Evoque-2023.jpg'},{url:'https://imagescdn.d2cmedia.ca/cb6aca0d799118e/3040/14337975/7/Land Rover-Range_Rover_Evoque-2023.jpg'},{url:'https://imagescdn.d2cmedia.ca/cb6aca0d799118e/3040/14337975/8/Land Rover-Range_Rover_Evoque-2023.jpg'}]",65073,KM,https://www.landroverbrampton.com/used/2023-Land_Rover-Range_Rover_Evoque-id14337975.html,2023 Land Rover Range Rover Evoque P250 R-Dynamic SE (2) at Land Rover Brampton,37998 CAD,Used,Grey,Black,3040,Land Rover Brampton,+1-905-500-2005,"{addr1: '50 Coachworks Cres', city: 'Brampton', region: 'Ontario', postal_code: 'L6R 3Y2', country: 'CA'}",43.7552740000,-79.7533260000,,,,,https://www.landroverbrampton.com/privacy-policy.html,Used,3040,In stock,,37998 CAD,Free,
SALZL2FX9PH211099,SALZL2FX9PH211099,L26-444A,Land Rover,Range Rover Evoque,P250 R-Dynamic SE BEAUTIFUL COLOUR COMBO !! CPO AVAILABLE,2023,AUTOMATIC,SUV,GASOLINE,,"2023 Land Rover Range Rover Evoque P250 R-Dynamic SE BEAUTIFUL COLOUR COMBO !! CPO AVAILABLE, Silver exterior","[{url:'https://imagescdn.d2cmedia.ca/cb6aca0d799118e/3040/14324154/1/Land Rover-Range Rover Evoque-2023.jpg'},{url:'https://imagescdn.d2cmedia.ca/s86aca0d799118e/3040/14324154/1/Land Rover-Range_Rover_Evoque-2023.jpg'},{url:'https://imagescdn.d2cmedia.ca/cb6aca0d799118e/3040/14324154/1/Land Rover-Range_Rover_Evoque-2023.jpg'},{url:'https://imagescdn.d2cmedia.ca/cb6aca0d799118e/3040/14324154/2/Land Rover-Range_Rover_Evoque-2023.jpg'},{url:'https://imagescdn.d2cmedia.ca/cb6aca0d799118e/3040/14324154/3/Land Rover-Range_Rover_Evoque-2023.jpg'},{url:'https://imagescdn.d2cmedia.ca/cb6aca0d799118e/3040/14324154/4/Land Rover-Range_Rover_Evoque-2023.jpg'},{url:'https://imagescdn.d2cmedia.ca/cb6aca0d799118e/3040/14324154/5/Land Rover-Range_Rover_Evoque-2023.jpg'},{url:'https://imagescdn.d2cmedia.ca/cb6aca0d799118e/3040/14324154/6/Land Rover-Range_Rover_Evoque-2023.jpg'},{url:'https://imagescdn.d2cmedia.ca/cb6aca0d799118e/3040/14324154/7/Land Rover-Range_Rover_Evoque-2023.jpg'},{url:'https://imagescdn.d2cmedia.ca/cb6aca0d799118e/3040/14324154/8/Land Rover-Range_Rover_Evoque-2023.jpg'}]",53773,KM,https://www.landroverbrampton.com/used/2023-Land_Rover-Range_Rover_Evoque-id14324154.html,2023 Land Rover Range Rover Evoque P250 R-Dynamic SE BEAUTIFUL COLOUR COMBO !! CPO AVAILABLE at Land Rover Brampton,39499 CAD,Used,Silver,Black,3040,Land Rover Brampton,+1-905-500-2005,"{addr1: '50 Coachworks Cres', city: 'Brampton', region: 'Ontario', postal_code: 'L6R 3Y2', country: 'CA'}",43.7552740000,-79.7533260000,,,,,https://www.landroverbrampton.com/privacy-policy.html,Used,3040,In stock,,39499 CAD,Free,
SALZJ2FX7PH208028,SALZJ2FX7PH208028,P-726,Land Rover,Range Rover Evoque,P250 S ULTRA LOW KILOMETERS TOUCH PRO DUO CPO INCLUDED,2023,AUTOMATIC,SUV,GASOLINE,,"2023 Land Rover Range Rover Evoque P250 S ULTRA LOW KILOMETERS TOUCH PRO DUO CPO INCLUDED, White exterior","[{url:'https://imagescdn.d2cmedia.ca/cb6aca0d799118e/3040/14445634/1/Land Rover-Range Rover Evoque-2023.jpg'},{url:'https://imagescdn.d2cmedia.ca/s86aca0d799118e/3040/14445634/1/Land Rover-Range_Rover_Evoque-2023.jpg'},{url:'https://imagescdn.d2cmedia.ca/cb6aca0d799118e/3040/14445634/1/Land Rover-Range_Rover_Evoque-2023.jpg'},{url:'https://imagescdn.d2cmedia.ca/cb6aca0d799118e/3040/14445634/2/Land Rover-Range_Rover_Evoque-2023.jpg'},{url:'https://imagescdn.d2cmedia.ca/cb6aca0d799118e/3040/14445634/3/Land Rover-Range_Rover_Evoque-2023.jpg'},{url:'https://imagescdn.d2cmedia.ca/cb6aca0d799118e/3040/14445634/4/Land Rover-Range_Rover_Evoque-2023.jpg'},{url:'https://imagescdn.d2cmedia.ca/cb6aca0d799118e/3040/14445634/5/Land Rover-Range_Rover_Evoque-2023.jpg'},{url:'https://imagescdn.d2cmedia.ca/cb6aca0d799118e/3040/14445634/6/Land Rover-Range_Rover_Evoque-2023.jpg'},{url:'https://imagescdn.d2cmedia.ca/cb6aca0d799118e/3040/14445634/7/Land Rover-Range_Rover_Evoque-2023.jpg'},{url:'https://imagescdn.d2cmedia.ca/cb6aca0d799118e/3040/14445634/8/Land Rover-Range_Rover_Evoque-2023.jpg'}]",16985,KM,https://www.landroverbrampton.com/used/2023-Land_Rover-Range_Rover_Evoque-id14445634.html,2023 Land Rover Range Rover Evoque P250 S ULTRA LOW KILOMETERS TOUCH PRO DUO CPO INCLUDED at Land Rover Brampton,39998 CAD,CPO,White,Black,3040,Land Rover Brampton,+1-905-500-2005,"{addr1: '50 Coachworks Cres', city: 'Brampton', region: 'Ontario', postal_code: 'L6R 3Y2', country: 'CA'}",43.7552740000,-79.7533260000,,,,,https://www.landroverbrampton.com/privacy-policy.html,CPO,3040,In stock,,39998 CAD,Free,
SALZJ2FXXRH259641,SALZJ2FXXRH259641,P-719,Land Rover,Range Rover Evoque,P250 S CPO AVAILABLE,2024,AUTOMATIC,SUV,GASOLINE,,"2024 Land Rover Range Rover Evoque P250 S CPO AVAILABLE, Black exterior","[{url:'https://imagescdn.d2cmedia.ca/cb6aca0d799118e/3040/14382610/1/Land Rover-Range Rover Evoque-2024.jpg'},{url:'https://imagescdn.d2cmedia.ca/s86aca0d799118e/3040/14382610/1/Land Rover-Range_Rover_Evoque-2024.jpg'},{url:'https://imagescdn.d2cmedia.ca/cb6aca0d799118e/3040/14382610/1/Land Rover-Range_Rover_Evoque-2024.jpg'},{url:'https://imagescdn.d2cmedia.ca/cb6aca0d799118e/3040/14382610/2/Land Rover-Range_Rover_Evoque-2024.jpg'},{url:'https://imagescdn.d2cmedia.ca/cb6aca0d799118e/3040/14382610/3/Land Rover-Range_Rover_Evoque-2024.jpg'},{url:'https://imagescdn.d2cmedia.ca/cb6aca0d799118e/3040/14382610/4/Land Rover-Range_Rover_Evoque-2024.jpg'},{url:'https://imagescdn.d2cmedia.ca/cb6aca0d799118e/3040/14382610/5/Land Rover-Range_Rover_Evoque-2024.jpg'},{url:'https://imagescdn.d2cmedia.ca/cb6aca0d799118e/3040/14382610/6/Land Rover-Range_Rover_Evoque-2024.jpg'},{url:'https://imagescdn.d2cmedia.ca/cb6aca0d799118e/3040/14382610/7/Land Rover-Range_Rover_Evoque-2024.jpg'},{url:'https://imagescdn.d2cmedia.ca/cb6aca0d799118e/3040/14382610/8/Land Rover-Range_Rover_Evoque-2024.jpg'}]",35857,KM,https://www.landroverbrampton.com/used/2024-Land_Rover-Range_Rover_Evoque-id14382610.html,2024 Land Rover Range Rover Evoque P250 S CPO AVAILABLE at Land Rover Brampton,42888 CAD,Used,Black,,3040,Land Rover Brampton,+1-905-500-2005,"{addr1: '50 Coachworks Cres', city: 'Brampton', region: 'Ontario', postal_code: 'L6R 3Y2', country: 'CA'}",43.7552740000,-79.7533260000,,,,,https://www.landroverbrampton.com/privacy-policy.html,Used,3040,In stock,,42888 CAD,Free,
SALZM2FX1RH259938,SALZM2FX1RH259938,P-707,Land Rover,Range Rover Evoque,P250 Dynamic HSE,2024,AUTOMATIC,SUV,GASOLINE,,"2024 Land Rover Range Rover Evoque P250 Dynamic HSE, Black exterior","[{url:'https://imagescdn.d2cmedia.ca/cb6aca0d799118e/3040/14234616/1/Land Rover-Range Rover Evoque-2024.jpg'},{url:'https://imagescdn.d2cmedia.ca/s86aca0d799118e/3040/14234616/1/Land Rover-Range_Rover_Evoque-2024.jpg'},{url:'https://imagescdn.d2cmedia.ca/cb6aca0d799118e/3040/14234616/1/Land Rover-Range_Rover_Evoque-2024.jpg'},{url:'https://imagescdn.d2cmedia.ca/cb6aca0d799118e/3040/14234616/2/Land Rover-Range_Rover_Evoque-2024.jpg'},{url:'https://imagescdn.d2cmedia.ca/cb6aca0d799118e/3040/14234616/3/Land Rover-Range_Rover_Evoque-2024.jpg'},{url:'https://imagescdn.d2cmedia.ca/cb6aca0d799118e/3040/14234616/4/Land Rover-Range_Rover_Evoque-2024.jpg'},{url:'https://imagescdn.d2cmedia.ca/cb6aca0d799118e/3040/14234616/5/Land Rover-Range_Rover_Evoque-2024.jpg'},{url:'https://imagescdn.d2cmedia.ca/cb6aca0d799118e/3040/14234616/6/Land Rover-Range_Rover_Evoque-2024.jpg'},{url:'https://imagescdn.d2cmedia.ca/cb6aca0d799118e/3040/14234616/7/Land Rover-Range_Rover_Evoque-2024.jpg'},{url:'https://imagescdn.d2cmedia.ca/cb6aca0d799118e/3040/14234616/8/Land Rover-Range_Rover_Evoque-2024.jpg'}]",30552,KM,https://www.landroverbrampton.com/used/2024-Land_Rover-Range_Rover_Evoque-id14234616.html,2024 Land Rover Range Rover Evoque P250 Dynamic HSE at Land Rover Brampton,44490 CAD,CPO,Black,,3040,Land Rover Brampton,+1-905-500-2005,"{addr1: '50 Coachworks Cres', city: 'Brampton', region: 'Ontario', postal_code: 'L6R 3Y2', country: 'CA'}",43.7552740000,-79.7533260000,,,,,https://www.landroverbrampton.com/privacy-policy.html,CPO,3040,In stock,,44490 CAD,Free,
SALEJ7EX4P2151156,SALEJ7EX4P2151156,L26-593A,Land Rover,Defender,110 P300 S LOW KMS WHITE ON ACORN BLACK WHEELS,2023,AUTOMATIC,SUV,GASOLINE,,"2023 Land Rover Defender 110 P300 S LOW KMS WHITE ON ACORN BLACK WHEELS, White exterior","[{url:'https://imagescdn.d2cmedia.ca/cb6aca0d799118e/3040/14493439/1/Land Rover-Defender-2023.jpg'},{url:'https://imagescdn.d2cmedia.ca/s86aca0d799118e/3040/14493439/1/Land Rover-Defender-2023.jpg'},{url:'https://imagescdn.d2cmedia.ca/cb6aca0d799118e/3040/14493439/2/Land Rover-Defender-2023.jpg'},{url:'https://imagescdn.d2cmedia.ca/cb6aca0d799118e/3040/14493439/3/Land Rover-Defender-2023.jpg'},{url:'https://imagescdn.d2cmedia.ca/cb6aca0d799118e/3040/14493439/4/Land Rover-Defender-2023.jpg'},{url:'https://imagescdn.d2cmedia.ca/cb6aca0d799118e/3040/14493439/5/Land Rover-Defender-2023.jpg'},{url:'https://imagescdn.d2cmedia.ca/cb6aca0d799118e/3040/14493439/6/Land Rover-Defender-2023.jpg'},{url:'https://imagescdn.d2cmedia.ca/cb6aca0d799118e/3040/14493439/7/Land Rover-Defender-2023.jpg'},{url:'https://imagescdn.d2cmedia.ca/cb6aca0d799118e/3040/14493439/8/Land Rover-Defender-2023.jpg'},{url:'https://imagescdn.d2cmedia.ca/cb6aca0d799118e/3040/14493439/9/Land Rover-Defender-2023.jpg'}]",47121,KM,https://www.landroverbrampton.com/used/2023-Land_Rover-Defender-id14493439.html,2023 Land Rover Defender 110 P300 S LOW KMS WHITE ON ACORN BLACK WHEELS at Land Rover Brampton,48998 CAD,Used,White,Brown,3040,Land Rover Brampton,+1-905-500-2005,"{addr1: '50 Coachworks Cres', city: 'Brampton', region: 'Ontario', postal_code: 'L6R 3Y2', country: 'CA'}",43.7552740000,-79.7533260000,,,,,https://www.landroverbrampton.com/privacy-policy.html,Used,3040,In stock,,48998 CAD,Free,
SALE27EUXP2226347,SALE27EUXP2226347,P-698,Land Rover,Defender,110 P400 X-Dynamic SE GREAT CONDITION P400 X DYNAMIC SE CPO AVAILABLE.,2023,AUTOMATIC,SUV,GASOLINE,,"2023 Land Rover Defender 110 P400 X-Dynamic SE GREAT CONDITION P400 X DYNAMIC SE CPO AVAILABLE., Blue exterior","[{url:'https://imagescdn.d2cmedia.ca/cb6aca0d799118e/3040/14416519/1/Land Rover-Defender-2023.jpg'},{url:'https://imagescdn.d2cmedia.ca/s86aca0d799118e/3040/14416519/1/Land Rover-Defender-2023.jpg'},{url:'https://imagescdn.d2cmedia.ca/cb6aca0d799118e/3040/14416519/2/Land Rover-Defender-2023.jpg'},{url:'https://imagescdn.d2cmedia.ca/cb6aca0d799118e/3040/14416519/3/Land Rover-Defender-2023.jpg'},{url:'https://imagescdn.d2cmedia.ca/cb6aca0d799118e/3040/14416519/4/Land Rover-Defender-2023.jpg'},{url:'https://imagescdn.d2cmedia.ca/cb6aca0d799118e/3040/14416519/5/Land Rover-Defender-2023.jpg'},{url:'https://imagescdn.d2cmedia.ca/cb6aca0d799118e/3040/14416519/6/Land Rover-Defender-2023.jpg'},{url:'https://imagescdn.d2cmedia.ca/cb6aca0d799118e/3040/14416519/7/Land Rover-Defender-2023.jpg'},{url:'https://imagescdn.d2cmedia.ca/cb6aca0d799118e/3040/14416519/8/Land Rover-Defender-2023.jpg'},{url:'https://imagescdn.d2cmedia.ca/cb6aca0d799118e/3040/14416519/9/Land Rover-Defender-2023.jpg'}]",71922,KM,https://www.landroverbrampton.com/used/2023-Land_Rover-Defender-id14416519.html,2023 Land Rover Defender 110 P400 X-Dynamic SE GREAT CONDITION P400 X DYNAMIC SE CPO AVAILABLE. at Land Rover Brampton,58999 CAD,Used,Blue,Brown,3040,Land Rover Brampton,+1-905-500-2005,"{addr1: '50 Coachworks Cres', city: 'Brampton', region: 'Ontario', postal_code: 'L6R 3Y2', country: 'CA'}",43.7552740000,-79.7533260000,,,,,https://www.landroverbrampton.com/privacy-policy.html,Used,3040,In stock,,58999 CAD,Free,
SALEP7EU7P2145100,SALEP7EU7P2145100,P-725,Land Rover,Defender,110 P400 SE,2023,AUTOMATIC,SUV,GASOLINE,,"2023 Land Rover Defender 110 P400 SE, Grey exterior","[{url:'https://imagescdn.d2cmedia.ca/cb6aca0d799118e/3040/14440998/1/Land Rover-Defender-2023.jpg'},{url:'https://imagescdn.d2cmedia.ca/s86aca0d799118e/3040/14440998/1/Land Rover-Defender-2023.jpg'},{url:'https://imagescdn.d2cmedia.ca/cb6aca0d799118e/3040/14440998/2/Land Rover-Defender-2023.jpg'},{url:'https://imagescdn.d2cmedia.ca/cb6aca0d799118e/3040/14440998/3/Land Rover-Defender-2023.jpg'},{url:'https://imagescdn.d2cmedia.ca/cb6aca0d799118e/3040/14440998/4/Land Rover-Defender-2023.jpg'},{url:'https://imagescdn.d2cmedia.ca/cb6aca0d799118e/3040/14440998/5/Land Rover-Defender-2023.jpg'},{url:'https://imagescdn.d2cmedia.ca/cb6aca0d799118e/3040/14440998/6/Land Rover-Defender-2023.jpg'},{url:'https://imagescdn.d2cmedia.ca/cb6aca0d799118e/3040/14440998/7/Land Rover-Defender-2023.jpg'},{url:'https://imagescdn.d2cmedia.ca/cb6aca0d799118e/3040/14440998/8/Land Rover-Defender-2023.jpg'},{url:'https://imagescdn.d2cmedia.ca/cb6aca0d799118e/3040/14440998/9/Land Rover-Defender-2023.jpg'}]",50987,KM,https://www.landroverbrampton.com/used/2023-Land_Rover-Defender-id14440998.html,2023 Land Rover Defender 110 P400 SE at Land Rover Brampton,59998 CAD,CPO,Grey,Brown,3040,Land Rover Brampton,+1-905-500-2005,"{addr1: '50 Coachworks Cres', city: 'Brampton', region: 'Ontario', postal_code: 'L6R 3Y2', country: 'CA'}",43.7552740000,-79.7533260000,,,,,https://www.landroverbrampton.com/privacy-policy.html,CPO,3040,In stock,,59998 CAD,Free,
SALEJ7EX2R2284453,SALEJ7EX2R2284453,P-724,Land Rover,Defender,110 P300 S,2024,AUTOMATIC,SUV,GASOLINE,,"2024 Land Rover Defender 110 P300 S, Grey exterior","[{url:'https://imagescdn.d2cmedia.ca/cb6aca0d799118e/3040/14416521/1/Land Rover-Defender-2024.jpg'},{url:'https://imagescdn.d2cmedia.ca/s86aca0d799118e/3040/14416521/1/Land Rover-Defender-2024.jpg'},{url:'https://imagescdn.d2cmedia.ca/cb6aca0d799118e/3040/14416521/2/Land Rover-Defender-2024.jpg'},{url:'https://imagescdn.d2cmedia.ca/cb6aca0d799118e/3040/14416521/3/Land Rover-Defender-2024.jpg'},{url:'https://imagescdn.d2cmedia.ca/cb6aca0d799118e/3040/14416521/4/Land Rover-Defender-2024.jpg'},{url:'https://imagescdn.d2cmedia.ca/cb6aca0d799118e/3040/14416521/5/Land Rover-Defender-2024.jpg'},{url:'https://imagescdn.d2cmedia.ca/cb6aca0d799118e/3040/14416521/6/Land Rover-Defender-2024.jpg'},{url:'https://imagescdn.d2cmedia.ca/cb6aca0d799118e/3040/14416521/7/Land Rover-Defender-2024.jpg'},{url:'https://imagescdn.d2cmedia.ca/cb6aca0d799118e/3040/14416521/8/Land Rover-Defender-2024.jpg'},{url:'https://imagescdn.d2cmedia.ca/cb6aca0d799118e/3040/14416521/9/Land Rover-Defender-2024.jpg'}]",68947,KM,https://www.landroverbrampton.com/used/2024-Land_Rover-Defender-id14416521.html,2024 Land Rover Defender 110 P300 S at Land Rover Brampton,60998 CAD,CPO,Grey,Tan,3040,Land Rover Brampton,+1-905-500-2005,"{addr1: '50 Coachworks Cres', city: 'Brampton', region: 'Ontario', postal_code: 'L6R 3Y2', country: 'CA'}",43.7552740000,-79.7533260000,,,,,https://www.landroverbrampton.com/privacy-policy.html,CPO,3040,In stock,,60998 CAD,Free,
SALEJEEX1R2305457,SALEJEEX1R2305457,P-729,Land Rover,Defender,110 P300 S TAN INTERIOR **7 SEATS** BLACK WHEELS.,2024,AUTOMATIC,SUV,GASOLINE,,"2024 Land Rover Defender 110 P300 S TAN INTERIOR **7 SEATS** BLACK WHEELS., Green exterior","[{url:'https://imagescdn.d2cmedia.ca/cb6aca0d799118e/3040/14493441/1/Land Rover-Defender-2024.jpg'},{url:'https://imagescdn.d2cmedia.ca/s86aca0d799118e/3040/14493441/1/Land Rover-Defender-2024.jpg'},{url:'https://imagescdn.d2cmedia.ca/cb6aca0d799118e/3040/14493441/2/Land Rover-Defender-2024.jpg'},{url:'https://imagescdn.d2cmedia.ca/cb6aca0d799118e/3040/14493441/3/Land Rover-Defender-2024.jpg'},{url:'https://imagescdn.d2cmedia.ca/cb6aca0d799118e/3040/14493441/4/Land Rover-Defender-2024.jpg'},{url:'https://imagescdn.d2cmedia.ca/cb6aca0d799118e/3040/14493441/5/Land Rover-Defender-2024.jpg'},{url:'https://imagescdn.d2cmedia.ca/cb6aca0d799118e/3040/14493441/6/Land Rover-Defender-2024.jpg'},{url:'https://imagescdn.d2cmedia.ca/cb6aca0d799118e/3040/14493441/7/Land Rover-Defender-2024.jpg'},{url:'https://imagescdn.d2cmedia.ca/cb6aca0d799118e/3040/14493441/8/Land Rover-Defender-2024.jpg'},{url:'https://imagescdn.d2cmedia.ca/cb6aca0d799118e/3040/14493441/9/Land Rover-Defender-2024.jpg'}]",52918,KM,https://www.landroverbrampton.com/used/2024-Land_Rover-Defender-id14493441.html,2024 Land Rover Defender 110 P300 S TAN INTERIOR **7 SEATS** BLACK WHEELS. at Land Rover Brampton,61998 CAD,Used,Green,Tan,3040,Land Rover Brampton,+1-905-500-2005,"{addr1: '50 Coachworks Cres', city: 'Brampton', region: 'Ontario', postal_code: 'L6R 3Y2', country: 'CA'}",43.7552740000,-79.7533260000,,,,,https://www.landroverbrampton.com/privacy-policy.html,Used,3040,In stock,,61998 CAD,Free,
SALEJ7EX4R2281862,SALEJ7EX4R2281862,L26-827A,Land Rover,Defender,110 P300 S SIDE STEPS BLACK EXTERIOR PACK LOW KMS,2024,AUTOMATIC,SUV,GASOLINE,,"2024 Land Rover Defender 110 P300 S SIDE STEPS BLACK EXTERIOR PACK LOW KMS, Black exterior","[{url:'https://imagescdn.d2cmedia.ca/cb6aca0d799118e/3040/14440996/1/Land Rover-Defender-2024.jpg'},{url:'https://imagescdn.d2cmedia.ca/s86aca0d799118e/3040/14440996/1/Land Rover-Defender-2024.jpg'},{url:'https://imagescdn.d2cmedia.ca/cb6aca0d799118e/3040/14440996/2/Land Rover-Defender-2024.jpg'},{url:'https://imagescdn.d2cmedia.ca/cb6aca0d799118e/3040/14440996/3/Land Rover-Defender-2024.jpg'},{url:'https://imagescdn.d2cmedia.ca/cb6aca0d799118e/3040/14440996/4/Land Rover-Defender-2024.jpg'},{url:'https://imagescdn.d2cmedia.ca/cb6aca0d799118e/3040/14440996/5/Land Rover-Defender-2024.jpg'},{url:'https://imagescdn.d2cmedia.ca/cb6aca0d799118e/3040/14440996/6/Land Rover-Defender-2024.jpg'},{url:'https://imagescdn.d2cmedia.ca/cb6aca0d799118e/3040/14440996/7/Land Rover-Defender-2024.jpg'},{url:'https://imagescdn.d2cmedia.ca/cb6aca0d799118e/3040/14440996/8/Land Rover-Defender-2024.jpg'},{url:'https://imagescdn.d2cmedia.ca/cb6aca0d799118e/3040/14440996/9/Land Rover-Defender-2024.jpg'}]",44587,KM,https://www.landroverbrampton.com/used/2024-Land_Rover-Defender-id14440996.html,2024 Land Rover Defender 110 P300 S SIDE STEPS BLACK EXTERIOR PACK LOW KMS at Land Rover Brampton,64998 CAD,Used,Black,Black,3040,Land Rover Brampton,+1-905-500-2005,"{addr1: '50 Coachworks Cres', city: 'Brampton', region: 'Ontario', postal_code: 'L6R 3Y2', country: 'CA'}",43.7552740000,-79.7533260000,,,,,https://www.landroverbrampton.com/privacy-policy.html,Used,3040,In stock,,64998 CAD,Free,
SALEJ7EX1R2306720,SALEJ7EX1R2306720,P-696,Land Rover,Defender,110 P300 S LOW KILOMETERS NICE SPEC CPO AVAILABLE.,2024,AUTOMATIC,SUV,GASOLINE,,"2024 Land Rover Defender 110 P300 S LOW KILOMETERS NICE SPEC CPO AVAILABLE., White exterior","[{url:'https://imagescdn.d2cmedia.ca/cb6aca0d799118e/3040/14107393/1/Land Rover-Defender-2024.jpg'},{url:'https://imagescdn.d2cmedia.ca/s86aca0d799118e/3040/14107393/1/Land Rover-Defender-2024.jpg'},{url:'https://imagescdn.d2cmedia.ca/cb6aca0d799118e/3040/14107393/2/Land Rover-Defender-2024.jpg'},{url:'https://imagescdn.d2cmedia.ca/cb6aca0d799118e/3040/14107393/3/Land Rover-Defender-2024.jpg'},{url:'https://imagescdn.d2cmedia.ca/cb6aca0d799118e/3040/14107393/4/Land Rover-Defender-2024.jpg'},{url:'https://imagescdn.d2cmedia.ca/cb6aca0d799118e/3040/14107393/5/Land Rover-Defender-2024.jpg'},{url:'https://imagescdn.d2cmedia.ca/cb6aca0d799118e/3040/14107393/6/Land Rover-Defender-2024.jpg'},{url:'https://imagescdn.d2cmedia.ca/cb6aca0d799118e/3040/14107393/7/Land Rover-Defender-2024.jpg'},{url:'https://imagescdn.d2cmedia.ca/cb6aca0d799118e/3040/14107393/8/Land Rover-Defender-2024.jpg'},{url:'https://imagescdn.d2cmedia.ca/cb6aca0d799118e/3040/14107393/9/Land Rover-Defender-2024.jpg'}]",27677,KM,https://www.landroverbrampton.com/used/2024-Land_Rover-Defender-id14107393.html,2024 Land Rover Defender 110 P300 S LOW KILOMETERS NICE SPEC CPO AVAILABLE. at Land Rover Brampton,68388 CAD,Used,White,Black,3040,Land Rover Brampton,+1-905-500-2005,"{addr1: '50 Coachworks Cres', city: 'Brampton', region: 'Ontario', postal_code: 'L6R 3Y2', country: 'CA'}",43.7552740000,-79.7533260000,,,,,https://www.landroverbrampton.com/privacy-policy.html,Used,3040,In stock,,68388 CAD,Free,
SAL1L9FU5PA139211,SAL1L9FU5PA139211,P-673,Land Rover,Range Rover Sport,Dynamic SE 3.0L I6T MHEV (P400) BEAUTIFUL COLOUR COMBO!! LIGHT CLOUD 23 INCH WHEELS CLEAN CARFAX IMMACULITE.,2023,AUTOMATIC,SUV,GASOLINE,,"2023 Land Rover Range Rover Sport Dynamic SE 3.0L I6T MHEV (P400) BEAUTIFUL COLOUR COMBO!! LIGHT CLOUD 23 INCH WHEELS CLEAN CARFAX IMMACULITE., Grey exterior","[{url:'https://imagescdn.d2cmedia.ca/cb6aca0d799118e/3040/14440997/1/Land Rover-Range Rover Sport-2023.jpg'},{url:'https://imagescdn.d2cmedia.ca/s86aca0d799118e/3040/14440997/1/Land Rover-Range_Rover_Sport-2023.jpg'},{url:'https://imagescdn.d2cmedia.ca/cb6aca0d799118e/3040/14440997/1/Land Rover-Range_Rover_Sport-2023.jpg'},{url:'https://imagescdn.d2cmedia.ca/cb6aca0d799118e/3040/14440997/2/Land Rover-Range_Rover_Sport-2023.jpg'},{url:'https://imagescdn.d2cmedia.ca/cb6aca0d799118e/3040/14440997/3/Land Rover-Range_Rover_Sport-2023.jpg'},{url:'https://imagescdn.d2cmedia.ca/cb6aca0d799118e/3040/14440997/4/Land Rover-Range_Rover_Sport-2023.jpg'},{url:'https://imagescdn.d2cmedia.ca/cb6aca0d799118e/3040/14440997/5/Land Rover-Range_Rover_Sport-2023.jpg'},{url:'https://imagescdn.d2cmedia.ca/cb6aca0d799118e/3040/14440997/6/Land Rover-Range_Rover_Sport-2023.jpg'},{url:'https://imagescdn.d2cmedia.ca/cb6aca0d799118e/3040/14440997/7/Land Rover-Range_Rover_Sport-2023.jpg'},{url:'https://imagescdn.d2cmedia.ca/cb6aca0d799118e/3040/14440997/8/Land Rover-Range_Rover_Sport-2023.jpg'}]",59547,KM,https://www.landroverbrampton.com/used/2023-Land_Rover-Range_Rover_Sport-id14440997.html,2023 Land Rover Range Rover Sport Dynamic SE 3.0L I6T MHEV (P400) BEAUTIFUL COLOUR COMBO!! LIGHT CLOUD 23 INCH WHEELS CLEAN CARFAX IMMACULITE. at Land Rover Brampton,84998 CAD,Used,Grey,Black,3040,Land Rover Brampton,+1-905-500-2005,"{addr1: '50 Coachworks Cres', city: 'Brampton', region: 'Ontario', postal_code: 'L6R 3Y2', country: 'CA'}",43.7552740000,-79.7533260000,,,,,https://www.landroverbrampton.com/privacy-policy.html,Used,3040,In stock,,84998 CAD,Free,
SALE27EU5S2417716,SALE27EU5S2417716,L26-343A,Land Rover,Defender,"110 P400 X-Dynamic SE AIR SUSPENSION/CLEARSIGHT/22"" WHEELS",2025,AUTOMATIC,SUV,GASOLINE,,"2025 Land Rover Defender 110 P400 X-Dynamic SE AIR SUSPENSION/CLEARSIGHT/22"" WHEELS, Silver exterior","[{url:'https://imagescdn.d2cmedia.ca/cb6aca0d799118e/3040/13908690/1/Land Rover-Defender-2025.jpg'},{url:'https://imagescdn.d2cmedia.ca/s86aca0d799118e/3040/13908690/1/Land Rover-Defender-2025.jpg'},{url:'https://imagescdn.d2cmedia.ca/cb6aca0d799118e/3040/13908690/2/Land Rover-Defender-2025.jpg'},{url:'https://imagescdn.d2cmedia.ca/cb6aca0d799118e/3040/13908690/3/Land Rover-Defender-2025.jpg'},{url:'https://imagescdn.d2cmedia.ca/cb6aca0d799118e/3040/13908690/4/Land Rover-Defender-2025.jpg'},{url:'https://imagescdn.d2cmedia.ca/cb6aca0d799118e/3040/13908690/5/Land Rover-Defender-2025.jpg'},{url:'https://imagescdn.d2cmedia.ca/cb6aca0d799118e/3040/13908690/6/Land Rover-Defender-2025.jpg'},{url:'https://imagescdn.d2cmedia.ca/cb6aca0d799118e/3040/13908690/7/Land Rover-Defender-2025.jpg'},{url:'https://imagescdn.d2cmedia.ca/cb6aca0d799118e/3040/13908690/8/Land Rover-Defender-2025.jpg'},{url:'https://imagescdn.d2cmedia.ca/cb6aca0d799118e/3040/13908690/9/Land Rover-Defender-2025.jpg'}]",32987,KM,https://www.landroverbrampton.com/used/2025-Land_Rover-Defender-id13908690.html,"2025 Land Rover Defender 110 P400 X-Dynamic SE AIR SUSPENSION/CLEARSIGHT/22"" WHEELS at Land Rover Brampton",87998 CAD,Used,Silver,Brown,3040,Land Rover Brampton,+1-905-500-2005,"{addr1: '50 Coachworks Cres', city: 'Brampton', region: 'Ontario', postal_code: 'L6R 3Y2', country: 'CA'}",43.7552740000,-79.7533260000,,,,,https://www.landroverbrampton.com/privacy-policy.html,Used,3040,In stock,,87998 CAD,Free,
SAL1M9FU6SA431259,SAL1M9FU6SA431259,L26-692A,Land Rover,Range Rover Sport,P400 Dynamic HSE HSE MASSAGE SEATS SUEDE HEADLINING 23 INCH WHEES CPO IS AVAILABLE,2025,AUTOMATIC,SUV,GASOLINE,,"2025 Land Rover Range Rover Sport P400 Dynamic HSE HSE MASSAGE SEATS SUEDE HEADLINING 23 INCH WHEES CPO IS AVAILABLE, Black exterior","[{url:'https://imagescdn.d2cmedia.ca/cb6aca0d799118e/3040/14458557/1/Land Rover-Range Rover Sport-2025.jpg'},{url:'https://imagescdn.d2cmedia.ca/s86aca0d799118e/3040/14458557/1/Land Rover-Range_Rover_Sport-2025.jpg'},{url:'https://imagescdn.d2cmedia.ca/cb6aca0d799118e/3040/14458557/1/Land Rover-Range_Rover_Sport-2025.jpg'},{url:'https://imagescdn.d2cmedia.ca/cb6aca0d799118e/3040/14458557/2/Land Rover-Range_Rover_Sport-2025.jpg'},{url:'https://imagescdn.d2cmedia.ca/cb6aca0d799118e/3040/14458557/3/Land Rover-Range_Rover_Sport-2025.jpg'},{url:'https://imagescdn.d2cmedia.ca/cb6aca0d799118e/3040/14458557/4/Land Rover-Range_Rover_Sport-2025.jpg'},{url:'https://imagescdn.d2cmedia.ca/cb6aca0d799118e/3040/14458557/5/Land Rover-Range_Rover_Sport-2025.jpg'},{url:'https://imagescdn.d2cmedia.ca/cb6aca0d799118e/3040/14458557/6/Land Rover-Range_Rover_Sport-2025.jpg'},{url:'https://imagescdn.d2cmedia.ca/cb6aca0d799118e/3040/14458557/7/Land Rover-Range_Rover_Sport-2025.jpg'},{url:'https://imagescdn.d2cmedia.ca/cb6aca0d799118e/3040/14458557/8/Land Rover-Range_Rover_Sport-2025.jpg'}]",50787,KM,https://www.landroverbrampton.com/used/2025-Land_Rover-Range_Rover_Sport-id14458557.html,2025 Land Rover Range Rover Sport P400 Dynamic HSE HSE MASSAGE SEATS SUEDE HEADLINING 23 INCH WHEES CPO IS AVAILABLE at Land Rover Brampton,104888 CAD,Used,Black,Black,3040,Land Rover Brampton,+1-905-500-2005,"{addr1: '50 Coachworks Cres', city: 'Brampton', region: 'Ontario', postal_code: 'L6R 3Y2', country: 'CA'}",43.7552740000,-79.7533260000,,,,,https://www.landroverbrampton.com/privacy-policy.html,Used,3040,In stock,,104888 CAD,Free,
SADCK2FN1KA397872,SADCK2FN1KA397872,L26-478A,Jaguar,F-PACE,20d AWD Prestige SOLD AS IS YOU SAFETY YOU SAVE.,2019,AUTOMATIC,SUV,GASOLINE,AWD,"2019 Jaguar F-PACE 20d AWD Prestige SOLD AS IS YOU SAFETY YOU SAVE., White exterior, All-wheel drive","[{url:'https://imagescdn.d2cmedia.ca/cb6aca0d799118e/3040/14451407/1/Jaguar-F_PACE-2019.jpg'},{url:'https://imagescdn.d2cmedia.ca/s86aca0d799118e/3040/14451407/1/Jaguar-F_PACE-2019.jpg'},{url:'https://imagescdn.d2cmedia.ca/cb6aca0d799118e/3040/14451407/2/Jaguar-F_PACE-2019.jpg'},{url:'https://imagescdn.d2cmedia.ca/cb6aca0d799118e/3040/14451407/3/Jaguar-F_PACE-2019.jpg'},{url:'https://imagescdn.d2cmedia.ca/cb6aca0d799118e/3040/14451407/4/Jaguar-F_PACE-2019.jpg'},{url:'https://imagescdn.d2cmedia.ca/cb6aca0d799118e/3040/14451407/5/Jaguar-F_PACE-2019.jpg'},{url:'https://imagescdn.d2cmedia.ca/cb6aca0d799118e/3040/14451407/6/Jaguar-F_PACE-2019.jpg'},{url:'https://imagescdn.d2cmedia.ca/cb6aca0d799118e/3040/14451407/7/Jaguar-F_PACE-2019.jpg'},{url:'https://imagescdn.d2cmedia.ca/cb6aca0d799118e/3040/14451407/8/Jaguar-F_PACE-2019.jpg'},{url:'https://imagescdn.d2cmedia.ca/cb6aca0d799118e/3040/14451407/9/Jaguar-F_PACE-2019.jpg'}]",145787,KM,https://www.landroverbrampton.com/used/2019-Jaguar-F_PACE-id14451407.html,2019 Jaguar F-PACE 20d AWD Prestige SOLD AS IS YOU SAFETY YOU SAVE. at Land Rover Brampton,13998 CAD,Used,White,Black,3040,Land Rover Brampton,+1-905-500-2005,"{addr1: '50 Coachworks Cres', city: 'Brampton', region: 'Ontario', postal_code: 'L6R 3Y2', country: 'CA'}",43.7552740000,-79.7533260000,,,,,https://www.landroverbrampton.com/privacy-policy.html,Used,3040,In stock,,13998 CAD,Free,
KNAFK4A65G5578359,KNAFK4A65G5578359,P-651,Kia,Forte,(4) LX - at,2016,AUTOMATIC,SEDAN,GASOLINE,FWD,"2016 Kia Forte (4) LX - at, Black exterior, Front-wheel drive","[{url:'https://imagescdn.d2cmedia.ca/cb6aca0d799118e/3040/13702506/1/Kia-Forte-2016.jpg'},{url:'https://imagescdn.d2cmedia.ca/s86aca0d799118e/3040/13702506/1/Kia-Forte-2016.jpg'},{url:'https://imagescdn.d2cmedia.ca/cb6aca0d799118e/3040/13702506/2/Kia-Forte-2016.jpg'},{url:'https://imagescdn.d2cmedia.ca/cb6aca0d799118e/3040/13702506/3/Kia-Forte-2016.jpg'},{url:'https://imagescdn.d2cmedia.ca/cb6aca0d799118e/3040/13702506/4/Kia-Forte-2016.jpg'},{url:'https://imagescdn.d2cmedia.ca/cb6aca0d799118e/3040/13702506/5/Kia-Forte-2016.jpg'},{url:'https://imagescdn.d2cmedia.ca/cb6aca0d799118e/3040/13702506/6/Kia-Forte-2016.jpg'},{url:'https://imagescdn.d2cmedia.ca/cb6aca0d799118e/3040/13702506/7/Kia-Forte-2016.jpg'},{url:'https://imagescdn.d2cmedia.ca/cb6aca0d799118e/3040/13702506/8/Kia-Forte-2016.jpg'},{url:'https://imagescdn.d2cmedia.ca/cb6aca0d799118e/3040/13702506/9/Kia-Forte-2016.jpg'}]",226510,KM,https://www.landroverbrampton.com/used/2016-Kia-Forte-id13702506.html,2016 Kia Forte (4) LX - at at Land Rover Brampton,4999 CAD,Used,Black,Black,3040,Land Rover Brampton,+1-905-500-2005,"{addr1: '50 Coachworks Cres', city: 'Brampton', region: 'Ontario', postal_code: 'L6R 3Y2', country: 'CA'}",43.7552740000,-79.7533260000,,,,,https://www.landroverbrampton.com/privacy-policy.html,Used,3040,In stock,,4999 CAD,Free,
5NMZT3LBXJH091518,5NMZT3LBXJH091518,L26-618AA,Hyundai,Santa Fe Sport,FWD 2.4L BACK UP CAM LOW LOW KMS SOLD WITH SAFETY,2018,AUTOMATIC,SUV,GASOLINE,FWD,"2018 Hyundai Santa Fe Sport FWD 2.4L BACK UP CAM LOW LOW KMS SOLD WITH SAFETY, White exterior, Front-wheel drive","[{url:'https://imagescdn.d2cmedia.ca/cb6aca0d799118e/3040/14477004/1/Hyundai-Santa Fe Sport-2018.jpg'},{url:'https://imagescdn.d2cmedia.ca/s86aca0d799118e/3040/14477004/1/Hyundai-Santa_Fe_Sport-2018.jpg'},{url:'https://imagescdn.d2cmedia.ca/cb6aca0d799118e/3040/14477004/1/Hyundai-Santa_Fe_Sport-2018.jpg'},{url:'https://imagescdn.d2cmedia.ca/cb6aca0d799118e/3040/14477004/2/Hyundai-Santa_Fe_Sport-2018.jpg'},{url:'https://imagescdn.d2cmedia.ca/cb6aca0d799118e/3040/14477004/3/Hyundai-Santa_Fe_Sport-2018.jpg'},{url:'https://imagescdn.d2cmedia.ca/cb6aca0d799118e/3040/14477004/4/Hyundai-Santa_Fe_Sport-2018.jpg'},{url:'https://imagescdn.d2cmedia.ca/cb6aca0d799118e/3040/14477004/5/Hyundai-Santa_Fe_Sport-2018.jpg'},{url:'https://imagescdn.d2cmedia.ca/cb6aca0d799118e/3040/14477004/6/Hyundai-Santa_Fe_Sport-2018.jpg'},{url:'https://imagescdn.d2cmedia.ca/cb6aca0d799118e/3040/14477004/7/Hyundai-Santa_Fe_Sport-2018.jpg'},{url:'https://imagescdn.d2cmedia.ca/cb6aca0d799118e/3040/14477004/8/Hyundai-Santa_Fe_Sport-2018.jpg'}]",75231,KM,https://www.landroverbrampton.com/used/2018-Hyundai-Santa_Fe_Sport-id14477004.html,2018 Hyundai Santa Fe Sport FWD 2.4L BACK UP CAM LOW LOW KMS SOLD WITH SAFETY at Land Rover Brampton,13998 CAD,Used,White,Gray,3040,Land Rover Brampton,+1-905-500-2005,"{addr1: '50 Coachworks Cres', city: 'Brampton', region: 'Ontario', postal_code: 'L6R 3Y2', country: 'CA'}",43.7552740000,-79.7533260000,,,,,https://www.landroverbrampton.com/privacy-policy.html,Used,3040,In stock,,13998 CAD,Free,
5FRYD4H89GB505120,5FRYD4H89GB505120,P-706A,Acura,MDX,Elite,2016,AUTOMATIC,SUV,GASOLINE,,"2016 Acura MDX Elite, White exterior","[{url:'https://imagescdn.d2cmedia.ca/cb6aca0d799118e/3040/14337974/1/Acura-MDX-2016.jpg'},{url:'https://imagescdn.d2cmedia.ca/s86aca0d799118e/3040/14337974/1/Acura-MDX-2016.jpg'},{url:'https://imagescdn.d2cmedia.ca/cb6aca0d799118e/3040/14337974/2/Acura-MDX-2016.jpg'},{url:'https://imagescdn.d2cmedia.ca/cb6aca0d799118e/3040/14337974/3/Acura-MDX-2016.jpg'},{url:'https://imagescdn.d2cmedia.ca/cb6aca0d799118e/3040/14337974/4/Acura-MDX-2016.jpg'},{url:'https://imagescdn.d2cmedia.ca/cb6aca0d799118e/3040/14337974/5/Acura-MDX-2016.jpg'},{url:'https://imagescdn.d2cmedia.ca/cb6aca0d799118e/3040/14337974/6/Acura-MDX-2016.jpg'},{url:'https://imagescdn.d2cmedia.ca/cb6aca0d799118e/3040/14337974/7/Acura-MDX-2016.jpg'},{url:'https://imagescdn.d2cmedia.ca/cb6aca0d799118e/3040/14337974/8/Acura-MDX-2016.jpg'},{url:'https://imagescdn.d2cmedia.ca/cb6aca0d799118e/3040/14337974/9/Acura-MDX-2016.jpg'}]",171587,KM,https://www.landroverbrampton.com/used/2016-Acura-MDX-id14337974.html,2016 Acura MDX Elite at Land Rover Brampton,16888 CAD,Used,White,,3040,Land Rover Brampton,+1-905-500-2005,"{addr1: '50 Coachworks Cres', city: 'Brampton', region: 'Ontario', postal_code: 'L6R 3Y2', country: 'CA'}",43.7552740000,-79.7533260000,,,,,https://www.landroverbrampton.com/privacy-policy.html,Used,3040,In stock,,16888 CAD,Free,
2C4RC1BG4KR698345,2C4RC1BG4KR698345,L26-724A,Chrysler,Pacifica,Touring L ELECTRIC DOORS ADAPTIVE CRUISE CONTROL COMES WITH SAFETY,2019,AUTOMATIC,SUV,GASOLINE,,"2019 Chrysler Pacifica Touring L ELECTRIC DOORS ADAPTIVE CRUISE CONTROL COMES WITH SAFETY, White exterior","[{url:'https://imagescdn.d2cmedia.ca/cb6aca0d799118e/3040/14410613/1/Chrysler-Pacifica-2019.jpg'},{url:'https://imagescdn.d2cmedia.ca/s86aca0d799118e/3040/14410613/1/Chrysler-Pacifica-2019.jpg'},{url:'https://imagescdn.d2cmedia.ca/cb6aca0d799118e/3040/14410613/2/Chrysler-Pacifica-2019.jpg'},{url:'https://imagescdn.d2cmedia.ca/cb6aca0d799118e/3040/14410613/3/Chrysler-Pacifica-2019.jpg'},{url:'https://imagescdn.d2cmedia.ca/cb6aca0d799118e/3040/14410613/4/Chrysler-Pacifica-2019.jpg'},{url:'https://imagescdn.d2cmedia.ca/cb6aca0d799118e/3040/14410613/5/Chrysler-Pacifica-2019.jpg'},{url:'https://imagescdn.d2cmedia.ca/cb6aca0d799118e/3040/14410613/6/Chrysler-Pacifica-2019.jpg'},{url:'https://imagescdn.d2cmedia.ca/cb6aca0d799118e/3040/14410613/7/Chrysler-Pacifica-2019.jpg'},{url:'https://imagescdn.d2cmedia.ca/cb6aca0d799118e/3040/14410613/8/Chrysler-Pacifica-2019.jpg'},{url:'https://imagescdn.d2cmedia.ca/cb6aca0d799118e/3040/14410613/9/Chrysler-Pacifica-2019.jpg'}]",164432,KM,https://www.landroverbrampton.com/used/2019-Chrysler-Pacifica-id14410613.html,2019 Chrysler Pacifica Touring L ELECTRIC DOORS ADAPTIVE CRUISE CONTROL COMES WITH SAFETY at Land Rover Brampton,18888 CAD,Used,White,Black,3040,Land Rover Brampton,+1-905-500-2005,"{addr1: '50 Coachworks Cres', city: 'Brampton', region: 'Ontario', postal_code: 'L6R 3Y2', country: 'CA'}",43.7552740000,-79.7533260000,,,,,https://www.landroverbrampton.com/privacy-policy.html,Used,3040,In stock,,18888 CAD,Free,
JN8BT3BB4PW193247,JN8BT3BB4PW193247,L26-810A,Nissan,Rogue,SV Midnight Edition AWD CVT SV AWD MIDNIGHT EDITION/CLEAN CARFAX,2023,AUTOMATIC,SUV,GASOLINE,AWD,"2023 Nissan Rogue SV Midnight Edition AWD CVT SV AWD MIDNIGHT EDITION/CLEAN CARFAX, White exterior, All-wheel drive","[{url:'https://imagescdn.d2cmedia.ca/cb6aca0d799118e/3040/14487694/1/Nissan-Rogue-2023.jpg'},{url:'https://imagescdn.d2cmedia.ca/s86aca0d799118e/3040/14487694/1/Nissan-Rogue-2023.jpg'},{url:'https://imagescdn.d2cmedia.ca/cb6aca0d799118e/3040/14487694/2/Nissan-Rogue-2023.jpg'},{url:'https://imagescdn.d2cmedia.ca/cb6aca0d799118e/3040/14487694/3/Nissan-Rogue-2023.jpg'},{url:'https://imagescdn.d2cmedia.ca/cb6aca0d799118e/3040/14487694/4/Nissan-Rogue-2023.jpg'},{url:'https://imagescdn.d2cmedia.ca/cb6aca0d799118e/3040/14487694/5/Nissan-Rogue-2023.jpg'},{url:'https://imagescdn.d2cmedia.ca/cb6aca0d799118e/3040/14487694/6/Nissan-Rogue-2023.jpg'},{url:'https://imagescdn.d2cmedia.ca/cb6aca0d799118e/3040/14487694/7/Nissan-Rogue-2023.jpg'},{url:'https://imagescdn.d2cmedia.ca/cb6aca0d799118e/3040/14487694/8/Nissan-Rogue-2023.jpg'},{url:'https://imagescdn.d2cmedia.ca/cb6aca0d799118e/3040/14487694/9/Nissan-Rogue-2023.jpg'}]",56842,KM,https://www.landroverbrampton.com/used/2023-Nissan-Rogue-id14487694.html,2023 Nissan Rogue SV Midnight Edition AWD CVT SV AWD MIDNIGHT EDITION/CLEAN CARFAX at Land Rover Brampton,26399 CAD,Used,White,Dark grey,3040,Land Rover Brampton,+1-905-500-2005,"{addr1: '50 Coachworks Cres', city: 'Brampton', region: 'Ontario', postal_code: 'L6R 3Y2', country: 'CA'}",43.7552740000,-79.7533260000,,,,,https://www.landroverbrampton.com/privacy-policy.html,Used,3040,In stock,,26399 CAD,Free,
WA1EAAFYXN2075039,WA1EAAFYXN2075039,L26-562A,Audi,Q5,45 2.0T Progressiv quattro 7sp S Tronic,2022,AUTOMATIC,SUV,GASOLINE,,"2022 Audi Q5 45 2.0T Progressiv quattro 7sp S Tronic, Black exterior","[{url:'https://imagescdn.d2cmedia.ca/s86aca0d799118e/3040/14499287/1/Audi-Q5-2022.jpg'},{url:'https://imagescdn.d2cmedia.ca/cb6aca0d799118e/3040/14499287/1/Audi-Q5-2022.jpg'}]",62566,KM,https://www.landroverbrampton.com/used/2022-Audi-Q5-id14499287.html,2022 Audi Q5 45 2.0T Progressiv quattro 7sp S Tronic at Land Rover Brampton,31998 CAD,Used,Black,Black,3040,Land Rover Brampton,+1-905-500-2005,"{addr1: '50 Coachworks Cres', city: 'Brampton', region: 'Ontario', postal_code: 'L6R 3Y2', country: 'CA'}",43.7552740000,-79.7533260000,,,,,https://www.landroverbrampton.com/privacy-policy.html,Used,3040,In stock,,31998 CAD,Free,
WA1BXAF70MD020224,WA1BXAF70MD020224,P-715,Audi,Q7,45 2.0T Komfort quattro 8sp Tiptronic,2021,AUTOMATIC,SUV,GASOLINE,,"2021 Audi Q7 45 2.0T Komfort quattro 8sp Tiptronic, Black exterior","[{url:'https://imagescdn.d2cmedia.ca/cb6aca0d799118e/3040/14357020/1/Audi-Q7-2021.jpg'},{url:'https://imagescdn.d2cmedia.ca/s86aca0d799118e/3040/14357020/1/Audi-Q7-2021.jpg'},{url:'https://imagescdn.d2cmedia.ca/cb6aca0d799118e/3040/14357020/2/Audi-Q7-2021.jpg'},{url:'https://imagescdn.d2cmedia.ca/cb6aca0d799118e/3040/14357020/3/Audi-Q7-2021.jpg'},{url:'https://imagescdn.d2cmedia.ca/cb6aca0d799118e/3040/14357020/4/Audi-Q7-2021.jpg'},{url:'https://imagescdn.d2cmedia.ca/cb6aca0d799118e/3040/14357020/5/Audi-Q7-2021.jpg'},{url:'https://imagescdn.d2cmedia.ca/cb6aca0d799118e/3040/14357020/6/Audi-Q7-2021.jpg'},{url:'https://imagescdn.d2cmedia.ca/cb6aca0d799118e/3040/14357020/7/Audi-Q7-2021.jpg'},{url:'https://imagescdn.d2cmedia.ca/cb6aca0d799118e/3040/14357020/8/Audi-Q7-2021.jpg'},{url:'https://imagescdn.d2cmedia.ca/cb6aca0d799118e/3040/14357020/9/Audi-Q7-2021.jpg'}]",72329,KM,https://www.landroverbrampton.com/used/2021-Audi-Q7-id14357020.html,2021 Audi Q7 45 2.0T Komfort quattro 8sp Tiptronic at Land Rover Brampton,32999 CAD,Used,Black,Black,3040,Land Rover Brampton,+1-905-500-2005,"{addr1: '50 Coachworks Cres', city: 'Brampton', region: 'Ontario', postal_code: 'L6R 3Y2', country: 'CA'}",43.7552740000,-79.7533260000,,,,,https://www.landroverbrampton.com/privacy-policy.html,Used,3040,In stock,,32999 CAD,Free,
5FNYF6H71MB504439,5FNYF6H71MB504439,P-714A,Honda,Pilot,,2021,AUTOMATIC,SUV,GASOLINE,,"2021 Honda Pilot, Grey exterior","[{url:'https://imagescdn.d2cmedia.ca/cb6aca0d799118e/3040/14368405/1/Honda-Pilot-2021.jpg'},{url:'https://imagescdn.d2cmedia.ca/s86aca0d799118e/3040/14368405/1/Honda-Pilot-2021.jpg'},{url:'https://imagescdn.d2cmedia.ca/cb6aca0d799118e/3040/14368405/2/Honda-Pilot-2021.jpg'},{url:'https://imagescdn.d2cmedia.ca/cb6aca0d799118e/3040/14368405/3/Honda-Pilot-2021.jpg'},{url:'https://imagescdn.d2cmedia.ca/cb6aca0d799118e/3040/14368405/4/Honda-Pilot-2021.jpg'},{url:'https://imagescdn.d2cmedia.ca/cb6aca0d799118e/3040/14368405/5/Honda-Pilot-2021.jpg'},{url:'https://imagescdn.d2cmedia.ca/cb6aca0d799118e/3040/14368405/6/Honda-Pilot-2021.jpg'},{url:'https://imagescdn.d2cmedia.ca/cb6aca0d799118e/3040/14368405/7/Honda-Pilot-2021.jpg'},{url:'https://imagescdn.d2cmedia.ca/cb6aca0d799118e/3040/14368405/8/Honda-Pilot-2021.jpg'},{url:'https://imagescdn.d2cmedia.ca/cb6aca0d799118e/3040/14368405/9/Honda-Pilot-2021.jpg'}]",75445,KM,https://www.landroverbrampton.com/used/2021-Honda-Pilot-id14368405.html,2021 Honda Pilot at Land Rover Brampton,34998 CAD,Used,Grey,,3040,Land Rover Brampton,+1-905-500-2005,"{addr1: '50 Coachworks Cres', city: 'Brampton', region: 'Ontario', postal_code: 'L6R 3Y2', country: 'CA'}",43.7552740000,-79.7533260000,,,,,https://www.landroverbrampton.com/privacy-policy.html,Used,3040,In stock,,34998 CAD,Free,
1V2FR2CA2RC536118,1V2FR2CA2RC536118,L26-635A,Volkswagen,Atlas,Execline 2.0 TSI 4MOTION,2024,AUTOMATIC,SUV,GASOLINE,,"2024 Volkswagen Atlas Execline 2.0 TSI 4MOTION, Grey exterior","[{url:'https://imagescdn.d2cmedia.ca/cb6aca0d799118e/3040/14445631/1/Volkswagen-Atlas-2024.jpg'},{url:'https://imagescdn.d2cmedia.ca/s86aca0d799118e/3040/14445631/1/Volkswagen-Atlas-2024.jpg'},{url:'https://imagescdn.d2cmedia.ca/cb6aca0d799118e/3040/14445631/2/Volkswagen-Atlas-2024.jpg'},{url:'https://imagescdn.d2cmedia.ca/cb6aca0d799118e/3040/14445631/3/Volkswagen-Atlas-2024.jpg'},{url:'https://imagescdn.d2cmedia.ca/cb6aca0d799118e/3040/14445631/4/Volkswagen-Atlas-2024.jpg'},{url:'https://imagescdn.d2cmedia.ca/cb6aca0d799118e/3040/14445631/5/Volkswagen-Atlas-2024.jpg'},{url:'https://imagescdn.d2cmedia.ca/cb6aca0d799118e/3040/14445631/6/Volkswagen-Atlas-2024.jpg'},{url:'https://imagescdn.d2cmedia.ca/cb6aca0d799118e/3040/14445631/7/Volkswagen-Atlas-2024.jpg'},{url:'https://imagescdn.d2cmedia.ca/cb6aca0d799118e/3040/14445631/8/Volkswagen-Atlas-2024.jpg'},{url:'https://imagescdn.d2cmedia.ca/cb6aca0d799118e/3040/14445631/9/Volkswagen-Atlas-2024.jpg'}]",58879,KM,https://www.landroverbrampton.com/used/2024-Volkswagen-Atlas-id14445631.html,2024 Volkswagen Atlas Execline 2.0 TSI 4MOTION at Land Rover Brampton,42998 CAD,Used,Grey,Beige,3040,Land Rover Brampton,+1-905-500-2005,"{addr1: '50 Coachworks Cres', city: 'Brampton', region: 'Ontario', postal_code: 'L6R 3Y2', country: 'CA'}",43.7552740000,-79.7533260000,,,,,https://www.landroverbrampton.com/privacy-policy.html,Used,3040,In stock,,42998 CAD,Free,
1FTFW1ED0MFC97073,1FTFW1ED0MFC97073,L27-122A,Ford,F-150,"4x4 - Supercrew Limited - 145"" WB LIMITED MASSAGE SEATS COOLED SEATS PAN ROOF ADAPTIVE CRUISE DEPLOYABLE SIDESTEPS",2021,AUTOMATIC,TRUCK,GASOLINE,,"2021 Ford F-150 4x4 - Supercrew Limited - 145"" WB LIMITED MASSAGE SEATS COOLED SEATS PAN ROOF ADAPTIVE CRUISE DEPLOYABLE SIDESTEPS, Blue exterior","[{url:'https://imagescdn.d2cmedia.ca/s86aca0d799118e/3040/14493440/1/Ford-F_150-2021.jpg'},{url:'https://imagescdn.d2cmedia.ca/cb6aca0d799118e/3040/14493440/1/Ford-F_150-2021.jpg'}]",184757,KM,https://www.landroverbrampton.com/used/2021-Ford-F_150-id14493440.html,"2021 Ford F-150 4x4 - Supercrew Limited - 145"" WB LIMITED MASSAGE SEATS COOLED SEATS PAN ROOF ADAPTIVE CRUISE DEPLOYABLE SIDESTEPS at Land Rover Brampton",43998 CAD,Used,Blue,Blue,3040,Land Rover Brampton,+1-905-500-2005,"{addr1: '50 Coachworks Cres', city: 'Brampton', region: 'Ontario', postal_code: 'L6R 3Y2', country: 'CA'}",43.7552740000,-79.7533260000,,,,,https://www.landroverbrampton.com/privacy-policy.html,Used,3040,In stock,,43998 CAD,Free,
WA1WXBF7XPD025216,WA1WXBF7XPD025216,L26-654A,Audi,Q7,55 3.0T Technik quattro 8sp Tiptronic,2023,AUTOMATIC,SUV,GASOLINE,,"2023 Audi Q7 55 3.0T Technik quattro 8sp Tiptronic, Black exterior","[{url:'https://imagescdn.d2cmedia.ca/cb6aca0d799118e/3040/14223557/1/Audi-Q7-2023.jpg'},{url:'https://imagescdn.d2cmedia.ca/s86aca0d799118e/3040/14223557/1/Audi-Q7-2023.jpg'},{url:'https://imagescdn.d2cmedia.ca/cb6aca0d799118e/3040/14223557/2/Audi-Q7-2023.jpg'},{url:'https://imagescdn.d2cmedia.ca/cb6aca0d799118e/3040/14223557/3/Audi-Q7-2023.jpg'},{url:'https://imagescdn.d2cmedia.ca/cb6aca0d799118e/3040/14223557/4/Audi-Q7-2023.jpg'},{url:'https://imagescdn.d2cmedia.ca/cb6aca0d799118e/3040/14223557/5/Audi-Q7-2023.jpg'},{url:'https://imagescdn.d2cmedia.ca/cb6aca0d799118e/3040/14223557/6/Audi-Q7-2023.jpg'},{url:'https://imagescdn.d2cmedia.ca/cb6aca0d799118e/3040/14223557/7/Audi-Q7-2023.jpg'},{url:'https://imagescdn.d2cmedia.ca/cb6aca0d799118e/3040/14223557/8/Audi-Q7-2023.jpg'},{url:'https://imagescdn.d2cmedia.ca/cb6aca0d799118e/3040/14223557/9/Audi-Q7-2023.jpg'}]",64587,KM,https://www.landroverbrampton.com/used/2023-Audi-Q7-id14223557.html,2023 Audi Q7 55 3.0T Technik quattro 8sp Tiptronic at Land Rover Brampton,49998 CAD,Used,Black,Black,3040,Land Rover Brampton,+1-905-500-2005,"{addr1: '50 Coachworks Cres', city: 'Brampton', region: 'Ontario', postal_code: 'L6R 3Y2', country: 'CA'}",43.7552740000,-79.7533260000,,,,,https://www.landroverbrampton.com/privacy-policy.html,Used,3040,In stock,,49998 CAD,Free,
4JGFB8KBXMA229492,4JGFB8KBXMA229492,L26-504A,Mercedes Benz,GLE 63 S,4MATIC+ SUV,2021,AUTOMATIC,SUV,GASOLINE,,"2021 Mercedes Benz GLE 63 S 4MATIC+ SUV, White exterior","[{url:'https://imagescdn.d2cmedia.ca/cb6aca0d799118e/3040/14228722/1/Mercedes_Benz-GLE-2021.jpg'},{url:'https://imagescdn.d2cmedia.ca/s86aca0d799118e/3040/14228722/1/Mercedes_Benz-GLE_63_S-2021.jpg'},{url:'https://imagescdn.d2cmedia.ca/cb6aca0d799118e/3040/14228722/1/Mercedes_Benz-GLE_63_S-2021.jpg'},{url:'https://imagescdn.d2cmedia.ca/cb6aca0d799118e/3040/14228722/2/Mercedes_Benz-GLE_63_S-2021.jpg'},{url:'https://imagescdn.d2cmedia.ca/cb6aca0d799118e/3040/14228722/3/Mercedes_Benz-GLE_63_S-2021.jpg'},{url:'https://imagescdn.d2cmedia.ca/cb6aca0d799118e/3040/14228722/4/Mercedes_Benz-GLE_63_S-2021.jpg'},{url:'https://imagescdn.d2cmedia.ca/cb6aca0d799118e/3040/14228722/5/Mercedes_Benz-GLE_63_S-2021.jpg'},{url:'https://imagescdn.d2cmedia.ca/cb6aca0d799118e/3040/14228722/6/Mercedes_Benz-GLE_63_S-2021.jpg'},{url:'https://imagescdn.d2cmedia.ca/cb6aca0d799118e/3040/14228722/7/Mercedes_Benz-GLE_63_S-2021.jpg'},{url:'https://imagescdn.d2cmedia.ca/cb6aca0d799118e/3040/14228722/8/Mercedes_Benz-GLE_63_S-2021.jpg'}]",104986,KM,https://www.landroverbrampton.com/used/2021-Mercedes_Benz-GLE_63_S-id14228722.html,2021 Mercedes Benz GLE 63 S 4MATIC+ SUV at Land Rover Brampton,73998 CAD,Used,White,,3040,Land Rover Brampton,+1-905-500-2005,"{addr1: '50 Coachworks Cres', city: 'Brampton', region: 'Ontario', postal_code: 'L6R 3Y2', country: 'CA'}",43.7552740000,-79.7533260000,,,,,https://www.landroverbrampton.com/privacy-policy.html,Used,3040,In stock,,73998 CAD,Free,
SALE27EU6T2661439,SALE27EU6T2661439,L26-647-demo,Land Rover,Defender,110 P400 X-Dynamic SE,2026,AUTOMATIC,SUV,GASOLINE,,"2026 Land Rover Defender 110 P400 X-Dynamic SE, Black exterior","[{url:'https://carimages.d2cmedia.ca/newcarimages/en/cb6aca0d799118e/Land Rover/Defender/2026/1200/478773-MTEwIFA0MDAgWC1EeW5hbWljIFNF/black/front45.png'},{url:'https://carimages.d2cmedia.ca/newcarimages/en/cb6aca0d799118e/Land Rover/Defender/2026/1280/478773/black/front_45_degree.png'},{url:'https://carimages.d2cmedia.ca/newcarimages/en/cb6aca0d799118e/Land Rover/Defender/2026/2100/478773/black/front_45_degree.png'},{url:'https://carimages.d2cmedia.ca/newcarimages/en/cb6aca0d799118e/Land Rover/Defender/2026/2100/478773/black/profile.png'},{url:'https://carimages.d2cmedia.ca/newcarimages/en/cb6aca0d799118e/Land Rover/Defender/2026/2100/478773/black/back_45_degree.png'},{url:'https://carimages.d2cmedia.ca/newcarimages/en/cb6aca0d799118e/Land Rover/Defender/2026/2100/478773/black/driver_dashboard.png'},{url:'https://carimages.d2cmedia.ca/newcarimages/en/cb6aca0d799118e/Land Rover/Defender/2026/2100/478773/black/full_dashboard.png'},{url:'https://carimages.d2cmedia.ca/newcarimages/en/cb6aca0d799118e/Land Rover/Defender/2026/2100/478773/black/interior_driver_open_seat.png'},{url:'https://carimages.d2cmedia.ca/newcarimages/en/cb6aca0d799118e/Land Rover/Defender/2026/2100/478773/black/interior_driver_stereo.png'},{url:'https://carimages.d2cmedia.ca/newcarimages/en/cb6aca0d799118e/Land Rover/Defender/2026/2100/478773/black/interior_driver_reat_seats.png'}]",90,KM,https://www.landroverbrampton.com/demos/2026-Land_Rover-Defender-id14264512.html,2026 Land Rover Defender 110 P400 X-Dynamic SE at Land Rover Brampton,114357 CAD,Used,Black,Black,3040,Land Rover Brampton,+1-905-500-2005,"{addr1: '50 Coachworks Cres', city: 'Brampton', region: 'Ontario', postal_code: 'L6R 3Y2', country: 'CA'}",43.7552740000,-79.7533260000,,,,,https://www.landroverbrampton.com/privacy-policy.html,Used,3040,In stock,,114357 CAD,Free,
SAL1L9E94TA639318,SAL1L9E94TA639318,L26-406-demo,Land Rover,Range Rover Sport,P530 Dynamic SE,2026,AUTOMATIC,SUV,GASOLINE,,"2026 Land Rover Range Rover Sport P530 Dynamic SE, Grey exterior","[{url:'https://carimages.d2cmedia.ca/newcarimages/en/cb6aca0d799118e/Land Rover/Range Rover Sport/2026/1200/480078-UDUzMCBEeW5hbWljIFNF/X444546/front45.png'},{url:'https://carimages.d2cmedia.ca/newcarimages/en/cb6aca0d799118e/Land Rover/Range Rover Sport/2026/1280/480078/X444546/front_45_degree.png'},{url:'https://carimages.d2cmedia.ca/newcarimages/en/cb6aca0d799118e/Land Rover/Range Rover Sport/2026/2100/480078/X444546/front_45_degree.png'},{url:'https://carimages.d2cmedia.ca/newcarimages/en/cb6aca0d799118e/Land Rover/Range Rover Sport/2026/2100/480078/X444546/profile.png'},{url:'https://carimages.d2cmedia.ca/newcarimages/en/cb6aca0d799118e/Land Rover/Range Rover Sport/2026/2100/480078/X444546/back_45_degree.png'},{url:'https://carimages.d2cmedia.ca/newcarimages/en/cb6aca0d799118e/Land Rover/Range Rover Sport/2026/2100/480078/X444546/driver_dashboard.png'},{url:'https://carimages.d2cmedia.ca/newcarimages/en/cb6aca0d799118e/Land Rover/Range Rover Sport/2026/2100/480078/X444546/full_dashboard.png'},{url:'https://carimages.d2cmedia.ca/newcarimages/en/cb6aca0d799118e/Land Rover/Range Rover Sport/2026/2100/480078/X444546/interior_driver_open_seat.png'},{url:'https://carimages.d2cmedia.ca/newcarimages/en/cb6aca0d799118e/Land Rover/Range Rover Sport/2026/2100/480078/X444546/interior_driver_stereo.png'},{url:'https://carimages.d2cmedia.ca/newcarimages/en/cb6aca0d799118e/Land Rover/Range Rover Sport/2026/2100/480078/X444546/interior_driver_reat_seats.png'}]",5689,KM,https://www.landroverbrampton.com/demos/2026-Land_Rover-Range_Rover_Sport-id14451408.html,2026 Land Rover Range Rover Sport P530 Dynamic SE at Land Rover Brampton,173970 CAD,Used,Grey,Black,3040,Land Rover Brampton,+1-905-500-2005,"{addr1: '50 Coachworks Cres', city: 'Brampton', region: 'Ontario', postal_code: 'L6R 3Y2', country: 'CA'}",43.7552740000,-79.7533260000,,,,,https://www.landroverbrampton.com/privacy-policy.html,Used,3040,In stock,,173970 CAD,Free,
