vehicle_id,vin,stock_number,make,model,trim,year,transmission,body_style,fuel_type,drivetrain,description,image,mileage.value,mileage.unit,url,title,price,state_of_vehicle,exterior_color,interior_color,dealer_id,dealer_name,dealer_phone,address,latitude,longitude,fb_page_id,features,vehicle_specifications,dealer_communication_channel,dealer_privacy_policy_url,custom_label_0,custom_label_1,custom_label_3,days_on_lot,sale_price,Sponsor,Range
2T2BAMCA7TC140005,2T2BAMCA7TC140005,26-277-new,Lexus,RX 350,PREMIUM PACKAGE,2026,AUTOMATIC,SUV,GASOLINE,AWD,"2026 Lexus RX 350 PREMIUM PACKAGE, Cloudburst Grey exterior, All-wheel drive","[{url:'https://imagescdn.d2cmedia.ca/cbf270221df5e8bf373cc6b8ef068e2cbb/4780/13449931/1/Lexus-RX-2026.jpg'},{url:'https://imagescdn.d2cmedia.ca/s8f270221df5e8bf373cc6b8ef068e2cbb/4780/13449931/1/Lexus-RX_350-2026.jpg'},{url:'https://imagescdn.d2cmedia.ca/cbf270221df5e8bf373cc6b8ef068e2cbb/4780/13449931/1/Lexus-RX_350-2026.jpg'},{url:'https://imagescdn.d2cmedia.ca/cbf270221df5e8bf373cc6b8ef068e2cbb/4780/13449931/2/Lexus-RX_350-2026.jpg'},{url:'https://imagescdn.d2cmedia.ca/cbf270221df5e8bf373cc6b8ef068e2cbb/4780/13449931/3/Lexus-RX_350-2026.jpg'},{url:'https://imagescdn.d2cmedia.ca/cbf270221df5e8bf373cc6b8ef068e2cbb/4780/13449931/4/Lexus-RX_350-2026.jpg'},{url:'https://imagescdn.d2cmedia.ca/cbf270221df5e8bf373cc6b8ef068e2cbb/4780/13449931/5/Lexus-RX_350-2026.jpg'},{url:'https://imagescdn.d2cmedia.ca/cbf270221df5e8bf373cc6b8ef068e2cbb/4780/13449931/6/Lexus-RX_350-2026.jpg'},{url:'https://imagescdn.d2cmedia.ca/cbf270221df5e8bf373cc6b8ef068e2cbb/4780/13449931/7/Lexus-RX_350-2026.jpg'},{url:'https://imagescdn.d2cmedia.ca/cbf270221df5e8bf373cc6b8ef068e2cbb/4780/13449931/8/Lexus-RX_350-2026.jpg'}]",90,KM,https://www.lexusofvaughan.com/new/inventory/2026-Lexus-RX_350-id13449931.html,2026 Lexus RX 350 PREMIUM PACKAGE at Lexus of Vaughan,63840 CAD,New,Cloudburst Grey,Black,4780,Lexus of Vaughan,+1-905-588-1010,"{addr1: '98 Auto Vaughan Drive', city: 'Vaughan', region: 'Ontario', postal_code: 'L6A 4A1', country: 'CA'}",43.8361240000,-79.5362510000,,,,,https://www.lexusofvaughan.com/privacy-policy.html,New,4780,In stock,,63840 CAD,Free,
2T2BCMEA5TC024597,2T2BCMEA5TC024597,26-278-new,Lexus,RX 500h,F SPORT PERFORMANCE 2,2026,AUTOMATIC,SUV,HYBRID,AWD,"2026 Lexus RX 500h F SPORT PERFORMANCE 2, Ultra White exterior, All-wheel drive","[{url:'https://imagescdn.d2cmedia.ca/cbf4c3f41b3b49548f891cdc3ace355331/4780/13449932/1/Lexus-RX Hybrid-2026.jpg'},{url:'https://imagescdn.d2cmedia.ca/s8f4c3f41b3b49548f891cdc3ace355331/4780/13449932/1/Lexus-RX_500h-2026.jpg'},{url:'https://imagescdn.d2cmedia.ca/cbf4c3f41b3b49548f891cdc3ace355331/4780/13449932/1/Lexus-RX_500h-2026.jpg'},{url:'https://imagescdn.d2cmedia.ca/cbf4c3f41b3b49548f891cdc3ace355331/4780/13449932/2/Lexus-RX_500h-2026.jpg'},{url:'https://imagescdn.d2cmedia.ca/cbf4c3f41b3b49548f891cdc3ace355331/4780/13449932/3/Lexus-RX_500h-2026.jpg'},{url:'https://imagescdn.d2cmedia.ca/cbf4c3f41b3b49548f891cdc3ace355331/4780/13449932/4/Lexus-RX_500h-2026.jpg'},{url:'https://imagescdn.d2cmedia.ca/cbf4c3f41b3b49548f891cdc3ace355331/4780/13449932/5/Lexus-RX_500h-2026.jpg'},{url:'https://imagescdn.d2cmedia.ca/cbf4c3f41b3b49548f891cdc3ace355331/4780/13449932/6/Lexus-RX_500h-2026.jpg'},{url:'https://imagescdn.d2cmedia.ca/cbf4c3f41b3b49548f891cdc3ace355331/4780/13449932/7/Lexus-RX_500h-2026.jpg'},{url:'https://imagescdn.d2cmedia.ca/cbf4c3f41b3b49548f891cdc3ace355331/4780/13449932/8/Lexus-RX_500h-2026.jpg'}]",90,KM,https://www.lexusofvaughan.com/new/inventory/2026-Lexus-RX_500h-id13449932.html,2026 Lexus RX 500h F SPORT PERFORMANCE 2 at Lexus of Vaughan,86169 CAD,New,Ultra White,Black W/dark Graphite,4780,Lexus of Vaughan,+1-905-588-1010,"{addr1: '98 Auto Vaughan Drive', city: 'Vaughan', region: 'Ontario', postal_code: 'L6A 4A1', country: 'CA'}",43.8361240000,-79.5362510000,,,,,https://www.lexusofvaughan.com/privacy-policy.html,New,4780,In stock,,86169 CAD,Free,
2T2GKCEZ1TC068797,2T2GKCEZ1TC068797,26-309-new,Lexus,NX 350h,PREMIUM PACKAGE,2026,AUTOMATIC,SUV,HYBRID,AWD,"2026 Lexus NX 350h PREMIUM PACKAGE, Caviar exterior, All-wheel drive","[{url:'https://imagescdn.d2cmedia.ca/cb48b745d809c14a763512d077e4126694/4780/13495244/1/Lexus-NX Hybrid-2026.jpg'},{url:'https://imagescdn.d2cmedia.ca/s848b745d809c14a763512d077e4126694/4780/13495244/1/Lexus-NX_350h-2026.jpg'},{url:'https://imagescdn.d2cmedia.ca/cb48b745d809c14a763512d077e4126694/4780/13495244/1/Lexus-NX_350h-2026.jpg'},{url:'https://imagescdn.d2cmedia.ca/cb48b745d809c14a763512d077e4126694/4780/13495244/2/Lexus-NX_350h-2026.jpg'},{url:'https://imagescdn.d2cmedia.ca/cb48b745d809c14a763512d077e4126694/4780/13495244/3/Lexus-NX_350h-2026.jpg'},{url:'https://imagescdn.d2cmedia.ca/cb48b745d809c14a763512d077e4126694/4780/13495244/4/Lexus-NX_350h-2026.jpg'},{url:'https://imagescdn.d2cmedia.ca/cb48b745d809c14a763512d077e4126694/4780/13495244/5/Lexus-NX_350h-2026.jpg'},{url:'https://imagescdn.d2cmedia.ca/cb48b745d809c14a763512d077e4126694/4780/13495244/6/Lexus-NX_350h-2026.jpg'},{url:'https://imagescdn.d2cmedia.ca/cb48b745d809c14a763512d077e4126694/4780/13495244/7/Lexus-NX_350h-2026.jpg'},{url:'https://imagescdn.d2cmedia.ca/cb48b745d809c14a763512d077e4126694/4780/13495244/8/Lexus-NX_350h-2026.jpg'}]",0,KM,https://www.lexusofvaughan.com/new/inventory/2026-Lexus-NX_350h-id13495244.html,2026 Lexus NX 350h PREMIUM PACKAGE at Lexus of Vaughan,61225 CAD,New,Caviar,F Sport Black,4780,Lexus of Vaughan,+1-905-588-1010,"{addr1: '98 Auto Vaughan Drive', city: 'Vaughan', region: 'Ontario', postal_code: 'L6A 4A1', country: 'CA'}",43.8361240000,-79.5362510000,,,,,https://www.lexusofvaughan.com/privacy-policy.html,New,4780,In stock,,61225 CAD,Free,
2T2BAMCA0TC141318,2T2BAMCA0TC141318,26-316-new,Lexus,RX 350,LUXURY PACKAGE,2026,AUTOMATIC,SUV,GASOLINE,AWD,"2026 Lexus RX 350 LUXURY PACKAGE, Eminent White Pearl exterior, All-wheel drive","[{url:'https://imagescdn.d2cmedia.ca/cbb4541f8dc094161e95f774eb6b175df5/4780/13495251/1/Lexus-RX-2026.jpg'},{url:'https://imagescdn.d2cmedia.ca/s8b4541f8dc094161e95f774eb6b175df5/4780/13495251/1/Lexus-RX_350-2026.jpg'},{url:'https://imagescdn.d2cmedia.ca/cbb4541f8dc094161e95f774eb6b175df5/4780/13495251/1/Lexus-RX_350-2026.jpg'},{url:'https://imagescdn.d2cmedia.ca/cbb4541f8dc094161e95f774eb6b175df5/4780/13495251/2/Lexus-RX_350-2026.jpg'},{url:'https://imagescdn.d2cmedia.ca/cbb4541f8dc094161e95f774eb6b175df5/4780/13495251/3/Lexus-RX_350-2026.jpg'},{url:'https://imagescdn.d2cmedia.ca/cbb4541f8dc094161e95f774eb6b175df5/4780/13495251/4/Lexus-RX_350-2026.jpg'},{url:'https://imagescdn.d2cmedia.ca/cbb4541f8dc094161e95f774eb6b175df5/4780/13495251/5/Lexus-RX_350-2026.jpg'},{url:'https://imagescdn.d2cmedia.ca/cbb4541f8dc094161e95f774eb6b175df5/4780/13495251/6/Lexus-RX_350-2026.jpg'},{url:'https://imagescdn.d2cmedia.ca/cbb4541f8dc094161e95f774eb6b175df5/4780/13495251/7/Lexus-RX_350-2026.jpg'},{url:'https://imagescdn.d2cmedia.ca/cbb4541f8dc094161e95f774eb6b175df5/4780/13495251/8/Lexus-RX_350-2026.jpg'}]",90,KM,https://www.lexusofvaughan.com/new/inventory/2026-Lexus-RX_350-id13495251.html,2026 Lexus RX 350 LUXURY PACKAGE at Lexus of Vaughan,71254 CAD,New,Eminent White Pearl,Black,4780,Lexus of Vaughan,+1-905-588-1010,"{addr1: '98 Auto Vaughan Drive', city: 'Vaughan', region: 'Ontario', postal_code: 'L6A 4A1', country: 'CA'}",43.8361240000,-79.5362510000,,,,,https://www.lexusofvaughan.com/privacy-policy.html,New,4780,In stock,,71254 CAD,Free,
JTJBCACB4TA005166,JTJBCACB4TA005166,26-423-new,Lexus,RZ 450e,EXECUTIVE PACKAGE,2026,AUTOMATIC,SUV,GASOLINE,AWD,"2026 Lexus RZ 450e EXECUTIVE PACKAGE, Cloudburst Grey exterior, All-wheel drive","[{url:'https://imagescdn.d2cmedia.ca/cbadd8a7fcd867a56f44cf4bc76c6c8ba8/4780/13669544/1/Lexus-RZ-2026.jpg'},{url:'https://imagescdn.d2cmedia.ca/s8add8a7fcd867a56f44cf4bc76c6c8ba8/4780/13669544/1/Lexus-RZ_450e-2026.jpg'},{url:'https://imagescdn.d2cmedia.ca/cbadd8a7fcd867a56f44cf4bc76c6c8ba8/4780/13669544/1/Lexus-RZ_450e-2026.jpg'},{url:'https://imagescdn.d2cmedia.ca/cbadd8a7fcd867a56f44cf4bc76c6c8ba8/4780/13669544/2/Lexus-RZ_450e-2026.jpg'},{url:'https://imagescdn.d2cmedia.ca/cbadd8a7fcd867a56f44cf4bc76c6c8ba8/4780/13669544/3/Lexus-RZ_450e-2026.jpg'},{url:'https://imagescdn.d2cmedia.ca/cbadd8a7fcd867a56f44cf4bc76c6c8ba8/4780/13669544/4/Lexus-RZ_450e-2026.jpg'},{url:'https://imagescdn.d2cmedia.ca/cbadd8a7fcd867a56f44cf4bc76c6c8ba8/4780/13669544/5/Lexus-RZ_450e-2026.jpg'},{url:'https://imagescdn.d2cmedia.ca/cbadd8a7fcd867a56f44cf4bc76c6c8ba8/4780/13669544/6/Lexus-RZ_450e-2026.jpg'},{url:'https://imagescdn.d2cmedia.ca/cbadd8a7fcd867a56f44cf4bc76c6c8ba8/4780/13669544/7/Lexus-RZ_450e-2026.jpg'},{url:'https://imagescdn.d2cmedia.ca/cbadd8a7fcd867a56f44cf4bc76c6c8ba8/4780/13669544/8/Lexus-RZ_450e-2026.jpg'}]",90,KM,https://www.lexusofvaughan.com/new/inventory/2026-Lexus-RZ_450e-id13669544.html,2026 Lexus RZ 450e EXECUTIVE PACKAGE at Lexus of Vaughan,86810 CAD,New,Cloudburst Grey,Palomino,4780,Lexus of Vaughan,+1-905-588-1010,"{addr1: '98 Auto Vaughan Drive', city: 'Vaughan', region: 'Ontario', postal_code: 'L6A 4A1', country: 'CA'}",43.8361240000,-79.5362510000,,,,,https://www.lexusofvaughan.com/privacy-policy.html,New,4780,In stock,,86810 CAD,Free,
2T2BAMCA2TC147069,2T2BAMCA2TC147069,26-453-new,Lexus,RX 350,RX350 PREMIUM PACKAGE,2026,AUTOMATIC,SUV,GASOLINE,AWD,"2026 Lexus RX 350 RX350 PREMIUM PACKAGE, Cloudburst Grey exterior, All-wheel drive","[{url:'https://imagescdn.d2cmedia.ca/cbe061c56775ecea9f1ba1c9c8fd4799c4/4780/13738935/1/Lexus-RX-2026.jpg'},{url:'https://imagescdn.d2cmedia.ca/s8e061c56775ecea9f1ba1c9c8fd4799c4/4780/13738935/1/Lexus-RX_350-2026.jpg'},{url:'https://imagescdn.d2cmedia.ca/cbe061c56775ecea9f1ba1c9c8fd4799c4/4780/13738935/1/Lexus-RX_350-2026.jpg'},{url:'https://imagescdn.d2cmedia.ca/cbe061c56775ecea9f1ba1c9c8fd4799c4/4780/13738935/2/Lexus-RX_350-2026.jpg'},{url:'https://imagescdn.d2cmedia.ca/cbe061c56775ecea9f1ba1c9c8fd4799c4/4780/13738935/3/Lexus-RX_350-2026.jpg'},{url:'https://imagescdn.d2cmedia.ca/cbe061c56775ecea9f1ba1c9c8fd4799c4/4780/13738935/4/Lexus-RX_350-2026.jpg'},{url:'https://imagescdn.d2cmedia.ca/cbe061c56775ecea9f1ba1c9c8fd4799c4/4780/13738935/5/Lexus-RX_350-2026.jpg'},{url:'https://imagescdn.d2cmedia.ca/cbe061c56775ecea9f1ba1c9c8fd4799c4/4780/13738935/6/Lexus-RX_350-2026.jpg'},{url:'https://imagescdn.d2cmedia.ca/cbe061c56775ecea9f1ba1c9c8fd4799c4/4780/13738935/7/Lexus-RX_350-2026.jpg'},{url:'https://imagescdn.d2cmedia.ca/cbe061c56775ecea9f1ba1c9c8fd4799c4/4780/13738935/8/Lexus-RX_350-2026.jpg'}]",90,KM,https://www.lexusofvaughan.com/new/inventory/2026-Lexus-RX_350-id13738935.html,2026 Lexus RX 350 RX350 PREMIUM PACKAGE at Lexus of Vaughan,63840 CAD,New,Cloudburst Grey,Black,4780,Lexus of Vaughan,+1-905-588-1010,"{addr1: '98 Auto Vaughan Drive', city: 'Vaughan', region: 'Ontario', postal_code: 'L6A 4A1', country: 'CA'}",43.8361240000,-79.5362510000,,,,,https://www.lexusofvaughan.com/privacy-policy.html,New,4780,In stock,,63840 CAD,Free,
2T2BAMCA3TC150109,2T2BAMCA3TC150109,26-514-new,Lexus,RX 350,F SPORT 2,2026,AUTOMATIC,SUV,GASOLINE,AWD,"2026 Lexus RX 350 F SPORT 2, Caviar exterior, All-wheel drive","[{url:'https://imagescdn.d2cmedia.ca/cbf5f2a23d320b6aa83bad5d1390513e31/4780/13863674/1/Lexus-RX-2026.jpg'},{url:'https://imagescdn.d2cmedia.ca/s8f5f2a23d320b6aa83bad5d1390513e31/4780/13863674/1/Lexus-RX_350-2026.jpg'},{url:'https://imagescdn.d2cmedia.ca/cbf5f2a23d320b6aa83bad5d1390513e31/4780/13863674/1/Lexus-RX_350-2026.jpg'},{url:'https://imagescdn.d2cmedia.ca/cbf5f2a23d320b6aa83bad5d1390513e31/4780/13863674/2/Lexus-RX_350-2026.jpg'},{url:'https://imagescdn.d2cmedia.ca/cbf5f2a23d320b6aa83bad5d1390513e31/4780/13863674/3/Lexus-RX_350-2026.jpg'},{url:'https://imagescdn.d2cmedia.ca/cbf5f2a23d320b6aa83bad5d1390513e31/4780/13863674/4/Lexus-RX_350-2026.jpg'},{url:'https://imagescdn.d2cmedia.ca/cbf5f2a23d320b6aa83bad5d1390513e31/4780/13863674/5/Lexus-RX_350-2026.jpg'},{url:'https://imagescdn.d2cmedia.ca/cbf5f2a23d320b6aa83bad5d1390513e31/4780/13863674/6/Lexus-RX_350-2026.jpg'},{url:'https://imagescdn.d2cmedia.ca/cbf5f2a23d320b6aa83bad5d1390513e31/4780/13863674/7/Lexus-RX_350-2026.jpg'},{url:'https://imagescdn.d2cmedia.ca/cbf5f2a23d320b6aa83bad5d1390513e31/4780/13863674/8/Lexus-RX_350-2026.jpg'}]",90,KM,https://www.lexusofvaughan.com/new/inventory/2026-Lexus-RX_350-id13863674.html,2026 Lexus RX 350 F SPORT 2 at Lexus of Vaughan,73999 CAD,New,Caviar,Black,4780,Lexus of Vaughan,+1-905-588-1010,"{addr1: '98 Auto Vaughan Drive', city: 'Vaughan', region: 'Ontario', postal_code: 'L6A 4A1', country: 'CA'}",43.8361240000,-79.5362510000,,,,,https://www.lexusofvaughan.com/privacy-policy.html,New,4780,In stock,,73999 CAD,Free,
JTHUCJDH0T2018648,JTHUCJDH0T2018648,26-575-new,Lexus,UX 300h,F SPORT 2,2026,AUTOMATIC,SUV,GASOLINE,AWD,"2026 Lexus UX 300h F SPORT 2, Iridium With Black Roof exterior, All-wheel drive","[{url:'https://imagescdn.d2cmedia.ca/cb91ab19126be8fd53d87e7d19785d5c6e/4780/13979093/1/Lexus-UX-2026.jpg'},{url:'https://imagescdn.d2cmedia.ca/s891ab19126be8fd53d87e7d19785d5c6e/4780/13979093/1/Lexus-UX_300h-2026.jpg'},{url:'https://imagescdn.d2cmedia.ca/cb91ab19126be8fd53d87e7d19785d5c6e/4780/13979093/1/Lexus-UX_300h-2026.jpg'},{url:'https://imagescdn.d2cmedia.ca/cb91ab19126be8fd53d87e7d19785d5c6e/4780/13979093/2/Lexus-UX_300h-2026.jpg'},{url:'https://imagescdn.d2cmedia.ca/cb91ab19126be8fd53d87e7d19785d5c6e/4780/13979093/3/Lexus-UX_300h-2026.jpg'},{url:'https://imagescdn.d2cmedia.ca/cb91ab19126be8fd53d87e7d19785d5c6e/4780/13979093/4/Lexus-UX_300h-2026.jpg'},{url:'https://imagescdn.d2cmedia.ca/cb91ab19126be8fd53d87e7d19785d5c6e/4780/13979093/5/Lexus-UX_300h-2026.jpg'},{url:'https://imagescdn.d2cmedia.ca/cb91ab19126be8fd53d87e7d19785d5c6e/4780/13979093/6/Lexus-UX_300h-2026.jpg'},{url:'https://imagescdn.d2cmedia.ca/cb91ab19126be8fd53d87e7d19785d5c6e/4780/13979093/7/Lexus-UX_300h-2026.jpg'},{url:'https://imagescdn.d2cmedia.ca/cb91ab19126be8fd53d87e7d19785d5c6e/4780/13979093/8/Lexus-UX_300h-2026.jpg'}]",90,KM,https://www.lexusofvaughan.com/new/inventory/2026-Lexus-UX_300h-id13979093.html,2026 Lexus UX 300h F SPORT 2 at Lexus of Vaughan,56127 CAD,New,Iridium With Black Roof,Black,4780,Lexus of Vaughan,+1-905-588-1010,"{addr1: '98 Auto Vaughan Drive', city: 'Vaughan', region: 'Ontario', postal_code: 'L6A 4A1', country: 'CA'}",43.8361240000,-79.5362510000,,,,,https://www.lexusofvaughan.com/privacy-policy.html,New,4780,In stock,,56127 CAD,Free,
JTHUCJDH4T2019091,JTHUCJDH4T2019091,26-625-new,Lexus,UX 300h,F SPORT 2,2026,AUTOMATIC,SUV,GASOLINE,AWD,"2026 Lexus UX 300h F SPORT 2, Iridium With Black Roof exterior, All-wheel drive","[{url:'https://imagescdn.d2cmedia.ca/cb1831bd52f5cb22837a2cc4708f349394/4780/14054647/1/Lexus-UX-2026.jpg'},{url:'https://imagescdn.d2cmedia.ca/s81831bd52f5cb22837a2cc4708f349394/4780/14054647/1/Lexus-UX_300h-2026.jpg'},{url:'https://imagescdn.d2cmedia.ca/cb1831bd52f5cb22837a2cc4708f349394/4780/14054647/1/Lexus-UX_300h-2026.jpg'},{url:'https://imagescdn.d2cmedia.ca/cb1831bd52f5cb22837a2cc4708f349394/4780/14054647/2/Lexus-UX_300h-2026.jpg'},{url:'https://imagescdn.d2cmedia.ca/cb1831bd52f5cb22837a2cc4708f349394/4780/14054647/3/Lexus-UX_300h-2026.jpg'},{url:'https://imagescdn.d2cmedia.ca/cb1831bd52f5cb22837a2cc4708f349394/4780/14054647/4/Lexus-UX_300h-2026.jpg'},{url:'https://imagescdn.d2cmedia.ca/cb1831bd52f5cb22837a2cc4708f349394/4780/14054647/5/Lexus-UX_300h-2026.jpg'},{url:'https://imagescdn.d2cmedia.ca/cb1831bd52f5cb22837a2cc4708f349394/4780/14054647/6/Lexus-UX_300h-2026.jpg'},{url:'https://imagescdn.d2cmedia.ca/cb1831bd52f5cb22837a2cc4708f349394/4780/14054647/7/Lexus-UX_300h-2026.jpg'},{url:'https://imagescdn.d2cmedia.ca/cb1831bd52f5cb22837a2cc4708f349394/4780/14054647/8/Lexus-UX_300h-2026.jpg'}]",90,KM,https://www.lexusofvaughan.com/new/inventory/2026-Lexus-UX_300h-id14054647.html,2026 Lexus UX 300h F SPORT 2 at Lexus of Vaughan,57022 CAD,New,Iridium With Black Roof,Black,4780,Lexus of Vaughan,+1-905-588-1010,"{addr1: '98 Auto Vaughan Drive', city: 'Vaughan', region: 'Ontario', postal_code: 'L6A 4A1', country: 'CA'}",43.8361240000,-79.5362510000,,,,,https://www.lexusofvaughan.com/privacy-policy.html,New,4780,In stock,,57022 CAD,Free,
2T2BAMCA5TC155571,2T2BAMCA5TC155571,26-629-new,Lexus,RX 350,ULTRA LUXURY,2026,AUTOMATIC,SUV,GASOLINE,AWD,"2026 Lexus RX 350 ULTRA LUXURY, Caviar exterior, All-wheel drive","[{url:'https://imagescdn.d2cmedia.ca/cb1ed1df03452d4f333bfef678399a08c9/4780/14054651/1/Lexus-RX-2026.jpg'},{url:'https://imagescdn.d2cmedia.ca/s81ed1df03452d4f333bfef678399a08c9/4780/14054651/1/Lexus-RX_350-2026.jpg'},{url:'https://imagescdn.d2cmedia.ca/cb1ed1df03452d4f333bfef678399a08c9/4780/14054651/1/Lexus-RX_350-2026.jpg'},{url:'https://imagescdn.d2cmedia.ca/cb1ed1df03452d4f333bfef678399a08c9/4780/14054651/2/Lexus-RX_350-2026.jpg'},{url:'https://imagescdn.d2cmedia.ca/cb1ed1df03452d4f333bfef678399a08c9/4780/14054651/3/Lexus-RX_350-2026.jpg'},{url:'https://imagescdn.d2cmedia.ca/cb1ed1df03452d4f333bfef678399a08c9/4780/14054651/4/Lexus-RX_350-2026.jpg'},{url:'https://imagescdn.d2cmedia.ca/cb1ed1df03452d4f333bfef678399a08c9/4780/14054651/5/Lexus-RX_350-2026.jpg'},{url:'https://imagescdn.d2cmedia.ca/cb1ed1df03452d4f333bfef678399a08c9/4780/14054651/6/Lexus-RX_350-2026.jpg'},{url:'https://imagescdn.d2cmedia.ca/cb1ed1df03452d4f333bfef678399a08c9/4780/14054651/7/Lexus-RX_350-2026.jpg'},{url:'https://imagescdn.d2cmedia.ca/cb1ed1df03452d4f333bfef678399a08c9/4780/14054651/8/Lexus-RX_350-2026.jpg'}]",90,KM,https://www.lexusofvaughan.com/new/inventory/2026-Lexus-RX_350-id14054651.html,2026 Lexus RX 350 ULTRA LUXURY at Lexus of Vaughan,74109 CAD,New,Caviar,Black,4780,Lexus of Vaughan,+1-905-588-1010,"{addr1: '98 Auto Vaughan Drive', city: 'Vaughan', region: 'Ontario', postal_code: 'L6A 4A1', country: 'CA'}",43.8361240000,-79.5362510000,,,,,https://www.lexusofvaughan.com/privacy-policy.html,New,4780,In stock,,74109 CAD,Free,
2T2BBMCA3TC147384,2T2BBMCA3TC147384,26-650-new,Lexus,RX 350h,LUXURY PACKAGE,2026,AUTOMATIC,SUV,HYBRID,AWD,"2026 Lexus RX 350h LUXURY PACKAGE, Eminent White Pearl exterior, All-wheel drive","[{url:'https://imagescdn.d2cmedia.ca/cbaebeb7f1a7b9680abf703801c96cd003/4780/14067104/1/Lexus-RX Hybrid-2026.jpg'},{url:'https://imagescdn.d2cmedia.ca/s8aebeb7f1a7b9680abf703801c96cd003/4780/14067104/1/Lexus-RX_350h-2026.jpg'},{url:'https://imagescdn.d2cmedia.ca/cbaebeb7f1a7b9680abf703801c96cd003/4780/14067104/1/Lexus-RX_350h-2026.jpg'},{url:'https://imagescdn.d2cmedia.ca/cbaebeb7f1a7b9680abf703801c96cd003/4780/14067104/2/Lexus-RX_350h-2026.jpg'},{url:'https://imagescdn.d2cmedia.ca/cbaebeb7f1a7b9680abf703801c96cd003/4780/14067104/3/Lexus-RX_350h-2026.jpg'},{url:'https://imagescdn.d2cmedia.ca/cbaebeb7f1a7b9680abf703801c96cd003/4780/14067104/4/Lexus-RX_350h-2026.jpg'},{url:'https://imagescdn.d2cmedia.ca/cbaebeb7f1a7b9680abf703801c96cd003/4780/14067104/5/Lexus-RX_350h-2026.jpg'},{url:'https://imagescdn.d2cmedia.ca/cbaebeb7f1a7b9680abf703801c96cd003/4780/14067104/6/Lexus-RX_350h-2026.jpg'},{url:'https://imagescdn.d2cmedia.ca/cbaebeb7f1a7b9680abf703801c96cd003/4780/14067104/7/Lexus-RX_350h-2026.jpg'},{url:'https://imagescdn.d2cmedia.ca/cbaebeb7f1a7b9680abf703801c96cd003/4780/14067104/8/Lexus-RX_350h-2026.jpg'}]",90,KM,https://www.lexusofvaughan.com/new/inventory/2026-Lexus-RX_350h-id14067104.html,2026 Lexus RX 350h LUXURY PACKAGE at Lexus of Vaughan,74014 CAD,New,Eminent White Pearl,Black,4780,Lexus of Vaughan,+1-905-588-1010,"{addr1: '98 Auto Vaughan Drive', city: 'Vaughan', region: 'Ontario', postal_code: 'L6A 4A1', country: 'CA'}",43.8361240000,-79.5362510000,,,,,https://www.lexusofvaughan.com/privacy-policy.html,New,4780,In stock,,74014 CAD,Free,
2T2BAMCA0TC156465,2T2BAMCA0TC156465,26-660-new,Lexus,RX 350,F SPORT 3,2026,AUTOMATIC,SUV,GASOLINE,AWD,"2026 Lexus RX 350 F SPORT 3, Ultra White exterior, All-wheel drive","[{url:'https://imagescdn.d2cmedia.ca/cb6a3ce0553107f77459578b47cff7df1b/4780/14093386/1/Lexus-RX-2026.jpg'},{url:'https://imagescdn.d2cmedia.ca/s86a3ce0553107f77459578b47cff7df1b/4780/14093386/1/Lexus-RX_350-2026.jpg'},{url:'https://imagescdn.d2cmedia.ca/cb6a3ce0553107f77459578b47cff7df1b/4780/14093386/1/Lexus-RX_350-2026.jpg'},{url:'https://imagescdn.d2cmedia.ca/cb6a3ce0553107f77459578b47cff7df1b/4780/14093386/2/Lexus-RX_350-2026.jpg'},{url:'https://imagescdn.d2cmedia.ca/cb6a3ce0553107f77459578b47cff7df1b/4780/14093386/3/Lexus-RX_350-2026.jpg'},{url:'https://imagescdn.d2cmedia.ca/cb6a3ce0553107f77459578b47cff7df1b/4780/14093386/4/Lexus-RX_350-2026.jpg'},{url:'https://imagescdn.d2cmedia.ca/cb6a3ce0553107f77459578b47cff7df1b/4780/14093386/5/Lexus-RX_350-2026.jpg'},{url:'https://imagescdn.d2cmedia.ca/cb6a3ce0553107f77459578b47cff7df1b/4780/14093386/6/Lexus-RX_350-2026.jpg'},{url:'https://imagescdn.d2cmedia.ca/cb6a3ce0553107f77459578b47cff7df1b/4780/14093386/7/Lexus-RX_350-2026.jpg'},{url:'https://imagescdn.d2cmedia.ca/cb6a3ce0553107f77459578b47cff7df1b/4780/14093386/8/Lexus-RX_350-2026.jpg'}]",90,KM,https://www.lexusofvaughan.com/new/inventory/2026-Lexus-RX_350-id14093386.html,2026 Lexus RX 350 F SPORT 3 at Lexus of Vaughan,80154 CAD,New,Ultra White,Rioja Red,4780,Lexus of Vaughan,+1-905-588-1010,"{addr1: '98 Auto Vaughan Drive', city: 'Vaughan', region: 'Ontario', postal_code: 'L6A 4A1', country: 'CA'}",43.8361240000,-79.5362510000,,,,,https://www.lexusofvaughan.com/privacy-policy.html,New,4780,In stock,,80154 CAD,Free,
JTHUCJDH6T2019223,JTHUCJDH6T2019223,26-668-new,Lexus,UX 300h,LUXURY PACKAGE,2026,AUTOMATIC,SUV,GASOLINE,AWD,"2026 Lexus UX 300h LUXURY PACKAGE, Cloudburst Grey exterior, All-wheel drive","[{url:'https://imagescdn.d2cmedia.ca/cb8addac556df60e84d3e4e8830a4fdd01/4780/14097680/1/Lexus-UX-2026.jpg'},{url:'https://imagescdn.d2cmedia.ca/s88addac556df60e84d3e4e8830a4fdd01/4780/14097680/1/Lexus-UX_300h-2026.jpg'},{url:'https://imagescdn.d2cmedia.ca/cb8addac556df60e84d3e4e8830a4fdd01/4780/14097680/1/Lexus-UX_300h-2026.jpg'},{url:'https://imagescdn.d2cmedia.ca/cb8addac556df60e84d3e4e8830a4fdd01/4780/14097680/2/Lexus-UX_300h-2026.jpg'},{url:'https://imagescdn.d2cmedia.ca/cb8addac556df60e84d3e4e8830a4fdd01/4780/14097680/3/Lexus-UX_300h-2026.jpg'},{url:'https://imagescdn.d2cmedia.ca/cb8addac556df60e84d3e4e8830a4fdd01/4780/14097680/4/Lexus-UX_300h-2026.jpg'},{url:'https://imagescdn.d2cmedia.ca/cb8addac556df60e84d3e4e8830a4fdd01/4780/14097680/5/Lexus-UX_300h-2026.jpg'},{url:'https://imagescdn.d2cmedia.ca/cb8addac556df60e84d3e4e8830a4fdd01/4780/14097680/6/Lexus-UX_300h-2026.jpg'},{url:'https://imagescdn.d2cmedia.ca/cb8addac556df60e84d3e4e8830a4fdd01/4780/14097680/7/Lexus-UX_300h-2026.jpg'},{url:'https://imagescdn.d2cmedia.ca/cb8addac556df60e84d3e4e8830a4fdd01/4780/14097680/8/Lexus-UX_300h-2026.jpg'}]",90,KM,https://www.lexusofvaughan.com/new/inventory/2026-Lexus-UX_300h-id14097680.html,2026 Lexus UX 300h LUXURY PACKAGE at Lexus of Vaughan,53464 CAD,New,Cloudburst Grey,Black,4780,Lexus of Vaughan,+1-905-588-1010,"{addr1: '98 Auto Vaughan Drive', city: 'Vaughan', region: 'Ontario', postal_code: 'L6A 4A1', country: 'CA'}",43.8361240000,-79.5362510000,,,,,https://www.lexusofvaughan.com/privacy-policy.html,New,4780,In stock,,53464 CAD,Free,
JTHUCJDH7T2019389,JTHUCJDH7T2019389,26-684-new,Lexus,UX 300h,LUXURY PACKAGE,2026,AUTOMATIC,SUV,GASOLINE,AWD,"2026 Lexus UX 300h LUXURY PACKAGE, Cloudburst Grey exterior, All-wheel drive","[{url:'https://imagescdn.d2cmedia.ca/cb080c4b8830e42ceda510d9bd07502ab9/4780/14147516/1/Lexus-UX-2026.jpg'},{url:'https://imagescdn.d2cmedia.ca/s8080c4b8830e42ceda510d9bd07502ab9/4780/14147516/1/Lexus-UX_300h-2026.jpg'},{url:'https://imagescdn.d2cmedia.ca/cb080c4b8830e42ceda510d9bd07502ab9/4780/14147516/1/Lexus-UX_300h-2026.jpg'},{url:'https://imagescdn.d2cmedia.ca/cb080c4b8830e42ceda510d9bd07502ab9/4780/14147516/2/Lexus-UX_300h-2026.jpg'},{url:'https://imagescdn.d2cmedia.ca/cb080c4b8830e42ceda510d9bd07502ab9/4780/14147516/3/Lexus-UX_300h-2026.jpg'},{url:'https://imagescdn.d2cmedia.ca/cb080c4b8830e42ceda510d9bd07502ab9/4780/14147516/4/Lexus-UX_300h-2026.jpg'},{url:'https://imagescdn.d2cmedia.ca/cb080c4b8830e42ceda510d9bd07502ab9/4780/14147516/5/Lexus-UX_300h-2026.jpg'},{url:'https://imagescdn.d2cmedia.ca/cb080c4b8830e42ceda510d9bd07502ab9/4780/14147516/6/Lexus-UX_300h-2026.jpg'},{url:'https://imagescdn.d2cmedia.ca/cb080c4b8830e42ceda510d9bd07502ab9/4780/14147516/7/Lexus-UX_300h-2026.jpg'},{url:'https://imagescdn.d2cmedia.ca/cb080c4b8830e42ceda510d9bd07502ab9/4780/14147516/8/Lexus-UX_300h-2026.jpg'}]",90,KM,https://www.lexusofvaughan.com/new/inventory/2026-Lexus-UX_300h-id14147516.html,2026 Lexus UX 300h LUXURY PACKAGE at Lexus of Vaughan,53464 CAD,New,Cloudburst Grey,Black,4780,Lexus of Vaughan,+1-905-588-1010,"{addr1: '98 Auto Vaughan Drive', city: 'Vaughan', region: 'Ontario', postal_code: 'L6A 4A1', country: 'CA'}",43.8361240000,-79.5362510000,,,,,https://www.lexusofvaughan.com/privacy-policy.html,New,4780,In stock,,53464 CAD,Free,
2T2BAMCA9TC157842,2T2BAMCA9TC157842,26-691-new,Lexus,RX 350,F SPORT 3,2026,AUTOMATIC,SUV,GASOLINE,AWD,"2026 Lexus RX 350 F SPORT 3, Cloudburst Grey exterior, All-wheel drive","[{url:'https://imagescdn.d2cmedia.ca/cb4f820ca783cbdf4a889640a86ac60f97/4780/14167111/1/Lexus-RX-2026.jpg'},{url:'https://imagescdn.d2cmedia.ca/s84f820ca783cbdf4a889640a86ac60f97/4780/14167111/1/Lexus-RX_350-2026.jpg'},{url:'https://imagescdn.d2cmedia.ca/cb4f820ca783cbdf4a889640a86ac60f97/4780/14167111/1/Lexus-RX_350-2026.jpg'},{url:'https://imagescdn.d2cmedia.ca/cb4f820ca783cbdf4a889640a86ac60f97/4780/14167111/2/Lexus-RX_350-2026.jpg'},{url:'https://imagescdn.d2cmedia.ca/cb4f820ca783cbdf4a889640a86ac60f97/4780/14167111/3/Lexus-RX_350-2026.jpg'},{url:'https://imagescdn.d2cmedia.ca/cb4f820ca783cbdf4a889640a86ac60f97/4780/14167111/4/Lexus-RX_350-2026.jpg'},{url:'https://imagescdn.d2cmedia.ca/cb4f820ca783cbdf4a889640a86ac60f97/4780/14167111/5/Lexus-RX_350-2026.jpg'},{url:'https://imagescdn.d2cmedia.ca/cb4f820ca783cbdf4a889640a86ac60f97/4780/14167111/6/Lexus-RX_350-2026.jpg'},{url:'https://imagescdn.d2cmedia.ca/cb4f820ca783cbdf4a889640a86ac60f97/4780/14167111/7/Lexus-RX_350-2026.jpg'},{url:'https://imagescdn.d2cmedia.ca/cb4f820ca783cbdf4a889640a86ac60f97/4780/14167111/8/Lexus-RX_350-2026.jpg'}]",90,KM,https://www.lexusofvaughan.com/new/inventory/2026-Lexus-RX_350-id14167111.html,2026 Lexus RX 350 F SPORT 3 at Lexus of Vaughan,80154 CAD,New,Cloudburst Grey,Black,4780,Lexus of Vaughan,+1-905-588-1010,"{addr1: '98 Auto Vaughan Drive', city: 'Vaughan', region: 'Ontario', postal_code: 'L6A 4A1', country: 'CA'}",43.8361240000,-79.5362510000,,,,,https://www.lexusofvaughan.com/privacy-policy.html,New,4780,In stock,,80154 CAD,Free,
2T2BAMCA7TC159010,2T2BAMCA7TC159010,26-725-new,Lexus,RX 350,F SPORT 2,2026,AUTOMATIC,SUV,GASOLINE,AWD,"2026 Lexus RX 350 F SPORT 2, Caviar exterior, All-wheel drive","[{url:'https://imagescdn.d2cmedia.ca/cbcdaa9e30275d48956c60f97bea99dc2a/4780/14205890/1/Lexus-RX-2026.jpg'},{url:'https://imagescdn.d2cmedia.ca/s8cdaa9e30275d48956c60f97bea99dc2a/4780/14205890/1/Lexus-RX_350-2026.jpg'},{url:'https://imagescdn.d2cmedia.ca/cbcdaa9e30275d48956c60f97bea99dc2a/4780/14205890/1/Lexus-RX_350-2026.jpg'},{url:'https://imagescdn.d2cmedia.ca/cbcdaa9e30275d48956c60f97bea99dc2a/4780/14205890/2/Lexus-RX_350-2026.jpg'},{url:'https://imagescdn.d2cmedia.ca/cbcdaa9e30275d48956c60f97bea99dc2a/4780/14205890/3/Lexus-RX_350-2026.jpg'},{url:'https://imagescdn.d2cmedia.ca/cbcdaa9e30275d48956c60f97bea99dc2a/4780/14205890/4/Lexus-RX_350-2026.jpg'},{url:'https://imagescdn.d2cmedia.ca/cbcdaa9e30275d48956c60f97bea99dc2a/4780/14205890/5/Lexus-RX_350-2026.jpg'},{url:'https://imagescdn.d2cmedia.ca/cbcdaa9e30275d48956c60f97bea99dc2a/4780/14205890/6/Lexus-RX_350-2026.jpg'},{url:'https://imagescdn.d2cmedia.ca/cbcdaa9e30275d48956c60f97bea99dc2a/4780/14205890/7/Lexus-RX_350-2026.jpg'},{url:'https://imagescdn.d2cmedia.ca/cbcdaa9e30275d48956c60f97bea99dc2a/4780/14205890/8/Lexus-RX_350-2026.jpg'}]",90,KM,https://www.lexusofvaughan.com/new/inventory/2026-Lexus-RX_350-id14205890.html,2026 Lexus RX 350 F SPORT 2 at Lexus of Vaughan,73104 CAD,New,Caviar,Rioja Red,4780,Lexus of Vaughan,+1-905-588-1010,"{addr1: '98 Auto Vaughan Drive', city: 'Vaughan', region: 'Ontario', postal_code: 'L6A 4A1', country: 'CA'}",43.8361240000,-79.5362510000,,,,,https://www.lexusofvaughan.com/privacy-policy.html,New,4780,In stock,,73104 CAD,Free,
5TDAAAB68TS088354,5TDAAAB68TS088354,26-741-new,Lexus,TX 350,LUXURY PACKAGE,2026,AUTOMATIC,SUV,GASOLINE,AWD,"2026 Lexus TX 350 LUXURY PACKAGE, Caviar exterior, All-wheel drive","[{url:'https://imagescdn.d2cmedia.ca/cb627bcc7bccc92a6bffad507599333c07/4780/14237424/1/Lexus-TX-2026.jpg'},{url:'https://imagescdn.d2cmedia.ca/s8627bcc7bccc92a6bffad507599333c07/4780/14237424/1/Lexus-TX_350-2026.jpg'},{url:'https://imagescdn.d2cmedia.ca/cb627bcc7bccc92a6bffad507599333c07/4780/14237424/1/Lexus-TX_350-2026.jpg'},{url:'https://imagescdn.d2cmedia.ca/cb627bcc7bccc92a6bffad507599333c07/4780/14237424/2/Lexus-TX_350-2026.jpg'},{url:'https://imagescdn.d2cmedia.ca/cb627bcc7bccc92a6bffad507599333c07/4780/14237424/3/Lexus-TX_350-2026.jpg'},{url:'https://imagescdn.d2cmedia.ca/cb627bcc7bccc92a6bffad507599333c07/4780/14237424/4/Lexus-TX_350-2026.jpg'},{url:'https://imagescdn.d2cmedia.ca/cb627bcc7bccc92a6bffad507599333c07/4780/14237424/5/Lexus-TX_350-2026.jpg'},{url:'https://imagescdn.d2cmedia.ca/cb627bcc7bccc92a6bffad507599333c07/4780/14237424/6/Lexus-TX_350-2026.jpg'},{url:'https://imagescdn.d2cmedia.ca/cb627bcc7bccc92a6bffad507599333c07/4780/14237424/7/Lexus-TX_350-2026.jpg'},{url:'https://imagescdn.d2cmedia.ca/cb627bcc7bccc92a6bffad507599333c07/4780/14237424/8/Lexus-TX_350-2026.jpg'}]",90,KM,https://www.lexusofvaughan.com/new/inventory/2026-Lexus-TX_350-id14237424.html,2026 Lexus TX 350 LUXURY PACKAGE at Lexus of Vaughan,72160 CAD,New,Caviar,Black,4780,Lexus of Vaughan,+1-905-588-1010,"{addr1: '98 Auto Vaughan Drive', city: 'Vaughan', region: 'Ontario', postal_code: 'L6A 4A1', country: 'CA'}",43.8361240000,-79.5362510000,,,,,https://www.lexusofvaughan.com/privacy-policy.html,New,4780,In stock,,72160 CAD,Free,
JTHUCJDH0T2020030,JTHUCJDH0T2020030,26-750,Lexus,UX 300h,F SPORT DESIGN,2026,AUTOMATIC,SUV,HYBRID,,"2026 Lexus UX 300h F SPORT DESIGN, Ultrasonic Blue Mica 2.0 W/black Roof exterior","[{url:'https://imagescdn.d2cmedia.ca/cbb15fb8fc4558b50fc8b9a7f2e95e1310/4780/14261934/1/Lexus-UX-2026.jpg'},{url:'https://imagescdn.d2cmedia.ca/s8b15fb8fc4558b50fc8b9a7f2e95e1310/4780/14261934/1/Lexus-UX_300h-2026.jpg'},{url:'https://imagescdn.d2cmedia.ca/cbb15fb8fc4558b50fc8b9a7f2e95e1310/4780/14261934/1/Lexus-UX_300h-2026.jpg'},{url:'https://imagescdn.d2cmedia.ca/cbb15fb8fc4558b50fc8b9a7f2e95e1310/4780/14261934/2/Lexus-UX_300h-2026.jpg'},{url:'https://imagescdn.d2cmedia.ca/cbb15fb8fc4558b50fc8b9a7f2e95e1310/4780/14261934/3/Lexus-UX_300h-2026.jpg'},{url:'https://imagescdn.d2cmedia.ca/cbb15fb8fc4558b50fc8b9a7f2e95e1310/4780/14261934/4/Lexus-UX_300h-2026.jpg'},{url:'https://imagescdn.d2cmedia.ca/cbb15fb8fc4558b50fc8b9a7f2e95e1310/4780/14261934/5/Lexus-UX_300h-2026.jpg'},{url:'https://imagescdn.d2cmedia.ca/cbb15fb8fc4558b50fc8b9a7f2e95e1310/4780/14261934/6/Lexus-UX_300h-2026.jpg'},{url:'https://imagescdn.d2cmedia.ca/cbb15fb8fc4558b50fc8b9a7f2e95e1310/4780/14261934/7/Lexus-UX_300h-2026.jpg'},{url:'https://imagescdn.d2cmedia.ca/cbb15fb8fc4558b50fc8b9a7f2e95e1310/4780/14261934/8/Lexus-UX_300h-2026.jpg'}]",90,KM,https://www.lexusofvaughan.com/new/inventory/2026-Lexus-UX_300h-id14261934.html,2026 Lexus UX 300h F SPORT DESIGN at Lexus of Vaughan,49460 CAD,New,Ultrasonic Blue Mica 2.0 W/black Roof,Black,4780,Lexus of Vaughan,+1-905-588-1010,"{addr1: '98 Auto Vaughan Drive', city: 'Vaughan', region: 'Ontario', postal_code: 'L6A 4A1', country: 'CA'}",43.8361240000,-79.5362510000,,,,,https://www.lexusofvaughan.com/privacy-policy.html,New,4780,In stock,,49460 CAD,Free,
JTHUCJDH0T2020271,JTHUCJDH0T2020271,26-752,Lexus,UX 300h,LUXURY PACKAGE,2026,AUTOMATIC,SUV,HYBRID,,"2026 Lexus UX 300h LUXURY PACKAGE, Cloudburst Grey exterior","[{url:'https://imagescdn.d2cmedia.ca/cbaeb0789fa9b7ec1493c868da00262685/4780/14261936/1/Lexus-UX-2026.jpg'},{url:'https://imagescdn.d2cmedia.ca/s8aeb0789fa9b7ec1493c868da00262685/4780/14261936/1/Lexus-UX_300h-2026.jpg'},{url:'https://imagescdn.d2cmedia.ca/cbaeb0789fa9b7ec1493c868da00262685/4780/14261936/1/Lexus-UX_300h-2026.jpg'},{url:'https://imagescdn.d2cmedia.ca/cbaeb0789fa9b7ec1493c868da00262685/4780/14261936/2/Lexus-UX_300h-2026.jpg'},{url:'https://imagescdn.d2cmedia.ca/cbaeb0789fa9b7ec1493c868da00262685/4780/14261936/3/Lexus-UX_300h-2026.jpg'},{url:'https://imagescdn.d2cmedia.ca/cbaeb0789fa9b7ec1493c868da00262685/4780/14261936/4/Lexus-UX_300h-2026.jpg'},{url:'https://imagescdn.d2cmedia.ca/cbaeb0789fa9b7ec1493c868da00262685/4780/14261936/5/Lexus-UX_300h-2026.jpg'},{url:'https://imagescdn.d2cmedia.ca/cbaeb0789fa9b7ec1493c868da00262685/4780/14261936/6/Lexus-UX_300h-2026.jpg'},{url:'https://imagescdn.d2cmedia.ca/cbaeb0789fa9b7ec1493c868da00262685/4780/14261936/7/Lexus-UX_300h-2026.jpg'},{url:'https://imagescdn.d2cmedia.ca/cbaeb0789fa9b7ec1493c868da00262685/4780/14261936/8/Lexus-UX_300h-2026.jpg'}]",90,KM,https://www.lexusofvaughan.com/new/inventory/2026-Lexus-UX_300h-id14261936.html,2026 Lexus UX 300h LUXURY PACKAGE at Lexus of Vaughan,53464 CAD,New,Cloudburst Grey,Black,4780,Lexus of Vaughan,+1-905-588-1010,"{addr1: '98 Auto Vaughan Drive', city: 'Vaughan', region: 'Ontario', postal_code: 'L6A 4A1', country: 'CA'}",43.8361240000,-79.5362510000,,,,,https://www.lexusofvaughan.com/privacy-policy.html,New,4780,In stock,,53464 CAD,Free,
JTHUCJDH8T2020180,JTHUCJDH8T2020180,26-756,Lexus,UX 300h,PREMIUM PACKAGE,2026,AUTOMATIC,SUV,HYBRID,,"2026 Lexus UX 300h PREMIUM PACKAGE, Atomic Silver exterior","[{url:'https://imagescdn.d2cmedia.ca/cbb280fb943efffa429b31a30f30d1e98b/4780/14267485/1/Lexus-UX-2026.jpg'},{url:'https://imagescdn.d2cmedia.ca/s8b280fb943efffa429b31a30f30d1e98b/4780/14267485/1/Lexus-UX_300h-2026.jpg'},{url:'https://imagescdn.d2cmedia.ca/cbb280fb943efffa429b31a30f30d1e98b/4780/14267485/1/Lexus-UX_300h-2026.jpg'},{url:'https://imagescdn.d2cmedia.ca/cbb280fb943efffa429b31a30f30d1e98b/4780/14267485/2/Lexus-UX_300h-2026.jpg'},{url:'https://imagescdn.d2cmedia.ca/cbb280fb943efffa429b31a30f30d1e98b/4780/14267485/3/Lexus-UX_300h-2026.jpg'},{url:'https://imagescdn.d2cmedia.ca/cbb280fb943efffa429b31a30f30d1e98b/4780/14267485/4/Lexus-UX_300h-2026.jpg'},{url:'https://imagescdn.d2cmedia.ca/cbb280fb943efffa429b31a30f30d1e98b/4780/14267485/5/Lexus-UX_300h-2026.jpg'},{url:'https://imagescdn.d2cmedia.ca/cbb280fb943efffa429b31a30f30d1e98b/4780/14267485/6/Lexus-UX_300h-2026.jpg'},{url:'https://imagescdn.d2cmedia.ca/cbb280fb943efffa429b31a30f30d1e98b/4780/14267485/7/Lexus-UX_300h-2026.jpg'},{url:'https://imagescdn.d2cmedia.ca/cbb280fb943efffa429b31a30f30d1e98b/4780/14267485/8/Lexus-UX_300h-2026.jpg'}]",90,KM,https://www.lexusofvaughan.com/new/inventory/2026-Lexus-UX_300h-id14267485.html,2026 Lexus UX 300h PREMIUM PACKAGE at Lexus of Vaughan,48000 CAD,New,Atomic Silver,Black,4780,Lexus of Vaughan,+1-905-588-1010,"{addr1: '98 Auto Vaughan Drive', city: 'Vaughan', region: 'Ontario', postal_code: 'L6A 4A1', country: 'CA'}",43.8361240000,-79.5362510000,,,,,https://www.lexusofvaughan.com/privacy-policy.html,New,4780,In stock,,48000 CAD,Free,
JTHUCJDHXT2020181,JTHUCJDHXT2020181,26-757,Lexus,UX 300h,F SPORT 2,2026,AUTOMATIC,SUV,HYBRID,,"2026 Lexus UX 300h F SPORT 2, Ultra White W/black Roof exterior","[{url:'https://imagescdn.d2cmedia.ca/cba72cd794e9a5e565df429d210d138cbc/4780/14267486/1/Lexus-UX-2026.jpg'},{url:'https://imagescdn.d2cmedia.ca/s8a72cd794e9a5e565df429d210d138cbc/4780/14267486/1/Lexus-UX_300h-2026.jpg'},{url:'https://imagescdn.d2cmedia.ca/cba72cd794e9a5e565df429d210d138cbc/4780/14267486/1/Lexus-UX_300h-2026.jpg'},{url:'https://imagescdn.d2cmedia.ca/cba72cd794e9a5e565df429d210d138cbc/4780/14267486/2/Lexus-UX_300h-2026.jpg'},{url:'https://imagescdn.d2cmedia.ca/cba72cd794e9a5e565df429d210d138cbc/4780/14267486/3/Lexus-UX_300h-2026.jpg'},{url:'https://imagescdn.d2cmedia.ca/cba72cd794e9a5e565df429d210d138cbc/4780/14267486/4/Lexus-UX_300h-2026.jpg'},{url:'https://imagescdn.d2cmedia.ca/cba72cd794e9a5e565df429d210d138cbc/4780/14267486/5/Lexus-UX_300h-2026.jpg'},{url:'https://imagescdn.d2cmedia.ca/cba72cd794e9a5e565df429d210d138cbc/4780/14267486/6/Lexus-UX_300h-2026.jpg'},{url:'https://imagescdn.d2cmedia.ca/cba72cd794e9a5e565df429d210d138cbc/4780/14267486/7/Lexus-UX_300h-2026.jpg'},{url:'https://imagescdn.d2cmedia.ca/cba72cd794e9a5e565df429d210d138cbc/4780/14267486/8/Lexus-UX_300h-2026.jpg'}]",90,KM,https://www.lexusofvaughan.com/new/inventory/2026-Lexus-UX_300h-id14267486.html,2026 Lexus UX 300h F SPORT 2 at Lexus of Vaughan,56127 CAD,New,Ultra White W/black Roof,Black,4780,Lexus of Vaughan,+1-905-588-1010,"{addr1: '98 Auto Vaughan Drive', city: 'Vaughan', region: 'Ontario', postal_code: 'L6A 4A1', country: 'CA'}",43.8361240000,-79.5362510000,,,,,https://www.lexusofvaughan.com/privacy-policy.html,New,4780,In stock,,56127 CAD,Free,
JTHUCJDH6T2020033,JTHUCJDH6T2020033,26-758,Lexus,UX 300h,PREMIUM PACKAGE,2026,AUTOMATIC,SUV,HYBRID,,"2026 Lexus UX 300h PREMIUM PACKAGE, Atomic Silver exterior","[{url:'https://imagescdn.d2cmedia.ca/cb519237a40aafcd443556ddc1123499f1/4780/14267487/1/Lexus-UX-2026.jpg'},{url:'https://imagescdn.d2cmedia.ca/s8519237a40aafcd443556ddc1123499f1/4780/14267487/1/Lexus-UX_300h-2026.jpg'},{url:'https://imagescdn.d2cmedia.ca/cb519237a40aafcd443556ddc1123499f1/4780/14267487/1/Lexus-UX_300h-2026.jpg'},{url:'https://imagescdn.d2cmedia.ca/cb519237a40aafcd443556ddc1123499f1/4780/14267487/2/Lexus-UX_300h-2026.jpg'},{url:'https://imagescdn.d2cmedia.ca/cb519237a40aafcd443556ddc1123499f1/4780/14267487/3/Lexus-UX_300h-2026.jpg'},{url:'https://imagescdn.d2cmedia.ca/cb519237a40aafcd443556ddc1123499f1/4780/14267487/4/Lexus-UX_300h-2026.jpg'},{url:'https://imagescdn.d2cmedia.ca/cb519237a40aafcd443556ddc1123499f1/4780/14267487/5/Lexus-UX_300h-2026.jpg'},{url:'https://imagescdn.d2cmedia.ca/cb519237a40aafcd443556ddc1123499f1/4780/14267487/6/Lexus-UX_300h-2026.jpg'},{url:'https://imagescdn.d2cmedia.ca/cb519237a40aafcd443556ddc1123499f1/4780/14267487/7/Lexus-UX_300h-2026.jpg'},{url:'https://imagescdn.d2cmedia.ca/cb519237a40aafcd443556ddc1123499f1/4780/14267487/8/Lexus-UX_300h-2026.jpg'}]",90,KM,https://www.lexusofvaughan.com/new/inventory/2026-Lexus-UX_300h-id14267487.html,2026 Lexus UX 300h PREMIUM PACKAGE at Lexus of Vaughan,48000 CAD,New,Atomic Silver,Black,4780,Lexus of Vaughan,+1-905-588-1010,"{addr1: '98 Auto Vaughan Drive', city: 'Vaughan', region: 'Ontario', postal_code: 'L6A 4A1', country: 'CA'}",43.8361240000,-79.5362510000,,,,,https://www.lexusofvaughan.com/privacy-policy.html,New,4780,In stock,,48000 CAD,Free,
JTHUCJDH8T2020163,JTHUCJDH8T2020163,26-764,Lexus,UX 300h,F SPROT DESIGN,2026,AUTOMATIC,SUV,HYBRID,,"2026 Lexus UX 300h F SPROT DESIGN, Ultra White W/black Roof exterior","[{url:'https://imagescdn.d2cmedia.ca/cbdf76a821a7daec68dbadbaa8c5e2e050/4780/14273169/1/Lexus-UX-2026.jpg'},{url:'https://imagescdn.d2cmedia.ca/s8df76a821a7daec68dbadbaa8c5e2e050/4780/14273169/1/Lexus-UX_300h-2026.jpg'},{url:'https://imagescdn.d2cmedia.ca/cbdf76a821a7daec68dbadbaa8c5e2e050/4780/14273169/1/Lexus-UX_300h-2026.jpg'},{url:'https://imagescdn.d2cmedia.ca/cbdf76a821a7daec68dbadbaa8c5e2e050/4780/14273169/2/Lexus-UX_300h-2026.jpg'},{url:'https://imagescdn.d2cmedia.ca/cbdf76a821a7daec68dbadbaa8c5e2e050/4780/14273169/3/Lexus-UX_300h-2026.jpg'},{url:'https://imagescdn.d2cmedia.ca/cbdf76a821a7daec68dbadbaa8c5e2e050/4780/14273169/4/Lexus-UX_300h-2026.jpg'},{url:'https://imagescdn.d2cmedia.ca/cbdf76a821a7daec68dbadbaa8c5e2e050/4780/14273169/5/Lexus-UX_300h-2026.jpg'},{url:'https://imagescdn.d2cmedia.ca/cbdf76a821a7daec68dbadbaa8c5e2e050/4780/14273169/6/Lexus-UX_300h-2026.jpg'},{url:'https://imagescdn.d2cmedia.ca/cbdf76a821a7daec68dbadbaa8c5e2e050/4780/14273169/7/Lexus-UX_300h-2026.jpg'},{url:'https://imagescdn.d2cmedia.ca/cbdf76a821a7daec68dbadbaa8c5e2e050/4780/14273169/8/Lexus-UX_300h-2026.jpg'}]",90,KM,https://www.lexusofvaughan.com/new/inventory/2026-Lexus-UX_300h-id14273169.html,2026 Lexus UX 300h F SPROT DESIGN at Lexus of Vaughan,49460 CAD,New,Ultra White W/black Roof,Black,4780,Lexus of Vaughan,+1-905-588-1010,"{addr1: '98 Auto Vaughan Drive', city: 'Vaughan', region: 'Ontario', postal_code: 'L6A 4A1', country: 'CA'}",43.8361240000,-79.5362510000,,,,,https://www.lexusofvaughan.com/privacy-policy.html,New,4780,In stock,,49460 CAD,Free,
JTHUCJDH4T2015008,JTHUCJDH4T2015008,26-770,Lexus,UX 300h,F SPORT 2,2026,AUTOMATIC,SUV,HYBRID,,"2026 Lexus UX 300h F SPORT 2, Ultrasonic Blue Mica 2.0 W/black Roof exterior","[{url:'https://imagescdn.d2cmedia.ca/cb122ddd9ba84095208d41ba1a1c0e6194/4780/14279898/1/Lexus-UX-2026.jpg'},{url:'https://imagescdn.d2cmedia.ca/s8122ddd9ba84095208d41ba1a1c0e6194/4780/14279898/1/Lexus-UX_300h-2026.jpg'},{url:'https://imagescdn.d2cmedia.ca/cb122ddd9ba84095208d41ba1a1c0e6194/4780/14279898/1/Lexus-UX_300h-2026.jpg'},{url:'https://imagescdn.d2cmedia.ca/cb122ddd9ba84095208d41ba1a1c0e6194/4780/14279898/2/Lexus-UX_300h-2026.jpg'},{url:'https://imagescdn.d2cmedia.ca/cb122ddd9ba84095208d41ba1a1c0e6194/4780/14279898/3/Lexus-UX_300h-2026.jpg'},{url:'https://imagescdn.d2cmedia.ca/cb122ddd9ba84095208d41ba1a1c0e6194/4780/14279898/4/Lexus-UX_300h-2026.jpg'},{url:'https://imagescdn.d2cmedia.ca/cb122ddd9ba84095208d41ba1a1c0e6194/4780/14279898/5/Lexus-UX_300h-2026.jpg'},{url:'https://imagescdn.d2cmedia.ca/cb122ddd9ba84095208d41ba1a1c0e6194/4780/14279898/6/Lexus-UX_300h-2026.jpg'},{url:'https://imagescdn.d2cmedia.ca/cb122ddd9ba84095208d41ba1a1c0e6194/4780/14279898/7/Lexus-UX_300h-2026.jpg'},{url:'https://imagescdn.d2cmedia.ca/cb122ddd9ba84095208d41ba1a1c0e6194/4780/14279898/8/Lexus-UX_300h-2026.jpg'}]",90,KM,https://www.lexusofvaughan.com/new/inventory/2026-Lexus-UX_300h-id14279898.html,2026 Lexus UX 300h F SPORT 2 at Lexus of Vaughan,56127 CAD,New,Ultrasonic Blue Mica 2.0 W/black Roof,Black,4780,Lexus of Vaughan,+1-905-588-1010,"{addr1: '98 Auto Vaughan Drive', city: 'Vaughan', region: 'Ontario', postal_code: 'L6A 4A1', country: 'CA'}",43.8361240000,-79.5362510000,,,,,https://www.lexusofvaughan.com/privacy-policy.html,New,4780,In stock,,56127 CAD,Free,
JTHUCJDH4T2020371,JTHUCJDH4T2020371,26-787,Lexus,UX 300h,PREMIUM PACKAGE,2026,AUTOMATIC,SUV,HYBRID,,"2026 Lexus UX 300h PREMIUM PACKAGE, Atomic Silver exterior","[{url:'https://imagescdn.d2cmedia.ca/cbc727d4c271be8870d2807c0d17d10afd/4780/14320837/1/Lexus-UX-2026.jpg'},{url:'https://imagescdn.d2cmedia.ca/s8c727d4c271be8870d2807c0d17d10afd/4780/14320837/1/Lexus-UX_300h-2026.jpg'},{url:'https://imagescdn.d2cmedia.ca/cbc727d4c271be8870d2807c0d17d10afd/4780/14320837/1/Lexus-UX_300h-2026.jpg'},{url:'https://imagescdn.d2cmedia.ca/cbc727d4c271be8870d2807c0d17d10afd/4780/14320837/2/Lexus-UX_300h-2026.jpg'},{url:'https://imagescdn.d2cmedia.ca/cbc727d4c271be8870d2807c0d17d10afd/4780/14320837/3/Lexus-UX_300h-2026.jpg'},{url:'https://imagescdn.d2cmedia.ca/cbc727d4c271be8870d2807c0d17d10afd/4780/14320837/4/Lexus-UX_300h-2026.jpg'},{url:'https://imagescdn.d2cmedia.ca/cbc727d4c271be8870d2807c0d17d10afd/4780/14320837/5/Lexus-UX_300h-2026.jpg'},{url:'https://imagescdn.d2cmedia.ca/cbc727d4c271be8870d2807c0d17d10afd/4780/14320837/6/Lexus-UX_300h-2026.jpg'},{url:'https://imagescdn.d2cmedia.ca/cbc727d4c271be8870d2807c0d17d10afd/4780/14320837/7/Lexus-UX_300h-2026.jpg'},{url:'https://imagescdn.d2cmedia.ca/cbc727d4c271be8870d2807c0d17d10afd/4780/14320837/8/Lexus-UX_300h-2026.jpg'}]",90,KM,https://www.lexusofvaughan.com/new/inventory/2026-Lexus-UX_300h-id14320837.html,2026 Lexus UX 300h PREMIUM PACKAGE at Lexus of Vaughan,47350 CAD,New,Atomic Silver,Black,4780,Lexus of Vaughan,+1-905-588-1010,"{addr1: '98 Auto Vaughan Drive', city: 'Vaughan', region: 'Ontario', postal_code: 'L6A 4A1', country: 'CA'}",43.8361240000,-79.5362510000,,,,,https://www.lexusofvaughan.com/privacy-policy.html,New,4780,In stock,,47350 CAD,Free,
JTHUCJDH0T2020268,JTHUCJDH0T2020268,26-788,Lexus,UX 300h,PREMIUM PACKAGE,2026,AUTOMATIC,SUV,HYBRID,,"2026 Lexus UX 300h PREMIUM PACKAGE, Atomic Silver exterior","[{url:'https://imagescdn.d2cmedia.ca/cb62f13f2239943613e80a2918dd4bbc1d/4780/14320838/1/Lexus-UX-2026.jpg'},{url:'https://imagescdn.d2cmedia.ca/s862f13f2239943613e80a2918dd4bbc1d/4780/14320838/1/Lexus-UX_300h-2026.jpg'},{url:'https://imagescdn.d2cmedia.ca/cb62f13f2239943613e80a2918dd4bbc1d/4780/14320838/1/Lexus-UX_300h-2026.jpg'},{url:'https://imagescdn.d2cmedia.ca/cb62f13f2239943613e80a2918dd4bbc1d/4780/14320838/2/Lexus-UX_300h-2026.jpg'},{url:'https://imagescdn.d2cmedia.ca/cb62f13f2239943613e80a2918dd4bbc1d/4780/14320838/3/Lexus-UX_300h-2026.jpg'},{url:'https://imagescdn.d2cmedia.ca/cb62f13f2239943613e80a2918dd4bbc1d/4780/14320838/4/Lexus-UX_300h-2026.jpg'},{url:'https://imagescdn.d2cmedia.ca/cb62f13f2239943613e80a2918dd4bbc1d/4780/14320838/5/Lexus-UX_300h-2026.jpg'},{url:'https://imagescdn.d2cmedia.ca/cb62f13f2239943613e80a2918dd4bbc1d/4780/14320838/6/Lexus-UX_300h-2026.jpg'},{url:'https://imagescdn.d2cmedia.ca/cb62f13f2239943613e80a2918dd4bbc1d/4780/14320838/7/Lexus-UX_300h-2026.jpg'},{url:'https://imagescdn.d2cmedia.ca/cb62f13f2239943613e80a2918dd4bbc1d/4780/14320838/8/Lexus-UX_300h-2026.jpg'}]",90,KM,https://www.lexusofvaughan.com/new/inventory/2026-Lexus-UX_300h-id14320838.html,2026 Lexus UX 300h PREMIUM PACKAGE at Lexus of Vaughan,48000 CAD,New,Atomic Silver,Black,4780,Lexus of Vaughan,+1-905-588-1010,"{addr1: '98 Auto Vaughan Drive', city: 'Vaughan', region: 'Ontario', postal_code: 'L6A 4A1', country: 'CA'}",43.8361240000,-79.5362510000,,,,,https://www.lexusofvaughan.com/privacy-policy.html,New,4780,In stock,,48000 CAD,Free,
2T2BAMCA2TC163126,2T2BAMCA2TC163126,26-798,Lexus,RX 350,F SPORT 2,2026,AUTOMATIC,SUV,GASOLINE,,"2026 Lexus RX 350 F SPORT 2, Caviar exterior","[{url:'https://imagescdn.d2cmedia.ca/cb5c0e3c233efaf72594f4ed7dfb04a976/4780/14365690/1/Lexus-RX-2026.jpg'},{url:'https://imagescdn.d2cmedia.ca/s85c0e3c233efaf72594f4ed7dfb04a976/4780/14365690/1/Lexus-RX_350-2026.jpg'},{url:'https://imagescdn.d2cmedia.ca/cb5c0e3c233efaf72594f4ed7dfb04a976/4780/14365690/1/Lexus-RX_350-2026.jpg'},{url:'https://imagescdn.d2cmedia.ca/cb5c0e3c233efaf72594f4ed7dfb04a976/4780/14365690/2/Lexus-RX_350-2026.jpg'},{url:'https://imagescdn.d2cmedia.ca/cb5c0e3c233efaf72594f4ed7dfb04a976/4780/14365690/3/Lexus-RX_350-2026.jpg'},{url:'https://imagescdn.d2cmedia.ca/cb5c0e3c233efaf72594f4ed7dfb04a976/4780/14365690/4/Lexus-RX_350-2026.jpg'},{url:'https://imagescdn.d2cmedia.ca/cb5c0e3c233efaf72594f4ed7dfb04a976/4780/14365690/5/Lexus-RX_350-2026.jpg'},{url:'https://imagescdn.d2cmedia.ca/cb5c0e3c233efaf72594f4ed7dfb04a976/4780/14365690/6/Lexus-RX_350-2026.jpg'},{url:'https://imagescdn.d2cmedia.ca/cb5c0e3c233efaf72594f4ed7dfb04a976/4780/14365690/7/Lexus-RX_350-2026.jpg'},{url:'https://imagescdn.d2cmedia.ca/cb5c0e3c233efaf72594f4ed7dfb04a976/4780/14365690/8/Lexus-RX_350-2026.jpg'}]",90,KM,https://www.lexusofvaughan.com/new/inventory/2026-Lexus-RX_350-id14365690.html,2026 Lexus RX 350 F SPORT 2 at Lexus of Vaughan,73999 CAD,New,Caviar,Rioja Red,4780,Lexus of Vaughan,+1-905-588-1010,"{addr1: '98 Auto Vaughan Drive', city: 'Vaughan', region: 'Ontario', postal_code: 'L6A 4A1', country: 'CA'}",43.8361240000,-79.5362510000,,,,,https://www.lexusofvaughan.com/privacy-policy.html,New,4780,In stock,,73999 CAD,Free,
5TDAAAB61TS092343,5TDAAAB61TS092343,26-802-new,Lexus,TX 350,EXECUTIVE PACKAGE,2026,AUTOMATIC,SUV,GASOLINE,,"2026 Lexus TX 350 EXECUTIVE PACKAGE, Caviar exterior","[{url:'https://imagescdn.d2cmedia.ca/cb47821f32630f22274a0824a9eb1440e0/4780/14365694/1/Lexus-TX-2026.jpg'},{url:'https://imagescdn.d2cmedia.ca/s847821f32630f22274a0824a9eb1440e0/4780/14365694/1/Lexus-TX_350-2026.jpg'},{url:'https://imagescdn.d2cmedia.ca/cb47821f32630f22274a0824a9eb1440e0/4780/14365694/1/Lexus-TX_350-2026.jpg'},{url:'https://imagescdn.d2cmedia.ca/cb47821f32630f22274a0824a9eb1440e0/4780/14365694/2/Lexus-TX_350-2026.jpg'},{url:'https://imagescdn.d2cmedia.ca/cb47821f32630f22274a0824a9eb1440e0/4780/14365694/3/Lexus-TX_350-2026.jpg'},{url:'https://imagescdn.d2cmedia.ca/cb47821f32630f22274a0824a9eb1440e0/4780/14365694/4/Lexus-TX_350-2026.jpg'},{url:'https://imagescdn.d2cmedia.ca/cb47821f32630f22274a0824a9eb1440e0/4780/14365694/5/Lexus-TX_350-2026.jpg'},{url:'https://imagescdn.d2cmedia.ca/cb47821f32630f22274a0824a9eb1440e0/4780/14365694/6/Lexus-TX_350-2026.jpg'},{url:'https://imagescdn.d2cmedia.ca/cb47821f32630f22274a0824a9eb1440e0/4780/14365694/7/Lexus-TX_350-2026.jpg'},{url:'https://imagescdn.d2cmedia.ca/cb47821f32630f22274a0824a9eb1440e0/4780/14365694/8/Lexus-TX_350-2026.jpg'}]",90,KM,https://www.lexusofvaughan.com/new/inventory/2026-Lexus-TX_350-id14365694.html,2026 Lexus TX 350 EXECUTIVE PACKAGE at Lexus of Vaughan,84811 CAD,New,Caviar,Black,4780,Lexus of Vaughan,+1-905-588-1010,"{addr1: '98 Auto Vaughan Drive', city: 'Vaughan', region: 'Ontario', postal_code: 'L6A 4A1', country: 'CA'}",43.8361240000,-79.5362510000,,,,,https://www.lexusofvaughan.com/privacy-policy.html,New,4780,In stock,,84811 CAD,Free,
JTHUCJDH3T2020667,JTHUCJDH3T2020667,26-803,Lexus,UX 300h,PREMIUM PACKAGE,2026,AUTOMATIC,SUV,HYBRID,,"2026 Lexus UX 300h PREMIUM PACKAGE, Caviar exterior","[{url:'https://imagescdn.d2cmedia.ca/cb1c48f3fa57dad75d999e2c925d8101c1/4780/14365695/1/Lexus-UX-2026.jpg'},{url:'https://imagescdn.d2cmedia.ca/s81c48f3fa57dad75d999e2c925d8101c1/4780/14365695/1/Lexus-UX_300h-2026.jpg'},{url:'https://imagescdn.d2cmedia.ca/cb1c48f3fa57dad75d999e2c925d8101c1/4780/14365695/1/Lexus-UX_300h-2026.jpg'},{url:'https://imagescdn.d2cmedia.ca/cb1c48f3fa57dad75d999e2c925d8101c1/4780/14365695/2/Lexus-UX_300h-2026.jpg'},{url:'https://imagescdn.d2cmedia.ca/cb1c48f3fa57dad75d999e2c925d8101c1/4780/14365695/3/Lexus-UX_300h-2026.jpg'},{url:'https://imagescdn.d2cmedia.ca/cb1c48f3fa57dad75d999e2c925d8101c1/4780/14365695/4/Lexus-UX_300h-2026.jpg'},{url:'https://imagescdn.d2cmedia.ca/cb1c48f3fa57dad75d999e2c925d8101c1/4780/14365695/5/Lexus-UX_300h-2026.jpg'},{url:'https://imagescdn.d2cmedia.ca/cb1c48f3fa57dad75d999e2c925d8101c1/4780/14365695/6/Lexus-UX_300h-2026.jpg'},{url:'https://imagescdn.d2cmedia.ca/cb1c48f3fa57dad75d999e2c925d8101c1/4780/14365695/7/Lexus-UX_300h-2026.jpg'},{url:'https://imagescdn.d2cmedia.ca/cb1c48f3fa57dad75d999e2c925d8101c1/4780/14365695/8/Lexus-UX_300h-2026.jpg'}]",90,KM,https://www.lexusofvaughan.com/new/inventory/2026-Lexus-UX_300h-id14365695.html,2026 Lexus UX 300h PREMIUM PACKAGE at Lexus of Vaughan,48245 CAD,New,Caviar,Black,4780,Lexus of Vaughan,+1-905-588-1010,"{addr1: '98 Auto Vaughan Drive', city: 'Vaughan', region: 'Ontario', postal_code: 'L6A 4A1', country: 'CA'}",43.8361240000,-79.5362510000,,,,,https://www.lexusofvaughan.com/privacy-policy.html,New,4780,In stock,,48245 CAD,Free,
2T2BAMCA3TC163314,2T2BAMCA3TC163314,26-808,Lexus,RX 350,LUXURY PACKAGE,2026,AUTOMATIC,SUV,GASOLINE,,"2026 Lexus RX 350 LUXURY PACKAGE, Caviar exterior","[{url:'https://imagescdn.d2cmedia.ca/cb1d25e71e0651f13f8c5bfb23d340eb4f/4780/14371434/1/Lexus-RX-2026.jpg'},{url:'https://imagescdn.d2cmedia.ca/s81d25e71e0651f13f8c5bfb23d340eb4f/4780/14371434/1/Lexus-RX_350-2026.jpg'},{url:'https://imagescdn.d2cmedia.ca/cb1d25e71e0651f13f8c5bfb23d340eb4f/4780/14371434/1/Lexus-RX_350-2026.jpg'},{url:'https://imagescdn.d2cmedia.ca/cb1d25e71e0651f13f8c5bfb23d340eb4f/4780/14371434/2/Lexus-RX_350-2026.jpg'},{url:'https://imagescdn.d2cmedia.ca/cb1d25e71e0651f13f8c5bfb23d340eb4f/4780/14371434/3/Lexus-RX_350-2026.jpg'},{url:'https://imagescdn.d2cmedia.ca/cb1d25e71e0651f13f8c5bfb23d340eb4f/4780/14371434/4/Lexus-RX_350-2026.jpg'},{url:'https://imagescdn.d2cmedia.ca/cb1d25e71e0651f13f8c5bfb23d340eb4f/4780/14371434/5/Lexus-RX_350-2026.jpg'},{url:'https://imagescdn.d2cmedia.ca/cb1d25e71e0651f13f8c5bfb23d340eb4f/4780/14371434/6/Lexus-RX_350-2026.jpg'},{url:'https://imagescdn.d2cmedia.ca/cb1d25e71e0651f13f8c5bfb23d340eb4f/4780/14371434/7/Lexus-RX_350-2026.jpg'},{url:'https://imagescdn.d2cmedia.ca/cb1d25e71e0651f13f8c5bfb23d340eb4f/4780/14371434/8/Lexus-RX_350-2026.jpg'}]",90,KM,https://www.lexusofvaughan.com/new/inventory/2026-Lexus-RX_350-id14371434.html,2026 Lexus RX 350 LUXURY PACKAGE at Lexus of Vaughan,71499 CAD,New,Caviar,Beige,4780,Lexus of Vaughan,+1-905-588-1010,"{addr1: '98 Auto Vaughan Drive', city: 'Vaughan', region: 'Ontario', postal_code: 'L6A 4A1', country: 'CA'}",43.8361240000,-79.5362510000,,,,,https://www.lexusofvaughan.com/privacy-policy.html,New,4780,In stock,,71499 CAD,Free,
2T2GGCEZ8TC132237,2T2GGCEZ8TC132237,26-810,Lexus,NX 350,ULTRA LUXURY,2026,AUTOMATIC,SUV,GASOLINE,,"2026 Lexus NX 350 ULTRA LUXURY, Ultra White exterior","[{url:'https://imagescdn.d2cmedia.ca/cb42412d0965909cbc2d9880084afd1e61/4780/14371436/1/Lexus-NX-2026.jpg'},{url:'https://imagescdn.d2cmedia.ca/s842412d0965909cbc2d9880084afd1e61/4780/14371436/1/Lexus-NX_350-2026.jpg'},{url:'https://imagescdn.d2cmedia.ca/cb42412d0965909cbc2d9880084afd1e61/4780/14371436/1/Lexus-NX_350-2026.jpg'},{url:'https://imagescdn.d2cmedia.ca/cb42412d0965909cbc2d9880084afd1e61/4780/14371436/2/Lexus-NX_350-2026.jpg'},{url:'https://imagescdn.d2cmedia.ca/cb42412d0965909cbc2d9880084afd1e61/4780/14371436/3/Lexus-NX_350-2026.jpg'},{url:'https://imagescdn.d2cmedia.ca/cb42412d0965909cbc2d9880084afd1e61/4780/14371436/4/Lexus-NX_350-2026.jpg'},{url:'https://imagescdn.d2cmedia.ca/cb42412d0965909cbc2d9880084afd1e61/4780/14371436/5/Lexus-NX_350-2026.jpg'},{url:'https://imagescdn.d2cmedia.ca/cb42412d0965909cbc2d9880084afd1e61/4780/14371436/6/Lexus-NX_350-2026.jpg'},{url:'https://imagescdn.d2cmedia.ca/cb42412d0965909cbc2d9880084afd1e61/4780/14371436/7/Lexus-NX_350-2026.jpg'},{url:'https://imagescdn.d2cmedia.ca/cb42412d0965909cbc2d9880084afd1e61/4780/14371436/8/Lexus-NX_350-2026.jpg'}]",90,KM,https://www.lexusofvaughan.com/new/inventory/2026-Lexus-NX_350-id14371436.html,2026 Lexus NX 350 ULTRA LUXURY at Lexus of Vaughan,67037 CAD,New,Ultra White,Black,4780,Lexus of Vaughan,+1-905-588-1010,"{addr1: '98 Auto Vaughan Drive', city: 'Vaughan', region: 'Ontario', postal_code: 'L6A 4A1', country: 'CA'}",43.8361240000,-79.5362510000,,,,,https://www.lexusofvaughan.com/privacy-policy.html,New,4780,In stock,,67037 CAD,Free,
2T2BAMCA0TC163481,2T2BAMCA0TC163481,26-813,Lexus,RX 350,LUXURY PACKAGE,2026,AUTOMATIC,SUV,GASOLINE,,"2026 Lexus RX 350 LUXURY PACKAGE, Caviar exterior","[{url:'https://imagescdn.d2cmedia.ca/cbbb856e33aab6b630b86ca6374a437834/4780/14379977/1/Lexus-RX-2026.jpg'},{url:'https://imagescdn.d2cmedia.ca/s8bb856e33aab6b630b86ca6374a437834/4780/14379977/1/Lexus-RX_350-2026.jpg'},{url:'https://imagescdn.d2cmedia.ca/cbbb856e33aab6b630b86ca6374a437834/4780/14379977/1/Lexus-RX_350-2026.jpg'},{url:'https://imagescdn.d2cmedia.ca/cbbb856e33aab6b630b86ca6374a437834/4780/14379977/2/Lexus-RX_350-2026.jpg'},{url:'https://imagescdn.d2cmedia.ca/cbbb856e33aab6b630b86ca6374a437834/4780/14379977/3/Lexus-RX_350-2026.jpg'},{url:'https://imagescdn.d2cmedia.ca/cbbb856e33aab6b630b86ca6374a437834/4780/14379977/4/Lexus-RX_350-2026.jpg'},{url:'https://imagescdn.d2cmedia.ca/cbbb856e33aab6b630b86ca6374a437834/4780/14379977/5/Lexus-RX_350-2026.jpg'},{url:'https://imagescdn.d2cmedia.ca/cbbb856e33aab6b630b86ca6374a437834/4780/14379977/6/Lexus-RX_350-2026.jpg'},{url:'https://imagescdn.d2cmedia.ca/cbbb856e33aab6b630b86ca6374a437834/4780/14379977/7/Lexus-RX_350-2026.jpg'},{url:'https://imagescdn.d2cmedia.ca/cbbb856e33aab6b630b86ca6374a437834/4780/14379977/8/Lexus-RX_350-2026.jpg'}]",90,KM,https://www.lexusofvaughan.com/new/inventory/2026-Lexus-RX_350-id14379977.html,2026 Lexus RX 350 LUXURY PACKAGE at Lexus of Vaughan,70604 CAD,New,Caviar,Black,4780,Lexus of Vaughan,+1-905-588-1010,"{addr1: '98 Auto Vaughan Drive', city: 'Vaughan', region: 'Ontario', postal_code: 'L6A 4A1', country: 'CA'}",43.8361240000,-79.5362510000,,,,,https://www.lexusofvaughan.com/privacy-policy.html,New,4780,In stock,,70604 CAD,Free,
2T2BAMCAXTC163522,2T2BAMCAXTC163522,26-820,Lexus,RX 350,F SPORT 2,2026,AUTOMATIC,SUV,GASOLINE,,"2026 Lexus RX 350 F SPORT 2, Ultra White exterior","[{url:'https://imagescdn.d2cmedia.ca/cb1376a0ada4d092697114a3e5240d3c43/4780/14386574/1/Lexus-RX-2026.jpg'},{url:'https://imagescdn.d2cmedia.ca/s81376a0ada4d092697114a3e5240d3c43/4780/14386574/1/Lexus-RX_350-2026.jpg'},{url:'https://imagescdn.d2cmedia.ca/cb1376a0ada4d092697114a3e5240d3c43/4780/14386574/1/Lexus-RX_350-2026.jpg'},{url:'https://imagescdn.d2cmedia.ca/cb1376a0ada4d092697114a3e5240d3c43/4780/14386574/2/Lexus-RX_350-2026.jpg'},{url:'https://imagescdn.d2cmedia.ca/cb1376a0ada4d092697114a3e5240d3c43/4780/14386574/3/Lexus-RX_350-2026.jpg'},{url:'https://imagescdn.d2cmedia.ca/cb1376a0ada4d092697114a3e5240d3c43/4780/14386574/4/Lexus-RX_350-2026.jpg'},{url:'https://imagescdn.d2cmedia.ca/cb1376a0ada4d092697114a3e5240d3c43/4780/14386574/5/Lexus-RX_350-2026.jpg'},{url:'https://imagescdn.d2cmedia.ca/cb1376a0ada4d092697114a3e5240d3c43/4780/14386574/6/Lexus-RX_350-2026.jpg'},{url:'https://imagescdn.d2cmedia.ca/cb1376a0ada4d092697114a3e5240d3c43/4780/14386574/7/Lexus-RX_350-2026.jpg'},{url:'https://imagescdn.d2cmedia.ca/cb1376a0ada4d092697114a3e5240d3c43/4780/14386574/8/Lexus-RX_350-2026.jpg'}]",90,KM,https://www.lexusofvaughan.com/new/inventory/2026-Lexus-RX_350-id14386574.html,2026 Lexus RX 350 F SPORT 2 at Lexus of Vaughan,73754 CAD,New,Ultra White,Rioja Red,4780,Lexus of Vaughan,+1-905-588-1010,"{addr1: '98 Auto Vaughan Drive', city: 'Vaughan', region: 'Ontario', postal_code: 'L6A 4A1', country: 'CA'}",43.8361240000,-79.5362510000,,,,,https://www.lexusofvaughan.com/privacy-policy.html,New,4780,In stock,,73754 CAD,Free,
2T2BAMCA4TC164634,2T2BAMCA4TC164634,26-842-new,Lexus,RX 350,EXECUTIVE PACKAGE,2026,AUTOMATIC,SUV,GASOLINE,,"2026 Lexus RX 350 EXECUTIVE PACKAGE, Iridium exterior","[{url:'https://imagescdn.d2cmedia.ca/cb0a60fe0685c49278552764f0b5e6207a/4780/14420140/1/Lexus-RX-2026.jpg'},{url:'https://imagescdn.d2cmedia.ca/s80a60fe0685c49278552764f0b5e6207a/4780/14420140/1/Lexus-RX_350-2026.jpg'},{url:'https://imagescdn.d2cmedia.ca/cb0a60fe0685c49278552764f0b5e6207a/4780/14420140/1/Lexus-RX_350-2026.jpg'},{url:'https://imagescdn.d2cmedia.ca/cb0a60fe0685c49278552764f0b5e6207a/4780/14420140/2/Lexus-RX_350-2026.jpg'},{url:'https://imagescdn.d2cmedia.ca/cb0a60fe0685c49278552764f0b5e6207a/4780/14420140/3/Lexus-RX_350-2026.jpg'},{url:'https://imagescdn.d2cmedia.ca/cb0a60fe0685c49278552764f0b5e6207a/4780/14420140/4/Lexus-RX_350-2026.jpg'},{url:'https://imagescdn.d2cmedia.ca/cb0a60fe0685c49278552764f0b5e6207a/4780/14420140/5/Lexus-RX_350-2026.jpg'},{url:'https://imagescdn.d2cmedia.ca/cb0a60fe0685c49278552764f0b5e6207a/4780/14420140/6/Lexus-RX_350-2026.jpg'},{url:'https://imagescdn.d2cmedia.ca/cb0a60fe0685c49278552764f0b5e6207a/4780/14420140/7/Lexus-RX_350-2026.jpg'},{url:'https://imagescdn.d2cmedia.ca/cb0a60fe0685c49278552764f0b5e6207a/4780/14420140/8/Lexus-RX_350-2026.jpg'}]",90,KM,https://www.lexusofvaughan.com/new/inventory/2026-Lexus-RX_350-id14420140.html,2026 Lexus RX 350 EXECUTIVE PACKAGE at Lexus of Vaughan,80154 CAD,New,Iridium,Black,4780,Lexus of Vaughan,+1-905-588-1010,"{addr1: '98 Auto Vaughan Drive', city: 'Vaughan', region: 'Ontario', postal_code: 'L6A 4A1', country: 'CA'}",43.8361240000,-79.5362510000,,,,,https://www.lexusofvaughan.com/privacy-policy.html,New,4780,In stock,,80154 CAD,Free,
2T2BAMCA4TC164827,2T2BAMCA4TC164827,26-844-new,Lexus,RX 350,ULTRA LUXURY,2026,AUTOMATIC,SUV,GASOLINE,,"2026 Lexus RX 350 ULTRA LUXURY, Eminent White Pearl exterior","[{url:'https://imagescdn.d2cmedia.ca/cb70fee29bc4fd0d06e0804af6c52152f5/4780/14427334/1/Lexus-RX-2026.jpg'},{url:'https://imagescdn.d2cmedia.ca/s870fee29bc4fd0d06e0804af6c52152f5/4780/14427334/1/Lexus-RX_350-2026.jpg'},{url:'https://imagescdn.d2cmedia.ca/cb70fee29bc4fd0d06e0804af6c52152f5/4780/14427334/1/Lexus-RX_350-2026.jpg'},{url:'https://imagescdn.d2cmedia.ca/cb70fee29bc4fd0d06e0804af6c52152f5/4780/14427334/2/Lexus-RX_350-2026.jpg'},{url:'https://imagescdn.d2cmedia.ca/cb70fee29bc4fd0d06e0804af6c52152f5/4780/14427334/3/Lexus-RX_350-2026.jpg'},{url:'https://imagescdn.d2cmedia.ca/cb70fee29bc4fd0d06e0804af6c52152f5/4780/14427334/4/Lexus-RX_350-2026.jpg'},{url:'https://imagescdn.d2cmedia.ca/cb70fee29bc4fd0d06e0804af6c52152f5/4780/14427334/5/Lexus-RX_350-2026.jpg'},{url:'https://imagescdn.d2cmedia.ca/cb70fee29bc4fd0d06e0804af6c52152f5/4780/14427334/6/Lexus-RX_350-2026.jpg'},{url:'https://imagescdn.d2cmedia.ca/cb70fee29bc4fd0d06e0804af6c52152f5/4780/14427334/7/Lexus-RX_350-2026.jpg'},{url:'https://imagescdn.d2cmedia.ca/cb70fee29bc4fd0d06e0804af6c52152f5/4780/14427334/8/Lexus-RX_350-2026.jpg'}]",90,KM,https://www.lexusofvaughan.com/new/inventory/2026-Lexus-RX_350-id14427334.html,2026 Lexus RX 350 ULTRA LUXURY at Lexus of Vaughan,74759 CAD,New,Eminent White Pearl,Black,4780,Lexus of Vaughan,+1-905-588-1010,"{addr1: '98 Auto Vaughan Drive', city: 'Vaughan', region: 'Ontario', postal_code: 'L6A 4A1', country: 'CA'}",43.8361240000,-79.5362510000,,,,,https://www.lexusofvaughan.com/privacy-policy.html,New,4780,In stock,,74759 CAD,Free,
2T2BAMCA2TC164972,2T2BAMCA2TC164972,26-849-new,Lexus,RX 350,ULTRA LUXURY,2026,AUTOMATIC,SUV,GASOLINE,,"2026 Lexus RX 350 ULTRA LUXURY, Caviar exterior","[{url:'https://imagescdn.d2cmedia.ca/cbae9a5a45967d2d4694e5022471cbdfac/4780/14433051/1/Lexus-RX-2026.jpg'},{url:'https://imagescdn.d2cmedia.ca/s8ae9a5a45967d2d4694e5022471cbdfac/4780/14433051/1/Lexus-RX_350-2026.jpg'},{url:'https://imagescdn.d2cmedia.ca/cbae9a5a45967d2d4694e5022471cbdfac/4780/14433051/1/Lexus-RX_350-2026.jpg'},{url:'https://imagescdn.d2cmedia.ca/cbae9a5a45967d2d4694e5022471cbdfac/4780/14433051/2/Lexus-RX_350-2026.jpg'},{url:'https://imagescdn.d2cmedia.ca/cbae9a5a45967d2d4694e5022471cbdfac/4780/14433051/3/Lexus-RX_350-2026.jpg'},{url:'https://imagescdn.d2cmedia.ca/cbae9a5a45967d2d4694e5022471cbdfac/4780/14433051/4/Lexus-RX_350-2026.jpg'},{url:'https://imagescdn.d2cmedia.ca/cbae9a5a45967d2d4694e5022471cbdfac/4780/14433051/5/Lexus-RX_350-2026.jpg'},{url:'https://imagescdn.d2cmedia.ca/cbae9a5a45967d2d4694e5022471cbdfac/4780/14433051/6/Lexus-RX_350-2026.jpg'},{url:'https://imagescdn.d2cmedia.ca/cbae9a5a45967d2d4694e5022471cbdfac/4780/14433051/7/Lexus-RX_350-2026.jpg'},{url:'https://imagescdn.d2cmedia.ca/cbae9a5a45967d2d4694e5022471cbdfac/4780/14433051/8/Lexus-RX_350-2026.jpg'}]",90,KM,https://www.lexusofvaughan.com/new/inventory/2026-Lexus-RX_350-id14433051.html,2026 Lexus RX 350 ULTRA LUXURY at Lexus of Vaughan,75004 CAD,New,Caviar,Black,4780,Lexus of Vaughan,+1-905-588-1010,"{addr1: '98 Auto Vaughan Drive', city: 'Vaughan', region: 'Ontario', postal_code: 'L6A 4A1', country: 'CA'}",43.8361240000,-79.5362510000,,,,,https://www.lexusofvaughan.com/privacy-policy.html,New,4780,In stock,,75004 CAD,Free,
2T2BAMCA3TC165144,2T2BAMCA3TC165144,26-855-new,Lexus,RX 350,LUXURY PACKAGE,2026,AUTOMATIC,SUV,GASOLINE,,"2026 Lexus RX 350 LUXURY PACKAGE, Iridium exterior","[{url:'https://carimages.d2cmedia.ca/newcarimages/en/cb6ac7cc2b218c6/Lexus/RX/2026/1200/481305-TFVYVVJZIFBBQ0tBR0U/Gray/front45.png'},{url:'https://carimages.d2cmedia.ca/newcarimages/en/cb6ac7cc2b218c6/Lexus/RX/2026/1280/481305/grey/front_45_degree.png'},{url:'https://carimages.d2cmedia.ca/newcarimages/en/cb6ac7cc2b218c6/Lexus/RX/2026/2100/481305/grey/front_45_degree.png'},{url:'https://carimages.d2cmedia.ca/newcarimages/en/cb6ac7cc2b218c6/Lexus/RX/2026/2100/481305/grey/profile.png'},{url:'https://carimages.d2cmedia.ca/newcarimages/en/cb6ac7cc2b218c6/Lexus/RX/2026/2100/481305/grey/back_45_degree.png'},{url:'https://carimages.d2cmedia.ca/newcarimages/en/cb6ac7cc2b218c6/Lexus/RX/2026/2100/481305/grey/driver_dashboard.png'},{url:'https://carimages.d2cmedia.ca/newcarimages/en/cb6ac7cc2b218c6/Lexus/RX/2026/2100/481305/grey/full_dashboard.png'},{url:'https://carimages.d2cmedia.ca/newcarimages/en/cb6ac7cc2b218c6/Lexus/RX/2026/2100/481305/grey/interior_driver_open_seat.png'},{url:'https://carimages.d2cmedia.ca/newcarimages/en/cb6ac7cc2b218c6/Lexus/RX/2026/2100/481305/grey/interior_driver_stereo.png'},{url:'https://carimages.d2cmedia.ca/newcarimages/en/cb6ac7cc2b218c6/Lexus/RX/2026/2100/481305/grey/interior_driver_reat_seats.png'}]",90,KM,https://www.lexusofvaughan.com/new/inventory/2026-Lexus-RX_350-id14439699.html,2026 Lexus RX 350 LUXURY PACKAGE at Lexus of Vaughan,72149 CAD,New,Iridium,Beige,4780,Lexus of Vaughan,+1-905-588-1010,"{addr1: '98 Auto Vaughan Drive', city: 'Vaughan', region: 'Ontario', postal_code: 'L6A 4A1', country: 'CA'}",43.8361240000,-79.5362510000,,,,,https://www.lexusofvaughan.com/privacy-policy.html,New,4780,In stock,,72149 CAD,Free,
2T2BAMCA2TC165667,2T2BAMCA2TC165667,26-868-new,Lexus,RX 350,PREMIUM PACKAGE,2026,AUTOMATIC,SUV,GASOLINE,,"2026 Lexus RX 350 PREMIUM PACKAGE, Eminent White Pearl exterior","[{url:'https://imagescdn.d2cmedia.ca/cb8b2978b2bf3e10744b4870f558d8b362/4780/14454893/1/Lexus-RX-2026.jpg'},{url:'https://imagescdn.d2cmedia.ca/s88b2978b2bf3e10744b4870f558d8b362/4780/14454893/1/Lexus-RX_350-2026.jpg'},{url:'https://imagescdn.d2cmedia.ca/cb8b2978b2bf3e10744b4870f558d8b362/4780/14454893/1/Lexus-RX_350-2026.jpg'},{url:'https://imagescdn.d2cmedia.ca/cb8b2978b2bf3e10744b4870f558d8b362/4780/14454893/2/Lexus-RX_350-2026.jpg'},{url:'https://imagescdn.d2cmedia.ca/cb8b2978b2bf3e10744b4870f558d8b362/4780/14454893/3/Lexus-RX_350-2026.jpg'},{url:'https://imagescdn.d2cmedia.ca/cb8b2978b2bf3e10744b4870f558d8b362/4780/14454893/4/Lexus-RX_350-2026.jpg'},{url:'https://imagescdn.d2cmedia.ca/cb8b2978b2bf3e10744b4870f558d8b362/4780/14454893/5/Lexus-RX_350-2026.jpg'},{url:'https://imagescdn.d2cmedia.ca/cb8b2978b2bf3e10744b4870f558d8b362/4780/14454893/6/Lexus-RX_350-2026.jpg'},{url:'https://imagescdn.d2cmedia.ca/cb8b2978b2bf3e10744b4870f558d8b362/4780/14454893/7/Lexus-RX_350-2026.jpg'},{url:'https://imagescdn.d2cmedia.ca/cb8b2978b2bf3e10744b4870f558d8b362/4780/14454893/8/Lexus-RX_350-2026.jpg'}]",0,KM,https://www.lexusofvaughan.com/new/inventory/2026-Lexus-RX_350-id14454893.html,2026 Lexus RX 350 PREMIUM PACKAGE at Lexus of Vaughan,63840 CAD,New,Eminent White Pearl,Black,4780,Lexus of Vaughan,+1-905-588-1010,"{addr1: '98 Auto Vaughan Drive', city: 'Vaughan', region: 'Ontario', postal_code: 'L6A 4A1', country: 'CA'}",43.8361240000,-79.5362510000,,,,,https://www.lexusofvaughan.com/privacy-policy.html,New,4780,In stock,,63840 CAD,Free,
2T2BAMCA1TC165644,2T2BAMCA1TC165644,26-869-new,Lexus,RX 350,ULTRA LUXURY,2026,AUTOMATIC,SUV,GASOLINE,,"2026 Lexus RX 350 ULTRA LUXURY, Iridium exterior","[{url:'https://imagescdn.d2cmedia.ca/cbfa740f46897930143e351dabd94ae6e1/4780/14454894/1/Lexus-RX-2026.jpg'},{url:'https://imagescdn.d2cmedia.ca/s8fa740f46897930143e351dabd94ae6e1/4780/14454894/1/Lexus-RX_350-2026.jpg'},{url:'https://imagescdn.d2cmedia.ca/cbfa740f46897930143e351dabd94ae6e1/4780/14454894/1/Lexus-RX_350-2026.jpg'},{url:'https://imagescdn.d2cmedia.ca/cbfa740f46897930143e351dabd94ae6e1/4780/14454894/2/Lexus-RX_350-2026.jpg'},{url:'https://imagescdn.d2cmedia.ca/cbfa740f46897930143e351dabd94ae6e1/4780/14454894/3/Lexus-RX_350-2026.jpg'},{url:'https://imagescdn.d2cmedia.ca/cbfa740f46897930143e351dabd94ae6e1/4780/14454894/4/Lexus-RX_350-2026.jpg'},{url:'https://imagescdn.d2cmedia.ca/cbfa740f46897930143e351dabd94ae6e1/4780/14454894/5/Lexus-RX_350-2026.jpg'},{url:'https://imagescdn.d2cmedia.ca/cbfa740f46897930143e351dabd94ae6e1/4780/14454894/6/Lexus-RX_350-2026.jpg'},{url:'https://imagescdn.d2cmedia.ca/cbfa740f46897930143e351dabd94ae6e1/4780/14454894/7/Lexus-RX_350-2026.jpg'},{url:'https://imagescdn.d2cmedia.ca/cbfa740f46897930143e351dabd94ae6e1/4780/14454894/8/Lexus-RX_350-2026.jpg'}]",0,KM,https://www.lexusofvaughan.com/new/inventory/2026-Lexus-RX_350-id14454894.html,2026 Lexus RX 350 ULTRA LUXURY at Lexus of Vaughan,74759 CAD,New,Iridium,Black,4780,Lexus of Vaughan,+1-905-588-1010,"{addr1: '98 Auto Vaughan Drive', city: 'Vaughan', region: 'Ontario', postal_code: 'L6A 4A1', country: 'CA'}",43.8361240000,-79.5362510000,,,,,https://www.lexusofvaughan.com/privacy-policy.html,New,4780,In stock,,74759 CAD,Free,
2T2BAMCA5TC165727,2T2BAMCA5TC165727,26-870-new,Lexus,RX 350,F SPORT 2,2026,AUTOMATIC,SUV,GASOLINE,,"2026 Lexus RX 350 F SPORT 2, Cloudburst Grey exterior","[{url:'https://carimages.d2cmedia.ca/newcarimages/en/cb6ac7cc2b218c6/Lexus/RX/2026/1200/481305-RiBTUE9SVCAy/X43454A/front45.png'},{url:'https://carimages.d2cmedia.ca/newcarimages/en/cb6ac7cc2b218c6/Lexus/RX/2026/1280/481305/X43454a/front_45_degree.png'},{url:'https://carimages.d2cmedia.ca/newcarimages/en/cb6ac7cc2b218c6/Lexus/RX/2026/2100/481305/X43454a/front_45_degree.png'},{url:'https://carimages.d2cmedia.ca/newcarimages/en/cb6ac7cc2b218c6/Lexus/RX/2026/2100/481305/X43454a/profile.png'},{url:'https://carimages.d2cmedia.ca/newcarimages/en/cb6ac7cc2b218c6/Lexus/RX/2026/2100/481305/X43454a/back_45_degree.png'},{url:'https://carimages.d2cmedia.ca/newcarimages/en/cb6ac7cc2b218c6/Lexus/RX/2026/2100/481305/X43454a/driver_dashboard.png'},{url:'https://carimages.d2cmedia.ca/newcarimages/en/cb6ac7cc2b218c6/Lexus/RX/2026/2100/481305/X43454a/full_dashboard.png'},{url:'https://carimages.d2cmedia.ca/newcarimages/en/cb6ac7cc2b218c6/Lexus/RX/2026/2100/481305/X43454a/interior_driver_open_seat.png'},{url:'https://carimages.d2cmedia.ca/newcarimages/en/cb6ac7cc2b218c6/Lexus/RX/2026/2100/481305/X43454a/interior_driver_stereo.png'},{url:'https://carimages.d2cmedia.ca/newcarimages/en/cb6ac7cc2b218c6/Lexus/RX/2026/2100/481305/X43454a/interior_driver_reat_seats.png'}]",0,KM,https://www.lexusofvaughan.com/new/inventory/2026-Lexus-RX_350-id14454895.html,2026 Lexus RX 350 F SPORT 2 at Lexus of Vaughan,73754 CAD,New,Cloudburst Grey,Rioja Red,4780,Lexus of Vaughan,+1-905-588-1010,"{addr1: '98 Auto Vaughan Drive', city: 'Vaughan', region: 'Ontario', postal_code: 'L6A 4A1', country: 'CA'}",43.8361240000,-79.5362510000,,,,,https://www.lexusofvaughan.com/privacy-policy.html,New,4780,In stock,,73754 CAD,Free,
2T2BAMCA0TC165778,2T2BAMCA0TC165778,26-872-new,Lexus,RX 350,ULTRA LUXURY,2026,AUTOMATIC,SUV,GASOLINE,,"2026 Lexus RX 350 ULTRA LUXURY, Eminent White Pearl exterior","[{url:'https://carimages.d2cmedia.ca/newcarimages/en/cb6ac7cc2b218c6/Lexus/RX/2026/1200/481305-VUxUUkEgTFVYVVJZ/XE1E1E1/front45.png'},{url:'https://carimages.d2cmedia.ca/newcarimages/en/cb6ac7cc2b218c6/Lexus/RX/2026/1280/481305/Xe1e1e1/front_45_degree.png'},{url:'https://carimages.d2cmedia.ca/newcarimages/en/cb6ac7cc2b218c6/Lexus/RX/2026/2100/481305/Xe1e1e1/front_45_degree.png'},{url:'https://carimages.d2cmedia.ca/newcarimages/en/cb6ac7cc2b218c6/Lexus/RX/2026/2100/481305/Xe1e1e1/profile.png'},{url:'https://carimages.d2cmedia.ca/newcarimages/en/cb6ac7cc2b218c6/Lexus/RX/2026/2100/481305/Xe1e1e1/back_45_degree.png'},{url:'https://carimages.d2cmedia.ca/newcarimages/en/cb6ac7cc2b218c6/Lexus/RX/2026/2100/481305/Xe1e1e1/driver_dashboard.png'},{url:'https://carimages.d2cmedia.ca/newcarimages/en/cb6ac7cc2b218c6/Lexus/RX/2026/2100/481305/Xe1e1e1/full_dashboard.png'},{url:'https://carimages.d2cmedia.ca/newcarimages/en/cb6ac7cc2b218c6/Lexus/RX/2026/2100/481305/Xe1e1e1/interior_driver_open_seat.png'},{url:'https://carimages.d2cmedia.ca/newcarimages/en/cb6ac7cc2b218c6/Lexus/RX/2026/2100/481305/Xe1e1e1/interior_driver_stereo.png'},{url:'https://carimages.d2cmedia.ca/newcarimages/en/cb6ac7cc2b218c6/Lexus/RX/2026/2100/481305/Xe1e1e1/interior_driver_reat_seats.png'}]",90,KM,https://www.lexusofvaughan.com/new/inventory/2026-Lexus-RX_350-id14462099.html,2026 Lexus RX 350 ULTRA LUXURY at Lexus of Vaughan,74759 CAD,New,Eminent White Pearl,Beige,4780,Lexus of Vaughan,+1-905-588-1010,"{addr1: '98 Auto Vaughan Drive', city: 'Vaughan', region: 'Ontario', postal_code: 'L6A 4A1', country: 'CA'}",43.8361240000,-79.5362510000,,,,,https://www.lexusofvaughan.com/privacy-policy.html,New,4780,In stock,,74759 CAD,Free,
2T2BAMCAXTC165979,2T2BAMCAXTC165979,26-880-new,Lexus,RX 350,F SPORT BLACK LINE,2026,AUTOMATIC,SUV,GASOLINE,,"2026 Lexus RX 350 F SPORT BLACK LINE, Incognito exterior","[{url:'https://imagescdn.d2cmedia.ca/cb1fc2bac3e73ff4676933e4ae8d99e564/4780/14475535/1/Lexus-RX-2026.jpg'},{url:'https://imagescdn.d2cmedia.ca/s81fc2bac3e73ff4676933e4ae8d99e564/4780/14475535/1/Lexus-RX_350-2026.jpg'},{url:'https://imagescdn.d2cmedia.ca/cb1fc2bac3e73ff4676933e4ae8d99e564/4780/14475535/1/Lexus-RX_350-2026.jpg'},{url:'https://imagescdn.d2cmedia.ca/cb1fc2bac3e73ff4676933e4ae8d99e564/4780/14475535/2/Lexus-RX_350-2026.jpg'},{url:'https://imagescdn.d2cmedia.ca/cb1fc2bac3e73ff4676933e4ae8d99e564/4780/14475535/3/Lexus-RX_350-2026.jpg'},{url:'https://imagescdn.d2cmedia.ca/cb1fc2bac3e73ff4676933e4ae8d99e564/4780/14475535/4/Lexus-RX_350-2026.jpg'},{url:'https://imagescdn.d2cmedia.ca/cb1fc2bac3e73ff4676933e4ae8d99e564/4780/14475535/5/Lexus-RX_350-2026.jpg'},{url:'https://imagescdn.d2cmedia.ca/cb1fc2bac3e73ff4676933e4ae8d99e564/4780/14475535/6/Lexus-RX_350-2026.jpg'},{url:'https://imagescdn.d2cmedia.ca/cb1fc2bac3e73ff4676933e4ae8d99e564/4780/14475535/7/Lexus-RX_350-2026.jpg'},{url:'https://imagescdn.d2cmedia.ca/cb1fc2bac3e73ff4676933e4ae8d99e564/4780/14475535/8/Lexus-RX_350-2026.jpg'}]",90,KM,https://www.lexusofvaughan.com/new/inventory/2026-Lexus-RX_350-id14475535.html,2026 Lexus RX 350 F SPORT BLACK LINE at Lexus of Vaughan,82364 CAD,New,Incognito,Black,4780,Lexus of Vaughan,+1-905-588-1010,"{addr1: '98 Auto Vaughan Drive', city: 'Vaughan', region: 'Ontario', postal_code: 'L6A 4A1', country: 'CA'}",43.8361240000,-79.5362510000,,,,,https://www.lexusofvaughan.com/privacy-policy.html,New,4780,In stock,,82364 CAD,Free,
2T2BAMCA6TC166451,2T2BAMCA6TC166451,26-893-new,Lexus,RX 350,LUXURY PACKAGE,2026,AUTOMATIC,SUV,GASOLINE,,"2026 Lexus RX 350 LUXURY PACKAGE, Cloudburst Grey exterior","[{url:'https://imagescdn.d2cmedia.ca/cb096e42418f22028f1197d039db33e81b/4780/14485606/1/Lexus-RX-2026.jpg'},{url:'https://imagescdn.d2cmedia.ca/s8096e42418f22028f1197d039db33e81b/4780/14485606/1/Lexus-RX_350-2026.jpg'},{url:'https://imagescdn.d2cmedia.ca/cb096e42418f22028f1197d039db33e81b/4780/14485606/1/Lexus-RX_350-2026.jpg'},{url:'https://imagescdn.d2cmedia.ca/cb096e42418f22028f1197d039db33e81b/4780/14485606/2/Lexus-RX_350-2026.jpg'},{url:'https://imagescdn.d2cmedia.ca/cb096e42418f22028f1197d039db33e81b/4780/14485606/3/Lexus-RX_350-2026.jpg'},{url:'https://imagescdn.d2cmedia.ca/cb096e42418f22028f1197d039db33e81b/4780/14485606/4/Lexus-RX_350-2026.jpg'},{url:'https://imagescdn.d2cmedia.ca/cb096e42418f22028f1197d039db33e81b/4780/14485606/5/Lexus-RX_350-2026.jpg'},{url:'https://imagescdn.d2cmedia.ca/cb096e42418f22028f1197d039db33e81b/4780/14485606/6/Lexus-RX_350-2026.jpg'},{url:'https://imagescdn.d2cmedia.ca/cb096e42418f22028f1197d039db33e81b/4780/14485606/7/Lexus-RX_350-2026.jpg'},{url:'https://imagescdn.d2cmedia.ca/cb096e42418f22028f1197d039db33e81b/4780/14485606/8/Lexus-RX_350-2026.jpg'}]",90,KM,https://www.lexusofvaughan.com/new/inventory/2026-Lexus-RX_350-id14485606.html,2026 Lexus RX 350 LUXURY PACKAGE at Lexus of Vaughan,71254 CAD,New,Cloudburst Grey,Black,4780,Lexus of Vaughan,+1-905-588-1010,"{addr1: '98 Auto Vaughan Drive', city: 'Vaughan', region: 'Ontario', postal_code: 'L6A 4A1', country: 'CA'}",43.8361240000,-79.5362510000,,,,,https://www.lexusofvaughan.com/privacy-policy.html,New,4780,In stock,,71254 CAD,Free,
2T2BAMCA7TC166619,2T2BAMCA7TC166619,26-897-new,Lexus,RX 350,LUXURY PACKAGE,2026,AUTOMATIC,SUV,GASOLINE,,"2026 Lexus RX 350 LUXURY PACKAGE, Eminent White Pearl exterior","[{url:'https://carimages.d2cmedia.ca/newcarimages/en/cb6ac7cc2b218c6/Lexus/RX/2026/1200/481305-TFVYVVJZIFBBQ0tBR0U/white/front45.png'},{url:'https://carimages.d2cmedia.ca/newcarimages/en/cb6ac7cc2b218c6/Lexus/RX/2026/1280/481305/white/front_45_degree.png'},{url:'https://carimages.d2cmedia.ca/newcarimages/en/cb6ac7cc2b218c6/Lexus/RX/2026/2100/481305/white/front_45_degree.png'},{url:'https://carimages.d2cmedia.ca/newcarimages/en/cb6ac7cc2b218c6/Lexus/RX/2026/2100/481305/white/profile.png'},{url:'https://carimages.d2cmedia.ca/newcarimages/en/cb6ac7cc2b218c6/Lexus/RX/2026/2100/481305/white/back_45_degree.png'},{url:'https://carimages.d2cmedia.ca/newcarimages/en/cb6ac7cc2b218c6/Lexus/RX/2026/2100/481305/white/driver_dashboard.png'},{url:'https://carimages.d2cmedia.ca/newcarimages/en/cb6ac7cc2b218c6/Lexus/RX/2026/2100/481305/white/full_dashboard.png'},{url:'https://carimages.d2cmedia.ca/newcarimages/en/cb6ac7cc2b218c6/Lexus/RX/2026/2100/481305/white/interior_driver_open_seat.png'},{url:'https://carimages.d2cmedia.ca/newcarimages/en/cb6ac7cc2b218c6/Lexus/RX/2026/2100/481305/white/interior_driver_stereo.png'},{url:'https://carimages.d2cmedia.ca/newcarimages/en/cb6ac7cc2b218c6/Lexus/RX/2026/2100/481305/white/interior_driver_reat_seats.png'}]",90,KM,https://www.lexusofvaughan.com/new/inventory/2026-Lexus-RX_350-id14490521.html,2026 Lexus RX 350 LUXURY PACKAGE at Lexus of Vaughan,71254 CAD,New,Eminent White Pearl,Beige,4780,Lexus of Vaughan,+1-905-588-1010,"{addr1: '98 Auto Vaughan Drive', city: 'Vaughan', region: 'Ontario', postal_code: 'L6A 4A1', country: 'CA'}",43.8361240000,-79.5362510000,,,,,https://www.lexusofvaughan.com/privacy-policy.html,New,4780,In stock,,71254 CAD,Free,
2T2GKCEZ2TC083907,2T2GKCEZ2TC083907,26-828,Lexus,NX 350h,ULTRA LUXURY,2026,AUTOMATIC,SUV,HYBRID,,"2026 Lexus NX 350h ULTRA LUXURY, Caviar exterior","[{url:'https://imagescdn.d2cmedia.ca/cb85dc7bbbb1b584b1a726598e71c2af9c/4780/14399166/1/Lexus-NX Hybrid-2026.jpg'},{url:'https://imagescdn.d2cmedia.ca/s885dc7bbbb1b584b1a726598e71c2af9c/4780/14399166/1/Lexus-NX_350h-2026.jpg'},{url:'https://imagescdn.d2cmedia.ca/cb85dc7bbbb1b584b1a726598e71c2af9c/4780/14399166/1/Lexus-NX_350h-2026.jpg'},{url:'https://imagescdn.d2cmedia.ca/cb85dc7bbbb1b584b1a726598e71c2af9c/4780/14399166/2/Lexus-NX_350h-2026.jpg'},{url:'https://imagescdn.d2cmedia.ca/cb85dc7bbbb1b584b1a726598e71c2af9c/4780/14399166/3/Lexus-NX_350h-2026.jpg'},{url:'https://imagescdn.d2cmedia.ca/cb85dc7bbbb1b584b1a726598e71c2af9c/4780/14399166/4/Lexus-NX_350h-2026.jpg'},{url:'https://imagescdn.d2cmedia.ca/cb85dc7bbbb1b584b1a726598e71c2af9c/4780/14399166/5/Lexus-NX_350h-2026.jpg'},{url:'https://imagescdn.d2cmedia.ca/cb85dc7bbbb1b584b1a726598e71c2af9c/4780/14399166/6/Lexus-NX_350h-2026.jpg'},{url:'https://imagescdn.d2cmedia.ca/cb85dc7bbbb1b584b1a726598e71c2af9c/4780/14399166/7/Lexus-NX_350h-2026.jpg'},{url:'https://imagescdn.d2cmedia.ca/cb85dc7bbbb1b584b1a726598e71c2af9c/4780/14399166/8/Lexus-NX_350h-2026.jpg'}]",90,KM,https://www.lexusofvaughan.com/new/inventory/2026-Lexus-NX_350h-id14399166.html,2026 Lexus NX 350h ULTRA LUXURY at Lexus of Vaughan,68437 CAD,New,Caviar,Black,4780,Lexus of Vaughan,+1-905-588-1010,"{addr1: '98 Auto Vaughan Drive', city: 'Vaughan', region: 'Ontario', postal_code: 'L6A 4A1', country: 'CA'}",43.8361240000,-79.5362510000,,,,,https://www.lexusofvaughan.com/privacy-policy.html,New,4780,In stock,,68437 CAD,Free,
2T2GKCEZ9TC085265,2T2GKCEZ9TC085265,26-879-new,Lexus,NX 350h,PREMIUM,2026,AUTOMATIC,SUV,HYBRID,,"2026 Lexus NX 350h PREMIUM, Atomic Silver exterior","[{url:'https://carimages.d2cmedia.ca/newcarimages/en/cb6ac7cc2b218c6/Lexus/NX Hybrid/2026/1200/480599-UFJFTUlVTQ/silver/front45.png'},{url:'https://carimages.d2cmedia.ca/newcarimages/en/cb6ac7cc2b218c6/Lexus/NX Hybrid/2026/1280/480599/silver/front_45_degree.png'},{url:'https://carimages.d2cmedia.ca/newcarimages/en/cb6ac7cc2b218c6/Lexus/NX Hybrid/2026/2100/480599/silver/front_45_degree.png'},{url:'https://carimages.d2cmedia.ca/newcarimages/en/cb6ac7cc2b218c6/Lexus/NX Hybrid/2026/2100/480599/silver/profile.png'},{url:'https://carimages.d2cmedia.ca/newcarimages/en/cb6ac7cc2b218c6/Lexus/NX Hybrid/2026/2100/480599/silver/back_45_degree.png'},{url:'https://carimages.d2cmedia.ca/newcarimages/en/cb6ac7cc2b218c6/Lexus/NX Hybrid/2026/2100/480599/silver/driver_dashboard.png'},{url:'https://carimages.d2cmedia.ca/newcarimages/en/cb6ac7cc2b218c6/Lexus/NX Hybrid/2026/2100/480599/silver/full_dashboard.png'},{url:'https://carimages.d2cmedia.ca/newcarimages/en/cb6ac7cc2b218c6/Lexus/NX Hybrid/2026/2100/480599/silver/interior_driver_open_seat.png'},{url:'https://carimages.d2cmedia.ca/newcarimages/en/cb6ac7cc2b218c6/Lexus/NX Hybrid/2026/2100/480599/silver/interior_driver_stereo.png'},{url:'https://carimages.d2cmedia.ca/newcarimages/en/cb6ac7cc2b218c6/Lexus/NX Hybrid/2026/2100/480599/silver/interior_driver_reat_seats.png'}]",90,KM,https://www.lexusofvaughan.com/new/inventory/2026-Lexus-NX_350h-id14475534.html,2026 Lexus NX 350h PREMIUM at Lexus of Vaughan,61225 CAD,New,Atomic Silver,Black,4780,Lexus of Vaughan,+1-905-588-1010,"{addr1: '98 Auto Vaughan Drive', city: 'Vaughan', region: 'Ontario', postal_code: 'L6A 4A1', country: 'CA'}",43.8361240000,-79.5362510000,,,,,https://www.lexusofvaughan.com/privacy-policy.html,New,4780,In stock,,61225 CAD,Free,
2T2GKCEZXTC085209,2T2GKCEZXTC085209,26-882-new,Lexus,NX 350h,EXECUTIVE,2026,AUTOMATIC,SUV,HYBRID,,"2026 Lexus NX 350h EXECUTIVE, Caviar exterior","[{url:'https://imagescdn.d2cmedia.ca/cb05cebfe42ddd4ad8c326df0b6c551296/4780/14475537/1/Lexus-NX Hybrid-2026.jpg'},{url:'https://imagescdn.d2cmedia.ca/s805cebfe42ddd4ad8c326df0b6c551296/4780/14475537/1/Lexus-NX_350h-2026.jpg'},{url:'https://imagescdn.d2cmedia.ca/cb05cebfe42ddd4ad8c326df0b6c551296/4780/14475537/1/Lexus-NX_350h-2026.jpg'},{url:'https://imagescdn.d2cmedia.ca/cb05cebfe42ddd4ad8c326df0b6c551296/4780/14475537/2/Lexus-NX_350h-2026.jpg'},{url:'https://imagescdn.d2cmedia.ca/cb05cebfe42ddd4ad8c326df0b6c551296/4780/14475537/3/Lexus-NX_350h-2026.jpg'},{url:'https://imagescdn.d2cmedia.ca/cb05cebfe42ddd4ad8c326df0b6c551296/4780/14475537/4/Lexus-NX_350h-2026.jpg'},{url:'https://imagescdn.d2cmedia.ca/cb05cebfe42ddd4ad8c326df0b6c551296/4780/14475537/5/Lexus-NX_350h-2026.jpg'},{url:'https://imagescdn.d2cmedia.ca/cb05cebfe42ddd4ad8c326df0b6c551296/4780/14475537/6/Lexus-NX_350h-2026.jpg'},{url:'https://imagescdn.d2cmedia.ca/cb05cebfe42ddd4ad8c326df0b6c551296/4780/14475537/7/Lexus-NX_350h-2026.jpg'},{url:'https://imagescdn.d2cmedia.ca/cb05cebfe42ddd4ad8c326df0b6c551296/4780/14475537/8/Lexus-NX_350h-2026.jpg'}]",90,KM,https://www.lexusofvaughan.com/new/inventory/2026-Lexus-NX_350h-id14475537.html,2026 Lexus NX 350h EXECUTIVE at Lexus of Vaughan,74078 CAD,New,Caviar,Black,4780,Lexus of Vaughan,+1-905-588-1010,"{addr1: '98 Auto Vaughan Drive', city: 'Vaughan', region: 'Ontario', postal_code: 'L6A 4A1', country: 'CA'}",43.8361240000,-79.5362510000,,,,,https://www.lexusofvaughan.com/privacy-policy.html,New,4780,In stock,,74078 CAD,Free,
JTHUCJDH1T2020845,JTHUCJDH1T2020845,26-825,Lexus,UX 300h,F SPORT DESIGN,2026,AUTOMATIC,SUV,HYBRID,,"2026 Lexus UX 300h F SPORT DESIGN, Cloudburst Grey W/black Roof exterior","[{url:'https://imagescdn.d2cmedia.ca/cba1dd0d0278723123dc56a7bddd1eb16f/4780/14392717/1/Lexus-UX-2026.jpg'},{url:'https://imagescdn.d2cmedia.ca/s8a1dd0d0278723123dc56a7bddd1eb16f/4780/14392717/1/Lexus-UX_300h-2026.jpg'},{url:'https://imagescdn.d2cmedia.ca/cba1dd0d0278723123dc56a7bddd1eb16f/4780/14392717/1/Lexus-UX_300h-2026.jpg'},{url:'https://imagescdn.d2cmedia.ca/cba1dd0d0278723123dc56a7bddd1eb16f/4780/14392717/2/Lexus-UX_300h-2026.jpg'},{url:'https://imagescdn.d2cmedia.ca/cba1dd0d0278723123dc56a7bddd1eb16f/4780/14392717/3/Lexus-UX_300h-2026.jpg'},{url:'https://imagescdn.d2cmedia.ca/cba1dd0d0278723123dc56a7bddd1eb16f/4780/14392717/4/Lexus-UX_300h-2026.jpg'},{url:'https://imagescdn.d2cmedia.ca/cba1dd0d0278723123dc56a7bddd1eb16f/4780/14392717/5/Lexus-UX_300h-2026.jpg'},{url:'https://imagescdn.d2cmedia.ca/cba1dd0d0278723123dc56a7bddd1eb16f/4780/14392717/6/Lexus-UX_300h-2026.jpg'},{url:'https://imagescdn.d2cmedia.ca/cba1dd0d0278723123dc56a7bddd1eb16f/4780/14392717/7/Lexus-UX_300h-2026.jpg'},{url:'https://imagescdn.d2cmedia.ca/cba1dd0d0278723123dc56a7bddd1eb16f/4780/14392717/8/Lexus-UX_300h-2026.jpg'}]",90,KM,https://www.lexusofvaughan.com/new/inventory/2026-Lexus-UX_300h-id14392717.html,2026 Lexus UX 300h F SPORT DESIGN at Lexus of Vaughan,49460 CAD,New,Cloudburst Grey W/black Roof,Black,4780,Lexus of Vaughan,+1-905-588-1010,"{addr1: '98 Auto Vaughan Drive', city: 'Vaughan', region: 'Ontario', postal_code: 'L6A 4A1', country: 'CA'}",43.8361240000,-79.5362510000,,,,,https://www.lexusofvaughan.com/privacy-policy.html,New,4780,In stock,,49460 CAD,Free,
JTHUCJDHXT2021010,JTHUCJDHXT2021010,26-836-new,Lexus,UX 300h,F SPORT DESIGN,2026,AUTOMATIC,SUV,HYBRID,,"2026 Lexus UX 300h F SPORT DESIGN, Cloudburst Grey W/black Roof exterior","[{url:'https://imagescdn.d2cmedia.ca/cb2932bd53fc7c7c8394fd18609a6cd344/4780/14405071/1/Lexus-UX-2026.jpg'},{url:'https://imagescdn.d2cmedia.ca/s82932bd53fc7c7c8394fd18609a6cd344/4780/14405071/1/Lexus-UX_300h-2026.jpg'},{url:'https://imagescdn.d2cmedia.ca/cb2932bd53fc7c7c8394fd18609a6cd344/4780/14405071/1/Lexus-UX_300h-2026.jpg'},{url:'https://imagescdn.d2cmedia.ca/cb2932bd53fc7c7c8394fd18609a6cd344/4780/14405071/2/Lexus-UX_300h-2026.jpg'},{url:'https://imagescdn.d2cmedia.ca/cb2932bd53fc7c7c8394fd18609a6cd344/4780/14405071/3/Lexus-UX_300h-2026.jpg'},{url:'https://imagescdn.d2cmedia.ca/cb2932bd53fc7c7c8394fd18609a6cd344/4780/14405071/4/Lexus-UX_300h-2026.jpg'},{url:'https://imagescdn.d2cmedia.ca/cb2932bd53fc7c7c8394fd18609a6cd344/4780/14405071/5/Lexus-UX_300h-2026.jpg'},{url:'https://imagescdn.d2cmedia.ca/cb2932bd53fc7c7c8394fd18609a6cd344/4780/14405071/6/Lexus-UX_300h-2026.jpg'},{url:'https://imagescdn.d2cmedia.ca/cb2932bd53fc7c7c8394fd18609a6cd344/4780/14405071/7/Lexus-UX_300h-2026.jpg'},{url:'https://imagescdn.d2cmedia.ca/cb2932bd53fc7c7c8394fd18609a6cd344/4780/14405071/8/Lexus-UX_300h-2026.jpg'}]",90,KM,https://www.lexusofvaughan.com/new/inventory/2026-Lexus-UX_300h-id14405071.html,2026 Lexus UX 300h F SPORT DESIGN at Lexus of Vaughan,50355 CAD,New,Cloudburst Grey W/black Roof,Black,4780,Lexus of Vaughan,+1-905-588-1010,"{addr1: '98 Auto Vaughan Drive', city: 'Vaughan', region: 'Ontario', postal_code: 'L6A 4A1', country: 'CA'}",43.8361240000,-79.5362510000,,,,,https://www.lexusofvaughan.com/privacy-policy.html,New,4780,In stock,,50355 CAD,Free,
JTHUCJDH1T2021090,JTHUCJDH1T2021090,26-874-new,Lexus,UX 300h,F SPORT 2,2026,AUTOMATIC,SUV,HYBRID,,"2026 Lexus UX 300h F SPORT 2, Cloudburst Grey W/black Roof exterior","[{url:'https://imagescdn.d2cmedia.ca/cb5bf0462de5e55f10921a14189d6b6962/4780/14462101/1/Lexus-UX-2026.jpg'},{url:'https://imagescdn.d2cmedia.ca/s85bf0462de5e55f10921a14189d6b6962/4780/14462101/1/Lexus-UX_300h-2026.jpg'},{url:'https://imagescdn.d2cmedia.ca/cb5bf0462de5e55f10921a14189d6b6962/4780/14462101/1/Lexus-UX_300h-2026.jpg'},{url:'https://imagescdn.d2cmedia.ca/cb5bf0462de5e55f10921a14189d6b6962/4780/14462101/2/Lexus-UX_300h-2026.jpg'},{url:'https://imagescdn.d2cmedia.ca/cb5bf0462de5e55f10921a14189d6b6962/4780/14462101/3/Lexus-UX_300h-2026.jpg'},{url:'https://imagescdn.d2cmedia.ca/cb5bf0462de5e55f10921a14189d6b6962/4780/14462101/4/Lexus-UX_300h-2026.jpg'},{url:'https://imagescdn.d2cmedia.ca/cb5bf0462de5e55f10921a14189d6b6962/4780/14462101/5/Lexus-UX_300h-2026.jpg'},{url:'https://imagescdn.d2cmedia.ca/cb5bf0462de5e55f10921a14189d6b6962/4780/14462101/6/Lexus-UX_300h-2026.jpg'},{url:'https://imagescdn.d2cmedia.ca/cb5bf0462de5e55f10921a14189d6b6962/4780/14462101/7/Lexus-UX_300h-2026.jpg'},{url:'https://imagescdn.d2cmedia.ca/cb5bf0462de5e55f10921a14189d6b6962/4780/14462101/8/Lexus-UX_300h-2026.jpg'}]",90,KM,https://www.lexusofvaughan.com/new/inventory/2026-Lexus-UX_300h-id14462101.html,2026 Lexus UX 300h F SPORT 2 at Lexus of Vaughan,56127 CAD,New,Cloudburst Grey W/black Roof,Black,4780,Lexus of Vaughan,+1-905-588-1010,"{addr1: '98 Auto Vaughan Drive', city: 'Vaughan', region: 'Ontario', postal_code: 'L6A 4A1', country: 'CA'}",43.8361240000,-79.5362510000,,,,,https://www.lexusofvaughan.com/privacy-policy.html,New,4780,In stock,,56127 CAD,Free,
JTHUCJDH6T2021229,JTHUCJDH6T2021229,26-875-new,Lexus,UX 300h,LUXURY PACKAGE,2026,AUTOMATIC,SUV,HYBRID,,"2026 Lexus UX 300h LUXURY PACKAGE, Caviar exterior","[{url:'https://carimages.d2cmedia.ca/newcarimages/en/cb6ac7cc2b218c6/Lexus/UX/2026/1200/481912-TFVYVVJZIFBBQ0tBR0U/black/front45.png'},{url:'https://carimages.d2cmedia.ca/newcarimages/en/cb6ac7cc2b218c6/Lexus/UX/2026/1280/481912/black/front_45_degree.png'},{url:'https://carimages.d2cmedia.ca/newcarimages/en/cb6ac7cc2b218c6/Lexus/UX/2026/2100/481912/black/front_45_degree.png'},{url:'https://carimages.d2cmedia.ca/newcarimages/en/cb6ac7cc2b218c6/Lexus/UX/2026/2100/481912/black/profile.png'},{url:'https://carimages.d2cmedia.ca/newcarimages/en/cb6ac7cc2b218c6/Lexus/UX/2026/2100/481912/black/back_45_degree.png'},{url:'https://carimages.d2cmedia.ca/newcarimages/en/cb6ac7cc2b218c6/Lexus/UX/2026/2100/481912/black/driver_dashboard.png'},{url:'https://carimages.d2cmedia.ca/newcarimages/en/cb6ac7cc2b218c6/Lexus/UX/2026/2100/481912/black/full_dashboard.png'},{url:'https://carimages.d2cmedia.ca/newcarimages/en/cb6ac7cc2b218c6/Lexus/UX/2026/2100/481912/black/interior_driver_open_seat.png'},{url:'https://carimages.d2cmedia.ca/newcarimages/en/cb6ac7cc2b218c6/Lexus/UX/2026/2100/481912/black/interior_driver_stereo.png'},{url:'https://carimages.d2cmedia.ca/newcarimages/en/cb6ac7cc2b218c6/Lexus/UX/2026/2100/481912/black/interior_driver_reat_seats.png'}]",90,KM,https://www.lexusofvaughan.com/new/inventory/2026-Lexus-UX_300h-id14469411.html,2026 Lexus UX 300h LUXURY PACKAGE at Lexus of Vaughan,52814 CAD,New,Caviar,Black,4780,Lexus of Vaughan,+1-905-588-1010,"{addr1: '98 Auto Vaughan Drive', city: 'Vaughan', region: 'Ontario', postal_code: 'L6A 4A1', country: 'CA'}",43.8361240000,-79.5362510000,,,,,https://www.lexusofvaughan.com/privacy-policy.html,New,4780,In stock,,52814 CAD,Free,
JTHUCJDH6T2021246,JTHUCJDH6T2021246,26-876-new,Lexus,UX 300h,PREMIUM PACKAGE,2026,AUTOMATIC,SUV,HYBRID,,"2026 Lexus UX 300h PREMIUM PACKAGE, Caviar exterior","[{url:'https://imagescdn.d2cmedia.ca/cb8e82dc535b0a6bfec6d872963547a180/4780/14469412/1/Lexus-UX-2026.jpg'},{url:'https://imagescdn.d2cmedia.ca/s88e82dc535b0a6bfec6d872963547a180/4780/14469412/1/Lexus-UX_300h-2026.jpg'},{url:'https://imagescdn.d2cmedia.ca/cb8e82dc535b0a6bfec6d872963547a180/4780/14469412/1/Lexus-UX_300h-2026.jpg'},{url:'https://imagescdn.d2cmedia.ca/cb8e82dc535b0a6bfec6d872963547a180/4780/14469412/2/Lexus-UX_300h-2026.jpg'},{url:'https://imagescdn.d2cmedia.ca/cb8e82dc535b0a6bfec6d872963547a180/4780/14469412/3/Lexus-UX_300h-2026.jpg'},{url:'https://imagescdn.d2cmedia.ca/cb8e82dc535b0a6bfec6d872963547a180/4780/14469412/4/Lexus-UX_300h-2026.jpg'},{url:'https://imagescdn.d2cmedia.ca/cb8e82dc535b0a6bfec6d872963547a180/4780/14469412/5/Lexus-UX_300h-2026.jpg'},{url:'https://imagescdn.d2cmedia.ca/cb8e82dc535b0a6bfec6d872963547a180/4780/14469412/6/Lexus-UX_300h-2026.jpg'},{url:'https://imagescdn.d2cmedia.ca/cb8e82dc535b0a6bfec6d872963547a180/4780/14469412/7/Lexus-UX_300h-2026.jpg'},{url:'https://imagescdn.d2cmedia.ca/cb8e82dc535b0a6bfec6d872963547a180/4780/14469412/8/Lexus-UX_300h-2026.jpg'}]",90,KM,https://www.lexusofvaughan.com/new/inventory/2026-Lexus-UX_300h-id14469412.html,2026 Lexus UX 300h PREMIUM PACKAGE at Lexus of Vaughan,47350 CAD,New,Caviar,Black,4780,Lexus of Vaughan,+1-905-588-1010,"{addr1: '98 Auto Vaughan Drive', city: 'Vaughan', region: 'Ontario', postal_code: 'L6A 4A1', country: 'CA'}",43.8361240000,-79.5362510000,,,,,https://www.lexusofvaughan.com/privacy-policy.html,New,4780,In stock,,47350 CAD,Free,
JTHUCJDH2T2021129,JTHUCJDH2T2021129,26-884-new,Lexus,UX 300h,PREMIUM PACKAGE,2026,AUTOMATIC,SUV,HYBRID,,"2026 Lexus UX 300h PREMIUM PACKAGE, Cloudburst Grey exterior","[{url:'https://imagescdn.d2cmedia.ca/cbdd65c9b3d45b81ce313629db718b47ce/4780/14475539/1/Lexus-UX-2026.jpg'},{url:'https://imagescdn.d2cmedia.ca/s8dd65c9b3d45b81ce313629db718b47ce/4780/14475539/1/Lexus-UX_300h-2026.jpg'},{url:'https://imagescdn.d2cmedia.ca/cbdd65c9b3d45b81ce313629db718b47ce/4780/14475539/1/Lexus-UX_300h-2026.jpg'},{url:'https://imagescdn.d2cmedia.ca/cbdd65c9b3d45b81ce313629db718b47ce/4780/14475539/2/Lexus-UX_300h-2026.jpg'},{url:'https://imagescdn.d2cmedia.ca/cbdd65c9b3d45b81ce313629db718b47ce/4780/14475539/3/Lexus-UX_300h-2026.jpg'},{url:'https://imagescdn.d2cmedia.ca/cbdd65c9b3d45b81ce313629db718b47ce/4780/14475539/4/Lexus-UX_300h-2026.jpg'},{url:'https://imagescdn.d2cmedia.ca/cbdd65c9b3d45b81ce313629db718b47ce/4780/14475539/5/Lexus-UX_300h-2026.jpg'},{url:'https://imagescdn.d2cmedia.ca/cbdd65c9b3d45b81ce313629db718b47ce/4780/14475539/6/Lexus-UX_300h-2026.jpg'},{url:'https://imagescdn.d2cmedia.ca/cbdd65c9b3d45b81ce313629db718b47ce/4780/14475539/7/Lexus-UX_300h-2026.jpg'},{url:'https://imagescdn.d2cmedia.ca/cbdd65c9b3d45b81ce313629db718b47ce/4780/14475539/8/Lexus-UX_300h-2026.jpg'}]",0,KM,https://www.lexusofvaughan.com/new/inventory/2026-Lexus-UX_300h-id14475539.html,2026 Lexus UX 300h PREMIUM PACKAGE at Lexus of Vaughan,48895 CAD,New,Cloudburst Grey,Black,4780,Lexus of Vaughan,+1-905-588-1010,"{addr1: '98 Auto Vaughan Drive', city: 'Vaughan', region: 'Ontario', postal_code: 'L6A 4A1', country: 'CA'}",43.8361240000,-79.5362510000,,,,,https://www.lexusofvaughan.com/privacy-policy.html,New,4780,In stock,,48895 CAD,Free,
JTHUCJDH7T2021255,JTHUCJDH7T2021255,26-885-new,Lexus,UX 300h,PREMIUM PACKAGE,2026,AUTOMATIC,SUV,HYBRID,,"2026 Lexus UX 300h PREMIUM PACKAGE, Caviar exterior","[{url:'https://imagescdn.d2cmedia.ca/cb20493aa7a4b9048b645e2d42e11b6deb/4780/14475540/1/Lexus-UX-2026.jpg'},{url:'https://imagescdn.d2cmedia.ca/s820493aa7a4b9048b645e2d42e11b6deb/4780/14475540/1/Lexus-UX_300h-2026.jpg'},{url:'https://imagescdn.d2cmedia.ca/cb20493aa7a4b9048b645e2d42e11b6deb/4780/14475540/1/Lexus-UX_300h-2026.jpg'},{url:'https://imagescdn.d2cmedia.ca/cb20493aa7a4b9048b645e2d42e11b6deb/4780/14475540/2/Lexus-UX_300h-2026.jpg'},{url:'https://imagescdn.d2cmedia.ca/cb20493aa7a4b9048b645e2d42e11b6deb/4780/14475540/3/Lexus-UX_300h-2026.jpg'},{url:'https://imagescdn.d2cmedia.ca/cb20493aa7a4b9048b645e2d42e11b6deb/4780/14475540/4/Lexus-UX_300h-2026.jpg'},{url:'https://imagescdn.d2cmedia.ca/cb20493aa7a4b9048b645e2d42e11b6deb/4780/14475540/5/Lexus-UX_300h-2026.jpg'},{url:'https://imagescdn.d2cmedia.ca/cb20493aa7a4b9048b645e2d42e11b6deb/4780/14475540/6/Lexus-UX_300h-2026.jpg'},{url:'https://imagescdn.d2cmedia.ca/cb20493aa7a4b9048b645e2d42e11b6deb/4780/14475540/7/Lexus-UX_300h-2026.jpg'},{url:'https://imagescdn.d2cmedia.ca/cb20493aa7a4b9048b645e2d42e11b6deb/4780/14475540/8/Lexus-UX_300h-2026.jpg'}]",0,KM,https://www.lexusofvaughan.com/new/inventory/2026-Lexus-UX_300h-id14475540.html,2026 Lexus UX 300h PREMIUM PACKAGE at Lexus of Vaughan,48245 CAD,New,Caviar,Black,4780,Lexus of Vaughan,+1-905-588-1010,"{addr1: '98 Auto Vaughan Drive', city: 'Vaughan', region: 'Ontario', postal_code: 'L6A 4A1', country: 'CA'}",43.8361240000,-79.5362510000,,,,,https://www.lexusofvaughan.com/privacy-policy.html,New,4780,In stock,,48245 CAD,Free,
JTHUCJDH3T2021253,JTHUCJDH3T2021253,26-886-new,Lexus,UX 300h,PREMIUM PACKAGE,2026,AUTOMATIC,SUV,HYBRID,,"2026 Lexus UX 300h PREMIUM PACKAGE, Caviar exterior","[{url:'https://imagescdn.d2cmedia.ca/cb204b05d6365018f827c8091e66e1ddfb/4780/14475541/1/Lexus-UX-2026.jpg'},{url:'https://imagescdn.d2cmedia.ca/s8204b05d6365018f827c8091e66e1ddfb/4780/14475541/1/Lexus-UX_300h-2026.jpg'},{url:'https://imagescdn.d2cmedia.ca/cb204b05d6365018f827c8091e66e1ddfb/4780/14475541/1/Lexus-UX_300h-2026.jpg'},{url:'https://imagescdn.d2cmedia.ca/cb204b05d6365018f827c8091e66e1ddfb/4780/14475541/2/Lexus-UX_300h-2026.jpg'},{url:'https://imagescdn.d2cmedia.ca/cb204b05d6365018f827c8091e66e1ddfb/4780/14475541/3/Lexus-UX_300h-2026.jpg'},{url:'https://imagescdn.d2cmedia.ca/cb204b05d6365018f827c8091e66e1ddfb/4780/14475541/4/Lexus-UX_300h-2026.jpg'},{url:'https://imagescdn.d2cmedia.ca/cb204b05d6365018f827c8091e66e1ddfb/4780/14475541/5/Lexus-UX_300h-2026.jpg'},{url:'https://imagescdn.d2cmedia.ca/cb204b05d6365018f827c8091e66e1ddfb/4780/14475541/6/Lexus-UX_300h-2026.jpg'},{url:'https://imagescdn.d2cmedia.ca/cb204b05d6365018f827c8091e66e1ddfb/4780/14475541/7/Lexus-UX_300h-2026.jpg'},{url:'https://imagescdn.d2cmedia.ca/cb204b05d6365018f827c8091e66e1ddfb/4780/14475541/8/Lexus-UX_300h-2026.jpg'}]",0,KM,https://www.lexusofvaughan.com/new/inventory/2026-Lexus-UX_300h-id14475541.html,2026 Lexus UX 300h PREMIUM PACKAGE at Lexus of Vaughan,48245 CAD,New,Caviar,Black,4780,Lexus of Vaughan,+1-905-588-1010,"{addr1: '98 Auto Vaughan Drive', city: 'Vaughan', region: 'Ontario', postal_code: 'L6A 4A1', country: 'CA'}",43.8361240000,-79.5362510000,,,,,https://www.lexusofvaughan.com/privacy-policy.html,New,4780,In stock,,48245 CAD,Free,
JTHUCJDHXT2021041,JTHUCJDHXT2021041,26-887-new,Lexus,UX 300h,F SPORT DESIGN,2026,AUTOMATIC,SUV,HYBRID,,"2026 Lexus UX 300h F SPORT DESIGN, Ultra White W/black Roof exterior","[{url:'https://imagescdn.d2cmedia.ca/cbdedda555878920b22aa4bdf4301658da/4780/14475542/1/Lexus-UX-2026.jpg'},{url:'https://imagescdn.d2cmedia.ca/s8dedda555878920b22aa4bdf4301658da/4780/14475542/1/Lexus-UX_300h-2026.jpg'},{url:'https://imagescdn.d2cmedia.ca/cbdedda555878920b22aa4bdf4301658da/4780/14475542/1/Lexus-UX_300h-2026.jpg'},{url:'https://imagescdn.d2cmedia.ca/cbdedda555878920b22aa4bdf4301658da/4780/14475542/2/Lexus-UX_300h-2026.jpg'},{url:'https://imagescdn.d2cmedia.ca/cbdedda555878920b22aa4bdf4301658da/4780/14475542/3/Lexus-UX_300h-2026.jpg'},{url:'https://imagescdn.d2cmedia.ca/cbdedda555878920b22aa4bdf4301658da/4780/14475542/4/Lexus-UX_300h-2026.jpg'},{url:'https://imagescdn.d2cmedia.ca/cbdedda555878920b22aa4bdf4301658da/4780/14475542/5/Lexus-UX_300h-2026.jpg'},{url:'https://imagescdn.d2cmedia.ca/cbdedda555878920b22aa4bdf4301658da/4780/14475542/6/Lexus-UX_300h-2026.jpg'},{url:'https://imagescdn.d2cmedia.ca/cbdedda555878920b22aa4bdf4301658da/4780/14475542/7/Lexus-UX_300h-2026.jpg'},{url:'https://imagescdn.d2cmedia.ca/cbdedda555878920b22aa4bdf4301658da/4780/14475542/8/Lexus-UX_300h-2026.jpg'}]",0,KM,https://www.lexusofvaughan.com/new/inventory/2026-Lexus-UX_300h-id14475542.html,2026 Lexus UX 300h F SPORT DESIGN at Lexus of Vaughan,50355 CAD,New,Ultra White W/black Roof,Black,4780,Lexus of Vaughan,+1-905-588-1010,"{addr1: '98 Auto Vaughan Drive', city: 'Vaughan', region: 'Ontario', postal_code: 'L6A 4A1', country: 'CA'}",43.8361240000,-79.5362510000,,,,,https://www.lexusofvaughan.com/privacy-policy.html,New,4780,In stock,,50355 CAD,Free,
2T2BBMCA9TC157708,2T2BBMCA9TC157708,26-841-new,Lexus,RX 350h,LUXURY PACKAGE,2026,AUTOMATIC,SUV,HYBRID,,"2026 Lexus RX 350h LUXURY PACKAGE, Iridium exterior","[{url:'https://imagescdn.d2cmedia.ca/cbef1f22147c6d96bba271bc8ae2bd3a28/4780/14420139/1/Lexus-RX Hybrid-2026.jpg'},{url:'https://imagescdn.d2cmedia.ca/s8ef1f22147c6d96bba271bc8ae2bd3a28/4780/14420139/1/Lexus-RX_350h-2026.jpg'},{url:'https://imagescdn.d2cmedia.ca/cbef1f22147c6d96bba271bc8ae2bd3a28/4780/14420139/1/Lexus-RX_350h-2026.jpg'},{url:'https://imagescdn.d2cmedia.ca/cbef1f22147c6d96bba271bc8ae2bd3a28/4780/14420139/2/Lexus-RX_350h-2026.jpg'},{url:'https://imagescdn.d2cmedia.ca/cbef1f22147c6d96bba271bc8ae2bd3a28/4780/14420139/3/Lexus-RX_350h-2026.jpg'},{url:'https://imagescdn.d2cmedia.ca/cbef1f22147c6d96bba271bc8ae2bd3a28/4780/14420139/4/Lexus-RX_350h-2026.jpg'},{url:'https://imagescdn.d2cmedia.ca/cbef1f22147c6d96bba271bc8ae2bd3a28/4780/14420139/5/Lexus-RX_350h-2026.jpg'},{url:'https://imagescdn.d2cmedia.ca/cbef1f22147c6d96bba271bc8ae2bd3a28/4780/14420139/6/Lexus-RX_350h-2026.jpg'},{url:'https://imagescdn.d2cmedia.ca/cbef1f22147c6d96bba271bc8ae2bd3a28/4780/14420139/7/Lexus-RX_350h-2026.jpg'},{url:'https://imagescdn.d2cmedia.ca/cbef1f22147c6d96bba271bc8ae2bd3a28/4780/14420139/8/Lexus-RX_350h-2026.jpg'}]",90,KM,https://www.lexusofvaughan.com/new/inventory/2026-Lexus-RX_350h-id14420139.html,2026 Lexus RX 350h LUXURY PACKAGE at Lexus of Vaughan,74909 CAD,New,Iridium,Black,4780,Lexus of Vaughan,+1-905-588-1010,"{addr1: '98 Auto Vaughan Drive', city: 'Vaughan', region: 'Ontario', postal_code: 'L6A 4A1', country: 'CA'}",43.8361240000,-79.5362510000,,,,,https://www.lexusofvaughan.com/privacy-policy.html,New,4780,In stock,,74909 CAD,Free,
2T2BBMCA0TC158455,2T2BBMCA0TC158455,26-856-new,Lexus,RX 350h,LUXURY PACKAGE,2026,AUTOMATIC,SUV,HYBRID,,"2026 Lexus RX 350h LUXURY PACKAGE, Caviar exterior","[{url:'https://imagescdn.d2cmedia.ca/cbdc7d3bf1e1c3af60e99fd3611dc8f3ca/4780/14439700/1/Lexus-RX Hybrid-2026.jpg'},{url:'https://imagescdn.d2cmedia.ca/s8dc7d3bf1e1c3af60e99fd3611dc8f3ca/4780/14439700/1/Lexus-RX_350h-2026.jpg'},{url:'https://imagescdn.d2cmedia.ca/cbdc7d3bf1e1c3af60e99fd3611dc8f3ca/4780/14439700/1/Lexus-RX_350h-2026.jpg'},{url:'https://imagescdn.d2cmedia.ca/cbdc7d3bf1e1c3af60e99fd3611dc8f3ca/4780/14439700/2/Lexus-RX_350h-2026.jpg'},{url:'https://imagescdn.d2cmedia.ca/cbdc7d3bf1e1c3af60e99fd3611dc8f3ca/4780/14439700/3/Lexus-RX_350h-2026.jpg'},{url:'https://imagescdn.d2cmedia.ca/cbdc7d3bf1e1c3af60e99fd3611dc8f3ca/4780/14439700/4/Lexus-RX_350h-2026.jpg'},{url:'https://imagescdn.d2cmedia.ca/cbdc7d3bf1e1c3af60e99fd3611dc8f3ca/4780/14439700/5/Lexus-RX_350h-2026.jpg'},{url:'https://imagescdn.d2cmedia.ca/cbdc7d3bf1e1c3af60e99fd3611dc8f3ca/4780/14439700/6/Lexus-RX_350h-2026.jpg'},{url:'https://imagescdn.d2cmedia.ca/cbdc7d3bf1e1c3af60e99fd3611dc8f3ca/4780/14439700/7/Lexus-RX_350h-2026.jpg'},{url:'https://imagescdn.d2cmedia.ca/cbdc7d3bf1e1c3af60e99fd3611dc8f3ca/4780/14439700/8/Lexus-RX_350h-2026.jpg'}]",90,KM,https://www.lexusofvaughan.com/new/inventory/2026-Lexus-RX_350h-id14439700.html,2026 Lexus RX 350h LUXURY PACKAGE at Lexus of Vaughan,74259 CAD,New,Caviar,Black,4780,Lexus of Vaughan,+1-905-588-1010,"{addr1: '98 Auto Vaughan Drive', city: 'Vaughan', region: 'Ontario', postal_code: 'L6A 4A1', country: 'CA'}",43.8361240000,-79.5362510000,,,,,https://www.lexusofvaughan.com/privacy-policy.html,New,4780,In stock,,74259 CAD,Free,
2T2BBMCA7TC158663,2T2BBMCA7TC158663,26-859-new,Lexus,RX 350h,PREMIUM PACKAGE,2026,AUTOMATIC,SUV,HYBRID,,"2026 Lexus RX 350h PREMIUM PACKAGE, Caviar exterior","[{url:'https://imagescdn.d2cmedia.ca/cbdcc8bb24f19addd126f77ec4f32fdb58/4780/14448522/1/Lexus-RX Hybrid-2026.jpg'},{url:'https://imagescdn.d2cmedia.ca/s8dcc8bb24f19addd126f77ec4f32fdb58/4780/14448522/1/Lexus-RX_350h-2026.jpg'},{url:'https://imagescdn.d2cmedia.ca/cbdcc8bb24f19addd126f77ec4f32fdb58/4780/14448522/1/Lexus-RX_350h-2026.jpg'},{url:'https://imagescdn.d2cmedia.ca/cbdcc8bb24f19addd126f77ec4f32fdb58/4780/14448522/2/Lexus-RX_350h-2026.jpg'},{url:'https://imagescdn.d2cmedia.ca/cbdcc8bb24f19addd126f77ec4f32fdb58/4780/14448522/3/Lexus-RX_350h-2026.jpg'},{url:'https://imagescdn.d2cmedia.ca/cbdcc8bb24f19addd126f77ec4f32fdb58/4780/14448522/4/Lexus-RX_350h-2026.jpg'},{url:'https://imagescdn.d2cmedia.ca/cbdcc8bb24f19addd126f77ec4f32fdb58/4780/14448522/5/Lexus-RX_350h-2026.jpg'},{url:'https://imagescdn.d2cmedia.ca/cbdcc8bb24f19addd126f77ec4f32fdb58/4780/14448522/6/Lexus-RX_350h-2026.jpg'},{url:'https://imagescdn.d2cmedia.ca/cbdcc8bb24f19addd126f77ec4f32fdb58/4780/14448522/7/Lexus-RX_350h-2026.jpg'},{url:'https://imagescdn.d2cmedia.ca/cbdcc8bb24f19addd126f77ec4f32fdb58/4780/14448522/8/Lexus-RX_350h-2026.jpg'}]",90,KM,https://www.lexusofvaughan.com/new/inventory/2026-Lexus-RX_350h-id14448522.html,2026 Lexus RX 350h PREMIUM PACKAGE at Lexus of Vaughan,65950 CAD,New,Caviar,Black,4780,Lexus of Vaughan,+1-905-588-1010,"{addr1: '98 Auto Vaughan Drive', city: 'Vaughan', region: 'Ontario', postal_code: 'L6A 4A1', country: 'CA'}",43.8361240000,-79.5362510000,,,,,https://www.lexusofvaughan.com/privacy-policy.html,New,4780,In stock,,65950 CAD,Free,
2T2BBMCA9TC158759,2T2BBMCA9TC158759,26-861-new,Lexus,RX 350h,LUXURY PACKAGE,2026,AUTOMATIC,SUV,HYBRID,,"2026 Lexus RX 350h LUXURY PACKAGE, Caviar exterior","[{url:'https://imagescdn.d2cmedia.ca/cb783c7648cddbba1beb8a8a932ee08ef3/4780/14448524/1/Lexus-RX Hybrid-2026.jpg'},{url:'https://imagescdn.d2cmedia.ca/s8783c7648cddbba1beb8a8a932ee08ef3/4780/14448524/1/Lexus-RX_350h-2026.jpg'},{url:'https://imagescdn.d2cmedia.ca/cb783c7648cddbba1beb8a8a932ee08ef3/4780/14448524/1/Lexus-RX_350h-2026.jpg'},{url:'https://imagescdn.d2cmedia.ca/cb783c7648cddbba1beb8a8a932ee08ef3/4780/14448524/2/Lexus-RX_350h-2026.jpg'},{url:'https://imagescdn.d2cmedia.ca/cb783c7648cddbba1beb8a8a932ee08ef3/4780/14448524/3/Lexus-RX_350h-2026.jpg'},{url:'https://imagescdn.d2cmedia.ca/cb783c7648cddbba1beb8a8a932ee08ef3/4780/14448524/4/Lexus-RX_350h-2026.jpg'},{url:'https://imagescdn.d2cmedia.ca/cb783c7648cddbba1beb8a8a932ee08ef3/4780/14448524/5/Lexus-RX_350h-2026.jpg'},{url:'https://imagescdn.d2cmedia.ca/cb783c7648cddbba1beb8a8a932ee08ef3/4780/14448524/6/Lexus-RX_350h-2026.jpg'},{url:'https://imagescdn.d2cmedia.ca/cb783c7648cddbba1beb8a8a932ee08ef3/4780/14448524/7/Lexus-RX_350h-2026.jpg'},{url:'https://imagescdn.d2cmedia.ca/cb783c7648cddbba1beb8a8a932ee08ef3/4780/14448524/8/Lexus-RX_350h-2026.jpg'}]",90,KM,https://www.lexusofvaughan.com/new/inventory/2026-Lexus-RX_350h-id14448524.html,2026 Lexus RX 350h LUXURY PACKAGE at Lexus of Vaughan,73364 CAD,New,Caviar,Black,4780,Lexus of Vaughan,+1-905-588-1010,"{addr1: '98 Auto Vaughan Drive', city: 'Vaughan', region: 'Ontario', postal_code: 'L6A 4A1', country: 'CA'}",43.8361240000,-79.5362510000,,,,,https://www.lexusofvaughan.com/privacy-policy.html,New,4780,In stock,,73364 CAD,Free,
2T2BBMCA1TC159484,2T2BBMCA1TC159484,26-890-new,Lexus,RX 350h,LUXURY PACKAGE,2026,AUTOMATIC,SUV,HYBRID,,"2026 Lexus RX 350h LUXURY PACKAGE, Cloudburst Grey exterior","[{url:'https://carimages.d2cmedia.ca/newcarimages/en/cb6ac7cc2b218c6/Lexus/RX Hybrid/2026/1200/481306-TFVYVVJZIFBBQ0tBR0U/Gray/front45.png'},{url:'https://carimages.d2cmedia.ca/newcarimages/en/cb6ac7cc2b218c6/Lexus/RX Hybrid/2026/1280/481306/grey/front_45_degree.png'},{url:'https://carimages.d2cmedia.ca/newcarimages/en/cb6ac7cc2b218c6/Lexus/RX Hybrid/2026/2100/481306/grey/front_45_degree.png'},{url:'https://carimages.d2cmedia.ca/newcarimages/en/cb6ac7cc2b218c6/Lexus/RX Hybrid/2026/2100/481306/grey/profile.png'}]",90,KM,https://www.lexusofvaughan.com/new/inventory/2026-Lexus-RX_350h-id14485603.html,2026 Lexus RX 350h LUXURY PACKAGE at Lexus of Vaughan,74014 CAD,New,Cloudburst Grey,Black,4780,Lexus of Vaughan,+1-905-588-1010,"{addr1: '98 Auto Vaughan Drive', city: 'Vaughan', region: 'Ontario', postal_code: 'L6A 4A1', country: 'CA'}",43.8361240000,-79.5362510000,,,,,https://www.lexusofvaughan.com/privacy-policy.html,New,4780,In stock,,74014 CAD,Free,
5TDAAAB65TS092863,5TDAAAB65TS092863,26-818,Lexus,TX 350,ULTRA LUXURY,2026,AUTOMATIC,SUV,GASOLINE,,"2026 Lexus TX 350 ULTRA LUXURY, Celestial Silver Metallic exterior","[{url:'https://imagescdn.d2cmedia.ca/cb24099898abe0e62f643e989c8ca66135/4780/14379982/1/Lexus-TX-2026.jpg'},{url:'https://imagescdn.d2cmedia.ca/s824099898abe0e62f643e989c8ca66135/4780/14379982/1/Lexus-TX_350-2026.jpg'},{url:'https://imagescdn.d2cmedia.ca/cb24099898abe0e62f643e989c8ca66135/4780/14379982/1/Lexus-TX_350-2026.jpg'},{url:'https://imagescdn.d2cmedia.ca/cb24099898abe0e62f643e989c8ca66135/4780/14379982/2/Lexus-TX_350-2026.jpg'},{url:'https://imagescdn.d2cmedia.ca/cb24099898abe0e62f643e989c8ca66135/4780/14379982/3/Lexus-TX_350-2026.jpg'},{url:'https://imagescdn.d2cmedia.ca/cb24099898abe0e62f643e989c8ca66135/4780/14379982/4/Lexus-TX_350-2026.jpg'},{url:'https://imagescdn.d2cmedia.ca/cb24099898abe0e62f643e989c8ca66135/4780/14379982/5/Lexus-TX_350-2026.jpg'},{url:'https://imagescdn.d2cmedia.ca/cb24099898abe0e62f643e989c8ca66135/4780/14379982/6/Lexus-TX_350-2026.jpg'},{url:'https://imagescdn.d2cmedia.ca/cb24099898abe0e62f643e989c8ca66135/4780/14379982/7/Lexus-TX_350-2026.jpg'},{url:'https://imagescdn.d2cmedia.ca/cb24099898abe0e62f643e989c8ca66135/4780/14379982/8/Lexus-TX_350-2026.jpg'}]",90,KM,https://www.lexusofvaughan.com/new/inventory/2026-Lexus-TX_350-id14379982.html,2026 Lexus TX 350 ULTRA LUXURY at Lexus of Vaughan,74913 CAD,New,Celestial Silver Metallic,Black,4780,Lexus of Vaughan,+1-905-588-1010,"{addr1: '98 Auto Vaughan Drive', city: 'Vaughan', region: 'Ontario', postal_code: 'L6A 4A1', country: 'CA'}",43.8361240000,-79.5362510000,,,,,https://www.lexusofvaughan.com/privacy-policy.html,New,4780,In stock,,74913 CAD,Free,
5TDAAAB6XTS093300,5TDAAAB6XTS093300,26-822,Lexus,TX 350,ULTRA LUXURY,2026,AUTOMATIC,SUV,GASOLINE,,"2026 Lexus TX 350 ULTRA LUXURY, Cloudburst Grey exterior","[{url:'https://imagescdn.d2cmedia.ca/cb3ef6d8d8df03d7ab0289cec32f3a2a34/4780/14392714/1/Lexus-TX-2026.jpg'},{url:'https://imagescdn.d2cmedia.ca/s83ef6d8d8df03d7ab0289cec32f3a2a34/4780/14392714/1/Lexus-TX_350-2026.jpg'},{url:'https://imagescdn.d2cmedia.ca/cb3ef6d8d8df03d7ab0289cec32f3a2a34/4780/14392714/1/Lexus-TX_350-2026.jpg'},{url:'https://imagescdn.d2cmedia.ca/cb3ef6d8d8df03d7ab0289cec32f3a2a34/4780/14392714/2/Lexus-TX_350-2026.jpg'},{url:'https://imagescdn.d2cmedia.ca/cb3ef6d8d8df03d7ab0289cec32f3a2a34/4780/14392714/3/Lexus-TX_350-2026.jpg'},{url:'https://imagescdn.d2cmedia.ca/cb3ef6d8d8df03d7ab0289cec32f3a2a34/4780/14392714/4/Lexus-TX_350-2026.jpg'},{url:'https://imagescdn.d2cmedia.ca/cb3ef6d8d8df03d7ab0289cec32f3a2a34/4780/14392714/5/Lexus-TX_350-2026.jpg'},{url:'https://imagescdn.d2cmedia.ca/cb3ef6d8d8df03d7ab0289cec32f3a2a34/4780/14392714/6/Lexus-TX_350-2026.jpg'},{url:'https://imagescdn.d2cmedia.ca/cb3ef6d8d8df03d7ab0289cec32f3a2a34/4780/14392714/7/Lexus-TX_350-2026.jpg'},{url:'https://imagescdn.d2cmedia.ca/cb3ef6d8d8df03d7ab0289cec32f3a2a34/4780/14392714/8/Lexus-TX_350-2026.jpg'}]",90,KM,https://www.lexusofvaughan.com/new/inventory/2026-Lexus-TX_350-id14392714.html,2026 Lexus TX 350 ULTRA LUXURY at Lexus of Vaughan,75563 CAD,New,Cloudburst Grey,Black,4780,Lexus of Vaughan,+1-905-588-1010,"{addr1: '98 Auto Vaughan Drive', city: 'Vaughan', region: 'Ontario', postal_code: 'L6A 4A1', country: 'CA'}",43.8361240000,-79.5362510000,,,,,https://www.lexusofvaughan.com/privacy-policy.html,New,4780,In stock,,75563 CAD,Free,
5TDAAAB64TS093681,5TDAAAB64TS093681,26-847-new,Lexus,TX 350,EXECUTIVE PACKAGE,2026,AUTOMATIC,SUV,GASOLINE,,"2026 Lexus TX 350 EXECUTIVE PACKAGE, Caviar exterior","[{url:'https://imagescdn.d2cmedia.ca/cb4e9bd1ff43632a91ed1ceb2144761ba9/4780/14427337/1/Lexus-TX-2026.jpg'},{url:'https://imagescdn.d2cmedia.ca/s84e9bd1ff43632a91ed1ceb2144761ba9/4780/14427337/1/Lexus-TX_350-2026.jpg'},{url:'https://imagescdn.d2cmedia.ca/cb4e9bd1ff43632a91ed1ceb2144761ba9/4780/14427337/1/Lexus-TX_350-2026.jpg'},{url:'https://imagescdn.d2cmedia.ca/cb4e9bd1ff43632a91ed1ceb2144761ba9/4780/14427337/2/Lexus-TX_350-2026.jpg'},{url:'https://imagescdn.d2cmedia.ca/cb4e9bd1ff43632a91ed1ceb2144761ba9/4780/14427337/3/Lexus-TX_350-2026.jpg'},{url:'https://imagescdn.d2cmedia.ca/cb4e9bd1ff43632a91ed1ceb2144761ba9/4780/14427337/4/Lexus-TX_350-2026.jpg'},{url:'https://imagescdn.d2cmedia.ca/cb4e9bd1ff43632a91ed1ceb2144761ba9/4780/14427337/5/Lexus-TX_350-2026.jpg'},{url:'https://imagescdn.d2cmedia.ca/cb4e9bd1ff43632a91ed1ceb2144761ba9/4780/14427337/6/Lexus-TX_350-2026.jpg'},{url:'https://imagescdn.d2cmedia.ca/cb4e9bd1ff43632a91ed1ceb2144761ba9/4780/14427337/7/Lexus-TX_350-2026.jpg'},{url:'https://imagescdn.d2cmedia.ca/cb4e9bd1ff43632a91ed1ceb2144761ba9/4780/14427337/8/Lexus-TX_350-2026.jpg'}]",90,KM,https://www.lexusofvaughan.com/new/inventory/2026-Lexus-TX_350-id14427337.html,2026 Lexus TX 350 EXECUTIVE PACKAGE at Lexus of Vaughan,83166 CAD,New,Caviar,Black,4780,Lexus of Vaughan,+1-905-588-1010,"{addr1: '98 Auto Vaughan Drive', city: 'Vaughan', region: 'Ontario', postal_code: 'L6A 4A1', country: 'CA'}",43.8361240000,-79.5362510000,,,,,https://www.lexusofvaughan.com/privacy-policy.html,New,4780,In stock,,83166 CAD,Free,
5TDAAAB67TS094436,5TDAAAB67TS094436,26-854-new,Lexus,TX 350,ULTRA LUXURY,2026,AUTOMATIC,SUV,GASOLINE,AWD,"2026 Lexus TX 350 ULTRA LUXURY, Nightfall Mica exterior, All-wheel drive","[{url:'https://imagescdn.d2cmedia.ca/cbb00d91a21d572e787f80e5b9c7fd803a/4780/14433055/1/Lexus-TX-2026.jpg'},{url:'https://imagescdn.d2cmedia.ca/s8b00d91a21d572e787f80e5b9c7fd803a/4780/14433055/1/Lexus-TX_350-2026.jpg'},{url:'https://imagescdn.d2cmedia.ca/cbb00d91a21d572e787f80e5b9c7fd803a/4780/14433055/1/Lexus-TX_350-2026.jpg'},{url:'https://imagescdn.d2cmedia.ca/cbb00d91a21d572e787f80e5b9c7fd803a/4780/14433055/2/Lexus-TX_350-2026.jpg'},{url:'https://imagescdn.d2cmedia.ca/cbb00d91a21d572e787f80e5b9c7fd803a/4780/14433055/3/Lexus-TX_350-2026.jpg'},{url:'https://imagescdn.d2cmedia.ca/cbb00d91a21d572e787f80e5b9c7fd803a/4780/14433055/4/Lexus-TX_350-2026.jpg'},{url:'https://imagescdn.d2cmedia.ca/cbb00d91a21d572e787f80e5b9c7fd803a/4780/14433055/5/Lexus-TX_350-2026.jpg'},{url:'https://imagescdn.d2cmedia.ca/cbb00d91a21d572e787f80e5b9c7fd803a/4780/14433055/6/Lexus-TX_350-2026.jpg'},{url:'https://imagescdn.d2cmedia.ca/cbb00d91a21d572e787f80e5b9c7fd803a/4780/14433055/7/Lexus-TX_350-2026.jpg'},{url:'https://imagescdn.d2cmedia.ca/cbb00d91a21d572e787f80e5b9c7fd803a/4780/14433055/8/Lexus-TX_350-2026.jpg'}]",90,KM,https://www.lexusofvaughan.com/new/inventory/2026-Lexus-TX_350-id14433055.html,2026 Lexus TX 350 ULTRA LUXURY at Lexus of Vaughan,74913 CAD,New,Nightfall Mica,Black,4780,Lexus of Vaughan,+1-905-588-1010,"{addr1: '98 Auto Vaughan Drive', city: 'Vaughan', region: 'Ontario', postal_code: 'L6A 4A1', country: 'CA'}",43.8361240000,-79.5362510000,,,,,https://www.lexusofvaughan.com/privacy-policy.html,New,4780,In stock,,74913 CAD,Free,
5TDAAAB60TS095590,5TDAAAB60TS095590,26-873-new,Lexus,TX 350,ULTRA LUXURY,2026,AUTOMATIC,SUV,GASOLINE,,"2026 Lexus TX 350 ULTRA LUXURY, Red exterior","[{url:'https://imagescdn.d2cmedia.ca/cb5c4fa9d443adcd09ec3cd516a431b74c/4780/14462100/1/Lexus-TX-2026.jpg'},{url:'https://imagescdn.d2cmedia.ca/s85c4fa9d443adcd09ec3cd516a431b74c/4780/14462100/1/Lexus-TX_350-2026.jpg'},{url:'https://imagescdn.d2cmedia.ca/cb5c4fa9d443adcd09ec3cd516a431b74c/4780/14462100/1/Lexus-TX_350-2026.jpg'},{url:'https://imagescdn.d2cmedia.ca/cb5c4fa9d443adcd09ec3cd516a431b74c/4780/14462100/2/Lexus-TX_350-2026.jpg'},{url:'https://imagescdn.d2cmedia.ca/cb5c4fa9d443adcd09ec3cd516a431b74c/4780/14462100/3/Lexus-TX_350-2026.jpg'},{url:'https://imagescdn.d2cmedia.ca/cb5c4fa9d443adcd09ec3cd516a431b74c/4780/14462100/4/Lexus-TX_350-2026.jpg'},{url:'https://imagescdn.d2cmedia.ca/cb5c4fa9d443adcd09ec3cd516a431b74c/4780/14462100/5/Lexus-TX_350-2026.jpg'},{url:'https://imagescdn.d2cmedia.ca/cb5c4fa9d443adcd09ec3cd516a431b74c/4780/14462100/6/Lexus-TX_350-2026.jpg'},{url:'https://imagescdn.d2cmedia.ca/cb5c4fa9d443adcd09ec3cd516a431b74c/4780/14462100/7/Lexus-TX_350-2026.jpg'},{url:'https://imagescdn.d2cmedia.ca/cb5c4fa9d443adcd09ec3cd516a431b74c/4780/14462100/8/Lexus-TX_350-2026.jpg'}]",90,KM,https://www.lexusofvaughan.com/new/inventory/2026-Lexus-TX_350-id14462100.html,2026 Lexus TX 350 ULTRA LUXURY at Lexus of Vaughan,74913 CAD,New,Red,,4780,Lexus of Vaughan,+1-905-588-1010,"{addr1: '98 Auto Vaughan Drive', city: 'Vaughan', region: 'Ontario', postal_code: 'L6A 4A1', country: 'CA'}",43.8361240000,-79.5362510000,,,,,https://www.lexusofvaughan.com/privacy-policy.html,New,4780,In stock,,74913 CAD,Free,
2T2GGCEZ0TC133284,2T2GGCEZ0TC133284,26-837-new,Lexus,NX 350,LUXURY,2026,AUTOMATIC,SUV,GASOLINE,,"2026 Lexus NX 350 LUXURY, Atomic Silver exterior","[{url:'https://imagescdn.d2cmedia.ca/cb1ffd383753d631f1435c138ccad4b9a0/4780/14420135/1/Lexus-NX-2026.jpg'},{url:'https://imagescdn.d2cmedia.ca/s81ffd383753d631f1435c138ccad4b9a0/4780/14420135/1/Lexus-NX_350-2026.jpg'},{url:'https://imagescdn.d2cmedia.ca/cb1ffd383753d631f1435c138ccad4b9a0/4780/14420135/1/Lexus-NX_350-2026.jpg'},{url:'https://imagescdn.d2cmedia.ca/cb1ffd383753d631f1435c138ccad4b9a0/4780/14420135/2/Lexus-NX_350-2026.jpg'},{url:'https://imagescdn.d2cmedia.ca/cb1ffd383753d631f1435c138ccad4b9a0/4780/14420135/3/Lexus-NX_350-2026.jpg'},{url:'https://imagescdn.d2cmedia.ca/cb1ffd383753d631f1435c138ccad4b9a0/4780/14420135/4/Lexus-NX_350-2026.jpg'},{url:'https://imagescdn.d2cmedia.ca/cb1ffd383753d631f1435c138ccad4b9a0/4780/14420135/5/Lexus-NX_350-2026.jpg'},{url:'https://imagescdn.d2cmedia.ca/cb1ffd383753d631f1435c138ccad4b9a0/4780/14420135/6/Lexus-NX_350-2026.jpg'},{url:'https://imagescdn.d2cmedia.ca/cb1ffd383753d631f1435c138ccad4b9a0/4780/14420135/7/Lexus-NX_350-2026.jpg'},{url:'https://imagescdn.d2cmedia.ca/cb1ffd383753d631f1435c138ccad4b9a0/4780/14420135/8/Lexus-NX_350-2026.jpg'}]",0,KM,https://www.lexusofvaughan.com/new/inventory/2026-Lexus-NX_350-id14420135.html,2026 Lexus NX 350 LUXURY at Lexus of Vaughan,62419 CAD,New,Atomic Silver,Black,4780,Lexus of Vaughan,+1-905-588-1010,"{addr1: '98 Auto Vaughan Drive', city: 'Vaughan', region: 'Ontario', postal_code: 'L6A 4A1', country: 'CA'}",43.8361240000,-79.5362510000,,,,,https://www.lexusofvaughan.com/privacy-policy.html,New,4780,In stock,,62419 CAD,Free,
2T2GGCEZXTC133678,2T2GGCEZXTC133678,26-839-new,Lexus,NX 350,ULTRA LUXURY,2026,AUTOMATIC,SUV,GASOLINE,,"2026 Lexus NX 350 ULTRA LUXURY, Caviar exterior","[{url:'https://imagescdn.d2cmedia.ca/cbb430b038015516947856eee73f404cc8/4780/14420137/1/Lexus-NX-2026.jpg'},{url:'https://imagescdn.d2cmedia.ca/s8b430b038015516947856eee73f404cc8/4780/14420137/1/Lexus-NX_350-2026.jpg'},{url:'https://imagescdn.d2cmedia.ca/cbb430b038015516947856eee73f404cc8/4780/14420137/1/Lexus-NX_350-2026.jpg'},{url:'https://imagescdn.d2cmedia.ca/cbb430b038015516947856eee73f404cc8/4780/14420137/2/Lexus-NX_350-2026.jpg'},{url:'https://imagescdn.d2cmedia.ca/cbb430b038015516947856eee73f404cc8/4780/14420137/3/Lexus-NX_350-2026.jpg'},{url:'https://imagescdn.d2cmedia.ca/cbb430b038015516947856eee73f404cc8/4780/14420137/4/Lexus-NX_350-2026.jpg'},{url:'https://imagescdn.d2cmedia.ca/cbb430b038015516947856eee73f404cc8/4780/14420137/5/Lexus-NX_350-2026.jpg'},{url:'https://imagescdn.d2cmedia.ca/cbb430b038015516947856eee73f404cc8/4780/14420137/6/Lexus-NX_350-2026.jpg'},{url:'https://imagescdn.d2cmedia.ca/cbb430b038015516947856eee73f404cc8/4780/14420137/7/Lexus-NX_350-2026.jpg'},{url:'https://imagescdn.d2cmedia.ca/cbb430b038015516947856eee73f404cc8/4780/14420137/8/Lexus-NX_350-2026.jpg'}]",0,KM,https://www.lexusofvaughan.com/new/inventory/2026-Lexus-NX_350-id14420137.html,2026 Lexus NX 350 ULTRA LUXURY at Lexus of Vaughan,66387 CAD,New,Caviar,Black,4780,Lexus of Vaughan,+1-905-588-1010,"{addr1: '98 Auto Vaughan Drive', city: 'Vaughan', region: 'Ontario', postal_code: 'L6A 4A1', country: 'CA'}",43.8361240000,-79.5362510000,,,,,https://www.lexusofvaughan.com/privacy-policy.html,New,4780,In stock,,66387 CAD,Free,
2T2GGCEZ8TC129645,2T2GGCEZ8TC129645,26-845-new,Lexus,NX 350,PREMIUM,2026,AUTOMATIC,SUV,GASOLINE,,"2026 Lexus NX 350 PREMIUM, Atomic Silver exterior","[{url:'https://imagescdn.d2cmedia.ca/cb0a834b2d341be0c4f453fe51f9f8774a/4780/14427335/1/Lexus-NX-2026.jpg'},{url:'https://imagescdn.d2cmedia.ca/s80a834b2d341be0c4f453fe51f9f8774a/4780/14427335/1/Lexus-NX_350-2026.jpg'},{url:'https://imagescdn.d2cmedia.ca/cb0a834b2d341be0c4f453fe51f9f8774a/4780/14427335/1/Lexus-NX_350-2026.jpg'},{url:'https://imagescdn.d2cmedia.ca/cb0a834b2d341be0c4f453fe51f9f8774a/4780/14427335/2/Lexus-NX_350-2026.jpg'},{url:'https://imagescdn.d2cmedia.ca/cb0a834b2d341be0c4f453fe51f9f8774a/4780/14427335/3/Lexus-NX_350-2026.jpg'},{url:'https://imagescdn.d2cmedia.ca/cb0a834b2d341be0c4f453fe51f9f8774a/4780/14427335/4/Lexus-NX_350-2026.jpg'},{url:'https://imagescdn.d2cmedia.ca/cb0a834b2d341be0c4f453fe51f9f8774a/4780/14427335/5/Lexus-NX_350-2026.jpg'},{url:'https://imagescdn.d2cmedia.ca/cb0a834b2d341be0c4f453fe51f9f8774a/4780/14427335/6/Lexus-NX_350-2026.jpg'},{url:'https://imagescdn.d2cmedia.ca/cb0a834b2d341be0c4f453fe51f9f8774a/4780/14427335/7/Lexus-NX_350-2026.jpg'},{url:'https://imagescdn.d2cmedia.ca/cb0a834b2d341be0c4f453fe51f9f8774a/4780/14427335/8/Lexus-NX_350-2026.jpg'}]",90,KM,https://www.lexusofvaughan.com/new/inventory/2026-Lexus-NX_350-id14427335.html,2026 Lexus NX 350 PREMIUM at Lexus of Vaughan,57385 CAD,New,Atomic Silver,Black,4780,Lexus of Vaughan,+1-905-588-1010,"{addr1: '98 Auto Vaughan Drive', city: 'Vaughan', region: 'Ontario', postal_code: 'L6A 4A1', country: 'CA'}",43.8361240000,-79.5362510000,,,,,https://www.lexusofvaughan.com/privacy-policy.html,New,4780,In stock,,57385 CAD,Free,
2T2GGCEZ0TC134130,2T2GGCEZ0TC134130,26-851-new,Lexus,NX 350,PREMIUM,2026,AUTOMATIC,SUV,GASOLINE,,"2026 Lexus NX 350 PREMIUM, Ultra White exterior","[{url:'https://imagescdn.d2cmedia.ca/cb4f589183afe77fd9596ed3388bd096cd/4780/14433053/1/Lexus-NX-2026.jpg'},{url:'https://imagescdn.d2cmedia.ca/s84f589183afe77fd9596ed3388bd096cd/4780/14433053/1/Lexus-NX_350-2026.jpg'},{url:'https://imagescdn.d2cmedia.ca/cb4f589183afe77fd9596ed3388bd096cd/4780/14433053/1/Lexus-NX_350-2026.jpg'},{url:'https://imagescdn.d2cmedia.ca/cb4f589183afe77fd9596ed3388bd096cd/4780/14433053/2/Lexus-NX_350-2026.jpg'},{url:'https://imagescdn.d2cmedia.ca/cb4f589183afe77fd9596ed3388bd096cd/4780/14433053/3/Lexus-NX_350-2026.jpg'},{url:'https://imagescdn.d2cmedia.ca/cb4f589183afe77fd9596ed3388bd096cd/4780/14433053/4/Lexus-NX_350-2026.jpg'},{url:'https://imagescdn.d2cmedia.ca/cb4f589183afe77fd9596ed3388bd096cd/4780/14433053/5/Lexus-NX_350-2026.jpg'},{url:'https://imagescdn.d2cmedia.ca/cb4f589183afe77fd9596ed3388bd096cd/4780/14433053/6/Lexus-NX_350-2026.jpg'},{url:'https://imagescdn.d2cmedia.ca/cb4f589183afe77fd9596ed3388bd096cd/4780/14433053/7/Lexus-NX_350-2026.jpg'},{url:'https://imagescdn.d2cmedia.ca/cb4f589183afe77fd9596ed3388bd096cd/4780/14433053/8/Lexus-NX_350-2026.jpg'}]",90,KM,https://www.lexusofvaughan.com/new/inventory/2026-Lexus-NX_350-id14433053.html,2026 Lexus NX 350 PREMIUM at Lexus of Vaughan,58930 CAD,New,Ultra White,Black,4780,Lexus of Vaughan,+1-905-588-1010,"{addr1: '98 Auto Vaughan Drive', city: 'Vaughan', region: 'Ontario', postal_code: 'L6A 4A1', country: 'CA'}",43.8361240000,-79.5362510000,,,,,https://www.lexusofvaughan.com/privacy-policy.html,New,4780,In stock,,58930 CAD,Free,
2T2GGCEZ6TC135198,2T2GGCEZ6TC135198,26-867-new,Lexus,NX 350,ULTRA LUXURY,2026,AUTOMATIC,SUV,GASOLINE,,"2026 Lexus NX 350 ULTRA LUXURY, Caviar exterior","[{url:'https://carimages.d2cmedia.ca/newcarimages/en/cb6ac7cc2b218c6/Lexus/NX/2026/1200/480598-VUxUUkEgTFVYVVJZ/black/front45.png'},{url:'https://carimages.d2cmedia.ca/newcarimages/en/cb6ac7cc2b218c6/Lexus/NX/2026/1280/480598/black/front_45_degree.png'},{url:'https://carimages.d2cmedia.ca/newcarimages/en/cb6ac7cc2b218c6/Lexus/NX/2026/2100/480598/black/front_45_degree.png'},{url:'https://carimages.d2cmedia.ca/newcarimages/en/cb6ac7cc2b218c6/Lexus/NX/2026/2100/480598/black/profile.png'},{url:'https://carimages.d2cmedia.ca/newcarimages/en/cb6ac7cc2b218c6/Lexus/NX/2026/2100/480598/black/back_45_degree.png'},{url:'https://carimages.d2cmedia.ca/newcarimages/en/cb6ac7cc2b218c6/Lexus/NX/2026/2100/480598/black/driver_dashboard.png'},{url:'https://carimages.d2cmedia.ca/newcarimages/en/cb6ac7cc2b218c6/Lexus/NX/2026/2100/480598/black/full_dashboard.png'},{url:'https://carimages.d2cmedia.ca/newcarimages/en/cb6ac7cc2b218c6/Lexus/NX/2026/2100/480598/black/interior_driver_open_seat.png'},{url:'https://carimages.d2cmedia.ca/newcarimages/en/cb6ac7cc2b218c6/Lexus/NX/2026/2100/480598/black/interior_driver_stereo.png'},{url:'https://carimages.d2cmedia.ca/newcarimages/en/cb6ac7cc2b218c6/Lexus/NX/2026/2100/480598/black/interior_driver_reat_seats.png'}]",0,KM,https://www.lexusofvaughan.com/new/inventory/2026-Lexus-NX_350-id14454892.html,2026 Lexus NX 350 ULTRA LUXURY at Lexus of Vaughan,65492 CAD,New,Caviar,Rioja Red,4780,Lexus of Vaughan,+1-905-588-1010,"{addr1: '98 Auto Vaughan Drive', city: 'Vaughan', region: 'Ontario', postal_code: 'L6A 4A1', country: 'CA'}",43.8361240000,-79.5362510000,,,,,https://www.lexusofvaughan.com/privacy-policy.html,New,4780,In stock,,65492 CAD,Free,
2T2GGCEZXTC135043,2T2GGCEZXTC135043,26-871-new,Lexus,NX 350,ULTRA LUXURY,2026,AUTOMATIC,SUV,GASOLINE,,"2026 Lexus NX 350 ULTRA LUXURY, Caviar exterior","[{url:'https://carimages.d2cmedia.ca/newcarimages/en/cb6ac7cc2b218c6/Lexus/NX/2026/1200/480598-VUxUUkEgTFVYVVJZ/black/front45.png'},{url:'https://carimages.d2cmedia.ca/newcarimages/en/cb6ac7cc2b218c6/Lexus/NX/2026/1280/480598/black/front_45_degree.png'},{url:'https://carimages.d2cmedia.ca/newcarimages/en/cb6ac7cc2b218c6/Lexus/NX/2026/2100/480598/black/front_45_degree.png'},{url:'https://carimages.d2cmedia.ca/newcarimages/en/cb6ac7cc2b218c6/Lexus/NX/2026/2100/480598/black/profile.png'},{url:'https://carimages.d2cmedia.ca/newcarimages/en/cb6ac7cc2b218c6/Lexus/NX/2026/2100/480598/black/back_45_degree.png'},{url:'https://carimages.d2cmedia.ca/newcarimages/en/cb6ac7cc2b218c6/Lexus/NX/2026/2100/480598/black/driver_dashboard.png'},{url:'https://carimages.d2cmedia.ca/newcarimages/en/cb6ac7cc2b218c6/Lexus/NX/2026/2100/480598/black/full_dashboard.png'},{url:'https://carimages.d2cmedia.ca/newcarimages/en/cb6ac7cc2b218c6/Lexus/NX/2026/2100/480598/black/interior_driver_open_seat.png'},{url:'https://carimages.d2cmedia.ca/newcarimages/en/cb6ac7cc2b218c6/Lexus/NX/2026/2100/480598/black/interior_driver_stereo.png'},{url:'https://carimages.d2cmedia.ca/newcarimages/en/cb6ac7cc2b218c6/Lexus/NX/2026/2100/480598/black/interior_driver_reat_seats.png'}]",90,KM,https://www.lexusofvaughan.com/new/inventory/2026-Lexus-NX_350-id14462098.html,2026 Lexus NX 350 ULTRA LUXURY at Lexus of Vaughan,65492 CAD,New,Caviar,Beige,4780,Lexus of Vaughan,+1-905-588-1010,"{addr1: '98 Auto Vaughan Drive', city: 'Vaughan', region: 'Ontario', postal_code: 'L6A 4A1', country: 'CA'}",43.8361240000,-79.5362510000,,,,,https://www.lexusofvaughan.com/privacy-policy.html,New,4780,In stock,,65492 CAD,Free,
2T2GGCEZ7TC135307,2T2GGCEZ7TC135307,26-878-new,Lexus,NX 350,PREMIUM,2026,AUTOMATIC,SUV,GASOLINE,,"2026 Lexus NX 350 PREMIUM, Cloudburst Grey exterior","[{url:'https://carimages.d2cmedia.ca/newcarimages/en/cb6ac7cc2b218c6/Lexus/NX/2026/1200/480598-UFJFTUlVTQ/Gray/front45.png'},{url:'https://carimages.d2cmedia.ca/newcarimages/en/cb6ac7cc2b218c6/Lexus/NX/2026/1280/480598/grey/front_45_degree.png'},{url:'https://carimages.d2cmedia.ca/newcarimages/en/cb6ac7cc2b218c6/Lexus/NX/2026/2100/480598/grey/front_45_degree.png'},{url:'https://carimages.d2cmedia.ca/newcarimages/en/cb6ac7cc2b218c6/Lexus/NX/2026/2100/480598/grey/profile.png'},{url:'https://carimages.d2cmedia.ca/newcarimages/en/cb6ac7cc2b218c6/Lexus/NX/2026/2100/480598/grey/back_45_degree.png'},{url:'https://carimages.d2cmedia.ca/newcarimages/en/cb6ac7cc2b218c6/Lexus/NX/2026/2100/480598/grey/driver_dashboard.png'},{url:'https://carimages.d2cmedia.ca/newcarimages/en/cb6ac7cc2b218c6/Lexus/NX/2026/2100/480598/grey/full_dashboard.png'},{url:'https://carimages.d2cmedia.ca/newcarimages/en/cb6ac7cc2b218c6/Lexus/NX/2026/2100/480598/grey/interior_driver_open_seat.png'},{url:'https://carimages.d2cmedia.ca/newcarimages/en/cb6ac7cc2b218c6/Lexus/NX/2026/2100/480598/grey/interior_driver_stereo.png'},{url:'https://carimages.d2cmedia.ca/newcarimages/en/cb6ac7cc2b218c6/Lexus/NX/2026/2100/480598/grey/interior_driver_reat_seats.png'}]",90,KM,https://www.lexusofvaughan.com/new/inventory/2026-Lexus-NX_350-id14475533.html,2026 Lexus NX 350 PREMIUM at Lexus of Vaughan,58930 CAD,New,Cloudburst Grey,Black,4780,Lexus of Vaughan,+1-905-588-1010,"{addr1: '98 Auto Vaughan Drive', city: 'Vaughan', region: 'Ontario', postal_code: 'L6A 4A1', country: 'CA'}",43.8361240000,-79.5362510000,,,,,https://www.lexusofvaughan.com/privacy-policy.html,New,4780,In stock,,58930 CAD,Free,
2T2GGCEZ3TC135966,2T2GGCEZ3TC135966,26-891-new,Lexus,NX 350,PREMIUM,2026,AUTOMATIC,SUV,GASOLINE,,"2026 Lexus NX 350 PREMIUM, Caviar exterior","[{url:'https://imagescdn.d2cmedia.ca/cbf6bfe001705b8f8682343b3393eb5cbb/4780/14485604/1/Lexus-NX-2026.jpg'},{url:'https://imagescdn.d2cmedia.ca/s8f6bfe001705b8f8682343b3393eb5cbb/4780/14485604/1/Lexus-NX_350-2026.jpg'},{url:'https://imagescdn.d2cmedia.ca/cbf6bfe001705b8f8682343b3393eb5cbb/4780/14485604/1/Lexus-NX_350-2026.jpg'},{url:'https://imagescdn.d2cmedia.ca/cbf6bfe001705b8f8682343b3393eb5cbb/4780/14485604/2/Lexus-NX_350-2026.jpg'},{url:'https://imagescdn.d2cmedia.ca/cbf6bfe001705b8f8682343b3393eb5cbb/4780/14485604/3/Lexus-NX_350-2026.jpg'},{url:'https://imagescdn.d2cmedia.ca/cbf6bfe001705b8f8682343b3393eb5cbb/4780/14485604/4/Lexus-NX_350-2026.jpg'},{url:'https://imagescdn.d2cmedia.ca/cbf6bfe001705b8f8682343b3393eb5cbb/4780/14485604/5/Lexus-NX_350-2026.jpg'},{url:'https://imagescdn.d2cmedia.ca/cbf6bfe001705b8f8682343b3393eb5cbb/4780/14485604/6/Lexus-NX_350-2026.jpg'},{url:'https://imagescdn.d2cmedia.ca/cbf6bfe001705b8f8682343b3393eb5cbb/4780/14485604/7/Lexus-NX_350-2026.jpg'},{url:'https://imagescdn.d2cmedia.ca/cbf6bfe001705b8f8682343b3393eb5cbb/4780/14485604/8/Lexus-NX_350-2026.jpg'}]",90,KM,https://www.lexusofvaughan.com/new/inventory/2026-Lexus-NX_350-id14485604.html,2026 Lexus NX 350 PREMIUM at Lexus of Vaughan,57385 CAD,New,Caviar,Black,4780,Lexus of Vaughan,+1-905-588-1010,"{addr1: '98 Auto Vaughan Drive', city: 'Vaughan', region: 'Ontario', postal_code: 'L6A 4A1', country: 'CA'}",43.8361240000,-79.5362510000,,,,,https://www.lexusofvaughan.com/privacy-policy.html,New,4780,In stock,,57385 CAD,Free,
2T2GGCEZXTC136239,2T2GGCEZXTC136239,26-895-new,Lexus,NX 350,PREMIUM,2026,AUTOMATIC,SUV,GASOLINE,,"2026 Lexus NX 350 PREMIUM, Atomic Silver exterior","[{url:'https://imagescdn.d2cmedia.ca/cb6d5dc7a71f4752eff10fcd7f05904b97/4780/14490519/1/Lexus-NX-2026.jpg'},{url:'https://imagescdn.d2cmedia.ca/s86d5dc7a71f4752eff10fcd7f05904b97/4780/14490519/1/Lexus-NX_350-2026.jpg'},{url:'https://imagescdn.d2cmedia.ca/cb6d5dc7a71f4752eff10fcd7f05904b97/4780/14490519/1/Lexus-NX_350-2026.jpg'},{url:'https://imagescdn.d2cmedia.ca/cb6d5dc7a71f4752eff10fcd7f05904b97/4780/14490519/2/Lexus-NX_350-2026.jpg'},{url:'https://imagescdn.d2cmedia.ca/cb6d5dc7a71f4752eff10fcd7f05904b97/4780/14490519/3/Lexus-NX_350-2026.jpg'},{url:'https://imagescdn.d2cmedia.ca/cb6d5dc7a71f4752eff10fcd7f05904b97/4780/14490519/4/Lexus-NX_350-2026.jpg'},{url:'https://imagescdn.d2cmedia.ca/cb6d5dc7a71f4752eff10fcd7f05904b97/4780/14490519/5/Lexus-NX_350-2026.jpg'},{url:'https://imagescdn.d2cmedia.ca/cb6d5dc7a71f4752eff10fcd7f05904b97/4780/14490519/6/Lexus-NX_350-2026.jpg'},{url:'https://imagescdn.d2cmedia.ca/cb6d5dc7a71f4752eff10fcd7f05904b97/4780/14490519/7/Lexus-NX_350-2026.jpg'},{url:'https://imagescdn.d2cmedia.ca/cb6d5dc7a71f4752eff10fcd7f05904b97/4780/14490519/8/Lexus-NX_350-2026.jpg'}]",90,KM,https://www.lexusofvaughan.com/new/inventory/2026-Lexus-NX_350-id14490519.html,2026 Lexus NX 350 PREMIUM at Lexus of Vaughan,57385 CAD,New,Atomic Silver,Black,4780,Lexus of Vaughan,+1-905-588-1010,"{addr1: '98 Auto Vaughan Drive', city: 'Vaughan', region: 'Ontario', postal_code: 'L6A 4A1', country: 'CA'}",43.8361240000,-79.5362510000,,,,,https://www.lexusofvaughan.com/privacy-policy.html,New,4780,In stock,,57385 CAD,Free,
2T2GGCEZ4TC136219,2T2GGCEZ4TC136219,26-896-new,Lexus,NX 350,PREMIUM,2026,AUTOMATIC,SUV,GASOLINE,,"2026 Lexus NX 350 PREMIUM, Atomic Silver exterior","[{url:'https://imagescdn.d2cmedia.ca/cb90e529e44ea1ab08d9f4f34159d34312/4780/14490520/1/Lexus-NX-2026.jpg'},{url:'https://imagescdn.d2cmedia.ca/s890e529e44ea1ab08d9f4f34159d34312/4780/14490520/1/Lexus-NX_350-2026.jpg'},{url:'https://imagescdn.d2cmedia.ca/cb90e529e44ea1ab08d9f4f34159d34312/4780/14490520/1/Lexus-NX_350-2026.jpg'},{url:'https://imagescdn.d2cmedia.ca/cb90e529e44ea1ab08d9f4f34159d34312/4780/14490520/2/Lexus-NX_350-2026.jpg'},{url:'https://imagescdn.d2cmedia.ca/cb90e529e44ea1ab08d9f4f34159d34312/4780/14490520/3/Lexus-NX_350-2026.jpg'},{url:'https://imagescdn.d2cmedia.ca/cb90e529e44ea1ab08d9f4f34159d34312/4780/14490520/4/Lexus-NX_350-2026.jpg'},{url:'https://imagescdn.d2cmedia.ca/cb90e529e44ea1ab08d9f4f34159d34312/4780/14490520/5/Lexus-NX_350-2026.jpg'},{url:'https://imagescdn.d2cmedia.ca/cb90e529e44ea1ab08d9f4f34159d34312/4780/14490520/6/Lexus-NX_350-2026.jpg'},{url:'https://imagescdn.d2cmedia.ca/cb90e529e44ea1ab08d9f4f34159d34312/4780/14490520/7/Lexus-NX_350-2026.jpg'},{url:'https://imagescdn.d2cmedia.ca/cb90e529e44ea1ab08d9f4f34159d34312/4780/14490520/8/Lexus-NX_350-2026.jpg'}]",90,KM,https://www.lexusofvaughan.com/new/inventory/2026-Lexus-NX_350-id14490520.html,2026 Lexus NX 350 PREMIUM at Lexus of Vaughan,57385 CAD,New,Atomic Silver,Black,4780,Lexus of Vaughan,+1-905-588-1010,"{addr1: '98 Auto Vaughan Drive', city: 'Vaughan', region: 'Ontario', postal_code: 'L6A 4A1', country: 'CA'}",43.8361240000,-79.5362510000,,,,,https://www.lexusofvaughan.com/privacy-policy.html,New,4780,In stock,,57385 CAD,Free,
2T2GGCEZ0TC136413,2T2GGCEZ0TC136413,26-898-new,Lexus,NX 350,LUXURY,2026,AUTOMATIC,SUV,GASOLINE,,"2026 Lexus NX 350 LUXURY, Cloudburst Grey exterior","[{url:'https://carimages.d2cmedia.ca/newcarimages/en/cb6ac7cc2b218c6/Lexus/NX/2026/1200/480598-TFVYVVJZ/Gray/front45.png'},{url:'https://carimages.d2cmedia.ca/newcarimages/en/cb6ac7cc2b218c6/Lexus/NX/2026/1280/480598/grey/front_45_degree.png'},{url:'https://carimages.d2cmedia.ca/newcarimages/en/cb6ac7cc2b218c6/Lexus/NX/2026/2100/480598/grey/front_45_degree.png'},{url:'https://carimages.d2cmedia.ca/newcarimages/en/cb6ac7cc2b218c6/Lexus/NX/2026/2100/480598/grey/profile.png'},{url:'https://carimages.d2cmedia.ca/newcarimages/en/cb6ac7cc2b218c6/Lexus/NX/2026/2100/480598/grey/back_45_degree.png'},{url:'https://carimages.d2cmedia.ca/newcarimages/en/cb6ac7cc2b218c6/Lexus/NX/2026/2100/480598/grey/driver_dashboard.png'},{url:'https://carimages.d2cmedia.ca/newcarimages/en/cb6ac7cc2b218c6/Lexus/NX/2026/2100/480598/grey/full_dashboard.png'},{url:'https://carimages.d2cmedia.ca/newcarimages/en/cb6ac7cc2b218c6/Lexus/NX/2026/2100/480598/grey/interior_driver_open_seat.png'},{url:'https://carimages.d2cmedia.ca/newcarimages/en/cb6ac7cc2b218c6/Lexus/NX/2026/2100/480598/grey/interior_driver_stereo.png'},{url:'https://carimages.d2cmedia.ca/newcarimages/en/cb6ac7cc2b218c6/Lexus/NX/2026/2100/480598/grey/interior_driver_reat_seats.png'}]",90,KM,https://www.lexusofvaughan.com/new/inventory/2026-Lexus-NX_350-id14490522.html,2026 Lexus NX 350 LUXURY at Lexus of Vaughan,62174 CAD,New,Cloudburst Grey,Circuit Red,4780,Lexus of Vaughan,+1-905-588-1010,"{addr1: '98 Auto Vaughan Drive', city: 'Vaughan', region: 'Ontario', postal_code: 'L6A 4A1', country: 'CA'}",43.8361240000,-79.5362510000,,,,,https://www.lexusofvaughan.com/privacy-policy.html,New,4780,In stock,,62174 CAD,Free,
2T2GGCEZ7TC136201,2T2GGCEZ7TC136201,26-899-new,Lexus,NX 350,PREMIUM,2026,AUTOMATIC,SUV,GASOLINE,,"2026 Lexus NX 350 PREMIUM, Caviar exterior","[{url:'https://imagescdn.d2cmedia.ca/cbbf7772d06bd57f7bdb22db9b26051e23/4780/14490523/1/Lexus-NX-2026.jpg'},{url:'https://imagescdn.d2cmedia.ca/s8bf7772d06bd57f7bdb22db9b26051e23/4780/14490523/1/Lexus-NX_350-2026.jpg'},{url:'https://imagescdn.d2cmedia.ca/cbbf7772d06bd57f7bdb22db9b26051e23/4780/14490523/1/Lexus-NX_350-2026.jpg'},{url:'https://imagescdn.d2cmedia.ca/cbbf7772d06bd57f7bdb22db9b26051e23/4780/14490523/2/Lexus-NX_350-2026.jpg'},{url:'https://imagescdn.d2cmedia.ca/cbbf7772d06bd57f7bdb22db9b26051e23/4780/14490523/3/Lexus-NX_350-2026.jpg'},{url:'https://imagescdn.d2cmedia.ca/cbbf7772d06bd57f7bdb22db9b26051e23/4780/14490523/4/Lexus-NX_350-2026.jpg'},{url:'https://imagescdn.d2cmedia.ca/cbbf7772d06bd57f7bdb22db9b26051e23/4780/14490523/5/Lexus-NX_350-2026.jpg'},{url:'https://imagescdn.d2cmedia.ca/cbbf7772d06bd57f7bdb22db9b26051e23/4780/14490523/6/Lexus-NX_350-2026.jpg'},{url:'https://imagescdn.d2cmedia.ca/cbbf7772d06bd57f7bdb22db9b26051e23/4780/14490523/7/Lexus-NX_350-2026.jpg'},{url:'https://imagescdn.d2cmedia.ca/cbbf7772d06bd57f7bdb22db9b26051e23/4780/14490523/8/Lexus-NX_350-2026.jpg'}]",90,KM,https://www.lexusofvaughan.com/new/inventory/2026-Lexus-NX_350-id14490523.html,2026 Lexus NX 350 PREMIUM at Lexus of Vaughan,57385 CAD,New,Caviar,Black,4780,Lexus of Vaughan,+1-905-588-1010,"{addr1: '98 Auto Vaughan Drive', city: 'Vaughan', region: 'Ontario', postal_code: 'L6A 4A1', country: 'CA'}",43.8361240000,-79.5362510000,,,,,https://www.lexusofvaughan.com/privacy-policy.html,New,4780,In stock,,57385 CAD,Free,
2T2KGCEZ7TC136032,2T2KGCEZ7TC136032,26-900-new,Lexus,NX 350,F SPORT 3,2026,AUTOMATIC,SUV,GASOLINE,,"2026 Lexus NX 350 F SPORT 3, Caviar exterior","[{url:'https://carimages.d2cmedia.ca/newcarimages/en/cb6ac7cc2b218c6/Lexus/NX/2026/1200/480598-RiBTUE9SVCAz/black/front45.png'},{url:'https://carimages.d2cmedia.ca/newcarimages/en/cb6ac7cc2b218c6/Lexus/NX/2026/1280/480598/black/front_45_degree.png'},{url:'https://carimages.d2cmedia.ca/newcarimages/en/cb6ac7cc2b218c6/Lexus/NX/2026/2100/480598/black/front_45_degree.png'},{url:'https://carimages.d2cmedia.ca/newcarimages/en/cb6ac7cc2b218c6/Lexus/NX/2026/2100/480598/black/profile.png'},{url:'https://carimages.d2cmedia.ca/newcarimages/en/cb6ac7cc2b218c6/Lexus/NX/2026/2100/480598/black/back_45_degree.png'},{url:'https://carimages.d2cmedia.ca/newcarimages/en/cb6ac7cc2b218c6/Lexus/NX/2026/2100/480598/black/driver_dashboard.png'},{url:'https://carimages.d2cmedia.ca/newcarimages/en/cb6ac7cc2b218c6/Lexus/NX/2026/2100/480598/black/full_dashboard.png'},{url:'https://carimages.d2cmedia.ca/newcarimages/en/cb6ac7cc2b218c6/Lexus/NX/2026/2100/480598/black/interior_driver_open_seat.png'},{url:'https://carimages.d2cmedia.ca/newcarimages/en/cb6ac7cc2b218c6/Lexus/NX/2026/2100/480598/black/interior_driver_stereo.png'},{url:'https://carimages.d2cmedia.ca/newcarimages/en/cb6ac7cc2b218c6/Lexus/NX/2026/2100/480598/black/interior_driver_reat_seats.png'}]",90,KM,https://www.lexusofvaughan.com/new/inventory/2026-Lexus-NX_350-id14490524.html,2026 Lexus NX 350 F SPORT 3 at Lexus of Vaughan,70958 CAD,New,Caviar,Rioja Red,4780,Lexus of Vaughan,+1-905-588-1010,"{addr1: '98 Auto Vaughan Drive', city: 'Vaughan', region: 'Ontario', postal_code: 'L6A 4A1', country: 'CA'}",43.8361240000,-79.5362510000,,,,,https://www.lexusofvaughan.com/privacy-policy.html,New,4780,In stock,,70958 CAD,Free,
5TDABAB67TS029065,5TDABAB67TS029065,26-824,Lexus,TX 500h,F SPORT PERFORMANCE 3,2026,AUTOMATIC,SUV,HYBRID,,"2026 Lexus TX 500h F SPORT PERFORMANCE 3, Caviar exterior","[{url:'https://imagescdn.d2cmedia.ca/cb9fe4d72eee0107293cd28053b2aaac8d/4780/14392716/1/Lexus-TX Hybrid-2026.jpg'},{url:'https://imagescdn.d2cmedia.ca/s89fe4d72eee0107293cd28053b2aaac8d/4780/14392716/1/Lexus-TX_500h-2026.jpg'},{url:'https://imagescdn.d2cmedia.ca/cb9fe4d72eee0107293cd28053b2aaac8d/4780/14392716/1/Lexus-TX_500h-2026.jpg'},{url:'https://imagescdn.d2cmedia.ca/cb9fe4d72eee0107293cd28053b2aaac8d/4780/14392716/2/Lexus-TX_500h-2026.jpg'},{url:'https://imagescdn.d2cmedia.ca/cb9fe4d72eee0107293cd28053b2aaac8d/4780/14392716/3/Lexus-TX_500h-2026.jpg'},{url:'https://imagescdn.d2cmedia.ca/cb9fe4d72eee0107293cd28053b2aaac8d/4780/14392716/4/Lexus-TX_500h-2026.jpg'},{url:'https://imagescdn.d2cmedia.ca/cb9fe4d72eee0107293cd28053b2aaac8d/4780/14392716/5/Lexus-TX_500h-2026.jpg'},{url:'https://imagescdn.d2cmedia.ca/cb9fe4d72eee0107293cd28053b2aaac8d/4780/14392716/6/Lexus-TX_500h-2026.jpg'},{url:'https://imagescdn.d2cmedia.ca/cb9fe4d72eee0107293cd28053b2aaac8d/4780/14392716/7/Lexus-TX_500h-2026.jpg'},{url:'https://imagescdn.d2cmedia.ca/cb9fe4d72eee0107293cd28053b2aaac8d/4780/14392716/8/Lexus-TX_500h-2026.jpg'}]",90,KM,https://www.lexusofvaughan.com/new/inventory/2026-Lexus-TX_500h-id14392716.html,2026 Lexus TX 500h F SPORT PERFORMANCE 3 at Lexus of Vaughan,94851 CAD,New,Caviar,Black,4780,Lexus of Vaughan,+1-905-588-1010,"{addr1: '98 Auto Vaughan Drive', city: 'Vaughan', region: 'Ontario', postal_code: 'L6A 4A1', country: 'CA'}",43.8361240000,-79.5362510000,,,,,https://www.lexusofvaughan.com/privacy-policy.html,New,4780,In stock,,94851 CAD,Free,
5TDABAB67TS029325,5TDABAB67TS029325,26-848-new,Lexus,TX 500h,F SPORT PERFORMANCE 3,2026,AUTOMATIC,SUV,HYBRID,,"2026 Lexus TX 500h F SPORT PERFORMANCE 3, Caviar exterior","[{url:'https://imagescdn.d2cmedia.ca/cbec111105b02f25d1764af3d655109b85/4780/14427338/1/Lexus-TX Hybrid-2026.jpg'},{url:'https://imagescdn.d2cmedia.ca/s8ec111105b02f25d1764af3d655109b85/4780/14427338/1/Lexus-TX_500h-2026.jpg'},{url:'https://imagescdn.d2cmedia.ca/cbec111105b02f25d1764af3d655109b85/4780/14427338/1/Lexus-TX_500h-2026.jpg'},{url:'https://imagescdn.d2cmedia.ca/cbec111105b02f25d1764af3d655109b85/4780/14427338/2/Lexus-TX_500h-2026.jpg'},{url:'https://imagescdn.d2cmedia.ca/cbec111105b02f25d1764af3d655109b85/4780/14427338/3/Lexus-TX_500h-2026.jpg'},{url:'https://imagescdn.d2cmedia.ca/cbec111105b02f25d1764af3d655109b85/4780/14427338/4/Lexus-TX_500h-2026.jpg'},{url:'https://imagescdn.d2cmedia.ca/cbec111105b02f25d1764af3d655109b85/4780/14427338/5/Lexus-TX_500h-2026.jpg'},{url:'https://imagescdn.d2cmedia.ca/cbec111105b02f25d1764af3d655109b85/4780/14427338/6/Lexus-TX_500h-2026.jpg'},{url:'https://imagescdn.d2cmedia.ca/cbec111105b02f25d1764af3d655109b85/4780/14427338/7/Lexus-TX_500h-2026.jpg'},{url:'https://imagescdn.d2cmedia.ca/cbec111105b02f25d1764af3d655109b85/4780/14427338/8/Lexus-TX_500h-2026.jpg'}]",90,KM,https://www.lexusofvaughan.com/new/inventory/2026-Lexus-TX_500h-id14427338.html,2026 Lexus TX 500h F SPORT PERFORMANCE 3 at Lexus of Vaughan,93704 CAD,New,Caviar,Black,4780,Lexus of Vaughan,+1-905-588-1010,"{addr1: '98 Auto Vaughan Drive', city: 'Vaughan', region: 'Ontario', postal_code: 'L6A 4A1', country: 'CA'}",43.8361240000,-79.5362510000,,,,,https://www.lexusofvaughan.com/privacy-policy.html,New,4780,In stock,,93704 CAD,Free,
SADCM2FV0KA394133,SADCM2FV0KA394133,U26866A,Jaguar,F-PACE,S Awd,2019,AUTOMATIC,SUV,GASOLINE,,"2019 Jaguar F-PACE S Awd, Fuji White exterior","[{url:'https://imagescdn.d2cmedia.ca/cb094f71c601aefc36661554654575c042/4780/14478729/1/Jaguar-F_PACE-2019.jpg'},{url:'https://imagescdn.d2cmedia.ca/s8094f71c601aefc36661554654575c042/4780/14478729/1/Jaguar-F_PACE-2019.jpg'},{url:'https://imagescdn.d2cmedia.ca/cb094f71c601aefc36661554654575c042/4780/14478729/2/Jaguar-F_PACE-2019.jpg'},{url:'https://imagescdn.d2cmedia.ca/cb094f71c601aefc36661554654575c042/4780/14478729/3/Jaguar-F_PACE-2019.jpg'},{url:'https://imagescdn.d2cmedia.ca/cb094f71c601aefc36661554654575c042/4780/14478729/4/Jaguar-F_PACE-2019.jpg'},{url:'https://imagescdn.d2cmedia.ca/cb094f71c601aefc36661554654575c042/4780/14478729/5/Jaguar-F_PACE-2019.jpg'},{url:'https://imagescdn.d2cmedia.ca/cb094f71c601aefc36661554654575c042/4780/14478729/6/Jaguar-F_PACE-2019.jpg'},{url:'https://imagescdn.d2cmedia.ca/cb094f71c601aefc36661554654575c042/4780/14478729/7/Jaguar-F_PACE-2019.jpg'},{url:'https://imagescdn.d2cmedia.ca/cb094f71c601aefc36661554654575c042/4780/14478729/8/Jaguar-F_PACE-2019.jpg'},{url:'https://imagescdn.d2cmedia.ca/cb094f71c601aefc36661554654575c042/4780/14478729/9/Jaguar-F_PACE-2019.jpg'}]",162444,KM,https://www.lexusofvaughan.com/used/2019-Jaguar-F_PACE-id14478729.html,2019 Jaguar F-PACE S Awd at Lexus of Vaughan,18995 CAD,Used,Fuji White,,4780,Lexus of Vaughan,+1-905-588-1010,"{addr1: '98 Auto Vaughan Drive', city: 'Vaughan', region: 'Ontario', postal_code: 'L6A 4A1', country: 'CA'}",43.8361240000,-79.5362510000,,,,,https://www.lexusofvaughan.com/privacy-policy.html,Used,4780,In stock,,18995 CAD,Free,
JTHU9JBHXK2006314,JTHU9JBHXK2006314,U26852A,Lexus,UX 250h,HYBRID AWD F SPORT 1,2019,AUTOMATIC,SUV,HYBRID,,"2019 Lexus UX 250h HYBRID AWD F SPORT 1, Nebula Grey Pearl exterior","[{url:'https://imagescdn.d2cmedia.ca/cb8c54e8ba4ba86acbe7b03215facea694/4780/14462106/1/Lexus-UX-2019.jpg'},{url:'https://imagescdn.d2cmedia.ca/s88c54e8ba4ba86acbe7b03215facea694/4780/14462106/1/Lexus-UX_250h-2019.jpg'},{url:'https://imagescdn.d2cmedia.ca/cb8c54e8ba4ba86acbe7b03215facea694/4780/14462106/1/Lexus-UX_250h-2019.jpg'},{url:'https://imagescdn.d2cmedia.ca/cb8c54e8ba4ba86acbe7b03215facea694/4780/14462106/2/Lexus-UX_250h-2019.jpg'},{url:'https://imagescdn.d2cmedia.ca/cb8c54e8ba4ba86acbe7b03215facea694/4780/14462106/3/Lexus-UX_250h-2019.jpg'},{url:'https://imagescdn.d2cmedia.ca/cb8c54e8ba4ba86acbe7b03215facea694/4780/14462106/4/Lexus-UX_250h-2019.jpg'},{url:'https://imagescdn.d2cmedia.ca/cb8c54e8ba4ba86acbe7b03215facea694/4780/14462106/5/Lexus-UX_250h-2019.jpg'},{url:'https://imagescdn.d2cmedia.ca/cb8c54e8ba4ba86acbe7b03215facea694/4780/14462106/6/Lexus-UX_250h-2019.jpg'},{url:'https://imagescdn.d2cmedia.ca/cb8c54e8ba4ba86acbe7b03215facea694/4780/14462106/7/Lexus-UX_250h-2019.jpg'},{url:'https://imagescdn.d2cmedia.ca/cb8c54e8ba4ba86acbe7b03215facea694/4780/14462106/8/Lexus-UX_250h-2019.jpg'}]",109113,KM,https://www.lexusofvaughan.com/used/2019-Lexus-UX_250h-id14462106.html,2019 Lexus UX 250h HYBRID AWD F SPORT 1 at Lexus of Vaughan,25995 CAD,Used,Nebula Grey Pearl,Black,4780,Lexus of Vaughan,+1-905-588-1010,"{addr1: '98 Auto Vaughan Drive', city: 'Vaughan', region: 'Ontario', postal_code: 'L6A 4A1', country: 'CA'}",43.8361240000,-79.5362510000,,,,,https://www.lexusofvaughan.com/privacy-policy.html,Used,4780,In stock,,25995 CAD,Free,
2T3R1RFV8PC390459,2T3R1RFV8PC390459,U26827A,Toyota,RAV4,XLE AWD,2023,AUTOMATIC,SUV,GASOLINE,,"2023 Toyota RAV4 XLE AWD, Midnight Black Metallic exterior","[{url:'https://imagescdn.d2cmedia.ca/cb753a23bee914773e9ab1679730d7193d/4780/14462105/1/Toyota-RAV4-2023.jpg'},{url:'https://imagescdn.d2cmedia.ca/s8753a23bee914773e9ab1679730d7193d/4780/14462105/1/Toyota-RAV4-2023.jpg'},{url:'https://imagescdn.d2cmedia.ca/cb753a23bee914773e9ab1679730d7193d/4780/14462105/2/Toyota-RAV4-2023.jpg'},{url:'https://imagescdn.d2cmedia.ca/cb753a23bee914773e9ab1679730d7193d/4780/14462105/3/Toyota-RAV4-2023.jpg'},{url:'https://imagescdn.d2cmedia.ca/cb753a23bee914773e9ab1679730d7193d/4780/14462105/4/Toyota-RAV4-2023.jpg'},{url:'https://imagescdn.d2cmedia.ca/cb753a23bee914773e9ab1679730d7193d/4780/14462105/5/Toyota-RAV4-2023.jpg'},{url:'https://imagescdn.d2cmedia.ca/cb753a23bee914773e9ab1679730d7193d/4780/14462105/6/Toyota-RAV4-2023.jpg'},{url:'https://imagescdn.d2cmedia.ca/cb753a23bee914773e9ab1679730d7193d/4780/14462105/7/Toyota-RAV4-2023.jpg'},{url:'https://imagescdn.d2cmedia.ca/cb753a23bee914773e9ab1679730d7193d/4780/14462105/8/Toyota-RAV4-2023.jpg'},{url:'https://imagescdn.d2cmedia.ca/cb753a23bee914773e9ab1679730d7193d/4780/14462105/9/Toyota-RAV4-2023.jpg'}]",35411,KM,https://www.lexusofvaughan.com/used/2023-Toyota-RAV4-id14462105.html,2023 Toyota RAV4 XLE AWD at Lexus of Vaughan,35995 CAD,Used,Midnight Black Metallic,Black,4780,Lexus of Vaughan,+1-905-588-1010,"{addr1: '98 Auto Vaughan Drive', city: 'Vaughan', region: 'Ontario', postal_code: 'L6A 4A1', country: 'CA'}",43.8361240000,-79.5362510000,,,,,https://www.lexusofvaughan.com/privacy-policy.html,Used,4780,In stock,,35995 CAD,Free,
JTHUCJDH1S2006703,JTHUCJDH1S2006703,U26831A,Lexus,UX 300h,HYBRID AWD PREMIUM PACKAGE,2025,AUTOMATIC,SUV,HYBRID,,"2025 Lexus UX 300h HYBRID AWD PREMIUM PACKAGE, Eminent White Pearl exterior","[{url:'https://imagescdn.d2cmedia.ca/cbd13f31960648e79665a109739e25269e/4780/14420142/1/Lexus-UX-2025.jpg'},{url:'https://imagescdn.d2cmedia.ca/s8d13f31960648e79665a109739e25269e/4780/14420142/1/Lexus-UX_300h-2025.jpg'},{url:'https://imagescdn.d2cmedia.ca/cbd13f31960648e79665a109739e25269e/4780/14420142/1/Lexus-UX_300h-2025.jpg'},{url:'https://imagescdn.d2cmedia.ca/cbd13f31960648e79665a109739e25269e/4780/14420142/2/Lexus-UX_300h-2025.jpg'},{url:'https://imagescdn.d2cmedia.ca/cbd13f31960648e79665a109739e25269e/4780/14420142/3/Lexus-UX_300h-2025.jpg'},{url:'https://imagescdn.d2cmedia.ca/cbd13f31960648e79665a109739e25269e/4780/14420142/4/Lexus-UX_300h-2025.jpg'},{url:'https://imagescdn.d2cmedia.ca/cbd13f31960648e79665a109739e25269e/4780/14420142/5/Lexus-UX_300h-2025.jpg'},{url:'https://imagescdn.d2cmedia.ca/cbd13f31960648e79665a109739e25269e/4780/14420142/6/Lexus-UX_300h-2025.jpg'},{url:'https://imagescdn.d2cmedia.ca/cbd13f31960648e79665a109739e25269e/4780/14420142/7/Lexus-UX_300h-2025.jpg'},{url:'https://imagescdn.d2cmedia.ca/cbd13f31960648e79665a109739e25269e/4780/14420142/8/Lexus-UX_300h-2025.jpg'}]",26501,KM,https://www.lexusofvaughan.com/used/2025-Lexus-UX_300h-id14420142.html,2025 Lexus UX 300h HYBRID AWD PREMIUM PACKAGE at Lexus of Vaughan,41995 CAD,CPO,Eminent White Pearl,Black,4780,Lexus of Vaughan,+1-905-588-1010,"{addr1: '98 Auto Vaughan Drive', city: 'Vaughan', region: 'Ontario', postal_code: 'L6A 4A1', country: 'CA'}",43.8361240000,-79.5362510000,,,,,https://www.lexusofvaughan.com/privacy-policy.html,CPO,4780,In stock,,41995 CAD,Free,
2T2GKCEZ2PC014074,2T2GKCEZ2PC014074,U1090,Lexus,NX 350h,HYBRID AWD LUXURY PACKAGE,2023,AUTOMATIC,SUV,HYBRID,,"2023 Lexus NX 350h HYBRID AWD LUXURY PACKAGE, Eminent White Pearl exterior","[{url:'https://imagescdn.d2cmedia.ca/cb40a0b3f1c5a669bc3151c471726f5529/4780/14392718/1/Lexus-NX Hybrid-2023.jpg'},{url:'https://imagescdn.d2cmedia.ca/s840a0b3f1c5a669bc3151c471726f5529/4780/14392718/1/Lexus-NX_350h-2023.jpg'},{url:'https://imagescdn.d2cmedia.ca/cb40a0b3f1c5a669bc3151c471726f5529/4780/14392718/1/Lexus-NX_350h-2023.jpg'},{url:'https://imagescdn.d2cmedia.ca/cb40a0b3f1c5a669bc3151c471726f5529/4780/14392718/2/Lexus-NX_350h-2023.jpg'},{url:'https://imagescdn.d2cmedia.ca/cb40a0b3f1c5a669bc3151c471726f5529/4780/14392718/3/Lexus-NX_350h-2023.jpg'},{url:'https://imagescdn.d2cmedia.ca/cb40a0b3f1c5a669bc3151c471726f5529/4780/14392718/4/Lexus-NX_350h-2023.jpg'},{url:'https://imagescdn.d2cmedia.ca/cb40a0b3f1c5a669bc3151c471726f5529/4780/14392718/5/Lexus-NX_350h-2023.jpg'},{url:'https://imagescdn.d2cmedia.ca/cb40a0b3f1c5a669bc3151c471726f5529/4780/14392718/6/Lexus-NX_350h-2023.jpg'},{url:'https://imagescdn.d2cmedia.ca/cb40a0b3f1c5a669bc3151c471726f5529/4780/14392718/7/Lexus-NX_350h-2023.jpg'},{url:'https://imagescdn.d2cmedia.ca/cb40a0b3f1c5a669bc3151c471726f5529/4780/14392718/8/Lexus-NX_350h-2023.jpg'}]",92857,KM,https://www.lexusofvaughan.com/used/2023-Lexus-NX_350h-id14392718.html,2023 Lexus NX 350h HYBRID AWD LUXURY PACKAGE at Lexus of Vaughan,44995 CAD,CPO,Eminent White Pearl,Black,4780,Lexus of Vaughan,+1-905-588-1010,"{addr1: '98 Auto Vaughan Drive', city: 'Vaughan', region: 'Ontario', postal_code: 'L6A 4A1', country: 'CA'}",43.8361240000,-79.5362510000,,,,,https://www.lexusofvaughan.com/privacy-policy.html,CPO,4780,In stock,,44995 CAD,Free,
JTJJZKFA2M2031635,JTJJZKFA2M2031635,U1101,Lexus,RX 350L,AWD LONG WHEEL BASE 7 PASSENGER EXECUTIVE PACKAGE,2021,AUTOMATIC,SUV,GASOLINE,,"2021 Lexus RX 350L AWD LONG WHEEL BASE 7 PASSENGER EXECUTIVE PACKAGE, Nebula Grey Pearl exterior","[{url:'https://imagescdn.d2cmedia.ca/cbd89bcf1ec99d03fd027d41cd49bcabe0/4780/14496927/1/Lexus-RX-2021.jpg'},{url:'https://imagescdn.d2cmedia.ca/s8d89bcf1ec99d03fd027d41cd49bcabe0/4780/14496927/1/Lexus-RX_350L-2021.jpg'},{url:'https://imagescdn.d2cmedia.ca/cbd89bcf1ec99d03fd027d41cd49bcabe0/4780/14496927/1/Lexus-RX_350L-2021.jpg'}]",44724,KM,https://www.lexusofvaughan.com/used/2021-Lexus-RX_350L-id14496927.html,2021 Lexus RX 350L AWD LONG WHEEL BASE 7 PASSENGER EXECUTIVE PACKAGE at Lexus of Vaughan,49995 CAD,CPO,Nebula Grey Pearl,Black,4780,Lexus of Vaughan,+1-905-588-1010,"{addr1: '98 Auto Vaughan Drive', city: 'Vaughan', region: 'Ontario', postal_code: 'L6A 4A1', country: 'CA'}",43.8361240000,-79.5362510000,,,,,https://www.lexusofvaughan.com/privacy-policy.html,CPO,4780,In stock,,49995 CAD,Free,
2T2BAMCA8PC022700,2T2BAMCA8PC022700,U26642A,Lexus,RX 350,AWD EXECUTIVE PACKAGE WITH MACADAMIA LEATHER INTERIOR,2023,AUTOMATIC,SUV,GASOLINE,,"2023 Lexus RX 350 AWD EXECUTIVE PACKAGE WITH MACADAMIA LEATHER INTERIOR, Eminent White Pearl exterior","[{url:'https://imagescdn.d2cmedia.ca/cbdd5bc8b5ff6f6988be3e293730276220/4780/14442039/1/Lexus-RX-2023.jpg'},{url:'https://imagescdn.d2cmedia.ca/s8dd5bc8b5ff6f6988be3e293730276220/4780/14442039/1/Lexus-RX_350-2023.jpg'},{url:'https://imagescdn.d2cmedia.ca/cbdd5bc8b5ff6f6988be3e293730276220/4780/14442039/1/Lexus-RX_350-2023.jpg'},{url:'https://imagescdn.d2cmedia.ca/cbdd5bc8b5ff6f6988be3e293730276220/4780/14442039/2/Lexus-RX_350-2023.jpg'},{url:'https://imagescdn.d2cmedia.ca/cbdd5bc8b5ff6f6988be3e293730276220/4780/14442039/3/Lexus-RX_350-2023.jpg'},{url:'https://imagescdn.d2cmedia.ca/cbdd5bc8b5ff6f6988be3e293730276220/4780/14442039/4/Lexus-RX_350-2023.jpg'},{url:'https://imagescdn.d2cmedia.ca/cbdd5bc8b5ff6f6988be3e293730276220/4780/14442039/5/Lexus-RX_350-2023.jpg'},{url:'https://imagescdn.d2cmedia.ca/cbdd5bc8b5ff6f6988be3e293730276220/4780/14442039/6/Lexus-RX_350-2023.jpg'},{url:'https://imagescdn.d2cmedia.ca/cbdd5bc8b5ff6f6988be3e293730276220/4780/14442039/7/Lexus-RX_350-2023.jpg'},{url:'https://imagescdn.d2cmedia.ca/cbdd5bc8b5ff6f6988be3e293730276220/4780/14442039/8/Lexus-RX_350-2023.jpg'}]",43145,KM,https://www.lexusofvaughan.com/used/2023-Lexus-RX_350-id14442039.html,2023 Lexus RX 350 AWD EXECUTIVE PACKAGE WITH MACADAMIA LEATHER INTERIOR at Lexus of Vaughan,52995 CAD,CPO,Eminent White Pearl,Beige,4780,Lexus of Vaughan,+1-905-588-1010,"{addr1: '98 Auto Vaughan Drive', city: 'Vaughan', region: 'Ontario', postal_code: 'L6A 4A1', country: 'CA'}",43.8361240000,-79.5362510000,,,,,https://www.lexusofvaughan.com/privacy-policy.html,CPO,4780,In stock,,52995 CAD,Free,
2T2GKCEZ6SC046776,2T2GKCEZ6SC046776,U26776A,Lexus,NX,350h Awd,2025,AUTOMATIC,SUV,HYBRID,,"2025 Lexus NX 350h Awd, Eminent White Pearl exterior","[{url:'https://imagescdn.d2cmedia.ca/cb68660eaa6cd6f02ba4c4a6cce1348fa2/4780/14490525/1/Lexus-NX Hybrid-2025.jpg'},{url:'https://imagescdn.d2cmedia.ca/s868660eaa6cd6f02ba4c4a6cce1348fa2/4780/14490525/1/Lexus-NX-2025.jpg'},{url:'https://imagescdn.d2cmedia.ca/cb68660eaa6cd6f02ba4c4a6cce1348fa2/4780/14490525/1/Lexus-NX-2025.jpg'},{url:'https://imagescdn.d2cmedia.ca/cb68660eaa6cd6f02ba4c4a6cce1348fa2/4780/14490525/2/Lexus-NX-2025.jpg'},{url:'https://imagescdn.d2cmedia.ca/cb68660eaa6cd6f02ba4c4a6cce1348fa2/4780/14490525/3/Lexus-NX-2025.jpg'},{url:'https://imagescdn.d2cmedia.ca/cb68660eaa6cd6f02ba4c4a6cce1348fa2/4780/14490525/4/Lexus-NX-2025.jpg'},{url:'https://imagescdn.d2cmedia.ca/cb68660eaa6cd6f02ba4c4a6cce1348fa2/4780/14490525/5/Lexus-NX-2025.jpg'},{url:'https://imagescdn.d2cmedia.ca/cb68660eaa6cd6f02ba4c4a6cce1348fa2/4780/14490525/6/Lexus-NX-2025.jpg'},{url:'https://imagescdn.d2cmedia.ca/cb68660eaa6cd6f02ba4c4a6cce1348fa2/4780/14490525/7/Lexus-NX-2025.jpg'},{url:'https://imagescdn.d2cmedia.ca/cb68660eaa6cd6f02ba4c4a6cce1348fa2/4780/14490525/8/Lexus-NX-2025.jpg'}]",15633,KM,https://www.lexusofvaughan.com/used/2025-Lexus-NX-id14490525.html,2025 Lexus NX 350h Awd at Lexus of Vaughan,53995 CAD,Used,Eminent White Pearl,,4780,Lexus of Vaughan,+1-905-588-1010,"{addr1: '98 Auto Vaughan Drive', city: 'Vaughan', region: 'Ontario', postal_code: 'L6A 4A1', country: 'CA'}",43.8361240000,-79.5362510000,,,,,https://www.lexusofvaughan.com/privacy-policy.html,Used,4780,In stock,,53995 CAD,Free,
2T2BAMCA1SC091446,2T2BAMCA1SC091446,U26593A,Lexus,RX 350,AWD PREMIUM PACKAGE,2025,AUTOMATIC,SUV,GASOLINE,,"2025 Lexus RX 350 AWD PREMIUM PACKAGE, Caviar exterior","[{url:'https://imagescdn.d2cmedia.ca/cb85b018aa34e00681aa8113d1ac7a92e9/4780/14386581/1/Lexus-RX-2025.jpg'},{url:'https://imagescdn.d2cmedia.ca/s885b018aa34e00681aa8113d1ac7a92e9/4780/14386581/1/Lexus-RX_350-2025.jpg'},{url:'https://imagescdn.d2cmedia.ca/cb85b018aa34e00681aa8113d1ac7a92e9/4780/14386581/1/Lexus-RX_350-2025.jpg'},{url:'https://imagescdn.d2cmedia.ca/cb85b018aa34e00681aa8113d1ac7a92e9/4780/14386581/2/Lexus-RX_350-2025.jpg'},{url:'https://imagescdn.d2cmedia.ca/cb85b018aa34e00681aa8113d1ac7a92e9/4780/14386581/3/Lexus-RX_350-2025.jpg'},{url:'https://imagescdn.d2cmedia.ca/cb85b018aa34e00681aa8113d1ac7a92e9/4780/14386581/4/Lexus-RX_350-2025.jpg'},{url:'https://imagescdn.d2cmedia.ca/cb85b018aa34e00681aa8113d1ac7a92e9/4780/14386581/5/Lexus-RX_350-2025.jpg'},{url:'https://imagescdn.d2cmedia.ca/cb85b018aa34e00681aa8113d1ac7a92e9/4780/14386581/6/Lexus-RX_350-2025.jpg'},{url:'https://imagescdn.d2cmedia.ca/cb85b018aa34e00681aa8113d1ac7a92e9/4780/14386581/7/Lexus-RX_350-2025.jpg'},{url:'https://imagescdn.d2cmedia.ca/cb85b018aa34e00681aa8113d1ac7a92e9/4780/14386581/8/Lexus-RX_350-2025.jpg'}]",17508,KM,https://www.lexusofvaughan.com/used/2025-Lexus-RX_350-id14386581.html,2025 Lexus RX 350 AWD PREMIUM PACKAGE at Lexus of Vaughan,54995 CAD,CPO,Caviar,Black,4780,Lexus of Vaughan,+1-905-588-1010,"{addr1: '98 Auto Vaughan Drive', city: 'Vaughan', region: 'Ontario', postal_code: 'L6A 4A1', country: 'CA'}",43.8361240000,-79.5362510000,,,,,https://www.lexusofvaughan.com/privacy-policy.html,CPO,4780,In stock,,54995 CAD,Free,
2T2BBMCA4RC025934,2T2BBMCA4RC025934,U26795A,Lexus,RX 350h,HYBRID AWD PREMIUM PACKAGE,2024,AUTOMATIC,SUV,HYBRID,,"2024 Lexus RX 350h HYBRID AWD PREMIUM PACKAGE, Eminent White Pearl exterior","[{url:'https://imagescdn.d2cmedia.ca/cb1b20a7a4f4e9f89e9c4b3ee683205547/4780/14386583/1/Lexus-RX Hybrid-2024.jpg'},{url:'https://imagescdn.d2cmedia.ca/s81b20a7a4f4e9f89e9c4b3ee683205547/4780/14386583/1/Lexus-RX_350h-2024.jpg'},{url:'https://imagescdn.d2cmedia.ca/cb1b20a7a4f4e9f89e9c4b3ee683205547/4780/14386583/1/Lexus-RX_350h-2024.jpg'},{url:'https://imagescdn.d2cmedia.ca/cb1b20a7a4f4e9f89e9c4b3ee683205547/4780/14386583/2/Lexus-RX_350h-2024.jpg'},{url:'https://imagescdn.d2cmedia.ca/cb1b20a7a4f4e9f89e9c4b3ee683205547/4780/14386583/3/Lexus-RX_350h-2024.jpg'},{url:'https://imagescdn.d2cmedia.ca/cb1b20a7a4f4e9f89e9c4b3ee683205547/4780/14386583/4/Lexus-RX_350h-2024.jpg'},{url:'https://imagescdn.d2cmedia.ca/cb1b20a7a4f4e9f89e9c4b3ee683205547/4780/14386583/5/Lexus-RX_350h-2024.jpg'},{url:'https://imagescdn.d2cmedia.ca/cb1b20a7a4f4e9f89e9c4b3ee683205547/4780/14386583/6/Lexus-RX_350h-2024.jpg'},{url:'https://imagescdn.d2cmedia.ca/cb1b20a7a4f4e9f89e9c4b3ee683205547/4780/14386583/7/Lexus-RX_350h-2024.jpg'},{url:'https://imagescdn.d2cmedia.ca/cb1b20a7a4f4e9f89e9c4b3ee683205547/4780/14386583/8/Lexus-RX_350h-2024.jpg'}]",63254,KM,https://www.lexusofvaughan.com/used/2024-Lexus-RX_350h-id14386583.html,2024 Lexus RX 350h HYBRID AWD PREMIUM PACKAGE at Lexus of Vaughan,54995 CAD,CPO,Eminent White Pearl,Black,4780,Lexus of Vaughan,+1-905-588-1010,"{addr1: '98 Auto Vaughan Drive', city: 'Vaughan', region: 'Ontario', postal_code: 'L6A 4A1', country: 'CA'}",43.8361240000,-79.5362510000,,,,,https://www.lexusofvaughan.com/privacy-policy.html,CPO,4780,In stock,,54995 CAD,Free,
2T2BBMCA3PC016008,2T2BBMCA3PC016008,U26883A,Lexus,RX 350h,HYBRID AWD LUXURY PACKAGE WITH PALOMINO INTERIOR,2023,AUTOMATIC,SUV,HYBRID,,"2023 Lexus RX 350h HYBRID AWD LUXURY PACKAGE WITH PALOMINO INTERIOR, Nightfall Mica exterior","[{url:'https://imagescdn.d2cmedia.ca/cbd74a0293b0697796dc10f51364220e9f/4780/14496928/1/Lexus-RX Hybrid-2023.jpg'},{url:'https://imagescdn.d2cmedia.ca/s8d74a0293b0697796dc10f51364220e9f/4780/14496928/1/Lexus-RX_350h-2023.jpg'},{url:'https://imagescdn.d2cmedia.ca/cbd74a0293b0697796dc10f51364220e9f/4780/14496928/1/Lexus-RX_350h-2023.jpg'}]",37318,KM,https://www.lexusofvaughan.com/used/2023-Lexus-RX_350h-id14496928.html,2023 Lexus RX 350h HYBRID AWD LUXURY PACKAGE WITH PALOMINO INTERIOR at Lexus of Vaughan,54995 CAD,CPO,Nightfall Mica,Beige,4780,Lexus of Vaughan,+1-905-588-1010,"{addr1: '98 Auto Vaughan Drive', city: 'Vaughan', region: 'Ontario', postal_code: 'L6A 4A1', country: 'CA'}",43.8361240000,-79.5362510000,,,,,https://www.lexusofvaughan.com/privacy-policy.html,CPO,4780,In stock,,54995 CAD,Free,
KMUHCESC9RU154711,KMUHCESC9RU154711,U26780A,Genesis,GV80,3.5t Advanced AWD 7 PASSENGER,2024,AUTOMATIC,SUV,GASOLINE,,"2024 Genesis GV80 3.5t Advanced AWD 7 PASSENGER, Capri Blue exterior","[{url:'https://imagescdn.d2cmedia.ca/cbca467772d7ede9f8ce47f5be81523420/4780/14462103/1/Genesis-GV80-2024.jpg'},{url:'https://imagescdn.d2cmedia.ca/s8ca467772d7ede9f8ce47f5be81523420/4780/14462103/1/Genesis-GV80-2024.jpg'},{url:'https://imagescdn.d2cmedia.ca/cbca467772d7ede9f8ce47f5be81523420/4780/14462103/2/Genesis-GV80-2024.jpg'},{url:'https://imagescdn.d2cmedia.ca/cbca467772d7ede9f8ce47f5be81523420/4780/14462103/3/Genesis-GV80-2024.jpg'},{url:'https://imagescdn.d2cmedia.ca/cbca467772d7ede9f8ce47f5be81523420/4780/14462103/4/Genesis-GV80-2024.jpg'},{url:'https://imagescdn.d2cmedia.ca/cbca467772d7ede9f8ce47f5be81523420/4780/14462103/5/Genesis-GV80-2024.jpg'},{url:'https://imagescdn.d2cmedia.ca/cbca467772d7ede9f8ce47f5be81523420/4780/14462103/6/Genesis-GV80-2024.jpg'},{url:'https://imagescdn.d2cmedia.ca/cbca467772d7ede9f8ce47f5be81523420/4780/14462103/7/Genesis-GV80-2024.jpg'},{url:'https://imagescdn.d2cmedia.ca/cbca467772d7ede9f8ce47f5be81523420/4780/14462103/8/Genesis-GV80-2024.jpg'},{url:'https://imagescdn.d2cmedia.ca/cbca467772d7ede9f8ce47f5be81523420/4780/14462103/9/Genesis-GV80-2024.jpg'}]",48099,KM,https://www.lexusofvaughan.com/used/2024-Genesis-GV80-id14462103.html,2024 Genesis GV80 3.5t Advanced AWD 7 PASSENGER at Lexus of Vaughan,57995 CAD,Used,Capri Blue,,4780,Lexus of Vaughan,+1-905-588-1010,"{addr1: '98 Auto Vaughan Drive', city: 'Vaughan', region: 'Ontario', postal_code: 'L6A 4A1', country: 'CA'}",43.8361240000,-79.5362510000,,,,,https://www.lexusofvaughan.com/privacy-policy.html,Used,4780,In stock,,57995 CAD,Free,
5TDAAAB61RS020647,5TDAAAB61RS020647,U26838A,Lexus,TX 350,AWD EXECUTIVE 7 PASSENGER WITH PEPPERCORN INTERIOR,2024,AUTOMATIC,SUV,GASOLINE,,"2024 Lexus TX 350 AWD EXECUTIVE 7 PASSENGER WITH PEPPERCORN INTERIOR, Wind Chill Pear exterior","[{url:'https://imagescdn.d2cmedia.ca/cba1a82b84bf2952c59077d3f4e3ede161/4780/14485611/1/Lexus-TX-2024.jpg'},{url:'https://imagescdn.d2cmedia.ca/s8a1a82b84bf2952c59077d3f4e3ede161/4780/14485611/1/Lexus-TX_350-2024.jpg'},{url:'https://imagescdn.d2cmedia.ca/cba1a82b84bf2952c59077d3f4e3ede161/4780/14485611/1/Lexus-TX_350-2024.jpg'},{url:'https://imagescdn.d2cmedia.ca/cba1a82b84bf2952c59077d3f4e3ede161/4780/14485611/2/Lexus-TX_350-2024.jpg'},{url:'https://imagescdn.d2cmedia.ca/cba1a82b84bf2952c59077d3f4e3ede161/4780/14485611/3/Lexus-TX_350-2024.jpg'},{url:'https://imagescdn.d2cmedia.ca/cba1a82b84bf2952c59077d3f4e3ede161/4780/14485611/4/Lexus-TX_350-2024.jpg'},{url:'https://imagescdn.d2cmedia.ca/cba1a82b84bf2952c59077d3f4e3ede161/4780/14485611/5/Lexus-TX_350-2024.jpg'},{url:'https://imagescdn.d2cmedia.ca/cba1a82b84bf2952c59077d3f4e3ede161/4780/14485611/6/Lexus-TX_350-2024.jpg'},{url:'https://imagescdn.d2cmedia.ca/cba1a82b84bf2952c59077d3f4e3ede161/4780/14485611/7/Lexus-TX_350-2024.jpg'},{url:'https://imagescdn.d2cmedia.ca/cba1a82b84bf2952c59077d3f4e3ede161/4780/14485611/8/Lexus-TX_350-2024.jpg'}]",35143,KM,https://www.lexusofvaughan.com/used/2024-Lexus-TX_350-id14485611.html,2024 Lexus TX 350 AWD EXECUTIVE 7 PASSENGER WITH PEPPERCORN INTERIOR at Lexus of Vaughan,64995 CAD,CPO,Wind Chill Pear,,4780,Lexus of Vaughan,+1-905-588-1010,"{addr1: '98 Auto Vaughan Drive', city: 'Vaughan', region: 'Ontario', postal_code: 'L6A 4A1', country: 'CA'}",43.8361240000,-79.5362510000,,,,,https://www.lexusofvaughan.com/privacy-policy.html,CPO,4780,In stock,,64995 CAD,Free,
1G1Y82D45L5104763,1G1Y82D45L5104763,U26789AA,Chevrolet,Corvette,,2020,AUTOMATIC,SEDAN,GASOLINE,,"2020 Chevrolet Corvette, Arctic White exterior","[{url:'https://imagescdn.d2cmedia.ca/cb4f08bb503ca6108198c2d026e438516e/4780/14462104/1/Chevrolet-Corvette-2020.jpg'},{url:'https://imagescdn.d2cmedia.ca/s84f08bb503ca6108198c2d026e438516e/4780/14462104/1/Chevrolet-Corvette-2020.jpg'},{url:'https://imagescdn.d2cmedia.ca/cb4f08bb503ca6108198c2d026e438516e/4780/14462104/2/Chevrolet-Corvette-2020.jpg'},{url:'https://imagescdn.d2cmedia.ca/cb4f08bb503ca6108198c2d026e438516e/4780/14462104/3/Chevrolet-Corvette-2020.jpg'},{url:'https://imagescdn.d2cmedia.ca/cb4f08bb503ca6108198c2d026e438516e/4780/14462104/4/Chevrolet-Corvette-2020.jpg'},{url:'https://imagescdn.d2cmedia.ca/cb4f08bb503ca6108198c2d026e438516e/4780/14462104/5/Chevrolet-Corvette-2020.jpg'},{url:'https://imagescdn.d2cmedia.ca/cb4f08bb503ca6108198c2d026e438516e/4780/14462104/6/Chevrolet-Corvette-2020.jpg'},{url:'https://imagescdn.d2cmedia.ca/cb4f08bb503ca6108198c2d026e438516e/4780/14462104/7/Chevrolet-Corvette-2020.jpg'},{url:'https://imagescdn.d2cmedia.ca/cb4f08bb503ca6108198c2d026e438516e/4780/14462104/8/Chevrolet-Corvette-2020.jpg'},{url:'https://imagescdn.d2cmedia.ca/cb4f08bb503ca6108198c2d026e438516e/4780/14462104/9/Chevrolet-Corvette-2020.jpg'}]",26205,KM,https://www.lexusofvaughan.com/used/2020-Chevrolet-Corvette-id14462104.html,2020 Chevrolet Corvette at Lexus of Vaughan,79995 CAD,Used,Arctic White,,4780,Lexus of Vaughan,+1-905-588-1010,"{addr1: '98 Auto Vaughan Drive', city: 'Vaughan', region: 'Ontario', postal_code: 'L6A 4A1', country: 'CA'}",43.8361240000,-79.5362510000,,,,,https://www.lexusofvaughan.com/privacy-policy.html,Used,4780,In stock,,79995 CAD,Free,
W1K6G7GB2NA151256,W1K6G7GB2NA151256,U26762AA,Mercedes Benz,S-Class,S 580 4matic Sedan,2022,AUTOMATIC,SEDAN,GASOLINE,,"2022 Mercedes Benz S-Class S 580 4matic Sedan, Manufaktur Cash exterior","[{url:'https://imagescdn.d2cmedia.ca/cb54a6647291ca4676dc74d03ea053296e/4780/14346648/1/Mercedes_Benz-S_Class-2022.jpg'},{url:'https://imagescdn.d2cmedia.ca/s854a6647291ca4676dc74d03ea053296e/4780/14346648/1/Mercedes_Benz-S_Class-2022.jpg'},{url:'https://imagescdn.d2cmedia.ca/cb54a6647291ca4676dc74d03ea053296e/4780/14346648/2/Mercedes_Benz-S_Class-2022.jpg'},{url:'https://imagescdn.d2cmedia.ca/cb54a6647291ca4676dc74d03ea053296e/4780/14346648/3/Mercedes_Benz-S_Class-2022.jpg'},{url:'https://imagescdn.d2cmedia.ca/cb54a6647291ca4676dc74d03ea053296e/4780/14346648/4/Mercedes_Benz-S_Class-2022.jpg'},{url:'https://imagescdn.d2cmedia.ca/cb54a6647291ca4676dc74d03ea053296e/4780/14346648/5/Mercedes_Benz-S_Class-2022.jpg'},{url:'https://imagescdn.d2cmedia.ca/cb54a6647291ca4676dc74d03ea053296e/4780/14346648/6/Mercedes_Benz-S_Class-2022.jpg'},{url:'https://imagescdn.d2cmedia.ca/cb54a6647291ca4676dc74d03ea053296e/4780/14346648/7/Mercedes_Benz-S_Class-2022.jpg'},{url:'https://imagescdn.d2cmedia.ca/cb54a6647291ca4676dc74d03ea053296e/4780/14346648/8/Mercedes_Benz-S_Class-2022.jpg'},{url:'https://imagescdn.d2cmedia.ca/cb54a6647291ca4676dc74d03ea053296e/4780/14346648/9/Mercedes_Benz-S_Class-2022.jpg'}]",39386,KM,https://www.lexusofvaughan.com/used/2022-Mercedes_Benz-S_Class-id14346648.html,2022 Mercedes Benz S-Class S 580 4matic Sedan at Lexus of Vaughan,98995 CAD,Used,Manufaktur Cash,,4780,Lexus of Vaughan,+1-905-588-1010,"{addr1: '98 Auto Vaughan Drive', city: 'Vaughan', region: 'Ontario', postal_code: 'L6A 4A1', country: 'CA'}",43.8361240000,-79.5362510000,,,,,https://www.lexusofvaughan.com/privacy-policy.html,Used,4780,In stock,,98995 CAD,Free,
