vehicle_id,vin,stock_number,make,model,trim,year,transmission,body_style,fuel_type,drivetrain,description,image,mileage.value,mileage.unit,url,title,price,state_of_vehicle,exterior_color,interior_color,dealer_id,dealer_name,dealer_phone,address,latitude,longitude,fb_page_id,features,vehicle_specifications,dealer_communication_channel,dealer_privacy_policy_url,custom_label_0,custom_label_1,days_on_lot,sale_price,Sponsor,Range
5YFB4MDE3TP494195,5YFB4MDE3TP494195,26-1986-new,Toyota,Corolla,,2026,AUTOMATIC,SEDAN,GASOLINE,FWD,2026 Toyota Corolla. New 2026 Toyota Corolla for sale in Maple. Financing available.,"[{url:'https://imagescdn.d2cmedia.ca/cb7db1316b7ba0fc696e6bb5e38f519ace/4445/14280331/1/Toyota-Corolla-2026.jpg'},{url:'https://imagescdn.d2cmedia.ca/s87db1316b7ba0fc696e6bb5e38f519ace/4445/14280331/1/Toyota-Corolla-2026.jpg'},{url:'https://imagescdn.d2cmedia.ca/cb7db1316b7ba0fc696e6bb5e38f519ace/4445/14280331/2/Toyota-Corolla-2026.jpg'},{url:'https://imagescdn.d2cmedia.ca/cb7db1316b7ba0fc696e6bb5e38f519ace/4445/14280331/3/Toyota-Corolla-2026.jpg'},{url:'https://imagescdn.d2cmedia.ca/cb7db1316b7ba0fc696e6bb5e38f519ace/4445/14280331/4/Toyota-Corolla-2026.jpg'},{url:'https://imagescdn.d2cmedia.ca/cb7db1316b7ba0fc696e6bb5e38f519ace/4445/14280331/5/Toyota-Corolla-2026.jpg'},{url:'https://imagescdn.d2cmedia.ca/cb7db1316b7ba0fc696e6bb5e38f519ace/4445/14280331/6/Toyota-Corolla-2026.jpg'},{url:'https://imagescdn.d2cmedia.ca/cb7db1316b7ba0fc696e6bb5e38f519ace/4445/14280331/7/Toyota-Corolla-2026.jpg'},{url:'https://imagescdn.d2cmedia.ca/cb7db1316b7ba0fc696e6bb5e38f519ace/4445/14280331/8/Toyota-Corolla-2026.jpg'},{url:'https://imagescdn.d2cmedia.ca/cb7db1316b7ba0fc696e6bb5e38f519ace/4445/14280331/9/Toyota-Corolla-2026.jpg'}]",0,KM,https://www.mapletoyota.com/new/inventory/2026-Toyota-Corolla-id14280331.html,2026 Toyota Corolla at Maple Toyota,27879 CAD,New,White,,4445,Maple Toyota,+1-905 417-9100,"{addr1: ' 88 Auto Vaughan Drive', city: 'Maple', region: 'Ontario', postal_code: 'L6A 4A1', country: 'CA'}",43.836376294666834,-79.53494482023926,173362986037805,,,,https://www.mapletoyota.com/privacy-policy.html,New,4445,,27879 CAD,Free,
5YFB4MDE8TP503893,5YFB4MDE8TP503893,26-2032-new,Toyota,Corolla,,2026,AUTOMATIC,SEDAN,GASOLINE,FWD,2026 Toyota Corolla. New 2026 Toyota Corolla for sale in Maple. Financing available.,"[{url:'https://imagescdn.d2cmedia.ca/cb9e00157bc375599fe3d8755d5b5cd3d8/4445/14381057/1/Toyota-Corolla-2026.jpg'},{url:'https://imagescdn.d2cmedia.ca/s89e00157bc375599fe3d8755d5b5cd3d8/4445/14381057/1/Toyota-Corolla-2026.jpg'},{url:'https://imagescdn.d2cmedia.ca/cb9e00157bc375599fe3d8755d5b5cd3d8/4445/14381057/2/Toyota-Corolla-2026.jpg'},{url:'https://imagescdn.d2cmedia.ca/cb9e00157bc375599fe3d8755d5b5cd3d8/4445/14381057/3/Toyota-Corolla-2026.jpg'},{url:'https://imagescdn.d2cmedia.ca/cb9e00157bc375599fe3d8755d5b5cd3d8/4445/14381057/4/Toyota-Corolla-2026.jpg'},{url:'https://imagescdn.d2cmedia.ca/cb9e00157bc375599fe3d8755d5b5cd3d8/4445/14381057/5/Toyota-Corolla-2026.jpg'},{url:'https://imagescdn.d2cmedia.ca/cb9e00157bc375599fe3d8755d5b5cd3d8/4445/14381057/6/Toyota-Corolla-2026.jpg'},{url:'https://imagescdn.d2cmedia.ca/cb9e00157bc375599fe3d8755d5b5cd3d8/4445/14381057/7/Toyota-Corolla-2026.jpg'},{url:'https://imagescdn.d2cmedia.ca/cb9e00157bc375599fe3d8755d5b5cd3d8/4445/14381057/8/Toyota-Corolla-2026.jpg'},{url:'https://imagescdn.d2cmedia.ca/cb9e00157bc375599fe3d8755d5b5cd3d8/4445/14381057/9/Toyota-Corolla-2026.jpg'}]",0,KM,https://www.mapletoyota.com/new/inventory/2026-Toyota-Corolla-id14381057.html,2026 Toyota Corolla at Maple Toyota,27879 CAD,New,White,,4445,Maple Toyota,+1-905 417-9100,"{addr1: ' 88 Auto Vaughan Drive', city: 'Maple', region: 'Ontario', postal_code: 'L6A 4A1', country: 'CA'}",43.836376294666834,-79.53494482023926,173362986037805,,,,https://www.mapletoyota.com/privacy-policy.html,New,4445,,27879 CAD,Free,
5YFB4MDE7TP504503,5YFB4MDE7TP504503,26-2096-new,Toyota,Corolla,,2026,AUTOMATIC,SEDAN,GASOLINE,FWD,2026 Toyota Corolla. New 2026 Toyota Corolla for sale in Maple. Financing available.,"[{url:'https://imagescdn.d2cmedia.ca/cb5c70b00d3be275963b4a0ea336baa379/4445/14470469/1/Toyota-Corolla-2026.jpg'},{url:'https://imagescdn.d2cmedia.ca/s85c70b00d3be275963b4a0ea336baa379/4445/14470469/1/Toyota-Corolla-2026.jpg'},{url:'https://imagescdn.d2cmedia.ca/cb5c70b00d3be275963b4a0ea336baa379/4445/14470469/2/Toyota-Corolla-2026.jpg'},{url:'https://imagescdn.d2cmedia.ca/cb5c70b00d3be275963b4a0ea336baa379/4445/14470469/3/Toyota-Corolla-2026.jpg'},{url:'https://imagescdn.d2cmedia.ca/cb5c70b00d3be275963b4a0ea336baa379/4445/14470469/4/Toyota-Corolla-2026.jpg'},{url:'https://imagescdn.d2cmedia.ca/cb5c70b00d3be275963b4a0ea336baa379/4445/14470469/5/Toyota-Corolla-2026.jpg'},{url:'https://imagescdn.d2cmedia.ca/cb5c70b00d3be275963b4a0ea336baa379/4445/14470469/6/Toyota-Corolla-2026.jpg'},{url:'https://imagescdn.d2cmedia.ca/cb5c70b00d3be275963b4a0ea336baa379/4445/14470469/7/Toyota-Corolla-2026.jpg'},{url:'https://imagescdn.d2cmedia.ca/cb5c70b00d3be275963b4a0ea336baa379/4445/14470469/8/Toyota-Corolla-2026.jpg'},{url:'https://imagescdn.d2cmedia.ca/cb5c70b00d3be275963b4a0ea336baa379/4445/14470469/9/Toyota-Corolla-2026.jpg'}]",0,KM,https://www.mapletoyota.com/new/inventory/2026-Toyota-Corolla-id14470469.html,2026 Toyota Corolla at Maple Toyota,27879 CAD,New,Celestite,,4445,Maple Toyota,+1-905 417-9100,"{addr1: ' 88 Auto Vaughan Drive', city: 'Maple', region: 'Ontario', postal_code: 'L6A 4A1', country: 'CA'}",43.836376294666834,-79.53494482023926,173362986037805,,,,https://www.mapletoyota.com/privacy-policy.html,New,4445,,27879 CAD,Free,
5YFB4MDE1TP489982,5YFB4MDE1TP489982,26-1872-new,Toyota,Corolla,,2026,AUTOMATIC,SEDAN,GASOLINE,FWD,2026 Toyota Corolla. New 2026 Toyota Corolla for sale in Maple. Financing available.,"[{url:'https://imagescdn.d2cmedia.ca/cbcb87fe02dc2204c6ee57df8594234e63/4445/14244432/1/Toyota-Corolla-2026.jpg'},{url:'https://imagescdn.d2cmedia.ca/s8cb87fe02dc2204c6ee57df8594234e63/4445/14244432/1/Toyota-Corolla-2026.jpg'},{url:'https://imagescdn.d2cmedia.ca/cbcb87fe02dc2204c6ee57df8594234e63/4445/14244432/2/Toyota-Corolla-2026.jpg'},{url:'https://imagescdn.d2cmedia.ca/cbcb87fe02dc2204c6ee57df8594234e63/4445/14244432/3/Toyota-Corolla-2026.jpg'},{url:'https://imagescdn.d2cmedia.ca/cbcb87fe02dc2204c6ee57df8594234e63/4445/14244432/4/Toyota-Corolla-2026.jpg'},{url:'https://imagescdn.d2cmedia.ca/cbcb87fe02dc2204c6ee57df8594234e63/4445/14244432/5/Toyota-Corolla-2026.jpg'},{url:'https://imagescdn.d2cmedia.ca/cbcb87fe02dc2204c6ee57df8594234e63/4445/14244432/6/Toyota-Corolla-2026.jpg'},{url:'https://imagescdn.d2cmedia.ca/cbcb87fe02dc2204c6ee57df8594234e63/4445/14244432/7/Toyota-Corolla-2026.jpg'},{url:'https://imagescdn.d2cmedia.ca/cbcb87fe02dc2204c6ee57df8594234e63/4445/14244432/8/Toyota-Corolla-2026.jpg'},{url:'https://imagescdn.d2cmedia.ca/cbcb87fe02dc2204c6ee57df8594234e63/4445/14244432/9/Toyota-Corolla-2026.jpg'}]",0,KM,https://www.mapletoyota.com/new/inventory/2026-Toyota-Corolla-id14244432.html,2026 Toyota Corolla at Maple Toyota,29059 CAD,New,White,,4445,Maple Toyota,+1-905 417-9100,"{addr1: ' 88 Auto Vaughan Drive', city: 'Maple', region: 'Ontario', postal_code: 'L6A 4A1', country: 'CA'}",43.836376294666834,-79.53494482023926,173362986037805,,,,https://www.mapletoyota.com/privacy-policy.html,New,4445,,29059 CAD,Free,
5YFB4MDE3TP493757,5YFB4MDE3TP493757,26-1987-new,Toyota,Corolla,,2026,AUTOMATIC,SEDAN,GASOLINE,FWD,2026 Toyota Corolla. New 2026 Toyota Corolla for sale in Maple. Financing available.,"[{url:'https://imagescdn.d2cmedia.ca/cbb4880bc0f413e07855c33bdf06e9b448/4445/14280328/1/Toyota-Corolla-2026.jpg'},{url:'https://imagescdn.d2cmedia.ca/s8b4880bc0f413e07855c33bdf06e9b448/4445/14280328/1/Toyota-Corolla-2026.jpg'},{url:'https://imagescdn.d2cmedia.ca/cbb4880bc0f413e07855c33bdf06e9b448/4445/14280328/2/Toyota-Corolla-2026.jpg'},{url:'https://imagescdn.d2cmedia.ca/cbb4880bc0f413e07855c33bdf06e9b448/4445/14280328/3/Toyota-Corolla-2026.jpg'},{url:'https://imagescdn.d2cmedia.ca/cbb4880bc0f413e07855c33bdf06e9b448/4445/14280328/4/Toyota-Corolla-2026.jpg'},{url:'https://imagescdn.d2cmedia.ca/cbb4880bc0f413e07855c33bdf06e9b448/4445/14280328/5/Toyota-Corolla-2026.jpg'},{url:'https://imagescdn.d2cmedia.ca/cbb4880bc0f413e07855c33bdf06e9b448/4445/14280328/6/Toyota-Corolla-2026.jpg'},{url:'https://imagescdn.d2cmedia.ca/cbb4880bc0f413e07855c33bdf06e9b448/4445/14280328/7/Toyota-Corolla-2026.jpg'},{url:'https://imagescdn.d2cmedia.ca/cbb4880bc0f413e07855c33bdf06e9b448/4445/14280328/8/Toyota-Corolla-2026.jpg'},{url:'https://imagescdn.d2cmedia.ca/cbb4880bc0f413e07855c33bdf06e9b448/4445/14280328/9/Toyota-Corolla-2026.jpg'}]",0,KM,https://www.mapletoyota.com/new/inventory/2026-Toyota-Corolla-id14280328.html,2026 Toyota Corolla at Maple Toyota,29059 CAD,New,Celestite,,4445,Maple Toyota,+1-905 417-9100,"{addr1: ' 88 Auto Vaughan Drive', city: 'Maple', region: 'Ontario', postal_code: 'L6A 4A1', country: 'CA'}",43.836376294666834,-79.53494482023926,173362986037805,,,,https://www.mapletoyota.com/privacy-policy.html,New,4445,,29059 CAD,Free,
5YFB4MDE1TP507980,5YFB4MDE1TP507980,26-2170-new,Toyota,Corolla,,2026,AUTOMATIC,SEDAN,GASOLINE,FWD,2026 Toyota Corolla. New 2026 Toyota Corolla for sale in Maple. Financing available.,"[{url:'https://imagescdn.d2cmedia.ca/cbf4239c1b3d82872c7fbbdb8a266dfa50/4445/14434251/1/Toyota-Corolla-2026.jpg'},{url:'https://imagescdn.d2cmedia.ca/s8f4239c1b3d82872c7fbbdb8a266dfa50/4445/14434251/1/Toyota-Corolla-2026.jpg'},{url:'https://imagescdn.d2cmedia.ca/cbf4239c1b3d82872c7fbbdb8a266dfa50/4445/14434251/2/Toyota-Corolla-2026.jpg'},{url:'https://imagescdn.d2cmedia.ca/cbf4239c1b3d82872c7fbbdb8a266dfa50/4445/14434251/3/Toyota-Corolla-2026.jpg'},{url:'https://imagescdn.d2cmedia.ca/cbf4239c1b3d82872c7fbbdb8a266dfa50/4445/14434251/4/Toyota-Corolla-2026.jpg'},{url:'https://imagescdn.d2cmedia.ca/cbf4239c1b3d82872c7fbbdb8a266dfa50/4445/14434251/5/Toyota-Corolla-2026.jpg'},{url:'https://imagescdn.d2cmedia.ca/cbf4239c1b3d82872c7fbbdb8a266dfa50/4445/14434251/6/Toyota-Corolla-2026.jpg'},{url:'https://imagescdn.d2cmedia.ca/cbf4239c1b3d82872c7fbbdb8a266dfa50/4445/14434251/7/Toyota-Corolla-2026.jpg'},{url:'https://imagescdn.d2cmedia.ca/cbf4239c1b3d82872c7fbbdb8a266dfa50/4445/14434251/8/Toyota-Corolla-2026.jpg'},{url:'https://imagescdn.d2cmedia.ca/cbf4239c1b3d82872c7fbbdb8a266dfa50/4445/14434251/9/Toyota-Corolla-2026.jpg'}]",0,KM,https://www.mapletoyota.com/new/inventory/2026-Toyota-Corolla-id14434251.html,2026 Toyota Corolla at Maple Toyota,29059 CAD,New,Blue,,4445,Maple Toyota,+1-905 417-9100,"{addr1: ' 88 Auto Vaughan Drive', city: 'Maple', region: 'Ontario', postal_code: 'L6A 4A1', country: 'CA'}",43.836376294666834,-79.53494482023926,173362986037805,,,,https://www.mapletoyota.com/privacy-policy.html,New,4445,,29059 CAD,Free,
5YFB4MDE6TP507621,5YFB4MDE6TP507621,26-2169-new,Toyota,Corolla,,2026,AUTOMATIC,SEDAN,GASOLINE,FWD,2026 Toyota Corolla. New 2026 Toyota Corolla for sale in Maple. Financing available.,"[{url:'https://imagescdn.d2cmedia.ca/cb1afb0b92e05e19a6bb850b177386e47f/4445/14449653/1/Toyota-Corolla-2026.jpg'},{url:'https://imagescdn.d2cmedia.ca/s81afb0b92e05e19a6bb850b177386e47f/4445/14449653/1/Toyota-Corolla-2026.jpg'},{url:'https://imagescdn.d2cmedia.ca/cb1afb0b92e05e19a6bb850b177386e47f/4445/14449653/2/Toyota-Corolla-2026.jpg'},{url:'https://imagescdn.d2cmedia.ca/cb1afb0b92e05e19a6bb850b177386e47f/4445/14449653/3/Toyota-Corolla-2026.jpg'},{url:'https://imagescdn.d2cmedia.ca/cb1afb0b92e05e19a6bb850b177386e47f/4445/14449653/4/Toyota-Corolla-2026.jpg'},{url:'https://imagescdn.d2cmedia.ca/cb1afb0b92e05e19a6bb850b177386e47f/4445/14449653/5/Toyota-Corolla-2026.jpg'},{url:'https://imagescdn.d2cmedia.ca/cb1afb0b92e05e19a6bb850b177386e47f/4445/14449653/6/Toyota-Corolla-2026.jpg'},{url:'https://imagescdn.d2cmedia.ca/cb1afb0b92e05e19a6bb850b177386e47f/4445/14449653/7/Toyota-Corolla-2026.jpg'},{url:'https://imagescdn.d2cmedia.ca/cb1afb0b92e05e19a6bb850b177386e47f/4445/14449653/8/Toyota-Corolla-2026.jpg'},{url:'https://imagescdn.d2cmedia.ca/cb1afb0b92e05e19a6bb850b177386e47f/4445/14449653/9/Toyota-Corolla-2026.jpg'}]",0,KM,https://www.mapletoyota.com/new/inventory/2026-Toyota-Corolla-id14449653.html,2026 Toyota Corolla at Maple Toyota,29059 CAD,New,White,,4445,Maple Toyota,+1-905 417-9100,"{addr1: ' 88 Auto Vaughan Drive', city: 'Maple', region: 'Ontario', postal_code: 'L6A 4A1', country: 'CA'}",43.836376294666834,-79.53494482023926,173362986037805,,,,https://www.mapletoyota.com/privacy-policy.html,New,4445,,29059 CAD,Free,
JTNK4MBE8V3274187,JTNK4MBE8V3274187,27-0029-new,Toyota,Corolla Hatchback,,2027,AUTOMATIC,SUV,GASOLINE,FWD,2027 Toyota Corolla Hatchback. New 2027 Toyota Corolla Hatchback for sale in Maple. Financing available.,"[{url:'https://carimages.d2cmedia.ca/newcarimages/en/cb6ac8c972d07fd/Toyota/Corolla Hatchback/2027/1200/487277/XBEBEBC/front45.png'},{url:'https://carimages.d2cmedia.ca/newcarimages/en/cb6ac8c972d07fd/Toyota/Corolla Hatchback/2027/1280/487277/Xbebebc/front_45_degree.png'},{url:'https://carimages.d2cmedia.ca/newcarimages/en/cb6ac8c972d07fd/Toyota/Corolla Hatchback/2027/2100/487277/Xbebebc/front_45_degree.png'},{url:'https://carimages.d2cmedia.ca/newcarimages/en/cb6ac8c972d07fd/Toyota/Corolla Hatchback/2027/2100/487277/Xbebebc/profile.png'},{url:'https://carimages.d2cmedia.ca/newcarimages/en/cb6ac8c972d07fd/Toyota/Corolla Hatchback/2027/2100/487277/Xbebebc/back_45_degree.png'},{url:'https://carimages.d2cmedia.ca/newcarimages/en/cb6ac8c972d07fd/Toyota/Corolla Hatchback/2027/2100/487277/Xbebebc/driver_dashboard.png'},{url:'https://carimages.d2cmedia.ca/newcarimages/en/cb6ac8c972d07fd/Toyota/Corolla Hatchback/2027/2100/487277/Xbebebc/full_dashboard.png'},{url:'https://carimages.d2cmedia.ca/newcarimages/en/cb6ac8c972d07fd/Toyota/Corolla Hatchback/2027/2100/487277/Xbebebc/interior_driver_open_seat.png'},{url:'https://carimages.d2cmedia.ca/newcarimages/en/cb6ac8c972d07fd/Toyota/Corolla Hatchback/2027/2100/487277/Xbebebc/interior_driver_stereo.png'},{url:'https://carimages.d2cmedia.ca/newcarimages/en/cb6ac8c972d07fd/Toyota/Corolla Hatchback/2027/2100/487277/Xbebebc/interior_driver_reat_seats.png'}]",0,KM,https://www.mapletoyota.com/new/inventory/2027-Toyota-Corolla_Hatchback-id14449646.html,2027 Toyota Corolla Hatchback at Maple Toyota,30527 CAD,New,Classic Silver,,4445,Maple Toyota,+1-905 417-9100,"{addr1: ' 88 Auto Vaughan Drive', city: 'Maple', region: 'Ontario', postal_code: 'L6A 4A1', country: 'CA'}",43.836376294666834,-79.53494482023926,173362986037805,,,,https://www.mapletoyota.com/privacy-policy.html,New,4445,,30527 CAD,Free,
5YFB4MDE0VP509657,5YFB4MDE0VP509657,27-0032-new,Toyota,Corolla,,2027,AUTOMATIC,SEDAN,GASOLINE,FWD,2027 Toyota Corolla. New 2027 Toyota Corolla for sale in Maple. Financing available.,"[{url:'https://carimages.d2cmedia.ca/newcarimages/en/cb6ac8c972d07fd/Toyota/Corolla/2027/1200/487763-TEU/XBEBEBC/front45.png'},{url:'https://carimages.d2cmedia.ca/newcarimages/en/cb6ac8c972d07fd/Toyota/Corolla/2027/1280/487763/Xbebebc/front_45_degree.png'},{url:'https://carimages.d2cmedia.ca/newcarimages/en/cb6ac8c972d07fd/Toyota/Corolla/2027/2100/487763/Xbebebc/front_45_degree.png'},{url:'https://carimages.d2cmedia.ca/newcarimages/en/cb6ac8c972d07fd/Toyota/Corolla/2027/2100/487763/Xbebebc/profile.png'},{url:'https://carimages.d2cmedia.ca/newcarimages/en/cb6ac8c972d07fd/Toyota/Corolla/2027/2100/487763/Xbebebc/back_45_degree.png'},{url:'https://carimages.d2cmedia.ca/newcarimages/en/cb6ac8c972d07fd/Toyota/Corolla/2027/2100/487763/Xbebebc/driver_dashboard.png'},{url:'https://carimages.d2cmedia.ca/newcarimages/en/cb6ac8c972d07fd/Toyota/Corolla/2027/2100/487763/Xbebebc/full_dashboard.png'},{url:'https://carimages.d2cmedia.ca/newcarimages/en/cb6ac8c972d07fd/Toyota/Corolla/2027/2100/487763/Xbebebc/interior_driver_open_seat.png'},{url:'https://carimages.d2cmedia.ca/newcarimages/en/cb6ac8c972d07fd/Toyota/Corolla/2027/2100/487763/Xbebebc/interior_driver_stereo.png'},{url:'https://carimages.d2cmedia.ca/newcarimages/en/cb6ac8c972d07fd/Toyota/Corolla/2027/2100/487763/Xbebebc/interior_driver_reat_seats.png'}]",0,KM,https://www.mapletoyota.com/new/inventory/2027-Toyota-Corolla-id14470470.html,2027 Toyota Corolla at Maple Toyota,31775 CAD,New,Classic Silver,,4445,Maple Toyota,+1-905 417-9100,"{addr1: ' 88 Auto Vaughan Drive', city: 'Maple', region: 'Ontario', postal_code: 'L6A 4A1', country: 'CA'}",43.836376294666834,-79.53494482023926,173362986037805,,,,https://www.mapletoyota.com/privacy-policy.html,New,4445,,31775 CAD,Free,
7MUCAAAG8TV222854,7MUCAAAG8TV222854,26-2160-new,Toyota,Corolla Cross,,2026,AUTOMATIC,SUV,GASOLINE,FWD,2026 Toyota Corolla Cross. New 2026 Toyota Corolla Cross for sale in Maple. Financing available.,"[{url:'https://carimages.d2cmedia.ca/newcarimages/en/cb6ac8c972d07fd/Toyota/Corolla Cross/2026/1200/477378-TEU/blue/front45.png'},{url:'https://carimages.d2cmedia.ca/newcarimages/en/cb6ac8c972d07fd/Toyota/Corolla Cross/2026/1280/477378/blue/front_45_degree.png'},{url:'https://carimages.d2cmedia.ca/newcarimages/en/cb6ac8c972d07fd/Toyota/Corolla Cross/2026/2100/477378/blue/front_45_degree.png'},{url:'https://carimages.d2cmedia.ca/newcarimages/en/cb6ac8c972d07fd/Toyota/Corolla Cross/2026/2100/477378/blue/profile.png'},{url:'https://carimages.d2cmedia.ca/newcarimages/en/cb6ac8c972d07fd/Toyota/Corolla Cross/2026/2100/477378/blue/back_45_degree.png'},{url:'https://carimages.d2cmedia.ca/newcarimages/en/cb6ac8c972d07fd/Toyota/Corolla Cross/2026/2100/477378/blue/driver_dashboard.png'},{url:'https://carimages.d2cmedia.ca/newcarimages/en/cb6ac8c972d07fd/Toyota/Corolla Cross/2026/2100/477378/blue/full_dashboard.png'},{url:'https://carimages.d2cmedia.ca/newcarimages/en/cb6ac8c972d07fd/Toyota/Corolla Cross/2026/2100/477378/blue/interior_driver_open_seat.png'},{url:'https://carimages.d2cmedia.ca/newcarimages/en/cb6ac8c972d07fd/Toyota/Corolla Cross/2026/2100/477378/blue/interior_driver_stereo.png'},{url:'https://carimages.d2cmedia.ca/newcarimages/en/cb6ac8c972d07fd/Toyota/Corolla Cross/2026/2100/477378/blue/interior_driver_reat_seats.png'}]",0,KM,https://www.mapletoyota.com/new/inventory/2026-Toyota-Corolla_Cross-id14486523.html,2026 Toyota Corolla Cross at Maple Toyota,33914 CAD,New,Blue,Fa20,4445,Maple Toyota,+1-905 417-9100,"{addr1: ' 88 Auto Vaughan Drive', city: 'Maple', region: 'Ontario', postal_code: 'L6A 4A1', country: 'CA'}",43.836376294666834,-79.53494482023926,173362986037805,,,,https://www.mapletoyota.com/privacy-policy.html,New,4445,,33914 CAD,Free,
JTNK4MBE5V3274258,JTNK4MBE5V3274258,27-0020-new,Toyota,Corolla Hatchback,,2027,AUTOMATIC,SUV,GASOLINE,FWD,2027 Toyota Corolla Hatchback. New 2027 Toyota Corolla Hatchback for sale in Maple. Financing available.,"[{url:'https://carimages.d2cmedia.ca/newcarimages/en/cb6ac8c972d07fd/Toyota/Corolla Hatchback/2027/1200/487277/orange/front45.png'},{url:'https://carimages.d2cmedia.ca/newcarimages/fr/cb6ac8c972d07fd/Toyota/Corolla Hatchback/2027/640/487277/orange/front_45_degree.png'},{url:'https://carimages.d2cmedia.ca/newcarimages/fr/cb6ac8c972d07fd/Toyota/Corolla Hatchback/2027/2100/487277/orange/front_45_degree.png'}]",0,KM,https://www.mapletoyota.com/new/inventory/2027-Toyota-Corolla_Hatchback-id14421015.html,2027 Toyota Corolla Hatchback at Maple Toyota,34717 CAD,New,Inferno,La20,4445,Maple Toyota,+1-905 417-9100,"{addr1: ' 88 Auto Vaughan Drive', city: 'Maple', region: 'Ontario', postal_code: 'L6A 4A1', country: 'CA'}",43.836376294666834,-79.53494482023926,173362986037805,,,,https://www.mapletoyota.com/privacy-policy.html,New,4445,,34717 CAD,Free,
JTNK4MBE9V3274957,JTNK4MBE9V3274957,27-0031-new,Toyota,Corolla Hatchback,,2027,AUTOMATIC,SUV,GASOLINE,FWD,2027 Toyota Corolla Hatchback. New 2027 Toyota Corolla Hatchback for sale in Maple. Financing available.,"[{url:'https://carimages.d2cmedia.ca/newcarimages/en/cb6ac8c972d07fd/Toyota/Corolla Hatchback/2027/1200/487277/XE1E4E7/front45.png'},{url:'https://carimages.d2cmedia.ca/newcarimages/fr/cb6ac8c972d07fd/Toyota/Corolla Hatchback/2027/640/487277/Xe1e4e7/front_45_degree.png'},{url:'https://carimages.d2cmedia.ca/newcarimages/fr/cb6ac8c972d07fd/Toyota/Corolla Hatchback/2027/2100/487277/Xe1e4e7/front_45_degree.png'}]",0,KM,https://www.mapletoyota.com/new/inventory/2027-Toyota-Corolla_Hatchback-id14449648.html,2027 Toyota Corolla Hatchback at Maple Toyota,35607 CAD,New,White,,4445,Maple Toyota,+1-905 417-9100,"{addr1: ' 88 Auto Vaughan Drive', city: 'Maple', region: 'Ontario', postal_code: 'L6A 4A1', country: 'CA'}",43.836376294666834,-79.53494482023926,173362986037805,,,,https://www.mapletoyota.com/privacy-policy.html,New,4445,,35607 CAD,Free,
JTDADABU1V3038566,JTDADABU1V3038566,27-0035-new,Toyota,Prius,,2027,AUTOMATIC,SUV,HYBRID,AWD,2027 Toyota Prius. New 2027 Toyota Prius for sale in Maple. Financing available.,"[{url:'https://carimages.d2cmedia.ca/newcarimages/en/cb6ac8c972d07fd/Toyota/Prius/2027/1200/487212-WExF/blue/front45.png'},{url:'https://carimages.d2cmedia.ca/newcarimages/en/cb6ac8c972d07fd/Toyota/Prius/2027/1280/487212/blue/front_45_degree.png'},{url:'https://carimages.d2cmedia.ca/newcarimages/en/cb6ac8c972d07fd/Toyota/Prius/2027/2100/487212/blue/front_45_degree.png'},{url:'https://carimages.d2cmedia.ca/newcarimages/en/cb6ac8c972d07fd/Toyota/Prius/2027/2100/487212/blue/profile.png'},{url:'https://carimages.d2cmedia.ca/newcarimages/en/cb6ac8c972d07fd/Toyota/Prius/2027/2100/487212/blue/back_45_degree.png'},{url:'https://carimages.d2cmedia.ca/newcarimages/en/cb6ac8c972d07fd/Toyota/Prius/2027/2100/487212/blue/driver_dashboard.png'},{url:'https://carimages.d2cmedia.ca/newcarimages/en/cb6ac8c972d07fd/Toyota/Prius/2027/2100/487212/blue/full_dashboard.png'},{url:'https://carimages.d2cmedia.ca/newcarimages/en/cb6ac8c972d07fd/Toyota/Prius/2027/2100/487212/blue/interior_driver_open_seat.png'},{url:'https://carimages.d2cmedia.ca/newcarimages/en/cb6ac8c972d07fd/Toyota/Prius/2027/2100/487212/blue/interior_driver_stereo.png'},{url:'https://carimages.d2cmedia.ca/newcarimages/en/cb6ac8c972d07fd/Toyota/Prius/2027/2100/487212/blue/interior_driver_reat_seats.png'}]",0,KM,https://www.mapletoyota.com/new/inventory/2027-Toyota-Prius-id14475909.html,2027 Toyota Prius at Maple Toyota,41959 CAD,New,Reservoir Blue,,4445,Maple Toyota,+1-905 417-9100,"{addr1: ' 88 Auto Vaughan Drive', city: 'Maple', region: 'Ontario', postal_code: 'L6A 4A1', country: 'CA'}",43.836376294666834,-79.53494482023926,173362986037805,,,,https://www.mapletoyota.com/privacy-policy.html,New,4445,,41959 CAD,Free,
JTDACACU4V3084085,JTDACACU4V3084085,27-0009-new,Toyota,Prius Plug-In Hybrid,,2027,AUTOMATIC,SUV,HYBRID,FWD,2027 Toyota Prius Plug-In Hybrid. New 2027 Toyota Prius Plug-In Hybrid for sale in Maple. Financing available.,"[{url:'https://carimages.d2cmedia.ca/newcarimages/en/cb6ac8c972d07fd/Toyota/Prius Plug-In Hybrid/2027/1200/487297-U0U/black/front45.png'},{url:'https://carimages.d2cmedia.ca/newcarimages/en/cb6ac8c972d07fd/Toyota/Prius Plug-In Hybrid/2027/1280/487297/black/front_45_degree.png'},{url:'https://carimages.d2cmedia.ca/newcarimages/en/cb6ac8c972d07fd/Toyota/Prius Plug-In Hybrid/2027/2100/487297/black/front_45_degree.png'},{url:'https://carimages.d2cmedia.ca/newcarimages/en/cb6ac8c972d07fd/Toyota/Prius Plug-In Hybrid/2027/2100/487297/black/profile.png'},{url:'https://carimages.d2cmedia.ca/newcarimages/en/cb6ac8c972d07fd/Toyota/Prius Plug-In Hybrid/2027/2100/487297/black/back_45_degree.png'},{url:'https://carimages.d2cmedia.ca/newcarimages/en/cb6ac8c972d07fd/Toyota/Prius Plug-In Hybrid/2027/2100/487297/black/driver_dashboard.png'},{url:'https://carimages.d2cmedia.ca/newcarimages/en/cb6ac8c972d07fd/Toyota/Prius Plug-In Hybrid/2027/2100/487297/black/full_dashboard.png'},{url:'https://carimages.d2cmedia.ca/newcarimages/en/cb6ac8c972d07fd/Toyota/Prius Plug-In Hybrid/2027/2100/487297/black/interior_driver_open_seat.png'},{url:'https://carimages.d2cmedia.ca/newcarimages/en/cb6ac8c972d07fd/Toyota/Prius Plug-In Hybrid/2027/2100/487297/black/interior_driver_stereo.png'},{url:'https://carimages.d2cmedia.ca/newcarimages/en/cb6ac8c972d07fd/Toyota/Prius Plug-In Hybrid/2027/2100/487297/black/interior_driver_reat_seats.png'}]",0,KM,https://www.mapletoyota.com/new/inventory/2027-Toyota-Prius_Plug_In_Hybrid-id14280329.html,2027 Toyota Prius Plug-In Hybrid at Maple Toyota,44039 CAD,New,Ink,Fa23,4445,Maple Toyota,+1-905 417-9100,"{addr1: ' 88 Auto Vaughan Drive', city: 'Maple', region: 'Ontario', postal_code: 'L6A 4A1', country: 'CA'}",43.836376294666834,-79.53494482023926,173362986037805,,,,https://www.mapletoyota.com/privacy-policy.html,New,4445,,44039 CAD,Free,
JTDACACU0V3084326,JTDACACU0V3084326,27-0011-new,Toyota,Prius Plug-In Hybrid,,2027,AUTOMATIC,SUV,HYBRID,FWD,2027 Toyota Prius Plug-In Hybrid. New 2027 Toyota Prius Plug-In Hybrid for sale in Maple. Financing available.,"[{url:'https://imagescdn.d2cmedia.ca/cb7fc4fec6b2b71b49c38c7169ca28548f/4445/14329131/1/Toyota-Prius Plug_In Hybrid-2027.jpg'},{url:'https://imagescdn.d2cmedia.ca/s87fc4fec6b2b71b49c38c7169ca28548f/4445/14329131/1/Toyota-Prius_Plug_In_Hybrid-2027.jpg'},{url:'https://imagescdn.d2cmedia.ca/cb7fc4fec6b2b71b49c38c7169ca28548f/4445/14329131/1/Toyota-Prius_Plug_In_Hybrid-2027.jpg'},{url:'https://imagescdn.d2cmedia.ca/cb7fc4fec6b2b71b49c38c7169ca28548f/4445/14329131/2/Toyota-Prius_Plug_In_Hybrid-2027.jpg'},{url:'https://imagescdn.d2cmedia.ca/cb7fc4fec6b2b71b49c38c7169ca28548f/4445/14329131/3/Toyota-Prius_Plug_In_Hybrid-2027.jpg'},{url:'https://imagescdn.d2cmedia.ca/cb7fc4fec6b2b71b49c38c7169ca28548f/4445/14329131/4/Toyota-Prius_Plug_In_Hybrid-2027.jpg'},{url:'https://imagescdn.d2cmedia.ca/cb7fc4fec6b2b71b49c38c7169ca28548f/4445/14329131/5/Toyota-Prius_Plug_In_Hybrid-2027.jpg'},{url:'https://imagescdn.d2cmedia.ca/cb7fc4fec6b2b71b49c38c7169ca28548f/4445/14329131/6/Toyota-Prius_Plug_In_Hybrid-2027.jpg'},{url:'https://imagescdn.d2cmedia.ca/cb7fc4fec6b2b71b49c38c7169ca28548f/4445/14329131/7/Toyota-Prius_Plug_In_Hybrid-2027.jpg'},{url:'https://imagescdn.d2cmedia.ca/cb7fc4fec6b2b71b49c38c7169ca28548f/4445/14329131/8/Toyota-Prius_Plug_In_Hybrid-2027.jpg'}]",28,KM,https://www.mapletoyota.com/new/inventory/2027-Toyota-Prius_Plug_In_Hybrid-id14329131.html,2027 Toyota Prius Plug-In Hybrid at Maple Toyota,44039 CAD,New,Guardian Gray,,4445,Maple Toyota,+1-905 417-9100,"{addr1: ' 88 Auto Vaughan Drive', city: 'Maple', region: 'Ontario', postal_code: 'L6A 4A1', country: 'CA'}",43.836376294666834,-79.53494482023926,173362986037805,,,,https://www.mapletoyota.com/privacy-policy.html,New,4445,,44039 CAD,Free,
3TYLB5JN0TT140859,3TYLB5JN0TT140859,26-1785-new,Toyota,Tacoma,,2026,AUTOMATIC,TRUCK,GASOLINE,FOUR_WHEEL_DRIVE,2026 Toyota Tacoma. New 2026 Toyota Tacoma for sale in Maple. Financing available.,"[{url:'https://imagescdn.d2cmedia.ca/cba12985b6e5c8b6eee14c9ead1ac7ad58/4445/14173446/1/Toyota-Tacoma-2026.jpg'},{url:'https://imagescdn.d2cmedia.ca/s8a12985b6e5c8b6eee14c9ead1ac7ad58/4445/14173446/1/Toyota-Tacoma-2026.jpg'},{url:'https://imagescdn.d2cmedia.ca/cba12985b6e5c8b6eee14c9ead1ac7ad58/4445/14173446/2/Toyota-Tacoma-2026.jpg'},{url:'https://imagescdn.d2cmedia.ca/cba12985b6e5c8b6eee14c9ead1ac7ad58/4445/14173446/3/Toyota-Tacoma-2026.jpg'},{url:'https://imagescdn.d2cmedia.ca/cba12985b6e5c8b6eee14c9ead1ac7ad58/4445/14173446/4/Toyota-Tacoma-2026.jpg'},{url:'https://imagescdn.d2cmedia.ca/cba12985b6e5c8b6eee14c9ead1ac7ad58/4445/14173446/5/Toyota-Tacoma-2026.jpg'},{url:'https://imagescdn.d2cmedia.ca/cba12985b6e5c8b6eee14c9ead1ac7ad58/4445/14173446/6/Toyota-Tacoma-2026.jpg'},{url:'https://imagescdn.d2cmedia.ca/cba12985b6e5c8b6eee14c9ead1ac7ad58/4445/14173446/7/Toyota-Tacoma-2026.jpg'},{url:'https://imagescdn.d2cmedia.ca/cba12985b6e5c8b6eee14c9ead1ac7ad58/4445/14173446/8/Toyota-Tacoma-2026.jpg'},{url:'https://imagescdn.d2cmedia.ca/cba12985b6e5c8b6eee14c9ead1ac7ad58/4445/14173446/9/Toyota-Tacoma-2026.jpg'}]",0,KM,https://www.mapletoyota.com/new/inventory/2026-Toyota-Tacoma-id14173446.html,2026 Toyota Tacoma at Maple Toyota,51924 CAD,New,01j9 Celestial Silver,,4445,Maple Toyota,+1-905 417-9100,"{addr1: ' 88 Auto Vaughan Drive', city: 'Maple', region: 'Ontario', postal_code: 'L6A 4A1', country: 'CA'}",43.836376294666834,-79.53494482023926,173362986037805,,,,https://www.mapletoyota.com/privacy-policy.html,New,4445,,51924 CAD,Free,
JTDACACU5V3085391,JTDACACU5V3085391,27-0027-new,Toyota,Prius Plug-In Hybrid,XSE Premium,2027,AUTOMATIC,SUV,HYBRID,FWD,2027 Toyota Prius Plug-In Hybrid XSE Premium. New 2027 Toyota Prius Plug-In Hybrid for sale in Maple. Financing available.,"[{url:'https://carimages.d2cmedia.ca/newcarimages/en/cb6ac8c972d07fd/Toyota/Prius Plug-In Hybrid/2027/1200/487299-WFNFIFByZW1pdW0/white/front45.png'},{url:'https://carimages.d2cmedia.ca/newcarimages/en/cb6ac8c972d07fd/Toyota/Prius Plug-In Hybrid/2027/1280/487299/white/front_45_degree.png'},{url:'https://carimages.d2cmedia.ca/newcarimages/en/cb6ac8c972d07fd/Toyota/Prius Plug-In Hybrid/2027/2100/487299/white/front_45_degree.png'},{url:'https://carimages.d2cmedia.ca/newcarimages/en/cb6ac8c972d07fd/Toyota/Prius Plug-In Hybrid/2027/2100/487299/white/profile.png'},{url:'https://carimages.d2cmedia.ca/newcarimages/en/cb6ac8c972d07fd/Toyota/Prius Plug-In Hybrid/2027/2100/487299/white/back_45_degree.png'},{url:'https://carimages.d2cmedia.ca/newcarimages/en/cb6ac8c972d07fd/Toyota/Prius Plug-In Hybrid/2027/2100/487299/white/driver_dashboard.png'},{url:'https://carimages.d2cmedia.ca/newcarimages/en/cb6ac8c972d07fd/Toyota/Prius Plug-In Hybrid/2027/2100/487299/white/full_dashboard.png'},{url:'https://carimages.d2cmedia.ca/newcarimages/en/cb6ac8c972d07fd/Toyota/Prius Plug-In Hybrid/2027/2100/487299/white/interior_driver_open_seat.png'},{url:'https://carimages.d2cmedia.ca/newcarimages/en/cb6ac8c972d07fd/Toyota/Prius Plug-In Hybrid/2027/2100/487299/white/interior_driver_stereo.png'},{url:'https://carimages.d2cmedia.ca/newcarimages/en/cb6ac8c972d07fd/Toyota/Prius Plug-In Hybrid/2027/2100/487299/white/interior_driver_reat_seats.png'}]",0,KM,https://www.mapletoyota.com/new/inventory/2027-Toyota-Prius_Plug_In_Hybrid-id14470468.html,2027 Toyota Prius Plug-In Hybrid XSE Premium at Maple Toyota,52469 CAD,New,White,,4445,Maple Toyota,+1-905 417-9100,"{addr1: ' 88 Auto Vaughan Drive', city: 'Maple', region: 'Ontario', postal_code: 'L6A 4A1', country: 'CA'}",43.836376294666834,-79.53494482023926,173362986037805,,,,https://www.mapletoyota.com/privacy-policy.html,New,4445,,52469 CAD,Free,
2T36CRAV0TW110787,2T36CRAV0TW110787,26-2190-new,Toyota,RAV4,,2026,AUTOMATIC,SUV,HYBRID,AWD,2026 Toyota RAV4. New 2026 Toyota RAV4 for sale in Maple. Financing available.,"[{url:'https://imagescdn.d2cmedia.ca/cb209746eba92cf9eba9ab7f5c3cfc34e5/4445/14470471/1/Toyota-RAV4-2026.jpg'},{url:'https://imagescdn.d2cmedia.ca/s8209746eba92cf9eba9ab7f5c3cfc34e5/4445/14470471/1/Toyota-RAV4-2026.jpg'},{url:'https://imagescdn.d2cmedia.ca/cb209746eba92cf9eba9ab7f5c3cfc34e5/4445/14470471/2/Toyota-RAV4-2026.jpg'},{url:'https://imagescdn.d2cmedia.ca/cb209746eba92cf9eba9ab7f5c3cfc34e5/4445/14470471/3/Toyota-RAV4-2026.jpg'},{url:'https://imagescdn.d2cmedia.ca/cb209746eba92cf9eba9ab7f5c3cfc34e5/4445/14470471/4/Toyota-RAV4-2026.jpg'},{url:'https://imagescdn.d2cmedia.ca/cb209746eba92cf9eba9ab7f5c3cfc34e5/4445/14470471/5/Toyota-RAV4-2026.jpg'},{url:'https://imagescdn.d2cmedia.ca/cb209746eba92cf9eba9ab7f5c3cfc34e5/4445/14470471/6/Toyota-RAV4-2026.jpg'},{url:'https://imagescdn.d2cmedia.ca/cb209746eba92cf9eba9ab7f5c3cfc34e5/4445/14470471/7/Toyota-RAV4-2026.jpg'},{url:'https://imagescdn.d2cmedia.ca/cb209746eba92cf9eba9ab7f5c3cfc34e5/4445/14470471/8/Toyota-RAV4-2026.jpg'},{url:'https://imagescdn.d2cmedia.ca/cb209746eba92cf9eba9ab7f5c3cfc34e5/4445/14470471/9/Toyota-RAV4-2026.jpg'}]",0,KM,https://www.mapletoyota.com/new/inventory/2026-Toyota-RAV4-id14470471.html,2026 Toyota RAV4 at Maple Toyota,54484 CAD,New,Storm Cloud W/black Roof,,4445,Maple Toyota,+1-905 417-9100,"{addr1: ' 88 Auto Vaughan Drive', city: 'Maple', region: 'Ontario', postal_code: 'L6A 4A1', country: 'CA'}",43.836376294666834,-79.53494482023926,173362986037805,,,,https://www.mapletoyota.com/privacy-policy.html,New,4445,,54484 CAD,Free,
3TYLB5JN2TT127756,3TYLB5JN2TT127756,26-1283-new,Toyota,Tacoma,,2026,AUTOMATIC,TRUCK,GASOLINE,FOUR_WHEEL_DRIVE,2026 Toyota Tacoma. New 2026 Toyota Tacoma for sale in Maple. Financing available.,"[{url:'https://imagescdn.d2cmedia.ca/cb0b00dfda1ecad1a56c2eace43aaff5da/4445/13906564/1/Toyota-Tacoma-2026.jpg'},{url:'https://imagescdn.d2cmedia.ca/s80b00dfda1ecad1a56c2eace43aaff5da/4445/13906564/1/Toyota-Tacoma-2026.jpg'},{url:'https://imagescdn.d2cmedia.ca/cb0b00dfda1ecad1a56c2eace43aaff5da/4445/13906564/2/Toyota-Tacoma-2026.jpg'},{url:'https://imagescdn.d2cmedia.ca/cb0b00dfda1ecad1a56c2eace43aaff5da/4445/13906564/3/Toyota-Tacoma-2026.jpg'},{url:'https://imagescdn.d2cmedia.ca/cb0b00dfda1ecad1a56c2eace43aaff5da/4445/13906564/4/Toyota-Tacoma-2026.jpg'},{url:'https://imagescdn.d2cmedia.ca/cb0b00dfda1ecad1a56c2eace43aaff5da/4445/13906564/5/Toyota-Tacoma-2026.jpg'},{url:'https://imagescdn.d2cmedia.ca/cb0b00dfda1ecad1a56c2eace43aaff5da/4445/13906564/6/Toyota-Tacoma-2026.jpg'},{url:'https://imagescdn.d2cmedia.ca/cb0b00dfda1ecad1a56c2eace43aaff5da/4445/13906564/7/Toyota-Tacoma-2026.jpg'},{url:'https://imagescdn.d2cmedia.ca/cb0b00dfda1ecad1a56c2eace43aaff5da/4445/13906564/8/Toyota-Tacoma-2026.jpg'},{url:'https://imagescdn.d2cmedia.ca/cb0b00dfda1ecad1a56c2eace43aaff5da/4445/13906564/9/Toyota-Tacoma-2026.jpg'}]",0,KM,https://www.mapletoyota.com/new/inventory/2026-Toyota-Tacoma-id13906564.html,2026 Toyota Tacoma at Maple Toyota,54632 CAD,New,White,Fd12,4445,Maple Toyota,+1-905 417-9100,"{addr1: ' 88 Auto Vaughan Drive', city: 'Maple', region: 'Ontario', postal_code: 'L6A 4A1', country: 'CA'}",43.836376294666834,-79.53494482023926,173362986037805,,,,https://www.mapletoyota.com/privacy-policy.html,New,4445,,54632 CAD,Free,
3TYLB5JN1TT124993,3TYLB5JN1TT124993,26-1067-new,Toyota,Tacoma,,2026,AUTOMATIC,TRUCK,GASOLINE,FOUR_WHEEL_DRIVE,2026 Toyota Tacoma. New 2026 Toyota Tacoma for sale in Maple. Financing available.,"[{url:'https://imagescdn.d2cmedia.ca/cbc31fd2cda4a23a3997b3ef751ac8ba47/4445/13772233/1/Toyota-Tacoma-2026.jpg'},{url:'https://imagescdn.d2cmedia.ca/s8c31fd2cda4a23a3997b3ef751ac8ba47/4445/13772233/1/Toyota-Tacoma-2026.jpg'},{url:'https://imagescdn.d2cmedia.ca/cbc31fd2cda4a23a3997b3ef751ac8ba47/4445/13772233/2/Toyota-Tacoma-2026.jpg'},{url:'https://imagescdn.d2cmedia.ca/cbc31fd2cda4a23a3997b3ef751ac8ba47/4445/13772233/3/Toyota-Tacoma-2026.jpg'},{url:'https://imagescdn.d2cmedia.ca/cbc31fd2cda4a23a3997b3ef751ac8ba47/4445/13772233/4/Toyota-Tacoma-2026.jpg'},{url:'https://imagescdn.d2cmedia.ca/cbc31fd2cda4a23a3997b3ef751ac8ba47/4445/13772233/5/Toyota-Tacoma-2026.jpg'},{url:'https://imagescdn.d2cmedia.ca/cbc31fd2cda4a23a3997b3ef751ac8ba47/4445/13772233/6/Toyota-Tacoma-2026.jpg'},{url:'https://imagescdn.d2cmedia.ca/cbc31fd2cda4a23a3997b3ef751ac8ba47/4445/13772233/7/Toyota-Tacoma-2026.jpg'},{url:'https://imagescdn.d2cmedia.ca/cbc31fd2cda4a23a3997b3ef751ac8ba47/4445/13772233/8/Toyota-Tacoma-2026.jpg'},{url:'https://imagescdn.d2cmedia.ca/cbc31fd2cda4a23a3997b3ef751ac8ba47/4445/13772233/9/Toyota-Tacoma-2026.jpg'}]",0,KM,https://www.mapletoyota.com/new/inventory/2026-Toyota-Tacoma-id13772233.html,2026 Toyota Tacoma at Maple Toyota,54944 CAD,New,White,,4445,Maple Toyota,+1-905 417-9100,"{addr1: ' 88 Auto Vaughan Drive', city: 'Maple', region: 'Ontario', postal_code: 'L6A 4A1', country: 'CA'}",43.836376294666834,-79.53494482023926,173362986037805,,,,https://www.mapletoyota.com/privacy-policy.html,New,4445,,54944 CAD,Free,
3TYLB5JNXTT134423,3TYLB5JNXTT134423,26-1578-new,Toyota,Tacoma,,2026,AUTOMATIC,TRUCK,GASOLINE,FOUR_WHEEL_DRIVE,2026 Toyota Tacoma. New 2026 Toyota Tacoma for sale in Maple. Financing available.,"[{url:'https://imagescdn.d2cmedia.ca/cba49cf1be45a6bc0cb8c7044163e68d3d/4445/14073950/1/Toyota-Tacoma-2026.jpg'},{url:'https://imagescdn.d2cmedia.ca/s8a49cf1be45a6bc0cb8c7044163e68d3d/4445/14073950/1/Toyota-Tacoma-2026.jpg'},{url:'https://imagescdn.d2cmedia.ca/cba49cf1be45a6bc0cb8c7044163e68d3d/4445/14073950/2/Toyota-Tacoma-2026.jpg'},{url:'https://imagescdn.d2cmedia.ca/cba49cf1be45a6bc0cb8c7044163e68d3d/4445/14073950/3/Toyota-Tacoma-2026.jpg'},{url:'https://imagescdn.d2cmedia.ca/cba49cf1be45a6bc0cb8c7044163e68d3d/4445/14073950/4/Toyota-Tacoma-2026.jpg'},{url:'https://imagescdn.d2cmedia.ca/cba49cf1be45a6bc0cb8c7044163e68d3d/4445/14073950/5/Toyota-Tacoma-2026.jpg'},{url:'https://imagescdn.d2cmedia.ca/cba49cf1be45a6bc0cb8c7044163e68d3d/4445/14073950/6/Toyota-Tacoma-2026.jpg'},{url:'https://imagescdn.d2cmedia.ca/cba49cf1be45a6bc0cb8c7044163e68d3d/4445/14073950/7/Toyota-Tacoma-2026.jpg'},{url:'https://imagescdn.d2cmedia.ca/cba49cf1be45a6bc0cb8c7044163e68d3d/4445/14073950/8/Toyota-Tacoma-2026.jpg'},{url:'https://imagescdn.d2cmedia.ca/cba49cf1be45a6bc0cb8c7044163e68d3d/4445/14073950/9/Toyota-Tacoma-2026.jpg'}]",0,KM,https://www.mapletoyota.com/new/inventory/2026-Toyota-Tacoma-id14073950.html,2026 Toyota Tacoma at Maple Toyota,55004 CAD,New,White,,4445,Maple Toyota,+1-905 417-9100,"{addr1: ' 88 Auto Vaughan Drive', city: 'Maple', region: 'Ontario', postal_code: 'L6A 4A1', country: 'CA'}",43.836376294666834,-79.53494482023926,173362986037805,,,,https://www.mapletoyota.com/privacy-policy.html,New,4445,,55004 CAD,Free,
3TYLB5JN7TT137733,3TYLB5JN7TT137733,26-1659-new,Toyota,Tacoma,,2026,AUTOMATIC,TRUCK,GASOLINE,FOUR_WHEEL_DRIVE,2026 Toyota Tacoma. New 2026 Toyota Tacoma for sale in Maple. Financing available.,"[{url:'https://imagescdn.d2cmedia.ca/cb513f1c13e427cff63e74741a4e777358/4445/14085651/1/Toyota-Tacoma-2026.jpg'},{url:'https://imagescdn.d2cmedia.ca/s8513f1c13e427cff63e74741a4e777358/4445/14085651/1/Toyota-Tacoma-2026.jpg'},{url:'https://imagescdn.d2cmedia.ca/cb513f1c13e427cff63e74741a4e777358/4445/14085651/2/Toyota-Tacoma-2026.jpg'},{url:'https://imagescdn.d2cmedia.ca/cb513f1c13e427cff63e74741a4e777358/4445/14085651/3/Toyota-Tacoma-2026.jpg'},{url:'https://imagescdn.d2cmedia.ca/cb513f1c13e427cff63e74741a4e777358/4445/14085651/4/Toyota-Tacoma-2026.jpg'},{url:'https://imagescdn.d2cmedia.ca/cb513f1c13e427cff63e74741a4e777358/4445/14085651/5/Toyota-Tacoma-2026.jpg'},{url:'https://imagescdn.d2cmedia.ca/cb513f1c13e427cff63e74741a4e777358/4445/14085651/6/Toyota-Tacoma-2026.jpg'},{url:'https://imagescdn.d2cmedia.ca/cb513f1c13e427cff63e74741a4e777358/4445/14085651/7/Toyota-Tacoma-2026.jpg'},{url:'https://imagescdn.d2cmedia.ca/cb513f1c13e427cff63e74741a4e777358/4445/14085651/8/Toyota-Tacoma-2026.jpg'},{url:'https://imagescdn.d2cmedia.ca/cb513f1c13e427cff63e74741a4e777358/4445/14085651/9/Toyota-Tacoma-2026.jpg'}]",0,KM,https://www.mapletoyota.com/new/inventory/2026-Toyota-Tacoma-id14085651.html,2026 Toyota Tacoma at Maple Toyota,55004 CAD,New,White,,4445,Maple Toyota,+1-905 417-9100,"{addr1: ' 88 Auto Vaughan Drive', city: 'Maple', region: 'Ontario', postal_code: 'L6A 4A1', country: 'CA'}",43.836376294666834,-79.53494482023926,173362986037805,,,,https://www.mapletoyota.com/privacy-policy.html,New,4445,,55004 CAD,Free,
3TYLB5JN2TT141060,3TYLB5JN2TT141060,26-1812-new,Toyota,Tacoma,,2026,AUTOMATIC,TRUCK,GASOLINE,FOUR_WHEEL_DRIVE,2026 Toyota Tacoma. New 2026 Toyota Tacoma for sale in Maple. Financing available.,"[{url:'https://imagescdn.d2cmedia.ca/cb8c7a621737f51fb7bfae65d3d8e0e82b/4445/14173444/1/Toyota-Tacoma-2026.jpg'},{url:'https://imagescdn.d2cmedia.ca/s88c7a621737f51fb7bfae65d3d8e0e82b/4445/14173444/1/Toyota-Tacoma-2026.jpg'},{url:'https://imagescdn.d2cmedia.ca/cb8c7a621737f51fb7bfae65d3d8e0e82b/4445/14173444/2/Toyota-Tacoma-2026.jpg'},{url:'https://imagescdn.d2cmedia.ca/cb8c7a621737f51fb7bfae65d3d8e0e82b/4445/14173444/3/Toyota-Tacoma-2026.jpg'},{url:'https://imagescdn.d2cmedia.ca/cb8c7a621737f51fb7bfae65d3d8e0e82b/4445/14173444/4/Toyota-Tacoma-2026.jpg'},{url:'https://imagescdn.d2cmedia.ca/cb8c7a621737f51fb7bfae65d3d8e0e82b/4445/14173444/5/Toyota-Tacoma-2026.jpg'},{url:'https://imagescdn.d2cmedia.ca/cb8c7a621737f51fb7bfae65d3d8e0e82b/4445/14173444/6/Toyota-Tacoma-2026.jpg'},{url:'https://imagescdn.d2cmedia.ca/cb8c7a621737f51fb7bfae65d3d8e0e82b/4445/14173444/7/Toyota-Tacoma-2026.jpg'},{url:'https://imagescdn.d2cmedia.ca/cb8c7a621737f51fb7bfae65d3d8e0e82b/4445/14173444/8/Toyota-Tacoma-2026.jpg'},{url:'https://imagescdn.d2cmedia.ca/cb8c7a621737f51fb7bfae65d3d8e0e82b/4445/14173444/9/Toyota-Tacoma-2026.jpg'}]",0,KM,https://www.mapletoyota.com/new/inventory/2026-Toyota-Tacoma-id14173444.html,2026 Toyota Tacoma at Maple Toyota,55004 CAD,New,01j9 Celestial Silver,,4445,Maple Toyota,+1-905 417-9100,"{addr1: ' 88 Auto Vaughan Drive', city: 'Maple', region: 'Ontario', postal_code: 'L6A 4A1', country: 'CA'}",43.836376294666834,-79.53494482023926,173362986037805,,,,https://www.mapletoyota.com/privacy-policy.html,New,4445,,55004 CAD,Free,
2T36CRAV1TW107980,2T36CRAV1TW107980,26-2175-new,Toyota,RAV4,Limited,2026,AUTOMATIC,SUV,HYBRID,AWD,2026 Toyota RAV4 Limited. New 2026 Toyota RAV4 for sale in Maple. Financing available.,"[{url:'https://imagescdn.d2cmedia.ca/cb85df4a567b8b3115223741babc8bcd68/4445/14449651/1/Toyota-RAV4-2026.jpg'},{url:'https://imagescdn.d2cmedia.ca/s885df4a567b8b3115223741babc8bcd68/4445/14449651/1/Toyota-RAV4-2026.jpg'},{url:'https://imagescdn.d2cmedia.ca/cb85df4a567b8b3115223741babc8bcd68/4445/14449651/2/Toyota-RAV4-2026.jpg'},{url:'https://imagescdn.d2cmedia.ca/cb85df4a567b8b3115223741babc8bcd68/4445/14449651/3/Toyota-RAV4-2026.jpg'},{url:'https://imagescdn.d2cmedia.ca/cb85df4a567b8b3115223741babc8bcd68/4445/14449651/4/Toyota-RAV4-2026.jpg'},{url:'https://imagescdn.d2cmedia.ca/cb85df4a567b8b3115223741babc8bcd68/4445/14449651/5/Toyota-RAV4-2026.jpg'},{url:'https://imagescdn.d2cmedia.ca/cb85df4a567b8b3115223741babc8bcd68/4445/14449651/6/Toyota-RAV4-2026.jpg'},{url:'https://imagescdn.d2cmedia.ca/cb85df4a567b8b3115223741babc8bcd68/4445/14449651/7/Toyota-RAV4-2026.jpg'},{url:'https://imagescdn.d2cmedia.ca/cb85df4a567b8b3115223741babc8bcd68/4445/14449651/8/Toyota-RAV4-2026.jpg'},{url:'https://imagescdn.d2cmedia.ca/cb85df4a567b8b3115223741babc8bcd68/4445/14449651/9/Toyota-RAV4-2026.jpg'}]",0,KM,https://www.mapletoyota.com/new/inventory/2026-Toyota-RAV4-id14449651.html,2026 Toyota RAV4 Limited at Maple Toyota,55379 CAD,New,White,,4445,Maple Toyota,+1-905 417-9100,"{addr1: ' 88 Auto Vaughan Drive', city: 'Maple', region: 'Ontario', postal_code: 'L6A 4A1', country: 'CA'}",43.836376294666834,-79.53494482023926,173362986037805,,,,https://www.mapletoyota.com/privacy-policy.html,New,4445,,55379 CAD,Free,
3TYLB5JN2TT136456,3TYLB5JN2TT136456,26-1644-new,Toyota,Tacoma,,2026,AUTOMATIC,TRUCK,GASOLINE,FOUR_WHEEL_DRIVE,2026 Toyota Tacoma. New 2026 Toyota Tacoma for sale in Maple. Financing available.,"[{url:'https://imagescdn.d2cmedia.ca/cbad917a6ad8b7a8ae219ba307dc2307e1/4445/14173439/1/Toyota-Tacoma-2026.jpg'},{url:'https://imagescdn.d2cmedia.ca/s8ad917a6ad8b7a8ae219ba307dc2307e1/4445/14173439/1/Toyota-Tacoma-2026.jpg'},{url:'https://imagescdn.d2cmedia.ca/cbad917a6ad8b7a8ae219ba307dc2307e1/4445/14173439/2/Toyota-Tacoma-2026.jpg'},{url:'https://imagescdn.d2cmedia.ca/cbad917a6ad8b7a8ae219ba307dc2307e1/4445/14173439/3/Toyota-Tacoma-2026.jpg'},{url:'https://imagescdn.d2cmedia.ca/cbad917a6ad8b7a8ae219ba307dc2307e1/4445/14173439/4/Toyota-Tacoma-2026.jpg'},{url:'https://imagescdn.d2cmedia.ca/cbad917a6ad8b7a8ae219ba307dc2307e1/4445/14173439/5/Toyota-Tacoma-2026.jpg'},{url:'https://imagescdn.d2cmedia.ca/cbad917a6ad8b7a8ae219ba307dc2307e1/4445/14173439/6/Toyota-Tacoma-2026.jpg'},{url:'https://imagescdn.d2cmedia.ca/cbad917a6ad8b7a8ae219ba307dc2307e1/4445/14173439/7/Toyota-Tacoma-2026.jpg'},{url:'https://imagescdn.d2cmedia.ca/cbad917a6ad8b7a8ae219ba307dc2307e1/4445/14173439/8/Toyota-Tacoma-2026.jpg'},{url:'https://imagescdn.d2cmedia.ca/cbad917a6ad8b7a8ae219ba307dc2307e1/4445/14173439/9/Toyota-Tacoma-2026.jpg'}]",0,KM,https://www.mapletoyota.com/new/inventory/2026-Toyota-Tacoma-id14173439.html,2026 Toyota Tacoma at Maple Toyota,55604 CAD,New,White,,4445,Maple Toyota,+1-905 417-9100,"{addr1: ' 88 Auto Vaughan Drive', city: 'Maple', region: 'Ontario', postal_code: 'L6A 4A1', country: 'CA'}",43.836376294666834,-79.53494482023926,173362986037805,,,,https://www.mapletoyota.com/privacy-policy.html,New,4445,,55604 CAD,Free,
JTMADAFB4TJ031029,JTMADAFB4TJ031029,26-2012-new,Toyota,bZ,,2026,AUTOMATIC,SUV,ELECTRIC,AWD,2026 Toyota bZ. New 2026 Toyota bZ for sale in Maple. Financing available.,"[{url:'https://imagescdn.d2cmedia.ca/cb508193c684c8aaf988652b7264327292/4445/14400228/1/Toyota-bZ-2026.jpg'},{url:'https://imagescdn.d2cmedia.ca/s8508193c684c8aaf988652b7264327292/4445/14400228/1/Toyota-bZ-2026.jpg'},{url:'https://imagescdn.d2cmedia.ca/cb508193c684c8aaf988652b7264327292/4445/14400228/2/Toyota-bZ-2026.jpg'},{url:'https://imagescdn.d2cmedia.ca/cb508193c684c8aaf988652b7264327292/4445/14400228/3/Toyota-bZ-2026.jpg'},{url:'https://imagescdn.d2cmedia.ca/cb508193c684c8aaf988652b7264327292/4445/14400228/4/Toyota-bZ-2026.jpg'},{url:'https://imagescdn.d2cmedia.ca/cb508193c684c8aaf988652b7264327292/4445/14400228/5/Toyota-bZ-2026.jpg'},{url:'https://imagescdn.d2cmedia.ca/cb508193c684c8aaf988652b7264327292/4445/14400228/6/Toyota-bZ-2026.jpg'},{url:'https://imagescdn.d2cmedia.ca/cb508193c684c8aaf988652b7264327292/4445/14400228/7/Toyota-bZ-2026.jpg'},{url:'https://imagescdn.d2cmedia.ca/cb508193c684c8aaf988652b7264327292/4445/14400228/8/Toyota-bZ-2026.jpg'},{url:'https://imagescdn.d2cmedia.ca/cb508193c684c8aaf988652b7264327292/4445/14400228/9/Toyota-bZ-2026.jpg'}]",0,KM,https://www.mapletoyota.com/new/inventory/2026-Toyota-bZ-id14400228.html,2026 Toyota bZ at Maple Toyota,56769 CAD,New,White,,4445,Maple Toyota,+1-905 417-9100,"{addr1: ' 88 Auto Vaughan Drive', city: 'Maple', region: 'Ontario', postal_code: 'L6A 4A1', country: 'CA'}",43.836376294666834,-79.53494482023926,173362986037805,,,,https://www.mapletoyota.com/privacy-policy.html,New,4445,,56769 CAD,Free,
JTMADAFB5TJ030939,JTMADAFB5TJ030939,26-2079-new,Toyota,bZ,,2026,AUTOMATIC,SUV,ELECTRIC,AWD,2026 Toyota bZ. New 2026 Toyota bZ for sale in Maple. Financing available.,"[{url:'https://imagescdn.d2cmedia.ca/cbb50c18de6ca18be1530b39de99a23542/4445/14434249/1/Toyota-bZ-2026.jpg'},{url:'https://imagescdn.d2cmedia.ca/s8b50c18de6ca18be1530b39de99a23542/4445/14434249/1/Toyota-bZ-2026.jpg'},{url:'https://imagescdn.d2cmedia.ca/cbb50c18de6ca18be1530b39de99a23542/4445/14434249/2/Toyota-bZ-2026.jpg'},{url:'https://imagescdn.d2cmedia.ca/cbb50c18de6ca18be1530b39de99a23542/4445/14434249/3/Toyota-bZ-2026.jpg'},{url:'https://imagescdn.d2cmedia.ca/cbb50c18de6ca18be1530b39de99a23542/4445/14434249/4/Toyota-bZ-2026.jpg'},{url:'https://imagescdn.d2cmedia.ca/cbb50c18de6ca18be1530b39de99a23542/4445/14434249/5/Toyota-bZ-2026.jpg'},{url:'https://imagescdn.d2cmedia.ca/cbb50c18de6ca18be1530b39de99a23542/4445/14434249/6/Toyota-bZ-2026.jpg'},{url:'https://imagescdn.d2cmedia.ca/cbb50c18de6ca18be1530b39de99a23542/4445/14434249/7/Toyota-bZ-2026.jpg'},{url:'https://imagescdn.d2cmedia.ca/cbb50c18de6ca18be1530b39de99a23542/4445/14434249/8/Toyota-bZ-2026.jpg'},{url:'https://imagescdn.d2cmedia.ca/cbb50c18de6ca18be1530b39de99a23542/4445/14434249/9/Toyota-bZ-2026.jpg'}]",0,KM,https://www.mapletoyota.com/new/inventory/2026-Toyota-bZ-id14434249.html,2026 Toyota bZ at Maple Toyota,56769 CAD,New,Heavy Metal,,4445,Maple Toyota,+1-905 417-9100,"{addr1: ' 88 Auto Vaughan Drive', city: 'Maple', region: 'Ontario', postal_code: 'L6A 4A1', country: 'CA'}",43.836376294666834,-79.53494482023926,173362986037805,,,,https://www.mapletoyota.com/privacy-policy.html,New,4445,,56769 CAD,Free,
3TYLB5JN2TT132259,3TYLB5JN2TT132259,26-1478-new,Toyota,Tacoma,,2026,AUTOMATIC,TRUCK,GASOLINE,FOUR_WHEEL_DRIVE,2026 Toyota Tacoma. New 2026 Toyota Tacoma for sale in Maple. Financing available.,"[{url:'https://imagescdn.d2cmedia.ca/cb691e73ff9b565f7023a3fa35945124b3/4445/13992146/1/Toyota-Tacoma-2026.jpg'},{url:'https://imagescdn.d2cmedia.ca/s8691e73ff9b565f7023a3fa35945124b3/4445/13992146/1/Toyota-Tacoma-2026.jpg'},{url:'https://imagescdn.d2cmedia.ca/cb691e73ff9b565f7023a3fa35945124b3/4445/13992146/2/Toyota-Tacoma-2026.jpg'},{url:'https://imagescdn.d2cmedia.ca/cb691e73ff9b565f7023a3fa35945124b3/4445/13992146/3/Toyota-Tacoma-2026.jpg'},{url:'https://imagescdn.d2cmedia.ca/cb691e73ff9b565f7023a3fa35945124b3/4445/13992146/4/Toyota-Tacoma-2026.jpg'},{url:'https://imagescdn.d2cmedia.ca/cb691e73ff9b565f7023a3fa35945124b3/4445/13992146/5/Toyota-Tacoma-2026.jpg'},{url:'https://imagescdn.d2cmedia.ca/cb691e73ff9b565f7023a3fa35945124b3/4445/13992146/6/Toyota-Tacoma-2026.jpg'},{url:'https://imagescdn.d2cmedia.ca/cb691e73ff9b565f7023a3fa35945124b3/4445/13992146/7/Toyota-Tacoma-2026.jpg'},{url:'https://imagescdn.d2cmedia.ca/cb691e73ff9b565f7023a3fa35945124b3/4445/13992146/8/Toyota-Tacoma-2026.jpg'},{url:'https://imagescdn.d2cmedia.ca/cb691e73ff9b565f7023a3fa35945124b3/4445/13992146/9/Toyota-Tacoma-2026.jpg'}]",0,KM,https://www.mapletoyota.com/new/inventory/2026-Toyota-Tacoma-id13992146.html,2026 Toyota Tacoma at Maple Toyota,59403 CAD,New,01j9 Celestial Silver,,4445,Maple Toyota,+1-905 417-9100,"{addr1: ' 88 Auto Vaughan Drive', city: 'Maple', region: 'Ontario', postal_code: 'L6A 4A1', country: 'CA'}",43.836376294666834,-79.53494482023926,173362986037805,,,,https://www.mapletoyota.com/privacy-policy.html,New,4445,,59403 CAD,Free,
3TYLB5JN8TT136445,3TYLB5JN8TT136445,26-1643-new,Toyota,Tacoma,,2026,AUTOMATIC,TRUCK,GASOLINE,FOUR_WHEEL_DRIVE,2026 Toyota Tacoma. New 2026 Toyota Tacoma for sale in Maple. Financing available.,"[{url:'https://imagescdn.d2cmedia.ca/cbeb6a9c396d2dde61c1a8301b4cd35f14/4445/14085652/1/Toyota-Tacoma-2026.jpg'},{url:'https://imagescdn.d2cmedia.ca/s8eb6a9c396d2dde61c1a8301b4cd35f14/4445/14085652/1/Toyota-Tacoma-2026.jpg'},{url:'https://imagescdn.d2cmedia.ca/cbeb6a9c396d2dde61c1a8301b4cd35f14/4445/14085652/2/Toyota-Tacoma-2026.jpg'},{url:'https://imagescdn.d2cmedia.ca/cbeb6a9c396d2dde61c1a8301b4cd35f14/4445/14085652/3/Toyota-Tacoma-2026.jpg'},{url:'https://imagescdn.d2cmedia.ca/cbeb6a9c396d2dde61c1a8301b4cd35f14/4445/14085652/4/Toyota-Tacoma-2026.jpg'},{url:'https://imagescdn.d2cmedia.ca/cbeb6a9c396d2dde61c1a8301b4cd35f14/4445/14085652/5/Toyota-Tacoma-2026.jpg'},{url:'https://imagescdn.d2cmedia.ca/cbeb6a9c396d2dde61c1a8301b4cd35f14/4445/14085652/6/Toyota-Tacoma-2026.jpg'},{url:'https://imagescdn.d2cmedia.ca/cbeb6a9c396d2dde61c1a8301b4cd35f14/4445/14085652/7/Toyota-Tacoma-2026.jpg'},{url:'https://imagescdn.d2cmedia.ca/cbeb6a9c396d2dde61c1a8301b4cd35f14/4445/14085652/8/Toyota-Tacoma-2026.jpg'},{url:'https://imagescdn.d2cmedia.ca/cbeb6a9c396d2dde61c1a8301b4cd35f14/4445/14085652/9/Toyota-Tacoma-2026.jpg'}]",0,KM,https://www.mapletoyota.com/new/inventory/2026-Toyota-Tacoma-id14085652.html,2026 Toyota Tacoma at Maple Toyota,59403 CAD,New,White,,4445,Maple Toyota,+1-905 417-9100,"{addr1: ' 88 Auto Vaughan Drive', city: 'Maple', region: 'Ontario', postal_code: 'L6A 4A1', country: 'CA'}",43.836376294666834,-79.53494482023926,173362986037805,,,,https://www.mapletoyota.com/privacy-policy.html,New,4445,,59403 CAD,Free,
3TYLB5JN5TT114046,3TYLB5JN5TT114046,26-0607-new,Toyota,Tacoma,,2026,AUTOMATIC,TRUCK,GASOLINE,FOUR_WHEEL_DRIVE,2026 Toyota Tacoma. New 2026 Toyota Tacoma for sale in Maple. Financing available.,"[{url:'https://imagescdn.d2cmedia.ca/cb5fc8e9e10777e10cf5a2a6399b502a38/4445/13564558/1/Toyota-Tacoma-2026.jpg'},{url:'https://imagescdn.d2cmedia.ca/s85fc8e9e10777e10cf5a2a6399b502a38/4445/13564558/1/Toyota-Tacoma-2026.jpg'},{url:'https://imagescdn.d2cmedia.ca/cb5fc8e9e10777e10cf5a2a6399b502a38/4445/13564558/2/Toyota-Tacoma-2026.jpg'},{url:'https://imagescdn.d2cmedia.ca/cb5fc8e9e10777e10cf5a2a6399b502a38/4445/13564558/3/Toyota-Tacoma-2026.jpg'},{url:'https://imagescdn.d2cmedia.ca/cb5fc8e9e10777e10cf5a2a6399b502a38/4445/13564558/4/Toyota-Tacoma-2026.jpg'},{url:'https://imagescdn.d2cmedia.ca/cb5fc8e9e10777e10cf5a2a6399b502a38/4445/13564558/5/Toyota-Tacoma-2026.jpg'},{url:'https://imagescdn.d2cmedia.ca/cb5fc8e9e10777e10cf5a2a6399b502a38/4445/13564558/6/Toyota-Tacoma-2026.jpg'},{url:'https://imagescdn.d2cmedia.ca/cb5fc8e9e10777e10cf5a2a6399b502a38/4445/13564558/7/Toyota-Tacoma-2026.jpg'},{url:'https://imagescdn.d2cmedia.ca/cb5fc8e9e10777e10cf5a2a6399b502a38/4445/13564558/8/Toyota-Tacoma-2026.jpg'},{url:'https://imagescdn.d2cmedia.ca/cb5fc8e9e10777e10cf5a2a6399b502a38/4445/13564558/9/Toyota-Tacoma-2026.jpg'}]",0,KM,https://www.mapletoyota.com/new/inventory/2026-Toyota-Tacoma-id13564558.html,2026 Toyota Tacoma at Maple Toyota,59817 CAD,New,Underground,,4445,Maple Toyota,+1-905 417-9100,"{addr1: ' 88 Auto Vaughan Drive', city: 'Maple', region: 'Ontario', postal_code: 'L6A 4A1', country: 'CA'}",43.836376294666834,-79.53494482023926,173362986037805,,,,https://www.mapletoyota.com/privacy-policy.html,New,4445,,59817 CAD,Free,
3TYLB5JN4TT124132,3TYLB5JN4TT124132,26-1028-new,Toyota,Tacoma,,2026,AUTOMATIC,TRUCK,GASOLINE,FOUR_WHEEL_DRIVE,2026 Toyota Tacoma. New 2026 Toyota Tacoma for sale in Maple. Financing available.,"[{url:'https://imagescdn.d2cmedia.ca/cbee2961d20840d90ca16a8cab06aaab88/4445/13772232/1/Toyota-Tacoma-2026.jpg'},{url:'https://imagescdn.d2cmedia.ca/s8ee2961d20840d90ca16a8cab06aaab88/4445/13772232/1/Toyota-Tacoma-2026.jpg'},{url:'https://imagescdn.d2cmedia.ca/cbee2961d20840d90ca16a8cab06aaab88/4445/13772232/2/Toyota-Tacoma-2026.jpg'},{url:'https://imagescdn.d2cmedia.ca/cbee2961d20840d90ca16a8cab06aaab88/4445/13772232/3/Toyota-Tacoma-2026.jpg'},{url:'https://imagescdn.d2cmedia.ca/cbee2961d20840d90ca16a8cab06aaab88/4445/13772232/4/Toyota-Tacoma-2026.jpg'},{url:'https://imagescdn.d2cmedia.ca/cbee2961d20840d90ca16a8cab06aaab88/4445/13772232/5/Toyota-Tacoma-2026.jpg'},{url:'https://imagescdn.d2cmedia.ca/cbee2961d20840d90ca16a8cab06aaab88/4445/13772232/6/Toyota-Tacoma-2026.jpg'},{url:'https://imagescdn.d2cmedia.ca/cbee2961d20840d90ca16a8cab06aaab88/4445/13772232/7/Toyota-Tacoma-2026.jpg'},{url:'https://imagescdn.d2cmedia.ca/cbee2961d20840d90ca16a8cab06aaab88/4445/13772232/8/Toyota-Tacoma-2026.jpg'},{url:'https://imagescdn.d2cmedia.ca/cbee2961d20840d90ca16a8cab06aaab88/4445/13772232/9/Toyota-Tacoma-2026.jpg'}]",0,KM,https://www.mapletoyota.com/new/inventory/2026-Toyota-Tacoma-id13772232.html,2026 Toyota Tacoma at Maple Toyota,59817 CAD,New,Underground,,4445,Maple Toyota,+1-905 417-9100,"{addr1: ' 88 Auto Vaughan Drive', city: 'Maple', region: 'Ontario', postal_code: 'L6A 4A1', country: 'CA'}",43.836376294666834,-79.53494482023926,173362986037805,,,,https://www.mapletoyota.com/privacy-policy.html,New,4445,,59817 CAD,Free,
3TYLB5JNXTT133188,3TYLB5JNXTT133188,26-1487-new,Toyota,Tacoma,,2026,AUTOMATIC,TRUCK,GASOLINE,FOUR_WHEEL_DRIVE,2026 Toyota Tacoma. New 2026 Toyota Tacoma for sale in Maple. Financing available.,"[{url:'https://imagescdn.d2cmedia.ca/cb8406f552fb1fb58fc7285493ab97d064/4445/13992136/1/Toyota-Tacoma-2026.jpg'},{url:'https://imagescdn.d2cmedia.ca/s88406f552fb1fb58fc7285493ab97d064/4445/13992136/1/Toyota-Tacoma-2026.jpg'},{url:'https://imagescdn.d2cmedia.ca/cb8406f552fb1fb58fc7285493ab97d064/4445/13992136/2/Toyota-Tacoma-2026.jpg'},{url:'https://imagescdn.d2cmedia.ca/cb8406f552fb1fb58fc7285493ab97d064/4445/13992136/3/Toyota-Tacoma-2026.jpg'},{url:'https://imagescdn.d2cmedia.ca/cb8406f552fb1fb58fc7285493ab97d064/4445/13992136/4/Toyota-Tacoma-2026.jpg'},{url:'https://imagescdn.d2cmedia.ca/cb8406f552fb1fb58fc7285493ab97d064/4445/13992136/5/Toyota-Tacoma-2026.jpg'},{url:'https://imagescdn.d2cmedia.ca/cb8406f552fb1fb58fc7285493ab97d064/4445/13992136/6/Toyota-Tacoma-2026.jpg'},{url:'https://imagescdn.d2cmedia.ca/cb8406f552fb1fb58fc7285493ab97d064/4445/13992136/7/Toyota-Tacoma-2026.jpg'},{url:'https://imagescdn.d2cmedia.ca/cb8406f552fb1fb58fc7285493ab97d064/4445/13992136/8/Toyota-Tacoma-2026.jpg'},{url:'https://imagescdn.d2cmedia.ca/cb8406f552fb1fb58fc7285493ab97d064/4445/13992136/9/Toyota-Tacoma-2026.jpg'}]",0,KM,https://www.mapletoyota.com/new/inventory/2026-Toyota-Tacoma-id13992136.html,2026 Toyota Tacoma at Maple Toyota,59817 CAD,New,White,,4445,Maple Toyota,+1-905 417-9100,"{addr1: ' 88 Auto Vaughan Drive', city: 'Maple', region: 'Ontario', postal_code: 'L6A 4A1', country: 'CA'}",43.836376294666834,-79.53494482023926,173362986037805,,,,https://www.mapletoyota.com/privacy-policy.html,New,4445,,59817 CAD,Free,
JTDACAAJ7T3048381,JTDACAAJ7T3048381,26-1650-new,Toyota,Crown Signia,Limited,2026,AUTOMATIC,SUV,HYBRID,AWD,2026 Toyota Crown Signia Limited. New 2026 Toyota Crown Signia for sale in Maple. Financing available.,"[{url:'https://imagescdn.d2cmedia.ca/cbe30281c75869d12ced8604b36a607d40/4445/14060162/1/Toyota-Crown Signia-2026.jpg'},{url:'https://imagescdn.d2cmedia.ca/s8e30281c75869d12ced8604b36a607d40/4445/14060162/1/Toyota-Crown_Signia-2026.jpg'},{url:'https://imagescdn.d2cmedia.ca/cbe30281c75869d12ced8604b36a607d40/4445/14060162/1/Toyota-Crown_Signia-2026.jpg'},{url:'https://imagescdn.d2cmedia.ca/cbe30281c75869d12ced8604b36a607d40/4445/14060162/2/Toyota-Crown_Signia-2026.jpg'},{url:'https://imagescdn.d2cmedia.ca/cbe30281c75869d12ced8604b36a607d40/4445/14060162/3/Toyota-Crown_Signia-2026.jpg'},{url:'https://imagescdn.d2cmedia.ca/cbe30281c75869d12ced8604b36a607d40/4445/14060162/4/Toyota-Crown_Signia-2026.jpg'},{url:'https://imagescdn.d2cmedia.ca/cbe30281c75869d12ced8604b36a607d40/4445/14060162/5/Toyota-Crown_Signia-2026.jpg'},{url:'https://imagescdn.d2cmedia.ca/cbe30281c75869d12ced8604b36a607d40/4445/14060162/6/Toyota-Crown_Signia-2026.jpg'},{url:'https://imagescdn.d2cmedia.ca/cbe30281c75869d12ced8604b36a607d40/4445/14060162/7/Toyota-Crown_Signia-2026.jpg'},{url:'https://imagescdn.d2cmedia.ca/cbe30281c75869d12ced8604b36a607d40/4445/14060162/8/Toyota-Crown_Signia-2026.jpg'}]",43,KM,https://www.mapletoyota.com/new/inventory/2026-Toyota-Crown_Signia-id14060162.html,2026 Toyota Crown Signia Limited at Maple Toyota,61584 CAD,New,Storm Cloud,La40,4445,Maple Toyota,+1-905 417-9100,"{addr1: ' 88 Auto Vaughan Drive', city: 'Maple', region: 'Ontario', postal_code: 'L6A 4A1', country: 'CA'}",43.836376294666834,-79.53494482023926,173362986037805,,,,https://www.mapletoyota.com/privacy-policy.html,New,4445,,61584 CAD,Free,
JTDACAAJ6T3053491,JTDACAAJ6T3053491,26-1881-new,Toyota,Crown Signia,Limited,2026,AUTOMATIC,SUV,HYBRID,AWD,2026 Toyota Crown Signia Limited. New 2026 Toyota Crown Signia for sale in Maple. Financing available.,"[{url:'https://imagescdn.d2cmedia.ca/cb0cfc27f511d557ddb40185f476d8e40f/4445/14312063/1/Toyota-Crown Signia-2026.jpg'},{url:'https://imagescdn.d2cmedia.ca/s80cfc27f511d557ddb40185f476d8e40f/4445/14312063/1/Toyota-Crown_Signia-2026.jpg'},{url:'https://imagescdn.d2cmedia.ca/cb0cfc27f511d557ddb40185f476d8e40f/4445/14312063/1/Toyota-Crown_Signia-2026.jpg'},{url:'https://imagescdn.d2cmedia.ca/cb0cfc27f511d557ddb40185f476d8e40f/4445/14312063/2/Toyota-Crown_Signia-2026.jpg'},{url:'https://imagescdn.d2cmedia.ca/cb0cfc27f511d557ddb40185f476d8e40f/4445/14312063/3/Toyota-Crown_Signia-2026.jpg'},{url:'https://imagescdn.d2cmedia.ca/cb0cfc27f511d557ddb40185f476d8e40f/4445/14312063/4/Toyota-Crown_Signia-2026.jpg'},{url:'https://imagescdn.d2cmedia.ca/cb0cfc27f511d557ddb40185f476d8e40f/4445/14312063/5/Toyota-Crown_Signia-2026.jpg'},{url:'https://imagescdn.d2cmedia.ca/cb0cfc27f511d557ddb40185f476d8e40f/4445/14312063/6/Toyota-Crown_Signia-2026.jpg'},{url:'https://imagescdn.d2cmedia.ca/cb0cfc27f511d557ddb40185f476d8e40f/4445/14312063/7/Toyota-Crown_Signia-2026.jpg'},{url:'https://imagescdn.d2cmedia.ca/cb0cfc27f511d557ddb40185f476d8e40f/4445/14312063/8/Toyota-Crown_Signia-2026.jpg'}]",0,KM,https://www.mapletoyota.com/new/inventory/2026-Toyota-Crown_Signia-id14312063.html,2026 Toyota Crown Signia Limited at Maple Toyota,61584 CAD,New,Black,,4445,Maple Toyota,+1-905 417-9100,"{addr1: ' 88 Auto Vaughan Drive', city: 'Maple', region: 'Ontario', postal_code: 'L6A 4A1', country: 'CA'}",43.836376294666834,-79.53494482023926,173362986037805,,,,https://www.mapletoyota.com/privacy-policy.html,New,4445,,61584 CAD,Free,
5TDAAAB52TS153299,5TDAAAB52TS153299,26-2124-new,Toyota,Grand Highlander,Limited,2026,AUTOMATIC,SUV,GASOLINE,AWD,2026 Toyota Grand Highlander Limited. New 2026 Toyota Grand Highlander for sale in Maple. Financing available.,"[{url:'https://imagescdn.d2cmedia.ca/cb8f75a5f2bf5dd85acde6c0bede6c1f04/4445/14421018/1/Toyota-Grand Highlander-2026.jpg'},{url:'https://imagescdn.d2cmedia.ca/s88f75a5f2bf5dd85acde6c0bede6c1f04/4445/14421018/1/Toyota-Grand_Highlander-2026.jpg'},{url:'https://imagescdn.d2cmedia.ca/cb8f75a5f2bf5dd85acde6c0bede6c1f04/4445/14421018/1/Toyota-Grand_Highlander-2026.jpg'},{url:'https://imagescdn.d2cmedia.ca/cb8f75a5f2bf5dd85acde6c0bede6c1f04/4445/14421018/2/Toyota-Grand_Highlander-2026.jpg'},{url:'https://imagescdn.d2cmedia.ca/cb8f75a5f2bf5dd85acde6c0bede6c1f04/4445/14421018/3/Toyota-Grand_Highlander-2026.jpg'},{url:'https://imagescdn.d2cmedia.ca/cb8f75a5f2bf5dd85acde6c0bede6c1f04/4445/14421018/4/Toyota-Grand_Highlander-2026.jpg'},{url:'https://imagescdn.d2cmedia.ca/cb8f75a5f2bf5dd85acde6c0bede6c1f04/4445/14421018/5/Toyota-Grand_Highlander-2026.jpg'},{url:'https://imagescdn.d2cmedia.ca/cb8f75a5f2bf5dd85acde6c0bede6c1f04/4445/14421018/6/Toyota-Grand_Highlander-2026.jpg'},{url:'https://imagescdn.d2cmedia.ca/cb8f75a5f2bf5dd85acde6c0bede6c1f04/4445/14421018/7/Toyota-Grand_Highlander-2026.jpg'},{url:'https://imagescdn.d2cmedia.ca/cb8f75a5f2bf5dd85acde6c0bede6c1f04/4445/14421018/8/Toyota-Grand_Highlander-2026.jpg'}]",0,KM,https://www.mapletoyota.com/new/inventory/2026-Toyota-Grand_Highlander-id14421018.html,2026 Toyota Grand Highlander Limited at Maple Toyota,62299 CAD,New,Blue,,4445,Maple Toyota,+1-905 417-9100,"{addr1: ' 88 Auto Vaughan Drive', city: 'Maple', region: 'Ontario', postal_code: 'L6A 4A1', country: 'CA'}",43.836376294666834,-79.53494482023926,173362986037805,,,,https://www.mapletoyota.com/privacy-policy.html,New,4445,,62299 CAD,Free,
JTMBGAHB4TY600364,JTMBGAHB4TY600364,26-1011-new,Toyota,bZ Woodland,Woodlands,2026,AUTOMATIC,SUV,ELECTRIC,AWD,2026 Toyota bZ Woodland Woodlands. New 2026 Toyota bZ Woodland for sale in Maple. Financing available.,"[{url:'https://imagescdn.d2cmedia.ca/cb8d84fff99a539d0ba1af490c840c6f55/4445/13846047/1/Toyota-bZ Woodland-2026.jpg'},{url:'https://imagescdn.d2cmedia.ca/s88d84fff99a539d0ba1af490c840c6f55/4445/13846047/1/Toyota-bZ_Woodland-2026.jpg'},{url:'https://imagescdn.d2cmedia.ca/cb8d84fff99a539d0ba1af490c840c6f55/4445/13846047/1/Toyota-bZ_Woodland-2026.jpg'},{url:'https://imagescdn.d2cmedia.ca/cb8d84fff99a539d0ba1af490c840c6f55/4445/13846047/2/Toyota-bZ_Woodland-2026.jpg'},{url:'https://imagescdn.d2cmedia.ca/cb8d84fff99a539d0ba1af490c840c6f55/4445/13846047/3/Toyota-bZ_Woodland-2026.jpg'},{url:'https://imagescdn.d2cmedia.ca/cb8d84fff99a539d0ba1af490c840c6f55/4445/13846047/4/Toyota-bZ_Woodland-2026.jpg'},{url:'https://imagescdn.d2cmedia.ca/cb8d84fff99a539d0ba1af490c840c6f55/4445/13846047/5/Toyota-bZ_Woodland-2026.jpg'},{url:'https://imagescdn.d2cmedia.ca/cb8d84fff99a539d0ba1af490c840c6f55/4445/13846047/6/Toyota-bZ_Woodland-2026.jpg'},{url:'https://imagescdn.d2cmedia.ca/cb8d84fff99a539d0ba1af490c840c6f55/4445/13846047/7/Toyota-bZ_Woodland-2026.jpg'},{url:'https://imagescdn.d2cmedia.ca/cb8d84fff99a539d0ba1af490c840c6f55/4445/13846047/8/Toyota-bZ_Woodland-2026.jpg'}]",5,KM,https://www.mapletoyota.com/new/inventory/2026-Toyota-bZ_Woodland-id13846047.html,2026 Toyota bZ Woodland Woodlands at Maple Toyota,62929 CAD,New,Trueno Blue,Ea20,4445,Maple Toyota,+1-905 417-9100,"{addr1: ' 88 Auto Vaughan Drive', city: 'Maple', region: 'Ontario', postal_code: 'L6A 4A1', country: 'CA'}",43.836376294666834,-79.53494482023926,173362986037805,,,,https://www.mapletoyota.com/privacy-policy.html,New,4445,,62929 CAD,Free,
3TYLB5JN9TT146773,3TYLB5JN9TT146773,26-2027-new,Toyota,Tacoma,,2026,AUTOMATIC,TRUCK,GASOLINE,FOUR_WHEEL_DRIVE,2026 Toyota Tacoma. New 2026 Toyota Tacoma for sale in Maple. Financing available.,"[{url:'https://imagescdn.d2cmedia.ca/cb16bac6d6547e20a16f3ddcb582f12533/4445/14342321/1/Toyota-Tacoma-2026.jpg'},{url:'https://imagescdn.d2cmedia.ca/s816bac6d6547e20a16f3ddcb582f12533/4445/14342321/1/Toyota-Tacoma-2026.jpg'},{url:'https://imagescdn.d2cmedia.ca/cb16bac6d6547e20a16f3ddcb582f12533/4445/14342321/2/Toyota-Tacoma-2026.jpg'},{url:'https://imagescdn.d2cmedia.ca/cb16bac6d6547e20a16f3ddcb582f12533/4445/14342321/3/Toyota-Tacoma-2026.jpg'},{url:'https://imagescdn.d2cmedia.ca/cb16bac6d6547e20a16f3ddcb582f12533/4445/14342321/4/Toyota-Tacoma-2026.jpg'},{url:'https://imagescdn.d2cmedia.ca/cb16bac6d6547e20a16f3ddcb582f12533/4445/14342321/5/Toyota-Tacoma-2026.jpg'},{url:'https://imagescdn.d2cmedia.ca/cb16bac6d6547e20a16f3ddcb582f12533/4445/14342321/6/Toyota-Tacoma-2026.jpg'},{url:'https://imagescdn.d2cmedia.ca/cb16bac6d6547e20a16f3ddcb582f12533/4445/14342321/7/Toyota-Tacoma-2026.jpg'},{url:'https://imagescdn.d2cmedia.ca/cb16bac6d6547e20a16f3ddcb582f12533/4445/14342321/8/Toyota-Tacoma-2026.jpg'},{url:'https://imagescdn.d2cmedia.ca/cb16bac6d6547e20a16f3ddcb582f12533/4445/14342321/9/Toyota-Tacoma-2026.jpg'}]",0,KM,https://www.mapletoyota.com/new/inventory/2026-Toyota-Tacoma-id14342321.html,2026 Toyota Tacoma at Maple Toyota,64806 CAD,New,White,,4445,Maple Toyota,+1-905 417-9100,"{addr1: ' 88 Auto Vaughan Drive', city: 'Maple', region: 'Ontario', postal_code: 'L6A 4A1', country: 'CA'}",43.836376294666834,-79.53494482023926,173362986037805,,,,https://www.mapletoyota.com/privacy-policy.html,New,4445,,64806 CAD,Free,
3TYLC5LN9TT067968,3TYLC5LN9TT067968,26-1280-new,Toyota,Tacoma,Hybrid,2026,AUTOMATIC,TRUCK,HYBRID,FOUR_WHEEL_DRIVE,2026 Toyota Tacoma Hybrid. New 2026 Toyota Tacoma for sale in Maple. Financing available.,"[{url:'https://carimages.d2cmedia.ca/newcarimages/en/cb6ac8c972d07fd/Toyota/Tacoma Hybrid/2026/1200/481045-SHlicmlk/black/front45.png'},{url:'https://carimages.d2cmedia.ca/newcarimages/en/cb6ac8c972d07fd/Toyota/Tacoma Hybrid/2026/1280/481045/black/front_45_degree.png'},{url:'https://carimages.d2cmedia.ca/newcarimages/en/cb6ac8c972d07fd/Toyota/Tacoma Hybrid/2026/2100/481045/black/front_45_degree.png'},{url:'https://carimages.d2cmedia.ca/newcarimages/en/cb6ac8c972d07fd/Toyota/Tacoma Hybrid/2026/2100/481045/black/profile.png'},{url:'https://carimages.d2cmedia.ca/newcarimages/en/cb6ac8c972d07fd/Toyota/Tacoma Hybrid/2026/2100/481045/black/back_45_degree.png'},{url:'https://carimages.d2cmedia.ca/newcarimages/en/cb6ac8c972d07fd/Toyota/Tacoma Hybrid/2026/2100/481045/black/driver_dashboard.png'},{url:'https://carimages.d2cmedia.ca/newcarimages/en/cb6ac8c972d07fd/Toyota/Tacoma Hybrid/2026/2100/481045/black/full_dashboard.png'},{url:'https://carimages.d2cmedia.ca/newcarimages/en/cb6ac8c972d07fd/Toyota/Tacoma Hybrid/2026/2100/481045/black/interior_driver_open_seat.png'},{url:'https://carimages.d2cmedia.ca/newcarimages/en/cb6ac8c972d07fd/Toyota/Tacoma Hybrid/2026/2100/481045/black/interior_driver_stereo.png'},{url:'https://carimages.d2cmedia.ca/newcarimages/en/cb6ac8c972d07fd/Toyota/Tacoma Hybrid/2026/2100/481045/black/interior_driver_reat_seats.png'}]",0,KM,https://www.mapletoyota.com/new/inventory/2026-Toyota-Tacoma-id13943472.html,2026 Toyota Tacoma Hybrid at Maple Toyota,67372 CAD,New,Underground,,4445,Maple Toyota,+1-905 417-9100,"{addr1: ' 88 Auto Vaughan Drive', city: 'Maple', region: 'Ontario', postal_code: 'L6A 4A1', country: 'CA'}",43.836376294666834,-79.53494482023926,173362986037805,,,,https://www.mapletoyota.com/privacy-policy.html,New,4445,,67372 CAD,Free,
3TYLC5LN7TT072036,3TYLC5LN7TT072036,26-1297-new,Toyota,Tacoma,Hybrid,2026,AUTOMATIC,TRUCK,HYBRID,FOUR_WHEEL_DRIVE,2026 Toyota Tacoma Hybrid. New 2026 Toyota Tacoma for sale in Maple. Financing available.,"[{url:'https://carimages.d2cmedia.ca/newcarimages/en/cb6ac8c972d07fd/Toyota/Tacoma Hybrid/2026/1200/481045-SHlicmlk/white/front45.png'},{url:'https://carimages.d2cmedia.ca/newcarimages/en/cb6ac8c972d07fd/Toyota/Tacoma Hybrid/2026/1280/481045/white/front_45_degree.png'},{url:'https://carimages.d2cmedia.ca/newcarimages/en/cb6ac8c972d07fd/Toyota/Tacoma Hybrid/2026/2100/481045/white/front_45_degree.png'},{url:'https://carimages.d2cmedia.ca/newcarimages/en/cb6ac8c972d07fd/Toyota/Tacoma Hybrid/2026/2100/481045/white/profile.png'},{url:'https://carimages.d2cmedia.ca/newcarimages/en/cb6ac8c972d07fd/Toyota/Tacoma Hybrid/2026/2100/481045/white/back_45_degree.png'},{url:'https://carimages.d2cmedia.ca/newcarimages/en/cb6ac8c972d07fd/Toyota/Tacoma Hybrid/2026/2100/481045/white/driver_dashboard.png'},{url:'https://carimages.d2cmedia.ca/newcarimages/en/cb6ac8c972d07fd/Toyota/Tacoma Hybrid/2026/2100/481045/white/full_dashboard.png'},{url:'https://carimages.d2cmedia.ca/newcarimages/en/cb6ac8c972d07fd/Toyota/Tacoma Hybrid/2026/2100/481045/white/interior_driver_open_seat.png'},{url:'https://carimages.d2cmedia.ca/newcarimages/en/cb6ac8c972d07fd/Toyota/Tacoma Hybrid/2026/2100/481045/white/interior_driver_stereo.png'},{url:'https://carimages.d2cmedia.ca/newcarimages/en/cb6ac8c972d07fd/Toyota/Tacoma Hybrid/2026/2100/481045/white/interior_driver_reat_seats.png'}]",0,KM,https://www.mapletoyota.com/new/inventory/2026-Toyota-Tacoma-id13943473.html,2026 Toyota Tacoma Hybrid at Maple Toyota,87384 CAD,New,White,,4445,Maple Toyota,+1-905 417-9100,"{addr1: ' 88 Auto Vaughan Drive', city: 'Maple', region: 'Ontario', postal_code: 'L6A 4A1', country: 'CA'}",43.836376294666834,-79.53494482023926,173362986037805,,,,https://www.mapletoyota.com/privacy-policy.html,New,4445,,87384 CAD,Free,
3TYLC5LN8TT072224,3TYLC5LN8TT072224,26-1400-new,Toyota,Tacoma,Hybrid,2026,AUTOMATIC,TRUCK,HYBRID,FOUR_WHEEL_DRIVE,2026 Toyota Tacoma Hybrid. New 2026 Toyota Tacoma for sale in Maple. Financing available.,"[{url:'https://carimages.d2cmedia.ca/newcarimages/en/cb6ac8c972d07fd/Toyota/Tacoma Hybrid/2026/1200/481045-SHlicmlk/black/front45.png'},{url:'https://carimages.d2cmedia.ca/newcarimages/en/cb6ac8c972d07fd/Toyota/Tacoma Hybrid/2026/1280/481045/black/front_45_degree.png'},{url:'https://carimages.d2cmedia.ca/newcarimages/en/cb6ac8c972d07fd/Toyota/Tacoma Hybrid/2026/2100/481045/black/front_45_degree.png'},{url:'https://carimages.d2cmedia.ca/newcarimages/en/cb6ac8c972d07fd/Toyota/Tacoma Hybrid/2026/2100/481045/black/profile.png'},{url:'https://carimages.d2cmedia.ca/newcarimages/en/cb6ac8c972d07fd/Toyota/Tacoma Hybrid/2026/2100/481045/black/back_45_degree.png'},{url:'https://carimages.d2cmedia.ca/newcarimages/en/cb6ac8c972d07fd/Toyota/Tacoma Hybrid/2026/2100/481045/black/driver_dashboard.png'},{url:'https://carimages.d2cmedia.ca/newcarimages/en/cb6ac8c972d07fd/Toyota/Tacoma Hybrid/2026/2100/481045/black/full_dashboard.png'},{url:'https://carimages.d2cmedia.ca/newcarimages/en/cb6ac8c972d07fd/Toyota/Tacoma Hybrid/2026/2100/481045/black/interior_driver_open_seat.png'},{url:'https://carimages.d2cmedia.ca/newcarimages/en/cb6ac8c972d07fd/Toyota/Tacoma Hybrid/2026/2100/481045/black/interior_driver_stereo.png'},{url:'https://carimages.d2cmedia.ca/newcarimages/en/cb6ac8c972d07fd/Toyota/Tacoma Hybrid/2026/2100/481045/black/interior_driver_reat_seats.png'}]",0,KM,https://www.mapletoyota.com/new/inventory/2026-Toyota-Tacoma-id13943476.html,2026 Toyota Tacoma Hybrid at Maple Toyota,88356 CAD,New,Underground,Ec60,4445,Maple Toyota,+1-905 417-9100,"{addr1: ' 88 Auto Vaughan Drive', city: 'Maple', region: 'Ontario', postal_code: 'L6A 4A1', country: 'CA'}",43.836376294666834,-79.53494482023926,173362986037805,,,,https://www.mapletoyota.com/privacy-policy.html,New,4445,,88356 CAD,Free,
3TYLC5LN9TT057991,3TYLC5LN9TT057991,26-0567-new,Toyota,Tacoma,Hybrid,2026,AUTOMATIC,TRUCK,HYBRID,FOUR_WHEEL_DRIVE,2026 Toyota Tacoma Hybrid. New 2026 Toyota Tacoma for sale in Maple. Financing available.,"[{url:'https://carimages.d2cmedia.ca/newcarimages/en/cb6ac8c972d07fd/Toyota/Tacoma Hybrid/2026/1200/481045-SHlicmlk/white/front45.png'},{url:'https://carimages.d2cmedia.ca/newcarimages/en/cb6ac8c972d07fd/Toyota/Tacoma Hybrid/2026/1280/481045/white/front_45_degree.png'},{url:'https://carimages.d2cmedia.ca/newcarimages/en/cb6ac8c972d07fd/Toyota/Tacoma Hybrid/2026/2100/481045/white/front_45_degree.png'},{url:'https://carimages.d2cmedia.ca/newcarimages/en/cb6ac8c972d07fd/Toyota/Tacoma Hybrid/2026/2100/481045/white/profile.png'},{url:'https://carimages.d2cmedia.ca/newcarimages/en/cb6ac8c972d07fd/Toyota/Tacoma Hybrid/2026/2100/481045/white/back_45_degree.png'},{url:'https://carimages.d2cmedia.ca/newcarimages/en/cb6ac8c972d07fd/Toyota/Tacoma Hybrid/2026/2100/481045/white/driver_dashboard.png'},{url:'https://carimages.d2cmedia.ca/newcarimages/en/cb6ac8c972d07fd/Toyota/Tacoma Hybrid/2026/2100/481045/white/full_dashboard.png'},{url:'https://carimages.d2cmedia.ca/newcarimages/en/cb6ac8c972d07fd/Toyota/Tacoma Hybrid/2026/2100/481045/white/interior_driver_open_seat.png'},{url:'https://carimages.d2cmedia.ca/newcarimages/en/cb6ac8c972d07fd/Toyota/Tacoma Hybrid/2026/2100/481045/white/interior_driver_stereo.png'},{url:'https://carimages.d2cmedia.ca/newcarimages/en/cb6ac8c972d07fd/Toyota/Tacoma Hybrid/2026/2100/481045/white/interior_driver_reat_seats.png'}]",0,KM,https://www.mapletoyota.com/new/inventory/2026-Toyota-Tacoma-id14073944.html,2026 Toyota Tacoma Hybrid at Maple Toyota,88356 CAD,New,White,,4445,Maple Toyota,+1-905 417-9100,"{addr1: ' 88 Auto Vaughan Drive', city: 'Maple', region: 'Ontario', postal_code: 'L6A 4A1', country: 'CA'}",43.836376294666834,-79.53494482023926,173362986037805,,,,https://www.mapletoyota.com/privacy-policy.html,New,4445,,88356 CAD,Free,
JTDACAAJ8T3054142,JTDACAAJ8T3054142,26-2083-new,Toyota,Crown Signia,Limited,2026,AUTOMATIC,SUV,HYBRID,AWD,2026 Toyota Crown Signia Limited. New 2026 Toyota Crown Signia for sale in Maple. Financing available.,"[{url:'https://imagescdn.d2cmedia.ca/cb83407fef9d92a7d6f0c61d2b011b1643/4445/14400229/1/Toyota-Crown Signia-2026.jpg'},{url:'https://imagescdn.d2cmedia.ca/s883407fef9d92a7d6f0c61d2b011b1643/4445/14400229/1/Toyota-Crown_Signia-2026.jpg'},{url:'https://imagescdn.d2cmedia.ca/cb83407fef9d92a7d6f0c61d2b011b1643/4445/14400229/1/Toyota-Crown_Signia-2026.jpg'},{url:'https://imagescdn.d2cmedia.ca/cb83407fef9d92a7d6f0c61d2b011b1643/4445/14400229/2/Toyota-Crown_Signia-2026.jpg'},{url:'https://imagescdn.d2cmedia.ca/cb83407fef9d92a7d6f0c61d2b011b1643/4445/14400229/3/Toyota-Crown_Signia-2026.jpg'},{url:'https://imagescdn.d2cmedia.ca/cb83407fef9d92a7d6f0c61d2b011b1643/4445/14400229/4/Toyota-Crown_Signia-2026.jpg'},{url:'https://imagescdn.d2cmedia.ca/cb83407fef9d92a7d6f0c61d2b011b1643/4445/14400229/5/Toyota-Crown_Signia-2026.jpg'},{url:'https://imagescdn.d2cmedia.ca/cb83407fef9d92a7d6f0c61d2b011b1643/4445/14400229/6/Toyota-Crown_Signia-2026.jpg'},{url:'https://imagescdn.d2cmedia.ca/cb83407fef9d92a7d6f0c61d2b011b1643/4445/14400229/7/Toyota-Crown_Signia-2026.jpg'},{url:'https://imagescdn.d2cmedia.ca/cb83407fef9d92a7d6f0c61d2b011b1643/4445/14400229/8/Toyota-Crown_Signia-2026.jpg'}]",0,KM,https://www.mapletoyota.com/new/inventory/2026-Toyota-Crown_Signia-id14400229.html,2026 Toyota Crown Signia Limited at Maple Toyota,63659 CAD,New,Storm Cloud,La40,4445,Maple Toyota,+1-905 417-9100,"{addr1: ' 88 Auto Vaughan Drive', city: 'Maple', region: 'Ontario', postal_code: 'L6A 4A1', country: 'CA'}",43.836376294666834,-79.53494482023926,173362986037805,,,,https://www.mapletoyota.com/privacy-policy.html,New,4445,,63659 CAD,Free,
JTMBGAHB3TY606415,JTMBGAHB3TY606415,26-1502-new,Toyota,bZ Woodland,,2026,AUTOMATIC,SUV,ELECTRIC,AWD,2026 Toyota bZ Woodland. New 2026 Toyota bZ Woodland for sale in Maple. Financing available.,"[{url:'https://imagescdn.d2cmedia.ca/cbcb771e5f2fa3f45c3ed5318b652cf2b4/4445/13960178/1/Toyota-bZ Woodland-2026.jpg'},{url:'https://imagescdn.d2cmedia.ca/s8cb771e5f2fa3f45c3ed5318b652cf2b4/4445/13960178/1/Toyota-bZ_Woodland-2026.jpg'},{url:'https://imagescdn.d2cmedia.ca/cbcb771e5f2fa3f45c3ed5318b652cf2b4/4445/13960178/1/Toyota-bZ_Woodland-2026.jpg'},{url:'https://imagescdn.d2cmedia.ca/cbcb771e5f2fa3f45c3ed5318b652cf2b4/4445/13960178/2/Toyota-bZ_Woodland-2026.jpg'},{url:'https://imagescdn.d2cmedia.ca/cbcb771e5f2fa3f45c3ed5318b652cf2b4/4445/13960178/3/Toyota-bZ_Woodland-2026.jpg'},{url:'https://imagescdn.d2cmedia.ca/cbcb771e5f2fa3f45c3ed5318b652cf2b4/4445/13960178/4/Toyota-bZ_Woodland-2026.jpg'},{url:'https://imagescdn.d2cmedia.ca/cbcb771e5f2fa3f45c3ed5318b652cf2b4/4445/13960178/5/Toyota-bZ_Woodland-2026.jpg'},{url:'https://imagescdn.d2cmedia.ca/cbcb771e5f2fa3f45c3ed5318b652cf2b4/4445/13960178/6/Toyota-bZ_Woodland-2026.jpg'},{url:'https://imagescdn.d2cmedia.ca/cbcb771e5f2fa3f45c3ed5318b652cf2b4/4445/13960178/7/Toyota-bZ_Woodland-2026.jpg'},{url:'https://imagescdn.d2cmedia.ca/cbcb771e5f2fa3f45c3ed5318b652cf2b4/4445/13960178/8/Toyota-bZ_Woodland-2026.jpg'}]",10,KM,https://www.mapletoyota.com/new/inventory/2026-Toyota-bZ_Woodland-id13960178.html,2026 Toyota bZ Woodland at Maple Toyota,62929 CAD,New,Trueno Blue,Ea20,4445,Maple Toyota,+1-905 417-9100,"{addr1: ' 88 Auto Vaughan Drive', city: 'Maple', region: 'Ontario', postal_code: 'L6A 4A1', country: 'CA'}",43.836376294666834,-79.53494482023926,173362986037805,,,,https://www.mapletoyota.com/privacy-policy.html,New,4445,,62929 CAD,Free,
JTMBGAHB9TY609559,JTMBGAHB9TY609559,26-1528-new,Toyota,bZ Woodland,,2026,AUTOMATIC,SUV,ELECTRIC,AWD,2026 Toyota bZ Woodland. New 2026 Toyota bZ Woodland for sale in Maple. Financing available.,"[{url:'https://imagescdn.d2cmedia.ca/cbe5989392b2f9a5aa66e5eb6c37dc540a/4445/14173450/1/Toyota-bZ Woodland-2026.jpg'},{url:'https://imagescdn.d2cmedia.ca/s8e5989392b2f9a5aa66e5eb6c37dc540a/4445/14173450/1/Toyota-bZ_Woodland-2026.jpg'},{url:'https://imagescdn.d2cmedia.ca/cbe5989392b2f9a5aa66e5eb6c37dc540a/4445/14173450/1/Toyota-bZ_Woodland-2026.jpg'},{url:'https://imagescdn.d2cmedia.ca/cbe5989392b2f9a5aa66e5eb6c37dc540a/4445/14173450/2/Toyota-bZ_Woodland-2026.jpg'},{url:'https://imagescdn.d2cmedia.ca/cbe5989392b2f9a5aa66e5eb6c37dc540a/4445/14173450/3/Toyota-bZ_Woodland-2026.jpg'},{url:'https://imagescdn.d2cmedia.ca/cbe5989392b2f9a5aa66e5eb6c37dc540a/4445/14173450/4/Toyota-bZ_Woodland-2026.jpg'},{url:'https://imagescdn.d2cmedia.ca/cbe5989392b2f9a5aa66e5eb6c37dc540a/4445/14173450/5/Toyota-bZ_Woodland-2026.jpg'},{url:'https://imagescdn.d2cmedia.ca/cbe5989392b2f9a5aa66e5eb6c37dc540a/4445/14173450/6/Toyota-bZ_Woodland-2026.jpg'},{url:'https://imagescdn.d2cmedia.ca/cbe5989392b2f9a5aa66e5eb6c37dc540a/4445/14173450/7/Toyota-bZ_Woodland-2026.jpg'},{url:'https://imagescdn.d2cmedia.ca/cbe5989392b2f9a5aa66e5eb6c37dc540a/4445/14173450/8/Toyota-bZ_Woodland-2026.jpg'}]",0,KM,https://www.mapletoyota.com/new/inventory/2026-Toyota-bZ_Woodland-id14173450.html,2026 Toyota bZ Woodland at Maple Toyota,62929 CAD,New,Raven,,4445,Maple Toyota,+1-905 417-9100,"{addr1: ' 88 Auto Vaughan Drive', city: 'Maple', region: 'Ontario', postal_code: 'L6A 4A1', country: 'CA'}",43.836376294666834,-79.53494482023926,173362986037805,,,,https://www.mapletoyota.com/privacy-policy.html,New,4445,,62929 CAD,Free,
JTMBGAHB4TY611820,JTMBGAHB4TY611820,26-1664-new,Toyota,bZ Woodland,,2026,AUTOMATIC,SUV,ELECTRIC,AWD,2026 Toyota bZ Woodland. New 2026 Toyota bZ Woodland for sale in Maple. Financing available.,"[{url:'https://imagescdn.d2cmedia.ca/cb349707fb3cf596d6a8cb9f7d50a42e50/4445/14262805/1/Toyota-bZ Woodland-2026.jpg'},{url:'https://imagescdn.d2cmedia.ca/s8349707fb3cf596d6a8cb9f7d50a42e50/4445/14262805/1/Toyota-bZ_Woodland-2026.jpg'},{url:'https://imagescdn.d2cmedia.ca/cb349707fb3cf596d6a8cb9f7d50a42e50/4445/14262805/1/Toyota-bZ_Woodland-2026.jpg'},{url:'https://imagescdn.d2cmedia.ca/cb349707fb3cf596d6a8cb9f7d50a42e50/4445/14262805/2/Toyota-bZ_Woodland-2026.jpg'},{url:'https://imagescdn.d2cmedia.ca/cb349707fb3cf596d6a8cb9f7d50a42e50/4445/14262805/3/Toyota-bZ_Woodland-2026.jpg'},{url:'https://imagescdn.d2cmedia.ca/cb349707fb3cf596d6a8cb9f7d50a42e50/4445/14262805/4/Toyota-bZ_Woodland-2026.jpg'},{url:'https://imagescdn.d2cmedia.ca/cb349707fb3cf596d6a8cb9f7d50a42e50/4445/14262805/5/Toyota-bZ_Woodland-2026.jpg'},{url:'https://imagescdn.d2cmedia.ca/cb349707fb3cf596d6a8cb9f7d50a42e50/4445/14262805/6/Toyota-bZ_Woodland-2026.jpg'},{url:'https://imagescdn.d2cmedia.ca/cb349707fb3cf596d6a8cb9f7d50a42e50/4445/14262805/7/Toyota-bZ_Woodland-2026.jpg'},{url:'https://imagescdn.d2cmedia.ca/cb349707fb3cf596d6a8cb9f7d50a42e50/4445/14262805/8/Toyota-bZ_Woodland-2026.jpg'}]",0,KM,https://www.mapletoyota.com/new/inventory/2026-Toyota-bZ_Woodland-id14262805.html,2026 Toyota bZ Woodland at Maple Toyota,62929 CAD,New,Steel,,4445,Maple Toyota,+1-905 417-9100,"{addr1: ' 88 Auto Vaughan Drive', city: 'Maple', region: 'Ontario', postal_code: 'L6A 4A1', country: 'CA'}",43.836376294666834,-79.53494482023926,173362986037805,,,,https://www.mapletoyota.com/privacy-policy.html,New,4445,,62929 CAD,Free,
JTMBGAHB4TY617939,JTMBGAHB4TY617939,26-2193-new,Toyota,bZ Woodland,,2026,AUTOMATIC,SUV,ELECTRIC,AWD,2026 Toyota bZ Woodland. New 2026 Toyota bZ Woodland for sale in Maple. Financing available.,"[{url:'https://imagescdn.d2cmedia.ca/cb806721bf7fb5503bf47111d1be383470/4445/14449647/1/Toyota-bZ Woodland-2026.jpg'},{url:'https://imagescdn.d2cmedia.ca/s8806721bf7fb5503bf47111d1be383470/4445/14449647/1/Toyota-bZ_Woodland-2026.jpg'},{url:'https://imagescdn.d2cmedia.ca/cb806721bf7fb5503bf47111d1be383470/4445/14449647/1/Toyota-bZ_Woodland-2026.jpg'},{url:'https://imagescdn.d2cmedia.ca/cb806721bf7fb5503bf47111d1be383470/4445/14449647/2/Toyota-bZ_Woodland-2026.jpg'},{url:'https://imagescdn.d2cmedia.ca/cb806721bf7fb5503bf47111d1be383470/4445/14449647/3/Toyota-bZ_Woodland-2026.jpg'},{url:'https://imagescdn.d2cmedia.ca/cb806721bf7fb5503bf47111d1be383470/4445/14449647/4/Toyota-bZ_Woodland-2026.jpg'},{url:'https://imagescdn.d2cmedia.ca/cb806721bf7fb5503bf47111d1be383470/4445/14449647/5/Toyota-bZ_Woodland-2026.jpg'},{url:'https://imagescdn.d2cmedia.ca/cb806721bf7fb5503bf47111d1be383470/4445/14449647/6/Toyota-bZ_Woodland-2026.jpg'},{url:'https://imagescdn.d2cmedia.ca/cb806721bf7fb5503bf47111d1be383470/4445/14449647/7/Toyota-bZ_Woodland-2026.jpg'},{url:'https://imagescdn.d2cmedia.ca/cb806721bf7fb5503bf47111d1be383470/4445/14449647/8/Toyota-bZ_Woodland-2026.jpg'}]",0,KM,https://www.mapletoyota.com/new/inventory/2026-Toyota-bZ_Woodland-id14449647.html,2026 Toyota bZ Woodland at Maple Toyota,62929 CAD,New,Trueno Blue,,4445,Maple Toyota,+1-905 417-9100,"{addr1: ' 88 Auto Vaughan Drive', city: 'Maple', region: 'Ontario', postal_code: 'L6A 4A1', country: 'CA'}",43.836376294666834,-79.53494482023926,173362986037805,,,,https://www.mapletoyota.com/privacy-policy.html,New,4445,,62929 CAD,Free,
JTMBGAHB9TY604846,JTMBGAHB9TY604846,26-1298-new,Toyota,bZ Woodland,,2026,AUTOMATIC,SUV,ELECTRIC,AWD,2026 Toyota bZ Woodland. New 2026 Toyota bZ Woodland for sale in Maple. Financing available.,"[{url:'https://imagescdn.d2cmedia.ca/cb179660c731cd668fcf5caa8b0c00fe31/4445/13960179/1/Toyota-bZ Woodland-2026.jpg'},{url:'https://imagescdn.d2cmedia.ca/s8179660c731cd668fcf5caa8b0c00fe31/4445/13960179/1/Toyota-bZ_Woodland-2026.jpg'},{url:'https://imagescdn.d2cmedia.ca/cb179660c731cd668fcf5caa8b0c00fe31/4445/13960179/1/Toyota-bZ_Woodland-2026.jpg'},{url:'https://imagescdn.d2cmedia.ca/cb179660c731cd668fcf5caa8b0c00fe31/4445/13960179/2/Toyota-bZ_Woodland-2026.jpg'},{url:'https://imagescdn.d2cmedia.ca/cb179660c731cd668fcf5caa8b0c00fe31/4445/13960179/3/Toyota-bZ_Woodland-2026.jpg'},{url:'https://imagescdn.d2cmedia.ca/cb179660c731cd668fcf5caa8b0c00fe31/4445/13960179/4/Toyota-bZ_Woodland-2026.jpg'},{url:'https://imagescdn.d2cmedia.ca/cb179660c731cd668fcf5caa8b0c00fe31/4445/13960179/5/Toyota-bZ_Woodland-2026.jpg'},{url:'https://imagescdn.d2cmedia.ca/cb179660c731cd668fcf5caa8b0c00fe31/4445/13960179/6/Toyota-bZ_Woodland-2026.jpg'},{url:'https://imagescdn.d2cmedia.ca/cb179660c731cd668fcf5caa8b0c00fe31/4445/13960179/7/Toyota-bZ_Woodland-2026.jpg'},{url:'https://imagescdn.d2cmedia.ca/cb179660c731cd668fcf5caa8b0c00fe31/4445/13960179/8/Toyota-bZ_Woodland-2026.jpg'}]",11,KM,https://www.mapletoyota.com/new/inventory/2026-Toyota-bZ_Woodland-id13960179.html,2026 Toyota bZ Woodland at Maple Toyota,63279 CAD,New,Halo,,4445,Maple Toyota,+1-905 417-9100,"{addr1: ' 88 Auto Vaughan Drive', city: 'Maple', region: 'Ontario', postal_code: 'L6A 4A1', country: 'CA'}",43.836376294666834,-79.53494482023926,173362986037805,,,,https://www.mapletoyota.com/privacy-policy.html,New,4445,,63279 CAD,Free,
JTMBGAHB6TY618476,JTMBGAHB6TY618476,26-2183-new,Toyota,bZ Woodland,Premium Package,2026,AUTOMATIC,SUV,ELECTRIC,AWD,2026 Toyota bZ Woodland Premium Package. New 2026 Toyota bZ Woodland for sale in Maple. Financing available.,"[{url:'https://imagescdn.d2cmedia.ca/cb9c193686050ecd35a6d4c3c2d620dd70/4445/14449649/1/Toyota-bZ Woodland-2026.jpg'},{url:'https://imagescdn.d2cmedia.ca/s89c193686050ecd35a6d4c3c2d620dd70/4445/14449649/1/Toyota-bZ_Woodland-2026.jpg'},{url:'https://imagescdn.d2cmedia.ca/cb9c193686050ecd35a6d4c3c2d620dd70/4445/14449649/1/Toyota-bZ_Woodland-2026.jpg'},{url:'https://imagescdn.d2cmedia.ca/cb9c193686050ecd35a6d4c3c2d620dd70/4445/14449649/2/Toyota-bZ_Woodland-2026.jpg'},{url:'https://imagescdn.d2cmedia.ca/cb9c193686050ecd35a6d4c3c2d620dd70/4445/14449649/3/Toyota-bZ_Woodland-2026.jpg'},{url:'https://imagescdn.d2cmedia.ca/cb9c193686050ecd35a6d4c3c2d620dd70/4445/14449649/4/Toyota-bZ_Woodland-2026.jpg'},{url:'https://imagescdn.d2cmedia.ca/cb9c193686050ecd35a6d4c3c2d620dd70/4445/14449649/5/Toyota-bZ_Woodland-2026.jpg'},{url:'https://imagescdn.d2cmedia.ca/cb9c193686050ecd35a6d4c3c2d620dd70/4445/14449649/6/Toyota-bZ_Woodland-2026.jpg'},{url:'https://imagescdn.d2cmedia.ca/cb9c193686050ecd35a6d4c3c2d620dd70/4445/14449649/7/Toyota-bZ_Woodland-2026.jpg'},{url:'https://imagescdn.d2cmedia.ca/cb9c193686050ecd35a6d4c3c2d620dd70/4445/14449649/8/Toyota-bZ_Woodland-2026.jpg'}]",0,KM,https://www.mapletoyota.com/new/inventory/2026-Toyota-bZ_Woodland-id14449649.html,2026 Toyota bZ Woodland Premium Package at Maple Toyota,67929 CAD,New,Raven,Ea20,4445,Maple Toyota,+1-905 417-9100,"{addr1: ' 88 Auto Vaughan Drive', city: 'Maple', region: 'Ontario', postal_code: 'L6A 4A1', country: 'CA'}",43.836376294666834,-79.53494482023926,173362986037805,,,,https://www.mapletoyota.com/privacy-policy.html,New,4445,,67929 CAD,Free,
5TFLA5DAXTX433850,5TFLA5DAXTX433850,26-1759-new,Toyota,Tundra,,2026,AUTOMATIC,TRUCK,GASOLINE,FOUR_WHEEL_DRIVE,2026 Toyota Tundra. New 2026 Toyota Tundra for sale in Maple. Financing available.,"[{url:'https://imagescdn.d2cmedia.ca/cbac65f8a1787e35e7847c6df53cf547a2/4445/14173447/1/Toyota-Tundra-2026.jpg'},{url:'https://imagescdn.d2cmedia.ca/s8ac65f8a1787e35e7847c6df53cf547a2/4445/14173447/1/Toyota-Tundra-2026.jpg'},{url:'https://imagescdn.d2cmedia.ca/cbac65f8a1787e35e7847c6df53cf547a2/4445/14173447/2/Toyota-Tundra-2026.jpg'},{url:'https://imagescdn.d2cmedia.ca/cbac65f8a1787e35e7847c6df53cf547a2/4445/14173447/3/Toyota-Tundra-2026.jpg'},{url:'https://imagescdn.d2cmedia.ca/cbac65f8a1787e35e7847c6df53cf547a2/4445/14173447/4/Toyota-Tundra-2026.jpg'},{url:'https://imagescdn.d2cmedia.ca/cbac65f8a1787e35e7847c6df53cf547a2/4445/14173447/5/Toyota-Tundra-2026.jpg'},{url:'https://imagescdn.d2cmedia.ca/cbac65f8a1787e35e7847c6df53cf547a2/4445/14173447/6/Toyota-Tundra-2026.jpg'},{url:'https://imagescdn.d2cmedia.ca/cbac65f8a1787e35e7847c6df53cf547a2/4445/14173447/7/Toyota-Tundra-2026.jpg'},{url:'https://imagescdn.d2cmedia.ca/cbac65f8a1787e35e7847c6df53cf547a2/4445/14173447/8/Toyota-Tundra-2026.jpg'},{url:'https://imagescdn.d2cmedia.ca/cbac65f8a1787e35e7847c6df53cf547a2/4445/14173447/9/Toyota-Tundra-2026.jpg'}]",0,KM,https://www.mapletoyota.com/new/inventory/2026-Toyota-Tundra-id14173447.html,2026 Toyota Tundra at Maple Toyota,63845 CAD,New,White,Fb21,4445,Maple Toyota,+1-905 417-9100,"{addr1: ' 88 Auto Vaughan Drive', city: 'Maple', region: 'Ontario', postal_code: 'L6A 4A1', country: 'CA'}",43.836376294666834,-79.53494482023926,173362986037805,,,,https://www.mapletoyota.com/privacy-policy.html,New,4445,,63845 CAD,Free,
5TFLA5EC9TX062597,5TFLA5EC9TX062597,26-2064-new,Toyota,Tundra,,2026,AUTOMATIC,TRUCK,GASOLINE,FOUR_WHEEL_DRIVE,2026 Toyota Tundra. New 2026 Toyota Tundra for sale in Maple. Financing available.,"[{url:'https://imagescdn.d2cmedia.ca/cb93188103693e494e010032e87335b143/4445/14366649/1/Toyota-Tundra-2026.jpg'},{url:'https://imagescdn.d2cmedia.ca/s893188103693e494e010032e87335b143/4445/14366649/1/Toyota-Tundra-2026.jpg'},{url:'https://imagescdn.d2cmedia.ca/cb93188103693e494e010032e87335b143/4445/14366649/2/Toyota-Tundra-2026.jpg'},{url:'https://imagescdn.d2cmedia.ca/cb93188103693e494e010032e87335b143/4445/14366649/3/Toyota-Tundra-2026.jpg'},{url:'https://imagescdn.d2cmedia.ca/cb93188103693e494e010032e87335b143/4445/14366649/4/Toyota-Tundra-2026.jpg'},{url:'https://imagescdn.d2cmedia.ca/cb93188103693e494e010032e87335b143/4445/14366649/5/Toyota-Tundra-2026.jpg'},{url:'https://imagescdn.d2cmedia.ca/cb93188103693e494e010032e87335b143/4445/14366649/6/Toyota-Tundra-2026.jpg'},{url:'https://imagescdn.d2cmedia.ca/cb93188103693e494e010032e87335b143/4445/14366649/7/Toyota-Tundra-2026.jpg'},{url:'https://imagescdn.d2cmedia.ca/cb93188103693e494e010032e87335b143/4445/14366649/8/Toyota-Tundra-2026.jpg'},{url:'https://imagescdn.d2cmedia.ca/cb93188103693e494e010032e87335b143/4445/14366649/9/Toyota-Tundra-2026.jpg'}]",0,KM,https://www.mapletoyota.com/new/inventory/2026-Toyota-Tundra-id14366649.html,2026 Toyota Tundra at Maple Toyota,67984 CAD,New,Magnetic Grey,Fb21,4445,Maple Toyota,+1-905 417-9100,"{addr1: ' 88 Auto Vaughan Drive', city: 'Maple', region: 'Ontario', postal_code: 'L6A 4A1', country: 'CA'}",43.836376294666834,-79.53494482023926,173362986037805,,,,https://www.mapletoyota.com/privacy-policy.html,New,4445,,67984 CAD,Free,
5TFLA5EC9TX060039,5TFLA5EC9TX060039,26-1636-new,Toyota,Tundra,,2026,AUTOMATIC,TRUCK,GASOLINE,FOUR_WHEEL_DRIVE,2026 Toyota Tundra. New 2026 Toyota Tundra for sale in Maple. Financing available.,"[{url:'https://carimages.d2cmedia.ca/newcarimages/en/cb6ac8c972d07fd/Toyota/Tundra/2026/1200/478516-U1I1/X4D4D4D/front45.png'},{url:'https://carimages.d2cmedia.ca/newcarimages/en/cb6ac8c972d07fd/Toyota/Tundra/2026/1280/478516/X4d4d4d/front_45_degree.png'},{url:'https://carimages.d2cmedia.ca/newcarimages/en/cb6ac8c972d07fd/Toyota/Tundra/2026/2100/478516/X4d4d4d/front_45_degree.png'},{url:'https://carimages.d2cmedia.ca/newcarimages/en/cb6ac8c972d07fd/Toyota/Tundra/2026/2100/478516/X4d4d4d/profile.png'},{url:'https://carimages.d2cmedia.ca/newcarimages/en/cb6ac8c972d07fd/Toyota/Tundra/2026/2100/478516/X4d4d4d/back_45_degree.png'},{url:'https://carimages.d2cmedia.ca/newcarimages/en/cb6ac8c972d07fd/Toyota/Tundra/2026/2100/478516/X4d4d4d/driver_dashboard.png'},{url:'https://carimages.d2cmedia.ca/newcarimages/en/cb6ac8c972d07fd/Toyota/Tundra/2026/2100/478516/X4d4d4d/full_dashboard.png'},{url:'https://carimages.d2cmedia.ca/newcarimages/en/cb6ac8c972d07fd/Toyota/Tundra/2026/2100/478516/X4d4d4d/interior_driver_open_seat.png'},{url:'https://carimages.d2cmedia.ca/newcarimages/en/cb6ac8c972d07fd/Toyota/Tundra/2026/2100/478516/X4d4d4d/interior_driver_stereo.png'},{url:'https://carimages.d2cmedia.ca/newcarimages/en/cb6ac8c972d07fd/Toyota/Tundra/2026/2100/478516/X4d4d4d/interior_driver_reat_seats.png'}]",59,KM,https://www.mapletoyota.com/new/inventory/2026-Toyota-Tundra-id14497713.html,2026 Toyota Tundra at Maple Toyota,67984 CAD,New,Magnetic Grey,,4445,Maple Toyota,+1-905 417-9100,"{addr1: ' 88 Auto Vaughan Drive', city: 'Maple', region: 'Ontario', postal_code: 'L6A 4A1', country: 'CA'}",43.836376294666834,-79.53494482023926,173362986037805,,,,https://www.mapletoyota.com/privacy-policy.html,New,4445,,67984 CAD,Free,
5TFLA5DA9TX367226,5TFLA5DA9TX367226,26-0429-new,Toyota,Tundra,TRD Off Road,2026,AUTOMATIC,TRUCK,GASOLINE,FOUR_WHEEL_DRIVE,2026 Toyota Tundra TRD Off Road. New 2026 Toyota Tundra for sale in Maple. Financing available.,"[{url:'https://imagescdn.d2cmedia.ca/cbf2022bfedb0ae284a3707ed458664d7d/4445/13323330/1/Toyota-Tundra-2026.jpg'},{url:'https://imagescdn.d2cmedia.ca/s8f2022bfedb0ae284a3707ed458664d7d/4445/13323330/1/Toyota-Tundra-2026.jpg'},{url:'https://imagescdn.d2cmedia.ca/cbf2022bfedb0ae284a3707ed458664d7d/4445/13323330/2/Toyota-Tundra-2026.jpg'},{url:'https://imagescdn.d2cmedia.ca/cbf2022bfedb0ae284a3707ed458664d7d/4445/13323330/3/Toyota-Tundra-2026.jpg'},{url:'https://imagescdn.d2cmedia.ca/cbf2022bfedb0ae284a3707ed458664d7d/4445/13323330/4/Toyota-Tundra-2026.jpg'},{url:'https://imagescdn.d2cmedia.ca/cbf2022bfedb0ae284a3707ed458664d7d/4445/13323330/5/Toyota-Tundra-2026.jpg'},{url:'https://imagescdn.d2cmedia.ca/cbf2022bfedb0ae284a3707ed458664d7d/4445/13323330/6/Toyota-Tundra-2026.jpg'},{url:'https://imagescdn.d2cmedia.ca/cbf2022bfedb0ae284a3707ed458664d7d/4445/13323330/7/Toyota-Tundra-2026.jpg'},{url:'https://imagescdn.d2cmedia.ca/cbf2022bfedb0ae284a3707ed458664d7d/4445/13323330/8/Toyota-Tundra-2026.jpg'},{url:'https://imagescdn.d2cmedia.ca/cbf2022bfedb0ae284a3707ed458664d7d/4445/13323330/9/Toyota-Tundra-2026.jpg'}]",17,KM,https://www.mapletoyota.com/new/inventory/2026-Toyota-Tundra-id13323330.html,2026 Toyota Tundra TRD Off Road at Maple Toyota,68130 CAD,New,Lunar Rock,,4445,Maple Toyota,+1-905 417-9100,"{addr1: ' 88 Auto Vaughan Drive', city: 'Maple', region: 'Ontario', postal_code: 'L6A 4A1', country: 'CA'}",43.836376294666834,-79.53494482023926,173362986037805,,,,https://www.mapletoyota.com/privacy-policy.html,New,4445,,68130 CAD,Free,
5TFLA5DB9TX382849,5TFLA5DB9TX382849,26-0568-new,Toyota,Tundra,,2026,AUTOMATIC,TRUCK,GASOLINE,FOUR_WHEEL_DRIVE,2026 Toyota Tundra. New 2026 Toyota Tundra for sale in Maple. Financing available.,"[{url:'https://imagescdn.d2cmedia.ca/cbe6d0b8c6722fcf0155a1636abdd23064/4445/13470181/1/Toyota-Tundra-2026.jpg'},{url:'https://imagescdn.d2cmedia.ca/s8e6d0b8c6722fcf0155a1636abdd23064/4445/13470181/1/Toyota-Tundra-2026.jpg'},{url:'https://imagescdn.d2cmedia.ca/cbe6d0b8c6722fcf0155a1636abdd23064/4445/13470181/2/Toyota-Tundra-2026.jpg'},{url:'https://imagescdn.d2cmedia.ca/cbe6d0b8c6722fcf0155a1636abdd23064/4445/13470181/3/Toyota-Tundra-2026.jpg'},{url:'https://imagescdn.d2cmedia.ca/cbe6d0b8c6722fcf0155a1636abdd23064/4445/13470181/4/Toyota-Tundra-2026.jpg'},{url:'https://imagescdn.d2cmedia.ca/cbe6d0b8c6722fcf0155a1636abdd23064/4445/13470181/5/Toyota-Tundra-2026.jpg'},{url:'https://imagescdn.d2cmedia.ca/cbe6d0b8c6722fcf0155a1636abdd23064/4445/13470181/6/Toyota-Tundra-2026.jpg'},{url:'https://imagescdn.d2cmedia.ca/cbe6d0b8c6722fcf0155a1636abdd23064/4445/13470181/7/Toyota-Tundra-2026.jpg'},{url:'https://imagescdn.d2cmedia.ca/cbe6d0b8c6722fcf0155a1636abdd23064/4445/13470181/8/Toyota-Tundra-2026.jpg'},{url:'https://imagescdn.d2cmedia.ca/cbe6d0b8c6722fcf0155a1636abdd23064/4445/13470181/9/Toyota-Tundra-2026.jpg'}]",0,KM,https://www.mapletoyota.com/new/inventory/2026-Toyota-Tundra-id13470181.html,2026 Toyota Tundra at Maple Toyota,68145 CAD,New,White,Fd12,4445,Maple Toyota,+1-905 417-9100,"{addr1: ' 88 Auto Vaughan Drive', city: 'Maple', region: 'Ontario', postal_code: 'L6A 4A1', country: 'CA'}",43.836376294666834,-79.53494482023926,173362986037805,,,,https://www.mapletoyota.com/privacy-policy.html,New,4445,,68145 CAD,Free,
5TFWA5DB9TX417953,5TFWA5DB9TX417953,26-1391-new,Toyota,Tundra,Limited,2026,AUTOMATIC,TRUCK,GASOLINE,FOUR_WHEEL_DRIVE,2026 Toyota Tundra Limited. New 2026 Toyota Tundra for sale in Maple. Financing available.,"[{url:'https://imagescdn.d2cmedia.ca/cb87b7e4b1df254d5a10c08e900cd28591/4445/13943474/1/Toyota-Tundra-2026.jpg'},{url:'https://imagescdn.d2cmedia.ca/s887b7e4b1df254d5a10c08e900cd28591/4445/13943474/1/Toyota-Tundra-2026.jpg'},{url:'https://imagescdn.d2cmedia.ca/cb87b7e4b1df254d5a10c08e900cd28591/4445/13943474/2/Toyota-Tundra-2026.jpg'},{url:'https://imagescdn.d2cmedia.ca/cb87b7e4b1df254d5a10c08e900cd28591/4445/13943474/3/Toyota-Tundra-2026.jpg'},{url:'https://imagescdn.d2cmedia.ca/cb87b7e4b1df254d5a10c08e900cd28591/4445/13943474/4/Toyota-Tundra-2026.jpg'},{url:'https://imagescdn.d2cmedia.ca/cb87b7e4b1df254d5a10c08e900cd28591/4445/13943474/5/Toyota-Tundra-2026.jpg'},{url:'https://imagescdn.d2cmedia.ca/cb87b7e4b1df254d5a10c08e900cd28591/4445/13943474/6/Toyota-Tundra-2026.jpg'},{url:'https://imagescdn.d2cmedia.ca/cb87b7e4b1df254d5a10c08e900cd28591/4445/13943474/7/Toyota-Tundra-2026.jpg'},{url:'https://imagescdn.d2cmedia.ca/cb87b7e4b1df254d5a10c08e900cd28591/4445/13943474/8/Toyota-Tundra-2026.jpg'},{url:'https://imagescdn.d2cmedia.ca/cb87b7e4b1df254d5a10c08e900cd28591/4445/13943474/9/Toyota-Tundra-2026.jpg'}]",0,KM,https://www.mapletoyota.com/new/inventory/2026-Toyota-Tundra-id13943474.html,2026 Toyota Tundra Limited at Maple Toyota,75449 CAD,New,Magnetic Grey,,4445,Maple Toyota,+1-905 417-9100,"{addr1: ' 88 Auto Vaughan Drive', city: 'Maple', region: 'Ontario', postal_code: 'L6A 4A1', country: 'CA'}",43.836376294666834,-79.53494482023926,173362986037805,,,,https://www.mapletoyota.com/privacy-policy.html,New,4445,,75449 CAD,Free,
5TFWA5DBXTX420800,5TFWA5DBXTX420800,26-1471-new,Toyota,Tundra,Limited,2026,AUTOMATIC,TRUCK,GASOLINE,FOUR_WHEEL_DRIVE,2026 Toyota Tundra Limited. New 2026 Toyota Tundra for sale in Maple. Financing available.,"[{url:'https://imagescdn.d2cmedia.ca/cbdd6d4c98c6a1420c89ddc7cadaa6493c/4445/13992144/1/Toyota-Tundra-2026.jpg'},{url:'https://imagescdn.d2cmedia.ca/s8dd6d4c98c6a1420c89ddc7cadaa6493c/4445/13992144/1/Toyota-Tundra-2026.jpg'},{url:'https://imagescdn.d2cmedia.ca/cbdd6d4c98c6a1420c89ddc7cadaa6493c/4445/13992144/2/Toyota-Tundra-2026.jpg'},{url:'https://imagescdn.d2cmedia.ca/cbdd6d4c98c6a1420c89ddc7cadaa6493c/4445/13992144/3/Toyota-Tundra-2026.jpg'},{url:'https://imagescdn.d2cmedia.ca/cbdd6d4c98c6a1420c89ddc7cadaa6493c/4445/13992144/4/Toyota-Tundra-2026.jpg'},{url:'https://imagescdn.d2cmedia.ca/cbdd6d4c98c6a1420c89ddc7cadaa6493c/4445/13992144/5/Toyota-Tundra-2026.jpg'},{url:'https://imagescdn.d2cmedia.ca/cbdd6d4c98c6a1420c89ddc7cadaa6493c/4445/13992144/6/Toyota-Tundra-2026.jpg'},{url:'https://imagescdn.d2cmedia.ca/cbdd6d4c98c6a1420c89ddc7cadaa6493c/4445/13992144/7/Toyota-Tundra-2026.jpg'},{url:'https://imagescdn.d2cmedia.ca/cbdd6d4c98c6a1420c89ddc7cadaa6493c/4445/13992144/8/Toyota-Tundra-2026.jpg'},{url:'https://imagescdn.d2cmedia.ca/cbdd6d4c98c6a1420c89ddc7cadaa6493c/4445/13992144/9/Toyota-Tundra-2026.jpg'}]",0,KM,https://www.mapletoyota.com/new/inventory/2026-Toyota-Tundra-id13992144.html,2026 Toyota Tundra Limited at Maple Toyota,75449 CAD,New,Silver,,4445,Maple Toyota,+1-905 417-9100,"{addr1: ' 88 Auto Vaughan Drive', city: 'Maple', region: 'Ontario', postal_code: 'L6A 4A1', country: 'CA'}",43.836376294666834,-79.53494482023926,173362986037805,,,,https://www.mapletoyota.com/privacy-policy.html,New,4445,,75449 CAD,Free,
5TFWA5DB2TX424470,5TFWA5DB2TX424470,26-1631-new,Toyota,Tundra,Limited,2026,AUTOMATIC,TRUCK,GASOLINE,FOUR_WHEEL_DRIVE,2026 Toyota Tundra Limited. New 2026 Toyota Tundra for sale in Maple. Financing available.,"[{url:'https://imagescdn.d2cmedia.ca/cb5fb1cf73af93f5ed5c74210faef47a73/4445/14073948/1/Toyota-Tundra-2026.jpg'},{url:'https://imagescdn.d2cmedia.ca/s85fb1cf73af93f5ed5c74210faef47a73/4445/14073948/1/Toyota-Tundra-2026.jpg'},{url:'https://imagescdn.d2cmedia.ca/cb5fb1cf73af93f5ed5c74210faef47a73/4445/14073948/2/Toyota-Tundra-2026.jpg'},{url:'https://imagescdn.d2cmedia.ca/cb5fb1cf73af93f5ed5c74210faef47a73/4445/14073948/3/Toyota-Tundra-2026.jpg'},{url:'https://imagescdn.d2cmedia.ca/cb5fb1cf73af93f5ed5c74210faef47a73/4445/14073948/4/Toyota-Tundra-2026.jpg'},{url:'https://imagescdn.d2cmedia.ca/cb5fb1cf73af93f5ed5c74210faef47a73/4445/14073948/5/Toyota-Tundra-2026.jpg'},{url:'https://imagescdn.d2cmedia.ca/cb5fb1cf73af93f5ed5c74210faef47a73/4445/14073948/6/Toyota-Tundra-2026.jpg'},{url:'https://imagescdn.d2cmedia.ca/cb5fb1cf73af93f5ed5c74210faef47a73/4445/14073948/7/Toyota-Tundra-2026.jpg'},{url:'https://imagescdn.d2cmedia.ca/cb5fb1cf73af93f5ed5c74210faef47a73/4445/14073948/8/Toyota-Tundra-2026.jpg'},{url:'https://imagescdn.d2cmedia.ca/cb5fb1cf73af93f5ed5c74210faef47a73/4445/14073948/9/Toyota-Tundra-2026.jpg'}]",0,KM,https://www.mapletoyota.com/new/inventory/2026-Toyota-Tundra-id14073948.html,2026 Toyota Tundra Limited at Maple Toyota,75449 CAD,New,Magnetic Grey,Ld21,4445,Maple Toyota,+1-905 417-9100,"{addr1: ' 88 Auto Vaughan Drive', city: 'Maple', region: 'Ontario', postal_code: 'L6A 4A1', country: 'CA'}",43.836376294666834,-79.53494482023926,173362986037805,,,,https://www.mapletoyota.com/privacy-policy.html,New,4445,,75449 CAD,Free,
5TFWA5DB4TX443747,5TFWA5DB4TX443747,26-2044-new,Toyota,Tundra,Limited,2026,AUTOMATIC,TRUCK,GASOLINE,FOUR_WHEEL_DRIVE,2026 Toyota Tundra Limited. New 2026 Toyota Tundra for sale in Maple. Financing available.,"[{url:'https://imagescdn.d2cmedia.ca/cb5f58b09f12bbf67d5aba76d31a9bbc40/4445/14342320/1/Toyota-Tundra-2026.jpg'},{url:'https://imagescdn.d2cmedia.ca/s85f58b09f12bbf67d5aba76d31a9bbc40/4445/14342320/1/Toyota-Tundra-2026.jpg'},{url:'https://imagescdn.d2cmedia.ca/cb5f58b09f12bbf67d5aba76d31a9bbc40/4445/14342320/2/Toyota-Tundra-2026.jpg'},{url:'https://imagescdn.d2cmedia.ca/cb5f58b09f12bbf67d5aba76d31a9bbc40/4445/14342320/3/Toyota-Tundra-2026.jpg'},{url:'https://imagescdn.d2cmedia.ca/cb5f58b09f12bbf67d5aba76d31a9bbc40/4445/14342320/4/Toyota-Tundra-2026.jpg'},{url:'https://imagescdn.d2cmedia.ca/cb5f58b09f12bbf67d5aba76d31a9bbc40/4445/14342320/5/Toyota-Tundra-2026.jpg'},{url:'https://imagescdn.d2cmedia.ca/cb5f58b09f12bbf67d5aba76d31a9bbc40/4445/14342320/6/Toyota-Tundra-2026.jpg'},{url:'https://imagescdn.d2cmedia.ca/cb5f58b09f12bbf67d5aba76d31a9bbc40/4445/14342320/7/Toyota-Tundra-2026.jpg'},{url:'https://imagescdn.d2cmedia.ca/cb5f58b09f12bbf67d5aba76d31a9bbc40/4445/14342320/8/Toyota-Tundra-2026.jpg'},{url:'https://imagescdn.d2cmedia.ca/cb5f58b09f12bbf67d5aba76d31a9bbc40/4445/14342320/9/Toyota-Tundra-2026.jpg'}]",0,KM,https://www.mapletoyota.com/new/inventory/2026-Toyota-Tundra-id14342320.html,2026 Toyota Tundra Limited at Maple Toyota,75449 CAD,New,Silver,,4445,Maple Toyota,+1-905 417-9100,"{addr1: ' 88 Auto Vaughan Drive', city: 'Maple', region: 'Ontario', postal_code: 'L6A 4A1', country: 'CA'}",43.836376294666834,-79.53494482023926,173362986037805,,,,https://www.mapletoyota.com/privacy-policy.html,New,4445,,75449 CAD,Free,
5TFWA5DB1TX398170,5TFWA5DB1TX398170,26-0835-new,Toyota,Tundra,Limited,2026,AUTOMATIC,TRUCK,GASOLINE,FOUR_WHEEL_DRIVE,2026 Toyota Tundra Limited. New 2026 Toyota Tundra for sale in Maple. Financing available.,"[{url:'https://imagescdn.d2cmedia.ca/cb67a2fe30048631664a630cdbee6611f3/4445/13700922/1/Toyota-Tundra-2026.jpg'},{url:'https://imagescdn.d2cmedia.ca/s867a2fe30048631664a630cdbee6611f3/4445/13700922/1/Toyota-Tundra-2026.jpg'},{url:'https://imagescdn.d2cmedia.ca/cb67a2fe30048631664a630cdbee6611f3/4445/13700922/2/Toyota-Tundra-2026.jpg'},{url:'https://imagescdn.d2cmedia.ca/cb67a2fe30048631664a630cdbee6611f3/4445/13700922/3/Toyota-Tundra-2026.jpg'},{url:'https://imagescdn.d2cmedia.ca/cb67a2fe30048631664a630cdbee6611f3/4445/13700922/4/Toyota-Tundra-2026.jpg'},{url:'https://imagescdn.d2cmedia.ca/cb67a2fe30048631664a630cdbee6611f3/4445/13700922/5/Toyota-Tundra-2026.jpg'},{url:'https://imagescdn.d2cmedia.ca/cb67a2fe30048631664a630cdbee6611f3/4445/13700922/6/Toyota-Tundra-2026.jpg'},{url:'https://imagescdn.d2cmedia.ca/cb67a2fe30048631664a630cdbee6611f3/4445/13700922/7/Toyota-Tundra-2026.jpg'},{url:'https://imagescdn.d2cmedia.ca/cb67a2fe30048631664a630cdbee6611f3/4445/13700922/8/Toyota-Tundra-2026.jpg'},{url:'https://imagescdn.d2cmedia.ca/cb67a2fe30048631664a630cdbee6611f3/4445/13700922/9/Toyota-Tundra-2026.jpg'}]",83,KM,https://www.mapletoyota.com/new/inventory/2026-Toyota-Tundra-id13700922.html,2026 Toyota Tundra Limited at Maple Toyota,75799 CAD,New,White,,4445,Maple Toyota,+1-905 417-9100,"{addr1: ' 88 Auto Vaughan Drive', city: 'Maple', region: 'Ontario', postal_code: 'L6A 4A1', country: 'CA'}",43.836376294666834,-79.53494482023926,173362986037805,,,,https://www.mapletoyota.com/privacy-policy.html,New,4445,,75799 CAD,Free,
5TFWA5EC8TX062572,5TFWA5EC8TX062572,26-2062-new,Toyota,Tundra,Limited,2026,AUTOMATIC,TRUCK,GASOLINE,FOUR_WHEEL_DRIVE,2026 Toyota Tundra Limited. New 2026 Toyota Tundra for sale in Maple. Financing available.,"[{url:'https://imagescdn.d2cmedia.ca/cbdaba7b2096d9856cf4d9fbdedfd89a34/4445/14366648/1/Toyota-Tundra-2026.jpg'},{url:'https://imagescdn.d2cmedia.ca/s8daba7b2096d9856cf4d9fbdedfd89a34/4445/14366648/1/Toyota-Tundra-2026.jpg'},{url:'https://imagescdn.d2cmedia.ca/cbdaba7b2096d9856cf4d9fbdedfd89a34/4445/14366648/2/Toyota-Tundra-2026.jpg'},{url:'https://imagescdn.d2cmedia.ca/cbdaba7b2096d9856cf4d9fbdedfd89a34/4445/14366648/3/Toyota-Tundra-2026.jpg'},{url:'https://imagescdn.d2cmedia.ca/cbdaba7b2096d9856cf4d9fbdedfd89a34/4445/14366648/4/Toyota-Tundra-2026.jpg'},{url:'https://imagescdn.d2cmedia.ca/cbdaba7b2096d9856cf4d9fbdedfd89a34/4445/14366648/5/Toyota-Tundra-2026.jpg'},{url:'https://imagescdn.d2cmedia.ca/cbdaba7b2096d9856cf4d9fbdedfd89a34/4445/14366648/6/Toyota-Tundra-2026.jpg'},{url:'https://imagescdn.d2cmedia.ca/cbdaba7b2096d9856cf4d9fbdedfd89a34/4445/14366648/7/Toyota-Tundra-2026.jpg'},{url:'https://imagescdn.d2cmedia.ca/cbdaba7b2096d9856cf4d9fbdedfd89a34/4445/14366648/8/Toyota-Tundra-2026.jpg'},{url:'https://imagescdn.d2cmedia.ca/cbdaba7b2096d9856cf4d9fbdedfd89a34/4445/14366648/9/Toyota-Tundra-2026.jpg'}]",0,KM,https://www.mapletoyota.com/new/inventory/2026-Toyota-Tundra-id14366648.html,2026 Toyota Tundra Limited at Maple Toyota,75809 CAD,New,Magnetic Grey,,4445,Maple Toyota,+1-905 417-9100,"{addr1: ' 88 Auto Vaughan Drive', city: 'Maple', region: 'Ontario', postal_code: 'L6A 4A1', country: 'CA'}",43.836376294666834,-79.53494482023926,173362986037805,,,,https://www.mapletoyota.com/privacy-policy.html,New,4445,,75809 CAD,Free,
5TFWA5EC1TX062431,5TFWA5EC1TX062431,26-2063-new,Toyota,Tundra,Limited,2026,AUTOMATIC,TRUCK,GASOLINE,FOUR_WHEEL_DRIVE,2026 Toyota Tundra Limited. New 2026 Toyota Tundra for sale in Maple. Financing available.,"[{url:'https://imagescdn.d2cmedia.ca/cba7dd57704529622ab3e14327a189be40/4445/14366653/1/Toyota-Tundra-2026.jpg'},{url:'https://imagescdn.d2cmedia.ca/s8a7dd57704529622ab3e14327a189be40/4445/14366653/1/Toyota-Tundra-2026.jpg'},{url:'https://imagescdn.d2cmedia.ca/cba7dd57704529622ab3e14327a189be40/4445/14366653/2/Toyota-Tundra-2026.jpg'},{url:'https://imagescdn.d2cmedia.ca/cba7dd57704529622ab3e14327a189be40/4445/14366653/3/Toyota-Tundra-2026.jpg'},{url:'https://imagescdn.d2cmedia.ca/cba7dd57704529622ab3e14327a189be40/4445/14366653/4/Toyota-Tundra-2026.jpg'},{url:'https://imagescdn.d2cmedia.ca/cba7dd57704529622ab3e14327a189be40/4445/14366653/5/Toyota-Tundra-2026.jpg'},{url:'https://imagescdn.d2cmedia.ca/cba7dd57704529622ab3e14327a189be40/4445/14366653/6/Toyota-Tundra-2026.jpg'},{url:'https://imagescdn.d2cmedia.ca/cba7dd57704529622ab3e14327a189be40/4445/14366653/7/Toyota-Tundra-2026.jpg'},{url:'https://imagescdn.d2cmedia.ca/cba7dd57704529622ab3e14327a189be40/4445/14366653/8/Toyota-Tundra-2026.jpg'},{url:'https://imagescdn.d2cmedia.ca/cba7dd57704529622ab3e14327a189be40/4445/14366653/9/Toyota-Tundra-2026.jpg'}]",0,KM,https://www.mapletoyota.com/new/inventory/2026-Toyota-Tundra-id14366653.html,2026 Toyota Tundra Limited at Maple Toyota,75809 CAD,New,Blue,,4445,Maple Toyota,+1-905 417-9100,"{addr1: ' 88 Auto Vaughan Drive', city: 'Maple', region: 'Ontario', postal_code: 'L6A 4A1', country: 'CA'}",43.836376294666834,-79.53494482023926,173362986037805,,,,https://www.mapletoyota.com/privacy-policy.html,New,4445,,75809 CAD,Free,
5TFWA5DB5TX416766,5TFWA5DB5TX416766,26-1315-new,Toyota,Tundra,Limited,2026,AUTOMATIC,TRUCK,GASOLINE,FOUR_WHEEL_DRIVE,2026 Toyota Tundra Limited. New 2026 Toyota Tundra for sale in Maple. Financing available.,"[{url:'https://imagescdn.d2cmedia.ca/cb67489707eb3d21002e0a23f86acb6d42/4445/13906561/1/Toyota-Tundra-2026.jpg'},{url:'https://imagescdn.d2cmedia.ca/s867489707eb3d21002e0a23f86acb6d42/4445/13906561/1/Toyota-Tundra-2026.jpg'},{url:'https://imagescdn.d2cmedia.ca/cb67489707eb3d21002e0a23f86acb6d42/4445/13906561/2/Toyota-Tundra-2026.jpg'},{url:'https://imagescdn.d2cmedia.ca/cb67489707eb3d21002e0a23f86acb6d42/4445/13906561/3/Toyota-Tundra-2026.jpg'},{url:'https://imagescdn.d2cmedia.ca/cb67489707eb3d21002e0a23f86acb6d42/4445/13906561/4/Toyota-Tundra-2026.jpg'},{url:'https://imagescdn.d2cmedia.ca/cb67489707eb3d21002e0a23f86acb6d42/4445/13906561/5/Toyota-Tundra-2026.jpg'},{url:'https://imagescdn.d2cmedia.ca/cb67489707eb3d21002e0a23f86acb6d42/4445/13906561/6/Toyota-Tundra-2026.jpg'},{url:'https://imagescdn.d2cmedia.ca/cb67489707eb3d21002e0a23f86acb6d42/4445/13906561/7/Toyota-Tundra-2026.jpg'},{url:'https://imagescdn.d2cmedia.ca/cb67489707eb3d21002e0a23f86acb6d42/4445/13906561/8/Toyota-Tundra-2026.jpg'},{url:'https://imagescdn.d2cmedia.ca/cb67489707eb3d21002e0a23f86acb6d42/4445/13906561/9/Toyota-Tundra-2026.jpg'}]",35,KM,https://www.mapletoyota.com/new/inventory/2026-Toyota-Tundra-id13906561.html,2026 Toyota Tundra Limited at Maple Toyota,78647 CAD,New,Blue,,4445,Maple Toyota,+1-905 417-9100,"{addr1: ' 88 Auto Vaughan Drive', city: 'Maple', region: 'Ontario', postal_code: 'L6A 4A1', country: 'CA'}",43.836376294666834,-79.53494482023926,173362986037805,,,,https://www.mapletoyota.com/privacy-policy.html,New,4445,,78647 CAD,Free,
5TFWA5DB8TX414915,5TFWA5DB8TX414915,26-1251-new,Toyota,Tundra,Limited,2026,AUTOMATIC,TRUCK,GASOLINE,FOUR_WHEEL_DRIVE,2026 Toyota Tundra Limited. New 2026 Toyota Tundra for sale in Maple. Financing available.,"[{url:'https://imagescdn.d2cmedia.ca/cb4e79760c33a0a2f635ac2669cb72fb06/4445/13878626/1/Toyota-Tundra-2026.jpg'},{url:'https://imagescdn.d2cmedia.ca/s84e79760c33a0a2f635ac2669cb72fb06/4445/13878626/1/Toyota-Tundra-2026.jpg'},{url:'https://imagescdn.d2cmedia.ca/cb4e79760c33a0a2f635ac2669cb72fb06/4445/13878626/2/Toyota-Tundra-2026.jpg'},{url:'https://imagescdn.d2cmedia.ca/cb4e79760c33a0a2f635ac2669cb72fb06/4445/13878626/3/Toyota-Tundra-2026.jpg'},{url:'https://imagescdn.d2cmedia.ca/cb4e79760c33a0a2f635ac2669cb72fb06/4445/13878626/4/Toyota-Tundra-2026.jpg'},{url:'https://imagescdn.d2cmedia.ca/cb4e79760c33a0a2f635ac2669cb72fb06/4445/13878626/5/Toyota-Tundra-2026.jpg'},{url:'https://imagescdn.d2cmedia.ca/cb4e79760c33a0a2f635ac2669cb72fb06/4445/13878626/6/Toyota-Tundra-2026.jpg'},{url:'https://imagescdn.d2cmedia.ca/cb4e79760c33a0a2f635ac2669cb72fb06/4445/13878626/7/Toyota-Tundra-2026.jpg'},{url:'https://imagescdn.d2cmedia.ca/cb4e79760c33a0a2f635ac2669cb72fb06/4445/13878626/8/Toyota-Tundra-2026.jpg'},{url:'https://imagescdn.d2cmedia.ca/cb4e79760c33a0a2f635ac2669cb72fb06/4445/13878626/9/Toyota-Tundra-2026.jpg'}]",5,KM,https://www.mapletoyota.com/new/inventory/2026-Toyota-Tundra-id13878626.html,2026 Toyota Tundra Limited at Maple Toyota,79619 CAD,New,Blue,,4445,Maple Toyota,+1-905 417-9100,"{addr1: ' 88 Auto Vaughan Drive', city: 'Maple', region: 'Ontario', postal_code: 'L6A 4A1', country: 'CA'}",43.836376294666834,-79.53494482023926,173362986037805,,,,https://www.mapletoyota.com/privacy-policy.html,New,4445,,79619 CAD,Free,
5TFWA5DB0TX442658,5TFWA5DB0TX442658,26-2061-new,Toyota,Tundra,Limited,2026,AUTOMATIC,TRUCK,GASOLINE,FOUR_WHEEL_DRIVE,2026 Toyota Tundra Limited. New 2026 Toyota Tundra for sale in Maple. Financing available.,"[{url:'https://imagescdn.d2cmedia.ca/cba25e600ab2e1812c48ca469e45d41198/4445/14366650/1/Toyota-Tundra-2026.jpg'},{url:'https://imagescdn.d2cmedia.ca/s8a25e600ab2e1812c48ca469e45d41198/4445/14366650/1/Toyota-Tundra-2026.jpg'},{url:'https://imagescdn.d2cmedia.ca/cba25e600ab2e1812c48ca469e45d41198/4445/14366650/2/Toyota-Tundra-2026.jpg'},{url:'https://imagescdn.d2cmedia.ca/cba25e600ab2e1812c48ca469e45d41198/4445/14366650/3/Toyota-Tundra-2026.jpg'},{url:'https://imagescdn.d2cmedia.ca/cba25e600ab2e1812c48ca469e45d41198/4445/14366650/4/Toyota-Tundra-2026.jpg'},{url:'https://imagescdn.d2cmedia.ca/cba25e600ab2e1812c48ca469e45d41198/4445/14366650/5/Toyota-Tundra-2026.jpg'},{url:'https://imagescdn.d2cmedia.ca/cba25e600ab2e1812c48ca469e45d41198/4445/14366650/6/Toyota-Tundra-2026.jpg'},{url:'https://imagescdn.d2cmedia.ca/cba25e600ab2e1812c48ca469e45d41198/4445/14366650/7/Toyota-Tundra-2026.jpg'},{url:'https://imagescdn.d2cmedia.ca/cba25e600ab2e1812c48ca469e45d41198/4445/14366650/8/Toyota-Tundra-2026.jpg'},{url:'https://imagescdn.d2cmedia.ca/cba25e600ab2e1812c48ca469e45d41198/4445/14366650/9/Toyota-Tundra-2026.jpg'}]",0,KM,https://www.mapletoyota.com/new/inventory/2026-Toyota-Tundra-id14366650.html,2026 Toyota Tundra Limited at Maple Toyota,79619 CAD,New,Blue,,4445,Maple Toyota,+1-905 417-9100,"{addr1: ' 88 Auto Vaughan Drive', city: 'Maple', region: 'Ontario', postal_code: 'L6A 4A1', country: 'CA'}",43.836376294666834,-79.53494482023926,173362986037805,,,,https://www.mapletoyota.com/privacy-policy.html,New,4445,,79619 CAD,Free,
5TFNA5DBXTX417004,5TFNA5DBXTX417004,26-1381-new,Toyota,Tundra,Platinum,2026,AUTOMATIC,TRUCK,GASOLINE,FOUR_WHEEL_DRIVE,2026 Toyota Tundra Platinum. New 2026 Toyota Tundra for sale in Maple. Financing available.,"[{url:'https://imagescdn.d2cmedia.ca/cbbcd4d7a21361a73c7028ca6db9e1963a/4445/13930165/1/Toyota-Tundra-2026.jpg'},{url:'https://imagescdn.d2cmedia.ca/s8bcd4d7a21361a73c7028ca6db9e1963a/4445/13930165/1/Toyota-Tundra-2026.jpg'},{url:'https://imagescdn.d2cmedia.ca/cbbcd4d7a21361a73c7028ca6db9e1963a/4445/13930165/2/Toyota-Tundra-2026.jpg'},{url:'https://imagescdn.d2cmedia.ca/cbbcd4d7a21361a73c7028ca6db9e1963a/4445/13930165/3/Toyota-Tundra-2026.jpg'},{url:'https://imagescdn.d2cmedia.ca/cbbcd4d7a21361a73c7028ca6db9e1963a/4445/13930165/4/Toyota-Tundra-2026.jpg'},{url:'https://imagescdn.d2cmedia.ca/cbbcd4d7a21361a73c7028ca6db9e1963a/4445/13930165/5/Toyota-Tundra-2026.jpg'},{url:'https://imagescdn.d2cmedia.ca/cbbcd4d7a21361a73c7028ca6db9e1963a/4445/13930165/6/Toyota-Tundra-2026.jpg'},{url:'https://imagescdn.d2cmedia.ca/cbbcd4d7a21361a73c7028ca6db9e1963a/4445/13930165/7/Toyota-Tundra-2026.jpg'},{url:'https://imagescdn.d2cmedia.ca/cbbcd4d7a21361a73c7028ca6db9e1963a/4445/13930165/8/Toyota-Tundra-2026.jpg'},{url:'https://imagescdn.d2cmedia.ca/cbbcd4d7a21361a73c7028ca6db9e1963a/4445/13930165/9/Toyota-Tundra-2026.jpg'}]",0,KM,https://www.mapletoyota.com/new/inventory/2026-Toyota-Tundra-id13930165.html,2026 Toyota Tundra Platinum at Maple Toyota,85819 CAD,New,Silver,,4445,Maple Toyota,+1-905 417-9100,"{addr1: ' 88 Auto Vaughan Drive', city: 'Maple', region: 'Ontario', postal_code: 'L6A 4A1', country: 'CA'}",43.836376294666834,-79.53494482023926,173362986037805,,,,https://www.mapletoyota.com/privacy-policy.html,New,4445,,85819 CAD,Free,
5TFNA5DB1TX433995,5TFNA5DB1TX433995,26-1780-new,Toyota,Tundra,Platinum,2026,AUTOMATIC,TRUCK,GASOLINE,FOUR_WHEEL_DRIVE,2026 Toyota Tundra Platinum. New 2026 Toyota Tundra for sale in Maple. Financing available.,"[{url:'https://imagescdn.d2cmedia.ca/cbbe3fa3f0caf76fc311def72a79ca4be0/4445/14190327/1/Toyota-Tundra-2026.jpg'},{url:'https://imagescdn.d2cmedia.ca/s8be3fa3f0caf76fc311def72a79ca4be0/4445/14190327/1/Toyota-Tundra-2026.jpg'},{url:'https://imagescdn.d2cmedia.ca/cbbe3fa3f0caf76fc311def72a79ca4be0/4445/14190327/2/Toyota-Tundra-2026.jpg'},{url:'https://imagescdn.d2cmedia.ca/cbbe3fa3f0caf76fc311def72a79ca4be0/4445/14190327/3/Toyota-Tundra-2026.jpg'},{url:'https://imagescdn.d2cmedia.ca/cbbe3fa3f0caf76fc311def72a79ca4be0/4445/14190327/4/Toyota-Tundra-2026.jpg'},{url:'https://imagescdn.d2cmedia.ca/cbbe3fa3f0caf76fc311def72a79ca4be0/4445/14190327/5/Toyota-Tundra-2026.jpg'},{url:'https://imagescdn.d2cmedia.ca/cbbe3fa3f0caf76fc311def72a79ca4be0/4445/14190327/6/Toyota-Tundra-2026.jpg'},{url:'https://imagescdn.d2cmedia.ca/cbbe3fa3f0caf76fc311def72a79ca4be0/4445/14190327/7/Toyota-Tundra-2026.jpg'},{url:'https://imagescdn.d2cmedia.ca/cbbe3fa3f0caf76fc311def72a79ca4be0/4445/14190327/8/Toyota-Tundra-2026.jpg'},{url:'https://imagescdn.d2cmedia.ca/cbbe3fa3f0caf76fc311def72a79ca4be0/4445/14190327/9/Toyota-Tundra-2026.jpg'}]",0,KM,https://www.mapletoyota.com/new/inventory/2026-Toyota-Tundra-id14190327.html,2026 Toyota Tundra Platinum at Maple Toyota,85819 CAD,New,Silver,,4445,Maple Toyota,+1-905 417-9100,"{addr1: ' 88 Auto Vaughan Drive', city: 'Maple', region: 'Ontario', postal_code: 'L6A 4A1', country: 'CA'}",43.836376294666834,-79.53494482023926,173362986037805,,,,https://www.mapletoyota.com/privacy-policy.html,New,4445,,85819 CAD,Free,
5TFNA5DB2TX451647,5TFNA5DB2TX451647,26-2179-new,Toyota,Tundra,Platinum,2026,AUTOMATIC,TRUCK,GASOLINE,FOUR_WHEEL_DRIVE,2026 Toyota Tundra Platinum. New 2026 Toyota Tundra for sale in Maple. Financing available.,"[{url:'https://imagescdn.d2cmedia.ca/cb30b40dcec2e993407a611c08a9260f50/4445/14449652/1/Toyota-Tundra-2026.jpg'},{url:'https://imagescdn.d2cmedia.ca/s830b40dcec2e993407a611c08a9260f50/4445/14449652/1/Toyota-Tundra-2026.jpg'},{url:'https://imagescdn.d2cmedia.ca/cb30b40dcec2e993407a611c08a9260f50/4445/14449652/2/Toyota-Tundra-2026.jpg'},{url:'https://imagescdn.d2cmedia.ca/cb30b40dcec2e993407a611c08a9260f50/4445/14449652/3/Toyota-Tundra-2026.jpg'},{url:'https://imagescdn.d2cmedia.ca/cb30b40dcec2e993407a611c08a9260f50/4445/14449652/4/Toyota-Tundra-2026.jpg'},{url:'https://imagescdn.d2cmedia.ca/cb30b40dcec2e993407a611c08a9260f50/4445/14449652/5/Toyota-Tundra-2026.jpg'},{url:'https://imagescdn.d2cmedia.ca/cb30b40dcec2e993407a611c08a9260f50/4445/14449652/6/Toyota-Tundra-2026.jpg'},{url:'https://imagescdn.d2cmedia.ca/cb30b40dcec2e993407a611c08a9260f50/4445/14449652/7/Toyota-Tundra-2026.jpg'},{url:'https://imagescdn.d2cmedia.ca/cb30b40dcec2e993407a611c08a9260f50/4445/14449652/8/Toyota-Tundra-2026.jpg'},{url:'https://imagescdn.d2cmedia.ca/cb30b40dcec2e993407a611c08a9260f50/4445/14449652/9/Toyota-Tundra-2026.jpg'}]",0,KM,https://www.mapletoyota.com/new/inventory/2026-Toyota-Tundra-id14449652.html,2026 Toyota Tundra Platinum at Maple Toyota,85819 CAD,New,Blue,La21,4445,Maple Toyota,+1-905 417-9100,"{addr1: ' 88 Auto Vaughan Drive', city: 'Maple', region: 'Ontario', postal_code: 'L6A 4A1', country: 'CA'}",43.836376294666834,-79.53494482023926,173362986037805,,,,https://www.mapletoyota.com/privacy-policy.html,New,4445,,85819 CAD,Free,
5TFNC5DB4TX140327,5TFNC5DB4TX140327,26-1284-new,Toyota,Tundra,Platinum Hybrid,2026,AUTOMATIC,TRUCK,HYBRID,FOUR_WHEEL_DRIVE,2026 Toyota Tundra Platinum Hybrid. New 2026 Toyota Tundra for sale in Maple. Financing available.,"[{url:'https://imagescdn.d2cmedia.ca/cbc332b58476c4bf5b91d23a6d160726d3/4445/13891298/1/Toyota-Tundra Hybrid-2026.jpg'},{url:'https://imagescdn.d2cmedia.ca/s8c332b58476c4bf5b91d23a6d160726d3/4445/13891298/1/Toyota-Tundra-2026.jpg'},{url:'https://imagescdn.d2cmedia.ca/cbc332b58476c4bf5b91d23a6d160726d3/4445/13891298/1/Toyota-Tundra-2026.jpg'},{url:'https://imagescdn.d2cmedia.ca/cbc332b58476c4bf5b91d23a6d160726d3/4445/13891298/2/Toyota-Tundra-2026.jpg'},{url:'https://imagescdn.d2cmedia.ca/cbc332b58476c4bf5b91d23a6d160726d3/4445/13891298/3/Toyota-Tundra-2026.jpg'},{url:'https://imagescdn.d2cmedia.ca/cbc332b58476c4bf5b91d23a6d160726d3/4445/13891298/4/Toyota-Tundra-2026.jpg'},{url:'https://imagescdn.d2cmedia.ca/cbc332b58476c4bf5b91d23a6d160726d3/4445/13891298/5/Toyota-Tundra-2026.jpg'},{url:'https://imagescdn.d2cmedia.ca/cbc332b58476c4bf5b91d23a6d160726d3/4445/13891298/6/Toyota-Tundra-2026.jpg'},{url:'https://imagescdn.d2cmedia.ca/cbc332b58476c4bf5b91d23a6d160726d3/4445/13891298/7/Toyota-Tundra-2026.jpg'},{url:'https://imagescdn.d2cmedia.ca/cbc332b58476c4bf5b91d23a6d160726d3/4445/13891298/8/Toyota-Tundra-2026.jpg'}]",0,KM,https://www.mapletoyota.com/new/inventory/2026-Toyota-Tundra-id13891298.html,2026 Toyota Tundra Platinum Hybrid at Maple Toyota,89947 CAD,New,Black,La21,4445,Maple Toyota,+1-905 417-9100,"{addr1: ' 88 Auto Vaughan Drive', city: 'Maple', region: 'Ontario', postal_code: 'L6A 4A1', country: 'CA'}",43.836376294666834,-79.53494482023926,173362986037805,,,,https://www.mapletoyota.com/privacy-policy.html,New,4445,,89947 CAD,Free,
5TFNC5DB8TX141867,5TFNC5DB8TX141867,26-1300-new,Toyota,Tundra,Platinum Hybrid,2026,AUTOMATIC,TRUCK,HYBRID,FOUR_WHEEL_DRIVE,2026 Toyota Tundra Platinum Hybrid. New 2026 Toyota Tundra for sale in Maple. Financing available.,"[{url:'https://imagescdn.d2cmedia.ca/cba9ad8d253015924ef89b2164d227e77f/4445/13992141/1/Toyota-Tundra Hybrid-2026.jpg'},{url:'https://imagescdn.d2cmedia.ca/s8a9ad8d253015924ef89b2164d227e77f/4445/13992141/1/Toyota-Tundra-2026.jpg'},{url:'https://imagescdn.d2cmedia.ca/cba9ad8d253015924ef89b2164d227e77f/4445/13992141/1/Toyota-Tundra-2026.jpg'},{url:'https://imagescdn.d2cmedia.ca/cba9ad8d253015924ef89b2164d227e77f/4445/13992141/2/Toyota-Tundra-2026.jpg'},{url:'https://imagescdn.d2cmedia.ca/cba9ad8d253015924ef89b2164d227e77f/4445/13992141/3/Toyota-Tundra-2026.jpg'},{url:'https://imagescdn.d2cmedia.ca/cba9ad8d253015924ef89b2164d227e77f/4445/13992141/4/Toyota-Tundra-2026.jpg'},{url:'https://imagescdn.d2cmedia.ca/cba9ad8d253015924ef89b2164d227e77f/4445/13992141/5/Toyota-Tundra-2026.jpg'},{url:'https://imagescdn.d2cmedia.ca/cba9ad8d253015924ef89b2164d227e77f/4445/13992141/6/Toyota-Tundra-2026.jpg'},{url:'https://imagescdn.d2cmedia.ca/cba9ad8d253015924ef89b2164d227e77f/4445/13992141/7/Toyota-Tundra-2026.jpg'},{url:'https://imagescdn.d2cmedia.ca/cba9ad8d253015924ef89b2164d227e77f/4445/13992141/8/Toyota-Tundra-2026.jpg'}]",0,KM,https://www.mapletoyota.com/new/inventory/2026-Toyota-Tundra-id13992141.html,2026 Toyota Tundra Platinum Hybrid at Maple Toyota,90919 CAD,New,Magnetic Grey,La21,4445,Maple Toyota,+1-905 417-9100,"{addr1: ' 88 Auto Vaughan Drive', city: 'Maple', region: 'Ontario', postal_code: 'L6A 4A1', country: 'CA'}",43.836376294666834,-79.53494482023926,173362986037805,,,,https://www.mapletoyota.com/privacy-policy.html,New,4445,,90919 CAD,Free,
5TFNC5DB5TX147058,5TFNC5DB5TX147058,26-1874-new,Toyota,Tundra,Platinum Hybrid,2026,AUTOMATIC,TRUCK,HYBRID,FOUR_WHEEL_DRIVE,2026 Toyota Tundra Platinum Hybrid. New 2026 Toyota Tundra for sale in Maple. Financing available.,"[{url:'https://imagescdn.d2cmedia.ca/cbfd596a5f2a94a3ebe5bb0726abc54857/4445/14262806/1/Toyota-Tundra Hybrid-2026.jpg'},{url:'https://imagescdn.d2cmedia.ca/s8fd596a5f2a94a3ebe5bb0726abc54857/4445/14262806/1/Toyota-Tundra-2026.jpg'},{url:'https://imagescdn.d2cmedia.ca/cbfd596a5f2a94a3ebe5bb0726abc54857/4445/14262806/1/Toyota-Tundra-2026.jpg'},{url:'https://imagescdn.d2cmedia.ca/cbfd596a5f2a94a3ebe5bb0726abc54857/4445/14262806/2/Toyota-Tundra-2026.jpg'},{url:'https://imagescdn.d2cmedia.ca/cbfd596a5f2a94a3ebe5bb0726abc54857/4445/14262806/3/Toyota-Tundra-2026.jpg'},{url:'https://imagescdn.d2cmedia.ca/cbfd596a5f2a94a3ebe5bb0726abc54857/4445/14262806/4/Toyota-Tundra-2026.jpg'},{url:'https://imagescdn.d2cmedia.ca/cbfd596a5f2a94a3ebe5bb0726abc54857/4445/14262806/5/Toyota-Tundra-2026.jpg'},{url:'https://imagescdn.d2cmedia.ca/cbfd596a5f2a94a3ebe5bb0726abc54857/4445/14262806/6/Toyota-Tundra-2026.jpg'},{url:'https://imagescdn.d2cmedia.ca/cbfd596a5f2a94a3ebe5bb0726abc54857/4445/14262806/7/Toyota-Tundra-2026.jpg'},{url:'https://imagescdn.d2cmedia.ca/cbfd596a5f2a94a3ebe5bb0726abc54857/4445/14262806/8/Toyota-Tundra-2026.jpg'}]",0,KM,https://www.mapletoyota.com/new/inventory/2026-Toyota-Tundra-id14262806.html,2026 Toyota Tundra Platinum Hybrid at Maple Toyota,90919 CAD,New,Black,,4445,Maple Toyota,+1-905 417-9100,"{addr1: ' 88 Auto Vaughan Drive', city: 'Maple', region: 'Ontario', postal_code: 'L6A 4A1', country: 'CA'}",43.836376294666834,-79.53494482023926,173362986037805,,,,https://www.mapletoyota.com/privacy-policy.html,New,4445,,90919 CAD,Free,
5TFNC5DB5TX141714,5TFNC5DB5TX141714,26-1377-new,Toyota,Tundra,Platinum Hybrid,2026,AUTOMATIC,TRUCK,HYBRID,FOUR_WHEEL_DRIVE,2026 Toyota Tundra Platinum Hybrid. New 2026 Toyota Tundra for sale in Maple. Financing available.,"[{url:'https://imagescdn.d2cmedia.ca/cbf095b6bc696d8afd11dc7721b8419bfe/4445/13986760/1/Toyota-Tundra Hybrid-2026.jpg'},{url:'https://imagescdn.d2cmedia.ca/s8f095b6bc696d8afd11dc7721b8419bfe/4445/13986760/1/Toyota-Tundra-2026.jpg'},{url:'https://imagescdn.d2cmedia.ca/cbf095b6bc696d8afd11dc7721b8419bfe/4445/13986760/1/Toyota-Tundra-2026.jpg'},{url:'https://imagescdn.d2cmedia.ca/cbf095b6bc696d8afd11dc7721b8419bfe/4445/13986760/2/Toyota-Tundra-2026.jpg'},{url:'https://imagescdn.d2cmedia.ca/cbf095b6bc696d8afd11dc7721b8419bfe/4445/13986760/3/Toyota-Tundra-2026.jpg'},{url:'https://imagescdn.d2cmedia.ca/cbf095b6bc696d8afd11dc7721b8419bfe/4445/13986760/4/Toyota-Tundra-2026.jpg'},{url:'https://imagescdn.d2cmedia.ca/cbf095b6bc696d8afd11dc7721b8419bfe/4445/13986760/5/Toyota-Tundra-2026.jpg'},{url:'https://imagescdn.d2cmedia.ca/cbf095b6bc696d8afd11dc7721b8419bfe/4445/13986760/6/Toyota-Tundra-2026.jpg'},{url:'https://imagescdn.d2cmedia.ca/cbf095b6bc696d8afd11dc7721b8419bfe/4445/13986760/7/Toyota-Tundra-2026.jpg'},{url:'https://imagescdn.d2cmedia.ca/cbf095b6bc696d8afd11dc7721b8419bfe/4445/13986760/8/Toyota-Tundra-2026.jpg'}]",0,KM,https://www.mapletoyota.com/new/inventory/2026-Toyota-Tundra-id13986760.html,2026 Toyota Tundra Platinum Hybrid at Maple Toyota,91269 CAD,New,Red,,4445,Maple Toyota,+1-905 417-9100,"{addr1: ' 88 Auto Vaughan Drive', city: 'Maple', region: 'Ontario', postal_code: 'L6A 4A1', country: 'CA'}",43.836376294666834,-79.53494482023926,173362986037805,,,,https://www.mapletoyota.com/privacy-policy.html,New,4445,,91269 CAD,Free,
5TFPC5DB9TX146567,5TFPC5DB9TX146567,26-1858-new,Toyota,Tundra,Limited Hybrid,2026,AUTOMATIC,TRUCK,HYBRID,FOUR_WHEEL_DRIVE,2026 Toyota Tundra Limited Hybrid. New 2026 Toyota Tundra for sale in Maple. Financing available.,"[{url:'https://imagescdn.d2cmedia.ca/cb369dfac0b513099f057eda5d16361640/4445/14312066/1/Toyota-Tundra Hybrid-2026.jpg'},{url:'https://imagescdn.d2cmedia.ca/s8369dfac0b513099f057eda5d16361640/4445/14312066/1/Toyota-Tundra-2026.jpg'},{url:'https://imagescdn.d2cmedia.ca/cb369dfac0b513099f057eda5d16361640/4445/14312066/1/Toyota-Tundra-2026.jpg'},{url:'https://imagescdn.d2cmedia.ca/cb369dfac0b513099f057eda5d16361640/4445/14312066/2/Toyota-Tundra-2026.jpg'},{url:'https://imagescdn.d2cmedia.ca/cb369dfac0b513099f057eda5d16361640/4445/14312066/3/Toyota-Tundra-2026.jpg'},{url:'https://imagescdn.d2cmedia.ca/cb369dfac0b513099f057eda5d16361640/4445/14312066/4/Toyota-Tundra-2026.jpg'},{url:'https://imagescdn.d2cmedia.ca/cb369dfac0b513099f057eda5d16361640/4445/14312066/5/Toyota-Tundra-2026.jpg'},{url:'https://imagescdn.d2cmedia.ca/cb369dfac0b513099f057eda5d16361640/4445/14312066/6/Toyota-Tundra-2026.jpg'},{url:'https://imagescdn.d2cmedia.ca/cb369dfac0b513099f057eda5d16361640/4445/14312066/7/Toyota-Tundra-2026.jpg'},{url:'https://imagescdn.d2cmedia.ca/cb369dfac0b513099f057eda5d16361640/4445/14312066/8/Toyota-Tundra-2026.jpg'}]",0,KM,https://www.mapletoyota.com/new/inventory/2026-Toyota-Tundra-id14312066.html,2026 Toyota Tundra Limited Hybrid at Maple Toyota,92455 CAD,New,White,Eb33,4445,Maple Toyota,+1-905 417-9100,"{addr1: ' 88 Auto Vaughan Drive', city: 'Maple', region: 'Ontario', postal_code: 'L6A 4A1', country: 'CA'}",43.836376294666834,-79.53494482023926,173362986037805,,,,https://www.mapletoyota.com/privacy-policy.html,New,4445,,92455 CAD,Free,
SB1ADADE0TE000872,SB1ADADE0TE000872,26-1441-new,Toyota,GR Corolla,Premium,2026,AUTOMATIC,SUV,GASOLINE,AWD,2026 Toyota GR Corolla Premium. New 2026 Toyota GR Corolla for sale in Maple. Financing available.,"[{url:'https://imagescdn.d2cmedia.ca/cb073a66685d85e042b8f82948fe3df113/4445/14073949/1/Toyota-GR Corolla-2026.jpg'},{url:'https://imagescdn.d2cmedia.ca/s8073a66685d85e042b8f82948fe3df113/4445/14073949/1/Toyota-GR_Corolla-2026.jpg'},{url:'https://imagescdn.d2cmedia.ca/cb073a66685d85e042b8f82948fe3df113/4445/14073949/1/Toyota-GR_Corolla-2026.jpg'},{url:'https://imagescdn.d2cmedia.ca/cb073a66685d85e042b8f82948fe3df113/4445/14073949/2/Toyota-GR_Corolla-2026.jpg'},{url:'https://imagescdn.d2cmedia.ca/cb073a66685d85e042b8f82948fe3df113/4445/14073949/3/Toyota-GR_Corolla-2026.jpg'},{url:'https://imagescdn.d2cmedia.ca/cb073a66685d85e042b8f82948fe3df113/4445/14073949/4/Toyota-GR_Corolla-2026.jpg'},{url:'https://imagescdn.d2cmedia.ca/cb073a66685d85e042b8f82948fe3df113/4445/14073949/5/Toyota-GR_Corolla-2026.jpg'},{url:'https://imagescdn.d2cmedia.ca/cb073a66685d85e042b8f82948fe3df113/4445/14073949/6/Toyota-GR_Corolla-2026.jpg'},{url:'https://imagescdn.d2cmedia.ca/cb073a66685d85e042b8f82948fe3df113/4445/14073949/7/Toyota-GR_Corolla-2026.jpg'},{url:'https://imagescdn.d2cmedia.ca/cb073a66685d85e042b8f82948fe3df113/4445/14073949/8/Toyota-GR_Corolla-2026.jpg'}]",29,KM,https://www.mapletoyota.com/new/inventory/2026-Toyota-GR_Corolla-id14073949.html,2026 Toyota GR Corolla Premium at Maple Toyota,63216 CAD,New,Red,Ea30,4445,Maple Toyota,+1-905 417-9100,"{addr1: ' 88 Auto Vaughan Drive', city: 'Maple', region: 'Ontario', postal_code: 'L6A 4A1', country: 'CA'}",43.836376294666834,-79.53494482023926,173362986037805,,,,https://www.mapletoyota.com/privacy-policy.html,New,4445,,63216 CAD,Free,
JTEABFAJXVK075613,JTEABFAJXVK075613,27-0004-new,Toyota,Land Cruiser,,2027,AUTOMATIC,SUV,HYBRID,FOUR_WHEEL_DRIVE,2027 Toyota Land Cruiser. New 2027 Toyota Land Cruiser for sale in Maple. Financing available.,"[{url:'https://carimages.d2cmedia.ca/newcarimages/en/cb6ac8c972d07fd/Toyota/Land Cruiser/2027/1200/484183/white/front45.png'},{url:'https://carimages.d2cmedia.ca/newcarimages/en/cb6ac8c972d07fd/Toyota/Land Cruiser/2027/1280/484183/white/front_45_degree.png'},{url:'https://carimages.d2cmedia.ca/newcarimages/en/cb6ac8c972d07fd/Toyota/Land Cruiser/2027/2100/484183/white/front_45_degree.png'},{url:'https://carimages.d2cmedia.ca/newcarimages/en/cb6ac8c972d07fd/Toyota/Land Cruiser/2027/2100/484183/white/profile.png'},{url:'https://carimages.d2cmedia.ca/newcarimages/en/cb6ac8c972d07fd/Toyota/Land Cruiser/2027/2100/484183/white/back_45_degree.png'},{url:'https://carimages.d2cmedia.ca/newcarimages/en/cb6ac8c972d07fd/Toyota/Land Cruiser/2027/2100/484183/white/driver_dashboard.png'},{url:'https://carimages.d2cmedia.ca/newcarimages/en/cb6ac8c972d07fd/Toyota/Land Cruiser/2027/2100/484183/white/full_dashboard.png'},{url:'https://carimages.d2cmedia.ca/newcarimages/en/cb6ac8c972d07fd/Toyota/Land Cruiser/2027/2100/484183/white/interior_driver_open_seat.png'},{url:'https://carimages.d2cmedia.ca/newcarimages/en/cb6ac8c972d07fd/Toyota/Land Cruiser/2027/2100/484183/white/interior_driver_stereo.png'},{url:'https://carimages.d2cmedia.ca/newcarimages/en/cb6ac8c972d07fd/Toyota/Land Cruiser/2027/2100/484183/white/interior_driver_reat_seats.png'}]",0,KM,https://www.mapletoyota.com/new/inventory/2027-Toyota-Land_Cruiser-id14312061.html,2027 Toyota Land Cruiser at Maple Toyota,83489 CAD,New,White,,4445,Maple Toyota,+1-905 417-9100,"{addr1: ' 88 Auto Vaughan Drive', city: 'Maple', region: 'Ontario', postal_code: 'L6A 4A1', country: 'CA'}",43.836376294666834,-79.53494482023926,173362986037805,,,,https://www.mapletoyota.com/privacy-policy.html,New,4445,,83489 CAD,Free,
JTDJT923475072789,JTDJT923475072789,26-1757B,Toyota,Yaris,/AS-IS/uncertified - You Certify You Save,2007,AUTOMATIC,SEDAN,GASOLINE,FWD,2007 Toyota Yaris /AS-IS/uncertified - You Certify You Save. Used 2007 Toyota Yaris for sale in Maple. Financing available.,"[{url:'https://imagescdn.d2cmedia.ca/cbcfa287dfbd1527518a28aeb6bb1bacf4/4445/14440030/1/Toyota-Yaris-2007.jpg'},{url:'https://imagescdn.d2cmedia.ca/s8cfa287dfbd1527518a28aeb6bb1bacf4/4445/14440030/1/Toyota-Yaris-2007.jpg'},{url:'https://imagescdn.d2cmedia.ca/cbcfa287dfbd1527518a28aeb6bb1bacf4/4445/14440030/2/Toyota-Yaris-2007.jpg'},{url:'https://imagescdn.d2cmedia.ca/cbcfa287dfbd1527518a28aeb6bb1bacf4/4445/14440030/3/Toyota-Yaris-2007.jpg'},{url:'https://imagescdn.d2cmedia.ca/cbcfa287dfbd1527518a28aeb6bb1bacf4/4445/14440030/4/Toyota-Yaris-2007.jpg'},{url:'https://imagescdn.d2cmedia.ca/cbcfa287dfbd1527518a28aeb6bb1bacf4/4445/14440030/5/Toyota-Yaris-2007.jpg'},{url:'https://imagescdn.d2cmedia.ca/cbcfa287dfbd1527518a28aeb6bb1bacf4/4445/14440030/6/Toyota-Yaris-2007.jpg'},{url:'https://imagescdn.d2cmedia.ca/cbcfa287dfbd1527518a28aeb6bb1bacf4/4445/14440030/7/Toyota-Yaris-2007.jpg'},{url:'https://imagescdn.d2cmedia.ca/cbcfa287dfbd1527518a28aeb6bb1bacf4/4445/14440030/8/Toyota-Yaris-2007.jpg'},{url:'https://imagescdn.d2cmedia.ca/cbcfa287dfbd1527518a28aeb6bb1bacf4/4445/14440030/9/Toyota-Yaris-2007.jpg'}]",383997,KM,https://www.mapletoyota.com/used/2007-Toyota-Yaris-id14440030.html,2007 Toyota Yaris /AS-IS/uncertified - You Certify You Save at Maple Toyota,1798 CAD,Used,Blue,,4445,Maple Toyota,+1-905 417-9100,"{addr1: ' 88 Auto Vaughan Drive', city: 'Maple', region: 'Ontario', postal_code: 'L6A 4A1', country: 'CA'}",43.836376294666834,-79.53494482023926,173362986037805,,,,https://www.mapletoyota.com/privacy-policy.html,Used,4445,,1798 CAD,Free,
3KPFL4A74JE207567,3KPFL4A74JE207567,26-2187A,Kia,Forte,LX /AS-IS/uncertified - You Certify You Save,2018,AUTOMATIC,SEDAN,GASOLINE,FWD,2018 Kia Forte LX /AS-IS/uncertified - You Certify You Save. Used 2018 Kia Forte for sale in Maple. Financing available.,"[{url:'https://imagescdn.d2cmedia.ca/cb19dc2c2a04374977ed85a4c68ef396c0/4445/14449658/1/Kia-Forte-2018.jpg'},{url:'https://imagescdn.d2cmedia.ca/s819dc2c2a04374977ed85a4c68ef396c0/4445/14449658/1/Kia-Forte-2018.jpg'},{url:'https://imagescdn.d2cmedia.ca/cb19dc2c2a04374977ed85a4c68ef396c0/4445/14449658/2/Kia-Forte-2018.jpg'},{url:'https://imagescdn.d2cmedia.ca/cb19dc2c2a04374977ed85a4c68ef396c0/4445/14449658/3/Kia-Forte-2018.jpg'},{url:'https://imagescdn.d2cmedia.ca/cb19dc2c2a04374977ed85a4c68ef396c0/4445/14449658/4/Kia-Forte-2018.jpg'},{url:'https://imagescdn.d2cmedia.ca/cb19dc2c2a04374977ed85a4c68ef396c0/4445/14449658/5/Kia-Forte-2018.jpg'},{url:'https://imagescdn.d2cmedia.ca/cb19dc2c2a04374977ed85a4c68ef396c0/4445/14449658/6/Kia-Forte-2018.jpg'},{url:'https://imagescdn.d2cmedia.ca/cb19dc2c2a04374977ed85a4c68ef396c0/4445/14449658/7/Kia-Forte-2018.jpg'},{url:'https://imagescdn.d2cmedia.ca/cb19dc2c2a04374977ed85a4c68ef396c0/4445/14449658/8/Kia-Forte-2018.jpg'},{url:'https://imagescdn.d2cmedia.ca/cb19dc2c2a04374977ed85a4c68ef396c0/4445/14449658/9/Kia-Forte-2018.jpg'}]",216050,KM,https://www.mapletoyota.com/used/2018-Kia-Forte-id14449658.html,2018 Kia Forte LX /AS-IS/uncertified - You Certify You Save at Maple Toyota,5798 CAD,Used,Aurora Black,,4445,Maple Toyota,+1-905 417-9100,"{addr1: ' 88 Auto Vaughan Drive', city: 'Maple', region: 'Ontario', postal_code: 'L6A 4A1', country: 'CA'}",43.836376294666834,-79.53494482023926,173362986037805,,,,https://www.mapletoyota.com/privacy-policy.html,Used,4445,,5798 CAD,Free,
3N1AB7AP1KY290571,3N1AB7AP1KY290571,27-0018A,Nissan,Sentra,SV /AS-IS/uncertified - You Certify You Save,2019,AUTOMATIC,SEDAN,GASOLINE,FWD,2019 Nissan Sentra SV /AS-IS/uncertified - You Certify You Save. Used 2019 Nissan Sentra for sale in Maple. Financing available.,"[{url:'https://imagescdn.d2cmedia.ca/cb27a7cde0d829665295d81679f5b4443a/4445/14415008/1/Nissan-Sentra-2019.jpg'},{url:'https://imagescdn.d2cmedia.ca/s827a7cde0d829665295d81679f5b4443a/4445/14415008/1/Nissan-Sentra-2019.jpg'},{url:'https://imagescdn.d2cmedia.ca/cb27a7cde0d829665295d81679f5b4443a/4445/14415008/2/Nissan-Sentra-2019.jpg'},{url:'https://imagescdn.d2cmedia.ca/cb27a7cde0d829665295d81679f5b4443a/4445/14415008/3/Nissan-Sentra-2019.jpg'},{url:'https://imagescdn.d2cmedia.ca/cb27a7cde0d829665295d81679f5b4443a/4445/14415008/4/Nissan-Sentra-2019.jpg'},{url:'https://imagescdn.d2cmedia.ca/cb27a7cde0d829665295d81679f5b4443a/4445/14415008/5/Nissan-Sentra-2019.jpg'},{url:'https://imagescdn.d2cmedia.ca/cb27a7cde0d829665295d81679f5b4443a/4445/14415008/6/Nissan-Sentra-2019.jpg'},{url:'https://imagescdn.d2cmedia.ca/cb27a7cde0d829665295d81679f5b4443a/4445/14415008/7/Nissan-Sentra-2019.jpg'},{url:'https://imagescdn.d2cmedia.ca/cb27a7cde0d829665295d81679f5b4443a/4445/14415008/8/Nissan-Sentra-2019.jpg'},{url:'https://imagescdn.d2cmedia.ca/cb27a7cde0d829665295d81679f5b4443a/4445/14415008/9/Nissan-Sentra-2019.jpg'}]",143276,KM,https://www.mapletoyota.com/used/2019-Nissan-Sentra-id14415008.html,2019 Nissan Sentra SV /AS-IS/uncertified - You Certify You Save at Maple Toyota,7998 CAD,Used,Scarlet Ember,,4445,Maple Toyota,+1-905 417-9100,"{addr1: ' 88 Auto Vaughan Drive', city: 'Maple', region: 'Ontario', postal_code: 'L6A 4A1', country: 'CA'}",43.836376294666834,-79.53494482023926,173362986037805,,,,https://www.mapletoyota.com/privacy-policy.html,Used,4445,,7998 CAD,Free,
2T1BURHE5GC634843,2T1BURHE5GC634843,26-1467B,Toyota,Corolla,S /AS-IS/uncertified - You Certify You Save,2016,AUTOMATIC,SEDAN,GASOLINE,FWD,2016 Toyota Corolla S /AS-IS/uncertified - You Certify You Save. Used 2016 Toyota Corolla for sale in Maple. Financing available.,"[{url:'https://imagescdn.d2cmedia.ca/cb149738208af3d03f5fcf5bde1e562947/4445/14381059/1/Toyota-Corolla-2016.jpg'},{url:'https://imagescdn.d2cmedia.ca/s8149738208af3d03f5fcf5bde1e562947/4445/14381059/1/Toyota-Corolla-2016.jpg'},{url:'https://imagescdn.d2cmedia.ca/cb149738208af3d03f5fcf5bde1e562947/4445/14381059/2/Toyota-Corolla-2016.jpg'},{url:'https://imagescdn.d2cmedia.ca/cb149738208af3d03f5fcf5bde1e562947/4445/14381059/3/Toyota-Corolla-2016.jpg'},{url:'https://imagescdn.d2cmedia.ca/cb149738208af3d03f5fcf5bde1e562947/4445/14381059/4/Toyota-Corolla-2016.jpg'},{url:'https://imagescdn.d2cmedia.ca/cb149738208af3d03f5fcf5bde1e562947/4445/14381059/5/Toyota-Corolla-2016.jpg'},{url:'https://imagescdn.d2cmedia.ca/cb149738208af3d03f5fcf5bde1e562947/4445/14381059/6/Toyota-Corolla-2016.jpg'},{url:'https://imagescdn.d2cmedia.ca/cb149738208af3d03f5fcf5bde1e562947/4445/14381059/7/Toyota-Corolla-2016.jpg'},{url:'https://imagescdn.d2cmedia.ca/cb149738208af3d03f5fcf5bde1e562947/4445/14381059/8/Toyota-Corolla-2016.jpg'},{url:'https://imagescdn.d2cmedia.ca/cb149738208af3d03f5fcf5bde1e562947/4445/14381059/9/Toyota-Corolla-2016.jpg'}]",258217,KM,https://www.mapletoyota.com/used/2016-Toyota-Corolla-id14381059.html,2016 Toyota Corolla S /AS-IS/uncertified - You Certify You Save at Maple Toyota,9388 CAD,Used,Blue Crush,,4445,Maple Toyota,+1-905 417-9100,"{addr1: ' 88 Auto Vaughan Drive', city: 'Maple', region: 'Ontario', postal_code: 'L6A 4A1', country: 'CA'}",43.836376294666834,-79.53494482023926,173362986037805,,,,https://www.mapletoyota.com/privacy-policy.html,Used,4445,,9388 CAD,Free,
5TDDK3DC1CS040302,5TDDK3DC1CS040302,26-2023A,Toyota,Sienna,Limited /AS-IS/uncertified - You Certify You Save,2012,AUTOMATIC,SUV,GASOLINE,AWD,2012 Toyota Sienna Limited /AS-IS/uncertified - You Certify You Save. Used 2012 Toyota Sienna for sale in Maple. Financing available.,"[{url:'https://imagescdn.d2cmedia.ca/cb365b9f0e8131abf2afe6a32e47141ee4/4445/14393747/1/Toyota-Sienna-2012.jpg'},{url:'https://imagescdn.d2cmedia.ca/s8365b9f0e8131abf2afe6a32e47141ee4/4445/14393747/1/Toyota-Sienna-2012.jpg'},{url:'https://imagescdn.d2cmedia.ca/cb365b9f0e8131abf2afe6a32e47141ee4/4445/14393747/2/Toyota-Sienna-2012.jpg'},{url:'https://imagescdn.d2cmedia.ca/cb365b9f0e8131abf2afe6a32e47141ee4/4445/14393747/3/Toyota-Sienna-2012.jpg'},{url:'https://imagescdn.d2cmedia.ca/cb365b9f0e8131abf2afe6a32e47141ee4/4445/14393747/4/Toyota-Sienna-2012.jpg'},{url:'https://imagescdn.d2cmedia.ca/cb365b9f0e8131abf2afe6a32e47141ee4/4445/14393747/5/Toyota-Sienna-2012.jpg'},{url:'https://imagescdn.d2cmedia.ca/cb365b9f0e8131abf2afe6a32e47141ee4/4445/14393747/6/Toyota-Sienna-2012.jpg'},{url:'https://imagescdn.d2cmedia.ca/cb365b9f0e8131abf2afe6a32e47141ee4/4445/14393747/7/Toyota-Sienna-2012.jpg'},{url:'https://imagescdn.d2cmedia.ca/cb365b9f0e8131abf2afe6a32e47141ee4/4445/14393747/8/Toyota-Sienna-2012.jpg'},{url:'https://imagescdn.d2cmedia.ca/cb365b9f0e8131abf2afe6a32e47141ee4/4445/14393747/9/Toyota-Sienna-2012.jpg'}]",266680,KM,https://www.mapletoyota.com/used/2012-Toyota-Sienna-id14393747.html,2012 Toyota Sienna Limited /AS-IS/uncertified - You Certify You Save at Maple Toyota,11188 CAD,Used,White,,4445,Maple Toyota,+1-905 417-9100,"{addr1: ' 88 Auto Vaughan Drive', city: 'Maple', region: 'Ontario', postal_code: 'L6A 4A1', country: 'CA'}",43.836376294666834,-79.53494482023926,173362986037805,,,,https://www.mapletoyota.com/privacy-policy.html,Used,4445,,11188 CAD,Free,
4T3ZK3BB0BU043446,4T3ZK3BB0BU043446,26-2176A,Toyota,Venza,/AS-IS/uncertified - You Certify You Save,2011,AUTOMATIC,HATCHBACK,GASOLINE,FWD,2011 Toyota Venza /AS-IS/uncertified - You Certify You Save. Used 2011 Toyota Venza for sale in Maple. Financing available.,"[{url:'https://imagescdn.d2cmedia.ca/cbe360533c813db8e94de7b7a302b08328/4445/14463107/1/Toyota-Venza-2011.jpg'},{url:'https://imagescdn.d2cmedia.ca/s8e360533c813db8e94de7b7a302b08328/4445/14463107/1/Toyota-Venza-2011.jpg'},{url:'https://imagescdn.d2cmedia.ca/cbe360533c813db8e94de7b7a302b08328/4445/14463107/2/Toyota-Venza-2011.jpg'},{url:'https://imagescdn.d2cmedia.ca/cbe360533c813db8e94de7b7a302b08328/4445/14463107/3/Toyota-Venza-2011.jpg'},{url:'https://imagescdn.d2cmedia.ca/cbe360533c813db8e94de7b7a302b08328/4445/14463107/4/Toyota-Venza-2011.jpg'},{url:'https://imagescdn.d2cmedia.ca/cbe360533c813db8e94de7b7a302b08328/4445/14463107/5/Toyota-Venza-2011.jpg'},{url:'https://imagescdn.d2cmedia.ca/cbe360533c813db8e94de7b7a302b08328/4445/14463107/6/Toyota-Venza-2011.jpg'},{url:'https://imagescdn.d2cmedia.ca/cbe360533c813db8e94de7b7a302b08328/4445/14463107/7/Toyota-Venza-2011.jpg'},{url:'https://imagescdn.d2cmedia.ca/cbe360533c813db8e94de7b7a302b08328/4445/14463107/8/Toyota-Venza-2011.jpg'},{url:'https://imagescdn.d2cmedia.ca/cbe360533c813db8e94de7b7a302b08328/4445/14463107/9/Toyota-Venza-2011.jpg'}]",131954,KM,https://www.mapletoyota.com/used/2011-Toyota-Venza-id14463107.html,2011 Toyota Venza /AS-IS/uncertified - You Certify You Save at Maple Toyota,12998 CAD,Used,Tropical Sea,Light Grey,4445,Maple Toyota,+1-905 417-9100,"{addr1: ' 88 Auto Vaughan Drive', city: 'Maple', region: 'Ontario', postal_code: 'L6A 4A1', country: 'CA'}",43.836376294666834,-79.53494482023926,173362986037805,,,,https://www.mapletoyota.com/privacy-policy.html,Used,4445,,12998 CAD,Free,
2T1BURHE0FC470965,2T1BURHE0FC470965,26-0713A,Toyota,Corolla,,2015,AUTOMATIC,SEDAN,GASOLINE,FWD,2015 Toyota Corolla. Used 2015 Toyota Corolla for sale in Maple. Financing available.,"[{url:'https://imagescdn.d2cmedia.ca/cbf196573de6d1e33edb5a7c77d39a900b/4445/14475910/1/Toyota-Corolla-2015.jpg'},{url:'https://imagescdn.d2cmedia.ca/s8f196573de6d1e33edb5a7c77d39a900b/4445/14475910/1/Toyota-Corolla-2015.jpg'},{url:'https://imagescdn.d2cmedia.ca/cbf196573de6d1e33edb5a7c77d39a900b/4445/14475910/2/Toyota-Corolla-2015.jpg'},{url:'https://imagescdn.d2cmedia.ca/cbf196573de6d1e33edb5a7c77d39a900b/4445/14475910/3/Toyota-Corolla-2015.jpg'},{url:'https://imagescdn.d2cmedia.ca/cbf196573de6d1e33edb5a7c77d39a900b/4445/14475910/4/Toyota-Corolla-2015.jpg'},{url:'https://imagescdn.d2cmedia.ca/cbf196573de6d1e33edb5a7c77d39a900b/4445/14475910/5/Toyota-Corolla-2015.jpg'},{url:'https://imagescdn.d2cmedia.ca/cbf196573de6d1e33edb5a7c77d39a900b/4445/14475910/6/Toyota-Corolla-2015.jpg'},{url:'https://imagescdn.d2cmedia.ca/cbf196573de6d1e33edb5a7c77d39a900b/4445/14475910/7/Toyota-Corolla-2015.jpg'},{url:'https://imagescdn.d2cmedia.ca/cbf196573de6d1e33edb5a7c77d39a900b/4445/14475910/8/Toyota-Corolla-2015.jpg'},{url:'https://imagescdn.d2cmedia.ca/cbf196573de6d1e33edb5a7c77d39a900b/4445/14475910/9/Toyota-Corolla-2015.jpg'}]",119692,KM,https://www.mapletoyota.com/used/2015-Toyota-Corolla-id14475910.html,2015 Toyota Corolla at Maple Toyota,14488 CAD,Used,Slate,,4445,Maple Toyota,+1-905 417-9100,"{addr1: ' 88 Auto Vaughan Drive', city: 'Maple', region: 'Ontario', postal_code: 'L6A 4A1', country: 'CA'}",43.836376294666834,-79.53494482023926,173362986037805,,,,https://www.mapletoyota.com/privacy-policy.html,Used,4445,,14488 CAD,Free,
2T1BURHE1HC940357,2T1BURHE1HC940357,27-0028A,Toyota,Corolla,/AS-IS/uncertified - You Certify You Save,2017,AUTOMATIC,SEDAN,GASOLINE,FWD,2017 Toyota Corolla /AS-IS/uncertified - You Certify You Save. Used 2017 Toyota Corolla for sale in Maple. Financing available.,"[{url:'https://imagescdn.d2cmedia.ca/cbaf937d3c00672892525d7355445f9fbe/4445/14463110/1/Toyota-Corolla-2017.jpg'},{url:'https://imagescdn.d2cmedia.ca/s8af937d3c00672892525d7355445f9fbe/4445/14463110/1/Toyota-Corolla-2017.jpg'},{url:'https://imagescdn.d2cmedia.ca/cbaf937d3c00672892525d7355445f9fbe/4445/14463110/2/Toyota-Corolla-2017.jpg'},{url:'https://imagescdn.d2cmedia.ca/cbaf937d3c00672892525d7355445f9fbe/4445/14463110/3/Toyota-Corolla-2017.jpg'},{url:'https://imagescdn.d2cmedia.ca/cbaf937d3c00672892525d7355445f9fbe/4445/14463110/4/Toyota-Corolla-2017.jpg'},{url:'https://imagescdn.d2cmedia.ca/cbaf937d3c00672892525d7355445f9fbe/4445/14463110/5/Toyota-Corolla-2017.jpg'},{url:'https://imagescdn.d2cmedia.ca/cbaf937d3c00672892525d7355445f9fbe/4445/14463110/6/Toyota-Corolla-2017.jpg'},{url:'https://imagescdn.d2cmedia.ca/cbaf937d3c00672892525d7355445f9fbe/4445/14463110/7/Toyota-Corolla-2017.jpg'},{url:'https://imagescdn.d2cmedia.ca/cbaf937d3c00672892525d7355445f9fbe/4445/14463110/8/Toyota-Corolla-2017.jpg'},{url:'https://imagescdn.d2cmedia.ca/cbaf937d3c00672892525d7355445f9fbe/4445/14463110/9/Toyota-Corolla-2017.jpg'}]",138238,KM,https://www.mapletoyota.com/used/2017-Toyota-Corolla-id14463110.html,2017 Toyota Corolla /AS-IS/uncertified - You Certify You Save at Maple Toyota,14598 CAD,Used,Slate,,4445,Maple Toyota,+1-905 417-9100,"{addr1: ' 88 Auto Vaughan Drive', city: 'Maple', region: 'Ontario', postal_code: 'L6A 4A1', country: 'CA'}",43.836376294666834,-79.53494482023926,173362986037805,,,,https://www.mapletoyota.com/privacy-policy.html,Used,4445,,14598 CAD,Free,
JA4J24A52JZ614829,JA4J24A52JZ614829,26-1908A,Mitsubishi,Outlander PHEV,GT S-AWC /AS-IS/uncertified - You Certify You Save,2018,AUTOMATIC,SUV,HYBRID,FOUR_WHEEL_DRIVE,2018 Mitsubishi Outlander PHEV GT S-AWC /AS-IS/uncertified - You Certify You Save. Used 2018 Mitsubishi Outlander PHEV for sale in Maple. Financing available.,"[{url:'https://imagescdn.d2cmedia.ca/cbccc6c08d73f2b2d908796ac9983677fc/4445/14428119/1/Mitsubishi-Outlander PHEV-2018.jpg'},{url:'https://imagescdn.d2cmedia.ca/s8ccc6c08d73f2b2d908796ac9983677fc/4445/14428119/1/Mitsubishi-Outlander_PHEV-2018.jpg'},{url:'https://imagescdn.d2cmedia.ca/cbccc6c08d73f2b2d908796ac9983677fc/4445/14428119/1/Mitsubishi-Outlander_PHEV-2018.jpg'},{url:'https://imagescdn.d2cmedia.ca/cbccc6c08d73f2b2d908796ac9983677fc/4445/14428119/2/Mitsubishi-Outlander_PHEV-2018.jpg'},{url:'https://imagescdn.d2cmedia.ca/cbccc6c08d73f2b2d908796ac9983677fc/4445/14428119/3/Mitsubishi-Outlander_PHEV-2018.jpg'},{url:'https://imagescdn.d2cmedia.ca/cbccc6c08d73f2b2d908796ac9983677fc/4445/14428119/4/Mitsubishi-Outlander_PHEV-2018.jpg'},{url:'https://imagescdn.d2cmedia.ca/cbccc6c08d73f2b2d908796ac9983677fc/4445/14428119/5/Mitsubishi-Outlander_PHEV-2018.jpg'},{url:'https://imagescdn.d2cmedia.ca/cbccc6c08d73f2b2d908796ac9983677fc/4445/14428119/6/Mitsubishi-Outlander_PHEV-2018.jpg'},{url:'https://imagescdn.d2cmedia.ca/cbccc6c08d73f2b2d908796ac9983677fc/4445/14428119/7/Mitsubishi-Outlander_PHEV-2018.jpg'},{url:'https://imagescdn.d2cmedia.ca/cbccc6c08d73f2b2d908796ac9983677fc/4445/14428119/8/Mitsubishi-Outlander_PHEV-2018.jpg'}]",121176,KM,https://www.mapletoyota.com/used/2018-Mitsubishi-Outlander_PHEV-id14428119.html,2018 Mitsubishi Outlander PHEV GT S-AWC /AS-IS/uncertified - You Certify You Save at Maple Toyota,15488 CAD,Used,Titanium Grey,,4445,Maple Toyota,+1-905 417-9100,"{addr1: ' 88 Auto Vaughan Drive', city: 'Maple', region: 'Ontario', postal_code: 'L6A 4A1', country: 'CA'}",43.836376294666834,-79.53494482023926,173362986037805,,,,https://www.mapletoyota.com/privacy-policy.html,Used,4445,,15488 CAD,Free,
5TDDZ3DC2JS204083,5TDDZ3DC2JS204083,26-2076A,Toyota,Sienna,XLE AWD 7 Passenger /AS-IS/uncertified - You Certify You Save,2018,AUTOMATIC,SUV,GASOLINE,AWD,2018 Toyota Sienna XLE AWD 7 Passenger /AS-IS/uncertified - You Certify You Save. Used 2018 Toyota Sienna for sale in Maple. Financing available.,"[{url:'https://imagescdn.d2cmedia.ca/cb9c06e917a56abd11198b24fe3c3fed2a/4445/14407855/1/Toyota-Sienna-2018.jpg'},{url:'https://imagescdn.d2cmedia.ca/s89c06e917a56abd11198b24fe3c3fed2a/4445/14407855/1/Toyota-Sienna-2018.jpg'},{url:'https://imagescdn.d2cmedia.ca/cb9c06e917a56abd11198b24fe3c3fed2a/4445/14407855/2/Toyota-Sienna-2018.jpg'},{url:'https://imagescdn.d2cmedia.ca/cb9c06e917a56abd11198b24fe3c3fed2a/4445/14407855/3/Toyota-Sienna-2018.jpg'},{url:'https://imagescdn.d2cmedia.ca/cb9c06e917a56abd11198b24fe3c3fed2a/4445/14407855/4/Toyota-Sienna-2018.jpg'},{url:'https://imagescdn.d2cmedia.ca/cb9c06e917a56abd11198b24fe3c3fed2a/4445/14407855/5/Toyota-Sienna-2018.jpg'},{url:'https://imagescdn.d2cmedia.ca/cb9c06e917a56abd11198b24fe3c3fed2a/4445/14407855/6/Toyota-Sienna-2018.jpg'},{url:'https://imagescdn.d2cmedia.ca/cb9c06e917a56abd11198b24fe3c3fed2a/4445/14407855/7/Toyota-Sienna-2018.jpg'},{url:'https://imagescdn.d2cmedia.ca/cb9c06e917a56abd11198b24fe3c3fed2a/4445/14407855/8/Toyota-Sienna-2018.jpg'},{url:'https://imagescdn.d2cmedia.ca/cb9c06e917a56abd11198b24fe3c3fed2a/4445/14407855/9/Toyota-Sienna-2018.jpg'}]",177414,KM,https://www.mapletoyota.com/used/2018-Toyota-Sienna-id14407855.html,2018 Toyota Sienna XLE AWD 7 Passenger /AS-IS/uncertified - You Certify You Save at Maple Toyota,23998 CAD,Used,White,,4445,Maple Toyota,+1-905 417-9100,"{addr1: ' 88 Auto Vaughan Drive', city: 'Maple', region: 'Ontario', postal_code: 'L6A 4A1', country: 'CA'}",43.836376294666834,-79.53494482023926,173362986037805,,,,https://www.mapletoyota.com/privacy-policy.html,Used,4445,,23998 CAD,Free,
2T3R1RFV5KW070250,2T3R1RFV5KW070250,26-1783A,Toyota,RAV4,XLE AWD,2019,AUTOMATIC,SUV,GASOLINE,AWD,2019 Toyota RAV4 XLE AWD. Used 2019 Toyota RAV4 for sale in Maple. Financing available.,"[{url:'https://imagescdn.d2cmedia.ca/cbe854ac9f29f365ee57c1d7a7646ea145/4445/14250951/1/Toyota-RAV4-2019.jpg'},{url:'https://imagescdn.d2cmedia.ca/s8e854ac9f29f365ee57c1d7a7646ea145/4445/14250951/1/Toyota-RAV4-2019.jpg'},{url:'https://imagescdn.d2cmedia.ca/cbe854ac9f29f365ee57c1d7a7646ea145/4445/14250951/2/Toyota-RAV4-2019.jpg'},{url:'https://imagescdn.d2cmedia.ca/cbe854ac9f29f365ee57c1d7a7646ea145/4445/14250951/3/Toyota-RAV4-2019.jpg'},{url:'https://imagescdn.d2cmedia.ca/cbe854ac9f29f365ee57c1d7a7646ea145/4445/14250951/4/Toyota-RAV4-2019.jpg'},{url:'https://imagescdn.d2cmedia.ca/cbe854ac9f29f365ee57c1d7a7646ea145/4445/14250951/5/Toyota-RAV4-2019.jpg'},{url:'https://imagescdn.d2cmedia.ca/cbe854ac9f29f365ee57c1d7a7646ea145/4445/14250951/6/Toyota-RAV4-2019.jpg'},{url:'https://imagescdn.d2cmedia.ca/cbe854ac9f29f365ee57c1d7a7646ea145/4445/14250951/7/Toyota-RAV4-2019.jpg'},{url:'https://imagescdn.d2cmedia.ca/cbe854ac9f29f365ee57c1d7a7646ea145/4445/14250951/8/Toyota-RAV4-2019.jpg'},{url:'https://imagescdn.d2cmedia.ca/cbe854ac9f29f365ee57c1d7a7646ea145/4445/14250951/9/Toyota-RAV4-2019.jpg'}]",51947,KM,https://www.mapletoyota.com/used/2019-Toyota-RAV4-id14250951.html,2019 Toyota RAV4 XLE AWD at Maple Toyota,28598 CAD,Used,Silver,,4445,Maple Toyota,+1-905 417-9100,"{addr1: ' 88 Auto Vaughan Drive', city: 'Maple', region: 'Ontario', postal_code: 'L6A 4A1', country: 'CA'}",43.836376294666834,-79.53494482023926,173362986037805,,,,https://www.mapletoyota.com/privacy-policy.html,Used,4445,,28598 CAD,Free,
5YFB4MBE1SP224125,5YFB4MBE1SP224125,U3512,Toyota,Corolla,SE - CLEAN CarFax,2025,AUTOMATIC,SEDAN,GASOLINE,FWD,2025 Toyota Corolla SE - CLEAN CarFax. Used 2025 Toyota Corolla for sale in Maple. Financing available.,"[{url:'https://imagescdn.d2cmedia.ca/cb545ff0a085306db63c2eff045e7a18b0/4445/14393745/1/Toyota-Corolla-2025.jpg'},{url:'https://imagescdn.d2cmedia.ca/s8545ff0a085306db63c2eff045e7a18b0/4445/14393745/1/Toyota-Corolla-2025.jpg'},{url:'https://imagescdn.d2cmedia.ca/cb545ff0a085306db63c2eff045e7a18b0/4445/14393745/2/Toyota-Corolla-2025.jpg'},{url:'https://imagescdn.d2cmedia.ca/cb545ff0a085306db63c2eff045e7a18b0/4445/14393745/3/Toyota-Corolla-2025.jpg'},{url:'https://imagescdn.d2cmedia.ca/cb545ff0a085306db63c2eff045e7a18b0/4445/14393745/4/Toyota-Corolla-2025.jpg'},{url:'https://imagescdn.d2cmedia.ca/cb545ff0a085306db63c2eff045e7a18b0/4445/14393745/5/Toyota-Corolla-2025.jpg'},{url:'https://imagescdn.d2cmedia.ca/cb545ff0a085306db63c2eff045e7a18b0/4445/14393745/6/Toyota-Corolla-2025.jpg'},{url:'https://imagescdn.d2cmedia.ca/cb545ff0a085306db63c2eff045e7a18b0/4445/14393745/7/Toyota-Corolla-2025.jpg'},{url:'https://imagescdn.d2cmedia.ca/cb545ff0a085306db63c2eff045e7a18b0/4445/14393745/8/Toyota-Corolla-2025.jpg'},{url:'https://imagescdn.d2cmedia.ca/cb545ff0a085306db63c2eff045e7a18b0/4445/14393745/9/Toyota-Corolla-2025.jpg'}]",8119,KM,https://www.mapletoyota.com/used/2025-Toyota-Corolla-id14393745.html,2025 Toyota Corolla SE - CLEAN CarFax at Maple Toyota,30998 CAD,Used,White,Black,4445,Maple Toyota,+1-905 417-9100,"{addr1: ' 88 Auto Vaughan Drive', city: 'Maple', region: 'Ontario', postal_code: 'L6A 4A1', country: 'CA'}",43.836376294666834,-79.53494482023926,173362986037805,,,,https://www.mapletoyota.com/privacy-policy.html,Used,4445,,30998 CAD,Free,
4T1S11AK7RU917739,4T1S11AK7RU917739,U3514,Toyota,Camry,SE Upgrade,2024,AUTOMATIC,SEDAN,GASOLINE,FWD,2024 Toyota Camry SE Upgrade. Used 2024 Toyota Camry for sale in Maple. Financing available.,"[{url:'https://imagescdn.d2cmedia.ca/cb41305199c77436c47b470a6beca5c7af/4445/14407857/1/Toyota-Camry-2024.jpg'},{url:'https://imagescdn.d2cmedia.ca/s841305199c77436c47b470a6beca5c7af/4445/14407857/1/Toyota-Camry-2024.jpg'},{url:'https://imagescdn.d2cmedia.ca/cb41305199c77436c47b470a6beca5c7af/4445/14407857/2/Toyota-Camry-2024.jpg'},{url:'https://imagescdn.d2cmedia.ca/cb41305199c77436c47b470a6beca5c7af/4445/14407857/3/Toyota-Camry-2024.jpg'},{url:'https://imagescdn.d2cmedia.ca/cb41305199c77436c47b470a6beca5c7af/4445/14407857/4/Toyota-Camry-2024.jpg'},{url:'https://imagescdn.d2cmedia.ca/cb41305199c77436c47b470a6beca5c7af/4445/14407857/5/Toyota-Camry-2024.jpg'},{url:'https://imagescdn.d2cmedia.ca/cb41305199c77436c47b470a6beca5c7af/4445/14407857/6/Toyota-Camry-2024.jpg'},{url:'https://imagescdn.d2cmedia.ca/cb41305199c77436c47b470a6beca5c7af/4445/14407857/7/Toyota-Camry-2024.jpg'},{url:'https://imagescdn.d2cmedia.ca/cb41305199c77436c47b470a6beca5c7af/4445/14407857/8/Toyota-Camry-2024.jpg'},{url:'https://imagescdn.d2cmedia.ca/cb41305199c77436c47b470a6beca5c7af/4445/14407857/9/Toyota-Camry-2024.jpg'}]",55409,KM,https://www.mapletoyota.com/used/2024-Toyota-Camry-id14407857.html,2024 Toyota Camry SE Upgrade at Maple Toyota,30998 CAD,Used,Pre-dawn Grey,,4445,Maple Toyota,+1-905 417-9100,"{addr1: ' 88 Auto Vaughan Drive', city: 'Maple', region: 'Ontario', postal_code: 'L6A 4A1', country: 'CA'}",43.836376294666834,-79.53494482023926,173362986037805,,,,https://www.mapletoyota.com/privacy-policy.html,Used,4445,,30998 CAD,Free,
2T3B1RFV2RC457299,2T3B1RFV2RC457299,26-2089A,Toyota,RAV4,LE AWD,2024,AUTOMATIC,SUV,GASOLINE,AWD,2024 Toyota RAV4 LE AWD. Used 2024 Toyota RAV4 for sale in Maple. Financing available.,"[{url:'https://imagescdn.d2cmedia.ca/cb6845bceb43197222c8d257a6785333e7/4445/14440029/1/Toyota-RAV4-2024.jpg'},{url:'https://imagescdn.d2cmedia.ca/s86845bceb43197222c8d257a6785333e7/4445/14440029/1/Toyota-RAV4-2024.jpg'},{url:'https://imagescdn.d2cmedia.ca/cb6845bceb43197222c8d257a6785333e7/4445/14440029/2/Toyota-RAV4-2024.jpg'},{url:'https://imagescdn.d2cmedia.ca/cb6845bceb43197222c8d257a6785333e7/4445/14440029/3/Toyota-RAV4-2024.jpg'},{url:'https://imagescdn.d2cmedia.ca/cb6845bceb43197222c8d257a6785333e7/4445/14440029/4/Toyota-RAV4-2024.jpg'},{url:'https://imagescdn.d2cmedia.ca/cb6845bceb43197222c8d257a6785333e7/4445/14440029/5/Toyota-RAV4-2024.jpg'},{url:'https://imagescdn.d2cmedia.ca/cb6845bceb43197222c8d257a6785333e7/4445/14440029/6/Toyota-RAV4-2024.jpg'},{url:'https://imagescdn.d2cmedia.ca/cb6845bceb43197222c8d257a6785333e7/4445/14440029/7/Toyota-RAV4-2024.jpg'},{url:'https://imagescdn.d2cmedia.ca/cb6845bceb43197222c8d257a6785333e7/4445/14440029/8/Toyota-RAV4-2024.jpg'},{url:'https://imagescdn.d2cmedia.ca/cb6845bceb43197222c8d257a6785333e7/4445/14440029/9/Toyota-RAV4-2024.jpg'}]",42294,KM,https://www.mapletoyota.com/used/2024-Toyota-RAV4-id14440029.html,2024 Toyota RAV4 LE AWD at Maple Toyota,31798 CAD,Used,Gray,,4445,Maple Toyota,+1-905 417-9100,"{addr1: ' 88 Auto Vaughan Drive', city: 'Maple', region: 'Ontario', postal_code: 'L6A 4A1', country: 'CA'}",43.836376294666834,-79.53494482023926,173362986037805,,,,https://www.mapletoyota.com/privacy-policy.html,Used,4445,,31798 CAD,Free,
2T3D1RFV0NC269397,2T3D1RFV0NC269397,26-2091A,Toyota,RAV4,Limited AWD,2022,AUTOMATIC,SUV,GASOLINE,AWD,2022 Toyota RAV4 Limited AWD. Used 2022 Toyota RAV4 for sale in Maple. Financing available.,"[{url:'https://imagescdn.d2cmedia.ca/cb9311f8a577a59fcfca9a1a684d038bee/4445/14393743/1/Toyota-RAV4-2022.jpg'},{url:'https://imagescdn.d2cmedia.ca/s89311f8a577a59fcfca9a1a684d038bee/4445/14393743/1/Toyota-RAV4-2022.jpg'},{url:'https://imagescdn.d2cmedia.ca/cb9311f8a577a59fcfca9a1a684d038bee/4445/14393743/2/Toyota-RAV4-2022.jpg'},{url:'https://imagescdn.d2cmedia.ca/cb9311f8a577a59fcfca9a1a684d038bee/4445/14393743/3/Toyota-RAV4-2022.jpg'},{url:'https://imagescdn.d2cmedia.ca/cb9311f8a577a59fcfca9a1a684d038bee/4445/14393743/4/Toyota-RAV4-2022.jpg'},{url:'https://imagescdn.d2cmedia.ca/cb9311f8a577a59fcfca9a1a684d038bee/4445/14393743/5/Toyota-RAV4-2022.jpg'},{url:'https://imagescdn.d2cmedia.ca/cb9311f8a577a59fcfca9a1a684d038bee/4445/14393743/6/Toyota-RAV4-2022.jpg'},{url:'https://imagescdn.d2cmedia.ca/cb9311f8a577a59fcfca9a1a684d038bee/4445/14393743/7/Toyota-RAV4-2022.jpg'},{url:'https://imagescdn.d2cmedia.ca/cb9311f8a577a59fcfca9a1a684d038bee/4445/14393743/8/Toyota-RAV4-2022.jpg'},{url:'https://imagescdn.d2cmedia.ca/cb9311f8a577a59fcfca9a1a684d038bee/4445/14393743/9/Toyota-RAV4-2022.jpg'}]",125030,KM,https://www.mapletoyota.com/used/2022-Toyota-RAV4-id14393743.html,2022 Toyota RAV4 Limited AWD at Maple Toyota,32388 CAD,Used,Black,,4445,Maple Toyota,+1-905 417-9100,"{addr1: ' 88 Auto Vaughan Drive', city: 'Maple', region: 'Ontario', postal_code: 'L6A 4A1', country: 'CA'}",43.836376294666834,-79.53494482023926,173362986037805,,,,https://www.mapletoyota.com/privacy-policy.html,Used,4445,,32388 CAD,Free,
2T3BWRFV2RW246510,2T3BWRFV2RW246510,26-2158A,Toyota,RAV4,Hybrid LE AWD - CLEAN CarFax,2024,AUTOMATIC,SUV,HYBRID,AWD,2024 Toyota RAV4 Hybrid LE AWD - CLEAN CarFax. Used 2024 Toyota RAV4 for sale in Maple. Financing available.,"[{url:'https://imagescdn.d2cmedia.ca/cbcf17c51fc539aca0885c3abe46396b71/4445/14440026/1/Toyota-RAV4 Hybrid-2024.jpg'},{url:'https://imagescdn.d2cmedia.ca/s8cf17c51fc539aca0885c3abe46396b71/4445/14440026/1/Toyota-RAV4-2024.jpg'},{url:'https://imagescdn.d2cmedia.ca/cbcf17c51fc539aca0885c3abe46396b71/4445/14440026/1/Toyota-RAV4-2024.jpg'},{url:'https://imagescdn.d2cmedia.ca/cbcf17c51fc539aca0885c3abe46396b71/4445/14440026/2/Toyota-RAV4-2024.jpg'},{url:'https://imagescdn.d2cmedia.ca/cbcf17c51fc539aca0885c3abe46396b71/4445/14440026/3/Toyota-RAV4-2024.jpg'},{url:'https://imagescdn.d2cmedia.ca/cbcf17c51fc539aca0885c3abe46396b71/4445/14440026/4/Toyota-RAV4-2024.jpg'},{url:'https://imagescdn.d2cmedia.ca/cbcf17c51fc539aca0885c3abe46396b71/4445/14440026/5/Toyota-RAV4-2024.jpg'},{url:'https://imagescdn.d2cmedia.ca/cbcf17c51fc539aca0885c3abe46396b71/4445/14440026/6/Toyota-RAV4-2024.jpg'},{url:'https://imagescdn.d2cmedia.ca/cbcf17c51fc539aca0885c3abe46396b71/4445/14440026/7/Toyota-RAV4-2024.jpg'},{url:'https://imagescdn.d2cmedia.ca/cbcf17c51fc539aca0885c3abe46396b71/4445/14440026/8/Toyota-RAV4-2024.jpg'}]",127182,KM,https://www.mapletoyota.com/used/2024-Toyota-RAV4-id14440026.html,2024 Toyota RAV4 Hybrid LE AWD - CLEAN CarFax at Maple Toyota,32798 CAD,Used,White,,4445,Maple Toyota,+1-905 417-9100,"{addr1: ' 88 Auto Vaughan Drive', city: 'Maple', region: 'Ontario', postal_code: 'L6A 4A1', country: 'CA'}",43.836376294666834,-79.53494482023926,173362986037805,,,,https://www.mapletoyota.com/privacy-policy.html,Used,4445,,32798 CAD,Free,
2T3R1RFVXNC317980,2T3R1RFVXNC317980,26-2116A,Toyota,RAV4,XLE AWD,2022,AUTOMATIC,SUV,GASOLINE,AWD,2022 Toyota RAV4 XLE AWD. Used 2022 Toyota RAV4 for sale in Maple. Financing available.,"[{url:'https://imagescdn.d2cmedia.ca/cbff5867c1407b992d1c9e2f24d8fc89d2/4445/14486528/1/Toyota-RAV4-2022.jpg'},{url:'https://imagescdn.d2cmedia.ca/s8ff5867c1407b992d1c9e2f24d8fc89d2/4445/14486528/1/Toyota-RAV4-2022.jpg'},{url:'https://imagescdn.d2cmedia.ca/cbff5867c1407b992d1c9e2f24d8fc89d2/4445/14486528/2/Toyota-RAV4-2022.jpg'},{url:'https://imagescdn.d2cmedia.ca/cbff5867c1407b992d1c9e2f24d8fc89d2/4445/14486528/3/Toyota-RAV4-2022.jpg'},{url:'https://imagescdn.d2cmedia.ca/cbff5867c1407b992d1c9e2f24d8fc89d2/4445/14486528/4/Toyota-RAV4-2022.jpg'},{url:'https://imagescdn.d2cmedia.ca/cbff5867c1407b992d1c9e2f24d8fc89d2/4445/14486528/5/Toyota-RAV4-2022.jpg'},{url:'https://imagescdn.d2cmedia.ca/cbff5867c1407b992d1c9e2f24d8fc89d2/4445/14486528/6/Toyota-RAV4-2022.jpg'},{url:'https://imagescdn.d2cmedia.ca/cbff5867c1407b992d1c9e2f24d8fc89d2/4445/14486528/7/Toyota-RAV4-2022.jpg'},{url:'https://imagescdn.d2cmedia.ca/cbff5867c1407b992d1c9e2f24d8fc89d2/4445/14486528/8/Toyota-RAV4-2022.jpg'},{url:'https://imagescdn.d2cmedia.ca/cbff5867c1407b992d1c9e2f24d8fc89d2/4445/14486528/9/Toyota-RAV4-2022.jpg'}]",51101,KM,https://www.mapletoyota.com/used/2022-Toyota-RAV4-id14486528.html,2022 Toyota RAV4 XLE AWD at Maple Toyota,32988 CAD,Used,White,,4445,Maple Toyota,+1-905 417-9100,"{addr1: ' 88 Auto Vaughan Drive', city: 'Maple', region: 'Ontario', postal_code: 'L6A 4A1', country: 'CA'}",43.836376294666834,-79.53494482023926,173362986037805,,,,https://www.mapletoyota.com/privacy-policy.html,Used,4445,,32988 CAD,Free,
2T3RWRFV3PW159789,2T3RWRFV3PW159789,26-1784A,Toyota,RAV4,Hybrid XLE AWD,2023,AUTOMATIC,SUV,HYBRID,AWD,2023 Toyota RAV4 Hybrid XLE AWD. Used 2023 Toyota RAV4 for sale in Maple. Financing available.,"[{url:'https://imagescdn.d2cmedia.ca/cb375af249c9d7e84bf41d8186b3cf227e/4445/14212059/1/Toyota-RAV4 Hybrid-2023.jpg'},{url:'https://imagescdn.d2cmedia.ca/s8375af249c9d7e84bf41d8186b3cf227e/4445/14212059/1/Toyota-RAV4-2023.jpg'},{url:'https://imagescdn.d2cmedia.ca/cb375af249c9d7e84bf41d8186b3cf227e/4445/14212059/1/Toyota-RAV4-2023.jpg'},{url:'https://imagescdn.d2cmedia.ca/cb375af249c9d7e84bf41d8186b3cf227e/4445/14212059/2/Toyota-RAV4-2023.jpg'},{url:'https://imagescdn.d2cmedia.ca/cb375af249c9d7e84bf41d8186b3cf227e/4445/14212059/3/Toyota-RAV4-2023.jpg'},{url:'https://imagescdn.d2cmedia.ca/cb375af249c9d7e84bf41d8186b3cf227e/4445/14212059/4/Toyota-RAV4-2023.jpg'},{url:'https://imagescdn.d2cmedia.ca/cb375af249c9d7e84bf41d8186b3cf227e/4445/14212059/5/Toyota-RAV4-2023.jpg'},{url:'https://imagescdn.d2cmedia.ca/cb375af249c9d7e84bf41d8186b3cf227e/4445/14212059/6/Toyota-RAV4-2023.jpg'},{url:'https://imagescdn.d2cmedia.ca/cb375af249c9d7e84bf41d8186b3cf227e/4445/14212059/7/Toyota-RAV4-2023.jpg'},{url:'https://imagescdn.d2cmedia.ca/cb375af249c9d7e84bf41d8186b3cf227e/4445/14212059/8/Toyota-RAV4-2023.jpg'}]",83866,KM,https://www.mapletoyota.com/used/2023-Toyota-RAV4-id14212059.html,2023 Toyota RAV4 Hybrid XLE AWD at Maple Toyota,34398 CAD,Used,Red,,4445,Maple Toyota,+1-905 417-9100,"{addr1: ' 88 Auto Vaughan Drive', city: 'Maple', region: 'Ontario', postal_code: 'L6A 4A1', country: 'CA'}",43.836376294666834,-79.53494482023926,173362986037805,,,,https://www.mapletoyota.com/privacy-policy.html,Used,4445,,34398 CAD,Free,
2T3R1RFV4PC375487,2T3R1RFV4PC375487,26-2141A,Toyota,RAV4,XLE AWD,2023,AUTOMATIC,SUV,GASOLINE,AWD,2023 Toyota RAV4 XLE AWD. Used 2023 Toyota RAV4 for sale in Maple. Financing available.,"[{url:'https://imagescdn.d2cmedia.ca/cb5f963293239887784423ada5803cfb4c/4445/14456482/1/Toyota-RAV4-2023.jpg'},{url:'https://imagescdn.d2cmedia.ca/s85f963293239887784423ada5803cfb4c/4445/14456482/1/Toyota-RAV4-2023.jpg'},{url:'https://imagescdn.d2cmedia.ca/cb5f963293239887784423ada5803cfb4c/4445/14456482/2/Toyota-RAV4-2023.jpg'},{url:'https://imagescdn.d2cmedia.ca/cb5f963293239887784423ada5803cfb4c/4445/14456482/3/Toyota-RAV4-2023.jpg'},{url:'https://imagescdn.d2cmedia.ca/cb5f963293239887784423ada5803cfb4c/4445/14456482/4/Toyota-RAV4-2023.jpg'},{url:'https://imagescdn.d2cmedia.ca/cb5f963293239887784423ada5803cfb4c/4445/14456482/5/Toyota-RAV4-2023.jpg'},{url:'https://imagescdn.d2cmedia.ca/cb5f963293239887784423ada5803cfb4c/4445/14456482/6/Toyota-RAV4-2023.jpg'},{url:'https://imagescdn.d2cmedia.ca/cb5f963293239887784423ada5803cfb4c/4445/14456482/7/Toyota-RAV4-2023.jpg'},{url:'https://imagescdn.d2cmedia.ca/cb5f963293239887784423ada5803cfb4c/4445/14456482/8/Toyota-RAV4-2023.jpg'},{url:'https://imagescdn.d2cmedia.ca/cb5f963293239887784423ada5803cfb4c/4445/14456482/9/Toyota-RAV4-2023.jpg'}]",61251,KM,https://www.mapletoyota.com/used/2023-Toyota-RAV4-id14456482.html,2023 Toyota RAV4 XLE AWD at Maple Toyota,34598 CAD,Used,White,,4445,Maple Toyota,+1-905 417-9100,"{addr1: ' 88 Auto Vaughan Drive', city: 'Maple', region: 'Ontario', postal_code: 'L6A 4A1', country: 'CA'}",43.836376294666834,-79.53494482023926,173362986037805,,,,https://www.mapletoyota.com/privacy-policy.html,Used,4445,,34598 CAD,Free,
JTNK4MBE1T3262783,JTNK4MBE1T3262783,26-1943A,Toyota,Corolla Hatchback,Special Edition - CLEAN CarFax,2026,AUTOMATIC,SUV,GASOLINE,FWD,2026 Toyota Corolla Hatchback Special Edition - CLEAN CarFax. Used 2026 Toyota Corolla Hatchback for sale in Maple. Financing available.,"[{url:'https://imagescdn.d2cmedia.ca/cb8606becaa2ffc5a135bd41b5912487b1/4445/14306021/1/Toyota-Corolla Hatchback-2026.jpg'},{url:'https://imagescdn.d2cmedia.ca/s88606becaa2ffc5a135bd41b5912487b1/4445/14306021/1/Toyota-Corolla_Hatchback-2026.jpg'},{url:'https://imagescdn.d2cmedia.ca/cb8606becaa2ffc5a135bd41b5912487b1/4445/14306021/1/Toyota-Corolla_Hatchback-2026.jpg'},{url:'https://imagescdn.d2cmedia.ca/cb8606becaa2ffc5a135bd41b5912487b1/4445/14306021/2/Toyota-Corolla_Hatchback-2026.jpg'},{url:'https://imagescdn.d2cmedia.ca/cb8606becaa2ffc5a135bd41b5912487b1/4445/14306021/3/Toyota-Corolla_Hatchback-2026.jpg'},{url:'https://imagescdn.d2cmedia.ca/cb8606becaa2ffc5a135bd41b5912487b1/4445/14306021/4/Toyota-Corolla_Hatchback-2026.jpg'},{url:'https://imagescdn.d2cmedia.ca/cb8606becaa2ffc5a135bd41b5912487b1/4445/14306021/5/Toyota-Corolla_Hatchback-2026.jpg'},{url:'https://imagescdn.d2cmedia.ca/cb8606becaa2ffc5a135bd41b5912487b1/4445/14306021/6/Toyota-Corolla_Hatchback-2026.jpg'},{url:'https://imagescdn.d2cmedia.ca/cb8606becaa2ffc5a135bd41b5912487b1/4445/14306021/7/Toyota-Corolla_Hatchback-2026.jpg'},{url:'https://imagescdn.d2cmedia.ca/cb8606becaa2ffc5a135bd41b5912487b1/4445/14306021/8/Toyota-Corolla_Hatchback-2026.jpg'}]",16220,KM,https://www.mapletoyota.com/used/2026-Toyota-Corolla_Hatchback-id14306021.html,2026 Toyota Corolla Hatchback Special Edition - CLEAN CarFax at Maple Toyota,34998 CAD,Used,White,,4445,Maple Toyota,+1-905 417-9100,"{addr1: ' 88 Auto Vaughan Drive', city: 'Maple', region: 'Ontario', postal_code: 'L6A 4A1', country: 'CA'}",43.836376294666834,-79.53494482023926,173362986037805,,,,https://www.mapletoyota.com/privacy-policy.html,Used,4445,,34998 CAD,Free,
JTNK4MBE5T3270692,JTNK4MBE5T3270692,26-2099A,Toyota,Corolla Hatchback,XSE - CLEAN CarFax,2026,AUTOMATIC,SUV,GASOLINE,FWD,2026 Toyota Corolla Hatchback XSE - CLEAN CarFax. Used 2026 Toyota Corolla Hatchback for sale in Maple. Financing available.,"[{url:'https://imagescdn.d2cmedia.ca/cb2da2b6cb799a0d539bb4b3279a18d09c/4445/14393742/1/Toyota-Corolla Hatchback-2026.jpg'},{url:'https://imagescdn.d2cmedia.ca/s82da2b6cb799a0d539bb4b3279a18d09c/4445/14393742/1/Toyota-Corolla_Hatchback-2026.jpg'},{url:'https://imagescdn.d2cmedia.ca/cb2da2b6cb799a0d539bb4b3279a18d09c/4445/14393742/1/Toyota-Corolla_Hatchback-2026.jpg'},{url:'https://imagescdn.d2cmedia.ca/cb2da2b6cb799a0d539bb4b3279a18d09c/4445/14393742/2/Toyota-Corolla_Hatchback-2026.jpg'},{url:'https://imagescdn.d2cmedia.ca/cb2da2b6cb799a0d539bb4b3279a18d09c/4445/14393742/3/Toyota-Corolla_Hatchback-2026.jpg'},{url:'https://imagescdn.d2cmedia.ca/cb2da2b6cb799a0d539bb4b3279a18d09c/4445/14393742/4/Toyota-Corolla_Hatchback-2026.jpg'},{url:'https://imagescdn.d2cmedia.ca/cb2da2b6cb799a0d539bb4b3279a18d09c/4445/14393742/5/Toyota-Corolla_Hatchback-2026.jpg'},{url:'https://imagescdn.d2cmedia.ca/cb2da2b6cb799a0d539bb4b3279a18d09c/4445/14393742/6/Toyota-Corolla_Hatchback-2026.jpg'},{url:'https://imagescdn.d2cmedia.ca/cb2da2b6cb799a0d539bb4b3279a18d09c/4445/14393742/7/Toyota-Corolla_Hatchback-2026.jpg'},{url:'https://imagescdn.d2cmedia.ca/cb2da2b6cb799a0d539bb4b3279a18d09c/4445/14393742/8/Toyota-Corolla_Hatchback-2026.jpg'}]",3332,KM,https://www.mapletoyota.com/used/2026-Toyota-Corolla_Hatchback-id14393742.html,2026 Toyota Corolla Hatchback XSE - CLEAN CarFax at Maple Toyota,36488 CAD,Used,Black,,4445,Maple Toyota,+1-905 417-9100,"{addr1: ' 88 Auto Vaughan Drive', city: 'Maple', region: 'Ontario', postal_code: 'L6A 4A1', country: 'CA'}",43.836376294666834,-79.53494482023926,173362986037805,,,,https://www.mapletoyota.com/privacy-policy.html,Used,4445,,36488 CAD,Free,
4T1DAACKXSU039848,4T1DAACKXSU039848,26-2148A,Toyota,Camry,SE Upgrade - CLEAN CarFax,2025,AUTOMATIC,SEDAN,HYBRID,FWD,2025 Toyota Camry SE Upgrade - CLEAN CarFax. Used 2025 Toyota Camry for sale in Maple. Financing available.,"[{url:'https://imagescdn.d2cmedia.ca/cb2c689bbdf69e61d461a8e6f2a0bbf5a0/4445/14456481/1/Toyota-Camry-2025.jpg'},{url:'https://imagescdn.d2cmedia.ca/s82c689bbdf69e61d461a8e6f2a0bbf5a0/4445/14456481/1/Toyota-Camry-2025.jpg'},{url:'https://imagescdn.d2cmedia.ca/cb2c689bbdf69e61d461a8e6f2a0bbf5a0/4445/14456481/2/Toyota-Camry-2025.jpg'},{url:'https://imagescdn.d2cmedia.ca/cb2c689bbdf69e61d461a8e6f2a0bbf5a0/4445/14456481/3/Toyota-Camry-2025.jpg'},{url:'https://imagescdn.d2cmedia.ca/cb2c689bbdf69e61d461a8e6f2a0bbf5a0/4445/14456481/4/Toyota-Camry-2025.jpg'},{url:'https://imagescdn.d2cmedia.ca/cb2c689bbdf69e61d461a8e6f2a0bbf5a0/4445/14456481/5/Toyota-Camry-2025.jpg'},{url:'https://imagescdn.d2cmedia.ca/cb2c689bbdf69e61d461a8e6f2a0bbf5a0/4445/14456481/6/Toyota-Camry-2025.jpg'},{url:'https://imagescdn.d2cmedia.ca/cb2c689bbdf69e61d461a8e6f2a0bbf5a0/4445/14456481/7/Toyota-Camry-2025.jpg'},{url:'https://imagescdn.d2cmedia.ca/cb2c689bbdf69e61d461a8e6f2a0bbf5a0/4445/14456481/8/Toyota-Camry-2025.jpg'},{url:'https://imagescdn.d2cmedia.ca/cb2c689bbdf69e61d461a8e6f2a0bbf5a0/4445/14456481/9/Toyota-Camry-2025.jpg'}]",53201,KM,https://www.mapletoyota.com/used/2025-Toyota-Camry-id14456481.html,2025 Toyota Camry SE Upgrade - CLEAN CarFax at Maple Toyota,37398 CAD,Used,Black,,4445,Maple Toyota,+1-905 417-9100,"{addr1: ' 88 Auto Vaughan Drive', city: 'Maple', region: 'Ontario', postal_code: 'L6A 4A1', country: 'CA'}",43.836376294666834,-79.53494482023926,173362986037805,,,,https://www.mapletoyota.com/privacy-policy.html,Used,4445,,37398 CAD,Free,
2T3R1RFV2RC466261,2T3R1RFV2RC466261,26-2162A,Toyota,RAV4,XLE AWD,2024,AUTOMATIC,SUV,GASOLINE,AWD,2024 Toyota RAV4 XLE AWD. Used 2024 Toyota RAV4 for sale in Maple. Financing available.,"[{url:'https://imagescdn.d2cmedia.ca/cbe6a061face24d84f0379d91acd49a8a2/4445/14463108/1/Toyota-RAV4-2024.jpg'},{url:'https://imagescdn.d2cmedia.ca/s8e6a061face24d84f0379d91acd49a8a2/4445/14463108/1/Toyota-RAV4-2024.jpg'},{url:'https://imagescdn.d2cmedia.ca/cbe6a061face24d84f0379d91acd49a8a2/4445/14463108/2/Toyota-RAV4-2024.jpg'},{url:'https://imagescdn.d2cmedia.ca/cbe6a061face24d84f0379d91acd49a8a2/4445/14463108/3/Toyota-RAV4-2024.jpg'},{url:'https://imagescdn.d2cmedia.ca/cbe6a061face24d84f0379d91acd49a8a2/4445/14463108/4/Toyota-RAV4-2024.jpg'},{url:'https://imagescdn.d2cmedia.ca/cbe6a061face24d84f0379d91acd49a8a2/4445/14463108/5/Toyota-RAV4-2024.jpg'},{url:'https://imagescdn.d2cmedia.ca/cbe6a061face24d84f0379d91acd49a8a2/4445/14463108/6/Toyota-RAV4-2024.jpg'},{url:'https://imagescdn.d2cmedia.ca/cbe6a061face24d84f0379d91acd49a8a2/4445/14463108/7/Toyota-RAV4-2024.jpg'},{url:'https://imagescdn.d2cmedia.ca/cbe6a061face24d84f0379d91acd49a8a2/4445/14463108/8/Toyota-RAV4-2024.jpg'},{url:'https://imagescdn.d2cmedia.ca/cbe6a061face24d84f0379d91acd49a8a2/4445/14463108/9/Toyota-RAV4-2024.jpg'}]",22762,KM,https://www.mapletoyota.com/used/2024-Toyota-RAV4-id14463108.html,2024 Toyota RAV4 XLE AWD at Maple Toyota,37489 CAD,Used,Magnetic Grey,,4445,Maple Toyota,+1-905 417-9100,"{addr1: ' 88 Auto Vaughan Drive', city: 'Maple', region: 'Ontario', postal_code: 'L6A 4A1', country: 'CA'}",43.836376294666834,-79.53494482023926,173362986037805,,,,https://www.mapletoyota.com/privacy-policy.html,Used,4445,,37489 CAD,Free,
5TDGZRBHXMS106289,5TDGZRBHXMS106289,26-2177A,Toyota,Highlander,XLE AWD 8-Passenger,2021,AUTOMATIC,SUV,GASOLINE,AWD,2021 Toyota Highlander XLE AWD 8-Passenger. Used 2021 Toyota Highlander for sale in Maple. Financing available.,"[{url:'https://imagescdn.d2cmedia.ca/cba6b4088480baa3af2c029f353e8e84d1/4445/14463111/1/Toyota-Highlander-2021.jpg'},{url:'https://imagescdn.d2cmedia.ca/s8a6b4088480baa3af2c029f353e8e84d1/4445/14463111/1/Toyota-Highlander-2021.jpg'},{url:'https://imagescdn.d2cmedia.ca/cba6b4088480baa3af2c029f353e8e84d1/4445/14463111/2/Toyota-Highlander-2021.jpg'},{url:'https://imagescdn.d2cmedia.ca/cba6b4088480baa3af2c029f353e8e84d1/4445/14463111/3/Toyota-Highlander-2021.jpg'},{url:'https://imagescdn.d2cmedia.ca/cba6b4088480baa3af2c029f353e8e84d1/4445/14463111/4/Toyota-Highlander-2021.jpg'},{url:'https://imagescdn.d2cmedia.ca/cba6b4088480baa3af2c029f353e8e84d1/4445/14463111/5/Toyota-Highlander-2021.jpg'},{url:'https://imagescdn.d2cmedia.ca/cba6b4088480baa3af2c029f353e8e84d1/4445/14463111/6/Toyota-Highlander-2021.jpg'},{url:'https://imagescdn.d2cmedia.ca/cba6b4088480baa3af2c029f353e8e84d1/4445/14463111/7/Toyota-Highlander-2021.jpg'},{url:'https://imagescdn.d2cmedia.ca/cba6b4088480baa3af2c029f353e8e84d1/4445/14463111/8/Toyota-Highlander-2021.jpg'},{url:'https://imagescdn.d2cmedia.ca/cba6b4088480baa3af2c029f353e8e84d1/4445/14463111/9/Toyota-Highlander-2021.jpg'}]",28112,KM,https://www.mapletoyota.com/used/2021-Toyota-Highlander-id14463111.html,2021 Toyota Highlander XLE AWD 8-Passenger at Maple Toyota,38798 CAD,Used,Silver,,4445,Maple Toyota,+1-905 417-9100,"{addr1: ' 88 Auto Vaughan Drive', city: 'Maple', region: 'Ontario', postal_code: 'L6A 4A1', country: 'CA'}",43.836376294666834,-79.53494482023926,173362986037805,,,,https://www.mapletoyota.com/privacy-policy.html,Used,4445,,38798 CAD,Free,
2T3R1RFV1RW444346,2T3R1RFV1RW444346,26-2192A,Toyota,RAV4,XLE Premium AWD - CLEAN CarFax,2024,AUTOMATIC,SUV,GASOLINE,AWD,2024 Toyota RAV4 XLE Premium AWD - CLEAN CarFax. Used 2024 Toyota RAV4 for sale in Maple. Financing available.,"[{url:'https://imagescdn.d2cmedia.ca/cb652a5d9a282b4ed66897ed897cc291a6/4445/14491468/1/Toyota-RAV4-2024.jpg'},{url:'https://imagescdn.d2cmedia.ca/s8652a5d9a282b4ed66897ed897cc291a6/4445/14491468/1/Toyota-RAV4-2024.jpg'},{url:'https://imagescdn.d2cmedia.ca/cb652a5d9a282b4ed66897ed897cc291a6/4445/14491468/2/Toyota-RAV4-2024.jpg'},{url:'https://imagescdn.d2cmedia.ca/cb652a5d9a282b4ed66897ed897cc291a6/4445/14491468/3/Toyota-RAV4-2024.jpg'},{url:'https://imagescdn.d2cmedia.ca/cb652a5d9a282b4ed66897ed897cc291a6/4445/14491468/4/Toyota-RAV4-2024.jpg'},{url:'https://imagescdn.d2cmedia.ca/cb652a5d9a282b4ed66897ed897cc291a6/4445/14491468/5/Toyota-RAV4-2024.jpg'},{url:'https://imagescdn.d2cmedia.ca/cb652a5d9a282b4ed66897ed897cc291a6/4445/14491468/6/Toyota-RAV4-2024.jpg'},{url:'https://imagescdn.d2cmedia.ca/cb652a5d9a282b4ed66897ed897cc291a6/4445/14491468/7/Toyota-RAV4-2024.jpg'},{url:'https://imagescdn.d2cmedia.ca/cb652a5d9a282b4ed66897ed897cc291a6/4445/14491468/8/Toyota-RAV4-2024.jpg'},{url:'https://imagescdn.d2cmedia.ca/cb652a5d9a282b4ed66897ed897cc291a6/4445/14491468/9/Toyota-RAV4-2024.jpg'}]",17265,KM,https://www.mapletoyota.com/used/2024-Toyota-RAV4-id14491468.html,2024 Toyota RAV4 XLE Premium AWD - CLEAN CarFax at Maple Toyota,38998 CAD,Used,White,,4445,Maple Toyota,+1-905 417-9100,"{addr1: ' 88 Auto Vaughan Drive', city: 'Maple', region: 'Ontario', postal_code: 'L6A 4A1', country: 'CA'}",43.836376294666834,-79.53494482023926,173362986037805,,,,https://www.mapletoyota.com/privacy-policy.html,Used,4445,,38998 CAD,Free,
5TDKDRBH2PS501032,5TDKDRBH2PS501032,26-2094A,Toyota,Highlander,XLE AWD 8-Passenger,2023,AUTOMATIC,SUV,GASOLINE,AWD,2023 Toyota Highlander XLE AWD 8-Passenger. Used 2023 Toyota Highlander for sale in Maple. Financing available.,"[{url:'https://imagescdn.d2cmedia.ca/cb6486d0fa41da762eddee7b63c41a27c7/4445/14434259/1/Toyota-Highlander-2023.jpg'},{url:'https://imagescdn.d2cmedia.ca/s86486d0fa41da762eddee7b63c41a27c7/4445/14434259/1/Toyota-Highlander-2023.jpg'},{url:'https://imagescdn.d2cmedia.ca/cb6486d0fa41da762eddee7b63c41a27c7/4445/14434259/2/Toyota-Highlander-2023.jpg'},{url:'https://imagescdn.d2cmedia.ca/cb6486d0fa41da762eddee7b63c41a27c7/4445/14434259/3/Toyota-Highlander-2023.jpg'},{url:'https://imagescdn.d2cmedia.ca/cb6486d0fa41da762eddee7b63c41a27c7/4445/14434259/4/Toyota-Highlander-2023.jpg'},{url:'https://imagescdn.d2cmedia.ca/cb6486d0fa41da762eddee7b63c41a27c7/4445/14434259/5/Toyota-Highlander-2023.jpg'},{url:'https://imagescdn.d2cmedia.ca/cb6486d0fa41da762eddee7b63c41a27c7/4445/14434259/6/Toyota-Highlander-2023.jpg'},{url:'https://imagescdn.d2cmedia.ca/cb6486d0fa41da762eddee7b63c41a27c7/4445/14434259/7/Toyota-Highlander-2023.jpg'},{url:'https://imagescdn.d2cmedia.ca/cb6486d0fa41da762eddee7b63c41a27c7/4445/14434259/8/Toyota-Highlander-2023.jpg'},{url:'https://imagescdn.d2cmedia.ca/cb6486d0fa41da762eddee7b63c41a27c7/4445/14434259/9/Toyota-Highlander-2023.jpg'}]",76431,KM,https://www.mapletoyota.com/used/2023-Toyota-Highlander-id14434259.html,2023 Toyota Highlander XLE AWD 8-Passenger at Maple Toyota,40998 CAD,Used,White,,4445,Maple Toyota,+1-905 417-9100,"{addr1: ' 88 Auto Vaughan Drive', city: 'Maple', region: 'Ontario', postal_code: 'L6A 4A1', country: 'CA'}",43.836376294666834,-79.53494482023926,173362986037805,,,,https://www.mapletoyota.com/privacy-policy.html,Used,4445,,40998 CAD,Free,
2T3R1RFVXSW521284,2T3R1RFVXSW521284,26-2145A,Toyota,RAV4,XLE AWD,2025,AUTOMATIC,SUV,GASOLINE,AWD,2025 Toyota RAV4 XLE AWD. Used 2025 Toyota RAV4 for sale in Maple. Financing available.,"[{url:'https://imagescdn.d2cmedia.ca/cb42a3be8a6b228707c36c48a8b868ec7c/4445/14486527/1/Toyota-RAV4-2025.jpg'},{url:'https://imagescdn.d2cmedia.ca/s842a3be8a6b228707c36c48a8b868ec7c/4445/14486527/1/Toyota-RAV4-2025.jpg'},{url:'https://imagescdn.d2cmedia.ca/cb42a3be8a6b228707c36c48a8b868ec7c/4445/14486527/2/Toyota-RAV4-2025.jpg'},{url:'https://imagescdn.d2cmedia.ca/cb42a3be8a6b228707c36c48a8b868ec7c/4445/14486527/3/Toyota-RAV4-2025.jpg'},{url:'https://imagescdn.d2cmedia.ca/cb42a3be8a6b228707c36c48a8b868ec7c/4445/14486527/4/Toyota-RAV4-2025.jpg'},{url:'https://imagescdn.d2cmedia.ca/cb42a3be8a6b228707c36c48a8b868ec7c/4445/14486527/5/Toyota-RAV4-2025.jpg'},{url:'https://imagescdn.d2cmedia.ca/cb42a3be8a6b228707c36c48a8b868ec7c/4445/14486527/6/Toyota-RAV4-2025.jpg'},{url:'https://imagescdn.d2cmedia.ca/cb42a3be8a6b228707c36c48a8b868ec7c/4445/14486527/7/Toyota-RAV4-2025.jpg'},{url:'https://imagescdn.d2cmedia.ca/cb42a3be8a6b228707c36c48a8b868ec7c/4445/14486527/8/Toyota-RAV4-2025.jpg'},{url:'https://imagescdn.d2cmedia.ca/cb42a3be8a6b228707c36c48a8b868ec7c/4445/14486527/9/Toyota-RAV4-2025.jpg'}]",21712,KM,https://www.mapletoyota.com/used/2025-Toyota-RAV4-id14486527.html,2025 Toyota RAV4 XLE AWD at Maple Toyota,41298 CAD,Used,Blue,,4445,Maple Toyota,+1-905 417-9100,"{addr1: ' 88 Auto Vaughan Drive', city: 'Maple', region: 'Ontario', postal_code: 'L6A 4A1', country: 'CA'}",43.836376294666834,-79.53494482023926,173362986037805,,,,https://www.mapletoyota.com/privacy-policy.html,Used,4445,,41298 CAD,Free,
2T3RWRFV6SW260043,2T3RWRFV6SW260043,26-2144A,Toyota,RAV4,Hybrid XLE AWD,2025,AUTOMATIC,SUV,HYBRID,AWD,2025 Toyota RAV4 Hybrid XLE AWD. Used 2025 Toyota RAV4 for sale in Maple. Financing available.,"[{url:'https://imagescdn.d2cmedia.ca/cbf279f9da1a39999059750b97f0e7b906/4445/14486525/1/Toyota-RAV4 Hybrid-2025.jpg'},{url:'https://imagescdn.d2cmedia.ca/s8f279f9da1a39999059750b97f0e7b906/4445/14486525/1/Toyota-RAV4-2025.jpg'},{url:'https://imagescdn.d2cmedia.ca/cbf279f9da1a39999059750b97f0e7b906/4445/14486525/1/Toyota-RAV4-2025.jpg'},{url:'https://imagescdn.d2cmedia.ca/cbf279f9da1a39999059750b97f0e7b906/4445/14486525/2/Toyota-RAV4-2025.jpg'},{url:'https://imagescdn.d2cmedia.ca/cbf279f9da1a39999059750b97f0e7b906/4445/14486525/3/Toyota-RAV4-2025.jpg'},{url:'https://imagescdn.d2cmedia.ca/cbf279f9da1a39999059750b97f0e7b906/4445/14486525/4/Toyota-RAV4-2025.jpg'},{url:'https://imagescdn.d2cmedia.ca/cbf279f9da1a39999059750b97f0e7b906/4445/14486525/5/Toyota-RAV4-2025.jpg'},{url:'https://imagescdn.d2cmedia.ca/cbf279f9da1a39999059750b97f0e7b906/4445/14486525/6/Toyota-RAV4-2025.jpg'},{url:'https://imagescdn.d2cmedia.ca/cbf279f9da1a39999059750b97f0e7b906/4445/14486525/7/Toyota-RAV4-2025.jpg'},{url:'https://imagescdn.d2cmedia.ca/cbf279f9da1a39999059750b97f0e7b906/4445/14486525/8/Toyota-RAV4-2025.jpg'}]",55068,KM,https://www.mapletoyota.com/used/2025-Toyota-RAV4-id14486525.html,2025 Toyota RAV4 Hybrid XLE AWD at Maple Toyota,41998 CAD,Used,White,,4445,Maple Toyota,+1-905 417-9100,"{addr1: ' 88 Auto Vaughan Drive', city: 'Maple', region: 'Ontario', postal_code: 'L6A 4A1', country: 'CA'}",43.836376294666834,-79.53494482023926,173362986037805,,,,https://www.mapletoyota.com/privacy-policy.html,Used,4445,,41998 CAD,Free,
2T3RWRFV6SW254243,2T3RWRFV6SW254243,26-2013A,Toyota,RAV4,Hybrid XLE AWD - CLEAN CarFax,2025,AUTOMATIC,SUV,HYBRID,AWD,2025 Toyota RAV4 Hybrid XLE AWD - CLEAN CarFax. Used 2025 Toyota RAV4 for sale in Maple. Financing available.,"[{url:'https://imagescdn.d2cmedia.ca/cb1ce2e20a7f920d0477f291848d9154fb/4445/14393746/1/Toyota-RAV4 Hybrid-2025.jpg'},{url:'https://imagescdn.d2cmedia.ca/s81ce2e20a7f920d0477f291848d9154fb/4445/14393746/1/Toyota-RAV4-2025.jpg'},{url:'https://imagescdn.d2cmedia.ca/cb1ce2e20a7f920d0477f291848d9154fb/4445/14393746/1/Toyota-RAV4-2025.jpg'},{url:'https://imagescdn.d2cmedia.ca/cb1ce2e20a7f920d0477f291848d9154fb/4445/14393746/2/Toyota-RAV4-2025.jpg'},{url:'https://imagescdn.d2cmedia.ca/cb1ce2e20a7f920d0477f291848d9154fb/4445/14393746/3/Toyota-RAV4-2025.jpg'},{url:'https://imagescdn.d2cmedia.ca/cb1ce2e20a7f920d0477f291848d9154fb/4445/14393746/4/Toyota-RAV4-2025.jpg'},{url:'https://imagescdn.d2cmedia.ca/cb1ce2e20a7f920d0477f291848d9154fb/4445/14393746/5/Toyota-RAV4-2025.jpg'},{url:'https://imagescdn.d2cmedia.ca/cb1ce2e20a7f920d0477f291848d9154fb/4445/14393746/6/Toyota-RAV4-2025.jpg'},{url:'https://imagescdn.d2cmedia.ca/cb1ce2e20a7f920d0477f291848d9154fb/4445/14393746/7/Toyota-RAV4-2025.jpg'},{url:'https://imagescdn.d2cmedia.ca/cb1ce2e20a7f920d0477f291848d9154fb/4445/14393746/8/Toyota-RAV4-2025.jpg'}]",46374,KM,https://www.mapletoyota.com/used/2025-Toyota-RAV4-id14393746.html,2025 Toyota RAV4 Hybrid XLE AWD - CLEAN CarFax at Maple Toyota,42598 CAD,Used,White,,4445,Maple Toyota,+1-905 417-9100,"{addr1: ' 88 Auto Vaughan Drive', city: 'Maple', region: 'Ontario', postal_code: 'L6A 4A1', country: 'CA'}",43.836376294666834,-79.53494482023926,173362986037805,,,,https://www.mapletoyota.com/privacy-policy.html,Used,4445,,42598 CAD,Free,
2T3DWRFV7PW159255,2T3DWRFV7PW159255,26-2189A,Toyota,RAV4,Hybrid Limited AWD - CLEAN CarFax,2023,AUTOMATIC,SUV,HYBRID,AWD,2023 Toyota RAV4 Hybrid Limited AWD - CLEAN CarFax. Used 2023 Toyota RAV4 for sale in Maple. Financing available.,"[{url:'https://imagescdn.d2cmedia.ca/cb75e2f1a9701e71a5544d718360a28d6b/4445/14480168/1/Toyota-RAV4 Hybrid-2023.jpg'},{url:'https://imagescdn.d2cmedia.ca/s875e2f1a9701e71a5544d718360a28d6b/4445/14480168/1/Toyota-RAV4-2023.jpg'},{url:'https://imagescdn.d2cmedia.ca/cb75e2f1a9701e71a5544d718360a28d6b/4445/14480168/1/Toyota-RAV4-2023.jpg'},{url:'https://imagescdn.d2cmedia.ca/cb75e2f1a9701e71a5544d718360a28d6b/4445/14480168/2/Toyota-RAV4-2023.jpg'},{url:'https://imagescdn.d2cmedia.ca/cb75e2f1a9701e71a5544d718360a28d6b/4445/14480168/3/Toyota-RAV4-2023.jpg'},{url:'https://imagescdn.d2cmedia.ca/cb75e2f1a9701e71a5544d718360a28d6b/4445/14480168/4/Toyota-RAV4-2023.jpg'},{url:'https://imagescdn.d2cmedia.ca/cb75e2f1a9701e71a5544d718360a28d6b/4445/14480168/5/Toyota-RAV4-2023.jpg'},{url:'https://imagescdn.d2cmedia.ca/cb75e2f1a9701e71a5544d718360a28d6b/4445/14480168/6/Toyota-RAV4-2023.jpg'},{url:'https://imagescdn.d2cmedia.ca/cb75e2f1a9701e71a5544d718360a28d6b/4445/14480168/7/Toyota-RAV4-2023.jpg'},{url:'https://imagescdn.d2cmedia.ca/cb75e2f1a9701e71a5544d718360a28d6b/4445/14480168/8/Toyota-RAV4-2023.jpg'}]",53274,KM,https://www.mapletoyota.com/used/2023-Toyota-RAV4-id14480168.html,2023 Toyota RAV4 Hybrid Limited AWD - CLEAN CarFax at Maple Toyota,42998 CAD,Used,White,,4445,Maple Toyota,+1-905 417-9100,"{addr1: ' 88 Auto Vaughan Drive', city: 'Maple', region: 'Ontario', postal_code: 'L6A 4A1', country: 'CA'}",43.836376294666834,-79.53494482023926,173362986037805,,,,https://www.mapletoyota.com/privacy-policy.html,Used,4445,,42998 CAD,Free,
2T35WRFV2RW219434,2T35WRFV2RW219434,26-2042A,Toyota,RAV4,Hybrid XSE Technology - CLEAN CarFax,2024,AUTOMATIC,SUV,HYBRID,AWD,2024 Toyota RAV4 Hybrid XSE Technology - CLEAN CarFax. Used 2024 Toyota RAV4 for sale in Maple. Financing available.,"[{url:'https://imagescdn.d2cmedia.ca/cb43bdf14c5a9a84f209b3b25ec6064048/4445/14355515/1/Toyota-RAV4 Hybrid-2024.jpg'},{url:'https://imagescdn.d2cmedia.ca/s843bdf14c5a9a84f209b3b25ec6064048/4445/14355515/1/Toyota-RAV4-2024.jpg'},{url:'https://imagescdn.d2cmedia.ca/cb43bdf14c5a9a84f209b3b25ec6064048/4445/14355515/1/Toyota-RAV4-2024.jpg'},{url:'https://imagescdn.d2cmedia.ca/cb43bdf14c5a9a84f209b3b25ec6064048/4445/14355515/2/Toyota-RAV4-2024.jpg'},{url:'https://imagescdn.d2cmedia.ca/cb43bdf14c5a9a84f209b3b25ec6064048/4445/14355515/3/Toyota-RAV4-2024.jpg'},{url:'https://imagescdn.d2cmedia.ca/cb43bdf14c5a9a84f209b3b25ec6064048/4445/14355515/4/Toyota-RAV4-2024.jpg'},{url:'https://imagescdn.d2cmedia.ca/cb43bdf14c5a9a84f209b3b25ec6064048/4445/14355515/5/Toyota-RAV4-2024.jpg'},{url:'https://imagescdn.d2cmedia.ca/cb43bdf14c5a9a84f209b3b25ec6064048/4445/14355515/6/Toyota-RAV4-2024.jpg'},{url:'https://imagescdn.d2cmedia.ca/cb43bdf14c5a9a84f209b3b25ec6064048/4445/14355515/7/Toyota-RAV4-2024.jpg'},{url:'https://imagescdn.d2cmedia.ca/cb43bdf14c5a9a84f209b3b25ec6064048/4445/14355515/8/Toyota-RAV4-2024.jpg'}]",40927,KM,https://www.mapletoyota.com/used/2024-Toyota-RAV4-id14355515.html,2024 Toyota RAV4 Hybrid XSE Technology - CLEAN CarFax at Maple Toyota,47388 CAD,Used,White,,4445,Maple Toyota,+1-905 417-9100,"{addr1: ' 88 Auto Vaughan Drive', city: 'Maple', region: 'Ontario', postal_code: 'L6A 4A1', country: 'CA'}",43.836376294666834,-79.53494482023926,173362986037805,,,,https://www.mapletoyota.com/privacy-policy.html,Used,4445,,47388 CAD,Free,
JTNABAAE5SA019442,JTNABAAE5SA019442,26-1768A,Toyota,GR Corolla,AWD - CLEAN CarFax,2025,MANUAL,SUV,GASOLINE,AWD,2025 Toyota GR Corolla AWD - CLEAN CarFax. Used 2025 Toyota GR Corolla for sale in Maple. Financing available.,"[{url:'https://imagescdn.d2cmedia.ca/cb07405ecb9b399201b2614256770cfd34/4445/14329136/1/Toyota-GR Corolla-2025.jpg'},{url:'https://imagescdn.d2cmedia.ca/s807405ecb9b399201b2614256770cfd34/4445/14329136/1/Toyota-GR_Corolla-2025.jpg'},{url:'https://imagescdn.d2cmedia.ca/cb07405ecb9b399201b2614256770cfd34/4445/14329136/1/Toyota-GR_Corolla-2025.jpg'},{url:'https://imagescdn.d2cmedia.ca/cb07405ecb9b399201b2614256770cfd34/4445/14329136/2/Toyota-GR_Corolla-2025.jpg'},{url:'https://imagescdn.d2cmedia.ca/cb07405ecb9b399201b2614256770cfd34/4445/14329136/3/Toyota-GR_Corolla-2025.jpg'},{url:'https://imagescdn.d2cmedia.ca/cb07405ecb9b399201b2614256770cfd34/4445/14329136/4/Toyota-GR_Corolla-2025.jpg'},{url:'https://imagescdn.d2cmedia.ca/cb07405ecb9b399201b2614256770cfd34/4445/14329136/5/Toyota-GR_Corolla-2025.jpg'},{url:'https://imagescdn.d2cmedia.ca/cb07405ecb9b399201b2614256770cfd34/4445/14329136/6/Toyota-GR_Corolla-2025.jpg'},{url:'https://imagescdn.d2cmedia.ca/cb07405ecb9b399201b2614256770cfd34/4445/14329136/7/Toyota-GR_Corolla-2025.jpg'},{url:'https://imagescdn.d2cmedia.ca/cb07405ecb9b399201b2614256770cfd34/4445/14329136/8/Toyota-GR_Corolla-2025.jpg'}]",7061,KM,https://www.mapletoyota.com/used/2025-Toyota-GR_Corolla-id14329136.html,2025 Toyota GR Corolla AWD - CLEAN CarFax at Maple Toyota,48588 CAD,Used,White,,4445,Maple Toyota,+1-905 417-9100,"{addr1: ' 88 Auto Vaughan Drive', city: 'Maple', region: 'Ontario', postal_code: 'L6A 4A1', country: 'CA'}",43.836376294666834,-79.53494482023926,173362986037805,,,,https://www.mapletoyota.com/privacy-policy.html,Used,4445,,48588 CAD,Free,
5TDGRKEC0TS291491,5TDGRKEC0TS291491,26-2204A,Toyota,Sienna,Hybrid XLE 8-Passenger,2026,AUTOMATIC,SUV,HYBRID,FWD,2026 Toyota Sienna Hybrid XLE 8-Passenger. Used 2026 Toyota Sienna for sale in Maple. Financing available.,"[{url:'https://imagescdn.d2cmedia.ca/cb87b6c7b2eeb520b748c080b132b8f69f/4445/14486526/1/Toyota-Sienna-2026.jpg'},{url:'https://imagescdn.d2cmedia.ca/s887b6c7b2eeb520b748c080b132b8f69f/4445/14486526/1/Toyota-Sienna-2026.jpg'},{url:'https://imagescdn.d2cmedia.ca/cb87b6c7b2eeb520b748c080b132b8f69f/4445/14486526/2/Toyota-Sienna-2026.jpg'},{url:'https://imagescdn.d2cmedia.ca/cb87b6c7b2eeb520b748c080b132b8f69f/4445/14486526/3/Toyota-Sienna-2026.jpg'},{url:'https://imagescdn.d2cmedia.ca/cb87b6c7b2eeb520b748c080b132b8f69f/4445/14486526/4/Toyota-Sienna-2026.jpg'},{url:'https://imagescdn.d2cmedia.ca/cb87b6c7b2eeb520b748c080b132b8f69f/4445/14486526/5/Toyota-Sienna-2026.jpg'},{url:'https://imagescdn.d2cmedia.ca/cb87b6c7b2eeb520b748c080b132b8f69f/4445/14486526/6/Toyota-Sienna-2026.jpg'},{url:'https://imagescdn.d2cmedia.ca/cb87b6c7b2eeb520b748c080b132b8f69f/4445/14486526/7/Toyota-Sienna-2026.jpg'},{url:'https://imagescdn.d2cmedia.ca/cb87b6c7b2eeb520b748c080b132b8f69f/4445/14486526/8/Toyota-Sienna-2026.jpg'},{url:'https://imagescdn.d2cmedia.ca/cb87b6c7b2eeb520b748c080b132b8f69f/4445/14486526/9/Toyota-Sienna-2026.jpg'}]",92637,KM,https://www.mapletoyota.com/used/2026-Toyota-Sienna-id14486526.html,2026 Toyota Sienna Hybrid XLE 8-Passenger at Maple Toyota,49998 CAD,Used,White,,4445,Maple Toyota,+1-905 417-9100,"{addr1: ' 88 Auto Vaughan Drive', city: 'Maple', region: 'Ontario', postal_code: 'L6A 4A1', country: 'CA'}",43.836376294666834,-79.53494482023926,173362986037805,,,,https://www.mapletoyota.com/privacy-policy.html,Used,4445,,49998 CAD,Free,
JTMGB3FV6SD262940,JTMGB3FV6SD262940,26-2191A,Toyota,RAV4 Plug-In Hybrid,SE AWD,2025,AUTOMATIC,SUV,HYBRID,AWD,2025 Toyota RAV4 Plug-In Hybrid SE AWD. Used 2025 Toyota RAV4 Plug-In Hybrid for sale in Maple. Financing available.,"[{url:'https://imagescdn.d2cmedia.ca/cbbc13964f3883f97d18e8e8c3a4196905/4445/14449657/1/Toyota-RAV4 Plug_In Hybrid-2025.jpg'},{url:'https://imagescdn.d2cmedia.ca/s8bc13964f3883f97d18e8e8c3a4196905/4445/14449657/1/Toyota-RAV4_Plug_In_Hybrid-2025.jpg'},{url:'https://imagescdn.d2cmedia.ca/cbbc13964f3883f97d18e8e8c3a4196905/4445/14449657/1/Toyota-RAV4_Plug_In_Hybrid-2025.jpg'},{url:'https://imagescdn.d2cmedia.ca/cbbc13964f3883f97d18e8e8c3a4196905/4445/14449657/2/Toyota-RAV4_Plug_In_Hybrid-2025.jpg'},{url:'https://imagescdn.d2cmedia.ca/cbbc13964f3883f97d18e8e8c3a4196905/4445/14449657/3/Toyota-RAV4_Plug_In_Hybrid-2025.jpg'},{url:'https://imagescdn.d2cmedia.ca/cbbc13964f3883f97d18e8e8c3a4196905/4445/14449657/4/Toyota-RAV4_Plug_In_Hybrid-2025.jpg'},{url:'https://imagescdn.d2cmedia.ca/cbbc13964f3883f97d18e8e8c3a4196905/4445/14449657/5/Toyota-RAV4_Plug_In_Hybrid-2025.jpg'},{url:'https://imagescdn.d2cmedia.ca/cbbc13964f3883f97d18e8e8c3a4196905/4445/14449657/6/Toyota-RAV4_Plug_In_Hybrid-2025.jpg'},{url:'https://imagescdn.d2cmedia.ca/cbbc13964f3883f97d18e8e8c3a4196905/4445/14449657/7/Toyota-RAV4_Plug_In_Hybrid-2025.jpg'},{url:'https://imagescdn.d2cmedia.ca/cbbc13964f3883f97d18e8e8c3a4196905/4445/14449657/8/Toyota-RAV4_Plug_In_Hybrid-2025.jpg'}]",27242,KM,https://www.mapletoyota.com/used/2025-Toyota-RAV4_Plug_In_Hybrid-id14449657.html,2025 Toyota RAV4 Plug-In Hybrid SE AWD at Maple Toyota,50798 CAD,Used,White,,4445,Maple Toyota,+1-905 417-9100,"{addr1: ' 88 Auto Vaughan Drive', city: 'Maple', region: 'Ontario', postal_code: 'L6A 4A1', country: 'CA'}",43.836376294666834,-79.53494482023926,173362986037805,,,,https://www.mapletoyota.com/privacy-policy.html,Used,4445,,50798 CAD,Free,
5TDGSKFC0RS130649,5TDGSKFC0RS130649,26-2097A,Toyota,Sienna,Hybrid XSE AWD 7-Passenger,2024,AUTOMATIC,SUV,HYBRID,AWD,2024 Toyota Sienna Hybrid XSE AWD 7-Passenger. Used 2024 Toyota Sienna for sale in Maple. Financing available.,"[{url:'https://imagescdn.d2cmedia.ca/cb433d5abe7c7587e7e879c4f1b060c218/4445/14449656/1/Toyota-Sienna-2024.jpg'},{url:'https://imagescdn.d2cmedia.ca/s8433d5abe7c7587e7e879c4f1b060c218/4445/14449656/1/Toyota-Sienna-2024.jpg'},{url:'https://imagescdn.d2cmedia.ca/cb433d5abe7c7587e7e879c4f1b060c218/4445/14449656/2/Toyota-Sienna-2024.jpg'},{url:'https://imagescdn.d2cmedia.ca/cb433d5abe7c7587e7e879c4f1b060c218/4445/14449656/3/Toyota-Sienna-2024.jpg'},{url:'https://imagescdn.d2cmedia.ca/cb433d5abe7c7587e7e879c4f1b060c218/4445/14449656/4/Toyota-Sienna-2024.jpg'},{url:'https://imagescdn.d2cmedia.ca/cb433d5abe7c7587e7e879c4f1b060c218/4445/14449656/5/Toyota-Sienna-2024.jpg'},{url:'https://imagescdn.d2cmedia.ca/cb433d5abe7c7587e7e879c4f1b060c218/4445/14449656/6/Toyota-Sienna-2024.jpg'},{url:'https://imagescdn.d2cmedia.ca/cb433d5abe7c7587e7e879c4f1b060c218/4445/14449656/7/Toyota-Sienna-2024.jpg'},{url:'https://imagescdn.d2cmedia.ca/cb433d5abe7c7587e7e879c4f1b060c218/4445/14449656/8/Toyota-Sienna-2024.jpg'},{url:'https://imagescdn.d2cmedia.ca/cb433d5abe7c7587e7e879c4f1b060c218/4445/14449656/9/Toyota-Sienna-2024.jpg'}]",75297,KM,https://www.mapletoyota.com/used/2024-Toyota-Sienna-id14449656.html,2024 Toyota Sienna Hybrid XSE AWD 7-Passenger at Maple Toyota,51998 CAD,Used,Silver,,4445,Maple Toyota,+1-905 417-9100,"{addr1: ' 88 Auto Vaughan Drive', city: 'Maple', region: 'Ontario', postal_code: 'L6A 4A1', country: 'CA'}",43.836376294666834,-79.53494482023926,173362986037805,,,,https://www.mapletoyota.com/privacy-policy.html,Used,4445,,51998 CAD,Free,
JTDAFAAF1S3011554,JTDAFAAF1S3011554,27-0013A,Toyota,Crown,Platinum Hybrid AWD,2025,AUTOMATIC,SEDAN,HYBRID,AWD,2025 Toyota Crown Platinum Hybrid AWD. Used 2025 Toyota Crown for sale in Maple. Financing available.,"[{url:'https://imagescdn.d2cmedia.ca/cb0540265b381db1c72f5da499d5ee04fe/4445/14387620/1/Toyota-Crown-2025.jpg'},{url:'https://imagescdn.d2cmedia.ca/s80540265b381db1c72f5da499d5ee04fe/4445/14387620/1/Toyota-Crown-2025.jpg'},{url:'https://imagescdn.d2cmedia.ca/cb0540265b381db1c72f5da499d5ee04fe/4445/14387620/2/Toyota-Crown-2025.jpg'},{url:'https://imagescdn.d2cmedia.ca/cb0540265b381db1c72f5da499d5ee04fe/4445/14387620/3/Toyota-Crown-2025.jpg'},{url:'https://imagescdn.d2cmedia.ca/cb0540265b381db1c72f5da499d5ee04fe/4445/14387620/4/Toyota-Crown-2025.jpg'},{url:'https://imagescdn.d2cmedia.ca/cb0540265b381db1c72f5da499d5ee04fe/4445/14387620/5/Toyota-Crown-2025.jpg'},{url:'https://imagescdn.d2cmedia.ca/cb0540265b381db1c72f5da499d5ee04fe/4445/14387620/6/Toyota-Crown-2025.jpg'},{url:'https://imagescdn.d2cmedia.ca/cb0540265b381db1c72f5da499d5ee04fe/4445/14387620/7/Toyota-Crown-2025.jpg'},{url:'https://imagescdn.d2cmedia.ca/cb0540265b381db1c72f5da499d5ee04fe/4445/14387620/8/Toyota-Crown-2025.jpg'},{url:'https://imagescdn.d2cmedia.ca/cb0540265b381db1c72f5da499d5ee04fe/4445/14387620/9/Toyota-Crown-2025.jpg'}]",29297,KM,https://www.mapletoyota.com/used/2025-Toyota-Crown-id14387620.html,2025 Toyota Crown Platinum Hybrid AWD at Maple Toyota,53188 CAD,Used,Heavy Metal,,4445,Maple Toyota,+1-905 417-9100,"{addr1: ' 88 Auto Vaughan Drive', city: 'Maple', region: 'Ontario', postal_code: 'L6A 4A1', country: 'CA'}",43.836376294666834,-79.53494482023926,173362986037805,,,,https://www.mapletoyota.com/privacy-policy.html,Used,4445,,53188 CAD,Free,
5TDGSKFC8SS184853,5TDGSKFC8SS184853,26-2009A,Toyota,Sienna,Hybrid LE AWD 8-Passenger - CLEAN CarFax,2025,AUTOMATIC,SUV,HYBRID,AWD,2025 Toyota Sienna Hybrid LE AWD 8-Passenger - CLEAN CarFax. Used 2025 Toyota Sienna for sale in Maple. Financing available.,"[{url:'https://imagescdn.d2cmedia.ca/cb3b91b71806906307220095b851988337/4445/14306023/1/Toyota-Sienna-2025.jpg'},{url:'https://imagescdn.d2cmedia.ca/s83b91b71806906307220095b851988337/4445/14306023/1/Toyota-Sienna-2025.jpg'},{url:'https://imagescdn.d2cmedia.ca/cb3b91b71806906307220095b851988337/4445/14306023/2/Toyota-Sienna-2025.jpg'},{url:'https://imagescdn.d2cmedia.ca/cb3b91b71806906307220095b851988337/4445/14306023/3/Toyota-Sienna-2025.jpg'},{url:'https://imagescdn.d2cmedia.ca/cb3b91b71806906307220095b851988337/4445/14306023/4/Toyota-Sienna-2025.jpg'},{url:'https://imagescdn.d2cmedia.ca/cb3b91b71806906307220095b851988337/4445/14306023/5/Toyota-Sienna-2025.jpg'},{url:'https://imagescdn.d2cmedia.ca/cb3b91b71806906307220095b851988337/4445/14306023/6/Toyota-Sienna-2025.jpg'},{url:'https://imagescdn.d2cmedia.ca/cb3b91b71806906307220095b851988337/4445/14306023/7/Toyota-Sienna-2025.jpg'},{url:'https://imagescdn.d2cmedia.ca/cb3b91b71806906307220095b851988337/4445/14306023/8/Toyota-Sienna-2025.jpg'},{url:'https://imagescdn.d2cmedia.ca/cb3b91b71806906307220095b851988337/4445/14306023/9/Toyota-Sienna-2025.jpg'}]",22778,KM,https://www.mapletoyota.com/used/2025-Toyota-Sienna-id14306023.html,2025 Toyota Sienna Hybrid LE AWD 8-Passenger - CLEAN CarFax at Maple Toyota,54598 CAD,Used,Black,,4445,Maple Toyota,+1-905 417-9100,"{addr1: ' 88 Auto Vaughan Drive', city: 'Maple', region: 'Ontario', postal_code: 'L6A 4A1', country: 'CA'}",43.836376294666834,-79.53494482023926,173362986037805,,,,https://www.mapletoyota.com/privacy-policy.html,Used,4445,,54598 CAD,Free,
5TDGSKFC8PS077017,5TDGSKFC8PS077017,26-2118A,Toyota,Sienna,Hybrid XSE AWD 7-passenger,2023,AUTOMATIC,SUV,HYBRID,AWD,2023 Toyota Sienna Hybrid XSE AWD 7-passenger. Used 2023 Toyota Sienna for sale in Maple. Financing available.,"[{url:'https://imagescdn.d2cmedia.ca/cb9b78a5af037a666bb2aa7819f2423ec8/4445/14456483/1/Toyota-Sienna-2023.jpg'},{url:'https://imagescdn.d2cmedia.ca/s89b78a5af037a666bb2aa7819f2423ec8/4445/14456483/1/Toyota-Sienna-2023.jpg'},{url:'https://imagescdn.d2cmedia.ca/cb9b78a5af037a666bb2aa7819f2423ec8/4445/14456483/2/Toyota-Sienna-2023.jpg'},{url:'https://imagescdn.d2cmedia.ca/cb9b78a5af037a666bb2aa7819f2423ec8/4445/14456483/3/Toyota-Sienna-2023.jpg'},{url:'https://imagescdn.d2cmedia.ca/cb9b78a5af037a666bb2aa7819f2423ec8/4445/14456483/4/Toyota-Sienna-2023.jpg'},{url:'https://imagescdn.d2cmedia.ca/cb9b78a5af037a666bb2aa7819f2423ec8/4445/14456483/5/Toyota-Sienna-2023.jpg'},{url:'https://imagescdn.d2cmedia.ca/cb9b78a5af037a666bb2aa7819f2423ec8/4445/14456483/6/Toyota-Sienna-2023.jpg'},{url:'https://imagescdn.d2cmedia.ca/cb9b78a5af037a666bb2aa7819f2423ec8/4445/14456483/7/Toyota-Sienna-2023.jpg'},{url:'https://imagescdn.d2cmedia.ca/cb9b78a5af037a666bb2aa7819f2423ec8/4445/14456483/8/Toyota-Sienna-2023.jpg'},{url:'https://imagescdn.d2cmedia.ca/cb9b78a5af037a666bb2aa7819f2423ec8/4445/14456483/9/Toyota-Sienna-2023.jpg'}]",66703,KM,https://www.mapletoyota.com/used/2023-Toyota-Sienna-id14456483.html,2023 Toyota Sienna Hybrid XSE AWD 7-passenger at Maple Toyota,54798 CAD,Used,White,,4445,Maple Toyota,+1-905 417-9100,"{addr1: ' 88 Auto Vaughan Drive', city: 'Maple', region: 'Ontario', postal_code: 'L6A 4A1', country: 'CA'}",43.836376294666834,-79.53494482023926,173362986037805,,,,https://www.mapletoyota.com/privacy-policy.html,Used,4445,,54798 CAD,Free,
5TDGRKEC4SS252773,5TDGRKEC4SS252773,26-2198A,Toyota,Sienna,Hybrid XLE 8-Passenger,2025,AUTOMATIC,SUV,HYBRID,FWD,2025 Toyota Sienna Hybrid XLE 8-Passenger. Used 2025 Toyota Sienna for sale in Maple. Financing available.,"[{url:'https://imagescdn.d2cmedia.ca/cb49c808fd9455272abb955695f3c6bf20/4445/14470473/1/Toyota-Sienna-2025.jpg'},{url:'https://imagescdn.d2cmedia.ca/s849c808fd9455272abb955695f3c6bf20/4445/14470473/1/Toyota-Sienna-2025.jpg'},{url:'https://imagescdn.d2cmedia.ca/cb49c808fd9455272abb955695f3c6bf20/4445/14470473/2/Toyota-Sienna-2025.jpg'},{url:'https://imagescdn.d2cmedia.ca/cb49c808fd9455272abb955695f3c6bf20/4445/14470473/3/Toyota-Sienna-2025.jpg'},{url:'https://imagescdn.d2cmedia.ca/cb49c808fd9455272abb955695f3c6bf20/4445/14470473/4/Toyota-Sienna-2025.jpg'},{url:'https://imagescdn.d2cmedia.ca/cb49c808fd9455272abb955695f3c6bf20/4445/14470473/5/Toyota-Sienna-2025.jpg'},{url:'https://imagescdn.d2cmedia.ca/cb49c808fd9455272abb955695f3c6bf20/4445/14470473/6/Toyota-Sienna-2025.jpg'},{url:'https://imagescdn.d2cmedia.ca/cb49c808fd9455272abb955695f3c6bf20/4445/14470473/7/Toyota-Sienna-2025.jpg'},{url:'https://imagescdn.d2cmedia.ca/cb49c808fd9455272abb955695f3c6bf20/4445/14470473/8/Toyota-Sienna-2025.jpg'},{url:'https://imagescdn.d2cmedia.ca/cb49c808fd9455272abb955695f3c6bf20/4445/14470473/9/Toyota-Sienna-2025.jpg'}]",18704,KM,https://www.mapletoyota.com/used/2025-Toyota-Sienna-id14470473.html,2025 Toyota Sienna Hybrid XLE 8-Passenger at Maple Toyota,55798 CAD,Used,Silver,,4445,Maple Toyota,+1-905 417-9100,"{addr1: ' 88 Auto Vaughan Drive', city: 'Maple', region: 'Ontario', postal_code: 'L6A 4A1', country: 'CA'}",43.836376294666834,-79.53494482023926,173362986037805,,,,https://www.mapletoyota.com/privacy-policy.html,Used,4445,,55798 CAD,Free,
5TDGRKEC0TS307429,5TDGRKEC0TS307429,U3517,Toyota,Sienna,Hybrid XLE 8-Passenger - CLEAN CarFax,2026,AUTOMATIC,SUV,HYBRID,FWD,2026 Toyota Sienna Hybrid XLE 8-Passenger - CLEAN CarFax. Used 2026 Toyota Sienna for sale in Maple. Financing available.,"[{url:'https://imagescdn.d2cmedia.ca/cb91060dce50329b55cbf478a070f21870/4445/14442485/1/Toyota-Sienna-2026.jpg'},{url:'https://imagescdn.d2cmedia.ca/s891060dce50329b55cbf478a070f21870/4445/14442485/1/Toyota-Sienna-2026.jpg'},{url:'https://imagescdn.d2cmedia.ca/cb91060dce50329b55cbf478a070f21870/4445/14442485/2/Toyota-Sienna-2026.jpg'},{url:'https://imagescdn.d2cmedia.ca/cb91060dce50329b55cbf478a070f21870/4445/14442485/3/Toyota-Sienna-2026.jpg'},{url:'https://imagescdn.d2cmedia.ca/cb91060dce50329b55cbf478a070f21870/4445/14442485/4/Toyota-Sienna-2026.jpg'},{url:'https://imagescdn.d2cmedia.ca/cb91060dce50329b55cbf478a070f21870/4445/14442485/5/Toyota-Sienna-2026.jpg'},{url:'https://imagescdn.d2cmedia.ca/cb91060dce50329b55cbf478a070f21870/4445/14442485/6/Toyota-Sienna-2026.jpg'},{url:'https://imagescdn.d2cmedia.ca/cb91060dce50329b55cbf478a070f21870/4445/14442485/7/Toyota-Sienna-2026.jpg'},{url:'https://imagescdn.d2cmedia.ca/cb91060dce50329b55cbf478a070f21870/4445/14442485/8/Toyota-Sienna-2026.jpg'},{url:'https://imagescdn.d2cmedia.ca/cb91060dce50329b55cbf478a070f21870/4445/14442485/9/Toyota-Sienna-2026.jpg'}]",19013,KM,https://www.mapletoyota.com/used/2026-Toyota-Sienna-id14442485.html,2026 Toyota Sienna Hybrid XLE 8-Passenger - CLEAN CarFax at Maple Toyota,56998 CAD,Used,Black,,4445,Maple Toyota,+1-905 417-9100,"{addr1: ' 88 Auto Vaughan Drive', city: 'Maple', region: 'Ontario', postal_code: 'L6A 4A1', country: 'CA'}",43.836376294666834,-79.53494482023926,173362986037805,,,,https://www.mapletoyota.com/privacy-policy.html,Used,4445,,56998 CAD,Free,
5TDGSKFC3RS131214,5TDGSKFC3RS131214,26-2057A,Toyota,Sienna,Hybrid Limited AWD 7-Passenger,2024,AUTOMATIC,SUV,HYBRID,AWD,2024 Toyota Sienna Hybrid Limited AWD 7-Passenger. Used 2024 Toyota Sienna for sale in Maple. Financing available.,"[{url:'https://imagescdn.d2cmedia.ca/cb2a8f9ecf11b8e52f61d9b5f1d379629d/4445/14360903/1/Toyota-Sienna-2024.jpg'},{url:'https://imagescdn.d2cmedia.ca/s82a8f9ecf11b8e52f61d9b5f1d379629d/4445/14360903/1/Toyota-Sienna-2024.jpg'},{url:'https://imagescdn.d2cmedia.ca/cb2a8f9ecf11b8e52f61d9b5f1d379629d/4445/14360903/2/Toyota-Sienna-2024.jpg'},{url:'https://imagescdn.d2cmedia.ca/cb2a8f9ecf11b8e52f61d9b5f1d379629d/4445/14360903/3/Toyota-Sienna-2024.jpg'},{url:'https://imagescdn.d2cmedia.ca/cb2a8f9ecf11b8e52f61d9b5f1d379629d/4445/14360903/4/Toyota-Sienna-2024.jpg'},{url:'https://imagescdn.d2cmedia.ca/cb2a8f9ecf11b8e52f61d9b5f1d379629d/4445/14360903/5/Toyota-Sienna-2024.jpg'},{url:'https://imagescdn.d2cmedia.ca/cb2a8f9ecf11b8e52f61d9b5f1d379629d/4445/14360903/6/Toyota-Sienna-2024.jpg'},{url:'https://imagescdn.d2cmedia.ca/cb2a8f9ecf11b8e52f61d9b5f1d379629d/4445/14360903/7/Toyota-Sienna-2024.jpg'},{url:'https://imagescdn.d2cmedia.ca/cb2a8f9ecf11b8e52f61d9b5f1d379629d/4445/14360903/8/Toyota-Sienna-2024.jpg'},{url:'https://imagescdn.d2cmedia.ca/cb2a8f9ecf11b8e52f61d9b5f1d379629d/4445/14360903/9/Toyota-Sienna-2024.jpg'}]",66721,KM,https://www.mapletoyota.com/used/2024-Toyota-Sienna-id14360903.html,2024 Toyota Sienna Hybrid Limited AWD 7-Passenger at Maple Toyota,58598 CAD,Used,White,,4445,Maple Toyota,+1-905 417-9100,"{addr1: ' 88 Auto Vaughan Drive', city: 'Maple', region: 'Ontario', postal_code: 'L6A 4A1', country: 'CA'}",43.836376294666834,-79.53494482023926,173362986037805,,,,https://www.mapletoyota.com/privacy-policy.html,Used,4445,,58598 CAD,Free,
5TDGSKFC2RS118437,5TDGSKFC2RS118437,U3501,Toyota,Sienna,Hybrid Limited AWD 7-Passenger - CLEAN CarFax,2024,AUTOMATIC,SUV,HYBRID,AWD,2024 Toyota Sienna Hybrid Limited AWD 7-Passenger - CLEAN CarFax. Used 2024 Toyota Sienna for sale in Maple. Financing available.,"[{url:'https://imagescdn.d2cmedia.ca/cb80796c8ac843765275fb2fc908646359/4445/14280332/1/Toyota-Sienna-2024.jpg'},{url:'https://imagescdn.d2cmedia.ca/s880796c8ac843765275fb2fc908646359/4445/14280332/1/Toyota-Sienna-2024.jpg'},{url:'https://imagescdn.d2cmedia.ca/cb80796c8ac843765275fb2fc908646359/4445/14280332/2/Toyota-Sienna-2024.jpg'},{url:'https://imagescdn.d2cmedia.ca/cb80796c8ac843765275fb2fc908646359/4445/14280332/3/Toyota-Sienna-2024.jpg'},{url:'https://imagescdn.d2cmedia.ca/cb80796c8ac843765275fb2fc908646359/4445/14280332/4/Toyota-Sienna-2024.jpg'},{url:'https://imagescdn.d2cmedia.ca/cb80796c8ac843765275fb2fc908646359/4445/14280332/5/Toyota-Sienna-2024.jpg'},{url:'https://imagescdn.d2cmedia.ca/cb80796c8ac843765275fb2fc908646359/4445/14280332/6/Toyota-Sienna-2024.jpg'},{url:'https://imagescdn.d2cmedia.ca/cb80796c8ac843765275fb2fc908646359/4445/14280332/7/Toyota-Sienna-2024.jpg'},{url:'https://imagescdn.d2cmedia.ca/cb80796c8ac843765275fb2fc908646359/4445/14280332/8/Toyota-Sienna-2024.jpg'},{url:'https://imagescdn.d2cmedia.ca/cb80796c8ac843765275fb2fc908646359/4445/14280332/9/Toyota-Sienna-2024.jpg'}]",49515,KM,https://www.mapletoyota.com/used/2024-Toyota-Sienna-id14280332.html,2024 Toyota Sienna Hybrid Limited AWD 7-Passenger - CLEAN CarFax at Maple Toyota,60598 CAD,Used,White,,4445,Maple Toyota,+1-905 417-9100,"{addr1: ' 88 Auto Vaughan Drive', city: 'Maple', region: 'Ontario', postal_code: 'L6A 4A1', country: 'CA'}",43.836376294666834,-79.53494482023926,173362986037805,,,,https://www.mapletoyota.com/privacy-policy.html,Used,4445,,60598 CAD,Free,
5TDACAB51SS043059,5TDACAB51SS043059,26-2105A,Toyota,Grand Highlander,Hybrid XLE AWD 8-Passenger,2025,AUTOMATIC,SUV,HYBRID,AWD,2025 Toyota Grand Highlander Hybrid XLE AWD 8-Passenger. Used 2025 Toyota Grand Highlander for sale in Maple. Financing available.,"[{url:'https://imagescdn.d2cmedia.ca/cb19ef6410a8a1c040b2d096536f223095/4445/14486524/1/Toyota-Grand Highlander Hybrid-2025.jpg'},{url:'https://imagescdn.d2cmedia.ca/s819ef6410a8a1c040b2d096536f223095/4445/14486524/1/Toyota-Grand_Highlander-2025.jpg'},{url:'https://imagescdn.d2cmedia.ca/cb19ef6410a8a1c040b2d096536f223095/4445/14486524/1/Toyota-Grand_Highlander-2025.jpg'},{url:'https://imagescdn.d2cmedia.ca/cb19ef6410a8a1c040b2d096536f223095/4445/14486524/2/Toyota-Grand_Highlander-2025.jpg'},{url:'https://imagescdn.d2cmedia.ca/cb19ef6410a8a1c040b2d096536f223095/4445/14486524/3/Toyota-Grand_Highlander-2025.jpg'},{url:'https://imagescdn.d2cmedia.ca/cb19ef6410a8a1c040b2d096536f223095/4445/14486524/4/Toyota-Grand_Highlander-2025.jpg'},{url:'https://imagescdn.d2cmedia.ca/cb19ef6410a8a1c040b2d096536f223095/4445/14486524/5/Toyota-Grand_Highlander-2025.jpg'},{url:'https://imagescdn.d2cmedia.ca/cb19ef6410a8a1c040b2d096536f223095/4445/14486524/6/Toyota-Grand_Highlander-2025.jpg'},{url:'https://imagescdn.d2cmedia.ca/cb19ef6410a8a1c040b2d096536f223095/4445/14486524/7/Toyota-Grand_Highlander-2025.jpg'},{url:'https://imagescdn.d2cmedia.ca/cb19ef6410a8a1c040b2d096536f223095/4445/14486524/8/Toyota-Grand_Highlander-2025.jpg'}]",81433,KM,https://www.mapletoyota.com/used/2025-Toyota-Grand_Highlander-id14486524.html,2025 Toyota Grand Highlander Hybrid XLE AWD 8-Passenger at Maple Toyota,55998 CAD,Used,Black,,4445,Maple Toyota,+1-905 417-9100,"{addr1: ' 88 Auto Vaughan Drive', city: 'Maple', region: 'Ontario', postal_code: 'L6A 4A1', country: 'CA'}",43.836376294666834,-79.53494482023926,173362986037805,,,,https://www.mapletoyota.com/privacy-policy.html,Used,4445,,55998 CAD,Free,
3TYLC5LN5TT058264,3TYLC5LN5TT058264,26-2126A,Toyota,Tacoma,Hybrid - CLEAN CarFax,2026,AUTOMATIC,TRUCK,HYBRID,FOUR_WHEEL_DRIVE,2026 Toyota Tacoma Hybrid - CLEAN CarFax. Used 2026 Toyota Tacoma for sale in Maple. Financing available.,"[{url:'https://imagescdn.d2cmedia.ca/cb5a86b600934ba5b83c70556cbe64cba6/4445/14442490/1/Toyota-Tacoma Hybrid-2026.jpg'},{url:'https://imagescdn.d2cmedia.ca/s85a86b600934ba5b83c70556cbe64cba6/4445/14442490/1/Toyota-Tacoma-2026.jpg'},{url:'https://imagescdn.d2cmedia.ca/cb5a86b600934ba5b83c70556cbe64cba6/4445/14442490/1/Toyota-Tacoma-2026.jpg'},{url:'https://imagescdn.d2cmedia.ca/cb5a86b600934ba5b83c70556cbe64cba6/4445/14442490/2/Toyota-Tacoma-2026.jpg'},{url:'https://imagescdn.d2cmedia.ca/cb5a86b600934ba5b83c70556cbe64cba6/4445/14442490/3/Toyota-Tacoma-2026.jpg'},{url:'https://imagescdn.d2cmedia.ca/cb5a86b600934ba5b83c70556cbe64cba6/4445/14442490/4/Toyota-Tacoma-2026.jpg'},{url:'https://imagescdn.d2cmedia.ca/cb5a86b600934ba5b83c70556cbe64cba6/4445/14442490/5/Toyota-Tacoma-2026.jpg'},{url:'https://imagescdn.d2cmedia.ca/cb5a86b600934ba5b83c70556cbe64cba6/4445/14442490/6/Toyota-Tacoma-2026.jpg'},{url:'https://imagescdn.d2cmedia.ca/cb5a86b600934ba5b83c70556cbe64cba6/4445/14442490/7/Toyota-Tacoma-2026.jpg'},{url:'https://imagescdn.d2cmedia.ca/cb5a86b600934ba5b83c70556cbe64cba6/4445/14442490/8/Toyota-Tacoma-2026.jpg'}]",21702,KM,https://www.mapletoyota.com/used/2026-Toyota-Tacoma-id14442490.html,2026 Toyota Tacoma Hybrid - CLEAN CarFax at Maple Toyota,66998 CAD,Used,Underground,,4445,Maple Toyota,+1-905 417-9100,"{addr1: ' 88 Auto Vaughan Drive', city: 'Maple', region: 'Ontario', postal_code: 'L6A 4A1', country: 'CA'}",43.836376294666834,-79.53494482023926,173362986037805,,,,https://www.mapletoyota.com/privacy-policy.html,Used,4445,,66998 CAD,Free,
5TDAAAB51SS081414,5TDAAAB51SS081414,26-2186A,Toyota,Grand Highlander,XLE AWD,2025,AUTOMATIC,SUV,GASOLINE,AWD,2025 Toyota Grand Highlander XLE AWD. Used 2025 Toyota Grand Highlander for sale in Maple. Financing available.,"[{url:'https://imagescdn.d2cmedia.ca/cbeb06102c40b4e803e865f74000a50cb5/4445/14470474/1/Toyota-Grand Highlander-2025.jpg'},{url:'https://imagescdn.d2cmedia.ca/s8eb06102c40b4e803e865f74000a50cb5/4445/14470474/1/Toyota-Grand_Highlander-2025.jpg'},{url:'https://imagescdn.d2cmedia.ca/cbeb06102c40b4e803e865f74000a50cb5/4445/14470474/1/Toyota-Grand_Highlander-2025.jpg'},{url:'https://imagescdn.d2cmedia.ca/cbeb06102c40b4e803e865f74000a50cb5/4445/14470474/2/Toyota-Grand_Highlander-2025.jpg'},{url:'https://imagescdn.d2cmedia.ca/cbeb06102c40b4e803e865f74000a50cb5/4445/14470474/3/Toyota-Grand_Highlander-2025.jpg'},{url:'https://imagescdn.d2cmedia.ca/cbeb06102c40b4e803e865f74000a50cb5/4445/14470474/4/Toyota-Grand_Highlander-2025.jpg'},{url:'https://imagescdn.d2cmedia.ca/cbeb06102c40b4e803e865f74000a50cb5/4445/14470474/5/Toyota-Grand_Highlander-2025.jpg'},{url:'https://imagescdn.d2cmedia.ca/cbeb06102c40b4e803e865f74000a50cb5/4445/14470474/6/Toyota-Grand_Highlander-2025.jpg'},{url:'https://imagescdn.d2cmedia.ca/cbeb06102c40b4e803e865f74000a50cb5/4445/14470474/7/Toyota-Grand_Highlander-2025.jpg'},{url:'https://imagescdn.d2cmedia.ca/cbeb06102c40b4e803e865f74000a50cb5/4445/14470474/8/Toyota-Grand_Highlander-2025.jpg'}]",14921,KM,https://www.mapletoyota.com/used/2025-Toyota-Grand_Highlander-id14470474.html,2025 Toyota Grand Highlander XLE AWD at Maple Toyota,55998 CAD,Used,Black,,4445,Maple Toyota,+1-905 417-9100,"{addr1: ' 88 Auto Vaughan Drive', city: 'Maple', region: 'Ontario', postal_code: 'L6A 4A1', country: 'CA'}",43.836376294666834,-79.53494482023926,173362986037805,,,,https://www.mapletoyota.com/privacy-policy.html,Used,4445,,55998 CAD,Free,
JTM7ERAV3TD004877,JTM7ERAV3TD004877,D26-1232-demo,Toyota,RAV4 Plug-In Hybrid,GR Sport AWD,2026,AUTOMATIC,SUV,HYBRID,AWD,2026 Toyota RAV4 Plug-In Hybrid GR Sport AWD. Used 2026 Toyota RAV4 Plug-In Hybrid for sale in Maple. Financing available.,"[{url:'https://imagescdn.d2cmedia.ca/cb980b0b4ef59246d415b3c58035de05d6/4445/14335610/1/Toyota-RAV4 Plug_In Hybrid-2026.jpg'},{url:'https://imagescdn.d2cmedia.ca/s8980b0b4ef59246d415b3c58035de05d6/4445/14335610/1/Toyota-RAV4_Plug_In_Hybrid-2026.jpg'},{url:'https://imagescdn.d2cmedia.ca/cb980b0b4ef59246d415b3c58035de05d6/4445/14335610/1/Toyota-RAV4_Plug_In_Hybrid-2026.jpg'},{url:'https://imagescdn.d2cmedia.ca/cb980b0b4ef59246d415b3c58035de05d6/4445/14335610/2/Toyota-RAV4_Plug_In_Hybrid-2026.jpg'},{url:'https://imagescdn.d2cmedia.ca/cb980b0b4ef59246d415b3c58035de05d6/4445/14335610/3/Toyota-RAV4_Plug_In_Hybrid-2026.jpg'},{url:'https://imagescdn.d2cmedia.ca/cb980b0b4ef59246d415b3c58035de05d6/4445/14335610/4/Toyota-RAV4_Plug_In_Hybrid-2026.jpg'},{url:'https://imagescdn.d2cmedia.ca/cb980b0b4ef59246d415b3c58035de05d6/4445/14335610/5/Toyota-RAV4_Plug_In_Hybrid-2026.jpg'},{url:'https://imagescdn.d2cmedia.ca/cb980b0b4ef59246d415b3c58035de05d6/4445/14335610/6/Toyota-RAV4_Plug_In_Hybrid-2026.jpg'},{url:'https://imagescdn.d2cmedia.ca/cb980b0b4ef59246d415b3c58035de05d6/4445/14335610/7/Toyota-RAV4_Plug_In_Hybrid-2026.jpg'},{url:'https://imagescdn.d2cmedia.ca/cb980b0b4ef59246d415b3c58035de05d6/4445/14335610/8/Toyota-RAV4_Plug_In_Hybrid-2026.jpg'}]",8413,KM,https://www.mapletoyota.com/demos/2026-Toyota-RAV4_Plug_In_Hybrid-id14335610.html,2026 Toyota RAV4 Plug-In Hybrid GR Sport AWD at Maple Toyota,64998 CAD,Used,White,,4445,Maple Toyota,+1-905 417-9100,"{addr1: ' 88 Auto Vaughan Drive', city: 'Maple', region: 'Ontario', postal_code: 'L6A 4A1', country: 'CA'}",43.836376294666834,-79.53494482023926,173362986037805,,,,https://www.mapletoyota.com/privacy-policy.html,Used,4445,,64998 CAD,Free,
JTEVB5BR2T5037126,JTEVB5BR2T5037126,D26-1217-demo,Toyota,4Runner,Hybrid Trailhunter,2026,AUTOMATIC,SUV,HYBRID,FOUR_WHEEL_DRIVE,2026 Toyota 4Runner Hybrid Trailhunter. Used 2026 Toyota 4Runner for sale in Maple. Financing available.,"[{url:'https://imagescdn.d2cmedia.ca/cbdb2c6ca3445f252163c863f8e0fc293f/4445/14400227/1/Toyota-4Runner Hybrid-2026.jpg'},{url:'https://imagescdn.d2cmedia.ca/s8db2c6ca3445f252163c863f8e0fc293f/4445/14400227/1/Toyota-4Runner-2026.jpg'},{url:'https://imagescdn.d2cmedia.ca/cbdb2c6ca3445f252163c863f8e0fc293f/4445/14400227/1/Toyota-4Runner-2026.jpg'},{url:'https://imagescdn.d2cmedia.ca/cbdb2c6ca3445f252163c863f8e0fc293f/4445/14400227/2/Toyota-4Runner-2026.jpg'},{url:'https://imagescdn.d2cmedia.ca/cbdb2c6ca3445f252163c863f8e0fc293f/4445/14400227/3/Toyota-4Runner-2026.jpg'},{url:'https://imagescdn.d2cmedia.ca/cbdb2c6ca3445f252163c863f8e0fc293f/4445/14400227/4/Toyota-4Runner-2026.jpg'},{url:'https://imagescdn.d2cmedia.ca/cbdb2c6ca3445f252163c863f8e0fc293f/4445/14400227/5/Toyota-4Runner-2026.jpg'},{url:'https://imagescdn.d2cmedia.ca/cbdb2c6ca3445f252163c863f8e0fc293f/4445/14400227/6/Toyota-4Runner-2026.jpg'},{url:'https://imagescdn.d2cmedia.ca/cbdb2c6ca3445f252163c863f8e0fc293f/4445/14400227/7/Toyota-4Runner-2026.jpg'},{url:'https://imagescdn.d2cmedia.ca/cbdb2c6ca3445f252163c863f8e0fc293f/4445/14400227/8/Toyota-4Runner-2026.jpg'}]",8637,KM,https://www.mapletoyota.com/demos/2026-Toyota-4Runner-id14400227.html,2026 Toyota 4Runner Hybrid Trailhunter at Maple Toyota,92998 CAD,Used,White,Mineral,4445,Maple Toyota,+1-905 417-9100,"{addr1: ' 88 Auto Vaughan Drive', city: 'Maple', region: 'Ontario', postal_code: 'L6A 4A1', country: 'CA'}",43.836376294666834,-79.53494482023926,173362986037805,,,,https://www.mapletoyota.com/privacy-policy.html,Used,4445,,92998 CAD,Free,
