vehicle_id,vin,stock_number,make,model,trim,year,transmission,body_style,fuel_type,drivetrain,description,image,mileage.value,mileage.unit,url,title,price,state_of_vehicle,exterior_color,interior_color,dealer_id,dealer_name,dealer_phone,address,latitude,longitude,fb_page_id,features,vehicle_specifications,dealer_communication_channel,dealer_privacy_policy_url,custom_label_0,custom_label_1,custom_label_3,days_on_lot,sale_price,Sponsor,Range
2HGFE2F29TH114287,2HGFE2F29TH114287,138126-new,Honda,Civic Sedan,4D LX CVT,2026,AUTOMATIC,SEDAN,GASOLINE,,"2026 Honda Civic Sedan 4D LX CVT, White exterior","[{url:'https://imagescdn.d2cmedia.ca/cbdb13e4bf077c9a4710e65005264e3b70/2213/13999845/1/Honda-Civic Sedan-2026.jpg'},{url:'https://imagescdn.d2cmedia.ca/s8db13e4bf077c9a4710e65005264e3b70/2213/13999845/1/Honda-Civic_Sedan-2026.jpg'},{url:'https://imagescdn.d2cmedia.ca/cbdb13e4bf077c9a4710e65005264e3b70/2213/13999845/1/Honda-Civic_Sedan-2026.jpg'},{url:'https://imagescdn.d2cmedia.ca/cbdb13e4bf077c9a4710e65005264e3b70/2213/13999845/2/Honda-Civic_Sedan-2026.jpg'},{url:'https://imagescdn.d2cmedia.ca/cbdb13e4bf077c9a4710e65005264e3b70/2213/13999845/3/Honda-Civic_Sedan-2026.jpg'},{url:'https://imagescdn.d2cmedia.ca/cbdb13e4bf077c9a4710e65005264e3b70/2213/13999845/4/Honda-Civic_Sedan-2026.jpg'},{url:'https://imagescdn.d2cmedia.ca/cbdb13e4bf077c9a4710e65005264e3b70/2213/13999845/5/Honda-Civic_Sedan-2026.jpg'},{url:'https://imagescdn.d2cmedia.ca/cbdb13e4bf077c9a4710e65005264e3b70/2213/13999845/6/Honda-Civic_Sedan-2026.jpg'},{url:'https://imagescdn.d2cmedia.ca/cbdb13e4bf077c9a4710e65005264e3b70/2213/13999845/7/Honda-Civic_Sedan-2026.jpg'},{url:'https://imagescdn.d2cmedia.ca/cbdb13e4bf077c9a4710e65005264e3b70/2213/13999845/8/Honda-Civic_Sedan-2026.jpg'}]",0,KM,https://www.maplehonda.com/new/inventory/2026-Honda-Civic_Sedan-id13999845.html,2026 Honda Civic Sedan 4D LX CVT at Maple Honda,31933 CAD,New,White,,2213,Maple Honda,+1-905-832-1202,"{addr1: '89 Auto Vaughan Dr.', city: 'Maple', region: 'Ontario', postal_code: 'L6A 4A1', country: 'CA'}",43.8590000000,-79.5370000000,,,,,https://www.maplehonda.com/privacy-policy.html,New,2213,In stock,,31933 CAD,Free,
2HGFE2F29TH116430,2HGFE2F29TH116430,160126-new,Honda,Civic Sedan,4D LX CVT,2026,AUTOMATIC,SEDAN,GASOLINE,,"2026 Honda Civic Sedan 4D LX CVT, Black exterior","[{url:'https://imagescdn.d2cmedia.ca/cb438de0c8f65aa60645b9a82d19217f4d/2213/14237369/1/Honda-Civic Sedan-2026.jpg'},{url:'https://imagescdn.d2cmedia.ca/s8438de0c8f65aa60645b9a82d19217f4d/2213/14237369/1/Honda-Civic_Sedan-2026.jpg'},{url:'https://imagescdn.d2cmedia.ca/cb438de0c8f65aa60645b9a82d19217f4d/2213/14237369/1/Honda-Civic_Sedan-2026.jpg'},{url:'https://imagescdn.d2cmedia.ca/cb438de0c8f65aa60645b9a82d19217f4d/2213/14237369/2/Honda-Civic_Sedan-2026.jpg'},{url:'https://imagescdn.d2cmedia.ca/cb438de0c8f65aa60645b9a82d19217f4d/2213/14237369/3/Honda-Civic_Sedan-2026.jpg'},{url:'https://imagescdn.d2cmedia.ca/cb438de0c8f65aa60645b9a82d19217f4d/2213/14237369/4/Honda-Civic_Sedan-2026.jpg'},{url:'https://imagescdn.d2cmedia.ca/cb438de0c8f65aa60645b9a82d19217f4d/2213/14237369/5/Honda-Civic_Sedan-2026.jpg'},{url:'https://imagescdn.d2cmedia.ca/cb438de0c8f65aa60645b9a82d19217f4d/2213/14237369/6/Honda-Civic_Sedan-2026.jpg'},{url:'https://imagescdn.d2cmedia.ca/cb438de0c8f65aa60645b9a82d19217f4d/2213/14237369/7/Honda-Civic_Sedan-2026.jpg'},{url:'https://imagescdn.d2cmedia.ca/cb438de0c8f65aa60645b9a82d19217f4d/2213/14237369/8/Honda-Civic_Sedan-2026.jpg'}]",0,KM,https://www.maplehonda.com/new/inventory/2026-Honda-Civic_Sedan-id14237369.html,2026 Honda Civic Sedan 4D LX CVT at Maple Honda,31938 CAD,New,Black,,2213,Maple Honda,+1-905-832-1202,"{addr1: '89 Auto Vaughan Dr.', city: 'Maple', region: 'Ontario', postal_code: 'L6A 4A1', country: 'CA'}",43.8590000000,-79.5370000000,,,,,https://www.maplehonda.com/privacy-policy.html,New,2213,In stock,,31938 CAD,Free,
2HGFE2F20TH112721,2HGFE2F20TH112721,120826-new,Honda,Civic Sedan,4D LX CVT,2026,AUTOMATIC,SEDAN,GASOLINE,,"2026 Honda Civic Sedan 4D LX CVT, White exterior","[{url:'https://imagescdn.d2cmedia.ca/cb5e2aadd365b72caf393e52d25b9ff53f/2213/13829301/1/Honda-Civic Sedan-2026.jpg'},{url:'https://imagescdn.d2cmedia.ca/s85e2aadd365b72caf393e52d25b9ff53f/2213/13829301/1/Honda-Civic_Sedan-2026.jpg'},{url:'https://imagescdn.d2cmedia.ca/cb5e2aadd365b72caf393e52d25b9ff53f/2213/13829301/1/Honda-Civic_Sedan-2026.jpg'},{url:'https://imagescdn.d2cmedia.ca/cb5e2aadd365b72caf393e52d25b9ff53f/2213/13829301/2/Honda-Civic_Sedan-2026.jpg'},{url:'https://imagescdn.d2cmedia.ca/cb5e2aadd365b72caf393e52d25b9ff53f/2213/13829301/3/Honda-Civic_Sedan-2026.jpg'},{url:'https://imagescdn.d2cmedia.ca/cb5e2aadd365b72caf393e52d25b9ff53f/2213/13829301/4/Honda-Civic_Sedan-2026.jpg'},{url:'https://imagescdn.d2cmedia.ca/cb5e2aadd365b72caf393e52d25b9ff53f/2213/13829301/5/Honda-Civic_Sedan-2026.jpg'},{url:'https://imagescdn.d2cmedia.ca/cb5e2aadd365b72caf393e52d25b9ff53f/2213/13829301/6/Honda-Civic_Sedan-2026.jpg'},{url:'https://imagescdn.d2cmedia.ca/cb5e2aadd365b72caf393e52d25b9ff53f/2213/13829301/7/Honda-Civic_Sedan-2026.jpg'},{url:'https://imagescdn.d2cmedia.ca/cb5e2aadd365b72caf393e52d25b9ff53f/2213/13829301/8/Honda-Civic_Sedan-2026.jpg'}]",0,KM,https://www.maplehonda.com/new/inventory/2026-Honda-Civic_Sedan-id13829301.html,2026 Honda Civic Sedan 4D LX CVT at Maple Honda,31956 CAD,New,White,,2213,Maple Honda,+1-905-832-1202,"{addr1: '89 Auto Vaughan Dr.', city: 'Maple', region: 'Ontario', postal_code: 'L6A 4A1', country: 'CA'}",43.8590000000,-79.5370000000,,,,,https://www.maplehonda.com/privacy-policy.html,New,2213,In stock,,31956 CAD,Free,
2HGFE2F24TH116335,2HGFE2F24TH116335,151626-new,Honda,Civic Sedan,4D LX CVT,2026,AUTOMATIC,SEDAN,GASOLINE,,"2026 Honda Civic Sedan 4D LX CVT, White exterior","[{url:'https://imagescdn.d2cmedia.ca/cb63baf7e6127ff2f5dcdcf855d49bd442/2213/14178550/1/Honda-Civic Sedan-2026.jpg'},{url:'https://imagescdn.d2cmedia.ca/s863baf7e6127ff2f5dcdcf855d49bd442/2213/14178550/1/Honda-Civic_Sedan-2026.jpg'},{url:'https://imagescdn.d2cmedia.ca/cb63baf7e6127ff2f5dcdcf855d49bd442/2213/14178550/1/Honda-Civic_Sedan-2026.jpg'},{url:'https://imagescdn.d2cmedia.ca/cb63baf7e6127ff2f5dcdcf855d49bd442/2213/14178550/2/Honda-Civic_Sedan-2026.jpg'},{url:'https://imagescdn.d2cmedia.ca/cb63baf7e6127ff2f5dcdcf855d49bd442/2213/14178550/3/Honda-Civic_Sedan-2026.jpg'},{url:'https://imagescdn.d2cmedia.ca/cb63baf7e6127ff2f5dcdcf855d49bd442/2213/14178550/4/Honda-Civic_Sedan-2026.jpg'},{url:'https://imagescdn.d2cmedia.ca/cb63baf7e6127ff2f5dcdcf855d49bd442/2213/14178550/5/Honda-Civic_Sedan-2026.jpg'},{url:'https://imagescdn.d2cmedia.ca/cb63baf7e6127ff2f5dcdcf855d49bd442/2213/14178550/6/Honda-Civic_Sedan-2026.jpg'},{url:'https://imagescdn.d2cmedia.ca/cb63baf7e6127ff2f5dcdcf855d49bd442/2213/14178550/7/Honda-Civic_Sedan-2026.jpg'},{url:'https://imagescdn.d2cmedia.ca/cb63baf7e6127ff2f5dcdcf855d49bd442/2213/14178550/8/Honda-Civic_Sedan-2026.jpg'}]",0,KM,https://www.maplehonda.com/new/inventory/2026-Honda-Civic_Sedan-id14178550.html,2026 Honda Civic Sedan 4D LX CVT at Maple Honda,31968 CAD,New,White,,2213,Maple Honda,+1-905-832-1202,"{addr1: '89 Auto Vaughan Dr.', city: 'Maple', region: 'Ontario', postal_code: 'L6A 4A1', country: 'CA'}",43.8590000000,-79.5370000000,,,,,https://www.maplehonda.com/privacy-policy.html,New,2213,In stock,,31968 CAD,Free,
2HGFE2F21TH116342,2HGFE2F21TH116342,151826-new,Honda,Civic Sedan,4D LX CVT,2026,AUTOMATIC,SEDAN,GASOLINE,,"2026 Honda Civic Sedan 4D LX CVT, White exterior","[{url:'https://imagescdn.d2cmedia.ca/cbb7a0a29b6be139e5117e21b351ce23a3/2213/14178552/1/Honda-Civic Sedan-2026.jpg'},{url:'https://imagescdn.d2cmedia.ca/s8b7a0a29b6be139e5117e21b351ce23a3/2213/14178552/1/Honda-Civic_Sedan-2026.jpg'},{url:'https://imagescdn.d2cmedia.ca/cbb7a0a29b6be139e5117e21b351ce23a3/2213/14178552/1/Honda-Civic_Sedan-2026.jpg'},{url:'https://imagescdn.d2cmedia.ca/cbb7a0a29b6be139e5117e21b351ce23a3/2213/14178552/2/Honda-Civic_Sedan-2026.jpg'},{url:'https://imagescdn.d2cmedia.ca/cbb7a0a29b6be139e5117e21b351ce23a3/2213/14178552/3/Honda-Civic_Sedan-2026.jpg'},{url:'https://imagescdn.d2cmedia.ca/cbb7a0a29b6be139e5117e21b351ce23a3/2213/14178552/4/Honda-Civic_Sedan-2026.jpg'},{url:'https://imagescdn.d2cmedia.ca/cbb7a0a29b6be139e5117e21b351ce23a3/2213/14178552/5/Honda-Civic_Sedan-2026.jpg'},{url:'https://imagescdn.d2cmedia.ca/cbb7a0a29b6be139e5117e21b351ce23a3/2213/14178552/6/Honda-Civic_Sedan-2026.jpg'},{url:'https://imagescdn.d2cmedia.ca/cbb7a0a29b6be139e5117e21b351ce23a3/2213/14178552/7/Honda-Civic_Sedan-2026.jpg'},{url:'https://imagescdn.d2cmedia.ca/cbb7a0a29b6be139e5117e21b351ce23a3/2213/14178552/8/Honda-Civic_Sedan-2026.jpg'}]",0,KM,https://www.maplehonda.com/new/inventory/2026-Honda-Civic_Sedan-id14178552.html,2026 Honda Civic Sedan 4D LX CVT at Maple Honda,31968 CAD,New,White,,2213,Maple Honda,+1-905-832-1202,"{addr1: '89 Auto Vaughan Dr.', city: 'Maple', region: 'Ontario', postal_code: 'L6A 4A1', country: 'CA'}",43.8590000000,-79.5370000000,,,,,https://www.maplehonda.com/privacy-policy.html,New,2213,In stock,,31968 CAD,Free,
2HGFE2F22TH116320,2HGFE2F22TH116320,151926-new,Honda,Civic Sedan,4D LX CVT,2026,AUTOMATIC,SEDAN,GASOLINE,,"2026 Honda Civic Sedan 4D LX CVT, White exterior","[{url:'https://imagescdn.d2cmedia.ca/cb012b72633df6703ba92966a9fdf8181e/2213/14178553/1/Honda-Civic Sedan-2026.jpg'},{url:'https://imagescdn.d2cmedia.ca/s8012b72633df6703ba92966a9fdf8181e/2213/14178553/1/Honda-Civic_Sedan-2026.jpg'},{url:'https://imagescdn.d2cmedia.ca/cb012b72633df6703ba92966a9fdf8181e/2213/14178553/1/Honda-Civic_Sedan-2026.jpg'},{url:'https://imagescdn.d2cmedia.ca/cb012b72633df6703ba92966a9fdf8181e/2213/14178553/2/Honda-Civic_Sedan-2026.jpg'},{url:'https://imagescdn.d2cmedia.ca/cb012b72633df6703ba92966a9fdf8181e/2213/14178553/3/Honda-Civic_Sedan-2026.jpg'},{url:'https://imagescdn.d2cmedia.ca/cb012b72633df6703ba92966a9fdf8181e/2213/14178553/4/Honda-Civic_Sedan-2026.jpg'},{url:'https://imagescdn.d2cmedia.ca/cb012b72633df6703ba92966a9fdf8181e/2213/14178553/5/Honda-Civic_Sedan-2026.jpg'},{url:'https://imagescdn.d2cmedia.ca/cb012b72633df6703ba92966a9fdf8181e/2213/14178553/6/Honda-Civic_Sedan-2026.jpg'},{url:'https://imagescdn.d2cmedia.ca/cb012b72633df6703ba92966a9fdf8181e/2213/14178553/7/Honda-Civic_Sedan-2026.jpg'},{url:'https://imagescdn.d2cmedia.ca/cb012b72633df6703ba92966a9fdf8181e/2213/14178553/8/Honda-Civic_Sedan-2026.jpg'}]",0,KM,https://www.maplehonda.com/new/inventory/2026-Honda-Civic_Sedan-id14178553.html,2026 Honda Civic Sedan 4D LX CVT at Maple Honda,31968 CAD,New,White,,2213,Maple Honda,+1-905-832-1202,"{addr1: '89 Auto Vaughan Dr.', city: 'Maple', region: 'Ontario', postal_code: 'L6A 4A1', country: 'CA'}",43.8590000000,-79.5370000000,,,,,https://www.maplehonda.com/privacy-policy.html,New,2213,In stock,,31968 CAD,Free,
2HGFE2F20TH116316,2HGFE2F20TH116316,152026-new,Honda,Civic Sedan,4D LX CVT,2026,AUTOMATIC,SEDAN,GASOLINE,,"2026 Honda Civic Sedan 4D LX CVT, White exterior","[{url:'https://imagescdn.d2cmedia.ca/cb8af2bad9e340b0341221dd1b71ee8b20/2213/14178554/1/Honda-Civic Sedan-2026.jpg'},{url:'https://imagescdn.d2cmedia.ca/s88af2bad9e340b0341221dd1b71ee8b20/2213/14178554/1/Honda-Civic_Sedan-2026.jpg'},{url:'https://imagescdn.d2cmedia.ca/cb8af2bad9e340b0341221dd1b71ee8b20/2213/14178554/1/Honda-Civic_Sedan-2026.jpg'},{url:'https://imagescdn.d2cmedia.ca/cb8af2bad9e340b0341221dd1b71ee8b20/2213/14178554/2/Honda-Civic_Sedan-2026.jpg'},{url:'https://imagescdn.d2cmedia.ca/cb8af2bad9e340b0341221dd1b71ee8b20/2213/14178554/3/Honda-Civic_Sedan-2026.jpg'},{url:'https://imagescdn.d2cmedia.ca/cb8af2bad9e340b0341221dd1b71ee8b20/2213/14178554/4/Honda-Civic_Sedan-2026.jpg'},{url:'https://imagescdn.d2cmedia.ca/cb8af2bad9e340b0341221dd1b71ee8b20/2213/14178554/5/Honda-Civic_Sedan-2026.jpg'},{url:'https://imagescdn.d2cmedia.ca/cb8af2bad9e340b0341221dd1b71ee8b20/2213/14178554/6/Honda-Civic_Sedan-2026.jpg'},{url:'https://imagescdn.d2cmedia.ca/cb8af2bad9e340b0341221dd1b71ee8b20/2213/14178554/7/Honda-Civic_Sedan-2026.jpg'},{url:'https://imagescdn.d2cmedia.ca/cb8af2bad9e340b0341221dd1b71ee8b20/2213/14178554/8/Honda-Civic_Sedan-2026.jpg'}]",0,KM,https://www.maplehonda.com/new/inventory/2026-Honda-Civic_Sedan-id14178554.html,2026 Honda Civic Sedan 4D LX CVT at Maple Honda,31968 CAD,New,White,,2213,Maple Honda,+1-905-832-1202,"{addr1: '89 Auto Vaughan Dr.', city: 'Maple', region: 'Ontario', postal_code: 'L6A 4A1', country: 'CA'}",43.8590000000,-79.5370000000,,,,,https://www.maplehonda.com/privacy-policy.html,New,2213,In stock,,31968 CAD,Free,
2HGFE2F22TH116317,2HGFE2F22TH116317,152126-new,Honda,Civic Sedan,4D LX CVT,2026,AUTOMATIC,SEDAN,GASOLINE,,"2026 Honda Civic Sedan 4D LX CVT, White exterior","[{url:'https://imagescdn.d2cmedia.ca/cb2c2d79266a6cdcedd556727f42e2c367/2213/14178555/1/Honda-Civic Sedan-2026.jpg'},{url:'https://imagescdn.d2cmedia.ca/s82c2d79266a6cdcedd556727f42e2c367/2213/14178555/1/Honda-Civic_Sedan-2026.jpg'},{url:'https://imagescdn.d2cmedia.ca/cb2c2d79266a6cdcedd556727f42e2c367/2213/14178555/1/Honda-Civic_Sedan-2026.jpg'},{url:'https://imagescdn.d2cmedia.ca/cb2c2d79266a6cdcedd556727f42e2c367/2213/14178555/2/Honda-Civic_Sedan-2026.jpg'},{url:'https://imagescdn.d2cmedia.ca/cb2c2d79266a6cdcedd556727f42e2c367/2213/14178555/3/Honda-Civic_Sedan-2026.jpg'},{url:'https://imagescdn.d2cmedia.ca/cb2c2d79266a6cdcedd556727f42e2c367/2213/14178555/4/Honda-Civic_Sedan-2026.jpg'},{url:'https://imagescdn.d2cmedia.ca/cb2c2d79266a6cdcedd556727f42e2c367/2213/14178555/5/Honda-Civic_Sedan-2026.jpg'},{url:'https://imagescdn.d2cmedia.ca/cb2c2d79266a6cdcedd556727f42e2c367/2213/14178555/6/Honda-Civic_Sedan-2026.jpg'},{url:'https://imagescdn.d2cmedia.ca/cb2c2d79266a6cdcedd556727f42e2c367/2213/14178555/7/Honda-Civic_Sedan-2026.jpg'},{url:'https://imagescdn.d2cmedia.ca/cb2c2d79266a6cdcedd556727f42e2c367/2213/14178555/8/Honda-Civic_Sedan-2026.jpg'}]",0,KM,https://www.maplehonda.com/new/inventory/2026-Honda-Civic_Sedan-id14178555.html,2026 Honda Civic Sedan 4D LX CVT at Maple Honda,31968 CAD,New,White,,2213,Maple Honda,+1-905-832-1202,"{addr1: '89 Auto Vaughan Dr.', city: 'Maple', region: 'Ontario', postal_code: 'L6A 4A1', country: 'CA'}",43.8590000000,-79.5370000000,,,,,https://www.maplehonda.com/privacy-policy.html,New,2213,In stock,,31968 CAD,Free,
2HGFE2F2XTH116338,2HGFE2F2XTH116338,152226-new,Honda,Civic Sedan,4D LX CVT,2026,AUTOMATIC,SEDAN,GASOLINE,,"2026 Honda Civic Sedan 4D LX CVT, White exterior","[{url:'https://imagescdn.d2cmedia.ca/cbf8baa995600839a26ba008dfd9bf4e50/2213/14178556/1/Honda-Civic Sedan-2026.jpg'},{url:'https://imagescdn.d2cmedia.ca/s8f8baa995600839a26ba008dfd9bf4e50/2213/14178556/1/Honda-Civic_Sedan-2026.jpg'},{url:'https://imagescdn.d2cmedia.ca/cbf8baa995600839a26ba008dfd9bf4e50/2213/14178556/1/Honda-Civic_Sedan-2026.jpg'},{url:'https://imagescdn.d2cmedia.ca/cbf8baa995600839a26ba008dfd9bf4e50/2213/14178556/2/Honda-Civic_Sedan-2026.jpg'},{url:'https://imagescdn.d2cmedia.ca/cbf8baa995600839a26ba008dfd9bf4e50/2213/14178556/3/Honda-Civic_Sedan-2026.jpg'},{url:'https://imagescdn.d2cmedia.ca/cbf8baa995600839a26ba008dfd9bf4e50/2213/14178556/4/Honda-Civic_Sedan-2026.jpg'},{url:'https://imagescdn.d2cmedia.ca/cbf8baa995600839a26ba008dfd9bf4e50/2213/14178556/5/Honda-Civic_Sedan-2026.jpg'},{url:'https://imagescdn.d2cmedia.ca/cbf8baa995600839a26ba008dfd9bf4e50/2213/14178556/6/Honda-Civic_Sedan-2026.jpg'},{url:'https://imagescdn.d2cmedia.ca/cbf8baa995600839a26ba008dfd9bf4e50/2213/14178556/7/Honda-Civic_Sedan-2026.jpg'},{url:'https://imagescdn.d2cmedia.ca/cbf8baa995600839a26ba008dfd9bf4e50/2213/14178556/8/Honda-Civic_Sedan-2026.jpg'}]",0,KM,https://www.maplehonda.com/new/inventory/2026-Honda-Civic_Sedan-id14178556.html,2026 Honda Civic Sedan 4D LX CVT at Maple Honda,31968 CAD,New,White,,2213,Maple Honda,+1-905-832-1202,"{addr1: '89 Auto Vaughan Dr.', city: 'Maple', region: 'Ontario', postal_code: 'L6A 4A1', country: 'CA'}",43.8590000000,-79.5370000000,,,,,https://www.maplehonda.com/privacy-policy.html,New,2213,In stock,,31968 CAD,Free,
2HGFE2F25TH116408,2HGFE2F25TH116408,157226-new,Honda,Civic Sedan,4D LX CVT,2026,AUTOMATIC,SEDAN,GASOLINE,,"2026 Honda Civic Sedan 4D LX CVT, Black exterior","[{url:'https://imagescdn.d2cmedia.ca/cb597560bf7090a27fe37535bcf3e02871/2213/14211023/1/Honda-Civic Sedan-2026.jpg'},{url:'https://imagescdn.d2cmedia.ca/s8597560bf7090a27fe37535bcf3e02871/2213/14211023/1/Honda-Civic_Sedan-2026.jpg'},{url:'https://imagescdn.d2cmedia.ca/cb597560bf7090a27fe37535bcf3e02871/2213/14211023/1/Honda-Civic_Sedan-2026.jpg'},{url:'https://imagescdn.d2cmedia.ca/cb597560bf7090a27fe37535bcf3e02871/2213/14211023/2/Honda-Civic_Sedan-2026.jpg'},{url:'https://imagescdn.d2cmedia.ca/cb597560bf7090a27fe37535bcf3e02871/2213/14211023/3/Honda-Civic_Sedan-2026.jpg'},{url:'https://imagescdn.d2cmedia.ca/cb597560bf7090a27fe37535bcf3e02871/2213/14211023/4/Honda-Civic_Sedan-2026.jpg'},{url:'https://imagescdn.d2cmedia.ca/cb597560bf7090a27fe37535bcf3e02871/2213/14211023/5/Honda-Civic_Sedan-2026.jpg'},{url:'https://imagescdn.d2cmedia.ca/cb597560bf7090a27fe37535bcf3e02871/2213/14211023/6/Honda-Civic_Sedan-2026.jpg'},{url:'https://imagescdn.d2cmedia.ca/cb597560bf7090a27fe37535bcf3e02871/2213/14211023/7/Honda-Civic_Sedan-2026.jpg'},{url:'https://imagescdn.d2cmedia.ca/cb597560bf7090a27fe37535bcf3e02871/2213/14211023/8/Honda-Civic_Sedan-2026.jpg'}]",0,KM,https://www.maplehonda.com/new/inventory/2026-Honda-Civic_Sedan-id14211023.html,2026 Honda Civic Sedan 4D LX CVT at Maple Honda,31973 CAD,New,Black,,2213,Maple Honda,+1-905-832-1202,"{addr1: '89 Auto Vaughan Dr.', city: 'Maple', region: 'Ontario', postal_code: 'L6A 4A1', country: 'CA'}",43.8590000000,-79.5370000000,,,,,https://www.maplehonda.com/privacy-policy.html,New,2213,In stock,,31973 CAD,Free,
2HGFE2F26TH117373,2HGFE2F26TH117373,163726-new,Honda,Civic Sedan,4D LX CVT,2026,AUTOMATIC,SEDAN,GASOLINE,,"2026 Honda Civic Sedan 4D LX CVT, Black exterior","[{url:'https://imagescdn.d2cmedia.ca/cbd19064a5b78ec30d679f0110c97b5e8b/2213/14292821/1/Honda-Civic Sedan-2026.jpg'},{url:'https://imagescdn.d2cmedia.ca/s8d19064a5b78ec30d679f0110c97b5e8b/2213/14292821/1/Honda-Civic_Sedan-2026.jpg'},{url:'https://imagescdn.d2cmedia.ca/cbd19064a5b78ec30d679f0110c97b5e8b/2213/14292821/1/Honda-Civic_Sedan-2026.jpg'},{url:'https://imagescdn.d2cmedia.ca/cbd19064a5b78ec30d679f0110c97b5e8b/2213/14292821/2/Honda-Civic_Sedan-2026.jpg'},{url:'https://imagescdn.d2cmedia.ca/cbd19064a5b78ec30d679f0110c97b5e8b/2213/14292821/3/Honda-Civic_Sedan-2026.jpg'},{url:'https://imagescdn.d2cmedia.ca/cbd19064a5b78ec30d679f0110c97b5e8b/2213/14292821/4/Honda-Civic_Sedan-2026.jpg'},{url:'https://imagescdn.d2cmedia.ca/cbd19064a5b78ec30d679f0110c97b5e8b/2213/14292821/5/Honda-Civic_Sedan-2026.jpg'},{url:'https://imagescdn.d2cmedia.ca/cbd19064a5b78ec30d679f0110c97b5e8b/2213/14292821/6/Honda-Civic_Sedan-2026.jpg'},{url:'https://imagescdn.d2cmedia.ca/cbd19064a5b78ec30d679f0110c97b5e8b/2213/14292821/7/Honda-Civic_Sedan-2026.jpg'},{url:'https://imagescdn.d2cmedia.ca/cbd19064a5b78ec30d679f0110c97b5e8b/2213/14292821/8/Honda-Civic_Sedan-2026.jpg'}]",0,KM,https://www.maplehonda.com/new/inventory/2026-Honda-Civic_Sedan-id14292821.html,2026 Honda Civic Sedan 4D LX CVT at Maple Honda,31973 CAD,New,Black,,2213,Maple Honda,+1-905-832-1202,"{addr1: '89 Auto Vaughan Dr.', city: 'Maple', region: 'Ontario', postal_code: 'L6A 4A1', country: 'CA'}",43.8590000000,-79.5370000000,,,,,https://www.maplehonda.com/privacy-policy.html,New,2213,In stock,,31973 CAD,Free,
2HGFE2F21TH117314,2HGFE2F21TH117314,163826-new,Honda,Civic Sedan,4D LX CVT,2026,AUTOMATIC,SEDAN,GASOLINE,,"2026 Honda Civic Sedan 4D LX CVT, White exterior","[{url:'https://imagescdn.d2cmedia.ca/cbda81fe649c4a5dd2416c574af5ecaa4a/2213/14292822/1/Honda-Civic Sedan-2026.jpg'},{url:'https://imagescdn.d2cmedia.ca/s8da81fe649c4a5dd2416c574af5ecaa4a/2213/14292822/1/Honda-Civic_Sedan-2026.jpg'},{url:'https://imagescdn.d2cmedia.ca/cbda81fe649c4a5dd2416c574af5ecaa4a/2213/14292822/1/Honda-Civic_Sedan-2026.jpg'},{url:'https://imagescdn.d2cmedia.ca/cbda81fe649c4a5dd2416c574af5ecaa4a/2213/14292822/2/Honda-Civic_Sedan-2026.jpg'},{url:'https://imagescdn.d2cmedia.ca/cbda81fe649c4a5dd2416c574af5ecaa4a/2213/14292822/3/Honda-Civic_Sedan-2026.jpg'},{url:'https://imagescdn.d2cmedia.ca/cbda81fe649c4a5dd2416c574af5ecaa4a/2213/14292822/4/Honda-Civic_Sedan-2026.jpg'},{url:'https://imagescdn.d2cmedia.ca/cbda81fe649c4a5dd2416c574af5ecaa4a/2213/14292822/5/Honda-Civic_Sedan-2026.jpg'},{url:'https://imagescdn.d2cmedia.ca/cbda81fe649c4a5dd2416c574af5ecaa4a/2213/14292822/6/Honda-Civic_Sedan-2026.jpg'},{url:'https://imagescdn.d2cmedia.ca/cbda81fe649c4a5dd2416c574af5ecaa4a/2213/14292822/7/Honda-Civic_Sedan-2026.jpg'},{url:'https://imagescdn.d2cmedia.ca/cbda81fe649c4a5dd2416c574af5ecaa4a/2213/14292822/8/Honda-Civic_Sedan-2026.jpg'}]",0,KM,https://www.maplehonda.com/new/inventory/2026-Honda-Civic_Sedan-id14292822.html,2026 Honda Civic Sedan 4D LX CVT at Maple Honda,31973 CAD,New,White,,2213,Maple Honda,+1-905-832-1202,"{addr1: '89 Auto Vaughan Dr.', city: 'Maple', region: 'Ontario', postal_code: 'L6A 4A1', country: 'CA'}",43.8590000000,-79.5370000000,,,,,https://www.maplehonda.com/privacy-policy.html,New,2213,In stock,,31973 CAD,Free,
2HGFE2F25TH118143,2HGFE2F25TH118143,166926-new,Honda,Civic Sedan,4D LX CVT,2026,AUTOMATIC,SEDAN,GASOLINE,,"2026 Honda Civic Sedan 4D LX CVT, White exterior","[{url:'https://imagescdn.d2cmedia.ca/cb210630c89046c8d31586a056a33d3f64/2213/14354495/1/Honda-Civic Sedan-2026.jpg'},{url:'https://imagescdn.d2cmedia.ca/s8210630c89046c8d31586a056a33d3f64/2213/14354495/1/Honda-Civic_Sedan-2026.jpg'},{url:'https://imagescdn.d2cmedia.ca/cb210630c89046c8d31586a056a33d3f64/2213/14354495/1/Honda-Civic_Sedan-2026.jpg'},{url:'https://imagescdn.d2cmedia.ca/cb210630c89046c8d31586a056a33d3f64/2213/14354495/2/Honda-Civic_Sedan-2026.jpg'},{url:'https://imagescdn.d2cmedia.ca/cb210630c89046c8d31586a056a33d3f64/2213/14354495/3/Honda-Civic_Sedan-2026.jpg'},{url:'https://imagescdn.d2cmedia.ca/cb210630c89046c8d31586a056a33d3f64/2213/14354495/4/Honda-Civic_Sedan-2026.jpg'},{url:'https://imagescdn.d2cmedia.ca/cb210630c89046c8d31586a056a33d3f64/2213/14354495/5/Honda-Civic_Sedan-2026.jpg'},{url:'https://imagescdn.d2cmedia.ca/cb210630c89046c8d31586a056a33d3f64/2213/14354495/6/Honda-Civic_Sedan-2026.jpg'},{url:'https://imagescdn.d2cmedia.ca/cb210630c89046c8d31586a056a33d3f64/2213/14354495/7/Honda-Civic_Sedan-2026.jpg'},{url:'https://imagescdn.d2cmedia.ca/cb210630c89046c8d31586a056a33d3f64/2213/14354495/8/Honda-Civic_Sedan-2026.jpg'}]",0,KM,https://www.maplehonda.com/new/inventory/2026-Honda-Civic_Sedan-id14354495.html,2026 Honda Civic Sedan 4D LX CVT at Maple Honda,31973 CAD,New,White,,2213,Maple Honda,+1-905-832-1202,"{addr1: '89 Auto Vaughan Dr.', city: 'Maple', region: 'Ontario', postal_code: 'L6A 4A1', country: 'CA'}",43.8590000000,-79.5370000000,,,,,https://www.maplehonda.com/privacy-policy.html,New,2213,In stock,,31973 CAD,Free,
3CZRZ1H38VM101352,3CZRZ1H38VM101352,007427-new,Honda,HR-V,LX 2WD,2027,AUTOMATIC,SUV,GASOLINE,,"2027 Honda HR-V LX 2WD, SOLAR REFLECTIO exterior","[{url:'https://imagescdn.d2cmedia.ca/cbb5914cf670b4bca7c28e43c8a1308640/2213/14328168/1/Honda-HR_V-2027.jpg'},{url:'https://imagescdn.d2cmedia.ca/s8b5914cf670b4bca7c28e43c8a1308640/2213/14328168/1/Honda-HR_V-2027.jpg'},{url:'https://imagescdn.d2cmedia.ca/cbb5914cf670b4bca7c28e43c8a1308640/2213/14328168/2/Honda-HR_V-2027.jpg'},{url:'https://imagescdn.d2cmedia.ca/cbb5914cf670b4bca7c28e43c8a1308640/2213/14328168/3/Honda-HR_V-2027.jpg'},{url:'https://imagescdn.d2cmedia.ca/cbb5914cf670b4bca7c28e43c8a1308640/2213/14328168/4/Honda-HR_V-2027.jpg'},{url:'https://imagescdn.d2cmedia.ca/cbb5914cf670b4bca7c28e43c8a1308640/2213/14328168/5/Honda-HR_V-2027.jpg'},{url:'https://imagescdn.d2cmedia.ca/cbb5914cf670b4bca7c28e43c8a1308640/2213/14328168/6/Honda-HR_V-2027.jpg'},{url:'https://imagescdn.d2cmedia.ca/cbb5914cf670b4bca7c28e43c8a1308640/2213/14328168/7/Honda-HR_V-2027.jpg'},{url:'https://imagescdn.d2cmedia.ca/cbb5914cf670b4bca7c28e43c8a1308640/2213/14328168/8/Honda-HR_V-2027.jpg'},{url:'https://imagescdn.d2cmedia.ca/cbb5914cf670b4bca7c28e43c8a1308640/2213/14328168/9/Honda-HR_V-2027.jpg'}]",0,KM,https://www.maplehonda.com/new/inventory/2027-Honda-HR_V-id14328168.html,2027 Honda HR-V LX 2WD at Maple Honda,33953 CAD,New,SOLAR REFLECTIO,,2213,Maple Honda,+1-905-832-1202,"{addr1: '89 Auto Vaughan Dr.', city: 'Maple', region: 'Ontario', postal_code: 'L6A 4A1', country: 'CA'}",43.8590000000,-79.5370000000,,,,,https://www.maplehonda.com/privacy-policy.html,New,2213,In stock,,33953 CAD,Free,
3CZRZ1H30VM101362,3CZRZ1H30VM101362,010027-new,Honda,HR-V,LX 2WD,2027,AUTOMATIC,SUV,GASOLINE,,"2027 Honda HR-V LX 2WD, SOLAR REFLECTIO exterior","[{url:'https://imagescdn.d2cmedia.ca/cb2635ca45e46ea7c22985e0ee7b68b45b/2213/14386500/1/Honda-HR_V-2027.jpg'},{url:'https://imagescdn.d2cmedia.ca/s82635ca45e46ea7c22985e0ee7b68b45b/2213/14386500/1/Honda-HR_V-2027.jpg'},{url:'https://imagescdn.d2cmedia.ca/cb2635ca45e46ea7c22985e0ee7b68b45b/2213/14386500/2/Honda-HR_V-2027.jpg'},{url:'https://imagescdn.d2cmedia.ca/cb2635ca45e46ea7c22985e0ee7b68b45b/2213/14386500/3/Honda-HR_V-2027.jpg'},{url:'https://imagescdn.d2cmedia.ca/cb2635ca45e46ea7c22985e0ee7b68b45b/2213/14386500/4/Honda-HR_V-2027.jpg'},{url:'https://imagescdn.d2cmedia.ca/cb2635ca45e46ea7c22985e0ee7b68b45b/2213/14386500/5/Honda-HR_V-2027.jpg'},{url:'https://imagescdn.d2cmedia.ca/cb2635ca45e46ea7c22985e0ee7b68b45b/2213/14386500/6/Honda-HR_V-2027.jpg'},{url:'https://imagescdn.d2cmedia.ca/cb2635ca45e46ea7c22985e0ee7b68b45b/2213/14386500/7/Honda-HR_V-2027.jpg'},{url:'https://imagescdn.d2cmedia.ca/cb2635ca45e46ea7c22985e0ee7b68b45b/2213/14386500/8/Honda-HR_V-2027.jpg'},{url:'https://imagescdn.d2cmedia.ca/cb2635ca45e46ea7c22985e0ee7b68b45b/2213/14386500/9/Honda-HR_V-2027.jpg'}]",0,KM,https://www.maplehonda.com/new/inventory/2027-Honda-HR_V-id14386500.html,2027 Honda HR-V LX 2WD at Maple Honda,33953 CAD,New,SOLAR REFLECTIO,,2213,Maple Honda,+1-905-832-1202,"{addr1: '89 Auto Vaughan Dr.', city: 'Maple', region: 'Ontario', postal_code: 'L6A 4A1', country: 'CA'}",43.8590000000,-79.5370000000,,,,,https://www.maplehonda.com/privacy-policy.html,New,2213,In stock,,33953 CAD,Free,
3CZRZ1H35VM101664,3CZRZ1H35VM101664,014127-new,Honda,HR-V,LX 2WD,2027,AUTOMATIC,SUV,GASOLINE,,"2027 Honda HR-V LX 2WD, SOLAR REFLECTIO exterior","[{url:'https://imagescdn.d2cmedia.ca/cbcad589c480274cbb7351bdc276f4c7a3/2213/14469366/1/Honda-HR_V-2027.jpg'},{url:'https://imagescdn.d2cmedia.ca/s8cad589c480274cbb7351bdc276f4c7a3/2213/14469366/1/Honda-HR_V-2027.jpg'},{url:'https://imagescdn.d2cmedia.ca/cbcad589c480274cbb7351bdc276f4c7a3/2213/14469366/2/Honda-HR_V-2027.jpg'},{url:'https://imagescdn.d2cmedia.ca/cbcad589c480274cbb7351bdc276f4c7a3/2213/14469366/3/Honda-HR_V-2027.jpg'},{url:'https://imagescdn.d2cmedia.ca/cbcad589c480274cbb7351bdc276f4c7a3/2213/14469366/4/Honda-HR_V-2027.jpg'},{url:'https://imagescdn.d2cmedia.ca/cbcad589c480274cbb7351bdc276f4c7a3/2213/14469366/5/Honda-HR_V-2027.jpg'},{url:'https://imagescdn.d2cmedia.ca/cbcad589c480274cbb7351bdc276f4c7a3/2213/14469366/6/Honda-HR_V-2027.jpg'},{url:'https://imagescdn.d2cmedia.ca/cbcad589c480274cbb7351bdc276f4c7a3/2213/14469366/7/Honda-HR_V-2027.jpg'},{url:'https://imagescdn.d2cmedia.ca/cbcad589c480274cbb7351bdc276f4c7a3/2213/14469366/8/Honda-HR_V-2027.jpg'},{url:'https://imagescdn.d2cmedia.ca/cbcad589c480274cbb7351bdc276f4c7a3/2213/14469366/9/Honda-HR_V-2027.jpg'}]",0,KM,https://www.maplehonda.com/new/inventory/2027-Honda-HR_V-id14469366.html,2027 Honda HR-V LX 2WD at Maple Honda,33953 CAD,New,SOLAR REFLECTIO,,2213,Maple Honda,+1-905-832-1202,"{addr1: '89 Auto Vaughan Dr.', city: 'Maple', region: 'Ontario', postal_code: 'L6A 4A1', country: 'CA'}",43.8590000000,-79.5370000000,,,,,https://www.maplehonda.com/privacy-policy.html,New,2213,In stock,,33953 CAD,Free,
3CZRZ1H38VM100976,3CZRZ1H38VM100976,004827-new,Honda,HR-V,LX 2WD,2027,AUTOMATIC,SUV,GASOLINE,,"2027 Honda HR-V LX 2WD, White exterior","[{url:'https://imagescdn.d2cmedia.ca/cb0ceaaf70473afa8aa6f5fa857b4dc67e/2213/14147455/1/Honda-HR_V-2027.jpg'},{url:'https://imagescdn.d2cmedia.ca/s80ceaaf70473afa8aa6f5fa857b4dc67e/2213/14147455/1/Honda-HR_V-2027.jpg'},{url:'https://imagescdn.d2cmedia.ca/cb0ceaaf70473afa8aa6f5fa857b4dc67e/2213/14147455/2/Honda-HR_V-2027.jpg'},{url:'https://imagescdn.d2cmedia.ca/cb0ceaaf70473afa8aa6f5fa857b4dc67e/2213/14147455/3/Honda-HR_V-2027.jpg'},{url:'https://imagescdn.d2cmedia.ca/cb0ceaaf70473afa8aa6f5fa857b4dc67e/2213/14147455/4/Honda-HR_V-2027.jpg'},{url:'https://imagescdn.d2cmedia.ca/cb0ceaaf70473afa8aa6f5fa857b4dc67e/2213/14147455/5/Honda-HR_V-2027.jpg'},{url:'https://imagescdn.d2cmedia.ca/cb0ceaaf70473afa8aa6f5fa857b4dc67e/2213/14147455/6/Honda-HR_V-2027.jpg'},{url:'https://imagescdn.d2cmedia.ca/cb0ceaaf70473afa8aa6f5fa857b4dc67e/2213/14147455/7/Honda-HR_V-2027.jpg'},{url:'https://imagescdn.d2cmedia.ca/cb0ceaaf70473afa8aa6f5fa857b4dc67e/2213/14147455/8/Honda-HR_V-2027.jpg'},{url:'https://imagescdn.d2cmedia.ca/cb0ceaaf70473afa8aa6f5fa857b4dc67e/2213/14147455/9/Honda-HR_V-2027.jpg'}]",0,KM,https://www.maplehonda.com/new/inventory/2027-Honda-HR_V-id14147455.html,2027 Honda HR-V LX 2WD at Maple Honda,34498 CAD,New,White,,2213,Maple Honda,+1-905-832-1202,"{addr1: '89 Auto Vaughan Dr.', city: 'Maple', region: 'Ontario', postal_code: 'L6A 4A1', country: 'CA'}",43.8590000000,-79.5370000000,,,,,https://www.maplehonda.com/privacy-policy.html,New,2213,In stock,,34498 CAD,Free,
3CZRZ1H33VM100884,3CZRZ1H33VM100884,003927-new,Honda,HR-V,LX 2WD,2027,AUTOMATIC,SUV,GASOLINE,,"2027 Honda HR-V LX 2WD, Black exterior","[{url:'https://imagescdn.d2cmedia.ca/cbeadcf20c1a59048641864727f7615036/2213/14093199/1/Honda-HR_V-2027.jpg'},{url:'https://imagescdn.d2cmedia.ca/s8eadcf20c1a59048641864727f7615036/2213/14093199/1/Honda-HR_V-2027.jpg'},{url:'https://imagescdn.d2cmedia.ca/cbeadcf20c1a59048641864727f7615036/2213/14093199/2/Honda-HR_V-2027.jpg'},{url:'https://imagescdn.d2cmedia.ca/cbeadcf20c1a59048641864727f7615036/2213/14093199/3/Honda-HR_V-2027.jpg'},{url:'https://imagescdn.d2cmedia.ca/cbeadcf20c1a59048641864727f7615036/2213/14093199/4/Honda-HR_V-2027.jpg'},{url:'https://imagescdn.d2cmedia.ca/cbeadcf20c1a59048641864727f7615036/2213/14093199/5/Honda-HR_V-2027.jpg'},{url:'https://imagescdn.d2cmedia.ca/cbeadcf20c1a59048641864727f7615036/2213/14093199/6/Honda-HR_V-2027.jpg'},{url:'https://imagescdn.d2cmedia.ca/cbeadcf20c1a59048641864727f7615036/2213/14093199/7/Honda-HR_V-2027.jpg'},{url:'https://imagescdn.d2cmedia.ca/cbeadcf20c1a59048641864727f7615036/2213/14093199/8/Honda-HR_V-2027.jpg'},{url:'https://imagescdn.d2cmedia.ca/cbeadcf20c1a59048641864727f7615036/2213/14093199/9/Honda-HR_V-2027.jpg'}]",50,KM,https://www.maplehonda.com/new/inventory/2027-Honda-HR_V-id14093199.html,2027 Honda HR-V LX 2WD at Maple Honda,34498 CAD,New,Black,,2213,Maple Honda,+1-905-832-1202,"{addr1: '89 Auto Vaughan Dr.', city: 'Maple', region: 'Ontario', postal_code: 'L6A 4A1', country: 'CA'}",43.8590000000,-79.5370000000,,,,,https://www.maplehonda.com/privacy-policy.html,New,2213,In stock,,34498 CAD,Free,
3CZRZ1H34VM101641,3CZRZ1H34VM101641,014227-new,Honda,HR-V,LX 2WD,2027,AUTOMATIC,SUV,GASOLINE,,"2027 Honda HR-V LX 2WD, Black exterior","[{url:'https://imagescdn.d2cmedia.ca/cb18ab8f071f85262c5ae10db566752c47/2213/14469367/1/Honda-HR_V-2027.jpg'},{url:'https://imagescdn.d2cmedia.ca/s818ab8f071f85262c5ae10db566752c47/2213/14469367/1/Honda-HR_V-2027.jpg'},{url:'https://imagescdn.d2cmedia.ca/cb18ab8f071f85262c5ae10db566752c47/2213/14469367/2/Honda-HR_V-2027.jpg'},{url:'https://imagescdn.d2cmedia.ca/cb18ab8f071f85262c5ae10db566752c47/2213/14469367/3/Honda-HR_V-2027.jpg'},{url:'https://imagescdn.d2cmedia.ca/cb18ab8f071f85262c5ae10db566752c47/2213/14469367/4/Honda-HR_V-2027.jpg'},{url:'https://imagescdn.d2cmedia.ca/cb18ab8f071f85262c5ae10db566752c47/2213/14469367/5/Honda-HR_V-2027.jpg'},{url:'https://imagescdn.d2cmedia.ca/cb18ab8f071f85262c5ae10db566752c47/2213/14469367/6/Honda-HR_V-2027.jpg'},{url:'https://imagescdn.d2cmedia.ca/cb18ab8f071f85262c5ae10db566752c47/2213/14469367/7/Honda-HR_V-2027.jpg'},{url:'https://imagescdn.d2cmedia.ca/cb18ab8f071f85262c5ae10db566752c47/2213/14469367/8/Honda-HR_V-2027.jpg'},{url:'https://imagescdn.d2cmedia.ca/cb18ab8f071f85262c5ae10db566752c47/2213/14469367/9/Honda-HR_V-2027.jpg'}]",0,KM,https://www.maplehonda.com/new/inventory/2027-Honda-HR_V-id14469367.html,2027 Honda HR-V LX 2WD at Maple Honda,34503 CAD,New,Black,,2213,Maple Honda,+1-905-832-1202,"{addr1: '89 Auto Vaughan Dr.', city: 'Maple', region: 'Ontario', postal_code: 'L6A 4A1', country: 'CA'}",43.8590000000,-79.5370000000,,,,,https://www.maplehonda.com/privacy-policy.html,New,2213,In stock,,34503 CAD,Free,
3CZRZ1H35VM101535,3CZRZ1H35VM101535,011327-new,Honda,HR-V,LX 2WD,2027,AUTOMATIC,SUV,GASOLINE,,"2027 Honda HR-V LX 2WD, White exterior","[{url:'https://imagescdn.d2cmedia.ca/cb9d5c2ad72298e2f65f8a5beb3cc81b5e/2213/14420099/1/Honda-HR_V-2027.jpg'},{url:'https://imagescdn.d2cmedia.ca/s89d5c2ad72298e2f65f8a5beb3cc81b5e/2213/14420099/1/Honda-HR_V-2027.jpg'},{url:'https://imagescdn.d2cmedia.ca/cb9d5c2ad72298e2f65f8a5beb3cc81b5e/2213/14420099/2/Honda-HR_V-2027.jpg'},{url:'https://imagescdn.d2cmedia.ca/cb9d5c2ad72298e2f65f8a5beb3cc81b5e/2213/14420099/3/Honda-HR_V-2027.jpg'},{url:'https://imagescdn.d2cmedia.ca/cb9d5c2ad72298e2f65f8a5beb3cc81b5e/2213/14420099/4/Honda-HR_V-2027.jpg'},{url:'https://imagescdn.d2cmedia.ca/cb9d5c2ad72298e2f65f8a5beb3cc81b5e/2213/14420099/5/Honda-HR_V-2027.jpg'},{url:'https://imagescdn.d2cmedia.ca/cb9d5c2ad72298e2f65f8a5beb3cc81b5e/2213/14420099/6/Honda-HR_V-2027.jpg'},{url:'https://imagescdn.d2cmedia.ca/cb9d5c2ad72298e2f65f8a5beb3cc81b5e/2213/14420099/7/Honda-HR_V-2027.jpg'},{url:'https://imagescdn.d2cmedia.ca/cb9d5c2ad72298e2f65f8a5beb3cc81b5e/2213/14420099/8/Honda-HR_V-2027.jpg'},{url:'https://imagescdn.d2cmedia.ca/cb9d5c2ad72298e2f65f8a5beb3cc81b5e/2213/14420099/9/Honda-HR_V-2027.jpg'}]",50,KM,https://www.maplehonda.com/new/inventory/2027-Honda-HR_V-id14420099.html,2027 Honda HR-V LX 2WD at Maple Honda,34503 CAD,New,White,,2213,Maple Honda,+1-905-832-1202,"{addr1: '89 Auto Vaughan Dr.', city: 'Maple', region: 'Ontario', postal_code: 'L6A 4A1', country: 'CA'}",43.8590000000,-79.5370000000,,,,,https://www.maplehonda.com/privacy-policy.html,New,2213,In stock,,34503 CAD,Free,
2HGFE2F52TH116361,2HGFE2F52TH116361,157126-new,Honda,Civic Sedan,4D SPORT CVT,2026,AUTOMATIC,SEDAN,GASOLINE,,"2026 Honda Civic Sedan 4D SPORT CVT, SOLAR REFLECTIO exterior","[{url:'https://imagescdn.d2cmedia.ca/cbc78a93d8965341dd382d526738c3ce5f/2213/14211022/1/Honda-Civic Sedan-2026.jpg'},{url:'https://imagescdn.d2cmedia.ca/s8c78a93d8965341dd382d526738c3ce5f/2213/14211022/1/Honda-Civic_Sedan-2026.jpg'},{url:'https://imagescdn.d2cmedia.ca/cbc78a93d8965341dd382d526738c3ce5f/2213/14211022/1/Honda-Civic_Sedan-2026.jpg'},{url:'https://imagescdn.d2cmedia.ca/cbc78a93d8965341dd382d526738c3ce5f/2213/14211022/2/Honda-Civic_Sedan-2026.jpg'},{url:'https://imagescdn.d2cmedia.ca/cbc78a93d8965341dd382d526738c3ce5f/2213/14211022/3/Honda-Civic_Sedan-2026.jpg'},{url:'https://imagescdn.d2cmedia.ca/cbc78a93d8965341dd382d526738c3ce5f/2213/14211022/4/Honda-Civic_Sedan-2026.jpg'},{url:'https://imagescdn.d2cmedia.ca/cbc78a93d8965341dd382d526738c3ce5f/2213/14211022/5/Honda-Civic_Sedan-2026.jpg'},{url:'https://imagescdn.d2cmedia.ca/cbc78a93d8965341dd382d526738c3ce5f/2213/14211022/6/Honda-Civic_Sedan-2026.jpg'},{url:'https://imagescdn.d2cmedia.ca/cbc78a93d8965341dd382d526738c3ce5f/2213/14211022/7/Honda-Civic_Sedan-2026.jpg'},{url:'https://imagescdn.d2cmedia.ca/cbc78a93d8965341dd382d526738c3ce5f/2213/14211022/8/Honda-Civic_Sedan-2026.jpg'}]",0,KM,https://www.maplehonda.com/new/inventory/2026-Honda-Civic_Sedan-id14211022.html,2026 Honda Civic Sedan 4D SPORT CVT at Maple Honda,35283 CAD,New,SOLAR REFLECTIO,,2213,Maple Honda,+1-905-832-1202,"{addr1: '89 Auto Vaughan Dr.', city: 'Maple', region: 'Ontario', postal_code: 'L6A 4A1', country: 'CA'}",43.8590000000,-79.5370000000,,,,,https://www.maplehonda.com/privacy-policy.html,New,2213,In stock,,35283 CAD,Free,
2HGFE2F53TH116546,2HGFE2F53TH116546,157426-new,Honda,Civic Sedan,4D SPORT CVT,2026,AUTOMATIC,SEDAN,GASOLINE,,"2026 Honda Civic Sedan 4D SPORT CVT, SOLAR REFLECTIO exterior","[{url:'https://imagescdn.d2cmedia.ca/cb9fb5d40b8655b940e30a40e6691795cf/2213/14211025/1/Honda-Civic Sedan-2026.jpg'},{url:'https://imagescdn.d2cmedia.ca/s89fb5d40b8655b940e30a40e6691795cf/2213/14211025/1/Honda-Civic_Sedan-2026.jpg'},{url:'https://imagescdn.d2cmedia.ca/cb9fb5d40b8655b940e30a40e6691795cf/2213/14211025/1/Honda-Civic_Sedan-2026.jpg'},{url:'https://imagescdn.d2cmedia.ca/cb9fb5d40b8655b940e30a40e6691795cf/2213/14211025/2/Honda-Civic_Sedan-2026.jpg'},{url:'https://imagescdn.d2cmedia.ca/cb9fb5d40b8655b940e30a40e6691795cf/2213/14211025/3/Honda-Civic_Sedan-2026.jpg'},{url:'https://imagescdn.d2cmedia.ca/cb9fb5d40b8655b940e30a40e6691795cf/2213/14211025/4/Honda-Civic_Sedan-2026.jpg'},{url:'https://imagescdn.d2cmedia.ca/cb9fb5d40b8655b940e30a40e6691795cf/2213/14211025/5/Honda-Civic_Sedan-2026.jpg'},{url:'https://imagescdn.d2cmedia.ca/cb9fb5d40b8655b940e30a40e6691795cf/2213/14211025/6/Honda-Civic_Sedan-2026.jpg'},{url:'https://imagescdn.d2cmedia.ca/cb9fb5d40b8655b940e30a40e6691795cf/2213/14211025/7/Honda-Civic_Sedan-2026.jpg'},{url:'https://imagescdn.d2cmedia.ca/cb9fb5d40b8655b940e30a40e6691795cf/2213/14211025/8/Honda-Civic_Sedan-2026.jpg'}]",0,KM,https://www.maplehonda.com/new/inventory/2026-Honda-Civic_Sedan-id14211025.html,2026 Honda Civic Sedan 4D SPORT CVT at Maple Honda,35283 CAD,New,SOLAR REFLECTIO,,2213,Maple Honda,+1-905-832-1202,"{addr1: '89 Auto Vaughan Dr.', city: 'Maple', region: 'Ontario', postal_code: 'L6A 4A1', country: 'CA'}",43.8590000000,-79.5370000000,,,,,https://www.maplehonda.com/privacy-policy.html,New,2213,In stock,,35283 CAD,Free,
2HGFE2F57TH117117,2HGFE2F57TH117117,161526-new,Honda,Civic Sedan,4D SPORT CVT,2026,AUTOMATIC,SEDAN,GASOLINE,,"2026 Honda Civic Sedan 4D SPORT CVT, SOLAR REFLECTIO exterior","[{url:'https://imagescdn.d2cmedia.ca/cba093fbad042ceaf3b39862c6c8313767/2213/14261871/1/Honda-Civic Sedan-2026.jpg'},{url:'https://imagescdn.d2cmedia.ca/s8a093fbad042ceaf3b39862c6c8313767/2213/14261871/1/Honda-Civic_Sedan-2026.jpg'},{url:'https://imagescdn.d2cmedia.ca/cba093fbad042ceaf3b39862c6c8313767/2213/14261871/1/Honda-Civic_Sedan-2026.jpg'},{url:'https://imagescdn.d2cmedia.ca/cba093fbad042ceaf3b39862c6c8313767/2213/14261871/2/Honda-Civic_Sedan-2026.jpg'},{url:'https://imagescdn.d2cmedia.ca/cba093fbad042ceaf3b39862c6c8313767/2213/14261871/3/Honda-Civic_Sedan-2026.jpg'},{url:'https://imagescdn.d2cmedia.ca/cba093fbad042ceaf3b39862c6c8313767/2213/14261871/4/Honda-Civic_Sedan-2026.jpg'},{url:'https://imagescdn.d2cmedia.ca/cba093fbad042ceaf3b39862c6c8313767/2213/14261871/5/Honda-Civic_Sedan-2026.jpg'},{url:'https://imagescdn.d2cmedia.ca/cba093fbad042ceaf3b39862c6c8313767/2213/14261871/6/Honda-Civic_Sedan-2026.jpg'},{url:'https://imagescdn.d2cmedia.ca/cba093fbad042ceaf3b39862c6c8313767/2213/14261871/7/Honda-Civic_Sedan-2026.jpg'},{url:'https://imagescdn.d2cmedia.ca/cba093fbad042ceaf3b39862c6c8313767/2213/14261871/8/Honda-Civic_Sedan-2026.jpg'}]",0,KM,https://www.maplehonda.com/new/inventory/2026-Honda-Civic_Sedan-id14261871.html,2026 Honda Civic Sedan 4D SPORT CVT at Maple Honda,35283 CAD,New,SOLAR REFLECTIO,,2213,Maple Honda,+1-905-832-1202,"{addr1: '89 Auto Vaughan Dr.', city: 'Maple', region: 'Ontario', postal_code: 'L6A 4A1', country: 'CA'}",43.8590000000,-79.5370000000,,,,,https://www.maplehonda.com/privacy-policy.html,New,2213,In stock,,35283 CAD,Free,
2HGFE2F50TH113281,2HGFE2F50TH113281,126826-new,Honda,Civic Sedan,4D SPORT CVT,2026,AUTOMATIC,SEDAN,GASOLINE,,"2026 Honda Civic Sedan 4D SPORT CVT, White exterior","[{url:'https://imagescdn.d2cmedia.ca/cb0a68cabf491db2083a8baf597854200f/2213/13890342/1/Honda-Civic Sedan-2026.jpg'},{url:'https://imagescdn.d2cmedia.ca/s80a68cabf491db2083a8baf597854200f/2213/13890342/1/Honda-Civic_Sedan-2026.jpg'},{url:'https://imagescdn.d2cmedia.ca/cb0a68cabf491db2083a8baf597854200f/2213/13890342/1/Honda-Civic_Sedan-2026.jpg'},{url:'https://imagescdn.d2cmedia.ca/cb0a68cabf491db2083a8baf597854200f/2213/13890342/2/Honda-Civic_Sedan-2026.jpg'},{url:'https://imagescdn.d2cmedia.ca/cb0a68cabf491db2083a8baf597854200f/2213/13890342/3/Honda-Civic_Sedan-2026.jpg'},{url:'https://imagescdn.d2cmedia.ca/cb0a68cabf491db2083a8baf597854200f/2213/13890342/4/Honda-Civic_Sedan-2026.jpg'},{url:'https://imagescdn.d2cmedia.ca/cb0a68cabf491db2083a8baf597854200f/2213/13890342/5/Honda-Civic_Sedan-2026.jpg'},{url:'https://imagescdn.d2cmedia.ca/cb0a68cabf491db2083a8baf597854200f/2213/13890342/6/Honda-Civic_Sedan-2026.jpg'},{url:'https://imagescdn.d2cmedia.ca/cb0a68cabf491db2083a8baf597854200f/2213/13890342/7/Honda-Civic_Sedan-2026.jpg'},{url:'https://imagescdn.d2cmedia.ca/cb0a68cabf491db2083a8baf597854200f/2213/13890342/8/Honda-Civic_Sedan-2026.jpg'}]",0,KM,https://www.maplehonda.com/new/inventory/2026-Honda-Civic_Sedan-id13890342.html,2026 Honda Civic Sedan 4D SPORT CVT at Maple Honda,35816 CAD,New,White,,2213,Maple Honda,+1-905-832-1202,"{addr1: '89 Auto Vaughan Dr.', city: 'Maple', region: 'Ontario', postal_code: 'L6A 4A1', country: 'CA'}",43.8590000000,-79.5370000000,,,,,https://www.maplehonda.com/privacy-policy.html,New,2213,In stock,,35816 CAD,Free,
2HGFE2F52TH115954,2HGFE2F52TH115954,149426-new,Honda,Civic Sedan,4D SPORT CVT,2026,AUTOMATIC,SEDAN,GASOLINE,,"2026 Honda Civic Sedan 4D SPORT CVT, White exterior","[{url:'https://imagescdn.d2cmedia.ca/cb652df1d376b0904000ca2bd571200f64/2213/14153238/1/Honda-Civic Sedan-2026.jpg'},{url:'https://imagescdn.d2cmedia.ca/s8652df1d376b0904000ca2bd571200f64/2213/14153238/1/Honda-Civic_Sedan-2026.jpg'},{url:'https://imagescdn.d2cmedia.ca/cb652df1d376b0904000ca2bd571200f64/2213/14153238/1/Honda-Civic_Sedan-2026.jpg'},{url:'https://imagescdn.d2cmedia.ca/cb652df1d376b0904000ca2bd571200f64/2213/14153238/2/Honda-Civic_Sedan-2026.jpg'},{url:'https://imagescdn.d2cmedia.ca/cb652df1d376b0904000ca2bd571200f64/2213/14153238/3/Honda-Civic_Sedan-2026.jpg'},{url:'https://imagescdn.d2cmedia.ca/cb652df1d376b0904000ca2bd571200f64/2213/14153238/4/Honda-Civic_Sedan-2026.jpg'},{url:'https://imagescdn.d2cmedia.ca/cb652df1d376b0904000ca2bd571200f64/2213/14153238/5/Honda-Civic_Sedan-2026.jpg'},{url:'https://imagescdn.d2cmedia.ca/cb652df1d376b0904000ca2bd571200f64/2213/14153238/6/Honda-Civic_Sedan-2026.jpg'},{url:'https://imagescdn.d2cmedia.ca/cb652df1d376b0904000ca2bd571200f64/2213/14153238/7/Honda-Civic_Sedan-2026.jpg'},{url:'https://imagescdn.d2cmedia.ca/cb652df1d376b0904000ca2bd571200f64/2213/14153238/8/Honda-Civic_Sedan-2026.jpg'}]",0,KM,https://www.maplehonda.com/new/inventory/2026-Honda-Civic_Sedan-id14153238.html,2026 Honda Civic Sedan 4D SPORT CVT at Maple Honda,35828 CAD,New,White,,2213,Maple Honda,+1-905-832-1202,"{addr1: '89 Auto Vaughan Dr.', city: 'Maple', region: 'Ontario', postal_code: 'L6A 4A1', country: 'CA'}",43.8590000000,-79.5370000000,,,,,https://www.maplehonda.com/privacy-policy.html,New,2213,In stock,,35828 CAD,Free,
2HGFE2F51TH115976,2HGFE2F51TH115976,150326-new,Honda,Civic Sedan,4D SPORT CVT,2026,AUTOMATIC,SEDAN,GASOLINE,,"2026 Honda Civic Sedan 4D SPORT CVT, White exterior","[{url:'https://imagescdn.d2cmedia.ca/cb23e7c520508fc2dff57ee676c0edb2c7/2213/14167692/1/Honda-Civic Sedan-2026.jpg'},{url:'https://imagescdn.d2cmedia.ca/s823e7c520508fc2dff57ee676c0edb2c7/2213/14167692/1/Honda-Civic_Sedan-2026.jpg'},{url:'https://imagescdn.d2cmedia.ca/cb23e7c520508fc2dff57ee676c0edb2c7/2213/14167692/1/Honda-Civic_Sedan-2026.jpg'},{url:'https://imagescdn.d2cmedia.ca/cb23e7c520508fc2dff57ee676c0edb2c7/2213/14167692/2/Honda-Civic_Sedan-2026.jpg'},{url:'https://imagescdn.d2cmedia.ca/cb23e7c520508fc2dff57ee676c0edb2c7/2213/14167692/3/Honda-Civic_Sedan-2026.jpg'},{url:'https://imagescdn.d2cmedia.ca/cb23e7c520508fc2dff57ee676c0edb2c7/2213/14167692/4/Honda-Civic_Sedan-2026.jpg'},{url:'https://imagescdn.d2cmedia.ca/cb23e7c520508fc2dff57ee676c0edb2c7/2213/14167692/5/Honda-Civic_Sedan-2026.jpg'},{url:'https://imagescdn.d2cmedia.ca/cb23e7c520508fc2dff57ee676c0edb2c7/2213/14167692/6/Honda-Civic_Sedan-2026.jpg'},{url:'https://imagescdn.d2cmedia.ca/cb23e7c520508fc2dff57ee676c0edb2c7/2213/14167692/7/Honda-Civic_Sedan-2026.jpg'},{url:'https://imagescdn.d2cmedia.ca/cb23e7c520508fc2dff57ee676c0edb2c7/2213/14167692/8/Honda-Civic_Sedan-2026.jpg'}]",0,KM,https://www.maplehonda.com/new/inventory/2026-Honda-Civic_Sedan-id14167692.html,2026 Honda Civic Sedan 4D SPORT CVT at Maple Honda,35828 CAD,New,White,,2213,Maple Honda,+1-905-832-1202,"{addr1: '89 Auto Vaughan Dr.', city: 'Maple', region: 'Ontario', postal_code: 'L6A 4A1', country: 'CA'}",43.8590000000,-79.5370000000,,,,,https://www.maplehonda.com/privacy-policy.html,New,2213,In stock,,35828 CAD,Free,
2HGFE2F51TH116612,2HGFE2F51TH116612,158226-new,Honda,Civic Sedan,4D SPORT CVT,2026,AUTOMATIC,SEDAN,GASOLINE,,"2026 Honda Civic Sedan 4D SPORT CVT, Grey exterior","[{url:'https://carimages.d2cmedia.ca/newcarimages/en/cb6ac7b4b4bf741/Honda/Civic Sedan/2026/1200/478589-Q0lWSUMgNEQgU1BPUlQgQ1ZU/Gray/front45.png'},{url:'https://carimages.d2cmedia.ca/newcarimages/en/cb6ac7b4b4bf741/Honda/Civic Sedan/2026/1280/478589/grey/front_45_degree.png'},{url:'https://carimages.d2cmedia.ca/newcarimages/en/cb6ac7b4b4bf741/Honda/Civic Sedan/2026/2100/478589/grey/front_45_degree.png'},{url:'https://carimages.d2cmedia.ca/newcarimages/en/cb6ac7b4b4bf741/Honda/Civic Sedan/2026/2100/478589/grey/profile.png'},{url:'https://carimages.d2cmedia.ca/newcarimages/en/cb6ac7b4b4bf741/Honda/Civic Sedan/2026/2100/478589/grey/back_45_degree.png'},{url:'https://carimages.d2cmedia.ca/newcarimages/en/cb6ac7b4b4bf741/Honda/Civic Sedan/2026/2100/478589/grey/driver_dashboard.png'},{url:'https://carimages.d2cmedia.ca/newcarimages/en/cb6ac7b4b4bf741/Honda/Civic Sedan/2026/2100/478589/grey/full_dashboard.png'},{url:'https://carimages.d2cmedia.ca/newcarimages/en/cb6ac7b4b4bf741/Honda/Civic Sedan/2026/2100/478589/grey/interior_driver_open_seat.png'},{url:'https://carimages.d2cmedia.ca/newcarimages/en/cb6ac7b4b4bf741/Honda/Civic Sedan/2026/2100/478589/grey/interior_driver_stereo.png'},{url:'https://carimages.d2cmedia.ca/newcarimages/en/cb6ac7b4b4bf741/Honda/Civic Sedan/2026/2100/478589/grey/interior_driver_reat_seats.png'}]",0,KM,https://www.maplehonda.com/new/inventory/2026-Honda-Civic_Sedan-id14216576.html,2026 Honda Civic Sedan 4D SPORT CVT at Maple Honda,35833 CAD,New,Grey,,2213,Maple Honda,+1-905-832-1202,"{addr1: '89 Auto Vaughan Dr.', city: 'Maple', region: 'Ontario', postal_code: 'L6A 4A1', country: 'CA'}",43.8590000000,-79.5370000000,,,,,https://www.maplehonda.com/privacy-policy.html,New,2213,In stock,,35833 CAD,Free,
2HGFE2F51TH116609,2HGFE2F51TH116609,158426-new,Honda,Civic Sedan,4D SPORT CVT,2026,AUTOMATIC,SEDAN,GASOLINE,,"2026 Honda Civic Sedan 4D SPORT CVT, Grey exterior","[{url:'https://carimages.d2cmedia.ca/newcarimages/en/cb6ac7b4b4bf741/Honda/Civic Sedan/2026/1200/478589-Q0lWSUMgNEQgU1BPUlQgQ1ZU/Gray/front45.png'},{url:'https://carimages.d2cmedia.ca/newcarimages/en/cb6ac7b4b4bf741/Honda/Civic Sedan/2026/1280/478589/grey/front_45_degree.png'},{url:'https://carimages.d2cmedia.ca/newcarimages/en/cb6ac7b4b4bf741/Honda/Civic Sedan/2026/2100/478589/grey/front_45_degree.png'},{url:'https://carimages.d2cmedia.ca/newcarimages/en/cb6ac7b4b4bf741/Honda/Civic Sedan/2026/2100/478589/grey/profile.png'},{url:'https://carimages.d2cmedia.ca/newcarimages/en/cb6ac7b4b4bf741/Honda/Civic Sedan/2026/2100/478589/grey/back_45_degree.png'},{url:'https://carimages.d2cmedia.ca/newcarimages/en/cb6ac7b4b4bf741/Honda/Civic Sedan/2026/2100/478589/grey/driver_dashboard.png'},{url:'https://carimages.d2cmedia.ca/newcarimages/en/cb6ac7b4b4bf741/Honda/Civic Sedan/2026/2100/478589/grey/full_dashboard.png'},{url:'https://carimages.d2cmedia.ca/newcarimages/en/cb6ac7b4b4bf741/Honda/Civic Sedan/2026/2100/478589/grey/interior_driver_open_seat.png'},{url:'https://carimages.d2cmedia.ca/newcarimages/en/cb6ac7b4b4bf741/Honda/Civic Sedan/2026/2100/478589/grey/interior_driver_stereo.png'},{url:'https://carimages.d2cmedia.ca/newcarimages/en/cb6ac7b4b4bf741/Honda/Civic Sedan/2026/2100/478589/grey/interior_driver_reat_seats.png'}]",0,KM,https://www.maplehonda.com/new/inventory/2026-Honda-Civic_Sedan-id14216578.html,2026 Honda Civic Sedan 4D SPORT CVT at Maple Honda,35833 CAD,New,Grey,,2213,Maple Honda,+1-905-832-1202,"{addr1: '89 Auto Vaughan Dr.', city: 'Maple', region: 'Ontario', postal_code: 'L6A 4A1', country: 'CA'}",43.8590000000,-79.5370000000,,,,,https://www.maplehonda.com/privacy-policy.html,New,2213,In stock,,35833 CAD,Free,
2HGFE2F5XTH118486,2HGFE2F5XTH118486,170226-new,Honda,Civic Sedan,4D SPORT CVT,2026,AUTOMATIC,SEDAN,GASOLINE,,"2026 Honda Civic Sedan 4D SPORT CVT, Black exterior","[{url:'https://imagescdn.d2cmedia.ca/cbd2ab76eeacd196282e69c317094e4216/2213/14427290/1/Honda-Civic Sedan-2026.jpg'},{url:'https://imagescdn.d2cmedia.ca/s8d2ab76eeacd196282e69c317094e4216/2213/14427290/1/Honda-Civic_Sedan-2026.jpg'},{url:'https://imagescdn.d2cmedia.ca/cbd2ab76eeacd196282e69c317094e4216/2213/14427290/1/Honda-Civic_Sedan-2026.jpg'},{url:'https://imagescdn.d2cmedia.ca/cbd2ab76eeacd196282e69c317094e4216/2213/14427290/2/Honda-Civic_Sedan-2026.jpg'},{url:'https://imagescdn.d2cmedia.ca/cbd2ab76eeacd196282e69c317094e4216/2213/14427290/3/Honda-Civic_Sedan-2026.jpg'},{url:'https://imagescdn.d2cmedia.ca/cbd2ab76eeacd196282e69c317094e4216/2213/14427290/4/Honda-Civic_Sedan-2026.jpg'},{url:'https://imagescdn.d2cmedia.ca/cbd2ab76eeacd196282e69c317094e4216/2213/14427290/5/Honda-Civic_Sedan-2026.jpg'},{url:'https://imagescdn.d2cmedia.ca/cbd2ab76eeacd196282e69c317094e4216/2213/14427290/6/Honda-Civic_Sedan-2026.jpg'},{url:'https://imagescdn.d2cmedia.ca/cbd2ab76eeacd196282e69c317094e4216/2213/14427290/7/Honda-Civic_Sedan-2026.jpg'},{url:'https://imagescdn.d2cmedia.ca/cbd2ab76eeacd196282e69c317094e4216/2213/14427290/8/Honda-Civic_Sedan-2026.jpg'}]",0,KM,https://www.maplehonda.com/new/inventory/2026-Honda-Civic_Sedan-id14427290.html,2026 Honda Civic Sedan 4D SPORT CVT at Maple Honda,35833 CAD,New,Black,,2213,Maple Honda,+1-905-832-1202,"{addr1: '89 Auto Vaughan Dr.', city: 'Maple', region: 'Ontario', postal_code: 'L6A 4A1', country: 'CA'}",43.8590000000,-79.5370000000,,,,,https://www.maplehonda.com/privacy-policy.html,New,2213,In stock,,35833 CAD,Free,
2HGFE2F50TH116603,2HGFE2F50TH116603,158826-new,Honda,Civic Sedan,4D SPORT CVT,2026,AUTOMATIC,SEDAN,GASOLINE,,"2026 Honda Civic Sedan 4D SPORT CVT, Grey exterior","[{url:'https://carimages.d2cmedia.ca/newcarimages/en/cb6ac7b4b4bf741/Honda/Civic Sedan/2026/1200/478589-Q0lWSUMgNEQgU1BPUlQgQ1ZU/Gray/front45.png'},{url:'https://carimages.d2cmedia.ca/newcarimages/en/cb6ac7b4b4bf741/Honda/Civic Sedan/2026/1280/478589/grey/front_45_degree.png'},{url:'https://carimages.d2cmedia.ca/newcarimages/en/cb6ac7b4b4bf741/Honda/Civic Sedan/2026/2100/478589/grey/front_45_degree.png'},{url:'https://carimages.d2cmedia.ca/newcarimages/en/cb6ac7b4b4bf741/Honda/Civic Sedan/2026/2100/478589/grey/profile.png'},{url:'https://carimages.d2cmedia.ca/newcarimages/en/cb6ac7b4b4bf741/Honda/Civic Sedan/2026/2100/478589/grey/back_45_degree.png'},{url:'https://carimages.d2cmedia.ca/newcarimages/en/cb6ac7b4b4bf741/Honda/Civic Sedan/2026/2100/478589/grey/driver_dashboard.png'},{url:'https://carimages.d2cmedia.ca/newcarimages/en/cb6ac7b4b4bf741/Honda/Civic Sedan/2026/2100/478589/grey/full_dashboard.png'},{url:'https://carimages.d2cmedia.ca/newcarimages/en/cb6ac7b4b4bf741/Honda/Civic Sedan/2026/2100/478589/grey/interior_driver_open_seat.png'},{url:'https://carimages.d2cmedia.ca/newcarimages/en/cb6ac7b4b4bf741/Honda/Civic Sedan/2026/2100/478589/grey/interior_driver_stereo.png'},{url:'https://carimages.d2cmedia.ca/newcarimages/en/cb6ac7b4b4bf741/Honda/Civic Sedan/2026/2100/478589/grey/interior_driver_reat_seats.png'}]",50,KM,https://www.maplehonda.com/new/inventory/2026-Honda-Civic_Sedan-id14218669.html,2026 Honda Civic Sedan 4D SPORT CVT at Maple Honda,35833 CAD,New,Grey,,2213,Maple Honda,+1-905-832-1202,"{addr1: '89 Auto Vaughan Dr.', city: 'Maple', region: 'Ontario', postal_code: 'L6A 4A1', country: 'CA'}",43.8590000000,-79.5370000000,,,,,https://www.maplehonda.com/privacy-policy.html,New,2213,In stock,,35833 CAD,Free,
3CZRZ2H37VM106418,3CZRZ2H37VM106418,009827-new,Honda,HR-V,LX 4WD,2027,AUTOMATIC,SUV,GASOLINE,,"2027 Honda HR-V LX 4WD, SOLAR REFLECTIO exterior","[{url:'https://imagescdn.d2cmedia.ca/cb55c6e53b7b6aa10d9dbd0138137b4905/2213/14379906/1/Honda-HR_V-2027.jpg'},{url:'https://imagescdn.d2cmedia.ca/s855c6e53b7b6aa10d9dbd0138137b4905/2213/14379906/1/Honda-HR_V-2027.jpg'},{url:'https://imagescdn.d2cmedia.ca/cb55c6e53b7b6aa10d9dbd0138137b4905/2213/14379906/2/Honda-HR_V-2027.jpg'},{url:'https://imagescdn.d2cmedia.ca/cb55c6e53b7b6aa10d9dbd0138137b4905/2213/14379906/3/Honda-HR_V-2027.jpg'},{url:'https://imagescdn.d2cmedia.ca/cb55c6e53b7b6aa10d9dbd0138137b4905/2213/14379906/4/Honda-HR_V-2027.jpg'},{url:'https://imagescdn.d2cmedia.ca/cb55c6e53b7b6aa10d9dbd0138137b4905/2213/14379906/5/Honda-HR_V-2027.jpg'},{url:'https://imagescdn.d2cmedia.ca/cb55c6e53b7b6aa10d9dbd0138137b4905/2213/14379906/6/Honda-HR_V-2027.jpg'},{url:'https://imagescdn.d2cmedia.ca/cb55c6e53b7b6aa10d9dbd0138137b4905/2213/14379906/7/Honda-HR_V-2027.jpg'},{url:'https://imagescdn.d2cmedia.ca/cb55c6e53b7b6aa10d9dbd0138137b4905/2213/14379906/8/Honda-HR_V-2027.jpg'},{url:'https://imagescdn.d2cmedia.ca/cb55c6e53b7b6aa10d9dbd0138137b4905/2213/14379906/9/Honda-HR_V-2027.jpg'}]",0,KM,https://www.maplehonda.com/new/inventory/2027-Honda-HR_V-id14379906.html,2027 Honda HR-V LX 4WD at Maple Honda,36253 CAD,New,SOLAR REFLECTIO,,2213,Maple Honda,+1-905-832-1202,"{addr1: '89 Auto Vaughan Dr.', city: 'Maple', region: 'Ontario', postal_code: 'L6A 4A1', country: 'CA'}",43.8590000000,-79.5370000000,,,,,https://www.maplehonda.com/privacy-policy.html,New,2213,In stock,,36253 CAD,Free,
3CZRZ2H39VM107151,3CZRZ2H39VM107151,011827-new,Honda,HR-V,LX 4WD,2027,AUTOMATIC,SUV,GASOLINE,,"2027 Honda HR-V LX 4WD, White exterior","[{url:'https://imagescdn.d2cmedia.ca/cb803bbe8c481d7d3e863189804cbcccc4/2213/14433005/1/Honda-HR_V-2027.jpg'},{url:'https://imagescdn.d2cmedia.ca/s8803bbe8c481d7d3e863189804cbcccc4/2213/14433005/1/Honda-HR_V-2027.jpg'},{url:'https://imagescdn.d2cmedia.ca/cb803bbe8c481d7d3e863189804cbcccc4/2213/14433005/2/Honda-HR_V-2027.jpg'},{url:'https://imagescdn.d2cmedia.ca/cb803bbe8c481d7d3e863189804cbcccc4/2213/14433005/3/Honda-HR_V-2027.jpg'},{url:'https://imagescdn.d2cmedia.ca/cb803bbe8c481d7d3e863189804cbcccc4/2213/14433005/4/Honda-HR_V-2027.jpg'},{url:'https://imagescdn.d2cmedia.ca/cb803bbe8c481d7d3e863189804cbcccc4/2213/14433005/5/Honda-HR_V-2027.jpg'},{url:'https://imagescdn.d2cmedia.ca/cb803bbe8c481d7d3e863189804cbcccc4/2213/14433005/6/Honda-HR_V-2027.jpg'},{url:'https://imagescdn.d2cmedia.ca/cb803bbe8c481d7d3e863189804cbcccc4/2213/14433005/7/Honda-HR_V-2027.jpg'},{url:'https://imagescdn.d2cmedia.ca/cb803bbe8c481d7d3e863189804cbcccc4/2213/14433005/8/Honda-HR_V-2027.jpg'},{url:'https://imagescdn.d2cmedia.ca/cb803bbe8c481d7d3e863189804cbcccc4/2213/14433005/9/Honda-HR_V-2027.jpg'}]",0,KM,https://www.maplehonda.com/new/inventory/2027-Honda-HR_V-id14433005.html,2027 Honda HR-V LX 4WD at Maple Honda,36803 CAD,New,White,,2213,Maple Honda,+1-905-832-1202,"{addr1: '89 Auto Vaughan Dr.', city: 'Maple', region: 'Ontario', postal_code: 'L6A 4A1', country: 'CA'}",43.8590000000,-79.5370000000,,,,,https://www.maplehonda.com/privacy-policy.html,New,2213,In stock,,36803 CAD,Free,
2HGFE4F81TH020582,2HGFE4F81TH020582,171126-new,Honda,Civic Hybrid,4D SPORT HYB,2026,AUTOMATIC,SEDAN,HYBRID,,"2026 Honda Civic Hybrid 4D SPORT HYB, Black exterior","[{url:'https://imagescdn.d2cmedia.ca/cbc12afd62721e400fce08c0cdb1519854/2213/14439653/1/Honda-Civic Sedan Hybrid-2026.jpg'},{url:'https://imagescdn.d2cmedia.ca/s8c12afd62721e400fce08c0cdb1519854/2213/14439653/1/Honda-Civic_Hybrid-2026.jpg'},{url:'https://imagescdn.d2cmedia.ca/cbc12afd62721e400fce08c0cdb1519854/2213/14439653/1/Honda-Civic_Hybrid-2026.jpg'},{url:'https://imagescdn.d2cmedia.ca/cbc12afd62721e400fce08c0cdb1519854/2213/14439653/2/Honda-Civic_Hybrid-2026.jpg'},{url:'https://imagescdn.d2cmedia.ca/cbc12afd62721e400fce08c0cdb1519854/2213/14439653/3/Honda-Civic_Hybrid-2026.jpg'},{url:'https://imagescdn.d2cmedia.ca/cbc12afd62721e400fce08c0cdb1519854/2213/14439653/4/Honda-Civic_Hybrid-2026.jpg'},{url:'https://imagescdn.d2cmedia.ca/cbc12afd62721e400fce08c0cdb1519854/2213/14439653/5/Honda-Civic_Hybrid-2026.jpg'},{url:'https://imagescdn.d2cmedia.ca/cbc12afd62721e400fce08c0cdb1519854/2213/14439653/6/Honda-Civic_Hybrid-2026.jpg'},{url:'https://imagescdn.d2cmedia.ca/cbc12afd62721e400fce08c0cdb1519854/2213/14439653/7/Honda-Civic_Hybrid-2026.jpg'},{url:'https://imagescdn.d2cmedia.ca/cbc12afd62721e400fce08c0cdb1519854/2213/14439653/8/Honda-Civic_Hybrid-2026.jpg'}]",50,KM,https://www.maplehonda.com/new/inventory/2026-Honda-Civic_Hybrid-id14439653.html,2026 Honda Civic Hybrid 4D SPORT HYB at Maple Honda,37177 CAD,New,Black,,2213,Maple Honda,+1-905-832-1202,"{addr1: '89 Auto Vaughan Dr.', city: 'Maple', region: 'Ontario', postal_code: 'L6A 4A1', country: 'CA'}",43.8590000000,-79.5370000000,,,,,https://www.maplehonda.com/privacy-policy.html,New,2213,In stock,,37177 CAD,Free,
2HGFE4F83TH020860,2HGFE4F83TH020860,172426-new,Honda,Civic Hybrid,4D SPORT HYB,2026,AUTOMATIC,SEDAN,HYBRID,,"2026 Honda Civic Hybrid 4D SPORT HYB, White exterior","[{url:'https://carimages.d2cmedia.ca/newcarimages/en/cb6ac7b4b4bf741/Honda/Civic Sedan Hybrid/2026/1200/478590-Q0lWSUMgNEQgU1BPUlQgSFlC/White/front45.png'},{url:'https://carimages.d2cmedia.ca/newcarimages/en/cb6ac7b4b4bf741/Honda/Civic Sedan Hybrid/2026/1280/478590/White/front_45_degree.png'},{url:'https://carimages.d2cmedia.ca/newcarimages/en/cb6ac7b4b4bf741/Honda/Civic Sedan Hybrid/2026/2100/478590/White/front_45_degree.png'},{url:'https://carimages.d2cmedia.ca/newcarimages/en/cb6ac7b4b4bf741/Honda/Civic Sedan Hybrid/2026/2100/478590/White/profile.png'},{url:'https://carimages.d2cmedia.ca/newcarimages/en/cb6ac7b4b4bf741/Honda/Civic Sedan Hybrid/2026/2100/478590/White/back_45_degree.png'},{url:'https://carimages.d2cmedia.ca/newcarimages/en/cb6ac7b4b4bf741/Honda/Civic Sedan Hybrid/2026/2100/478590/White/driver_dashboard.png'},{url:'https://carimages.d2cmedia.ca/newcarimages/en/cb6ac7b4b4bf741/Honda/Civic Sedan Hybrid/2026/2100/478590/White/full_dashboard.png'},{url:'https://carimages.d2cmedia.ca/newcarimages/en/cb6ac7b4b4bf741/Honda/Civic Sedan Hybrid/2026/2100/478590/White/interior_driver_open_seat.png'},{url:'https://carimages.d2cmedia.ca/newcarimages/en/cb6ac7b4b4bf741/Honda/Civic Sedan Hybrid/2026/2100/478590/White/interior_driver_reat_seats.png'},{url:'https://carimages.d2cmedia.ca/newcarimages/en/cb6ac7b4b4bf741/Honda/Civic Sedan Hybrid/2026/2100/478590/White/interior_driver_storage_console.png'}]",0,KM,https://www.maplehonda.com/new/inventory/2026-Honda-Civic_Hybrid-id14496897.html,2026 Honda Civic Hybrid 4D SPORT HYB at Maple Honda,37723 CAD,New,White,,2213,Maple Honda,+1-905-832-1202,"{addr1: '89 Auto Vaughan Dr.', city: 'Maple', region: 'Ontario', postal_code: 'L6A 4A1', country: 'CA'}",43.8590000000,-79.5370000000,,,,,https://www.maplehonda.com/privacy-policy.html,New,2213,In stock,,37723 CAD,Free,
2HGFE4F8XTH020855,2HGFE4F8XTH020855,172526-new,Honda,Civic Hybrid,4D SPORT HYB,2026,AUTOMATIC,SEDAN,HYBRID,,"2026 Honda Civic Hybrid 4D SPORT HYB, White exterior","[{url:'https://carimages.d2cmedia.ca/newcarimages/en/cb6ac7b4b4bf741/Honda/Civic Sedan Hybrid/2026/1200/478590-Q0lWSUMgNEQgU1BPUlQgSFlC/White/front45.png'},{url:'https://carimages.d2cmedia.ca/newcarimages/en/cb6ac7b4b4bf741/Honda/Civic Sedan Hybrid/2026/1280/478590/White/front_45_degree.png'},{url:'https://carimages.d2cmedia.ca/newcarimages/en/cb6ac7b4b4bf741/Honda/Civic Sedan Hybrid/2026/2100/478590/White/front_45_degree.png'},{url:'https://carimages.d2cmedia.ca/newcarimages/en/cb6ac7b4b4bf741/Honda/Civic Sedan Hybrid/2026/2100/478590/White/profile.png'},{url:'https://carimages.d2cmedia.ca/newcarimages/en/cb6ac7b4b4bf741/Honda/Civic Sedan Hybrid/2026/2100/478590/White/back_45_degree.png'},{url:'https://carimages.d2cmedia.ca/newcarimages/en/cb6ac7b4b4bf741/Honda/Civic Sedan Hybrid/2026/2100/478590/White/driver_dashboard.png'},{url:'https://carimages.d2cmedia.ca/newcarimages/en/cb6ac7b4b4bf741/Honda/Civic Sedan Hybrid/2026/2100/478590/White/full_dashboard.png'},{url:'https://carimages.d2cmedia.ca/newcarimages/en/cb6ac7b4b4bf741/Honda/Civic Sedan Hybrid/2026/2100/478590/White/interior_driver_open_seat.png'},{url:'https://carimages.d2cmedia.ca/newcarimages/en/cb6ac7b4b4bf741/Honda/Civic Sedan Hybrid/2026/2100/478590/White/interior_driver_reat_seats.png'},{url:'https://carimages.d2cmedia.ca/newcarimages/en/cb6ac7b4b4bf741/Honda/Civic Sedan Hybrid/2026/2100/478590/White/interior_driver_storage_console.png'}]",0,KM,https://www.maplehonda.com/new/inventory/2026-Honda-Civic_Hybrid-id14496898.html,2026 Honda Civic Hybrid 4D SPORT HYB at Maple Honda,37723 CAD,New,White,,2213,Maple Honda,+1-905-832-1202,"{addr1: '89 Auto Vaughan Dr.', city: 'Maple', region: 'Ontario', postal_code: 'L6A 4A1', country: 'CA'}",43.8590000000,-79.5370000000,,,,,https://www.maplehonda.com/privacy-policy.html,New,2213,In stock,,37723 CAD,Free,
2HGFE4F82TH020848,2HGFE4F82TH020848,172626-new,Honda,Civic Hybrid,4D SPORT HYB,2026,AUTOMATIC,SEDAN,HYBRID,,"2026 Honda Civic Hybrid 4D SPORT HYB, White exterior","[{url:'https://carimages.d2cmedia.ca/newcarimages/en/cb6ac7b4b4bf741/Honda/Civic Sedan Hybrid/2026/1200/478590-Q0lWSUMgNEQgU1BPUlQgSFlC/White/front45.png'},{url:'https://carimages.d2cmedia.ca/newcarimages/en/cb6ac7b4b4bf741/Honda/Civic Sedan Hybrid/2026/1280/478590/White/front_45_degree.png'},{url:'https://carimages.d2cmedia.ca/newcarimages/en/cb6ac7b4b4bf741/Honda/Civic Sedan Hybrid/2026/2100/478590/White/front_45_degree.png'},{url:'https://carimages.d2cmedia.ca/newcarimages/en/cb6ac7b4b4bf741/Honda/Civic Sedan Hybrid/2026/2100/478590/White/profile.png'},{url:'https://carimages.d2cmedia.ca/newcarimages/en/cb6ac7b4b4bf741/Honda/Civic Sedan Hybrid/2026/2100/478590/White/back_45_degree.png'},{url:'https://carimages.d2cmedia.ca/newcarimages/en/cb6ac7b4b4bf741/Honda/Civic Sedan Hybrid/2026/2100/478590/White/driver_dashboard.png'},{url:'https://carimages.d2cmedia.ca/newcarimages/en/cb6ac7b4b4bf741/Honda/Civic Sedan Hybrid/2026/2100/478590/White/full_dashboard.png'},{url:'https://carimages.d2cmedia.ca/newcarimages/en/cb6ac7b4b4bf741/Honda/Civic Sedan Hybrid/2026/2100/478590/White/interior_driver_open_seat.png'},{url:'https://carimages.d2cmedia.ca/newcarimages/en/cb6ac7b4b4bf741/Honda/Civic Sedan Hybrid/2026/2100/478590/White/interior_driver_reat_seats.png'},{url:'https://carimages.d2cmedia.ca/newcarimages/en/cb6ac7b4b4bf741/Honda/Civic Sedan Hybrid/2026/2100/478590/White/interior_driver_storage_console.png'}]",0,KM,https://www.maplehonda.com/new/inventory/2026-Honda-Civic_Hybrid-id14496899.html,2026 Honda Civic Hybrid 4D SPORT HYB at Maple Honda,37723 CAD,New,White,,2213,Maple Honda,+1-905-832-1202,"{addr1: '89 Auto Vaughan Dr.', city: 'Maple', region: 'Ontario', postal_code: 'L6A 4A1', country: 'CA'}",43.8590000000,-79.5370000000,,,,,https://www.maplehonda.com/privacy-policy.html,New,2213,In stock,,37723 CAD,Free,
3CZRZ2H5XVM103160,3CZRZ2H5XVM103160,002727-new,Honda,HR-V,SPORT 4WD,2027,AUTOMATIC,SUV,GASOLINE,,"2027 Honda HR-V SPORT 4WD, Black exterior","[{url:'https://imagescdn.d2cmedia.ca/cb9c6413b072cf8521d3d325d07f76f78f/2213/13967428/1/Honda-HR_V-2027.jpg'},{url:'https://imagescdn.d2cmedia.ca/s89c6413b072cf8521d3d325d07f76f78f/2213/13967428/1/Honda-HR_V-2027.jpg'},{url:'https://imagescdn.d2cmedia.ca/cb9c6413b072cf8521d3d325d07f76f78f/2213/13967428/2/Honda-HR_V-2027.jpg'},{url:'https://imagescdn.d2cmedia.ca/cb9c6413b072cf8521d3d325d07f76f78f/2213/13967428/3/Honda-HR_V-2027.jpg'},{url:'https://imagescdn.d2cmedia.ca/cb9c6413b072cf8521d3d325d07f76f78f/2213/13967428/4/Honda-HR_V-2027.jpg'},{url:'https://imagescdn.d2cmedia.ca/cb9c6413b072cf8521d3d325d07f76f78f/2213/13967428/5/Honda-HR_V-2027.jpg'},{url:'https://imagescdn.d2cmedia.ca/cb9c6413b072cf8521d3d325d07f76f78f/2213/13967428/6/Honda-HR_V-2027.jpg'},{url:'https://imagescdn.d2cmedia.ca/cb9c6413b072cf8521d3d325d07f76f78f/2213/13967428/7/Honda-HR_V-2027.jpg'},{url:'https://imagescdn.d2cmedia.ca/cb9c6413b072cf8521d3d325d07f76f78f/2213/13967428/8/Honda-HR_V-2027.jpg'},{url:'https://imagescdn.d2cmedia.ca/cb9c6413b072cf8521d3d325d07f76f78f/2213/13967428/9/Honda-HR_V-2027.jpg'}]",0,KM,https://www.maplehonda.com/new/inventory/2027-Honda-HR_V-id13967428.html,2027 Honda HR-V SPORT 4WD at Maple Honda,40098 CAD,New,Black,,2213,Maple Honda,+1-905-832-1202,"{addr1: '89 Auto Vaughan Dr.', city: 'Maple', region: 'Ontario', postal_code: 'L6A 4A1', country: 'CA'}",43.8590000000,-79.5370000000,,,,,https://www.maplehonda.com/privacy-policy.html,New,2213,In stock,,40098 CAD,Free,
3CZRZ2H59VM103182,3CZRZ2H59VM103182,003127-new,Honda,HR-V,SPORT 4WD,2027,AUTOMATIC,SUV,GASOLINE,,"2027 Honda HR-V SPORT 4WD, Black exterior","[{url:'https://imagescdn.d2cmedia.ca/cbf1b7a7fe3f03383dc3b32f796fa30208/2213/13979032/1/Honda-HR_V-2027.jpg'},{url:'https://imagescdn.d2cmedia.ca/s8f1b7a7fe3f03383dc3b32f796fa30208/2213/13979032/1/Honda-HR_V-2027.jpg'},{url:'https://imagescdn.d2cmedia.ca/cbf1b7a7fe3f03383dc3b32f796fa30208/2213/13979032/2/Honda-HR_V-2027.jpg'},{url:'https://imagescdn.d2cmedia.ca/cbf1b7a7fe3f03383dc3b32f796fa30208/2213/13979032/3/Honda-HR_V-2027.jpg'},{url:'https://imagescdn.d2cmedia.ca/cbf1b7a7fe3f03383dc3b32f796fa30208/2213/13979032/4/Honda-HR_V-2027.jpg'},{url:'https://imagescdn.d2cmedia.ca/cbf1b7a7fe3f03383dc3b32f796fa30208/2213/13979032/5/Honda-HR_V-2027.jpg'},{url:'https://imagescdn.d2cmedia.ca/cbf1b7a7fe3f03383dc3b32f796fa30208/2213/13979032/6/Honda-HR_V-2027.jpg'},{url:'https://imagescdn.d2cmedia.ca/cbf1b7a7fe3f03383dc3b32f796fa30208/2213/13979032/7/Honda-HR_V-2027.jpg'},{url:'https://imagescdn.d2cmedia.ca/cbf1b7a7fe3f03383dc3b32f796fa30208/2213/13979032/8/Honda-HR_V-2027.jpg'},{url:'https://imagescdn.d2cmedia.ca/cbf1b7a7fe3f03383dc3b32f796fa30208/2213/13979032/9/Honda-HR_V-2027.jpg'}]",0,KM,https://www.maplehonda.com/new/inventory/2027-Honda-HR_V-id13979032.html,2027 Honda HR-V SPORT 4WD at Maple Honda,40098 CAD,New,Black,,2213,Maple Honda,+1-905-832-1202,"{addr1: '89 Auto Vaughan Dr.', city: 'Maple', region: 'Ontario', postal_code: 'L6A 4A1', country: 'CA'}",43.8590000000,-79.5370000000,,,,,https://www.maplehonda.com/privacy-policy.html,New,2213,In stock,,40098 CAD,Free,
3CZRZ2H55VM103163,3CZRZ2H55VM103163,003227-new,Honda,HR-V,SPORT 4WD,2027,AUTOMATIC,SUV,GASOLINE,,"2027 Honda HR-V SPORT 4WD, Black exterior","[{url:'https://imagescdn.d2cmedia.ca/cb816a7b65a3e1419fe742e7e3facc7884/2213/13979033/1/Honda-HR_V-2027.jpg'},{url:'https://imagescdn.d2cmedia.ca/s8816a7b65a3e1419fe742e7e3facc7884/2213/13979033/1/Honda-HR_V-2027.jpg'},{url:'https://imagescdn.d2cmedia.ca/cb816a7b65a3e1419fe742e7e3facc7884/2213/13979033/2/Honda-HR_V-2027.jpg'},{url:'https://imagescdn.d2cmedia.ca/cb816a7b65a3e1419fe742e7e3facc7884/2213/13979033/3/Honda-HR_V-2027.jpg'},{url:'https://imagescdn.d2cmedia.ca/cb816a7b65a3e1419fe742e7e3facc7884/2213/13979033/4/Honda-HR_V-2027.jpg'},{url:'https://imagescdn.d2cmedia.ca/cb816a7b65a3e1419fe742e7e3facc7884/2213/13979033/5/Honda-HR_V-2027.jpg'},{url:'https://imagescdn.d2cmedia.ca/cb816a7b65a3e1419fe742e7e3facc7884/2213/13979033/6/Honda-HR_V-2027.jpg'},{url:'https://imagescdn.d2cmedia.ca/cb816a7b65a3e1419fe742e7e3facc7884/2213/13979033/7/Honda-HR_V-2027.jpg'},{url:'https://imagescdn.d2cmedia.ca/cb816a7b65a3e1419fe742e7e3facc7884/2213/13979033/8/Honda-HR_V-2027.jpg'},{url:'https://imagescdn.d2cmedia.ca/cb816a7b65a3e1419fe742e7e3facc7884/2213/13979033/9/Honda-HR_V-2027.jpg'}]",0,KM,https://www.maplehonda.com/new/inventory/2027-Honda-HR_V-id13979033.html,2027 Honda HR-V SPORT 4WD at Maple Honda,40098 CAD,New,Black,,2213,Maple Honda,+1-905-832-1202,"{addr1: '89 Auto Vaughan Dr.', city: 'Maple', region: 'Ontario', postal_code: 'L6A 4A1', country: 'CA'}",43.8590000000,-79.5370000000,,,,,https://www.maplehonda.com/privacy-policy.html,New,2213,In stock,,40098 CAD,Free,
3CZRZ2H55VM104488,3CZRZ2H55VM104488,004627-new,Honda,HR-V,SPORT 4WD,2027,AUTOMATIC,SUV,GASOLINE,,"2027 Honda HR-V SPORT 4WD, Silver exterior","[{url:'https://imagescdn.d2cmedia.ca/cb6aa575f3c80927985b561522158c6c06/2213/14147453/1/Honda-HR_V-2027.jpg'},{url:'https://imagescdn.d2cmedia.ca/s86aa575f3c80927985b561522158c6c06/2213/14147453/1/Honda-HR_V-2027.jpg'},{url:'https://imagescdn.d2cmedia.ca/cb6aa575f3c80927985b561522158c6c06/2213/14147453/2/Honda-HR_V-2027.jpg'},{url:'https://imagescdn.d2cmedia.ca/cb6aa575f3c80927985b561522158c6c06/2213/14147453/3/Honda-HR_V-2027.jpg'},{url:'https://imagescdn.d2cmedia.ca/cb6aa575f3c80927985b561522158c6c06/2213/14147453/4/Honda-HR_V-2027.jpg'},{url:'https://imagescdn.d2cmedia.ca/cb6aa575f3c80927985b561522158c6c06/2213/14147453/5/Honda-HR_V-2027.jpg'},{url:'https://imagescdn.d2cmedia.ca/cb6aa575f3c80927985b561522158c6c06/2213/14147453/6/Honda-HR_V-2027.jpg'},{url:'https://imagescdn.d2cmedia.ca/cb6aa575f3c80927985b561522158c6c06/2213/14147453/7/Honda-HR_V-2027.jpg'},{url:'https://imagescdn.d2cmedia.ca/cb6aa575f3c80927985b561522158c6c06/2213/14147453/8/Honda-HR_V-2027.jpg'},{url:'https://imagescdn.d2cmedia.ca/cb6aa575f3c80927985b561522158c6c06/2213/14147453/9/Honda-HR_V-2027.jpg'}]",0,KM,https://www.maplehonda.com/new/inventory/2027-Honda-HR_V-id14147453.html,2027 Honda HR-V SPORT 4WD at Maple Honda,40098 CAD,New,Silver,,2213,Maple Honda,+1-905-832-1202,"{addr1: '89 Auto Vaughan Dr.', city: 'Maple', region: 'Ontario', postal_code: 'L6A 4A1', country: 'CA'}",43.8590000000,-79.5370000000,,,,,https://www.maplehonda.com/privacy-policy.html,New,2213,In stock,,40098 CAD,Free,
3CZRZ2H53VM104540,3CZRZ2H53VM104540,005127-new,Honda,HR-V,SPORT 4WD,2027,AUTOMATIC,SUV,GASOLINE,,"2027 Honda HR-V SPORT 4WD, Black exterior","[{url:'https://imagescdn.d2cmedia.ca/cbdc1dda8eb37f65b43e322eff592e0ef6/2213/14147458/1/Honda-HR_V-2027.jpg'},{url:'https://imagescdn.d2cmedia.ca/s8dc1dda8eb37f65b43e322eff592e0ef6/2213/14147458/1/Honda-HR_V-2027.jpg'},{url:'https://imagescdn.d2cmedia.ca/cbdc1dda8eb37f65b43e322eff592e0ef6/2213/14147458/2/Honda-HR_V-2027.jpg'},{url:'https://imagescdn.d2cmedia.ca/cbdc1dda8eb37f65b43e322eff592e0ef6/2213/14147458/3/Honda-HR_V-2027.jpg'},{url:'https://imagescdn.d2cmedia.ca/cbdc1dda8eb37f65b43e322eff592e0ef6/2213/14147458/4/Honda-HR_V-2027.jpg'},{url:'https://imagescdn.d2cmedia.ca/cbdc1dda8eb37f65b43e322eff592e0ef6/2213/14147458/5/Honda-HR_V-2027.jpg'},{url:'https://imagescdn.d2cmedia.ca/cbdc1dda8eb37f65b43e322eff592e0ef6/2213/14147458/6/Honda-HR_V-2027.jpg'},{url:'https://imagescdn.d2cmedia.ca/cbdc1dda8eb37f65b43e322eff592e0ef6/2213/14147458/7/Honda-HR_V-2027.jpg'},{url:'https://imagescdn.d2cmedia.ca/cbdc1dda8eb37f65b43e322eff592e0ef6/2213/14147458/8/Honda-HR_V-2027.jpg'},{url:'https://imagescdn.d2cmedia.ca/cbdc1dda8eb37f65b43e322eff592e0ef6/2213/14147458/9/Honda-HR_V-2027.jpg'}]",0,KM,https://www.maplehonda.com/new/inventory/2027-Honda-HR_V-id14147458.html,2027 Honda HR-V SPORT 4WD at Maple Honda,40098 CAD,New,Black,,2213,Maple Honda,+1-905-832-1202,"{addr1: '89 Auto Vaughan Dr.', city: 'Maple', region: 'Ontario', postal_code: 'L6A 4A1', country: 'CA'}",43.8590000000,-79.5370000000,,,,,https://www.maplehonda.com/privacy-policy.html,New,2213,In stock,,40098 CAD,Free,
3CZRZ2H5XVM104552,3CZRZ2H5XVM104552,005227-new,Honda,HR-V,SPORT 4WD,2027,AUTOMATIC,SUV,GASOLINE,,"2027 Honda HR-V SPORT 4WD, Black exterior","[{url:'https://imagescdn.d2cmedia.ca/cb5255814f30c9b993371d83f22db8fe37/2213/14147459/1/Honda-HR_V-2027.jpg'},{url:'https://imagescdn.d2cmedia.ca/s85255814f30c9b993371d83f22db8fe37/2213/14147459/1/Honda-HR_V-2027.jpg'},{url:'https://imagescdn.d2cmedia.ca/cb5255814f30c9b993371d83f22db8fe37/2213/14147459/2/Honda-HR_V-2027.jpg'},{url:'https://imagescdn.d2cmedia.ca/cb5255814f30c9b993371d83f22db8fe37/2213/14147459/3/Honda-HR_V-2027.jpg'},{url:'https://imagescdn.d2cmedia.ca/cb5255814f30c9b993371d83f22db8fe37/2213/14147459/4/Honda-HR_V-2027.jpg'},{url:'https://imagescdn.d2cmedia.ca/cb5255814f30c9b993371d83f22db8fe37/2213/14147459/5/Honda-HR_V-2027.jpg'},{url:'https://imagescdn.d2cmedia.ca/cb5255814f30c9b993371d83f22db8fe37/2213/14147459/6/Honda-HR_V-2027.jpg'},{url:'https://imagescdn.d2cmedia.ca/cb5255814f30c9b993371d83f22db8fe37/2213/14147459/7/Honda-HR_V-2027.jpg'},{url:'https://imagescdn.d2cmedia.ca/cb5255814f30c9b993371d83f22db8fe37/2213/14147459/8/Honda-HR_V-2027.jpg'},{url:'https://imagescdn.d2cmedia.ca/cb5255814f30c9b993371d83f22db8fe37/2213/14147459/9/Honda-HR_V-2027.jpg'}]",0,KM,https://www.maplehonda.com/new/inventory/2027-Honda-HR_V-id14147459.html,2027 Honda HR-V SPORT 4WD at Maple Honda,40098 CAD,New,Black,,2213,Maple Honda,+1-905-832-1202,"{addr1: '89 Auto Vaughan Dr.', city: 'Maple', region: 'Ontario', postal_code: 'L6A 4A1', country: 'CA'}",43.8590000000,-79.5370000000,,,,,https://www.maplehonda.com/privacy-policy.html,New,2213,In stock,,40098 CAD,Free,
3CZRZ2H52VM104545,3CZRZ2H52VM104545,005327-new,Honda,HR-V,SPORT 4WD,2027,AUTOMATIC,SUV,GASOLINE,,"2027 Honda HR-V SPORT 4WD, Black exterior","[{url:'https://imagescdn.d2cmedia.ca/cb581f75f2a344036cd94aa8cd55eed60b/2213/14147460/1/Honda-HR_V-2027.jpg'},{url:'https://imagescdn.d2cmedia.ca/s8581f75f2a344036cd94aa8cd55eed60b/2213/14147460/1/Honda-HR_V-2027.jpg'},{url:'https://imagescdn.d2cmedia.ca/cb581f75f2a344036cd94aa8cd55eed60b/2213/14147460/2/Honda-HR_V-2027.jpg'},{url:'https://imagescdn.d2cmedia.ca/cb581f75f2a344036cd94aa8cd55eed60b/2213/14147460/3/Honda-HR_V-2027.jpg'},{url:'https://imagescdn.d2cmedia.ca/cb581f75f2a344036cd94aa8cd55eed60b/2213/14147460/4/Honda-HR_V-2027.jpg'},{url:'https://imagescdn.d2cmedia.ca/cb581f75f2a344036cd94aa8cd55eed60b/2213/14147460/5/Honda-HR_V-2027.jpg'},{url:'https://imagescdn.d2cmedia.ca/cb581f75f2a344036cd94aa8cd55eed60b/2213/14147460/6/Honda-HR_V-2027.jpg'},{url:'https://imagescdn.d2cmedia.ca/cb581f75f2a344036cd94aa8cd55eed60b/2213/14147460/7/Honda-HR_V-2027.jpg'},{url:'https://imagescdn.d2cmedia.ca/cb581f75f2a344036cd94aa8cd55eed60b/2213/14147460/8/Honda-HR_V-2027.jpg'},{url:'https://imagescdn.d2cmedia.ca/cb581f75f2a344036cd94aa8cd55eed60b/2213/14147460/9/Honda-HR_V-2027.jpg'}]",0,KM,https://www.maplehonda.com/new/inventory/2027-Honda-HR_V-id14147460.html,2027 Honda HR-V SPORT 4WD at Maple Honda,40098 CAD,New,Black,,2213,Maple Honda,+1-905-832-1202,"{addr1: '89 Auto Vaughan Dr.', city: 'Maple', region: 'Ontario', postal_code: 'L6A 4A1', country: 'CA'}",43.8590000000,-79.5370000000,,,,,https://www.maplehonda.com/privacy-policy.html,New,2213,In stock,,40098 CAD,Free,
3CZRZ2H51VM103838,3CZRZ2H51VM103838,003827-new,Honda,HR-V,SPORT 4WD,2027,AUTOMATIC,SUV,GASOLINE,,"2027 Honda HR-V SPORT 4WD, White exterior","[{url:'https://imagescdn.d2cmedia.ca/cbb772540764322b730f820a339b494cef/2213/14093198/1/Honda-HR_V-2027.jpg'},{url:'https://imagescdn.d2cmedia.ca/s8b772540764322b730f820a339b494cef/2213/14093198/1/Honda-HR_V-2027.jpg'},{url:'https://imagescdn.d2cmedia.ca/cbb772540764322b730f820a339b494cef/2213/14093198/2/Honda-HR_V-2027.jpg'},{url:'https://imagescdn.d2cmedia.ca/cbb772540764322b730f820a339b494cef/2213/14093198/3/Honda-HR_V-2027.jpg'},{url:'https://imagescdn.d2cmedia.ca/cbb772540764322b730f820a339b494cef/2213/14093198/4/Honda-HR_V-2027.jpg'},{url:'https://imagescdn.d2cmedia.ca/cbb772540764322b730f820a339b494cef/2213/14093198/5/Honda-HR_V-2027.jpg'},{url:'https://imagescdn.d2cmedia.ca/cbb772540764322b730f820a339b494cef/2213/14093198/6/Honda-HR_V-2027.jpg'},{url:'https://imagescdn.d2cmedia.ca/cbb772540764322b730f820a339b494cef/2213/14093198/7/Honda-HR_V-2027.jpg'},{url:'https://imagescdn.d2cmedia.ca/cbb772540764322b730f820a339b494cef/2213/14093198/8/Honda-HR_V-2027.jpg'},{url:'https://imagescdn.d2cmedia.ca/cbb772540764322b730f820a339b494cef/2213/14093198/9/Honda-HR_V-2027.jpg'}]",50,KM,https://www.maplehonda.com/new/inventory/2027-Honda-HR_V-id14093198.html,2027 Honda HR-V SPORT 4WD at Maple Honda,40098 CAD,New,White,,2213,Maple Honda,+1-905-832-1202,"{addr1: '89 Auto Vaughan Dr.', city: 'Maple', region: 'Ontario', postal_code: 'L6A 4A1', country: 'CA'}",43.8590000000,-79.5370000000,,,,,https://www.maplehonda.com/privacy-policy.html,New,2213,In stock,,40098 CAD,Free,
3CZRZ2H50VM105516,3CZRZ2H50VM105516,006327-new,Honda,HR-V,SPORT 4WD,2027,AUTOMATIC,SUV,GASOLINE,,"2027 Honda HR-V SPORT 4WD, Black exterior","[{url:'https://imagescdn.d2cmedia.ca/cb8f26007292be138f6a19fd09eae695db/2213/14267453/1/Honda-HR_V-2027.jpg'},{url:'https://imagescdn.d2cmedia.ca/s88f26007292be138f6a19fd09eae695db/2213/14267453/1/Honda-HR_V-2027.jpg'},{url:'https://imagescdn.d2cmedia.ca/cb8f26007292be138f6a19fd09eae695db/2213/14267453/2/Honda-HR_V-2027.jpg'},{url:'https://imagescdn.d2cmedia.ca/cb8f26007292be138f6a19fd09eae695db/2213/14267453/3/Honda-HR_V-2027.jpg'},{url:'https://imagescdn.d2cmedia.ca/cb8f26007292be138f6a19fd09eae695db/2213/14267453/4/Honda-HR_V-2027.jpg'},{url:'https://imagescdn.d2cmedia.ca/cb8f26007292be138f6a19fd09eae695db/2213/14267453/5/Honda-HR_V-2027.jpg'},{url:'https://imagescdn.d2cmedia.ca/cb8f26007292be138f6a19fd09eae695db/2213/14267453/6/Honda-HR_V-2027.jpg'},{url:'https://imagescdn.d2cmedia.ca/cb8f26007292be138f6a19fd09eae695db/2213/14267453/7/Honda-HR_V-2027.jpg'},{url:'https://imagescdn.d2cmedia.ca/cb8f26007292be138f6a19fd09eae695db/2213/14267453/8/Honda-HR_V-2027.jpg'},{url:'https://imagescdn.d2cmedia.ca/cb8f26007292be138f6a19fd09eae695db/2213/14267453/9/Honda-HR_V-2027.jpg'}]",0,KM,https://www.maplehonda.com/new/inventory/2027-Honda-HR_V-id14267453.html,2027 Honda HR-V SPORT 4WD at Maple Honda,40103 CAD,New,Black,,2213,Maple Honda,+1-905-832-1202,"{addr1: '89 Auto Vaughan Dr.', city: 'Maple', region: 'Ontario', postal_code: 'L6A 4A1', country: 'CA'}",43.8590000000,-79.5370000000,,,,,https://www.maplehonda.com/privacy-policy.html,New,2213,In stock,,40103 CAD,Free,
3CZRZ2H56VM105696,3CZRZ2H56VM105696,006627-new,Honda,HR-V,SPORT 4WD,2027,AUTOMATIC,SUV,GASOLINE,,"2027 Honda HR-V SPORT 4WD, White exterior","[{url:'https://imagescdn.d2cmedia.ca/cbfd0f282abc25e93e6ad56b54b10bc17a/2213/14287272/1/Honda-HR_V-2027.jpg'},{url:'https://imagescdn.d2cmedia.ca/s8fd0f282abc25e93e6ad56b54b10bc17a/2213/14287272/1/Honda-HR_V-2027.jpg'},{url:'https://imagescdn.d2cmedia.ca/cbfd0f282abc25e93e6ad56b54b10bc17a/2213/14287272/2/Honda-HR_V-2027.jpg'},{url:'https://imagescdn.d2cmedia.ca/cbfd0f282abc25e93e6ad56b54b10bc17a/2213/14287272/3/Honda-HR_V-2027.jpg'},{url:'https://imagescdn.d2cmedia.ca/cbfd0f282abc25e93e6ad56b54b10bc17a/2213/14287272/4/Honda-HR_V-2027.jpg'},{url:'https://imagescdn.d2cmedia.ca/cbfd0f282abc25e93e6ad56b54b10bc17a/2213/14287272/5/Honda-HR_V-2027.jpg'},{url:'https://imagescdn.d2cmedia.ca/cbfd0f282abc25e93e6ad56b54b10bc17a/2213/14287272/6/Honda-HR_V-2027.jpg'},{url:'https://imagescdn.d2cmedia.ca/cbfd0f282abc25e93e6ad56b54b10bc17a/2213/14287272/7/Honda-HR_V-2027.jpg'},{url:'https://imagescdn.d2cmedia.ca/cbfd0f282abc25e93e6ad56b54b10bc17a/2213/14287272/8/Honda-HR_V-2027.jpg'},{url:'https://imagescdn.d2cmedia.ca/cbfd0f282abc25e93e6ad56b54b10bc17a/2213/14287272/9/Honda-HR_V-2027.jpg'}]",0,KM,https://www.maplehonda.com/new/inventory/2027-Honda-HR_V-id14287272.html,2027 Honda HR-V SPORT 4WD at Maple Honda,40103 CAD,New,White,,2213,Maple Honda,+1-905-832-1202,"{addr1: '89 Auto Vaughan Dr.', city: 'Maple', region: 'Ontario', postal_code: 'L6A 4A1', country: 'CA'}",43.8590000000,-79.5370000000,,,,,https://www.maplehonda.com/privacy-policy.html,New,2213,In stock,,40103 CAD,Free,
3CZRZ2H51VM105685,3CZRZ2H51VM105685,006727-new,Honda,HR-V,SPORT 4WD,2027,AUTOMATIC,SUV,GASOLINE,,"2027 Honda HR-V SPORT 4WD, White exterior","[{url:'https://imagescdn.d2cmedia.ca/cbba07d23405019a6403fea55fc3b53840/2213/14292818/1/Honda-HR_V-2027.jpg'},{url:'https://imagescdn.d2cmedia.ca/s8ba07d23405019a6403fea55fc3b53840/2213/14292818/1/Honda-HR_V-2027.jpg'},{url:'https://imagescdn.d2cmedia.ca/cbba07d23405019a6403fea55fc3b53840/2213/14292818/2/Honda-HR_V-2027.jpg'},{url:'https://imagescdn.d2cmedia.ca/cbba07d23405019a6403fea55fc3b53840/2213/14292818/3/Honda-HR_V-2027.jpg'},{url:'https://imagescdn.d2cmedia.ca/cbba07d23405019a6403fea55fc3b53840/2213/14292818/4/Honda-HR_V-2027.jpg'},{url:'https://imagescdn.d2cmedia.ca/cbba07d23405019a6403fea55fc3b53840/2213/14292818/5/Honda-HR_V-2027.jpg'},{url:'https://imagescdn.d2cmedia.ca/cbba07d23405019a6403fea55fc3b53840/2213/14292818/6/Honda-HR_V-2027.jpg'},{url:'https://imagescdn.d2cmedia.ca/cbba07d23405019a6403fea55fc3b53840/2213/14292818/7/Honda-HR_V-2027.jpg'},{url:'https://imagescdn.d2cmedia.ca/cbba07d23405019a6403fea55fc3b53840/2213/14292818/8/Honda-HR_V-2027.jpg'},{url:'https://imagescdn.d2cmedia.ca/cbba07d23405019a6403fea55fc3b53840/2213/14292818/9/Honda-HR_V-2027.jpg'}]",0,KM,https://www.maplehonda.com/new/inventory/2027-Honda-HR_V-id14292818.html,2027 Honda HR-V SPORT 4WD at Maple Honda,40103 CAD,New,White,,2213,Maple Honda,+1-905-832-1202,"{addr1: '89 Auto Vaughan Dr.', city: 'Maple', region: 'Ontario', postal_code: 'L6A 4A1', country: 'CA'}",43.8590000000,-79.5370000000,,,,,https://www.maplehonda.com/privacy-policy.html,New,2213,In stock,,40103 CAD,Free,
3CZRZ2H54VM105695,3CZRZ2H54VM105695,006827-new,Honda,HR-V,SPORT 4WD,2027,AUTOMATIC,SUV,GASOLINE,,"2027 Honda HR-V SPORT 4WD, White exterior","[{url:'https://imagescdn.d2cmedia.ca/cbb6e3b5a1db5d0187f19fece3e382a5ed/2213/14292819/1/Honda-HR_V-2027.jpg'},{url:'https://imagescdn.d2cmedia.ca/s8b6e3b5a1db5d0187f19fece3e382a5ed/2213/14292819/1/Honda-HR_V-2027.jpg'},{url:'https://imagescdn.d2cmedia.ca/cbb6e3b5a1db5d0187f19fece3e382a5ed/2213/14292819/2/Honda-HR_V-2027.jpg'},{url:'https://imagescdn.d2cmedia.ca/cbb6e3b5a1db5d0187f19fece3e382a5ed/2213/14292819/3/Honda-HR_V-2027.jpg'},{url:'https://imagescdn.d2cmedia.ca/cbb6e3b5a1db5d0187f19fece3e382a5ed/2213/14292819/4/Honda-HR_V-2027.jpg'},{url:'https://imagescdn.d2cmedia.ca/cbb6e3b5a1db5d0187f19fece3e382a5ed/2213/14292819/5/Honda-HR_V-2027.jpg'},{url:'https://imagescdn.d2cmedia.ca/cbb6e3b5a1db5d0187f19fece3e382a5ed/2213/14292819/6/Honda-HR_V-2027.jpg'},{url:'https://imagescdn.d2cmedia.ca/cbb6e3b5a1db5d0187f19fece3e382a5ed/2213/14292819/7/Honda-HR_V-2027.jpg'},{url:'https://imagescdn.d2cmedia.ca/cbb6e3b5a1db5d0187f19fece3e382a5ed/2213/14292819/8/Honda-HR_V-2027.jpg'},{url:'https://imagescdn.d2cmedia.ca/cbb6e3b5a1db5d0187f19fece3e382a5ed/2213/14292819/9/Honda-HR_V-2027.jpg'}]",0,KM,https://www.maplehonda.com/new/inventory/2027-Honda-HR_V-id14292819.html,2027 Honda HR-V SPORT 4WD at Maple Honda,40103 CAD,New,White,,2213,Maple Honda,+1-905-832-1202,"{addr1: '89 Auto Vaughan Dr.', city: 'Maple', region: 'Ontario', postal_code: 'L6A 4A1', country: 'CA'}",43.8590000000,-79.5370000000,,,,,https://www.maplehonda.com/privacy-policy.html,New,2213,In stock,,40103 CAD,Free,
3CZRZ2H50VM106360,3CZRZ2H50VM106360,008127-new,Honda,HR-V,SPORT 4WD,2027,AUTOMATIC,SUV,GASOLINE,,"2027 Honda HR-V SPORT 4WD, White exterior","[{url:'https://imagescdn.d2cmedia.ca/cb20b6149e4511e37fb3548f4c99339126/2213/14354492/1/Honda-HR_V-2027.jpg'},{url:'https://imagescdn.d2cmedia.ca/s820b6149e4511e37fb3548f4c99339126/2213/14354492/1/Honda-HR_V-2027.jpg'},{url:'https://imagescdn.d2cmedia.ca/cb20b6149e4511e37fb3548f4c99339126/2213/14354492/2/Honda-HR_V-2027.jpg'},{url:'https://imagescdn.d2cmedia.ca/cb20b6149e4511e37fb3548f4c99339126/2213/14354492/3/Honda-HR_V-2027.jpg'},{url:'https://imagescdn.d2cmedia.ca/cb20b6149e4511e37fb3548f4c99339126/2213/14354492/4/Honda-HR_V-2027.jpg'},{url:'https://imagescdn.d2cmedia.ca/cb20b6149e4511e37fb3548f4c99339126/2213/14354492/5/Honda-HR_V-2027.jpg'},{url:'https://imagescdn.d2cmedia.ca/cb20b6149e4511e37fb3548f4c99339126/2213/14354492/6/Honda-HR_V-2027.jpg'},{url:'https://imagescdn.d2cmedia.ca/cb20b6149e4511e37fb3548f4c99339126/2213/14354492/7/Honda-HR_V-2027.jpg'},{url:'https://imagescdn.d2cmedia.ca/cb20b6149e4511e37fb3548f4c99339126/2213/14354492/8/Honda-HR_V-2027.jpg'},{url:'https://imagescdn.d2cmedia.ca/cb20b6149e4511e37fb3548f4c99339126/2213/14354492/9/Honda-HR_V-2027.jpg'}]",0,KM,https://www.maplehonda.com/new/inventory/2027-Honda-HR_V-id14354492.html,2027 Honda HR-V SPORT 4WD at Maple Honda,40103 CAD,New,White,,2213,Maple Honda,+1-905-832-1202,"{addr1: '89 Auto Vaughan Dr.', city: 'Maple', region: 'Ontario', postal_code: 'L6A 4A1', country: 'CA'}",43.8590000000,-79.5370000000,,,,,https://www.maplehonda.com/privacy-policy.html,New,2213,In stock,,40103 CAD,Free,
3CZRZ2H51VM106433,3CZRZ2H51VM106433,009127-new,Honda,HR-V,SPORT 4WD,2027,AUTOMATIC,SUV,GASOLINE,,"2027 Honda HR-V SPORT 4WD, Silver exterior","[{url:'https://imagescdn.d2cmedia.ca/cb4a905821e278d42c537205e810cf74a8/2213/14379899/1/Honda-HR_V-2027.jpg'},{url:'https://imagescdn.d2cmedia.ca/s84a905821e278d42c537205e810cf74a8/2213/14379899/1/Honda-HR_V-2027.jpg'},{url:'https://imagescdn.d2cmedia.ca/cb4a905821e278d42c537205e810cf74a8/2213/14379899/2/Honda-HR_V-2027.jpg'},{url:'https://imagescdn.d2cmedia.ca/cb4a905821e278d42c537205e810cf74a8/2213/14379899/3/Honda-HR_V-2027.jpg'},{url:'https://imagescdn.d2cmedia.ca/cb4a905821e278d42c537205e810cf74a8/2213/14379899/4/Honda-HR_V-2027.jpg'},{url:'https://imagescdn.d2cmedia.ca/cb4a905821e278d42c537205e810cf74a8/2213/14379899/5/Honda-HR_V-2027.jpg'},{url:'https://imagescdn.d2cmedia.ca/cb4a905821e278d42c537205e810cf74a8/2213/14379899/6/Honda-HR_V-2027.jpg'},{url:'https://imagescdn.d2cmedia.ca/cb4a905821e278d42c537205e810cf74a8/2213/14379899/7/Honda-HR_V-2027.jpg'},{url:'https://imagescdn.d2cmedia.ca/cb4a905821e278d42c537205e810cf74a8/2213/14379899/8/Honda-HR_V-2027.jpg'},{url:'https://imagescdn.d2cmedia.ca/cb4a905821e278d42c537205e810cf74a8/2213/14379899/9/Honda-HR_V-2027.jpg'}]",0,KM,https://www.maplehonda.com/new/inventory/2027-Honda-HR_V-id14379899.html,2027 Honda HR-V SPORT 4WD at Maple Honda,40103 CAD,New,Silver,,2213,Maple Honda,+1-905-832-1202,"{addr1: '89 Auto Vaughan Dr.', city: 'Maple', region: 'Ontario', postal_code: 'L6A 4A1', country: 'CA'}",43.8590000000,-79.5370000000,,,,,https://www.maplehonda.com/privacy-policy.html,New,2213,In stock,,40103 CAD,Free,
3CZRZ2H57VM105383,3CZRZ2H57VM105383,010427-new,Honda,HR-V,SPORT 4WD,2027,AUTOMATIC,SUV,GASOLINE,,"2027 Honda HR-V SPORT 4WD, Blue exterior","[{url:'https://imagescdn.d2cmedia.ca/cbb2f8b88d3ec13c22343e5d8493333cb3/2213/14405020/1/Honda-HR_V-2027.jpg'},{url:'https://imagescdn.d2cmedia.ca/s8b2f8b88d3ec13c22343e5d8493333cb3/2213/14405020/1/Honda-HR_V-2027.jpg'},{url:'https://imagescdn.d2cmedia.ca/cbb2f8b88d3ec13c22343e5d8493333cb3/2213/14405020/2/Honda-HR_V-2027.jpg'},{url:'https://imagescdn.d2cmedia.ca/cbb2f8b88d3ec13c22343e5d8493333cb3/2213/14405020/3/Honda-HR_V-2027.jpg'},{url:'https://imagescdn.d2cmedia.ca/cbb2f8b88d3ec13c22343e5d8493333cb3/2213/14405020/4/Honda-HR_V-2027.jpg'},{url:'https://imagescdn.d2cmedia.ca/cbb2f8b88d3ec13c22343e5d8493333cb3/2213/14405020/5/Honda-HR_V-2027.jpg'},{url:'https://imagescdn.d2cmedia.ca/cbb2f8b88d3ec13c22343e5d8493333cb3/2213/14405020/6/Honda-HR_V-2027.jpg'},{url:'https://imagescdn.d2cmedia.ca/cbb2f8b88d3ec13c22343e5d8493333cb3/2213/14405020/7/Honda-HR_V-2027.jpg'},{url:'https://imagescdn.d2cmedia.ca/cbb2f8b88d3ec13c22343e5d8493333cb3/2213/14405020/8/Honda-HR_V-2027.jpg'},{url:'https://imagescdn.d2cmedia.ca/cbb2f8b88d3ec13c22343e5d8493333cb3/2213/14405020/9/Honda-HR_V-2027.jpg'}]",0,KM,https://www.maplehonda.com/new/inventory/2027-Honda-HR_V-id14405020.html,2027 Honda HR-V SPORT 4WD at Maple Honda,40103 CAD,New,Blue,,2213,Maple Honda,+1-905-832-1202,"{addr1: '89 Auto Vaughan Dr.', city: 'Maple', region: 'Ontario', postal_code: 'L6A 4A1', country: 'CA'}",43.8590000000,-79.5370000000,,,,,https://www.maplehonda.com/privacy-policy.html,New,2213,In stock,,40103 CAD,Free,
3CZRZ2H58VM107434,3CZRZ2H58VM107434,011727-new,Honda,HR-V,SPORT 4WD,2027,AUTOMATIC,SUV,GASOLINE,,"2027 Honda HR-V SPORT 4WD, Blue exterior","[{url:'https://imagescdn.d2cmedia.ca/cb93087b8522f2e9a1fee735c59196f7c1/2213/14433004/1/Honda-HR_V-2027.jpg'},{url:'https://imagescdn.d2cmedia.ca/s893087b8522f2e9a1fee735c59196f7c1/2213/14433004/1/Honda-HR_V-2027.jpg'},{url:'https://imagescdn.d2cmedia.ca/cb93087b8522f2e9a1fee735c59196f7c1/2213/14433004/2/Honda-HR_V-2027.jpg'},{url:'https://imagescdn.d2cmedia.ca/cb93087b8522f2e9a1fee735c59196f7c1/2213/14433004/3/Honda-HR_V-2027.jpg'},{url:'https://imagescdn.d2cmedia.ca/cb93087b8522f2e9a1fee735c59196f7c1/2213/14433004/4/Honda-HR_V-2027.jpg'},{url:'https://imagescdn.d2cmedia.ca/cb93087b8522f2e9a1fee735c59196f7c1/2213/14433004/5/Honda-HR_V-2027.jpg'},{url:'https://imagescdn.d2cmedia.ca/cb93087b8522f2e9a1fee735c59196f7c1/2213/14433004/6/Honda-HR_V-2027.jpg'},{url:'https://imagescdn.d2cmedia.ca/cb93087b8522f2e9a1fee735c59196f7c1/2213/14433004/7/Honda-HR_V-2027.jpg'},{url:'https://imagescdn.d2cmedia.ca/cb93087b8522f2e9a1fee735c59196f7c1/2213/14433004/8/Honda-HR_V-2027.jpg'},{url:'https://imagescdn.d2cmedia.ca/cb93087b8522f2e9a1fee735c59196f7c1/2213/14433004/9/Honda-HR_V-2027.jpg'}]",0,KM,https://www.maplehonda.com/new/inventory/2027-Honda-HR_V-id14433004.html,2027 Honda HR-V SPORT 4WD at Maple Honda,40103 CAD,New,Blue,,2213,Maple Honda,+1-905-832-1202,"{addr1: '89 Auto Vaughan Dr.', city: 'Maple', region: 'Ontario', postal_code: 'L6A 4A1', country: 'CA'}",43.8590000000,-79.5370000000,,,,,https://www.maplehonda.com/privacy-policy.html,New,2213,In stock,,40103 CAD,Free,
3CZRZ2H54VM107849,3CZRZ2H54VM107849,014927-new,Honda,HR-V,SPORT 4WD,2027,AUTOMATIC,SUV,GASOLINE,,"2027 Honda HR-V SPORT 4WD, Silver exterior","[{url:'https://carimages.d2cmedia.ca/newcarimages/en/cb6ac7b4b4bf741/Honda/HR-V/2027/1200/486878-U1BPUlQgNFdE/gray/front45.png'},{url:'https://carimages.d2cmedia.ca/newcarimages/en/cb6ac7b4b4bf741/Honda/HR-V/2027/1280/486878/gray/front_45_degree.png'},{url:'https://carimages.d2cmedia.ca/newcarimages/en/cb6ac7b4b4bf741/Honda/HR-V/2027/2100/486878/gray/front_45_degree.png'},{url:'https://carimages.d2cmedia.ca/newcarimages/en/cb6ac7b4b4bf741/Honda/HR-V/2027/2100/486878/gray/profile.png'},{url:'https://carimages.d2cmedia.ca/newcarimages/en/cb6ac7b4b4bf741/Honda/HR-V/2027/2100/486878/gray/back_45_degree.png'},{url:'https://carimages.d2cmedia.ca/newcarimages/en/cb6ac7b4b4bf741/Honda/HR-V/2027/2100/486878/gray/driver_dashboard.png'},{url:'https://carimages.d2cmedia.ca/newcarimages/en/cb6ac7b4b4bf741/Honda/HR-V/2027/2100/486878/gray/full_dashboard.png'},{url:'https://carimages.d2cmedia.ca/newcarimages/en/cb6ac7b4b4bf741/Honda/HR-V/2027/2100/486878/gray/interior_driver_open_seat.png'},{url:'https://carimages.d2cmedia.ca/newcarimages/en/cb6ac7b4b4bf741/Honda/HR-V/2027/2100/486878/gray/interior_driver_stereo.png'},{url:'https://carimages.d2cmedia.ca/newcarimages/en/cb6ac7b4b4bf741/Honda/HR-V/2027/2100/486878/gray/interior_driver_reat_seats.png'}]",0,KM,https://www.maplehonda.com/new/inventory/2027-Honda-HR_V-id14485545.html,2027 Honda HR-V SPORT 4WD at Maple Honda,40103 CAD,New,Silver,,2213,Maple Honda,+1-905-832-1202,"{addr1: '89 Auto Vaughan Dr.', city: 'Maple', region: 'Ontario', postal_code: 'L6A 4A1', country: 'CA'}",43.8590000000,-79.5370000000,,,,,https://www.maplehonda.com/privacy-policy.html,New,2213,In stock,,40103 CAD,Free,
3CZRZ2H50VM107881,3CZRZ2H50VM107881,015027-new,Honda,HR-V,SPORT 4WD,2027,AUTOMATIC,SUV,GASOLINE,,"2027 Honda HR-V SPORT 4WD, Silver exterior","[{url:'https://carimages.d2cmedia.ca/newcarimages/en/cb6ac7b4b4bf741/Honda/HR-V/2027/1200/486878-U1BPUlQgNFdE/gray/front45.png'},{url:'https://carimages.d2cmedia.ca/newcarimages/en/cb6ac7b4b4bf741/Honda/HR-V/2027/1280/486878/gray/front_45_degree.png'},{url:'https://carimages.d2cmedia.ca/newcarimages/en/cb6ac7b4b4bf741/Honda/HR-V/2027/2100/486878/gray/front_45_degree.png'},{url:'https://carimages.d2cmedia.ca/newcarimages/en/cb6ac7b4b4bf741/Honda/HR-V/2027/2100/486878/gray/profile.png'},{url:'https://carimages.d2cmedia.ca/newcarimages/en/cb6ac7b4b4bf741/Honda/HR-V/2027/2100/486878/gray/back_45_degree.png'},{url:'https://carimages.d2cmedia.ca/newcarimages/en/cb6ac7b4b4bf741/Honda/HR-V/2027/2100/486878/gray/driver_dashboard.png'},{url:'https://carimages.d2cmedia.ca/newcarimages/en/cb6ac7b4b4bf741/Honda/HR-V/2027/2100/486878/gray/full_dashboard.png'},{url:'https://carimages.d2cmedia.ca/newcarimages/en/cb6ac7b4b4bf741/Honda/HR-V/2027/2100/486878/gray/interior_driver_open_seat.png'},{url:'https://carimages.d2cmedia.ca/newcarimages/en/cb6ac7b4b4bf741/Honda/HR-V/2027/2100/486878/gray/interior_driver_stereo.png'},{url:'https://carimages.d2cmedia.ca/newcarimages/en/cb6ac7b4b4bf741/Honda/HR-V/2027/2100/486878/gray/interior_driver_reat_seats.png'}]",0,KM,https://www.maplehonda.com/new/inventory/2027-Honda-HR_V-id14485546.html,2027 Honda HR-V SPORT 4WD at Maple Honda,40103 CAD,New,Silver,,2213,Maple Honda,+1-905-832-1202,"{addr1: '89 Auto Vaughan Dr.', city: 'Maple', region: 'Ontario', postal_code: 'L6A 4A1', country: 'CA'}",43.8590000000,-79.5370000000,,,,,https://www.maplehonda.com/privacy-policy.html,New,2213,In stock,,40103 CAD,Free,
3CZRZ2H54VM104773,3CZRZ2H54VM104773,005827-new,Honda,HR-V,SPORT 4WD,2027,AUTOMATIC,SUV,GASOLINE,,"2027 Honda HR-V SPORT 4WD, Silver exterior","[{url:'https://imagescdn.d2cmedia.ca/cba7e0d0282ed6f3077cb102bc87a9403b/2213/14218666/1/Honda-HR_V-2027.jpg'},{url:'https://imagescdn.d2cmedia.ca/s8a7e0d0282ed6f3077cb102bc87a9403b/2213/14218666/1/Honda-HR_V-2027.jpg'},{url:'https://imagescdn.d2cmedia.ca/cba7e0d0282ed6f3077cb102bc87a9403b/2213/14218666/2/Honda-HR_V-2027.jpg'},{url:'https://imagescdn.d2cmedia.ca/cba7e0d0282ed6f3077cb102bc87a9403b/2213/14218666/3/Honda-HR_V-2027.jpg'},{url:'https://imagescdn.d2cmedia.ca/cba7e0d0282ed6f3077cb102bc87a9403b/2213/14218666/4/Honda-HR_V-2027.jpg'},{url:'https://imagescdn.d2cmedia.ca/cba7e0d0282ed6f3077cb102bc87a9403b/2213/14218666/5/Honda-HR_V-2027.jpg'},{url:'https://imagescdn.d2cmedia.ca/cba7e0d0282ed6f3077cb102bc87a9403b/2213/14218666/6/Honda-HR_V-2027.jpg'},{url:'https://imagescdn.d2cmedia.ca/cba7e0d0282ed6f3077cb102bc87a9403b/2213/14218666/7/Honda-HR_V-2027.jpg'},{url:'https://imagescdn.d2cmedia.ca/cba7e0d0282ed6f3077cb102bc87a9403b/2213/14218666/8/Honda-HR_V-2027.jpg'},{url:'https://imagescdn.d2cmedia.ca/cba7e0d0282ed6f3077cb102bc87a9403b/2213/14218666/9/Honda-HR_V-2027.jpg'}]",50,KM,https://www.maplehonda.com/new/inventory/2027-Honda-HR_V-id14218666.html,2027 Honda HR-V SPORT 4WD at Maple Honda,40103 CAD,New,Silver,,2213,Maple Honda,+1-905-832-1202,"{addr1: '89 Auto Vaughan Dr.', city: 'Maple', region: 'Ontario', postal_code: 'L6A 4A1', country: 'CA'}",43.8590000000,-79.5370000000,,,,,https://www.maplehonda.com/privacy-policy.html,New,2213,In stock,,40103 CAD,Free,
3CZRZ2H78VM101506,3CZRZ2H78VM101506,001327-new,Honda,HR-V,EXL 4WD,2027,AUTOMATIC,SUV,GASOLINE,,"2027 Honda HR-V EXL 4WD, Black exterior","[{url:'https://imagescdn.d2cmedia.ca/cb7999a3f7f8421f5293664748beaa4806/2213/13863566/1/Honda-HR_V-2027.jpg'},{url:'https://imagescdn.d2cmedia.ca/s87999a3f7f8421f5293664748beaa4806/2213/13863566/1/Honda-HR_V-2027.jpg'},{url:'https://imagescdn.d2cmedia.ca/cb7999a3f7f8421f5293664748beaa4806/2213/13863566/2/Honda-HR_V-2027.jpg'},{url:'https://imagescdn.d2cmedia.ca/cb7999a3f7f8421f5293664748beaa4806/2213/13863566/3/Honda-HR_V-2027.jpg'},{url:'https://imagescdn.d2cmedia.ca/cb7999a3f7f8421f5293664748beaa4806/2213/13863566/4/Honda-HR_V-2027.jpg'},{url:'https://imagescdn.d2cmedia.ca/cb7999a3f7f8421f5293664748beaa4806/2213/13863566/5/Honda-HR_V-2027.jpg'},{url:'https://imagescdn.d2cmedia.ca/cb7999a3f7f8421f5293664748beaa4806/2213/13863566/6/Honda-HR_V-2027.jpg'},{url:'https://imagescdn.d2cmedia.ca/cb7999a3f7f8421f5293664748beaa4806/2213/13863566/7/Honda-HR_V-2027.jpg'},{url:'https://imagescdn.d2cmedia.ca/cb7999a3f7f8421f5293664748beaa4806/2213/13863566/8/Honda-HR_V-2027.jpg'},{url:'https://imagescdn.d2cmedia.ca/cb7999a3f7f8421f5293664748beaa4806/2213/13863566/9/Honda-HR_V-2027.jpg'}]",50,KM,https://www.maplehonda.com/new/inventory/2027-Honda-HR_V-id13863566.html,2027 Honda HR-V EXL 4WD at Maple Honda,42886 CAD,New,Black,,2213,Maple Honda,+1-905-832-1202,"{addr1: '89 Auto Vaughan Dr.', city: 'Maple', region: 'Ontario', postal_code: 'L6A 4A1', country: 'CA'}",43.8590000000,-79.5370000000,,,,,https://www.maplehonda.com/privacy-policy.html,New,2213,In stock,,42886 CAD,Free,
3CZRZ2H75VM105237,3CZRZ2H75VM105237,005927-new,Honda,HR-V,EXL 4WD,2027,AUTOMATIC,SUV,GASOLINE,,"2027 Honda HR-V EXL 4WD, White exterior","[{url:'https://imagescdn.d2cmedia.ca/cb9ec300b499cc70086c0a37162279a49c/2213/14243504/1/Honda-HR_V-2027.jpg'},{url:'https://imagescdn.d2cmedia.ca/s89ec300b499cc70086c0a37162279a49c/2213/14243504/1/Honda-HR_V-2027.jpg'},{url:'https://imagescdn.d2cmedia.ca/cb9ec300b499cc70086c0a37162279a49c/2213/14243504/2/Honda-HR_V-2027.jpg'},{url:'https://imagescdn.d2cmedia.ca/cb9ec300b499cc70086c0a37162279a49c/2213/14243504/3/Honda-HR_V-2027.jpg'},{url:'https://imagescdn.d2cmedia.ca/cb9ec300b499cc70086c0a37162279a49c/2213/14243504/4/Honda-HR_V-2027.jpg'},{url:'https://imagescdn.d2cmedia.ca/cb9ec300b499cc70086c0a37162279a49c/2213/14243504/5/Honda-HR_V-2027.jpg'},{url:'https://imagescdn.d2cmedia.ca/cb9ec300b499cc70086c0a37162279a49c/2213/14243504/6/Honda-HR_V-2027.jpg'},{url:'https://imagescdn.d2cmedia.ca/cb9ec300b499cc70086c0a37162279a49c/2213/14243504/7/Honda-HR_V-2027.jpg'},{url:'https://imagescdn.d2cmedia.ca/cb9ec300b499cc70086c0a37162279a49c/2213/14243504/8/Honda-HR_V-2027.jpg'},{url:'https://imagescdn.d2cmedia.ca/cb9ec300b499cc70086c0a37162279a49c/2213/14243504/9/Honda-HR_V-2027.jpg'}]",0,KM,https://www.maplehonda.com/new/inventory/2027-Honda-HR_V-id14243504.html,2027 Honda HR-V EXL 4WD at Maple Honda,42903 CAD,New,White,,2213,Maple Honda,+1-905-832-1202,"{addr1: '89 Auto Vaughan Dr.', city: 'Maple', region: 'Ontario', postal_code: 'L6A 4A1', country: 'CA'}",43.8590000000,-79.5370000000,,,,,https://www.maplehonda.com/privacy-policy.html,New,2213,In stock,,42903 CAD,Free,
2HGFE4F83TH020163,2HGFE4F83TH020163,167826-new,Honda,Civic Hybrid,4D SPT TOUR HY,2026,AUTOMATIC,SEDAN,HYBRID,,"2026 Honda Civic Hybrid 4D SPT TOUR HY, Red exterior","[{url:'https://imagescdn.d2cmedia.ca/cb4578cde1c3b45fdb9a8e10bd13abc90a/2213/14379908/1/Honda-Civic Sedan Hybrid-2026.jpg'},{url:'https://imagescdn.d2cmedia.ca/s84578cde1c3b45fdb9a8e10bd13abc90a/2213/14379908/1/Honda-Civic_Hybrid-2026.jpg'},{url:'https://imagescdn.d2cmedia.ca/cb4578cde1c3b45fdb9a8e10bd13abc90a/2213/14379908/1/Honda-Civic_Hybrid-2026.jpg'},{url:'https://imagescdn.d2cmedia.ca/cb4578cde1c3b45fdb9a8e10bd13abc90a/2213/14379908/2/Honda-Civic_Hybrid-2026.jpg'},{url:'https://imagescdn.d2cmedia.ca/cb4578cde1c3b45fdb9a8e10bd13abc90a/2213/14379908/3/Honda-Civic_Hybrid-2026.jpg'},{url:'https://imagescdn.d2cmedia.ca/cb4578cde1c3b45fdb9a8e10bd13abc90a/2213/14379908/4/Honda-Civic_Hybrid-2026.jpg'},{url:'https://imagescdn.d2cmedia.ca/cb4578cde1c3b45fdb9a8e10bd13abc90a/2213/14379908/5/Honda-Civic_Hybrid-2026.jpg'},{url:'https://imagescdn.d2cmedia.ca/cb4578cde1c3b45fdb9a8e10bd13abc90a/2213/14379908/6/Honda-Civic_Hybrid-2026.jpg'},{url:'https://imagescdn.d2cmedia.ca/cb4578cde1c3b45fdb9a8e10bd13abc90a/2213/14379908/7/Honda-Civic_Hybrid-2026.jpg'},{url:'https://imagescdn.d2cmedia.ca/cb4578cde1c3b45fdb9a8e10bd13abc90a/2213/14379908/8/Honda-Civic_Hybrid-2026.jpg'}]",0,KM,https://www.maplehonda.com/new/inventory/2026-Honda-Civic_Hybrid-id14379908.html,2026 Honda Civic Hybrid 4D SPT TOUR HY at Maple Honda,40677 CAD,New,Red,,2213,Maple Honda,+1-905-832-1202,"{addr1: '89 Auto Vaughan Dr.', city: 'Maple', region: 'Ontario', postal_code: 'L6A 4A1', country: 'CA'}",43.8590000000,-79.5370000000,,,,,https://www.maplehonda.com/privacy-policy.html,New,2213,In stock,,40677 CAD,Free,
2HGFE4F84TH020169,2HGFE4F84TH020169,167926-new,Honda,Civic Hybrid,4D SPT TOUR HY,2026,AUTOMATIC,SEDAN,HYBRID,,"2026 Honda Civic Hybrid 4D SPT TOUR HY, Red exterior","[{url:'https://imagescdn.d2cmedia.ca/cb2382cb4bdd2a59906e1a89a0ef8c4d77/2213/14379909/1/Honda-Civic Sedan Hybrid-2026.jpg'},{url:'https://imagescdn.d2cmedia.ca/s82382cb4bdd2a59906e1a89a0ef8c4d77/2213/14379909/1/Honda-Civic_Hybrid-2026.jpg'},{url:'https://imagescdn.d2cmedia.ca/cb2382cb4bdd2a59906e1a89a0ef8c4d77/2213/14379909/1/Honda-Civic_Hybrid-2026.jpg'},{url:'https://imagescdn.d2cmedia.ca/cb2382cb4bdd2a59906e1a89a0ef8c4d77/2213/14379909/2/Honda-Civic_Hybrid-2026.jpg'},{url:'https://imagescdn.d2cmedia.ca/cb2382cb4bdd2a59906e1a89a0ef8c4d77/2213/14379909/3/Honda-Civic_Hybrid-2026.jpg'},{url:'https://imagescdn.d2cmedia.ca/cb2382cb4bdd2a59906e1a89a0ef8c4d77/2213/14379909/4/Honda-Civic_Hybrid-2026.jpg'},{url:'https://imagescdn.d2cmedia.ca/cb2382cb4bdd2a59906e1a89a0ef8c4d77/2213/14379909/5/Honda-Civic_Hybrid-2026.jpg'},{url:'https://imagescdn.d2cmedia.ca/cb2382cb4bdd2a59906e1a89a0ef8c4d77/2213/14379909/6/Honda-Civic_Hybrid-2026.jpg'},{url:'https://imagescdn.d2cmedia.ca/cb2382cb4bdd2a59906e1a89a0ef8c4d77/2213/14379909/7/Honda-Civic_Hybrid-2026.jpg'},{url:'https://imagescdn.d2cmedia.ca/cb2382cb4bdd2a59906e1a89a0ef8c4d77/2213/14379909/8/Honda-Civic_Hybrid-2026.jpg'}]",0,KM,https://www.maplehonda.com/new/inventory/2026-Honda-Civic_Hybrid-id14379909.html,2026 Honda Civic Hybrid 4D SPT TOUR HY at Maple Honda,40677 CAD,New,Red,,2213,Maple Honda,+1-905-832-1202,"{addr1: '89 Auto Vaughan Dr.', city: 'Maple', region: 'Ontario', postal_code: 'L6A 4A1', country: 'CA'}",43.8590000000,-79.5370000000,,,,,https://www.maplehonda.com/privacy-policy.html,New,2213,In stock,,40677 CAD,Free,
2HGFE4F84TH020320,2HGFE4F84TH020320,169026-new,Honda,Civic Hybrid,4D SPT TOUR HY,2026,AUTOMATIC,SEDAN,HYBRID,,"2026 Honda Civic Hybrid 4D SPT TOUR HY, Black exterior","[{url:'https://imagescdn.d2cmedia.ca/cbf766330ff1ff89648277aff5bfe6f4dc/2213/14399129/1/Honda-Civic Sedan Hybrid-2026.jpg'},{url:'https://imagescdn.d2cmedia.ca/s8f766330ff1ff89648277aff5bfe6f4dc/2213/14399129/1/Honda-Civic_Hybrid-2026.jpg'},{url:'https://imagescdn.d2cmedia.ca/cbf766330ff1ff89648277aff5bfe6f4dc/2213/14399129/1/Honda-Civic_Hybrid-2026.jpg'},{url:'https://imagescdn.d2cmedia.ca/cbf766330ff1ff89648277aff5bfe6f4dc/2213/14399129/2/Honda-Civic_Hybrid-2026.jpg'},{url:'https://imagescdn.d2cmedia.ca/cbf766330ff1ff89648277aff5bfe6f4dc/2213/14399129/3/Honda-Civic_Hybrid-2026.jpg'},{url:'https://imagescdn.d2cmedia.ca/cbf766330ff1ff89648277aff5bfe6f4dc/2213/14399129/4/Honda-Civic_Hybrid-2026.jpg'},{url:'https://imagescdn.d2cmedia.ca/cbf766330ff1ff89648277aff5bfe6f4dc/2213/14399129/5/Honda-Civic_Hybrid-2026.jpg'},{url:'https://imagescdn.d2cmedia.ca/cbf766330ff1ff89648277aff5bfe6f4dc/2213/14399129/6/Honda-Civic_Hybrid-2026.jpg'},{url:'https://imagescdn.d2cmedia.ca/cbf766330ff1ff89648277aff5bfe6f4dc/2213/14399129/7/Honda-Civic_Hybrid-2026.jpg'},{url:'https://imagescdn.d2cmedia.ca/cbf766330ff1ff89648277aff5bfe6f4dc/2213/14399129/8/Honda-Civic_Hybrid-2026.jpg'}]",0,KM,https://www.maplehonda.com/new/inventory/2026-Honda-Civic_Hybrid-id14399129.html,2026 Honda Civic Hybrid 4D SPT TOUR HY at Maple Honda,41227 CAD,New,Black,,2213,Maple Honda,+1-905-832-1202,"{addr1: '89 Auto Vaughan Dr.', city: 'Maple', region: 'Ontario', postal_code: 'L6A 4A1', country: 'CA'}",43.8590000000,-79.5370000000,,,,,https://www.maplehonda.com/privacy-policy.html,New,2213,In stock,,41227 CAD,Free,
2HGFE4F89TH020314,2HGFE4F89TH020314,169126-new,Honda,Civic Hybrid,4D SPT TOUR HY,2026,AUTOMATIC,SEDAN,HYBRID,,"2026 Honda Civic Hybrid 4D SPT TOUR HY, Black exterior","[{url:'https://imagescdn.d2cmedia.ca/cbe94608878c20606127c4010ad6934745/2213/14399130/1/Honda-Civic Sedan Hybrid-2026.jpg'},{url:'https://imagescdn.d2cmedia.ca/s8e94608878c20606127c4010ad6934745/2213/14399130/1/Honda-Civic_Hybrid-2026.jpg'},{url:'https://imagescdn.d2cmedia.ca/cbe94608878c20606127c4010ad6934745/2213/14399130/1/Honda-Civic_Hybrid-2026.jpg'},{url:'https://imagescdn.d2cmedia.ca/cbe94608878c20606127c4010ad6934745/2213/14399130/2/Honda-Civic_Hybrid-2026.jpg'},{url:'https://imagescdn.d2cmedia.ca/cbe94608878c20606127c4010ad6934745/2213/14399130/3/Honda-Civic_Hybrid-2026.jpg'},{url:'https://imagescdn.d2cmedia.ca/cbe94608878c20606127c4010ad6934745/2213/14399130/4/Honda-Civic_Hybrid-2026.jpg'},{url:'https://imagescdn.d2cmedia.ca/cbe94608878c20606127c4010ad6934745/2213/14399130/5/Honda-Civic_Hybrid-2026.jpg'},{url:'https://imagescdn.d2cmedia.ca/cbe94608878c20606127c4010ad6934745/2213/14399130/6/Honda-Civic_Hybrid-2026.jpg'},{url:'https://imagescdn.d2cmedia.ca/cbe94608878c20606127c4010ad6934745/2213/14399130/7/Honda-Civic_Hybrid-2026.jpg'},{url:'https://imagescdn.d2cmedia.ca/cbe94608878c20606127c4010ad6934745/2213/14399130/8/Honda-Civic_Hybrid-2026.jpg'}]",0,KM,https://www.maplehonda.com/new/inventory/2026-Honda-Civic_Hybrid-id14399130.html,2026 Honda Civic Hybrid 4D SPT TOUR HY at Maple Honda,41227 CAD,New,Black,,2213,Maple Honda,+1-905-832-1202,"{addr1: '89 Auto Vaughan Dr.', city: 'Maple', region: 'Ontario', postal_code: 'L6A 4A1', country: 'CA'}",43.8590000000,-79.5370000000,,,,,https://www.maplehonda.com/privacy-policy.html,New,2213,In stock,,41227 CAD,Free,
2HGFE4F82TH020347,2HGFE4F82TH020347,169226-new,Honda,Civic Hybrid,4D SPT TOUR HY,2026,AUTOMATIC,SEDAN,HYBRID,,"2026 Honda Civic Hybrid 4D SPT TOUR HY, Black exterior","[{url:'https://imagescdn.d2cmedia.ca/cb964214c5d06904135cac35dfd8b7cb1a/2213/14399131/1/Honda-Civic Sedan Hybrid-2026.jpg'},{url:'https://imagescdn.d2cmedia.ca/s8964214c5d06904135cac35dfd8b7cb1a/2213/14399131/1/Honda-Civic_Hybrid-2026.jpg'},{url:'https://imagescdn.d2cmedia.ca/cb964214c5d06904135cac35dfd8b7cb1a/2213/14399131/1/Honda-Civic_Hybrid-2026.jpg'},{url:'https://imagescdn.d2cmedia.ca/cb964214c5d06904135cac35dfd8b7cb1a/2213/14399131/2/Honda-Civic_Hybrid-2026.jpg'},{url:'https://imagescdn.d2cmedia.ca/cb964214c5d06904135cac35dfd8b7cb1a/2213/14399131/3/Honda-Civic_Hybrid-2026.jpg'},{url:'https://imagescdn.d2cmedia.ca/cb964214c5d06904135cac35dfd8b7cb1a/2213/14399131/4/Honda-Civic_Hybrid-2026.jpg'},{url:'https://imagescdn.d2cmedia.ca/cb964214c5d06904135cac35dfd8b7cb1a/2213/14399131/5/Honda-Civic_Hybrid-2026.jpg'},{url:'https://imagescdn.d2cmedia.ca/cb964214c5d06904135cac35dfd8b7cb1a/2213/14399131/6/Honda-Civic_Hybrid-2026.jpg'},{url:'https://imagescdn.d2cmedia.ca/cb964214c5d06904135cac35dfd8b7cb1a/2213/14399131/7/Honda-Civic_Hybrid-2026.jpg'},{url:'https://imagescdn.d2cmedia.ca/cb964214c5d06904135cac35dfd8b7cb1a/2213/14399131/8/Honda-Civic_Hybrid-2026.jpg'}]",0,KM,https://www.maplehonda.com/new/inventory/2026-Honda-Civic_Hybrid-id14399131.html,2026 Honda Civic Hybrid 4D SPT TOUR HY at Maple Honda,41227 CAD,New,Black,,2213,Maple Honda,+1-905-832-1202,"{addr1: '89 Auto Vaughan Dr.', city: 'Maple', region: 'Ontario', postal_code: 'L6A 4A1', country: 'CA'}",43.8590000000,-79.5370000000,,,,,https://www.maplehonda.com/privacy-policy.html,New,2213,In stock,,41227 CAD,Free,
2HGFE4F89TH020393,2HGFE4F89TH020393,169826-new,Honda,Civic Hybrid,4D SPT TOUR HY,2026,AUTOMATIC,SEDAN,HYBRID,,"2026 Honda Civic Hybrid 4D SPT TOUR HY, Blue exterior","[{url:'https://imagescdn.d2cmedia.ca/cb3622a58be41bf9752f18f3b44e33e733/2213/14413963/1/Honda-Civic Sedan Hybrid-2026.jpg'},{url:'https://imagescdn.d2cmedia.ca/s83622a58be41bf9752f18f3b44e33e733/2213/14413963/1/Honda-Civic_Hybrid-2026.jpg'},{url:'https://imagescdn.d2cmedia.ca/cb3622a58be41bf9752f18f3b44e33e733/2213/14413963/1/Honda-Civic_Hybrid-2026.jpg'},{url:'https://imagescdn.d2cmedia.ca/cb3622a58be41bf9752f18f3b44e33e733/2213/14413963/2/Honda-Civic_Hybrid-2026.jpg'},{url:'https://imagescdn.d2cmedia.ca/cb3622a58be41bf9752f18f3b44e33e733/2213/14413963/3/Honda-Civic_Hybrid-2026.jpg'},{url:'https://imagescdn.d2cmedia.ca/cb3622a58be41bf9752f18f3b44e33e733/2213/14413963/4/Honda-Civic_Hybrid-2026.jpg'},{url:'https://imagescdn.d2cmedia.ca/cb3622a58be41bf9752f18f3b44e33e733/2213/14413963/5/Honda-Civic_Hybrid-2026.jpg'},{url:'https://imagescdn.d2cmedia.ca/cb3622a58be41bf9752f18f3b44e33e733/2213/14413963/6/Honda-Civic_Hybrid-2026.jpg'},{url:'https://imagescdn.d2cmedia.ca/cb3622a58be41bf9752f18f3b44e33e733/2213/14413963/7/Honda-Civic_Hybrid-2026.jpg'},{url:'https://imagescdn.d2cmedia.ca/cb3622a58be41bf9752f18f3b44e33e733/2213/14413963/8/Honda-Civic_Hybrid-2026.jpg'}]",0,KM,https://www.maplehonda.com/new/inventory/2026-Honda-Civic_Hybrid-id14413963.html,2026 Honda Civic Hybrid 4D SPT TOUR HY at Maple Honda,41227 CAD,New,Blue,,2213,Maple Honda,+1-905-832-1202,"{addr1: '89 Auto Vaughan Dr.', city: 'Maple', region: 'Ontario', postal_code: 'L6A 4A1', country: 'CA'}",43.8590000000,-79.5370000000,,,,,https://www.maplehonda.com/privacy-policy.html,New,2213,In stock,,41227 CAD,Free,
2HGFE4F89TH020412,2HGFE4F89TH020412,169926-new,Honda,Civic Hybrid,4D SPT TOUR HY,2026,AUTOMATIC,SEDAN,HYBRID,,"2026 Honda Civic Hybrid 4D SPT TOUR HY, Blue exterior","[{url:'https://imagescdn.d2cmedia.ca/cb66210c4f3e4ab095fbc465fd006b3ee0/2213/14413964/1/Honda-Civic Sedan Hybrid-2026.jpg'},{url:'https://imagescdn.d2cmedia.ca/s866210c4f3e4ab095fbc465fd006b3ee0/2213/14413964/1/Honda-Civic_Hybrid-2026.jpg'},{url:'https://imagescdn.d2cmedia.ca/cb66210c4f3e4ab095fbc465fd006b3ee0/2213/14413964/1/Honda-Civic_Hybrid-2026.jpg'},{url:'https://imagescdn.d2cmedia.ca/cb66210c4f3e4ab095fbc465fd006b3ee0/2213/14413964/2/Honda-Civic_Hybrid-2026.jpg'},{url:'https://imagescdn.d2cmedia.ca/cb66210c4f3e4ab095fbc465fd006b3ee0/2213/14413964/3/Honda-Civic_Hybrid-2026.jpg'},{url:'https://imagescdn.d2cmedia.ca/cb66210c4f3e4ab095fbc465fd006b3ee0/2213/14413964/4/Honda-Civic_Hybrid-2026.jpg'},{url:'https://imagescdn.d2cmedia.ca/cb66210c4f3e4ab095fbc465fd006b3ee0/2213/14413964/5/Honda-Civic_Hybrid-2026.jpg'},{url:'https://imagescdn.d2cmedia.ca/cb66210c4f3e4ab095fbc465fd006b3ee0/2213/14413964/6/Honda-Civic_Hybrid-2026.jpg'},{url:'https://imagescdn.d2cmedia.ca/cb66210c4f3e4ab095fbc465fd006b3ee0/2213/14413964/7/Honda-Civic_Hybrid-2026.jpg'},{url:'https://imagescdn.d2cmedia.ca/cb66210c4f3e4ab095fbc465fd006b3ee0/2213/14413964/8/Honda-Civic_Hybrid-2026.jpg'}]",0,KM,https://www.maplehonda.com/new/inventory/2026-Honda-Civic_Hybrid-id14413964.html,2026 Honda Civic Hybrid 4D SPT TOUR HY at Maple Honda,41227 CAD,New,Blue,,2213,Maple Honda,+1-905-832-1202,"{addr1: '89 Auto Vaughan Dr.', city: 'Maple', region: 'Ontario', postal_code: 'L6A 4A1', country: 'CA'}",43.8590000000,-79.5370000000,,,,,https://www.maplehonda.com/privacy-policy.html,New,2213,In stock,,41227 CAD,Free,
2HGFE4F87TH019114,2HGFE4F87TH019114,167426-new,Honda,Civic Hybrid,4D SPT TOUR HY,2026,AUTOMATIC,SEDAN,HYBRID,,"2026 Honda Civic Hybrid 4D SPT TOUR HY, White exterior","[{url:'https://imagescdn.d2cmedia.ca/cb639b6afe8bf7122da0eb78b5770ba395/2213/14454841/1/Honda-Civic Sedan Hybrid-2026.jpg'},{url:'https://imagescdn.d2cmedia.ca/s8639b6afe8bf7122da0eb78b5770ba395/2213/14454841/1/Honda-Civic_Hybrid-2026.jpg'},{url:'https://imagescdn.d2cmedia.ca/cb639b6afe8bf7122da0eb78b5770ba395/2213/14454841/1/Honda-Civic_Hybrid-2026.jpg'},{url:'https://imagescdn.d2cmedia.ca/cb639b6afe8bf7122da0eb78b5770ba395/2213/14454841/2/Honda-Civic_Hybrid-2026.jpg'},{url:'https://imagescdn.d2cmedia.ca/cb639b6afe8bf7122da0eb78b5770ba395/2213/14454841/3/Honda-Civic_Hybrid-2026.jpg'},{url:'https://imagescdn.d2cmedia.ca/cb639b6afe8bf7122da0eb78b5770ba395/2213/14454841/4/Honda-Civic_Hybrid-2026.jpg'},{url:'https://imagescdn.d2cmedia.ca/cb639b6afe8bf7122da0eb78b5770ba395/2213/14454841/5/Honda-Civic_Hybrid-2026.jpg'},{url:'https://imagescdn.d2cmedia.ca/cb639b6afe8bf7122da0eb78b5770ba395/2213/14454841/6/Honda-Civic_Hybrid-2026.jpg'},{url:'https://imagescdn.d2cmedia.ca/cb639b6afe8bf7122da0eb78b5770ba395/2213/14454841/7/Honda-Civic_Hybrid-2026.jpg'},{url:'https://imagescdn.d2cmedia.ca/cb639b6afe8bf7122da0eb78b5770ba395/2213/14454841/8/Honda-Civic_Hybrid-2026.jpg'}]",0,KM,https://www.maplehonda.com/new/inventory/2026-Honda-Civic_Hybrid-id14454841.html,2026 Honda Civic Hybrid 4D SPT TOUR HY at Maple Honda,41227 CAD,New,White,,2213,Maple Honda,+1-905-832-1202,"{addr1: '89 Auto Vaughan Dr.', city: 'Maple', region: 'Ontario', postal_code: 'L6A 4A1', country: 'CA'}",43.8590000000,-79.5370000000,,,,,https://www.maplehonda.com/privacy-policy.html,New,2213,In stock,,41227 CAD,Free,
2HGFE4F82TH020784,2HGFE4F82TH020784,171826-new,Honda,Civic Hybrid,4D SPT TOUR HY,2026,AUTOMATIC,SEDAN,HYBRID,,"2026 Honda Civic Hybrid 4D SPT TOUR HY, White exterior","[{url:'https://imagescdn.d2cmedia.ca/cb49bfa49ef1a91baf2f03aa1ff318f0a6/2213/14469368/1/Honda-Civic Sedan Hybrid-2026.jpg'},{url:'https://imagescdn.d2cmedia.ca/s849bfa49ef1a91baf2f03aa1ff318f0a6/2213/14469368/1/Honda-Civic_Hybrid-2026.jpg'},{url:'https://imagescdn.d2cmedia.ca/cb49bfa49ef1a91baf2f03aa1ff318f0a6/2213/14469368/1/Honda-Civic_Hybrid-2026.jpg'},{url:'https://imagescdn.d2cmedia.ca/cb49bfa49ef1a91baf2f03aa1ff318f0a6/2213/14469368/2/Honda-Civic_Hybrid-2026.jpg'},{url:'https://imagescdn.d2cmedia.ca/cb49bfa49ef1a91baf2f03aa1ff318f0a6/2213/14469368/3/Honda-Civic_Hybrid-2026.jpg'},{url:'https://imagescdn.d2cmedia.ca/cb49bfa49ef1a91baf2f03aa1ff318f0a6/2213/14469368/4/Honda-Civic_Hybrid-2026.jpg'},{url:'https://imagescdn.d2cmedia.ca/cb49bfa49ef1a91baf2f03aa1ff318f0a6/2213/14469368/5/Honda-Civic_Hybrid-2026.jpg'},{url:'https://imagescdn.d2cmedia.ca/cb49bfa49ef1a91baf2f03aa1ff318f0a6/2213/14469368/6/Honda-Civic_Hybrid-2026.jpg'},{url:'https://imagescdn.d2cmedia.ca/cb49bfa49ef1a91baf2f03aa1ff318f0a6/2213/14469368/7/Honda-Civic_Hybrid-2026.jpg'},{url:'https://imagescdn.d2cmedia.ca/cb49bfa49ef1a91baf2f03aa1ff318f0a6/2213/14469368/8/Honda-Civic_Hybrid-2026.jpg'}]",0,KM,https://www.maplehonda.com/new/inventory/2026-Honda-Civic_Hybrid-id14469368.html,2026 Honda Civic Hybrid 4D SPT TOUR HY at Maple Honda,41227 CAD,New,White,,2213,Maple Honda,+1-905-832-1202,"{addr1: '89 Auto Vaughan Dr.', city: 'Maple', region: 'Ontario', postal_code: 'L6A 4A1', country: 'CA'}",43.8590000000,-79.5370000000,,,,,https://www.maplehonda.com/privacy-policy.html,New,2213,In stock,,41227 CAD,Free,
2HGFE4F85TH020777,2HGFE4F85TH020777,171926-new,Honda,Civic Hybrid,4D SPT TOUR HY,2026,AUTOMATIC,SEDAN,HYBRID,,"2026 Honda Civic Hybrid 4D SPT TOUR HY, White exterior","[{url:'https://imagescdn.d2cmedia.ca/cb61a73b90114f24bcb3124c13a7c61c5f/2213/14469369/1/Honda-Civic Sedan Hybrid-2026.jpg'},{url:'https://imagescdn.d2cmedia.ca/s861a73b90114f24bcb3124c13a7c61c5f/2213/14469369/1/Honda-Civic_Hybrid-2026.jpg'},{url:'https://imagescdn.d2cmedia.ca/cb61a73b90114f24bcb3124c13a7c61c5f/2213/14469369/1/Honda-Civic_Hybrid-2026.jpg'},{url:'https://imagescdn.d2cmedia.ca/cb61a73b90114f24bcb3124c13a7c61c5f/2213/14469369/2/Honda-Civic_Hybrid-2026.jpg'},{url:'https://imagescdn.d2cmedia.ca/cb61a73b90114f24bcb3124c13a7c61c5f/2213/14469369/3/Honda-Civic_Hybrid-2026.jpg'},{url:'https://imagescdn.d2cmedia.ca/cb61a73b90114f24bcb3124c13a7c61c5f/2213/14469369/4/Honda-Civic_Hybrid-2026.jpg'},{url:'https://imagescdn.d2cmedia.ca/cb61a73b90114f24bcb3124c13a7c61c5f/2213/14469369/5/Honda-Civic_Hybrid-2026.jpg'},{url:'https://imagescdn.d2cmedia.ca/cb61a73b90114f24bcb3124c13a7c61c5f/2213/14469369/6/Honda-Civic_Hybrid-2026.jpg'},{url:'https://imagescdn.d2cmedia.ca/cb61a73b90114f24bcb3124c13a7c61c5f/2213/14469369/7/Honda-Civic_Hybrid-2026.jpg'},{url:'https://imagescdn.d2cmedia.ca/cb61a73b90114f24bcb3124c13a7c61c5f/2213/14469369/8/Honda-Civic_Hybrid-2026.jpg'}]",0,KM,https://www.maplehonda.com/new/inventory/2026-Honda-Civic_Hybrid-id14469369.html,2026 Honda Civic Hybrid 4D SPT TOUR HY at Maple Honda,41227 CAD,New,White,,2213,Maple Honda,+1-905-832-1202,"{addr1: '89 Auto Vaughan Dr.', city: 'Maple', region: 'Ontario', postal_code: 'L6A 4A1', country: 'CA'}",43.8590000000,-79.5370000000,,,,,https://www.maplehonda.com/privacy-policy.html,New,2213,In stock,,41227 CAD,Free,
2HKRS3H23TH002101,2HKRS3H23TH002101,162826-new,Honda,CR-V,LX 2WD,2026,AUTOMATIC,SUV,GASOLINE,,"2026 Honda CR-V LX 2WD, White exterior","[{url:'https://imagescdn.d2cmedia.ca/cb745cbd9e0e55a2fefc017412fc087fae/2213/14279864/1/Honda-CR_V-2026.jpg'},{url:'https://imagescdn.d2cmedia.ca/s8745cbd9e0e55a2fefc017412fc087fae/2213/14279864/1/Honda-CR_V-2026.jpg'},{url:'https://imagescdn.d2cmedia.ca/cb745cbd9e0e55a2fefc017412fc087fae/2213/14279864/2/Honda-CR_V-2026.jpg'},{url:'https://imagescdn.d2cmedia.ca/cb745cbd9e0e55a2fefc017412fc087fae/2213/14279864/3/Honda-CR_V-2026.jpg'},{url:'https://imagescdn.d2cmedia.ca/cb745cbd9e0e55a2fefc017412fc087fae/2213/14279864/4/Honda-CR_V-2026.jpg'},{url:'https://imagescdn.d2cmedia.ca/cb745cbd9e0e55a2fefc017412fc087fae/2213/14279864/5/Honda-CR_V-2026.jpg'},{url:'https://imagescdn.d2cmedia.ca/cb745cbd9e0e55a2fefc017412fc087fae/2213/14279864/6/Honda-CR_V-2026.jpg'},{url:'https://imagescdn.d2cmedia.ca/cb745cbd9e0e55a2fefc017412fc087fae/2213/14279864/7/Honda-CR_V-2026.jpg'},{url:'https://imagescdn.d2cmedia.ca/cb745cbd9e0e55a2fefc017412fc087fae/2213/14279864/8/Honda-CR_V-2026.jpg'},{url:'https://imagescdn.d2cmedia.ca/cb745cbd9e0e55a2fefc017412fc087fae/2213/14279864/9/Honda-CR_V-2026.jpg'}]",0,KM,https://www.maplehonda.com/new/inventory/2026-Honda-CR_V-id14279864.html,2026 Honda CR-V LX 2WD at Maple Honda,40778 CAD,New,White,,2213,Maple Honda,+1-905-832-1202,"{addr1: '89 Auto Vaughan Dr.', city: 'Maple', region: 'Ontario', postal_code: 'L6A 4A1', country: 'CA'}",43.8590000000,-79.5370000000,,,,,https://www.maplehonda.com/privacy-policy.html,New,2213,In stock,,40778 CAD,Free,
2HKRS3H26VH000118,2HKRS3H26VH000118,013427-new,Honda,CR-V,LX 2WD,2027,AUTOMATIC,SUV,GASOLINE,,"2027 Honda CR-V LX 2WD, White exterior","[{url:'https://carimages.d2cmedia.ca/newcarimages/en/cb6ac7b4b4bf741/Honda/CR-V/2027/1200/490898-TFggMldE/white/front45.png'},{url:'https://carimages.d2cmedia.ca/newcarimages/en/cb6ac7b4b4bf741/Honda/CR-V/2027/1280/490898/white/front_45_degree.png'},{url:'https://carimages.d2cmedia.ca/newcarimages/en/cb6ac7b4b4bf741/Honda/CR-V/2027/2100/490898/white/front_45_degree.png'},{url:'https://carimages.d2cmedia.ca/newcarimages/en/cb6ac7b4b4bf741/Honda/CR-V/2027/2100/490898/white/profile.png'},{url:'https://carimages.d2cmedia.ca/newcarimages/en/cb6ac7b4b4bf741/Honda/CR-V/2027/2100/490898/white/back_45_degree.png'},{url:'https://carimages.d2cmedia.ca/newcarimages/en/cb6ac7b4b4bf741/Honda/CR-V/2027/2100/490898/white/driver_dashboard.png'},{url:'https://carimages.d2cmedia.ca/newcarimages/en/cb6ac7b4b4bf741/Honda/CR-V/2027/2100/490898/white/full_dashboard.png'},{url:'https://carimages.d2cmedia.ca/newcarimages/en/cb6ac7b4b4bf741/Honda/CR-V/2027/2100/490898/white/interior_driver_open_seat.png'},{url:'https://carimages.d2cmedia.ca/newcarimages/en/cb6ac7b4b4bf741/Honda/CR-V/2027/2100/490898/white/interior_driver_stereo.png'},{url:'https://carimages.d2cmedia.ca/newcarimages/en/cb6ac7b4b4bf741/Honda/CR-V/2027/2100/490898/white/interior_driver_reat_seats.png'}]",0,KM,https://www.maplehonda.com/new/inventory/2027-Honda-CR_V-id14454838.html,2027 Honda CR-V LX 2WD at Maple Honda,41278 CAD,New,White,,2213,Maple Honda,+1-905-832-1202,"{addr1: '89 Auto Vaughan Dr.', city: 'Maple', region: 'Ontario', postal_code: 'L6A 4A1', country: 'CA'}",43.8590000000,-79.5370000000,,,,,https://www.maplehonda.com/privacy-policy.html,New,2213,In stock,,41278 CAD,Free,
2HKRS3H26VH000071,2HKRS3H26VH000071,013527-new,Honda,CR-V,LX 2WD,2027,AUTOMATIC,SUV,GASOLINE,,"2027 Honda CR-V LX 2WD, White exterior","[{url:'https://carimages.d2cmedia.ca/newcarimages/en/cb6ac7b4b4bf741/Honda/CR-V/2027/1200/490898-TFggMldE/white/front45.png'},{url:'https://carimages.d2cmedia.ca/newcarimages/en/cb6ac7b4b4bf741/Honda/CR-V/2027/1280/490898/white/front_45_degree.png'},{url:'https://carimages.d2cmedia.ca/newcarimages/en/cb6ac7b4b4bf741/Honda/CR-V/2027/2100/490898/white/front_45_degree.png'},{url:'https://carimages.d2cmedia.ca/newcarimages/en/cb6ac7b4b4bf741/Honda/CR-V/2027/2100/490898/white/profile.png'},{url:'https://carimages.d2cmedia.ca/newcarimages/en/cb6ac7b4b4bf741/Honda/CR-V/2027/2100/490898/white/back_45_degree.png'},{url:'https://carimages.d2cmedia.ca/newcarimages/en/cb6ac7b4b4bf741/Honda/CR-V/2027/2100/490898/white/driver_dashboard.png'},{url:'https://carimages.d2cmedia.ca/newcarimages/en/cb6ac7b4b4bf741/Honda/CR-V/2027/2100/490898/white/full_dashboard.png'},{url:'https://carimages.d2cmedia.ca/newcarimages/en/cb6ac7b4b4bf741/Honda/CR-V/2027/2100/490898/white/interior_driver_open_seat.png'},{url:'https://carimages.d2cmedia.ca/newcarimages/en/cb6ac7b4b4bf741/Honda/CR-V/2027/2100/490898/white/interior_driver_stereo.png'},{url:'https://carimages.d2cmedia.ca/newcarimages/en/cb6ac7b4b4bf741/Honda/CR-V/2027/2100/490898/white/interior_driver_reat_seats.png'}]",0,KM,https://www.maplehonda.com/new/inventory/2027-Honda-CR_V-id14454839.html,2027 Honda CR-V LX 2WD at Maple Honda,41278 CAD,New,White,,2213,Maple Honda,+1-905-832-1202,"{addr1: '89 Auto Vaughan Dr.', city: 'Maple', region: 'Ontario', postal_code: 'L6A 4A1', country: 'CA'}",43.8590000000,-79.5370000000,,,,,https://www.maplehonda.com/privacy-policy.html,New,2213,In stock,,41278 CAD,Free,
2HKRS4H24VH100322,2HKRS4H24VH100322,007527-new,Honda,CR-V,LX 4WD,2027,AUTOMATIC,SUV,GASOLINE,,"2027 Honda CR-V LX 4WD, SOLAR REFLECTIO exterior","[{url:'https://carimages.d2cmedia.ca/newcarimages/en/cb6ac7b4b4bf741/Honda/CR-V/2027/1200/490899-TFggNFdE/white/front45.png'},{url:'https://carimages.d2cmedia.ca/newcarimages/en/cb6ac7b4b4bf741/Honda/CR-V/2027/1280/490899/SOLAR REFLECTIO/front_45_degree.png'},{url:'https://carimages.d2cmedia.ca/newcarimages/en/cb6ac7b4b4bf741/Honda/CR-V/2027/2100/490899/SOLAR REFLECTIO/front_45_degree.png'},{url:'https://carimages.d2cmedia.ca/newcarimages/en/cb6ac7b4b4bf741/Honda/CR-V/2027/2100/490899/SOLAR REFLECTIO/profile.png'},{url:'https://carimages.d2cmedia.ca/newcarimages/en/cb6ac7b4b4bf741/Honda/CR-V/2027/2100/490899/SOLAR REFLECTIO/back_45_degree.png'},{url:'https://carimages.d2cmedia.ca/newcarimages/en/cb6ac7b4b4bf741/Honda/CR-V/2027/2100/490899/SOLAR REFLECTIO/driver_dashboard.png'},{url:'https://carimages.d2cmedia.ca/newcarimages/en/cb6ac7b4b4bf741/Honda/CR-V/2027/2100/490899/SOLAR REFLECTIO/full_dashboard.png'},{url:'https://carimages.d2cmedia.ca/newcarimages/en/cb6ac7b4b4bf741/Honda/CR-V/2027/2100/490899/SOLAR REFLECTIO/interior_driver_open_seat.png'},{url:'https://carimages.d2cmedia.ca/newcarimages/en/cb6ac7b4b4bf741/Honda/CR-V/2027/2100/490899/SOLAR REFLECTIO/interior_driver_stereo.png'},{url:'https://carimages.d2cmedia.ca/newcarimages/en/cb6ac7b4b4bf741/Honda/CR-V/2027/2100/490899/SOLAR REFLECTIO/interior_driver_reat_seats.png'}]",0,KM,https://www.maplehonda.com/new/inventory/2027-Honda-CR_V-id14334423.html,2027 Honda CR-V LX 4WD at Maple Honda,43528 CAD,New,SOLAR REFLECTIO,,2213,Maple Honda,+1-905-832-1202,"{addr1: '89 Auto Vaughan Dr.', city: 'Maple', region: 'Ontario', postal_code: 'L6A 4A1', country: 'CA'}",43.8590000000,-79.5370000000,,,,,https://www.maplehonda.com/privacy-policy.html,New,2213,In stock,,43528 CAD,Free,
2HKRS4H24TH119255,2HKRS4H24TH119255,154826-new,Honda,CR-V,LX 4WD,2026,AUTOMATIC,SUV,GASOLINE,,"2026 Honda CR-V LX 4WD, White exterior","[{url:'https://imagescdn.d2cmedia.ca/cbc9141c5e43274784090fd3d050cefc25/2213/14200326/1/Honda-CR_V-2026.jpg'},{url:'https://imagescdn.d2cmedia.ca/s8c9141c5e43274784090fd3d050cefc25/2213/14200326/1/Honda-CR_V-2026.jpg'},{url:'https://imagescdn.d2cmedia.ca/cbc9141c5e43274784090fd3d050cefc25/2213/14200326/2/Honda-CR_V-2026.jpg'},{url:'https://imagescdn.d2cmedia.ca/cbc9141c5e43274784090fd3d050cefc25/2213/14200326/3/Honda-CR_V-2026.jpg'},{url:'https://imagescdn.d2cmedia.ca/cbc9141c5e43274784090fd3d050cefc25/2213/14200326/4/Honda-CR_V-2026.jpg'},{url:'https://imagescdn.d2cmedia.ca/cbc9141c5e43274784090fd3d050cefc25/2213/14200326/5/Honda-CR_V-2026.jpg'},{url:'https://imagescdn.d2cmedia.ca/cbc9141c5e43274784090fd3d050cefc25/2213/14200326/6/Honda-CR_V-2026.jpg'},{url:'https://imagescdn.d2cmedia.ca/cbc9141c5e43274784090fd3d050cefc25/2213/14200326/7/Honda-CR_V-2026.jpg'},{url:'https://imagescdn.d2cmedia.ca/cbc9141c5e43274784090fd3d050cefc25/2213/14200326/8/Honda-CR_V-2026.jpg'},{url:'https://imagescdn.d2cmedia.ca/cbc9141c5e43274784090fd3d050cefc25/2213/14200326/9/Honda-CR_V-2026.jpg'}]",0,KM,https://www.maplehonda.com/new/inventory/2026-Honda-CR_V-id14200326.html,2026 Honda CR-V LX 4WD at Maple Honda,43578 CAD,New,White,,2213,Maple Honda,+1-905-832-1202,"{addr1: '89 Auto Vaughan Dr.', city: 'Maple', region: 'Ontario', postal_code: 'L6A 4A1', country: 'CA'}",43.8590000000,-79.5370000000,,,,,https://www.maplehonda.com/privacy-policy.html,New,2213,In stock,,43578 CAD,Free,
2HKRS4H23TH119456,2HKRS4H23TH119456,159626-new,Honda,CR-V,LX 4WD,2026,AUTOMATIC,SUV,GASOLINE,,"2026 Honda CR-V LX 4WD, Black exterior","[{url:'https://imagescdn.d2cmedia.ca/cb5024646743a7befd91e074f5a5f90de5/2213/14231713/1/Honda-CR_V-2026.jpg'},{url:'https://imagescdn.d2cmedia.ca/s85024646743a7befd91e074f5a5f90de5/2213/14231713/1/Honda-CR_V-2026.jpg'},{url:'https://imagescdn.d2cmedia.ca/cb5024646743a7befd91e074f5a5f90de5/2213/14231713/2/Honda-CR_V-2026.jpg'},{url:'https://imagescdn.d2cmedia.ca/cb5024646743a7befd91e074f5a5f90de5/2213/14231713/3/Honda-CR_V-2026.jpg'},{url:'https://imagescdn.d2cmedia.ca/cb5024646743a7befd91e074f5a5f90de5/2213/14231713/4/Honda-CR_V-2026.jpg'},{url:'https://imagescdn.d2cmedia.ca/cb5024646743a7befd91e074f5a5f90de5/2213/14231713/5/Honda-CR_V-2026.jpg'},{url:'https://imagescdn.d2cmedia.ca/cb5024646743a7befd91e074f5a5f90de5/2213/14231713/6/Honda-CR_V-2026.jpg'},{url:'https://imagescdn.d2cmedia.ca/cb5024646743a7befd91e074f5a5f90de5/2213/14231713/7/Honda-CR_V-2026.jpg'},{url:'https://imagescdn.d2cmedia.ca/cb5024646743a7befd91e074f5a5f90de5/2213/14231713/8/Honda-CR_V-2026.jpg'},{url:'https://imagescdn.d2cmedia.ca/cb5024646743a7befd91e074f5a5f90de5/2213/14231713/9/Honda-CR_V-2026.jpg'}]",50,KM,https://www.maplehonda.com/new/inventory/2026-Honda-CR_V-id14231713.html,2026 Honda CR-V LX 4WD at Maple Honda,43578 CAD,New,Black,,2213,Maple Honda,+1-905-832-1202,"{addr1: '89 Auto Vaughan Dr.', city: 'Maple', region: 'Ontario', postal_code: 'L6A 4A1', country: 'CA'}",43.8590000000,-79.5370000000,,,,,https://www.maplehonda.com/privacy-policy.html,New,2213,In stock,,43578 CAD,Free,
2HKRS4H21VH101248,2HKRS4H21VH101248,009227-new,Honda,CR-V,LX 4WD,2027,AUTOMATIC,SUV,GASOLINE,,"2027 Honda CR-V LX 4WD, Black exterior","[{url:'https://carimages.d2cmedia.ca/newcarimages/en/cb6ac7b4b4bf741/Honda/CR-V/2027/1200/490899-TFggNFdE/black/front45.png'},{url:'https://carimages.d2cmedia.ca/newcarimages/en/cb6ac7b4b4bf741/Honda/CR-V/2027/1280/490899/black/front_45_degree.png'},{url:'https://carimages.d2cmedia.ca/newcarimages/en/cb6ac7b4b4bf741/Honda/CR-V/2027/2100/490899/black/front_45_degree.png'},{url:'https://carimages.d2cmedia.ca/newcarimages/en/cb6ac7b4b4bf741/Honda/CR-V/2027/2100/490899/black/profile.png'},{url:'https://carimages.d2cmedia.ca/newcarimages/en/cb6ac7b4b4bf741/Honda/CR-V/2027/2100/490899/black/back_45_degree.png'},{url:'https://carimages.d2cmedia.ca/newcarimages/en/cb6ac7b4b4bf741/Honda/CR-V/2027/2100/490899/black/driver_dashboard.png'},{url:'https://carimages.d2cmedia.ca/newcarimages/en/cb6ac7b4b4bf741/Honda/CR-V/2027/2100/490899/black/full_dashboard.png'},{url:'https://carimages.d2cmedia.ca/newcarimages/en/cb6ac7b4b4bf741/Honda/CR-V/2027/2100/490899/black/interior_driver_open_seat.png'},{url:'https://carimages.d2cmedia.ca/newcarimages/en/cb6ac7b4b4bf741/Honda/CR-V/2027/2100/490899/black/interior_driver_stereo.png'},{url:'https://carimages.d2cmedia.ca/newcarimages/en/cb6ac7b4b4bf741/Honda/CR-V/2027/2100/490899/black/interior_driver_reat_seats.png'}]",0,KM,https://www.maplehonda.com/new/inventory/2027-Honda-CR_V-id14379900.html,2027 Honda CR-V LX 4WD at Maple Honda,44078 CAD,New,Black,,2213,Maple Honda,+1-905-832-1202,"{addr1: '89 Auto Vaughan Dr.', city: 'Maple', region: 'Ontario', postal_code: 'L6A 4A1', country: 'CA'}",43.8590000000,-79.5370000000,,,,,https://www.maplehonda.com/privacy-policy.html,New,2213,In stock,,44078 CAD,Free,
2HKRS4H27VH101254,2HKRS4H27VH101254,009627-new,Honda,CR-V,LX 4WD,2027,AUTOMATIC,SUV,GASOLINE,,"2027 Honda CR-V LX 4WD, Black exterior","[{url:'https://carimages.d2cmedia.ca/newcarimages/en/cb6ac7b4b4bf741/Honda/CR-V/2027/1200/490899-TFggNFdE/black/front45.png'},{url:'https://carimages.d2cmedia.ca/newcarimages/en/cb6ac7b4b4bf741/Honda/CR-V/2027/1280/490899/black/front_45_degree.png'},{url:'https://carimages.d2cmedia.ca/newcarimages/en/cb6ac7b4b4bf741/Honda/CR-V/2027/2100/490899/black/front_45_degree.png'},{url:'https://carimages.d2cmedia.ca/newcarimages/en/cb6ac7b4b4bf741/Honda/CR-V/2027/2100/490899/black/profile.png'},{url:'https://carimages.d2cmedia.ca/newcarimages/en/cb6ac7b4b4bf741/Honda/CR-V/2027/2100/490899/black/back_45_degree.png'},{url:'https://carimages.d2cmedia.ca/newcarimages/en/cb6ac7b4b4bf741/Honda/CR-V/2027/2100/490899/black/driver_dashboard.png'},{url:'https://carimages.d2cmedia.ca/newcarimages/en/cb6ac7b4b4bf741/Honda/CR-V/2027/2100/490899/black/full_dashboard.png'},{url:'https://carimages.d2cmedia.ca/newcarimages/en/cb6ac7b4b4bf741/Honda/CR-V/2027/2100/490899/black/interior_driver_open_seat.png'},{url:'https://carimages.d2cmedia.ca/newcarimages/en/cb6ac7b4b4bf741/Honda/CR-V/2027/2100/490899/black/interior_driver_stereo.png'},{url:'https://carimages.d2cmedia.ca/newcarimages/en/cb6ac7b4b4bf741/Honda/CR-V/2027/2100/490899/black/interior_driver_reat_seats.png'}]",0,KM,https://www.maplehonda.com/new/inventory/2027-Honda-CR_V-id14379904.html,2027 Honda CR-V LX 4WD at Maple Honda,44078 CAD,New,Black,,2213,Maple Honda,+1-905-832-1202,"{addr1: '89 Auto Vaughan Dr.', city: 'Maple', region: 'Ontario', postal_code: 'L6A 4A1', country: 'CA'}",43.8590000000,-79.5370000000,,,,,https://www.maplehonda.com/privacy-policy.html,New,2213,In stock,,44078 CAD,Free,
2HKRS4H28VH101828,2HKRS4H28VH101828,012427-new,Honda,CR-V,LX 4WD,2027,AUTOMATIC,SUV,GASOLINE,,"2027 Honda CR-V LX 4WD, White exterior","[{url:'https://carimages.d2cmedia.ca/newcarimages/en/cb6ac7b4b4bf741/Honda/CR-V/2027/1200/490899-TFggNFdE/white/front45.png'},{url:'https://carimages.d2cmedia.ca/newcarimages/en/cb6ac7b4b4bf741/Honda/CR-V/2027/1280/490899/white/front_45_degree.png'},{url:'https://carimages.d2cmedia.ca/newcarimages/en/cb6ac7b4b4bf741/Honda/CR-V/2027/2100/490899/white/front_45_degree.png'},{url:'https://carimages.d2cmedia.ca/newcarimages/en/cb6ac7b4b4bf741/Honda/CR-V/2027/2100/490899/white/profile.png'},{url:'https://carimages.d2cmedia.ca/newcarimages/en/cb6ac7b4b4bf741/Honda/CR-V/2027/2100/490899/white/back_45_degree.png'},{url:'https://carimages.d2cmedia.ca/newcarimages/en/cb6ac7b4b4bf741/Honda/CR-V/2027/2100/490899/white/driver_dashboard.png'},{url:'https://carimages.d2cmedia.ca/newcarimages/en/cb6ac7b4b4bf741/Honda/CR-V/2027/2100/490899/white/full_dashboard.png'},{url:'https://carimages.d2cmedia.ca/newcarimages/en/cb6ac7b4b4bf741/Honda/CR-V/2027/2100/490899/white/interior_driver_open_seat.png'},{url:'https://carimages.d2cmedia.ca/newcarimages/en/cb6ac7b4b4bf741/Honda/CR-V/2027/2100/490899/white/interior_driver_stereo.png'},{url:'https://carimages.d2cmedia.ca/newcarimages/en/cb6ac7b4b4bf741/Honda/CR-V/2027/2100/490899/white/interior_driver_reat_seats.png'}]",0,KM,https://www.maplehonda.com/new/inventory/2027-Honda-CR_V-id14439642.html,2027 Honda CR-V LX 4WD at Maple Honda,44078 CAD,New,White,,2213,Maple Honda,+1-905-832-1202,"{addr1: '89 Auto Vaughan Dr.', city: 'Maple', region: 'Ontario', postal_code: 'L6A 4A1', country: 'CA'}",43.8590000000,-79.5370000000,,,,,https://www.maplehonda.com/privacy-policy.html,New,2213,In stock,,44078 CAD,Free,
2HKRS4H21VH100519,2HKRS4H21VH100519,012527-new,Honda,CR-V,LX 4WD,2027,AUTOMATIC,SUV,GASOLINE,,"2027 Honda CR-V LX 4WD, White exterior","[{url:'https://carimages.d2cmedia.ca/newcarimages/en/cb6ac7b4b4bf741/Honda/CR-V/2027/1200/490899-TFggNFdE/white/front45.png'},{url:'https://carimages.d2cmedia.ca/newcarimages/en/cb6ac7b4b4bf741/Honda/CR-V/2027/1280/490899/white/front_45_degree.png'},{url:'https://carimages.d2cmedia.ca/newcarimages/en/cb6ac7b4b4bf741/Honda/CR-V/2027/2100/490899/white/front_45_degree.png'},{url:'https://carimages.d2cmedia.ca/newcarimages/en/cb6ac7b4b4bf741/Honda/CR-V/2027/2100/490899/white/profile.png'},{url:'https://carimages.d2cmedia.ca/newcarimages/en/cb6ac7b4b4bf741/Honda/CR-V/2027/2100/490899/white/back_45_degree.png'},{url:'https://carimages.d2cmedia.ca/newcarimages/en/cb6ac7b4b4bf741/Honda/CR-V/2027/2100/490899/white/driver_dashboard.png'},{url:'https://carimages.d2cmedia.ca/newcarimages/en/cb6ac7b4b4bf741/Honda/CR-V/2027/2100/490899/white/full_dashboard.png'},{url:'https://carimages.d2cmedia.ca/newcarimages/en/cb6ac7b4b4bf741/Honda/CR-V/2027/2100/490899/white/interior_driver_open_seat.png'},{url:'https://carimages.d2cmedia.ca/newcarimages/en/cb6ac7b4b4bf741/Honda/CR-V/2027/2100/490899/white/interior_driver_stereo.png'},{url:'https://carimages.d2cmedia.ca/newcarimages/en/cb6ac7b4b4bf741/Honda/CR-V/2027/2100/490899/white/interior_driver_reat_seats.png'}]",0,KM,https://www.maplehonda.com/new/inventory/2027-Honda-CR_V-id14439643.html,2027 Honda CR-V LX 4WD at Maple Honda,44078 CAD,New,White,,2213,Maple Honda,+1-905-832-1202,"{addr1: '89 Auto Vaughan Dr.', city: 'Maple', region: 'Ontario', postal_code: 'L6A 4A1', country: 'CA'}",43.8590000000,-79.5370000000,,,,,https://www.maplehonda.com/privacy-policy.html,New,2213,In stock,,44078 CAD,Free,
2HKRS4H25VH101768,2HKRS4H25VH101768,012827-new,Honda,CR-V,LX 4WD,2027,AUTOMATIC,SUV,GASOLINE,,"2027 Honda CR-V LX 4WD, White exterior","[{url:'https://carimages.d2cmedia.ca/newcarimages/en/cb6ac7b4b4bf741/Honda/CR-V/2027/1200/490899-TFggNFdE/white/front45.png'},{url:'https://carimages.d2cmedia.ca/newcarimages/en/cb6ac7b4b4bf741/Honda/CR-V/2027/1280/490899/white/front_45_degree.png'},{url:'https://carimages.d2cmedia.ca/newcarimages/en/cb6ac7b4b4bf741/Honda/CR-V/2027/2100/490899/white/front_45_degree.png'},{url:'https://carimages.d2cmedia.ca/newcarimages/en/cb6ac7b4b4bf741/Honda/CR-V/2027/2100/490899/white/profile.png'},{url:'https://carimages.d2cmedia.ca/newcarimages/en/cb6ac7b4b4bf741/Honda/CR-V/2027/2100/490899/white/back_45_degree.png'},{url:'https://carimages.d2cmedia.ca/newcarimages/en/cb6ac7b4b4bf741/Honda/CR-V/2027/2100/490899/white/driver_dashboard.png'},{url:'https://carimages.d2cmedia.ca/newcarimages/en/cb6ac7b4b4bf741/Honda/CR-V/2027/2100/490899/white/full_dashboard.png'},{url:'https://carimages.d2cmedia.ca/newcarimages/en/cb6ac7b4b4bf741/Honda/CR-V/2027/2100/490899/white/interior_driver_open_seat.png'},{url:'https://carimages.d2cmedia.ca/newcarimages/en/cb6ac7b4b4bf741/Honda/CR-V/2027/2100/490899/white/interior_driver_stereo.png'},{url:'https://carimages.d2cmedia.ca/newcarimages/en/cb6ac7b4b4bf741/Honda/CR-V/2027/2100/490899/white/interior_driver_reat_seats.png'}]",50,KM,https://www.maplehonda.com/new/inventory/2027-Honda-CR_V-id14439646.html,2027 Honda CR-V LX 4WD at Maple Honda,44078 CAD,New,White,,2213,Maple Honda,+1-905-832-1202,"{addr1: '89 Auto Vaughan Dr.', city: 'Maple', region: 'Ontario', postal_code: 'L6A 4A1', country: 'CA'}",43.8590000000,-79.5370000000,,,,,https://www.maplehonda.com/privacy-policy.html,New,2213,In stock,,44078 CAD,Free,
2HKRS4H2XVH102172,2HKRS4H2XVH102172,014827-new,Honda,CR-V,LX 4WD,2027,AUTOMATIC,SUV,GASOLINE,,"2027 Honda CR-V LX 4WD, Black exterior","[{url:'https://carimages.d2cmedia.ca/newcarimages/en/cb6ac7b4b4bf741/Honda/CR-V/2027/1200/490899-TFggNFdE/black/front45.png'},{url:'https://carimages.d2cmedia.ca/newcarimages/en/cb6ac7b4b4bf741/Honda/CR-V/2027/1280/490899/black/front_45_degree.png'},{url:'https://carimages.d2cmedia.ca/newcarimages/en/cb6ac7b4b4bf741/Honda/CR-V/2027/2100/490899/black/front_45_degree.png'},{url:'https://carimages.d2cmedia.ca/newcarimages/en/cb6ac7b4b4bf741/Honda/CR-V/2027/2100/490899/black/profile.png'},{url:'https://carimages.d2cmedia.ca/newcarimages/en/cb6ac7b4b4bf741/Honda/CR-V/2027/2100/490899/black/back_45_degree.png'},{url:'https://carimages.d2cmedia.ca/newcarimages/en/cb6ac7b4b4bf741/Honda/CR-V/2027/2100/490899/black/driver_dashboard.png'},{url:'https://carimages.d2cmedia.ca/newcarimages/en/cb6ac7b4b4bf741/Honda/CR-V/2027/2100/490899/black/full_dashboard.png'},{url:'https://carimages.d2cmedia.ca/newcarimages/en/cb6ac7b4b4bf741/Honda/CR-V/2027/2100/490899/black/interior_driver_open_seat.png'},{url:'https://carimages.d2cmedia.ca/newcarimages/en/cb6ac7b4b4bf741/Honda/CR-V/2027/2100/490899/black/interior_driver_stereo.png'},{url:'https://carimages.d2cmedia.ca/newcarimages/en/cb6ac7b4b4bf741/Honda/CR-V/2027/2100/490899/black/interior_driver_reat_seats.png'}]",50,KM,https://www.maplehonda.com/new/inventory/2027-Honda-CR_V-id14475500.html,2027 Honda CR-V LX 4WD at Maple Honda,44078 CAD,New,Black,,2213,Maple Honda,+1-905-832-1202,"{addr1: '89 Auto Vaughan Dr.', city: 'Maple', region: 'Ontario', postal_code: 'L6A 4A1', country: 'CA'}",43.8590000000,-79.5370000000,,,,,https://www.maplehonda.com/privacy-policy.html,New,2213,In stock,,44078 CAD,Free,
2HKRS4H58TH120631,2HKRS4H58TH120631,162926-new,Honda,CR-V,SPORT 4WD,2026,AUTOMATIC,SUV,GASOLINE,,"2026 Honda CR-V SPORT 4WD, SOLAR REFLECTIO exterior","[{url:'https://imagescdn.d2cmedia.ca/cb6feab654d89c73976977c391472d82e9/2213/14279865/1/Honda-CR_V-2026.jpg'},{url:'https://imagescdn.d2cmedia.ca/s86feab654d89c73976977c391472d82e9/2213/14279865/1/Honda-CR_V-2026.jpg'},{url:'https://imagescdn.d2cmedia.ca/cb6feab654d89c73976977c391472d82e9/2213/14279865/2/Honda-CR_V-2026.jpg'},{url:'https://imagescdn.d2cmedia.ca/cb6feab654d89c73976977c391472d82e9/2213/14279865/3/Honda-CR_V-2026.jpg'},{url:'https://imagescdn.d2cmedia.ca/cb6feab654d89c73976977c391472d82e9/2213/14279865/4/Honda-CR_V-2026.jpg'},{url:'https://imagescdn.d2cmedia.ca/cb6feab654d89c73976977c391472d82e9/2213/14279865/5/Honda-CR_V-2026.jpg'},{url:'https://imagescdn.d2cmedia.ca/cb6feab654d89c73976977c391472d82e9/2213/14279865/6/Honda-CR_V-2026.jpg'},{url:'https://imagescdn.d2cmedia.ca/cb6feab654d89c73976977c391472d82e9/2213/14279865/7/Honda-CR_V-2026.jpg'},{url:'https://imagescdn.d2cmedia.ca/cb6feab654d89c73976977c391472d82e9/2213/14279865/8/Honda-CR_V-2026.jpg'},{url:'https://imagescdn.d2cmedia.ca/cb6feab654d89c73976977c391472d82e9/2213/14279865/9/Honda-CR_V-2026.jpg'}]",0,KM,https://www.maplehonda.com/new/inventory/2026-Honda-CR_V-id14279865.html,2026 Honda CR-V SPORT 4WD at Maple Honda,46628 CAD,New,SOLAR REFLECTIO,,2213,Maple Honda,+1-905-832-1202,"{addr1: '89 Auto Vaughan Dr.', city: 'Maple', region: 'Ontario', postal_code: 'L6A 4A1', country: 'CA'}",43.8590000000,-79.5370000000,,,,,https://www.maplehonda.com/privacy-policy.html,New,2213,In stock,,46628 CAD,Free,
2HKRS4H55VH100484,2HKRS4H55VH100484,007627-new,Honda,CR-V,SPORT 4WD,2027,AUTOMATIC,SUV,GASOLINE,,"2027 Honda CR-V SPORT 4WD, SOLAR REFLECTIO exterior","[{url:'https://carimages.d2cmedia.ca/newcarimages/en/cb6ac7b4b4bf741/Honda/CR-V/2027/1200/490900-U1BPUlQgNFdE/white/front45.png'},{url:'https://carimages.d2cmedia.ca/newcarimages/en/cb6ac7b4b4bf741/Honda/CR-V/2027/1280/490900/SOLAR REFLECTIO/front_45_degree.png'},{url:'https://carimages.d2cmedia.ca/newcarimages/en/cb6ac7b4b4bf741/Honda/CR-V/2027/2100/490900/SOLAR REFLECTIO/front_45_degree.png'},{url:'https://carimages.d2cmedia.ca/newcarimages/en/cb6ac7b4b4bf741/Honda/CR-V/2027/2100/490900/SOLAR REFLECTIO/profile.png'},{url:'https://carimages.d2cmedia.ca/newcarimages/en/cb6ac7b4b4bf741/Honda/CR-V/2027/2100/490900/SOLAR REFLECTIO/back_45_degree.png'},{url:'https://carimages.d2cmedia.ca/newcarimages/en/cb6ac7b4b4bf741/Honda/CR-V/2027/2100/490900/SOLAR REFLECTIO/driver_dashboard.png'},{url:'https://carimages.d2cmedia.ca/newcarimages/en/cb6ac7b4b4bf741/Honda/CR-V/2027/2100/490900/SOLAR REFLECTIO/full_dashboard.png'},{url:'https://carimages.d2cmedia.ca/newcarimages/en/cb6ac7b4b4bf741/Honda/CR-V/2027/2100/490900/SOLAR REFLECTIO/interior_driver_open_seat.png'},{url:'https://carimages.d2cmedia.ca/newcarimages/en/cb6ac7b4b4bf741/Honda/CR-V/2027/2100/490900/SOLAR REFLECTIO/interior_driver_stereo.png'},{url:'https://carimages.d2cmedia.ca/newcarimages/en/cb6ac7b4b4bf741/Honda/CR-V/2027/2100/490900/SOLAR REFLECTIO/interior_driver_reat_seats.png'}]",0,KM,https://www.maplehonda.com/new/inventory/2027-Honda-CR_V-id14334424.html,2027 Honda CR-V SPORT 4WD at Maple Honda,47128 CAD,New,SOLAR REFLECTIO,,2213,Maple Honda,+1-905-832-1202,"{addr1: '89 Auto Vaughan Dr.', city: 'Maple', region: 'Ontario', postal_code: 'L6A 4A1', country: 'CA'}",43.8590000000,-79.5370000000,,,,,https://www.maplehonda.com/privacy-policy.html,New,2213,In stock,,47128 CAD,Free,
2HKRS4H57TH113007,2HKRS4H57TH113007,111726-new,Honda,CR-V,SPORT 4WD,2026,AUTOMATIC,SUV,GASOLINE,,"2026 Honda CR-V SPORT 4WD, Black exterior","[{url:'https://imagescdn.d2cmedia.ca/cba2c7eebd362128ece2cadb7dfda9dcdb/2213/13747087/1/Honda-CR_V-2026.jpg'},{url:'https://imagescdn.d2cmedia.ca/s8a2c7eebd362128ece2cadb7dfda9dcdb/2213/13747087/1/Honda-CR_V-2026.jpg'},{url:'https://imagescdn.d2cmedia.ca/cba2c7eebd362128ece2cadb7dfda9dcdb/2213/13747087/2/Honda-CR_V-2026.jpg'},{url:'https://imagescdn.d2cmedia.ca/cba2c7eebd362128ece2cadb7dfda9dcdb/2213/13747087/3/Honda-CR_V-2026.jpg'},{url:'https://imagescdn.d2cmedia.ca/cba2c7eebd362128ece2cadb7dfda9dcdb/2213/13747087/4/Honda-CR_V-2026.jpg'},{url:'https://imagescdn.d2cmedia.ca/cba2c7eebd362128ece2cadb7dfda9dcdb/2213/13747087/5/Honda-CR_V-2026.jpg'},{url:'https://imagescdn.d2cmedia.ca/cba2c7eebd362128ece2cadb7dfda9dcdb/2213/13747087/6/Honda-CR_V-2026.jpg'},{url:'https://imagescdn.d2cmedia.ca/cba2c7eebd362128ece2cadb7dfda9dcdb/2213/13747087/7/Honda-CR_V-2026.jpg'},{url:'https://imagescdn.d2cmedia.ca/cba2c7eebd362128ece2cadb7dfda9dcdb/2213/13747087/8/Honda-CR_V-2026.jpg'},{url:'https://imagescdn.d2cmedia.ca/cba2c7eebd362128ece2cadb7dfda9dcdb/2213/13747087/9/Honda-CR_V-2026.jpg'}]",0,KM,https://www.maplehonda.com/new/inventory/2026-Honda-CR_V-id13747087.html,2026 Honda CR-V SPORT 4WD at Maple Honda,47161 CAD,New,Black,,2213,Maple Honda,+1-905-832-1202,"{addr1: '89 Auto Vaughan Dr.', city: 'Maple', region: 'Ontario', postal_code: 'L6A 4A1', country: 'CA'}",43.8590000000,-79.5370000000,,,,,https://www.maplehonda.com/privacy-policy.html,New,2213,In stock,,47161 CAD,Free,
2HKRS4H55TH116603,2HKRS4H55TH116603,138926-new,Honda,CR-V,SPORT 4WD,2026,AUTOMATIC,SUV,GASOLINE,,"2026 Honda CR-V SPORT 4WD, Black exterior","[{url:'https://imagescdn.d2cmedia.ca/cb672c213257fe3f75d15a458ff980f59e/2213/14008092/1/Honda-CR_V-2026.jpg'},{url:'https://imagescdn.d2cmedia.ca/s8672c213257fe3f75d15a458ff980f59e/2213/14008092/1/Honda-CR_V-2026.jpg'},{url:'https://imagescdn.d2cmedia.ca/cb672c213257fe3f75d15a458ff980f59e/2213/14008092/2/Honda-CR_V-2026.jpg'},{url:'https://imagescdn.d2cmedia.ca/cb672c213257fe3f75d15a458ff980f59e/2213/14008092/3/Honda-CR_V-2026.jpg'},{url:'https://imagescdn.d2cmedia.ca/cb672c213257fe3f75d15a458ff980f59e/2213/14008092/4/Honda-CR_V-2026.jpg'},{url:'https://imagescdn.d2cmedia.ca/cb672c213257fe3f75d15a458ff980f59e/2213/14008092/5/Honda-CR_V-2026.jpg'},{url:'https://imagescdn.d2cmedia.ca/cb672c213257fe3f75d15a458ff980f59e/2213/14008092/6/Honda-CR_V-2026.jpg'},{url:'https://imagescdn.d2cmedia.ca/cb672c213257fe3f75d15a458ff980f59e/2213/14008092/7/Honda-CR_V-2026.jpg'},{url:'https://imagescdn.d2cmedia.ca/cb672c213257fe3f75d15a458ff980f59e/2213/14008092/8/Honda-CR_V-2026.jpg'},{url:'https://imagescdn.d2cmedia.ca/cb672c213257fe3f75d15a458ff980f59e/2213/14008092/9/Honda-CR_V-2026.jpg'}]",0,KM,https://www.maplehonda.com/new/inventory/2026-Honda-CR_V-id14008092.html,2026 Honda CR-V SPORT 4WD at Maple Honda,47173 CAD,New,Black,,2213,Maple Honda,+1-905-832-1202,"{addr1: '89 Auto Vaughan Dr.', city: 'Maple', region: 'Ontario', postal_code: 'L6A 4A1', country: 'CA'}",43.8590000000,-79.5370000000,,,,,https://www.maplehonda.com/privacy-policy.html,New,2213,In stock,,47173 CAD,Free,
2HKRS4H56TH116948,2HKRS4H56TH116948,139626-new,Honda,CR-V,SPORT 4WD,2026,AUTOMATIC,SUV,GASOLINE,,"2026 Honda CR-V SPORT 4WD, Black exterior","[{url:'https://imagescdn.d2cmedia.ca/cbc5577c6052aa39efbe0c7263111efc6f/2213/14012827/1/Honda-CR_V-2026.jpg'},{url:'https://imagescdn.d2cmedia.ca/s8c5577c6052aa39efbe0c7263111efc6f/2213/14012827/1/Honda-CR_V-2026.jpg'},{url:'https://imagescdn.d2cmedia.ca/cbc5577c6052aa39efbe0c7263111efc6f/2213/14012827/2/Honda-CR_V-2026.jpg'},{url:'https://imagescdn.d2cmedia.ca/cbc5577c6052aa39efbe0c7263111efc6f/2213/14012827/3/Honda-CR_V-2026.jpg'},{url:'https://imagescdn.d2cmedia.ca/cbc5577c6052aa39efbe0c7263111efc6f/2213/14012827/4/Honda-CR_V-2026.jpg'},{url:'https://imagescdn.d2cmedia.ca/cbc5577c6052aa39efbe0c7263111efc6f/2213/14012827/5/Honda-CR_V-2026.jpg'},{url:'https://imagescdn.d2cmedia.ca/cbc5577c6052aa39efbe0c7263111efc6f/2213/14012827/6/Honda-CR_V-2026.jpg'},{url:'https://imagescdn.d2cmedia.ca/cbc5577c6052aa39efbe0c7263111efc6f/2213/14012827/7/Honda-CR_V-2026.jpg'},{url:'https://imagescdn.d2cmedia.ca/cbc5577c6052aa39efbe0c7263111efc6f/2213/14012827/8/Honda-CR_V-2026.jpg'},{url:'https://imagescdn.d2cmedia.ca/cbc5577c6052aa39efbe0c7263111efc6f/2213/14012827/9/Honda-CR_V-2026.jpg'}]",0,KM,https://www.maplehonda.com/new/inventory/2026-Honda-CR_V-id14012827.html,2026 Honda CR-V SPORT 4WD at Maple Honda,47173 CAD,New,Black,,2213,Maple Honda,+1-905-832-1202,"{addr1: '89 Auto Vaughan Dr.', city: 'Maple', region: 'Ontario', postal_code: 'L6A 4A1', country: 'CA'}",43.8590000000,-79.5370000000,,,,,https://www.maplehonda.com/privacy-policy.html,New,2213,In stock,,47173 CAD,Free,
2HKRS4H52TH116994,2HKRS4H52TH116994,139726-new,Honda,CR-V,SPORT 4WD,2026,AUTOMATIC,SUV,GASOLINE,,"2026 Honda CR-V SPORT 4WD, Black exterior","[{url:'https://imagescdn.d2cmedia.ca/cb657bd03d8964a166c1218d696a2c8381/2213/14012828/1/Honda-CR_V-2026.jpg'},{url:'https://imagescdn.d2cmedia.ca/s8657bd03d8964a166c1218d696a2c8381/2213/14012828/1/Honda-CR_V-2026.jpg'},{url:'https://imagescdn.d2cmedia.ca/cb657bd03d8964a166c1218d696a2c8381/2213/14012828/2/Honda-CR_V-2026.jpg'},{url:'https://imagescdn.d2cmedia.ca/cb657bd03d8964a166c1218d696a2c8381/2213/14012828/3/Honda-CR_V-2026.jpg'},{url:'https://imagescdn.d2cmedia.ca/cb657bd03d8964a166c1218d696a2c8381/2213/14012828/4/Honda-CR_V-2026.jpg'},{url:'https://imagescdn.d2cmedia.ca/cb657bd03d8964a166c1218d696a2c8381/2213/14012828/5/Honda-CR_V-2026.jpg'},{url:'https://imagescdn.d2cmedia.ca/cb657bd03d8964a166c1218d696a2c8381/2213/14012828/6/Honda-CR_V-2026.jpg'},{url:'https://imagescdn.d2cmedia.ca/cb657bd03d8964a166c1218d696a2c8381/2213/14012828/7/Honda-CR_V-2026.jpg'},{url:'https://imagescdn.d2cmedia.ca/cb657bd03d8964a166c1218d696a2c8381/2213/14012828/8/Honda-CR_V-2026.jpg'},{url:'https://imagescdn.d2cmedia.ca/cb657bd03d8964a166c1218d696a2c8381/2213/14012828/9/Honda-CR_V-2026.jpg'}]",0,KM,https://www.maplehonda.com/new/inventory/2026-Honda-CR_V-id14012828.html,2026 Honda CR-V SPORT 4WD at Maple Honda,47173 CAD,New,Black,,2213,Maple Honda,+1-905-832-1202,"{addr1: '89 Auto Vaughan Dr.', city: 'Maple', region: 'Ontario', postal_code: 'L6A 4A1', country: 'CA'}",43.8590000000,-79.5370000000,,,,,https://www.maplehonda.com/privacy-policy.html,New,2213,In stock,,47173 CAD,Free,
2HKRS4H59TH117009,2HKRS4H59TH117009,139826-new,Honda,CR-V,SPORT 4WD,2026,AUTOMATIC,SUV,GASOLINE,,"2026 Honda CR-V SPORT 4WD, Black exterior","[{url:'https://imagescdn.d2cmedia.ca/cbda849aea3d7b2582bda54fc2f8b0db40/2213/14012829/1/Honda-CR_V-2026.jpg'},{url:'https://imagescdn.d2cmedia.ca/s8da849aea3d7b2582bda54fc2f8b0db40/2213/14012829/1/Honda-CR_V-2026.jpg'},{url:'https://imagescdn.d2cmedia.ca/cbda849aea3d7b2582bda54fc2f8b0db40/2213/14012829/2/Honda-CR_V-2026.jpg'},{url:'https://imagescdn.d2cmedia.ca/cbda849aea3d7b2582bda54fc2f8b0db40/2213/14012829/3/Honda-CR_V-2026.jpg'},{url:'https://imagescdn.d2cmedia.ca/cbda849aea3d7b2582bda54fc2f8b0db40/2213/14012829/4/Honda-CR_V-2026.jpg'},{url:'https://imagescdn.d2cmedia.ca/cbda849aea3d7b2582bda54fc2f8b0db40/2213/14012829/5/Honda-CR_V-2026.jpg'},{url:'https://imagescdn.d2cmedia.ca/cbda849aea3d7b2582bda54fc2f8b0db40/2213/14012829/6/Honda-CR_V-2026.jpg'},{url:'https://imagescdn.d2cmedia.ca/cbda849aea3d7b2582bda54fc2f8b0db40/2213/14012829/7/Honda-CR_V-2026.jpg'},{url:'https://imagescdn.d2cmedia.ca/cbda849aea3d7b2582bda54fc2f8b0db40/2213/14012829/8/Honda-CR_V-2026.jpg'},{url:'https://imagescdn.d2cmedia.ca/cbda849aea3d7b2582bda54fc2f8b0db40/2213/14012829/9/Honda-CR_V-2026.jpg'}]",0,KM,https://www.maplehonda.com/new/inventory/2026-Honda-CR_V-id14012829.html,2026 Honda CR-V SPORT 4WD at Maple Honda,47173 CAD,New,Black,,2213,Maple Honda,+1-905-832-1202,"{addr1: '89 Auto Vaughan Dr.', city: 'Maple', region: 'Ontario', postal_code: 'L6A 4A1', country: 'CA'}",43.8590000000,-79.5370000000,,,,,https://www.maplehonda.com/privacy-policy.html,New,2213,In stock,,47173 CAD,Free,
2HKRS4H5XTH117021,2HKRS4H5XTH117021,139926-new,Honda,CR-V,SPORT 4WD,2026,AUTOMATIC,SUV,GASOLINE,,"2026 Honda CR-V SPORT 4WD, Black exterior","[{url:'https://imagescdn.d2cmedia.ca/cb7e8ebff24d36b4e8bd9ae2663b854af4/2213/14012830/1/Honda-CR_V-2026.jpg'},{url:'https://imagescdn.d2cmedia.ca/s87e8ebff24d36b4e8bd9ae2663b854af4/2213/14012830/1/Honda-CR_V-2026.jpg'},{url:'https://imagescdn.d2cmedia.ca/cb7e8ebff24d36b4e8bd9ae2663b854af4/2213/14012830/2/Honda-CR_V-2026.jpg'},{url:'https://imagescdn.d2cmedia.ca/cb7e8ebff24d36b4e8bd9ae2663b854af4/2213/14012830/3/Honda-CR_V-2026.jpg'},{url:'https://imagescdn.d2cmedia.ca/cb7e8ebff24d36b4e8bd9ae2663b854af4/2213/14012830/4/Honda-CR_V-2026.jpg'},{url:'https://imagescdn.d2cmedia.ca/cb7e8ebff24d36b4e8bd9ae2663b854af4/2213/14012830/5/Honda-CR_V-2026.jpg'},{url:'https://imagescdn.d2cmedia.ca/cb7e8ebff24d36b4e8bd9ae2663b854af4/2213/14012830/6/Honda-CR_V-2026.jpg'},{url:'https://imagescdn.d2cmedia.ca/cb7e8ebff24d36b4e8bd9ae2663b854af4/2213/14012830/7/Honda-CR_V-2026.jpg'},{url:'https://imagescdn.d2cmedia.ca/cb7e8ebff24d36b4e8bd9ae2663b854af4/2213/14012830/8/Honda-CR_V-2026.jpg'},{url:'https://imagescdn.d2cmedia.ca/cb7e8ebff24d36b4e8bd9ae2663b854af4/2213/14012830/9/Honda-CR_V-2026.jpg'}]",0,KM,https://www.maplehonda.com/new/inventory/2026-Honda-CR_V-id14012830.html,2026 Honda CR-V SPORT 4WD at Maple Honda,47173 CAD,New,Black,,2213,Maple Honda,+1-905-832-1202,"{addr1: '89 Auto Vaughan Dr.', city: 'Maple', region: 'Ontario', postal_code: 'L6A 4A1', country: 'CA'}",43.8590000000,-79.5370000000,,,,,https://www.maplehonda.com/privacy-policy.html,New,2213,In stock,,47173 CAD,Free,
2HKRS4H56TH116626,2HKRS4H56TH116626,140026-new,Honda,CR-V,SPORT 4WD,2026,AUTOMATIC,SUV,GASOLINE,,"2026 Honda CR-V SPORT 4WD, Black exterior","[{url:'https://imagescdn.d2cmedia.ca/cb772f2c921bf8f991fdbb77c300432e13/2213/14012831/1/Honda-CR_V-2026.jpg'},{url:'https://imagescdn.d2cmedia.ca/s8772f2c921bf8f991fdbb77c300432e13/2213/14012831/1/Honda-CR_V-2026.jpg'},{url:'https://imagescdn.d2cmedia.ca/cb772f2c921bf8f991fdbb77c300432e13/2213/14012831/2/Honda-CR_V-2026.jpg'},{url:'https://imagescdn.d2cmedia.ca/cb772f2c921bf8f991fdbb77c300432e13/2213/14012831/3/Honda-CR_V-2026.jpg'},{url:'https://imagescdn.d2cmedia.ca/cb772f2c921bf8f991fdbb77c300432e13/2213/14012831/4/Honda-CR_V-2026.jpg'},{url:'https://imagescdn.d2cmedia.ca/cb772f2c921bf8f991fdbb77c300432e13/2213/14012831/5/Honda-CR_V-2026.jpg'},{url:'https://imagescdn.d2cmedia.ca/cb772f2c921bf8f991fdbb77c300432e13/2213/14012831/6/Honda-CR_V-2026.jpg'},{url:'https://imagescdn.d2cmedia.ca/cb772f2c921bf8f991fdbb77c300432e13/2213/14012831/7/Honda-CR_V-2026.jpg'},{url:'https://imagescdn.d2cmedia.ca/cb772f2c921bf8f991fdbb77c300432e13/2213/14012831/8/Honda-CR_V-2026.jpg'},{url:'https://imagescdn.d2cmedia.ca/cb772f2c921bf8f991fdbb77c300432e13/2213/14012831/9/Honda-CR_V-2026.jpg'}]",0,KM,https://www.maplehonda.com/new/inventory/2026-Honda-CR_V-id14012831.html,2026 Honda CR-V SPORT 4WD at Maple Honda,47173 CAD,New,Black,,2213,Maple Honda,+1-905-832-1202,"{addr1: '89 Auto Vaughan Dr.', city: 'Maple', region: 'Ontario', postal_code: 'L6A 4A1', country: 'CA'}",43.8590000000,-79.5370000000,,,,,https://www.maplehonda.com/privacy-policy.html,New,2213,In stock,,47173 CAD,Free,
2HKRS4H58TH117387,2HKRS4H58TH117387,146526-new,Honda,CR-V,SPORT 4WD,2026,AUTOMATIC,SUV,GASOLINE,,"2026 Honda CR-V SPORT 4WD, White exterior","[{url:'https://imagescdn.d2cmedia.ca/cb34464b6320a47ffaacdd9a3adcaff68f/2213/14093215/1/Honda-CR_V-2026.jpg'},{url:'https://imagescdn.d2cmedia.ca/s834464b6320a47ffaacdd9a3adcaff68f/2213/14093215/1/Honda-CR_V-2026.jpg'},{url:'https://imagescdn.d2cmedia.ca/cb34464b6320a47ffaacdd9a3adcaff68f/2213/14093215/2/Honda-CR_V-2026.jpg'},{url:'https://imagescdn.d2cmedia.ca/cb34464b6320a47ffaacdd9a3adcaff68f/2213/14093215/3/Honda-CR_V-2026.jpg'},{url:'https://imagescdn.d2cmedia.ca/cb34464b6320a47ffaacdd9a3adcaff68f/2213/14093215/4/Honda-CR_V-2026.jpg'},{url:'https://imagescdn.d2cmedia.ca/cb34464b6320a47ffaacdd9a3adcaff68f/2213/14093215/5/Honda-CR_V-2026.jpg'},{url:'https://imagescdn.d2cmedia.ca/cb34464b6320a47ffaacdd9a3adcaff68f/2213/14093215/6/Honda-CR_V-2026.jpg'},{url:'https://imagescdn.d2cmedia.ca/cb34464b6320a47ffaacdd9a3adcaff68f/2213/14093215/7/Honda-CR_V-2026.jpg'},{url:'https://imagescdn.d2cmedia.ca/cb34464b6320a47ffaacdd9a3adcaff68f/2213/14093215/8/Honda-CR_V-2026.jpg'},{url:'https://imagescdn.d2cmedia.ca/cb34464b6320a47ffaacdd9a3adcaff68f/2213/14093215/9/Honda-CR_V-2026.jpg'}]",0,KM,https://www.maplehonda.com/new/inventory/2026-Honda-CR_V-id14093215.html,2026 Honda CR-V SPORT 4WD at Maple Honda,47173 CAD,New,White,,2213,Maple Honda,+1-905-832-1202,"{addr1: '89 Auto Vaughan Dr.', city: 'Maple', region: 'Ontario', postal_code: 'L6A 4A1', country: 'CA'}",43.8590000000,-79.5370000000,,,,,https://www.maplehonda.com/privacy-policy.html,New,2213,In stock,,47173 CAD,Free,
2HKRS4H56TH118960,2HKRS4H56TH118960,152326-new,Honda,CR-V,SPORT 4WD,2026,AUTOMATIC,SUV,GASOLINE,,"2026 Honda CR-V SPORT 4WD, Black exterior","[{url:'https://imagescdn.d2cmedia.ca/cb5f617463892f751e076a2704a54884f5/2213/14184298/1/Honda-CR_V-2026.jpg'},{url:'https://imagescdn.d2cmedia.ca/s85f617463892f751e076a2704a54884f5/2213/14184298/1/Honda-CR_V-2026.jpg'},{url:'https://imagescdn.d2cmedia.ca/cb5f617463892f751e076a2704a54884f5/2213/14184298/2/Honda-CR_V-2026.jpg'},{url:'https://imagescdn.d2cmedia.ca/cb5f617463892f751e076a2704a54884f5/2213/14184298/3/Honda-CR_V-2026.jpg'},{url:'https://imagescdn.d2cmedia.ca/cb5f617463892f751e076a2704a54884f5/2213/14184298/4/Honda-CR_V-2026.jpg'},{url:'https://imagescdn.d2cmedia.ca/cb5f617463892f751e076a2704a54884f5/2213/14184298/5/Honda-CR_V-2026.jpg'},{url:'https://imagescdn.d2cmedia.ca/cb5f617463892f751e076a2704a54884f5/2213/14184298/6/Honda-CR_V-2026.jpg'},{url:'https://imagescdn.d2cmedia.ca/cb5f617463892f751e076a2704a54884f5/2213/14184298/7/Honda-CR_V-2026.jpg'},{url:'https://imagescdn.d2cmedia.ca/cb5f617463892f751e076a2704a54884f5/2213/14184298/8/Honda-CR_V-2026.jpg'},{url:'https://imagescdn.d2cmedia.ca/cb5f617463892f751e076a2704a54884f5/2213/14184298/9/Honda-CR_V-2026.jpg'}]",0,KM,https://www.maplehonda.com/new/inventory/2026-Honda-CR_V-id14184298.html,2026 Honda CR-V SPORT 4WD at Maple Honda,47173 CAD,New,Black,,2213,Maple Honda,+1-905-832-1202,"{addr1: '89 Auto Vaughan Dr.', city: 'Maple', region: 'Ontario', postal_code: 'L6A 4A1', country: 'CA'}",43.8590000000,-79.5370000000,,,,,https://www.maplehonda.com/privacy-policy.html,New,2213,In stock,,47173 CAD,Free,
2HKRS4H50TH118937,2HKRS4H50TH118937,152526-new,Honda,CR-V,SPORT 4WD,2026,AUTOMATIC,SUV,GASOLINE,,"2026 Honda CR-V SPORT 4WD, Black exterior","[{url:'https://imagescdn.d2cmedia.ca/cbfaf25ca5f7cf3b29d12b98920cb3efb4/2213/14184300/1/Honda-CR_V-2026.jpg'},{url:'https://imagescdn.d2cmedia.ca/s8faf25ca5f7cf3b29d12b98920cb3efb4/2213/14184300/1/Honda-CR_V-2026.jpg'},{url:'https://imagescdn.d2cmedia.ca/cbfaf25ca5f7cf3b29d12b98920cb3efb4/2213/14184300/2/Honda-CR_V-2026.jpg'},{url:'https://imagescdn.d2cmedia.ca/cbfaf25ca5f7cf3b29d12b98920cb3efb4/2213/14184300/3/Honda-CR_V-2026.jpg'},{url:'https://imagescdn.d2cmedia.ca/cbfaf25ca5f7cf3b29d12b98920cb3efb4/2213/14184300/4/Honda-CR_V-2026.jpg'},{url:'https://imagescdn.d2cmedia.ca/cbfaf25ca5f7cf3b29d12b98920cb3efb4/2213/14184300/5/Honda-CR_V-2026.jpg'},{url:'https://imagescdn.d2cmedia.ca/cbfaf25ca5f7cf3b29d12b98920cb3efb4/2213/14184300/6/Honda-CR_V-2026.jpg'},{url:'https://imagescdn.d2cmedia.ca/cbfaf25ca5f7cf3b29d12b98920cb3efb4/2213/14184300/7/Honda-CR_V-2026.jpg'},{url:'https://imagescdn.d2cmedia.ca/cbfaf25ca5f7cf3b29d12b98920cb3efb4/2213/14184300/8/Honda-CR_V-2026.jpg'},{url:'https://imagescdn.d2cmedia.ca/cbfaf25ca5f7cf3b29d12b98920cb3efb4/2213/14184300/9/Honda-CR_V-2026.jpg'}]",0,KM,https://www.maplehonda.com/new/inventory/2026-Honda-CR_V-id14184300.html,2026 Honda CR-V SPORT 4WD at Maple Honda,47173 CAD,New,Black,,2213,Maple Honda,+1-905-832-1202,"{addr1: '89 Auto Vaughan Dr.', city: 'Maple', region: 'Ontario', postal_code: 'L6A 4A1', country: 'CA'}",43.8590000000,-79.5370000000,,,,,https://www.maplehonda.com/privacy-policy.html,New,2213,In stock,,47173 CAD,Free,
2HKRS4H58TH119057,2HKRS4H58TH119057,152626-new,Honda,CR-V,SPORT 4WD,2026,AUTOMATIC,SUV,GASOLINE,,"2026 Honda CR-V SPORT 4WD, White exterior","[{url:'https://imagescdn.d2cmedia.ca/cbb9800cfac65d0424a508cc8a6f38501c/2213/14189682/1/Honda-CR_V-2026.jpg'},{url:'https://imagescdn.d2cmedia.ca/s8b9800cfac65d0424a508cc8a6f38501c/2213/14189682/1/Honda-CR_V-2026.jpg'},{url:'https://imagescdn.d2cmedia.ca/cbb9800cfac65d0424a508cc8a6f38501c/2213/14189682/2/Honda-CR_V-2026.jpg'},{url:'https://imagescdn.d2cmedia.ca/cbb9800cfac65d0424a508cc8a6f38501c/2213/14189682/3/Honda-CR_V-2026.jpg'},{url:'https://imagescdn.d2cmedia.ca/cbb9800cfac65d0424a508cc8a6f38501c/2213/14189682/4/Honda-CR_V-2026.jpg'},{url:'https://imagescdn.d2cmedia.ca/cbb9800cfac65d0424a508cc8a6f38501c/2213/14189682/5/Honda-CR_V-2026.jpg'},{url:'https://imagescdn.d2cmedia.ca/cbb9800cfac65d0424a508cc8a6f38501c/2213/14189682/6/Honda-CR_V-2026.jpg'},{url:'https://imagescdn.d2cmedia.ca/cbb9800cfac65d0424a508cc8a6f38501c/2213/14189682/7/Honda-CR_V-2026.jpg'},{url:'https://imagescdn.d2cmedia.ca/cbb9800cfac65d0424a508cc8a6f38501c/2213/14189682/8/Honda-CR_V-2026.jpg'},{url:'https://imagescdn.d2cmedia.ca/cbb9800cfac65d0424a508cc8a6f38501c/2213/14189682/9/Honda-CR_V-2026.jpg'}]",0,KM,https://www.maplehonda.com/new/inventory/2026-Honda-CR_V-id14189682.html,2026 Honda CR-V SPORT 4WD at Maple Honda,47173 CAD,New,White,,2213,Maple Honda,+1-905-832-1202,"{addr1: '89 Auto Vaughan Dr.', city: 'Maple', region: 'Ontario', postal_code: 'L6A 4A1', country: 'CA'}",43.8590000000,-79.5370000000,,,,,https://www.maplehonda.com/privacy-policy.html,New,2213,In stock,,47173 CAD,Free,
2HKRS4H59TH119178,2HKRS4H59TH119178,152926-new,Honda,CR-V,SPORT 4WD,2026,AUTOMATIC,SUV,GASOLINE,,"2026 Honda CR-V SPORT 4WD, Grey exterior","[{url:'https://carimages.d2cmedia.ca/newcarimages/en/cb6ac7b4b4bf741/Honda/CR-V/2026/1200/477735-U1BPUlQgNFdE/Gray/front45.png'},{url:'https://carimages.d2cmedia.ca/newcarimages/en/cb6ac7b4b4bf741/Honda/CR-V/2026/1280/477735/grey/front_45_degree.png'},{url:'https://carimages.d2cmedia.ca/newcarimages/en/cb6ac7b4b4bf741/Honda/CR-V/2026/2100/477735/grey/front_45_degree.png'},{url:'https://carimages.d2cmedia.ca/newcarimages/en/cb6ac7b4b4bf741/Honda/CR-V/2026/2100/477735/grey/profile.png'},{url:'https://carimages.d2cmedia.ca/newcarimages/en/cb6ac7b4b4bf741/Honda/CR-V/2026/2100/477735/grey/back_45_degree.png'},{url:'https://carimages.d2cmedia.ca/newcarimages/en/cb6ac7b4b4bf741/Honda/CR-V/2026/2100/477735/grey/driver_dashboard.png'},{url:'https://carimages.d2cmedia.ca/newcarimages/en/cb6ac7b4b4bf741/Honda/CR-V/2026/2100/477735/grey/full_dashboard.png'},{url:'https://carimages.d2cmedia.ca/newcarimages/en/cb6ac7b4b4bf741/Honda/CR-V/2026/2100/477735/grey/interior_driver_open_seat.png'},{url:'https://carimages.d2cmedia.ca/newcarimages/en/cb6ac7b4b4bf741/Honda/CR-V/2026/2100/477735/grey/interior_driver_stereo.png'},{url:'https://carimages.d2cmedia.ca/newcarimages/en/cb6ac7b4b4bf741/Honda/CR-V/2026/2100/477735/grey/interior_driver_reat_seats.png'}]",0,KM,https://www.maplehonda.com/new/inventory/2026-Honda-CR_V-id14189685.html,2026 Honda CR-V SPORT 4WD at Maple Honda,47173 CAD,New,Grey,,2213,Maple Honda,+1-905-832-1202,"{addr1: '89 Auto Vaughan Dr.', city: 'Maple', region: 'Ontario', postal_code: 'L6A 4A1', country: 'CA'}",43.8590000000,-79.5370000000,,,,,https://www.maplehonda.com/privacy-policy.html,New,2213,In stock,,47173 CAD,Free,
2HKRS4H57TH119177,2HKRS4H57TH119177,153026-new,Honda,CR-V,SPORT 4WD,2026,AUTOMATIC,SUV,GASOLINE,,"2026 Honda CR-V SPORT 4WD, Grey exterior","[{url:'https://carimages.d2cmedia.ca/newcarimages/en/cb6ac7b4b4bf741/Honda/CR-V/2026/1200/477735-U1BPUlQgNFdE/Gray/front45.png'},{url:'https://carimages.d2cmedia.ca/newcarimages/en/cb6ac7b4b4bf741/Honda/CR-V/2026/1280/477735/grey/front_45_degree.png'},{url:'https://carimages.d2cmedia.ca/newcarimages/en/cb6ac7b4b4bf741/Honda/CR-V/2026/2100/477735/grey/front_45_degree.png'},{url:'https://carimages.d2cmedia.ca/newcarimages/en/cb6ac7b4b4bf741/Honda/CR-V/2026/2100/477735/grey/profile.png'},{url:'https://carimages.d2cmedia.ca/newcarimages/en/cb6ac7b4b4bf741/Honda/CR-V/2026/2100/477735/grey/back_45_degree.png'},{url:'https://carimages.d2cmedia.ca/newcarimages/en/cb6ac7b4b4bf741/Honda/CR-V/2026/2100/477735/grey/driver_dashboard.png'},{url:'https://carimages.d2cmedia.ca/newcarimages/en/cb6ac7b4b4bf741/Honda/CR-V/2026/2100/477735/grey/full_dashboard.png'},{url:'https://carimages.d2cmedia.ca/newcarimages/en/cb6ac7b4b4bf741/Honda/CR-V/2026/2100/477735/grey/interior_driver_open_seat.png'},{url:'https://carimages.d2cmedia.ca/newcarimages/en/cb6ac7b4b4bf741/Honda/CR-V/2026/2100/477735/grey/interior_driver_stereo.png'},{url:'https://carimages.d2cmedia.ca/newcarimages/en/cb6ac7b4b4bf741/Honda/CR-V/2026/2100/477735/grey/interior_driver_reat_seats.png'}]",0,KM,https://www.maplehonda.com/new/inventory/2026-Honda-CR_V-id14189686.html,2026 Honda CR-V SPORT 4WD at Maple Honda,47173 CAD,New,Grey,,2213,Maple Honda,+1-905-832-1202,"{addr1: '89 Auto Vaughan Dr.', city: 'Maple', region: 'Ontario', postal_code: 'L6A 4A1', country: 'CA'}",43.8590000000,-79.5370000000,,,,,https://www.maplehonda.com/privacy-policy.html,New,2213,In stock,,47173 CAD,Free,
2HKRS4H50TH119179,2HKRS4H50TH119179,153126-new,Honda,CR-V,SPORT 4WD,2026,AUTOMATIC,SUV,GASOLINE,,"2026 Honda CR-V SPORT 4WD, Grey exterior","[{url:'https://carimages.d2cmedia.ca/newcarimages/en/cb6ac7b4b4bf741/Honda/CR-V/2026/1200/477735-U1BPUlQgNFdE/Gray/front45.png'},{url:'https://carimages.d2cmedia.ca/newcarimages/en/cb6ac7b4b4bf741/Honda/CR-V/2026/1280/477735/grey/front_45_degree.png'},{url:'https://carimages.d2cmedia.ca/newcarimages/en/cb6ac7b4b4bf741/Honda/CR-V/2026/2100/477735/grey/front_45_degree.png'},{url:'https://carimages.d2cmedia.ca/newcarimages/en/cb6ac7b4b4bf741/Honda/CR-V/2026/2100/477735/grey/profile.png'},{url:'https://carimages.d2cmedia.ca/newcarimages/en/cb6ac7b4b4bf741/Honda/CR-V/2026/2100/477735/grey/back_45_degree.png'},{url:'https://carimages.d2cmedia.ca/newcarimages/en/cb6ac7b4b4bf741/Honda/CR-V/2026/2100/477735/grey/driver_dashboard.png'},{url:'https://carimages.d2cmedia.ca/newcarimages/en/cb6ac7b4b4bf741/Honda/CR-V/2026/2100/477735/grey/full_dashboard.png'},{url:'https://carimages.d2cmedia.ca/newcarimages/en/cb6ac7b4b4bf741/Honda/CR-V/2026/2100/477735/grey/interior_driver_open_seat.png'},{url:'https://carimages.d2cmedia.ca/newcarimages/en/cb6ac7b4b4bf741/Honda/CR-V/2026/2100/477735/grey/interior_driver_stereo.png'},{url:'https://carimages.d2cmedia.ca/newcarimages/en/cb6ac7b4b4bf741/Honda/CR-V/2026/2100/477735/grey/interior_driver_reat_seats.png'}]",0,KM,https://www.maplehonda.com/new/inventory/2026-Honda-CR_V-id14189687.html,2026 Honda CR-V SPORT 4WD at Maple Honda,47173 CAD,New,Grey,,2213,Maple Honda,+1-905-832-1202,"{addr1: '89 Auto Vaughan Dr.', city: 'Maple', region: 'Ontario', postal_code: 'L6A 4A1', country: 'CA'}",43.8590000000,-79.5370000000,,,,,https://www.maplehonda.com/privacy-policy.html,New,2213,In stock,,47173 CAD,Free,
2HKRS4H54TH118889,2HKRS4H54TH118889,153326-new,Honda,CR-V,SPORT 4WD,2026,AUTOMATIC,SUV,GASOLINE,,"2026 Honda CR-V SPORT 4WD, Black exterior","[{url:'https://imagescdn.d2cmedia.ca/cb0e3b6bd2dc0a9aea99a6eb9e237a9f42/2213/14189689/1/Honda-CR_V-2026.jpg'},{url:'https://imagescdn.d2cmedia.ca/s80e3b6bd2dc0a9aea99a6eb9e237a9f42/2213/14189689/1/Honda-CR_V-2026.jpg'},{url:'https://imagescdn.d2cmedia.ca/cb0e3b6bd2dc0a9aea99a6eb9e237a9f42/2213/14189689/2/Honda-CR_V-2026.jpg'},{url:'https://imagescdn.d2cmedia.ca/cb0e3b6bd2dc0a9aea99a6eb9e237a9f42/2213/14189689/3/Honda-CR_V-2026.jpg'},{url:'https://imagescdn.d2cmedia.ca/cb0e3b6bd2dc0a9aea99a6eb9e237a9f42/2213/14189689/4/Honda-CR_V-2026.jpg'},{url:'https://imagescdn.d2cmedia.ca/cb0e3b6bd2dc0a9aea99a6eb9e237a9f42/2213/14189689/5/Honda-CR_V-2026.jpg'},{url:'https://imagescdn.d2cmedia.ca/cb0e3b6bd2dc0a9aea99a6eb9e237a9f42/2213/14189689/6/Honda-CR_V-2026.jpg'},{url:'https://imagescdn.d2cmedia.ca/cb0e3b6bd2dc0a9aea99a6eb9e237a9f42/2213/14189689/7/Honda-CR_V-2026.jpg'},{url:'https://imagescdn.d2cmedia.ca/cb0e3b6bd2dc0a9aea99a6eb9e237a9f42/2213/14189689/8/Honda-CR_V-2026.jpg'},{url:'https://imagescdn.d2cmedia.ca/cb0e3b6bd2dc0a9aea99a6eb9e237a9f42/2213/14189689/9/Honda-CR_V-2026.jpg'}]",0,KM,https://www.maplehonda.com/new/inventory/2026-Honda-CR_V-id14189689.html,2026 Honda CR-V SPORT 4WD at Maple Honda,47173 CAD,New,Black,,2213,Maple Honda,+1-905-832-1202,"{addr1: '89 Auto Vaughan Dr.', city: 'Maple', region: 'Ontario', postal_code: 'L6A 4A1', country: 'CA'}",43.8590000000,-79.5370000000,,,,,https://www.maplehonda.com/privacy-policy.html,New,2213,In stock,,47173 CAD,Free,
2HKRS4H51TH117392,2HKRS4H51TH117392,147126-new,Honda,CR-V,SPORT 4WD,2026,AUTOMATIC,SUV,GASOLINE,,"2026 Honda CR-V SPORT 4WD, White exterior","[{url:'https://imagescdn.d2cmedia.ca/cb385e5de4e8074d29ce9f6bce504b705e/2213/14093220/1/Honda-CR_V-2026.jpg'},{url:'https://imagescdn.d2cmedia.ca/s8385e5de4e8074d29ce9f6bce504b705e/2213/14093220/1/Honda-CR_V-2026.jpg'},{url:'https://imagescdn.d2cmedia.ca/cb385e5de4e8074d29ce9f6bce504b705e/2213/14093220/2/Honda-CR_V-2026.jpg'},{url:'https://imagescdn.d2cmedia.ca/cb385e5de4e8074d29ce9f6bce504b705e/2213/14093220/3/Honda-CR_V-2026.jpg'},{url:'https://imagescdn.d2cmedia.ca/cb385e5de4e8074d29ce9f6bce504b705e/2213/14093220/4/Honda-CR_V-2026.jpg'},{url:'https://imagescdn.d2cmedia.ca/cb385e5de4e8074d29ce9f6bce504b705e/2213/14093220/5/Honda-CR_V-2026.jpg'},{url:'https://imagescdn.d2cmedia.ca/cb385e5de4e8074d29ce9f6bce504b705e/2213/14093220/6/Honda-CR_V-2026.jpg'},{url:'https://imagescdn.d2cmedia.ca/cb385e5de4e8074d29ce9f6bce504b705e/2213/14093220/7/Honda-CR_V-2026.jpg'},{url:'https://imagescdn.d2cmedia.ca/cb385e5de4e8074d29ce9f6bce504b705e/2213/14093220/8/Honda-CR_V-2026.jpg'},{url:'https://imagescdn.d2cmedia.ca/cb385e5de4e8074d29ce9f6bce504b705e/2213/14093220/9/Honda-CR_V-2026.jpg'}]",50,KM,https://www.maplehonda.com/new/inventory/2026-Honda-CR_V-id14093220.html,2026 Honda CR-V SPORT 4WD at Maple Honda,47173 CAD,New,White,,2213,Maple Honda,+1-905-832-1202,"{addr1: '89 Auto Vaughan Dr.', city: 'Maple', region: 'Ontario', postal_code: 'L6A 4A1', country: 'CA'}",43.8590000000,-79.5370000000,,,,,https://www.maplehonda.com/privacy-policy.html,New,2213,In stock,,47173 CAD,Free,
2HKRS4H57TH117395,2HKRS4H57TH117395,147226-new,Honda,CR-V,SPORT 4WD,2026,AUTOMATIC,SUV,GASOLINE,,"2026 Honda CR-V SPORT 4WD, White exterior","[{url:'https://imagescdn.d2cmedia.ca/cb22faedde2cf24afac839a5a993bdc367/2213/14093221/1/Honda-CR_V-2026.jpg'},{url:'https://imagescdn.d2cmedia.ca/s822faedde2cf24afac839a5a993bdc367/2213/14093221/1/Honda-CR_V-2026.jpg'},{url:'https://imagescdn.d2cmedia.ca/cb22faedde2cf24afac839a5a993bdc367/2213/14093221/2/Honda-CR_V-2026.jpg'},{url:'https://imagescdn.d2cmedia.ca/cb22faedde2cf24afac839a5a993bdc367/2213/14093221/3/Honda-CR_V-2026.jpg'},{url:'https://imagescdn.d2cmedia.ca/cb22faedde2cf24afac839a5a993bdc367/2213/14093221/4/Honda-CR_V-2026.jpg'},{url:'https://imagescdn.d2cmedia.ca/cb22faedde2cf24afac839a5a993bdc367/2213/14093221/5/Honda-CR_V-2026.jpg'},{url:'https://imagescdn.d2cmedia.ca/cb22faedde2cf24afac839a5a993bdc367/2213/14093221/6/Honda-CR_V-2026.jpg'},{url:'https://imagescdn.d2cmedia.ca/cb22faedde2cf24afac839a5a993bdc367/2213/14093221/7/Honda-CR_V-2026.jpg'},{url:'https://imagescdn.d2cmedia.ca/cb22faedde2cf24afac839a5a993bdc367/2213/14093221/8/Honda-CR_V-2026.jpg'},{url:'https://imagescdn.d2cmedia.ca/cb22faedde2cf24afac839a5a993bdc367/2213/14093221/9/Honda-CR_V-2026.jpg'}]",50,KM,https://www.maplehonda.com/new/inventory/2026-Honda-CR_V-id14093221.html,2026 Honda CR-V SPORT 4WD at Maple Honda,47173 CAD,New,White,,2213,Maple Honda,+1-905-832-1202,"{addr1: '89 Auto Vaughan Dr.', city: 'Maple', region: 'Ontario', postal_code: 'L6A 4A1', country: 'CA'}",43.8590000000,-79.5370000000,,,,,https://www.maplehonda.com/privacy-policy.html,New,2213,In stock,,47173 CAD,Free,
2HKRS4H5XTH119058,2HKRS4H5XTH119058,153926-new,Honda,CR-V,SPORT 4WD,2026,AUTOMATIC,SUV,GASOLINE,,"2026 Honda CR-V SPORT 4WD, White exterior","[{url:'https://imagescdn.d2cmedia.ca/cb151107d5c3419d6c35911951979fef76/2213/14200317/1/Honda-CR_V-2026.jpg'},{url:'https://imagescdn.d2cmedia.ca/s8151107d5c3419d6c35911951979fef76/2213/14200317/1/Honda-CR_V-2026.jpg'},{url:'https://imagescdn.d2cmedia.ca/cb151107d5c3419d6c35911951979fef76/2213/14200317/2/Honda-CR_V-2026.jpg'},{url:'https://imagescdn.d2cmedia.ca/cb151107d5c3419d6c35911951979fef76/2213/14200317/3/Honda-CR_V-2026.jpg'},{url:'https://imagescdn.d2cmedia.ca/cb151107d5c3419d6c35911951979fef76/2213/14200317/4/Honda-CR_V-2026.jpg'},{url:'https://imagescdn.d2cmedia.ca/cb151107d5c3419d6c35911951979fef76/2213/14200317/5/Honda-CR_V-2026.jpg'},{url:'https://imagescdn.d2cmedia.ca/cb151107d5c3419d6c35911951979fef76/2213/14200317/6/Honda-CR_V-2026.jpg'},{url:'https://imagescdn.d2cmedia.ca/cb151107d5c3419d6c35911951979fef76/2213/14200317/7/Honda-CR_V-2026.jpg'},{url:'https://imagescdn.d2cmedia.ca/cb151107d5c3419d6c35911951979fef76/2213/14200317/8/Honda-CR_V-2026.jpg'},{url:'https://imagescdn.d2cmedia.ca/cb151107d5c3419d6c35911951979fef76/2213/14200317/9/Honda-CR_V-2026.jpg'}]",0,KM,https://www.maplehonda.com/new/inventory/2026-Honda-CR_V-id14200317.html,2026 Honda CR-V SPORT 4WD at Maple Honda,47178 CAD,New,White,,2213,Maple Honda,+1-905-832-1202,"{addr1: '89 Auto Vaughan Dr.', city: 'Maple', region: 'Ontario', postal_code: 'L6A 4A1', country: 'CA'}",43.8590000000,-79.5370000000,,,,,https://www.maplehonda.com/privacy-policy.html,New,2213,In stock,,47178 CAD,Free,
2HKRS4H56TH119512,2HKRS4H56TH119512,157926-new,Honda,CR-V,SPORT 4WD,2026,AUTOMATIC,SUV,GASOLINE,,"2026 Honda CR-V SPORT 4WD, Grey exterior","[{url:'https://carimages.d2cmedia.ca/newcarimages/en/cb6ac7b4b4bf741/Honda/CR-V/2026/1200/477735-U1BPUlQgNFdE/Gray/front45.png'},{url:'https://carimages.d2cmedia.ca/newcarimages/en/cb6ac7b4b4bf741/Honda/CR-V/2026/1280/477735/grey/front_45_degree.png'},{url:'https://carimages.d2cmedia.ca/newcarimages/en/cb6ac7b4b4bf741/Honda/CR-V/2026/2100/477735/grey/front_45_degree.png'},{url:'https://carimages.d2cmedia.ca/newcarimages/en/cb6ac7b4b4bf741/Honda/CR-V/2026/2100/477735/grey/profile.png'},{url:'https://carimages.d2cmedia.ca/newcarimages/en/cb6ac7b4b4bf741/Honda/CR-V/2026/2100/477735/grey/back_45_degree.png'},{url:'https://carimages.d2cmedia.ca/newcarimages/en/cb6ac7b4b4bf741/Honda/CR-V/2026/2100/477735/grey/driver_dashboard.png'},{url:'https://carimages.d2cmedia.ca/newcarimages/en/cb6ac7b4b4bf741/Honda/CR-V/2026/2100/477735/grey/full_dashboard.png'},{url:'https://carimages.d2cmedia.ca/newcarimages/en/cb6ac7b4b4bf741/Honda/CR-V/2026/2100/477735/grey/interior_driver_open_seat.png'},{url:'https://carimages.d2cmedia.ca/newcarimages/en/cb6ac7b4b4bf741/Honda/CR-V/2026/2100/477735/grey/interior_driver_stereo.png'},{url:'https://carimages.d2cmedia.ca/newcarimages/en/cb6ac7b4b4bf741/Honda/CR-V/2026/2100/477735/grey/interior_driver_reat_seats.png'}]",0,KM,https://www.maplehonda.com/new/inventory/2026-Honda-CR_V-id14211030.html,2026 Honda CR-V SPORT 4WD at Maple Honda,47178 CAD,New,Grey,,2213,Maple Honda,+1-905-832-1202,"{addr1: '89 Auto Vaughan Dr.', city: 'Maple', region: 'Ontario', postal_code: 'L6A 4A1', country: 'CA'}",43.8590000000,-79.5370000000,,,,,https://www.maplehonda.com/privacy-policy.html,New,2213,In stock,,47178 CAD,Free,
2HKRS4H52TH120026,2HKRS4H52TH120026,160626-new,Honda,CR-V,SPORT 4WD,2026,AUTOMATIC,SUV,GASOLINE,,"2026 Honda CR-V SPORT 4WD, White exterior","[{url:'https://imagescdn.d2cmedia.ca/cb756ebf40660646ac45d6efb1e5663543/2213/14237372/1/Honda-CR_V-2026.jpg'},{url:'https://imagescdn.d2cmedia.ca/s8756ebf40660646ac45d6efb1e5663543/2213/14237372/1/Honda-CR_V-2026.jpg'},{url:'https://imagescdn.d2cmedia.ca/cb756ebf40660646ac45d6efb1e5663543/2213/14237372/2/Honda-CR_V-2026.jpg'},{url:'https://imagescdn.d2cmedia.ca/cb756ebf40660646ac45d6efb1e5663543/2213/14237372/3/Honda-CR_V-2026.jpg'},{url:'https://imagescdn.d2cmedia.ca/cb756ebf40660646ac45d6efb1e5663543/2213/14237372/4/Honda-CR_V-2026.jpg'},{url:'https://imagescdn.d2cmedia.ca/cb756ebf40660646ac45d6efb1e5663543/2213/14237372/5/Honda-CR_V-2026.jpg'},{url:'https://imagescdn.d2cmedia.ca/cb756ebf40660646ac45d6efb1e5663543/2213/14237372/6/Honda-CR_V-2026.jpg'},{url:'https://imagescdn.d2cmedia.ca/cb756ebf40660646ac45d6efb1e5663543/2213/14237372/7/Honda-CR_V-2026.jpg'},{url:'https://imagescdn.d2cmedia.ca/cb756ebf40660646ac45d6efb1e5663543/2213/14237372/8/Honda-CR_V-2026.jpg'},{url:'https://imagescdn.d2cmedia.ca/cb756ebf40660646ac45d6efb1e5663543/2213/14237372/9/Honda-CR_V-2026.jpg'}]",0,KM,https://www.maplehonda.com/new/inventory/2026-Honda-CR_V-id14237372.html,2026 Honda CR-V SPORT 4WD at Maple Honda,47178 CAD,New,White,,2213,Maple Honda,+1-905-832-1202,"{addr1: '89 Auto Vaughan Dr.', city: 'Maple', region: 'Ontario', postal_code: 'L6A 4A1', country: 'CA'}",43.8590000000,-79.5370000000,,,,,https://www.maplehonda.com/privacy-policy.html,New,2213,In stock,,47178 CAD,Free,
2HKRS4H55TH120912,2HKRS4H55TH120912,164026-new,Honda,CR-V,SPORT 4WD,2026,AUTOMATIC,SUV,GASOLINE,,"2026 Honda CR-V SPORT 4WD, Black exterior","[{url:'https://imagescdn.d2cmedia.ca/cb0d0f9bb0e7e518d1319bcba50cb285fe/2213/14292824/1/Honda-CR_V-2026.jpg'},{url:'https://imagescdn.d2cmedia.ca/s80d0f9bb0e7e518d1319bcba50cb285fe/2213/14292824/1/Honda-CR_V-2026.jpg'},{url:'https://imagescdn.d2cmedia.ca/cb0d0f9bb0e7e518d1319bcba50cb285fe/2213/14292824/2/Honda-CR_V-2026.jpg'},{url:'https://imagescdn.d2cmedia.ca/cb0d0f9bb0e7e518d1319bcba50cb285fe/2213/14292824/3/Honda-CR_V-2026.jpg'},{url:'https://imagescdn.d2cmedia.ca/cb0d0f9bb0e7e518d1319bcba50cb285fe/2213/14292824/4/Honda-CR_V-2026.jpg'},{url:'https://imagescdn.d2cmedia.ca/cb0d0f9bb0e7e518d1319bcba50cb285fe/2213/14292824/5/Honda-CR_V-2026.jpg'},{url:'https://imagescdn.d2cmedia.ca/cb0d0f9bb0e7e518d1319bcba50cb285fe/2213/14292824/6/Honda-CR_V-2026.jpg'},{url:'https://imagescdn.d2cmedia.ca/cb0d0f9bb0e7e518d1319bcba50cb285fe/2213/14292824/7/Honda-CR_V-2026.jpg'},{url:'https://imagescdn.d2cmedia.ca/cb0d0f9bb0e7e518d1319bcba50cb285fe/2213/14292824/8/Honda-CR_V-2026.jpg'},{url:'https://imagescdn.d2cmedia.ca/cb0d0f9bb0e7e518d1319bcba50cb285fe/2213/14292824/9/Honda-CR_V-2026.jpg'}]",0,KM,https://www.maplehonda.com/new/inventory/2026-Honda-CR_V-id14292824.html,2026 Honda CR-V SPORT 4WD at Maple Honda,47178 CAD,New,Black,,2213,Maple Honda,+1-905-832-1202,"{addr1: '89 Auto Vaughan Dr.', city: 'Maple', region: 'Ontario', postal_code: 'L6A 4A1', country: 'CA'}",43.8590000000,-79.5370000000,,,,,https://www.maplehonda.com/privacy-policy.html,New,2213,In stock,,47178 CAD,Free,
2HKRS4H59TH120816,2HKRS4H59TH120816,164326-new,Honda,CR-V,SPORT 4WD,2026,AUTOMATIC,SUV,GASOLINE,,"2026 Honda CR-V SPORT 4WD, Black exterior","[{url:'https://imagescdn.d2cmedia.ca/cb7ba349358bdfd5830b9b8c77842de726/2213/14298448/1/Honda-CR_V-2026.jpg'},{url:'https://imagescdn.d2cmedia.ca/s87ba349358bdfd5830b9b8c77842de726/2213/14298448/1/Honda-CR_V-2026.jpg'},{url:'https://imagescdn.d2cmedia.ca/cb7ba349358bdfd5830b9b8c77842de726/2213/14298448/2/Honda-CR_V-2026.jpg'},{url:'https://imagescdn.d2cmedia.ca/cb7ba349358bdfd5830b9b8c77842de726/2213/14298448/3/Honda-CR_V-2026.jpg'},{url:'https://imagescdn.d2cmedia.ca/cb7ba349358bdfd5830b9b8c77842de726/2213/14298448/4/Honda-CR_V-2026.jpg'},{url:'https://imagescdn.d2cmedia.ca/cb7ba349358bdfd5830b9b8c77842de726/2213/14298448/5/Honda-CR_V-2026.jpg'},{url:'https://imagescdn.d2cmedia.ca/cb7ba349358bdfd5830b9b8c77842de726/2213/14298448/6/Honda-CR_V-2026.jpg'},{url:'https://imagescdn.d2cmedia.ca/cb7ba349358bdfd5830b9b8c77842de726/2213/14298448/7/Honda-CR_V-2026.jpg'},{url:'https://imagescdn.d2cmedia.ca/cb7ba349358bdfd5830b9b8c77842de726/2213/14298448/8/Honda-CR_V-2026.jpg'},{url:'https://imagescdn.d2cmedia.ca/cb7ba349358bdfd5830b9b8c77842de726/2213/14298448/9/Honda-CR_V-2026.jpg'}]",0,KM,https://www.maplehonda.com/new/inventory/2026-Honda-CR_V-id14298448.html,2026 Honda CR-V SPORT 4WD at Maple Honda,47178 CAD,New,Black,,2213,Maple Honda,+1-905-832-1202,"{addr1: '89 Auto Vaughan Dr.', city: 'Maple', region: 'Ontario', postal_code: 'L6A 4A1', country: 'CA'}",43.8590000000,-79.5370000000,,,,,https://www.maplehonda.com/privacy-policy.html,New,2213,In stock,,47178 CAD,Free,
2HKRS6H5XVH202892,2HKRS6H5XVH202892,015627-new,Honda,CR-V Hybrid,CRV SPORT HYB 4WD,2027,AUTOMATIC,SUV,HYBRID,,"2027 Honda CR-V Hybrid CRV SPORT HYB 4WD, Red exterior","[{url:'https://carimages.d2cmedia.ca/newcarimages/en/cb6ac7b4b4bf741/Honda/CR-V Hybrid/2027/1200/491164-Q1JWIFNQT1JUIEhZQiA0V0Q/Red/front45.png'},{url:'https://carimages.d2cmedia.ca/newcarimages/fr/cb6ac78df9b21d6/Honda/CR-V Hybrid/2027/640/491164-Q1JWIFNQT1JUIEhZQiA0V0Q/Red/front_45_degree.png'},{url:'https://carimages.d2cmedia.ca/newcarimages/fr/cb6ac78df9b21d6/Honda/CR-V Hybrid/2027/2100/491164-Q1JWIFNQT1JUIEhZQiA0V0Q/Red/front_45_degree.png'}]",0,KM,https://www.maplehonda.com/new/inventory/2027-Honda-CR_V_Hybrid-id14496896.html,2027 Honda CR-V Hybrid CRV SPORT HYB 4WD at Maple Honda,49643 CAD,New,Red,,2213,Maple Honda,+1-905-832-1202,"{addr1: '89 Auto Vaughan Dr.', city: 'Maple', region: 'Ontario', postal_code: 'L6A 4A1', country: 'CA'}",43.8590000000,-79.5370000000,,,,,https://www.maplehonda.com/privacy-policy.html,New,2213,In stock,,49643 CAD,Free,
2HKRS6H58TH246161,2HKRS6H58TH246161,143326-new,Honda,CR-V Hybrid,CRV SPORT HYB 4WD,2026,AUTOMATIC,SUV,HYBRID,,"2026 Honda CR-V Hybrid CRV SPORT HYB 4WD, Black exterior","[{url:'https://imagescdn.d2cmedia.ca/cbac3ab8e273e1b84d21dc4639643e918f/2213/14028085/1/Honda-CR_V Hybrid-2026.jpg'},{url:'https://imagescdn.d2cmedia.ca/s8ac3ab8e273e1b84d21dc4639643e918f/2213/14028085/1/Honda-CR_V_Hybrid-2026.jpg'},{url:'https://imagescdn.d2cmedia.ca/cbac3ab8e273e1b84d21dc4639643e918f/2213/14028085/1/Honda-CR_V_Hybrid-2026.jpg'},{url:'https://imagescdn.d2cmedia.ca/cbac3ab8e273e1b84d21dc4639643e918f/2213/14028085/2/Honda-CR_V_Hybrid-2026.jpg'},{url:'https://imagescdn.d2cmedia.ca/cbac3ab8e273e1b84d21dc4639643e918f/2213/14028085/3/Honda-CR_V_Hybrid-2026.jpg'},{url:'https://imagescdn.d2cmedia.ca/cbac3ab8e273e1b84d21dc4639643e918f/2213/14028085/4/Honda-CR_V_Hybrid-2026.jpg'},{url:'https://imagescdn.d2cmedia.ca/cbac3ab8e273e1b84d21dc4639643e918f/2213/14028085/5/Honda-CR_V_Hybrid-2026.jpg'},{url:'https://imagescdn.d2cmedia.ca/cbac3ab8e273e1b84d21dc4639643e918f/2213/14028085/6/Honda-CR_V_Hybrid-2026.jpg'},{url:'https://imagescdn.d2cmedia.ca/cbac3ab8e273e1b84d21dc4639643e918f/2213/14028085/7/Honda-CR_V_Hybrid-2026.jpg'},{url:'https://imagescdn.d2cmedia.ca/cbac3ab8e273e1b84d21dc4639643e918f/2213/14028085/8/Honda-CR_V_Hybrid-2026.jpg'}]",50,KM,https://www.maplehonda.com/new/inventory/2026-Honda-CR_V_Hybrid-id14028085.html,2026 Honda CR-V Hybrid CRV SPORT HYB 4WD at Maple Honda,49693 CAD,New,Black,,2213,Maple Honda,+1-905-832-1202,"{addr1: '89 Auto Vaughan Dr.', city: 'Maple', region: 'Ontario', postal_code: 'L6A 4A1', country: 'CA'}",43.8590000000,-79.5370000000,,,,,https://www.maplehonda.com/privacy-policy.html,New,2213,In stock,,49693 CAD,Free,
2HKRS6H50TH246140,2HKRS6H50TH246140,143526-new,Honda,CR-V Hybrid,CRV SPORT HYB 4WD,2026,AUTOMATIC,SUV,HYBRID,,"2026 Honda CR-V Hybrid CRV SPORT HYB 4WD, Black exterior","[{url:'https://imagescdn.d2cmedia.ca/cb12db900109e8f51112b1f7c14ac2414c/2213/14028087/1/Honda-CR_V Hybrid-2026.jpg'},{url:'https://imagescdn.d2cmedia.ca/s812db900109e8f51112b1f7c14ac2414c/2213/14028087/1/Honda-CR_V_Hybrid-2026.jpg'},{url:'https://imagescdn.d2cmedia.ca/cb12db900109e8f51112b1f7c14ac2414c/2213/14028087/1/Honda-CR_V_Hybrid-2026.jpg'},{url:'https://imagescdn.d2cmedia.ca/cb12db900109e8f51112b1f7c14ac2414c/2213/14028087/2/Honda-CR_V_Hybrid-2026.jpg'},{url:'https://imagescdn.d2cmedia.ca/cb12db900109e8f51112b1f7c14ac2414c/2213/14028087/3/Honda-CR_V_Hybrid-2026.jpg'},{url:'https://imagescdn.d2cmedia.ca/cb12db900109e8f51112b1f7c14ac2414c/2213/14028087/4/Honda-CR_V_Hybrid-2026.jpg'},{url:'https://imagescdn.d2cmedia.ca/cb12db900109e8f51112b1f7c14ac2414c/2213/14028087/5/Honda-CR_V_Hybrid-2026.jpg'},{url:'https://imagescdn.d2cmedia.ca/cb12db900109e8f51112b1f7c14ac2414c/2213/14028087/6/Honda-CR_V_Hybrid-2026.jpg'},{url:'https://imagescdn.d2cmedia.ca/cb12db900109e8f51112b1f7c14ac2414c/2213/14028087/7/Honda-CR_V_Hybrid-2026.jpg'},{url:'https://imagescdn.d2cmedia.ca/cb12db900109e8f51112b1f7c14ac2414c/2213/14028087/8/Honda-CR_V_Hybrid-2026.jpg'}]",50,KM,https://www.maplehonda.com/new/inventory/2026-Honda-CR_V_Hybrid-id14028087.html,2026 Honda CR-V Hybrid CRV SPORT HYB 4WD at Maple Honda,49693 CAD,New,Black,,2213,Maple Honda,+1-905-832-1202,"{addr1: '89 Auto Vaughan Dr.', city: 'Maple', region: 'Ontario', postal_code: 'L6A 4A1', country: 'CA'}",43.8590000000,-79.5370000000,,,,,https://www.maplehonda.com/privacy-policy.html,New,2213,In stock,,49693 CAD,Free,
2HKRS6H58TH250498,2HKRS6H58TH250498,155726-new,Honda,CR-V Hybrid,CRV SPORT HYB 4WD,2026,AUTOMATIC,SUV,HYBRID,,"2026 Honda CR-V Hybrid CRV SPORT HYB 4WD, Black exterior","[{url:'https://imagescdn.d2cmedia.ca/cbbfdb96cac24cb5aeeb671e069fcb4494/2213/14205849/1/Honda-CR_V Hybrid-2026.jpg'},{url:'https://imagescdn.d2cmedia.ca/s8bfdb96cac24cb5aeeb671e069fcb4494/2213/14205849/1/Honda-CR_V_Hybrid-2026.jpg'},{url:'https://imagescdn.d2cmedia.ca/cbbfdb96cac24cb5aeeb671e069fcb4494/2213/14205849/1/Honda-CR_V_Hybrid-2026.jpg'},{url:'https://imagescdn.d2cmedia.ca/cbbfdb96cac24cb5aeeb671e069fcb4494/2213/14205849/2/Honda-CR_V_Hybrid-2026.jpg'},{url:'https://imagescdn.d2cmedia.ca/cbbfdb96cac24cb5aeeb671e069fcb4494/2213/14205849/3/Honda-CR_V_Hybrid-2026.jpg'},{url:'https://imagescdn.d2cmedia.ca/cbbfdb96cac24cb5aeeb671e069fcb4494/2213/14205849/4/Honda-CR_V_Hybrid-2026.jpg'},{url:'https://imagescdn.d2cmedia.ca/cbbfdb96cac24cb5aeeb671e069fcb4494/2213/14205849/5/Honda-CR_V_Hybrid-2026.jpg'},{url:'https://imagescdn.d2cmedia.ca/cbbfdb96cac24cb5aeeb671e069fcb4494/2213/14205849/6/Honda-CR_V_Hybrid-2026.jpg'},{url:'https://imagescdn.d2cmedia.ca/cbbfdb96cac24cb5aeeb671e069fcb4494/2213/14205849/7/Honda-CR_V_Hybrid-2026.jpg'},{url:'https://imagescdn.d2cmedia.ca/cbbfdb96cac24cb5aeeb671e069fcb4494/2213/14205849/8/Honda-CR_V_Hybrid-2026.jpg'}]",0,KM,https://www.maplehonda.com/new/inventory/2026-Honda-CR_V_Hybrid-id14205849.html,2026 Honda CR-V Hybrid CRV SPORT HYB 4WD at Maple Honda,49697 CAD,New,Black,,2213,Maple Honda,+1-905-832-1202,"{addr1: '89 Auto Vaughan Dr.', city: 'Maple', region: 'Ontario', postal_code: 'L6A 4A1', country: 'CA'}",43.8590000000,-79.5370000000,,,,,https://www.maplehonda.com/privacy-policy.html,New,2213,In stock,,49697 CAD,Free,
2HKRS6H51TH249872,2HKRS6H51TH249872,156226-new,Honda,CR-V Hybrid,CRV SPORT HYB 4WD,2026,AUTOMATIC,SUV,HYBRID,,"2026 Honda CR-V Hybrid CRV SPORT HYB 4WD, Black exterior","[{url:'https://imagescdn.d2cmedia.ca/cb2badfb1af4c44099a1fd22cf60104a03/2213/14205854/1/Honda-CR_V Hybrid-2026.jpg'},{url:'https://imagescdn.d2cmedia.ca/s82badfb1af4c44099a1fd22cf60104a03/2213/14205854/1/Honda-CR_V_Hybrid-2026.jpg'},{url:'https://imagescdn.d2cmedia.ca/cb2badfb1af4c44099a1fd22cf60104a03/2213/14205854/1/Honda-CR_V_Hybrid-2026.jpg'},{url:'https://imagescdn.d2cmedia.ca/cb2badfb1af4c44099a1fd22cf60104a03/2213/14205854/2/Honda-CR_V_Hybrid-2026.jpg'},{url:'https://imagescdn.d2cmedia.ca/cb2badfb1af4c44099a1fd22cf60104a03/2213/14205854/3/Honda-CR_V_Hybrid-2026.jpg'},{url:'https://imagescdn.d2cmedia.ca/cb2badfb1af4c44099a1fd22cf60104a03/2213/14205854/4/Honda-CR_V_Hybrid-2026.jpg'},{url:'https://imagescdn.d2cmedia.ca/cb2badfb1af4c44099a1fd22cf60104a03/2213/14205854/5/Honda-CR_V_Hybrid-2026.jpg'},{url:'https://imagescdn.d2cmedia.ca/cb2badfb1af4c44099a1fd22cf60104a03/2213/14205854/6/Honda-CR_V_Hybrid-2026.jpg'},{url:'https://imagescdn.d2cmedia.ca/cb2badfb1af4c44099a1fd22cf60104a03/2213/14205854/7/Honda-CR_V_Hybrid-2026.jpg'},{url:'https://imagescdn.d2cmedia.ca/cb2badfb1af4c44099a1fd22cf60104a03/2213/14205854/8/Honda-CR_V_Hybrid-2026.jpg'}]",0,KM,https://www.maplehonda.com/new/inventory/2026-Honda-CR_V_Hybrid-id14205854.html,2026 Honda CR-V Hybrid CRV SPORT HYB 4WD at Maple Honda,49697 CAD,New,Black,,2213,Maple Honda,+1-905-832-1202,"{addr1: '89 Auto Vaughan Dr.', city: 'Maple', region: 'Ontario', postal_code: 'L6A 4A1', country: 'CA'}",43.8590000000,-79.5370000000,,,,,https://www.maplehonda.com/privacy-policy.html,New,2213,In stock,,49697 CAD,Free,
2HKRS6H5XTH250549,2HKRS6H5XTH250549,156426-new,Honda,CR-V Hybrid,CRV SPORT HYB 4WD,2026,AUTOMATIC,SUV,HYBRID,,"2026 Honda CR-V Hybrid CRV SPORT HYB 4WD, Black exterior","[{url:'https://imagescdn.d2cmedia.ca/cbc4de866788de0ff251eede976a0d3d2a/2213/14205856/1/Honda-CR_V Hybrid-2026.jpg'},{url:'https://imagescdn.d2cmedia.ca/s8c4de866788de0ff251eede976a0d3d2a/2213/14205856/1/Honda-CR_V_Hybrid-2026.jpg'},{url:'https://imagescdn.d2cmedia.ca/cbc4de866788de0ff251eede976a0d3d2a/2213/14205856/1/Honda-CR_V_Hybrid-2026.jpg'},{url:'https://imagescdn.d2cmedia.ca/cbc4de866788de0ff251eede976a0d3d2a/2213/14205856/2/Honda-CR_V_Hybrid-2026.jpg'},{url:'https://imagescdn.d2cmedia.ca/cbc4de866788de0ff251eede976a0d3d2a/2213/14205856/3/Honda-CR_V_Hybrid-2026.jpg'},{url:'https://imagescdn.d2cmedia.ca/cbc4de866788de0ff251eede976a0d3d2a/2213/14205856/4/Honda-CR_V_Hybrid-2026.jpg'},{url:'https://imagescdn.d2cmedia.ca/cbc4de866788de0ff251eede976a0d3d2a/2213/14205856/5/Honda-CR_V_Hybrid-2026.jpg'},{url:'https://imagescdn.d2cmedia.ca/cbc4de866788de0ff251eede976a0d3d2a/2213/14205856/6/Honda-CR_V_Hybrid-2026.jpg'},{url:'https://imagescdn.d2cmedia.ca/cbc4de866788de0ff251eede976a0d3d2a/2213/14205856/7/Honda-CR_V_Hybrid-2026.jpg'},{url:'https://imagescdn.d2cmedia.ca/cbc4de866788de0ff251eede976a0d3d2a/2213/14205856/8/Honda-CR_V_Hybrid-2026.jpg'}]",0,KM,https://www.maplehonda.com/new/inventory/2026-Honda-CR_V_Hybrid-id14205856.html,2026 Honda CR-V Hybrid CRV SPORT HYB 4WD at Maple Honda,49697 CAD,New,Black,,2213,Maple Honda,+1-905-832-1202,"{addr1: '89 Auto Vaughan Dr.', city: 'Maple', region: 'Ontario', postal_code: 'L6A 4A1', country: 'CA'}",43.8590000000,-79.5370000000,,,,,https://www.maplehonda.com/privacy-policy.html,New,2213,In stock,,49697 CAD,Free,
2HKRS6H54TH250532,2HKRS6H54TH250532,156926-new,Honda,CR-V Hybrid,CRV SPORT HYB 4WD,2026,AUTOMATIC,SUV,HYBRID,,"2026 Honda CR-V Hybrid CRV SPORT HYB 4WD, Black exterior","[{url:'https://imagescdn.d2cmedia.ca/cbe6c2a0022e9e76ce03032a89606745d7/2213/14205860/1/Honda-CR_V Hybrid-2026.jpg'},{url:'https://imagescdn.d2cmedia.ca/s8e6c2a0022e9e76ce03032a89606745d7/2213/14205860/1/Honda-CR_V_Hybrid-2026.jpg'},{url:'https://imagescdn.d2cmedia.ca/cbe6c2a0022e9e76ce03032a89606745d7/2213/14205860/1/Honda-CR_V_Hybrid-2026.jpg'},{url:'https://imagescdn.d2cmedia.ca/cbe6c2a0022e9e76ce03032a89606745d7/2213/14205860/2/Honda-CR_V_Hybrid-2026.jpg'},{url:'https://imagescdn.d2cmedia.ca/cbe6c2a0022e9e76ce03032a89606745d7/2213/14205860/3/Honda-CR_V_Hybrid-2026.jpg'},{url:'https://imagescdn.d2cmedia.ca/cbe6c2a0022e9e76ce03032a89606745d7/2213/14205860/4/Honda-CR_V_Hybrid-2026.jpg'},{url:'https://imagescdn.d2cmedia.ca/cbe6c2a0022e9e76ce03032a89606745d7/2213/14205860/5/Honda-CR_V_Hybrid-2026.jpg'},{url:'https://imagescdn.d2cmedia.ca/cbe6c2a0022e9e76ce03032a89606745d7/2213/14205860/6/Honda-CR_V_Hybrid-2026.jpg'},{url:'https://imagescdn.d2cmedia.ca/cbe6c2a0022e9e76ce03032a89606745d7/2213/14205860/7/Honda-CR_V_Hybrid-2026.jpg'},{url:'https://imagescdn.d2cmedia.ca/cbe6c2a0022e9e76ce03032a89606745d7/2213/14205860/8/Honda-CR_V_Hybrid-2026.jpg'}]",0,KM,https://www.maplehonda.com/new/inventory/2026-Honda-CR_V_Hybrid-id14205860.html,2026 Honda CR-V Hybrid CRV SPORT HYB 4WD at Maple Honda,49697 CAD,New,Black,,2213,Maple Honda,+1-905-832-1202,"{addr1: '89 Auto Vaughan Dr.', city: 'Maple', region: 'Ontario', postal_code: 'L6A 4A1', country: 'CA'}",43.8590000000,-79.5370000000,,,,,https://www.maplehonda.com/privacy-policy.html,New,2213,In stock,,49697 CAD,Free,
2HKRS6H54TH251079,2HKRS6H54TH251079,160026-new,Honda,CR-V Hybrid,CRV SPORT HYB 4WD,2026,AUTOMATIC,SUV,HYBRID,,"2026 Honda CR-V Hybrid CRV SPORT HYB 4WD, White exterior","[{url:'https://imagescdn.d2cmedia.ca/cb9e8f5c47da274c1fdf317b2ccc84e1d2/2213/14237368/1/Honda-CR_V Hybrid-2026.jpg'},{url:'https://imagescdn.d2cmedia.ca/s89e8f5c47da274c1fdf317b2ccc84e1d2/2213/14237368/1/Honda-CR_V_Hybrid-2026.jpg'},{url:'https://imagescdn.d2cmedia.ca/cb9e8f5c47da274c1fdf317b2ccc84e1d2/2213/14237368/1/Honda-CR_V_Hybrid-2026.jpg'},{url:'https://imagescdn.d2cmedia.ca/cb9e8f5c47da274c1fdf317b2ccc84e1d2/2213/14237368/2/Honda-CR_V_Hybrid-2026.jpg'},{url:'https://imagescdn.d2cmedia.ca/cb9e8f5c47da274c1fdf317b2ccc84e1d2/2213/14237368/3/Honda-CR_V_Hybrid-2026.jpg'},{url:'https://imagescdn.d2cmedia.ca/cb9e8f5c47da274c1fdf317b2ccc84e1d2/2213/14237368/4/Honda-CR_V_Hybrid-2026.jpg'},{url:'https://imagescdn.d2cmedia.ca/cb9e8f5c47da274c1fdf317b2ccc84e1d2/2213/14237368/5/Honda-CR_V_Hybrid-2026.jpg'},{url:'https://imagescdn.d2cmedia.ca/cb9e8f5c47da274c1fdf317b2ccc84e1d2/2213/14237368/6/Honda-CR_V_Hybrid-2026.jpg'},{url:'https://imagescdn.d2cmedia.ca/cb9e8f5c47da274c1fdf317b2ccc84e1d2/2213/14237368/7/Honda-CR_V_Hybrid-2026.jpg'},{url:'https://imagescdn.d2cmedia.ca/cb9e8f5c47da274c1fdf317b2ccc84e1d2/2213/14237368/8/Honda-CR_V_Hybrid-2026.jpg'}]",0,KM,https://www.maplehonda.com/new/inventory/2026-Honda-CR_V_Hybrid-id14237368.html,2026 Honda CR-V Hybrid CRV SPORT HYB 4WD at Maple Honda,49697 CAD,New,White,,2213,Maple Honda,+1-905-832-1202,"{addr1: '89 Auto Vaughan Dr.', city: 'Maple', region: 'Ontario', postal_code: 'L6A 4A1', country: 'CA'}",43.8590000000,-79.5370000000,,,,,https://www.maplehonda.com/privacy-policy.html,New,2213,In stock,,49697 CAD,Free,
2HKRS6H53TH249713,2HKRS6H53TH249713,158726-new,Honda,CR-V Hybrid,CRV SPORT HYB 4WD,2026,AUTOMATIC,SUV,HYBRID,,"2026 Honda CR-V Hybrid CRV SPORT HYB 4WD, Black exterior","[{url:'https://imagescdn.d2cmedia.ca/cbf72985bc3584d7c4eb7d8b94a116e1a4/2213/14218668/1/Honda-CR_V Hybrid-2026.jpg'},{url:'https://imagescdn.d2cmedia.ca/s8f72985bc3584d7c4eb7d8b94a116e1a4/2213/14218668/1/Honda-CR_V_Hybrid-2026.jpg'},{url:'https://imagescdn.d2cmedia.ca/cbf72985bc3584d7c4eb7d8b94a116e1a4/2213/14218668/1/Honda-CR_V_Hybrid-2026.jpg'},{url:'https://imagescdn.d2cmedia.ca/cbf72985bc3584d7c4eb7d8b94a116e1a4/2213/14218668/2/Honda-CR_V_Hybrid-2026.jpg'},{url:'https://imagescdn.d2cmedia.ca/cbf72985bc3584d7c4eb7d8b94a116e1a4/2213/14218668/3/Honda-CR_V_Hybrid-2026.jpg'},{url:'https://imagescdn.d2cmedia.ca/cbf72985bc3584d7c4eb7d8b94a116e1a4/2213/14218668/4/Honda-CR_V_Hybrid-2026.jpg'},{url:'https://imagescdn.d2cmedia.ca/cbf72985bc3584d7c4eb7d8b94a116e1a4/2213/14218668/5/Honda-CR_V_Hybrid-2026.jpg'},{url:'https://imagescdn.d2cmedia.ca/cbf72985bc3584d7c4eb7d8b94a116e1a4/2213/14218668/6/Honda-CR_V_Hybrid-2026.jpg'},{url:'https://imagescdn.d2cmedia.ca/cbf72985bc3584d7c4eb7d8b94a116e1a4/2213/14218668/7/Honda-CR_V_Hybrid-2026.jpg'},{url:'https://imagescdn.d2cmedia.ca/cbf72985bc3584d7c4eb7d8b94a116e1a4/2213/14218668/8/Honda-CR_V_Hybrid-2026.jpg'}]",50,KM,https://www.maplehonda.com/new/inventory/2026-Honda-CR_V_Hybrid-id14218668.html,2026 Honda CR-V Hybrid CRV SPORT HYB 4WD at Maple Honda,49697 CAD,New,Black,,2213,Maple Honda,+1-905-832-1202,"{addr1: '89 Auto Vaughan Dr.', city: 'Maple', region: 'Ontario', postal_code: 'L6A 4A1', country: 'CA'}",43.8590000000,-79.5370000000,,,,,https://www.maplehonda.com/privacy-policy.html,New,2213,In stock,,49697 CAD,Free,
2HKRS6H53TH250618,2HKRS6H53TH250618,159526-new,Honda,CR-V Hybrid,CRV SPORT HYB 4WD,2026,AUTOMATIC,SUV,HYBRID,,"2026 Honda CR-V Hybrid CRV SPORT HYB 4WD, White exterior","[{url:'https://imagescdn.d2cmedia.ca/cb27c01b21598bdbba6c1ff4f333c0334a/2213/14231712/1/Honda-CR_V Hybrid-2026.jpg'},{url:'https://imagescdn.d2cmedia.ca/s827c01b21598bdbba6c1ff4f333c0334a/2213/14231712/1/Honda-CR_V_Hybrid-2026.jpg'},{url:'https://imagescdn.d2cmedia.ca/cb27c01b21598bdbba6c1ff4f333c0334a/2213/14231712/1/Honda-CR_V_Hybrid-2026.jpg'},{url:'https://imagescdn.d2cmedia.ca/cb27c01b21598bdbba6c1ff4f333c0334a/2213/14231712/2/Honda-CR_V_Hybrid-2026.jpg'},{url:'https://imagescdn.d2cmedia.ca/cb27c01b21598bdbba6c1ff4f333c0334a/2213/14231712/3/Honda-CR_V_Hybrid-2026.jpg'},{url:'https://imagescdn.d2cmedia.ca/cb27c01b21598bdbba6c1ff4f333c0334a/2213/14231712/4/Honda-CR_V_Hybrid-2026.jpg'},{url:'https://imagescdn.d2cmedia.ca/cb27c01b21598bdbba6c1ff4f333c0334a/2213/14231712/5/Honda-CR_V_Hybrid-2026.jpg'},{url:'https://imagescdn.d2cmedia.ca/cb27c01b21598bdbba6c1ff4f333c0334a/2213/14231712/6/Honda-CR_V_Hybrid-2026.jpg'},{url:'https://imagescdn.d2cmedia.ca/cb27c01b21598bdbba6c1ff4f333c0334a/2213/14231712/7/Honda-CR_V_Hybrid-2026.jpg'},{url:'https://imagescdn.d2cmedia.ca/cb27c01b21598bdbba6c1ff4f333c0334a/2213/14231712/8/Honda-CR_V_Hybrid-2026.jpg'}]",50,KM,https://www.maplehonda.com/new/inventory/2026-Honda-CR_V_Hybrid-id14231712.html,2026 Honda CR-V Hybrid CRV SPORT HYB 4WD at Maple Honda,49697 CAD,New,White,,2213,Maple Honda,+1-905-832-1202,"{addr1: '89 Auto Vaughan Dr.', city: 'Maple', region: 'Ontario', postal_code: 'L6A 4A1', country: 'CA'}",43.8590000000,-79.5370000000,,,,,https://www.maplehonda.com/privacy-policy.html,New,2213,In stock,,49697 CAD,Free,
2HKRS6H57TH251741,2HKRS6H57TH251741,162226-new,Honda,CR-V Hybrid,CRV SPORT HYB 4WD,2026,AUTOMATIC,SUV,HYBRID,,"2026 Honda CR-V Hybrid CRV SPORT HYB 4WD, Black exterior","[{url:'https://imagescdn.d2cmedia.ca/cb3e23dd48c2d452395dc5bfe701107757/2213/14261876/1/Honda-CR_V Hybrid-2026.jpg'},{url:'https://imagescdn.d2cmedia.ca/s83e23dd48c2d452395dc5bfe701107757/2213/14261876/1/Honda-CR_V_Hybrid-2026.jpg'},{url:'https://imagescdn.d2cmedia.ca/cb3e23dd48c2d452395dc5bfe701107757/2213/14261876/1/Honda-CR_V_Hybrid-2026.jpg'},{url:'https://imagescdn.d2cmedia.ca/cb3e23dd48c2d452395dc5bfe701107757/2213/14261876/2/Honda-CR_V_Hybrid-2026.jpg'},{url:'https://imagescdn.d2cmedia.ca/cb3e23dd48c2d452395dc5bfe701107757/2213/14261876/3/Honda-CR_V_Hybrid-2026.jpg'},{url:'https://imagescdn.d2cmedia.ca/cb3e23dd48c2d452395dc5bfe701107757/2213/14261876/4/Honda-CR_V_Hybrid-2026.jpg'},{url:'https://imagescdn.d2cmedia.ca/cb3e23dd48c2d452395dc5bfe701107757/2213/14261876/5/Honda-CR_V_Hybrid-2026.jpg'},{url:'https://imagescdn.d2cmedia.ca/cb3e23dd48c2d452395dc5bfe701107757/2213/14261876/6/Honda-CR_V_Hybrid-2026.jpg'},{url:'https://imagescdn.d2cmedia.ca/cb3e23dd48c2d452395dc5bfe701107757/2213/14261876/7/Honda-CR_V_Hybrid-2026.jpg'},{url:'https://imagescdn.d2cmedia.ca/cb3e23dd48c2d452395dc5bfe701107757/2213/14261876/8/Honda-CR_V_Hybrid-2026.jpg'}]",50,KM,https://www.maplehonda.com/new/inventory/2026-Honda-CR_V_Hybrid-id14261876.html,2026 Honda CR-V Hybrid CRV SPORT HYB 4WD at Maple Honda,49697 CAD,New,Black,,2213,Maple Honda,+1-905-832-1202,"{addr1: '89 Auto Vaughan Dr.', city: 'Maple', region: 'Ontario', postal_code: 'L6A 4A1', country: 'CA'}",43.8590000000,-79.5370000000,,,,,https://www.maplehonda.com/privacy-policy.html,New,2213,In stock,,49697 CAD,Free,
2HKRS6H58VH204995,2HKRS6H58VH204995,015227-new,Honda,CR-V Hybrid,CRV SPORT HYB 4WD,2027,AUTOMATIC,SUV,HYBRID,,"2027 Honda CR-V Hybrid CRV SPORT HYB 4WD, Black exterior","[{url:'https://carimages.d2cmedia.ca/newcarimages/en/cb6ac7b4b4bf741/Honda/CR-V Hybrid/2027/1200/491164-Q1JWIFNQT1JUIEhZQiA0V0Q/Black/front45.png'},{url:'https://carimages.d2cmedia.ca/newcarimages/fr/cb6ac78df9b21d6/Honda/CR-V Hybrid/2027/640/491164-Q1JWIFNQT1JUIEhZQiA0V0Q/Black/front_45_degree.png'},{url:'https://carimages.d2cmedia.ca/newcarimages/fr/cb6ac78df9b21d6/Honda/CR-V Hybrid/2027/2100/491164-Q1JWIFNQT1JUIEhZQiA0V0Q/Black/front_45_degree.png'}]",0,KM,https://www.maplehonda.com/new/inventory/2027-Honda-CR_V_Hybrid-id14496892.html,2027 Honda CR-V Hybrid CRV SPORT HYB 4WD at Maple Honda,50193 CAD,New,Black,,2213,Maple Honda,+1-905-832-1202,"{addr1: '89 Auto Vaughan Dr.', city: 'Maple', region: 'Ontario', postal_code: 'L6A 4A1', country: 'CA'}",43.8590000000,-79.5370000000,,,,,https://www.maplehonda.com/privacy-policy.html,New,2213,In stock,,50193 CAD,Free,
2HKRS6H54VH204136,2HKRS6H54VH204136,014727-new,Honda,CR-V Hybrid,CRV SPORT HYB 4WD,2027,AUTOMATIC,SUV,HYBRID,,"2027 Honda CR-V Hybrid CRV SPORT HYB 4WD, Black exterior","[{url:'https://carimages.d2cmedia.ca/newcarimages/en/cb6ac7b4b4bf741/Honda/CR-V Hybrid/2027/1200/491164-Q1JWIFNQT1JUIEhZQiA0V0Q/black/front45.png'},{url:'https://carimages.d2cmedia.ca/newcarimages/fr/cb6ac78df9b21d6/Honda/CR-V Hybrid/2027/640/491164-Q1JWIFNQT1JUIEhZQiA0V0Q/black/front_45_degree.png'},{url:'https://carimages.d2cmedia.ca/newcarimages/fr/cb6ac78df9b21d6/Honda/CR-V Hybrid/2027/2100/491164-Q1JWIFNQT1JUIEhZQiA0V0Q/black/front_45_degree.png'}]",50,KM,https://www.maplehonda.com/new/inventory/2027-Honda-CR_V_Hybrid-id14475499.html,2027 Honda CR-V Hybrid CRV SPORT HYB 4WD at Maple Honda,50197 CAD,New,Black,,2213,Maple Honda,+1-905-832-1202,"{addr1: '89 Auto Vaughan Dr.', city: 'Maple', region: 'Ontario', postal_code: 'L6A 4A1', country: 'CA'}",43.8590000000,-79.5370000000,,,,,https://www.maplehonda.com/privacy-policy.html,New,2213,In stock,,50197 CAD,Free,
2HKRS6H7XTH245126,2HKRS6H7XTH245126,138826-new,Honda,CR-V Hybrid,CRV EXL 4WD,2026,AUTOMATIC,SUV,HYBRID,,"2026 Honda CR-V Hybrid CRV EXL 4WD, Blue exterior","[{url:'https://imagescdn.d2cmedia.ca/cbedc83520432914013643666329963c21/2213/14008091/1/Honda-CR_V Hybrid-2026.jpg'},{url:'https://imagescdn.d2cmedia.ca/s8edc83520432914013643666329963c21/2213/14008091/1/Honda-CR_V_Hybrid-2026.jpg'},{url:'https://imagescdn.d2cmedia.ca/cbedc83520432914013643666329963c21/2213/14008091/1/Honda-CR_V_Hybrid-2026.jpg'},{url:'https://imagescdn.d2cmedia.ca/cbedc83520432914013643666329963c21/2213/14008091/2/Honda-CR_V_Hybrid-2026.jpg'},{url:'https://imagescdn.d2cmedia.ca/cbedc83520432914013643666329963c21/2213/14008091/3/Honda-CR_V_Hybrid-2026.jpg'},{url:'https://imagescdn.d2cmedia.ca/cbedc83520432914013643666329963c21/2213/14008091/4/Honda-CR_V_Hybrid-2026.jpg'},{url:'https://imagescdn.d2cmedia.ca/cbedc83520432914013643666329963c21/2213/14008091/5/Honda-CR_V_Hybrid-2026.jpg'},{url:'https://imagescdn.d2cmedia.ca/cbedc83520432914013643666329963c21/2213/14008091/6/Honda-CR_V_Hybrid-2026.jpg'},{url:'https://imagescdn.d2cmedia.ca/cbedc83520432914013643666329963c21/2213/14008091/7/Honda-CR_V_Hybrid-2026.jpg'},{url:'https://imagescdn.d2cmedia.ca/cbedc83520432914013643666329963c21/2213/14008091/8/Honda-CR_V_Hybrid-2026.jpg'}]",0,KM,https://www.maplehonda.com/new/inventory/2026-Honda-CR_V_Hybrid-id14008091.html,2026 Honda CR-V Hybrid CRV EXL 4WD at Maple Honda,52493 CAD,New,Blue,,2213,Maple Honda,+1-905-832-1202,"{addr1: '89 Auto Vaughan Dr.', city: 'Maple', region: 'Ontario', postal_code: 'L6A 4A1', country: 'CA'}",43.8590000000,-79.5370000000,,,,,https://www.maplehonda.com/privacy-policy.html,New,2213,In stock,,52493 CAD,Free,
2HKRS6H76TH241896,2HKRS6H76TH241896,149926-new,Honda,CR-V Hybrid,CRV EXL 4WD,2026,AUTOMATIC,SUV,HYBRID,,"2026 Honda CR-V Hybrid CRV EXL 4WD, Black exterior","[{url:'https://imagescdn.d2cmedia.ca/cbb20ca725ba131d7e3f735bc7594416a8/2213/14216573/1/Honda-CR_V Hybrid-2026.jpg'},{url:'https://imagescdn.d2cmedia.ca/s8b20ca725ba131d7e3f735bc7594416a8/2213/14216573/1/Honda-CR_V_Hybrid-2026.jpg'},{url:'https://imagescdn.d2cmedia.ca/cbb20ca725ba131d7e3f735bc7594416a8/2213/14216573/1/Honda-CR_V_Hybrid-2026.jpg'},{url:'https://imagescdn.d2cmedia.ca/cbb20ca725ba131d7e3f735bc7594416a8/2213/14216573/2/Honda-CR_V_Hybrid-2026.jpg'},{url:'https://imagescdn.d2cmedia.ca/cbb20ca725ba131d7e3f735bc7594416a8/2213/14216573/3/Honda-CR_V_Hybrid-2026.jpg'},{url:'https://imagescdn.d2cmedia.ca/cbb20ca725ba131d7e3f735bc7594416a8/2213/14216573/4/Honda-CR_V_Hybrid-2026.jpg'},{url:'https://imagescdn.d2cmedia.ca/cbb20ca725ba131d7e3f735bc7594416a8/2213/14216573/5/Honda-CR_V_Hybrid-2026.jpg'},{url:'https://imagescdn.d2cmedia.ca/cbb20ca725ba131d7e3f735bc7594416a8/2213/14216573/6/Honda-CR_V_Hybrid-2026.jpg'},{url:'https://imagescdn.d2cmedia.ca/cbb20ca725ba131d7e3f735bc7594416a8/2213/14216573/7/Honda-CR_V_Hybrid-2026.jpg'},{url:'https://imagescdn.d2cmedia.ca/cbb20ca725ba131d7e3f735bc7594416a8/2213/14216573/8/Honda-CR_V_Hybrid-2026.jpg'}]",0,KM,https://www.maplehonda.com/new/inventory/2026-Honda-CR_V_Hybrid-id14216573.html,2026 Honda CR-V Hybrid CRV EXL 4WD at Maple Honda,52493 CAD,New,Black,,2213,Maple Honda,+1-905-832-1202,"{addr1: '89 Auto Vaughan Dr.', city: 'Maple', region: 'Ontario', postal_code: 'L6A 4A1', country: 'CA'}",43.8590000000,-79.5370000000,,,,,https://www.maplehonda.com/privacy-policy.html,New,2213,In stock,,52493 CAD,Free,
2HKRS6H70TH252568,2HKRS6H70TH252568,163626-new,Honda,CR-V Hybrid,CRV EXL 4WD,2026,AUTOMATIC,SUV,HYBRID,,"2026 Honda CR-V Hybrid CRV EXL 4WD, Black exterior","[{url:'https://imagescdn.d2cmedia.ca/cb9960dda344e02716f6a075a5aa3a70ac/2213/14292820/1/Honda-CR_V Hybrid-2026.jpg'},{url:'https://imagescdn.d2cmedia.ca/s89960dda344e02716f6a075a5aa3a70ac/2213/14292820/1/Honda-CR_V_Hybrid-2026.jpg'},{url:'https://imagescdn.d2cmedia.ca/cb9960dda344e02716f6a075a5aa3a70ac/2213/14292820/1/Honda-CR_V_Hybrid-2026.jpg'},{url:'https://imagescdn.d2cmedia.ca/cb9960dda344e02716f6a075a5aa3a70ac/2213/14292820/2/Honda-CR_V_Hybrid-2026.jpg'},{url:'https://imagescdn.d2cmedia.ca/cb9960dda344e02716f6a075a5aa3a70ac/2213/14292820/3/Honda-CR_V_Hybrid-2026.jpg'},{url:'https://imagescdn.d2cmedia.ca/cb9960dda344e02716f6a075a5aa3a70ac/2213/14292820/4/Honda-CR_V_Hybrid-2026.jpg'},{url:'https://imagescdn.d2cmedia.ca/cb9960dda344e02716f6a075a5aa3a70ac/2213/14292820/5/Honda-CR_V_Hybrid-2026.jpg'},{url:'https://imagescdn.d2cmedia.ca/cb9960dda344e02716f6a075a5aa3a70ac/2213/14292820/6/Honda-CR_V_Hybrid-2026.jpg'},{url:'https://imagescdn.d2cmedia.ca/cb9960dda344e02716f6a075a5aa3a70ac/2213/14292820/7/Honda-CR_V_Hybrid-2026.jpg'},{url:'https://imagescdn.d2cmedia.ca/cb9960dda344e02716f6a075a5aa3a70ac/2213/14292820/8/Honda-CR_V_Hybrid-2026.jpg'}]",0,KM,https://www.maplehonda.com/new/inventory/2026-Honda-CR_V_Hybrid-id14292820.html,2026 Honda CR-V Hybrid CRV EXL 4WD at Maple Honda,52497 CAD,New,Black,,2213,Maple Honda,+1-905-832-1202,"{addr1: '89 Auto Vaughan Dr.', city: 'Maple', region: 'Ontario', postal_code: 'L6A 4A1', country: 'CA'}",43.8590000000,-79.5370000000,,,,,https://www.maplehonda.com/privacy-policy.html,New,2213,In stock,,52497 CAD,Free,
2HKRS6H74TH252332,2HKRS6H74TH252332,164426-new,Honda,CR-V Hybrid,CRV EXL 4WD,2026,AUTOMATIC,SUV,HYBRID,,"2026 Honda CR-V Hybrid CRV EXL 4WD, White exterior","[{url:'https://imagescdn.d2cmedia.ca/cb275365f7aa6cb3e1f53bf2b609802e38/2213/14298449/1/Honda-CR_V Hybrid-2026.jpg'},{url:'https://imagescdn.d2cmedia.ca/s8275365f7aa6cb3e1f53bf2b609802e38/2213/14298449/1/Honda-CR_V_Hybrid-2026.jpg'},{url:'https://imagescdn.d2cmedia.ca/cb275365f7aa6cb3e1f53bf2b609802e38/2213/14298449/1/Honda-CR_V_Hybrid-2026.jpg'},{url:'https://imagescdn.d2cmedia.ca/cb275365f7aa6cb3e1f53bf2b609802e38/2213/14298449/2/Honda-CR_V_Hybrid-2026.jpg'},{url:'https://imagescdn.d2cmedia.ca/cb275365f7aa6cb3e1f53bf2b609802e38/2213/14298449/3/Honda-CR_V_Hybrid-2026.jpg'},{url:'https://imagescdn.d2cmedia.ca/cb275365f7aa6cb3e1f53bf2b609802e38/2213/14298449/4/Honda-CR_V_Hybrid-2026.jpg'},{url:'https://imagescdn.d2cmedia.ca/cb275365f7aa6cb3e1f53bf2b609802e38/2213/14298449/5/Honda-CR_V_Hybrid-2026.jpg'},{url:'https://imagescdn.d2cmedia.ca/cb275365f7aa6cb3e1f53bf2b609802e38/2213/14298449/6/Honda-CR_V_Hybrid-2026.jpg'},{url:'https://imagescdn.d2cmedia.ca/cb275365f7aa6cb3e1f53bf2b609802e38/2213/14298449/7/Honda-CR_V_Hybrid-2026.jpg'},{url:'https://imagescdn.d2cmedia.ca/cb275365f7aa6cb3e1f53bf2b609802e38/2213/14298449/8/Honda-CR_V_Hybrid-2026.jpg'}]",0,KM,https://www.maplehonda.com/new/inventory/2026-Honda-CR_V_Hybrid-id14298449.html,2026 Honda CR-V Hybrid CRV EXL 4WD at Maple Honda,52497 CAD,New,White,,2213,Maple Honda,+1-905-832-1202,"{addr1: '89 Auto Vaughan Dr.', city: 'Maple', region: 'Ontario', postal_code: 'L6A 4A1', country: 'CA'}",43.8590000000,-79.5370000000,,,,,https://www.maplehonda.com/privacy-policy.html,New,2213,In stock,,52497 CAD,Free,
2HKRS6H77VH205010,2HKRS6H77VH205010,015127-new,Honda,CR-V Hybrid,CRV EXL HYB 4WD,2027,AUTOMATIC,SUV,HYBRID,,"2027 Honda CR-V Hybrid CRV EXL HYB 4WD, Black exterior","[{url:'https://carimages.d2cmedia.ca/newcarimages/en/cb6ac7b4b4bf741/Honda/CR-V Hybrid/2027/1200/491166-Q1JWIEVYTCBIWUIgNFdE/Black/front45.png'},{url:'https://carimages.d2cmedia.ca/newcarimages/fr/cb6ac78df9b21d6/Honda/CR-V Hybrid/2027/640/491166-Q1JWIEVYTCBIWUIgNFdE/Black/front_45_degree.png'},{url:'https://carimages.d2cmedia.ca/newcarimages/fr/cb6ac78df9b21d6/Honda/CR-V Hybrid/2027/2100/491166-Q1JWIEVYTCBIWUIgNFdE/Black/front_45_degree.png'}]",0,KM,https://www.maplehonda.com/new/inventory/2027-Honda-CR_V_Hybrid-id14496891.html,2027 Honda CR-V Hybrid CRV EXL HYB 4WD at Maple Honda,52993 CAD,New,Black,,2213,Maple Honda,+1-905-832-1202,"{addr1: '89 Auto Vaughan Dr.', city: 'Maple', region: 'Ontario', postal_code: 'L6A 4A1', country: 'CA'}",43.8590000000,-79.5370000000,,,,,https://www.maplehonda.com/privacy-policy.html,New,2213,In stock,,52993 CAD,Free,
2HKRS6H95TH246394,2HKRS6H95TH246394,144326-new,Honda,CR-V Hybrid,CRV TOURING,2026,AUTOMATIC,SUV,HYBRID,,"2026 Honda CR-V Hybrid CRV TOURING, White exterior","[{url:'https://imagescdn.d2cmedia.ca/cbf8d350e44dc5ede28ff826a93eea79a3/2213/14054550/1/Honda-CR_V Hybrid-2026.jpg'},{url:'https://imagescdn.d2cmedia.ca/s8f8d350e44dc5ede28ff826a93eea79a3/2213/14054550/1/Honda-CR_V_Hybrid-2026.jpg'},{url:'https://imagescdn.d2cmedia.ca/cbf8d350e44dc5ede28ff826a93eea79a3/2213/14054550/1/Honda-CR_V_Hybrid-2026.jpg'},{url:'https://imagescdn.d2cmedia.ca/cbf8d350e44dc5ede28ff826a93eea79a3/2213/14054550/2/Honda-CR_V_Hybrid-2026.jpg'},{url:'https://imagescdn.d2cmedia.ca/cbf8d350e44dc5ede28ff826a93eea79a3/2213/14054550/3/Honda-CR_V_Hybrid-2026.jpg'},{url:'https://imagescdn.d2cmedia.ca/cbf8d350e44dc5ede28ff826a93eea79a3/2213/14054550/4/Honda-CR_V_Hybrid-2026.jpg'},{url:'https://imagescdn.d2cmedia.ca/cbf8d350e44dc5ede28ff826a93eea79a3/2213/14054550/5/Honda-CR_V_Hybrid-2026.jpg'},{url:'https://imagescdn.d2cmedia.ca/cbf8d350e44dc5ede28ff826a93eea79a3/2213/14054550/6/Honda-CR_V_Hybrid-2026.jpg'},{url:'https://imagescdn.d2cmedia.ca/cbf8d350e44dc5ede28ff826a93eea79a3/2213/14054550/7/Honda-CR_V_Hybrid-2026.jpg'},{url:'https://imagescdn.d2cmedia.ca/cbf8d350e44dc5ede28ff826a93eea79a3/2213/14054550/8/Honda-CR_V_Hybrid-2026.jpg'}]",0,KM,https://www.maplehonda.com/new/inventory/2026-Honda-CR_V_Hybrid-id14054550.html,2026 Honda CR-V Hybrid CRV TOURING at Maple Honda,54993 CAD,New,White,,2213,Maple Honda,+1-905-832-1202,"{addr1: '89 Auto Vaughan Dr.', city: 'Maple', region: 'Ontario', postal_code: 'L6A 4A1', country: 'CA'}",43.8590000000,-79.5370000000,,,,,https://www.maplehonda.com/privacy-policy.html,New,2213,In stock,,54993 CAD,Free,
2HKRS6H91TH234811,2HKRS6H91TH234811,169726-new,Honda,CR-V Hybrid,CRV TOURING,2026,AUTOMATIC,SUV,HYBRID,,"2026 Honda CR-V Hybrid CRV TOURING, White exterior","[{url:'https://imagescdn.d2cmedia.ca/cbcd79b9e510447e7197701005884420c0/2213/14439649/1/Honda-CR_V Hybrid-2026.jpg'},{url:'https://imagescdn.d2cmedia.ca/s8cd79b9e510447e7197701005884420c0/2213/14439649/1/Honda-CR_V_Hybrid-2026.jpg'},{url:'https://imagescdn.d2cmedia.ca/cbcd79b9e510447e7197701005884420c0/2213/14439649/1/Honda-CR_V_Hybrid-2026.jpg'},{url:'https://imagescdn.d2cmedia.ca/cbcd79b9e510447e7197701005884420c0/2213/14439649/2/Honda-CR_V_Hybrid-2026.jpg'},{url:'https://imagescdn.d2cmedia.ca/cbcd79b9e510447e7197701005884420c0/2213/14439649/3/Honda-CR_V_Hybrid-2026.jpg'},{url:'https://imagescdn.d2cmedia.ca/cbcd79b9e510447e7197701005884420c0/2213/14439649/4/Honda-CR_V_Hybrid-2026.jpg'},{url:'https://imagescdn.d2cmedia.ca/cbcd79b9e510447e7197701005884420c0/2213/14439649/5/Honda-CR_V_Hybrid-2026.jpg'},{url:'https://imagescdn.d2cmedia.ca/cbcd79b9e510447e7197701005884420c0/2213/14439649/6/Honda-CR_V_Hybrid-2026.jpg'},{url:'https://imagescdn.d2cmedia.ca/cbcd79b9e510447e7197701005884420c0/2213/14439649/7/Honda-CR_V_Hybrid-2026.jpg'},{url:'https://imagescdn.d2cmedia.ca/cbcd79b9e510447e7197701005884420c0/2213/14439649/8/Honda-CR_V_Hybrid-2026.jpg'}]",0,KM,https://www.maplehonda.com/new/inventory/2026-Honda-CR_V_Hybrid-id14439649.html,2026 Honda CR-V Hybrid CRV TOURING at Maple Honda,54993 CAD,New,White,,2213,Maple Honda,+1-905-832-1202,"{addr1: '89 Auto Vaughan Dr.', city: 'Maple', region: 'Ontario', postal_code: 'L6A 4A1', country: 'CA'}",43.8590000000,-79.5370000000,,,,,https://www.maplehonda.com/privacy-policy.html,New,2213,In stock,,54993 CAD,Free,
2HKRS6H95TH250008,2HKRS6H95TH250008,171026-new,Honda,CR-V Hybrid,CRV TOURING,2026,AUTOMATIC,SUV,HYBRID,,"2026 Honda CR-V Hybrid CRV TOURING, White exterior","[{url:'https://imagescdn.d2cmedia.ca/cb5e70d9a5b4ea52a60f4fd696cb6e8df1/2213/14439652/1/Honda-CR_V Hybrid-2026.jpg'},{url:'https://imagescdn.d2cmedia.ca/s85e70d9a5b4ea52a60f4fd696cb6e8df1/2213/14439652/1/Honda-CR_V_Hybrid-2026.jpg'},{url:'https://imagescdn.d2cmedia.ca/cb5e70d9a5b4ea52a60f4fd696cb6e8df1/2213/14439652/1/Honda-CR_V_Hybrid-2026.jpg'},{url:'https://imagescdn.d2cmedia.ca/cb5e70d9a5b4ea52a60f4fd696cb6e8df1/2213/14439652/2/Honda-CR_V_Hybrid-2026.jpg'},{url:'https://imagescdn.d2cmedia.ca/cb5e70d9a5b4ea52a60f4fd696cb6e8df1/2213/14439652/3/Honda-CR_V_Hybrid-2026.jpg'},{url:'https://imagescdn.d2cmedia.ca/cb5e70d9a5b4ea52a60f4fd696cb6e8df1/2213/14439652/4/Honda-CR_V_Hybrid-2026.jpg'},{url:'https://imagescdn.d2cmedia.ca/cb5e70d9a5b4ea52a60f4fd696cb6e8df1/2213/14439652/5/Honda-CR_V_Hybrid-2026.jpg'},{url:'https://imagescdn.d2cmedia.ca/cb5e70d9a5b4ea52a60f4fd696cb6e8df1/2213/14439652/6/Honda-CR_V_Hybrid-2026.jpg'},{url:'https://imagescdn.d2cmedia.ca/cb5e70d9a5b4ea52a60f4fd696cb6e8df1/2213/14439652/7/Honda-CR_V_Hybrid-2026.jpg'},{url:'https://imagescdn.d2cmedia.ca/cb5e70d9a5b4ea52a60f4fd696cb6e8df1/2213/14439652/8/Honda-CR_V_Hybrid-2026.jpg'}]",50,KM,https://www.maplehonda.com/new/inventory/2026-Honda-CR_V_Hybrid-id14439652.html,2026 Honda CR-V Hybrid CRV TOURING at Maple Honda,54993 CAD,New,White,,2213,Maple Honda,+1-905-832-1202,"{addr1: '89 Auto Vaughan Dr.', city: 'Maple', region: 'Ontario', postal_code: 'L6A 4A1', country: 'CA'}",43.8590000000,-79.5370000000,,,,,https://www.maplehonda.com/privacy-policy.html,New,2213,In stock,,54993 CAD,Free,
2HKRS6H99VH204443,2HKRS6H99VH204443,014427-new,Honda,CR-V Hybrid,CRV TOURING HYB 4WD,2027,AUTOMATIC,SUV,HYBRID,,"2027 Honda CR-V Hybrid CRV TOURING HYB 4WD, Grey exterior","[{url:'https://carimages.d2cmedia.ca/newcarimages/en/cb6ac7b4b4bf741/Honda/CR-V Hybrid/2027/1200/491167-Q1JWIFRPVVJJTkcgSFlCIDRXRA/Gray/front45.png'},{url:'https://carimages.d2cmedia.ca/newcarimages/fr/cb6ac78df9b21d6/Honda/CR-V Hybrid/2027/640/491167-Q1JWIFRPVVJJTkcgSFlCIDRXRA/grey/front_45_degree.png'},{url:'https://carimages.d2cmedia.ca/newcarimages/fr/cb6ac78df9b21d6/Honda/CR-V Hybrid/2027/2100/491167-Q1JWIFRPVVJJTkcgSFlCIDRXRA/grey/front_45_degree.png'}]",50,KM,https://www.maplehonda.com/new/inventory/2027-Honda-CR_V_Hybrid-id14475496.html,2027 Honda CR-V Hybrid CRV TOURING HYB 4WD at Maple Honda,55497 CAD,New,Grey,,2213,Maple Honda,+1-905-832-1202,"{addr1: '89 Auto Vaughan Dr.', city: 'Maple', region: 'Ontario', postal_code: 'L6A 4A1', country: 'CA'}",43.8590000000,-79.5370000000,,,,,https://www.maplehonda.com/privacy-policy.html,New,2213,In stock,,55497 CAD,Free,
2HKRS6H95VH204617,2HKRS6H95VH204617,014527-new,Honda,CR-V Hybrid,CRV TOURING HYB 4WD,2027,AUTOMATIC,SUV,HYBRID,,"2027 Honda CR-V Hybrid CRV TOURING HYB 4WD, Grey exterior","[{url:'https://carimages.d2cmedia.ca/newcarimages/en/cb6ac7b4b4bf741/Honda/CR-V Hybrid/2027/1200/491167-Q1JWIFRPVVJJTkcgSFlCIDRXRA/Gray/front45.png'},{url:'https://carimages.d2cmedia.ca/newcarimages/fr/cb6ac78df9b21d6/Honda/CR-V Hybrid/2027/640/491167-Q1JWIFRPVVJJTkcgSFlCIDRXRA/grey/front_45_degree.png'},{url:'https://carimages.d2cmedia.ca/newcarimages/fr/cb6ac78df9b21d6/Honda/CR-V Hybrid/2027/2100/491167-Q1JWIFRPVVJJTkcgSFlCIDRXRA/grey/front_45_degree.png'}]",50,KM,https://www.maplehonda.com/new/inventory/2027-Honda-CR_V_Hybrid-id14475497.html,2027 Honda CR-V Hybrid CRV TOURING HYB 4WD at Maple Honda,55497 CAD,New,Grey,,2213,Maple Honda,+1-905-832-1202,"{addr1: '89 Auto Vaughan Dr.', city: 'Maple', region: 'Ontario', postal_code: 'L6A 4A1', country: 'CA'}",43.8590000000,-79.5370000000,,,,,https://www.maplehonda.com/privacy-policy.html,New,2213,In stock,,55497 CAD,Free,
2HKRS6H9XVH204435,2HKRS6H9XVH204435,014627-new,Honda,CR-V Hybrid,CRV TOURING HYB 4WD,2027,AUTOMATIC,SUV,HYBRID,,"2027 Honda CR-V Hybrid CRV TOURING HYB 4WD, Grey exterior","[{url:'https://carimages.d2cmedia.ca/newcarimages/en/cb6ac7b4b4bf741/Honda/CR-V Hybrid/2027/1200/491167-Q1JWIFRPVVJJTkcgSFlCIDRXRA/Gray/front45.png'},{url:'https://carimages.d2cmedia.ca/newcarimages/fr/cb6ac78df9b21d6/Honda/CR-V Hybrid/2027/640/491167-Q1JWIFRPVVJJTkcgSFlCIDRXRA/grey/front_45_degree.png'},{url:'https://carimages.d2cmedia.ca/newcarimages/fr/cb6ac78df9b21d6/Honda/CR-V Hybrid/2027/2100/491167-Q1JWIFRPVVJJTkcgSFlCIDRXRA/grey/front_45_degree.png'}]",50,KM,https://www.maplehonda.com/new/inventory/2027-Honda-CR_V_Hybrid-id14475498.html,2027 Honda CR-V Hybrid CRV TOURING HYB 4WD at Maple Honda,55727 CAD,New,Grey,,2213,Maple Honda,+1-905-832-1202,"{addr1: '89 Auto Vaughan Dr.', city: 'Maple', region: 'Ontario', postal_code: 'L6A 4A1', country: 'CA'}",43.8590000000,-79.5370000000,,,,,https://www.maplehonda.com/privacy-policy.html,New,2213,In stock,,55727 CAD,Free,
1HGCY2F75TA802047,1HGCY2F75TA802047,159826-new,Honda,Accord Hybrid,SP-L HYB,2026,AUTOMATIC,SEDAN,HYBRID,,"2026 Honda Accord Hybrid SP-L HYB, Grey exterior","[{url:'https://carimages.d2cmedia.ca/newcarimages/en/cb6ac7b4b4bf741/Honda/Accord Hybrid/2026/1200/483347-QUNDT1JEIFNQLUwgSFlC/Gray/front45.png'},{url:'https://carimages.d2cmedia.ca/newcarimages/en/cb6ac7b4b4bf741/Honda/Accord Hybrid/2026/1280/483347/grey/front_45_degree.png'},{url:'https://carimages.d2cmedia.ca/newcarimages/en/cb6ac7b4b4bf741/Honda/Accord Hybrid/2026/2100/483347/grey/front_45_degree.png'},{url:'https://carimages.d2cmedia.ca/newcarimages/en/cb6ac7b4b4bf741/Honda/Accord Hybrid/2026/2100/483347/grey/profile.png'},{url:'https://carimages.d2cmedia.ca/newcarimages/en/cb6ac7b4b4bf741/Honda/Accord Hybrid/2026/2100/483347/grey/back_45_degree.png'},{url:'https://carimages.d2cmedia.ca/newcarimages/en/cb6ac7b4b4bf741/Honda/Accord Hybrid/2026/2100/483347/grey/driver_dashboard.png'},{url:'https://carimages.d2cmedia.ca/newcarimages/en/cb6ac7b4b4bf741/Honda/Accord Hybrid/2026/2100/483347/grey/full_dashboard.png'},{url:'https://carimages.d2cmedia.ca/newcarimages/en/cb6ac7b4b4bf741/Honda/Accord Hybrid/2026/2100/483347/grey/interior_driver_open_seat.png'},{url:'https://carimages.d2cmedia.ca/newcarimages/en/cb6ac7b4b4bf741/Honda/Accord Hybrid/2026/2100/483347/grey/interior_driver_stereo.png'},{url:'https://carimages.d2cmedia.ca/newcarimages/en/cb6ac7b4b4bf741/Honda/Accord Hybrid/2026/2100/483347/grey/interior_driver_reat_seats.png'}]",0,KM,https://www.maplehonda.com/new/inventory/2026-Honda-Accord_Hybrid-id14237366.html,2026 Honda Accord Hybrid SP-L HYB at Maple Honda,47327 CAD,New,Grey,,2213,Maple Honda,+1-905-832-1202,"{addr1: '89 Auto Vaughan Dr.', city: 'Maple', region: 'Ontario', postal_code: 'L6A 4A1', country: 'CA'}",43.8590000000,-79.5370000000,,,,,https://www.maplehonda.com/privacy-policy.html,New,2213,In stock,,47327 CAD,Free,
1HGCY2F88TA800947,1HGCY2F88TA800947,115226-new,Honda,Accord Hybrid,TOUR HYB,2026,AUTOMATIC,SEDAN,HYBRID,,"2026 Honda Accord Hybrid TOUR HYB, SOLAR REFLECTIO exterior","[{url:'https://imagescdn.d2cmedia.ca/cb21481a9c87f348b20cacda529c2838b2/2213/13765533/1/Honda-Accord Hybrid-2026.jpg'},{url:'https://imagescdn.d2cmedia.ca/s821481a9c87f348b20cacda529c2838b2/2213/13765533/1/Honda-Accord_Hybrid-2026.jpg'},{url:'https://imagescdn.d2cmedia.ca/cb21481a9c87f348b20cacda529c2838b2/2213/13765533/1/Honda-Accord_Hybrid-2026.jpg'},{url:'https://imagescdn.d2cmedia.ca/cb21481a9c87f348b20cacda529c2838b2/2213/13765533/2/Honda-Accord_Hybrid-2026.jpg'},{url:'https://imagescdn.d2cmedia.ca/cb21481a9c87f348b20cacda529c2838b2/2213/13765533/3/Honda-Accord_Hybrid-2026.jpg'},{url:'https://imagescdn.d2cmedia.ca/cb21481a9c87f348b20cacda529c2838b2/2213/13765533/4/Honda-Accord_Hybrid-2026.jpg'},{url:'https://imagescdn.d2cmedia.ca/cb21481a9c87f348b20cacda529c2838b2/2213/13765533/5/Honda-Accord_Hybrid-2026.jpg'},{url:'https://imagescdn.d2cmedia.ca/cb21481a9c87f348b20cacda529c2838b2/2213/13765533/6/Honda-Accord_Hybrid-2026.jpg'},{url:'https://imagescdn.d2cmedia.ca/cb21481a9c87f348b20cacda529c2838b2/2213/13765533/7/Honda-Accord_Hybrid-2026.jpg'},{url:'https://imagescdn.d2cmedia.ca/cb21481a9c87f348b20cacda529c2838b2/2213/13765533/8/Honda-Accord_Hybrid-2026.jpg'}]",0,KM,https://www.maplehonda.com/new/inventory/2026-Honda-Accord_Hybrid-id13765533.html,2026 Honda Accord Hybrid TOUR HYB at Maple Honda,49261 CAD,New,SOLAR REFLECTIO,,2213,Maple Honda,+1-905-832-1202,"{addr1: '89 Auto Vaughan Dr.', city: 'Maple', region: 'Ontario', postal_code: 'L6A 4A1', country: 'CA'}",43.8590000000,-79.5370000000,,,,,https://www.maplehonda.com/privacy-policy.html,New,2213,In stock,,49261 CAD,Free,
1HGCY2F80TA800361,1HGCY2F80TA800361,080426-new,Honda,Accord Hybrid,TOUR HYB,2026,AUTOMATIC,SEDAN,HYBRID,,"2026 Honda Accord Hybrid TOUR HYB, SOLAR REFLECTIO exterior","[{url:'https://imagescdn.d2cmedia.ca/cb2e0a014f4292d3617791f6de0269c01b/2213/13474596/1/Honda-Accord Hybrid-2026.jpg'},{url:'https://imagescdn.d2cmedia.ca/s82e0a014f4292d3617791f6de0269c01b/2213/13474596/1/Honda-Accord_Hybrid-2026.jpg'},{url:'https://imagescdn.d2cmedia.ca/cb2e0a014f4292d3617791f6de0269c01b/2213/13474596/1/Honda-Accord_Hybrid-2026.jpg'},{url:'https://imagescdn.d2cmedia.ca/cb2e0a014f4292d3617791f6de0269c01b/2213/13474596/2/Honda-Accord_Hybrid-2026.jpg'},{url:'https://imagescdn.d2cmedia.ca/cb2e0a014f4292d3617791f6de0269c01b/2213/13474596/3/Honda-Accord_Hybrid-2026.jpg'},{url:'https://imagescdn.d2cmedia.ca/cb2e0a014f4292d3617791f6de0269c01b/2213/13474596/4/Honda-Accord_Hybrid-2026.jpg'},{url:'https://imagescdn.d2cmedia.ca/cb2e0a014f4292d3617791f6de0269c01b/2213/13474596/5/Honda-Accord_Hybrid-2026.jpg'},{url:'https://imagescdn.d2cmedia.ca/cb2e0a014f4292d3617791f6de0269c01b/2213/13474596/6/Honda-Accord_Hybrid-2026.jpg'},{url:'https://imagescdn.d2cmedia.ca/cb2e0a014f4292d3617791f6de0269c01b/2213/13474596/7/Honda-Accord_Hybrid-2026.jpg'},{url:'https://imagescdn.d2cmedia.ca/cb2e0a014f4292d3617791f6de0269c01b/2213/13474596/8/Honda-Accord_Hybrid-2026.jpg'}]",50,KM,https://www.maplehonda.com/new/inventory/2026-Honda-Accord_Hybrid-id13474596.html,2026 Honda Accord Hybrid TOUR HYB at Maple Honda,49261 CAD,New,SOLAR REFLECTIO,,2213,Maple Honda,+1-905-832-1202,"{addr1: '89 Auto Vaughan Dr.', city: 'Maple', region: 'Ontario', postal_code: 'L6A 4A1', country: 'CA'}",43.8590000000,-79.5370000000,,,,,https://www.maplehonda.com/privacy-policy.html,New,2213,In stock,,49261 CAD,Free,
1HGCY2F89TA801394,1HGCY2F89TA801394,126626-new,Honda,Accord Hybrid,TOUR HYB,2026,AUTOMATIC,SEDAN,HYBRID,,"2026 Honda Accord Hybrid TOUR HYB, Grey exterior","[{url:'https://imagescdn.d2cmedia.ca/cb510f793843f197b0d794753564c189a2/2213/13884740/1/Honda-Accord Hybrid-2026.jpg'},{url:'https://imagescdn.d2cmedia.ca/s8510f793843f197b0d794753564c189a2/2213/13884740/1/Honda-Accord_Hybrid-2026.jpg'},{url:'https://imagescdn.d2cmedia.ca/cb510f793843f197b0d794753564c189a2/2213/13884740/1/Honda-Accord_Hybrid-2026.jpg'},{url:'https://imagescdn.d2cmedia.ca/cb510f793843f197b0d794753564c189a2/2213/13884740/2/Honda-Accord_Hybrid-2026.jpg'},{url:'https://imagescdn.d2cmedia.ca/cb510f793843f197b0d794753564c189a2/2213/13884740/3/Honda-Accord_Hybrid-2026.jpg'},{url:'https://imagescdn.d2cmedia.ca/cb510f793843f197b0d794753564c189a2/2213/13884740/4/Honda-Accord_Hybrid-2026.jpg'},{url:'https://imagescdn.d2cmedia.ca/cb510f793843f197b0d794753564c189a2/2213/13884740/5/Honda-Accord_Hybrid-2026.jpg'},{url:'https://imagescdn.d2cmedia.ca/cb510f793843f197b0d794753564c189a2/2213/13884740/6/Honda-Accord_Hybrid-2026.jpg'},{url:'https://imagescdn.d2cmedia.ca/cb510f793843f197b0d794753564c189a2/2213/13884740/7/Honda-Accord_Hybrid-2026.jpg'},{url:'https://imagescdn.d2cmedia.ca/cb510f793843f197b0d794753564c189a2/2213/13884740/8/Honda-Accord_Hybrid-2026.jpg'}]",0,KM,https://www.maplehonda.com/new/inventory/2026-Honda-Accord_Hybrid-id13884740.html,2026 Honda Accord Hybrid TOUR HYB at Maple Honda,49811 CAD,New,Grey,,2213,Maple Honda,+1-905-832-1202,"{addr1: '89 Auto Vaughan Dr.', city: 'Maple', region: 'Ontario', postal_code: 'L6A 4A1', country: 'CA'}",43.8590000000,-79.5370000000,,,,,https://www.maplehonda.com/privacy-policy.html,New,2213,In stock,,49811 CAD,Free,
1HGCY2F84TA800315,1HGCY2F84TA800315,080526-new,Honda,Accord Hybrid,TOUR HYB,2026,AUTOMATIC,SEDAN,HYBRID,,"2026 Honda Accord Hybrid TOUR HYB, White exterior","[{url:'https://imagescdn.d2cmedia.ca/cbefa2bd46da403870973ae017bac899ad/2213/13474597/1/Honda-Accord Hybrid-2026.jpg'},{url:'https://imagescdn.d2cmedia.ca/s8efa2bd46da403870973ae017bac899ad/2213/13474597/1/Honda-Accord_Hybrid-2026.jpg'},{url:'https://imagescdn.d2cmedia.ca/cbefa2bd46da403870973ae017bac899ad/2213/13474597/1/Honda-Accord_Hybrid-2026.jpg'},{url:'https://imagescdn.d2cmedia.ca/cbefa2bd46da403870973ae017bac899ad/2213/13474597/2/Honda-Accord_Hybrid-2026.jpg'},{url:'https://imagescdn.d2cmedia.ca/cbefa2bd46da403870973ae017bac899ad/2213/13474597/3/Honda-Accord_Hybrid-2026.jpg'},{url:'https://imagescdn.d2cmedia.ca/cbefa2bd46da403870973ae017bac899ad/2213/13474597/4/Honda-Accord_Hybrid-2026.jpg'},{url:'https://imagescdn.d2cmedia.ca/cbefa2bd46da403870973ae017bac899ad/2213/13474597/5/Honda-Accord_Hybrid-2026.jpg'},{url:'https://imagescdn.d2cmedia.ca/cbefa2bd46da403870973ae017bac899ad/2213/13474597/6/Honda-Accord_Hybrid-2026.jpg'},{url:'https://imagescdn.d2cmedia.ca/cbefa2bd46da403870973ae017bac899ad/2213/13474597/7/Honda-Accord_Hybrid-2026.jpg'},{url:'https://imagescdn.d2cmedia.ca/cbefa2bd46da403870973ae017bac899ad/2213/13474597/8/Honda-Accord_Hybrid-2026.jpg'}]",50,KM,https://www.maplehonda.com/new/inventory/2026-Honda-Accord_Hybrid-id13474597.html,2026 Honda Accord Hybrid TOUR HYB at Maple Honda,49811 CAD,New,White,,2213,Maple Honda,+1-905-832-1202,"{addr1: '89 Auto Vaughan Dr.', city: 'Maple', region: 'Ontario', postal_code: 'L6A 4A1', country: 'CA'}",43.8590000000,-79.5370000000,,,,,https://www.maplehonda.com/privacy-policy.html,New,2213,In stock,,49811 CAD,Free,
1HGCY2F86TA801515,1HGCY2F86TA801515,130326-new,Honda,Accord Hybrid,TOUR HYB,2026,AUTOMATIC,SEDAN,HYBRID,,"2026 Honda Accord Hybrid TOUR HYB, Black exterior","[{url:'https://imagescdn.d2cmedia.ca/cbd86171dca0203181443109b23a9f6fc6/2213/13917765/1/Honda-Accord Hybrid-2026.jpg'},{url:'https://imagescdn.d2cmedia.ca/s8d86171dca0203181443109b23a9f6fc6/2213/13917765/1/Honda-Accord_Hybrid-2026.jpg'},{url:'https://imagescdn.d2cmedia.ca/cbd86171dca0203181443109b23a9f6fc6/2213/13917765/1/Honda-Accord_Hybrid-2026.jpg'},{url:'https://imagescdn.d2cmedia.ca/cbd86171dca0203181443109b23a9f6fc6/2213/13917765/2/Honda-Accord_Hybrid-2026.jpg'},{url:'https://imagescdn.d2cmedia.ca/cbd86171dca0203181443109b23a9f6fc6/2213/13917765/3/Honda-Accord_Hybrid-2026.jpg'},{url:'https://imagescdn.d2cmedia.ca/cbd86171dca0203181443109b23a9f6fc6/2213/13917765/4/Honda-Accord_Hybrid-2026.jpg'},{url:'https://imagescdn.d2cmedia.ca/cbd86171dca0203181443109b23a9f6fc6/2213/13917765/5/Honda-Accord_Hybrid-2026.jpg'},{url:'https://imagescdn.d2cmedia.ca/cbd86171dca0203181443109b23a9f6fc6/2213/13917765/6/Honda-Accord_Hybrid-2026.jpg'},{url:'https://imagescdn.d2cmedia.ca/cbd86171dca0203181443109b23a9f6fc6/2213/13917765/7/Honda-Accord_Hybrid-2026.jpg'},{url:'https://imagescdn.d2cmedia.ca/cbd86171dca0203181443109b23a9f6fc6/2213/13917765/8/Honda-Accord_Hybrid-2026.jpg'}]",50,KM,https://www.maplehonda.com/new/inventory/2026-Honda-Accord_Hybrid-id13917765.html,2026 Honda Accord Hybrid TOUR HYB at Maple Honda,49811 CAD,New,Black,,2213,Maple Honda,+1-905-832-1202,"{addr1: '89 Auto Vaughan Dr.', city: 'Maple', region: 'Ontario', postal_code: 'L6A 4A1', country: 'CA'}",43.8590000000,-79.5370000000,,,,,https://www.maplehonda.com/privacy-policy.html,New,2213,In stock,,49811 CAD,Free,
1HGCY2F89TA802142,1HGCY2F89TA802142,168726-new,Honda,Accord Hybrid,TOUR HYB,2026,AUTOMATIC,SEDAN,HYBRID,,"2026 Honda Accord Hybrid TOUR HYB, Blue exterior","[{url:'https://imagescdn.d2cmedia.ca/cbf59c9fcfe21a0ba1e98acb74eeba8568/2213/14386505/1/Honda-Accord Hybrid-2026.jpg'},{url:'https://imagescdn.d2cmedia.ca/s8f59c9fcfe21a0ba1e98acb74eeba8568/2213/14386505/1/Honda-Accord_Hybrid-2026.jpg'},{url:'https://imagescdn.d2cmedia.ca/cbf59c9fcfe21a0ba1e98acb74eeba8568/2213/14386505/1/Honda-Accord_Hybrid-2026.jpg'},{url:'https://imagescdn.d2cmedia.ca/cbf59c9fcfe21a0ba1e98acb74eeba8568/2213/14386505/2/Honda-Accord_Hybrid-2026.jpg'},{url:'https://imagescdn.d2cmedia.ca/cbf59c9fcfe21a0ba1e98acb74eeba8568/2213/14386505/3/Honda-Accord_Hybrid-2026.jpg'},{url:'https://imagescdn.d2cmedia.ca/cbf59c9fcfe21a0ba1e98acb74eeba8568/2213/14386505/4/Honda-Accord_Hybrid-2026.jpg'},{url:'https://imagescdn.d2cmedia.ca/cbf59c9fcfe21a0ba1e98acb74eeba8568/2213/14386505/5/Honda-Accord_Hybrid-2026.jpg'},{url:'https://imagescdn.d2cmedia.ca/cbf59c9fcfe21a0ba1e98acb74eeba8568/2213/14386505/6/Honda-Accord_Hybrid-2026.jpg'},{url:'https://imagescdn.d2cmedia.ca/cbf59c9fcfe21a0ba1e98acb74eeba8568/2213/14386505/7/Honda-Accord_Hybrid-2026.jpg'},{url:'https://imagescdn.d2cmedia.ca/cbf59c9fcfe21a0ba1e98acb74eeba8568/2213/14386505/8/Honda-Accord_Hybrid-2026.jpg'}]",0,KM,https://www.maplehonda.com/new/inventory/2026-Honda-Accord_Hybrid-id14386505.html,2026 Honda Accord Hybrid TOUR HYB at Maple Honda,49827 CAD,New,Blue,,2213,Maple Honda,+1-905-832-1202,"{addr1: '89 Auto Vaughan Dr.', city: 'Maple', region: 'Ontario', postal_code: 'L6A 4A1', country: 'CA'}",43.8590000000,-79.5370000000,,,,,https://www.maplehonda.com/privacy-policy.html,New,2213,In stock,,49827 CAD,Free,
1HGCY2F80TA802367,1HGCY2F80TA802367,170326-new,Honda,Accord Hybrid,TOUR HYB,2026,AUTOMATIC,SEDAN,HYBRID,,"2026 Honda Accord Hybrid TOUR HYB, White exterior","[{url:'https://imagescdn.d2cmedia.ca/cb739c54c0629f17553c4c6e108270b560/2213/14433008/1/Honda-Accord Hybrid-2026.jpg'},{url:'https://imagescdn.d2cmedia.ca/s8739c54c0629f17553c4c6e108270b560/2213/14433008/1/Honda-Accord_Hybrid-2026.jpg'},{url:'https://imagescdn.d2cmedia.ca/cb739c54c0629f17553c4c6e108270b560/2213/14433008/1/Honda-Accord_Hybrid-2026.jpg'},{url:'https://imagescdn.d2cmedia.ca/cb739c54c0629f17553c4c6e108270b560/2213/14433008/2/Honda-Accord_Hybrid-2026.jpg'},{url:'https://imagescdn.d2cmedia.ca/cb739c54c0629f17553c4c6e108270b560/2213/14433008/3/Honda-Accord_Hybrid-2026.jpg'},{url:'https://imagescdn.d2cmedia.ca/cb739c54c0629f17553c4c6e108270b560/2213/14433008/4/Honda-Accord_Hybrid-2026.jpg'},{url:'https://imagescdn.d2cmedia.ca/cb739c54c0629f17553c4c6e108270b560/2213/14433008/5/Honda-Accord_Hybrid-2026.jpg'},{url:'https://imagescdn.d2cmedia.ca/cb739c54c0629f17553c4c6e108270b560/2213/14433008/6/Honda-Accord_Hybrid-2026.jpg'},{url:'https://imagescdn.d2cmedia.ca/cb739c54c0629f17553c4c6e108270b560/2213/14433008/7/Honda-Accord_Hybrid-2026.jpg'},{url:'https://imagescdn.d2cmedia.ca/cb739c54c0629f17553c4c6e108270b560/2213/14433008/8/Honda-Accord_Hybrid-2026.jpg'}]",0,KM,https://www.maplehonda.com/new/inventory/2026-Honda-Accord_Hybrid-id14433008.html,2026 Honda Accord Hybrid TOUR HYB at Maple Honda,49827 CAD,New,White,,2213,Maple Honda,+1-905-832-1202,"{addr1: '89 Auto Vaughan Dr.', city: 'Maple', region: 'Ontario', postal_code: 'L6A 4A1', country: 'CA'}",43.8590000000,-79.5370000000,,,,,https://www.maplehonda.com/privacy-policy.html,New,2213,In stock,,49827 CAD,Free,
5FNRL6H4XVB500684,5FNRL6H4XVB500684,011427-new,Honda,Odyssey,SPORT,2027,AUTOMATIC,SUV,GASOLINE,,"2027 Honda Odyssey SPORT, Black exterior","[{url:'https://carimages.d2cmedia.ca/newcarimages/en/cb6ac7b4b4bf741/Honda/Odyssey/2027/1200/490409-U1BPUlQ/black/front45.png'},{url:'https://carimages.d2cmedia.ca/newcarimages/en/cb6ac7b4b4bf741/Honda/Odyssey/2027/1280/490409/black/front_45_degree.png'},{url:'https://carimages.d2cmedia.ca/newcarimages/en/cb6ac7b4b4bf741/Honda/Odyssey/2027/2100/490409/black/front_45_degree.png'},{url:'https://carimages.d2cmedia.ca/newcarimages/en/cb6ac7b4b4bf741/Honda/Odyssey/2027/2100/490409/black/profile.png'},{url:'https://carimages.d2cmedia.ca/newcarimages/en/cb6ac7b4b4bf741/Honda/Odyssey/2027/2100/490409/black/back_45_degree.png'},{url:'https://carimages.d2cmedia.ca/newcarimages/en/cb6ac7b4b4bf741/Honda/Odyssey/2027/2100/490409/black/driver_dashboard.png'},{url:'https://carimages.d2cmedia.ca/newcarimages/en/cb6ac7b4b4bf741/Honda/Odyssey/2027/2100/490409/black/full_dashboard.png'},{url:'https://carimages.d2cmedia.ca/newcarimages/en/cb6ac7b4b4bf741/Honda/Odyssey/2027/2100/490409/black/interior_driver_open_seat.png'},{url:'https://carimages.d2cmedia.ca/newcarimages/en/cb6ac7b4b4bf741/Honda/Odyssey/2027/2100/490409/black/interior_driver_stereo.png'},{url:'https://carimages.d2cmedia.ca/newcarimages/en/cb6ac7b4b4bf741/Honda/Odyssey/2027/2100/490409/black/interior_driver_reat_seats.png'}]",50,KM,https://www.maplehonda.com/new/inventory/2027-Honda-Odyssey-id14420100.html,2027 Honda Odyssey SPORT at Maple Honda,56223 CAD,New,Black,,2213,Maple Honda,+1-905-832-1202,"{addr1: '89 Auto Vaughan Dr.', city: 'Maple', region: 'Ontario', postal_code: 'L6A 4A1', country: 'CA'}",43.8590000000,-79.5370000000,,,,,https://www.maplehonda.com/privacy-policy.html,New,2213,In stock,,56223 CAD,Free,
5FNRL6H76TB503816,5FNRL6H76TB503816,144026-new,Honda,Odyssey,SPORT-L,2026,AUTOMATIC,SUV,GASOLINE,,"2026 Honda Odyssey SPORT-L, Silver exterior","[{url:'https://imagescdn.d2cmedia.ca/cbba72ae7a0ed16244a029838f4a23c9aa/2213/14041398/1/Honda-Odyssey-2026.jpg'},{url:'https://imagescdn.d2cmedia.ca/s8ba72ae7a0ed16244a029838f4a23c9aa/2213/14041398/1/Honda-Odyssey-2026.jpg'},{url:'https://imagescdn.d2cmedia.ca/cbba72ae7a0ed16244a029838f4a23c9aa/2213/14041398/2/Honda-Odyssey-2026.jpg'},{url:'https://imagescdn.d2cmedia.ca/cbba72ae7a0ed16244a029838f4a23c9aa/2213/14041398/3/Honda-Odyssey-2026.jpg'},{url:'https://imagescdn.d2cmedia.ca/cbba72ae7a0ed16244a029838f4a23c9aa/2213/14041398/4/Honda-Odyssey-2026.jpg'},{url:'https://imagescdn.d2cmedia.ca/cbba72ae7a0ed16244a029838f4a23c9aa/2213/14041398/5/Honda-Odyssey-2026.jpg'},{url:'https://imagescdn.d2cmedia.ca/cbba72ae7a0ed16244a029838f4a23c9aa/2213/14041398/6/Honda-Odyssey-2026.jpg'},{url:'https://imagescdn.d2cmedia.ca/cbba72ae7a0ed16244a029838f4a23c9aa/2213/14041398/7/Honda-Odyssey-2026.jpg'},{url:'https://imagescdn.d2cmedia.ca/cbba72ae7a0ed16244a029838f4a23c9aa/2213/14041398/8/Honda-Odyssey-2026.jpg'},{url:'https://imagescdn.d2cmedia.ca/cbba72ae7a0ed16244a029838f4a23c9aa/2213/14041398/9/Honda-Odyssey-2026.jpg'}]",0,KM,https://www.maplehonda.com/new/inventory/2026-Honda-Odyssey-id14041398.html,2026 Honda Odyssey SPORT-L at Maple Honda,58218 CAD,New,Silver,,2213,Maple Honda,+1-905-832-1202,"{addr1: '89 Auto Vaughan Dr.', city: 'Maple', region: 'Ontario', postal_code: 'L6A 4A1', country: 'CA'}",43.8590000000,-79.5370000000,,,,,https://www.maplehonda.com/privacy-policy.html,New,2213,In stock,,58218 CAD,Free,
5FNRL6H87TB503722,5FNRL6H87TB503722,141426-new,Honda,Odyssey,TOURING,2026,AUTOMATIC,SUV,GASOLINE,,"2026 Honda Odyssey TOURING, White exterior","[{url:'https://imagescdn.d2cmedia.ca/cb66b1c02a678c286fc2635bbd423e983b/2213/14025588/1/Honda-Odyssey-2026.jpg'},{url:'https://imagescdn.d2cmedia.ca/s866b1c02a678c286fc2635bbd423e983b/2213/14025588/1/Honda-Odyssey-2026.jpg'},{url:'https://imagescdn.d2cmedia.ca/cb66b1c02a678c286fc2635bbd423e983b/2213/14025588/2/Honda-Odyssey-2026.jpg'},{url:'https://imagescdn.d2cmedia.ca/cb66b1c02a678c286fc2635bbd423e983b/2213/14025588/3/Honda-Odyssey-2026.jpg'},{url:'https://imagescdn.d2cmedia.ca/cb66b1c02a678c286fc2635bbd423e983b/2213/14025588/4/Honda-Odyssey-2026.jpg'},{url:'https://imagescdn.d2cmedia.ca/cb66b1c02a678c286fc2635bbd423e983b/2213/14025588/5/Honda-Odyssey-2026.jpg'},{url:'https://imagescdn.d2cmedia.ca/cb66b1c02a678c286fc2635bbd423e983b/2213/14025588/6/Honda-Odyssey-2026.jpg'},{url:'https://imagescdn.d2cmedia.ca/cb66b1c02a678c286fc2635bbd423e983b/2213/14025588/7/Honda-Odyssey-2026.jpg'},{url:'https://imagescdn.d2cmedia.ca/cb66b1c02a678c286fc2635bbd423e983b/2213/14025588/8/Honda-Odyssey-2026.jpg'},{url:'https://imagescdn.d2cmedia.ca/cb66b1c02a678c286fc2635bbd423e983b/2213/14025588/9/Honda-Odyssey-2026.jpg'}]",50,KM,https://www.maplehonda.com/new/inventory/2026-Honda-Odyssey-id14025588.html,2026 Honda Odyssey TOURING at Maple Honda,63618 CAD,New,White,,2213,Maple Honda,+1-905-832-1202,"{addr1: '89 Auto Vaughan Dr.', city: 'Maple', region: 'Ontario', postal_code: 'L6A 4A1', country: 'CA'}",43.8590000000,-79.5370000000,,,,,https://www.maplehonda.com/privacy-policy.html,New,2213,In stock,,63618 CAD,Free,
5FNRL6H85VB500594,5FNRL6H85VB500594,010727-new,Honda,Odyssey,TOURING,2027,AUTOMATIC,SUV,GASOLINE,,"2027 Honda Odyssey TOURING, Silver exterior","[{url:'https://carimages.d2cmedia.ca/newcarimages/en/cb6ac7b4b4bf741/Honda/Odyssey/2027/1200/490411-VE9VUklORw/gray/front45.png'},{url:'https://carimages.d2cmedia.ca/newcarimages/en/cb6ac7b4b4bf741/Honda/Odyssey/2027/1280/490411/gray/front_45_degree.png'},{url:'https://carimages.d2cmedia.ca/newcarimages/en/cb6ac7b4b4bf741/Honda/Odyssey/2027/2100/490411/gray/front_45_degree.png'},{url:'https://carimages.d2cmedia.ca/newcarimages/en/cb6ac7b4b4bf741/Honda/Odyssey/2027/2100/490411/gray/profile.png'},{url:'https://carimages.d2cmedia.ca/newcarimages/en/cb6ac7b4b4bf741/Honda/Odyssey/2027/2100/490411/gray/back_45_degree.png'},{url:'https://carimages.d2cmedia.ca/newcarimages/en/cb6ac7b4b4bf741/Honda/Odyssey/2027/2100/490411/gray/driver_dashboard.png'},{url:'https://carimages.d2cmedia.ca/newcarimages/en/cb6ac7b4b4bf741/Honda/Odyssey/2027/2100/490411/gray/full_dashboard.png'},{url:'https://carimages.d2cmedia.ca/newcarimages/en/cb6ac7b4b4bf741/Honda/Odyssey/2027/2100/490411/gray/interior_driver_open_seat.png'},{url:'https://carimages.d2cmedia.ca/newcarimages/en/cb6ac7b4b4bf741/Honda/Odyssey/2027/2100/490411/gray/interior_driver_stereo.png'},{url:'https://carimages.d2cmedia.ca/newcarimages/en/cb6ac7b4b4bf741/Honda/Odyssey/2027/2100/490411/gray/interior_driver_reat_seats.png'}]",0,KM,https://www.maplehonda.com/new/inventory/2027-Honda-Odyssey-id14413958.html,2027 Honda Odyssey TOURING at Maple Honda,64623 CAD,New,Silver,,2213,Maple Honda,+1-905-832-1202,"{addr1: '89 Auto Vaughan Dr.', city: 'Maple', region: 'Ontario', postal_code: 'L6A 4A1', country: 'CA'}",43.8590000000,-79.5370000000,,,,,https://www.maplehonda.com/privacy-policy.html,New,2213,In stock,,64623 CAD,Free,
5FNRL6H89VB500775,5FNRL6H89VB500775,013627-new,Honda,Odyssey,TOURING,2027,AUTOMATIC,SUV,GASOLINE,,"2027 Honda Odyssey TOURING, Silver exterior","[{url:'https://carimages.d2cmedia.ca/newcarimages/en/cb6ac7b4b4bf741/Honda/Odyssey/2027/1200/490411-VE9VUklORw/gray/front45.png'},{url:'https://carimages.d2cmedia.ca/newcarimages/en/cb6ac7b4b4bf741/Honda/Odyssey/2027/1280/490411/gray/front_45_degree.png'},{url:'https://carimages.d2cmedia.ca/newcarimages/en/cb6ac7b4b4bf741/Honda/Odyssey/2027/2100/490411/gray/front_45_degree.png'},{url:'https://carimages.d2cmedia.ca/newcarimages/en/cb6ac7b4b4bf741/Honda/Odyssey/2027/2100/490411/gray/profile.png'},{url:'https://carimages.d2cmedia.ca/newcarimages/en/cb6ac7b4b4bf741/Honda/Odyssey/2027/2100/490411/gray/back_45_degree.png'},{url:'https://carimages.d2cmedia.ca/newcarimages/en/cb6ac7b4b4bf741/Honda/Odyssey/2027/2100/490411/gray/driver_dashboard.png'},{url:'https://carimages.d2cmedia.ca/newcarimages/en/cb6ac7b4b4bf741/Honda/Odyssey/2027/2100/490411/gray/full_dashboard.png'},{url:'https://carimages.d2cmedia.ca/newcarimages/en/cb6ac7b4b4bf741/Honda/Odyssey/2027/2100/490411/gray/interior_driver_open_seat.png'},{url:'https://carimages.d2cmedia.ca/newcarimages/en/cb6ac7b4b4bf741/Honda/Odyssey/2027/2100/490411/gray/interior_driver_stereo.png'},{url:'https://carimages.d2cmedia.ca/newcarimages/en/cb6ac7b4b4bf741/Honda/Odyssey/2027/2100/490411/gray/interior_driver_reat_seats.png'}]",50,KM,https://www.maplehonda.com/new/inventory/2027-Honda-Odyssey-id14454840.html,2027 Honda Odyssey TOURING at Maple Honda,64623 CAD,New,Silver,,2213,Maple Honda,+1-905-832-1202,"{addr1: '89 Auto Vaughan Dr.', city: 'Maple', region: 'Ontario', postal_code: 'L6A 4A1', country: 'CA'}",43.8590000000,-79.5370000000,,,,,https://www.maplehonda.com/privacy-policy.html,New,2213,In stock,,64623 CAD,Free,
5FNRL6H07TB503746,5FNRL6H07TB503746,145026-new,Honda,Odyssey,BLACK ED,2026,AUTOMATIC,SUV,GASOLINE,,"2026 Honda Odyssey BLACK ED, Black exterior","[{url:'https://imagescdn.d2cmedia.ca/cb0417b46a1ea0f40fbee9c87432781f4a/2213/14093202/1/Honda-Odyssey-2026.jpg'},{url:'https://imagescdn.d2cmedia.ca/s80417b46a1ea0f40fbee9c87432781f4a/2213/14093202/1/Honda-Odyssey-2026.jpg'},{url:'https://imagescdn.d2cmedia.ca/cb0417b46a1ea0f40fbee9c87432781f4a/2213/14093202/2/Honda-Odyssey-2026.jpg'},{url:'https://imagescdn.d2cmedia.ca/cb0417b46a1ea0f40fbee9c87432781f4a/2213/14093202/3/Honda-Odyssey-2026.jpg'},{url:'https://imagescdn.d2cmedia.ca/cb0417b46a1ea0f40fbee9c87432781f4a/2213/14093202/4/Honda-Odyssey-2026.jpg'},{url:'https://imagescdn.d2cmedia.ca/cb0417b46a1ea0f40fbee9c87432781f4a/2213/14093202/5/Honda-Odyssey-2026.jpg'},{url:'https://imagescdn.d2cmedia.ca/cb0417b46a1ea0f40fbee9c87432781f4a/2213/14093202/6/Honda-Odyssey-2026.jpg'},{url:'https://imagescdn.d2cmedia.ca/cb0417b46a1ea0f40fbee9c87432781f4a/2213/14093202/7/Honda-Odyssey-2026.jpg'},{url:'https://imagescdn.d2cmedia.ca/cb0417b46a1ea0f40fbee9c87432781f4a/2213/14093202/8/Honda-Odyssey-2026.jpg'},{url:'https://imagescdn.d2cmedia.ca/cb0417b46a1ea0f40fbee9c87432781f4a/2213/14093202/9/Honda-Odyssey-2026.jpg'}]",50,KM,https://www.maplehonda.com/new/inventory/2026-Honda-Odyssey-id14093202.html,2026 Honda Odyssey BLACK ED at Maple Honda,65418 CAD,New,Black,,2213,Maple Honda,+1-905-832-1202,"{addr1: '89 Auto Vaughan Dr.', city: 'Maple', region: 'Ontario', postal_code: 'L6A 4A1', country: 'CA'}",43.8590000000,-79.5370000000,,,,,https://www.maplehonda.com/privacy-policy.html,New,2213,In stock,,65418 CAD,Free,
5FNRL6H08VB500213,5FNRL6H08VB500213,008827-new,Honda,Odyssey,BLACK EDITION AUTO,2027,AUTOMATIC,SUV,GASOLINE,,"2027 Honda Odyssey BLACK EDITION AUTO, Black exterior","[{url:'https://carimages.d2cmedia.ca/newcarimages/en/cb6ac7b4b4bf741/Honda/Odyssey/2027/1200/490412-QkxBQ0sgRURJVElPTiBBVVRP/black/front45.png'},{url:'https://carimages.d2cmedia.ca/newcarimages/en/cb6ac7b4b4bf741/Honda/Odyssey/2027/1280/490412/black/front_45_degree.png'},{url:'https://carimages.d2cmedia.ca/newcarimages/en/cb6ac7b4b4bf741/Honda/Odyssey/2027/2100/490412/black/front_45_degree.png'},{url:'https://carimages.d2cmedia.ca/newcarimages/en/cb6ac7b4b4bf741/Honda/Odyssey/2027/2100/490412/black/profile.png'},{url:'https://carimages.d2cmedia.ca/newcarimages/en/cb6ac7b4b4bf741/Honda/Odyssey/2027/2100/490412/black/back_45_degree.png'},{url:'https://carimages.d2cmedia.ca/newcarimages/en/cb6ac7b4b4bf741/Honda/Odyssey/2027/2100/490412/black/driver_dashboard.png'},{url:'https://carimages.d2cmedia.ca/newcarimages/en/cb6ac7b4b4bf741/Honda/Odyssey/2027/2100/490412/black/full_dashboard.png'},{url:'https://carimages.d2cmedia.ca/newcarimages/en/cb6ac7b4b4bf741/Honda/Odyssey/2027/2100/490412/black/interior_driver_open_seat.png'},{url:'https://carimages.d2cmedia.ca/newcarimages/en/cb6ac7b4b4bf741/Honda/Odyssey/2027/2100/490412/black/interior_driver_stereo.png'},{url:'https://carimages.d2cmedia.ca/newcarimages/en/cb6ac7b4b4bf741/Honda/Odyssey/2027/2100/490412/black/interior_driver_reat_seats.png'}]",0,KM,https://www.maplehonda.com/new/inventory/2027-Honda-Odyssey-id14365651.html,2027 Honda Odyssey BLACK EDITION AUTO at Maple Honda,66423 CAD,New,Black,,2213,Maple Honda,+1-905-832-1202,"{addr1: '89 Auto Vaughan Dr.', city: 'Maple', region: 'Ontario', postal_code: 'L6A 4A1', country: 'CA'}",43.8590000000,-79.5370000000,,,,,https://www.maplehonda.com/privacy-policy.html,New,2213,In stock,,66423 CAD,Free,
5FNRL6H07VB500137,5FNRL6H07VB500137,008927-new,Honda,Odyssey,BLACK EDITION AUTO,2027,AUTOMATIC,SUV,GASOLINE,,"2027 Honda Odyssey BLACK EDITION AUTO, Grey exterior","[{url:'https://carimages.d2cmedia.ca/newcarimages/en/cb6ac7b4b4bf741/Honda/Odyssey/2027/1200/490412-QkxBQ0sgRURJVElPTiBBVVRP/Gray/front45.png'},{url:'https://carimages.d2cmedia.ca/newcarimages/en/cb6ac7b4b4bf741/Honda/Odyssey/2027/1280/490412/grey/front_45_degree.png'},{url:'https://carimages.d2cmedia.ca/newcarimages/en/cb6ac7b4b4bf741/Honda/Odyssey/2027/2100/490412/grey/front_45_degree.png'},{url:'https://carimages.d2cmedia.ca/newcarimages/en/cb6ac7b4b4bf741/Honda/Odyssey/2027/2100/490412/grey/profile.png'},{url:'https://carimages.d2cmedia.ca/newcarimages/en/cb6ac7b4b4bf741/Honda/Odyssey/2027/2100/490412/grey/back_45_degree.png'},{url:'https://carimages.d2cmedia.ca/newcarimages/en/cb6ac7b4b4bf741/Honda/Odyssey/2027/2100/490412/grey/driver_dashboard.png'},{url:'https://carimages.d2cmedia.ca/newcarimages/en/cb6ac7b4b4bf741/Honda/Odyssey/2027/2100/490412/grey/full_dashboard.png'},{url:'https://carimages.d2cmedia.ca/newcarimages/en/cb6ac7b4b4bf741/Honda/Odyssey/2027/2100/490412/grey/interior_driver_open_seat.png'},{url:'https://carimages.d2cmedia.ca/newcarimages/en/cb6ac7b4b4bf741/Honda/Odyssey/2027/2100/490412/grey/interior_driver_stereo.png'},{url:'https://carimages.d2cmedia.ca/newcarimages/en/cb6ac7b4b4bf741/Honda/Odyssey/2027/2100/490412/grey/interior_driver_reat_seats.png'}]",0,KM,https://www.maplehonda.com/new/inventory/2027-Honda-Odyssey-id14365652.html,2027 Honda Odyssey BLACK EDITION AUTO at Maple Honda,66423 CAD,New,Grey,,2213,Maple Honda,+1-905-832-1202,"{addr1: '89 Auto Vaughan Dr.', city: 'Maple', region: 'Ontario', postal_code: 'L6A 4A1', country: 'CA'}",43.8590000000,-79.5370000000,,,,,https://www.maplehonda.com/privacy-policy.html,New,2213,In stock,,66423 CAD,Free,
5FNYG1H37TB505834,5FNYG1H37TB505834,172326-new,Honda,Pilot,SPORT,2026,AUTOMATIC,SUV,GASOLINE,,"2026 Honda Pilot SPORT, Black exterior","[{url:'https://carimages.d2cmedia.ca/newcarimages/en/cb6ac7b4b4bf741/Honda/Pilot/2026/1200/483162-U1BPUlQ/black/front45.png'},{url:'https://carimages.d2cmedia.ca/newcarimages/en/cb6ac7b4b4bf741/Honda/Pilot/2026/1280/483162/black/front_45_degree.png'},{url:'https://carimages.d2cmedia.ca/newcarimages/en/cb6ac7b4b4bf741/Honda/Pilot/2026/2100/483162/black/front_45_degree.png'},{url:'https://carimages.d2cmedia.ca/newcarimages/en/cb6ac7b4b4bf741/Honda/Pilot/2026/2100/483162/black/profile.png'},{url:'https://carimages.d2cmedia.ca/newcarimages/en/cb6ac7b4b4bf741/Honda/Pilot/2026/2100/483162/black/back_45_degree.png'},{url:'https://carimages.d2cmedia.ca/newcarimages/en/cb6ac7b4b4bf741/Honda/Pilot/2026/2100/483162/black/driver_dashboard.png'},{url:'https://carimages.d2cmedia.ca/newcarimages/en/cb6ac7b4b4bf741/Honda/Pilot/2026/2100/483162/black/full_dashboard.png'},{url:'https://carimages.d2cmedia.ca/newcarimages/en/cb6ac7b4b4bf741/Honda/Pilot/2026/2100/483162/black/interior_driver_open_seat.png'},{url:'https://carimages.d2cmedia.ca/newcarimages/en/cb6ac7b4b4bf741/Honda/Pilot/2026/2100/483162/black/interior_driver_stereo.png'},{url:'https://carimages.d2cmedia.ca/newcarimages/en/cb6ac7b4b4bf741/Honda/Pilot/2026/2100/483162/black/interior_driver_reat_seats.png'}]",0,KM,https://www.maplehonda.com/new/inventory/2026-Honda-Pilot-id14490495.html,2026 Honda Pilot SPORT at Maple Honda,58838 CAD,New,Black,,2213,Maple Honda,+1-905-832-1202,"{addr1: '89 Auto Vaughan Dr.', city: 'Maple', region: 'Ontario', postal_code: 'L6A 4A1', country: 'CA'}",43.8590000000,-79.5370000000,,,,,https://www.maplehonda.com/privacy-policy.html,New,2213,In stock,,58838 CAD,Free,
5FNYG1H76TB505357,5FNYG1H76TB505357,167226-new,Honda,Pilot,TOURING,2026,AUTOMATIC,SUV,GASOLINE,,"2026 Honda Pilot TOURING, SOLAR REFLECTIO exterior","[{url:'https://imagescdn.d2cmedia.ca/cb4e0acd57d0d87b2cf39dcb4c804a2ff9/2213/14478708/1/Honda-Pilot-2026.jpg'},{url:'https://imagescdn.d2cmedia.ca/s84e0acd57d0d87b2cf39dcb4c804a2ff9/2213/14478708/1/Honda-Pilot-2026.jpg'},{url:'https://imagescdn.d2cmedia.ca/cb4e0acd57d0d87b2cf39dcb4c804a2ff9/2213/14478708/2/Honda-Pilot-2026.jpg'},{url:'https://imagescdn.d2cmedia.ca/cb4e0acd57d0d87b2cf39dcb4c804a2ff9/2213/14478708/3/Honda-Pilot-2026.jpg'},{url:'https://imagescdn.d2cmedia.ca/cb4e0acd57d0d87b2cf39dcb4c804a2ff9/2213/14478708/4/Honda-Pilot-2026.jpg'},{url:'https://imagescdn.d2cmedia.ca/cb4e0acd57d0d87b2cf39dcb4c804a2ff9/2213/14478708/5/Honda-Pilot-2026.jpg'},{url:'https://imagescdn.d2cmedia.ca/cb4e0acd57d0d87b2cf39dcb4c804a2ff9/2213/14478708/6/Honda-Pilot-2026.jpg'},{url:'https://imagescdn.d2cmedia.ca/cb4e0acd57d0d87b2cf39dcb4c804a2ff9/2213/14478708/7/Honda-Pilot-2026.jpg'},{url:'https://imagescdn.d2cmedia.ca/cb4e0acd57d0d87b2cf39dcb4c804a2ff9/2213/14478708/8/Honda-Pilot-2026.jpg'},{url:'https://imagescdn.d2cmedia.ca/cb4e0acd57d0d87b2cf39dcb4c804a2ff9/2213/14478708/9/Honda-Pilot-2026.jpg'}]",88,KM,https://www.maplehonda.com/new/inventory/2026-Honda-Pilot-id14478708.html,2026 Honda Pilot TOURING at Maple Honda,68143 CAD,New,SOLAR REFLECTIO,,2213,Maple Honda,+1-905-832-1202,"{addr1: '89 Auto Vaughan Dr.', city: 'Maple', region: 'Ontario', postal_code: 'L6A 4A1', country: 'CA'}",43.8590000000,-79.5370000000,,,,,https://www.maplehonda.com/privacy-policy.html,New,2213,In stock,,68143 CAD,Free,
5FNYG1H96TB501410,5FNYG1H96TB501410,094026-new,Honda,Pilot,BLACK ED,2026,AUTOMATIC,SUV,GASOLINE,,"2026 Honda Pilot BLACK ED, Grey exterior","[{url:'https://imagescdn.d2cmedia.ca/cb15e0dcea8b93a76f9e1e884e5e9020f5/2213/13580887/1/Honda-Pilot-2026.jpg'},{url:'https://imagescdn.d2cmedia.ca/s815e0dcea8b93a76f9e1e884e5e9020f5/2213/13580887/1/Honda-Pilot-2026.jpg'},{url:'https://imagescdn.d2cmedia.ca/cb15e0dcea8b93a76f9e1e884e5e9020f5/2213/13580887/2/Honda-Pilot-2026.jpg'},{url:'https://imagescdn.d2cmedia.ca/cb15e0dcea8b93a76f9e1e884e5e9020f5/2213/13580887/3/Honda-Pilot-2026.jpg'},{url:'https://imagescdn.d2cmedia.ca/cb15e0dcea8b93a76f9e1e884e5e9020f5/2213/13580887/4/Honda-Pilot-2026.jpg'},{url:'https://imagescdn.d2cmedia.ca/cb15e0dcea8b93a76f9e1e884e5e9020f5/2213/13580887/5/Honda-Pilot-2026.jpg'},{url:'https://imagescdn.d2cmedia.ca/cb15e0dcea8b93a76f9e1e884e5e9020f5/2213/13580887/6/Honda-Pilot-2026.jpg'},{url:'https://imagescdn.d2cmedia.ca/cb15e0dcea8b93a76f9e1e884e5e9020f5/2213/13580887/7/Honda-Pilot-2026.jpg'},{url:'https://imagescdn.d2cmedia.ca/cb15e0dcea8b93a76f9e1e884e5e9020f5/2213/13580887/8/Honda-Pilot-2026.jpg'},{url:'https://imagescdn.d2cmedia.ca/cb15e0dcea8b93a76f9e1e884e5e9020f5/2213/13580887/9/Honda-Pilot-2026.jpg'}]",0,KM,https://www.maplehonda.com/new/inventory/2026-Honda-Pilot-id13580887.html,2026 Honda Pilot BLACK ED at Maple Honda,70186 CAD,New,Grey,,2213,Maple Honda,+1-905-832-1202,"{addr1: '89 Auto Vaughan Dr.', city: 'Maple', region: 'Ontario', postal_code: 'L6A 4A1', country: 'CA'}",43.8590000000,-79.5370000000,,,,,https://www.maplehonda.com/privacy-policy.html,New,2213,In stock,,70186 CAD,Free,
5FNYG1H93TB505513,5FNYG1H93TB505513,168926-new,Honda,Pilot,BLACK ED,2026,AUTOMATIC,SUV,GASOLINE,,"2026 Honda Pilot BLACK ED, Black exterior","[{url:'https://imagescdn.d2cmedia.ca/cbcfdd1bd871c79d2dd52d9eb5968a409a/2213/14399128/1/Honda-Pilot-2026.jpg'},{url:'https://imagescdn.d2cmedia.ca/s8cfdd1bd871c79d2dd52d9eb5968a409a/2213/14399128/1/Honda-Pilot-2026.jpg'},{url:'https://imagescdn.d2cmedia.ca/cbcfdd1bd871c79d2dd52d9eb5968a409a/2213/14399128/2/Honda-Pilot-2026.jpg'},{url:'https://imagescdn.d2cmedia.ca/cbcfdd1bd871c79d2dd52d9eb5968a409a/2213/14399128/3/Honda-Pilot-2026.jpg'},{url:'https://imagescdn.d2cmedia.ca/cbcfdd1bd871c79d2dd52d9eb5968a409a/2213/14399128/4/Honda-Pilot-2026.jpg'},{url:'https://imagescdn.d2cmedia.ca/cbcfdd1bd871c79d2dd52d9eb5968a409a/2213/14399128/5/Honda-Pilot-2026.jpg'},{url:'https://imagescdn.d2cmedia.ca/cbcfdd1bd871c79d2dd52d9eb5968a409a/2213/14399128/6/Honda-Pilot-2026.jpg'},{url:'https://imagescdn.d2cmedia.ca/cbcfdd1bd871c79d2dd52d9eb5968a409a/2213/14399128/7/Honda-Pilot-2026.jpg'},{url:'https://imagescdn.d2cmedia.ca/cbcfdd1bd871c79d2dd52d9eb5968a409a/2213/14399128/8/Honda-Pilot-2026.jpg'},{url:'https://imagescdn.d2cmedia.ca/cbcfdd1bd871c79d2dd52d9eb5968a409a/2213/14399128/9/Honda-Pilot-2026.jpg'}]",0,KM,https://www.maplehonda.com/new/inventory/2026-Honda-Pilot-id14399128.html,2026 Honda Pilot BLACK ED at Maple Honda,70193 CAD,New,Black,,2213,Maple Honda,+1-905-832-1202,"{addr1: '89 Auto Vaughan Dr.', city: 'Maple', region: 'Ontario', postal_code: 'L6A 4A1', country: 'CA'}",43.8590000000,-79.5370000000,,,,,https://www.maplehonda.com/privacy-policy.html,New,2213,In stock,,70193 CAD,Free,
5FNYG1H99TB505712,5FNYG1H99TB505712,171426-new,Honda,Pilot,BLACK ED,2026,AUTOMATIC,SUV,GASOLINE,,"2026 Honda Pilot BLACK ED, White exterior","[{url:'https://imagescdn.d2cmedia.ca/cbc4f251192bfae0d94adcf6e97ed7eb47/2213/14448467/1/Honda-Pilot-2026.jpg'},{url:'https://imagescdn.d2cmedia.ca/s8c4f251192bfae0d94adcf6e97ed7eb47/2213/14448467/1/Honda-Pilot-2026.jpg'},{url:'https://imagescdn.d2cmedia.ca/cbc4f251192bfae0d94adcf6e97ed7eb47/2213/14448467/2/Honda-Pilot-2026.jpg'},{url:'https://imagescdn.d2cmedia.ca/cbc4f251192bfae0d94adcf6e97ed7eb47/2213/14448467/3/Honda-Pilot-2026.jpg'},{url:'https://imagescdn.d2cmedia.ca/cbc4f251192bfae0d94adcf6e97ed7eb47/2213/14448467/4/Honda-Pilot-2026.jpg'},{url:'https://imagescdn.d2cmedia.ca/cbc4f251192bfae0d94adcf6e97ed7eb47/2213/14448467/5/Honda-Pilot-2026.jpg'},{url:'https://imagescdn.d2cmedia.ca/cbc4f251192bfae0d94adcf6e97ed7eb47/2213/14448467/6/Honda-Pilot-2026.jpg'},{url:'https://imagescdn.d2cmedia.ca/cbc4f251192bfae0d94adcf6e97ed7eb47/2213/14448467/7/Honda-Pilot-2026.jpg'},{url:'https://imagescdn.d2cmedia.ca/cbc4f251192bfae0d94adcf6e97ed7eb47/2213/14448467/8/Honda-Pilot-2026.jpg'},{url:'https://imagescdn.d2cmedia.ca/cbc4f251192bfae0d94adcf6e97ed7eb47/2213/14448467/9/Honda-Pilot-2026.jpg'}]",0,KM,https://www.maplehonda.com/new/inventory/2026-Honda-Pilot-id14448467.html,2026 Honda Pilot BLACK ED at Maple Honda,70203 CAD,New,White,,2213,Maple Honda,+1-905-832-1202,"{addr1: '89 Auto Vaughan Dr.', city: 'Maple', region: 'Ontario', postal_code: 'L6A 4A1', country: 'CA'}",43.8590000000,-79.5370000000,,,,,https://www.maplehonda.com/privacy-policy.html,New,2213,In stock,,70203 CAD,Free,
1HGCY1F44TA800144,1HGCY1F44TA800144,104426-new,Honda,Accord Sedan,4D SE,2026,AUTOMATIC,SEDAN,GASOLINE,,"2026 Honda Accord Sedan 4D SE, Black exterior","[{url:'https://imagescdn.d2cmedia.ca/cbe77325c6fb99f79ee6c23cc5ea9f9103/2213/13658038/1/Honda-Accord Sedan-2026.jpg'},{url:'https://imagescdn.d2cmedia.ca/s8e77325c6fb99f79ee6c23cc5ea9f9103/2213/13658038/1/Honda-Accord_Sedan-2026.jpg'},{url:'https://imagescdn.d2cmedia.ca/cbe77325c6fb99f79ee6c23cc5ea9f9103/2213/13658038/1/Honda-Accord_Sedan-2026.jpg'},{url:'https://imagescdn.d2cmedia.ca/cbe77325c6fb99f79ee6c23cc5ea9f9103/2213/13658038/2/Honda-Accord_Sedan-2026.jpg'},{url:'https://imagescdn.d2cmedia.ca/cbe77325c6fb99f79ee6c23cc5ea9f9103/2213/13658038/3/Honda-Accord_Sedan-2026.jpg'},{url:'https://imagescdn.d2cmedia.ca/cbe77325c6fb99f79ee6c23cc5ea9f9103/2213/13658038/4/Honda-Accord_Sedan-2026.jpg'},{url:'https://imagescdn.d2cmedia.ca/cbe77325c6fb99f79ee6c23cc5ea9f9103/2213/13658038/5/Honda-Accord_Sedan-2026.jpg'},{url:'https://imagescdn.d2cmedia.ca/cbe77325c6fb99f79ee6c23cc5ea9f9103/2213/13658038/6/Honda-Accord_Sedan-2026.jpg'},{url:'https://imagescdn.d2cmedia.ca/cbe77325c6fb99f79ee6c23cc5ea9f9103/2213/13658038/7/Honda-Accord_Sedan-2026.jpg'},{url:'https://imagescdn.d2cmedia.ca/cbe77325c6fb99f79ee6c23cc5ea9f9103/2213/13658038/8/Honda-Accord_Sedan-2026.jpg'}]",0,KM,https://www.maplehonda.com/new/inventory/2026-Honda-Accord_Sedan-id13658038.html,2026 Honda Accord Sedan 4D SE at Maple Honda,42116 CAD,New,Black,,2213,Maple Honda,+1-905-832-1202,"{addr1: '89 Auto Vaughan Dr.', city: 'Maple', region: 'Ontario', postal_code: 'L6A 4A1', country: 'CA'}",43.8590000000,-79.5370000000,,,,,https://www.maplehonda.com/privacy-policy.html,New,2213,In stock,,42116 CAD,Free,
1HGCY1F43TA800183,1HGCY1F43TA800183,120226-new,Honda,Accord Sedan,4D SE,2026,AUTOMATIC,SEDAN,GASOLINE,,"2026 Honda Accord Sedan 4D SE, Black exterior","[{url:'https://imagescdn.d2cmedia.ca/cb10ae5793a92b2ec7d5636b90f8ef7c48/2213/13823719/1/Honda-Accord Sedan-2026.jpg'},{url:'https://imagescdn.d2cmedia.ca/s810ae5793a92b2ec7d5636b90f8ef7c48/2213/13823719/1/Honda-Accord_Sedan-2026.jpg'},{url:'https://imagescdn.d2cmedia.ca/cb10ae5793a92b2ec7d5636b90f8ef7c48/2213/13823719/1/Honda-Accord_Sedan-2026.jpg'},{url:'https://imagescdn.d2cmedia.ca/cb10ae5793a92b2ec7d5636b90f8ef7c48/2213/13823719/2/Honda-Accord_Sedan-2026.jpg'},{url:'https://imagescdn.d2cmedia.ca/cb10ae5793a92b2ec7d5636b90f8ef7c48/2213/13823719/3/Honda-Accord_Sedan-2026.jpg'},{url:'https://imagescdn.d2cmedia.ca/cb10ae5793a92b2ec7d5636b90f8ef7c48/2213/13823719/4/Honda-Accord_Sedan-2026.jpg'},{url:'https://imagescdn.d2cmedia.ca/cb10ae5793a92b2ec7d5636b90f8ef7c48/2213/13823719/5/Honda-Accord_Sedan-2026.jpg'},{url:'https://imagescdn.d2cmedia.ca/cb10ae5793a92b2ec7d5636b90f8ef7c48/2213/13823719/6/Honda-Accord_Sedan-2026.jpg'},{url:'https://imagescdn.d2cmedia.ca/cb10ae5793a92b2ec7d5636b90f8ef7c48/2213/13823719/7/Honda-Accord_Sedan-2026.jpg'},{url:'https://imagescdn.d2cmedia.ca/cb10ae5793a92b2ec7d5636b90f8ef7c48/2213/13823719/8/Honda-Accord_Sedan-2026.jpg'}]",0,KM,https://www.maplehonda.com/new/inventory/2026-Honda-Accord_Sedan-id13823719.html,2026 Honda Accord Sedan 4D SE at Maple Honda,42116 CAD,New,Black,,2213,Maple Honda,+1-905-832-1202,"{addr1: '89 Auto Vaughan Dr.', city: 'Maple', region: 'Ontario', postal_code: 'L6A 4A1', country: 'CA'}",43.8590000000,-79.5370000000,,,,,https://www.maplehonda.com/privacy-policy.html,New,2213,In stock,,42116 CAD,Free,
1HGCY1F42TA800207,1HGCY1F42TA800207,121226-new,Honda,Accord Sedan,4D SE,2026,AUTOMATIC,SEDAN,GASOLINE,,"2026 Honda Accord Sedan 4D SE, Black exterior","[{url:'https://imagescdn.d2cmedia.ca/cb44fa567d447b4a7574cfb2cb3977b49f/2213/13835006/1/Honda-Accord Sedan-2026.jpg'},{url:'https://imagescdn.d2cmedia.ca/s844fa567d447b4a7574cfb2cb3977b49f/2213/13835006/1/Honda-Accord_Sedan-2026.jpg'},{url:'https://imagescdn.d2cmedia.ca/cb44fa567d447b4a7574cfb2cb3977b49f/2213/13835006/1/Honda-Accord_Sedan-2026.jpg'},{url:'https://imagescdn.d2cmedia.ca/cb44fa567d447b4a7574cfb2cb3977b49f/2213/13835006/2/Honda-Accord_Sedan-2026.jpg'},{url:'https://imagescdn.d2cmedia.ca/cb44fa567d447b4a7574cfb2cb3977b49f/2213/13835006/3/Honda-Accord_Sedan-2026.jpg'},{url:'https://imagescdn.d2cmedia.ca/cb44fa567d447b4a7574cfb2cb3977b49f/2213/13835006/4/Honda-Accord_Sedan-2026.jpg'},{url:'https://imagescdn.d2cmedia.ca/cb44fa567d447b4a7574cfb2cb3977b49f/2213/13835006/5/Honda-Accord_Sedan-2026.jpg'},{url:'https://imagescdn.d2cmedia.ca/cb44fa567d447b4a7574cfb2cb3977b49f/2213/13835006/6/Honda-Accord_Sedan-2026.jpg'},{url:'https://imagescdn.d2cmedia.ca/cb44fa567d447b4a7574cfb2cb3977b49f/2213/13835006/7/Honda-Accord_Sedan-2026.jpg'},{url:'https://imagescdn.d2cmedia.ca/cb44fa567d447b4a7574cfb2cb3977b49f/2213/13835006/8/Honda-Accord_Sedan-2026.jpg'}]",0,KM,https://www.maplehonda.com/new/inventory/2026-Honda-Accord_Sedan-id13835006.html,2026 Honda Accord Sedan 4D SE at Maple Honda,42116 CAD,New,Black,,2213,Maple Honda,+1-905-832-1202,"{addr1: '89 Auto Vaughan Dr.', city: 'Maple', region: 'Ontario', postal_code: 'L6A 4A1', country: 'CA'}",43.8590000000,-79.5370000000,,,,,https://www.maplehonda.com/privacy-policy.html,New,2213,In stock,,42116 CAD,Free,
5FNYF9H56TB508680,5FNYF9H56TB508680,171626-new,Honda,Passport,TRAILSPORT,2026,AUTOMATIC,SUV,GASOLINE,,"2026 Honda Passport TRAILSPORT, Black exterior","[{url:'https://imagescdn.d2cmedia.ca/cb1d9828ef91334178b0f8a2b8d75b604a/2213/14454842/1/Honda-Passport-2026.jpg'},{url:'https://imagescdn.d2cmedia.ca/s81d9828ef91334178b0f8a2b8d75b604a/2213/14454842/1/Honda-Passport-2026.jpg'},{url:'https://imagescdn.d2cmedia.ca/cb1d9828ef91334178b0f8a2b8d75b604a/2213/14454842/2/Honda-Passport-2026.jpg'},{url:'https://imagescdn.d2cmedia.ca/cb1d9828ef91334178b0f8a2b8d75b604a/2213/14454842/3/Honda-Passport-2026.jpg'},{url:'https://imagescdn.d2cmedia.ca/cb1d9828ef91334178b0f8a2b8d75b604a/2213/14454842/4/Honda-Passport-2026.jpg'},{url:'https://imagescdn.d2cmedia.ca/cb1d9828ef91334178b0f8a2b8d75b604a/2213/14454842/5/Honda-Passport-2026.jpg'},{url:'https://imagescdn.d2cmedia.ca/cb1d9828ef91334178b0f8a2b8d75b604a/2213/14454842/6/Honda-Passport-2026.jpg'},{url:'https://imagescdn.d2cmedia.ca/cb1d9828ef91334178b0f8a2b8d75b604a/2213/14454842/7/Honda-Passport-2026.jpg'},{url:'https://imagescdn.d2cmedia.ca/cb1d9828ef91334178b0f8a2b8d75b604a/2213/14454842/8/Honda-Passport-2026.jpg'},{url:'https://imagescdn.d2cmedia.ca/cb1d9828ef91334178b0f8a2b8d75b604a/2213/14454842/9/Honda-Passport-2026.jpg'}]",50,KM,https://www.maplehonda.com/new/inventory/2026-Honda-Passport-id14454842.html,2026 Honda Passport TRAILSPORT at Maple Honda,60793 CAD,New,Black,,2213,Maple Honda,+1-905-832-1202,"{addr1: '89 Auto Vaughan Dr.', city: 'Maple', region: 'Ontario', postal_code: 'L6A 4A1', country: 'CA'}",43.8590000000,-79.5370000000,,,,,https://www.maplehonda.com/privacy-policy.html,New,2213,In stock,,60793 CAD,Free,
5FNYF9H88TB507881,5FNYF9H88TB507881,156326-new,Honda,Passport,T/S TOUR BO,2026,AUTOMATIC,SUV,GASOLINE,,"2026 Honda Passport T/S TOUR BO, SUNSET ORAN II exterior","[{url:'https://carimages.d2cmedia.ca/newcarimages/en/cb6ac7b4b4bf741/Honda/Passport/2026/1200/477732-VC9TIFRPVVIgQk8/orange/front45.png'},{url:'https://carimages.d2cmedia.ca/newcarimages/en/cb6ac7b4b4bf741/Honda/Passport/2026/1280/477732/orange/front_45_degree.png'},{url:'https://carimages.d2cmedia.ca/newcarimages/en/cb6ac7b4b4bf741/Honda/Passport/2026/2100/477732/orange/front_45_degree.png'},{url:'https://carimages.d2cmedia.ca/newcarimages/en/cb6ac7b4b4bf741/Honda/Passport/2026/2100/477732/orange/profile.png'},{url:'https://carimages.d2cmedia.ca/newcarimages/en/cb6ac7b4b4bf741/Honda/Passport/2026/2100/477732/orange/back_45_degree.png'},{url:'https://carimages.d2cmedia.ca/newcarimages/en/cb6ac7b4b4bf741/Honda/Passport/2026/2100/477732/orange/driver_dashboard.png'},{url:'https://carimages.d2cmedia.ca/newcarimages/en/cb6ac7b4b4bf741/Honda/Passport/2026/2100/477732/orange/full_dashboard.png'},{url:'https://carimages.d2cmedia.ca/newcarimages/en/cb6ac7b4b4bf741/Honda/Passport/2026/2100/477732/orange/interior_driver_open_seat.png'},{url:'https://carimages.d2cmedia.ca/newcarimages/en/cb6ac7b4b4bf741/Honda/Passport/2026/2100/477732/orange/interior_driver_stereo.png'},{url:'https://carimages.d2cmedia.ca/newcarimages/en/cb6ac7b4b4bf741/Honda/Passport/2026/2100/477732/orange/interior_driver_reat_seats.png'}]",0,KM,https://www.maplehonda.com/new/inventory/2026-Honda-Passport-id14205855.html,2026 Honda Passport T/S TOUR BO at Maple Honda,65543 CAD,New,SUNSET ORAN II,,2213,Maple Honda,+1-905-832-1202,"{addr1: '89 Auto Vaughan Dr.', city: 'Maple', region: 'Ontario', postal_code: 'L6A 4A1', country: 'CA'}",43.8590000000,-79.5370000000,,,,,https://www.maplehonda.com/privacy-policy.html,New,2213,In stock,,65543 CAD,Free,
5FPYK3F11TB502785,5FPYK3F11TB502785,168526-new,Honda,Ridgeline,SPORT,2026,AUTOMATIC,TRUCK,GASOLINE,,"2026 Honda Ridgeline SPORT, Black exterior","[{url:'https://imagescdn.d2cmedia.ca/cbee26dbe042c54439b04cece51f82e352/2213/14386503/1/Honda-Ridgeline-2026.jpg'},{url:'https://imagescdn.d2cmedia.ca/s8ee26dbe042c54439b04cece51f82e352/2213/14386503/1/Honda-Ridgeline-2026.jpg'},{url:'https://imagescdn.d2cmedia.ca/cbee26dbe042c54439b04cece51f82e352/2213/14386503/2/Honda-Ridgeline-2026.jpg'},{url:'https://imagescdn.d2cmedia.ca/cbee26dbe042c54439b04cece51f82e352/2213/14386503/3/Honda-Ridgeline-2026.jpg'},{url:'https://imagescdn.d2cmedia.ca/cbee26dbe042c54439b04cece51f82e352/2213/14386503/4/Honda-Ridgeline-2026.jpg'},{url:'https://imagescdn.d2cmedia.ca/cbee26dbe042c54439b04cece51f82e352/2213/14386503/5/Honda-Ridgeline-2026.jpg'},{url:'https://imagescdn.d2cmedia.ca/cbee26dbe042c54439b04cece51f82e352/2213/14386503/6/Honda-Ridgeline-2026.jpg'},{url:'https://imagescdn.d2cmedia.ca/cbee26dbe042c54439b04cece51f82e352/2213/14386503/7/Honda-Ridgeline-2026.jpg'},{url:'https://imagescdn.d2cmedia.ca/cbee26dbe042c54439b04cece51f82e352/2213/14386503/8/Honda-Ridgeline-2026.jpg'},{url:'https://imagescdn.d2cmedia.ca/cbee26dbe042c54439b04cece51f82e352/2213/14386503/9/Honda-Ridgeline-2026.jpg'}]",0,KM,https://www.maplehonda.com/new/inventory/2026-Honda-Ridgeline-id14386503.html,2026 Honda Ridgeline SPORT at Maple Honda,56793 CAD,New,Black,,2213,Maple Honda,+1-905-832-1202,"{addr1: '89 Auto Vaughan Dr.', city: 'Maple', region: 'Ontario', postal_code: 'L6A 4A1', country: 'CA'}",43.8590000000,-79.5370000000,,,,,https://www.maplehonda.com/privacy-policy.html,New,2213,In stock,,56793 CAD,Free,
5FPYK3F81TB502928,5FPYK3F81TB502928,172226-new,Honda,Ridgeline,BLACK ED,2026,AUTOMATIC,TRUCK,GASOLINE,,"2026 Honda Ridgeline BLACK ED, Grey exterior","[{url:'https://carimages.d2cmedia.ca/newcarimages/en/cb6ac7b4b4bf741/Honda/Ridgeline/2026/1200/481495-QkxBQ0sgRUQ/Gray/front45.png'},{url:'https://carimages.d2cmedia.ca/newcarimages/en/cb6ac7b4b4bf741/Honda/Ridgeline/2026/1280/481495/grey/front_45_degree.png'},{url:'https://carimages.d2cmedia.ca/newcarimages/en/cb6ac7b4b4bf741/Honda/Ridgeline/2026/2100/481495/grey/front_45_degree.png'},{url:'https://carimages.d2cmedia.ca/newcarimages/en/cb6ac7b4b4bf741/Honda/Ridgeline/2026/2100/481495/grey/profile.png'},{url:'https://carimages.d2cmedia.ca/newcarimages/en/cb6ac7b4b4bf741/Honda/Ridgeline/2026/2100/481495/grey/back_45_degree.png'},{url:'https://carimages.d2cmedia.ca/newcarimages/en/cb6ac7b4b4bf741/Honda/Ridgeline/2026/2100/481495/grey/driver_dashboard.png'},{url:'https://carimages.d2cmedia.ca/newcarimages/en/cb6ac7b4b4bf741/Honda/Ridgeline/2026/2100/481495/grey/full_dashboard.png'},{url:'https://carimages.d2cmedia.ca/newcarimages/en/cb6ac7b4b4bf741/Honda/Ridgeline/2026/2100/481495/grey/interior_driver_open_seat.png'},{url:'https://carimages.d2cmedia.ca/newcarimages/en/cb6ac7b4b4bf741/Honda/Ridgeline/2026/2100/481495/grey/interior_driver_stereo.png'},{url:'https://carimages.d2cmedia.ca/newcarimages/en/cb6ac7b4b4bf741/Honda/Ridgeline/2026/2100/481495/grey/interior_driver_reat_seats.png'}]",0,KM,https://www.maplehonda.com/new/inventory/2026-Honda-Ridgeline-id14490494.html,2026 Honda Ridgeline BLACK ED at Maple Honda,62783 CAD,New,Grey,,2213,Maple Honda,+1-905-832-1202,"{addr1: '89 Auto Vaughan Dr.', city: 'Maple', region: 'Ontario', postal_code: 'L6A 4A1', country: 'CA'}",43.8590000000,-79.5370000000,,,,,https://www.maplehonda.com/privacy-policy.html,New,2213,In stock,,62783 CAD,Free,
19XFL4H85TE400862,19XFL4H85TE400862,170426-new,Honda,Civic,5D SPORT HYB,2026,AUTOMATIC,SEDAN,HYBRID,,"2026 Honda Civic 5D SPORT HYB, Black exterior","[{url:'https://imagescdn.d2cmedia.ca/cbe913ceef99a5cb2a081d7e0ceded0e8b/2213/14433009/1/Honda-Civic Hatchback Hybrid-2026.jpg'},{url:'https://imagescdn.d2cmedia.ca/s8e913ceef99a5cb2a081d7e0ceded0e8b/2213/14433009/1/Honda-Civic-2026.jpg'},{url:'https://imagescdn.d2cmedia.ca/cbe913ceef99a5cb2a081d7e0ceded0e8b/2213/14433009/1/Honda-Civic-2026.jpg'},{url:'https://imagescdn.d2cmedia.ca/cbe913ceef99a5cb2a081d7e0ceded0e8b/2213/14433009/2/Honda-Civic-2026.jpg'},{url:'https://imagescdn.d2cmedia.ca/cbe913ceef99a5cb2a081d7e0ceded0e8b/2213/14433009/3/Honda-Civic-2026.jpg'},{url:'https://imagescdn.d2cmedia.ca/cbe913ceef99a5cb2a081d7e0ceded0e8b/2213/14433009/4/Honda-Civic-2026.jpg'},{url:'https://imagescdn.d2cmedia.ca/cbe913ceef99a5cb2a081d7e0ceded0e8b/2213/14433009/5/Honda-Civic-2026.jpg'},{url:'https://imagescdn.d2cmedia.ca/cbe913ceef99a5cb2a081d7e0ceded0e8b/2213/14433009/6/Honda-Civic-2026.jpg'},{url:'https://imagescdn.d2cmedia.ca/cbe913ceef99a5cb2a081d7e0ceded0e8b/2213/14433009/7/Honda-Civic-2026.jpg'},{url:'https://imagescdn.d2cmedia.ca/cbe913ceef99a5cb2a081d7e0ceded0e8b/2213/14433009/8/Honda-Civic-2026.jpg'}]",0,KM,https://www.maplehonda.com/new/inventory/2026-Honda-Civic-id14433009.html,2026 Honda Civic 5D SPORT HYB at Maple Honda,39627 CAD,New,Black,,2213,Maple Honda,+1-905-832-1202,"{addr1: '89 Auto Vaughan Dr.', city: 'Maple', region: 'Ontario', postal_code: 'L6A 4A1', country: 'CA'}",43.8590000000,-79.5370000000,,,,,https://www.maplehonda.com/privacy-policy.html,New,2213,In stock,,39627 CAD,Free,
2HKRS4H55TH120246,2HKRS4H55TH120246,165726-new,Honda,CR-V,SPORT 4WD,2026,AUTOMATIC,SUV,GASOLINE,,"2026 Honda CR-V SPORT 4WD, Black exterior","[{url:'https://imagescdn.d2cmedia.ca/cbbb9950dcf2200a1aa56a67b1f22f9324/2213/14328174/1/Honda-CR_V-2026.jpg'},{url:'https://imagescdn.d2cmedia.ca/s8bb9950dcf2200a1aa56a67b1f22f9324/2213/14328174/1/Honda-CR_V-2026.jpg'},{url:'https://imagescdn.d2cmedia.ca/cbbb9950dcf2200a1aa56a67b1f22f9324/2213/14328174/2/Honda-CR_V-2026.jpg'},{url:'https://imagescdn.d2cmedia.ca/cbbb9950dcf2200a1aa56a67b1f22f9324/2213/14328174/3/Honda-CR_V-2026.jpg'},{url:'https://imagescdn.d2cmedia.ca/cbbb9950dcf2200a1aa56a67b1f22f9324/2213/14328174/4/Honda-CR_V-2026.jpg'},{url:'https://imagescdn.d2cmedia.ca/cbbb9950dcf2200a1aa56a67b1f22f9324/2213/14328174/5/Honda-CR_V-2026.jpg'},{url:'https://imagescdn.d2cmedia.ca/cbbb9950dcf2200a1aa56a67b1f22f9324/2213/14328174/6/Honda-CR_V-2026.jpg'},{url:'https://imagescdn.d2cmedia.ca/cbbb9950dcf2200a1aa56a67b1f22f9324/2213/14328174/7/Honda-CR_V-2026.jpg'},{url:'https://imagescdn.d2cmedia.ca/cbbb9950dcf2200a1aa56a67b1f22f9324/2213/14328174/8/Honda-CR_V-2026.jpg'},{url:'https://imagescdn.d2cmedia.ca/cbbb9950dcf2200a1aa56a67b1f22f9324/2213/14328174/9/Honda-CR_V-2026.jpg'}]",0,KM,https://www.maplehonda.com/new/inventory/2026-Honda-CR_V-id14328174.html,2026 Honda CR-V SPORT 4WD at Maple Honda,47178 CAD,New,Black,,2213,Maple Honda,+1-905-832-1202,"{addr1: '89 Auto Vaughan Dr.', city: 'Maple', region: 'Ontario', postal_code: 'L6A 4A1', country: 'CA'}",43.8590000000,-79.5370000000,,,,,https://www.maplehonda.com/privacy-policy.html,New,2213,In stock,,47178 CAD,Free,
2HKRS4H51TH120339,2HKRS4H51TH120339,165826-new,Honda,CR-V,SPORT 4WD,2026,AUTOMATIC,SUV,GASOLINE,,"2026 Honda CR-V SPORT 4WD, Black exterior","[{url:'https://imagescdn.d2cmedia.ca/cb400ffc94955aca578e0fb0ab18bc3c09/2213/14328175/1/Honda-CR_V-2026.jpg'},{url:'https://imagescdn.d2cmedia.ca/s8400ffc94955aca578e0fb0ab18bc3c09/2213/14328175/1/Honda-CR_V-2026.jpg'},{url:'https://imagescdn.d2cmedia.ca/cb400ffc94955aca578e0fb0ab18bc3c09/2213/14328175/2/Honda-CR_V-2026.jpg'},{url:'https://imagescdn.d2cmedia.ca/cb400ffc94955aca578e0fb0ab18bc3c09/2213/14328175/3/Honda-CR_V-2026.jpg'},{url:'https://imagescdn.d2cmedia.ca/cb400ffc94955aca578e0fb0ab18bc3c09/2213/14328175/4/Honda-CR_V-2026.jpg'},{url:'https://imagescdn.d2cmedia.ca/cb400ffc94955aca578e0fb0ab18bc3c09/2213/14328175/5/Honda-CR_V-2026.jpg'},{url:'https://imagescdn.d2cmedia.ca/cb400ffc94955aca578e0fb0ab18bc3c09/2213/14328175/6/Honda-CR_V-2026.jpg'},{url:'https://imagescdn.d2cmedia.ca/cb400ffc94955aca578e0fb0ab18bc3c09/2213/14328175/7/Honda-CR_V-2026.jpg'},{url:'https://imagescdn.d2cmedia.ca/cb400ffc94955aca578e0fb0ab18bc3c09/2213/14328175/8/Honda-CR_V-2026.jpg'},{url:'https://imagescdn.d2cmedia.ca/cb400ffc94955aca578e0fb0ab18bc3c09/2213/14328175/9/Honda-CR_V-2026.jpg'}]",0,KM,https://www.maplehonda.com/new/inventory/2026-Honda-CR_V-id14328175.html,2026 Honda CR-V SPORT 4WD at Maple Honda,47178 CAD,New,Black,,2213,Maple Honda,+1-905-832-1202,"{addr1: '89 Auto Vaughan Dr.', city: 'Maple', region: 'Ontario', postal_code: 'L6A 4A1', country: 'CA'}",43.8590000000,-79.5370000000,,,,,https://www.maplehonda.com/privacy-policy.html,New,2213,In stock,,47178 CAD,Free,
2HKRS4H56TH120546,2HKRS4H56TH120546,166326-new,Honda,CR-V,SPORT 4WD,2026,AUTOMATIC,SUV,GASOLINE,,"2026 Honda CR-V SPORT 4WD, White exterior","[{url:'https://imagescdn.d2cmedia.ca/cb855ddf38fe50509be36fb1173ece7417/2213/14334429/1/Honda-CR_V-2026.jpg'},{url:'https://imagescdn.d2cmedia.ca/s8855ddf38fe50509be36fb1173ece7417/2213/14334429/1/Honda-CR_V-2026.jpg'},{url:'https://imagescdn.d2cmedia.ca/cb855ddf38fe50509be36fb1173ece7417/2213/14334429/2/Honda-CR_V-2026.jpg'},{url:'https://imagescdn.d2cmedia.ca/cb855ddf38fe50509be36fb1173ece7417/2213/14334429/3/Honda-CR_V-2026.jpg'},{url:'https://imagescdn.d2cmedia.ca/cb855ddf38fe50509be36fb1173ece7417/2213/14334429/4/Honda-CR_V-2026.jpg'},{url:'https://imagescdn.d2cmedia.ca/cb855ddf38fe50509be36fb1173ece7417/2213/14334429/5/Honda-CR_V-2026.jpg'},{url:'https://imagescdn.d2cmedia.ca/cb855ddf38fe50509be36fb1173ece7417/2213/14334429/6/Honda-CR_V-2026.jpg'},{url:'https://imagescdn.d2cmedia.ca/cb855ddf38fe50509be36fb1173ece7417/2213/14334429/7/Honda-CR_V-2026.jpg'},{url:'https://imagescdn.d2cmedia.ca/cb855ddf38fe50509be36fb1173ece7417/2213/14334429/8/Honda-CR_V-2026.jpg'},{url:'https://imagescdn.d2cmedia.ca/cb855ddf38fe50509be36fb1173ece7417/2213/14334429/9/Honda-CR_V-2026.jpg'}]",0,KM,https://www.maplehonda.com/new/inventory/2026-Honda-CR_V-id14334429.html,2026 Honda CR-V SPORT 4WD at Maple Honda,47178 CAD,New,White,,2213,Maple Honda,+1-905-832-1202,"{addr1: '89 Auto Vaughan Dr.', city: 'Maple', region: 'Ontario', postal_code: 'L6A 4A1', country: 'CA'}",43.8590000000,-79.5370000000,,,,,https://www.maplehonda.com/privacy-policy.html,New,2213,In stock,,47178 CAD,Free,
2HKRS4H5XTH119495,2HKRS4H5XTH119495,162126-new,Honda,CR-V,SPORT 4WD,2026,AUTOMATIC,SUV,GASOLINE,,"2026 Honda CR-V SPORT 4WD, Grey exterior","[{url:'https://carimages.d2cmedia.ca/newcarimages/en/cb6ac7b4b4bf741/Honda/CR-V/2026/1200/477735-U1BPUlQgNFdE/Gray/front45.png'},{url:'https://carimages.d2cmedia.ca/newcarimages/en/cb6ac7b4b4bf741/Honda/CR-V/2026/1280/477735/grey/front_45_degree.png'},{url:'https://carimages.d2cmedia.ca/newcarimages/en/cb6ac7b4b4bf741/Honda/CR-V/2026/2100/477735/grey/front_45_degree.png'},{url:'https://carimages.d2cmedia.ca/newcarimages/en/cb6ac7b4b4bf741/Honda/CR-V/2026/2100/477735/grey/profile.png'},{url:'https://carimages.d2cmedia.ca/newcarimages/en/cb6ac7b4b4bf741/Honda/CR-V/2026/2100/477735/grey/back_45_degree.png'},{url:'https://carimages.d2cmedia.ca/newcarimages/en/cb6ac7b4b4bf741/Honda/CR-V/2026/2100/477735/grey/driver_dashboard.png'},{url:'https://carimages.d2cmedia.ca/newcarimages/en/cb6ac7b4b4bf741/Honda/CR-V/2026/2100/477735/grey/full_dashboard.png'},{url:'https://carimages.d2cmedia.ca/newcarimages/en/cb6ac7b4b4bf741/Honda/CR-V/2026/2100/477735/grey/interior_driver_open_seat.png'},{url:'https://carimages.d2cmedia.ca/newcarimages/en/cb6ac7b4b4bf741/Honda/CR-V/2026/2100/477735/grey/interior_driver_stereo.png'},{url:'https://carimages.d2cmedia.ca/newcarimages/en/cb6ac7b4b4bf741/Honda/CR-V/2026/2100/477735/grey/interior_driver_reat_seats.png'}]",50,KM,https://www.maplehonda.com/new/inventory/2026-Honda-CR_V-id14261875.html,2026 Honda CR-V SPORT 4WD at Maple Honda,47178 CAD,New,Grey,,2213,Maple Honda,+1-905-832-1202,"{addr1: '89 Auto Vaughan Dr.', city: 'Maple', region: 'Ontario', postal_code: 'L6A 4A1', country: 'CA'}",43.8590000000,-79.5370000000,,,,,https://www.maplehonda.com/privacy-policy.html,New,2213,In stock,,47178 CAD,Free,
2HKRS4H56VH102230,2HKRS4H56VH102230,015327-new,Honda,CR-V,SPORT 4WD,2027,AUTOMATIC,SUV,GASOLINE,,"2027 Honda CR-V SPORT 4WD, Grey exterior","[{url:'https://carimages.d2cmedia.ca/newcarimages/en/cb6ac7b4b4bf741/Honda/CR-V/2027/1200/490900-U1BPUlQgNFdE/Gray/front45.png'},{url:'https://carimages.d2cmedia.ca/newcarimages/en/cb6ac7b4b4bf741/Honda/CR-V/2027/1280/490900/Gray/front_45_degree.png'},{url:'https://carimages.d2cmedia.ca/newcarimages/en/cb6ac7b4b4bf741/Honda/CR-V/2027/2100/490900/Gray/front_45_degree.png'},{url:'https://carimages.d2cmedia.ca/newcarimages/en/cb6ac7b4b4bf741/Honda/CR-V/2027/2100/490900/Gray/profile.png'},{url:'https://carimages.d2cmedia.ca/newcarimages/en/cb6ac7b4b4bf741/Honda/CR-V/2027/2100/490900/Gray/back_45_degree.png'},{url:'https://carimages.d2cmedia.ca/newcarimages/en/cb6ac7b4b4bf741/Honda/CR-V/2027/2100/490900/Gray/driver_dashboard.png'},{url:'https://carimages.d2cmedia.ca/newcarimages/en/cb6ac7b4b4bf741/Honda/CR-V/2027/2100/490900/Gray/full_dashboard.png'},{url:'https://carimages.d2cmedia.ca/newcarimages/en/cb6ac7b4b4bf741/Honda/CR-V/2027/2100/490900/Gray/interior_driver_open_seat.png'},{url:'https://carimages.d2cmedia.ca/newcarimages/en/cb6ac7b4b4bf741/Honda/CR-V/2027/2100/490900/Gray/interior_driver_stereo.png'},{url:'https://carimages.d2cmedia.ca/newcarimages/en/cb6ac7b4b4bf741/Honda/CR-V/2027/2100/490900/Gray/interior_driver_reat_seats.png'}]",0,KM,https://www.maplehonda.com/new/inventory/2027-Honda-CR_V-id14496893.html,2027 Honda CR-V SPORT 4WD at Maple Honda,47668 CAD,New,Grey,,2213,Maple Honda,+1-905-832-1202,"{addr1: '89 Auto Vaughan Dr.', city: 'Maple', region: 'Ontario', postal_code: 'L6A 4A1', country: 'CA'}",43.8590000000,-79.5370000000,,,,,https://www.maplehonda.com/privacy-policy.html,New,2213,In stock,,47668 CAD,Free,
2HKRS4H58VH102231,2HKRS4H58VH102231,015427-new,Honda,CR-V,SPORT 4WD,2027,AUTOMATIC,SUV,GASOLINE,,"2027 Honda CR-V SPORT 4WD, Grey exterior","[{url:'https://carimages.d2cmedia.ca/newcarimages/en/cb6ac7b4b4bf741/Honda/CR-V/2027/1200/490900-U1BPUlQgNFdE/Gray/front45.png'},{url:'https://carimages.d2cmedia.ca/newcarimages/en/cb6ac7b4b4bf741/Honda/CR-V/2027/1280/490900/Gray/front_45_degree.png'},{url:'https://carimages.d2cmedia.ca/newcarimages/en/cb6ac7b4b4bf741/Honda/CR-V/2027/2100/490900/Gray/front_45_degree.png'},{url:'https://carimages.d2cmedia.ca/newcarimages/en/cb6ac7b4b4bf741/Honda/CR-V/2027/2100/490900/Gray/profile.png'},{url:'https://carimages.d2cmedia.ca/newcarimages/en/cb6ac7b4b4bf741/Honda/CR-V/2027/2100/490900/Gray/back_45_degree.png'},{url:'https://carimages.d2cmedia.ca/newcarimages/en/cb6ac7b4b4bf741/Honda/CR-V/2027/2100/490900/Gray/driver_dashboard.png'},{url:'https://carimages.d2cmedia.ca/newcarimages/en/cb6ac7b4b4bf741/Honda/CR-V/2027/2100/490900/Gray/full_dashboard.png'},{url:'https://carimages.d2cmedia.ca/newcarimages/en/cb6ac7b4b4bf741/Honda/CR-V/2027/2100/490900/Gray/interior_driver_open_seat.png'},{url:'https://carimages.d2cmedia.ca/newcarimages/en/cb6ac7b4b4bf741/Honda/CR-V/2027/2100/490900/Gray/interior_driver_stereo.png'},{url:'https://carimages.d2cmedia.ca/newcarimages/en/cb6ac7b4b4bf741/Honda/CR-V/2027/2100/490900/Gray/interior_driver_reat_seats.png'}]",0,KM,https://www.maplehonda.com/new/inventory/2027-Honda-CR_V-id14496894.html,2027 Honda CR-V SPORT 4WD at Maple Honda,47668 CAD,New,Grey,,2213,Maple Honda,+1-905-832-1202,"{addr1: '89 Auto Vaughan Dr.', city: 'Maple', region: 'Ontario', postal_code: 'L6A 4A1', country: 'CA'}",43.8590000000,-79.5370000000,,,,,https://www.maplehonda.com/privacy-policy.html,New,2213,In stock,,47668 CAD,Free,
2HKRS4H58VH100723,2HKRS4H58VH100723,008727-new,Honda,CR-V,SPORT 4WD,2027,AUTOMATIC,SUV,GASOLINE,,"2027 Honda CR-V SPORT 4WD, White exterior","[{url:'https://carimages.d2cmedia.ca/newcarimages/en/cb6ac7b4b4bf741/Honda/CR-V/2027/1200/490900-U1BPUlQgNFdE/white/front45.png'},{url:'https://carimages.d2cmedia.ca/newcarimages/en/cb6ac7b4b4bf741/Honda/CR-V/2027/1280/490900/white/front_45_degree.png'},{url:'https://carimages.d2cmedia.ca/newcarimages/en/cb6ac7b4b4bf741/Honda/CR-V/2027/2100/490900/white/front_45_degree.png'},{url:'https://carimages.d2cmedia.ca/newcarimages/en/cb6ac7b4b4bf741/Honda/CR-V/2027/2100/490900/white/profile.png'},{url:'https://carimages.d2cmedia.ca/newcarimages/en/cb6ac7b4b4bf741/Honda/CR-V/2027/2100/490900/white/back_45_degree.png'},{url:'https://carimages.d2cmedia.ca/newcarimages/en/cb6ac7b4b4bf741/Honda/CR-V/2027/2100/490900/white/driver_dashboard.png'},{url:'https://carimages.d2cmedia.ca/newcarimages/en/cb6ac7b4b4bf741/Honda/CR-V/2027/2100/490900/white/full_dashboard.png'},{url:'https://carimages.d2cmedia.ca/newcarimages/en/cb6ac7b4b4bf741/Honda/CR-V/2027/2100/490900/white/interior_driver_open_seat.png'},{url:'https://carimages.d2cmedia.ca/newcarimages/en/cb6ac7b4b4bf741/Honda/CR-V/2027/2100/490900/white/interior_driver_stereo.png'},{url:'https://carimages.d2cmedia.ca/newcarimages/en/cb6ac7b4b4bf741/Honda/CR-V/2027/2100/490900/white/interior_driver_reat_seats.png'}]",0,KM,https://www.maplehonda.com/new/inventory/2027-Honda-CR_V-id14359926.html,2027 Honda CR-V SPORT 4WD at Maple Honda,47678 CAD,New,White,,2213,Maple Honda,+1-905-832-1202,"{addr1: '89 Auto Vaughan Dr.', city: 'Maple', region: 'Ontario', postal_code: 'L6A 4A1', country: 'CA'}",43.8590000000,-79.5370000000,,,,,https://www.maplehonda.com/privacy-policy.html,New,2213,In stock,,47678 CAD,Free,
2HKRS4H56VH100719,2HKRS4H56VH100719,010227-new,Honda,CR-V,SPORT 4WD,2027,AUTOMATIC,SUV,GASOLINE,,"2027 Honda CR-V SPORT 4WD, White exterior","[{url:'https://carimages.d2cmedia.ca/newcarimages/en/cb6ac7b4b4bf741/Honda/CR-V/2027/1200/490900-U1BPUlQgNFdE/white/front45.png'},{url:'https://carimages.d2cmedia.ca/newcarimages/en/cb6ac7b4b4bf741/Honda/CR-V/2027/1280/490900/white/front_45_degree.png'},{url:'https://carimages.d2cmedia.ca/newcarimages/en/cb6ac7b4b4bf741/Honda/CR-V/2027/2100/490900/white/front_45_degree.png'},{url:'https://carimages.d2cmedia.ca/newcarimages/en/cb6ac7b4b4bf741/Honda/CR-V/2027/2100/490900/white/profile.png'},{url:'https://carimages.d2cmedia.ca/newcarimages/en/cb6ac7b4b4bf741/Honda/CR-V/2027/2100/490900/white/back_45_degree.png'},{url:'https://carimages.d2cmedia.ca/newcarimages/en/cb6ac7b4b4bf741/Honda/CR-V/2027/2100/490900/white/driver_dashboard.png'},{url:'https://carimages.d2cmedia.ca/newcarimages/en/cb6ac7b4b4bf741/Honda/CR-V/2027/2100/490900/white/full_dashboard.png'},{url:'https://carimages.d2cmedia.ca/newcarimages/en/cb6ac7b4b4bf741/Honda/CR-V/2027/2100/490900/white/interior_driver_open_seat.png'},{url:'https://carimages.d2cmedia.ca/newcarimages/en/cb6ac7b4b4bf741/Honda/CR-V/2027/2100/490900/white/interior_driver_stereo.png'},{url:'https://carimages.d2cmedia.ca/newcarimages/en/cb6ac7b4b4bf741/Honda/CR-V/2027/2100/490900/white/interior_driver_reat_seats.png'}]",0,KM,https://www.maplehonda.com/new/inventory/2027-Honda-CR_V-id14386501.html,2027 Honda CR-V SPORT 4WD at Maple Honda,47678 CAD,New,White,,2213,Maple Honda,+1-905-832-1202,"{addr1: '89 Auto Vaughan Dr.', city: 'Maple', region: 'Ontario', postal_code: 'L6A 4A1', country: 'CA'}",43.8590000000,-79.5370000000,,,,,https://www.maplehonda.com/privacy-policy.html,New,2213,In stock,,47678 CAD,Free,
2HKRS4H52VH101947,2HKRS4H52VH101947,013727-new,Honda,CR-V,SPORT 4WD,2027,AUTOMATIC,SUV,GASOLINE,,"2027 Honda CR-V SPORT 4WD, Black exterior","[{url:'https://carimages.d2cmedia.ca/newcarimages/en/cb6ac7b4b4bf741/Honda/CR-V/2027/1200/490900-U1BPUlQgNFdE/black/front45.png'},{url:'https://carimages.d2cmedia.ca/newcarimages/en/cb6ac7b4b4bf741/Honda/CR-V/2027/1280/490900/black/front_45_degree.png'},{url:'https://carimages.d2cmedia.ca/newcarimages/en/cb6ac7b4b4bf741/Honda/CR-V/2027/2100/490900/black/front_45_degree.png'},{url:'https://carimages.d2cmedia.ca/newcarimages/en/cb6ac7b4b4bf741/Honda/CR-V/2027/2100/490900/black/profile.png'},{url:'https://carimages.d2cmedia.ca/newcarimages/en/cb6ac7b4b4bf741/Honda/CR-V/2027/2100/490900/black/back_45_degree.png'},{url:'https://carimages.d2cmedia.ca/newcarimages/en/cb6ac7b4b4bf741/Honda/CR-V/2027/2100/490900/black/driver_dashboard.png'},{url:'https://carimages.d2cmedia.ca/newcarimages/en/cb6ac7b4b4bf741/Honda/CR-V/2027/2100/490900/black/full_dashboard.png'},{url:'https://carimages.d2cmedia.ca/newcarimages/en/cb6ac7b4b4bf741/Honda/CR-V/2027/2100/490900/black/interior_driver_open_seat.png'},{url:'https://carimages.d2cmedia.ca/newcarimages/en/cb6ac7b4b4bf741/Honda/CR-V/2027/2100/490900/black/interior_driver_stereo.png'},{url:'https://carimages.d2cmedia.ca/newcarimages/en/cb6ac7b4b4bf741/Honda/CR-V/2027/2100/490900/black/interior_driver_reat_seats.png'}]",0,KM,https://www.maplehonda.com/new/inventory/2027-Honda-CR_V-id14462065.html,2027 Honda CR-V SPORT 4WD at Maple Honda,47678 CAD,New,Black,,2213,Maple Honda,+1-905-832-1202,"{addr1: '89 Auto Vaughan Dr.', city: 'Maple', region: 'Ontario', postal_code: 'L6A 4A1', country: 'CA'}",43.8590000000,-79.5370000000,,,,,https://www.maplehonda.com/privacy-policy.html,New,2213,In stock,,47678 CAD,Free,
2HKRS4H56VH101966,2HKRS4H56VH101966,013827-new,Honda,CR-V,SPORT 4WD,2027,AUTOMATIC,SUV,GASOLINE,,"2027 Honda CR-V SPORT 4WD, Black exterior","[{url:'https://carimages.d2cmedia.ca/newcarimages/en/cb6ac7b4b4bf741/Honda/CR-V/2027/1200/490900-U1BPUlQgNFdE/black/front45.png'},{url:'https://carimages.d2cmedia.ca/newcarimages/en/cb6ac7b4b4bf741/Honda/CR-V/2027/1280/490900/black/front_45_degree.png'},{url:'https://carimages.d2cmedia.ca/newcarimages/en/cb6ac7b4b4bf741/Honda/CR-V/2027/2100/490900/black/front_45_degree.png'},{url:'https://carimages.d2cmedia.ca/newcarimages/en/cb6ac7b4b4bf741/Honda/CR-V/2027/2100/490900/black/profile.png'},{url:'https://carimages.d2cmedia.ca/newcarimages/en/cb6ac7b4b4bf741/Honda/CR-V/2027/2100/490900/black/back_45_degree.png'},{url:'https://carimages.d2cmedia.ca/newcarimages/en/cb6ac7b4b4bf741/Honda/CR-V/2027/2100/490900/black/driver_dashboard.png'},{url:'https://carimages.d2cmedia.ca/newcarimages/en/cb6ac7b4b4bf741/Honda/CR-V/2027/2100/490900/black/full_dashboard.png'},{url:'https://carimages.d2cmedia.ca/newcarimages/en/cb6ac7b4b4bf741/Honda/CR-V/2027/2100/490900/black/interior_driver_open_seat.png'},{url:'https://carimages.d2cmedia.ca/newcarimages/en/cb6ac7b4b4bf741/Honda/CR-V/2027/2100/490900/black/interior_driver_stereo.png'},{url:'https://carimages.d2cmedia.ca/newcarimages/en/cb6ac7b4b4bf741/Honda/CR-V/2027/2100/490900/black/interior_driver_reat_seats.png'}]",0,KM,https://www.maplehonda.com/new/inventory/2027-Honda-CR_V-id14462066.html,2027 Honda CR-V SPORT 4WD at Maple Honda,47678 CAD,New,Black,,2213,Maple Honda,+1-905-832-1202,"{addr1: '89 Auto Vaughan Dr.', city: 'Maple', region: 'Ontario', postal_code: 'L6A 4A1', country: 'CA'}",43.8590000000,-79.5370000000,,,,,https://www.maplehonda.com/privacy-policy.html,New,2213,In stock,,47678 CAD,Free,
2HKRS4H50VH101977,2HKRS4H50VH101977,013927-new,Honda,CR-V,SPORT 4WD,2027,AUTOMATIC,SUV,GASOLINE,,"2027 Honda CR-V SPORT 4WD, Black exterior","[{url:'https://carimages.d2cmedia.ca/newcarimages/en/cb6ac7b4b4bf741/Honda/CR-V/2027/1200/490900-U1BPUlQgNFdE/black/front45.png'},{url:'https://carimages.d2cmedia.ca/newcarimages/en/cb6ac7b4b4bf741/Honda/CR-V/2027/1280/490900/black/front_45_degree.png'},{url:'https://carimages.d2cmedia.ca/newcarimages/en/cb6ac7b4b4bf741/Honda/CR-V/2027/2100/490900/black/front_45_degree.png'},{url:'https://carimages.d2cmedia.ca/newcarimages/en/cb6ac7b4b4bf741/Honda/CR-V/2027/2100/490900/black/profile.png'},{url:'https://carimages.d2cmedia.ca/newcarimages/en/cb6ac7b4b4bf741/Honda/CR-V/2027/2100/490900/black/back_45_degree.png'},{url:'https://carimages.d2cmedia.ca/newcarimages/en/cb6ac7b4b4bf741/Honda/CR-V/2027/2100/490900/black/driver_dashboard.png'},{url:'https://carimages.d2cmedia.ca/newcarimages/en/cb6ac7b4b4bf741/Honda/CR-V/2027/2100/490900/black/full_dashboard.png'},{url:'https://carimages.d2cmedia.ca/newcarimages/en/cb6ac7b4b4bf741/Honda/CR-V/2027/2100/490900/black/interior_driver_open_seat.png'},{url:'https://carimages.d2cmedia.ca/newcarimages/en/cb6ac7b4b4bf741/Honda/CR-V/2027/2100/490900/black/interior_driver_stereo.png'},{url:'https://carimages.d2cmedia.ca/newcarimages/en/cb6ac7b4b4bf741/Honda/CR-V/2027/2100/490900/black/interior_driver_reat_seats.png'}]",0,KM,https://www.maplehonda.com/new/inventory/2027-Honda-CR_V-id14469365.html,2027 Honda CR-V SPORT 4WD at Maple Honda,47678 CAD,New,Black,,2213,Maple Honda,+1-905-832-1202,"{addr1: '89 Auto Vaughan Dr.', city: 'Maple', region: 'Ontario', postal_code: 'L6A 4A1', country: 'CA'}",43.8590000000,-79.5370000000,,,,,https://www.maplehonda.com/privacy-policy.html,New,2213,In stock,,47678 CAD,Free,
2HKRS6H52VH203860,2HKRS6H52VH203860,012627-new,Honda,CR-V,SPORT HYB 4WD,2027,AUTOMATIC,SUV,GASOLINE,,"2027 Honda CR-V SPORT HYB 4WD, SOLAR REFLECTIO exterior","[{url:'https://carimages.d2cmedia.ca/newcarimages/en/cb6ac7b4b4bf741/Honda/CR-V Hybrid/2027/1200/491164-U1BPUlQgSFlCIDRXRA/white/front45.png'},{url:'https://carimages.d2cmedia.ca/newcarimages/fr/cb6ac78df9b21d6/Honda/CR-V Hybrid/2027/640/491164-U1BPUlQgSFlCIDRXRA/SOLAR REFLECTIO/front_45_degree.png'},{url:'https://carimages.d2cmedia.ca/newcarimages/fr/cb6ac78df9b21d6/Honda/CR-V Hybrid/2027/2100/491164-U1BPUlQgSFlCIDRXRA/SOLAR REFLECTIO/front_45_degree.png'}]",50,KM,https://www.maplehonda.com/new/inventory/2027-Honda-CR_V-id14439644.html,2027 Honda CR-V SPORT HYB 4WD at Maple Honda,49647 CAD,New,SOLAR REFLECTIO,,2213,Maple Honda,+1-905-832-1202,"{addr1: '89 Auto Vaughan Dr.', city: 'Maple', region: 'Ontario', postal_code: 'L6A 4A1', country: 'CA'}",43.8590000000,-79.5370000000,,,,,https://www.maplehonda.com/privacy-policy.html,New,2213,In stock,,49647 CAD,Free,
2HKRS6H55VH202041,2HKRS6H55VH202041,008527-new,Honda,CR-V,SPORT HYB 4WD,2027,AUTOMATIC,SUV,GASOLINE,,"2027 Honda CR-V SPORT HYB 4WD, Grey exterior","[{url:'https://carimages.d2cmedia.ca/newcarimages/en/cb6ac7b4b4bf741/Honda/CR-V/2027/1200/490900-U1BPUlQgSFlCIDRXRA/Gray/front45.png'},{url:'https://carimages.d2cmedia.ca/newcarimages/en/cb6ac7b4b4bf741/Honda/CR-V/2027/1280/490900/grey/front_45_degree.png'},{url:'https://carimages.d2cmedia.ca/newcarimages/en/cb6ac7b4b4bf741/Honda/CR-V/2027/2100/490900/grey/front_45_degree.png'},{url:'https://carimages.d2cmedia.ca/newcarimages/en/cb6ac7b4b4bf741/Honda/CR-V/2027/2100/490900/grey/profile.png'},{url:'https://carimages.d2cmedia.ca/newcarimages/en/cb6ac7b4b4bf741/Honda/CR-V/2027/2100/490900/grey/back_45_degree.png'},{url:'https://carimages.d2cmedia.ca/newcarimages/en/cb6ac7b4b4bf741/Honda/CR-V/2027/2100/490900/grey/driver_dashboard.png'},{url:'https://carimages.d2cmedia.ca/newcarimages/en/cb6ac7b4b4bf741/Honda/CR-V/2027/2100/490900/grey/full_dashboard.png'},{url:'https://carimages.d2cmedia.ca/newcarimages/en/cb6ac7b4b4bf741/Honda/CR-V/2027/2100/490900/grey/interior_driver_open_seat.png'},{url:'https://carimages.d2cmedia.ca/newcarimages/en/cb6ac7b4b4bf741/Honda/CR-V/2027/2100/490900/grey/interior_driver_stereo.png'},{url:'https://carimages.d2cmedia.ca/newcarimages/en/cb6ac7b4b4bf741/Honda/CR-V/2027/2100/490900/grey/interior_driver_reat_seats.png'}]",0,KM,https://www.maplehonda.com/new/inventory/2027-Honda-CR_V-id14359924.html,2027 Honda CR-V SPORT HYB 4WD at Maple Honda,50197 CAD,New,Grey,,2213,Maple Honda,+1-905-832-1202,"{addr1: '89 Auto Vaughan Dr.', city: 'Maple', region: 'Ontario', postal_code: 'L6A 4A1', country: 'CA'}",43.8590000000,-79.5370000000,,,,,https://www.maplehonda.com/privacy-policy.html,New,2213,In stock,,50197 CAD,Free,
2HKRS6H52VH202577,2HKRS6H52VH202577,009327-new,Honda,CR-V,SPORT HYB 4WD,2027,AUTOMATIC,SUV,GASOLINE,,"2027 Honda CR-V SPORT HYB 4WD, Black exterior","[{url:'https://carimages.d2cmedia.ca/newcarimages/en/cb6ac7b4b4bf741/Honda/CR-V/2027/1200/490900-U1BPUlQgSFlCIDRXRA/black/front45.png'},{url:'https://carimages.d2cmedia.ca/newcarimages/en/cb6ac7b4b4bf741/Honda/CR-V/2027/1280/490900/black/front_45_degree.png'},{url:'https://carimages.d2cmedia.ca/newcarimages/en/cb6ac7b4b4bf741/Honda/CR-V/2027/2100/490900/black/front_45_degree.png'},{url:'https://carimages.d2cmedia.ca/newcarimages/en/cb6ac7b4b4bf741/Honda/CR-V/2027/2100/490900/black/profile.png'},{url:'https://carimages.d2cmedia.ca/newcarimages/en/cb6ac7b4b4bf741/Honda/CR-V/2027/2100/490900/black/back_45_degree.png'},{url:'https://carimages.d2cmedia.ca/newcarimages/en/cb6ac7b4b4bf741/Honda/CR-V/2027/2100/490900/black/driver_dashboard.png'},{url:'https://carimages.d2cmedia.ca/newcarimages/en/cb6ac7b4b4bf741/Honda/CR-V/2027/2100/490900/black/full_dashboard.png'},{url:'https://carimages.d2cmedia.ca/newcarimages/en/cb6ac7b4b4bf741/Honda/CR-V/2027/2100/490900/black/interior_driver_open_seat.png'},{url:'https://carimages.d2cmedia.ca/newcarimages/en/cb6ac7b4b4bf741/Honda/CR-V/2027/2100/490900/black/interior_driver_stereo.png'},{url:'https://carimages.d2cmedia.ca/newcarimages/en/cb6ac7b4b4bf741/Honda/CR-V/2027/2100/490900/black/interior_driver_reat_seats.png'}]",0,KM,https://www.maplehonda.com/new/inventory/2027-Honda-CR_V-id14379901.html,2027 Honda CR-V SPORT HYB 4WD at Maple Honda,50197 CAD,New,Black,,2213,Maple Honda,+1-905-832-1202,"{addr1: '89 Auto Vaughan Dr.', city: 'Maple', region: 'Ontario', postal_code: 'L6A 4A1', country: 'CA'}",43.8590000000,-79.5370000000,,,,,https://www.maplehonda.com/privacy-policy.html,New,2213,In stock,,50197 CAD,Free,
2HKRS6H57VH202557,2HKRS6H57VH202557,009527-new,Honda,CR-V,SPORT HYB 4WD,2027,AUTOMATIC,SUV,GASOLINE,,"2027 Honda CR-V SPORT HYB 4WD, Black exterior","[{url:'https://carimages.d2cmedia.ca/newcarimages/en/cb6ac7b4b4bf741/Honda/CR-V/2027/1200/490900-U1BPUlQgSFlCIDRXRA/black/front45.png'},{url:'https://carimages.d2cmedia.ca/newcarimages/en/cb6ac7b4b4bf741/Honda/CR-V/2027/1280/490900/black/front_45_degree.png'},{url:'https://carimages.d2cmedia.ca/newcarimages/en/cb6ac7b4b4bf741/Honda/CR-V/2027/2100/490900/black/front_45_degree.png'},{url:'https://carimages.d2cmedia.ca/newcarimages/en/cb6ac7b4b4bf741/Honda/CR-V/2027/2100/490900/black/profile.png'},{url:'https://carimages.d2cmedia.ca/newcarimages/en/cb6ac7b4b4bf741/Honda/CR-V/2027/2100/490900/black/back_45_degree.png'},{url:'https://carimages.d2cmedia.ca/newcarimages/en/cb6ac7b4b4bf741/Honda/CR-V/2027/2100/490900/black/driver_dashboard.png'},{url:'https://carimages.d2cmedia.ca/newcarimages/en/cb6ac7b4b4bf741/Honda/CR-V/2027/2100/490900/black/full_dashboard.png'},{url:'https://carimages.d2cmedia.ca/newcarimages/en/cb6ac7b4b4bf741/Honda/CR-V/2027/2100/490900/black/interior_driver_open_seat.png'},{url:'https://carimages.d2cmedia.ca/newcarimages/en/cb6ac7b4b4bf741/Honda/CR-V/2027/2100/490900/black/interior_driver_stereo.png'},{url:'https://carimages.d2cmedia.ca/newcarimages/en/cb6ac7b4b4bf741/Honda/CR-V/2027/2100/490900/black/interior_driver_reat_seats.png'}]",0,KM,https://www.maplehonda.com/new/inventory/2027-Honda-CR_V-id14379903.html,2027 Honda CR-V SPORT HYB 4WD at Maple Honda,50197 CAD,New,Black,,2213,Maple Honda,+1-905-832-1202,"{addr1: '89 Auto Vaughan Dr.', city: 'Maple', region: 'Ontario', postal_code: 'L6A 4A1', country: 'CA'}",43.8590000000,-79.5370000000,,,,,https://www.maplehonda.com/privacy-policy.html,New,2213,In stock,,50197 CAD,Free,
2HKRS6H55VH202556,2HKRS6H55VH202556,009727-new,Honda,CR-V,SPORT HYB 4WD,2027,AUTOMATIC,SUV,GASOLINE,,"2027 Honda CR-V SPORT HYB 4WD, Black exterior","[{url:'https://carimages.d2cmedia.ca/newcarimages/en/cb6ac7b4b4bf741/Honda/CR-V/2027/1200/490900-U1BPUlQgSFlCIDRXRA/black/front45.png'},{url:'https://carimages.d2cmedia.ca/newcarimages/en/cb6ac7b4b4bf741/Honda/CR-V/2027/1280/490900/black/front_45_degree.png'},{url:'https://carimages.d2cmedia.ca/newcarimages/en/cb6ac7b4b4bf741/Honda/CR-V/2027/2100/490900/black/front_45_degree.png'},{url:'https://carimages.d2cmedia.ca/newcarimages/en/cb6ac7b4b4bf741/Honda/CR-V/2027/2100/490900/black/profile.png'},{url:'https://carimages.d2cmedia.ca/newcarimages/en/cb6ac7b4b4bf741/Honda/CR-V/2027/2100/490900/black/back_45_degree.png'},{url:'https://carimages.d2cmedia.ca/newcarimages/en/cb6ac7b4b4bf741/Honda/CR-V/2027/2100/490900/black/driver_dashboard.png'},{url:'https://carimages.d2cmedia.ca/newcarimages/en/cb6ac7b4b4bf741/Honda/CR-V/2027/2100/490900/black/full_dashboard.png'},{url:'https://carimages.d2cmedia.ca/newcarimages/en/cb6ac7b4b4bf741/Honda/CR-V/2027/2100/490900/black/interior_driver_open_seat.png'},{url:'https://carimages.d2cmedia.ca/newcarimages/en/cb6ac7b4b4bf741/Honda/CR-V/2027/2100/490900/black/interior_driver_stereo.png'},{url:'https://carimages.d2cmedia.ca/newcarimages/en/cb6ac7b4b4bf741/Honda/CR-V/2027/2100/490900/black/interior_driver_reat_seats.png'}]",0,KM,https://www.maplehonda.com/new/inventory/2027-Honda-CR_V-id14379905.html,2027 Honda CR-V SPORT HYB 4WD at Maple Honda,50197 CAD,New,Black,,2213,Maple Honda,+1-905-832-1202,"{addr1: '89 Auto Vaughan Dr.', city: 'Maple', region: 'Ontario', postal_code: 'L6A 4A1', country: 'CA'}",43.8590000000,-79.5370000000,,,,,https://www.maplehonda.com/privacy-policy.html,New,2213,In stock,,50197 CAD,Free,
2HKRS6H5XVH203766,2HKRS6H5XVH203766,011927-new,Honda,CR-V,SPORT HYB 4WD,2027,AUTOMATIC,SUV,GASOLINE,,"2027 Honda CR-V SPORT HYB 4WD, White exterior","[{url:'https://carimages.d2cmedia.ca/newcarimages/en/cb6ac7b4b4bf741/Honda/CR-V Hybrid/2027/1200/491164-U1BPUlQgSFlCIDRXRA/white/front45.png'},{url:'https://carimages.d2cmedia.ca/newcarimages/fr/cb6ac78df9b21d6/Honda/CR-V Hybrid/2027/640/491164-U1BPUlQgSFlCIDRXRA/white/front_45_degree.png'},{url:'https://carimages.d2cmedia.ca/newcarimages/fr/cb6ac78df9b21d6/Honda/CR-V Hybrid/2027/2100/491164-U1BPUlQgSFlCIDRXRA/white/front_45_degree.png'}]",0,KM,https://www.maplehonda.com/new/inventory/2027-Honda-CR_V-id14433006.html,2027 Honda CR-V SPORT HYB 4WD at Maple Honda,50197 CAD,New,White,,2213,Maple Honda,+1-905-832-1202,"{addr1: '89 Auto Vaughan Dr.', city: 'Maple', region: 'Ontario', postal_code: 'L6A 4A1', country: 'CA'}",43.8590000000,-79.5370000000,,,,,https://www.maplehonda.com/privacy-policy.html,New,2213,In stock,,50197 CAD,Free,
2HKRS6H56VH203778,2HKRS6H56VH203778,012127-new,Honda,CR-V,SPORT HYB 4WD,2027,AUTOMATIC,SUV,GASOLINE,,"2027 Honda CR-V SPORT HYB 4WD, White exterior","[{url:'https://carimages.d2cmedia.ca/newcarimages/en/cb6ac7b4b4bf741/Honda/CR-V Hybrid/2027/1200/491164-U1BPUlQgSFlCIDRXRA/white/front45.png'},{url:'https://carimages.d2cmedia.ca/newcarimages/fr/cb6ac78df9b21d6/Honda/CR-V Hybrid/2027/640/491164-U1BPUlQgSFlCIDRXRA/white/front_45_degree.png'},{url:'https://carimages.d2cmedia.ca/newcarimages/fr/cb6ac78df9b21d6/Honda/CR-V Hybrid/2027/2100/491164-U1BPUlQgSFlCIDRXRA/white/front_45_degree.png'}]",0,KM,https://www.maplehonda.com/new/inventory/2027-Honda-CR_V-id14439640.html,2027 Honda CR-V SPORT HYB 4WD at Maple Honda,50197 CAD,New,White,,2213,Maple Honda,+1-905-832-1202,"{addr1: '89 Auto Vaughan Dr.', city: 'Maple', region: 'Ontario', postal_code: 'L6A 4A1', country: 'CA'}",43.8590000000,-79.5370000000,,,,,https://www.maplehonda.com/privacy-policy.html,New,2213,In stock,,50197 CAD,Free,
2HKRS6H52VH203776,2HKRS6H52VH203776,013027-new,Honda,CR-V,SPORT HYB 4WD,2027,AUTOMATIC,SUV,GASOLINE,,"2027 Honda CR-V SPORT HYB 4WD, White exterior","[{url:'https://carimages.d2cmedia.ca/newcarimages/en/cb6ac7b4b4bf741/Honda/CR-V Hybrid/2027/1200/491164-U1BPUlQgSFlCIDRXRA/white/front45.png'},{url:'https://carimages.d2cmedia.ca/newcarimages/fr/cb6ac78df9b21d6/Honda/CR-V Hybrid/2027/640/491164-U1BPUlQgSFlCIDRXRA/white/front_45_degree.png'},{url:'https://carimages.d2cmedia.ca/newcarimages/fr/cb6ac78df9b21d6/Honda/CR-V Hybrid/2027/2100/491164-U1BPUlQgSFlCIDRXRA/white/front_45_degree.png'}]",50,KM,https://www.maplehonda.com/new/inventory/2027-Honda-CR_V-id14439648.html,2027 Honda CR-V SPORT HYB 4WD at Maple Honda,50197 CAD,New,White,,2213,Maple Honda,+1-905-832-1202,"{addr1: '89 Auto Vaughan Dr.', city: 'Maple', region: 'Ontario', postal_code: 'L6A 4A1', country: 'CA'}",43.8590000000,-79.5370000000,,,,,https://www.maplehonda.com/privacy-policy.html,New,2213,In stock,,50197 CAD,Free,
2HKRS6H67VH202633,2HKRS6H67VH202633,009427-new,Honda,CR-V,TRAILSORT HYB 4W,2027,AUTOMATIC,SUV,GASOLINE,,"2027 Honda CR-V TRAILSORT HYB 4W, Charcoal exterior","[{url:'https://carimages.d2cmedia.ca/newcarimages/fr/cb6ac78df9b21d6/Honda/CR-V/2027/640/grey/front_45_degree.png'},{url:'https://carimages.d2cmedia.ca/newcarimages/fr/cb6ac78df9b21d6/Honda/CR-V/2027/2100/grey/front_45_degree.png'}]",0,KM,https://www.maplehonda.com/new/inventory/2027-Honda-CR_V-id14379902.html,2027 Honda CR-V TRAILSORT HYB 4W at Maple Honda,51597 CAD,New,Charcoal,,2213,Maple Honda,+1-905-832-1202,"{addr1: '89 Auto Vaughan Dr.', city: 'Maple', region: 'Ontario', postal_code: 'L6A 4A1', country: 'CA'}",43.8590000000,-79.5370000000,,,,,https://www.maplehonda.com/privacy-policy.html,New,2213,In stock,,51597 CAD,Free,
2HKRS6H73VH203190,2HKRS6H73VH203190,013327-new,Honda,CR-V,EXL HYB 4WD,2027,AUTOMATIC,SUV,GASOLINE,,"2027 Honda CR-V EXL HYB 4WD, SOLAR REFLECTIO exterior","[{url:'https://carimages.d2cmedia.ca/newcarimages/en/cb6ac7b4b4bf741/Honda/CR-V Hybrid/2027/1200/491166-RVhMIEhZQiA0V0Q/white/front45.png'},{url:'https://carimages.d2cmedia.ca/newcarimages/fr/cb6ac78df9b21d6/Honda/CR-V Hybrid/2027/640/491166-RVhMIEhZQiA0V0Q/SOLAR REFLECTIO/front_45_degree.png'},{url:'https://carimages.d2cmedia.ca/newcarimages/fr/cb6ac78df9b21d6/Honda/CR-V Hybrid/2027/2100/491166-RVhMIEhZQiA0V0Q/SOLAR REFLECTIO/front_45_degree.png'}]",0,KM,https://www.maplehonda.com/new/inventory/2027-Honda-CR_V-id14448466.html,2027 Honda CR-V EXL HYB 4WD at Maple Honda,52447 CAD,New,SOLAR REFLECTIO,,2213,Maple Honda,+1-905-832-1202,"{addr1: '89 Auto Vaughan Dr.', city: 'Maple', region: 'Ontario', postal_code: 'L6A 4A1', country: 'CA'}",43.8590000000,-79.5370000000,,,,,https://www.maplehonda.com/privacy-policy.html,New,2213,In stock,,52447 CAD,Free,
2HKRS6H71VH201163,2HKRS6H71VH201163,007727-new,Honda,CR-V,EXL HYB 4WD,2027,AUTOMATIC,SUV,GASOLINE,,"2027 Honda CR-V EXL HYB 4WD, Black exterior","[{url:'https://carimages.d2cmedia.ca/newcarimages/fr/cb6ac78df9b21d6/Honda/CR-V/2027/640/black/front_45_degree.png'},{url:'https://carimages.d2cmedia.ca/newcarimages/fr/cb6ac78df9b21d6/Honda/CR-V/2027/2100/black/front_45_degree.png'}]",0,KM,https://www.maplehonda.com/new/inventory/2027-Honda-CR_V-id14334425.html,2027 Honda CR-V EXL HYB 4WD at Maple Honda,52997 CAD,New,Black,,2213,Maple Honda,+1-905-832-1202,"{addr1: '89 Auto Vaughan Dr.', city: 'Maple', region: 'Ontario', postal_code: 'L6A 4A1', country: 'CA'}",43.8590000000,-79.5370000000,,,,,https://www.maplehonda.com/privacy-policy.html,New,2213,In stock,,52997 CAD,Free,
2HKRS6H71VH201180,2HKRS6H71VH201180,007827-new,Honda,CR-V,EXL HYB 4WD,2027,AUTOMATIC,SUV,GASOLINE,,"2027 Honda CR-V EXL HYB 4WD, Black exterior","[{url:'https://carimages.d2cmedia.ca/newcarimages/fr/cb6ac78df9b21d6/Honda/CR-V/2027/640/black/front_45_degree.png'},{url:'https://carimages.d2cmedia.ca/newcarimages/fr/cb6ac78df9b21d6/Honda/CR-V/2027/2100/black/front_45_degree.png'}]",0,KM,https://www.maplehonda.com/new/inventory/2027-Honda-CR_V-id14334426.html,2027 Honda CR-V EXL HYB 4WD at Maple Honda,52997 CAD,New,Black,,2213,Maple Honda,+1-905-832-1202,"{addr1: '89 Auto Vaughan Dr.', city: 'Maple', region: 'Ontario', postal_code: 'L6A 4A1', country: 'CA'}",43.8590000000,-79.5370000000,,,,,https://www.maplehonda.com/privacy-policy.html,New,2213,In stock,,52997 CAD,Free,
2HKRS6H79VH200729,2HKRS6H79VH200729,007927-new,Honda,CR-V,EXL HYB 4WD,2027,AUTOMATIC,SUV,GASOLINE,,"2027 Honda CR-V EXL HYB 4WD, Grey exterior","[{url:'https://carimages.d2cmedia.ca/newcarimages/fr/cb6ac78df9b21d6/Honda/CR-V/2027/640/grey/front_45_degree.png'},{url:'https://carimages.d2cmedia.ca/newcarimages/fr/cb6ac78df9b21d6/Honda/CR-V/2027/2100/grey/front_45_degree.png'}]",0,KM,https://www.maplehonda.com/new/inventory/2027-Honda-CR_V-id14334427.html,2027 Honda CR-V EXL HYB 4WD at Maple Honda,52997 CAD,New,Grey,,2213,Maple Honda,+1-905-832-1202,"{addr1: '89 Auto Vaughan Dr.', city: 'Maple', region: 'Ontario', postal_code: 'L6A 4A1', country: 'CA'}",43.8590000000,-79.5370000000,,,,,https://www.maplehonda.com/privacy-policy.html,New,2213,In stock,,52997 CAD,Free,
2HKRS6H75VH200730,2HKRS6H75VH200730,008027-new,Honda,CR-V,EXL HYB 4WD,2027,AUTOMATIC,SUV,GASOLINE,,"2027 Honda CR-V EXL HYB 4WD, Grey exterior","[{url:'https://carimages.d2cmedia.ca/newcarimages/fr/cb6ac78df9b21d6/Honda/CR-V/2027/640/grey/front_45_degree.png'},{url:'https://carimages.d2cmedia.ca/newcarimages/fr/cb6ac78df9b21d6/Honda/CR-V/2027/2100/grey/front_45_degree.png'}]",0,KM,https://www.maplehonda.com/new/inventory/2027-Honda-CR_V-id14334428.html,2027 Honda CR-V EXL HYB 4WD at Maple Honda,52997 CAD,New,Grey,,2213,Maple Honda,+1-905-832-1202,"{addr1: '89 Auto Vaughan Dr.', city: 'Maple', region: 'Ontario', postal_code: 'L6A 4A1', country: 'CA'}",43.8590000000,-79.5370000000,,,,,https://www.maplehonda.com/privacy-policy.html,New,2213,In stock,,52997 CAD,Free,
2HKRS6H76VH203099,2HKRS6H76VH203099,010827-new,Honda,CR-V,EXL HYB 4WD,2027,AUTOMATIC,SUV,GASOLINE,,"2027 Honda CR-V EXL HYB 4WD, Blue exterior","[{url:'https://carimages.d2cmedia.ca/newcarimages/fr/cb6ac78df9b21d6/Honda/CR-V/2027/640/blue/front_45_degree.png'},{url:'https://carimages.d2cmedia.ca/newcarimages/fr/cb6ac78df9b21d6/Honda/CR-V/2027/2100/blue/front_45_degree.png'}]",0,KM,https://www.maplehonda.com/new/inventory/2027-Honda-CR_V-id14413959.html,2027 Honda CR-V EXL HYB 4WD at Maple Honda,52997 CAD,New,Blue,,2213,Maple Honda,+1-905-832-1202,"{addr1: '89 Auto Vaughan Dr.', city: 'Maple', region: 'Ontario', postal_code: 'L6A 4A1', country: 'CA'}",43.8590000000,-79.5370000000,,,,,https://www.maplehonda.com/privacy-policy.html,New,2213,In stock,,52997 CAD,Free,
2HKRS6H7XVH201467,2HKRS6H7XVH201467,010927-new,Honda,CR-V,EXL HYB 4WD,2027,AUTOMATIC,SUV,GASOLINE,,"2027 Honda CR-V EXL HYB 4WD, White exterior","[{url:'https://carimages.d2cmedia.ca/newcarimages/fr/cb6ac78df9b21d6/Honda/CR-V/2027/640/white/front_45_degree.png'},{url:'https://carimages.d2cmedia.ca/newcarimages/fr/cb6ac78df9b21d6/Honda/CR-V/2027/2100/white/front_45_degree.png'}]",0,KM,https://www.maplehonda.com/new/inventory/2027-Honda-CR_V-id14413960.html,2027 Honda CR-V EXL HYB 4WD at Maple Honda,52997 CAD,New,White,,2213,Maple Honda,+1-905-832-1202,"{addr1: '89 Auto Vaughan Dr.', city: 'Maple', region: 'Ontario', postal_code: 'L6A 4A1', country: 'CA'}",43.8590000000,-79.5370000000,,,,,https://www.maplehonda.com/privacy-policy.html,New,2213,In stock,,52997 CAD,Free,
2HKRS6H71VH202717,2HKRS6H71VH202717,011027-new,Honda,CR-V,EXL HYB 4WD,2027,AUTOMATIC,SUV,GASOLINE,,"2027 Honda CR-V EXL HYB 4WD, White exterior","[{url:'https://carimages.d2cmedia.ca/newcarimages/fr/cb6ac78df9b21d6/Honda/CR-V/2027/640/white/front_45_degree.png'},{url:'https://carimages.d2cmedia.ca/newcarimages/fr/cb6ac78df9b21d6/Honda/CR-V/2027/2100/white/front_45_degree.png'}]",0,KM,https://www.maplehonda.com/new/inventory/2027-Honda-CR_V-id14413961.html,2027 Honda CR-V EXL HYB 4WD at Maple Honda,52997 CAD,New,White,,2213,Maple Honda,+1-905-832-1202,"{addr1: '89 Auto Vaughan Dr.', city: 'Maple', region: 'Ontario', postal_code: 'L6A 4A1', country: 'CA'}",43.8590000000,-79.5370000000,,,,,https://www.maplehonda.com/privacy-policy.html,New,2213,In stock,,52997 CAD,Free,
2HKRS6H94VH201529,2HKRS6H94VH201529,008227-new,Honda,CR-V,TOURING HYB 4WD,2027,AUTOMATIC,SUV,GASOLINE,,"2027 Honda CR-V TOURING HYB 4WD, Black exterior","[{url:'https://carimages.d2cmedia.ca/newcarimages/en/cb6ac7b4b4bf741/Honda/CR-V Hybrid/2027/1200/491167-VE9VUklORyBIWUIgNFdE/black/front45.png'},{url:'https://carimages.d2cmedia.ca/newcarimages/fr/cb6ac78df9b21d6/Honda/CR-V Hybrid/2027/640/491167-VE9VUklORyBIWUIgNFdE/black/front_45_degree.png'},{url:'https://carimages.d2cmedia.ca/newcarimages/fr/cb6ac78df9b21d6/Honda/CR-V Hybrid/2027/2100/491167-VE9VUklORyBIWUIgNFdE/black/front_45_degree.png'}]",0,KM,https://www.maplehonda.com/new/inventory/2027-Honda-CR_V-id14354493.html,2027 Honda CR-V TOURING HYB 4WD at Maple Honda,55497 CAD,New,Black,,2213,Maple Honda,+1-905-832-1202,"{addr1: '89 Auto Vaughan Dr.', city: 'Maple', region: 'Ontario', postal_code: 'L6A 4A1', country: 'CA'}",43.8590000000,-79.5370000000,,,,,https://www.maplehonda.com/privacy-policy.html,New,2213,In stock,,55497 CAD,Free,
2HKRS6H97VH201542,2HKRS6H97VH201542,008327-new,Honda,CR-V,TOURING HYB 4WD,2027,AUTOMATIC,SUV,GASOLINE,,"2027 Honda CR-V TOURING HYB 4WD, Black exterior","[{url:'https://carimages.d2cmedia.ca/newcarimages/en/cb6ac7b4b4bf741/Honda/CR-V Hybrid/2027/1200/491167-VE9VUklORyBIWUIgNFdE/black/front45.png'},{url:'https://carimages.d2cmedia.ca/newcarimages/fr/cb6ac78df9b21d6/Honda/CR-V Hybrid/2027/640/491167-VE9VUklORyBIWUIgNFdE/black/front_45_degree.png'},{url:'https://carimages.d2cmedia.ca/newcarimages/fr/cb6ac78df9b21d6/Honda/CR-V Hybrid/2027/2100/491167-VE9VUklORyBIWUIgNFdE/black/front_45_degree.png'}]",0,KM,https://www.maplehonda.com/new/inventory/2027-Honda-CR_V-id14354494.html,2027 Honda CR-V TOURING HYB 4WD at Maple Honda,55497 CAD,New,Black,,2213,Maple Honda,+1-905-832-1202,"{addr1: '89 Auto Vaughan Dr.', city: 'Maple', region: 'Ontario', postal_code: 'L6A 4A1', country: 'CA'}",43.8590000000,-79.5370000000,,,,,https://www.maplehonda.com/privacy-policy.html,New,2213,In stock,,55497 CAD,Free,
2HGFA16469H018553,2HGFA16469H018553,145826LA,Honda,Civic Sedan,4DR AUTO DX-G,2009,AUTOMATIC,SEDAN,GASOLINE,,"2009 Honda Civic Sedan 4DR AUTO DX-G, Black exterior","[{url:'https://imagescdn.d2cmedia.ca/cbd8dc9a14769fec5e481fde3cc1c21637/2213/14454848/1/Honda-Civic Sdn-2009.jpg'},{url:'https://imagescdn.d2cmedia.ca/s8d8dc9a14769fec5e481fde3cc1c21637/2213/14454848/1/Honda-Civic_Sedan-2009.jpg'},{url:'https://imagescdn.d2cmedia.ca/cbd8dc9a14769fec5e481fde3cc1c21637/2213/14454848/1/Honda-Civic_Sedan-2009.jpg'},{url:'https://imagescdn.d2cmedia.ca/cbd8dc9a14769fec5e481fde3cc1c21637/2213/14454848/2/Honda-Civic_Sedan-2009.jpg'},{url:'https://imagescdn.d2cmedia.ca/cbd8dc9a14769fec5e481fde3cc1c21637/2213/14454848/3/Honda-Civic_Sedan-2009.jpg'},{url:'https://imagescdn.d2cmedia.ca/cbd8dc9a14769fec5e481fde3cc1c21637/2213/14454848/4/Honda-Civic_Sedan-2009.jpg'},{url:'https://imagescdn.d2cmedia.ca/cbd8dc9a14769fec5e481fde3cc1c21637/2213/14454848/5/Honda-Civic_Sedan-2009.jpg'},{url:'https://imagescdn.d2cmedia.ca/cbd8dc9a14769fec5e481fde3cc1c21637/2213/14454848/6/Honda-Civic_Sedan-2009.jpg'},{url:'https://imagescdn.d2cmedia.ca/cbd8dc9a14769fec5e481fde3cc1c21637/2213/14454848/7/Honda-Civic_Sedan-2009.jpg'},{url:'https://imagescdn.d2cmedia.ca/cbd8dc9a14769fec5e481fde3cc1c21637/2213/14454848/8/Honda-Civic_Sedan-2009.jpg'}]",198060,KM,https://www.maplehonda.com/used/2009-Honda-Civic_Sedan-id14454848.html,2009 Honda Civic Sedan 4DR AUTO DX-G at Maple Honda,4889 CAD,Used,Black,,2213,Maple Honda,+1-905-832-1202,"{addr1: '89 Auto Vaughan Dr.', city: 'Maple', region: 'Ontario', postal_code: 'L6A 4A1', country: 'CA'}",43.8590000000,-79.5370000000,,,,,https://www.maplehonda.com/privacy-policy.html,Used,2213,In stock,,4889 CAD,Free,
2HKRM4H71EH103166,2HKRM4H71EH103166,156126AA,Honda,CR-V,5DR AWD EX-L,2014,AUTOMATIC,SUV,GASOLINE,,"2014 Honda CR-V 5DR AWD EX-L, White exterior","[{url:'https://imagescdn.d2cmedia.ca/cb5d364259a169640b06f46fe3eb9ba373/2213/14454849/1/Honda-CR_V-2014.jpg'},{url:'https://imagescdn.d2cmedia.ca/s85d364259a169640b06f46fe3eb9ba373/2213/14454849/1/Honda-CR_V-2014.jpg'},{url:'https://imagescdn.d2cmedia.ca/cb5d364259a169640b06f46fe3eb9ba373/2213/14454849/2/Honda-CR_V-2014.jpg'},{url:'https://imagescdn.d2cmedia.ca/cb5d364259a169640b06f46fe3eb9ba373/2213/14454849/3/Honda-CR_V-2014.jpg'},{url:'https://imagescdn.d2cmedia.ca/cb5d364259a169640b06f46fe3eb9ba373/2213/14454849/4/Honda-CR_V-2014.jpg'}]",200104,KM,https://www.maplehonda.com/used/2014-Honda-CR_V-id14454849.html,2014 Honda CR-V 5DR AWD EX-L at Maple Honda,10995 CAD,Used,White,,2213,Maple Honda,+1-905-832-1202,"{addr1: '89 Auto Vaughan Dr.', city: 'Maple', region: 'Ontario', postal_code: 'L6A 4A1', country: 'CA'}",43.8590000000,-79.5370000000,,,,,https://www.maplehonda.com/privacy-policy.html,Used,2213,In stock,,10995 CAD,Free,
2HGFB2F51FH018306,2HGFB2F51FH018306,122126A,Honda,Civic Sedan,4DR AUTO EX,2015,AUTOMATIC,SEDAN,GASOLINE,,2015 Honda Civic Sedan 4DR AUTO EX,"[{url:'https://imagescdn.d2cmedia.ca/cbf4fc7b7d1c21d146654a535e7b2ca4eb/2213/14433012/1/Honda-Civic Sedan-2015.jpg'},{url:'https://imagescdn.d2cmedia.ca/s8f4fc7b7d1c21d146654a535e7b2ca4eb/2213/14433012/1/Honda-Civic_Sedan-2015.jpg'},{url:'https://imagescdn.d2cmedia.ca/cbf4fc7b7d1c21d146654a535e7b2ca4eb/2213/14433012/1/Honda-Civic_Sedan-2015.jpg'},{url:'https://imagescdn.d2cmedia.ca/cbf4fc7b7d1c21d146654a535e7b2ca4eb/2213/14433012/2/Honda-Civic_Sedan-2015.jpg'},{url:'https://imagescdn.d2cmedia.ca/cbf4fc7b7d1c21d146654a535e7b2ca4eb/2213/14433012/3/Honda-Civic_Sedan-2015.jpg'},{url:'https://imagescdn.d2cmedia.ca/cbf4fc7b7d1c21d146654a535e7b2ca4eb/2213/14433012/4/Honda-Civic_Sedan-2015.jpg'}]",174245,KM,https://www.maplehonda.com/used/2015-Honda-Civic_Sedan-id14433012.html,2015 Honda Civic Sedan 4DR AUTO EX at Maple Honda,11609 CAD,Used,,,2213,Maple Honda,+1-905-832-1202,"{addr1: '89 Auto Vaughan Dr.', city: 'Maple', region: 'Ontario', postal_code: 'L6A 4A1', country: 'CA'}",43.8590000000,-79.5370000000,,,,,https://www.maplehonda.com/privacy-policy.html,Used,2213,In stock,,11609 CAD,Free,
2HGFB2F72DH044265,2HGFB2F72DH044265,162026A,Honda,Civic Sedan,4DR AUTO TOURING,2013,AUTOMATIC,SEDAN,GASOLINE,,"2013 Honda Civic Sedan 4DR AUTO TOURING, Black exterior","[{url:'https://imagescdn.d2cmedia.ca/cbec701707c5e050c7a21877f421dbe5c4/2213/14386511/1/Honda-Civic Sdn-2013.jpg'},{url:'https://imagescdn.d2cmedia.ca/s8ec701707c5e050c7a21877f421dbe5c4/2213/14386511/1/Honda-Civic_Sedan-2013.jpg'},{url:'https://imagescdn.d2cmedia.ca/cbec701707c5e050c7a21877f421dbe5c4/2213/14386511/1/Honda-Civic_Sedan-2013.jpg'},{url:'https://imagescdn.d2cmedia.ca/cbec701707c5e050c7a21877f421dbe5c4/2213/14386511/2/Honda-Civic_Sedan-2013.jpg'},{url:'https://imagescdn.d2cmedia.ca/cbec701707c5e050c7a21877f421dbe5c4/2213/14386511/3/Honda-Civic_Sedan-2013.jpg'},{url:'https://imagescdn.d2cmedia.ca/cbec701707c5e050c7a21877f421dbe5c4/2213/14386511/4/Honda-Civic_Sedan-2013.jpg'},{url:'https://imagescdn.d2cmedia.ca/cbec701707c5e050c7a21877f421dbe5c4/2213/14386511/5/Honda-Civic_Sedan-2013.jpg'},{url:'https://imagescdn.d2cmedia.ca/cbec701707c5e050c7a21877f421dbe5c4/2213/14386511/6/Honda-Civic_Sedan-2013.jpg'},{url:'https://imagescdn.d2cmedia.ca/cbec701707c5e050c7a21877f421dbe5c4/2213/14386511/7/Honda-Civic_Sedan-2013.jpg'},{url:'https://imagescdn.d2cmedia.ca/cbec701707c5e050c7a21877f421dbe5c4/2213/14386511/8/Honda-Civic_Sedan-2013.jpg'}]",187663,KM,https://www.maplehonda.com/used/2013-Honda-Civic_Sedan-id14386511.html,2013 Honda Civic Sedan 4DR AUTO TOURING at Maple Honda,11995 CAD,Used,Black,,2213,Maple Honda,+1-905-832-1202,"{addr1: '89 Auto Vaughan Dr.', city: 'Maple', region: 'Ontario', postal_code: 'L6A 4A1', country: 'CA'}",43.8590000000,-79.5370000000,,,,,https://www.maplehonda.com/privacy-policy.html,Used,2213,In stock,,11995 CAD,Free,
2HKRM4H90EH125127,2HKRM4H90EH125127,163126A,Honda,CR-V,AWD 5DR TOURING,2014,AUTOMATIC,SUV,GASOLINE,,"2014 Honda CR-V AWD 5DR TOURING, Silver exterior","[{url:'https://imagescdn.d2cmedia.ca/cb07453b66bbd693f7c4b260fb703457a5/2213/14413965/1/Honda-CR_V-2014.jpg'},{url:'https://imagescdn.d2cmedia.ca/s807453b66bbd693f7c4b260fb703457a5/2213/14413965/1/Honda-CR_V-2014.jpg'},{url:'https://imagescdn.d2cmedia.ca/cb07453b66bbd693f7c4b260fb703457a5/2213/14413965/2/Honda-CR_V-2014.jpg'},{url:'https://imagescdn.d2cmedia.ca/cb07453b66bbd693f7c4b260fb703457a5/2213/14413965/3/Honda-CR_V-2014.jpg'},{url:'https://imagescdn.d2cmedia.ca/cb07453b66bbd693f7c4b260fb703457a5/2213/14413965/4/Honda-CR_V-2014.jpg'},{url:'https://imagescdn.d2cmedia.ca/cb07453b66bbd693f7c4b260fb703457a5/2213/14413965/5/Honda-CR_V-2014.jpg'},{url:'https://imagescdn.d2cmedia.ca/cb07453b66bbd693f7c4b260fb703457a5/2213/14413965/6/Honda-CR_V-2014.jpg'},{url:'https://imagescdn.d2cmedia.ca/cb07453b66bbd693f7c4b260fb703457a5/2213/14413965/7/Honda-CR_V-2014.jpg'},{url:'https://imagescdn.d2cmedia.ca/cb07453b66bbd693f7c4b260fb703457a5/2213/14413965/8/Honda-CR_V-2014.jpg'},{url:'https://imagescdn.d2cmedia.ca/cb07453b66bbd693f7c4b260fb703457a5/2213/14413965/9/Honda-CR_V-2014.jpg'}]",200298,KM,https://www.maplehonda.com/used/2014-Honda-CR_V-id14413965.html,2014 Honda CR-V AWD 5DR TOURING at Maple Honda,11995 CAD,Used,Silver,Black,2213,Maple Honda,+1-905-832-1202,"{addr1: '89 Auto Vaughan Dr.', city: 'Maple', region: 'Ontario', postal_code: 'L6A 4A1', country: 'CA'}",43.8590000000,-79.5370000000,,,,,https://www.maplehonda.com/privacy-policy.html,Used,2213,In stock,,11995 CAD,Free,
5FNRL5H4XGB501606,5FNRL5H4XGB501606,154626A,Honda,Odyssey,4DR WGN EX,2016,AUTOMATIC,SUV,GASOLINE,,"2016 Honda Odyssey 4DR WGN EX, Grey exterior","[{url:'https://imagescdn.d2cmedia.ca/cb98c0f1545c304b0b1d2318070f10f608/2213/14386508/1/Honda-Odyssey-2016.jpg'},{url:'https://imagescdn.d2cmedia.ca/s898c0f1545c304b0b1d2318070f10f608/2213/14386508/1/Honda-Odyssey-2016.jpg'},{url:'https://imagescdn.d2cmedia.ca/cb98c0f1545c304b0b1d2318070f10f608/2213/14386508/2/Honda-Odyssey-2016.jpg'},{url:'https://imagescdn.d2cmedia.ca/cb98c0f1545c304b0b1d2318070f10f608/2213/14386508/3/Honda-Odyssey-2016.jpg'},{url:'https://imagescdn.d2cmedia.ca/cb98c0f1545c304b0b1d2318070f10f608/2213/14386508/4/Honda-Odyssey-2016.jpg'},{url:'https://imagescdn.d2cmedia.ca/cb98c0f1545c304b0b1d2318070f10f608/2213/14386508/5/Honda-Odyssey-2016.jpg'},{url:'https://imagescdn.d2cmedia.ca/cb98c0f1545c304b0b1d2318070f10f608/2213/14386508/6/Honda-Odyssey-2016.jpg'},{url:'https://imagescdn.d2cmedia.ca/cb98c0f1545c304b0b1d2318070f10f608/2213/14386508/7/Honda-Odyssey-2016.jpg'},{url:'https://imagescdn.d2cmedia.ca/cb98c0f1545c304b0b1d2318070f10f608/2213/14386508/8/Honda-Odyssey-2016.jpg'},{url:'https://imagescdn.d2cmedia.ca/cb98c0f1545c304b0b1d2318070f10f608/2213/14386508/9/Honda-Odyssey-2016.jpg'}]",203704,KM,https://www.maplehonda.com/used/2016-Honda-Odyssey-id14386508.html,2016 Honda Odyssey 4DR WGN EX at Maple Honda,12367 CAD,Used,Grey,,2213,Maple Honda,+1-905-832-1202,"{addr1: '89 Auto Vaughan Dr.', city: 'Maple', region: 'Ontario', postal_code: 'L6A 4A1', country: 'CA'}",43.8590000000,-79.5370000000,,,,,https://www.maplehonda.com/privacy-policy.html,Used,2213,In stock,,12367 CAD,Free,
3CZRU6H54HM101236,3CZRU6H54HM101236,152826A,Honda,HR-V,4WD 4DR CVT EX,2017,AUTOMATIC,SUV,GASOLINE,,"2017 Honda HR-V 4WD 4DR CVT EX, Black exterior","[{url:'https://imagescdn.d2cmedia.ca/cb56d61aa10e2eb6e45d962de45d59a9ba/2213/14365656/1/Honda-HR_V-2017.jpg'},{url:'https://imagescdn.d2cmedia.ca/s856d61aa10e2eb6e45d962de45d59a9ba/2213/14365656/1/Honda-HR_V-2017.jpg'},{url:'https://imagescdn.d2cmedia.ca/cb56d61aa10e2eb6e45d962de45d59a9ba/2213/14365656/2/Honda-HR_V-2017.jpg'},{url:'https://imagescdn.d2cmedia.ca/cb56d61aa10e2eb6e45d962de45d59a9ba/2213/14365656/3/Honda-HR_V-2017.jpg'},{url:'https://imagescdn.d2cmedia.ca/cb56d61aa10e2eb6e45d962de45d59a9ba/2213/14365656/4/Honda-HR_V-2017.jpg'},{url:'https://imagescdn.d2cmedia.ca/cb56d61aa10e2eb6e45d962de45d59a9ba/2213/14365656/5/Honda-HR_V-2017.jpg'},{url:'https://imagescdn.d2cmedia.ca/cb56d61aa10e2eb6e45d962de45d59a9ba/2213/14365656/6/Honda-HR_V-2017.jpg'},{url:'https://imagescdn.d2cmedia.ca/cb56d61aa10e2eb6e45d962de45d59a9ba/2213/14365656/7/Honda-HR_V-2017.jpg'},{url:'https://imagescdn.d2cmedia.ca/cb56d61aa10e2eb6e45d962de45d59a9ba/2213/14365656/8/Honda-HR_V-2017.jpg'},{url:'https://imagescdn.d2cmedia.ca/cb56d61aa10e2eb6e45d962de45d59a9ba/2213/14365656/9/Honda-HR_V-2017.jpg'}]",181102,KM,https://www.maplehonda.com/used/2017-Honda-HR_V-id14365656.html,2017 Honda HR-V 4WD 4DR CVT EX at Maple Honda,15995 CAD,Used,Black,,2213,Maple Honda,+1-905-832-1202,"{addr1: '89 Auto Vaughan Dr.', city: 'Maple', region: 'Ontario', postal_code: 'L6A 4A1', country: 'CA'}",43.8590000000,-79.5370000000,,,,,https://www.maplehonda.com/privacy-policy.html,Used,2213,In stock,,15995 CAD,Free,
2HGFC2F79LH019830,2HGFC2F79LH019830,U8794,Honda,Civic Sedan,EX CVT *LTD AVAIL*,2020,AUTOMATIC,SEDAN,GASOLINE,,"2020 Honda Civic Sedan EX CVT *LTD AVAIL*, White exterior","[{url:'https://imagescdn.d2cmedia.ca/cb4f8979e82d259d347e7152aebf4210d9/2213/14379914/1/Honda-Civic Sedan-2020.jpg'},{url:'https://imagescdn.d2cmedia.ca/s84f8979e82d259d347e7152aebf4210d9/2213/14379914/1/Honda-Civic_Sedan-2020.jpg'},{url:'https://imagescdn.d2cmedia.ca/cb4f8979e82d259d347e7152aebf4210d9/2213/14379914/1/Honda-Civic_Sedan-2020.jpg'},{url:'https://imagescdn.d2cmedia.ca/cb4f8979e82d259d347e7152aebf4210d9/2213/14379914/2/Honda-Civic_Sedan-2020.jpg'},{url:'https://imagescdn.d2cmedia.ca/cb4f8979e82d259d347e7152aebf4210d9/2213/14379914/3/Honda-Civic_Sedan-2020.jpg'},{url:'https://imagescdn.d2cmedia.ca/cb4f8979e82d259d347e7152aebf4210d9/2213/14379914/4/Honda-Civic_Sedan-2020.jpg'},{url:'https://imagescdn.d2cmedia.ca/cb4f8979e82d259d347e7152aebf4210d9/2213/14379914/5/Honda-Civic_Sedan-2020.jpg'},{url:'https://imagescdn.d2cmedia.ca/cb4f8979e82d259d347e7152aebf4210d9/2213/14379914/6/Honda-Civic_Sedan-2020.jpg'},{url:'https://imagescdn.d2cmedia.ca/cb4f8979e82d259d347e7152aebf4210d9/2213/14379914/7/Honda-Civic_Sedan-2020.jpg'},{url:'https://imagescdn.d2cmedia.ca/cb4f8979e82d259d347e7152aebf4210d9/2213/14379914/8/Honda-Civic_Sedan-2020.jpg'}]",182440,KM,https://www.maplehonda.com/used/2020-Honda-Civic_Sedan-id14379914.html,2020 Honda Civic Sedan EX CVT *LTD AVAIL* at Maple Honda,17291 CAD,Used,White,,2213,Maple Honda,+1-905-832-1202,"{addr1: '89 Auto Vaughan Dr.', city: 'Maple', region: 'Ontario', postal_code: 'L6A 4A1', country: 'CA'}",43.8590000000,-79.5370000000,,,,,https://www.maplehonda.com/privacy-policy.html,Used,2213,In stock,,17291 CAD,Free,
2HKRW2H81LH224316,2HKRW2H81LH224316,161726A,Honda,CR-V,EX-L AWD,2020,AUTOMATIC,SUV,GASOLINE,,"2020 Honda CR-V EX-L AWD, Grey exterior","[{url:'https://imagescdn.d2cmedia.ca/cbd6995e7e91bd455b6e2a66c9a6198f1b/2213/14427293/1/Honda-CR_V-2020.jpg'},{url:'https://imagescdn.d2cmedia.ca/s8d6995e7e91bd455b6e2a66c9a6198f1b/2213/14427293/1/Honda-CR_V-2020.jpg'},{url:'https://imagescdn.d2cmedia.ca/cbd6995e7e91bd455b6e2a66c9a6198f1b/2213/14427293/2/Honda-CR_V-2020.jpg'},{url:'https://imagescdn.d2cmedia.ca/cbd6995e7e91bd455b6e2a66c9a6198f1b/2213/14427293/3/Honda-CR_V-2020.jpg'},{url:'https://imagescdn.d2cmedia.ca/cbd6995e7e91bd455b6e2a66c9a6198f1b/2213/14427293/4/Honda-CR_V-2020.jpg'},{url:'https://imagescdn.d2cmedia.ca/cbd6995e7e91bd455b6e2a66c9a6198f1b/2213/14427293/5/Honda-CR_V-2020.jpg'},{url:'https://imagescdn.d2cmedia.ca/cbd6995e7e91bd455b6e2a66c9a6198f1b/2213/14427293/6/Honda-CR_V-2020.jpg'},{url:'https://imagescdn.d2cmedia.ca/cbd6995e7e91bd455b6e2a66c9a6198f1b/2213/14427293/7/Honda-CR_V-2020.jpg'},{url:'https://imagescdn.d2cmedia.ca/cbd6995e7e91bd455b6e2a66c9a6198f1b/2213/14427293/8/Honda-CR_V-2020.jpg'},{url:'https://imagescdn.d2cmedia.ca/cbd6995e7e91bd455b6e2a66c9a6198f1b/2213/14427293/9/Honda-CR_V-2020.jpg'}]",209234,KM,https://www.maplehonda.com/used/2020-Honda-CR_V-id14427293.html,2020 Honda CR-V EX-L AWD at Maple Honda,18739 CAD,Used,Grey,,2213,Maple Honda,+1-905-832-1202,"{addr1: '89 Auto Vaughan Dr.', city: 'Maple', region: 'Ontario', postal_code: 'L6A 4A1', country: 'CA'}",43.8590000000,-79.5370000000,,,,,https://www.maplehonda.com/privacy-policy.html,Used,2213,In stock,,18739 CAD,Free,
1HGCR2F07HA810948,1HGCR2F07HA810948,163326A,Honda,Accord Sedan,4DR SDN TOURING CVT,2017,AUTOMATIC,SEDAN,GASOLINE,,"2017 Honda Accord Sedan 4DR SDN TOURING CVT, Blue exterior","[{url:'https://imagescdn.d2cmedia.ca/cbcf838cd5e0370d98d7412813616bfc69/2213/14454851/1/Honda-Accord Sedan-2017.jpg'},{url:'https://imagescdn.d2cmedia.ca/s8cf838cd5e0370d98d7412813616bfc69/2213/14454851/1/Honda-Accord_Sedan-2017.jpg'},{url:'https://imagescdn.d2cmedia.ca/cbcf838cd5e0370d98d7412813616bfc69/2213/14454851/1/Honda-Accord_Sedan-2017.jpg'},{url:'https://imagescdn.d2cmedia.ca/cbcf838cd5e0370d98d7412813616bfc69/2213/14454851/2/Honda-Accord_Sedan-2017.jpg'},{url:'https://imagescdn.d2cmedia.ca/cbcf838cd5e0370d98d7412813616bfc69/2213/14454851/3/Honda-Accord_Sedan-2017.jpg'},{url:'https://imagescdn.d2cmedia.ca/cbcf838cd5e0370d98d7412813616bfc69/2213/14454851/4/Honda-Accord_Sedan-2017.jpg'},{url:'https://imagescdn.d2cmedia.ca/cbcf838cd5e0370d98d7412813616bfc69/2213/14454851/5/Honda-Accord_Sedan-2017.jpg'},{url:'https://imagescdn.d2cmedia.ca/cbcf838cd5e0370d98d7412813616bfc69/2213/14454851/6/Honda-Accord_Sedan-2017.jpg'},{url:'https://imagescdn.d2cmedia.ca/cbcf838cd5e0370d98d7412813616bfc69/2213/14454851/7/Honda-Accord_Sedan-2017.jpg'},{url:'https://imagescdn.d2cmedia.ca/cbcf838cd5e0370d98d7412813616bfc69/2213/14454851/8/Honda-Accord_Sedan-2017.jpg'}]",126898,KM,https://www.maplehonda.com/used/2017-Honda-Accord_Sedan-id14454851.html,2017 Honda Accord Sedan 4DR SDN TOURING CVT at Maple Honda,18795 CAD,Used,Blue,,2213,Maple Honda,+1-905-832-1202,"{addr1: '89 Auto Vaughan Dr.', city: 'Maple', region: 'Ontario', postal_code: 'L6A 4A1', country: 'CA'}",43.8590000000,-79.5370000000,,,,,https://www.maplehonda.com/privacy-policy.html,Used,2213,In stock,,18795 CAD,Free,
2HKRM4H51FH119531,2HKRM4H51FH119531,159926A,Honda,CR-V,AWD 5DR EX,2015,AUTOMATIC,SUV,GASOLINE,,"2015 Honda CR-V AWD 5DR EX, White exterior","[{url:'https://imagescdn.d2cmedia.ca/cbb4ee16f7ce42f9b51f17ebf2df60fe93/2213/14386510/1/Honda-CR_V-2015.jpg'},{url:'https://imagescdn.d2cmedia.ca/s8b4ee16f7ce42f9b51f17ebf2df60fe93/2213/14386510/1/Honda-CR_V-2015.jpg'},{url:'https://imagescdn.d2cmedia.ca/cbb4ee16f7ce42f9b51f17ebf2df60fe93/2213/14386510/2/Honda-CR_V-2015.jpg'},{url:'https://imagescdn.d2cmedia.ca/cbb4ee16f7ce42f9b51f17ebf2df60fe93/2213/14386510/3/Honda-CR_V-2015.jpg'},{url:'https://imagescdn.d2cmedia.ca/cbb4ee16f7ce42f9b51f17ebf2df60fe93/2213/14386510/4/Honda-CR_V-2015.jpg'},{url:'https://imagescdn.d2cmedia.ca/cbb4ee16f7ce42f9b51f17ebf2df60fe93/2213/14386510/5/Honda-CR_V-2015.jpg'},{url:'https://imagescdn.d2cmedia.ca/cbb4ee16f7ce42f9b51f17ebf2df60fe93/2213/14386510/6/Honda-CR_V-2015.jpg'},{url:'https://imagescdn.d2cmedia.ca/cbb4ee16f7ce42f9b51f17ebf2df60fe93/2213/14386510/7/Honda-CR_V-2015.jpg'},{url:'https://imagescdn.d2cmedia.ca/cbb4ee16f7ce42f9b51f17ebf2df60fe93/2213/14386510/8/Honda-CR_V-2015.jpg'},{url:'https://imagescdn.d2cmedia.ca/cbb4ee16f7ce42f9b51f17ebf2df60fe93/2213/14386510/9/Honda-CR_V-2015.jpg'}]",90365,KM,https://www.maplehonda.com/used/2015-Honda-CR_V-id14386510.html,2015 Honda CR-V AWD 5DR EX at Maple Honda,18994 CAD,Used,White,,2213,Maple Honda,+1-905-832-1202,"{addr1: '89 Auto Vaughan Dr.', city: 'Maple', region: 'Ontario', postal_code: 'L6A 4A1', country: 'CA'}",43.8590000000,-79.5370000000,,,,,https://www.maplehonda.com/privacy-policy.html,Used,2213,In stock,,18994 CAD,Free,
2HKRW2H24JH137356,2HKRW2H24JH137356,U8789,Honda,CR-V,LX AWD,2018,AUTOMATIC,SUV,GASOLINE,,"2018 Honda CR-V LX AWD, Black exterior","[{url:'https://imagescdn.d2cmedia.ca/cb6da38022b967e5649be1b117e7630238/2213/14420108/1/Honda-CR_V-2018.jpg'},{url:'https://imagescdn.d2cmedia.ca/s86da38022b967e5649be1b117e7630238/2213/14420108/1/Honda-CR_V-2018.jpg'},{url:'https://imagescdn.d2cmedia.ca/cb6da38022b967e5649be1b117e7630238/2213/14420108/2/Honda-CR_V-2018.jpg'},{url:'https://imagescdn.d2cmedia.ca/cb6da38022b967e5649be1b117e7630238/2213/14420108/3/Honda-CR_V-2018.jpg'},{url:'https://imagescdn.d2cmedia.ca/cb6da38022b967e5649be1b117e7630238/2213/14420108/4/Honda-CR_V-2018.jpg'},{url:'https://imagescdn.d2cmedia.ca/cb6da38022b967e5649be1b117e7630238/2213/14420108/5/Honda-CR_V-2018.jpg'},{url:'https://imagescdn.d2cmedia.ca/cb6da38022b967e5649be1b117e7630238/2213/14420108/6/Honda-CR_V-2018.jpg'},{url:'https://imagescdn.d2cmedia.ca/cb6da38022b967e5649be1b117e7630238/2213/14420108/7/Honda-CR_V-2018.jpg'},{url:'https://imagescdn.d2cmedia.ca/cb6da38022b967e5649be1b117e7630238/2213/14420108/8/Honda-CR_V-2018.jpg'},{url:'https://imagescdn.d2cmedia.ca/cb6da38022b967e5649be1b117e7630238/2213/14420108/9/Honda-CR_V-2018.jpg'}]",139414,KM,https://www.maplehonda.com/used/2018-Honda-CR_V-id14420108.html,2018 Honda CR-V LX AWD at Maple Honda,18995 CAD,Used,Black,,2213,Maple Honda,+1-905-832-1202,"{addr1: '89 Auto Vaughan Dr.', city: 'Maple', region: 'Ontario', postal_code: 'L6A 4A1', country: 'CA'}",43.8590000000,-79.5370000000,,,,,https://www.maplehonda.com/privacy-policy.html,Used,2213,In stock,,18995 CAD,Free,
2HGFE2F23NH116006,2HGFE2F23NH116006,134926L,Honda,Civic Sedan,LX CVT,2022,AUTOMATIC,SEDAN,GASOLINE,,"2022 Honda Civic Sedan LX CVT, Black exterior","[{url:'https://imagescdn.d2cmedia.ca/cb677bb9cd85a8a1f6e3cafa230a998a4b/2213/14311438/1/Honda-Civic Sedan-2022.jpg'},{url:'https://imagescdn.d2cmedia.ca/s8677bb9cd85a8a1f6e3cafa230a998a4b/2213/14311438/1/Honda-Civic_Sedan-2022.jpg'},{url:'https://imagescdn.d2cmedia.ca/cb677bb9cd85a8a1f6e3cafa230a998a4b/2213/14311438/1/Honda-Civic_Sedan-2022.jpg'},{url:'https://imagescdn.d2cmedia.ca/cb677bb9cd85a8a1f6e3cafa230a998a4b/2213/14311438/2/Honda-Civic_Sedan-2022.jpg'},{url:'https://imagescdn.d2cmedia.ca/cb677bb9cd85a8a1f6e3cafa230a998a4b/2213/14311438/3/Honda-Civic_Sedan-2022.jpg'},{url:'https://imagescdn.d2cmedia.ca/cb677bb9cd85a8a1f6e3cafa230a998a4b/2213/14311438/4/Honda-Civic_Sedan-2022.jpg'},{url:'https://imagescdn.d2cmedia.ca/cb677bb9cd85a8a1f6e3cafa230a998a4b/2213/14311438/5/Honda-Civic_Sedan-2022.jpg'},{url:'https://imagescdn.d2cmedia.ca/cb677bb9cd85a8a1f6e3cafa230a998a4b/2213/14311438/6/Honda-Civic_Sedan-2022.jpg'},{url:'https://imagescdn.d2cmedia.ca/cb677bb9cd85a8a1f6e3cafa230a998a4b/2213/14311438/7/Honda-Civic_Sedan-2022.jpg'},{url:'https://imagescdn.d2cmedia.ca/cb677bb9cd85a8a1f6e3cafa230a998a4b/2213/14311438/8/Honda-Civic_Sedan-2022.jpg'}]",76347,KM,https://www.maplehonda.com/used/2022-Honda-Civic_Sedan-id14311438.html,2022 Honda Civic Sedan LX CVT at Maple Honda,22399 CAD,Used,Black,,2213,Maple Honda,+1-905-832-1202,"{addr1: '89 Auto Vaughan Dr.', city: 'Maple', region: 'Ontario', postal_code: 'L6A 4A1', country: 'CA'}",43.8590000000,-79.5370000000,,,,,https://www.maplehonda.com/privacy-policy.html,Used,2213,In stock,,22399 CAD,Free,
1HGCV2F90JA801234,1HGCV2F90JA801234,142626A,Honda,Accord Sedan,TOURING 2.0 AUTO,2018,AUTOMATIC,SEDAN,GASOLINE,,"2018 Honda Accord Sedan TOURING 2.0 AUTO, Silver exterior","[{url:'https://imagescdn.d2cmedia.ca/cb5e0f86fe95200fa800ad087f4c61791c/2213/14386507/1/Honda-Accord Sedan-2018.jpg'},{url:'https://imagescdn.d2cmedia.ca/s85e0f86fe95200fa800ad087f4c61791c/2213/14386507/1/Honda-Accord_Sedan-2018.jpg'},{url:'https://imagescdn.d2cmedia.ca/cb5e0f86fe95200fa800ad087f4c61791c/2213/14386507/1/Honda-Accord_Sedan-2018.jpg'},{url:'https://imagescdn.d2cmedia.ca/cb5e0f86fe95200fa800ad087f4c61791c/2213/14386507/2/Honda-Accord_Sedan-2018.jpg'},{url:'https://imagescdn.d2cmedia.ca/cb5e0f86fe95200fa800ad087f4c61791c/2213/14386507/3/Honda-Accord_Sedan-2018.jpg'},{url:'https://imagescdn.d2cmedia.ca/cb5e0f86fe95200fa800ad087f4c61791c/2213/14386507/4/Honda-Accord_Sedan-2018.jpg'},{url:'https://imagescdn.d2cmedia.ca/cb5e0f86fe95200fa800ad087f4c61791c/2213/14386507/5/Honda-Accord_Sedan-2018.jpg'},{url:'https://imagescdn.d2cmedia.ca/cb5e0f86fe95200fa800ad087f4c61791c/2213/14386507/6/Honda-Accord_Sedan-2018.jpg'},{url:'https://imagescdn.d2cmedia.ca/cb5e0f86fe95200fa800ad087f4c61791c/2213/14386507/7/Honda-Accord_Sedan-2018.jpg'},{url:'https://imagescdn.d2cmedia.ca/cb5e0f86fe95200fa800ad087f4c61791c/2213/14386507/8/Honda-Accord_Sedan-2018.jpg'}]",109560,KM,https://www.maplehonda.com/used/2018-Honda-Accord_Sedan-id14386507.html,2018 Honda Accord Sedan TOURING 2.0 AUTO at Maple Honda,22891 CAD,Used,Silver,,2213,Maple Honda,+1-905-832-1202,"{addr1: '89 Auto Vaughan Dr.', city: 'Maple', region: 'Ontario', postal_code: 'L6A 4A1', country: 'CA'}",43.8590000000,-79.5370000000,,,,,https://www.maplehonda.com/privacy-policy.html,Used,2213,In stock,,22891 CAD,Free,
19XFL1H81NE403260,19XFL1H81NE403260,U8804,Honda,Civic Hatchback,SPORT TOURING CVT,2022,AUTOMATIC,HATCHBACK,GASOLINE,,"2022 Honda Civic Hatchback SPORT TOURING CVT, Black exterior","[{url:'https://imagescdn.d2cmedia.ca/cbc43cf925c9e167c65a56df3e99b37c3e/2213/14433014/1/Honda-Civic Hatchback-2022.jpg'},{url:'https://imagescdn.d2cmedia.ca/s8c43cf925c9e167c65a56df3e99b37c3e/2213/14433014/1/Honda-Civic_Hatchback-2022.jpg'},{url:'https://imagescdn.d2cmedia.ca/cbc43cf925c9e167c65a56df3e99b37c3e/2213/14433014/1/Honda-Civic_Hatchback-2022.jpg'},{url:'https://imagescdn.d2cmedia.ca/cbc43cf925c9e167c65a56df3e99b37c3e/2213/14433014/2/Honda-Civic_Hatchback-2022.jpg'},{url:'https://imagescdn.d2cmedia.ca/cbc43cf925c9e167c65a56df3e99b37c3e/2213/14433014/3/Honda-Civic_Hatchback-2022.jpg'},{url:'https://imagescdn.d2cmedia.ca/cbc43cf925c9e167c65a56df3e99b37c3e/2213/14433014/4/Honda-Civic_Hatchback-2022.jpg'},{url:'https://imagescdn.d2cmedia.ca/cbc43cf925c9e167c65a56df3e99b37c3e/2213/14433014/5/Honda-Civic_Hatchback-2022.jpg'},{url:'https://imagescdn.d2cmedia.ca/cbc43cf925c9e167c65a56df3e99b37c3e/2213/14433014/6/Honda-Civic_Hatchback-2022.jpg'},{url:'https://imagescdn.d2cmedia.ca/cbc43cf925c9e167c65a56df3e99b37c3e/2213/14433014/7/Honda-Civic_Hatchback-2022.jpg'},{url:'https://imagescdn.d2cmedia.ca/cbc43cf925c9e167c65a56df3e99b37c3e/2213/14433014/8/Honda-Civic_Hatchback-2022.jpg'}]",95103,KM,https://www.maplehonda.com/used/2022-Honda-Civic_Hatchback-id14433014.html,2022 Honda Civic Hatchback SPORT TOURING CVT at Maple Honda,25436 CAD,Used,Black,,2213,Maple Honda,+1-905-832-1202,"{addr1: '89 Auto Vaughan Dr.', city: 'Maple', region: 'Ontario', postal_code: 'L6A 4A1', country: 'CA'}",43.8590000000,-79.5370000000,,,,,https://www.maplehonda.com/privacy-policy.html,Used,2213,In stock,,25436 CAD,Free,
2HGFE2F38PH103599,2HGFE2F38PH103599,136726L,Honda,Civic Sedan,EX CVT,2023,AUTOMATIC,SEDAN,GASOLINE,,"2023 Honda Civic Sedan EX CVT, Grey exterior","[{url:'https://imagescdn.d2cmedia.ca/cb4eab3b122939a9192b87fb6568b6eadf/2213/14189700/1/Honda-Civic Sedan-2023.jpg'},{url:'https://imagescdn.d2cmedia.ca/s84eab3b122939a9192b87fb6568b6eadf/2213/14189700/1/Honda-Civic_Sedan-2023.jpg'},{url:'https://imagescdn.d2cmedia.ca/cb4eab3b122939a9192b87fb6568b6eadf/2213/14189700/1/Honda-Civic_Sedan-2023.jpg'},{url:'https://imagescdn.d2cmedia.ca/cb4eab3b122939a9192b87fb6568b6eadf/2213/14189700/2/Honda-Civic_Sedan-2023.jpg'},{url:'https://imagescdn.d2cmedia.ca/cb4eab3b122939a9192b87fb6568b6eadf/2213/14189700/3/Honda-Civic_Sedan-2023.jpg'},{url:'https://imagescdn.d2cmedia.ca/cb4eab3b122939a9192b87fb6568b6eadf/2213/14189700/4/Honda-Civic_Sedan-2023.jpg'},{url:'https://imagescdn.d2cmedia.ca/cb4eab3b122939a9192b87fb6568b6eadf/2213/14189700/5/Honda-Civic_Sedan-2023.jpg'},{url:'https://imagescdn.d2cmedia.ca/cb4eab3b122939a9192b87fb6568b6eadf/2213/14189700/6/Honda-Civic_Sedan-2023.jpg'},{url:'https://imagescdn.d2cmedia.ca/cb4eab3b122939a9192b87fb6568b6eadf/2213/14189700/7/Honda-Civic_Sedan-2023.jpg'},{url:'https://imagescdn.d2cmedia.ca/cb4eab3b122939a9192b87fb6568b6eadf/2213/14189700/8/Honda-Civic_Sedan-2023.jpg'}]",49789,KM,https://www.maplehonda.com/used/2023-Honda-Civic_Sedan-id14189700.html,2023 Honda Civic Sedan EX CVT at Maple Honda,25693 CAD,Used,Grey,,2213,Maple Honda,+1-905-832-1202,"{addr1: '89 Auto Vaughan Dr.', city: 'Maple', region: 'Ontario', postal_code: 'L6A 4A1', country: 'CA'}",43.8590000000,-79.5370000000,,,,,https://www.maplehonda.com/privacy-policy.html,Used,2213,In stock,,25693 CAD,Free,
2HGFE2F32PH103596,2HGFE2F32PH103596,155326L,Honda,Civic Sedan,EX CVT,2023,AUTOMATIC,SEDAN,GASOLINE,,"2023 Honda Civic Sedan EX CVT, Grey exterior","[{url:'https://imagescdn.d2cmedia.ca/cbf22173287c280d8229a7820822f46403/2213/14354502/1/Honda-Civic Sedan-2023.jpg'},{url:'https://imagescdn.d2cmedia.ca/s8f22173287c280d8229a7820822f46403/2213/14354502/1/Honda-Civic_Sedan-2023.jpg'},{url:'https://imagescdn.d2cmedia.ca/cbf22173287c280d8229a7820822f46403/2213/14354502/1/Honda-Civic_Sedan-2023.jpg'},{url:'https://imagescdn.d2cmedia.ca/cbf22173287c280d8229a7820822f46403/2213/14354502/2/Honda-Civic_Sedan-2023.jpg'},{url:'https://imagescdn.d2cmedia.ca/cbf22173287c280d8229a7820822f46403/2213/14354502/3/Honda-Civic_Sedan-2023.jpg'},{url:'https://imagescdn.d2cmedia.ca/cbf22173287c280d8229a7820822f46403/2213/14354502/4/Honda-Civic_Sedan-2023.jpg'},{url:'https://imagescdn.d2cmedia.ca/cbf22173287c280d8229a7820822f46403/2213/14354502/5/Honda-Civic_Sedan-2023.jpg'},{url:'https://imagescdn.d2cmedia.ca/cbf22173287c280d8229a7820822f46403/2213/14354502/6/Honda-Civic_Sedan-2023.jpg'},{url:'https://imagescdn.d2cmedia.ca/cbf22173287c280d8229a7820822f46403/2213/14354502/7/Honda-Civic_Sedan-2023.jpg'},{url:'https://imagescdn.d2cmedia.ca/cbf22173287c280d8229a7820822f46403/2213/14354502/8/Honda-Civic_Sedan-2023.jpg'}]",55280,KM,https://www.maplehonda.com/used/2023-Honda-Civic_Sedan-id14354502.html,2023 Honda Civic Sedan EX CVT at Maple Honda,25882 CAD,Used,Grey,,2213,Maple Honda,+1-905-832-1202,"{addr1: '89 Auto Vaughan Dr.', city: 'Maple', region: 'Ontario', postal_code: 'L6A 4A1', country: 'CA'}",43.8590000000,-79.5370000000,,,,,https://www.maplehonda.com/privacy-policy.html,Used,2213,In stock,,25882 CAD,Free,
2HGFE2F22RH107481,2HGFE2F22RH107481,166226L,Honda,Civic Sedan,LX-B CVT,2024,AUTOMATIC,SEDAN,GASOLINE,,"2024 Honda Civic Sedan LX-B CVT, Grey exterior","[{url:'https://imagescdn.d2cmedia.ca/cb8685a3dadeb42bd1095a1eb637fd1a62/2213/14354505/1/Honda-Civic Sedan-2024.jpg'},{url:'https://imagescdn.d2cmedia.ca/s88685a3dadeb42bd1095a1eb637fd1a62/2213/14354505/1/Honda-Civic_Sedan-2024.jpg'},{url:'https://imagescdn.d2cmedia.ca/cb8685a3dadeb42bd1095a1eb637fd1a62/2213/14354505/1/Honda-Civic_Sedan-2024.jpg'},{url:'https://imagescdn.d2cmedia.ca/cb8685a3dadeb42bd1095a1eb637fd1a62/2213/14354505/2/Honda-Civic_Sedan-2024.jpg'},{url:'https://imagescdn.d2cmedia.ca/cb8685a3dadeb42bd1095a1eb637fd1a62/2213/14354505/3/Honda-Civic_Sedan-2024.jpg'},{url:'https://imagescdn.d2cmedia.ca/cb8685a3dadeb42bd1095a1eb637fd1a62/2213/14354505/4/Honda-Civic_Sedan-2024.jpg'},{url:'https://imagescdn.d2cmedia.ca/cb8685a3dadeb42bd1095a1eb637fd1a62/2213/14354505/5/Honda-Civic_Sedan-2024.jpg'},{url:'https://imagescdn.d2cmedia.ca/cb8685a3dadeb42bd1095a1eb637fd1a62/2213/14354505/6/Honda-Civic_Sedan-2024.jpg'},{url:'https://imagescdn.d2cmedia.ca/cb8685a3dadeb42bd1095a1eb637fd1a62/2213/14354505/7/Honda-Civic_Sedan-2024.jpg'},{url:'https://imagescdn.d2cmedia.ca/cb8685a3dadeb42bd1095a1eb637fd1a62/2213/14354505/8/Honda-Civic_Sedan-2024.jpg'}]",32051,KM,https://www.maplehonda.com/used/2024-Honda-Civic_Sedan-id14354505.html,2024 Honda Civic Sedan LX-B CVT at Maple Honda,26465 CAD,CPO,Grey,,2213,Maple Honda,+1-905-832-1202,"{addr1: '89 Auto Vaughan Dr.', city: 'Maple', region: 'Ontario', postal_code: 'L6A 4A1', country: 'CA'}",43.8590000000,-79.5370000000,,,,,https://www.maplehonda.com/privacy-policy.html,CPO,2213,In stock,,26465 CAD,Free,
2HGFE2F32RH112317,2HGFE2F32RH112317,152026L,Honda,Civic Sedan,EX CVT,2024,AUTOMATIC,SEDAN,GASOLINE,,"2024 Honda Civic Sedan EX CVT, White exterior","[{url:'https://imagescdn.d2cmedia.ca/cb6c7de89ad19c26663aa0766555fcf0b5/2213/14485547/1/Honda-Civic Sedan-2024.jpg'},{url:'https://imagescdn.d2cmedia.ca/s86c7de89ad19c26663aa0766555fcf0b5/2213/14485547/1/Honda-Civic_Sedan-2024.jpg'},{url:'https://imagescdn.d2cmedia.ca/cb6c7de89ad19c26663aa0766555fcf0b5/2213/14485547/1/Honda-Civic_Sedan-2024.jpg'},{url:'https://imagescdn.d2cmedia.ca/cb6c7de89ad19c26663aa0766555fcf0b5/2213/14485547/2/Honda-Civic_Sedan-2024.jpg'},{url:'https://imagescdn.d2cmedia.ca/cb6c7de89ad19c26663aa0766555fcf0b5/2213/14485547/3/Honda-Civic_Sedan-2024.jpg'},{url:'https://imagescdn.d2cmedia.ca/cb6c7de89ad19c26663aa0766555fcf0b5/2213/14485547/4/Honda-Civic_Sedan-2024.jpg'}]",51566,KM,https://www.maplehonda.com/used/2024-Honda-Civic_Sedan-id14485547.html,2024 Honda Civic Sedan EX CVT at Maple Honda,27495 CAD,Used,White,,2213,Maple Honda,+1-905-832-1202,"{addr1: '89 Auto Vaughan Dr.', city: 'Maple', region: 'Ontario', postal_code: 'L6A 4A1', country: 'CA'}",43.8590000000,-79.5370000000,,,,,https://www.maplehonda.com/privacy-policy.html,Used,2213,In stock,,27495 CAD,Free,
2HGFE2F54PH101365,2HGFE2F54PH101365,097126L,Honda,Civic Sedan,SPORT CVT,2023,AUTOMATIC,SEDAN,GASOLINE,,"2023 Honda Civic Sedan SPORT CVT, Black exterior","[{url:'https://imagescdn.d2cmedia.ca/cb9b8a5aca734d8d5fc842f1ef908f7597/2213/14448470/1/Honda-Civic Sedan-2023.jpg'},{url:'https://imagescdn.d2cmedia.ca/s89b8a5aca734d8d5fc842f1ef908f7597/2213/14448470/1/Honda-Civic_Sedan-2023.jpg'},{url:'https://imagescdn.d2cmedia.ca/cb9b8a5aca734d8d5fc842f1ef908f7597/2213/14448470/1/Honda-Civic_Sedan-2023.jpg'},{url:'https://imagescdn.d2cmedia.ca/cb9b8a5aca734d8d5fc842f1ef908f7597/2213/14448470/2/Honda-Civic_Sedan-2023.jpg'},{url:'https://imagescdn.d2cmedia.ca/cb9b8a5aca734d8d5fc842f1ef908f7597/2213/14448470/3/Honda-Civic_Sedan-2023.jpg'},{url:'https://imagescdn.d2cmedia.ca/cb9b8a5aca734d8d5fc842f1ef908f7597/2213/14448470/4/Honda-Civic_Sedan-2023.jpg'},{url:'https://imagescdn.d2cmedia.ca/cb9b8a5aca734d8d5fc842f1ef908f7597/2213/14448470/5/Honda-Civic_Sedan-2023.jpg'},{url:'https://imagescdn.d2cmedia.ca/cb9b8a5aca734d8d5fc842f1ef908f7597/2213/14448470/6/Honda-Civic_Sedan-2023.jpg'},{url:'https://imagescdn.d2cmedia.ca/cb9b8a5aca734d8d5fc842f1ef908f7597/2213/14448470/7/Honda-Civic_Sedan-2023.jpg'},{url:'https://imagescdn.d2cmedia.ca/cb9b8a5aca734d8d5fc842f1ef908f7597/2213/14448470/8/Honda-Civic_Sedan-2023.jpg'}]",67704,KM,https://www.maplehonda.com/used/2023-Honda-Civic_Sedan-id14448470.html,2023 Honda Civic Sedan SPORT CVT at Maple Honda,27495 CAD,Used,Black,,2213,Maple Honda,+1-905-832-1202,"{addr1: '89 Auto Vaughan Dr.', city: 'Maple', region: 'Ontario', postal_code: 'L6A 4A1', country: 'CA'}",43.8590000000,-79.5370000000,,,,,https://www.maplehonda.com/privacy-policy.html,Used,2213,In stock,,27495 CAD,Free,
2HGFE1F9XNH003290,2HGFE1F9XNH003290,U8802,Honda,Civic Sedan,TOURING CVT,2022,AUTOMATIC,SEDAN,GASOLINE,,"2022 Honda Civic Sedan TOURING CVT, Red exterior","[{url:'https://imagescdn.d2cmedia.ca/cb947bf64142b8e727de7f3e7c44791317/2213/14427297/1/Honda-Civic Sedan-2022.jpg'},{url:'https://imagescdn.d2cmedia.ca/s8947bf64142b8e727de7f3e7c44791317/2213/14427297/1/Honda-Civic_Sedan-2022.jpg'},{url:'https://imagescdn.d2cmedia.ca/cb947bf64142b8e727de7f3e7c44791317/2213/14427297/1/Honda-Civic_Sedan-2022.jpg'},{url:'https://imagescdn.d2cmedia.ca/cb947bf64142b8e727de7f3e7c44791317/2213/14427297/2/Honda-Civic_Sedan-2022.jpg'},{url:'https://imagescdn.d2cmedia.ca/cb947bf64142b8e727de7f3e7c44791317/2213/14427297/3/Honda-Civic_Sedan-2022.jpg'},{url:'https://imagescdn.d2cmedia.ca/cb947bf64142b8e727de7f3e7c44791317/2213/14427297/4/Honda-Civic_Sedan-2022.jpg'},{url:'https://imagescdn.d2cmedia.ca/cb947bf64142b8e727de7f3e7c44791317/2213/14427297/5/Honda-Civic_Sedan-2022.jpg'},{url:'https://imagescdn.d2cmedia.ca/cb947bf64142b8e727de7f3e7c44791317/2213/14427297/6/Honda-Civic_Sedan-2022.jpg'},{url:'https://imagescdn.d2cmedia.ca/cb947bf64142b8e727de7f3e7c44791317/2213/14427297/7/Honda-Civic_Sedan-2022.jpg'},{url:'https://imagescdn.d2cmedia.ca/cb947bf64142b8e727de7f3e7c44791317/2213/14427297/8/Honda-Civic_Sedan-2022.jpg'}]",42538,KM,https://www.maplehonda.com/used/2022-Honda-Civic_Sedan-id14427297.html,2022 Honda Civic Sedan TOURING CVT at Maple Honda,27501 CAD,Used,Red,,2213,Maple Honda,+1-905-832-1202,"{addr1: '89 Auto Vaughan Dr.', city: 'Maple', region: 'Ontario', postal_code: 'L6A 4A1', country: 'CA'}",43.8590000000,-79.5370000000,,,,,https://www.maplehonda.com/privacy-policy.html,Used,2213,In stock,,27501 CAD,Free,
1HGCV1F93NA800322,1HGCV1F93NA800322,122526L,Honda,Accord Sedan,TOURING CVT,2022,AUTOMATIC,SEDAN,GASOLINE,,"2022 Honda Accord Sedan TOURING CVT, Black exterior","[{url:'https://imagescdn.d2cmedia.ca/cb1d425d6c208271622a12df66099ef98e/2213/14454846/1/Honda-Accord Sedan-2022.jpg'},{url:'https://imagescdn.d2cmedia.ca/s81d425d6c208271622a12df66099ef98e/2213/14454846/1/Honda-Accord_Sedan-2022.jpg'},{url:'https://imagescdn.d2cmedia.ca/cb1d425d6c208271622a12df66099ef98e/2213/14454846/1/Honda-Accord_Sedan-2022.jpg'},{url:'https://imagescdn.d2cmedia.ca/cb1d425d6c208271622a12df66099ef98e/2213/14454846/2/Honda-Accord_Sedan-2022.jpg'},{url:'https://imagescdn.d2cmedia.ca/cb1d425d6c208271622a12df66099ef98e/2213/14454846/3/Honda-Accord_Sedan-2022.jpg'},{url:'https://imagescdn.d2cmedia.ca/cb1d425d6c208271622a12df66099ef98e/2213/14454846/4/Honda-Accord_Sedan-2022.jpg'},{url:'https://imagescdn.d2cmedia.ca/cb1d425d6c208271622a12df66099ef98e/2213/14454846/5/Honda-Accord_Sedan-2022.jpg'},{url:'https://imagescdn.d2cmedia.ca/cb1d425d6c208271622a12df66099ef98e/2213/14454846/6/Honda-Accord_Sedan-2022.jpg'},{url:'https://imagescdn.d2cmedia.ca/cb1d425d6c208271622a12df66099ef98e/2213/14454846/7/Honda-Accord_Sedan-2022.jpg'},{url:'https://imagescdn.d2cmedia.ca/cb1d425d6c208271622a12df66099ef98e/2213/14454846/8/Honda-Accord_Sedan-2022.jpg'}]",84112,KM,https://www.maplehonda.com/used/2022-Honda-Accord_Sedan-id14454846.html,2022 Honda Accord Sedan TOURING CVT at Maple Honda,27995 CAD,Used,Black,,2213,Maple Honda,+1-905-832-1202,"{addr1: '89 Auto Vaughan Dr.', city: 'Maple', region: 'Ontario', postal_code: 'L6A 4A1', country: 'CA'}",43.8590000000,-79.5370000000,,,,,https://www.maplehonda.com/privacy-policy.html,Used,2213,In stock,,27995 CAD,Free,
19XFL1H8XPE401137,19XFL1H8XPE401137,U8806,Honda,Civic Hatchback,SPORT TOURING CVT,2023,AUTOMATIC,HATCHBACK,GASOLINE,,"2023 Honda Civic Hatchback SPORT TOURING CVT, White exterior","[{url:'https://imagescdn.d2cmedia.ca/cbd76fa0fc24a8762c461fac8b8a0d1c3e/2213/14490497/1/Honda-Civic Hatchback-2023.jpg'},{url:'https://imagescdn.d2cmedia.ca/s8d76fa0fc24a8762c461fac8b8a0d1c3e/2213/14490497/1/Honda-Civic_Hatchback-2023.jpg'},{url:'https://imagescdn.d2cmedia.ca/cbd76fa0fc24a8762c461fac8b8a0d1c3e/2213/14490497/1/Honda-Civic_Hatchback-2023.jpg'},{url:'https://imagescdn.d2cmedia.ca/cbd76fa0fc24a8762c461fac8b8a0d1c3e/2213/14490497/2/Honda-Civic_Hatchback-2023.jpg'},{url:'https://imagescdn.d2cmedia.ca/cbd76fa0fc24a8762c461fac8b8a0d1c3e/2213/14490497/3/Honda-Civic_Hatchback-2023.jpg'},{url:'https://imagescdn.d2cmedia.ca/cbd76fa0fc24a8762c461fac8b8a0d1c3e/2213/14490497/4/Honda-Civic_Hatchback-2023.jpg'}]",67737,KM,https://www.maplehonda.com/used/2023-Honda-Civic_Hatchback-id14490497.html,2023 Honda Civic Hatchback SPORT TOURING CVT at Maple Honda,27995 CAD,Used,White,,2213,Maple Honda,+1-905-832-1202,"{addr1: '89 Auto Vaughan Dr.', city: 'Maple', region: 'Ontario', postal_code: 'L6A 4A1', country: 'CA'}",43.8590000000,-79.5370000000,,,,,https://www.maplehonda.com/privacy-policy.html,Used,2213,In stock,,27995 CAD,Free,
2HGFE2F31RH114138,2HGFE2F31RH114138,112926L,Honda,Civic Sedan,EX CVT,2024,AUTOMATIC,SEDAN,GASOLINE,,"2024 Honda Civic Sedan EX CVT, Silver exterior","[{url:'https://imagescdn.d2cmedia.ca/cbfc1bc368cb9b5dbbbaf25131df7bd39b/2213/14475501/1/Honda-Civic Sedan-2024.jpg'},{url:'https://imagescdn.d2cmedia.ca/s8fc1bc368cb9b5dbbbaf25131df7bd39b/2213/14475501/1/Honda-Civic_Sedan-2024.jpg'},{url:'https://imagescdn.d2cmedia.ca/cbfc1bc368cb9b5dbbbaf25131df7bd39b/2213/14475501/1/Honda-Civic_Sedan-2024.jpg'},{url:'https://imagescdn.d2cmedia.ca/cbfc1bc368cb9b5dbbbaf25131df7bd39b/2213/14475501/2/Honda-Civic_Sedan-2024.jpg'},{url:'https://imagescdn.d2cmedia.ca/cbfc1bc368cb9b5dbbbaf25131df7bd39b/2213/14475501/3/Honda-Civic_Sedan-2024.jpg'},{url:'https://imagescdn.d2cmedia.ca/cbfc1bc368cb9b5dbbbaf25131df7bd39b/2213/14475501/4/Honda-Civic_Sedan-2024.jpg'}]",15781,KM,https://www.maplehonda.com/used/2024-Honda-Civic_Sedan-id14475501.html,2024 Honda Civic Sedan EX CVT at Maple Honda,28295 CAD,Used,Silver,,2213,Maple Honda,+1-905-832-1202,"{addr1: '89 Auto Vaughan Dr.', city: 'Maple', region: 'Ontario', postal_code: 'L6A 4A1', country: 'CA'}",43.8590000000,-79.5370000000,,,,,https://www.maplehonda.com/privacy-policy.html,Used,2213,In stock,,28295 CAD,Free,
2HGFE1F95PH001496,2HGFE1F95PH001496,169326L,Honda,Civic Sedan,TOURING CVT,2023,AUTOMATIC,SEDAN,GASOLINE,,"2023 Honda Civic Sedan TOURING CVT, Black exterior","[{url:'https://imagescdn.d2cmedia.ca/cb89be18df29d07c549fec9d65adc994a8/2213/14475505/1/Honda-Civic Sedan-2023.jpg'},{url:'https://imagescdn.d2cmedia.ca/s889be18df29d07c549fec9d65adc994a8/2213/14475505/1/Honda-Civic_Sedan-2023.jpg'},{url:'https://imagescdn.d2cmedia.ca/cb89be18df29d07c549fec9d65adc994a8/2213/14475505/1/Honda-Civic_Sedan-2023.jpg'},{url:'https://imagescdn.d2cmedia.ca/cb89be18df29d07c549fec9d65adc994a8/2213/14475505/2/Honda-Civic_Sedan-2023.jpg'},{url:'https://imagescdn.d2cmedia.ca/cb89be18df29d07c549fec9d65adc994a8/2213/14475505/3/Honda-Civic_Sedan-2023.jpg'}]",50346,KM,https://www.maplehonda.com/used/2023-Honda-Civic_Sedan-id14475505.html,2023 Honda Civic Sedan TOURING CVT at Maple Honda,28295 CAD,CPO,Black,,2213,Maple Honda,+1-905-832-1202,"{addr1: '89 Auto Vaughan Dr.', city: 'Maple', region: 'Ontario', postal_code: 'L6A 4A1', country: 'CA'}",43.8590000000,-79.5370000000,,,,,https://www.maplehonda.com/privacy-policy.html,CPO,2213,In stock,,28295 CAD,Free,
2HKRW2H44MH223837,2HKRW2H44MH223837,U8805,Honda,CR-V,SPORT AWD,2021,AUTOMATIC,SUV,GASOLINE,,"2021 Honda CR-V SPORT AWD, Black exterior","[{url:'https://imagescdn.d2cmedia.ca/cb86992b9ea2410ab1ed0907bb3dab0952/2213/14485550/1/Honda-CR_V-2021.jpg'},{url:'https://imagescdn.d2cmedia.ca/s886992b9ea2410ab1ed0907bb3dab0952/2213/14485550/1/Honda-CR_V-2021.jpg'},{url:'https://imagescdn.d2cmedia.ca/cb86992b9ea2410ab1ed0907bb3dab0952/2213/14485550/2/Honda-CR_V-2021.jpg'},{url:'https://imagescdn.d2cmedia.ca/cb86992b9ea2410ab1ed0907bb3dab0952/2213/14485550/3/Honda-CR_V-2021.jpg'},{url:'https://imagescdn.d2cmedia.ca/cb86992b9ea2410ab1ed0907bb3dab0952/2213/14485550/4/Honda-CR_V-2021.jpg'}]",58678,KM,https://www.maplehonda.com/used/2021-Honda-CR_V-id14485550.html,2021 Honda CR-V SPORT AWD at Maple Honda,28495 CAD,Used,Black,Black,2213,Maple Honda,+1-905-832-1202,"{addr1: '89 Auto Vaughan Dr.', city: 'Maple', region: 'Ontario', postal_code: 'L6A 4A1', country: 'CA'}",43.8590000000,-79.5370000000,,,,,https://www.maplehonda.com/privacy-policy.html,Used,2213,In stock,,28495 CAD,Free,
2HKRW2H40NH203148,2HKRW2H40NH203148,149026L,Honda,CR-V,SPORT AWD,2022,AUTOMATIC,SUV,GASOLINE,,"2022 Honda CR-V SPORT AWD, Red exterior","[{url:'https://imagescdn.d2cmedia.ca/cbac624906426230cf4a2cbd79602dc392/2213/14469370/1/Honda-CR_V-2022.jpg'},{url:'https://imagescdn.d2cmedia.ca/s8ac624906426230cf4a2cbd79602dc392/2213/14469370/1/Honda-CR_V-2022.jpg'},{url:'https://imagescdn.d2cmedia.ca/cbac624906426230cf4a2cbd79602dc392/2213/14469370/2/Honda-CR_V-2022.jpg'},{url:'https://imagescdn.d2cmedia.ca/cbac624906426230cf4a2cbd79602dc392/2213/14469370/3/Honda-CR_V-2022.jpg'}]",117972,KM,https://www.maplehonda.com/used/2022-Honda-CR_V-id14469370.html,2022 Honda CR-V SPORT AWD at Maple Honda,28495 CAD,Used,Red,Black,2213,Maple Honda,+1-905-832-1202,"{addr1: '89 Auto Vaughan Dr.', city: 'Maple', region: 'Ontario', postal_code: 'L6A 4A1', country: 'CA'}",43.8590000000,-79.5370000000,,,,,https://www.maplehonda.com/privacy-policy.html,Used,2213,In stock,,28495 CAD,Free,
2HGFE1F97RH000076,2HGFE1F97RH000076,126726L,Honda,Civic Sedan,TOURING CVT,2024,AUTOMATIC,SEDAN,GASOLINE,,"2024 Honda Civic Sedan TOURING CVT, Grey exterior","[{url:'https://imagescdn.d2cmedia.ca/cb6c40eba8ae3e73b8ee035ba5e9c0658c/2213/14104875/1/Honda-Civic Sedan-2024.jpg'},{url:'https://imagescdn.d2cmedia.ca/s86c40eba8ae3e73b8ee035ba5e9c0658c/2213/14104875/1/Honda-Civic_Sedan-2024.jpg'},{url:'https://imagescdn.d2cmedia.ca/cb6c40eba8ae3e73b8ee035ba5e9c0658c/2213/14104875/1/Honda-Civic_Sedan-2024.jpg'},{url:'https://imagescdn.d2cmedia.ca/cb6c40eba8ae3e73b8ee035ba5e9c0658c/2213/14104875/2/Honda-Civic_Sedan-2024.jpg'},{url:'https://imagescdn.d2cmedia.ca/cb6c40eba8ae3e73b8ee035ba5e9c0658c/2213/14104875/3/Honda-Civic_Sedan-2024.jpg'},{url:'https://imagescdn.d2cmedia.ca/cb6c40eba8ae3e73b8ee035ba5e9c0658c/2213/14104875/4/Honda-Civic_Sedan-2024.jpg'},{url:'https://imagescdn.d2cmedia.ca/cb6c40eba8ae3e73b8ee035ba5e9c0658c/2213/14104875/5/Honda-Civic_Sedan-2024.jpg'},{url:'https://imagescdn.d2cmedia.ca/cb6c40eba8ae3e73b8ee035ba5e9c0658c/2213/14104875/6/Honda-Civic_Sedan-2024.jpg'},{url:'https://imagescdn.d2cmedia.ca/cb6c40eba8ae3e73b8ee035ba5e9c0658c/2213/14104875/7/Honda-Civic_Sedan-2024.jpg'},{url:'https://imagescdn.d2cmedia.ca/cb6c40eba8ae3e73b8ee035ba5e9c0658c/2213/14104875/8/Honda-Civic_Sedan-2024.jpg'}]",41307,KM,https://www.maplehonda.com/used/2024-Honda-Civic_Sedan-id14104875.html,2024 Honda Civic Sedan TOURING CVT at Maple Honda,28746 CAD,CPO,Grey,Black,2213,Maple Honda,+1-905-832-1202,"{addr1: '89 Auto Vaughan Dr.', city: 'Maple', region: 'Ontario', postal_code: 'L6A 4A1', country: 'CA'}",43.8590000000,-79.5370000000,,,,,https://www.maplehonda.com/privacy-policy.html,CPO,2213,In stock,,28746 CAD,Free,
2HKRW2H95MH204256,2HKRW2H95MH204256,142226L,Honda,CR-V,TOURING AWD,2021,AUTOMATIC,SUV,GASOLINE,,"2021 Honda CR-V TOURING AWD, White exterior","[{url:'https://imagescdn.d2cmedia.ca/cb25a8f3e5aa5bee656a79ee5d1d704c94/2213/14420104/1/Honda-CR_V-2021.jpg'},{url:'https://imagescdn.d2cmedia.ca/s825a8f3e5aa5bee656a79ee5d1d704c94/2213/14420104/1/Honda-CR_V-2021.jpg'},{url:'https://imagescdn.d2cmedia.ca/cb25a8f3e5aa5bee656a79ee5d1d704c94/2213/14420104/2/Honda-CR_V-2021.jpg'},{url:'https://imagescdn.d2cmedia.ca/cb25a8f3e5aa5bee656a79ee5d1d704c94/2213/14420104/3/Honda-CR_V-2021.jpg'},{url:'https://imagescdn.d2cmedia.ca/cb25a8f3e5aa5bee656a79ee5d1d704c94/2213/14420104/4/Honda-CR_V-2021.jpg'},{url:'https://imagescdn.d2cmedia.ca/cb25a8f3e5aa5bee656a79ee5d1d704c94/2213/14420104/5/Honda-CR_V-2021.jpg'},{url:'https://imagescdn.d2cmedia.ca/cb25a8f3e5aa5bee656a79ee5d1d704c94/2213/14420104/6/Honda-CR_V-2021.jpg'},{url:'https://imagescdn.d2cmedia.ca/cb25a8f3e5aa5bee656a79ee5d1d704c94/2213/14420104/7/Honda-CR_V-2021.jpg'},{url:'https://imagescdn.d2cmedia.ca/cb25a8f3e5aa5bee656a79ee5d1d704c94/2213/14420104/8/Honda-CR_V-2021.jpg'},{url:'https://imagescdn.d2cmedia.ca/cb25a8f3e5aa5bee656a79ee5d1d704c94/2213/14420104/9/Honda-CR_V-2021.jpg'}]",99342,KM,https://www.maplehonda.com/used/2021-Honda-CR_V-id14420104.html,2021 Honda CR-V TOURING AWD at Maple Honda,28923 CAD,Used,White,,2213,Maple Honda,+1-905-832-1202,"{addr1: '89 Auto Vaughan Dr.', city: 'Maple', region: 'Ontario', postal_code: 'L6A 4A1', country: 'CA'}",43.8590000000,-79.5370000000,,,,,https://www.maplehonda.com/privacy-policy.html,Used,2213,In stock,,28923 CAD,Free,
2HGFE2F57RH112170,2HGFE2F57RH112170,167026L,Honda,Civic Sedan,SPORT CVT,2024,AUTOMATIC,SEDAN,GASOLINE,,"2024 Honda Civic Sedan SPORT CVT, White exterior","[{url:'https://imagescdn.d2cmedia.ca/cb511b465558a95337da566d060346d038/2213/14448481/1/Honda-Civic Sedan-2024.jpg'},{url:'https://imagescdn.d2cmedia.ca/s8511b465558a95337da566d060346d038/2213/14448481/1/Honda-Civic_Sedan-2024.jpg'},{url:'https://imagescdn.d2cmedia.ca/cb511b465558a95337da566d060346d038/2213/14448481/1/Honda-Civic_Sedan-2024.jpg'},{url:'https://imagescdn.d2cmedia.ca/cb511b465558a95337da566d060346d038/2213/14448481/2/Honda-Civic_Sedan-2024.jpg'},{url:'https://imagescdn.d2cmedia.ca/cb511b465558a95337da566d060346d038/2213/14448481/3/Honda-Civic_Sedan-2024.jpg'},{url:'https://imagescdn.d2cmedia.ca/cb511b465558a95337da566d060346d038/2213/14448481/4/Honda-Civic_Sedan-2024.jpg'},{url:'https://imagescdn.d2cmedia.ca/cb511b465558a95337da566d060346d038/2213/14448481/5/Honda-Civic_Sedan-2024.jpg'},{url:'https://imagescdn.d2cmedia.ca/cb511b465558a95337da566d060346d038/2213/14448481/6/Honda-Civic_Sedan-2024.jpg'},{url:'https://imagescdn.d2cmedia.ca/cb511b465558a95337da566d060346d038/2213/14448481/7/Honda-Civic_Sedan-2024.jpg'},{url:'https://imagescdn.d2cmedia.ca/cb511b465558a95337da566d060346d038/2213/14448481/8/Honda-Civic_Sedan-2024.jpg'}]",23568,KM,https://www.maplehonda.com/used/2024-Honda-Civic_Sedan-id14448481.html,2024 Honda Civic Sedan SPORT CVT at Maple Honda,28995 CAD,Used,White,,2213,Maple Honda,+1-905-832-1202,"{addr1: '89 Auto Vaughan Dr.', city: 'Maple', region: 'Ontario', postal_code: 'L6A 4A1', country: 'CA'}",43.8590000000,-79.5370000000,,,,,https://www.maplehonda.com/privacy-policy.html,Used,2213,In stock,,28995 CAD,Free,
5FNYF6H63NB502278,5FNYF6H63NB502278,145726L,Honda,Pilot,TOURING 7-PASSENGER,2022,AUTOMATIC,SUV,GASOLINE,,"2022 Honda Pilot TOURING 7-PASSENGER, White exterior","[{url:'https://imagescdn.d2cmedia.ca/cbac877f273fbf541bb84d7bafa89fecd6/2213/14305213/1/Honda-Pilot-2022.jpg'},{url:'https://imagescdn.d2cmedia.ca/s8ac877f273fbf541bb84d7bafa89fecd6/2213/14305213/1/Honda-Pilot-2022.jpg'},{url:'https://imagescdn.d2cmedia.ca/cbac877f273fbf541bb84d7bafa89fecd6/2213/14305213/2/Honda-Pilot-2022.jpg'},{url:'https://imagescdn.d2cmedia.ca/cbac877f273fbf541bb84d7bafa89fecd6/2213/14305213/3/Honda-Pilot-2022.jpg'},{url:'https://imagescdn.d2cmedia.ca/cbac877f273fbf541bb84d7bafa89fecd6/2213/14305213/4/Honda-Pilot-2022.jpg'},{url:'https://imagescdn.d2cmedia.ca/cbac877f273fbf541bb84d7bafa89fecd6/2213/14305213/5/Honda-Pilot-2022.jpg'},{url:'https://imagescdn.d2cmedia.ca/cbac877f273fbf541bb84d7bafa89fecd6/2213/14305213/6/Honda-Pilot-2022.jpg'},{url:'https://imagescdn.d2cmedia.ca/cbac877f273fbf541bb84d7bafa89fecd6/2213/14305213/7/Honda-Pilot-2022.jpg'},{url:'https://imagescdn.d2cmedia.ca/cbac877f273fbf541bb84d7bafa89fecd6/2213/14305213/8/Honda-Pilot-2022.jpg'},{url:'https://imagescdn.d2cmedia.ca/cbac877f273fbf541bb84d7bafa89fecd6/2213/14305213/9/Honda-Pilot-2022.jpg'}]",171546,KM,https://www.maplehonda.com/used/2022-Honda-Pilot-id14305213.html,2022 Honda Pilot TOURING 7-PASSENGER at Maple Honda,29633 CAD,Used,White,,2213,Maple Honda,+1-905-832-1202,"{addr1: '89 Auto Vaughan Dr.', city: 'Maple', region: 'Ontario', postal_code: 'L6A 4A1', country: 'CA'}",43.8590000000,-79.5370000000,,,,,https://www.maplehonda.com/privacy-policy.html,Used,2213,In stock,,29633 CAD,Free,
2HKRS4H27RH104483,2HKRS4H27RH104483,148726L,Honda,CR-V,LX-B AWD,2024,AUTOMATIC,SUV,GASOLINE,,"2024 Honda CR-V LX-B AWD, Black exterior","[{url:'https://imagescdn.d2cmedia.ca/cba29b323a7ba0ac30b570382643af845d/2213/14255988/1/Honda-CR_V-2024.jpg'},{url:'https://imagescdn.d2cmedia.ca/s8a29b323a7ba0ac30b570382643af845d/2213/14255988/1/Honda-CR_V-2024.jpg'},{url:'https://imagescdn.d2cmedia.ca/cba29b323a7ba0ac30b570382643af845d/2213/14255988/2/Honda-CR_V-2024.jpg'},{url:'https://imagescdn.d2cmedia.ca/cba29b323a7ba0ac30b570382643af845d/2213/14255988/3/Honda-CR_V-2024.jpg'},{url:'https://imagescdn.d2cmedia.ca/cba29b323a7ba0ac30b570382643af845d/2213/14255988/4/Honda-CR_V-2024.jpg'},{url:'https://imagescdn.d2cmedia.ca/cba29b323a7ba0ac30b570382643af845d/2213/14255988/5/Honda-CR_V-2024.jpg'},{url:'https://imagescdn.d2cmedia.ca/cba29b323a7ba0ac30b570382643af845d/2213/14255988/6/Honda-CR_V-2024.jpg'},{url:'https://imagescdn.d2cmedia.ca/cba29b323a7ba0ac30b570382643af845d/2213/14255988/7/Honda-CR_V-2024.jpg'},{url:'https://imagescdn.d2cmedia.ca/cba29b323a7ba0ac30b570382643af845d/2213/14255988/8/Honda-CR_V-2024.jpg'},{url:'https://imagescdn.d2cmedia.ca/cba29b323a7ba0ac30b570382643af845d/2213/14255988/9/Honda-CR_V-2024.jpg'}]",82790,KM,https://www.maplehonda.com/used/2024-Honda-CR_V-id14255988.html,2024 Honda CR-V LX-B AWD at Maple Honda,29791 CAD,CPO,Black,Black,2213,Maple Honda,+1-905-832-1202,"{addr1: '89 Auto Vaughan Dr.', city: 'Maple', region: 'Ontario', postal_code: 'L6A 4A1', country: 'CA'}",43.8590000000,-79.5370000000,,,,,https://www.maplehonda.com/privacy-policy.html,CPO,2213,In stock,,29791 CAD,Free,
2HKRS4H59PH120451,2HKRS4H59PH120451,003627L,Honda,CR-V,SPORT AWD,2023,AUTOMATIC,SUV,GASOLINE,AWD,"2023 Honda CR-V SPORT AWD, White exterior, All-wheel drive","[{url:'https://imagescdn.d2cmedia.ca/cb368882b81bfab3764608c314802113d5/2213/14184302/1/Honda-CR_V-2023.jpg'},{url:'https://imagescdn.d2cmedia.ca/s8368882b81bfab3764608c314802113d5/2213/14184302/1/Honda-CR_V-2023.jpg'},{url:'https://imagescdn.d2cmedia.ca/cb368882b81bfab3764608c314802113d5/2213/14184302/2/Honda-CR_V-2023.jpg'},{url:'https://imagescdn.d2cmedia.ca/cb368882b81bfab3764608c314802113d5/2213/14184302/3/Honda-CR_V-2023.jpg'},{url:'https://imagescdn.d2cmedia.ca/cb368882b81bfab3764608c314802113d5/2213/14184302/4/Honda-CR_V-2023.jpg'},{url:'https://imagescdn.d2cmedia.ca/cb368882b81bfab3764608c314802113d5/2213/14184302/5/Honda-CR_V-2023.jpg'},{url:'https://imagescdn.d2cmedia.ca/cb368882b81bfab3764608c314802113d5/2213/14184302/6/Honda-CR_V-2023.jpg'},{url:'https://imagescdn.d2cmedia.ca/cb368882b81bfab3764608c314802113d5/2213/14184302/7/Honda-CR_V-2023.jpg'},{url:'https://imagescdn.d2cmedia.ca/cb368882b81bfab3764608c314802113d5/2213/14184302/8/Honda-CR_V-2023.jpg'},{url:'https://imagescdn.d2cmedia.ca/cb368882b81bfab3764608c314802113d5/2213/14184302/9/Honda-CR_V-2023.jpg'}]",95317,KM,https://www.maplehonda.com/used/2023-Honda-CR_V-id14184302.html,2023 Honda CR-V SPORT AWD at Maple Honda,30495 CAD,CPO,White,Black,2213,Maple Honda,+1-905-832-1202,"{addr1: '89 Auto Vaughan Dr.', city: 'Maple', region: 'Ontario', postal_code: 'L6A 4A1', country: 'CA'}",43.8590000000,-79.5370000000,,,,,https://www.maplehonda.com/privacy-policy.html,CPO,2213,In stock,,30495 CAD,Free,
2HGFE4F81SH010763,2HGFE4F81SH010763,U8801,Honda,Civic Sedan,SPORT ECVT,2025,AUTOMATIC,SEDAN,HYBRID,,"2025 Honda Civic Sedan SPORT ECVT, Black exterior","[{url:'https://imagescdn.d2cmedia.ca/cb2ba1171b2b3127b80be3337f5322e75a/2213/14427296/1/Honda-Civic Sedan Hybrid-2025.jpg'},{url:'https://imagescdn.d2cmedia.ca/s82ba1171b2b3127b80be3337f5322e75a/2213/14427296/1/Honda-Civic_Sedan-2025.jpg'},{url:'https://imagescdn.d2cmedia.ca/cb2ba1171b2b3127b80be3337f5322e75a/2213/14427296/1/Honda-Civic_Sedan-2025.jpg'},{url:'https://imagescdn.d2cmedia.ca/cb2ba1171b2b3127b80be3337f5322e75a/2213/14427296/2/Honda-Civic_Sedan-2025.jpg'},{url:'https://imagescdn.d2cmedia.ca/cb2ba1171b2b3127b80be3337f5322e75a/2213/14427296/3/Honda-Civic_Sedan-2025.jpg'},{url:'https://imagescdn.d2cmedia.ca/cb2ba1171b2b3127b80be3337f5322e75a/2213/14427296/4/Honda-Civic_Sedan-2025.jpg'},{url:'https://imagescdn.d2cmedia.ca/cb2ba1171b2b3127b80be3337f5322e75a/2213/14427296/5/Honda-Civic_Sedan-2025.jpg'},{url:'https://imagescdn.d2cmedia.ca/cb2ba1171b2b3127b80be3337f5322e75a/2213/14427296/6/Honda-Civic_Sedan-2025.jpg'},{url:'https://imagescdn.d2cmedia.ca/cb2ba1171b2b3127b80be3337f5322e75a/2213/14427296/7/Honda-Civic_Sedan-2025.jpg'},{url:'https://imagescdn.d2cmedia.ca/cb2ba1171b2b3127b80be3337f5322e75a/2213/14427296/8/Honda-Civic_Sedan-2025.jpg'}]",41265,KM,https://www.maplehonda.com/used/2025-Honda-Civic_Sedan-id14427296.html,2025 Honda Civic Sedan SPORT ECVT at Maple Honda,30943 CAD,Used,Black,,2213,Maple Honda,+1-905-832-1202,"{addr1: '89 Auto Vaughan Dr.', city: 'Maple', region: 'Ontario', postal_code: 'L6A 4A1', country: 'CA'}",43.8590000000,-79.5370000000,,,,,https://www.maplehonda.com/privacy-policy.html,Used,2213,In stock,,30943 CAD,Free,
2HKRS3H2XRH001469,2HKRS3H2XRH001469,164226L,Honda,CR-V,LX-B 2WD,2024,AUTOMATIC,SUV,GASOLINE,,"2024 Honda CR-V LX-B 2WD, Black exterior","[{url:'https://imagescdn.d2cmedia.ca/cbefde3943127de12e1b06cd5c54547ac6/2213/14462069/1/Honda-CR_V-2024.jpg'},{url:'https://imagescdn.d2cmedia.ca/s8efde3943127de12e1b06cd5c54547ac6/2213/14462069/1/Honda-CR_V-2024.jpg'},{url:'https://imagescdn.d2cmedia.ca/cbefde3943127de12e1b06cd5c54547ac6/2213/14462069/2/Honda-CR_V-2024.jpg'},{url:'https://imagescdn.d2cmedia.ca/cbefde3943127de12e1b06cd5c54547ac6/2213/14462069/3/Honda-CR_V-2024.jpg'},{url:'https://imagescdn.d2cmedia.ca/cbefde3943127de12e1b06cd5c54547ac6/2213/14462069/4/Honda-CR_V-2024.jpg'},{url:'https://imagescdn.d2cmedia.ca/cbefde3943127de12e1b06cd5c54547ac6/2213/14462069/5/Honda-CR_V-2024.jpg'},{url:'https://imagescdn.d2cmedia.ca/cbefde3943127de12e1b06cd5c54547ac6/2213/14462069/6/Honda-CR_V-2024.jpg'},{url:'https://imagescdn.d2cmedia.ca/cbefde3943127de12e1b06cd5c54547ac6/2213/14462069/7/Honda-CR_V-2024.jpg'},{url:'https://imagescdn.d2cmedia.ca/cbefde3943127de12e1b06cd5c54547ac6/2213/14462069/8/Honda-CR_V-2024.jpg'},{url:'https://imagescdn.d2cmedia.ca/cbefde3943127de12e1b06cd5c54547ac6/2213/14462069/9/Honda-CR_V-2024.jpg'}]",30874,KM,https://www.maplehonda.com/used/2024-Honda-CR_V-id14462069.html,2024 Honda CR-V LX-B 2WD at Maple Honda,30995 CAD,Used,Black,,2213,Maple Honda,+1-905-832-1202,"{addr1: '89 Auto Vaughan Dr.', city: 'Maple', region: 'Ontario', postal_code: 'L6A 4A1', country: 'CA'}",43.8590000000,-79.5370000000,,,,,https://www.maplehonda.com/privacy-policy.html,Used,2213,In stock,,30995 CAD,Free,
2HGFE4F86SH019071,2HGFE4F86SH019071,166026L,Honda,Civic Sedan,SPORT ECVT,2025,AUTOMATIC,SEDAN,HYBRID,,"2025 Honda Civic Sedan SPORT ECVT, Silver exterior","[{url:'https://imagescdn.d2cmedia.ca/cba2ed488fa16eec745b94196fbe3143fd/2213/14354503/1/Honda-Civic Sedan Hybrid-2025.jpg'},{url:'https://imagescdn.d2cmedia.ca/s8a2ed488fa16eec745b94196fbe3143fd/2213/14354503/1/Honda-Civic_Sedan-2025.jpg'},{url:'https://imagescdn.d2cmedia.ca/cba2ed488fa16eec745b94196fbe3143fd/2213/14354503/1/Honda-Civic_Sedan-2025.jpg'},{url:'https://imagescdn.d2cmedia.ca/cba2ed488fa16eec745b94196fbe3143fd/2213/14354503/2/Honda-Civic_Sedan-2025.jpg'},{url:'https://imagescdn.d2cmedia.ca/cba2ed488fa16eec745b94196fbe3143fd/2213/14354503/3/Honda-Civic_Sedan-2025.jpg'},{url:'https://imagescdn.d2cmedia.ca/cba2ed488fa16eec745b94196fbe3143fd/2213/14354503/4/Honda-Civic_Sedan-2025.jpg'},{url:'https://imagescdn.d2cmedia.ca/cba2ed488fa16eec745b94196fbe3143fd/2213/14354503/5/Honda-Civic_Sedan-2025.jpg'},{url:'https://imagescdn.d2cmedia.ca/cba2ed488fa16eec745b94196fbe3143fd/2213/14354503/6/Honda-Civic_Sedan-2025.jpg'},{url:'https://imagescdn.d2cmedia.ca/cba2ed488fa16eec745b94196fbe3143fd/2213/14354503/7/Honda-Civic_Sedan-2025.jpg'},{url:'https://imagescdn.d2cmedia.ca/cba2ed488fa16eec745b94196fbe3143fd/2213/14354503/8/Honda-Civic_Sedan-2025.jpg'}]",58408,KM,https://www.maplehonda.com/used/2025-Honda-Civic_Sedan-id14354503.html,2025 Honda Civic Sedan SPORT ECVT at Maple Honda,31388 CAD,Used,Silver,,2213,Maple Honda,+1-905-832-1202,"{addr1: '89 Auto Vaughan Dr.', city: 'Maple', region: 'Ontario', postal_code: 'L6A 4A1', country: 'CA'}",43.8590000000,-79.5370000000,,,,,https://www.maplehonda.com/privacy-policy.html,Used,2213,In stock,,31388 CAD,Free,
2HGFE4F85SH003234,2HGFE4F85SH003234,151526L,Honda,Civic Sedan,SPORT ECVT,2025,AUTOMATIC,SEDAN,HYBRID,,"2025 Honda Civic Sedan SPORT ECVT, Black exterior","[{url:'https://imagescdn.d2cmedia.ca/cba879d2912a8957a76da669c041393a73/2213/14287280/1/Honda-Civic Sedan Hybrid-2025.jpg'},{url:'https://imagescdn.d2cmedia.ca/s8a879d2912a8957a76da669c041393a73/2213/14287280/1/Honda-Civic_Sedan-2025.jpg'},{url:'https://imagescdn.d2cmedia.ca/cba879d2912a8957a76da669c041393a73/2213/14287280/1/Honda-Civic_Sedan-2025.jpg'},{url:'https://imagescdn.d2cmedia.ca/cba879d2912a8957a76da669c041393a73/2213/14287280/2/Honda-Civic_Sedan-2025.jpg'},{url:'https://imagescdn.d2cmedia.ca/cba879d2912a8957a76da669c041393a73/2213/14287280/3/Honda-Civic_Sedan-2025.jpg'},{url:'https://imagescdn.d2cmedia.ca/cba879d2912a8957a76da669c041393a73/2213/14287280/4/Honda-Civic_Sedan-2025.jpg'},{url:'https://imagescdn.d2cmedia.ca/cba879d2912a8957a76da669c041393a73/2213/14287280/5/Honda-Civic_Sedan-2025.jpg'},{url:'https://imagescdn.d2cmedia.ca/cba879d2912a8957a76da669c041393a73/2213/14287280/6/Honda-Civic_Sedan-2025.jpg'},{url:'https://imagescdn.d2cmedia.ca/cba879d2912a8957a76da669c041393a73/2213/14287280/7/Honda-Civic_Sedan-2025.jpg'},{url:'https://imagescdn.d2cmedia.ca/cba879d2912a8957a76da669c041393a73/2213/14287280/8/Honda-Civic_Sedan-2025.jpg'}]",15367,KM,https://www.maplehonda.com/used/2025-Honda-Civic_Sedan-id14287280.html,2025 Honda Civic Sedan SPORT ECVT at Maple Honda,33776 CAD,CPO,Black,Black,2213,Maple Honda,+1-905-832-1202,"{addr1: '89 Auto Vaughan Dr.', city: 'Maple', region: 'Ontario', postal_code: 'L6A 4A1', country: 'CA'}",43.8590000000,-79.5370000000,,,,,https://www.maplehonda.com/privacy-policy.html,CPO,2213,In stock,,33776 CAD,Free,
2HGFE4F89SH008940,2HGFE4F89SH008940,U8796,Honda,Civic Sedan,SPORT TOURING ECVT,2025,AUTOMATIC,SEDAN,HYBRID,,"2025 Honda Civic Sedan SPORT TOURING ECVT, White exterior","[{url:'https://imagescdn.d2cmedia.ca/cbf520c3588cf4e6eefbbd4aa5b393f874/2213/14392675/1/Honda-Civic Sedan Hybrid-2025.jpg'},{url:'https://imagescdn.d2cmedia.ca/s8f520c3588cf4e6eefbbd4aa5b393f874/2213/14392675/1/Honda-Civic_Sedan-2025.jpg'},{url:'https://imagescdn.d2cmedia.ca/cbf520c3588cf4e6eefbbd4aa5b393f874/2213/14392675/1/Honda-Civic_Sedan-2025.jpg'},{url:'https://imagescdn.d2cmedia.ca/cbf520c3588cf4e6eefbbd4aa5b393f874/2213/14392675/2/Honda-Civic_Sedan-2025.jpg'},{url:'https://imagescdn.d2cmedia.ca/cbf520c3588cf4e6eefbbd4aa5b393f874/2213/14392675/3/Honda-Civic_Sedan-2025.jpg'},{url:'https://imagescdn.d2cmedia.ca/cbf520c3588cf4e6eefbbd4aa5b393f874/2213/14392675/4/Honda-Civic_Sedan-2025.jpg'}]",47195,KM,https://www.maplehonda.com/used/2025-Honda-Civic_Sedan-id14392675.html,2025 Honda Civic Sedan SPORT TOURING ECVT at Maple Honda,33937 CAD,Used,White,,2213,Maple Honda,+1-905-832-1202,"{addr1: '89 Auto Vaughan Dr.', city: 'Maple', region: 'Ontario', postal_code: 'L6A 4A1', country: 'CA'}",43.8590000000,-79.5370000000,,,,,https://www.maplehonda.com/privacy-policy.html,Used,2213,In stock,,33937 CAD,Free,
2HGFE4F81SH000914,2HGFE4F81SH000914,154026L,Honda,Civic Sedan,SPORT TOURING ECVT,2025,AUTOMATIC,SEDAN,HYBRID,,"2025 Honda Civic Sedan SPORT TOURING ECVT, Black exterior","[{url:'https://imagescdn.d2cmedia.ca/cb99c8f896a73140c104a0a38968248a87/2213/14267458/1/Honda-Civic Sedan Hybrid-2025.jpg'},{url:'https://imagescdn.d2cmedia.ca/s899c8f896a73140c104a0a38968248a87/2213/14267458/1/Honda-Civic_Sedan-2025.jpg'},{url:'https://imagescdn.d2cmedia.ca/cb99c8f896a73140c104a0a38968248a87/2213/14267458/1/Honda-Civic_Sedan-2025.jpg'},{url:'https://imagescdn.d2cmedia.ca/cb99c8f896a73140c104a0a38968248a87/2213/14267458/2/Honda-Civic_Sedan-2025.jpg'},{url:'https://imagescdn.d2cmedia.ca/cb99c8f896a73140c104a0a38968248a87/2213/14267458/3/Honda-Civic_Sedan-2025.jpg'},{url:'https://imagescdn.d2cmedia.ca/cb99c8f896a73140c104a0a38968248a87/2213/14267458/4/Honda-Civic_Sedan-2025.jpg'},{url:'https://imagescdn.d2cmedia.ca/cb99c8f896a73140c104a0a38968248a87/2213/14267458/5/Honda-Civic_Sedan-2025.jpg'},{url:'https://imagescdn.d2cmedia.ca/cb99c8f896a73140c104a0a38968248a87/2213/14267458/6/Honda-Civic_Sedan-2025.jpg'},{url:'https://imagescdn.d2cmedia.ca/cb99c8f896a73140c104a0a38968248a87/2213/14267458/7/Honda-Civic_Sedan-2025.jpg'},{url:'https://imagescdn.d2cmedia.ca/cb99c8f896a73140c104a0a38968248a87/2213/14267458/8/Honda-Civic_Sedan-2025.jpg'}]",14084,KM,https://www.maplehonda.com/used/2025-Honda-Civic_Sedan-id14267458.html,2025 Honda Civic Sedan SPORT TOURING ECVT at Maple Honda,34347 CAD,Used,Black,,2213,Maple Honda,+1-905-832-1202,"{addr1: '89 Auto Vaughan Dr.', city: 'Maple', region: 'Ontario', postal_code: 'L6A 4A1', country: 'CA'}",43.8590000000,-79.5370000000,,,,,https://www.maplehonda.com/privacy-policy.html,Used,2213,In stock,,34347 CAD,Free,
2HKRW2H40NH221651,2HKRW2H40NH221651,159526L,Honda,CR-V,SPORT AWD,2022,AUTOMATIC,SUV,GASOLINE,,"2022 Honda CR-V SPORT AWD, Silver exterior","[{url:'https://imagescdn.d2cmedia.ca/cbf90771aa647d1534923798bb5ad6fe45/2213/14485548/1/Honda-CR_V-2022.jpg'},{url:'https://imagescdn.d2cmedia.ca/s8f90771aa647d1534923798bb5ad6fe45/2213/14485548/1/Honda-CR_V-2022.jpg'},{url:'https://imagescdn.d2cmedia.ca/cbf90771aa647d1534923798bb5ad6fe45/2213/14485548/2/Honda-CR_V-2022.jpg'},{url:'https://imagescdn.d2cmedia.ca/cbf90771aa647d1534923798bb5ad6fe45/2213/14485548/3/Honda-CR_V-2022.jpg'},{url:'https://imagescdn.d2cmedia.ca/cbf90771aa647d1534923798bb5ad6fe45/2213/14485548/4/Honda-CR_V-2022.jpg'}]",57817,KM,https://www.maplehonda.com/used/2022-Honda-CR_V-id14485548.html,2022 Honda CR-V SPORT AWD at Maple Honda,31495 CAD,Used,Silver,,2213,Maple Honda,+1-905-832-1202,"{addr1: '89 Auto Vaughan Dr.', city: 'Maple', region: 'Ontario', postal_code: 'L6A 4A1', country: 'CA'}",43.8590000000,-79.5370000000,,,,,https://www.maplehonda.com/privacy-policy.html,Used,2213,In stock,,31495 CAD,Free,
2HKRS4H2XRH103957,2HKRS4H2XRH103957,170526L,Honda,CR-V,LX-B AWD,2024,AUTOMATIC,SUV,GASOLINE,AWD,"2024 Honda CR-V LX-B AWD, Black exterior, All-wheel drive","[{url:'https://imagescdn.d2cmedia.ca/cb199e84f1a7e2b42c2f1953b3e1148628/2213/14469374/1/Honda-CR_V-2024.jpg'},{url:'https://imagescdn.d2cmedia.ca/s8199e84f1a7e2b42c2f1953b3e1148628/2213/14469374/1/Honda-CR_V-2024.jpg'},{url:'https://imagescdn.d2cmedia.ca/cb199e84f1a7e2b42c2f1953b3e1148628/2213/14469374/2/Honda-CR_V-2024.jpg'},{url:'https://imagescdn.d2cmedia.ca/cb199e84f1a7e2b42c2f1953b3e1148628/2213/14469374/3/Honda-CR_V-2024.jpg'}]",88281,KM,https://www.maplehonda.com/used/2024-Honda-CR_V-id14469374.html,2024 Honda CR-V LX-B AWD at Maple Honda,31695 CAD,CPO,Black,Black,2213,Maple Honda,+1-905-832-1202,"{addr1: '89 Auto Vaughan Dr.', city: 'Maple', region: 'Ontario', postal_code: 'L6A 4A1', country: 'CA'}",43.8590000000,-79.5370000000,,,,,https://www.maplehonda.com/privacy-policy.html,CPO,2213,In stock,,31695 CAD,Free,
2HKRS4H73RH119445,2HKRS4H73RH119445,165526L,Honda,CR-V,EX-L AWD,2024,AUTOMATIC,SUV,GASOLINE,,"2024 Honda CR-V EX-L AWD, Black exterior","[{url:'https://imagescdn.d2cmedia.ca/cb030a216fcb110cc9290ff2da38f10bee/2213/14469372/1/Honda-CR_V-2024.jpg'},{url:'https://imagescdn.d2cmedia.ca/s8030a216fcb110cc9290ff2da38f10bee/2213/14469372/1/Honda-CR_V-2024.jpg'},{url:'https://imagescdn.d2cmedia.ca/cb030a216fcb110cc9290ff2da38f10bee/2213/14469372/2/Honda-CR_V-2024.jpg'},{url:'https://imagescdn.d2cmedia.ca/cb030a216fcb110cc9290ff2da38f10bee/2213/14469372/3/Honda-CR_V-2024.jpg'},{url:'https://imagescdn.d2cmedia.ca/cb030a216fcb110cc9290ff2da38f10bee/2213/14469372/4/Honda-CR_V-2024.jpg'},{url:'https://imagescdn.d2cmedia.ca/cb030a216fcb110cc9290ff2da38f10bee/2213/14469372/5/Honda-CR_V-2024.jpg'},{url:'https://imagescdn.d2cmedia.ca/cb030a216fcb110cc9290ff2da38f10bee/2213/14469372/6/Honda-CR_V-2024.jpg'},{url:'https://imagescdn.d2cmedia.ca/cb030a216fcb110cc9290ff2da38f10bee/2213/14469372/7/Honda-CR_V-2024.jpg'},{url:'https://imagescdn.d2cmedia.ca/cb030a216fcb110cc9290ff2da38f10bee/2213/14469372/8/Honda-CR_V-2024.jpg'},{url:'https://imagescdn.d2cmedia.ca/cb030a216fcb110cc9290ff2da38f10bee/2213/14469372/9/Honda-CR_V-2024.jpg'}]",61736,KM,https://www.maplehonda.com/used/2024-Honda-CR_V-id14469372.html,2024 Honda CR-V EX-L AWD at Maple Honda,33346 CAD,Used,Black,,2213,Maple Honda,+1-905-832-1202,"{addr1: '89 Auto Vaughan Dr.', city: 'Maple', region: 'Ontario', postal_code: 'L6A 4A1', country: 'CA'}",43.8590000000,-79.5370000000,,,,,https://www.maplehonda.com/privacy-policy.html,Used,2213,In stock,,33346 CAD,Free,
2HKRS3H26SH001460,2HKRS3H26SH001460,165926L,Honda,CR-V,LX 2WD,2025,AUTOMATIC,SUV,GASOLINE,,"2025 Honda CR-V LX 2WD, White exterior","[{url:'https://imagescdn.d2cmedia.ca/cbfe6ce46d84daa1155dc5c92d1c9db022/2213/14462070/1/Honda-CR_V-2025.jpg'},{url:'https://imagescdn.d2cmedia.ca/s8fe6ce46d84daa1155dc5c92d1c9db022/2213/14462070/1/Honda-CR_V-2025.jpg'},{url:'https://imagescdn.d2cmedia.ca/cbfe6ce46d84daa1155dc5c92d1c9db022/2213/14462070/2/Honda-CR_V-2025.jpg'},{url:'https://imagescdn.d2cmedia.ca/cbfe6ce46d84daa1155dc5c92d1c9db022/2213/14462070/3/Honda-CR_V-2025.jpg'},{url:'https://imagescdn.d2cmedia.ca/cbfe6ce46d84daa1155dc5c92d1c9db022/2213/14462070/4/Honda-CR_V-2025.jpg'},{url:'https://imagescdn.d2cmedia.ca/cbfe6ce46d84daa1155dc5c92d1c9db022/2213/14462070/5/Honda-CR_V-2025.jpg'},{url:'https://imagescdn.d2cmedia.ca/cbfe6ce46d84daa1155dc5c92d1c9db022/2213/14462070/6/Honda-CR_V-2025.jpg'},{url:'https://imagescdn.d2cmedia.ca/cbfe6ce46d84daa1155dc5c92d1c9db022/2213/14462070/7/Honda-CR_V-2025.jpg'},{url:'https://imagescdn.d2cmedia.ca/cbfe6ce46d84daa1155dc5c92d1c9db022/2213/14462070/8/Honda-CR_V-2025.jpg'},{url:'https://imagescdn.d2cmedia.ca/cbfe6ce46d84daa1155dc5c92d1c9db022/2213/14462070/9/Honda-CR_V-2025.jpg'}]",26288,KM,https://www.maplehonda.com/used/2025-Honda-CR_V-id14462070.html,2025 Honda CR-V LX 2WD at Maple Honda,34995 CAD,Used,White,,2213,Maple Honda,+1-905-832-1202,"{addr1: '89 Auto Vaughan Dr.', city: 'Maple', region: 'Ontario', postal_code: 'L6A 4A1', country: 'CA'}",43.8590000000,-79.5370000000,,,,,https://www.maplehonda.com/privacy-policy.html,Used,2213,In stock,,34995 CAD,Free,
2HKRS4H54SH101265,2HKRS4H54SH101265,154526L,Honda,CR-V,SPORT AWD,2025,AUTOMATIC,SUV,GASOLINE,,"2025 Honda CR-V SPORT AWD, Black exterior","[{url:'https://imagescdn.d2cmedia.ca/cbdd92ea3f4cec627cd2dfe386962d1256/2213/14267459/1/Honda-CR_V-2025.jpg'},{url:'https://imagescdn.d2cmedia.ca/s8dd92ea3f4cec627cd2dfe386962d1256/2213/14267459/1/Honda-CR_V-2025.jpg'},{url:'https://imagescdn.d2cmedia.ca/cbdd92ea3f4cec627cd2dfe386962d1256/2213/14267459/2/Honda-CR_V-2025.jpg'},{url:'https://imagescdn.d2cmedia.ca/cbdd92ea3f4cec627cd2dfe386962d1256/2213/14267459/3/Honda-CR_V-2025.jpg'},{url:'https://imagescdn.d2cmedia.ca/cbdd92ea3f4cec627cd2dfe386962d1256/2213/14267459/4/Honda-CR_V-2025.jpg'},{url:'https://imagescdn.d2cmedia.ca/cbdd92ea3f4cec627cd2dfe386962d1256/2213/14267459/5/Honda-CR_V-2025.jpg'},{url:'https://imagescdn.d2cmedia.ca/cbdd92ea3f4cec627cd2dfe386962d1256/2213/14267459/6/Honda-CR_V-2025.jpg'},{url:'https://imagescdn.d2cmedia.ca/cbdd92ea3f4cec627cd2dfe386962d1256/2213/14267459/7/Honda-CR_V-2025.jpg'},{url:'https://imagescdn.d2cmedia.ca/cbdd92ea3f4cec627cd2dfe386962d1256/2213/14267459/8/Honda-CR_V-2025.jpg'},{url:'https://imagescdn.d2cmedia.ca/cbdd92ea3f4cec627cd2dfe386962d1256/2213/14267459/9/Honda-CR_V-2025.jpg'}]",72376,KM,https://www.maplehonda.com/used/2025-Honda-CR_V-id14267459.html,2025 Honda CR-V SPORT AWD at Maple Honda,35719 CAD,Used,Black,,2213,Maple Honda,+1-905-832-1202,"{addr1: '89 Auto Vaughan Dr.', city: 'Maple', region: 'Ontario', postal_code: 'L6A 4A1', country: 'CA'}",43.8590000000,-79.5370000000,,,,,https://www.maplehonda.com/privacy-policy.html,Used,2213,In stock,,35719 CAD,Free,
2HKRS4H76PH107173,2HKRS4H76PH107173,163926L,Honda,CR-V,EX-L AWD,2023,AUTOMATIC,SUV,GASOLINE,,"2023 Honda CR-V EX-L AWD, Black exterior","[{url:'https://imagescdn.d2cmedia.ca/cb3e713d016accdb531166a93d5c6dc127/2213/14448480/1/Honda-CR_V-2023.jpg'},{url:'https://imagescdn.d2cmedia.ca/s83e713d016accdb531166a93d5c6dc127/2213/14448480/1/Honda-CR_V-2023.jpg'},{url:'https://imagescdn.d2cmedia.ca/cb3e713d016accdb531166a93d5c6dc127/2213/14448480/2/Honda-CR_V-2023.jpg'},{url:'https://imagescdn.d2cmedia.ca/cb3e713d016accdb531166a93d5c6dc127/2213/14448480/3/Honda-CR_V-2023.jpg'},{url:'https://imagescdn.d2cmedia.ca/cb3e713d016accdb531166a93d5c6dc127/2213/14448480/4/Honda-CR_V-2023.jpg'}]",29495,KM,https://www.maplehonda.com/used/2023-Honda-CR_V-id14448480.html,2023 Honda CR-V EX-L AWD at Maple Honda,36995 CAD,Used,Black,,2213,Maple Honda,+1-905-832-1202,"{addr1: '89 Auto Vaughan Dr.', city: 'Maple', region: 'Ontario', postal_code: 'L6A 4A1', country: 'CA'}",43.8590000000,-79.5370000000,,,,,https://www.maplehonda.com/privacy-policy.html,Used,2213,In stock,,36995 CAD,Free,
2HKRS4H50SH103885,2HKRS4H50SH103885,134326L,Honda,CR-V,SPORT AWD,2025,AUTOMATIC,SUV,GASOLINE,,"2025 Honda CR-V SPORT AWD, Grey exterior","[{url:'https://imagescdn.d2cmedia.ca/cba4b79172d858da20a4d70f737f9eadb2/2213/14341500/1/Honda-CR_V-2025.jpg'},{url:'https://imagescdn.d2cmedia.ca/s8a4b79172d858da20a4d70f737f9eadb2/2213/14341500/1/Honda-CR_V-2025.jpg'},{url:'https://imagescdn.d2cmedia.ca/cba4b79172d858da20a4d70f737f9eadb2/2213/14341500/2/Honda-CR_V-2025.jpg'},{url:'https://imagescdn.d2cmedia.ca/cba4b79172d858da20a4d70f737f9eadb2/2213/14341500/3/Honda-CR_V-2025.jpg'},{url:'https://imagescdn.d2cmedia.ca/cba4b79172d858da20a4d70f737f9eadb2/2213/14341500/4/Honda-CR_V-2025.jpg'},{url:'https://imagescdn.d2cmedia.ca/cba4b79172d858da20a4d70f737f9eadb2/2213/14341500/5/Honda-CR_V-2025.jpg'},{url:'https://imagescdn.d2cmedia.ca/cba4b79172d858da20a4d70f737f9eadb2/2213/14341500/6/Honda-CR_V-2025.jpg'},{url:'https://imagescdn.d2cmedia.ca/cba4b79172d858da20a4d70f737f9eadb2/2213/14341500/7/Honda-CR_V-2025.jpg'},{url:'https://imagescdn.d2cmedia.ca/cba4b79172d858da20a4d70f737f9eadb2/2213/14341500/8/Honda-CR_V-2025.jpg'},{url:'https://imagescdn.d2cmedia.ca/cba4b79172d858da20a4d70f737f9eadb2/2213/14341500/9/Honda-CR_V-2025.jpg'}]",14608,KM,https://www.maplehonda.com/used/2025-Honda-CR_V-id14341500.html,2025 Honda CR-V SPORT AWD at Maple Honda,38995 CAD,Used,Grey,,2213,Maple Honda,+1-905-832-1202,"{addr1: '89 Auto Vaughan Dr.', city: 'Maple', region: 'Ontario', postal_code: 'L6A 4A1', country: 'CA'}",43.8590000000,-79.5370000000,,,,,https://www.maplehonda.com/privacy-policy.html,Used,2213,In stock,,38995 CAD,Free,
2HKRS4H75RH119138,2HKRS4H75RH119138,162326L,Honda,CR-V,EX-L AWD,2024,AUTOMATIC,SUV,GASOLINE,,"2024 Honda CR-V EX-L AWD, White exterior","[{url:'https://imagescdn.d2cmedia.ca/cb29fc77371493924e7fa3f05a17183a3b/2213/14462068/1/Honda-CR_V-2024.jpg'},{url:'https://imagescdn.d2cmedia.ca/s829fc77371493924e7fa3f05a17183a3b/2213/14462068/1/Honda-CR_V-2024.jpg'},{url:'https://imagescdn.d2cmedia.ca/cb29fc77371493924e7fa3f05a17183a3b/2213/14462068/2/Honda-CR_V-2024.jpg'},{url:'https://imagescdn.d2cmedia.ca/cb29fc77371493924e7fa3f05a17183a3b/2213/14462068/3/Honda-CR_V-2024.jpg'},{url:'https://imagescdn.d2cmedia.ca/cb29fc77371493924e7fa3f05a17183a3b/2213/14462068/4/Honda-CR_V-2024.jpg'}]",24495,KM,https://www.maplehonda.com/used/2024-Honda-CR_V-id14462068.html,2024 Honda CR-V EX-L AWD at Maple Honda,38995 CAD,Used,White,,2213,Maple Honda,+1-905-832-1202,"{addr1: '89 Auto Vaughan Dr.', city: 'Maple', region: 'Ontario', postal_code: 'L6A 4A1', country: 'CA'}",43.8590000000,-79.5370000000,,,,,https://www.maplehonda.com/privacy-policy.html,Used,2213,In stock,,38995 CAD,Free,
5FNRL6H83PB500161,5FNRL6H83PB500161,168826L,Honda,Odyssey,TOURING AUTO,2023,AUTOMATIC,SUV,GASOLINE,,"2023 Honda Odyssey TOURING AUTO, White exterior","[{url:'https://imagescdn.d2cmedia.ca/cb344f2e08aa4cd8f73bfdb88eb3f0d0a9/2213/14427294/1/Honda-Odyssey-2023.jpg'},{url:'https://imagescdn.d2cmedia.ca/s8344f2e08aa4cd8f73bfdb88eb3f0d0a9/2213/14427294/1/Honda-Odyssey-2023.jpg'},{url:'https://imagescdn.d2cmedia.ca/cb344f2e08aa4cd8f73bfdb88eb3f0d0a9/2213/14427294/2/Honda-Odyssey-2023.jpg'},{url:'https://imagescdn.d2cmedia.ca/cb344f2e08aa4cd8f73bfdb88eb3f0d0a9/2213/14427294/3/Honda-Odyssey-2023.jpg'},{url:'https://imagescdn.d2cmedia.ca/cb344f2e08aa4cd8f73bfdb88eb3f0d0a9/2213/14427294/4/Honda-Odyssey-2023.jpg'},{url:'https://imagescdn.d2cmedia.ca/cb344f2e08aa4cd8f73bfdb88eb3f0d0a9/2213/14427294/5/Honda-Odyssey-2023.jpg'},{url:'https://imagescdn.d2cmedia.ca/cb344f2e08aa4cd8f73bfdb88eb3f0d0a9/2213/14427294/6/Honda-Odyssey-2023.jpg'},{url:'https://imagescdn.d2cmedia.ca/cb344f2e08aa4cd8f73bfdb88eb3f0d0a9/2213/14427294/7/Honda-Odyssey-2023.jpg'},{url:'https://imagescdn.d2cmedia.ca/cb344f2e08aa4cd8f73bfdb88eb3f0d0a9/2213/14427294/8/Honda-Odyssey-2023.jpg'},{url:'https://imagescdn.d2cmedia.ca/cb344f2e08aa4cd8f73bfdb88eb3f0d0a9/2213/14427294/9/Honda-Odyssey-2023.jpg'}]",123430,KM,https://www.maplehonda.com/used/2023-Honda-Odyssey-id14427294.html,2023 Honda Odyssey TOURING AUTO at Maple Honda,38982 CAD,Used,White,,2213,Maple Honda,+1-905-832-1202,"{addr1: '89 Auto Vaughan Dr.', city: 'Maple', region: 'Ontario', postal_code: 'L6A 4A1', country: 'CA'}",43.8590000000,-79.5370000000,,,,,https://www.maplehonda.com/privacy-policy.html,Used,2213,In stock,,38982 CAD,Free,
5FNRL6H81PB501647,5FNRL6H81PB501647,139026L,Honda,Odyssey,TOURING AUTO,2023,AUTOMATIC,SUV,GASOLINE,,"2023 Honda Odyssey TOURING AUTO, Grey exterior","[{url:'https://imagescdn.d2cmedia.ca/cb43e18e8c97edf3432633281a1c8009c7/2213/14248601/1/Honda-Odyssey-2023.jpg'},{url:'https://imagescdn.d2cmedia.ca/s843e18e8c97edf3432633281a1c8009c7/2213/14248601/1/Honda-Odyssey-2023.jpg'},{url:'https://imagescdn.d2cmedia.ca/cb43e18e8c97edf3432633281a1c8009c7/2213/14248601/2/Honda-Odyssey-2023.jpg'},{url:'https://imagescdn.d2cmedia.ca/cb43e18e8c97edf3432633281a1c8009c7/2213/14248601/3/Honda-Odyssey-2023.jpg'},{url:'https://imagescdn.d2cmedia.ca/cb43e18e8c97edf3432633281a1c8009c7/2213/14248601/4/Honda-Odyssey-2023.jpg'},{url:'https://imagescdn.d2cmedia.ca/cb43e18e8c97edf3432633281a1c8009c7/2213/14248601/5/Honda-Odyssey-2023.jpg'},{url:'https://imagescdn.d2cmedia.ca/cb43e18e8c97edf3432633281a1c8009c7/2213/14248601/6/Honda-Odyssey-2023.jpg'},{url:'https://imagescdn.d2cmedia.ca/cb43e18e8c97edf3432633281a1c8009c7/2213/14248601/7/Honda-Odyssey-2023.jpg'},{url:'https://imagescdn.d2cmedia.ca/cb43e18e8c97edf3432633281a1c8009c7/2213/14248601/8/Honda-Odyssey-2023.jpg'},{url:'https://imagescdn.d2cmedia.ca/cb43e18e8c97edf3432633281a1c8009c7/2213/14248601/9/Honda-Odyssey-2023.jpg'}]",95966,KM,https://www.maplehonda.com/used/2023-Honda-Odyssey-id14248601.html,2023 Honda Odyssey TOURING AUTO at Maple Honda,40414 CAD,Used,Grey,,2213,Maple Honda,+1-905-832-1202,"{addr1: '89 Auto Vaughan Dr.', city: 'Maple', region: 'Ontario', postal_code: 'L6A 4A1', country: 'CA'}",43.8590000000,-79.5370000000,,,,,https://www.maplehonda.com/privacy-policy.html,Used,2213,In stock,,40414 CAD,Free,
5FNRL6H07PB500416,5FNRL6H07PB500416,U8799,Honda,Odyssey,BLACK EDITION AUTO,2023,AUTOMATIC,SUV,GASOLINE,,"2023 Honda Odyssey BLACK EDITION AUTO, Black exterior","[{url:'https://imagescdn.d2cmedia.ca/cbba30d098ed53839f635832680056357e/2213/14454853/1/Honda-Odyssey-2023.jpg'},{url:'https://imagescdn.d2cmedia.ca/s8ba30d098ed53839f635832680056357e/2213/14454853/1/Honda-Odyssey-2023.jpg'},{url:'https://imagescdn.d2cmedia.ca/cbba30d098ed53839f635832680056357e/2213/14454853/2/Honda-Odyssey-2023.jpg'},{url:'https://imagescdn.d2cmedia.ca/cbba30d098ed53839f635832680056357e/2213/14454853/3/Honda-Odyssey-2023.jpg'},{url:'https://imagescdn.d2cmedia.ca/cbba30d098ed53839f635832680056357e/2213/14454853/4/Honda-Odyssey-2023.jpg'}]",77167,KM,https://www.maplehonda.com/used/2023-Honda-Odyssey-id14454853.html,2023 Honda Odyssey BLACK EDITION AUTO at Maple Honda,43495 CAD,Used,Black,,2213,Maple Honda,+1-905-832-1202,"{addr1: '89 Auto Vaughan Dr.', city: 'Maple', region: 'Ontario', postal_code: 'L6A 4A1', country: 'CA'}",43.8590000000,-79.5370000000,,,,,https://www.maplehonda.com/privacy-policy.html,Used,2213,In stock,,43495 CAD,Free,
3CZRZ2H72PM101620,3CZRZ2H72PM101620,U8800,Honda,HR-V,EX-L NAVI AWD CVT,2023,AUTOMATIC,SUV,GASOLINE,,"2023 Honda HR-V EX-L NAVI AWD CVT, Silver exterior","[{url:'https://imagescdn.d2cmedia.ca/cbe3189fcc937bf42bdaf04a3d0d672af2/2213/14413966/1/Honda-HR_V-2023.jpg'},{url:'https://imagescdn.d2cmedia.ca/s8e3189fcc937bf42bdaf04a3d0d672af2/2213/14413966/1/Honda-HR_V-2023.jpg'},{url:'https://imagescdn.d2cmedia.ca/cbe3189fcc937bf42bdaf04a3d0d672af2/2213/14413966/2/Honda-HR_V-2023.jpg'},{url:'https://imagescdn.d2cmedia.ca/cbe3189fcc937bf42bdaf04a3d0d672af2/2213/14413966/3/Honda-HR_V-2023.jpg'},{url:'https://imagescdn.d2cmedia.ca/cbe3189fcc937bf42bdaf04a3d0d672af2/2213/14413966/4/Honda-HR_V-2023.jpg'},{url:'https://imagescdn.d2cmedia.ca/cbe3189fcc937bf42bdaf04a3d0d672af2/2213/14413966/5/Honda-HR_V-2023.jpg'},{url:'https://imagescdn.d2cmedia.ca/cbe3189fcc937bf42bdaf04a3d0d672af2/2213/14413966/6/Honda-HR_V-2023.jpg'},{url:'https://imagescdn.d2cmedia.ca/cbe3189fcc937bf42bdaf04a3d0d672af2/2213/14413966/7/Honda-HR_V-2023.jpg'},{url:'https://imagescdn.d2cmedia.ca/cbe3189fcc937bf42bdaf04a3d0d672af2/2213/14413966/8/Honda-HR_V-2023.jpg'},{url:'https://imagescdn.d2cmedia.ca/cbe3189fcc937bf42bdaf04a3d0d672af2/2213/14413966/9/Honda-HR_V-2023.jpg'}]",42364,KM,https://www.maplehonda.com/used/2023-Honda-HR_V-id14413966.html,2023 Honda HR-V EX-L NAVI AWD CVT at Maple Honda,31378 CAD,Used,Silver,,2213,Maple Honda,+1-905-832-1202,"{addr1: '89 Auto Vaughan Dr.', city: 'Maple', region: 'Ontario', postal_code: 'L6A 4A1', country: 'CA'}",43.8590000000,-79.5370000000,,,,,https://www.maplehonda.com/privacy-policy.html,Used,2213,In stock,,31378 CAD,Free,
3CZRZ2H39SM108585,3CZRZ2H39SM108585,010127L,Honda,HR-V,LX AWD CVT,2025,AUTOMATIC,SUV,GASOLINE,,"2025 Honda HR-V LX AWD CVT, Black exterior","[{url:'https://imagescdn.d2cmedia.ca/cb32ce848dcf10737dc3bfadbaa400bfcf/2213/14420103/1/Honda-HR_V-2025.jpg'},{url:'https://imagescdn.d2cmedia.ca/s832ce848dcf10737dc3bfadbaa400bfcf/2213/14420103/1/Honda-HR_V-2025.jpg'},{url:'https://imagescdn.d2cmedia.ca/cb32ce848dcf10737dc3bfadbaa400bfcf/2213/14420103/2/Honda-HR_V-2025.jpg'},{url:'https://imagescdn.d2cmedia.ca/cb32ce848dcf10737dc3bfadbaa400bfcf/2213/14420103/3/Honda-HR_V-2025.jpg'},{url:'https://imagescdn.d2cmedia.ca/cb32ce848dcf10737dc3bfadbaa400bfcf/2213/14420103/4/Honda-HR_V-2025.jpg'},{url:'https://imagescdn.d2cmedia.ca/cb32ce848dcf10737dc3bfadbaa400bfcf/2213/14420103/5/Honda-HR_V-2025.jpg'},{url:'https://imagescdn.d2cmedia.ca/cb32ce848dcf10737dc3bfadbaa400bfcf/2213/14420103/6/Honda-HR_V-2025.jpg'},{url:'https://imagescdn.d2cmedia.ca/cb32ce848dcf10737dc3bfadbaa400bfcf/2213/14420103/7/Honda-HR_V-2025.jpg'},{url:'https://imagescdn.d2cmedia.ca/cb32ce848dcf10737dc3bfadbaa400bfcf/2213/14420103/8/Honda-HR_V-2025.jpg'},{url:'https://imagescdn.d2cmedia.ca/cb32ce848dcf10737dc3bfadbaa400bfcf/2213/14420103/9/Honda-HR_V-2025.jpg'}]",27493,KM,https://www.maplehonda.com/used/2025-Honda-HR_V-id14420103.html,2025 Honda HR-V LX AWD CVT at Maple Honda,31995 CAD,Used,Black,,2213,Maple Honda,+1-905-832-1202,"{addr1: '89 Auto Vaughan Dr.', city: 'Maple', region: 'Ontario', postal_code: 'L6A 4A1', country: 'CA'}",43.8590000000,-79.5370000000,,,,,https://www.maplehonda.com/privacy-policy.html,Used,2213,In stock,,31995 CAD,Free,
3CZRZ2H79RM103867,3CZRZ2H79RM103867,U8792,Honda,HR-V,EX-L NAVI AWD CVT,2024,AUTOMATIC,SUV,GASOLINE,,"2024 Honda HR-V EX-L NAVI AWD CVT, Black exterior","[{url:'https://imagescdn.d2cmedia.ca/cb949765dc4526cbe155738e4b94eab7c9/2213/14365658/1/Honda-HR_V-2024.jpg'},{url:'https://imagescdn.d2cmedia.ca/s8949765dc4526cbe155738e4b94eab7c9/2213/14365658/1/Honda-HR_V-2024.jpg'},{url:'https://imagescdn.d2cmedia.ca/cb949765dc4526cbe155738e4b94eab7c9/2213/14365658/2/Honda-HR_V-2024.jpg'},{url:'https://imagescdn.d2cmedia.ca/cb949765dc4526cbe155738e4b94eab7c9/2213/14365658/3/Honda-HR_V-2024.jpg'},{url:'https://imagescdn.d2cmedia.ca/cb949765dc4526cbe155738e4b94eab7c9/2213/14365658/4/Honda-HR_V-2024.jpg'},{url:'https://imagescdn.d2cmedia.ca/cb949765dc4526cbe155738e4b94eab7c9/2213/14365658/5/Honda-HR_V-2024.jpg'},{url:'https://imagescdn.d2cmedia.ca/cb949765dc4526cbe155738e4b94eab7c9/2213/14365658/6/Honda-HR_V-2024.jpg'},{url:'https://imagescdn.d2cmedia.ca/cb949765dc4526cbe155738e4b94eab7c9/2213/14365658/7/Honda-HR_V-2024.jpg'},{url:'https://imagescdn.d2cmedia.ca/cb949765dc4526cbe155738e4b94eab7c9/2213/14365658/8/Honda-HR_V-2024.jpg'},{url:'https://imagescdn.d2cmedia.ca/cb949765dc4526cbe155738e4b94eab7c9/2213/14365658/9/Honda-HR_V-2024.jpg'}]",54108,KM,https://www.maplehonda.com/used/2024-Honda-HR_V-id14365658.html,2024 Honda HR-V EX-L NAVI AWD CVT at Maple Honda,32556 CAD,Used,Black,,2213,Maple Honda,+1-905-832-1202,"{addr1: '89 Auto Vaughan Dr.', city: 'Maple', region: 'Ontario', postal_code: 'L6A 4A1', country: 'CA'}",43.8590000000,-79.5370000000,,,,,https://www.maplehonda.com/privacy-policy.html,Used,2213,In stock,,32556 CAD,Free,
3CZRZ2H76SM100768,3CZRZ2H76SM100768,U8790,Honda,HR-V,EX-L NAVI AWD CVT,2025,AUTOMATIC,SUV,GASOLINE,,"2025 Honda HR-V EX-L NAVI AWD CVT, Black exterior","[{url:'https://imagescdn.d2cmedia.ca/cb79539d485922fdeabdb21619ef89acbd/2213/14348719/1/Honda-HR_V-2025.jpg'},{url:'https://imagescdn.d2cmedia.ca/s879539d485922fdeabdb21619ef89acbd/2213/14348719/1/Honda-HR_V-2025.jpg'},{url:'https://imagescdn.d2cmedia.ca/cb79539d485922fdeabdb21619ef89acbd/2213/14348719/2/Honda-HR_V-2025.jpg'},{url:'https://imagescdn.d2cmedia.ca/cb79539d485922fdeabdb21619ef89acbd/2213/14348719/3/Honda-HR_V-2025.jpg'},{url:'https://imagescdn.d2cmedia.ca/cb79539d485922fdeabdb21619ef89acbd/2213/14348719/4/Honda-HR_V-2025.jpg'},{url:'https://imagescdn.d2cmedia.ca/cb79539d485922fdeabdb21619ef89acbd/2213/14348719/5/Honda-HR_V-2025.jpg'},{url:'https://imagescdn.d2cmedia.ca/cb79539d485922fdeabdb21619ef89acbd/2213/14348719/6/Honda-HR_V-2025.jpg'},{url:'https://imagescdn.d2cmedia.ca/cb79539d485922fdeabdb21619ef89acbd/2213/14348719/7/Honda-HR_V-2025.jpg'},{url:'https://imagescdn.d2cmedia.ca/cb79539d485922fdeabdb21619ef89acbd/2213/14348719/8/Honda-HR_V-2025.jpg'},{url:'https://imagescdn.d2cmedia.ca/cb79539d485922fdeabdb21619ef89acbd/2213/14348719/9/Honda-HR_V-2025.jpg'}]",12475,KM,https://www.maplehonda.com/used/2025-Honda-HR_V-id14348719.html,2025 Honda HR-V EX-L NAVI AWD CVT at Maple Honda,35454 CAD,Used,Black,,2213,Maple Honda,+1-905-832-1202,"{addr1: '89 Auto Vaughan Dr.', city: 'Maple', region: 'Ontario', postal_code: 'L6A 4A1', country: 'CA'}",43.8590000000,-79.5370000000,,,,,https://www.maplehonda.com/privacy-policy.html,Used,2213,In stock,,35454 CAD,Free,
3CZRZ2H77SM113187,3CZRZ2H77SM113187,163426L,Honda,HR-V,EX-L NAVI AWD CVT,2025,AUTOMATIC,SUV,GASOLINE,,"2025 Honda HR-V EX-L NAVI AWD CVT, Grey exterior","[{url:'https://imagescdn.d2cmedia.ca/cb1ce9a4a73905e3db7d5219fd3b4f30f7/2213/14454852/1/Honda-HR_V-2025.jpg'},{url:'https://imagescdn.d2cmedia.ca/s81ce9a4a73905e3db7d5219fd3b4f30f7/2213/14454852/1/Honda-HR_V-2025.jpg'},{url:'https://imagescdn.d2cmedia.ca/cb1ce9a4a73905e3db7d5219fd3b4f30f7/2213/14454852/2/Honda-HR_V-2025.jpg'},{url:'https://imagescdn.d2cmedia.ca/cb1ce9a4a73905e3db7d5219fd3b4f30f7/2213/14454852/3/Honda-HR_V-2025.jpg'},{url:'https://imagescdn.d2cmedia.ca/cb1ce9a4a73905e3db7d5219fd3b4f30f7/2213/14454852/4/Honda-HR_V-2025.jpg'},{url:'https://imagescdn.d2cmedia.ca/cb1ce9a4a73905e3db7d5219fd3b4f30f7/2213/14454852/5/Honda-HR_V-2025.jpg'},{url:'https://imagescdn.d2cmedia.ca/cb1ce9a4a73905e3db7d5219fd3b4f30f7/2213/14454852/6/Honda-HR_V-2025.jpg'},{url:'https://imagescdn.d2cmedia.ca/cb1ce9a4a73905e3db7d5219fd3b4f30f7/2213/14454852/7/Honda-HR_V-2025.jpg'},{url:'https://imagescdn.d2cmedia.ca/cb1ce9a4a73905e3db7d5219fd3b4f30f7/2213/14454852/8/Honda-HR_V-2025.jpg'},{url:'https://imagescdn.d2cmedia.ca/cb1ce9a4a73905e3db7d5219fd3b4f30f7/2213/14454852/9/Honda-HR_V-2025.jpg'}]",34772,KM,https://www.maplehonda.com/used/2025-Honda-HR_V-id14454852.html,2025 Honda HR-V EX-L NAVI AWD CVT at Maple Honda,35495 CAD,Used,Grey,,2213,Maple Honda,+1-905-832-1202,"{addr1: '89 Auto Vaughan Dr.', city: 'Maple', region: 'Ontario', postal_code: 'L6A 4A1', country: 'CA'}",43.8590000000,-79.5370000000,,,,,https://www.maplehonda.com/privacy-policy.html,Used,2213,In stock,,35495 CAD,Free,
3CZRZ2H72TM102714,3CZRZ2H72TM102714,006127L,Honda,HR-V,EX-L AWD CVT,2026,AUTOMATIC,SUV,GASOLINE,AWD,"2026 Honda HR-V EX-L AWD CVT, Light gray exterior, All-wheel drive","[{url:'https://imagescdn.d2cmedia.ca/cb9abce9d1cbee40346138ddb324237535/2213/14287275/1/Honda-HR_V-2026.jpg'},{url:'https://imagescdn.d2cmedia.ca/s89abce9d1cbee40346138ddb324237535/2213/14287275/1/Honda-HR_V-2026.jpg'},{url:'https://imagescdn.d2cmedia.ca/cb9abce9d1cbee40346138ddb324237535/2213/14287275/2/Honda-HR_V-2026.jpg'},{url:'https://imagescdn.d2cmedia.ca/cb9abce9d1cbee40346138ddb324237535/2213/14287275/3/Honda-HR_V-2026.jpg'},{url:'https://imagescdn.d2cmedia.ca/cb9abce9d1cbee40346138ddb324237535/2213/14287275/4/Honda-HR_V-2026.jpg'},{url:'https://imagescdn.d2cmedia.ca/cb9abce9d1cbee40346138ddb324237535/2213/14287275/5/Honda-HR_V-2026.jpg'},{url:'https://imagescdn.d2cmedia.ca/cb9abce9d1cbee40346138ddb324237535/2213/14287275/6/Honda-HR_V-2026.jpg'},{url:'https://imagescdn.d2cmedia.ca/cb9abce9d1cbee40346138ddb324237535/2213/14287275/7/Honda-HR_V-2026.jpg'},{url:'https://imagescdn.d2cmedia.ca/cb9abce9d1cbee40346138ddb324237535/2213/14287275/8/Honda-HR_V-2026.jpg'},{url:'https://imagescdn.d2cmedia.ca/cb9abce9d1cbee40346138ddb324237535/2213/14287275/9/Honda-HR_V-2026.jpg'}]",15948,KM,https://www.maplehonda.com/used/2026-Honda-HR_V-id14287275.html,2026 Honda HR-V EX-L AWD CVT at Maple Honda,37995 CAD,Used,Light gray,Black,2213,Maple Honda,+1-905-832-1202,"{addr1: '89 Auto Vaughan Dr.', city: 'Maple', region: 'Ontario', postal_code: 'L6A 4A1', country: 'CA'}",43.8590000000,-79.5370000000,,,,,https://www.maplehonda.com/privacy-policy.html,Used,2213,In stock,,37995 CAD,Free,
5FNYF6H75NB501125,5FNYF6H75NB501125,166826L,Honda,Pilot,EX-L NAVI AWD,2022,AUTOMATIC,SUV,GASOLINE,,"2022 Honda Pilot EX-L NAVI AWD, Black exterior","[{url:'https://imagescdn.d2cmedia.ca/cb7e469595208421d1bc56b945ff31dcb7/2213/14420106/1/Honda-Pilot-2022.jpg'},{url:'https://imagescdn.d2cmedia.ca/s87e469595208421d1bc56b945ff31dcb7/2213/14420106/1/Honda-Pilot-2022.jpg'},{url:'https://imagescdn.d2cmedia.ca/cb7e469595208421d1bc56b945ff31dcb7/2213/14420106/2/Honda-Pilot-2022.jpg'},{url:'https://imagescdn.d2cmedia.ca/cb7e469595208421d1bc56b945ff31dcb7/2213/14420106/3/Honda-Pilot-2022.jpg'},{url:'https://imagescdn.d2cmedia.ca/cb7e469595208421d1bc56b945ff31dcb7/2213/14420106/4/Honda-Pilot-2022.jpg'}]",137486,KM,https://www.maplehonda.com/used/2022-Honda-Pilot-id14420106.html,2022 Honda Pilot EX-L NAVI AWD at Maple Honda,32551 CAD,Used,Black,,2213,Maple Honda,+1-905-832-1202,"{addr1: '89 Auto Vaughan Dr.', city: 'Maple', region: 'Ontario', postal_code: 'L6A 4A1', country: 'CA'}",43.8590000000,-79.5370000000,,,,,https://www.maplehonda.com/privacy-policy.html,Used,2213,In stock,,32551 CAD,Free,
5FNYF6H01NB505157,5FNYF6H01NB505157,U8791,Honda,Pilot,BLACK EDITION AWD,2022,AUTOMATIC,SUV,GASOLINE,,"2022 Honda Pilot BLACK EDITION AWD, White exterior","[{url:'https://imagescdn.d2cmedia.ca/cb786a629a85d95a8142732da33c1f5bfb/2213/14348720/1/Honda-Pilot-2022.jpg'},{url:'https://imagescdn.d2cmedia.ca/s8786a629a85d95a8142732da33c1f5bfb/2213/14348720/1/Honda-Pilot-2022.jpg'},{url:'https://imagescdn.d2cmedia.ca/cb786a629a85d95a8142732da33c1f5bfb/2213/14348720/2/Honda-Pilot-2022.jpg'},{url:'https://imagescdn.d2cmedia.ca/cb786a629a85d95a8142732da33c1f5bfb/2213/14348720/3/Honda-Pilot-2022.jpg'},{url:'https://imagescdn.d2cmedia.ca/cb786a629a85d95a8142732da33c1f5bfb/2213/14348720/4/Honda-Pilot-2022.jpg'},{url:'https://imagescdn.d2cmedia.ca/cb786a629a85d95a8142732da33c1f5bfb/2213/14348720/5/Honda-Pilot-2022.jpg'},{url:'https://imagescdn.d2cmedia.ca/cb786a629a85d95a8142732da33c1f5bfb/2213/14348720/6/Honda-Pilot-2022.jpg'},{url:'https://imagescdn.d2cmedia.ca/cb786a629a85d95a8142732da33c1f5bfb/2213/14348720/7/Honda-Pilot-2022.jpg'},{url:'https://imagescdn.d2cmedia.ca/cb786a629a85d95a8142732da33c1f5bfb/2213/14348720/8/Honda-Pilot-2022.jpg'},{url:'https://imagescdn.d2cmedia.ca/cb786a629a85d95a8142732da33c1f5bfb/2213/14348720/9/Honda-Pilot-2022.jpg'}]",79517,KM,https://www.maplehonda.com/used/2022-Honda-Pilot-id14348720.html,2022 Honda Pilot BLACK EDITION AWD at Maple Honda,38998 CAD,Used,White,,2213,Maple Honda,+1-905-832-1202,"{addr1: '89 Auto Vaughan Dr.', city: 'Maple', region: 'Ontario', postal_code: 'L6A 4A1', country: 'CA'}",43.8590000000,-79.5370000000,,,,,https://www.maplehonda.com/privacy-policy.html,Used,2213,In stock,,38998 CAD,Free,
5FNYF6H05NB506084,5FNYF6H05NB506084,156626A,Honda,Pilot,4DR AWD BLACK EDITIO,2022,AUTOMATIC,SUV,GASOLINE,,"2022 Honda Pilot 4DR AWD BLACK EDITIO, White exterior","[{url:'https://imagescdn.d2cmedia.ca/cb363bc77c9ae0d7b0b403cd15e0ea4669/2213/14469371/1/Honda-Pilot-2022.jpg'},{url:'https://imagescdn.d2cmedia.ca/s8363bc77c9ae0d7b0b403cd15e0ea4669/2213/14469371/1/Honda-Pilot-2022.jpg'},{url:'https://imagescdn.d2cmedia.ca/cb363bc77c9ae0d7b0b403cd15e0ea4669/2213/14469371/2/Honda-Pilot-2022.jpg'},{url:'https://imagescdn.d2cmedia.ca/cb363bc77c9ae0d7b0b403cd15e0ea4669/2213/14469371/3/Honda-Pilot-2022.jpg'},{url:'https://imagescdn.d2cmedia.ca/cb363bc77c9ae0d7b0b403cd15e0ea4669/2213/14469371/4/Honda-Pilot-2022.jpg'}]",91114,KM,https://www.maplehonda.com/used/2022-Honda-Pilot-id14469371.html,2022 Honda Pilot 4DR AWD BLACK EDITIO at Maple Honda,39395 CAD,CPO,White,,2213,Maple Honda,+1-905-832-1202,"{addr1: '89 Auto Vaughan Dr.', city: 'Maple', region: 'Ontario', postal_code: 'L6A 4A1', country: 'CA'}",43.8590000000,-79.5370000000,,,,,https://www.maplehonda.com/privacy-policy.html,CPO,2213,In stock,,39395 CAD,Free,
5FNYG1H88RB501294,5FNYG1H88RB501294,168926L,Honda,Pilot,BLACK EDITION AWD,2024,AUTOMATIC,SUV,GASOLINE,,"2024 Honda Pilot BLACK EDITION AWD, Black exterior","[{url:'https://imagescdn.d2cmedia.ca/cb0ef9393053ca65723a2babecf2954f13/2213/14490496/1/Honda-Pilot-2024.jpg'},{url:'https://imagescdn.d2cmedia.ca/s80ef9393053ca65723a2babecf2954f13/2213/14490496/1/Honda-Pilot-2024.jpg'},{url:'https://imagescdn.d2cmedia.ca/cb0ef9393053ca65723a2babecf2954f13/2213/14490496/2/Honda-Pilot-2024.jpg'},{url:'https://imagescdn.d2cmedia.ca/cb0ef9393053ca65723a2babecf2954f13/2213/14490496/3/Honda-Pilot-2024.jpg'},{url:'https://imagescdn.d2cmedia.ca/cb0ef9393053ca65723a2babecf2954f13/2213/14490496/4/Honda-Pilot-2024.jpg'}]",34667,KM,https://www.maplehonda.com/used/2024-Honda-Pilot-id14490496.html,2024 Honda Pilot BLACK EDITION AWD at Maple Honda,54495 CAD,Used,Black,,2213,Maple Honda,+1-905-832-1202,"{addr1: '89 Auto Vaughan Dr.', city: 'Maple', region: 'Ontario', postal_code: 'L6A 4A1', country: 'CA'}",43.8590000000,-79.5370000000,,,,,https://www.maplehonda.com/privacy-policy.html,Used,2213,In stock,,54495 CAD,Free,
3N1CK3CP2FL268533,3N1CK3CP2FL268533,146026A,Nissan,Micra,4DR HB AUTO SV,2015,AUTOMATIC,HATCHBACK,GASOLINE,,"2015 Nissan Micra 4DR HB AUTO SV, White exterior","[{url:'https://imagescdn.d2cmedia.ca/cb66a09372f6632afbaba67fd93519b95a/2213/14365655/1/Nissan-Micra-2015.jpg'},{url:'https://imagescdn.d2cmedia.ca/s866a09372f6632afbaba67fd93519b95a/2213/14365655/1/Nissan-Micra-2015.jpg'},{url:'https://imagescdn.d2cmedia.ca/cb66a09372f6632afbaba67fd93519b95a/2213/14365655/2/Nissan-Micra-2015.jpg'},{url:'https://imagescdn.d2cmedia.ca/cb66a09372f6632afbaba67fd93519b95a/2213/14365655/3/Nissan-Micra-2015.jpg'},{url:'https://imagescdn.d2cmedia.ca/cb66a09372f6632afbaba67fd93519b95a/2213/14365655/4/Nissan-Micra-2015.jpg'},{url:'https://imagescdn.d2cmedia.ca/cb66a09372f6632afbaba67fd93519b95a/2213/14365655/5/Nissan-Micra-2015.jpg'},{url:'https://imagescdn.d2cmedia.ca/cb66a09372f6632afbaba67fd93519b95a/2213/14365655/6/Nissan-Micra-2015.jpg'},{url:'https://imagescdn.d2cmedia.ca/cb66a09372f6632afbaba67fd93519b95a/2213/14365655/7/Nissan-Micra-2015.jpg'},{url:'https://imagescdn.d2cmedia.ca/cb66a09372f6632afbaba67fd93519b95a/2213/14365655/8/Nissan-Micra-2015.jpg'},{url:'https://imagescdn.d2cmedia.ca/cb66a09372f6632afbaba67fd93519b95a/2213/14365655/9/Nissan-Micra-2015.jpg'}]",196788,KM,https://www.maplehonda.com/used/2015-Nissan-Micra-id14365655.html,2015 Nissan Micra 4DR HB AUTO SV at Maple Honda,3269 CAD,Used,White,,2213,Maple Honda,+1-905-832-1202,"{addr1: '89 Auto Vaughan Dr.', city: 'Maple', region: 'Ontario', postal_code: 'L6A 4A1', country: 'CA'}",43.8590000000,-79.5370000000,,,,,https://www.maplehonda.com/privacy-policy.html,Used,2213,In stock,,3269 CAD,Free,
3VW217AU7FM099192,3VW217AU7FM099192,006927A,Volkswagen,Golf,5DR HB AT TSI TREND,2015,AUTOMATIC,HATCHBACK,GASOLINE,,"2015 Volkswagen Golf 5DR HB AT TSI TREND, Grey exterior","[{url:'https://imagescdn.d2cmedia.ca/cb2011afc3fae47358806c8dbef43a1269/2213/14328183/1/Volkswagen-Golf-2015.jpg'},{url:'https://imagescdn.d2cmedia.ca/s82011afc3fae47358806c8dbef43a1269/2213/14328183/1/Volkswagen-Golf-2015.jpg'},{url:'https://imagescdn.d2cmedia.ca/cb2011afc3fae47358806c8dbef43a1269/2213/14328183/2/Volkswagen-Golf-2015.jpg'},{url:'https://imagescdn.d2cmedia.ca/cb2011afc3fae47358806c8dbef43a1269/2213/14328183/3/Volkswagen-Golf-2015.jpg'},{url:'https://imagescdn.d2cmedia.ca/cb2011afc3fae47358806c8dbef43a1269/2213/14328183/4/Volkswagen-Golf-2015.jpg'},{url:'https://imagescdn.d2cmedia.ca/cb2011afc3fae47358806c8dbef43a1269/2213/14328183/5/Volkswagen-Golf-2015.jpg'},{url:'https://imagescdn.d2cmedia.ca/cb2011afc3fae47358806c8dbef43a1269/2213/14328183/6/Volkswagen-Golf-2015.jpg'},{url:'https://imagescdn.d2cmedia.ca/cb2011afc3fae47358806c8dbef43a1269/2213/14328183/7/Volkswagen-Golf-2015.jpg'},{url:'https://imagescdn.d2cmedia.ca/cb2011afc3fae47358806c8dbef43a1269/2213/14328183/8/Volkswagen-Golf-2015.jpg'},{url:'https://imagescdn.d2cmedia.ca/cb2011afc3fae47358806c8dbef43a1269/2213/14328183/9/Volkswagen-Golf-2015.jpg'}]",224600,KM,https://www.maplehonda.com/used/2015-Volkswagen-Golf-id14328183.html,2015 Volkswagen Golf 5DR HB AT TSI TREND at Maple Honda,4817 CAD,Used,Grey,,2213,Maple Honda,+1-905-832-1202,"{addr1: '89 Auto Vaughan Dr.', city: 'Maple', region: 'Ontario', postal_code: 'L6A 4A1', country: 'CA'}",43.8590000000,-79.5370000000,,,,,https://www.maplehonda.com/privacy-policy.html,Used,2213,In stock,,4817 CAD,Free,
1N4AL3AP3EC268738,1N4AL3AP3EC268738,152426A,Nissan,Altima,4DR SDN I4 CVT 2.5SV,2014,AUTOMATIC,SEDAN,GASOLINE,,"2014 Nissan Altima 4DR SDN I4 CVT 2.5SV, Brown exterior","[{url:'https://imagescdn.d2cmedia.ca/cb1842045f547ec27787458fb3e0310069/2213/14328188/1/Nissan-Altima-2014.jpg'},{url:'https://imagescdn.d2cmedia.ca/s81842045f547ec27787458fb3e0310069/2213/14328188/1/Nissan-Altima-2014.jpg'},{url:'https://imagescdn.d2cmedia.ca/cb1842045f547ec27787458fb3e0310069/2213/14328188/2/Nissan-Altima-2014.jpg'},{url:'https://imagescdn.d2cmedia.ca/cb1842045f547ec27787458fb3e0310069/2213/14328188/3/Nissan-Altima-2014.jpg'}]",100096,KM,https://www.maplehonda.com/used/2014-Nissan-Altima-id14328188.html,2014 Nissan Altima 4DR SDN I4 CVT 2.5SV at Maple Honda,6998 CAD,Used,Brown,,2213,Maple Honda,+1-905-832-1202,"{addr1: '89 Auto Vaughan Dr.', city: 'Maple', region: 'Ontario', postal_code: 'L6A 4A1', country: 'CA'}",43.8590000000,-79.5370000000,,,,,https://www.maplehonda.com/privacy-policy.html,Used,2213,In stock,,6998 CAD,Free,
5XYZUDLB3EG188532,5XYZUDLB3EG188532,006027A,Hyundai,Santa Fe Sport,4DR AWD 2.4L LUX,2014,AUTOMATIC,SUV,GASOLINE,,"2014 Hyundai Santa Fe Sport 4DR AWD 2.4L LUX, Silver exterior","[{url:'https://imagescdn.d2cmedia.ca/cbd92c2b48c2c01ccdcb3c3b13f4229f70/2213/14328181/1/Hyundai-Santa Fe Sport-2014.jpg'},{url:'https://imagescdn.d2cmedia.ca/s8d92c2b48c2c01ccdcb3c3b13f4229f70/2213/14328181/1/Hyundai-Santa_Fe_Sport-2014.jpg'},{url:'https://imagescdn.d2cmedia.ca/cbd92c2b48c2c01ccdcb3c3b13f4229f70/2213/14328181/1/Hyundai-Santa_Fe_Sport-2014.jpg'},{url:'https://imagescdn.d2cmedia.ca/cbd92c2b48c2c01ccdcb3c3b13f4229f70/2213/14328181/2/Hyundai-Santa_Fe_Sport-2014.jpg'},{url:'https://imagescdn.d2cmedia.ca/cbd92c2b48c2c01ccdcb3c3b13f4229f70/2213/14328181/3/Hyundai-Santa_Fe_Sport-2014.jpg'},{url:'https://imagescdn.d2cmedia.ca/cbd92c2b48c2c01ccdcb3c3b13f4229f70/2213/14328181/4/Hyundai-Santa_Fe_Sport-2014.jpg'},{url:'https://imagescdn.d2cmedia.ca/cbd92c2b48c2c01ccdcb3c3b13f4229f70/2213/14328181/5/Hyundai-Santa_Fe_Sport-2014.jpg'},{url:'https://imagescdn.d2cmedia.ca/cbd92c2b48c2c01ccdcb3c3b13f4229f70/2213/14328181/6/Hyundai-Santa_Fe_Sport-2014.jpg'},{url:'https://imagescdn.d2cmedia.ca/cbd92c2b48c2c01ccdcb3c3b13f4229f70/2213/14328181/7/Hyundai-Santa_Fe_Sport-2014.jpg'},{url:'https://imagescdn.d2cmedia.ca/cbd92c2b48c2c01ccdcb3c3b13f4229f70/2213/14328181/8/Hyundai-Santa_Fe_Sport-2014.jpg'}]",135500,KM,https://www.maplehonda.com/used/2014-Hyundai-Santa_Fe_Sport-id14328181.html,2014 Hyundai Santa Fe Sport 4DR AWD 2.4L LUX at Maple Honda,8352 CAD,Used,Silver,,2213,Maple Honda,+1-905-832-1202,"{addr1: '89 Auto Vaughan Dr.', city: 'Maple', region: 'Ontario', postal_code: 'L6A 4A1', country: 'CA'}",43.8590000000,-79.5370000000,,,,,https://www.maplehonda.com/privacy-policy.html,Used,2213,In stock,,8352 CAD,Free,
55SWF4KB2FU071059,55SWF4KB2FU071059,124326A,Mercedes-Benz,C-Class,4DR SDN C300 4MATIC,2015,AUTOMATIC,SEDAN,GASOLINE,,"2015 Mercedes-Benz C-Class 4DR SDN C300 4MATIC, Black exterior","[{url:'https://imagescdn.d2cmedia.ca/cb8dbf2e7dee32c3e53ee975d88b26f1b9/2213/14475502/1/Mercedes_Benz-C_Class-2015.jpg'},{url:'https://imagescdn.d2cmedia.ca/s88dbf2e7dee32c3e53ee975d88b26f1b9/2213/14475502/1/Mercedes_Benz-C_Class-2015.jpg'},{url:'https://imagescdn.d2cmedia.ca/cb8dbf2e7dee32c3e53ee975d88b26f1b9/2213/14475502/2/Mercedes_Benz-C_Class-2015.jpg'},{url:'https://imagescdn.d2cmedia.ca/cb8dbf2e7dee32c3e53ee975d88b26f1b9/2213/14475502/3/Mercedes_Benz-C_Class-2015.jpg'},{url:'https://imagescdn.d2cmedia.ca/cb8dbf2e7dee32c3e53ee975d88b26f1b9/2213/14475502/4/Mercedes_Benz-C_Class-2015.jpg'},{url:'https://imagescdn.d2cmedia.ca/cb8dbf2e7dee32c3e53ee975d88b26f1b9/2213/14475502/5/Mercedes_Benz-C_Class-2015.jpg'},{url:'https://imagescdn.d2cmedia.ca/cb8dbf2e7dee32c3e53ee975d88b26f1b9/2213/14475502/6/Mercedes_Benz-C_Class-2015.jpg'},{url:'https://imagescdn.d2cmedia.ca/cb8dbf2e7dee32c3e53ee975d88b26f1b9/2213/14475502/7/Mercedes_Benz-C_Class-2015.jpg'},{url:'https://imagescdn.d2cmedia.ca/cb8dbf2e7dee32c3e53ee975d88b26f1b9/2213/14475502/8/Mercedes_Benz-C_Class-2015.jpg'},{url:'https://imagescdn.d2cmedia.ca/cb8dbf2e7dee32c3e53ee975d88b26f1b9/2213/14475502/9/Mercedes_Benz-C_Class-2015.jpg'}]",201338,KM,https://www.maplehonda.com/used/2015-Mercedes_Benz-C_Class-id14475502.html,2015 Mercedes-Benz C-Class 4DR SDN C300 4MATIC at Maple Honda,9499 CAD,Used,Black,,2213,Maple Honda,+1-905-832-1202,"{addr1: '89 Auto Vaughan Dr.', city: 'Maple', region: 'Ontario', postal_code: 'L6A 4A1', country: 'CA'}",43.8590000000,-79.5370000000,,,,,https://www.maplehonda.com/privacy-policy.html,Used,2213,In stock,,9499 CAD,Free,
JM1BM1W35F1256920,JM1BM1W35F1256920,170126A,Mazda,Mazda3,4DR SDN MT GT,2015,AUTOMATIC,SEDAN,GASOLINE,,"2015 Mazda Mazda3 4DR SDN MT GT, Red exterior","[{url:'https://imagescdn.d2cmedia.ca/cb919941f9be1a3ba887555a295bd69044/2213/14469373/1/Mazda-Mazda3-2015.jpg'},{url:'https://imagescdn.d2cmedia.ca/s8919941f9be1a3ba887555a295bd69044/2213/14469373/1/Mazda-Mazda3-2015.jpg'},{url:'https://imagescdn.d2cmedia.ca/cb919941f9be1a3ba887555a295bd69044/2213/14469373/2/Mazda-Mazda3-2015.jpg'},{url:'https://imagescdn.d2cmedia.ca/cb919941f9be1a3ba887555a295bd69044/2213/14469373/3/Mazda-Mazda3-2015.jpg'},{url:'https://imagescdn.d2cmedia.ca/cb919941f9be1a3ba887555a295bd69044/2213/14469373/4/Mazda-Mazda3-2015.jpg'}]",162500,KM,https://www.maplehonda.com/used/2015-Mazda-Mazda3-id14469373.html,2015 Mazda Mazda3 4DR SDN MT GT at Maple Honda,10995 CAD,Used,Red,,2213,Maple Honda,+1-905-832-1202,"{addr1: '89 Auto Vaughan Dr.', city: 'Maple', region: 'Ontario', postal_code: 'L6A 4A1', country: 'CA'}",43.8590000000,-79.5370000000,,,,,https://www.maplehonda.com/privacy-policy.html,Used,2213,In stock,,10995 CAD,Free,
1C4RJFCM6FC716558,1C4RJFCM6FC716558,164526A,Jeep,Grand Cherokee,4DR 4WD OVERLAND,2015,AUTOMATIC,SUV,GASOLINE,,"2015 Jeep Grand Cherokee 4DR 4WD OVERLAND, Grey exterior","[{url:'https://imagescdn.d2cmedia.ca/cb5c2b254a12f32f26235308fc9401f639/2213/14328193/1/Jeep-Grand Cherokee-2015.jpg'},{url:'https://imagescdn.d2cmedia.ca/s85c2b254a12f32f26235308fc9401f639/2213/14328193/1/Jeep-Grand_Cherokee-2015.jpg'},{url:'https://imagescdn.d2cmedia.ca/cb5c2b254a12f32f26235308fc9401f639/2213/14328193/1/Jeep-Grand_Cherokee-2015.jpg'},{url:'https://imagescdn.d2cmedia.ca/cb5c2b254a12f32f26235308fc9401f639/2213/14328193/2/Jeep-Grand_Cherokee-2015.jpg'},{url:'https://imagescdn.d2cmedia.ca/cb5c2b254a12f32f26235308fc9401f639/2213/14328193/3/Jeep-Grand_Cherokee-2015.jpg'},{url:'https://imagescdn.d2cmedia.ca/cb5c2b254a12f32f26235308fc9401f639/2213/14328193/4/Jeep-Grand_Cherokee-2015.jpg'},{url:'https://imagescdn.d2cmedia.ca/cb5c2b254a12f32f26235308fc9401f639/2213/14328193/5/Jeep-Grand_Cherokee-2015.jpg'},{url:'https://imagescdn.d2cmedia.ca/cb5c2b254a12f32f26235308fc9401f639/2213/14328193/6/Jeep-Grand_Cherokee-2015.jpg'},{url:'https://imagescdn.d2cmedia.ca/cb5c2b254a12f32f26235308fc9401f639/2213/14328193/7/Jeep-Grand_Cherokee-2015.jpg'},{url:'https://imagescdn.d2cmedia.ca/cb5c2b254a12f32f26235308fc9401f639/2213/14328193/8/Jeep-Grand_Cherokee-2015.jpg'}]",145900,KM,https://www.maplehonda.com/used/2015-Jeep-Grand_Cherokee-id14328193.html,2015 Jeep Grand Cherokee 4DR 4WD OVERLAND at Maple Honda,12499 CAD,Used,Grey,,2213,Maple Honda,+1-905-832-1202,"{addr1: '89 Auto Vaughan Dr.', city: 'Maple', region: 'Ontario', postal_code: 'L6A 4A1', country: 'CA'}",43.8590000000,-79.5370000000,,,,,https://www.maplehonda.com/privacy-policy.html,Used,2213,In stock,,12499 CAD,Free,
JM1DKFC76K0404866,JM1DKFC76K0404866,161126LA,Mazda,CX-3,GS AUTO AWD,2019,AUTOMATIC,SUV,GASOLINE,,"2019 Mazda CX-3 GS AUTO AWD, White exterior","[{url:'https://imagescdn.d2cmedia.ca/cbf135aa24b859f99d33c6a5470513a64b/2213/14379912/1/Mazda-CX_3-2019.jpg'},{url:'https://imagescdn.d2cmedia.ca/s8f135aa24b859f99d33c6a5470513a64b/2213/14379912/1/Mazda-CX_3-2019.jpg'},{url:'https://imagescdn.d2cmedia.ca/cbf135aa24b859f99d33c6a5470513a64b/2213/14379912/2/Mazda-CX_3-2019.jpg'},{url:'https://imagescdn.d2cmedia.ca/cbf135aa24b859f99d33c6a5470513a64b/2213/14379912/3/Mazda-CX_3-2019.jpg'},{url:'https://imagescdn.d2cmedia.ca/cbf135aa24b859f99d33c6a5470513a64b/2213/14379912/4/Mazda-CX_3-2019.jpg'},{url:'https://imagescdn.d2cmedia.ca/cbf135aa24b859f99d33c6a5470513a64b/2213/14379912/5/Mazda-CX_3-2019.jpg'},{url:'https://imagescdn.d2cmedia.ca/cbf135aa24b859f99d33c6a5470513a64b/2213/14379912/6/Mazda-CX_3-2019.jpg'},{url:'https://imagescdn.d2cmedia.ca/cbf135aa24b859f99d33c6a5470513a64b/2213/14379912/7/Mazda-CX_3-2019.jpg'},{url:'https://imagescdn.d2cmedia.ca/cbf135aa24b859f99d33c6a5470513a64b/2213/14379912/8/Mazda-CX_3-2019.jpg'},{url:'https://imagescdn.d2cmedia.ca/cbf135aa24b859f99d33c6a5470513a64b/2213/14379912/9/Mazda-CX_3-2019.jpg'}]",172916,KM,https://www.maplehonda.com/used/2019-Mazda-CX_3-id14379912.html,2019 Mazda CX-3 GS AUTO AWD at Maple Honda,12836 CAD,Used,White,,2213,Maple Honda,+1-905-832-1202,"{addr1: '89 Auto Vaughan Dr.', city: 'Maple', region: 'Ontario', postal_code: 'L6A 4A1', country: 'CA'}",43.8590000000,-79.5370000000,,,,,https://www.maplehonda.com/privacy-policy.html,Used,2213,In stock,,12836 CAD,Free,
3MZBM1V70FM126239,3MZBM1V70FM126239,108626A,Mazda,Mazda3,4DR SDN AUTO GS,2015,AUTOMATIC,SEDAN,GASOLINE,,"2015 Mazda Mazda3 4DR SDN AUTO GS, Grey exterior","[{url:'https://imagescdn.d2cmedia.ca/cbc89e967697c63c95dc718ab313fe4494/2213/14454845/1/Mazda-Mazda3-2015.jpg'},{url:'https://imagescdn.d2cmedia.ca/s8c89e967697c63c95dc718ab313fe4494/2213/14454845/1/Mazda-Mazda3-2015.jpg'},{url:'https://imagescdn.d2cmedia.ca/cbc89e967697c63c95dc718ab313fe4494/2213/14454845/2/Mazda-Mazda3-2015.jpg'},{url:'https://imagescdn.d2cmedia.ca/cbc89e967697c63c95dc718ab313fe4494/2213/14454845/3/Mazda-Mazda3-2015.jpg'},{url:'https://imagescdn.d2cmedia.ca/cbc89e967697c63c95dc718ab313fe4494/2213/14454845/4/Mazda-Mazda3-2015.jpg'}]",98643,KM,https://www.maplehonda.com/used/2015-Mazda-Mazda3-id14454845.html,2015 Mazda Mazda3 4DR SDN AUTO GS at Maple Honda,13995 CAD,Used,Grey,,2213,Maple Honda,+1-905-832-1202,"{addr1: '89 Auto Vaughan Dr.', city: 'Maple', region: 'Ontario', postal_code: 'L6A 4A1', country: 'CA'}",43.8590000000,-79.5370000000,,,,,https://www.maplehonda.com/privacy-policy.html,Used,2213,In stock,,13995 CAD,Free,
3VWCB7BU2LM007322,3VWCB7BU2LM007322,151726A,Volkswagen,Jetta,4DR SDN COMFORT AT,2020,AUTOMATIC,SEDAN,GASOLINE,,"2020 Volkswagen Jetta 4DR SDN COMFORT AT, White exterior","[{url:'https://imagescdn.d2cmedia.ca/cbcb1659c5d6fc1404e60873b3f8444a79/2213/14305214/1/Volkswagen-Jetta-2020.jpg'},{url:'https://imagescdn.d2cmedia.ca/s8cb1659c5d6fc1404e60873b3f8444a79/2213/14305214/1/Volkswagen-Jetta-2020.jpg'},{url:'https://imagescdn.d2cmedia.ca/cbcb1659c5d6fc1404e60873b3f8444a79/2213/14305214/2/Volkswagen-Jetta-2020.jpg'},{url:'https://imagescdn.d2cmedia.ca/cbcb1659c5d6fc1404e60873b3f8444a79/2213/14305214/3/Volkswagen-Jetta-2020.jpg'},{url:'https://imagescdn.d2cmedia.ca/cbcb1659c5d6fc1404e60873b3f8444a79/2213/14305214/4/Volkswagen-Jetta-2020.jpg'},{url:'https://imagescdn.d2cmedia.ca/cbcb1659c5d6fc1404e60873b3f8444a79/2213/14305214/5/Volkswagen-Jetta-2020.jpg'},{url:'https://imagescdn.d2cmedia.ca/cbcb1659c5d6fc1404e60873b3f8444a79/2213/14305214/6/Volkswagen-Jetta-2020.jpg'},{url:'https://imagescdn.d2cmedia.ca/cbcb1659c5d6fc1404e60873b3f8444a79/2213/14305214/7/Volkswagen-Jetta-2020.jpg'},{url:'https://imagescdn.d2cmedia.ca/cbcb1659c5d6fc1404e60873b3f8444a79/2213/14305214/8/Volkswagen-Jetta-2020.jpg'},{url:'https://imagescdn.d2cmedia.ca/cbcb1659c5d6fc1404e60873b3f8444a79/2213/14305214/9/Volkswagen-Jetta-2020.jpg'}]",120057,KM,https://www.maplehonda.com/used/2020-Volkswagen-Jetta-id14305214.html,2020 Volkswagen Jetta 4DR SDN COMFORT AT at Maple Honda,15489 CAD,Used,White,,2213,Maple Honda,+1-905-832-1202,"{addr1: '89 Auto Vaughan Dr.', city: 'Maple', region: 'Ontario', postal_code: 'L6A 4A1', country: 'CA'}",43.8590000000,-79.5370000000,,,,,https://www.maplehonda.com/privacy-policy.html,Used,2213,In stock,,15489 CAD,Free,
JM1GL1VY0J1317508,JM1GL1VY0J1317508,140326A,Mazda,Mazda6,4DR SDN GS-L TRBO AT,2018,AUTOMATIC,SEDAN,GASOLINE,,"2018 Mazda Mazda6 4DR SDN GS-L TRBO AT, Grey exterior","[{url:'https://imagescdn.d2cmedia.ca/cb5c75bdb38f5b4d74771ae29c52741e30/2213/14359927/1/Mazda-Mazda6-2018.jpg'},{url:'https://imagescdn.d2cmedia.ca/s85c75bdb38f5b4d74771ae29c52741e30/2213/14359927/1/Mazda-Mazda6-2018.jpg'},{url:'https://imagescdn.d2cmedia.ca/cb5c75bdb38f5b4d74771ae29c52741e30/2213/14359927/2/Mazda-Mazda6-2018.jpg'},{url:'https://imagescdn.d2cmedia.ca/cb5c75bdb38f5b4d74771ae29c52741e30/2213/14359927/3/Mazda-Mazda6-2018.jpg'},{url:'https://imagescdn.d2cmedia.ca/cb5c75bdb38f5b4d74771ae29c52741e30/2213/14359927/4/Mazda-Mazda6-2018.jpg'},{url:'https://imagescdn.d2cmedia.ca/cb5c75bdb38f5b4d74771ae29c52741e30/2213/14359927/5/Mazda-Mazda6-2018.jpg'},{url:'https://imagescdn.d2cmedia.ca/cb5c75bdb38f5b4d74771ae29c52741e30/2213/14359927/6/Mazda-Mazda6-2018.jpg'},{url:'https://imagescdn.d2cmedia.ca/cb5c75bdb38f5b4d74771ae29c52741e30/2213/14359927/7/Mazda-Mazda6-2018.jpg'},{url:'https://imagescdn.d2cmedia.ca/cb5c75bdb38f5b4d74771ae29c52741e30/2213/14359927/8/Mazda-Mazda6-2018.jpg'},{url:'https://imagescdn.d2cmedia.ca/cb5c75bdb38f5b4d74771ae29c52741e30/2213/14359927/9/Mazda-Mazda6-2018.jpg'}]",135219,KM,https://www.maplehonda.com/used/2018-Mazda-Mazda6-id14359927.html,2018 Mazda Mazda6 4DR SDN GS-L TRBO AT at Maple Honda,17602 CAD,Used,Grey,,2213,Maple Honda,+1-905-832-1202,"{addr1: '89 Auto Vaughan Dr.', city: 'Maple', region: 'Ontario', postal_code: 'L6A 4A1', country: 'CA'}",43.8590000000,-79.5370000000,,,,,https://www.maplehonda.com/privacy-policy.html,Used,2213,In stock,,17602 CAD,Free,
2T3ZFREV5GW283886,2T3ZFREV5GW283886,136526A,Toyota,RAV4,4DR SUV FWD LE,2016,AUTOMATIC,SUV,GASOLINE,,"2016 Toyota RAV4 4DR SUV FWD LE, White exterior","[{url:'https://imagescdn.d2cmedia.ca/cbfefab53deb0b25dcb9fef17277bd1168/2213/14454847/1/Toyota-RAV4-2016.jpg'},{url:'https://imagescdn.d2cmedia.ca/s8fefab53deb0b25dcb9fef17277bd1168/2213/14454847/1/Toyota-RAV4-2016.jpg'},{url:'https://imagescdn.d2cmedia.ca/cbfefab53deb0b25dcb9fef17277bd1168/2213/14454847/2/Toyota-RAV4-2016.jpg'},{url:'https://imagescdn.d2cmedia.ca/cbfefab53deb0b25dcb9fef17277bd1168/2213/14454847/3/Toyota-RAV4-2016.jpg'},{url:'https://imagescdn.d2cmedia.ca/cbfefab53deb0b25dcb9fef17277bd1168/2213/14454847/4/Toyota-RAV4-2016.jpg'}]",128270,KM,https://www.maplehonda.com/used/2016-Toyota-RAV4-id14454847.html,2016 Toyota RAV4 4DR SUV FWD LE at Maple Honda,17995 CAD,Used,White,,2213,Maple Honda,+1-905-832-1202,"{addr1: '89 Auto Vaughan Dr.', city: 'Maple', region: 'Ontario', postal_code: 'L6A 4A1', country: 'CA'}",43.8590000000,-79.5370000000,,,,,https://www.maplehonda.com/privacy-policy.html,Used,2213,In stock,,17995 CAD,Free,
2HKRS6H78RH221349,2HKRS6H78RH221349,153826L,Honda,CR-V Hybrid,EX-L AWD,2024,AUTOMATIC,SUV,HYBRID,,"2024 Honda CR-V Hybrid EX-L AWD, Black exterior","[{url:'https://imagescdn.d2cmedia.ca/cb6b3563c8ede5ea6db05a7dfe099f3a07/2213/14341501/1/Honda-CR_V Hybrid-2024.jpg'},{url:'https://imagescdn.d2cmedia.ca/s86b3563c8ede5ea6db05a7dfe099f3a07/2213/14341501/1/Honda-CR_V_Hybrid-2024.jpg'},{url:'https://imagescdn.d2cmedia.ca/cb6b3563c8ede5ea6db05a7dfe099f3a07/2213/14341501/1/Honda-CR_V_Hybrid-2024.jpg'},{url:'https://imagescdn.d2cmedia.ca/cb6b3563c8ede5ea6db05a7dfe099f3a07/2213/14341501/2/Honda-CR_V_Hybrid-2024.jpg'},{url:'https://imagescdn.d2cmedia.ca/cb6b3563c8ede5ea6db05a7dfe099f3a07/2213/14341501/3/Honda-CR_V_Hybrid-2024.jpg'},{url:'https://imagescdn.d2cmedia.ca/cb6b3563c8ede5ea6db05a7dfe099f3a07/2213/14341501/4/Honda-CR_V_Hybrid-2024.jpg'},{url:'https://imagescdn.d2cmedia.ca/cb6b3563c8ede5ea6db05a7dfe099f3a07/2213/14341501/5/Honda-CR_V_Hybrid-2024.jpg'},{url:'https://imagescdn.d2cmedia.ca/cb6b3563c8ede5ea6db05a7dfe099f3a07/2213/14341501/6/Honda-CR_V_Hybrid-2024.jpg'},{url:'https://imagescdn.d2cmedia.ca/cb6b3563c8ede5ea6db05a7dfe099f3a07/2213/14341501/7/Honda-CR_V_Hybrid-2024.jpg'},{url:'https://imagescdn.d2cmedia.ca/cb6b3563c8ede5ea6db05a7dfe099f3a07/2213/14341501/8/Honda-CR_V_Hybrid-2024.jpg'}]",44393,KM,https://www.maplehonda.com/used/2024-Honda-CR_V_Hybrid-id14341501.html,2024 Honda CR-V Hybrid EX-L AWD at Maple Honda,36964 CAD,Used,Black,,2213,Maple Honda,+1-905-832-1202,"{addr1: '89 Auto Vaughan Dr.', city: 'Maple', region: 'Ontario', postal_code: 'L6A 4A1', country: 'CA'}",43.8590000000,-79.5370000000,,,,,https://www.maplehonda.com/privacy-policy.html,Used,2213,In stock,,36964 CAD,Free,
2HKRS6H99RH208661,2HKRS6H99RH208661,150526L,Honda,CR-V Hybrid,TOURING AWD,2024,AUTOMATIC,SUV,HYBRID,,"2024 Honda CR-V Hybrid TOURING AWD, Red exterior","[{url:'https://imagescdn.d2cmedia.ca/cb5d71b5a4cd9d0df64442a58fa08f73fd/2213/14433013/1/Honda-CR_V Hybrid-2024.jpg'},{url:'https://imagescdn.d2cmedia.ca/s85d71b5a4cd9d0df64442a58fa08f73fd/2213/14433013/1/Honda-CR_V_Hybrid-2024.jpg'},{url:'https://imagescdn.d2cmedia.ca/cb5d71b5a4cd9d0df64442a58fa08f73fd/2213/14433013/1/Honda-CR_V_Hybrid-2024.jpg'},{url:'https://imagescdn.d2cmedia.ca/cb5d71b5a4cd9d0df64442a58fa08f73fd/2213/14433013/2/Honda-CR_V_Hybrid-2024.jpg'},{url:'https://imagescdn.d2cmedia.ca/cb5d71b5a4cd9d0df64442a58fa08f73fd/2213/14433013/3/Honda-CR_V_Hybrid-2024.jpg'},{url:'https://imagescdn.d2cmedia.ca/cb5d71b5a4cd9d0df64442a58fa08f73fd/2213/14433013/4/Honda-CR_V_Hybrid-2024.jpg'},{url:'https://imagescdn.d2cmedia.ca/cb5d71b5a4cd9d0df64442a58fa08f73fd/2213/14433013/5/Honda-CR_V_Hybrid-2024.jpg'},{url:'https://imagescdn.d2cmedia.ca/cb5d71b5a4cd9d0df64442a58fa08f73fd/2213/14433013/6/Honda-CR_V_Hybrid-2024.jpg'},{url:'https://imagescdn.d2cmedia.ca/cb5d71b5a4cd9d0df64442a58fa08f73fd/2213/14433013/7/Honda-CR_V_Hybrid-2024.jpg'},{url:'https://imagescdn.d2cmedia.ca/cb5d71b5a4cd9d0df64442a58fa08f73fd/2213/14433013/8/Honda-CR_V_Hybrid-2024.jpg'}]",109568,KM,https://www.maplehonda.com/used/2024-Honda-CR_V_Hybrid-id14433013.html,2024 Honda CR-V Hybrid TOURING AWD at Maple Honda,37675 CAD,Used,Red,,2213,Maple Honda,+1-905-832-1202,"{addr1: '89 Auto Vaughan Dr.', city: 'Maple', region: 'Ontario', postal_code: 'L6A 4A1', country: 'CA'}",43.8590000000,-79.5370000000,,,,,https://www.maplehonda.com/privacy-policy.html,Used,2213,In stock,,37675 CAD,Free,
2HKRS6H7XRH214161,2HKRS6H7XRH214161,160426L,Honda,CR-V Hybrid,EX-L AWD,2024,AUTOMATIC,SUV,HYBRID,,"2024 Honda CR-V Hybrid EX-L AWD, White exterior","[{url:'https://imagescdn.d2cmedia.ca/cbc0667c7ef1b58caac2d728997609bc41/2213/14454850/1/Honda-CR_V Hybrid-2024.jpg'},{url:'https://imagescdn.d2cmedia.ca/s8c0667c7ef1b58caac2d728997609bc41/2213/14454850/1/Honda-CR_V_Hybrid-2024.jpg'},{url:'https://imagescdn.d2cmedia.ca/cbc0667c7ef1b58caac2d728997609bc41/2213/14454850/1/Honda-CR_V_Hybrid-2024.jpg'},{url:'https://imagescdn.d2cmedia.ca/cbc0667c7ef1b58caac2d728997609bc41/2213/14454850/2/Honda-CR_V_Hybrid-2024.jpg'},{url:'https://imagescdn.d2cmedia.ca/cbc0667c7ef1b58caac2d728997609bc41/2213/14454850/3/Honda-CR_V_Hybrid-2024.jpg'},{url:'https://imagescdn.d2cmedia.ca/cbc0667c7ef1b58caac2d728997609bc41/2213/14454850/4/Honda-CR_V_Hybrid-2024.jpg'},{url:'https://imagescdn.d2cmedia.ca/cbc0667c7ef1b58caac2d728997609bc41/2213/14454850/5/Honda-CR_V_Hybrid-2024.jpg'},{url:'https://imagescdn.d2cmedia.ca/cbc0667c7ef1b58caac2d728997609bc41/2213/14454850/6/Honda-CR_V_Hybrid-2024.jpg'},{url:'https://imagescdn.d2cmedia.ca/cbc0667c7ef1b58caac2d728997609bc41/2213/14454850/7/Honda-CR_V_Hybrid-2024.jpg'},{url:'https://imagescdn.d2cmedia.ca/cbc0667c7ef1b58caac2d728997609bc41/2213/14454850/8/Honda-CR_V_Hybrid-2024.jpg'}]",52026,KM,https://www.maplehonda.com/used/2024-Honda-CR_V_Hybrid-id14454850.html,2024 Honda CR-V Hybrid EX-L AWD at Maple Honda,39695 CAD,Used,White,,2213,Maple Honda,+1-905-832-1202,"{addr1: '89 Auto Vaughan Dr.', city: 'Maple', region: 'Ontario', postal_code: 'L6A 4A1', country: 'CA'}",43.8590000000,-79.5370000000,,,,,https://www.maplehonda.com/privacy-policy.html,Used,2213,In stock,,39695 CAD,Free,
2HKRS6H94PH204627,2HKRS6H94PH204627,171226L,Honda,CR-V Hybrid,TOURING AWD,2023,AUTOMATIC,SUV,HYBRID,,"2023 Honda CR-V Hybrid TOURING AWD, Silver exterior","[{url:'https://imagescdn.d2cmedia.ca/cbfe07a0f3a4f1d946a0d525112e50531d/2213/14485549/1/Honda-CR_V Hybrid-2023.jpg'},{url:'https://imagescdn.d2cmedia.ca/s8fe07a0f3a4f1d946a0d525112e50531d/2213/14485549/1/Honda-CR_V_Hybrid-2023.jpg'},{url:'https://imagescdn.d2cmedia.ca/cbfe07a0f3a4f1d946a0d525112e50531d/2213/14485549/1/Honda-CR_V_Hybrid-2023.jpg'},{url:'https://imagescdn.d2cmedia.ca/cbfe07a0f3a4f1d946a0d525112e50531d/2213/14485549/2/Honda-CR_V_Hybrid-2023.jpg'},{url:'https://imagescdn.d2cmedia.ca/cbfe07a0f3a4f1d946a0d525112e50531d/2213/14485549/3/Honda-CR_V_Hybrid-2023.jpg'},{url:'https://imagescdn.d2cmedia.ca/cbfe07a0f3a4f1d946a0d525112e50531d/2213/14485549/4/Honda-CR_V_Hybrid-2023.jpg'}]",45876,KM,https://www.maplehonda.com/used/2023-Honda-CR_V_Hybrid-id14485549.html,2023 Honda CR-V Hybrid TOURING AWD at Maple Honda,39995 CAD,Used,Silver,,2213,Maple Honda,+1-905-832-1202,"{addr1: '89 Auto Vaughan Dr.', city: 'Maple', region: 'Ontario', postal_code: 'L6A 4A1', country: 'CA'}",43.8590000000,-79.5370000000,,,,,https://www.maplehonda.com/privacy-policy.html,Used,2213,In stock,,39995 CAD,Free,
2HKRS6H91RH212977,2HKRS6H91RH212977,U8803,Honda,CR-V Hybrid,TOURING AWD,2024,AUTOMATIC,SUV,HYBRID,,"2024 Honda CR-V Hybrid TOURING AWD, Black exterior","[{url:'https://imagescdn.d2cmedia.ca/cb4bb533b056c0dce3a1f749d75411b7ca/2213/14439658/1/Honda-CR_V Hybrid-2024.jpg'},{url:'https://imagescdn.d2cmedia.ca/s84bb533b056c0dce3a1f749d75411b7ca/2213/14439658/1/Honda-CR_V_Hybrid-2024.jpg'},{url:'https://imagescdn.d2cmedia.ca/cb4bb533b056c0dce3a1f749d75411b7ca/2213/14439658/1/Honda-CR_V_Hybrid-2024.jpg'},{url:'https://imagescdn.d2cmedia.ca/cb4bb533b056c0dce3a1f749d75411b7ca/2213/14439658/2/Honda-CR_V_Hybrid-2024.jpg'},{url:'https://imagescdn.d2cmedia.ca/cb4bb533b056c0dce3a1f749d75411b7ca/2213/14439658/3/Honda-CR_V_Hybrid-2024.jpg'},{url:'https://imagescdn.d2cmedia.ca/cb4bb533b056c0dce3a1f749d75411b7ca/2213/14439658/4/Honda-CR_V_Hybrid-2024.jpg'},{url:'https://imagescdn.d2cmedia.ca/cb4bb533b056c0dce3a1f749d75411b7ca/2213/14439658/5/Honda-CR_V_Hybrid-2024.jpg'},{url:'https://imagescdn.d2cmedia.ca/cb4bb533b056c0dce3a1f749d75411b7ca/2213/14439658/6/Honda-CR_V_Hybrid-2024.jpg'},{url:'https://imagescdn.d2cmedia.ca/cb4bb533b056c0dce3a1f749d75411b7ca/2213/14439658/7/Honda-CR_V_Hybrid-2024.jpg'},{url:'https://imagescdn.d2cmedia.ca/cb4bb533b056c0dce3a1f749d75411b7ca/2213/14439658/8/Honda-CR_V_Hybrid-2024.jpg'}]",62940,KM,https://www.maplehonda.com/used/2024-Honda-CR_V_Hybrid-id14439658.html,2024 Honda CR-V Hybrid TOURING AWD at Maple Honda,40887 CAD,Used,Black,,2213,Maple Honda,+1-905-832-1202,"{addr1: '89 Auto Vaughan Dr.', city: 'Maple', region: 'Ontario', postal_code: 'L6A 4A1', country: 'CA'}",43.8590000000,-79.5370000000,,,,,https://www.maplehonda.com/privacy-policy.html,Used,2213,In stock,,40887 CAD,Free,
2HKRS6H67TH201723,2HKRS6H67TH201723,164926L,Honda,CR-V Hybrid,TRAILSPORT AWD,2026,AUTOMATIC,SUV,HYBRID,,"2026 Honda CR-V Hybrid TRAILSPORT AWD, White exterior","[{url:'https://imagescdn.d2cmedia.ca/cb3643ecb5c951bec0a5fba67a5996dafe/2213/14379913/1/Honda-CR_V Hybrid-2026.jpg'},{url:'https://imagescdn.d2cmedia.ca/s83643ecb5c951bec0a5fba67a5996dafe/2213/14379913/1/Honda-CR_V_Hybrid-2026.jpg'},{url:'https://imagescdn.d2cmedia.ca/cb3643ecb5c951bec0a5fba67a5996dafe/2213/14379913/1/Honda-CR_V_Hybrid-2026.jpg'},{url:'https://imagescdn.d2cmedia.ca/cb3643ecb5c951bec0a5fba67a5996dafe/2213/14379913/2/Honda-CR_V_Hybrid-2026.jpg'},{url:'https://imagescdn.d2cmedia.ca/cb3643ecb5c951bec0a5fba67a5996dafe/2213/14379913/3/Honda-CR_V_Hybrid-2026.jpg'},{url:'https://imagescdn.d2cmedia.ca/cb3643ecb5c951bec0a5fba67a5996dafe/2213/14379913/4/Honda-CR_V_Hybrid-2026.jpg'},{url:'https://imagescdn.d2cmedia.ca/cb3643ecb5c951bec0a5fba67a5996dafe/2213/14379913/5/Honda-CR_V_Hybrid-2026.jpg'},{url:'https://imagescdn.d2cmedia.ca/cb3643ecb5c951bec0a5fba67a5996dafe/2213/14379913/6/Honda-CR_V_Hybrid-2026.jpg'},{url:'https://imagescdn.d2cmedia.ca/cb3643ecb5c951bec0a5fba67a5996dafe/2213/14379913/7/Honda-CR_V_Hybrid-2026.jpg'},{url:'https://imagescdn.d2cmedia.ca/cb3643ecb5c951bec0a5fba67a5996dafe/2213/14379913/8/Honda-CR_V_Hybrid-2026.jpg'}]",17944,KM,https://www.maplehonda.com/used/2026-Honda-CR_V_Hybrid-id14379913.html,2026 Honda CR-V Hybrid TRAILSPORT AWD at Maple Honda,46997 CAD,Used,White,,2213,Maple Honda,+1-905-832-1202,"{addr1: '89 Auto Vaughan Dr.', city: 'Maple', region: 'Ontario', postal_code: 'L6A 4A1', country: 'CA'}",43.8590000000,-79.5370000000,,,,,https://www.maplehonda.com/privacy-policy.html,Used,2213,In stock,,46997 CAD,Free,
KM8JCCA13NU054943,KM8JCCA13NU054943,161026A,Hyundai,Tucson Hybrid,LUXURY,2022,AUTOMATIC,SUV,GASOLINE,,"2022 Hyundai Tucson Hybrid LUXURY, Red exterior","[{url:'https://imagescdn.d2cmedia.ca/cbef1e11a82644726e19fa431801fbe2d2/2213/14365657/1/Hyundai-Tucson Hybrid-2022.jpg'},{url:'https://imagescdn.d2cmedia.ca/s8ef1e11a82644726e19fa431801fbe2d2/2213/14365657/1/Hyundai-Tucson_Hybrid-2022.jpg'},{url:'https://imagescdn.d2cmedia.ca/cbef1e11a82644726e19fa431801fbe2d2/2213/14365657/1/Hyundai-Tucson_Hybrid-2022.jpg'},{url:'https://imagescdn.d2cmedia.ca/cbef1e11a82644726e19fa431801fbe2d2/2213/14365657/2/Hyundai-Tucson_Hybrid-2022.jpg'},{url:'https://imagescdn.d2cmedia.ca/cbef1e11a82644726e19fa431801fbe2d2/2213/14365657/3/Hyundai-Tucson_Hybrid-2022.jpg'},{url:'https://imagescdn.d2cmedia.ca/cbef1e11a82644726e19fa431801fbe2d2/2213/14365657/4/Hyundai-Tucson_Hybrid-2022.jpg'}]",59392,KM,https://www.maplehonda.com/used/2022-Hyundai-Tucson_Hybrid-id14365657.html,2022 Hyundai Tucson Hybrid LUXURY at Maple Honda,28623 CAD,Used,Red,,2213,Maple Honda,+1-905-832-1202,"{addr1: '89 Auto Vaughan Dr.', city: 'Maple', region: 'Ontario', postal_code: 'L6A 4A1', country: 'CA'}",43.8590000000,-79.5370000000,,,,,https://www.maplehonda.com/privacy-policy.html,Used,2213,In stock,,28623 CAD,Free,
5FNYF8H24MB502944,5FNYF8H24MB502944,159426L,Honda,Passport,SPORT AWD,2021,AUTOMATIC,SUV,GASOLINE,,"2021 Honda Passport SPORT AWD, Black exterior","[{url:'https://imagescdn.d2cmedia.ca/cbc09bc7724ca4afe00eeb8b14f715e1b6/2213/14439655/1/Honda-Passport-2021.jpg'},{url:'https://imagescdn.d2cmedia.ca/s8c09bc7724ca4afe00eeb8b14f715e1b6/2213/14439655/1/Honda-Passport-2021.jpg'},{url:'https://imagescdn.d2cmedia.ca/cbc09bc7724ca4afe00eeb8b14f715e1b6/2213/14439655/2/Honda-Passport-2021.jpg'},{url:'https://imagescdn.d2cmedia.ca/cbc09bc7724ca4afe00eeb8b14f715e1b6/2213/14439655/3/Honda-Passport-2021.jpg'},{url:'https://imagescdn.d2cmedia.ca/cbc09bc7724ca4afe00eeb8b14f715e1b6/2213/14439655/4/Honda-Passport-2021.jpg'}]",87727,KM,https://www.maplehonda.com/used/2021-Honda-Passport-id14439655.html,2021 Honda Passport SPORT AWD at Maple Honda,31809 CAD,Used,Black,,2213,Maple Honda,+1-905-832-1202,"{addr1: '89 Auto Vaughan Dr.', city: 'Maple', region: 'Ontario', postal_code: 'L6A 4A1', country: 'CA'}",43.8590000000,-79.5370000000,,,,,https://www.maplehonda.com/privacy-policy.html,Used,2213,In stock,,31809 CAD,Free,
5FNYF8H65RB500646,5FNYF8H65RB500646,137326L,Honda,Passport,TRAILSPORT AWD,2024,AUTOMATIC,SUV,GASOLINE,,"2024 Honda Passport TRAILSPORT AWD, Black exterior","[{url:'https://imagescdn.d2cmedia.ca/cb5676dea65e15fb395caa701b53bf73c3/2213/14167709/1/Honda-Passport-2024.jpg'},{url:'https://imagescdn.d2cmedia.ca/s85676dea65e15fb395caa701b53bf73c3/2213/14167709/1/Honda-Passport-2024.jpg'},{url:'https://imagescdn.d2cmedia.ca/cb5676dea65e15fb395caa701b53bf73c3/2213/14167709/2/Honda-Passport-2024.jpg'},{url:'https://imagescdn.d2cmedia.ca/cb5676dea65e15fb395caa701b53bf73c3/2213/14167709/3/Honda-Passport-2024.jpg'},{url:'https://imagescdn.d2cmedia.ca/cb5676dea65e15fb395caa701b53bf73c3/2213/14167709/4/Honda-Passport-2024.jpg'},{url:'https://imagescdn.d2cmedia.ca/cb5676dea65e15fb395caa701b53bf73c3/2213/14167709/5/Honda-Passport-2024.jpg'},{url:'https://imagescdn.d2cmedia.ca/cb5676dea65e15fb395caa701b53bf73c3/2213/14167709/6/Honda-Passport-2024.jpg'},{url:'https://imagescdn.d2cmedia.ca/cb5676dea65e15fb395caa701b53bf73c3/2213/14167709/7/Honda-Passport-2024.jpg'},{url:'https://imagescdn.d2cmedia.ca/cb5676dea65e15fb395caa701b53bf73c3/2213/14167709/8/Honda-Passport-2024.jpg'},{url:'https://imagescdn.d2cmedia.ca/cb5676dea65e15fb395caa701b53bf73c3/2213/14167709/9/Honda-Passport-2024.jpg'}]",97955,KM,https://www.maplehonda.com/used/2024-Honda-Passport-id14167709.html,2024 Honda Passport TRAILSPORT AWD at Maple Honda,39993 CAD,CPO,Black,,2213,Maple Honda,+1-905-832-1202,"{addr1: '89 Auto Vaughan Dr.', city: 'Maple', region: 'Ontario', postal_code: 'L6A 4A1', country: 'CA'}",43.8590000000,-79.5370000000,,,,,https://www.maplehonda.com/privacy-policy.html,CPO,2213,In stock,,39993 CAD,Free,
5FNYF8H64RB500394,5FNYF8H64RB500394,150926L,Honda,Passport,TRAILSPORT AWD,2024,AUTOMATIC,SUV,GASOLINE,,"2024 Honda Passport TRAILSPORT AWD, White exterior","[{url:'https://imagescdn.d2cmedia.ca/cbfa07642199f7c2d62f92e13ee96c2f61/2213/14475503/1/Honda-Passport-2024.jpg'},{url:'https://imagescdn.d2cmedia.ca/s8fa07642199f7c2d62f92e13ee96c2f61/2213/14475503/1/Honda-Passport-2024.jpg'},{url:'https://imagescdn.d2cmedia.ca/cbfa07642199f7c2d62f92e13ee96c2f61/2213/14475503/2/Honda-Passport-2024.jpg'},{url:'https://imagescdn.d2cmedia.ca/cbfa07642199f7c2d62f92e13ee96c2f61/2213/14475503/3/Honda-Passport-2024.jpg'},{url:'https://imagescdn.d2cmedia.ca/cbfa07642199f7c2d62f92e13ee96c2f61/2213/14475503/4/Honda-Passport-2024.jpg'}]",36125,KM,https://www.maplehonda.com/used/2024-Honda-Passport-id14475503.html,2024 Honda Passport TRAILSPORT AWD at Maple Honda,46495 CAD,Used,White,,2213,Maple Honda,+1-905-832-1202,"{addr1: '89 Auto Vaughan Dr.', city: 'Maple', region: 'Ontario', postal_code: 'L6A 4A1', country: 'CA'}",43.8590000000,-79.5370000000,,,,,https://www.maplehonda.com/privacy-policy.html,Used,2213,In stock,,46495 CAD,Free,
JHMFL5G44SX800204,JHMFL5G44SX800204,169426A,Honda,Civic Type R,MANUAL,2025,MANUAL,SEDAN,GASOLINE,,"2025 Honda Civic Type R MANUAL, White exterior","[{url:'https://imagescdn.d2cmedia.ca/cbc5b1c827cd60b4b816e538baad5b11b6/2213/14439656/1/Honda-Civic Type R-2025.jpg'},{url:'https://imagescdn.d2cmedia.ca/s8c5b1c827cd60b4b816e538baad5b11b6/2213/14439656/1/Honda-Civic_Type_R-2025.jpg'},{url:'https://imagescdn.d2cmedia.ca/cbc5b1c827cd60b4b816e538baad5b11b6/2213/14439656/1/Honda-Civic_Type_R-2025.jpg'},{url:'https://imagescdn.d2cmedia.ca/cbc5b1c827cd60b4b816e538baad5b11b6/2213/14439656/2/Honda-Civic_Type_R-2025.jpg'},{url:'https://imagescdn.d2cmedia.ca/cbc5b1c827cd60b4b816e538baad5b11b6/2213/14439656/3/Honda-Civic_Type_R-2025.jpg'},{url:'https://imagescdn.d2cmedia.ca/cbc5b1c827cd60b4b816e538baad5b11b6/2213/14439656/4/Honda-Civic_Type_R-2025.jpg'},{url:'https://imagescdn.d2cmedia.ca/cbc5b1c827cd60b4b816e538baad5b11b6/2213/14439656/5/Honda-Civic_Type_R-2025.jpg'},{url:'https://imagescdn.d2cmedia.ca/cbc5b1c827cd60b4b816e538baad5b11b6/2213/14439656/6/Honda-Civic_Type_R-2025.jpg'},{url:'https://imagescdn.d2cmedia.ca/cbc5b1c827cd60b4b816e538baad5b11b6/2213/14439656/7/Honda-Civic_Type_R-2025.jpg'},{url:'https://imagescdn.d2cmedia.ca/cbc5b1c827cd60b4b816e538baad5b11b6/2213/14439656/8/Honda-Civic_Type_R-2025.jpg'}]",6804,KM,https://www.maplehonda.com/used/2025-Honda-Civic_Type_R-id14439656.html,2025 Honda Civic Type R MANUAL at Maple Honda,66995 CAD,Used,White,,2213,Maple Honda,+1-905-832-1202,"{addr1: '89 Auto Vaughan Dr.', city: 'Maple', region: 'Ontario', postal_code: 'L6A 4A1', country: 'CA'}",43.8590000000,-79.5370000000,,,,,https://www.maplehonda.com/privacy-policy.html,Used,2213,In stock,,66995 CAD,Free,
5FPYK3F17MB502016,5FPYK3F17MB502016,147926L,Honda,Ridgeline,SPORT AWD,2021,AUTOMATIC,TRUCK,GASOLINE,,"2021 Honda Ridgeline SPORT AWD, Black exterior","[{url:'https://imagescdn.d2cmedia.ca/cb1e47cc93d7bd020c8bb4efd69e533593/2213/14405021/1/Honda-Ridgeline-2021.jpg'},{url:'https://imagescdn.d2cmedia.ca/s81e47cc93d7bd020c8bb4efd69e533593/2213/14405021/1/Honda-Ridgeline-2021.jpg'},{url:'https://imagescdn.d2cmedia.ca/cb1e47cc93d7bd020c8bb4efd69e533593/2213/14405021/2/Honda-Ridgeline-2021.jpg'},{url:'https://imagescdn.d2cmedia.ca/cb1e47cc93d7bd020c8bb4efd69e533593/2213/14405021/3/Honda-Ridgeline-2021.jpg'},{url:'https://imagescdn.d2cmedia.ca/cb1e47cc93d7bd020c8bb4efd69e533593/2213/14405021/4/Honda-Ridgeline-2021.jpg'}]",95967,KM,https://www.maplehonda.com/used/2021-Honda-Ridgeline-id14405021.html,2021 Honda Ridgeline SPORT AWD at Maple Honda,34688 CAD,Used,Black,,2213,Maple Honda,+1-905-832-1202,"{addr1: '89 Auto Vaughan Dr.', city: 'Maple', region: 'Ontario', postal_code: 'L6A 4A1', country: 'CA'}",43.8590000000,-79.5370000000,,,,,https://www.maplehonda.com/privacy-policy.html,Used,2213,In stock,,34688 CAD,Free,
5J8YE1H06RL801088,5J8YE1H06RL801088,166126L,Acura,MDX,A-SPEC SH-AWD,2024,AUTOMATIC,SUV,GASOLINE,,"2024 Acura MDX A-SPEC SH-AWD, Black exterior","[{url:'https://imagescdn.d2cmedia.ca/cbd54f4224c0b6492f31e93408dd9d108a/2213/14354504/1/Acura-MDX-2024.jpg'},{url:'https://imagescdn.d2cmedia.ca/s8d54f4224c0b6492f31e93408dd9d108a/2213/14354504/1/Acura-MDX-2024.jpg'},{url:'https://imagescdn.d2cmedia.ca/cbd54f4224c0b6492f31e93408dd9d108a/2213/14354504/2/Acura-MDX-2024.jpg'},{url:'https://imagescdn.d2cmedia.ca/cbd54f4224c0b6492f31e93408dd9d108a/2213/14354504/3/Acura-MDX-2024.jpg'},{url:'https://imagescdn.d2cmedia.ca/cbd54f4224c0b6492f31e93408dd9d108a/2213/14354504/4/Acura-MDX-2024.jpg'},{url:'https://imagescdn.d2cmedia.ca/cbd54f4224c0b6492f31e93408dd9d108a/2213/14354504/5/Acura-MDX-2024.jpg'},{url:'https://imagescdn.d2cmedia.ca/cbd54f4224c0b6492f31e93408dd9d108a/2213/14354504/6/Acura-MDX-2024.jpg'},{url:'https://imagescdn.d2cmedia.ca/cbd54f4224c0b6492f31e93408dd9d108a/2213/14354504/7/Acura-MDX-2024.jpg'},{url:'https://imagescdn.d2cmedia.ca/cbd54f4224c0b6492f31e93408dd9d108a/2213/14354504/8/Acura-MDX-2024.jpg'},{url:'https://imagescdn.d2cmedia.ca/cbd54f4224c0b6492f31e93408dd9d108a/2213/14354504/9/Acura-MDX-2024.jpg'}]",62762,KM,https://www.maplehonda.com/used/2024-Acura-MDX-id14354504.html,2024 Acura MDX A-SPEC SH-AWD at Maple Honda,48995 CAD,Used,Black,,2213,Maple Honda,+1-905-832-1202,"{addr1: '89 Auto Vaughan Dr.', city: 'Maple', region: 'Ontario', postal_code: 'L6A 4A1', country: 'CA'}",43.8590000000,-79.5370000000,,,,,https://www.maplehonda.com/privacy-policy.html,Used,2213,In stock,,48995 CAD,Free,
WA1WAAF73JD044547,WA1WAAF73JD044547,010527A,Audi,Q7,3.0 TFSI QUATTRO TEC,2018,AUTOMATIC,SUV,GASOLINE,,"2018 Audi Q7 3.0 TFSI QUATTRO TEC, Silver exterior","[{url:'https://imagescdn.d2cmedia.ca/cbc93c9712667f336fea363ddd81d11467/2213/14454844/1/Audi-Q7-2018.jpg'},{url:'https://imagescdn.d2cmedia.ca/s8c93c9712667f336fea363ddd81d11467/2213/14454844/1/Audi-Q7-2018.jpg'},{url:'https://imagescdn.d2cmedia.ca/cbc93c9712667f336fea363ddd81d11467/2213/14454844/2/Audi-Q7-2018.jpg'},{url:'https://imagescdn.d2cmedia.ca/cbc93c9712667f336fea363ddd81d11467/2213/14454844/3/Audi-Q7-2018.jpg'},{url:'https://imagescdn.d2cmedia.ca/cbc93c9712667f336fea363ddd81d11467/2213/14454844/4/Audi-Q7-2018.jpg'},{url:'https://imagescdn.d2cmedia.ca/cbc93c9712667f336fea363ddd81d11467/2213/14454844/5/Audi-Q7-2018.jpg'},{url:'https://imagescdn.d2cmedia.ca/cbc93c9712667f336fea363ddd81d11467/2213/14454844/6/Audi-Q7-2018.jpg'},{url:'https://imagescdn.d2cmedia.ca/cbc93c9712667f336fea363ddd81d11467/2213/14454844/7/Audi-Q7-2018.jpg'},{url:'https://imagescdn.d2cmedia.ca/cbc93c9712667f336fea363ddd81d11467/2213/14454844/8/Audi-Q7-2018.jpg'},{url:'https://imagescdn.d2cmedia.ca/cbc93c9712667f336fea363ddd81d11467/2213/14454844/9/Audi-Q7-2018.jpg'}]",96871,KM,https://www.maplehonda.com/used/2018-Audi-Q7-id14454844.html,2018 Audi Q7 3.0 TFSI QUATTRO TEC at Maple Honda,24995 CAD,Used,Silver,,2213,Maple Honda,+1-905-832-1202,"{addr1: '89 Auto Vaughan Dr.', city: 'Maple', region: 'Ontario', postal_code: 'L6A 4A1', country: 'CA'}",43.8590000000,-79.5370000000,,,,,https://www.maplehonda.com/privacy-policy.html,Used,2213,In stock,,24995 CAD,Free,
3VV2B7AX8NM154940,3VV2B7AX8NM154940,169626A,Volkswagen,Tiguan,COMFORTLINE 4MOTION,2022,AUTOMATIC,SUV,GASOLINE,,"2022 Volkswagen Tiguan COMFORTLINE 4MOTION, White exterior","[{url:'https://imagescdn.d2cmedia.ca/cb94c3d38a5c622098907d16060930c530/2213/14439657/1/Volkswagen-Tiguan-2022.jpg'},{url:'https://imagescdn.d2cmedia.ca/s894c3d38a5c622098907d16060930c530/2213/14439657/1/Volkswagen-Tiguan-2022.jpg'},{url:'https://imagescdn.d2cmedia.ca/cb94c3d38a5c622098907d16060930c530/2213/14439657/2/Volkswagen-Tiguan-2022.jpg'},{url:'https://imagescdn.d2cmedia.ca/cb94c3d38a5c622098907d16060930c530/2213/14439657/3/Volkswagen-Tiguan-2022.jpg'},{url:'https://imagescdn.d2cmedia.ca/cb94c3d38a5c622098907d16060930c530/2213/14439657/4/Volkswagen-Tiguan-2022.jpg'},{url:'https://imagescdn.d2cmedia.ca/cb94c3d38a5c622098907d16060930c530/2213/14439657/5/Volkswagen-Tiguan-2022.jpg'},{url:'https://imagescdn.d2cmedia.ca/cb94c3d38a5c622098907d16060930c530/2213/14439657/6/Volkswagen-Tiguan-2022.jpg'},{url:'https://imagescdn.d2cmedia.ca/cb94c3d38a5c622098907d16060930c530/2213/14439657/7/Volkswagen-Tiguan-2022.jpg'},{url:'https://imagescdn.d2cmedia.ca/cb94c3d38a5c622098907d16060930c530/2213/14439657/8/Volkswagen-Tiguan-2022.jpg'},{url:'https://imagescdn.d2cmedia.ca/cb94c3d38a5c622098907d16060930c530/2213/14439657/9/Volkswagen-Tiguan-2022.jpg'}]",66481,KM,https://www.maplehonda.com/used/2022-Volkswagen-Tiguan-id14439657.html,2022 Volkswagen Tiguan COMFORTLINE 4MOTION at Maple Honda,24845 CAD,Used,White,,2213,Maple Honda,+1-905-832-1202,"{addr1: '89 Auto Vaughan Dr.', city: 'Maple', region: 'Ontario', postal_code: 'L6A 4A1', country: 'CA'}",43.8590000000,-79.5370000000,,,,,https://www.maplehonda.com/privacy-policy.html,Used,2213,In stock,,24845 CAD,Free,
2HKRS4H56TH113418,2HKRS4H56TH113418,116026-demo,Honda,CR-V,SPORT 4WD,2026,AUTOMATIC,SUV,GASOLINE,,"2026 Honda CR-V SPORT 4WD, White exterior","[{url:'https://imagescdn.d2cmedia.ca/cb2351ee9de1bce9583350a814459beff5/2213/13774263/1/Honda-CR_V-2026.jpg'},{url:'https://imagescdn.d2cmedia.ca/s82351ee9de1bce9583350a814459beff5/2213/13774263/1/Honda-CR_V-2026.jpg'},{url:'https://imagescdn.d2cmedia.ca/cb2351ee9de1bce9583350a814459beff5/2213/13774263/2/Honda-CR_V-2026.jpg'},{url:'https://imagescdn.d2cmedia.ca/cb2351ee9de1bce9583350a814459beff5/2213/13774263/3/Honda-CR_V-2026.jpg'},{url:'https://imagescdn.d2cmedia.ca/cb2351ee9de1bce9583350a814459beff5/2213/13774263/4/Honda-CR_V-2026.jpg'},{url:'https://imagescdn.d2cmedia.ca/cb2351ee9de1bce9583350a814459beff5/2213/13774263/5/Honda-CR_V-2026.jpg'},{url:'https://imagescdn.d2cmedia.ca/cb2351ee9de1bce9583350a814459beff5/2213/13774263/6/Honda-CR_V-2026.jpg'},{url:'https://imagescdn.d2cmedia.ca/cb2351ee9de1bce9583350a814459beff5/2213/13774263/7/Honda-CR_V-2026.jpg'},{url:'https://imagescdn.d2cmedia.ca/cb2351ee9de1bce9583350a814459beff5/2213/13774263/8/Honda-CR_V-2026.jpg'},{url:'https://imagescdn.d2cmedia.ca/cb2351ee9de1bce9583350a814459beff5/2213/13774263/9/Honda-CR_V-2026.jpg'}]",50,KM,https://www.maplehonda.com/demos/2026-Honda-CR_V-id13774263.html,2026 Honda CR-V SPORT 4WD at Maple Honda,47161 CAD,Used,White,,2213,Maple Honda,+1-905-832-1202,"{addr1: '89 Auto Vaughan Dr.', city: 'Maple', region: 'Ontario', postal_code: 'L6A 4A1', country: 'CA'}",43.8590000000,-79.5370000000,,,,,https://www.maplehonda.com/privacy-policy.html,Used,2213,In stock,,47161 CAD,Free,
5FNYF9H83TB507593,5FNYF9H83TB507593,144926-demo,Honda,Passport,T/S TOUR BO,2026,AUTOMATIC,SUV,GASOLINE,,"2026 Honda Passport T/S TOUR BO, Charcoal exterior","[{url:'https://carimages.d2cmedia.ca/newcarimages/en/cb6ac7b4b4bf741/Honda/Passport/2026/1200/477732-VC9TIFRPVVIgQk8/Gray/front45.png'},{url:'https://carimages.d2cmedia.ca/newcarimages/en/cb6ac7b4b4bf741/Honda/Passport/2026/1280/477732/grey/front_45_degree.png'},{url:'https://carimages.d2cmedia.ca/newcarimages/en/cb6ac7b4b4bf741/Honda/Passport/2026/2100/477732/grey/front_45_degree.png'},{url:'https://carimages.d2cmedia.ca/newcarimages/en/cb6ac7b4b4bf741/Honda/Passport/2026/2100/477732/grey/profile.png'},{url:'https://carimages.d2cmedia.ca/newcarimages/en/cb6ac7b4b4bf741/Honda/Passport/2026/2100/477732/grey/back_45_degree.png'},{url:'https://carimages.d2cmedia.ca/newcarimages/en/cb6ac7b4b4bf741/Honda/Passport/2026/2100/477732/grey/driver_dashboard.png'},{url:'https://carimages.d2cmedia.ca/newcarimages/en/cb6ac7b4b4bf741/Honda/Passport/2026/2100/477732/grey/full_dashboard.png'},{url:'https://carimages.d2cmedia.ca/newcarimages/en/cb6ac7b4b4bf741/Honda/Passport/2026/2100/477732/grey/interior_driver_open_seat.png'},{url:'https://carimages.d2cmedia.ca/newcarimages/en/cb6ac7b4b4bf741/Honda/Passport/2026/2100/477732/grey/interior_driver_stereo.png'},{url:'https://carimages.d2cmedia.ca/newcarimages/en/cb6ac7b4b4bf741/Honda/Passport/2026/2100/477732/grey/interior_driver_reat_seats.png'}]",50,KM,https://www.maplehonda.com/demos/2026-Honda-Passport-id14093201.html,2026 Honda Passport T/S TOUR BO at Maple Honda,65538 CAD,Used,Charcoal,,2213,Maple Honda,+1-905-832-1202,"{addr1: '89 Auto Vaughan Dr.', city: 'Maple', region: 'Ontario', postal_code: 'L6A 4A1', country: 'CA'}",43.8590000000,-79.5370000000,,,,,https://www.maplehonda.com/privacy-policy.html,Used,2213,In stock,,65538 CAD,Free,
2HKRS6H99VH203678,2HKRS6H99VH203678,011527-new,Honda,CR-V,TOURING HYB 4WD,2027,AUTOMATIC,SUV,GASOLINE,,"2027 Honda CR-V TOURING HYB 4WD, Blue exterior","[{url:'https://carimages.d2cmedia.ca/newcarimages/en/cb6ac7b4b4bf741/Honda/CR-V Hybrid/2027/1200/491167-VE9VUklORyBIWUIgNFdE/blue/front45.png'},{url:'https://carimages.d2cmedia.ca/newcarimages/fr/cb6ac78df9b21d6/Honda/CR-V Hybrid/2027/640/491167-VE9VUklORyBIWUIgNFdE/blue/front_45_degree.png'},{url:'https://carimages.d2cmedia.ca/newcarimages/fr/cb6ac78df9b21d6/Honda/CR-V Hybrid/2027/2100/491167-VE9VUklORyBIWUIgNFdE/blue/front_45_degree.png'}]",0,KM,https://www.maplehonda.com/new/inventory/2027-Honda-CR_V-id14427288.html,2027 Honda CR-V TOURING HYB 4WD at Maple Honda,55497 CAD,New,Blue,,2213,Maple Honda,+1-905-832-1202,"{addr1: '89 Auto Vaughan Dr.', city: 'Maple', region: 'Ontario', postal_code: 'L6A 4A1', country: 'CA'}",43.8590000000,-79.5370000000,,,,,https://www.maplehonda.com/privacy-policy.html,New,2213,In stock,,55497 CAD,Free,
2HKRS6H95VH202365,2HKRS6H95VH202365,012027-new,Honda,CR-V,TOURING HYB 4WD,2027,AUTOMATIC,SUV,GASOLINE,,"2027 Honda CR-V TOURING HYB 4WD, White exterior","[{url:'https://carimages.d2cmedia.ca/newcarimages/en/cb6ac7b4b4bf741/Honda/CR-V Hybrid/2027/1200/491167-VE9VUklORyBIWUIgNFdE/white/front45.png'},{url:'https://carimages.d2cmedia.ca/newcarimages/fr/cb6ac78df9b21d6/Honda/CR-V Hybrid/2027/640/491167-VE9VUklORyBIWUIgNFdE/white/front_45_degree.png'},{url:'https://carimages.d2cmedia.ca/newcarimages/fr/cb6ac78df9b21d6/Honda/CR-V Hybrid/2027/2100/491167-VE9VUklORyBIWUIgNFdE/white/front_45_degree.png'}]",0,KM,https://www.maplehonda.com/new/inventory/2027-Honda-CR_V-id14433007.html,2027 Honda CR-V TOURING HYB 4WD at Maple Honda,55497 CAD,New,White,,2213,Maple Honda,+1-905-832-1202,"{addr1: '89 Auto Vaughan Dr.', city: 'Maple', region: 'Ontario', postal_code: 'L6A 4A1', country: 'CA'}",43.8590000000,-79.5370000000,,,,,https://www.maplehonda.com/privacy-policy.html,New,2213,In stock,,55497 CAD,Free,
2HKRS6H90VH203732,2HKRS6H90VH203732,012327-new,Honda,CR-V,TOURING HYB 4WD,2027,AUTOMATIC,SUV,GASOLINE,,"2027 Honda CR-V TOURING HYB 4WD, White exterior","[{url:'https://carimages.d2cmedia.ca/newcarimages/en/cb6ac7b4b4bf741/Honda/CR-V Hybrid/2027/1200/491167-VE9VUklORyBIWUIgNFdE/white/front45.png'},{url:'https://carimages.d2cmedia.ca/newcarimages/fr/cb6ac78df9b21d6/Honda/CR-V Hybrid/2027/640/491167-VE9VUklORyBIWUIgNFdE/white/front_45_degree.png'},{url:'https://carimages.d2cmedia.ca/newcarimages/fr/cb6ac78df9b21d6/Honda/CR-V Hybrid/2027/2100/491167-VE9VUklORyBIWUIgNFdE/white/front_45_degree.png'}]",0,KM,https://www.maplehonda.com/new/inventory/2027-Honda-CR_V-id14439641.html,2027 Honda CR-V TOURING HYB 4WD at Maple Honda,55497 CAD,New,White,,2213,Maple Honda,+1-905-832-1202,"{addr1: '89 Auto Vaughan Dr.', city: 'Maple', region: 'Ontario', postal_code: 'L6A 4A1', country: 'CA'}",43.8590000000,-79.5370000000,,,,,https://www.maplehonda.com/privacy-policy.html,New,2213,In stock,,55497 CAD,Free,
2HKRS6H92VH203733,2HKRS6H92VH203733,012727-new,Honda,CR-V,TOURING HYB 4WD,2027,AUTOMATIC,SUV,GASOLINE,,"2027 Honda CR-V TOURING HYB 4WD, White exterior","[{url:'https://carimages.d2cmedia.ca/newcarimages/en/cb6ac7b4b4bf741/Honda/CR-V Hybrid/2027/1200/491167-VE9VUklORyBIWUIgNFdE/white/front45.png'},{url:'https://carimages.d2cmedia.ca/newcarimages/fr/cb6ac78df9b21d6/Honda/CR-V Hybrid/2027/640/491167-VE9VUklORyBIWUIgNFdE/white/front_45_degree.png'},{url:'https://carimages.d2cmedia.ca/newcarimages/fr/cb6ac78df9b21d6/Honda/CR-V Hybrid/2027/2100/491167-VE9VUklORyBIWUIgNFdE/white/front_45_degree.png'}]",50,KM,https://www.maplehonda.com/new/inventory/2027-Honda-CR_V-id14439645.html,2027 Honda CR-V TOURING HYB 4WD at Maple Honda,55497 CAD,New,White,,2213,Maple Honda,+1-905-832-1202,"{addr1: '89 Auto Vaughan Dr.', city: 'Maple', region: 'Ontario', postal_code: 'L6A 4A1', country: 'CA'}",43.8590000000,-79.5370000000,,,,,https://www.maplehonda.com/privacy-policy.html,New,2213,In stock,,55497 CAD,Free,
2HKRS6H96VH201970,2HKRS6H96VH201970,012927-new,Honda,CR-V,TOURING HYB 4WD,2027,AUTOMATIC,SUV,GASOLINE,,"2027 Honda CR-V TOURING HYB 4WD, White exterior","[{url:'https://carimages.d2cmedia.ca/newcarimages/en/cb6ac7b4b4bf741/Honda/CR-V Hybrid/2027/1200/491167-VE9VUklORyBIWUIgNFdE/white/front45.png'},{url:'https://carimages.d2cmedia.ca/newcarimages/fr/cb6ac78df9b21d6/Honda/CR-V Hybrid/2027/640/491167-VE9VUklORyBIWUIgNFdE/white/front_45_degree.png'},{url:'https://carimages.d2cmedia.ca/newcarimages/fr/cb6ac78df9b21d6/Honda/CR-V Hybrid/2027/2100/491167-VE9VUklORyBIWUIgNFdE/white/front_45_degree.png'}]",50,KM,https://www.maplehonda.com/new/inventory/2027-Honda-CR_V-id14439647.html,2027 Honda CR-V TOURING HYB 4WD at Maple Honda,55497 CAD,New,White,,2213,Maple Honda,+1-905-832-1202,"{addr1: '89 Auto Vaughan Dr.', city: 'Maple', region: 'Ontario', postal_code: 'L6A 4A1', country: 'CA'}",43.8590000000,-79.5370000000,,,,,https://www.maplehonda.com/privacy-policy.html,New,2213,In stock,,55497 CAD,Free,
