vehicle_id,vin,stock_number,make,model,trim,year,transmission,body_style,fuel_type,drivetrain,description,image,mileage.value,mileage.unit,url,title,price,state_of_vehicle,exterior_color,interior_color,dealer_id,dealer_name,dealer_phone,address,latitude,longitude,fb_page_id,features,vehicle_specifications,dealer_communication_channel,dealer_privacy_policy_url,custom_label_0,custom_label_1,custom_label_3,days_on_lot,sale_price,Sponsor,Range
JM1BPAKL5T1892701,JM1BPAKL5T1892701,26-503-new,Mazda,Mazda3 Sport,4dr Fwd Gx At,2026,AUTOMATIC,HATCHBACK,GASOLINE,,"2026 Mazda Mazda3 Sport 4dr Fwd Gx At, Blue exterior","[{url:'https://imagescdn.d2cmedia.ca/cbf43a52670aa8495918ab43f87fd9a75b/2001/14122166/1/Mazda-Mazda3 Sport-2026.jpg'},{url:'https://imagescdn.d2cmedia.ca/s8f43a52670aa8495918ab43f87fd9a75b/2001/14122166/1/Mazda-Mazda3_Sport-2026.jpg'},{url:'https://imagescdn.d2cmedia.ca/cbf43a52670aa8495918ab43f87fd9a75b/2001/14122166/1/Mazda-Mazda3_Sport-2026.jpg'},{url:'https://imagescdn.d2cmedia.ca/cbf43a52670aa8495918ab43f87fd9a75b/2001/14122166/2/Mazda-Mazda3_Sport-2026.jpg'},{url:'https://imagescdn.d2cmedia.ca/cbf43a52670aa8495918ab43f87fd9a75b/2001/14122166/3/Mazda-Mazda3_Sport-2026.jpg'},{url:'https://imagescdn.d2cmedia.ca/cbf43a52670aa8495918ab43f87fd9a75b/2001/14122166/4/Mazda-Mazda3_Sport-2026.jpg'},{url:'https://imagescdn.d2cmedia.ca/cbf43a52670aa8495918ab43f87fd9a75b/2001/14122166/5/Mazda-Mazda3_Sport-2026.jpg'},{url:'https://imagescdn.d2cmedia.ca/cbf43a52670aa8495918ab43f87fd9a75b/2001/14122166/6/Mazda-Mazda3_Sport-2026.jpg'},{url:'https://imagescdn.d2cmedia.ca/cbf43a52670aa8495918ab43f87fd9a75b/2001/14122166/7/Mazda-Mazda3_Sport-2026.jpg'},{url:'https://imagescdn.d2cmedia.ca/cbf43a52670aa8495918ab43f87fd9a75b/2001/14122166/8/Mazda-Mazda3_Sport-2026.jpg'}]",10,KM,https://www.maplemazda.com/new/inventory/2026-Mazda-Mazda3_Sport-id14122166.html,2026 Mazda Mazda3 Sport 4dr Fwd Gx At at Maple Mazda,30329 CAD,New,Blue,,2001,Maple Mazda,+1-905-832-1556,"{addr1: '110 Auto Vaughan Drive', city: 'Maple', region: 'Ontario', postal_code: 'L6A 4A1', country: 'CA'}",43.8362762000,-79.5363420000,,,,,https://www.maplemazda.com/privacy-policy.html,New,2001,In stock,,30329 CAD,Free,
JM1BPAKL8T1903402,JM1BPAKL8T1903402,26-629-new,Mazda,Mazda3 Sport,4dr Fwd Gx At,2026,AUTOMATIC,HATCHBACK,GASOLINE,,"2026 Mazda Mazda3 Sport 4dr Fwd Gx At, Black exterior","[{url:'https://imagescdn.d2cmedia.ca/cb46aa2915b77ce9bdba64741ccc3a8195/2001/14379894/1/Mazda-Mazda3 Sport-2026.jpg'},{url:'https://imagescdn.d2cmedia.ca/s846aa2915b77ce9bdba64741ccc3a8195/2001/14379894/1/Mazda-Mazda3_Sport-2026.jpg'},{url:'https://imagescdn.d2cmedia.ca/cb46aa2915b77ce9bdba64741ccc3a8195/2001/14379894/1/Mazda-Mazda3_Sport-2026.jpg'},{url:'https://imagescdn.d2cmedia.ca/cb46aa2915b77ce9bdba64741ccc3a8195/2001/14379894/2/Mazda-Mazda3_Sport-2026.jpg'},{url:'https://imagescdn.d2cmedia.ca/cb46aa2915b77ce9bdba64741ccc3a8195/2001/14379894/3/Mazda-Mazda3_Sport-2026.jpg'},{url:'https://imagescdn.d2cmedia.ca/cb46aa2915b77ce9bdba64741ccc3a8195/2001/14379894/4/Mazda-Mazda3_Sport-2026.jpg'},{url:'https://imagescdn.d2cmedia.ca/cb46aa2915b77ce9bdba64741ccc3a8195/2001/14379894/5/Mazda-Mazda3_Sport-2026.jpg'},{url:'https://imagescdn.d2cmedia.ca/cb46aa2915b77ce9bdba64741ccc3a8195/2001/14379894/6/Mazda-Mazda3_Sport-2026.jpg'},{url:'https://imagescdn.d2cmedia.ca/cb46aa2915b77ce9bdba64741ccc3a8195/2001/14379894/7/Mazda-Mazda3_Sport-2026.jpg'},{url:'https://imagescdn.d2cmedia.ca/cb46aa2915b77ce9bdba64741ccc3a8195/2001/14379894/8/Mazda-Mazda3_Sport-2026.jpg'}]",10,KM,https://www.maplemazda.com/new/inventory/2026-Mazda-Mazda3_Sport-id14379894.html,2026 Mazda Mazda3 Sport 4dr Fwd Gx At at Maple Mazda,30329 CAD,New,Black,,2001,Maple Mazda,+1-905-832-1556,"{addr1: '110 Auto Vaughan Drive', city: 'Maple', region: 'Ontario', postal_code: 'L6A 4A1', country: 'CA'}",43.8362762000,-79.5363420000,,,,,https://www.maplemazda.com/privacy-policy.html,New,2001,In stock,,30329 CAD,Free,
JM1BPAKL2T1879100,JM1BPAKL2T1879100,26-208-new,Mazda,Mazda3 Sport,4dr Fwd Gx At,2026,AUTOMATIC,HATCHBACK,GASOLINE,,"2026 Mazda Mazda3 Sport 4dr Fwd Gx At, White exterior","[{url:'https://imagescdn.d2cmedia.ca/cb9724774e23cb2887f3352db42c8961ee/2001/13699689/1/Mazda-Mazda3 Sport-2026.jpg'},{url:'https://imagescdn.d2cmedia.ca/s89724774e23cb2887f3352db42c8961ee/2001/13699689/1/Mazda-Mazda3_Sport-2026.jpg'},{url:'https://imagescdn.d2cmedia.ca/cb9724774e23cb2887f3352db42c8961ee/2001/13699689/1/Mazda-Mazda3_Sport-2026.jpg'},{url:'https://imagescdn.d2cmedia.ca/cb9724774e23cb2887f3352db42c8961ee/2001/13699689/2/Mazda-Mazda3_Sport-2026.jpg'},{url:'https://imagescdn.d2cmedia.ca/cb9724774e23cb2887f3352db42c8961ee/2001/13699689/3/Mazda-Mazda3_Sport-2026.jpg'},{url:'https://imagescdn.d2cmedia.ca/cb9724774e23cb2887f3352db42c8961ee/2001/13699689/4/Mazda-Mazda3_Sport-2026.jpg'},{url:'https://imagescdn.d2cmedia.ca/cb9724774e23cb2887f3352db42c8961ee/2001/13699689/5/Mazda-Mazda3_Sport-2026.jpg'},{url:'https://imagescdn.d2cmedia.ca/cb9724774e23cb2887f3352db42c8961ee/2001/13699689/6/Mazda-Mazda3_Sport-2026.jpg'},{url:'https://imagescdn.d2cmedia.ca/cb9724774e23cb2887f3352db42c8961ee/2001/13699689/7/Mazda-Mazda3_Sport-2026.jpg'},{url:'https://imagescdn.d2cmedia.ca/cb9724774e23cb2887f3352db42c8961ee/2001/13699689/8/Mazda-Mazda3_Sport-2026.jpg'}]",10,KM,https://www.maplemazda.com/new/inventory/2026-Mazda-Mazda3_Sport-id13699689.html,2026 Mazda Mazda3 Sport 4dr Fwd Gx At at Maple Mazda,30629 CAD,New,White,,2001,Maple Mazda,+1-905-832-1556,"{addr1: '110 Auto Vaughan Drive', city: 'Maple', region: 'Ontario', postal_code: 'L6A 4A1', country: 'CA'}",43.8362762000,-79.5363420000,,,,,https://www.maplemazda.com/privacy-policy.html,New,2001,In stock,,30629 CAD,Free,
3MVDMBBL3TM232942,3MVDMBBL3TM232942,26-605-new,Mazda,CX-30,4dr Awd Gx,2026,AUTOMATIC,SUV,GASOLINE,,"2026 Mazda CX-30 4dr Awd Gx, Blue exterior","[{url:'https://imagescdn.d2cmedia.ca/cbedfef6439bfdc1101f2343d2b11ed1c7/2001/14346608/1/Mazda-CX_30-2026.jpg'},{url:'https://imagescdn.d2cmedia.ca/s8edfef6439bfdc1101f2343d2b11ed1c7/2001/14346608/1/Mazda-CX_30-2026.jpg'},{url:'https://imagescdn.d2cmedia.ca/cbedfef6439bfdc1101f2343d2b11ed1c7/2001/14346608/2/Mazda-CX_30-2026.jpg'},{url:'https://imagescdn.d2cmedia.ca/cbedfef6439bfdc1101f2343d2b11ed1c7/2001/14346608/3/Mazda-CX_30-2026.jpg'},{url:'https://imagescdn.d2cmedia.ca/cbedfef6439bfdc1101f2343d2b11ed1c7/2001/14346608/4/Mazda-CX_30-2026.jpg'},{url:'https://imagescdn.d2cmedia.ca/cbedfef6439bfdc1101f2343d2b11ed1c7/2001/14346608/5/Mazda-CX_30-2026.jpg'},{url:'https://imagescdn.d2cmedia.ca/cbedfef6439bfdc1101f2343d2b11ed1c7/2001/14346608/6/Mazda-CX_30-2026.jpg'},{url:'https://imagescdn.d2cmedia.ca/cbedfef6439bfdc1101f2343d2b11ed1c7/2001/14346608/7/Mazda-CX_30-2026.jpg'},{url:'https://imagescdn.d2cmedia.ca/cbedfef6439bfdc1101f2343d2b11ed1c7/2001/14346608/8/Mazda-CX_30-2026.jpg'},{url:'https://imagescdn.d2cmedia.ca/cbedfef6439bfdc1101f2343d2b11ed1c7/2001/14346608/9/Mazda-CX_30-2026.jpg'}]",10,KM,https://www.maplemazda.com/new/inventory/2026-Mazda-CX_30-id14346608.html,2026 Mazda CX-30 4dr Awd Gx at Maple Mazda,33729 CAD,New,Blue,,2001,Maple Mazda,+1-905-832-1556,"{addr1: '110 Auto Vaughan Drive', city: 'Maple', region: 'Ontario', postal_code: 'L6A 4A1', country: 'CA'}",43.8362762000,-79.5363420000,,,,,https://www.maplemazda.com/privacy-policy.html,New,2001,In stock,,33729 CAD,Free,
3MVDMBBL1TM236438,3MVDMBBL1TM236438,26-636-new,Mazda,CX-30,4dr Awd Gx,2026,AUTOMATIC,SUV,GASOLINE,,"2026 Mazda CX-30 4dr Awd Gx, Black exterior","[{url:'https://imagescdn.d2cmedia.ca/cb871d3a32eb9c66afb228574420862779/2001/14392671/1/Mazda-CX_30-2026.jpg'},{url:'https://imagescdn.d2cmedia.ca/s8871d3a32eb9c66afb228574420862779/2001/14392671/1/Mazda-CX_30-2026.jpg'},{url:'https://imagescdn.d2cmedia.ca/cb871d3a32eb9c66afb228574420862779/2001/14392671/2/Mazda-CX_30-2026.jpg'},{url:'https://imagescdn.d2cmedia.ca/cb871d3a32eb9c66afb228574420862779/2001/14392671/3/Mazda-CX_30-2026.jpg'},{url:'https://imagescdn.d2cmedia.ca/cb871d3a32eb9c66afb228574420862779/2001/14392671/4/Mazda-CX_30-2026.jpg'},{url:'https://imagescdn.d2cmedia.ca/cb871d3a32eb9c66afb228574420862779/2001/14392671/5/Mazda-CX_30-2026.jpg'},{url:'https://imagescdn.d2cmedia.ca/cb871d3a32eb9c66afb228574420862779/2001/14392671/6/Mazda-CX_30-2026.jpg'},{url:'https://imagescdn.d2cmedia.ca/cb871d3a32eb9c66afb228574420862779/2001/14392671/7/Mazda-CX_30-2026.jpg'},{url:'https://imagescdn.d2cmedia.ca/cb871d3a32eb9c66afb228574420862779/2001/14392671/8/Mazda-CX_30-2026.jpg'},{url:'https://imagescdn.d2cmedia.ca/cb871d3a32eb9c66afb228574420862779/2001/14392671/9/Mazda-CX_30-2026.jpg'}]",10,KM,https://www.maplemazda.com/new/inventory/2026-Mazda-CX_30-id14392671.html,2026 Mazda CX-30 4dr Awd Gx at Maple Mazda,33729 CAD,New,Black,,2001,Maple Mazda,+1-905-832-1556,"{addr1: '110 Auto Vaughan Drive', city: 'Maple', region: 'Ontario', postal_code: 'L6A 4A1', country: 'CA'}",43.8362762000,-79.5363420000,,,,,https://www.maplemazda.com/privacy-policy.html,New,2001,In stock,,33729 CAD,Free,
3MVDMBBL0TM236012,3MVDMBBL0TM236012,26-637-new,Mazda,CX-30,4dr Awd Gx,2026,AUTOMATIC,SUV,GASOLINE,,"2026 Mazda CX-30 4dr Awd Gx, Blue exterior","[{url:'https://imagescdn.d2cmedia.ca/cb5d27a0d8df9b41d9f2ca50e2afb07cdd/2001/14392672/1/Mazda-CX_30-2026.jpg'},{url:'https://imagescdn.d2cmedia.ca/s85d27a0d8df9b41d9f2ca50e2afb07cdd/2001/14392672/1/Mazda-CX_30-2026.jpg'},{url:'https://imagescdn.d2cmedia.ca/cb5d27a0d8df9b41d9f2ca50e2afb07cdd/2001/14392672/2/Mazda-CX_30-2026.jpg'},{url:'https://imagescdn.d2cmedia.ca/cb5d27a0d8df9b41d9f2ca50e2afb07cdd/2001/14392672/3/Mazda-CX_30-2026.jpg'},{url:'https://imagescdn.d2cmedia.ca/cb5d27a0d8df9b41d9f2ca50e2afb07cdd/2001/14392672/4/Mazda-CX_30-2026.jpg'},{url:'https://imagescdn.d2cmedia.ca/cb5d27a0d8df9b41d9f2ca50e2afb07cdd/2001/14392672/5/Mazda-CX_30-2026.jpg'},{url:'https://imagescdn.d2cmedia.ca/cb5d27a0d8df9b41d9f2ca50e2afb07cdd/2001/14392672/6/Mazda-CX_30-2026.jpg'},{url:'https://imagescdn.d2cmedia.ca/cb5d27a0d8df9b41d9f2ca50e2afb07cdd/2001/14392672/7/Mazda-CX_30-2026.jpg'},{url:'https://imagescdn.d2cmedia.ca/cb5d27a0d8df9b41d9f2ca50e2afb07cdd/2001/14392672/8/Mazda-CX_30-2026.jpg'},{url:'https://imagescdn.d2cmedia.ca/cb5d27a0d8df9b41d9f2ca50e2afb07cdd/2001/14392672/9/Mazda-CX_30-2026.jpg'}]",10,KM,https://www.maplemazda.com/new/inventory/2026-Mazda-CX_30-id14392672.html,2026 Mazda CX-30 4dr Awd Gx at Maple Mazda,33729 CAD,New,Blue,,2001,Maple Mazda,+1-905-832-1556,"{addr1: '110 Auto Vaughan Drive', city: 'Maple', region: 'Ontario', postal_code: 'L6A 4A1', country: 'CA'}",43.8362762000,-79.5363420000,,,,,https://www.maplemazda.com/privacy-policy.html,New,2001,In stock,,33729 CAD,Free,
3MVDMBBL0TM223888,3MVDMBBL0TM223888,26-621-new,Mazda,CX-30,4dr Awd Gx,2026,AUTOMATIC,SUV,GASOLINE,,"2026 Mazda CX-30 4dr Awd Gx, White exterior","[{url:'https://imagescdn.d2cmedia.ca/cb37b00ffb5d51596c3a4837870d6b04ac/2001/14371393/1/Mazda-CX_30-2026.jpg'},{url:'https://imagescdn.d2cmedia.ca/s837b00ffb5d51596c3a4837870d6b04ac/2001/14371393/1/Mazda-CX_30-2026.jpg'},{url:'https://imagescdn.d2cmedia.ca/cb37b00ffb5d51596c3a4837870d6b04ac/2001/14371393/2/Mazda-CX_30-2026.jpg'},{url:'https://imagescdn.d2cmedia.ca/cb37b00ffb5d51596c3a4837870d6b04ac/2001/14371393/3/Mazda-CX_30-2026.jpg'},{url:'https://imagescdn.d2cmedia.ca/cb37b00ffb5d51596c3a4837870d6b04ac/2001/14371393/4/Mazda-CX_30-2026.jpg'},{url:'https://imagescdn.d2cmedia.ca/cb37b00ffb5d51596c3a4837870d6b04ac/2001/14371393/5/Mazda-CX_30-2026.jpg'},{url:'https://imagescdn.d2cmedia.ca/cb37b00ffb5d51596c3a4837870d6b04ac/2001/14371393/6/Mazda-CX_30-2026.jpg'},{url:'https://imagescdn.d2cmedia.ca/cb37b00ffb5d51596c3a4837870d6b04ac/2001/14371393/7/Mazda-CX_30-2026.jpg'},{url:'https://imagescdn.d2cmedia.ca/cb37b00ffb5d51596c3a4837870d6b04ac/2001/14371393/8/Mazda-CX_30-2026.jpg'},{url:'https://imagescdn.d2cmedia.ca/cb37b00ffb5d51596c3a4837870d6b04ac/2001/14371393/9/Mazda-CX_30-2026.jpg'}]",10,KM,https://www.maplemazda.com/new/inventory/2026-Mazda-CX_30-id14371393.html,2026 Mazda CX-30 4dr Awd Gx at Maple Mazda,34029 CAD,New,White,,2001,Maple Mazda,+1-905-832-1556,"{addr1: '110 Auto Vaughan Drive', city: 'Maple', region: 'Ontario', postal_code: 'L6A 4A1', country: 'CA'}",43.8362762000,-79.5363420000,,,,,https://www.maplemazda.com/privacy-policy.html,New,2001,In stock,,34029 CAD,Free,
JM1BPALL5T1900262,JM1BPALL5T1900262,26-598-new,Mazda,Mazda3 Sport,4dr Fwd Gs At,2026,AUTOMATIC,HATCHBACK,GASOLINE,,"2026 Mazda Mazda3 Sport 4dr Fwd Gs At, Black exterior","[{url:'https://imagescdn.d2cmedia.ca/cb2b141911fddb4ed67655df3d8bd65492/2001/14298443/1/Mazda-Mazda3 Sport-2026.jpg'},{url:'https://imagescdn.d2cmedia.ca/s82b141911fddb4ed67655df3d8bd65492/2001/14298443/1/Mazda-Mazda3_Sport-2026.jpg'},{url:'https://imagescdn.d2cmedia.ca/cb2b141911fddb4ed67655df3d8bd65492/2001/14298443/1/Mazda-Mazda3_Sport-2026.jpg'},{url:'https://imagescdn.d2cmedia.ca/cb2b141911fddb4ed67655df3d8bd65492/2001/14298443/2/Mazda-Mazda3_Sport-2026.jpg'},{url:'https://imagescdn.d2cmedia.ca/cb2b141911fddb4ed67655df3d8bd65492/2001/14298443/3/Mazda-Mazda3_Sport-2026.jpg'},{url:'https://imagescdn.d2cmedia.ca/cb2b141911fddb4ed67655df3d8bd65492/2001/14298443/4/Mazda-Mazda3_Sport-2026.jpg'},{url:'https://imagescdn.d2cmedia.ca/cb2b141911fddb4ed67655df3d8bd65492/2001/14298443/5/Mazda-Mazda3_Sport-2026.jpg'},{url:'https://imagescdn.d2cmedia.ca/cb2b141911fddb4ed67655df3d8bd65492/2001/14298443/6/Mazda-Mazda3_Sport-2026.jpg'},{url:'https://imagescdn.d2cmedia.ca/cb2b141911fddb4ed67655df3d8bd65492/2001/14298443/7/Mazda-Mazda3_Sport-2026.jpg'},{url:'https://imagescdn.d2cmedia.ca/cb2b141911fddb4ed67655df3d8bd65492/2001/14298443/8/Mazda-Mazda3_Sport-2026.jpg'}]",10,KM,https://www.maplemazda.com/new/inventory/2026-Mazda-Mazda3_Sport-id14298443.html,2026 Mazda Mazda3 Sport 4dr Fwd Gs At at Maple Mazda,35129 CAD,New,Black,,2001,Maple Mazda,+1-905-832-1556,"{addr1: '110 Auto Vaughan Drive', city: 'Maple', region: 'Ontario', postal_code: 'L6A 4A1', country: 'CA'}",43.8362762000,-79.5363420000,,,,,https://www.maplemazda.com/privacy-policy.html,New,2001,In stock,,35129 CAD,Free,
JM1BPALL7T1884386,JM1BPALL7T1884386,26-290-new,Mazda,Mazda3 Sport,4dr Fwd Gs At,2026,AUTOMATIC,HATCHBACK,GASOLINE,,"2026 Mazda Mazda3 Sport 4dr Fwd Gs At, White exterior","[{url:'https://imagescdn.d2cmedia.ca/cb4a05fe49e7978747ebd0d59f4c4d78b7/2001/13829296/1/Mazda-Mazda3 Sport-2026.jpg'},{url:'https://imagescdn.d2cmedia.ca/s84a05fe49e7978747ebd0d59f4c4d78b7/2001/13829296/1/Mazda-Mazda3_Sport-2026.jpg'},{url:'https://imagescdn.d2cmedia.ca/cb4a05fe49e7978747ebd0d59f4c4d78b7/2001/13829296/1/Mazda-Mazda3_Sport-2026.jpg'},{url:'https://imagescdn.d2cmedia.ca/cb4a05fe49e7978747ebd0d59f4c4d78b7/2001/13829296/2/Mazda-Mazda3_Sport-2026.jpg'},{url:'https://imagescdn.d2cmedia.ca/cb4a05fe49e7978747ebd0d59f4c4d78b7/2001/13829296/3/Mazda-Mazda3_Sport-2026.jpg'},{url:'https://imagescdn.d2cmedia.ca/cb4a05fe49e7978747ebd0d59f4c4d78b7/2001/13829296/4/Mazda-Mazda3_Sport-2026.jpg'},{url:'https://imagescdn.d2cmedia.ca/cb4a05fe49e7978747ebd0d59f4c4d78b7/2001/13829296/5/Mazda-Mazda3_Sport-2026.jpg'},{url:'https://imagescdn.d2cmedia.ca/cb4a05fe49e7978747ebd0d59f4c4d78b7/2001/13829296/6/Mazda-Mazda3_Sport-2026.jpg'},{url:'https://imagescdn.d2cmedia.ca/cb4a05fe49e7978747ebd0d59f4c4d78b7/2001/13829296/7/Mazda-Mazda3_Sport-2026.jpg'},{url:'https://imagescdn.d2cmedia.ca/cb4a05fe49e7978747ebd0d59f4c4d78b7/2001/13829296/8/Mazda-Mazda3_Sport-2026.jpg'}]",10,KM,https://www.maplemazda.com/new/inventory/2026-Mazda-Mazda3_Sport-id13829296.html,2026 Mazda Mazda3 Sport 4dr Fwd Gs At at Maple Mazda,35429 CAD,New,White,,2001,Maple Mazda,+1-905-832-1556,"{addr1: '110 Auto Vaughan Drive', city: 'Maple', region: 'Ontario', postal_code: 'L6A 4A1', country: 'CA'}",43.8362762000,-79.5363420000,,,,,https://www.maplemazda.com/privacy-policy.html,New,2001,In stock,,35429 CAD,Free,
3MVDMBCL9TM235729,3MVDMBCL9TM235729,26-634-new,Mazda,CX-30,4dr Awd Gs,2026,AUTOMATIC,SUV,GASOLINE,,"2026 Mazda CX-30 4dr Awd Gs, Black exterior","[{url:'https://imagescdn.d2cmedia.ca/cb82c06e19e20859a4a71e436e8f5c7f50/2001/14392669/1/Mazda-CX_30-2026.jpg'},{url:'https://imagescdn.d2cmedia.ca/s882c06e19e20859a4a71e436e8f5c7f50/2001/14392669/1/Mazda-CX_30-2026.jpg'},{url:'https://imagescdn.d2cmedia.ca/cb82c06e19e20859a4a71e436e8f5c7f50/2001/14392669/2/Mazda-CX_30-2026.jpg'},{url:'https://imagescdn.d2cmedia.ca/cb82c06e19e20859a4a71e436e8f5c7f50/2001/14392669/3/Mazda-CX_30-2026.jpg'},{url:'https://imagescdn.d2cmedia.ca/cb82c06e19e20859a4a71e436e8f5c7f50/2001/14392669/4/Mazda-CX_30-2026.jpg'},{url:'https://imagescdn.d2cmedia.ca/cb82c06e19e20859a4a71e436e8f5c7f50/2001/14392669/5/Mazda-CX_30-2026.jpg'},{url:'https://imagescdn.d2cmedia.ca/cb82c06e19e20859a4a71e436e8f5c7f50/2001/14392669/6/Mazda-CX_30-2026.jpg'},{url:'https://imagescdn.d2cmedia.ca/cb82c06e19e20859a4a71e436e8f5c7f50/2001/14392669/7/Mazda-CX_30-2026.jpg'},{url:'https://imagescdn.d2cmedia.ca/cb82c06e19e20859a4a71e436e8f5c7f50/2001/14392669/8/Mazda-CX_30-2026.jpg'},{url:'https://imagescdn.d2cmedia.ca/cb82c06e19e20859a4a71e436e8f5c7f50/2001/14392669/9/Mazda-CX_30-2026.jpg'}]",10,KM,https://www.maplemazda.com/new/inventory/2026-Mazda-CX_30-id14392669.html,2026 Mazda CX-30 4dr Awd Gs at Maple Mazda,36629 CAD,New,Black,,2001,Maple Mazda,+1-905-832-1556,"{addr1: '110 Auto Vaughan Drive', city: 'Maple', region: 'Ontario', postal_code: 'L6A 4A1', country: 'CA'}",43.8362762000,-79.5363420000,,,,,https://www.maplemazda.com/privacy-policy.html,New,2001,In stock,,36629 CAD,Free,
3MVDMBCL2TM124942,3MVDMBCL2TM124942,26-008-new,Mazda,CX-30,4dr Awd Gs,2026,AUTOMATIC,SUV,GASOLINE,,"2026 Mazda CX-30 4dr Awd Gs, White exterior","[{url:'https://imagescdn.d2cmedia.ca/cbe3e3172962d6d9f19451268439b81be8/2001/13261019/1/Mazda-CX_30-2026.jpg'},{url:'https://imagescdn.d2cmedia.ca/s8e3e3172962d6d9f19451268439b81be8/2001/13261019/1/Mazda-CX_30-2026.jpg'},{url:'https://imagescdn.d2cmedia.ca/cbe3e3172962d6d9f19451268439b81be8/2001/13261019/2/Mazda-CX_30-2026.jpg'},{url:'https://imagescdn.d2cmedia.ca/cbe3e3172962d6d9f19451268439b81be8/2001/13261019/3/Mazda-CX_30-2026.jpg'},{url:'https://imagescdn.d2cmedia.ca/cbe3e3172962d6d9f19451268439b81be8/2001/13261019/4/Mazda-CX_30-2026.jpg'},{url:'https://imagescdn.d2cmedia.ca/cbe3e3172962d6d9f19451268439b81be8/2001/13261019/5/Mazda-CX_30-2026.jpg'},{url:'https://imagescdn.d2cmedia.ca/cbe3e3172962d6d9f19451268439b81be8/2001/13261019/6/Mazda-CX_30-2026.jpg'},{url:'https://imagescdn.d2cmedia.ca/cbe3e3172962d6d9f19451268439b81be8/2001/13261019/7/Mazda-CX_30-2026.jpg'},{url:'https://imagescdn.d2cmedia.ca/cbe3e3172962d6d9f19451268439b81be8/2001/13261019/8/Mazda-CX_30-2026.jpg'},{url:'https://imagescdn.d2cmedia.ca/cbe3e3172962d6d9f19451268439b81be8/2001/13261019/9/Mazda-CX_30-2026.jpg'}]",10,KM,https://www.maplemazda.com/new/inventory/2026-Mazda-CX_30-id13261019.html,2026 Mazda CX-30 4dr Awd Gs at Maple Mazda,36929 CAD,New,White,,2001,Maple Mazda,+1-905-832-1556,"{addr1: '110 Auto Vaughan Drive', city: 'Maple', region: 'Ontario', postal_code: 'L6A 4A1', country: 'CA'}",43.8362762000,-79.5363420000,,,,,https://www.maplemazda.com/privacy-policy.html,New,2001,In stock,,36929 CAD,Free,
3MVDMBCL7TM227774,3MVDMBCL7TM227774,26-616-new,Mazda,CX-30,4dr Awd Gs,2026,AUTOMATIC,SUV,GASOLINE,,"2026 Mazda CX-30 4dr Awd Gs, Grey exterior","[{url:'https://imagescdn.d2cmedia.ca/cbb8ad0b55edd78d126493db448d64c747/2001/14365647/1/Mazda-CX_30-2026.jpg'},{url:'https://imagescdn.d2cmedia.ca/s8b8ad0b55edd78d126493db448d64c747/2001/14365647/1/Mazda-CX_30-2026.jpg'},{url:'https://imagescdn.d2cmedia.ca/cbb8ad0b55edd78d126493db448d64c747/2001/14365647/2/Mazda-CX_30-2026.jpg'},{url:'https://imagescdn.d2cmedia.ca/cbb8ad0b55edd78d126493db448d64c747/2001/14365647/3/Mazda-CX_30-2026.jpg'},{url:'https://imagescdn.d2cmedia.ca/cbb8ad0b55edd78d126493db448d64c747/2001/14365647/4/Mazda-CX_30-2026.jpg'},{url:'https://imagescdn.d2cmedia.ca/cbb8ad0b55edd78d126493db448d64c747/2001/14365647/5/Mazda-CX_30-2026.jpg'},{url:'https://imagescdn.d2cmedia.ca/cbb8ad0b55edd78d126493db448d64c747/2001/14365647/6/Mazda-CX_30-2026.jpg'},{url:'https://imagescdn.d2cmedia.ca/cbb8ad0b55edd78d126493db448d64c747/2001/14365647/7/Mazda-CX_30-2026.jpg'},{url:'https://imagescdn.d2cmedia.ca/cbb8ad0b55edd78d126493db448d64c747/2001/14365647/8/Mazda-CX_30-2026.jpg'},{url:'https://imagescdn.d2cmedia.ca/cbb8ad0b55edd78d126493db448d64c747/2001/14365647/9/Mazda-CX_30-2026.jpg'}]",10,KM,https://www.maplemazda.com/new/inventory/2026-Mazda-CX_30-id14365647.html,2026 Mazda CX-30 4dr Awd Gs at Maple Mazda,37029 CAD,New,Grey,,2001,Maple Mazda,+1-905-832-1556,"{addr1: '110 Auto Vaughan Drive', city: 'Maple', region: 'Ontario', postal_code: 'L6A 4A1', country: 'CA'}",43.8362762000,-79.5363420000,,,,,https://www.maplemazda.com/privacy-policy.html,New,2001,In stock,,37029 CAD,Free,
3MVDMBCL2TM234244,3MVDMBCL2TM234244,26-657-new,Mazda,CX-30,4dr Awd Gs,2026,AUTOMATIC,SUV,GASOLINE,,"2026 Mazda CX-30 4dr Awd Gs, Red exterior","[{url:'https://carimages.d2cmedia.ca/newcarimages/en/cb6aba940cce7b0/Mazda/CX-30/2026/1200/483016-NERSIEFXRCBHUw/red/front45.png'},{url:'https://carimages.d2cmedia.ca/newcarimages/en/cb6aba940cce7b0/Mazda/CX-30/2026/1280/483016/red/front_45_degree.png'},{url:'https://carimages.d2cmedia.ca/newcarimages/en/cb6aba940cce7b0/Mazda/CX-30/2026/2100/483016/red/front_45_degree.png'},{url:'https://carimages.d2cmedia.ca/newcarimages/en/cb6aba940cce7b0/Mazda/CX-30/2026/2100/483016/red/profile.png'},{url:'https://carimages.d2cmedia.ca/newcarimages/en/cb6aba940cce7b0/Mazda/CX-30/2026/2100/483016/red/back_45_degree.png'},{url:'https://carimages.d2cmedia.ca/newcarimages/en/cb6aba940cce7b0/Mazda/CX-30/2026/2100/483016/red/driver_dashboard.png'},{url:'https://carimages.d2cmedia.ca/newcarimages/en/cb6aba940cce7b0/Mazda/CX-30/2026/2100/483016/red/full_dashboard.png'},{url:'https://carimages.d2cmedia.ca/newcarimages/en/cb6aba940cce7b0/Mazda/CX-30/2026/2100/483016/red/interior_driver_open_seat.png'},{url:'https://carimages.d2cmedia.ca/newcarimages/en/cb6aba940cce7b0/Mazda/CX-30/2026/2100/483016/red/interior_driver_stereo.png'},{url:'https://carimages.d2cmedia.ca/newcarimages/en/cb6aba940cce7b0/Mazda/CX-30/2026/2100/483016/red/interior_driver_reat_seats.png'}]",10,KM,https://www.maplemazda.com/new/inventory/2026-Mazda-CX_30-id14433000.html,2026 Mazda CX-30 4dr Awd Gs at Maple Mazda,37129 CAD,New,Red,,2001,Maple Mazda,+1-905-832-1556,"{addr1: '110 Auto Vaughan Drive', city: 'Maple', region: 'Ontario', postal_code: 'L6A 4A1', country: 'CA'}",43.8362762000,-79.5363420000,,,,,https://www.maplemazda.com/privacy-policy.html,New,2001,In stock,,37129 CAD,Free,
JM1BPAML1T1902198,JM1BPAML1T1902198,26-628-new,Mazda,Mazda3 Sport,4dr Fwd Gt Mt,2026,AUTOMATIC,HATCHBACK,GASOLINE,,"2026 Mazda Mazda3 Sport 4dr Fwd Gt Mt, Black exterior","[{url:'https://imagescdn.d2cmedia.ca/cb7b96988e633a410e98d07544c619d815/2001/14379893/1/Mazda-Mazda3 Sport-2026.jpg'},{url:'https://imagescdn.d2cmedia.ca/s87b96988e633a410e98d07544c619d815/2001/14379893/1/Mazda-Mazda3_Sport-2026.jpg'},{url:'https://imagescdn.d2cmedia.ca/cb7b96988e633a410e98d07544c619d815/2001/14379893/1/Mazda-Mazda3_Sport-2026.jpg'},{url:'https://imagescdn.d2cmedia.ca/cb7b96988e633a410e98d07544c619d815/2001/14379893/2/Mazda-Mazda3_Sport-2026.jpg'},{url:'https://imagescdn.d2cmedia.ca/cb7b96988e633a410e98d07544c619d815/2001/14379893/3/Mazda-Mazda3_Sport-2026.jpg'},{url:'https://imagescdn.d2cmedia.ca/cb7b96988e633a410e98d07544c619d815/2001/14379893/4/Mazda-Mazda3_Sport-2026.jpg'},{url:'https://imagescdn.d2cmedia.ca/cb7b96988e633a410e98d07544c619d815/2001/14379893/5/Mazda-Mazda3_Sport-2026.jpg'},{url:'https://imagescdn.d2cmedia.ca/cb7b96988e633a410e98d07544c619d815/2001/14379893/6/Mazda-Mazda3_Sport-2026.jpg'},{url:'https://imagescdn.d2cmedia.ca/cb7b96988e633a410e98d07544c619d815/2001/14379893/7/Mazda-Mazda3_Sport-2026.jpg'},{url:'https://imagescdn.d2cmedia.ca/cb7b96988e633a410e98d07544c619d815/2001/14379893/8/Mazda-Mazda3_Sport-2026.jpg'}]",10,KM,https://www.maplemazda.com/new/inventory/2026-Mazda-Mazda3_Sport-id14379893.html,2026 Mazda Mazda3 Sport 4dr Fwd Gt Mt at Maple Mazda,39129 CAD,New,Black,,2001,Maple Mazda,+1-905-832-1556,"{addr1: '110 Auto Vaughan Drive', city: 'Maple', region: 'Ontario', postal_code: 'L6A 4A1', country: 'CA'}",43.8362762000,-79.5363420000,,,,,https://www.maplemazda.com/privacy-policy.html,New,2001,In stock,,39129 CAD,Free,
3MVDMBCL6TM233663,3MVDMBCL6TM233663,26-655-new,Mazda,CX-30,4dr Awd Gs,2026,AUTOMATIC,SUV,GASOLINE,,"2026 Mazda CX-30 4dr Awd Gs, Grey exterior","[{url:'https://carimages.d2cmedia.ca/newcarimages/en/cb6aba940cce7b0/Mazda/CX-30/2026/1200/483016-NERSIEFXRCBHUw/Gray/front45.png'},{url:'https://carimages.d2cmedia.ca/newcarimages/en/cb6aba940cce7b0/Mazda/CX-30/2026/1280/483016/grey/front_45_degree.png'},{url:'https://carimages.d2cmedia.ca/newcarimages/en/cb6aba940cce7b0/Mazda/CX-30/2026/2100/483016/grey/front_45_degree.png'},{url:'https://carimages.d2cmedia.ca/newcarimages/en/cb6aba940cce7b0/Mazda/CX-30/2026/2100/483016/grey/profile.png'},{url:'https://carimages.d2cmedia.ca/newcarimages/en/cb6aba940cce7b0/Mazda/CX-30/2026/2100/483016/grey/back_45_degree.png'},{url:'https://carimages.d2cmedia.ca/newcarimages/en/cb6aba940cce7b0/Mazda/CX-30/2026/2100/483016/grey/driver_dashboard.png'},{url:'https://carimages.d2cmedia.ca/newcarimages/en/cb6aba940cce7b0/Mazda/CX-30/2026/2100/483016/grey/full_dashboard.png'},{url:'https://carimages.d2cmedia.ca/newcarimages/en/cb6aba940cce7b0/Mazda/CX-30/2026/2100/483016/grey/interior_driver_open_seat.png'},{url:'https://carimages.d2cmedia.ca/newcarimages/en/cb6aba940cce7b0/Mazda/CX-30/2026/2100/483016/grey/interior_driver_stereo.png'},{url:'https://carimages.d2cmedia.ca/newcarimages/en/cb6aba940cce7b0/Mazda/CX-30/2026/2100/483016/grey/interior_driver_reat_seats.png'}]",10,KM,https://www.maplemazda.com/new/inventory/2026-Mazda-CX_30-id14432998.html,2026 Mazda CX-30 4dr Awd Gs at Maple Mazda,39129 CAD,New,Grey,,2001,Maple Mazda,+1-905-832-1556,"{addr1: '110 Auto Vaughan Drive', city: 'Maple', region: 'Ontario', postal_code: 'L6A 4A1', country: 'CA'}",43.8362762000,-79.5363420000,,,,,https://www.maplemazda.com/privacy-policy.html,New,2001,In stock,,39129 CAD,Free,
3MVDMBCL9TM235021,3MVDMBCL9TM235021,26-659-new,Mazda,CX-30,4dr Awd Gs,2026,AUTOMATIC,SUV,GASOLINE,,"2026 Mazda CX-30 4dr Awd Gs, Grey exterior","[{url:'https://carimages.d2cmedia.ca/newcarimages/en/cb6aba940cce7b0/Mazda/CX-30/2026/1200/483016-NERSIEFXRCBHUw/Gray/front45.png'},{url:'https://carimages.d2cmedia.ca/newcarimages/en/cb6aba940cce7b0/Mazda/CX-30/2026/1280/483016/grey/front_45_degree.png'},{url:'https://carimages.d2cmedia.ca/newcarimages/en/cb6aba940cce7b0/Mazda/CX-30/2026/2100/483016/grey/front_45_degree.png'},{url:'https://carimages.d2cmedia.ca/newcarimages/en/cb6aba940cce7b0/Mazda/CX-30/2026/2100/483016/grey/profile.png'},{url:'https://carimages.d2cmedia.ca/newcarimages/en/cb6aba940cce7b0/Mazda/CX-30/2026/2100/483016/grey/back_45_degree.png'},{url:'https://carimages.d2cmedia.ca/newcarimages/en/cb6aba940cce7b0/Mazda/CX-30/2026/2100/483016/grey/driver_dashboard.png'},{url:'https://carimages.d2cmedia.ca/newcarimages/en/cb6aba940cce7b0/Mazda/CX-30/2026/2100/483016/grey/full_dashboard.png'},{url:'https://carimages.d2cmedia.ca/newcarimages/en/cb6aba940cce7b0/Mazda/CX-30/2026/2100/483016/grey/interior_driver_open_seat.png'},{url:'https://carimages.d2cmedia.ca/newcarimages/en/cb6aba940cce7b0/Mazda/CX-30/2026/2100/483016/grey/interior_driver_stereo.png'},{url:'https://carimages.d2cmedia.ca/newcarimages/en/cb6aba940cce7b0/Mazda/CX-30/2026/2100/483016/grey/interior_driver_reat_seats.png'}]",10,KM,https://www.maplemazda.com/new/inventory/2026-Mazda-CX_30-id14433001.html,2026 Mazda CX-30 4dr Awd Gs at Maple Mazda,39129 CAD,New,Grey,,2001,Maple Mazda,+1-905-832-1556,"{addr1: '110 Auto Vaughan Drive', city: 'Maple', region: 'Ontario', postal_code: 'L6A 4A1', country: 'CA'}",43.8362762000,-79.5363420000,,,,,https://www.maplemazda.com/privacy-policy.html,New,2001,In stock,,39129 CAD,Free,
JM3KMAHA1T0160478,JM3KMAHA1T0160478,26-367-new,Mazda,CX-5,4dr Awd Gx,2026,AUTOMATIC,SUV,GASOLINE,,"2026 Mazda CX-5 4dr Awd Gx, Black exterior","[{url:'https://imagescdn.d2cmedia.ca/cbcf2fc74956a84ddf690d5596e4167690/2001/13905383/1/Mazda-CX_5-2026.jpg'},{url:'https://imagescdn.d2cmedia.ca/s8cf2fc74956a84ddf690d5596e4167690/2001/13905383/1/Mazda-CX_5-2026.jpg'},{url:'https://imagescdn.d2cmedia.ca/cbcf2fc74956a84ddf690d5596e4167690/2001/13905383/2/Mazda-CX_5-2026.jpg'},{url:'https://imagescdn.d2cmedia.ca/cbcf2fc74956a84ddf690d5596e4167690/2001/13905383/3/Mazda-CX_5-2026.jpg'},{url:'https://imagescdn.d2cmedia.ca/cbcf2fc74956a84ddf690d5596e4167690/2001/13905383/4/Mazda-CX_5-2026.jpg'},{url:'https://imagescdn.d2cmedia.ca/cbcf2fc74956a84ddf690d5596e4167690/2001/13905383/5/Mazda-CX_5-2026.jpg'},{url:'https://imagescdn.d2cmedia.ca/cbcf2fc74956a84ddf690d5596e4167690/2001/13905383/6/Mazda-CX_5-2026.jpg'},{url:'https://imagescdn.d2cmedia.ca/cbcf2fc74956a84ddf690d5596e4167690/2001/13905383/7/Mazda-CX_5-2026.jpg'},{url:'https://imagescdn.d2cmedia.ca/cbcf2fc74956a84ddf690d5596e4167690/2001/13905383/8/Mazda-CX_5-2026.jpg'},{url:'https://imagescdn.d2cmedia.ca/cbcf2fc74956a84ddf690d5596e4167690/2001/13905383/9/Mazda-CX_5-2026.jpg'}]",10,KM,https://www.maplemazda.com/new/inventory/2026-Mazda-CX_5-id13905383.html,2026 Mazda CX-5 4dr Awd Gx at Maple Mazda,40729 CAD,New,Black,,2001,Maple Mazda,+1-905-832-1556,"{addr1: '110 Auto Vaughan Drive', city: 'Maple', region: 'Ontario', postal_code: 'L6A 4A1', country: 'CA'}",43.8362762000,-79.5363420000,,,,,https://www.maplemazda.com/privacy-policy.html,New,2001,In stock,,40729 CAD,Free,
JM3KMAHA1T0190838,JM3KMAHA1T0190838,26-514-new,Mazda,CX-5,4dr Awd Gx,2026,AUTOMATIC,SUV,GASOLINE,,"2026 Mazda CX-5 4dr Awd Gx, Black exterior","[{url:'https://imagescdn.d2cmedia.ca/cbd57b5a0d6270a272010ad395c30fb0ec/2001/14172315/1/Mazda-CX_5-2026.jpg'},{url:'https://imagescdn.d2cmedia.ca/s8d57b5a0d6270a272010ad395c30fb0ec/2001/14172315/1/Mazda-CX_5-2026.jpg'},{url:'https://imagescdn.d2cmedia.ca/cbd57b5a0d6270a272010ad395c30fb0ec/2001/14172315/2/Mazda-CX_5-2026.jpg'},{url:'https://imagescdn.d2cmedia.ca/cbd57b5a0d6270a272010ad395c30fb0ec/2001/14172315/3/Mazda-CX_5-2026.jpg'},{url:'https://imagescdn.d2cmedia.ca/cbd57b5a0d6270a272010ad395c30fb0ec/2001/14172315/4/Mazda-CX_5-2026.jpg'},{url:'https://imagescdn.d2cmedia.ca/cbd57b5a0d6270a272010ad395c30fb0ec/2001/14172315/5/Mazda-CX_5-2026.jpg'},{url:'https://imagescdn.d2cmedia.ca/cbd57b5a0d6270a272010ad395c30fb0ec/2001/14172315/6/Mazda-CX_5-2026.jpg'},{url:'https://imagescdn.d2cmedia.ca/cbd57b5a0d6270a272010ad395c30fb0ec/2001/14172315/7/Mazda-CX_5-2026.jpg'},{url:'https://imagescdn.d2cmedia.ca/cbd57b5a0d6270a272010ad395c30fb0ec/2001/14172315/8/Mazda-CX_5-2026.jpg'},{url:'https://imagescdn.d2cmedia.ca/cbd57b5a0d6270a272010ad395c30fb0ec/2001/14172315/9/Mazda-CX_5-2026.jpg'}]",10,KM,https://www.maplemazda.com/new/inventory/2026-Mazda-CX_5-id14172315.html,2026 Mazda CX-5 4dr Awd Gx at Maple Mazda,40729 CAD,New,Black,,2001,Maple Mazda,+1-905-832-1556,"{addr1: '110 Auto Vaughan Drive', city: 'Maple', region: 'Ontario', postal_code: 'L6A 4A1', country: 'CA'}",43.8362762000,-79.5363420000,,,,,https://www.maplemazda.com/privacy-policy.html,New,2001,In stock,,40729 CAD,Free,
JM3KMAHA6T0208590,JM3KMAHA6T0208590,26-595-new,Mazda,CX-5,4dr Awd Gx,2026,AUTOMATIC,SUV,GASOLINE,,"2026 Mazda CX-5 4dr Awd Gx, Black exterior","[{url:'https://imagescdn.d2cmedia.ca/cb8ff3e46c6e59d97c06d5da445f23140e/2001/14298440/1/Mazda-CX_5-2026.jpg'},{url:'https://imagescdn.d2cmedia.ca/s88ff3e46c6e59d97c06d5da445f23140e/2001/14298440/1/Mazda-CX_5-2026.jpg'},{url:'https://imagescdn.d2cmedia.ca/cb8ff3e46c6e59d97c06d5da445f23140e/2001/14298440/2/Mazda-CX_5-2026.jpg'},{url:'https://imagescdn.d2cmedia.ca/cb8ff3e46c6e59d97c06d5da445f23140e/2001/14298440/3/Mazda-CX_5-2026.jpg'},{url:'https://imagescdn.d2cmedia.ca/cb8ff3e46c6e59d97c06d5da445f23140e/2001/14298440/4/Mazda-CX_5-2026.jpg'},{url:'https://imagescdn.d2cmedia.ca/cb8ff3e46c6e59d97c06d5da445f23140e/2001/14298440/5/Mazda-CX_5-2026.jpg'},{url:'https://imagescdn.d2cmedia.ca/cb8ff3e46c6e59d97c06d5da445f23140e/2001/14298440/6/Mazda-CX_5-2026.jpg'},{url:'https://imagescdn.d2cmedia.ca/cb8ff3e46c6e59d97c06d5da445f23140e/2001/14298440/7/Mazda-CX_5-2026.jpg'},{url:'https://imagescdn.d2cmedia.ca/cb8ff3e46c6e59d97c06d5da445f23140e/2001/14298440/8/Mazda-CX_5-2026.jpg'},{url:'https://imagescdn.d2cmedia.ca/cb8ff3e46c6e59d97c06d5da445f23140e/2001/14298440/9/Mazda-CX_5-2026.jpg'}]",10,KM,https://www.maplemazda.com/new/inventory/2026-Mazda-CX_5-id14298440.html,2026 Mazda CX-5 4dr Awd Gx at Maple Mazda,40729 CAD,New,Black,,2001,Maple Mazda,+1-905-832-1556,"{addr1: '110 Auto Vaughan Drive', city: 'Maple', region: 'Ontario', postal_code: 'L6A 4A1', country: 'CA'}",43.8362762000,-79.5363420000,,,,,https://www.maplemazda.com/privacy-policy.html,New,2001,In stock,,40729 CAD,Free,
JM1BPBMLXT1893975,JM1BPBMLXT1893975,26-485-new,Mazda,Mazda3 Sport,4dr Awd At Gt I-Acti,2026,AUTOMATIC,HATCHBACK,GASOLINE,,"2026 Mazda Mazda3 Sport 4dr Awd At Gt I-Acti, Black exterior","[{url:'https://imagescdn.d2cmedia.ca/cb34adfe572495083c2e47e109660ac4e7/2001/14110271/1/Mazda-Mazda3 Sport-2026.jpg'},{url:'https://imagescdn.d2cmedia.ca/s834adfe572495083c2e47e109660ac4e7/2001/14110271/1/Mazda-Mazda3_Sport-2026.jpg'},{url:'https://imagescdn.d2cmedia.ca/cb34adfe572495083c2e47e109660ac4e7/2001/14110271/1/Mazda-Mazda3_Sport-2026.jpg'},{url:'https://imagescdn.d2cmedia.ca/cb34adfe572495083c2e47e109660ac4e7/2001/14110271/2/Mazda-Mazda3_Sport-2026.jpg'},{url:'https://imagescdn.d2cmedia.ca/cb34adfe572495083c2e47e109660ac4e7/2001/14110271/3/Mazda-Mazda3_Sport-2026.jpg'},{url:'https://imagescdn.d2cmedia.ca/cb34adfe572495083c2e47e109660ac4e7/2001/14110271/4/Mazda-Mazda3_Sport-2026.jpg'},{url:'https://imagescdn.d2cmedia.ca/cb34adfe572495083c2e47e109660ac4e7/2001/14110271/5/Mazda-Mazda3_Sport-2026.jpg'},{url:'https://imagescdn.d2cmedia.ca/cb34adfe572495083c2e47e109660ac4e7/2001/14110271/6/Mazda-Mazda3_Sport-2026.jpg'},{url:'https://imagescdn.d2cmedia.ca/cb34adfe572495083c2e47e109660ac4e7/2001/14110271/7/Mazda-Mazda3_Sport-2026.jpg'},{url:'https://imagescdn.d2cmedia.ca/cb34adfe572495083c2e47e109660ac4e7/2001/14110271/8/Mazda-Mazda3_Sport-2026.jpg'}]",10,KM,https://www.maplemazda.com/new/inventory/2026-Mazda-Mazda3_Sport-id14110271.html,2026 Mazda Mazda3 Sport 4dr Awd At Gt I-Acti at Maple Mazda,41129 CAD,New,Black,,2001,Maple Mazda,+1-905-832-1556,"{addr1: '110 Auto Vaughan Drive', city: 'Maple', region: 'Ontario', postal_code: 'L6A 4A1', country: 'CA'}",43.8362762000,-79.5363420000,,,,,https://www.maplemazda.com/privacy-policy.html,New,2001,In stock,,41129 CAD,Free,
JM3KMAHA5T0160970,JM3KMAHA5T0160970,26-402-new,Mazda,CX-5,4dr Awd Gx,2026,AUTOMATIC,SUV,GASOLINE,,"2026 Mazda CX-5 4dr Awd Gx, Red exterior","[{url:'https://imagescdn.d2cmedia.ca/cb0fa37c29fe73e8db16d771cdd6342228/2001/13972524/1/Mazda-CX_5-2026.jpg'},{url:'https://imagescdn.d2cmedia.ca/s80fa37c29fe73e8db16d771cdd6342228/2001/13972524/1/Mazda-CX_5-2026.jpg'},{url:'https://imagescdn.d2cmedia.ca/cb0fa37c29fe73e8db16d771cdd6342228/2001/13972524/2/Mazda-CX_5-2026.jpg'},{url:'https://imagescdn.d2cmedia.ca/cb0fa37c29fe73e8db16d771cdd6342228/2001/13972524/3/Mazda-CX_5-2026.jpg'},{url:'https://imagescdn.d2cmedia.ca/cb0fa37c29fe73e8db16d771cdd6342228/2001/13972524/4/Mazda-CX_5-2026.jpg'},{url:'https://imagescdn.d2cmedia.ca/cb0fa37c29fe73e8db16d771cdd6342228/2001/13972524/5/Mazda-CX_5-2026.jpg'},{url:'https://imagescdn.d2cmedia.ca/cb0fa37c29fe73e8db16d771cdd6342228/2001/13972524/6/Mazda-CX_5-2026.jpg'},{url:'https://imagescdn.d2cmedia.ca/cb0fa37c29fe73e8db16d771cdd6342228/2001/13972524/7/Mazda-CX_5-2026.jpg'},{url:'https://imagescdn.d2cmedia.ca/cb0fa37c29fe73e8db16d771cdd6342228/2001/13972524/8/Mazda-CX_5-2026.jpg'},{url:'https://imagescdn.d2cmedia.ca/cb0fa37c29fe73e8db16d771cdd6342228/2001/13972524/9/Mazda-CX_5-2026.jpg'}]",10,KM,https://www.maplemazda.com/new/inventory/2026-Mazda-CX_5-id13972524.html,2026 Mazda CX-5 4dr Awd Gx at Maple Mazda,41229 CAD,New,Red,,2001,Maple Mazda,+1-905-832-1556,"{addr1: '110 Auto Vaughan Drive', city: 'Maple', region: 'Ontario', postal_code: 'L6A 4A1', country: 'CA'}",43.8362762000,-79.5363420000,,,,,https://www.maplemazda.com/privacy-policy.html,New,2001,In stock,,41229 CAD,Free,
JM1BPBML9T1903136,JM1BPBML9T1903136,26-627-new,Mazda,Mazda3 Sport,4dr Awd At Gt I-Acti,2026,AUTOMATIC,HATCHBACK,GASOLINE,,"2026 Mazda Mazda3 Sport 4dr Awd At Gt I-Acti, Grey exterior","[{url:'https://imagescdn.d2cmedia.ca/cb9250530fae5d84773f3d06356bc0e3ab/2001/14379892/1/Mazda-Mazda3 Sport-2026.jpg'},{url:'https://imagescdn.d2cmedia.ca/s89250530fae5d84773f3d06356bc0e3ab/2001/14379892/1/Mazda-Mazda3_Sport-2026.jpg'},{url:'https://imagescdn.d2cmedia.ca/cb9250530fae5d84773f3d06356bc0e3ab/2001/14379892/1/Mazda-Mazda3_Sport-2026.jpg'},{url:'https://imagescdn.d2cmedia.ca/cb9250530fae5d84773f3d06356bc0e3ab/2001/14379892/2/Mazda-Mazda3_Sport-2026.jpg'},{url:'https://imagescdn.d2cmedia.ca/cb9250530fae5d84773f3d06356bc0e3ab/2001/14379892/3/Mazda-Mazda3_Sport-2026.jpg'},{url:'https://imagescdn.d2cmedia.ca/cb9250530fae5d84773f3d06356bc0e3ab/2001/14379892/4/Mazda-Mazda3_Sport-2026.jpg'},{url:'https://imagescdn.d2cmedia.ca/cb9250530fae5d84773f3d06356bc0e3ab/2001/14379892/5/Mazda-Mazda3_Sport-2026.jpg'},{url:'https://imagescdn.d2cmedia.ca/cb9250530fae5d84773f3d06356bc0e3ab/2001/14379892/6/Mazda-Mazda3_Sport-2026.jpg'},{url:'https://imagescdn.d2cmedia.ca/cb9250530fae5d84773f3d06356bc0e3ab/2001/14379892/7/Mazda-Mazda3_Sport-2026.jpg'},{url:'https://imagescdn.d2cmedia.ca/cb9250530fae5d84773f3d06356bc0e3ab/2001/14379892/8/Mazda-Mazda3_Sport-2026.jpg'}]",10,KM,https://www.maplemazda.com/new/inventory/2026-Mazda-Mazda3_Sport-id14379892.html,2026 Mazda Mazda3 Sport 4dr Awd At Gt I-Acti at Maple Mazda,41529 CAD,New,Grey,,2001,Maple Mazda,+1-905-832-1556,"{addr1: '110 Auto Vaughan Drive', city: 'Maple', region: 'Ontario', postal_code: 'L6A 4A1', country: 'CA'}",43.8362762000,-79.5363420000,,,,,https://www.maplemazda.com/privacy-policy.html,New,2001,In stock,,41529 CAD,Free,
3MVDMBDL2TM207799,3MVDMBDL2TM207799,26-315-new,Mazda,CX-30,4dr Awd Gt,2026,AUTOMATIC,SUV,GASOLINE,,"2026 Mazda CX-30 4dr Awd Gt, Red exterior","[{url:'https://imagescdn.d2cmedia.ca/cbeb4048e54112e6c381c6be962440ee65/2001/13857669/1/Mazda-CX_30-2026.jpg'},{url:'https://imagescdn.d2cmedia.ca/s8eb4048e54112e6c381c6be962440ee65/2001/13857669/1/Mazda-CX_30-2026.jpg'},{url:'https://imagescdn.d2cmedia.ca/cbeb4048e54112e6c381c6be962440ee65/2001/13857669/2/Mazda-CX_30-2026.jpg'},{url:'https://imagescdn.d2cmedia.ca/cbeb4048e54112e6c381c6be962440ee65/2001/13857669/3/Mazda-CX_30-2026.jpg'},{url:'https://imagescdn.d2cmedia.ca/cbeb4048e54112e6c381c6be962440ee65/2001/13857669/4/Mazda-CX_30-2026.jpg'},{url:'https://imagescdn.d2cmedia.ca/cbeb4048e54112e6c381c6be962440ee65/2001/13857669/5/Mazda-CX_30-2026.jpg'},{url:'https://imagescdn.d2cmedia.ca/cbeb4048e54112e6c381c6be962440ee65/2001/13857669/6/Mazda-CX_30-2026.jpg'},{url:'https://imagescdn.d2cmedia.ca/cbeb4048e54112e6c381c6be962440ee65/2001/13857669/7/Mazda-CX_30-2026.jpg'},{url:'https://imagescdn.d2cmedia.ca/cbeb4048e54112e6c381c6be962440ee65/2001/13857669/8/Mazda-CX_30-2026.jpg'},{url:'https://imagescdn.d2cmedia.ca/cbeb4048e54112e6c381c6be962440ee65/2001/13857669/9/Mazda-CX_30-2026.jpg'}]",10,KM,https://www.maplemazda.com/new/inventory/2026-Mazda-CX_30-id13857669.html,2026 Mazda CX-30 4dr Awd Gt at Maple Mazda,43129 CAD,New,Red,,2001,Maple Mazda,+1-905-832-1556,"{addr1: '110 Auto Vaughan Drive', city: 'Maple', region: 'Ontario', postal_code: 'L6A 4A1', country: 'CA'}",43.8362762000,-79.5363420000,,,,,https://www.maplemazda.com/privacy-policy.html,New,2001,In stock,,43129 CAD,Free,
3MVDMBDL7TM231774,3MVDMBDL7TM231774,26-632-new,Mazda,CX-30,4rd Awd Gt,2026,AUTOMATIC,SUV,GASOLINE,,"2026 Mazda CX-30 4rd Awd Gt, Grey exterior","[{url:'https://imagescdn.d2cmedia.ca/cbe321aea8803c3c166a7f40c0170df824/2001/14379897/1/Mazda-CX_30-2026.jpg'},{url:'https://imagescdn.d2cmedia.ca/s8e321aea8803c3c166a7f40c0170df824/2001/14379897/1/Mazda-CX_30-2026.jpg'},{url:'https://imagescdn.d2cmedia.ca/cbe321aea8803c3c166a7f40c0170df824/2001/14379897/2/Mazda-CX_30-2026.jpg'},{url:'https://imagescdn.d2cmedia.ca/cbe321aea8803c3c166a7f40c0170df824/2001/14379897/3/Mazda-CX_30-2026.jpg'},{url:'https://imagescdn.d2cmedia.ca/cbe321aea8803c3c166a7f40c0170df824/2001/14379897/4/Mazda-CX_30-2026.jpg'},{url:'https://imagescdn.d2cmedia.ca/cbe321aea8803c3c166a7f40c0170df824/2001/14379897/5/Mazda-CX_30-2026.jpg'},{url:'https://imagescdn.d2cmedia.ca/cbe321aea8803c3c166a7f40c0170df824/2001/14379897/6/Mazda-CX_30-2026.jpg'},{url:'https://imagescdn.d2cmedia.ca/cbe321aea8803c3c166a7f40c0170df824/2001/14379897/7/Mazda-CX_30-2026.jpg'},{url:'https://imagescdn.d2cmedia.ca/cbe321aea8803c3c166a7f40c0170df824/2001/14379897/8/Mazda-CX_30-2026.jpg'},{url:'https://imagescdn.d2cmedia.ca/cbe321aea8803c3c166a7f40c0170df824/2001/14379897/9/Mazda-CX_30-2026.jpg'}]",10,KM,https://www.maplemazda.com/new/inventory/2026-Mazda-CX_30-id14379897.html,2026 Mazda CX-30 4rd Awd Gt at Maple Mazda,43179 CAD,New,Grey,,2001,Maple Mazda,+1-905-832-1556,"{addr1: '110 Auto Vaughan Drive', city: 'Maple', region: 'Ontario', postal_code: 'L6A 4A1', country: 'CA'}",43.8362762000,-79.5363420000,,,,,https://www.maplemazda.com/privacy-policy.html,New,2001,In stock,,43179 CAD,Free,
3MVDMBDL7TM227370,3MVDMBDL7TM227370,26-600-new,Mazda,CX-30,4rd Awd Gt,2026,AUTOMATIC,SUV,GASOLINE,,"2026 Mazda CX-30 4rd Awd Gt, Grey exterior","[{url:'https://imagescdn.d2cmedia.ca/cb5215ebd3260b590ce09da84121345251/2001/14305204/1/Mazda-CX_30-2026.jpg'},{url:'https://imagescdn.d2cmedia.ca/s85215ebd3260b590ce09da84121345251/2001/14305204/1/Mazda-CX_30-2026.jpg'},{url:'https://imagescdn.d2cmedia.ca/cb5215ebd3260b590ce09da84121345251/2001/14305204/2/Mazda-CX_30-2026.jpg'},{url:'https://imagescdn.d2cmedia.ca/cb5215ebd3260b590ce09da84121345251/2001/14305204/3/Mazda-CX_30-2026.jpg'},{url:'https://imagescdn.d2cmedia.ca/cb5215ebd3260b590ce09da84121345251/2001/14305204/4/Mazda-CX_30-2026.jpg'},{url:'https://imagescdn.d2cmedia.ca/cb5215ebd3260b590ce09da84121345251/2001/14305204/5/Mazda-CX_30-2026.jpg'},{url:'https://imagescdn.d2cmedia.ca/cb5215ebd3260b590ce09da84121345251/2001/14305204/6/Mazda-CX_30-2026.jpg'},{url:'https://imagescdn.d2cmedia.ca/cb5215ebd3260b590ce09da84121345251/2001/14305204/7/Mazda-CX_30-2026.jpg'},{url:'https://imagescdn.d2cmedia.ca/cb5215ebd3260b590ce09da84121345251/2001/14305204/8/Mazda-CX_30-2026.jpg'},{url:'https://imagescdn.d2cmedia.ca/cb5215ebd3260b590ce09da84121345251/2001/14305204/9/Mazda-CX_30-2026.jpg'}]",10,KM,https://www.maplemazda.com/new/inventory/2026-Mazda-CX_30-id14305204.html,2026 Mazda CX-30 4rd Awd Gt at Maple Mazda,43279 CAD,New,Grey,,2001,Maple Mazda,+1-905-832-1556,"{addr1: '110 Auto Vaughan Drive', city: 'Maple', region: 'Ontario', postal_code: 'L6A 4A1', country: 'CA'}",43.8362762000,-79.5363420000,,,,,https://www.maplemazda.com/privacy-policy.html,New,2001,In stock,,43279 CAD,Free,
JM3KMBHA0T0209157,JM3KMBHA0T0209157,26-586-new,Mazda,CX-5,4dr Awd Gs,2026,AUTOMATIC,SUV,GASOLINE,,"2026 Mazda CX-5 4dr Awd Gs, Black exterior","[{url:'https://imagescdn.d2cmedia.ca/cba542b59759b1dbc849b1fbe7b764b2da/2001/14292812/1/Mazda-CX_5-2026.jpg'},{url:'https://imagescdn.d2cmedia.ca/s8a542b59759b1dbc849b1fbe7b764b2da/2001/14292812/1/Mazda-CX_5-2026.jpg'},{url:'https://imagescdn.d2cmedia.ca/cba542b59759b1dbc849b1fbe7b764b2da/2001/14292812/2/Mazda-CX_5-2026.jpg'},{url:'https://imagescdn.d2cmedia.ca/cba542b59759b1dbc849b1fbe7b764b2da/2001/14292812/3/Mazda-CX_5-2026.jpg'},{url:'https://imagescdn.d2cmedia.ca/cba542b59759b1dbc849b1fbe7b764b2da/2001/14292812/4/Mazda-CX_5-2026.jpg'},{url:'https://imagescdn.d2cmedia.ca/cba542b59759b1dbc849b1fbe7b764b2da/2001/14292812/5/Mazda-CX_5-2026.jpg'},{url:'https://imagescdn.d2cmedia.ca/cba542b59759b1dbc849b1fbe7b764b2da/2001/14292812/6/Mazda-CX_5-2026.jpg'},{url:'https://imagescdn.d2cmedia.ca/cba542b59759b1dbc849b1fbe7b764b2da/2001/14292812/7/Mazda-CX_5-2026.jpg'},{url:'https://imagescdn.d2cmedia.ca/cba542b59759b1dbc849b1fbe7b764b2da/2001/14292812/8/Mazda-CX_5-2026.jpg'},{url:'https://imagescdn.d2cmedia.ca/cba542b59759b1dbc849b1fbe7b764b2da/2001/14292812/9/Mazda-CX_5-2026.jpg'}]",10,KM,https://www.maplemazda.com/new/inventory/2026-Mazda-CX_5-id14292812.html,2026 Mazda CX-5 4dr Awd Gs at Maple Mazda,43629 CAD,New,Black,,2001,Maple Mazda,+1-905-832-1556,"{addr1: '110 Auto Vaughan Drive', city: 'Maple', region: 'Ontario', postal_code: 'L6A 4A1', country: 'CA'}",43.8362762000,-79.5363420000,,,,,https://www.maplemazda.com/privacy-policy.html,New,2001,In stock,,43629 CAD,Free,
JM3KMBHA6T0210409,JM3KMBHA6T0210409,26-645-new,Mazda,CX-5,4dr Awd Gs,2026,AUTOMATIC,SUV,GASOLINE,,"2026 Mazda CX-5 4dr Awd Gs, Black exterior","[{url:'https://imagescdn.d2cmedia.ca/cb4f720412e78442d432276ec4d8b8ab77/2001/14413957/1/Mazda-CX_5-2026.jpg'},{url:'https://imagescdn.d2cmedia.ca/s84f720412e78442d432276ec4d8b8ab77/2001/14413957/1/Mazda-CX_5-2026.jpg'},{url:'https://imagescdn.d2cmedia.ca/cb4f720412e78442d432276ec4d8b8ab77/2001/14413957/2/Mazda-CX_5-2026.jpg'},{url:'https://imagescdn.d2cmedia.ca/cb4f720412e78442d432276ec4d8b8ab77/2001/14413957/3/Mazda-CX_5-2026.jpg'},{url:'https://imagescdn.d2cmedia.ca/cb4f720412e78442d432276ec4d8b8ab77/2001/14413957/4/Mazda-CX_5-2026.jpg'},{url:'https://imagescdn.d2cmedia.ca/cb4f720412e78442d432276ec4d8b8ab77/2001/14413957/5/Mazda-CX_5-2026.jpg'},{url:'https://imagescdn.d2cmedia.ca/cb4f720412e78442d432276ec4d8b8ab77/2001/14413957/6/Mazda-CX_5-2026.jpg'},{url:'https://imagescdn.d2cmedia.ca/cb4f720412e78442d432276ec4d8b8ab77/2001/14413957/7/Mazda-CX_5-2026.jpg'},{url:'https://imagescdn.d2cmedia.ca/cb4f720412e78442d432276ec4d8b8ab77/2001/14413957/8/Mazda-CX_5-2026.jpg'},{url:'https://imagescdn.d2cmedia.ca/cb4f720412e78442d432276ec4d8b8ab77/2001/14413957/9/Mazda-CX_5-2026.jpg'}]",10,KM,https://www.maplemazda.com/new/inventory/2026-Mazda-CX_5-id14413957.html,2026 Mazda CX-5 4dr Awd Gs at Maple Mazda,43629 CAD,New,Black,,2001,Maple Mazda,+1-905-832-1556,"{addr1: '110 Auto Vaughan Drive', city: 'Maple', region: 'Ontario', postal_code: 'L6A 4A1', country: 'CA'}",43.8362762000,-79.5363420000,,,,,https://www.maplemazda.com/privacy-policy.html,New,2001,In stock,,43629 CAD,Free,
JM3KMBHAXT0224443,JM3KMBHAXT0224443,26-661-new,Mazda,CX-5,4dr Awd Gs,2026,AUTOMATIC,SUV,GASOLINE,,"2026 Mazda CX-5 4dr Awd Gs, Black exterior","[{url:'https://carimages.d2cmedia.ca/newcarimages/en/cb6aba940cce7b0/Mazda/CX-5/2026/1200/483283-NERSIEFXRCBHUw/black/front45.png'},{url:'https://carimages.d2cmedia.ca/newcarimages/en/cb6aba940cce7b0/Mazda/CX-5/2026/1280/483283/black/front_45_degree.png'},{url:'https://carimages.d2cmedia.ca/newcarimages/en/cb6aba940cce7b0/Mazda/CX-5/2026/2100/483283/black/front_45_degree.png'},{url:'https://carimages.d2cmedia.ca/newcarimages/en/cb6aba940cce7b0/Mazda/CX-5/2026/2100/483283/black/profile.png'}]",10,KM,https://www.maplemazda.com/new/inventory/2026-Mazda-CX_5-id14433003.html,2026 Mazda CX-5 4dr Awd Gs at Maple Mazda,43629 CAD,New,Black,,2001,Maple Mazda,+1-905-832-1556,"{addr1: '110 Auto Vaughan Drive', city: 'Maple', region: 'Ontario', postal_code: 'L6A 4A1', country: 'CA'}",43.8362762000,-79.5363420000,,,,,https://www.maplemazda.com/privacy-policy.html,New,2001,In stock,,43629 CAD,Free,
JM3KMBHA3T0124507,JM3KMBHA3T0124507,26-174-new,Mazda,CX-5,4dr Awd Gs,2026,AUTOMATIC,SUV,GASOLINE,,"2026 Mazda CX-5 4dr Awd Gs, Blue exterior","[{url:'https://imagescdn.d2cmedia.ca/cbace8644b2c83bc9abba082b98a424ad5/2001/13636655/1/Mazda-CX_5-2026.jpg'},{url:'https://imagescdn.d2cmedia.ca/s8ace8644b2c83bc9abba082b98a424ad5/2001/13636655/1/Mazda-CX_5-2026.jpg'},{url:'https://imagescdn.d2cmedia.ca/cbace8644b2c83bc9abba082b98a424ad5/2001/13636655/2/Mazda-CX_5-2026.jpg'},{url:'https://imagescdn.d2cmedia.ca/cbace8644b2c83bc9abba082b98a424ad5/2001/13636655/3/Mazda-CX_5-2026.jpg'},{url:'https://imagescdn.d2cmedia.ca/cbace8644b2c83bc9abba082b98a424ad5/2001/13636655/4/Mazda-CX_5-2026.jpg'},{url:'https://imagescdn.d2cmedia.ca/cbace8644b2c83bc9abba082b98a424ad5/2001/13636655/5/Mazda-CX_5-2026.jpg'},{url:'https://imagescdn.d2cmedia.ca/cbace8644b2c83bc9abba082b98a424ad5/2001/13636655/6/Mazda-CX_5-2026.jpg'},{url:'https://imagescdn.d2cmedia.ca/cbace8644b2c83bc9abba082b98a424ad5/2001/13636655/7/Mazda-CX_5-2026.jpg'},{url:'https://imagescdn.d2cmedia.ca/cbace8644b2c83bc9abba082b98a424ad5/2001/13636655/8/Mazda-CX_5-2026.jpg'},{url:'https://imagescdn.d2cmedia.ca/cbace8644b2c83bc9abba082b98a424ad5/2001/13636655/9/Mazda-CX_5-2026.jpg'}]",10,KM,https://www.maplemazda.com/new/inventory/2026-Mazda-CX_5-id13636655.html,2026 Mazda CX-5 4dr Awd Gs at Maple Mazda,43879 CAD,New,Blue,,2001,Maple Mazda,+1-905-832-1556,"{addr1: '110 Auto Vaughan Drive', city: 'Maple', region: 'Ontario', postal_code: 'L6A 4A1', country: 'CA'}",43.8362762000,-79.5363420000,,,,,https://www.maplemazda.com/privacy-policy.html,New,2001,In stock,,43879 CAD,Free,
JM3KMBHA7T0200553,JM3KMBHA7T0200553,26-570-new,Mazda,CX-5,4dr Awd Gs,2026,AUTOMATIC,SUV,GASOLINE,,"2026 Mazda CX-5 4dr Awd Gs, Grey exterior","[{url:'https://imagescdn.d2cmedia.ca/cb96da7a799844429512c2538be4db56f2/2001/14261862/1/Mazda-CX_5-2026.jpg'},{url:'https://imagescdn.d2cmedia.ca/s896da7a799844429512c2538be4db56f2/2001/14261862/1/Mazda-CX_5-2026.jpg'},{url:'https://imagescdn.d2cmedia.ca/cb96da7a799844429512c2538be4db56f2/2001/14261862/2/Mazda-CX_5-2026.jpg'},{url:'https://imagescdn.d2cmedia.ca/cb96da7a799844429512c2538be4db56f2/2001/14261862/3/Mazda-CX_5-2026.jpg'},{url:'https://imagescdn.d2cmedia.ca/cb96da7a799844429512c2538be4db56f2/2001/14261862/4/Mazda-CX_5-2026.jpg'},{url:'https://imagescdn.d2cmedia.ca/cb96da7a799844429512c2538be4db56f2/2001/14261862/5/Mazda-CX_5-2026.jpg'},{url:'https://imagescdn.d2cmedia.ca/cb96da7a799844429512c2538be4db56f2/2001/14261862/6/Mazda-CX_5-2026.jpg'},{url:'https://imagescdn.d2cmedia.ca/cb96da7a799844429512c2538be4db56f2/2001/14261862/7/Mazda-CX_5-2026.jpg'},{url:'https://imagescdn.d2cmedia.ca/cb96da7a799844429512c2538be4db56f2/2001/14261862/8/Mazda-CX_5-2026.jpg'},{url:'https://imagescdn.d2cmedia.ca/cb96da7a799844429512c2538be4db56f2/2001/14261862/9/Mazda-CX_5-2026.jpg'}]",10,KM,https://www.maplemazda.com/new/inventory/2026-Mazda-CX_5-id14261862.html,2026 Mazda CX-5 4dr Awd Gs at Maple Mazda,43929 CAD,New,Grey,,2001,Maple Mazda,+1-905-832-1556,"{addr1: '110 Auto Vaughan Drive', city: 'Maple', region: 'Ontario', postal_code: 'L6A 4A1', country: 'CA'}",43.8362762000,-79.5363420000,,,,,https://www.maplemazda.com/privacy-policy.html,New,2001,In stock,,43929 CAD,Free,
JM3KMBHAXT0224412,JM3KMBHAXT0224412,26-653-new,Mazda,CX-5,4dr Awd Gs,2026,AUTOMATIC,SUV,GASOLINE,,"2026 Mazda CX-5 4dr Awd Gs, Grey exterior","[{url:'https://imagescdn.d2cmedia.ca/cb36a384bc7bf0332172f42947db7f39f0/2001/14427284/1/Mazda-CX_5-2026.jpg'},{url:'https://imagescdn.d2cmedia.ca/s836a384bc7bf0332172f42947db7f39f0/2001/14427284/1/Mazda-CX_5-2026.jpg'},{url:'https://imagescdn.d2cmedia.ca/cb36a384bc7bf0332172f42947db7f39f0/2001/14427284/2/Mazda-CX_5-2026.jpg'},{url:'https://imagescdn.d2cmedia.ca/cb36a384bc7bf0332172f42947db7f39f0/2001/14427284/3/Mazda-CX_5-2026.jpg'},{url:'https://imagescdn.d2cmedia.ca/cb36a384bc7bf0332172f42947db7f39f0/2001/14427284/4/Mazda-CX_5-2026.jpg'},{url:'https://imagescdn.d2cmedia.ca/cb36a384bc7bf0332172f42947db7f39f0/2001/14427284/5/Mazda-CX_5-2026.jpg'},{url:'https://imagescdn.d2cmedia.ca/cb36a384bc7bf0332172f42947db7f39f0/2001/14427284/6/Mazda-CX_5-2026.jpg'},{url:'https://imagescdn.d2cmedia.ca/cb36a384bc7bf0332172f42947db7f39f0/2001/14427284/7/Mazda-CX_5-2026.jpg'},{url:'https://imagescdn.d2cmedia.ca/cb36a384bc7bf0332172f42947db7f39f0/2001/14427284/8/Mazda-CX_5-2026.jpg'},{url:'https://imagescdn.d2cmedia.ca/cb36a384bc7bf0332172f42947db7f39f0/2001/14427284/9/Mazda-CX_5-2026.jpg'}]",10,KM,https://www.maplemazda.com/new/inventory/2026-Mazda-CX_5-id14427284.html,2026 Mazda CX-5 4dr Awd Gs at Maple Mazda,43929 CAD,New,Grey,,2001,Maple Mazda,+1-905-832-1556,"{addr1: '110 Auto Vaughan Drive', city: 'Maple', region: 'Ontario', postal_code: 'L6A 4A1', country: 'CA'}",43.8362762000,-79.5363420000,,,,,https://www.maplemazda.com/privacy-policy.html,New,2001,In stock,,43929 CAD,Free,
JM3KMBHA5T0224172,JM3KMBHA5T0224172,26-660-new,Mazda,CX-5,4dr Awd Gs,2026,AUTOMATIC,SUV,GASOLINE,,"2026 Mazda CX-5 4dr Awd Gs, Grey exterior","[{url:'https://carimages.d2cmedia.ca/newcarimages/en/cb6aba940cce7b0/Mazda/CX-5/2026/1200/483283-NERSIEFXRCBHUw/Gray/front45.png'},{url:'https://carimages.d2cmedia.ca/newcarimages/en/cb6aba940cce7b0/Mazda/CX-5/2026/1280/483283/grey/front_45_degree.png'},{url:'https://carimages.d2cmedia.ca/newcarimages/en/cb6aba940cce7b0/Mazda/CX-5/2026/2100/483283/grey/front_45_degree.png'},{url:'https://carimages.d2cmedia.ca/newcarimages/en/cb6aba940cce7b0/Mazda/CX-5/2026/2100/483283/grey/profile.png'}]",10,KM,https://www.maplemazda.com/new/inventory/2026-Mazda-CX_5-id14433002.html,2026 Mazda CX-5 4dr Awd Gs at Maple Mazda,43929 CAD,New,Grey,,2001,Maple Mazda,+1-905-832-1556,"{addr1: '110 Auto Vaughan Drive', city: 'Maple', region: 'Ontario', postal_code: 'L6A 4A1', country: 'CA'}",43.8362762000,-79.5363420000,,,,,https://www.maplemazda.com/privacy-policy.html,New,2001,In stock,,43929 CAD,Free,
JM3KMBHA7T0191689,JM3KMBHA7T0191689,26-520-new,Mazda,CX-5,4dr Awd Gs,2026,AUTOMATIC,SUV,GASOLINE,,"2026 Mazda CX-5 4dr Awd Gs, Grey exterior","[{url:'https://imagescdn.d2cmedia.ca/cbe62cf9eedb11524285e96d2dd5986dcc/2001/14172321/1/Mazda-CX_5-2026.jpg'},{url:'https://imagescdn.d2cmedia.ca/s8e62cf9eedb11524285e96d2dd5986dcc/2001/14172321/1/Mazda-CX_5-2026.jpg'},{url:'https://imagescdn.d2cmedia.ca/cbe62cf9eedb11524285e96d2dd5986dcc/2001/14172321/2/Mazda-CX_5-2026.jpg'},{url:'https://imagescdn.d2cmedia.ca/cbe62cf9eedb11524285e96d2dd5986dcc/2001/14172321/3/Mazda-CX_5-2026.jpg'},{url:'https://imagescdn.d2cmedia.ca/cbe62cf9eedb11524285e96d2dd5986dcc/2001/14172321/4/Mazda-CX_5-2026.jpg'},{url:'https://imagescdn.d2cmedia.ca/cbe62cf9eedb11524285e96d2dd5986dcc/2001/14172321/5/Mazda-CX_5-2026.jpg'},{url:'https://imagescdn.d2cmedia.ca/cbe62cf9eedb11524285e96d2dd5986dcc/2001/14172321/6/Mazda-CX_5-2026.jpg'},{url:'https://imagescdn.d2cmedia.ca/cbe62cf9eedb11524285e96d2dd5986dcc/2001/14172321/7/Mazda-CX_5-2026.jpg'},{url:'https://imagescdn.d2cmedia.ca/cbe62cf9eedb11524285e96d2dd5986dcc/2001/14172321/8/Mazda-CX_5-2026.jpg'},{url:'https://imagescdn.d2cmedia.ca/cbe62cf9eedb11524285e96d2dd5986dcc/2001/14172321/9/Mazda-CX_5-2026.jpg'}]",10,KM,https://www.maplemazda.com/new/inventory/2026-Mazda-CX_5-id14172321.html,2026 Mazda CX-5 4dr Awd Gs at Maple Mazda,44029 CAD,New,Grey,,2001,Maple Mazda,+1-905-832-1556,"{addr1: '110 Auto Vaughan Drive', city: 'Maple', region: 'Ontario', postal_code: 'L6A 4A1', country: 'CA'}",43.8362762000,-79.5363420000,,,,,https://www.maplemazda.com/privacy-policy.html,New,2001,In stock,,44029 CAD,Free,
JM3KMBHA2T0181734,JM3KMBHA2T0181734,26-546-new,Mazda,CX-5,4dr Awd Gs,2026,AUTOMATIC,SUV,GASOLINE,,"2026 Mazda CX-5 4dr Awd Gs, White exterior","[{url:'https://imagescdn.d2cmedia.ca/cb7b20d60c44da8bc079c03e071b578d2e/2001/14189679/1/Mazda-CX_5-2026.jpg'},{url:'https://imagescdn.d2cmedia.ca/s87b20d60c44da8bc079c03e071b578d2e/2001/14189679/1/Mazda-CX_5-2026.jpg'},{url:'https://imagescdn.d2cmedia.ca/cb7b20d60c44da8bc079c03e071b578d2e/2001/14189679/2/Mazda-CX_5-2026.jpg'},{url:'https://imagescdn.d2cmedia.ca/cb7b20d60c44da8bc079c03e071b578d2e/2001/14189679/3/Mazda-CX_5-2026.jpg'},{url:'https://imagescdn.d2cmedia.ca/cb7b20d60c44da8bc079c03e071b578d2e/2001/14189679/4/Mazda-CX_5-2026.jpg'},{url:'https://imagescdn.d2cmedia.ca/cb7b20d60c44da8bc079c03e071b578d2e/2001/14189679/5/Mazda-CX_5-2026.jpg'},{url:'https://imagescdn.d2cmedia.ca/cb7b20d60c44da8bc079c03e071b578d2e/2001/14189679/6/Mazda-CX_5-2026.jpg'},{url:'https://imagescdn.d2cmedia.ca/cb7b20d60c44da8bc079c03e071b578d2e/2001/14189679/7/Mazda-CX_5-2026.jpg'},{url:'https://imagescdn.d2cmedia.ca/cb7b20d60c44da8bc079c03e071b578d2e/2001/14189679/8/Mazda-CX_5-2026.jpg'},{url:'https://imagescdn.d2cmedia.ca/cb7b20d60c44da8bc079c03e071b578d2e/2001/14189679/9/Mazda-CX_5-2026.jpg'}]",10,KM,https://www.maplemazda.com/new/inventory/2026-Mazda-CX_5-id14189679.html,2026 Mazda CX-5 4dr Awd Gs at Maple Mazda,44029 CAD,New,White,,2001,Maple Mazda,+1-905-832-1556,"{addr1: '110 Auto Vaughan Drive', city: 'Maple', region: 'Ontario', postal_code: 'L6A 4A1', country: 'CA'}",43.8362762000,-79.5363420000,,,,,https://www.maplemazda.com/privacy-policy.html,New,2001,In stock,,44029 CAD,Free,
JM3KMBHA9T0208749,JM3KMBHA9T0208749,26-591-new,Mazda,CX-5,4dr Awd Gs,2026,AUTOMATIC,SUV,GASOLINE,,"2026 Mazda CX-5 4dr Awd Gs, Grey exterior","[{url:'https://imagescdn.d2cmedia.ca/cba166acd0356d2a9e586eb6ff24d0f32f/2001/14298436/1/Mazda-CX_5-2026.jpg'},{url:'https://imagescdn.d2cmedia.ca/s8a166acd0356d2a9e586eb6ff24d0f32f/2001/14298436/1/Mazda-CX_5-2026.jpg'},{url:'https://imagescdn.d2cmedia.ca/cba166acd0356d2a9e586eb6ff24d0f32f/2001/14298436/2/Mazda-CX_5-2026.jpg'},{url:'https://imagescdn.d2cmedia.ca/cba166acd0356d2a9e586eb6ff24d0f32f/2001/14298436/3/Mazda-CX_5-2026.jpg'},{url:'https://imagescdn.d2cmedia.ca/cba166acd0356d2a9e586eb6ff24d0f32f/2001/14298436/4/Mazda-CX_5-2026.jpg'},{url:'https://imagescdn.d2cmedia.ca/cba166acd0356d2a9e586eb6ff24d0f32f/2001/14298436/5/Mazda-CX_5-2026.jpg'},{url:'https://imagescdn.d2cmedia.ca/cba166acd0356d2a9e586eb6ff24d0f32f/2001/14298436/6/Mazda-CX_5-2026.jpg'},{url:'https://imagescdn.d2cmedia.ca/cba166acd0356d2a9e586eb6ff24d0f32f/2001/14298436/7/Mazda-CX_5-2026.jpg'},{url:'https://imagescdn.d2cmedia.ca/cba166acd0356d2a9e586eb6ff24d0f32f/2001/14298436/8/Mazda-CX_5-2026.jpg'},{url:'https://imagescdn.d2cmedia.ca/cba166acd0356d2a9e586eb6ff24d0f32f/2001/14298436/9/Mazda-CX_5-2026.jpg'}]",10,KM,https://www.maplemazda.com/new/inventory/2026-Mazda-CX_5-id14298436.html,2026 Mazda CX-5 4dr Awd Gs at Maple Mazda,44029 CAD,New,Grey,,2001,Maple Mazda,+1-905-832-1556,"{addr1: '110 Auto Vaughan Drive', city: 'Maple', region: 'Ontario', postal_code: 'L6A 4A1', country: 'CA'}",43.8362762000,-79.5363420000,,,,,https://www.maplemazda.com/privacy-policy.html,New,2001,In stock,,44029 CAD,Free,
JM3KMBHA7T0210435,JM3KMBHA7T0210435,26-592-new,Mazda,CX-5,4dr Awd Gs,2026,AUTOMATIC,SUV,GASOLINE,,"2026 Mazda CX-5 4dr Awd Gs, White exterior","[{url:'https://imagescdn.d2cmedia.ca/cba0d9b6a485919548cb7651fb8b08267a/2001/14298437/1/Mazda-CX_5-2026.jpg'},{url:'https://imagescdn.d2cmedia.ca/s8a0d9b6a485919548cb7651fb8b08267a/2001/14298437/1/Mazda-CX_5-2026.jpg'},{url:'https://imagescdn.d2cmedia.ca/cba0d9b6a485919548cb7651fb8b08267a/2001/14298437/2/Mazda-CX_5-2026.jpg'},{url:'https://imagescdn.d2cmedia.ca/cba0d9b6a485919548cb7651fb8b08267a/2001/14298437/3/Mazda-CX_5-2026.jpg'},{url:'https://imagescdn.d2cmedia.ca/cba0d9b6a485919548cb7651fb8b08267a/2001/14298437/4/Mazda-CX_5-2026.jpg'},{url:'https://imagescdn.d2cmedia.ca/cba0d9b6a485919548cb7651fb8b08267a/2001/14298437/5/Mazda-CX_5-2026.jpg'},{url:'https://imagescdn.d2cmedia.ca/cba0d9b6a485919548cb7651fb8b08267a/2001/14298437/6/Mazda-CX_5-2026.jpg'},{url:'https://imagescdn.d2cmedia.ca/cba0d9b6a485919548cb7651fb8b08267a/2001/14298437/7/Mazda-CX_5-2026.jpg'},{url:'https://imagescdn.d2cmedia.ca/cba0d9b6a485919548cb7651fb8b08267a/2001/14298437/8/Mazda-CX_5-2026.jpg'},{url:'https://imagescdn.d2cmedia.ca/cba0d9b6a485919548cb7651fb8b08267a/2001/14298437/9/Mazda-CX_5-2026.jpg'}]",10,KM,https://www.maplemazda.com/new/inventory/2026-Mazda-CX_5-id14298437.html,2026 Mazda CX-5 4dr Awd Gs at Maple Mazda,44029 CAD,New,White,,2001,Maple Mazda,+1-905-832-1556,"{addr1: '110 Auto Vaughan Drive', city: 'Maple', region: 'Ontario', postal_code: 'L6A 4A1', country: 'CA'}",43.8362762000,-79.5363420000,,,,,https://www.maplemazda.com/privacy-policy.html,New,2001,In stock,,44029 CAD,Free,
JM1BPBMY9T1900250,JM1BPBMY9T1900250,26-597-new,Mazda,Mazda3 Sport,4dr Awd At Gt Trbo I,2026,AUTOMATIC,HATCHBACK,GASOLINE,,"2026 Mazda Mazda3 Sport 4dr Awd At Gt Trbo I, White exterior","[{url:'https://carimages.d2cmedia.ca/newcarimages/en/cb6aba940cce7b0/Mazda/Mazda3 Sport/2026/1200/483033-NERSIEFXRCBBVCBHVCBUUkJPIEk/white/front45.png'},{url:'https://carimages.d2cmedia.ca/newcarimages/en/cb6aba940cce7b0/Mazda/Mazda3 Sport/2026/1280/483033/white/front_45_degree.png'},{url:'https://carimages.d2cmedia.ca/newcarimages/en/cb6aba940cce7b0/Mazda/Mazda3 Sport/2026/2100/483033/white/front_45_degree.png'},{url:'https://carimages.d2cmedia.ca/newcarimages/en/cb6aba940cce7b0/Mazda/Mazda3 Sport/2026/2100/483033/white/profile.png'},{url:'https://carimages.d2cmedia.ca/newcarimages/en/cb6aba940cce7b0/Mazda/Mazda3 Sport/2026/2100/483033/white/back_45_degree.png'},{url:'https://carimages.d2cmedia.ca/newcarimages/en/cb6aba940cce7b0/Mazda/Mazda3 Sport/2026/2100/483033/white/driver_dashboard.png'},{url:'https://carimages.d2cmedia.ca/newcarimages/en/cb6aba940cce7b0/Mazda/Mazda3 Sport/2026/2100/483033/white/full_dashboard.png'},{url:'https://carimages.d2cmedia.ca/newcarimages/en/cb6aba940cce7b0/Mazda/Mazda3 Sport/2026/2100/483033/white/interior_driver_open_seat.png'},{url:'https://carimages.d2cmedia.ca/newcarimages/en/cb6aba940cce7b0/Mazda/Mazda3 Sport/2026/2100/483033/white/interior_driver_stereo.png'},{url:'https://carimages.d2cmedia.ca/newcarimages/en/cb6aba940cce7b0/Mazda/Mazda3 Sport/2026/2100/483033/white/interior_driver_reat_seats.png'}]",10,KM,https://www.maplemazda.com/new/inventory/2026-Mazda-Mazda3_Sport-id14298442.html,2026 Mazda Mazda3 Sport 4dr Awd At Gt Trbo I at Maple Mazda,44079 CAD,New,White,,2001,Maple Mazda,+1-905-832-1556,"{addr1: '110 Auto Vaughan Drive', city: 'Maple', region: 'Ontario', postal_code: 'L6A 4A1', country: 'CA'}",43.8362762000,-79.5363420000,,,,,https://www.maplemazda.com/privacy-policy.html,New,2001,In stock,,44079 CAD,Free,
JM1BPBMY5T1903193,JM1BPBMY5T1903193,26-626-new,Mazda,Mazda3 Sport,4dr Awd At Gt Trbo I,2026,AUTOMATIC,HATCHBACK,GASOLINE,,"2026 Mazda Mazda3 Sport 4dr Awd At Gt Trbo I, White exterior","[{url:'https://carimages.d2cmedia.ca/newcarimages/en/cb6aba940cce7b0/Mazda/Mazda3 Sport/2026/1200/483033-NERSIEFXRCBBVCBHVCBUUkJPIEk/white/front45.png'},{url:'https://carimages.d2cmedia.ca/newcarimages/en/cb6aba940cce7b0/Mazda/Mazda3 Sport/2026/1280/483033/white/front_45_degree.png'},{url:'https://carimages.d2cmedia.ca/newcarimages/en/cb6aba940cce7b0/Mazda/Mazda3 Sport/2026/2100/483033/white/front_45_degree.png'},{url:'https://carimages.d2cmedia.ca/newcarimages/en/cb6aba940cce7b0/Mazda/Mazda3 Sport/2026/2100/483033/white/profile.png'},{url:'https://carimages.d2cmedia.ca/newcarimages/en/cb6aba940cce7b0/Mazda/Mazda3 Sport/2026/2100/483033/white/back_45_degree.png'},{url:'https://carimages.d2cmedia.ca/newcarimages/en/cb6aba940cce7b0/Mazda/Mazda3 Sport/2026/2100/483033/white/driver_dashboard.png'},{url:'https://carimages.d2cmedia.ca/newcarimages/en/cb6aba940cce7b0/Mazda/Mazda3 Sport/2026/2100/483033/white/full_dashboard.png'},{url:'https://carimages.d2cmedia.ca/newcarimages/en/cb6aba940cce7b0/Mazda/Mazda3 Sport/2026/2100/483033/white/interior_driver_open_seat.png'},{url:'https://carimages.d2cmedia.ca/newcarimages/en/cb6aba940cce7b0/Mazda/Mazda3 Sport/2026/2100/483033/white/interior_driver_stereo.png'},{url:'https://carimages.d2cmedia.ca/newcarimages/en/cb6aba940cce7b0/Mazda/Mazda3 Sport/2026/2100/483033/white/interior_driver_reat_seats.png'}]",10,KM,https://www.maplemazda.com/new/inventory/2026-Mazda-Mazda3_Sport-id14379891.html,2026 Mazda Mazda3 Sport 4dr Awd At Gt Trbo I at Maple Mazda,44079 CAD,New,White,,2001,Maple Mazda,+1-905-832-1556,"{addr1: '110 Auto Vaughan Drive', city: 'Maple', region: 'Ontario', postal_code: 'L6A 4A1', country: 'CA'}",43.8362762000,-79.5363420000,,,,,https://www.maplemazda.com/privacy-policy.html,New,2001,In stock,,44079 CAD,Free,
3MVDMBDY9TM234428,3MVDMBDY9TM234428,26-656-new,Mazda,CX-30,4dr Awd Gt Turbo,2026,AUTOMATIC,SUV,GASOLINE,,"2026 Mazda CX-30 4dr Awd Gt Turbo, Blue exterior","[{url:'https://carimages.d2cmedia.ca/newcarimages/en/cb6aba940cce7b0/Mazda/CX-30/2026/1200/483017-NERSIEFXRCBHVCBUVVJCTw/blue/front45.png'},{url:'https://carimages.d2cmedia.ca/newcarimages/en/cb6aba940cce7b0/Mazda/CX-30/2026/1280/483017/blue/front_45_degree.png'},{url:'https://carimages.d2cmedia.ca/newcarimages/en/cb6aba940cce7b0/Mazda/CX-30/2026/2100/483017/blue/front_45_degree.png'},{url:'https://carimages.d2cmedia.ca/newcarimages/en/cb6aba940cce7b0/Mazda/CX-30/2026/2100/483017/blue/profile.png'},{url:'https://carimages.d2cmedia.ca/newcarimages/en/cb6aba940cce7b0/Mazda/CX-30/2026/2100/483017/blue/back_45_degree.png'},{url:'https://carimages.d2cmedia.ca/newcarimages/en/cb6aba940cce7b0/Mazda/CX-30/2026/2100/483017/blue/driver_dashboard.png'},{url:'https://carimages.d2cmedia.ca/newcarimages/en/cb6aba940cce7b0/Mazda/CX-30/2026/2100/483017/blue/full_dashboard.png'},{url:'https://carimages.d2cmedia.ca/newcarimages/en/cb6aba940cce7b0/Mazda/CX-30/2026/2100/483017/blue/interior_driver_open_seat.png'},{url:'https://carimages.d2cmedia.ca/newcarimages/en/cb6aba940cce7b0/Mazda/CX-30/2026/2100/483017/blue/interior_driver_stereo.png'},{url:'https://carimages.d2cmedia.ca/newcarimages/en/cb6aba940cce7b0/Mazda/CX-30/2026/2100/483017/blue/interior_driver_reat_seats.png'}]",10,KM,https://www.maplemazda.com/new/inventory/2026-Mazda-CX_30-id14432999.html,2026 Mazda CX-30 4dr Awd Gt Turbo at Maple Mazda,45029 CAD,New,Blue,,2001,Maple Mazda,+1-905-832-1556,"{addr1: '110 Auto Vaughan Drive', city: 'Maple', region: 'Ontario', postal_code: 'L6A 4A1', country: 'CA'}",43.8362762000,-79.5363420000,,,,,https://www.maplemazda.com/privacy-policy.html,New,2001,In stock,,45029 CAD,Free,
3MVDMBDY4TM143003,3MVDMBDY4TM143003,26-141-new,Mazda,CX-30,4dr Awd Gt Turbo,2026,AUTOMATIC,SUV,GASOLINE,,"2026 Mazda CX-30 4dr Awd Gt Turbo, Black exterior","[{url:'https://imagescdn.d2cmedia.ca/cbecb3b39a43889d1dec59ba9ca304a085/2001/13574906/1/Mazda-CX_30-2026.jpg'},{url:'https://imagescdn.d2cmedia.ca/s8ecb3b39a43889d1dec59ba9ca304a085/2001/13574906/1/Mazda-CX_30-2026.jpg'},{url:'https://imagescdn.d2cmedia.ca/cbecb3b39a43889d1dec59ba9ca304a085/2001/13574906/2/Mazda-CX_30-2026.jpg'},{url:'https://imagescdn.d2cmedia.ca/cbecb3b39a43889d1dec59ba9ca304a085/2001/13574906/3/Mazda-CX_30-2026.jpg'},{url:'https://imagescdn.d2cmedia.ca/cbecb3b39a43889d1dec59ba9ca304a085/2001/13574906/4/Mazda-CX_30-2026.jpg'},{url:'https://imagescdn.d2cmedia.ca/cbecb3b39a43889d1dec59ba9ca304a085/2001/13574906/5/Mazda-CX_30-2026.jpg'},{url:'https://imagescdn.d2cmedia.ca/cbecb3b39a43889d1dec59ba9ca304a085/2001/13574906/6/Mazda-CX_30-2026.jpg'},{url:'https://imagescdn.d2cmedia.ca/cbecb3b39a43889d1dec59ba9ca304a085/2001/13574906/7/Mazda-CX_30-2026.jpg'},{url:'https://imagescdn.d2cmedia.ca/cbecb3b39a43889d1dec59ba9ca304a085/2001/13574906/8/Mazda-CX_30-2026.jpg'},{url:'https://imagescdn.d2cmedia.ca/cbecb3b39a43889d1dec59ba9ca304a085/2001/13574906/9/Mazda-CX_30-2026.jpg'}]",10,KM,https://www.maplemazda.com/new/inventory/2026-Mazda-CX_30-id13574906.html,2026 Mazda CX-30 4dr Awd Gt Turbo at Maple Mazda,45279 CAD,New,Black,,2001,Maple Mazda,+1-905-832-1556,"{addr1: '110 Auto Vaughan Drive', city: 'Maple', region: 'Ontario', postal_code: 'L6A 4A1', country: 'CA'}",43.8362762000,-79.5363420000,,,,,https://www.maplemazda.com/privacy-policy.html,New,2001,In stock,,45279 CAD,Free,
3MVDMBAY5TM127977,3MVDMBAY5TM127977,26-059-new,Mazda,CX-30,4dr Awd Gt Turbo,2026,AUTOMATIC,SUV,GASOLINE,,"2026 Mazda CX-30 4dr Awd Gt Turbo, Black exterior","[{url:'https://imagescdn.d2cmedia.ca/cb383c639869f810917be5c6ba23ce2b03/2001/13358672/1/Mazda-CX_30-2026.jpg'},{url:'https://imagescdn.d2cmedia.ca/s8383c639869f810917be5c6ba23ce2b03/2001/13358672/1/Mazda-CX_30-2026.jpg'},{url:'https://imagescdn.d2cmedia.ca/cb383c639869f810917be5c6ba23ce2b03/2001/13358672/2/Mazda-CX_30-2026.jpg'},{url:'https://imagescdn.d2cmedia.ca/cb383c639869f810917be5c6ba23ce2b03/2001/13358672/3/Mazda-CX_30-2026.jpg'},{url:'https://imagescdn.d2cmedia.ca/cb383c639869f810917be5c6ba23ce2b03/2001/13358672/4/Mazda-CX_30-2026.jpg'},{url:'https://imagescdn.d2cmedia.ca/cb383c639869f810917be5c6ba23ce2b03/2001/13358672/5/Mazda-CX_30-2026.jpg'},{url:'https://imagescdn.d2cmedia.ca/cb383c639869f810917be5c6ba23ce2b03/2001/13358672/6/Mazda-CX_30-2026.jpg'},{url:'https://imagescdn.d2cmedia.ca/cb383c639869f810917be5c6ba23ce2b03/2001/13358672/7/Mazda-CX_30-2026.jpg'},{url:'https://imagescdn.d2cmedia.ca/cb383c639869f810917be5c6ba23ce2b03/2001/13358672/8/Mazda-CX_30-2026.jpg'},{url:'https://imagescdn.d2cmedia.ca/cb383c639869f810917be5c6ba23ce2b03/2001/13358672/9/Mazda-CX_30-2026.jpg'}]",10,KM,https://www.maplemazda.com/new/inventory/2026-Mazda-CX_30-id13358672.html,2026 Mazda CX-30 4dr Awd Gt Turbo at Maple Mazda,45779 CAD,New,Black,,2001,Maple Mazda,+1-905-832-1556,"{addr1: '110 Auto Vaughan Drive', city: 'Maple', region: 'Ontario', postal_code: 'L6A 4A1', country: 'CA'}",43.8362762000,-79.5363420000,,,,,https://www.maplemazda.com/privacy-policy.html,New,2001,In stock,,45779 CAD,Free,
3MVDMBAY9TM128226,3MVDMBAY9TM128226,26-058-new,Mazda,CX-30,4dr Awd Gt Turbo,2026,AUTOMATIC,SUV,GASOLINE,,"2026 Mazda CX-30 4dr Awd Gt Turbo, Grey exterior","[{url:'https://imagescdn.d2cmedia.ca/cbf10230420bc4b20936cb97de1c09e213/2001/13358671/1/Mazda-CX_30-2026.jpg'},{url:'https://imagescdn.d2cmedia.ca/s8f10230420bc4b20936cb97de1c09e213/2001/13358671/1/Mazda-CX_30-2026.jpg'},{url:'https://imagescdn.d2cmedia.ca/cbf10230420bc4b20936cb97de1c09e213/2001/13358671/2/Mazda-CX_30-2026.jpg'},{url:'https://imagescdn.d2cmedia.ca/cbf10230420bc4b20936cb97de1c09e213/2001/13358671/3/Mazda-CX_30-2026.jpg'},{url:'https://imagescdn.d2cmedia.ca/cbf10230420bc4b20936cb97de1c09e213/2001/13358671/4/Mazda-CX_30-2026.jpg'},{url:'https://imagescdn.d2cmedia.ca/cbf10230420bc4b20936cb97de1c09e213/2001/13358671/5/Mazda-CX_30-2026.jpg'},{url:'https://imagescdn.d2cmedia.ca/cbf10230420bc4b20936cb97de1c09e213/2001/13358671/6/Mazda-CX_30-2026.jpg'},{url:'https://imagescdn.d2cmedia.ca/cbf10230420bc4b20936cb97de1c09e213/2001/13358671/7/Mazda-CX_30-2026.jpg'},{url:'https://imagescdn.d2cmedia.ca/cbf10230420bc4b20936cb97de1c09e213/2001/13358671/8/Mazda-CX_30-2026.jpg'},{url:'https://imagescdn.d2cmedia.ca/cbf10230420bc4b20936cb97de1c09e213/2001/13358671/9/Mazda-CX_30-2026.jpg'}]",10,KM,https://www.maplemazda.com/new/inventory/2026-Mazda-CX_30-id13358671.html,2026 Mazda CX-30 4dr Awd Gt Turbo at Maple Mazda,46079 CAD,New,Grey,,2001,Maple Mazda,+1-905-832-1556,"{addr1: '110 Auto Vaughan Drive', city: 'Maple', region: 'Ontario', postal_code: 'L6A 4A1', country: 'CA'}",43.8362762000,-79.5363420000,,,,,https://www.maplemazda.com/privacy-policy.html,New,2001,In stock,,46079 CAD,Free,
3MVDMBAY6TM136333,3MVDMBAY6TM136333,26-111-new,Mazda,CX-30,4dr Awd Gt Turbo,2026,AUTOMATIC,SUV,GASOLINE,,"2026 Mazda CX-30 4dr Awd Gt Turbo, White exterior","[{url:'https://imagescdn.d2cmedia.ca/cb8e21e22606fcad406b88f1f292f6c6e6/2001/13520007/1/Mazda-CX_30-2026.jpg'},{url:'https://imagescdn.d2cmedia.ca/s88e21e22606fcad406b88f1f292f6c6e6/2001/13520007/1/Mazda-CX_30-2026.jpg'},{url:'https://imagescdn.d2cmedia.ca/cb8e21e22606fcad406b88f1f292f6c6e6/2001/13520007/2/Mazda-CX_30-2026.jpg'},{url:'https://imagescdn.d2cmedia.ca/cb8e21e22606fcad406b88f1f292f6c6e6/2001/13520007/3/Mazda-CX_30-2026.jpg'},{url:'https://imagescdn.d2cmedia.ca/cb8e21e22606fcad406b88f1f292f6c6e6/2001/13520007/4/Mazda-CX_30-2026.jpg'},{url:'https://imagescdn.d2cmedia.ca/cb8e21e22606fcad406b88f1f292f6c6e6/2001/13520007/5/Mazda-CX_30-2026.jpg'},{url:'https://imagescdn.d2cmedia.ca/cb8e21e22606fcad406b88f1f292f6c6e6/2001/13520007/6/Mazda-CX_30-2026.jpg'},{url:'https://imagescdn.d2cmedia.ca/cb8e21e22606fcad406b88f1f292f6c6e6/2001/13520007/7/Mazda-CX_30-2026.jpg'},{url:'https://imagescdn.d2cmedia.ca/cb8e21e22606fcad406b88f1f292f6c6e6/2001/13520007/8/Mazda-CX_30-2026.jpg'},{url:'https://imagescdn.d2cmedia.ca/cb8e21e22606fcad406b88f1f292f6c6e6/2001/13520007/9/Mazda-CX_30-2026.jpg'}]",10,KM,https://www.maplemazda.com/new/inventory/2026-Mazda-CX_30-id13520007.html,2026 Mazda CX-30 4dr Awd Gt Turbo at Maple Mazda,46079 CAD,New,White,,2001,Maple Mazda,+1-905-832-1556,"{addr1: '110 Auto Vaughan Drive', city: 'Maple', region: 'Ontario', postal_code: 'L6A 4A1', country: 'CA'}",43.8362762000,-79.5363420000,,,,,https://www.maplemazda.com/privacy-policy.html,New,2001,In stock,,46079 CAD,Free,
3MVDMBAY4TM134340,3MVDMBAY4TM134340,26-124-new,Mazda,CX-30,4dr Awd Gt Turbo,2026,AUTOMATIC,SUV,GASOLINE,,"2026 Mazda CX-30 4dr Awd Gt Turbo, White exterior","[{url:'https://imagescdn.d2cmedia.ca/cb49eb5f144632ebc654a39e05138d169e/2001/13550683/1/Mazda-CX_30-2026.jpg'},{url:'https://imagescdn.d2cmedia.ca/s849eb5f144632ebc654a39e05138d169e/2001/13550683/1/Mazda-CX_30-2026.jpg'},{url:'https://imagescdn.d2cmedia.ca/cb49eb5f144632ebc654a39e05138d169e/2001/13550683/2/Mazda-CX_30-2026.jpg'},{url:'https://imagescdn.d2cmedia.ca/cb49eb5f144632ebc654a39e05138d169e/2001/13550683/3/Mazda-CX_30-2026.jpg'},{url:'https://imagescdn.d2cmedia.ca/cb49eb5f144632ebc654a39e05138d169e/2001/13550683/4/Mazda-CX_30-2026.jpg'},{url:'https://imagescdn.d2cmedia.ca/cb49eb5f144632ebc654a39e05138d169e/2001/13550683/5/Mazda-CX_30-2026.jpg'},{url:'https://imagescdn.d2cmedia.ca/cb49eb5f144632ebc654a39e05138d169e/2001/13550683/6/Mazda-CX_30-2026.jpg'},{url:'https://imagescdn.d2cmedia.ca/cb49eb5f144632ebc654a39e05138d169e/2001/13550683/7/Mazda-CX_30-2026.jpg'},{url:'https://imagescdn.d2cmedia.ca/cb49eb5f144632ebc654a39e05138d169e/2001/13550683/8/Mazda-CX_30-2026.jpg'},{url:'https://imagescdn.d2cmedia.ca/cb49eb5f144632ebc654a39e05138d169e/2001/13550683/9/Mazda-CX_30-2026.jpg'}]",10,KM,https://www.maplemazda.com/new/inventory/2026-Mazda-CX_30-id13550683.html,2026 Mazda CX-30 4dr Awd Gt Turbo at Maple Mazda,46079 CAD,New,White,,2001,Maple Mazda,+1-905-832-1556,"{addr1: '110 Auto Vaughan Drive', city: 'Maple', region: 'Ontario', postal_code: 'L6A 4A1', country: 'CA'}",43.8362762000,-79.5363420000,,,,,https://www.maplemazda.com/privacy-policy.html,New,2001,In stock,,46079 CAD,Free,
JM3KMBHA8T0224098,JM3KMBHA8T0224098,26-650-new,Mazda,CX-5,4dr Awd Gs,2026,AUTOMATIC,SUV,GASOLINE,,"2026 Mazda CX-5 4dr Awd Gs, Grey exterior","[{url:'https://imagescdn.d2cmedia.ca/cbebf510d0a81503676bd4ac216a32b053/2001/14427281/1/Mazda-CX_5-2026.jpg'},{url:'https://imagescdn.d2cmedia.ca/s8ebf510d0a81503676bd4ac216a32b053/2001/14427281/1/Mazda-CX_5-2026.jpg'},{url:'https://imagescdn.d2cmedia.ca/cbebf510d0a81503676bd4ac216a32b053/2001/14427281/2/Mazda-CX_5-2026.jpg'},{url:'https://imagescdn.d2cmedia.ca/cbebf510d0a81503676bd4ac216a32b053/2001/14427281/3/Mazda-CX_5-2026.jpg'},{url:'https://imagescdn.d2cmedia.ca/cbebf510d0a81503676bd4ac216a32b053/2001/14427281/4/Mazda-CX_5-2026.jpg'},{url:'https://imagescdn.d2cmedia.ca/cbebf510d0a81503676bd4ac216a32b053/2001/14427281/5/Mazda-CX_5-2026.jpg'},{url:'https://imagescdn.d2cmedia.ca/cbebf510d0a81503676bd4ac216a32b053/2001/14427281/6/Mazda-CX_5-2026.jpg'},{url:'https://imagescdn.d2cmedia.ca/cbebf510d0a81503676bd4ac216a32b053/2001/14427281/7/Mazda-CX_5-2026.jpg'},{url:'https://imagescdn.d2cmedia.ca/cbebf510d0a81503676bd4ac216a32b053/2001/14427281/8/Mazda-CX_5-2026.jpg'},{url:'https://imagescdn.d2cmedia.ca/cbebf510d0a81503676bd4ac216a32b053/2001/14427281/9/Mazda-CX_5-2026.jpg'}]",10,KM,https://www.maplemazda.com/new/inventory/2026-Mazda-CX_5-id14427281.html,2026 Mazda CX-5 4dr Awd Gs at Maple Mazda,44029 CAD,New,Grey,,2001,Maple Mazda,+1-905-832-1556,"{addr1: '110 Auto Vaughan Drive', city: 'Maple', region: 'Ontario', postal_code: 'L6A 4A1', country: 'CA'}",43.8362762000,-79.5363420000,,,,,https://www.maplemazda.com/privacy-policy.html,New,2001,In stock,,44029 CAD,Free,
JM3KMBHA8T0211884,JM3KMBHA8T0211884,26-648-new,Mazda,CX-5,4dr Awd Gs,2026,AUTOMATIC,SUV,GASOLINE,,"2026 Mazda CX-5 4dr Awd Gs, Red exterior","[{url:'https://imagescdn.d2cmedia.ca/cb07a78ec8a6b5f036e30d8a746415ff06/2001/14427279/1/Mazda-CX_5-2026.jpg'},{url:'https://imagescdn.d2cmedia.ca/s807a78ec8a6b5f036e30d8a746415ff06/2001/14427279/1/Mazda-CX_5-2026.jpg'},{url:'https://imagescdn.d2cmedia.ca/cb07a78ec8a6b5f036e30d8a746415ff06/2001/14427279/2/Mazda-CX_5-2026.jpg'},{url:'https://imagescdn.d2cmedia.ca/cb07a78ec8a6b5f036e30d8a746415ff06/2001/14427279/3/Mazda-CX_5-2026.jpg'},{url:'https://imagescdn.d2cmedia.ca/cb07a78ec8a6b5f036e30d8a746415ff06/2001/14427279/4/Mazda-CX_5-2026.jpg'},{url:'https://imagescdn.d2cmedia.ca/cb07a78ec8a6b5f036e30d8a746415ff06/2001/14427279/5/Mazda-CX_5-2026.jpg'},{url:'https://imagescdn.d2cmedia.ca/cb07a78ec8a6b5f036e30d8a746415ff06/2001/14427279/6/Mazda-CX_5-2026.jpg'},{url:'https://imagescdn.d2cmedia.ca/cb07a78ec8a6b5f036e30d8a746415ff06/2001/14427279/7/Mazda-CX_5-2026.jpg'},{url:'https://imagescdn.d2cmedia.ca/cb07a78ec8a6b5f036e30d8a746415ff06/2001/14427279/8/Mazda-CX_5-2026.jpg'},{url:'https://imagescdn.d2cmedia.ca/cb07a78ec8a6b5f036e30d8a746415ff06/2001/14427279/9/Mazda-CX_5-2026.jpg'}]",10,KM,https://www.maplemazda.com/new/inventory/2026-Mazda-CX_5-id14427279.html,2026 Mazda CX-5 4dr Awd Gs at Maple Mazda,44129 CAD,New,Red,,2001,Maple Mazda,+1-905-832-1556,"{addr1: '110 Auto Vaughan Drive', city: 'Maple', region: 'Ontario', postal_code: 'L6A 4A1', country: 'CA'}",43.8362762000,-79.5363420000,,,,,https://www.maplemazda.com/privacy-policy.html,New,2001,In stock,,44129 CAD,Free,
JM3KMBHA2T0224601,JM3KMBHA2T0224601,26-652-new,Mazda,CX-5,4dr Awd Gs,2026,AUTOMATIC,SUV,GASOLINE,,"2026 Mazda CX-5 4dr Awd Gs, Red exterior","[{url:'https://imagescdn.d2cmedia.ca/cbc8d045cf05787d50b099889ae824e00b/2001/14427283/1/Mazda-CX_5-2026.jpg'},{url:'https://imagescdn.d2cmedia.ca/s8c8d045cf05787d50b099889ae824e00b/2001/14427283/1/Mazda-CX_5-2026.jpg'},{url:'https://imagescdn.d2cmedia.ca/cbc8d045cf05787d50b099889ae824e00b/2001/14427283/2/Mazda-CX_5-2026.jpg'},{url:'https://imagescdn.d2cmedia.ca/cbc8d045cf05787d50b099889ae824e00b/2001/14427283/3/Mazda-CX_5-2026.jpg'},{url:'https://imagescdn.d2cmedia.ca/cbc8d045cf05787d50b099889ae824e00b/2001/14427283/4/Mazda-CX_5-2026.jpg'},{url:'https://imagescdn.d2cmedia.ca/cbc8d045cf05787d50b099889ae824e00b/2001/14427283/5/Mazda-CX_5-2026.jpg'},{url:'https://imagescdn.d2cmedia.ca/cbc8d045cf05787d50b099889ae824e00b/2001/14427283/6/Mazda-CX_5-2026.jpg'},{url:'https://imagescdn.d2cmedia.ca/cbc8d045cf05787d50b099889ae824e00b/2001/14427283/7/Mazda-CX_5-2026.jpg'},{url:'https://imagescdn.d2cmedia.ca/cbc8d045cf05787d50b099889ae824e00b/2001/14427283/8/Mazda-CX_5-2026.jpg'},{url:'https://imagescdn.d2cmedia.ca/cbc8d045cf05787d50b099889ae824e00b/2001/14427283/9/Mazda-CX_5-2026.jpg'}]",10,KM,https://www.maplemazda.com/new/inventory/2026-Mazda-CX_5-id14427283.html,2026 Mazda CX-5 4dr Awd Gs at Maple Mazda,44129 CAD,New,Red,,2001,Maple Mazda,+1-905-832-1556,"{addr1: '110 Auto Vaughan Drive', city: 'Maple', region: 'Ontario', postal_code: 'L6A 4A1', country: 'CA'}",43.8362762000,-79.5363420000,,,,,https://www.maplemazda.com/privacy-policy.html,New,2001,In stock,,44129 CAD,Free,
JM3KMCHA8T0196132,JM3KMCHA8T0196132,26-584-new,Mazda,CX-5,4dr Awd Gt,2026,AUTOMATIC,SUV,GASOLINE,,"2026 Mazda CX-5 4dr Awd Gt, Black exterior","[{url:'https://imagescdn.d2cmedia.ca/cb3bc5e67cde61ddc432c163f08a3becf2/2001/14279857/1/Mazda-CX_5-2026.jpg'},{url:'https://imagescdn.d2cmedia.ca/s83bc5e67cde61ddc432c163f08a3becf2/2001/14279857/1/Mazda-CX_5-2026.jpg'},{url:'https://imagescdn.d2cmedia.ca/cb3bc5e67cde61ddc432c163f08a3becf2/2001/14279857/2/Mazda-CX_5-2026.jpg'},{url:'https://imagescdn.d2cmedia.ca/cb3bc5e67cde61ddc432c163f08a3becf2/2001/14279857/3/Mazda-CX_5-2026.jpg'},{url:'https://imagescdn.d2cmedia.ca/cb3bc5e67cde61ddc432c163f08a3becf2/2001/14279857/4/Mazda-CX_5-2026.jpg'},{url:'https://imagescdn.d2cmedia.ca/cb3bc5e67cde61ddc432c163f08a3becf2/2001/14279857/5/Mazda-CX_5-2026.jpg'},{url:'https://imagescdn.d2cmedia.ca/cb3bc5e67cde61ddc432c163f08a3becf2/2001/14279857/6/Mazda-CX_5-2026.jpg'},{url:'https://imagescdn.d2cmedia.ca/cb3bc5e67cde61ddc432c163f08a3becf2/2001/14279857/7/Mazda-CX_5-2026.jpg'},{url:'https://imagescdn.d2cmedia.ca/cb3bc5e67cde61ddc432c163f08a3becf2/2001/14279857/8/Mazda-CX_5-2026.jpg'},{url:'https://imagescdn.d2cmedia.ca/cb3bc5e67cde61ddc432c163f08a3becf2/2001/14279857/9/Mazda-CX_5-2026.jpg'}]",10,KM,https://www.maplemazda.com/new/inventory/2026-Mazda-CX_5-id14279857.html,2026 Mazda CX-5 4dr Awd Gt at Maple Mazda,46629 CAD,New,Black,,2001,Maple Mazda,+1-905-832-1556,"{addr1: '110 Auto Vaughan Drive', city: 'Maple', region: 'Ontario', postal_code: 'L6A 4A1', country: 'CA'}",43.8362762000,-79.5363420000,,,,,https://www.maplemazda.com/privacy-policy.html,New,2001,In stock,,46629 CAD,Free,
JM3KMCHA9T0219207,JM3KMCHA9T0219207,26-641-new,Mazda,CX-5,4dr Awd Gt,2026,AUTOMATIC,SUV,GASOLINE,,"2026 Mazda CX-5 4dr Awd Gt, Black exterior","[{url:'https://imagescdn.d2cmedia.ca/cbd8230d809760edc64b6379c75ea32919/2001/14413955/1/Mazda-CX_5-2026.jpg'},{url:'https://imagescdn.d2cmedia.ca/s8d8230d809760edc64b6379c75ea32919/2001/14413955/1/Mazda-CX_5-2026.jpg'},{url:'https://imagescdn.d2cmedia.ca/cbd8230d809760edc64b6379c75ea32919/2001/14413955/2/Mazda-CX_5-2026.jpg'},{url:'https://imagescdn.d2cmedia.ca/cbd8230d809760edc64b6379c75ea32919/2001/14413955/3/Mazda-CX_5-2026.jpg'},{url:'https://imagescdn.d2cmedia.ca/cbd8230d809760edc64b6379c75ea32919/2001/14413955/4/Mazda-CX_5-2026.jpg'},{url:'https://imagescdn.d2cmedia.ca/cbd8230d809760edc64b6379c75ea32919/2001/14413955/5/Mazda-CX_5-2026.jpg'},{url:'https://imagescdn.d2cmedia.ca/cbd8230d809760edc64b6379c75ea32919/2001/14413955/6/Mazda-CX_5-2026.jpg'},{url:'https://imagescdn.d2cmedia.ca/cbd8230d809760edc64b6379c75ea32919/2001/14413955/7/Mazda-CX_5-2026.jpg'},{url:'https://imagescdn.d2cmedia.ca/cbd8230d809760edc64b6379c75ea32919/2001/14413955/8/Mazda-CX_5-2026.jpg'},{url:'https://imagescdn.d2cmedia.ca/cbd8230d809760edc64b6379c75ea32919/2001/14413955/9/Mazda-CX_5-2026.jpg'}]",10,KM,https://www.maplemazda.com/new/inventory/2026-Mazda-CX_5-id14413955.html,2026 Mazda CX-5 4dr Awd Gt at Maple Mazda,46629 CAD,New,Black,,2001,Maple Mazda,+1-905-832-1556,"{addr1: '110 Auto Vaughan Drive', city: 'Maple', region: 'Ontario', postal_code: 'L6A 4A1', country: 'CA'}",43.8362762000,-79.5363420000,,,,,https://www.maplemazda.com/privacy-policy.html,New,2001,In stock,,46629 CAD,Free,
JM3KMCHA4T0216912,JM3KMCHA4T0216912,26-623-new,Mazda,CX-5,4dr Awd Gt,2026,AUTOMATIC,SUV,GASOLINE,,"2026 Mazda CX-5 4dr Awd Gt, White exterior","[{url:'https://imagescdn.d2cmedia.ca/cb5d50295dae917176910edbbbb107d44c/2001/14379888/1/Mazda-CX_5-2026.jpg'},{url:'https://imagescdn.d2cmedia.ca/s85d50295dae917176910edbbbb107d44c/2001/14379888/1/Mazda-CX_5-2026.jpg'},{url:'https://imagescdn.d2cmedia.ca/cb5d50295dae917176910edbbbb107d44c/2001/14379888/2/Mazda-CX_5-2026.jpg'},{url:'https://imagescdn.d2cmedia.ca/cb5d50295dae917176910edbbbb107d44c/2001/14379888/3/Mazda-CX_5-2026.jpg'},{url:'https://imagescdn.d2cmedia.ca/cb5d50295dae917176910edbbbb107d44c/2001/14379888/4/Mazda-CX_5-2026.jpg'},{url:'https://imagescdn.d2cmedia.ca/cb5d50295dae917176910edbbbb107d44c/2001/14379888/5/Mazda-CX_5-2026.jpg'},{url:'https://imagescdn.d2cmedia.ca/cb5d50295dae917176910edbbbb107d44c/2001/14379888/6/Mazda-CX_5-2026.jpg'},{url:'https://imagescdn.d2cmedia.ca/cb5d50295dae917176910edbbbb107d44c/2001/14379888/7/Mazda-CX_5-2026.jpg'},{url:'https://imagescdn.d2cmedia.ca/cb5d50295dae917176910edbbbb107d44c/2001/14379888/8/Mazda-CX_5-2026.jpg'},{url:'https://imagescdn.d2cmedia.ca/cb5d50295dae917176910edbbbb107d44c/2001/14379888/9/Mazda-CX_5-2026.jpg'}]",10,KM,https://www.maplemazda.com/new/inventory/2026-Mazda-CX_5-id14379888.html,2026 Mazda CX-5 4dr Awd Gt at Maple Mazda,47029 CAD,New,White,,2001,Maple Mazda,+1-905-832-1556,"{addr1: '110 Auto Vaughan Drive', city: 'Maple', region: 'Ontario', postal_code: 'L6A 4A1', country: 'CA'}",43.8362762000,-79.5363420000,,,,,https://www.maplemazda.com/privacy-policy.html,New,2001,In stock,,47029 CAD,Free,
JM3KMCHA9T0215626,JM3KMCHA9T0215626,26-649-new,Mazda,CX-5,4dr Awd Gt,2026,AUTOMATIC,SUV,GASOLINE,,"2026 Mazda CX-5 4dr Awd Gt, White exterior","[{url:'https://imagescdn.d2cmedia.ca/cbd57212bde9a9818de58ebac2a198f1df/2001/14427280/1/Mazda-CX_5-2026.jpg'},{url:'https://imagescdn.d2cmedia.ca/s8d57212bde9a9818de58ebac2a198f1df/2001/14427280/1/Mazda-CX_5-2026.jpg'},{url:'https://imagescdn.d2cmedia.ca/cbd57212bde9a9818de58ebac2a198f1df/2001/14427280/2/Mazda-CX_5-2026.jpg'},{url:'https://imagescdn.d2cmedia.ca/cbd57212bde9a9818de58ebac2a198f1df/2001/14427280/3/Mazda-CX_5-2026.jpg'},{url:'https://imagescdn.d2cmedia.ca/cbd57212bde9a9818de58ebac2a198f1df/2001/14427280/4/Mazda-CX_5-2026.jpg'},{url:'https://imagescdn.d2cmedia.ca/cbd57212bde9a9818de58ebac2a198f1df/2001/14427280/5/Mazda-CX_5-2026.jpg'},{url:'https://imagescdn.d2cmedia.ca/cbd57212bde9a9818de58ebac2a198f1df/2001/14427280/6/Mazda-CX_5-2026.jpg'},{url:'https://imagescdn.d2cmedia.ca/cbd57212bde9a9818de58ebac2a198f1df/2001/14427280/7/Mazda-CX_5-2026.jpg'},{url:'https://imagescdn.d2cmedia.ca/cbd57212bde9a9818de58ebac2a198f1df/2001/14427280/8/Mazda-CX_5-2026.jpg'},{url:'https://imagescdn.d2cmedia.ca/cbd57212bde9a9818de58ebac2a198f1df/2001/14427280/9/Mazda-CX_5-2026.jpg'}]",10,KM,https://www.maplemazda.com/new/inventory/2026-Mazda-CX_5-id14427280.html,2026 Mazda CX-5 4dr Awd Gt at Maple Mazda,47029 CAD,New,White,,2001,Maple Mazda,+1-905-832-1556,"{addr1: '110 Auto Vaughan Drive', city: 'Maple', region: 'Ontario', postal_code: 'L6A 4A1', country: 'CA'}",43.8362762000,-79.5363420000,,,,,https://www.maplemazda.com/privacy-policy.html,New,2001,In stock,,47029 CAD,Free,
JM3KMCHA6T0205510,JM3KMCHA6T0205510,26-567-new,Mazda,CX-5,4dr Awd Gt,2026,AUTOMATIC,SUV,GASOLINE,,"2026 Mazda CX-5 4dr Awd Gt, Black exterior","[{url:'https://imagescdn.d2cmedia.ca/cb6e932073d9aa4e54e2a6a2d41d25903c/2001/14261859/1/Mazda-CX_5-2026.jpg'},{url:'https://imagescdn.d2cmedia.ca/s86e932073d9aa4e54e2a6a2d41d25903c/2001/14261859/1/Mazda-CX_5-2026.jpg'},{url:'https://imagescdn.d2cmedia.ca/cb6e932073d9aa4e54e2a6a2d41d25903c/2001/14261859/2/Mazda-CX_5-2026.jpg'},{url:'https://imagescdn.d2cmedia.ca/cb6e932073d9aa4e54e2a6a2d41d25903c/2001/14261859/3/Mazda-CX_5-2026.jpg'},{url:'https://imagescdn.d2cmedia.ca/cb6e932073d9aa4e54e2a6a2d41d25903c/2001/14261859/4/Mazda-CX_5-2026.jpg'},{url:'https://imagescdn.d2cmedia.ca/cb6e932073d9aa4e54e2a6a2d41d25903c/2001/14261859/5/Mazda-CX_5-2026.jpg'},{url:'https://imagescdn.d2cmedia.ca/cb6e932073d9aa4e54e2a6a2d41d25903c/2001/14261859/6/Mazda-CX_5-2026.jpg'},{url:'https://imagescdn.d2cmedia.ca/cb6e932073d9aa4e54e2a6a2d41d25903c/2001/14261859/7/Mazda-CX_5-2026.jpg'},{url:'https://imagescdn.d2cmedia.ca/cb6e932073d9aa4e54e2a6a2d41d25903c/2001/14261859/8/Mazda-CX_5-2026.jpg'},{url:'https://imagescdn.d2cmedia.ca/cb6e932073d9aa4e54e2a6a2d41d25903c/2001/14261859/9/Mazda-CX_5-2026.jpg'}]",10,KM,https://www.maplemazda.com/new/inventory/2026-Mazda-CX_5-id14261859.html,2026 Mazda CX-5 4dr Awd Gt at Maple Mazda,48629 CAD,New,Black,,2001,Maple Mazda,+1-905-832-1556,"{addr1: '110 Auto Vaughan Drive', city: 'Maple', region: 'Ontario', postal_code: 'L6A 4A1', country: 'CA'}",43.8362762000,-79.5363420000,,,,,https://www.maplemazda.com/privacy-policy.html,New,2001,In stock,,48629 CAD,Free,
JM3KMCHA2T0187099,JM3KMCHA2T0187099,26-572-new,Mazda,CX-5,4dr Awd Gt,2026,AUTOMATIC,SUV,GASOLINE,,"2026 Mazda CX-5 4dr Awd Gt, Black exterior","[{url:'https://imagescdn.d2cmedia.ca/cbb9610f9e84eeb2025542b3ff77cdeff0/2001/14261864/1/Mazda-CX_5-2026.jpg'},{url:'https://imagescdn.d2cmedia.ca/s8b9610f9e84eeb2025542b3ff77cdeff0/2001/14261864/1/Mazda-CX_5-2026.jpg'},{url:'https://imagescdn.d2cmedia.ca/cbb9610f9e84eeb2025542b3ff77cdeff0/2001/14261864/2/Mazda-CX_5-2026.jpg'},{url:'https://imagescdn.d2cmedia.ca/cbb9610f9e84eeb2025542b3ff77cdeff0/2001/14261864/3/Mazda-CX_5-2026.jpg'},{url:'https://imagescdn.d2cmedia.ca/cbb9610f9e84eeb2025542b3ff77cdeff0/2001/14261864/4/Mazda-CX_5-2026.jpg'},{url:'https://imagescdn.d2cmedia.ca/cbb9610f9e84eeb2025542b3ff77cdeff0/2001/14261864/5/Mazda-CX_5-2026.jpg'},{url:'https://imagescdn.d2cmedia.ca/cbb9610f9e84eeb2025542b3ff77cdeff0/2001/14261864/6/Mazda-CX_5-2026.jpg'},{url:'https://imagescdn.d2cmedia.ca/cbb9610f9e84eeb2025542b3ff77cdeff0/2001/14261864/7/Mazda-CX_5-2026.jpg'},{url:'https://imagescdn.d2cmedia.ca/cbb9610f9e84eeb2025542b3ff77cdeff0/2001/14261864/8/Mazda-CX_5-2026.jpg'},{url:'https://imagescdn.d2cmedia.ca/cbb9610f9e84eeb2025542b3ff77cdeff0/2001/14261864/9/Mazda-CX_5-2026.jpg'}]",10,KM,https://www.maplemazda.com/new/inventory/2026-Mazda-CX_5-id14261864.html,2026 Mazda CX-5 4dr Awd Gt at Maple Mazda,48629 CAD,New,Black,,2001,Maple Mazda,+1-905-832-1556,"{addr1: '110 Auto Vaughan Drive', city: 'Maple', region: 'Ontario', postal_code: 'L6A 4A1', country: 'CA'}",43.8362762000,-79.5363420000,,,,,https://www.maplemazda.com/privacy-policy.html,New,2001,In stock,,48629 CAD,Free,
JM3KMCHA6T0205846,JM3KMCHA6T0205846,26-573-new,Mazda,CX-5,4dr Awd Gt,2026,AUTOMATIC,SUV,GASOLINE,,"2026 Mazda CX-5 4dr Awd Gt, Black exterior","[{url:'https://imagescdn.d2cmedia.ca/cbcaadccce6b286afc95eb6d2e2aac85af/2001/14261865/1/Mazda-CX_5-2026.jpg'},{url:'https://imagescdn.d2cmedia.ca/s8caadccce6b286afc95eb6d2e2aac85af/2001/14261865/1/Mazda-CX_5-2026.jpg'},{url:'https://imagescdn.d2cmedia.ca/cbcaadccce6b286afc95eb6d2e2aac85af/2001/14261865/2/Mazda-CX_5-2026.jpg'},{url:'https://imagescdn.d2cmedia.ca/cbcaadccce6b286afc95eb6d2e2aac85af/2001/14261865/3/Mazda-CX_5-2026.jpg'},{url:'https://imagescdn.d2cmedia.ca/cbcaadccce6b286afc95eb6d2e2aac85af/2001/14261865/4/Mazda-CX_5-2026.jpg'},{url:'https://imagescdn.d2cmedia.ca/cbcaadccce6b286afc95eb6d2e2aac85af/2001/14261865/5/Mazda-CX_5-2026.jpg'},{url:'https://imagescdn.d2cmedia.ca/cbcaadccce6b286afc95eb6d2e2aac85af/2001/14261865/6/Mazda-CX_5-2026.jpg'},{url:'https://imagescdn.d2cmedia.ca/cbcaadccce6b286afc95eb6d2e2aac85af/2001/14261865/7/Mazda-CX_5-2026.jpg'},{url:'https://imagescdn.d2cmedia.ca/cbcaadccce6b286afc95eb6d2e2aac85af/2001/14261865/8/Mazda-CX_5-2026.jpg'},{url:'https://imagescdn.d2cmedia.ca/cbcaadccce6b286afc95eb6d2e2aac85af/2001/14261865/9/Mazda-CX_5-2026.jpg'}]",10,KM,https://www.maplemazda.com/new/inventory/2026-Mazda-CX_5-id14261865.html,2026 Mazda CX-5 4dr Awd Gt at Maple Mazda,48629 CAD,New,Black,,2001,Maple Mazda,+1-905-832-1556,"{addr1: '110 Auto Vaughan Drive', city: 'Maple', region: 'Ontario', postal_code: 'L6A 4A1', country: 'CA'}",43.8362762000,-79.5363420000,,,,,https://www.maplemazda.com/privacy-policy.html,New,2001,In stock,,48629 CAD,Free,
JM3KMCHAXT0188310,JM3KMCHAXT0188310,26-480-new,Mazda,CX-5,4dr Awd Gt,2026,AUTOMATIC,SUV,GASOLINE,,"2026 Mazda CX-5 4dr Awd Gt, Grey exterior","[{url:'https://imagescdn.d2cmedia.ca/cb98556b70264971da09daa821403c6fc4/2001/14104863/1/Mazda-CX_5-2026.jpg'},{url:'https://imagescdn.d2cmedia.ca/s898556b70264971da09daa821403c6fc4/2001/14104863/1/Mazda-CX_5-2026.jpg'},{url:'https://imagescdn.d2cmedia.ca/cb98556b70264971da09daa821403c6fc4/2001/14104863/2/Mazda-CX_5-2026.jpg'},{url:'https://imagescdn.d2cmedia.ca/cb98556b70264971da09daa821403c6fc4/2001/14104863/3/Mazda-CX_5-2026.jpg'},{url:'https://imagescdn.d2cmedia.ca/cb98556b70264971da09daa821403c6fc4/2001/14104863/4/Mazda-CX_5-2026.jpg'},{url:'https://imagescdn.d2cmedia.ca/cb98556b70264971da09daa821403c6fc4/2001/14104863/5/Mazda-CX_5-2026.jpg'},{url:'https://imagescdn.d2cmedia.ca/cb98556b70264971da09daa821403c6fc4/2001/14104863/6/Mazda-CX_5-2026.jpg'},{url:'https://imagescdn.d2cmedia.ca/cb98556b70264971da09daa821403c6fc4/2001/14104863/7/Mazda-CX_5-2026.jpg'},{url:'https://imagescdn.d2cmedia.ca/cb98556b70264971da09daa821403c6fc4/2001/14104863/8/Mazda-CX_5-2026.jpg'},{url:'https://imagescdn.d2cmedia.ca/cb98556b70264971da09daa821403c6fc4/2001/14104863/9/Mazda-CX_5-2026.jpg'}]",10,KM,https://www.maplemazda.com/new/inventory/2026-Mazda-CX_5-id14104863.html,2026 Mazda CX-5 4dr Awd Gt at Maple Mazda,48929 CAD,New,Grey,,2001,Maple Mazda,+1-905-832-1556,"{addr1: '110 Auto Vaughan Drive', city: 'Maple', region: 'Ontario', postal_code: 'L6A 4A1', country: 'CA'}",43.8362762000,-79.5363420000,,,,,https://www.maplemazda.com/privacy-policy.html,New,2001,In stock,,48929 CAD,Free,
JM3KMCHA2T0197907,JM3KMCHA2T0197907,26-557-new,Mazda,CX-5,4dr Awd Gt,2026,AUTOMATIC,SUV,GASOLINE,,"2026 Mazda CX-5 4dr Awd Gt, Grey exterior","[{url:'https://imagescdn.d2cmedia.ca/cb0c031b188524e76b373370fc5573a261/2001/14226025/1/Mazda-CX_5-2026.jpg'},{url:'https://imagescdn.d2cmedia.ca/s80c031b188524e76b373370fc5573a261/2001/14226025/1/Mazda-CX_5-2026.jpg'},{url:'https://imagescdn.d2cmedia.ca/cb0c031b188524e76b373370fc5573a261/2001/14226025/2/Mazda-CX_5-2026.jpg'},{url:'https://imagescdn.d2cmedia.ca/cb0c031b188524e76b373370fc5573a261/2001/14226025/3/Mazda-CX_5-2026.jpg'},{url:'https://imagescdn.d2cmedia.ca/cb0c031b188524e76b373370fc5573a261/2001/14226025/4/Mazda-CX_5-2026.jpg'},{url:'https://imagescdn.d2cmedia.ca/cb0c031b188524e76b373370fc5573a261/2001/14226025/5/Mazda-CX_5-2026.jpg'},{url:'https://imagescdn.d2cmedia.ca/cb0c031b188524e76b373370fc5573a261/2001/14226025/6/Mazda-CX_5-2026.jpg'},{url:'https://imagescdn.d2cmedia.ca/cb0c031b188524e76b373370fc5573a261/2001/14226025/7/Mazda-CX_5-2026.jpg'},{url:'https://imagescdn.d2cmedia.ca/cb0c031b188524e76b373370fc5573a261/2001/14226025/8/Mazda-CX_5-2026.jpg'},{url:'https://imagescdn.d2cmedia.ca/cb0c031b188524e76b373370fc5573a261/2001/14226025/9/Mazda-CX_5-2026.jpg'}]",10,KM,https://www.maplemazda.com/new/inventory/2026-Mazda-CX_5-id14226025.html,2026 Mazda CX-5 4dr Awd Gt at Maple Mazda,48929 CAD,New,Grey,,2001,Maple Mazda,+1-905-832-1556,"{addr1: '110 Auto Vaughan Drive', city: 'Maple', region: 'Ontario', postal_code: 'L6A 4A1', country: 'CA'}",43.8362762000,-79.5363420000,,,,,https://www.maplemazda.com/privacy-policy.html,New,2001,In stock,,48929 CAD,Free,
JM3KMCHA5T0189672,JM3KMCHA5T0189672,26-562-new,Mazda,CX-5,4dr Awd Gt,2026,AUTOMATIC,SUV,GASOLINE,,"2026 Mazda CX-5 4dr Awd Gt, Grey exterior","[{url:'https://imagescdn.d2cmedia.ca/cb9789c4a5497716de66633660eecf1bc8/2001/14226030/1/Mazda-CX_5-2026.jpg'},{url:'https://imagescdn.d2cmedia.ca/s89789c4a5497716de66633660eecf1bc8/2001/14226030/1/Mazda-CX_5-2026.jpg'},{url:'https://imagescdn.d2cmedia.ca/cb9789c4a5497716de66633660eecf1bc8/2001/14226030/2/Mazda-CX_5-2026.jpg'},{url:'https://imagescdn.d2cmedia.ca/cb9789c4a5497716de66633660eecf1bc8/2001/14226030/3/Mazda-CX_5-2026.jpg'},{url:'https://imagescdn.d2cmedia.ca/cb9789c4a5497716de66633660eecf1bc8/2001/14226030/4/Mazda-CX_5-2026.jpg'},{url:'https://imagescdn.d2cmedia.ca/cb9789c4a5497716de66633660eecf1bc8/2001/14226030/5/Mazda-CX_5-2026.jpg'},{url:'https://imagescdn.d2cmedia.ca/cb9789c4a5497716de66633660eecf1bc8/2001/14226030/6/Mazda-CX_5-2026.jpg'},{url:'https://imagescdn.d2cmedia.ca/cb9789c4a5497716de66633660eecf1bc8/2001/14226030/7/Mazda-CX_5-2026.jpg'},{url:'https://imagescdn.d2cmedia.ca/cb9789c4a5497716de66633660eecf1bc8/2001/14226030/8/Mazda-CX_5-2026.jpg'},{url:'https://imagescdn.d2cmedia.ca/cb9789c4a5497716de66633660eecf1bc8/2001/14226030/9/Mazda-CX_5-2026.jpg'}]",10,KM,https://www.maplemazda.com/new/inventory/2026-Mazda-CX_5-id14226030.html,2026 Mazda CX-5 4dr Awd Gt at Maple Mazda,48929 CAD,New,Grey,,2001,Maple Mazda,+1-905-832-1556,"{addr1: '110 Auto Vaughan Drive', city: 'Maple', region: 'Ontario', postal_code: 'L6A 4A1', country: 'CA'}",43.8362762000,-79.5363420000,,,,,https://www.maplemazda.com/privacy-policy.html,New,2001,In stock,,48929 CAD,Free,
JM3KMCHA4T0212701,JM3KMCHA4T0212701,26-612-new,Mazda,CX-5,4dr Awd Gt,2026,AUTOMATIC,SUV,GASOLINE,,"2026 Mazda CX-5 4dr Awd Gt, Grey exterior","[{url:'https://imagescdn.d2cmedia.ca/cb32193c1bec6a090fc6436f5f47410ca5/2001/14359916/1/Mazda-CX_5-2026.jpg'},{url:'https://imagescdn.d2cmedia.ca/s832193c1bec6a090fc6436f5f47410ca5/2001/14359916/1/Mazda-CX_5-2026.jpg'},{url:'https://imagescdn.d2cmedia.ca/cb32193c1bec6a090fc6436f5f47410ca5/2001/14359916/2/Mazda-CX_5-2026.jpg'},{url:'https://imagescdn.d2cmedia.ca/cb32193c1bec6a090fc6436f5f47410ca5/2001/14359916/3/Mazda-CX_5-2026.jpg'},{url:'https://imagescdn.d2cmedia.ca/cb32193c1bec6a090fc6436f5f47410ca5/2001/14359916/4/Mazda-CX_5-2026.jpg'},{url:'https://imagescdn.d2cmedia.ca/cb32193c1bec6a090fc6436f5f47410ca5/2001/14359916/5/Mazda-CX_5-2026.jpg'},{url:'https://imagescdn.d2cmedia.ca/cb32193c1bec6a090fc6436f5f47410ca5/2001/14359916/6/Mazda-CX_5-2026.jpg'},{url:'https://imagescdn.d2cmedia.ca/cb32193c1bec6a090fc6436f5f47410ca5/2001/14359916/7/Mazda-CX_5-2026.jpg'},{url:'https://imagescdn.d2cmedia.ca/cb32193c1bec6a090fc6436f5f47410ca5/2001/14359916/8/Mazda-CX_5-2026.jpg'},{url:'https://imagescdn.d2cmedia.ca/cb32193c1bec6a090fc6436f5f47410ca5/2001/14359916/9/Mazda-CX_5-2026.jpg'}]",10,KM,https://www.maplemazda.com/new/inventory/2026-Mazda-CX_5-id14359916.html,2026 Mazda CX-5 4dr Awd Gt at Maple Mazda,48929 CAD,New,Grey,,2001,Maple Mazda,+1-905-832-1556,"{addr1: '110 Auto Vaughan Drive', city: 'Maple', region: 'Ontario', postal_code: 'L6A 4A1', country: 'CA'}",43.8362762000,-79.5363420000,,,,,https://www.maplemazda.com/privacy-policy.html,New,2001,In stock,,48929 CAD,Free,
JM3KMCHA2T0147489,JM3KMCHA2T0147489,26-309-new,Mazda,CX-5,4dr Awd Gt,2026,AUTOMATIC,SUV,GASOLINE,,"2026 Mazda CX-5 4dr Awd Gt, Grey exterior","[{url:'https://imagescdn.d2cmedia.ca/cb444043f2ec277d9a730e403c519be87e/2001/13845077/1/Mazda-CX_5-2026.jpg'},{url:'https://imagescdn.d2cmedia.ca/s8444043f2ec277d9a730e403c519be87e/2001/13845077/1/Mazda-CX_5-2026.jpg'},{url:'https://imagescdn.d2cmedia.ca/cb444043f2ec277d9a730e403c519be87e/2001/13845077/2/Mazda-CX_5-2026.jpg'},{url:'https://imagescdn.d2cmedia.ca/cb444043f2ec277d9a730e403c519be87e/2001/13845077/3/Mazda-CX_5-2026.jpg'},{url:'https://imagescdn.d2cmedia.ca/cb444043f2ec277d9a730e403c519be87e/2001/13845077/4/Mazda-CX_5-2026.jpg'},{url:'https://imagescdn.d2cmedia.ca/cb444043f2ec277d9a730e403c519be87e/2001/13845077/5/Mazda-CX_5-2026.jpg'},{url:'https://imagescdn.d2cmedia.ca/cb444043f2ec277d9a730e403c519be87e/2001/13845077/6/Mazda-CX_5-2026.jpg'},{url:'https://imagescdn.d2cmedia.ca/cb444043f2ec277d9a730e403c519be87e/2001/13845077/7/Mazda-CX_5-2026.jpg'},{url:'https://imagescdn.d2cmedia.ca/cb444043f2ec277d9a730e403c519be87e/2001/13845077/8/Mazda-CX_5-2026.jpg'},{url:'https://imagescdn.d2cmedia.ca/cb444043f2ec277d9a730e403c519be87e/2001/13845077/9/Mazda-CX_5-2026.jpg'}]",10,KM,https://www.maplemazda.com/new/inventory/2026-Mazda-CX_5-id13845077.html,2026 Mazda CX-5 4dr Awd Gt at Maple Mazda,49029 CAD,New,Grey,,2001,Maple Mazda,+1-905-832-1556,"{addr1: '110 Auto Vaughan Drive', city: 'Maple', region: 'Ontario', postal_code: 'L6A 4A1', country: 'CA'}",43.8362762000,-79.5363420000,,,,,https://www.maplemazda.com/privacy-policy.html,New,2001,In stock,,49029 CAD,Free,
JM3KMCHA1T0145863,JM3KMCHA1T0145863,26-350-new,Mazda,CX-5,4dr Awd Gt,2026,AUTOMATIC,SUV,GASOLINE,,"2026 Mazda CX-5 4dr Awd Gt, Grey exterior","[{url:'https://imagescdn.d2cmedia.ca/cb76654ca9c25e1483df0e08d31550cf26/2001/13877472/1/Mazda-CX_5-2026.jpg'},{url:'https://imagescdn.d2cmedia.ca/s876654ca9c25e1483df0e08d31550cf26/2001/13877472/1/Mazda-CX_5-2026.jpg'},{url:'https://imagescdn.d2cmedia.ca/cb76654ca9c25e1483df0e08d31550cf26/2001/13877472/2/Mazda-CX_5-2026.jpg'},{url:'https://imagescdn.d2cmedia.ca/cb76654ca9c25e1483df0e08d31550cf26/2001/13877472/3/Mazda-CX_5-2026.jpg'},{url:'https://imagescdn.d2cmedia.ca/cb76654ca9c25e1483df0e08d31550cf26/2001/13877472/4/Mazda-CX_5-2026.jpg'},{url:'https://imagescdn.d2cmedia.ca/cb76654ca9c25e1483df0e08d31550cf26/2001/13877472/5/Mazda-CX_5-2026.jpg'},{url:'https://imagescdn.d2cmedia.ca/cb76654ca9c25e1483df0e08d31550cf26/2001/13877472/6/Mazda-CX_5-2026.jpg'},{url:'https://imagescdn.d2cmedia.ca/cb76654ca9c25e1483df0e08d31550cf26/2001/13877472/7/Mazda-CX_5-2026.jpg'},{url:'https://imagescdn.d2cmedia.ca/cb76654ca9c25e1483df0e08d31550cf26/2001/13877472/8/Mazda-CX_5-2026.jpg'},{url:'https://imagescdn.d2cmedia.ca/cb76654ca9c25e1483df0e08d31550cf26/2001/13877472/9/Mazda-CX_5-2026.jpg'}]",10,KM,https://www.maplemazda.com/new/inventory/2026-Mazda-CX_5-id13877472.html,2026 Mazda CX-5 4dr Awd Gt at Maple Mazda,49029 CAD,New,Grey,,2001,Maple Mazda,+1-905-832-1556,"{addr1: '110 Auto Vaughan Drive', city: 'Maple', region: 'Ontario', postal_code: 'L6A 4A1', country: 'CA'}",43.8362762000,-79.5363420000,,,,,https://www.maplemazda.com/privacy-policy.html,New,2001,In stock,,49029 CAD,Free,
JM3KMCHA6T0107206,JM3KMCHA6T0107206,26-387-new,Mazda,CX-5,4dr Awd Gt,2026,AUTOMATIC,SUV,GASOLINE,,"2026 Mazda CX-5 4dr Awd Gt, Grey exterior","[{url:'https://imagescdn.d2cmedia.ca/cb78911ce1c6dc0ac0775b8c43bddadc9a/2001/13936893/1/Mazda-CX_5-2026.jpg'},{url:'https://imagescdn.d2cmedia.ca/s878911ce1c6dc0ac0775b8c43bddadc9a/2001/13936893/1/Mazda-CX_5-2026.jpg'},{url:'https://imagescdn.d2cmedia.ca/cb78911ce1c6dc0ac0775b8c43bddadc9a/2001/13936893/2/Mazda-CX_5-2026.jpg'},{url:'https://imagescdn.d2cmedia.ca/cb78911ce1c6dc0ac0775b8c43bddadc9a/2001/13936893/3/Mazda-CX_5-2026.jpg'},{url:'https://imagescdn.d2cmedia.ca/cb78911ce1c6dc0ac0775b8c43bddadc9a/2001/13936893/4/Mazda-CX_5-2026.jpg'},{url:'https://imagescdn.d2cmedia.ca/cb78911ce1c6dc0ac0775b8c43bddadc9a/2001/13936893/5/Mazda-CX_5-2026.jpg'},{url:'https://imagescdn.d2cmedia.ca/cb78911ce1c6dc0ac0775b8c43bddadc9a/2001/13936893/6/Mazda-CX_5-2026.jpg'},{url:'https://imagescdn.d2cmedia.ca/cb78911ce1c6dc0ac0775b8c43bddadc9a/2001/13936893/7/Mazda-CX_5-2026.jpg'},{url:'https://imagescdn.d2cmedia.ca/cb78911ce1c6dc0ac0775b8c43bddadc9a/2001/13936893/8/Mazda-CX_5-2026.jpg'},{url:'https://imagescdn.d2cmedia.ca/cb78911ce1c6dc0ac0775b8c43bddadc9a/2001/13936893/9/Mazda-CX_5-2026.jpg'}]",10,KM,https://www.maplemazda.com/new/inventory/2026-Mazda-CX_5-id13936893.html,2026 Mazda CX-5 4dr Awd Gt at Maple Mazda,49029 CAD,New,Grey,,2001,Maple Mazda,+1-905-832-1556,"{addr1: '110 Auto Vaughan Drive', city: 'Maple', region: 'Ontario', postal_code: 'L6A 4A1', country: 'CA'}",43.8362762000,-79.5363420000,,,,,https://www.maplemazda.com/privacy-policy.html,New,2001,In stock,,49029 CAD,Free,
JM3KMCHA2T0185563,JM3KMCHA2T0185563,26-549-new,Mazda,CX-5,4dr Awd Gt,2026,AUTOMATIC,SUV,GASOLINE,,"2026 Mazda CX-5 4dr Awd Gt, White exterior","[{url:'https://imagescdn.d2cmedia.ca/cb6351613f18e1d8f059f01db1e97f72a6/2001/14200315/1/Mazda-CX_5-2026.jpg'},{url:'https://imagescdn.d2cmedia.ca/s86351613f18e1d8f059f01db1e97f72a6/2001/14200315/1/Mazda-CX_5-2026.jpg'},{url:'https://imagescdn.d2cmedia.ca/cb6351613f18e1d8f059f01db1e97f72a6/2001/14200315/2/Mazda-CX_5-2026.jpg'},{url:'https://imagescdn.d2cmedia.ca/cb6351613f18e1d8f059f01db1e97f72a6/2001/14200315/3/Mazda-CX_5-2026.jpg'},{url:'https://imagescdn.d2cmedia.ca/cb6351613f18e1d8f059f01db1e97f72a6/2001/14200315/4/Mazda-CX_5-2026.jpg'},{url:'https://imagescdn.d2cmedia.ca/cb6351613f18e1d8f059f01db1e97f72a6/2001/14200315/5/Mazda-CX_5-2026.jpg'},{url:'https://imagescdn.d2cmedia.ca/cb6351613f18e1d8f059f01db1e97f72a6/2001/14200315/6/Mazda-CX_5-2026.jpg'},{url:'https://imagescdn.d2cmedia.ca/cb6351613f18e1d8f059f01db1e97f72a6/2001/14200315/7/Mazda-CX_5-2026.jpg'},{url:'https://imagescdn.d2cmedia.ca/cb6351613f18e1d8f059f01db1e97f72a6/2001/14200315/8/Mazda-CX_5-2026.jpg'},{url:'https://imagescdn.d2cmedia.ca/cb6351613f18e1d8f059f01db1e97f72a6/2001/14200315/9/Mazda-CX_5-2026.jpg'}]",10,KM,https://www.maplemazda.com/new/inventory/2026-Mazda-CX_5-id14200315.html,2026 Mazda CX-5 4dr Awd Gt at Maple Mazda,49029 CAD,New,White,,2001,Maple Mazda,+1-905-832-1556,"{addr1: '110 Auto Vaughan Drive', city: 'Maple', region: 'Ontario', postal_code: 'L6A 4A1', country: 'CA'}",43.8362762000,-79.5363420000,,,,,https://www.maplemazda.com/privacy-policy.html,New,2001,In stock,,49029 CAD,Free,
JM3KMDHA9T0185551,JM3KMDHA9T0185551,26-534-new,Mazda,CX-5,4dr Awd Gt,2026,AUTOMATIC,SUV,GASOLINE,,"2026 Mazda CX-5 4dr Awd Gt, Blue exterior","[{url:'https://imagescdn.d2cmedia.ca/cbddce504e24d9cbc3324a209d7850f494/2001/14189667/1/Mazda-CX_5-2026.jpg'},{url:'https://imagescdn.d2cmedia.ca/s8ddce504e24d9cbc3324a209d7850f494/2001/14189667/1/Mazda-CX_5-2026.jpg'},{url:'https://imagescdn.d2cmedia.ca/cbddce504e24d9cbc3324a209d7850f494/2001/14189667/2/Mazda-CX_5-2026.jpg'},{url:'https://imagescdn.d2cmedia.ca/cbddce504e24d9cbc3324a209d7850f494/2001/14189667/3/Mazda-CX_5-2026.jpg'},{url:'https://imagescdn.d2cmedia.ca/cbddce504e24d9cbc3324a209d7850f494/2001/14189667/4/Mazda-CX_5-2026.jpg'},{url:'https://imagescdn.d2cmedia.ca/cbddce504e24d9cbc3324a209d7850f494/2001/14189667/5/Mazda-CX_5-2026.jpg'},{url:'https://imagescdn.d2cmedia.ca/cbddce504e24d9cbc3324a209d7850f494/2001/14189667/6/Mazda-CX_5-2026.jpg'},{url:'https://imagescdn.d2cmedia.ca/cbddce504e24d9cbc3324a209d7850f494/2001/14189667/7/Mazda-CX_5-2026.jpg'},{url:'https://imagescdn.d2cmedia.ca/cbddce504e24d9cbc3324a209d7850f494/2001/14189667/8/Mazda-CX_5-2026.jpg'},{url:'https://imagescdn.d2cmedia.ca/cbddce504e24d9cbc3324a209d7850f494/2001/14189667/9/Mazda-CX_5-2026.jpg'}]",10,KM,https://www.maplemazda.com/new/inventory/2026-Mazda-CX_5-id14189667.html,2026 Mazda CX-5 4dr Awd Gt at Maple Mazda,51129 CAD,New,Blue,,2001,Maple Mazda,+1-905-832-1556,"{addr1: '110 Auto Vaughan Drive', city: 'Maple', region: 'Ontario', postal_code: 'L6A 4A1', country: 'CA'}",43.8362762000,-79.5363420000,,,,,https://www.maplemazda.com/privacy-policy.html,New,2001,In stock,,51129 CAD,Free,
JM3KMDHA4T0184873,JM3KMDHA4T0184873,26-537-new,Mazda,CX-5,4dr Awd Gt,2026,AUTOMATIC,SUV,GASOLINE,,"2026 Mazda CX-5 4dr Awd Gt, Blue exterior","[{url:'https://imagescdn.d2cmedia.ca/cb66c76dbdd2c32a35c7fdb342b29db63a/2001/14189670/1/Mazda-CX_5-2026.jpg'},{url:'https://imagescdn.d2cmedia.ca/s866c76dbdd2c32a35c7fdb342b29db63a/2001/14189670/1/Mazda-CX_5-2026.jpg'},{url:'https://imagescdn.d2cmedia.ca/cb66c76dbdd2c32a35c7fdb342b29db63a/2001/14189670/2/Mazda-CX_5-2026.jpg'},{url:'https://imagescdn.d2cmedia.ca/cb66c76dbdd2c32a35c7fdb342b29db63a/2001/14189670/3/Mazda-CX_5-2026.jpg'},{url:'https://imagescdn.d2cmedia.ca/cb66c76dbdd2c32a35c7fdb342b29db63a/2001/14189670/4/Mazda-CX_5-2026.jpg'},{url:'https://imagescdn.d2cmedia.ca/cb66c76dbdd2c32a35c7fdb342b29db63a/2001/14189670/5/Mazda-CX_5-2026.jpg'},{url:'https://imagescdn.d2cmedia.ca/cb66c76dbdd2c32a35c7fdb342b29db63a/2001/14189670/6/Mazda-CX_5-2026.jpg'},{url:'https://imagescdn.d2cmedia.ca/cb66c76dbdd2c32a35c7fdb342b29db63a/2001/14189670/7/Mazda-CX_5-2026.jpg'},{url:'https://imagescdn.d2cmedia.ca/cb66c76dbdd2c32a35c7fdb342b29db63a/2001/14189670/8/Mazda-CX_5-2026.jpg'},{url:'https://imagescdn.d2cmedia.ca/cb66c76dbdd2c32a35c7fdb342b29db63a/2001/14189670/9/Mazda-CX_5-2026.jpg'}]",10,KM,https://www.maplemazda.com/new/inventory/2026-Mazda-CX_5-id14189670.html,2026 Mazda CX-5 4dr Awd Gt at Maple Mazda,51129 CAD,New,Blue,,2001,Maple Mazda,+1-905-832-1556,"{addr1: '110 Auto Vaughan Drive', city: 'Maple', region: 'Ontario', postal_code: 'L6A 4A1', country: 'CA'}",43.8362762000,-79.5363420000,,,,,https://www.maplemazda.com/privacy-policy.html,New,2001,In stock,,51129 CAD,Free,
JM3KMDHA0T0182974,JM3KMDHA0T0182974,26-540-new,Mazda,CX-5,4dr Awd Gt,2026,AUTOMATIC,SUV,GASOLINE,,"2026 Mazda CX-5 4dr Awd Gt, Black exterior","[{url:'https://imagescdn.d2cmedia.ca/cb4bdfbfa8f4325ea7db6dd40c93aeaaac/2001/14189673/1/Mazda-CX_5-2026.jpg'},{url:'https://imagescdn.d2cmedia.ca/s84bdfbfa8f4325ea7db6dd40c93aeaaac/2001/14189673/1/Mazda-CX_5-2026.jpg'},{url:'https://imagescdn.d2cmedia.ca/cb4bdfbfa8f4325ea7db6dd40c93aeaaac/2001/14189673/2/Mazda-CX_5-2026.jpg'},{url:'https://imagescdn.d2cmedia.ca/cb4bdfbfa8f4325ea7db6dd40c93aeaaac/2001/14189673/3/Mazda-CX_5-2026.jpg'},{url:'https://imagescdn.d2cmedia.ca/cb4bdfbfa8f4325ea7db6dd40c93aeaaac/2001/14189673/4/Mazda-CX_5-2026.jpg'},{url:'https://imagescdn.d2cmedia.ca/cb4bdfbfa8f4325ea7db6dd40c93aeaaac/2001/14189673/5/Mazda-CX_5-2026.jpg'},{url:'https://imagescdn.d2cmedia.ca/cb4bdfbfa8f4325ea7db6dd40c93aeaaac/2001/14189673/6/Mazda-CX_5-2026.jpg'},{url:'https://imagescdn.d2cmedia.ca/cb4bdfbfa8f4325ea7db6dd40c93aeaaac/2001/14189673/7/Mazda-CX_5-2026.jpg'},{url:'https://imagescdn.d2cmedia.ca/cb4bdfbfa8f4325ea7db6dd40c93aeaaac/2001/14189673/8/Mazda-CX_5-2026.jpg'},{url:'https://imagescdn.d2cmedia.ca/cb4bdfbfa8f4325ea7db6dd40c93aeaaac/2001/14189673/9/Mazda-CX_5-2026.jpg'}]",10,KM,https://www.maplemazda.com/new/inventory/2026-Mazda-CX_5-id14189673.html,2026 Mazda CX-5 4dr Awd Gt at Maple Mazda,51129 CAD,New,Black,,2001,Maple Mazda,+1-905-832-1556,"{addr1: '110 Auto Vaughan Drive', city: 'Maple', region: 'Ontario', postal_code: 'L6A 4A1', country: 'CA'}",43.8362762000,-79.5363420000,,,,,https://www.maplemazda.com/privacy-policy.html,New,2001,In stock,,51129 CAD,Free,
JM3KJCHD9T1208625,JM3KJCHD9T1208625,26-225-new,Mazda,CX-70 MHEV,4dr Awd Gs-L,2026,AUTOMATIC,SUV,GASOLINE,,"2026 Mazda CX-70 MHEV 4dr Awd Gs-L, Blue exterior","[{url:'https://carimages.d2cmedia.ca/newcarimages/en/cb6aba940cce7b0/Mazda/CX-70 MHEV/2026/1200/483075-NERSIEFXRCBHUy1M/blue/front45.png'},{url:'https://carimages.d2cmedia.ca/newcarimages/en/cb6aba940cce7b0/Mazda/CX-70 MHEV/2026/1280/483075/blue/front_45_degree.png'},{url:'https://carimages.d2cmedia.ca/newcarimages/en/cb6aba940cce7b0/Mazda/CX-70 MHEV/2026/2100/483075/blue/front_45_degree.png'},{url:'https://carimages.d2cmedia.ca/newcarimages/en/cb6aba940cce7b0/Mazda/CX-70 MHEV/2026/2100/483075/blue/profile.png'},{url:'https://carimages.d2cmedia.ca/newcarimages/en/cb6aba940cce7b0/Mazda/CX-70 MHEV/2026/2100/483075/blue/full_dashboard.png'}]",10,KM,https://www.maplemazda.com/new/inventory/2026-Mazda-CX_70_MHEV-id13731418.html,2026 Mazda CX-70 MHEV 4dr Awd Gs-L at Maple Mazda,54179 CAD,New,Blue,,2001,Maple Mazda,+1-905-832-1556,"{addr1: '110 Auto Vaughan Drive', city: 'Maple', region: 'Ontario', postal_code: 'L6A 4A1', country: 'CA'}",43.8362762000,-79.5363420000,,,,,https://www.maplemazda.com/privacy-policy.html,New,2001,In stock,,54179 CAD,Free,
JM3KJCHD5T1209478,JM3KJCHD5T1209478,26-258-new,Mazda,CX-70 MHEV,4dr Awd Gs-L,2026,AUTOMATIC,SUV,GASOLINE,,"2026 Mazda CX-70 MHEV 4dr Awd Gs-L, White exterior","[{url:'https://carimages.d2cmedia.ca/newcarimages/en/cb6aba940cce7b0/Mazda/CX-70 MHEV/2026/1200/483075-NERSIEFXRCBHUy1M/white/front45.png'},{url:'https://carimages.d2cmedia.ca/newcarimages/en/cb6aba940cce7b0/Mazda/CX-70 MHEV/2026/1280/483075/white/front_45_degree.png'},{url:'https://carimages.d2cmedia.ca/newcarimages/en/cb6aba940cce7b0/Mazda/CX-70 MHEV/2026/2100/483075/white/front_45_degree.png'},{url:'https://carimages.d2cmedia.ca/newcarimages/en/cb6aba940cce7b0/Mazda/CX-70 MHEV/2026/2100/483075/white/profile.png'},{url:'https://carimages.d2cmedia.ca/newcarimages/en/cb6aba940cce7b0/Mazda/CX-70 MHEV/2026/2100/483075/white/full_dashboard.png'}]",10,KM,https://www.maplemazda.com/new/inventory/2026-Mazda-CX_70_MHEV-id13779927.html,2026 Mazda CX-70 MHEV 4dr Awd Gs-L at Maple Mazda,54579 CAD,New,White,,2001,Maple Mazda,+1-905-832-1556,"{addr1: '110 Auto Vaughan Drive', city: 'Maple', region: 'Ontario', postal_code: 'L6A 4A1', country: 'CA'}",43.8362762000,-79.5363420000,,,,,https://www.maplemazda.com/privacy-policy.html,New,2001,In stock,,54579 CAD,Free,
JM3KJDHD5T1206733,JM3KJDHD5T1206733,26-179-new,Mazda,CX-70 MHEV,4dr Awd Gt,2026,AUTOMATIC,SUV,GASOLINE,,"2026 Mazda CX-70 MHEV 4dr Awd Gt, Grey exterior","[{url:'https://imagescdn.d2cmedia.ca/cb7de28904b7ee66c9bc22aeb1e9d0a34a/2001/13636660/1/Mazda-CX_70 MHEV-2026.jpg'},{url:'https://imagescdn.d2cmedia.ca/s87de28904b7ee66c9bc22aeb1e9d0a34a/2001/13636660/1/Mazda-CX_70_MHEV-2026.jpg'},{url:'https://imagescdn.d2cmedia.ca/cb7de28904b7ee66c9bc22aeb1e9d0a34a/2001/13636660/1/Mazda-CX_70_MHEV-2026.jpg'},{url:'https://imagescdn.d2cmedia.ca/cb7de28904b7ee66c9bc22aeb1e9d0a34a/2001/13636660/2/Mazda-CX_70_MHEV-2026.jpg'},{url:'https://imagescdn.d2cmedia.ca/cb7de28904b7ee66c9bc22aeb1e9d0a34a/2001/13636660/3/Mazda-CX_70_MHEV-2026.jpg'},{url:'https://imagescdn.d2cmedia.ca/cb7de28904b7ee66c9bc22aeb1e9d0a34a/2001/13636660/4/Mazda-CX_70_MHEV-2026.jpg'},{url:'https://imagescdn.d2cmedia.ca/cb7de28904b7ee66c9bc22aeb1e9d0a34a/2001/13636660/5/Mazda-CX_70_MHEV-2026.jpg'},{url:'https://imagescdn.d2cmedia.ca/cb7de28904b7ee66c9bc22aeb1e9d0a34a/2001/13636660/6/Mazda-CX_70_MHEV-2026.jpg'},{url:'https://imagescdn.d2cmedia.ca/cb7de28904b7ee66c9bc22aeb1e9d0a34a/2001/13636660/7/Mazda-CX_70_MHEV-2026.jpg'},{url:'https://imagescdn.d2cmedia.ca/cb7de28904b7ee66c9bc22aeb1e9d0a34a/2001/13636660/8/Mazda-CX_70_MHEV-2026.jpg'}]",10,KM,https://www.maplemazda.com/new/inventory/2026-Mazda-CX_70_MHEV-id13636660.html,2026 Mazda CX-70 MHEV 4dr Awd Gt at Maple Mazda,59079 CAD,New,Grey,,2001,Maple Mazda,+1-905-832-1556,"{addr1: '110 Auto Vaughan Drive', city: 'Maple', region: 'Ontario', postal_code: 'L6A 4A1', country: 'CA'}",43.8362762000,-79.5363420000,,,,,https://www.maplemazda.com/privacy-policy.html,New,2001,In stock,,59079 CAD,Free,
JM3KJDHDXT1210017,JM3KJDHDXT1210017,26-335-new,Mazda,CX-70 MHEV,4dr Awd Gt,2026,AUTOMATIC,SUV,GASOLINE,,"2026 Mazda CX-70 MHEV 4dr Awd Gt, Beige exterior","[{url:'https://imagescdn.d2cmedia.ca/cbd7ad5b853e3bd3748c0ef404910725a0/2001/13871355/1/Mazda-CX_70 MHEV-2026.jpg'},{url:'https://imagescdn.d2cmedia.ca/s8d7ad5b853e3bd3748c0ef404910725a0/2001/13871355/1/Mazda-CX_70_MHEV-2026.jpg'},{url:'https://imagescdn.d2cmedia.ca/cbd7ad5b853e3bd3748c0ef404910725a0/2001/13871355/1/Mazda-CX_70_MHEV-2026.jpg'},{url:'https://imagescdn.d2cmedia.ca/cbd7ad5b853e3bd3748c0ef404910725a0/2001/13871355/2/Mazda-CX_70_MHEV-2026.jpg'},{url:'https://imagescdn.d2cmedia.ca/cbd7ad5b853e3bd3748c0ef404910725a0/2001/13871355/3/Mazda-CX_70_MHEV-2026.jpg'},{url:'https://imagescdn.d2cmedia.ca/cbd7ad5b853e3bd3748c0ef404910725a0/2001/13871355/4/Mazda-CX_70_MHEV-2026.jpg'},{url:'https://imagescdn.d2cmedia.ca/cbd7ad5b853e3bd3748c0ef404910725a0/2001/13871355/5/Mazda-CX_70_MHEV-2026.jpg'},{url:'https://imagescdn.d2cmedia.ca/cbd7ad5b853e3bd3748c0ef404910725a0/2001/13871355/6/Mazda-CX_70_MHEV-2026.jpg'},{url:'https://imagescdn.d2cmedia.ca/cbd7ad5b853e3bd3748c0ef404910725a0/2001/13871355/7/Mazda-CX_70_MHEV-2026.jpg'},{url:'https://imagescdn.d2cmedia.ca/cbd7ad5b853e3bd3748c0ef404910725a0/2001/13871355/8/Mazda-CX_70_MHEV-2026.jpg'}]",10,KM,https://www.maplemazda.com/new/inventory/2026-Mazda-CX_70_MHEV-id13871355.html,2026 Mazda CX-70 MHEV 4dr Awd Gt at Maple Mazda,59079 CAD,New,Beige,,2001,Maple Mazda,+1-905-832-1556,"{addr1: '110 Auto Vaughan Drive', city: 'Maple', region: 'Ontario', postal_code: 'L6A 4A1', country: 'CA'}",43.8362762000,-79.5363420000,,,,,https://www.maplemazda.com/privacy-policy.html,New,2001,In stock,,59079 CAD,Free,
JM3KJDHD9T1207352,JM3KJDHD9T1207352,26-152-new,Mazda,CX-70 MHEV,4dr Awd Gt,2026,AUTOMATIC,SUV,GASOLINE,,"2026 Mazda CX-70 MHEV 4dr Awd Gt, Grey exterior","[{url:'https://imagescdn.d2cmedia.ca/cbc683e447a8ecaad820d1a427ebc2e4a1/2001/13602326/1/Mazda-CX_70 MHEV-2026.jpg'},{url:'https://imagescdn.d2cmedia.ca/s8c683e447a8ecaad820d1a427ebc2e4a1/2001/13602326/1/Mazda-CX_70_MHEV-2026.jpg'},{url:'https://imagescdn.d2cmedia.ca/cbc683e447a8ecaad820d1a427ebc2e4a1/2001/13602326/1/Mazda-CX_70_MHEV-2026.jpg'},{url:'https://imagescdn.d2cmedia.ca/cbc683e447a8ecaad820d1a427ebc2e4a1/2001/13602326/2/Mazda-CX_70_MHEV-2026.jpg'},{url:'https://imagescdn.d2cmedia.ca/cbc683e447a8ecaad820d1a427ebc2e4a1/2001/13602326/3/Mazda-CX_70_MHEV-2026.jpg'},{url:'https://imagescdn.d2cmedia.ca/cbc683e447a8ecaad820d1a427ebc2e4a1/2001/13602326/4/Mazda-CX_70_MHEV-2026.jpg'},{url:'https://imagescdn.d2cmedia.ca/cbc683e447a8ecaad820d1a427ebc2e4a1/2001/13602326/5/Mazda-CX_70_MHEV-2026.jpg'},{url:'https://imagescdn.d2cmedia.ca/cbc683e447a8ecaad820d1a427ebc2e4a1/2001/13602326/6/Mazda-CX_70_MHEV-2026.jpg'},{url:'https://imagescdn.d2cmedia.ca/cbc683e447a8ecaad820d1a427ebc2e4a1/2001/13602326/7/Mazda-CX_70_MHEV-2026.jpg'},{url:'https://imagescdn.d2cmedia.ca/cbc683e447a8ecaad820d1a427ebc2e4a1/2001/13602326/8/Mazda-CX_70_MHEV-2026.jpg'}]",10,KM,https://www.maplemazda.com/new/inventory/2026-Mazda-CX_70_MHEV-id13602326.html,2026 Mazda CX-70 MHEV 4dr Awd Gt at Maple Mazda,59179 CAD,New,Grey,,2001,Maple Mazda,+1-905-832-1556,"{addr1: '110 Auto Vaughan Drive', city: 'Maple', region: 'Ontario', postal_code: 'L6A 4A1', country: 'CA'}",43.8362762000,-79.5363420000,,,,,https://www.maplemazda.com/privacy-policy.html,New,2001,In stock,,59179 CAD,Free,
JM3KJDHD2T1211033,JM3KJDHD2T1211033,26-409-new,Mazda,CX-70 MHEV,4dr Awd Gt,2026,AUTOMATIC,SUV,GASOLINE,,"2026 Mazda CX-70 MHEV 4dr Awd Gt, Grey exterior","[{url:'https://imagescdn.d2cmedia.ca/cb3a0941e67a198454ef61c30539c23b89/2001/13979030/1/Mazda-CX_70 MHEV-2026.jpg'},{url:'https://imagescdn.d2cmedia.ca/s83a0941e67a198454ef61c30539c23b89/2001/13979030/1/Mazda-CX_70_MHEV-2026.jpg'},{url:'https://imagescdn.d2cmedia.ca/cb3a0941e67a198454ef61c30539c23b89/2001/13979030/1/Mazda-CX_70_MHEV-2026.jpg'},{url:'https://imagescdn.d2cmedia.ca/cb3a0941e67a198454ef61c30539c23b89/2001/13979030/2/Mazda-CX_70_MHEV-2026.jpg'},{url:'https://imagescdn.d2cmedia.ca/cb3a0941e67a198454ef61c30539c23b89/2001/13979030/3/Mazda-CX_70_MHEV-2026.jpg'},{url:'https://imagescdn.d2cmedia.ca/cb3a0941e67a198454ef61c30539c23b89/2001/13979030/4/Mazda-CX_70_MHEV-2026.jpg'},{url:'https://imagescdn.d2cmedia.ca/cb3a0941e67a198454ef61c30539c23b89/2001/13979030/5/Mazda-CX_70_MHEV-2026.jpg'},{url:'https://imagescdn.d2cmedia.ca/cb3a0941e67a198454ef61c30539c23b89/2001/13979030/6/Mazda-CX_70_MHEV-2026.jpg'},{url:'https://imagescdn.d2cmedia.ca/cb3a0941e67a198454ef61c30539c23b89/2001/13979030/7/Mazda-CX_70_MHEV-2026.jpg'},{url:'https://imagescdn.d2cmedia.ca/cb3a0941e67a198454ef61c30539c23b89/2001/13979030/8/Mazda-CX_70_MHEV-2026.jpg'}]",10,KM,https://www.maplemazda.com/new/inventory/2026-Mazda-CX_70_MHEV-id13979030.html,2026 Mazda CX-70 MHEV 4dr Awd Gt at Maple Mazda,59179 CAD,New,Grey,,2001,Maple Mazda,+1-905-832-1556,"{addr1: '110 Auto Vaughan Drive', city: 'Maple', region: 'Ontario', postal_code: 'L6A 4A1', country: 'CA'}",43.8362762000,-79.5363420000,,,,,https://www.maplemazda.com/privacy-policy.html,New,2001,In stock,,59179 CAD,Free,
JM3KJDHC0T1211300,JM3KJDHC0T1211300,26-435-new,Mazda,CX-70 MHEV,4dr Awd Gt-P,2026,AUTOMATIC,SUV,GASOLINE,,"2026 Mazda CX-70 MHEV 4dr Awd Gt-P, Black exterior","[{url:'https://carimages.d2cmedia.ca/newcarimages/en/cb6aba940cce7b0/Mazda/CX-70 MHEV/2026/1200/483077-NERSIEFXRCBHVC1Q/black/front45.png'},{url:'https://carimages.d2cmedia.ca/newcarimages/en/cb6aba940cce7b0/Mazda/CX-70 MHEV/2026/1280/483077/black/front_45_degree.png'},{url:'https://carimages.d2cmedia.ca/newcarimages/en/cb6aba940cce7b0/Mazda/CX-70 MHEV/2026/2100/483077/black/front_45_degree.png'},{url:'https://carimages.d2cmedia.ca/newcarimages/en/cb6aba940cce7b0/Mazda/CX-70 MHEV/2026/2100/483077/black/profile.png'},{url:'https://carimages.d2cmedia.ca/newcarimages/en/cb6aba940cce7b0/Mazda/CX-70 MHEV/2026/2100/483077/black/full_dashboard.png'}]",10,KM,https://www.maplemazda.com/new/inventory/2026-Mazda-CX_70_MHEV-id14041368.html,2026 Mazda CX-70 MHEV 4dr Awd Gt-P at Maple Mazda,62979 CAD,New,Black,,2001,Maple Mazda,+1-905-832-1556,"{addr1: '110 Auto Vaughan Drive', city: 'Maple', region: 'Ontario', postal_code: 'L6A 4A1', country: 'CA'}",43.8362762000,-79.5363420000,,,,,https://www.maplemazda.com/privacy-policy.html,New,2001,In stock,,62979 CAD,Free,
JM3KJDHC7T1212735,JM3KJDHC7T1212735,26-486-new,Mazda,CX-70 MHEV,4dr Awd Gt-P,2026,AUTOMATIC,SUV,GASOLINE,,"2026 Mazda CX-70 MHEV 4dr Awd Gt-P, Black exterior","[{url:'https://carimages.d2cmedia.ca/newcarimages/en/cb6aba940cce7b0/Mazda/CX-70 MHEV/2026/1200/483077-NERSIEFXRCBHVC1Q/black/front45.png'},{url:'https://carimages.d2cmedia.ca/newcarimages/en/cb6aba940cce7b0/Mazda/CX-70 MHEV/2026/1280/483077/black/front_45_degree.png'},{url:'https://carimages.d2cmedia.ca/newcarimages/en/cb6aba940cce7b0/Mazda/CX-70 MHEV/2026/2100/483077/black/front_45_degree.png'},{url:'https://carimages.d2cmedia.ca/newcarimages/en/cb6aba940cce7b0/Mazda/CX-70 MHEV/2026/2100/483077/black/profile.png'},{url:'https://carimages.d2cmedia.ca/newcarimages/en/cb6aba940cce7b0/Mazda/CX-70 MHEV/2026/2100/483077/black/full_dashboard.png'}]",10,KM,https://www.maplemazda.com/new/inventory/2026-Mazda-CX_70_MHEV-id14110272.html,2026 Mazda CX-70 MHEV 4dr Awd Gt-P at Maple Mazda,62979 CAD,New,Black,,2001,Maple Mazda,+1-905-832-1556,"{addr1: '110 Auto Vaughan Drive', city: 'Maple', region: 'Ontario', postal_code: 'L6A 4A1', country: 'CA'}",43.8362762000,-79.5363420000,,,,,https://www.maplemazda.com/privacy-policy.html,New,2001,In stock,,62979 CAD,Free,
JM3KJDHC0T1213077,JM3KJDHC0T1213077,26-532-new,Mazda,CX-70 MHEV,4dr Awd Gt-P,2026,AUTOMATIC,SUV,GASOLINE,,"2026 Mazda CX-70 MHEV 4dr Awd Gt-P, Black exterior","[{url:'https://carimages.d2cmedia.ca/newcarimages/en/cb6aba940cce7b0/Mazda/CX-70 MHEV/2026/1200/483077-NERSIEFXRCBHVC1Q/black/front45.png'},{url:'https://carimages.d2cmedia.ca/newcarimages/en/cb6aba940cce7b0/Mazda/CX-70 MHEV/2026/1280/483077/black/front_45_degree.png'},{url:'https://carimages.d2cmedia.ca/newcarimages/en/cb6aba940cce7b0/Mazda/CX-70 MHEV/2026/2100/483077/black/front_45_degree.png'},{url:'https://carimages.d2cmedia.ca/newcarimages/en/cb6aba940cce7b0/Mazda/CX-70 MHEV/2026/2100/483077/black/profile.png'},{url:'https://carimages.d2cmedia.ca/newcarimages/en/cb6aba940cce7b0/Mazda/CX-70 MHEV/2026/2100/483077/black/full_dashboard.png'}]",10,KM,https://www.maplemazda.com/new/inventory/2026-Mazda-CX_70_MHEV-id14184292.html,2026 Mazda CX-70 MHEV 4dr Awd Gt-P at Maple Mazda,62979 CAD,New,Black,,2001,Maple Mazda,+1-905-832-1556,"{addr1: '110 Auto Vaughan Drive', city: 'Maple', region: 'Ontario', postal_code: 'L6A 4A1', country: 'CA'}",43.8362762000,-79.5363420000,,,,,https://www.maplemazda.com/privacy-policy.html,New,2001,In stock,,62979 CAD,Free,
JM3KJDHC2T1215445,JM3KJDHC2T1215445,26-613-new,Mazda,CX-70 MHEV,4dr Awd Gt-P,2026,AUTOMATIC,SUV,GASOLINE,,"2026 Mazda CX-70 MHEV 4dr Awd Gt-P, Black exterior","[{url:'https://carimages.d2cmedia.ca/newcarimages/en/cb6aba940cce7b0/Mazda/CX-70 MHEV/2026/1200/483077-NERSIEFXRCBHVC1Q/black/front45.png'},{url:'https://carimages.d2cmedia.ca/newcarimages/en/cb6aba940cce7b0/Mazda/CX-70 MHEV/2026/1280/483077/black/front_45_degree.png'},{url:'https://carimages.d2cmedia.ca/newcarimages/en/cb6aba940cce7b0/Mazda/CX-70 MHEV/2026/2100/483077/black/front_45_degree.png'},{url:'https://carimages.d2cmedia.ca/newcarimages/en/cb6aba940cce7b0/Mazda/CX-70 MHEV/2026/2100/483077/black/profile.png'},{url:'https://carimages.d2cmedia.ca/newcarimages/en/cb6aba940cce7b0/Mazda/CX-70 MHEV/2026/2100/483077/black/full_dashboard.png'}]",10,KM,https://www.maplemazda.com/new/inventory/2026-Mazda-CX_70_MHEV-id14359917.html,2026 Mazda CX-70 MHEV 4dr Awd Gt-P at Maple Mazda,62979 CAD,New,Black,,2001,Maple Mazda,+1-905-832-1556,"{addr1: '110 Auto Vaughan Drive', city: 'Maple', region: 'Ontario', postal_code: 'L6A 4A1', country: 'CA'}",43.8362762000,-79.5363420000,,,,,https://www.maplemazda.com/privacy-policy.html,New,2001,In stock,,62979 CAD,Free,
JM3KJDHCXT1214656,JM3KJDHCXT1214656,26-569-new,Mazda,CX-70 MHEV,4dr Awd Gt-P,2026,AUTOMATIC,SUV,GASOLINE,,"2026 Mazda CX-70 MHEV 4dr Awd Gt-P, Copper exterior","[{url:'https://carimages.d2cmedia.ca/newcarimages/en/cb6aba940cce7b0/Mazda/CX-70 MHEV/2026/1200/483077-NERSIEFXRCBHVC1Q/brown/front45.png'},{url:'https://carimages.d2cmedia.ca/newcarimages/en/cb6aba940cce7b0/Mazda/CX-70 MHEV/2026/1280/483077/brown/front_45_degree.png'},{url:'https://carimages.d2cmedia.ca/newcarimages/en/cb6aba940cce7b0/Mazda/CX-70 MHEV/2026/2100/483077/brown/front_45_degree.png'},{url:'https://carimages.d2cmedia.ca/newcarimages/en/cb6aba940cce7b0/Mazda/CX-70 MHEV/2026/2100/483077/brown/profile.png'},{url:'https://carimages.d2cmedia.ca/newcarimages/en/cb6aba940cce7b0/Mazda/CX-70 MHEV/2026/2100/483077/brown/full_dashboard.png'}]",10,KM,https://www.maplemazda.com/new/inventory/2026-Mazda-CX_70_MHEV-id14261861.html,2026 Mazda CX-70 MHEV 4dr Awd Gt-P at Maple Mazda,63029 CAD,New,Copper,,2001,Maple Mazda,+1-905-832-1556,"{addr1: '110 Auto Vaughan Drive', city: 'Maple', region: 'Ontario', postal_code: 'L6A 4A1', country: 'CA'}",43.8362762000,-79.5363420000,,,,,https://www.maplemazda.com/privacy-policy.html,New,2001,In stock,,63029 CAD,Free,
JM3KJDHC7T1214890,JM3KJDHC7T1214890,26-596-new,Mazda,CX-70 MHEV,4dr Awd Gt-P,2026,AUTOMATIC,SUV,GASOLINE,,"2026 Mazda CX-70 MHEV 4dr Awd Gt-P, Beige exterior","[{url:'https://carimages.d2cmedia.ca/newcarimages/en/cb6aba940cce7b0/Mazda/CX-70 MHEV/2026/1200/483077-NERSIEFXRCBHVC1Q/tan/front45.png'},{url:'https://carimages.d2cmedia.ca/newcarimages/en/cb6aba940cce7b0/Mazda/CX-70 MHEV/2026/1280/483077/tan/front_45_degree.png'},{url:'https://carimages.d2cmedia.ca/newcarimages/en/cb6aba940cce7b0/Mazda/CX-70 MHEV/2026/2100/483077/tan/front_45_degree.png'},{url:'https://carimages.d2cmedia.ca/newcarimages/en/cb6aba940cce7b0/Mazda/CX-70 MHEV/2026/2100/483077/tan/profile.png'},{url:'https://carimages.d2cmedia.ca/newcarimages/en/cb6aba940cce7b0/Mazda/CX-70 MHEV/2026/2100/483077/tan/full_dashboard.png'}]",10,KM,https://www.maplemazda.com/new/inventory/2026-Mazda-CX_70_MHEV-id14298441.html,2026 Mazda CX-70 MHEV 4dr Awd Gt-P at Maple Mazda,63029 CAD,New,Beige,,2001,Maple Mazda,+1-905-832-1556,"{addr1: '110 Auto Vaughan Drive', city: 'Maple', region: 'Ontario', postal_code: 'L6A 4A1', country: 'CA'}",43.8362762000,-79.5363420000,,,,,https://www.maplemazda.com/privacy-policy.html,New,2001,In stock,,63029 CAD,Free,
JM3KJDHC1T1210642,JM3KJDHC1T1210642,26-329-new,Mazda,CX-70 MHEV,4dr Awd Gt-P,2026,AUTOMATIC,SUV,GASOLINE,,"2026 Mazda CX-70 MHEV 4dr Awd Gt-P, Grey exterior","[{url:'https://carimages.d2cmedia.ca/newcarimages/en/cb6aba940cce7b0/Mazda/CX-70 MHEV/2026/1200/483077-NERSIEFXRCBHVC1Q/Gray/front45.png'},{url:'https://carimages.d2cmedia.ca/newcarimages/en/cb6aba940cce7b0/Mazda/CX-70 MHEV/2026/1280/483077/grey/front_45_degree.png'},{url:'https://carimages.d2cmedia.ca/newcarimages/en/cb6aba940cce7b0/Mazda/CX-70 MHEV/2026/2100/483077/grey/front_45_degree.png'},{url:'https://carimages.d2cmedia.ca/newcarimages/en/cb6aba940cce7b0/Mazda/CX-70 MHEV/2026/2100/483077/grey/profile.png'},{url:'https://carimages.d2cmedia.ca/newcarimages/en/cb6aba940cce7b0/Mazda/CX-70 MHEV/2026/2100/483077/grey/full_dashboard.png'}]",10,KM,https://www.maplemazda.com/new/inventory/2026-Mazda-CX_70_MHEV-id13871349.html,2026 Mazda CX-70 MHEV 4dr Awd Gt-P at Maple Mazda,63279 CAD,New,Grey,,2001,Maple Mazda,+1-905-832-1556,"{addr1: '110 Auto Vaughan Drive', city: 'Maple', region: 'Ontario', postal_code: 'L6A 4A1', country: 'CA'}",43.8362762000,-79.5363420000,,,,,https://www.maplemazda.com/privacy-policy.html,New,2001,In stock,,63279 CAD,Free,
JM3KJDHC5T1214466,JM3KJDHC5T1214466,26-581-new,Mazda,CX-70 MHEV,4dr Awd Gt-P,2026,AUTOMATIC,SUV,GASOLINE,,"2026 Mazda CX-70 MHEV 4dr Awd Gt-P, Grey exterior","[{url:'https://carimages.d2cmedia.ca/newcarimages/en/cb6aba940cce7b0/Mazda/CX-70 MHEV/2026/1200/483077-NERSIEFXRCBHVC1Q/Gray/front45.png'},{url:'https://carimages.d2cmedia.ca/newcarimages/en/cb6aba940cce7b0/Mazda/CX-70 MHEV/2026/1280/483077/grey/front_45_degree.png'},{url:'https://carimages.d2cmedia.ca/newcarimages/en/cb6aba940cce7b0/Mazda/CX-70 MHEV/2026/2100/483077/grey/front_45_degree.png'},{url:'https://carimages.d2cmedia.ca/newcarimages/en/cb6aba940cce7b0/Mazda/CX-70 MHEV/2026/2100/483077/grey/profile.png'},{url:'https://carimages.d2cmedia.ca/newcarimages/en/cb6aba940cce7b0/Mazda/CX-70 MHEV/2026/2100/483077/grey/full_dashboard.png'}]",10,KM,https://www.maplemazda.com/new/inventory/2026-Mazda-CX_70_MHEV-id14267451.html,2026 Mazda CX-70 MHEV 4dr Awd Gt-P at Maple Mazda,63279 CAD,New,Grey,,2001,Maple Mazda,+1-905-832-1556,"{addr1: '110 Auto Vaughan Drive', city: 'Maple', region: 'Ontario', postal_code: 'L6A 4A1', country: 'CA'}",43.8362762000,-79.5363420000,,,,,https://www.maplemazda.com/privacy-policy.html,New,2001,In stock,,63279 CAD,Free,
JM3KJDHC6T1212693,JM3KJDHC6T1212693,26-484-new,Mazda,CX-70 MHEV,4dr Awd Gt-P,2026,AUTOMATIC,SUV,GASOLINE,,"2026 Mazda CX-70 MHEV 4dr Awd Gt-P, Grey exterior","[{url:'https://imagescdn.d2cmedia.ca/cbf593233a97d1495c227522da9044aaa0/2001/14104867/1/Mazda-CX_70 MHEV-2026.jpg'},{url:'https://imagescdn.d2cmedia.ca/s8f593233a97d1495c227522da9044aaa0/2001/14104867/1/Mazda-CX_70_MHEV-2026.jpg'},{url:'https://imagescdn.d2cmedia.ca/cbf593233a97d1495c227522da9044aaa0/2001/14104867/1/Mazda-CX_70_MHEV-2026.jpg'},{url:'https://imagescdn.d2cmedia.ca/cbf593233a97d1495c227522da9044aaa0/2001/14104867/2/Mazda-CX_70_MHEV-2026.jpg'},{url:'https://imagescdn.d2cmedia.ca/cbf593233a97d1495c227522da9044aaa0/2001/14104867/3/Mazda-CX_70_MHEV-2026.jpg'},{url:'https://imagescdn.d2cmedia.ca/cbf593233a97d1495c227522da9044aaa0/2001/14104867/4/Mazda-CX_70_MHEV-2026.jpg'},{url:'https://imagescdn.d2cmedia.ca/cbf593233a97d1495c227522da9044aaa0/2001/14104867/5/Mazda-CX_70_MHEV-2026.jpg'},{url:'https://imagescdn.d2cmedia.ca/cbf593233a97d1495c227522da9044aaa0/2001/14104867/6/Mazda-CX_70_MHEV-2026.jpg'},{url:'https://imagescdn.d2cmedia.ca/cbf593233a97d1495c227522da9044aaa0/2001/14104867/7/Mazda-CX_70_MHEV-2026.jpg'},{url:'https://imagescdn.d2cmedia.ca/cbf593233a97d1495c227522da9044aaa0/2001/14104867/8/Mazda-CX_70_MHEV-2026.jpg'}]",10,KM,https://www.maplemazda.com/new/inventory/2026-Mazda-CX_70_MHEV-id14104867.html,2026 Mazda CX-70 MHEV 4dr Awd Gt-P at Maple Mazda,63379 CAD,New,Grey,,2001,Maple Mazda,+1-905-832-1556,"{addr1: '110 Auto Vaughan Drive', city: 'Maple', region: 'Ontario', postal_code: 'L6A 4A1', country: 'CA'}",43.8362762000,-79.5363420000,,,,,https://www.maplemazda.com/privacy-policy.html,New,2001,In stock,,63379 CAD,Free,
JM3KJDHC4T1215897,JM3KJDHC4T1215897,26-625-new,Mazda,CX-70 MHEV,4dr Awd Gt-P,2026,AUTOMATIC,SUV,GASOLINE,,"2026 Mazda CX-70 MHEV 4dr Awd Gt-P, White exterior","[{url:'https://carimages.d2cmedia.ca/newcarimages/en/cb6aba940cce7b0/Mazda/CX-70 MHEV/2026/1200/483077-NERSIEFXRCBHVC1Q/white/front45.png'},{url:'https://carimages.d2cmedia.ca/newcarimages/en/cb6aba940cce7b0/Mazda/CX-70 MHEV/2026/1280/483077/white/front_45_degree.png'},{url:'https://carimages.d2cmedia.ca/newcarimages/en/cb6aba940cce7b0/Mazda/CX-70 MHEV/2026/2100/483077/white/front_45_degree.png'},{url:'https://carimages.d2cmedia.ca/newcarimages/en/cb6aba940cce7b0/Mazda/CX-70 MHEV/2026/2100/483077/white/profile.png'},{url:'https://carimages.d2cmedia.ca/newcarimages/en/cb6aba940cce7b0/Mazda/CX-70 MHEV/2026/2100/483077/white/full_dashboard.png'}]",10,KM,https://www.maplemazda.com/new/inventory/2026-Mazda-CX_70_MHEV-id14379890.html,2026 Mazda CX-70 MHEV 4dr Awd Gt-P at Maple Mazda,63379 CAD,New,White,,2001,Maple Mazda,+1-905-832-1556,"{addr1: '110 Auto Vaughan Drive', city: 'Maple', region: 'Ontario', postal_code: 'L6A 4A1', country: 'CA'}",43.8362762000,-79.5363420000,,,,,https://www.maplemazda.com/privacy-policy.html,New,2001,In stock,,63379 CAD,Free,
JM3KJEHCXT1204912,JM3KJEHCXT1204912,26-072-new,Mazda,CX-70 MHEV,4dr Awd Signature,2026,AUTOMATIC,SUV,GASOLINE,,"2026 Mazda CX-70 MHEV 4dr Awd Signature, Black exterior","[{url:'https://imagescdn.d2cmedia.ca/cb5cf81619158b4a0a1459cf3a0972fb93/2001/13405655/1/Mazda-CX_70 MHEV-2026.jpg'},{url:'https://imagescdn.d2cmedia.ca/s85cf81619158b4a0a1459cf3a0972fb93/2001/13405655/1/Mazda-CX_70_MHEV-2026.jpg'},{url:'https://imagescdn.d2cmedia.ca/cb5cf81619158b4a0a1459cf3a0972fb93/2001/13405655/1/Mazda-CX_70_MHEV-2026.jpg'},{url:'https://imagescdn.d2cmedia.ca/cb5cf81619158b4a0a1459cf3a0972fb93/2001/13405655/2/Mazda-CX_70_MHEV-2026.jpg'},{url:'https://imagescdn.d2cmedia.ca/cb5cf81619158b4a0a1459cf3a0972fb93/2001/13405655/3/Mazda-CX_70_MHEV-2026.jpg'},{url:'https://imagescdn.d2cmedia.ca/cb5cf81619158b4a0a1459cf3a0972fb93/2001/13405655/4/Mazda-CX_70_MHEV-2026.jpg'},{url:'https://imagescdn.d2cmedia.ca/cb5cf81619158b4a0a1459cf3a0972fb93/2001/13405655/5/Mazda-CX_70_MHEV-2026.jpg'},{url:'https://imagescdn.d2cmedia.ca/cb5cf81619158b4a0a1459cf3a0972fb93/2001/13405655/6/Mazda-CX_70_MHEV-2026.jpg'},{url:'https://imagescdn.d2cmedia.ca/cb5cf81619158b4a0a1459cf3a0972fb93/2001/13405655/7/Mazda-CX_70_MHEV-2026.jpg'},{url:'https://imagescdn.d2cmedia.ca/cb5cf81619158b4a0a1459cf3a0972fb93/2001/13405655/8/Mazda-CX_70_MHEV-2026.jpg'}]",10,KM,https://www.maplemazda.com/new/inventory/2026-Mazda-CX_70_MHEV-id13405655.html,2026 Mazda CX-70 MHEV 4dr Awd Signature at Maple Mazda,66729 CAD,New,Black,,2001,Maple Mazda,+1-905-832-1556,"{addr1: '110 Auto Vaughan Drive', city: 'Maple', region: 'Ontario', postal_code: 'L6A 4A1', country: 'CA'}",43.8362762000,-79.5363420000,,,,,https://www.maplemazda.com/privacy-policy.html,New,2001,In stock,,66729 CAD,Free,
JM3KJEHC5T1210777,JM3KJEHC5T1210777,26-383-new,Mazda,CX-70 MHEV,4dr Awd Signature,2026,AUTOMATIC,SUV,GASOLINE,,"2026 Mazda CX-70 MHEV 4dr Awd Signature, Black exterior","[{url:'https://imagescdn.d2cmedia.ca/cbdf0dbab2f1a69b94506ccb0f7f78edc1/2001/13917753/1/Mazda-CX_70 MHEV-2026.jpg'},{url:'https://imagescdn.d2cmedia.ca/s8df0dbab2f1a69b94506ccb0f7f78edc1/2001/13917753/1/Mazda-CX_70_MHEV-2026.jpg'},{url:'https://imagescdn.d2cmedia.ca/cbdf0dbab2f1a69b94506ccb0f7f78edc1/2001/13917753/1/Mazda-CX_70_MHEV-2026.jpg'},{url:'https://imagescdn.d2cmedia.ca/cbdf0dbab2f1a69b94506ccb0f7f78edc1/2001/13917753/2/Mazda-CX_70_MHEV-2026.jpg'},{url:'https://imagescdn.d2cmedia.ca/cbdf0dbab2f1a69b94506ccb0f7f78edc1/2001/13917753/3/Mazda-CX_70_MHEV-2026.jpg'},{url:'https://imagescdn.d2cmedia.ca/cbdf0dbab2f1a69b94506ccb0f7f78edc1/2001/13917753/4/Mazda-CX_70_MHEV-2026.jpg'},{url:'https://imagescdn.d2cmedia.ca/cbdf0dbab2f1a69b94506ccb0f7f78edc1/2001/13917753/5/Mazda-CX_70_MHEV-2026.jpg'},{url:'https://imagescdn.d2cmedia.ca/cbdf0dbab2f1a69b94506ccb0f7f78edc1/2001/13917753/6/Mazda-CX_70_MHEV-2026.jpg'},{url:'https://imagescdn.d2cmedia.ca/cbdf0dbab2f1a69b94506ccb0f7f78edc1/2001/13917753/7/Mazda-CX_70_MHEV-2026.jpg'},{url:'https://imagescdn.d2cmedia.ca/cbdf0dbab2f1a69b94506ccb0f7f78edc1/2001/13917753/8/Mazda-CX_70_MHEV-2026.jpg'}]",10,KM,https://www.maplemazda.com/new/inventory/2026-Mazda-CX_70_MHEV-id13917753.html,2026 Mazda CX-70 MHEV 4dr Awd Signature at Maple Mazda,66729 CAD,New,Black,,2001,Maple Mazda,+1-905-832-1556,"{addr1: '110 Auto Vaughan Drive', city: 'Maple', region: 'Ontario', postal_code: 'L6A 4A1', country: 'CA'}",43.8362762000,-79.5363420000,,,,,https://www.maplemazda.com/privacy-policy.html,New,2001,In stock,,66729 CAD,Free,
JM3KJEHC3T1211006,JM3KJEHC3T1211006,26-408-new,Mazda,CX-70 MHEV,4dr Awd Signature,2026,AUTOMATIC,SUV,GASOLINE,,"2026 Mazda CX-70 MHEV 4dr Awd Signature, Black exterior","[{url:'https://imagescdn.d2cmedia.ca/cbc9cc89fb6929230aa0510de51b8ecc2a/2001/13979029/1/Mazda-CX_70 MHEV-2026.jpg'},{url:'https://imagescdn.d2cmedia.ca/s8c9cc89fb6929230aa0510de51b8ecc2a/2001/13979029/1/Mazda-CX_70_MHEV-2026.jpg'},{url:'https://imagescdn.d2cmedia.ca/cbc9cc89fb6929230aa0510de51b8ecc2a/2001/13979029/1/Mazda-CX_70_MHEV-2026.jpg'},{url:'https://imagescdn.d2cmedia.ca/cbc9cc89fb6929230aa0510de51b8ecc2a/2001/13979029/2/Mazda-CX_70_MHEV-2026.jpg'},{url:'https://imagescdn.d2cmedia.ca/cbc9cc89fb6929230aa0510de51b8ecc2a/2001/13979029/3/Mazda-CX_70_MHEV-2026.jpg'},{url:'https://imagescdn.d2cmedia.ca/cbc9cc89fb6929230aa0510de51b8ecc2a/2001/13979029/4/Mazda-CX_70_MHEV-2026.jpg'},{url:'https://imagescdn.d2cmedia.ca/cbc9cc89fb6929230aa0510de51b8ecc2a/2001/13979029/5/Mazda-CX_70_MHEV-2026.jpg'},{url:'https://imagescdn.d2cmedia.ca/cbc9cc89fb6929230aa0510de51b8ecc2a/2001/13979029/6/Mazda-CX_70_MHEV-2026.jpg'},{url:'https://imagescdn.d2cmedia.ca/cbc9cc89fb6929230aa0510de51b8ecc2a/2001/13979029/7/Mazda-CX_70_MHEV-2026.jpg'},{url:'https://imagescdn.d2cmedia.ca/cbc9cc89fb6929230aa0510de51b8ecc2a/2001/13979029/8/Mazda-CX_70_MHEV-2026.jpg'}]",10,KM,https://www.maplemazda.com/new/inventory/2026-Mazda-CX_70_MHEV-id13979029.html,2026 Mazda CX-70 MHEV 4dr Awd Signature at Maple Mazda,66729 CAD,New,Black,,2001,Maple Mazda,+1-905-832-1556,"{addr1: '110 Auto Vaughan Drive', city: 'Maple', region: 'Ontario', postal_code: 'L6A 4A1', country: 'CA'}",43.8362762000,-79.5363420000,,,,,https://www.maplemazda.com/privacy-policy.html,New,2001,In stock,,66729 CAD,Free,
JM3KJEHC0T1211738,JM3KJEHC0T1211738,26-457-new,Mazda,CX-70 MHEV,4dr Awd Signature,2026,AUTOMATIC,SUV,GASOLINE,,"2026 Mazda CX-70 MHEV 4dr Awd Signature, Black exterior","[{url:'https://imagescdn.d2cmedia.ca/cb0593af16959026ebb97b3f53de134468/2001/14041389/1/Mazda-CX_70 MHEV-2026.jpg'},{url:'https://imagescdn.d2cmedia.ca/s80593af16959026ebb97b3f53de134468/2001/14041389/1/Mazda-CX_70_MHEV-2026.jpg'},{url:'https://imagescdn.d2cmedia.ca/cb0593af16959026ebb97b3f53de134468/2001/14041389/1/Mazda-CX_70_MHEV-2026.jpg'},{url:'https://imagescdn.d2cmedia.ca/cb0593af16959026ebb97b3f53de134468/2001/14041389/2/Mazda-CX_70_MHEV-2026.jpg'},{url:'https://imagescdn.d2cmedia.ca/cb0593af16959026ebb97b3f53de134468/2001/14041389/3/Mazda-CX_70_MHEV-2026.jpg'},{url:'https://imagescdn.d2cmedia.ca/cb0593af16959026ebb97b3f53de134468/2001/14041389/4/Mazda-CX_70_MHEV-2026.jpg'},{url:'https://imagescdn.d2cmedia.ca/cb0593af16959026ebb97b3f53de134468/2001/14041389/5/Mazda-CX_70_MHEV-2026.jpg'},{url:'https://imagescdn.d2cmedia.ca/cb0593af16959026ebb97b3f53de134468/2001/14041389/6/Mazda-CX_70_MHEV-2026.jpg'},{url:'https://imagescdn.d2cmedia.ca/cb0593af16959026ebb97b3f53de134468/2001/14041389/7/Mazda-CX_70_MHEV-2026.jpg'},{url:'https://imagescdn.d2cmedia.ca/cb0593af16959026ebb97b3f53de134468/2001/14041389/8/Mazda-CX_70_MHEV-2026.jpg'}]",10,KM,https://www.maplemazda.com/new/inventory/2026-Mazda-CX_70_MHEV-id14041389.html,2026 Mazda CX-70 MHEV 4dr Awd Signature at Maple Mazda,66729 CAD,New,Black,,2001,Maple Mazda,+1-905-832-1556,"{addr1: '110 Auto Vaughan Drive', city: 'Maple', region: 'Ontario', postal_code: 'L6A 4A1', country: 'CA'}",43.8362762000,-79.5363420000,,,,,https://www.maplemazda.com/privacy-policy.html,New,2001,In stock,,66729 CAD,Free,
JM3KJEHC9T1210149,JM3KJEHC9T1210149,26-299-new,Mazda,CX-70 MHEV,4dr Awd Signature,2026,AUTOMATIC,SUV,GASOLINE,,"2026 Mazda CX-70 MHEV 4dr Awd Signature, Grey exterior","[{url:'https://imagescdn.d2cmedia.ca/cbbf1ec4ad6e1439b330409e74f0d18f85/2001/13835004/1/Mazda-CX_70 MHEV-2026.jpg'},{url:'https://imagescdn.d2cmedia.ca/s8bf1ec4ad6e1439b330409e74f0d18f85/2001/13835004/1/Mazda-CX_70_MHEV-2026.jpg'},{url:'https://imagescdn.d2cmedia.ca/cbbf1ec4ad6e1439b330409e74f0d18f85/2001/13835004/1/Mazda-CX_70_MHEV-2026.jpg'},{url:'https://imagescdn.d2cmedia.ca/cbbf1ec4ad6e1439b330409e74f0d18f85/2001/13835004/2/Mazda-CX_70_MHEV-2026.jpg'},{url:'https://imagescdn.d2cmedia.ca/cbbf1ec4ad6e1439b330409e74f0d18f85/2001/13835004/3/Mazda-CX_70_MHEV-2026.jpg'},{url:'https://imagescdn.d2cmedia.ca/cbbf1ec4ad6e1439b330409e74f0d18f85/2001/13835004/4/Mazda-CX_70_MHEV-2026.jpg'},{url:'https://imagescdn.d2cmedia.ca/cbbf1ec4ad6e1439b330409e74f0d18f85/2001/13835004/5/Mazda-CX_70_MHEV-2026.jpg'},{url:'https://imagescdn.d2cmedia.ca/cbbf1ec4ad6e1439b330409e74f0d18f85/2001/13835004/6/Mazda-CX_70_MHEV-2026.jpg'},{url:'https://imagescdn.d2cmedia.ca/cbbf1ec4ad6e1439b330409e74f0d18f85/2001/13835004/7/Mazda-CX_70_MHEV-2026.jpg'},{url:'https://imagescdn.d2cmedia.ca/cbbf1ec4ad6e1439b330409e74f0d18f85/2001/13835004/8/Mazda-CX_70_MHEV-2026.jpg'}]",10,KM,https://www.maplemazda.com/new/inventory/2026-Mazda-CX_70_MHEV-id13835004.html,2026 Mazda CX-70 MHEV 4dr Awd Signature at Maple Mazda,67129 CAD,New,Grey,,2001,Maple Mazda,+1-905-832-1556,"{addr1: '110 Auto Vaughan Drive', city: 'Maple', region: 'Ontario', postal_code: 'L6A 4A1', country: 'CA'}",43.8362762000,-79.5363420000,,,,,https://www.maplemazda.com/privacy-policy.html,New,2001,In stock,,67129 CAD,Free,
JM3KJEHC5T1210147,JM3KJEHC5T1210147,26-300-new,Mazda,CX-70 MHEV,4dr Awd Signature,2026,AUTOMATIC,SUV,GASOLINE,,"2026 Mazda CX-70 MHEV 4dr Awd Signature, Grey exterior","[{url:'https://imagescdn.d2cmedia.ca/cb218f18f3766cb3a2750b7c326ba49a8e/2001/13835005/1/Mazda-CX_70 MHEV-2026.jpg'},{url:'https://imagescdn.d2cmedia.ca/s8218f18f3766cb3a2750b7c326ba49a8e/2001/13835005/1/Mazda-CX_70_MHEV-2026.jpg'},{url:'https://imagescdn.d2cmedia.ca/cb218f18f3766cb3a2750b7c326ba49a8e/2001/13835005/1/Mazda-CX_70_MHEV-2026.jpg'},{url:'https://imagescdn.d2cmedia.ca/cb218f18f3766cb3a2750b7c326ba49a8e/2001/13835005/2/Mazda-CX_70_MHEV-2026.jpg'},{url:'https://imagescdn.d2cmedia.ca/cb218f18f3766cb3a2750b7c326ba49a8e/2001/13835005/3/Mazda-CX_70_MHEV-2026.jpg'},{url:'https://imagescdn.d2cmedia.ca/cb218f18f3766cb3a2750b7c326ba49a8e/2001/13835005/4/Mazda-CX_70_MHEV-2026.jpg'},{url:'https://imagescdn.d2cmedia.ca/cb218f18f3766cb3a2750b7c326ba49a8e/2001/13835005/5/Mazda-CX_70_MHEV-2026.jpg'},{url:'https://imagescdn.d2cmedia.ca/cb218f18f3766cb3a2750b7c326ba49a8e/2001/13835005/6/Mazda-CX_70_MHEV-2026.jpg'},{url:'https://imagescdn.d2cmedia.ca/cb218f18f3766cb3a2750b7c326ba49a8e/2001/13835005/7/Mazda-CX_70_MHEV-2026.jpg'},{url:'https://imagescdn.d2cmedia.ca/cb218f18f3766cb3a2750b7c326ba49a8e/2001/13835005/8/Mazda-CX_70_MHEV-2026.jpg'}]",10,KM,https://www.maplemazda.com/new/inventory/2026-Mazda-CX_70_MHEV-id13835005.html,2026 Mazda CX-70 MHEV 4dr Awd Signature at Maple Mazda,67129 CAD,New,Grey,,2001,Maple Mazda,+1-905-832-1556,"{addr1: '110 Auto Vaughan Drive', city: 'Maple', region: 'Ontario', postal_code: 'L6A 4A1', country: 'CA'}",43.8362762000,-79.5363420000,,,,,https://www.maplemazda.com/privacy-policy.html,New,2001,In stock,,67129 CAD,Free,
JM3KJEHC5T1211556,JM3KJEHC5T1211556,26-450-new,Mazda,CX-70 MHEV,4dr Awd Signature,2026,AUTOMATIC,SUV,GASOLINE,,"2026 Mazda CX-70 MHEV 4dr Awd Signature, Grey exterior","[{url:'https://imagescdn.d2cmedia.ca/cbdd14ddd7bd211e59d689b16c00657a55/2001/14041382/1/Mazda-CX_70 MHEV-2026.jpg'},{url:'https://imagescdn.d2cmedia.ca/s8dd14ddd7bd211e59d689b16c00657a55/2001/14041382/1/Mazda-CX_70_MHEV-2026.jpg'},{url:'https://imagescdn.d2cmedia.ca/cbdd14ddd7bd211e59d689b16c00657a55/2001/14041382/1/Mazda-CX_70_MHEV-2026.jpg'},{url:'https://imagescdn.d2cmedia.ca/cbdd14ddd7bd211e59d689b16c00657a55/2001/14041382/2/Mazda-CX_70_MHEV-2026.jpg'},{url:'https://imagescdn.d2cmedia.ca/cbdd14ddd7bd211e59d689b16c00657a55/2001/14041382/3/Mazda-CX_70_MHEV-2026.jpg'},{url:'https://imagescdn.d2cmedia.ca/cbdd14ddd7bd211e59d689b16c00657a55/2001/14041382/4/Mazda-CX_70_MHEV-2026.jpg'},{url:'https://imagescdn.d2cmedia.ca/cbdd14ddd7bd211e59d689b16c00657a55/2001/14041382/5/Mazda-CX_70_MHEV-2026.jpg'},{url:'https://imagescdn.d2cmedia.ca/cbdd14ddd7bd211e59d689b16c00657a55/2001/14041382/6/Mazda-CX_70_MHEV-2026.jpg'},{url:'https://imagescdn.d2cmedia.ca/cbdd14ddd7bd211e59d689b16c00657a55/2001/14041382/7/Mazda-CX_70_MHEV-2026.jpg'},{url:'https://imagescdn.d2cmedia.ca/cbdd14ddd7bd211e59d689b16c00657a55/2001/14041382/8/Mazda-CX_70_MHEV-2026.jpg'}]",10,KM,https://www.maplemazda.com/new/inventory/2026-Mazda-CX_70_MHEV-id14041382.html,2026 Mazda CX-70 MHEV 4dr Awd Signature at Maple Mazda,67129 CAD,New,Grey,,2001,Maple Mazda,+1-905-832-1556,"{addr1: '110 Auto Vaughan Drive', city: 'Maple', region: 'Ontario', postal_code: 'L6A 4A1', country: 'CA'}",43.8362762000,-79.5363420000,,,,,https://www.maplemazda.com/privacy-policy.html,New,2001,In stock,,67129 CAD,Free,
JM3KKBHD6T1402388,JM3KKBHD6T1402388,26-449-new,Mazda,CX-90 MHEV,4dr Awd Gs,2026,AUTOMATIC,SUV,GASOLINE,,"2026 Mazda CX-90 MHEV 4dr Awd Gs, Black exterior","[{url:'https://carimages.d2cmedia.ca/newcarimages/en/cb6aba940cce7b0/Mazda/CX-90 MHEV/2026/1200/483114-NERSIEFXRCBHUw/black/front45.png'},{url:'https://carimages.d2cmedia.ca/newcarimages/en/cb6aba940cce7b0/Mazda/CX-90 MHEV/2026/1280/483114/black/front_45_degree.png'},{url:'https://carimages.d2cmedia.ca/newcarimages/en/cb6aba940cce7b0/Mazda/CX-90 MHEV/2026/2100/483114/black/front_45_degree.png'},{url:'https://carimages.d2cmedia.ca/newcarimages/en/cb6aba940cce7b0/Mazda/CX-90 MHEV/2026/2100/483114/black/profile.png'},{url:'https://carimages.d2cmedia.ca/newcarimages/en/cb6aba940cce7b0/Mazda/CX-90 MHEV/2026/2100/483114/black/full_dashboard.png'}]",10,KM,https://www.maplemazda.com/new/inventory/2026-Mazda-CX_90_MHEV-id14041381.html,2026 Mazda CX-90 MHEV 4dr Awd Gs at Maple Mazda,51529 CAD,New,Black,,2001,Maple Mazda,+1-905-832-1556,"{addr1: '110 Auto Vaughan Drive', city: 'Maple', region: 'Ontario', postal_code: 'L6A 4A1', country: 'CA'}",43.8362762000,-79.5363420000,,,,,https://www.maplemazda.com/privacy-policy.html,New,2001,In stock,,51529 CAD,Free,
JM3KKCHDXT1387402,JM3KKCHDXT1387402,26-193-new,Mazda,CX-90 MHEV,4dr Awd Gs-L,2026,AUTOMATIC,SUV,GASOLINE,,"2026 Mazda CX-90 MHEV 4dr Awd Gs-L, Grey exterior","[{url:'https://imagescdn.d2cmedia.ca/cb6378d9a016265f57f0d0100b1262c20b/2001/13652750/1/Mazda-CX_90 MHEV-2026.jpg'},{url:'https://imagescdn.d2cmedia.ca/s86378d9a016265f57f0d0100b1262c20b/2001/13652750/1/Mazda-CX_90_MHEV-2026.jpg'},{url:'https://imagescdn.d2cmedia.ca/cb6378d9a016265f57f0d0100b1262c20b/2001/13652750/1/Mazda-CX_90_MHEV-2026.jpg'},{url:'https://imagescdn.d2cmedia.ca/cb6378d9a016265f57f0d0100b1262c20b/2001/13652750/2/Mazda-CX_90_MHEV-2026.jpg'},{url:'https://imagescdn.d2cmedia.ca/cb6378d9a016265f57f0d0100b1262c20b/2001/13652750/3/Mazda-CX_90_MHEV-2026.jpg'},{url:'https://imagescdn.d2cmedia.ca/cb6378d9a016265f57f0d0100b1262c20b/2001/13652750/4/Mazda-CX_90_MHEV-2026.jpg'},{url:'https://imagescdn.d2cmedia.ca/cb6378d9a016265f57f0d0100b1262c20b/2001/13652750/5/Mazda-CX_90_MHEV-2026.jpg'},{url:'https://imagescdn.d2cmedia.ca/cb6378d9a016265f57f0d0100b1262c20b/2001/13652750/6/Mazda-CX_90_MHEV-2026.jpg'},{url:'https://imagescdn.d2cmedia.ca/cb6378d9a016265f57f0d0100b1262c20b/2001/13652750/7/Mazda-CX_90_MHEV-2026.jpg'},{url:'https://imagescdn.d2cmedia.ca/cb6378d9a016265f57f0d0100b1262c20b/2001/13652750/8/Mazda-CX_90_MHEV-2026.jpg'}]",10,KM,https://www.maplemazda.com/new/inventory/2026-Mazda-CX_90_MHEV-id13652750.html,2026 Mazda CX-90 MHEV 4dr Awd Gs-L at Maple Mazda,55929 CAD,New,Grey,,2001,Maple Mazda,+1-905-832-1556,"{addr1: '110 Auto Vaughan Drive', city: 'Maple', region: 'Ontario', postal_code: 'L6A 4A1', country: 'CA'}",43.8362762000,-79.5363420000,,,,,https://www.maplemazda.com/privacy-policy.html,New,2001,In stock,,55929 CAD,Free,
JM3KKDHD3T1372164,JM3KKDHD3T1372164,26-031-new,Mazda,CX-90 MHEV,4dr Awd Gt 8a,2026,AUTOMATIC,SUV,GASOLINE,,"2026 Mazda CX-90 MHEV 4dr Awd Gt 8a, Black exterior","[{url:'https://imagescdn.d2cmedia.ca/cb91800c4895bac4977acd751c91b0b90f/2001/13292246/1/Mazda-CX_90 MHEV-2026.jpg'},{url:'https://imagescdn.d2cmedia.ca/s891800c4895bac4977acd751c91b0b90f/2001/13292246/1/Mazda-CX_90_MHEV-2026.jpg'},{url:'https://imagescdn.d2cmedia.ca/cb91800c4895bac4977acd751c91b0b90f/2001/13292246/1/Mazda-CX_90_MHEV-2026.jpg'},{url:'https://imagescdn.d2cmedia.ca/cb91800c4895bac4977acd751c91b0b90f/2001/13292246/2/Mazda-CX_90_MHEV-2026.jpg'},{url:'https://imagescdn.d2cmedia.ca/cb91800c4895bac4977acd751c91b0b90f/2001/13292246/3/Mazda-CX_90_MHEV-2026.jpg'},{url:'https://imagescdn.d2cmedia.ca/cb91800c4895bac4977acd751c91b0b90f/2001/13292246/4/Mazda-CX_90_MHEV-2026.jpg'},{url:'https://imagescdn.d2cmedia.ca/cb91800c4895bac4977acd751c91b0b90f/2001/13292246/5/Mazda-CX_90_MHEV-2026.jpg'},{url:'https://imagescdn.d2cmedia.ca/cb91800c4895bac4977acd751c91b0b90f/2001/13292246/6/Mazda-CX_90_MHEV-2026.jpg'},{url:'https://imagescdn.d2cmedia.ca/cb91800c4895bac4977acd751c91b0b90f/2001/13292246/7/Mazda-CX_90_MHEV-2026.jpg'},{url:'https://imagescdn.d2cmedia.ca/cb91800c4895bac4977acd751c91b0b90f/2001/13292246/8/Mazda-CX_90_MHEV-2026.jpg'}]",10,KM,https://www.maplemazda.com/new/inventory/2026-Mazda-CX_90_MHEV-id13292246.html,2026 Mazda CX-90 MHEV 4dr Awd Gt 8a at Maple Mazda,60129 CAD,New,Black,,2001,Maple Mazda,+1-905-832-1556,"{addr1: '110 Auto Vaughan Drive', city: 'Maple', region: 'Ontario', postal_code: 'L6A 4A1', country: 'CA'}",43.8362762000,-79.5363420000,,,,,https://www.maplemazda.com/privacy-policy.html,New,2001,In stock,,60129 CAD,Free,
JM3KKDHD0T1398043,JM3KKDHD0T1398043,26-382-new,Mazda,CX-90 MHEV,4dr Awd Gt,2026,AUTOMATIC,SUV,GASOLINE,,"2026 Mazda CX-90 MHEV 4dr Awd Gt, Black exterior","[{url:'https://imagescdn.d2cmedia.ca/cb991bd2d17baaabcec4e9ea14cc886dce/2001/13917752/1/Mazda-CX_90 MHEV-2026.jpg'},{url:'https://imagescdn.d2cmedia.ca/s8991bd2d17baaabcec4e9ea14cc886dce/2001/13917752/1/Mazda-CX_90_MHEV-2026.jpg'},{url:'https://imagescdn.d2cmedia.ca/cb991bd2d17baaabcec4e9ea14cc886dce/2001/13917752/1/Mazda-CX_90_MHEV-2026.jpg'},{url:'https://imagescdn.d2cmedia.ca/cb991bd2d17baaabcec4e9ea14cc886dce/2001/13917752/2/Mazda-CX_90_MHEV-2026.jpg'},{url:'https://imagescdn.d2cmedia.ca/cb991bd2d17baaabcec4e9ea14cc886dce/2001/13917752/3/Mazda-CX_90_MHEV-2026.jpg'},{url:'https://imagescdn.d2cmedia.ca/cb991bd2d17baaabcec4e9ea14cc886dce/2001/13917752/4/Mazda-CX_90_MHEV-2026.jpg'},{url:'https://imagescdn.d2cmedia.ca/cb991bd2d17baaabcec4e9ea14cc886dce/2001/13917752/5/Mazda-CX_90_MHEV-2026.jpg'},{url:'https://imagescdn.d2cmedia.ca/cb991bd2d17baaabcec4e9ea14cc886dce/2001/13917752/6/Mazda-CX_90_MHEV-2026.jpg'},{url:'https://imagescdn.d2cmedia.ca/cb991bd2d17baaabcec4e9ea14cc886dce/2001/13917752/7/Mazda-CX_90_MHEV-2026.jpg'},{url:'https://imagescdn.d2cmedia.ca/cb991bd2d17baaabcec4e9ea14cc886dce/2001/13917752/8/Mazda-CX_90_MHEV-2026.jpg'}]",10,KM,https://www.maplemazda.com/new/inventory/2026-Mazda-CX_90_MHEV-id13917752.html,2026 Mazda CX-90 MHEV 4dr Awd Gt at Maple Mazda,60129 CAD,New,Black,,2001,Maple Mazda,+1-905-832-1556,"{addr1: '110 Auto Vaughan Drive', city: 'Maple', region: 'Ontario', postal_code: 'L6A 4A1', country: 'CA'}",43.8362762000,-79.5363420000,,,,,https://www.maplemazda.com/privacy-policy.html,New,2001,In stock,,60129 CAD,Free,
JM3KKDHDXT1407346,JM3KKDHDXT1407346,26-508-new,Mazda,CX-90 MHEV,4dr Awd Gt,2026,AUTOMATIC,SUV,GASOLINE,,"2026 Mazda CX-90 MHEV 4dr Awd Gt, Black exterior","[{url:'https://imagescdn.d2cmedia.ca/cb79c13a181bc97d33b6a4f2b05a4a8788/2001/14129460/1/Mazda-CX_90 MHEV-2026.jpg'},{url:'https://imagescdn.d2cmedia.ca/s879c13a181bc97d33b6a4f2b05a4a8788/2001/14129460/1/Mazda-CX_90_MHEV-2026.jpg'},{url:'https://imagescdn.d2cmedia.ca/cb79c13a181bc97d33b6a4f2b05a4a8788/2001/14129460/1/Mazda-CX_90_MHEV-2026.jpg'},{url:'https://imagescdn.d2cmedia.ca/cb79c13a181bc97d33b6a4f2b05a4a8788/2001/14129460/2/Mazda-CX_90_MHEV-2026.jpg'},{url:'https://imagescdn.d2cmedia.ca/cb79c13a181bc97d33b6a4f2b05a4a8788/2001/14129460/3/Mazda-CX_90_MHEV-2026.jpg'},{url:'https://imagescdn.d2cmedia.ca/cb79c13a181bc97d33b6a4f2b05a4a8788/2001/14129460/4/Mazda-CX_90_MHEV-2026.jpg'},{url:'https://imagescdn.d2cmedia.ca/cb79c13a181bc97d33b6a4f2b05a4a8788/2001/14129460/5/Mazda-CX_90_MHEV-2026.jpg'},{url:'https://imagescdn.d2cmedia.ca/cb79c13a181bc97d33b6a4f2b05a4a8788/2001/14129460/6/Mazda-CX_90_MHEV-2026.jpg'},{url:'https://imagescdn.d2cmedia.ca/cb79c13a181bc97d33b6a4f2b05a4a8788/2001/14129460/7/Mazda-CX_90_MHEV-2026.jpg'},{url:'https://imagescdn.d2cmedia.ca/cb79c13a181bc97d33b6a4f2b05a4a8788/2001/14129460/8/Mazda-CX_90_MHEV-2026.jpg'}]",10,KM,https://www.maplemazda.com/new/inventory/2026-Mazda-CX_90_MHEV-id14129460.html,2026 Mazda CX-90 MHEV 4dr Awd Gt at Maple Mazda,60129 CAD,New,Black,,2001,Maple Mazda,+1-905-832-1556,"{addr1: '110 Auto Vaughan Drive', city: 'Maple', region: 'Ontario', postal_code: 'L6A 4A1', country: 'CA'}",43.8362762000,-79.5363420000,,,,,https://www.maplemazda.com/privacy-policy.html,New,2001,In stock,,60129 CAD,Free,
JM3KKDHD7T1411435,JM3KKDHD7T1411435,26-559-new,Mazda,CX-90 MHEV,4dr Awd Gt,2026,AUTOMATIC,SUV,GASOLINE,,"2026 Mazda CX-90 MHEV 4dr Awd Gt, Black exterior","[{url:'https://imagescdn.d2cmedia.ca/cbddb8428c1be5af8266e1859b39c789ee/2001/14226027/1/Mazda-CX_90 MHEV-2026.jpg'},{url:'https://imagescdn.d2cmedia.ca/s8ddb8428c1be5af8266e1859b39c789ee/2001/14226027/1/Mazda-CX_90_MHEV-2026.jpg'},{url:'https://imagescdn.d2cmedia.ca/cbddb8428c1be5af8266e1859b39c789ee/2001/14226027/1/Mazda-CX_90_MHEV-2026.jpg'},{url:'https://imagescdn.d2cmedia.ca/cbddb8428c1be5af8266e1859b39c789ee/2001/14226027/2/Mazda-CX_90_MHEV-2026.jpg'},{url:'https://imagescdn.d2cmedia.ca/cbddb8428c1be5af8266e1859b39c789ee/2001/14226027/3/Mazda-CX_90_MHEV-2026.jpg'},{url:'https://imagescdn.d2cmedia.ca/cbddb8428c1be5af8266e1859b39c789ee/2001/14226027/4/Mazda-CX_90_MHEV-2026.jpg'},{url:'https://imagescdn.d2cmedia.ca/cbddb8428c1be5af8266e1859b39c789ee/2001/14226027/5/Mazda-CX_90_MHEV-2026.jpg'},{url:'https://imagescdn.d2cmedia.ca/cbddb8428c1be5af8266e1859b39c789ee/2001/14226027/6/Mazda-CX_90_MHEV-2026.jpg'},{url:'https://imagescdn.d2cmedia.ca/cbddb8428c1be5af8266e1859b39c789ee/2001/14226027/7/Mazda-CX_90_MHEV-2026.jpg'},{url:'https://imagescdn.d2cmedia.ca/cbddb8428c1be5af8266e1859b39c789ee/2001/14226027/8/Mazda-CX_90_MHEV-2026.jpg'}]",10,KM,https://www.maplemazda.com/new/inventory/2026-Mazda-CX_90_MHEV-id14226027.html,2026 Mazda CX-90 MHEV 4dr Awd Gt at Maple Mazda,60129 CAD,New,Black,,2001,Maple Mazda,+1-905-832-1556,"{addr1: '110 Auto Vaughan Drive', city: 'Maple', region: 'Ontario', postal_code: 'L6A 4A1', country: 'CA'}",43.8362762000,-79.5363420000,,,,,https://www.maplemazda.com/privacy-policy.html,New,2001,In stock,,60129 CAD,Free,
JM3KKDHD5T1419095,JM3KKDHD5T1419095,26-639-new,Mazda,CX-90 MHEV,4dr Awd Gt,2026,AUTOMATIC,SUV,GASOLINE,,"2026 Mazda CX-90 MHEV 4dr Awd Gt, Blue exterior","[{url:'https://imagescdn.d2cmedia.ca/cb5aee8ff60019926db2bc70bf6d819062/2001/14405016/1/Mazda-CX_90 MHEV-2026.jpg'},{url:'https://imagescdn.d2cmedia.ca/s85aee8ff60019926db2bc70bf6d819062/2001/14405016/1/Mazda-CX_90_MHEV-2026.jpg'},{url:'https://imagescdn.d2cmedia.ca/cb5aee8ff60019926db2bc70bf6d819062/2001/14405016/1/Mazda-CX_90_MHEV-2026.jpg'},{url:'https://imagescdn.d2cmedia.ca/cb5aee8ff60019926db2bc70bf6d819062/2001/14405016/2/Mazda-CX_90_MHEV-2026.jpg'},{url:'https://imagescdn.d2cmedia.ca/cb5aee8ff60019926db2bc70bf6d819062/2001/14405016/3/Mazda-CX_90_MHEV-2026.jpg'},{url:'https://imagescdn.d2cmedia.ca/cb5aee8ff60019926db2bc70bf6d819062/2001/14405016/4/Mazda-CX_90_MHEV-2026.jpg'},{url:'https://imagescdn.d2cmedia.ca/cb5aee8ff60019926db2bc70bf6d819062/2001/14405016/5/Mazda-CX_90_MHEV-2026.jpg'},{url:'https://imagescdn.d2cmedia.ca/cb5aee8ff60019926db2bc70bf6d819062/2001/14405016/6/Mazda-CX_90_MHEV-2026.jpg'},{url:'https://imagescdn.d2cmedia.ca/cb5aee8ff60019926db2bc70bf6d819062/2001/14405016/7/Mazda-CX_90_MHEV-2026.jpg'},{url:'https://imagescdn.d2cmedia.ca/cb5aee8ff60019926db2bc70bf6d819062/2001/14405016/8/Mazda-CX_90_MHEV-2026.jpg'}]",10,KM,https://www.maplemazda.com/new/inventory/2026-Mazda-CX_90_MHEV-id14405016.html,2026 Mazda CX-90 MHEV 4dr Awd Gt at Maple Mazda,60129 CAD,New,Blue,,2001,Maple Mazda,+1-905-832-1556,"{addr1: '110 Auto Vaughan Drive', city: 'Maple', region: 'Ontario', postal_code: 'L6A 4A1', country: 'CA'}",43.8362762000,-79.5363420000,,,,,https://www.maplemazda.com/privacy-policy.html,New,2001,In stock,,60129 CAD,Free,
JM3KKDHD3T1419077,JM3KKDHD3T1419077,26-642-new,Mazda,CX-90 MHEV,4dr Awd Gt,2026,AUTOMATIC,SUV,GASOLINE,,"2026 Mazda CX-90 MHEV 4dr Awd Gt, Black exterior","[{url:'https://imagescdn.d2cmedia.ca/cbfa246b324815ab79acda8649b120d5f2/2001/14413956/1/Mazda-CX_90 MHEV-2026.jpg'},{url:'https://imagescdn.d2cmedia.ca/s8fa246b324815ab79acda8649b120d5f2/2001/14413956/1/Mazda-CX_90_MHEV-2026.jpg'},{url:'https://imagescdn.d2cmedia.ca/cbfa246b324815ab79acda8649b120d5f2/2001/14413956/1/Mazda-CX_90_MHEV-2026.jpg'},{url:'https://imagescdn.d2cmedia.ca/cbfa246b324815ab79acda8649b120d5f2/2001/14413956/2/Mazda-CX_90_MHEV-2026.jpg'},{url:'https://imagescdn.d2cmedia.ca/cbfa246b324815ab79acda8649b120d5f2/2001/14413956/3/Mazda-CX_90_MHEV-2026.jpg'},{url:'https://imagescdn.d2cmedia.ca/cbfa246b324815ab79acda8649b120d5f2/2001/14413956/4/Mazda-CX_90_MHEV-2026.jpg'},{url:'https://imagescdn.d2cmedia.ca/cbfa246b324815ab79acda8649b120d5f2/2001/14413956/5/Mazda-CX_90_MHEV-2026.jpg'},{url:'https://imagescdn.d2cmedia.ca/cbfa246b324815ab79acda8649b120d5f2/2001/14413956/6/Mazda-CX_90_MHEV-2026.jpg'},{url:'https://imagescdn.d2cmedia.ca/cbfa246b324815ab79acda8649b120d5f2/2001/14413956/7/Mazda-CX_90_MHEV-2026.jpg'},{url:'https://imagescdn.d2cmedia.ca/cbfa246b324815ab79acda8649b120d5f2/2001/14413956/8/Mazda-CX_90_MHEV-2026.jpg'}]",10,KM,https://www.maplemazda.com/new/inventory/2026-Mazda-CX_90_MHEV-id14413956.html,2026 Mazda CX-90 MHEV 4dr Awd Gt at Maple Mazda,60129 CAD,New,Black,,2001,Maple Mazda,+1-905-832-1556,"{addr1: '110 Auto Vaughan Drive', city: 'Maple', region: 'Ontario', postal_code: 'L6A 4A1', country: 'CA'}",43.8362762000,-79.5363420000,,,,,https://www.maplemazda.com/privacy-policy.html,New,2001,In stock,,60129 CAD,Free,
JM3KKDHD0T1407162,JM3KKDHD0T1407162,26-507-new,Mazda,CX-90 MHEV,4dr Awd Gt,2026,AUTOMATIC,SUV,GASOLINE,,"2026 Mazda CX-90 MHEV 4dr Awd Gt, Grey exterior","[{url:'https://imagescdn.d2cmedia.ca/cb4f1c63c044ec4d38964ba1952c3ab5a9/2001/14129459/1/Mazda-CX_90 MHEV-2026.jpg'},{url:'https://imagescdn.d2cmedia.ca/s84f1c63c044ec4d38964ba1952c3ab5a9/2001/14129459/1/Mazda-CX_90_MHEV-2026.jpg'},{url:'https://imagescdn.d2cmedia.ca/cb4f1c63c044ec4d38964ba1952c3ab5a9/2001/14129459/1/Mazda-CX_90_MHEV-2026.jpg'},{url:'https://imagescdn.d2cmedia.ca/cb4f1c63c044ec4d38964ba1952c3ab5a9/2001/14129459/2/Mazda-CX_90_MHEV-2026.jpg'},{url:'https://imagescdn.d2cmedia.ca/cb4f1c63c044ec4d38964ba1952c3ab5a9/2001/14129459/3/Mazda-CX_90_MHEV-2026.jpg'},{url:'https://imagescdn.d2cmedia.ca/cb4f1c63c044ec4d38964ba1952c3ab5a9/2001/14129459/4/Mazda-CX_90_MHEV-2026.jpg'},{url:'https://imagescdn.d2cmedia.ca/cb4f1c63c044ec4d38964ba1952c3ab5a9/2001/14129459/5/Mazda-CX_90_MHEV-2026.jpg'},{url:'https://imagescdn.d2cmedia.ca/cb4f1c63c044ec4d38964ba1952c3ab5a9/2001/14129459/6/Mazda-CX_90_MHEV-2026.jpg'},{url:'https://imagescdn.d2cmedia.ca/cb4f1c63c044ec4d38964ba1952c3ab5a9/2001/14129459/7/Mazda-CX_90_MHEV-2026.jpg'},{url:'https://imagescdn.d2cmedia.ca/cb4f1c63c044ec4d38964ba1952c3ab5a9/2001/14129459/8/Mazda-CX_90_MHEV-2026.jpg'}]",10,KM,https://www.maplemazda.com/new/inventory/2026-Mazda-CX_90_MHEV-id14129459.html,2026 Mazda CX-90 MHEV 4dr Awd Gt at Maple Mazda,60529 CAD,New,Grey,,2001,Maple Mazda,+1-905-832-1556,"{addr1: '110 Auto Vaughan Drive', city: 'Maple', region: 'Ontario', postal_code: 'L6A 4A1', country: 'CA'}",43.8362762000,-79.5363420000,,,,,https://www.maplemazda.com/privacy-policy.html,New,2001,In stock,,60529 CAD,Free,
JM3KKDHD9T1411548,JM3KKDHD9T1411548,26-558-new,Mazda,CX-90 MHEV,4dr Awd Gt,2026,AUTOMATIC,SUV,GASOLINE,,"2026 Mazda CX-90 MHEV 4dr Awd Gt, Grey exterior","[{url:'https://imagescdn.d2cmedia.ca/cb31bccf1c3d044d400a970c6d2eec25c9/2001/14226026/1/Mazda-CX_90 MHEV-2026.jpg'},{url:'https://imagescdn.d2cmedia.ca/s831bccf1c3d044d400a970c6d2eec25c9/2001/14226026/1/Mazda-CX_90_MHEV-2026.jpg'},{url:'https://imagescdn.d2cmedia.ca/cb31bccf1c3d044d400a970c6d2eec25c9/2001/14226026/1/Mazda-CX_90_MHEV-2026.jpg'},{url:'https://imagescdn.d2cmedia.ca/cb31bccf1c3d044d400a970c6d2eec25c9/2001/14226026/2/Mazda-CX_90_MHEV-2026.jpg'},{url:'https://imagescdn.d2cmedia.ca/cb31bccf1c3d044d400a970c6d2eec25c9/2001/14226026/3/Mazda-CX_90_MHEV-2026.jpg'},{url:'https://imagescdn.d2cmedia.ca/cb31bccf1c3d044d400a970c6d2eec25c9/2001/14226026/4/Mazda-CX_90_MHEV-2026.jpg'},{url:'https://imagescdn.d2cmedia.ca/cb31bccf1c3d044d400a970c6d2eec25c9/2001/14226026/5/Mazda-CX_90_MHEV-2026.jpg'},{url:'https://imagescdn.d2cmedia.ca/cb31bccf1c3d044d400a970c6d2eec25c9/2001/14226026/6/Mazda-CX_90_MHEV-2026.jpg'},{url:'https://imagescdn.d2cmedia.ca/cb31bccf1c3d044d400a970c6d2eec25c9/2001/14226026/7/Mazda-CX_90_MHEV-2026.jpg'},{url:'https://imagescdn.d2cmedia.ca/cb31bccf1c3d044d400a970c6d2eec25c9/2001/14226026/8/Mazda-CX_90_MHEV-2026.jpg'}]",10,KM,https://www.maplemazda.com/new/inventory/2026-Mazda-CX_90_MHEV-id14226026.html,2026 Mazda CX-90 MHEV 4dr Awd Gt at Maple Mazda,60529 CAD,New,Grey,,2001,Maple Mazda,+1-905-832-1556,"{addr1: '110 Auto Vaughan Drive', city: 'Maple', region: 'Ontario', postal_code: 'L6A 4A1', country: 'CA'}",43.8362762000,-79.5363420000,,,,,https://www.maplemazda.com/privacy-policy.html,New,2001,In stock,,60529 CAD,Free,
JM3KKDHD3T1412596,JM3KKDHD3T1412596,26-571-new,Mazda,CX-90 MHEV,4dr Awd Gt,2026,AUTOMATIC,SUV,GASOLINE,,"2026 Mazda CX-90 MHEV 4dr Awd Gt, Grey exterior","[{url:'https://imagescdn.d2cmedia.ca/cb8e977783b9c996b405d12a0803643e5a/2001/14261863/1/Mazda-CX_90 MHEV-2026.jpg'},{url:'https://imagescdn.d2cmedia.ca/s88e977783b9c996b405d12a0803643e5a/2001/14261863/1/Mazda-CX_90_MHEV-2026.jpg'},{url:'https://imagescdn.d2cmedia.ca/cb8e977783b9c996b405d12a0803643e5a/2001/14261863/1/Mazda-CX_90_MHEV-2026.jpg'},{url:'https://imagescdn.d2cmedia.ca/cb8e977783b9c996b405d12a0803643e5a/2001/14261863/2/Mazda-CX_90_MHEV-2026.jpg'},{url:'https://imagescdn.d2cmedia.ca/cb8e977783b9c996b405d12a0803643e5a/2001/14261863/3/Mazda-CX_90_MHEV-2026.jpg'},{url:'https://imagescdn.d2cmedia.ca/cb8e977783b9c996b405d12a0803643e5a/2001/14261863/4/Mazda-CX_90_MHEV-2026.jpg'},{url:'https://imagescdn.d2cmedia.ca/cb8e977783b9c996b405d12a0803643e5a/2001/14261863/5/Mazda-CX_90_MHEV-2026.jpg'},{url:'https://imagescdn.d2cmedia.ca/cb8e977783b9c996b405d12a0803643e5a/2001/14261863/6/Mazda-CX_90_MHEV-2026.jpg'},{url:'https://imagescdn.d2cmedia.ca/cb8e977783b9c996b405d12a0803643e5a/2001/14261863/7/Mazda-CX_90_MHEV-2026.jpg'},{url:'https://imagescdn.d2cmedia.ca/cb8e977783b9c996b405d12a0803643e5a/2001/14261863/8/Mazda-CX_90_MHEV-2026.jpg'}]",10,KM,https://www.maplemazda.com/new/inventory/2026-Mazda-CX_90_MHEV-id14261863.html,2026 Mazda CX-90 MHEV 4dr Awd Gt at Maple Mazda,60529 CAD,New,Grey,,2001,Maple Mazda,+1-905-832-1556,"{addr1: '110 Auto Vaughan Drive', city: 'Maple', region: 'Ontario', postal_code: 'L6A 4A1', country: 'CA'}",43.8362762000,-79.5363420000,,,,,https://www.maplemazda.com/privacy-policy.html,New,2001,In stock,,60529 CAD,Free,
JM3KKDHD4T1412851,JM3KKDHD4T1412851,26-579-new,Mazda,CX-90 MHEV,4dr Awd Gt,2026,AUTOMATIC,SUV,GASOLINE,,"2026 Mazda CX-90 MHEV 4dr Awd Gt, White exterior","[{url:'https://imagescdn.d2cmedia.ca/cb714fee1b525bb89d96fe5683199bafd1/2001/14267449/1/Mazda-CX_90 MHEV-2026.jpg'},{url:'https://imagescdn.d2cmedia.ca/s8714fee1b525bb89d96fe5683199bafd1/2001/14267449/1/Mazda-CX_90_MHEV-2026.jpg'},{url:'https://imagescdn.d2cmedia.ca/cb714fee1b525bb89d96fe5683199bafd1/2001/14267449/1/Mazda-CX_90_MHEV-2026.jpg'},{url:'https://imagescdn.d2cmedia.ca/cb714fee1b525bb89d96fe5683199bafd1/2001/14267449/2/Mazda-CX_90_MHEV-2026.jpg'},{url:'https://imagescdn.d2cmedia.ca/cb714fee1b525bb89d96fe5683199bafd1/2001/14267449/3/Mazda-CX_90_MHEV-2026.jpg'},{url:'https://imagescdn.d2cmedia.ca/cb714fee1b525bb89d96fe5683199bafd1/2001/14267449/4/Mazda-CX_90_MHEV-2026.jpg'},{url:'https://imagescdn.d2cmedia.ca/cb714fee1b525bb89d96fe5683199bafd1/2001/14267449/5/Mazda-CX_90_MHEV-2026.jpg'},{url:'https://imagescdn.d2cmedia.ca/cb714fee1b525bb89d96fe5683199bafd1/2001/14267449/6/Mazda-CX_90_MHEV-2026.jpg'},{url:'https://imagescdn.d2cmedia.ca/cb714fee1b525bb89d96fe5683199bafd1/2001/14267449/7/Mazda-CX_90_MHEV-2026.jpg'},{url:'https://imagescdn.d2cmedia.ca/cb714fee1b525bb89d96fe5683199bafd1/2001/14267449/8/Mazda-CX_90_MHEV-2026.jpg'}]",10,KM,https://www.maplemazda.com/new/inventory/2026-Mazda-CX_90_MHEV-id14267449.html,2026 Mazda CX-90 MHEV 4dr Awd Gt at Maple Mazda,60529 CAD,New,White,,2001,Maple Mazda,+1-905-832-1556,"{addr1: '110 Auto Vaughan Drive', city: 'Maple', region: 'Ontario', postal_code: 'L6A 4A1', country: 'CA'}",43.8362762000,-79.5363420000,,,,,https://www.maplemazda.com/privacy-policy.html,New,2001,In stock,,60529 CAD,Free,
JM3KKDHC8T1414853,JM3KKDHC8T1414853,26-576-new,Mazda,CX-90 MHEV,4dr Awd Gt-P,2026,AUTOMATIC,SUV,GASOLINE,,"2026 Mazda CX-90 MHEV 4dr Awd Gt-P, Black exterior","[{url:'https://imagescdn.d2cmedia.ca/cb95b1accadc28dbbe9dd5c6641fb16a5b/2001/14261868/1/Mazda-CX_90 MHEV-2026.jpg'},{url:'https://imagescdn.d2cmedia.ca/s895b1accadc28dbbe9dd5c6641fb16a5b/2001/14261868/1/Mazda-CX_90_MHEV-2026.jpg'},{url:'https://imagescdn.d2cmedia.ca/cb95b1accadc28dbbe9dd5c6641fb16a5b/2001/14261868/1/Mazda-CX_90_MHEV-2026.jpg'},{url:'https://imagescdn.d2cmedia.ca/cb95b1accadc28dbbe9dd5c6641fb16a5b/2001/14261868/2/Mazda-CX_90_MHEV-2026.jpg'},{url:'https://imagescdn.d2cmedia.ca/cb95b1accadc28dbbe9dd5c6641fb16a5b/2001/14261868/3/Mazda-CX_90_MHEV-2026.jpg'},{url:'https://imagescdn.d2cmedia.ca/cb95b1accadc28dbbe9dd5c6641fb16a5b/2001/14261868/4/Mazda-CX_90_MHEV-2026.jpg'},{url:'https://imagescdn.d2cmedia.ca/cb95b1accadc28dbbe9dd5c6641fb16a5b/2001/14261868/5/Mazda-CX_90_MHEV-2026.jpg'},{url:'https://imagescdn.d2cmedia.ca/cb95b1accadc28dbbe9dd5c6641fb16a5b/2001/14261868/6/Mazda-CX_90_MHEV-2026.jpg'},{url:'https://imagescdn.d2cmedia.ca/cb95b1accadc28dbbe9dd5c6641fb16a5b/2001/14261868/7/Mazda-CX_90_MHEV-2026.jpg'},{url:'https://imagescdn.d2cmedia.ca/cb95b1accadc28dbbe9dd5c6641fb16a5b/2001/14261868/8/Mazda-CX_90_MHEV-2026.jpg'}]",10,KM,https://www.maplemazda.com/new/inventory/2026-Mazda-CX_90_MHEV-id14261868.html,2026 Mazda CX-90 MHEV 4dr Awd Gt-P at Maple Mazda,64079 CAD,New,Black,,2001,Maple Mazda,+1-905-832-1556,"{addr1: '110 Auto Vaughan Drive', city: 'Maple', region: 'Ontario', postal_code: 'L6A 4A1', country: 'CA'}",43.8362762000,-79.5363420000,,,,,https://www.maplemazda.com/privacy-policy.html,New,2001,In stock,,64079 CAD,Free,
JM3KKDHC1T1395174,JM3KKDHC1T1395174,26-343-new,Mazda,CX-90 MHEV,4dr Awd Gt-P,2026,AUTOMATIC,SUV,GASOLINE,,"2026 Mazda CX-90 MHEV 4dr Awd Gt-P, Grey exterior","[{url:'https://imagescdn.d2cmedia.ca/cbaa53eb96ebbe32c6a7e44aaa6626b45b/2001/13871361/1/Mazda-CX_90 MHEV-2026.jpg'},{url:'https://imagescdn.d2cmedia.ca/s8aa53eb96ebbe32c6a7e44aaa6626b45b/2001/13871361/1/Mazda-CX_90_MHEV-2026.jpg'},{url:'https://imagescdn.d2cmedia.ca/cbaa53eb96ebbe32c6a7e44aaa6626b45b/2001/13871361/1/Mazda-CX_90_MHEV-2026.jpg'},{url:'https://imagescdn.d2cmedia.ca/cbaa53eb96ebbe32c6a7e44aaa6626b45b/2001/13871361/2/Mazda-CX_90_MHEV-2026.jpg'},{url:'https://imagescdn.d2cmedia.ca/cbaa53eb96ebbe32c6a7e44aaa6626b45b/2001/13871361/3/Mazda-CX_90_MHEV-2026.jpg'},{url:'https://imagescdn.d2cmedia.ca/cbaa53eb96ebbe32c6a7e44aaa6626b45b/2001/13871361/4/Mazda-CX_90_MHEV-2026.jpg'},{url:'https://imagescdn.d2cmedia.ca/cbaa53eb96ebbe32c6a7e44aaa6626b45b/2001/13871361/5/Mazda-CX_90_MHEV-2026.jpg'},{url:'https://imagescdn.d2cmedia.ca/cbaa53eb96ebbe32c6a7e44aaa6626b45b/2001/13871361/6/Mazda-CX_90_MHEV-2026.jpg'},{url:'https://imagescdn.d2cmedia.ca/cbaa53eb96ebbe32c6a7e44aaa6626b45b/2001/13871361/7/Mazda-CX_90_MHEV-2026.jpg'},{url:'https://imagescdn.d2cmedia.ca/cbaa53eb96ebbe32c6a7e44aaa6626b45b/2001/13871361/8/Mazda-CX_90_MHEV-2026.jpg'}]",10,KM,https://www.maplemazda.com/new/inventory/2026-Mazda-CX_90_MHEV-id13871361.html,2026 Mazda CX-90 MHEV 4dr Awd Gt-P at Maple Mazda,64479 CAD,New,Grey,,2001,Maple Mazda,+1-905-832-1556,"{addr1: '110 Auto Vaughan Drive', city: 'Maple', region: 'Ontario', postal_code: 'L6A 4A1', country: 'CA'}",43.8362762000,-79.5363420000,,,,,https://www.maplemazda.com/privacy-policy.html,New,2001,In stock,,64479 CAD,Free,
JM3KKEHC7T1398019,JM3KKEHC7T1398019,26-378-new,Mazda,CX-90 MHEV,4dr Awd Signature,2026,AUTOMATIC,SUV,GASOLINE,,"2026 Mazda CX-90 MHEV 4dr Awd Signature, Black exterior","[{url:'https://imagescdn.d2cmedia.ca/cbf207ed6c289db9b002d5bd93094c056a/2001/13917748/1/Mazda-CX_90 MHEV-2026.jpg'},{url:'https://imagescdn.d2cmedia.ca/s8f207ed6c289db9b002d5bd93094c056a/2001/13917748/1/Mazda-CX_90_MHEV-2026.jpg'},{url:'https://imagescdn.d2cmedia.ca/cbf207ed6c289db9b002d5bd93094c056a/2001/13917748/1/Mazda-CX_90_MHEV-2026.jpg'},{url:'https://imagescdn.d2cmedia.ca/cbf207ed6c289db9b002d5bd93094c056a/2001/13917748/2/Mazda-CX_90_MHEV-2026.jpg'},{url:'https://imagescdn.d2cmedia.ca/cbf207ed6c289db9b002d5bd93094c056a/2001/13917748/3/Mazda-CX_90_MHEV-2026.jpg'},{url:'https://imagescdn.d2cmedia.ca/cbf207ed6c289db9b002d5bd93094c056a/2001/13917748/4/Mazda-CX_90_MHEV-2026.jpg'},{url:'https://imagescdn.d2cmedia.ca/cbf207ed6c289db9b002d5bd93094c056a/2001/13917748/5/Mazda-CX_90_MHEV-2026.jpg'},{url:'https://imagescdn.d2cmedia.ca/cbf207ed6c289db9b002d5bd93094c056a/2001/13917748/6/Mazda-CX_90_MHEV-2026.jpg'},{url:'https://imagescdn.d2cmedia.ca/cbf207ed6c289db9b002d5bd93094c056a/2001/13917748/7/Mazda-CX_90_MHEV-2026.jpg'},{url:'https://imagescdn.d2cmedia.ca/cbf207ed6c289db9b002d5bd93094c056a/2001/13917748/8/Mazda-CX_90_MHEV-2026.jpg'}]",10,KM,https://www.maplemazda.com/new/inventory/2026-Mazda-CX_90_MHEV-id13917748.html,2026 Mazda CX-90 MHEV 4dr Awd Signature at Maple Mazda,68079 CAD,New,Black,,2001,Maple Mazda,+1-905-832-1556,"{addr1: '110 Auto Vaughan Drive', city: 'Maple', region: 'Ontario', postal_code: 'L6A 4A1', country: 'CA'}",43.8362762000,-79.5363420000,,,,,https://www.maplemazda.com/privacy-policy.html,New,2001,In stock,,68079 CAD,Free,
JM3KKEHC2T1397909,JM3KKEHC2T1397909,26-380-new,Mazda,CX-90 MHEV,4dr Awd Signature,2026,AUTOMATIC,SUV,GASOLINE,,"2026 Mazda CX-90 MHEV 4dr Awd Signature, Black exterior","[{url:'https://imagescdn.d2cmedia.ca/cb4147ad2d8ed73915bb0f799603eddb9c/2001/13917750/1/Mazda-CX_90 MHEV-2026.jpg'},{url:'https://imagescdn.d2cmedia.ca/s84147ad2d8ed73915bb0f799603eddb9c/2001/13917750/1/Mazda-CX_90_MHEV-2026.jpg'},{url:'https://imagescdn.d2cmedia.ca/cb4147ad2d8ed73915bb0f799603eddb9c/2001/13917750/1/Mazda-CX_90_MHEV-2026.jpg'},{url:'https://imagescdn.d2cmedia.ca/cb4147ad2d8ed73915bb0f799603eddb9c/2001/13917750/2/Mazda-CX_90_MHEV-2026.jpg'},{url:'https://imagescdn.d2cmedia.ca/cb4147ad2d8ed73915bb0f799603eddb9c/2001/13917750/3/Mazda-CX_90_MHEV-2026.jpg'},{url:'https://imagescdn.d2cmedia.ca/cb4147ad2d8ed73915bb0f799603eddb9c/2001/13917750/4/Mazda-CX_90_MHEV-2026.jpg'},{url:'https://imagescdn.d2cmedia.ca/cb4147ad2d8ed73915bb0f799603eddb9c/2001/13917750/5/Mazda-CX_90_MHEV-2026.jpg'},{url:'https://imagescdn.d2cmedia.ca/cb4147ad2d8ed73915bb0f799603eddb9c/2001/13917750/6/Mazda-CX_90_MHEV-2026.jpg'},{url:'https://imagescdn.d2cmedia.ca/cb4147ad2d8ed73915bb0f799603eddb9c/2001/13917750/7/Mazda-CX_90_MHEV-2026.jpg'},{url:'https://imagescdn.d2cmedia.ca/cb4147ad2d8ed73915bb0f799603eddb9c/2001/13917750/8/Mazda-CX_90_MHEV-2026.jpg'}]",10,KM,https://www.maplemazda.com/new/inventory/2026-Mazda-CX_90_MHEV-id13917750.html,2026 Mazda CX-90 MHEV 4dr Awd Signature at Maple Mazda,68079 CAD,New,Black,,2001,Maple Mazda,+1-905-832-1556,"{addr1: '110 Auto Vaughan Drive', city: 'Maple', region: 'Ontario', postal_code: 'L6A 4A1', country: 'CA'}",43.8362762000,-79.5363420000,,,,,https://www.maplemazda.com/privacy-policy.html,New,2001,In stock,,68079 CAD,Free,
JM3KKEHC1T1398047,JM3KKEHC1T1398047,26-381-new,Mazda,CX-90 MHEV,4dr Awd Signature,2026,AUTOMATIC,SUV,GASOLINE,,"2026 Mazda CX-90 MHEV 4dr Awd Signature, Black exterior","[{url:'https://imagescdn.d2cmedia.ca/cbb63d3c625aa5fe982af64d4ed65cb3f2/2001/13917751/1/Mazda-CX_90 MHEV-2026.jpg'},{url:'https://imagescdn.d2cmedia.ca/s8b63d3c625aa5fe982af64d4ed65cb3f2/2001/13917751/1/Mazda-CX_90_MHEV-2026.jpg'},{url:'https://imagescdn.d2cmedia.ca/cbb63d3c625aa5fe982af64d4ed65cb3f2/2001/13917751/1/Mazda-CX_90_MHEV-2026.jpg'},{url:'https://imagescdn.d2cmedia.ca/cbb63d3c625aa5fe982af64d4ed65cb3f2/2001/13917751/2/Mazda-CX_90_MHEV-2026.jpg'},{url:'https://imagescdn.d2cmedia.ca/cbb63d3c625aa5fe982af64d4ed65cb3f2/2001/13917751/3/Mazda-CX_90_MHEV-2026.jpg'},{url:'https://imagescdn.d2cmedia.ca/cbb63d3c625aa5fe982af64d4ed65cb3f2/2001/13917751/4/Mazda-CX_90_MHEV-2026.jpg'},{url:'https://imagescdn.d2cmedia.ca/cbb63d3c625aa5fe982af64d4ed65cb3f2/2001/13917751/5/Mazda-CX_90_MHEV-2026.jpg'},{url:'https://imagescdn.d2cmedia.ca/cbb63d3c625aa5fe982af64d4ed65cb3f2/2001/13917751/6/Mazda-CX_90_MHEV-2026.jpg'},{url:'https://imagescdn.d2cmedia.ca/cbb63d3c625aa5fe982af64d4ed65cb3f2/2001/13917751/7/Mazda-CX_90_MHEV-2026.jpg'},{url:'https://imagescdn.d2cmedia.ca/cbb63d3c625aa5fe982af64d4ed65cb3f2/2001/13917751/8/Mazda-CX_90_MHEV-2026.jpg'}]",10,KM,https://www.maplemazda.com/new/inventory/2026-Mazda-CX_90_MHEV-id13917751.html,2026 Mazda CX-90 MHEV 4dr Awd Signature at Maple Mazda,68079 CAD,New,Black,,2001,Maple Mazda,+1-905-832-1556,"{addr1: '110 Auto Vaughan Drive', city: 'Maple', region: 'Ontario', postal_code: 'L6A 4A1', country: 'CA'}",43.8362762000,-79.5363420000,,,,,https://www.maplemazda.com/privacy-policy.html,New,2001,In stock,,68079 CAD,Free,
JM3KKEHC0T1400564,JM3KKEHC0T1400564,26-430-new,Mazda,CX-90 MHEV,4dr Awd Signature,2026,AUTOMATIC,SUV,GASOLINE,,"2026 Mazda CX-90 MHEV 4dr Awd Signature, Black exterior","[{url:'https://imagescdn.d2cmedia.ca/cba04867ca66009cd0083c0b37695936b4/2001/14041363/1/Mazda-CX_90 MHEV-2026.jpg'},{url:'https://imagescdn.d2cmedia.ca/s8a04867ca66009cd0083c0b37695936b4/2001/14041363/1/Mazda-CX_90_MHEV-2026.jpg'},{url:'https://imagescdn.d2cmedia.ca/cba04867ca66009cd0083c0b37695936b4/2001/14041363/1/Mazda-CX_90_MHEV-2026.jpg'},{url:'https://imagescdn.d2cmedia.ca/cba04867ca66009cd0083c0b37695936b4/2001/14041363/2/Mazda-CX_90_MHEV-2026.jpg'},{url:'https://imagescdn.d2cmedia.ca/cba04867ca66009cd0083c0b37695936b4/2001/14041363/3/Mazda-CX_90_MHEV-2026.jpg'},{url:'https://imagescdn.d2cmedia.ca/cba04867ca66009cd0083c0b37695936b4/2001/14041363/4/Mazda-CX_90_MHEV-2026.jpg'},{url:'https://imagescdn.d2cmedia.ca/cba04867ca66009cd0083c0b37695936b4/2001/14041363/5/Mazda-CX_90_MHEV-2026.jpg'},{url:'https://imagescdn.d2cmedia.ca/cba04867ca66009cd0083c0b37695936b4/2001/14041363/6/Mazda-CX_90_MHEV-2026.jpg'},{url:'https://imagescdn.d2cmedia.ca/cba04867ca66009cd0083c0b37695936b4/2001/14041363/7/Mazda-CX_90_MHEV-2026.jpg'},{url:'https://imagescdn.d2cmedia.ca/cba04867ca66009cd0083c0b37695936b4/2001/14041363/8/Mazda-CX_90_MHEV-2026.jpg'}]",10,KM,https://www.maplemazda.com/new/inventory/2026-Mazda-CX_90_MHEV-id14041363.html,2026 Mazda CX-90 MHEV 4dr Awd Signature at Maple Mazda,68079 CAD,New,Black,,2001,Maple Mazda,+1-905-832-1556,"{addr1: '110 Auto Vaughan Drive', city: 'Maple', region: 'Ontario', postal_code: 'L6A 4A1', country: 'CA'}",43.8362762000,-79.5363420000,,,,,https://www.maplemazda.com/privacy-policy.html,New,2001,In stock,,68079 CAD,Free,
JM3KKEHC9T1407612,JM3KKEHC9T1407612,26-482-new,Mazda,CX-90 MHEV,4dr Awd Signature,2026,AUTOMATIC,SUV,GASOLINE,,"2026 Mazda CX-90 MHEV 4dr Awd Signature, Black exterior","[{url:'https://imagescdn.d2cmedia.ca/cb1930495215a67c53daa55a8150a14249/2001/14104865/1/Mazda-CX_90 MHEV-2026.jpg'},{url:'https://imagescdn.d2cmedia.ca/s81930495215a67c53daa55a8150a14249/2001/14104865/1/Mazda-CX_90_MHEV-2026.jpg'},{url:'https://imagescdn.d2cmedia.ca/cb1930495215a67c53daa55a8150a14249/2001/14104865/1/Mazda-CX_90_MHEV-2026.jpg'},{url:'https://imagescdn.d2cmedia.ca/cb1930495215a67c53daa55a8150a14249/2001/14104865/2/Mazda-CX_90_MHEV-2026.jpg'},{url:'https://imagescdn.d2cmedia.ca/cb1930495215a67c53daa55a8150a14249/2001/14104865/3/Mazda-CX_90_MHEV-2026.jpg'},{url:'https://imagescdn.d2cmedia.ca/cb1930495215a67c53daa55a8150a14249/2001/14104865/4/Mazda-CX_90_MHEV-2026.jpg'},{url:'https://imagescdn.d2cmedia.ca/cb1930495215a67c53daa55a8150a14249/2001/14104865/5/Mazda-CX_90_MHEV-2026.jpg'},{url:'https://imagescdn.d2cmedia.ca/cb1930495215a67c53daa55a8150a14249/2001/14104865/6/Mazda-CX_90_MHEV-2026.jpg'},{url:'https://imagescdn.d2cmedia.ca/cb1930495215a67c53daa55a8150a14249/2001/14104865/7/Mazda-CX_90_MHEV-2026.jpg'},{url:'https://imagescdn.d2cmedia.ca/cb1930495215a67c53daa55a8150a14249/2001/14104865/8/Mazda-CX_90_MHEV-2026.jpg'}]",10,KM,https://www.maplemazda.com/new/inventory/2026-Mazda-CX_90_MHEV-id14104865.html,2026 Mazda CX-90 MHEV 4dr Awd Signature at Maple Mazda,68079 CAD,New,Black,,2001,Maple Mazda,+1-905-832-1556,"{addr1: '110 Auto Vaughan Drive', city: 'Maple', region: 'Ontario', postal_code: 'L6A 4A1', country: 'CA'}",43.8362762000,-79.5363420000,,,,,https://www.maplemazda.com/privacy-policy.html,New,2001,In stock,,68079 CAD,Free,
JM3KKEHC9T1400904,JM3KKEHC9T1400904,26-456-new,Mazda,CX-90 MHEV,4dr Awd Signature,2026,AUTOMATIC,SUV,GASOLINE,,"2026 Mazda CX-90 MHEV 4dr Awd Signature, Blue exterior","[{url:'https://imagescdn.d2cmedia.ca/cb8cdee354992fcc0d72b6f838283cc8d3/2001/14041388/1/Mazda-CX_90 MHEV-2026.jpg'},{url:'https://imagescdn.d2cmedia.ca/s88cdee354992fcc0d72b6f838283cc8d3/2001/14041388/1/Mazda-CX_90_MHEV-2026.jpg'},{url:'https://imagescdn.d2cmedia.ca/cb8cdee354992fcc0d72b6f838283cc8d3/2001/14041388/1/Mazda-CX_90_MHEV-2026.jpg'},{url:'https://imagescdn.d2cmedia.ca/cb8cdee354992fcc0d72b6f838283cc8d3/2001/14041388/2/Mazda-CX_90_MHEV-2026.jpg'},{url:'https://imagescdn.d2cmedia.ca/cb8cdee354992fcc0d72b6f838283cc8d3/2001/14041388/3/Mazda-CX_90_MHEV-2026.jpg'},{url:'https://imagescdn.d2cmedia.ca/cb8cdee354992fcc0d72b6f838283cc8d3/2001/14041388/4/Mazda-CX_90_MHEV-2026.jpg'},{url:'https://imagescdn.d2cmedia.ca/cb8cdee354992fcc0d72b6f838283cc8d3/2001/14041388/5/Mazda-CX_90_MHEV-2026.jpg'},{url:'https://imagescdn.d2cmedia.ca/cb8cdee354992fcc0d72b6f838283cc8d3/2001/14041388/6/Mazda-CX_90_MHEV-2026.jpg'},{url:'https://imagescdn.d2cmedia.ca/cb8cdee354992fcc0d72b6f838283cc8d3/2001/14041388/7/Mazda-CX_90_MHEV-2026.jpg'},{url:'https://imagescdn.d2cmedia.ca/cb8cdee354992fcc0d72b6f838283cc8d3/2001/14041388/8/Mazda-CX_90_MHEV-2026.jpg'}]",10,KM,https://www.maplemazda.com/new/inventory/2026-Mazda-CX_90_MHEV-id14041388.html,2026 Mazda CX-90 MHEV 4dr Awd Signature at Maple Mazda,68329 CAD,New,Blue,,2001,Maple Mazda,+1-905-832-1556,"{addr1: '110 Auto Vaughan Drive', city: 'Maple', region: 'Ontario', postal_code: 'L6A 4A1', country: 'CA'}",43.8362762000,-79.5363420000,,,,,https://www.maplemazda.com/privacy-policy.html,New,2001,In stock,,68329 CAD,Free,
JM3KKEHC3T1396459,JM3KKEHC3T1396459,26-331-new,Mazda,CX-90 MHEV,4dr Awd Signature,2026,AUTOMATIC,SUV,GASOLINE,,"2026 Mazda CX-90 MHEV 4dr Awd Signature, Grey exterior","[{url:'https://imagescdn.d2cmedia.ca/cb22f3b94ae9a023d91cb2d46d53fb9f1d/2001/13871351/1/Mazda-CX_90 MHEV-2026.jpg'},{url:'https://imagescdn.d2cmedia.ca/s822f3b94ae9a023d91cb2d46d53fb9f1d/2001/13871351/1/Mazda-CX_90_MHEV-2026.jpg'},{url:'https://imagescdn.d2cmedia.ca/cb22f3b94ae9a023d91cb2d46d53fb9f1d/2001/13871351/1/Mazda-CX_90_MHEV-2026.jpg'},{url:'https://imagescdn.d2cmedia.ca/cb22f3b94ae9a023d91cb2d46d53fb9f1d/2001/13871351/2/Mazda-CX_90_MHEV-2026.jpg'},{url:'https://imagescdn.d2cmedia.ca/cb22f3b94ae9a023d91cb2d46d53fb9f1d/2001/13871351/3/Mazda-CX_90_MHEV-2026.jpg'},{url:'https://imagescdn.d2cmedia.ca/cb22f3b94ae9a023d91cb2d46d53fb9f1d/2001/13871351/4/Mazda-CX_90_MHEV-2026.jpg'},{url:'https://imagescdn.d2cmedia.ca/cb22f3b94ae9a023d91cb2d46d53fb9f1d/2001/13871351/5/Mazda-CX_90_MHEV-2026.jpg'},{url:'https://imagescdn.d2cmedia.ca/cb22f3b94ae9a023d91cb2d46d53fb9f1d/2001/13871351/6/Mazda-CX_90_MHEV-2026.jpg'},{url:'https://imagescdn.d2cmedia.ca/cb22f3b94ae9a023d91cb2d46d53fb9f1d/2001/13871351/7/Mazda-CX_90_MHEV-2026.jpg'},{url:'https://imagescdn.d2cmedia.ca/cb22f3b94ae9a023d91cb2d46d53fb9f1d/2001/13871351/8/Mazda-CX_90_MHEV-2026.jpg'}]",10,KM,https://www.maplemazda.com/new/inventory/2026-Mazda-CX_90_MHEV-id13871351.html,2026 Mazda CX-90 MHEV 4dr Awd Signature at Maple Mazda,68479 CAD,New,Grey,,2001,Maple Mazda,+1-905-832-1556,"{addr1: '110 Auto Vaughan Drive', city: 'Maple', region: 'Ontario', postal_code: 'L6A 4A1', country: 'CA'}",43.8362762000,-79.5363420000,,,,,https://www.maplemazda.com/privacy-policy.html,New,2001,In stock,,68479 CAD,Free,
JM3KKEHC3T1396185,JM3KKEHC3T1396185,26-332-new,Mazda,CX-90 MHEV,4dr Awd Signature,2026,AUTOMATIC,SUV,GASOLINE,,"2026 Mazda CX-90 MHEV 4dr Awd Signature, Grey exterior","[{url:'https://imagescdn.d2cmedia.ca/cbb73ee6795e73b2ecd4030b1be797aac7/2001/13871352/1/Mazda-CX_90 MHEV-2026.jpg'},{url:'https://imagescdn.d2cmedia.ca/s8b73ee6795e73b2ecd4030b1be797aac7/2001/13871352/1/Mazda-CX_90_MHEV-2026.jpg'},{url:'https://imagescdn.d2cmedia.ca/cbb73ee6795e73b2ecd4030b1be797aac7/2001/13871352/1/Mazda-CX_90_MHEV-2026.jpg'},{url:'https://imagescdn.d2cmedia.ca/cbb73ee6795e73b2ecd4030b1be797aac7/2001/13871352/2/Mazda-CX_90_MHEV-2026.jpg'},{url:'https://imagescdn.d2cmedia.ca/cbb73ee6795e73b2ecd4030b1be797aac7/2001/13871352/3/Mazda-CX_90_MHEV-2026.jpg'},{url:'https://imagescdn.d2cmedia.ca/cbb73ee6795e73b2ecd4030b1be797aac7/2001/13871352/4/Mazda-CX_90_MHEV-2026.jpg'},{url:'https://imagescdn.d2cmedia.ca/cbb73ee6795e73b2ecd4030b1be797aac7/2001/13871352/5/Mazda-CX_90_MHEV-2026.jpg'},{url:'https://imagescdn.d2cmedia.ca/cbb73ee6795e73b2ecd4030b1be797aac7/2001/13871352/6/Mazda-CX_90_MHEV-2026.jpg'},{url:'https://imagescdn.d2cmedia.ca/cbb73ee6795e73b2ecd4030b1be797aac7/2001/13871352/7/Mazda-CX_90_MHEV-2026.jpg'},{url:'https://imagescdn.d2cmedia.ca/cbb73ee6795e73b2ecd4030b1be797aac7/2001/13871352/8/Mazda-CX_90_MHEV-2026.jpg'}]",10,KM,https://www.maplemazda.com/new/inventory/2026-Mazda-CX_90_MHEV-id13871352.html,2026 Mazda CX-90 MHEV 4dr Awd Signature at Maple Mazda,68479 CAD,New,Grey,,2001,Maple Mazda,+1-905-832-1556,"{addr1: '110 Auto Vaughan Drive', city: 'Maple', region: 'Ontario', postal_code: 'L6A 4A1', country: 'CA'}",43.8362762000,-79.5363420000,,,,,https://www.maplemazda.com/privacy-policy.html,New,2001,In stock,,68479 CAD,Free,
JM3KKCHA9T1389227,JM3KKCHA9T1389227,26-231-new,Mazda,CX-90 PHEV,4dr Awd Gs-L,2026,AUTOMATIC,SUV,HYBRID,,"2026 Mazda CX-90 PHEV 4dr Awd Gs-L, Black exterior","[{url:'https://imagescdn.d2cmedia.ca/cb5aa1b11bd9864377e7431d99b618e89c/2001/13747073/1/Mazda-CX_90 PHEV-2026.jpg'},{url:'https://imagescdn.d2cmedia.ca/s85aa1b11bd9864377e7431d99b618e89c/2001/13747073/1/Mazda-CX_90_PHEV-2026.jpg'},{url:'https://imagescdn.d2cmedia.ca/cb5aa1b11bd9864377e7431d99b618e89c/2001/13747073/1/Mazda-CX_90_PHEV-2026.jpg'},{url:'https://imagescdn.d2cmedia.ca/cb5aa1b11bd9864377e7431d99b618e89c/2001/13747073/2/Mazda-CX_90_PHEV-2026.jpg'},{url:'https://imagescdn.d2cmedia.ca/cb5aa1b11bd9864377e7431d99b618e89c/2001/13747073/3/Mazda-CX_90_PHEV-2026.jpg'},{url:'https://imagescdn.d2cmedia.ca/cb5aa1b11bd9864377e7431d99b618e89c/2001/13747073/4/Mazda-CX_90_PHEV-2026.jpg'},{url:'https://imagescdn.d2cmedia.ca/cb5aa1b11bd9864377e7431d99b618e89c/2001/13747073/5/Mazda-CX_90_PHEV-2026.jpg'},{url:'https://imagescdn.d2cmedia.ca/cb5aa1b11bd9864377e7431d99b618e89c/2001/13747073/6/Mazda-CX_90_PHEV-2026.jpg'},{url:'https://imagescdn.d2cmedia.ca/cb5aa1b11bd9864377e7431d99b618e89c/2001/13747073/7/Mazda-CX_90_PHEV-2026.jpg'},{url:'https://imagescdn.d2cmedia.ca/cb5aa1b11bd9864377e7431d99b618e89c/2001/13747073/8/Mazda-CX_90_PHEV-2026.jpg'}]",10,KM,https://www.maplemazda.com/new/inventory/2026-Mazda-CX_90_PHEV-id13747073.html,2026 Mazda CX-90 PHEV 4dr Awd Gs-L at Maple Mazda,62179 CAD,New,Black,,2001,Maple Mazda,+1-905-832-1556,"{addr1: '110 Auto Vaughan Drive', city: 'Maple', region: 'Ontario', postal_code: 'L6A 4A1', country: 'CA'}",43.8362762000,-79.5363420000,,,,,https://www.maplemazda.com/privacy-policy.html,New,2001,In stock,,62179 CAD,Free,
JM3KKCHA4T1399454,JM3KKCHA4T1399454,26-434-new,Mazda,CX-90 PHEV,4dr Awd Gs-L,2026,AUTOMATIC,SUV,HYBRID,,"2026 Mazda CX-90 PHEV 4dr Awd Gs-L, Black exterior","[{url:'https://imagescdn.d2cmedia.ca/cb685cf8dc2d28fe2cb404671a664d9cfe/2001/14041367/1/Mazda-CX_90 PHEV-2026.jpg'},{url:'https://imagescdn.d2cmedia.ca/s8685cf8dc2d28fe2cb404671a664d9cfe/2001/14041367/1/Mazda-CX_90_PHEV-2026.jpg'},{url:'https://imagescdn.d2cmedia.ca/cb685cf8dc2d28fe2cb404671a664d9cfe/2001/14041367/1/Mazda-CX_90_PHEV-2026.jpg'},{url:'https://imagescdn.d2cmedia.ca/cb685cf8dc2d28fe2cb404671a664d9cfe/2001/14041367/2/Mazda-CX_90_PHEV-2026.jpg'},{url:'https://imagescdn.d2cmedia.ca/cb685cf8dc2d28fe2cb404671a664d9cfe/2001/14041367/3/Mazda-CX_90_PHEV-2026.jpg'},{url:'https://imagescdn.d2cmedia.ca/cb685cf8dc2d28fe2cb404671a664d9cfe/2001/14041367/4/Mazda-CX_90_PHEV-2026.jpg'},{url:'https://imagescdn.d2cmedia.ca/cb685cf8dc2d28fe2cb404671a664d9cfe/2001/14041367/5/Mazda-CX_90_PHEV-2026.jpg'},{url:'https://imagescdn.d2cmedia.ca/cb685cf8dc2d28fe2cb404671a664d9cfe/2001/14041367/6/Mazda-CX_90_PHEV-2026.jpg'},{url:'https://imagescdn.d2cmedia.ca/cb685cf8dc2d28fe2cb404671a664d9cfe/2001/14041367/7/Mazda-CX_90_PHEV-2026.jpg'},{url:'https://imagescdn.d2cmedia.ca/cb685cf8dc2d28fe2cb404671a664d9cfe/2001/14041367/8/Mazda-CX_90_PHEV-2026.jpg'}]",10,KM,https://www.maplemazda.com/new/inventory/2026-Mazda-CX_90_PHEV-id14041367.html,2026 Mazda CX-90 PHEV 4dr Awd Gs-L at Maple Mazda,62179 CAD,New,Black,,2001,Maple Mazda,+1-905-832-1556,"{addr1: '110 Auto Vaughan Drive', city: 'Maple', region: 'Ontario', postal_code: 'L6A 4A1', country: 'CA'}",43.8362762000,-79.5363420000,,,,,https://www.maplemazda.com/privacy-policy.html,New,2001,In stock,,62179 CAD,Free,
JM3KKDHA2T1378074,JM3KKDHA2T1378074,26-082-new,Mazda,CX-90 PHEV,4dr Awd Gt,2026,AUTOMATIC,SUV,HYBRID,,"2026 Mazda CX-90 PHEV 4dr Awd Gt, Red exterior","[{url:'https://imagescdn.d2cmedia.ca/cb83193a65dea474b7e29382a9ae10d9f4/2001/13444894/1/Mazda-CX_90 PHEV-2026.jpg'},{url:'https://imagescdn.d2cmedia.ca/s883193a65dea474b7e29382a9ae10d9f4/2001/13444894/1/Mazda-CX_90_PHEV-2026.jpg'},{url:'https://imagescdn.d2cmedia.ca/cb83193a65dea474b7e29382a9ae10d9f4/2001/13444894/1/Mazda-CX_90_PHEV-2026.jpg'},{url:'https://imagescdn.d2cmedia.ca/cb83193a65dea474b7e29382a9ae10d9f4/2001/13444894/2/Mazda-CX_90_PHEV-2026.jpg'},{url:'https://imagescdn.d2cmedia.ca/cb83193a65dea474b7e29382a9ae10d9f4/2001/13444894/3/Mazda-CX_90_PHEV-2026.jpg'},{url:'https://imagescdn.d2cmedia.ca/cb83193a65dea474b7e29382a9ae10d9f4/2001/13444894/4/Mazda-CX_90_PHEV-2026.jpg'},{url:'https://imagescdn.d2cmedia.ca/cb83193a65dea474b7e29382a9ae10d9f4/2001/13444894/5/Mazda-CX_90_PHEV-2026.jpg'},{url:'https://imagescdn.d2cmedia.ca/cb83193a65dea474b7e29382a9ae10d9f4/2001/13444894/6/Mazda-CX_90_PHEV-2026.jpg'},{url:'https://imagescdn.d2cmedia.ca/cb83193a65dea474b7e29382a9ae10d9f4/2001/13444894/7/Mazda-CX_90_PHEV-2026.jpg'},{url:'https://imagescdn.d2cmedia.ca/cb83193a65dea474b7e29382a9ae10d9f4/2001/13444894/8/Mazda-CX_90_PHEV-2026.jpg'}]",10,KM,https://www.maplemazda.com/new/inventory/2026-Mazda-CX_90_PHEV-id13444894.html,2026 Mazda CX-90 PHEV 4dr Awd Gt at Maple Mazda,67279 CAD,New,Red,,2001,Maple Mazda,+1-905-832-1556,"{addr1: '110 Auto Vaughan Drive', city: 'Maple', region: 'Ontario', postal_code: 'L6A 4A1', country: 'CA'}",43.8362762000,-79.5363420000,,,,,https://www.maplemazda.com/privacy-policy.html,New,2001,In stock,,67279 CAD,Free,
JM3KKEHA4T1385601,JM3KKEHA4T1385601,26-175-new,Mazda,CX-90 PHEV,4dr Awd Signature,2026,AUTOMATIC,SUV,HYBRID,,"2026 Mazda CX-90 PHEV 4dr Awd Signature, Black exterior","[{url:'https://imagescdn.d2cmedia.ca/cbc134e5ab2c8f77be9952b79e396008b4/2001/13636656/1/Mazda-CX_90 PHEV-2026.jpg'},{url:'https://imagescdn.d2cmedia.ca/s8c134e5ab2c8f77be9952b79e396008b4/2001/13636656/1/Mazda-CX_90_PHEV-2026.jpg'},{url:'https://imagescdn.d2cmedia.ca/cbc134e5ab2c8f77be9952b79e396008b4/2001/13636656/1/Mazda-CX_90_PHEV-2026.jpg'},{url:'https://imagescdn.d2cmedia.ca/cbc134e5ab2c8f77be9952b79e396008b4/2001/13636656/2/Mazda-CX_90_PHEV-2026.jpg'},{url:'https://imagescdn.d2cmedia.ca/cbc134e5ab2c8f77be9952b79e396008b4/2001/13636656/3/Mazda-CX_90_PHEV-2026.jpg'},{url:'https://imagescdn.d2cmedia.ca/cbc134e5ab2c8f77be9952b79e396008b4/2001/13636656/4/Mazda-CX_90_PHEV-2026.jpg'},{url:'https://imagescdn.d2cmedia.ca/cbc134e5ab2c8f77be9952b79e396008b4/2001/13636656/5/Mazda-CX_90_PHEV-2026.jpg'},{url:'https://imagescdn.d2cmedia.ca/cbc134e5ab2c8f77be9952b79e396008b4/2001/13636656/6/Mazda-CX_90_PHEV-2026.jpg'},{url:'https://imagescdn.d2cmedia.ca/cbc134e5ab2c8f77be9952b79e396008b4/2001/13636656/7/Mazda-CX_90_PHEV-2026.jpg'},{url:'https://imagescdn.d2cmedia.ca/cbc134e5ab2c8f77be9952b79e396008b4/2001/13636656/8/Mazda-CX_90_PHEV-2026.jpg'}]",10,KM,https://www.maplemazda.com/new/inventory/2026-Mazda-CX_90_PHEV-id13636656.html,2026 Mazda CX-90 PHEV 4dr Awd Signature at Maple Mazda,74079 CAD,New,Black,,2001,Maple Mazda,+1-905-832-1556,"{addr1: '110 Auto Vaughan Drive', city: 'Maple', region: 'Ontario', postal_code: 'L6A 4A1', country: 'CA'}",43.8362762000,-79.5363420000,,,,,https://www.maplemazda.com/privacy-policy.html,New,2001,In stock,,74079 CAD,Free,
JM3KKEHA1T1394269,JM3KKEHA1T1394269,26-333-new,Mazda,CX-90 PHEV,4dr Awd Signature,2026,AUTOMATIC,SUV,HYBRID,,"2026 Mazda CX-90 PHEV 4dr Awd Signature, Black exterior","[{url:'https://imagescdn.d2cmedia.ca/cb45dc7713c1e2205052475d5edb083a01/2001/13871353/1/Mazda-CX_90 PHEV-2026.jpg'},{url:'https://imagescdn.d2cmedia.ca/s845dc7713c1e2205052475d5edb083a01/2001/13871353/1/Mazda-CX_90_PHEV-2026.jpg'},{url:'https://imagescdn.d2cmedia.ca/cb45dc7713c1e2205052475d5edb083a01/2001/13871353/1/Mazda-CX_90_PHEV-2026.jpg'},{url:'https://imagescdn.d2cmedia.ca/cb45dc7713c1e2205052475d5edb083a01/2001/13871353/2/Mazda-CX_90_PHEV-2026.jpg'},{url:'https://imagescdn.d2cmedia.ca/cb45dc7713c1e2205052475d5edb083a01/2001/13871353/3/Mazda-CX_90_PHEV-2026.jpg'},{url:'https://imagescdn.d2cmedia.ca/cb45dc7713c1e2205052475d5edb083a01/2001/13871353/4/Mazda-CX_90_PHEV-2026.jpg'},{url:'https://imagescdn.d2cmedia.ca/cb45dc7713c1e2205052475d5edb083a01/2001/13871353/5/Mazda-CX_90_PHEV-2026.jpg'},{url:'https://imagescdn.d2cmedia.ca/cb45dc7713c1e2205052475d5edb083a01/2001/13871353/6/Mazda-CX_90_PHEV-2026.jpg'},{url:'https://imagescdn.d2cmedia.ca/cb45dc7713c1e2205052475d5edb083a01/2001/13871353/7/Mazda-CX_90_PHEV-2026.jpg'},{url:'https://imagescdn.d2cmedia.ca/cb45dc7713c1e2205052475d5edb083a01/2001/13871353/8/Mazda-CX_90_PHEV-2026.jpg'}]",10,KM,https://www.maplemazda.com/new/inventory/2026-Mazda-CX_90_PHEV-id13871353.html,2026 Mazda CX-90 PHEV 4dr Awd Signature at Maple Mazda,74079 CAD,New,Black,,2001,Maple Mazda,+1-905-832-1556,"{addr1: '110 Auto Vaughan Drive', city: 'Maple', region: 'Ontario', postal_code: 'L6A 4A1', country: 'CA'}",43.8362762000,-79.5363420000,,,,,https://www.maplemazda.com/privacy-policy.html,New,2001,In stock,,74079 CAD,Free,
JM3KKEHA3T1399599,JM3KKEHA3T1399599,26-432-new,Mazda,CX-90 PHEV,4dr Awd Signature,2026,AUTOMATIC,SUV,HYBRID,,"2026 Mazda CX-90 PHEV 4dr Awd Signature, Black exterior","[{url:'https://imagescdn.d2cmedia.ca/cbcdb4cc60e7f90b7a1c0fa2ff360c2d38/2001/14041365/1/Mazda-CX_90 PHEV-2026.jpg'},{url:'https://imagescdn.d2cmedia.ca/s8cdb4cc60e7f90b7a1c0fa2ff360c2d38/2001/14041365/1/Mazda-CX_90_PHEV-2026.jpg'},{url:'https://imagescdn.d2cmedia.ca/cbcdb4cc60e7f90b7a1c0fa2ff360c2d38/2001/14041365/1/Mazda-CX_90_PHEV-2026.jpg'},{url:'https://imagescdn.d2cmedia.ca/cbcdb4cc60e7f90b7a1c0fa2ff360c2d38/2001/14041365/2/Mazda-CX_90_PHEV-2026.jpg'},{url:'https://imagescdn.d2cmedia.ca/cbcdb4cc60e7f90b7a1c0fa2ff360c2d38/2001/14041365/3/Mazda-CX_90_PHEV-2026.jpg'},{url:'https://imagescdn.d2cmedia.ca/cbcdb4cc60e7f90b7a1c0fa2ff360c2d38/2001/14041365/4/Mazda-CX_90_PHEV-2026.jpg'},{url:'https://imagescdn.d2cmedia.ca/cbcdb4cc60e7f90b7a1c0fa2ff360c2d38/2001/14041365/5/Mazda-CX_90_PHEV-2026.jpg'},{url:'https://imagescdn.d2cmedia.ca/cbcdb4cc60e7f90b7a1c0fa2ff360c2d38/2001/14041365/6/Mazda-CX_90_PHEV-2026.jpg'},{url:'https://imagescdn.d2cmedia.ca/cbcdb4cc60e7f90b7a1c0fa2ff360c2d38/2001/14041365/7/Mazda-CX_90_PHEV-2026.jpg'},{url:'https://imagescdn.d2cmedia.ca/cbcdb4cc60e7f90b7a1c0fa2ff360c2d38/2001/14041365/8/Mazda-CX_90_PHEV-2026.jpg'}]",10,KM,https://www.maplemazda.com/new/inventory/2026-Mazda-CX_90_PHEV-id14041365.html,2026 Mazda CX-90 PHEV 4dr Awd Signature at Maple Mazda,74079 CAD,New,Black,,2001,Maple Mazda,+1-905-832-1556,"{addr1: '110 Auto Vaughan Drive', city: 'Maple', region: 'Ontario', postal_code: 'L6A 4A1', country: 'CA'}",43.8362762000,-79.5363420000,,,,,https://www.maplemazda.com/privacy-policy.html,New,2001,In stock,,74079 CAD,Free,
JM3KKEHA8T1378019,JM3KKEHA8T1378019,26-138-new,Mazda,CX-90 PHEV,4dr Awd Signature,2026,AUTOMATIC,SUV,HYBRID,,"2026 Mazda CX-90 PHEV 4dr Awd Signature, Blue exterior","[{url:'https://imagescdn.d2cmedia.ca/cbdad294640691dfffc61e7fb3b2d85c57/2001/13574903/1/Mazda-CX_90 PHEV-2026.jpg'},{url:'https://imagescdn.d2cmedia.ca/s8dad294640691dfffc61e7fb3b2d85c57/2001/13574903/1/Mazda-CX_90_PHEV-2026.jpg'},{url:'https://imagescdn.d2cmedia.ca/cbdad294640691dfffc61e7fb3b2d85c57/2001/13574903/1/Mazda-CX_90_PHEV-2026.jpg'},{url:'https://imagescdn.d2cmedia.ca/cbdad294640691dfffc61e7fb3b2d85c57/2001/13574903/2/Mazda-CX_90_PHEV-2026.jpg'},{url:'https://imagescdn.d2cmedia.ca/cbdad294640691dfffc61e7fb3b2d85c57/2001/13574903/3/Mazda-CX_90_PHEV-2026.jpg'},{url:'https://imagescdn.d2cmedia.ca/cbdad294640691dfffc61e7fb3b2d85c57/2001/13574903/4/Mazda-CX_90_PHEV-2026.jpg'},{url:'https://imagescdn.d2cmedia.ca/cbdad294640691dfffc61e7fb3b2d85c57/2001/13574903/5/Mazda-CX_90_PHEV-2026.jpg'},{url:'https://imagescdn.d2cmedia.ca/cbdad294640691dfffc61e7fb3b2d85c57/2001/13574903/6/Mazda-CX_90_PHEV-2026.jpg'},{url:'https://imagescdn.d2cmedia.ca/cbdad294640691dfffc61e7fb3b2d85c57/2001/13574903/7/Mazda-CX_90_PHEV-2026.jpg'},{url:'https://imagescdn.d2cmedia.ca/cbdad294640691dfffc61e7fb3b2d85c57/2001/13574903/8/Mazda-CX_90_PHEV-2026.jpg'}]",10,KM,https://www.maplemazda.com/new/inventory/2026-Mazda-CX_90_PHEV-id13574903.html,2026 Mazda CX-90 PHEV 4dr Awd Signature at Maple Mazda,74329 CAD,New,Blue,,2001,Maple Mazda,+1-905-832-1556,"{addr1: '110 Auto Vaughan Drive', city: 'Maple', region: 'Ontario', postal_code: 'L6A 4A1', country: 'CA'}",43.8362762000,-79.5363420000,,,,,https://www.maplemazda.com/privacy-policy.html,New,2001,In stock,,74329 CAD,Free,
JM3KKEHA4T1392354,JM3KKEHA4T1392354,26-252-new,Mazda,CX-90 PHEV,4dr Awd Signature,2026,AUTOMATIC,SUV,HYBRID,,"2026 Mazda CX-90 PHEV 4dr Awd Signature, Black exterior","[{url:'https://imagescdn.d2cmedia.ca/cb9e865b73bcf9308efd8cfc2a948a182e/2001/13779922/1/Mazda-CX_90 PHEV-2026.jpg'},{url:'https://imagescdn.d2cmedia.ca/s89e865b73bcf9308efd8cfc2a948a182e/2001/13779922/1/Mazda-CX_90_PHEV-2026.jpg'},{url:'https://imagescdn.d2cmedia.ca/cb9e865b73bcf9308efd8cfc2a948a182e/2001/13779922/1/Mazda-CX_90_PHEV-2026.jpg'},{url:'https://imagescdn.d2cmedia.ca/cb9e865b73bcf9308efd8cfc2a948a182e/2001/13779922/2/Mazda-CX_90_PHEV-2026.jpg'},{url:'https://imagescdn.d2cmedia.ca/cb9e865b73bcf9308efd8cfc2a948a182e/2001/13779922/3/Mazda-CX_90_PHEV-2026.jpg'},{url:'https://imagescdn.d2cmedia.ca/cb9e865b73bcf9308efd8cfc2a948a182e/2001/13779922/4/Mazda-CX_90_PHEV-2026.jpg'},{url:'https://imagescdn.d2cmedia.ca/cb9e865b73bcf9308efd8cfc2a948a182e/2001/13779922/5/Mazda-CX_90_PHEV-2026.jpg'},{url:'https://imagescdn.d2cmedia.ca/cb9e865b73bcf9308efd8cfc2a948a182e/2001/13779922/6/Mazda-CX_90_PHEV-2026.jpg'},{url:'https://imagescdn.d2cmedia.ca/cb9e865b73bcf9308efd8cfc2a948a182e/2001/13779922/7/Mazda-CX_90_PHEV-2026.jpg'},{url:'https://imagescdn.d2cmedia.ca/cb9e865b73bcf9308efd8cfc2a948a182e/2001/13779922/8/Mazda-CX_90_PHEV-2026.jpg'}]",10,KM,https://www.maplemazda.com/new/inventory/2026-Mazda-CX_90_PHEV-id13779922.html,2026 Mazda CX-90 PHEV 4dr Awd Signature at Maple Mazda,74329 CAD,New,Black,,2001,Maple Mazda,+1-905-832-1556,"{addr1: '110 Auto Vaughan Drive', city: 'Maple', region: 'Ontario', postal_code: 'L6A 4A1', country: 'CA'}",43.8362762000,-79.5363420000,,,,,https://www.maplemazda.com/privacy-policy.html,New,2001,In stock,,74329 CAD,Free,
JM3KKEHA1T1382445,JM3KKEHA1T1382445,26-121-new,Mazda,CX-90 PHEV,4dr Awd Signature,2026,AUTOMATIC,SUV,HYBRID,,"2026 Mazda CX-90 PHEV 4dr Awd Signature, Red exterior","[{url:'https://imagescdn.d2cmedia.ca/cb5acc811832d9b9fa78235924ce084581/2001/13528505/1/Mazda-CX_90 PHEV-2026.jpg'},{url:'https://imagescdn.d2cmedia.ca/s85acc811832d9b9fa78235924ce084581/2001/13528505/1/Mazda-CX_90_PHEV-2026.jpg'},{url:'https://imagescdn.d2cmedia.ca/cb5acc811832d9b9fa78235924ce084581/2001/13528505/1/Mazda-CX_90_PHEV-2026.jpg'},{url:'https://imagescdn.d2cmedia.ca/cb5acc811832d9b9fa78235924ce084581/2001/13528505/2/Mazda-CX_90_PHEV-2026.jpg'},{url:'https://imagescdn.d2cmedia.ca/cb5acc811832d9b9fa78235924ce084581/2001/13528505/3/Mazda-CX_90_PHEV-2026.jpg'},{url:'https://imagescdn.d2cmedia.ca/cb5acc811832d9b9fa78235924ce084581/2001/13528505/4/Mazda-CX_90_PHEV-2026.jpg'},{url:'https://imagescdn.d2cmedia.ca/cb5acc811832d9b9fa78235924ce084581/2001/13528505/5/Mazda-CX_90_PHEV-2026.jpg'},{url:'https://imagescdn.d2cmedia.ca/cb5acc811832d9b9fa78235924ce084581/2001/13528505/6/Mazda-CX_90_PHEV-2026.jpg'},{url:'https://imagescdn.d2cmedia.ca/cb5acc811832d9b9fa78235924ce084581/2001/13528505/7/Mazda-CX_90_PHEV-2026.jpg'},{url:'https://imagescdn.d2cmedia.ca/cb5acc811832d9b9fa78235924ce084581/2001/13528505/8/Mazda-CX_90_PHEV-2026.jpg'}]",10,KM,https://www.maplemazda.com/new/inventory/2026-Mazda-CX_90_PHEV-id13528505.html,2026 Mazda CX-90 PHEV 4dr Awd Signature at Maple Mazda,74579 CAD,New,Red,,2001,Maple Mazda,+1-905-832-1556,"{addr1: '110 Auto Vaughan Drive', city: 'Maple', region: 'Ontario', postal_code: 'L6A 4A1', country: 'CA'}",43.8362762000,-79.5363420000,,,,,https://www.maplemazda.com/privacy-policy.html,New,2001,In stock,,74579 CAD,Free,
JM3KJDHA2T1207344,JM3KJDHA2T1207344,26-153-new,Mazda,CX-70 PHEV,4dr Awd Gt,2026,AUTOMATIC,SUV,HYBRID,,"2026 Mazda CX-70 PHEV 4dr Awd Gt, Black exterior","[{url:'https://imagescdn.d2cmedia.ca/cb77522f1c66c288e2fd0386f164bab5df/2001/13602327/1/Mazda-CX_70 PHEV-2026.jpg'},{url:'https://imagescdn.d2cmedia.ca/s877522f1c66c288e2fd0386f164bab5df/2001/13602327/1/Mazda-CX_70_PHEV-2026.jpg'},{url:'https://imagescdn.d2cmedia.ca/cb77522f1c66c288e2fd0386f164bab5df/2001/13602327/1/Mazda-CX_70_PHEV-2026.jpg'},{url:'https://imagescdn.d2cmedia.ca/cb77522f1c66c288e2fd0386f164bab5df/2001/13602327/2/Mazda-CX_70_PHEV-2026.jpg'},{url:'https://imagescdn.d2cmedia.ca/cb77522f1c66c288e2fd0386f164bab5df/2001/13602327/3/Mazda-CX_70_PHEV-2026.jpg'},{url:'https://imagescdn.d2cmedia.ca/cb77522f1c66c288e2fd0386f164bab5df/2001/13602327/4/Mazda-CX_70_PHEV-2026.jpg'},{url:'https://imagescdn.d2cmedia.ca/cb77522f1c66c288e2fd0386f164bab5df/2001/13602327/5/Mazda-CX_70_PHEV-2026.jpg'},{url:'https://imagescdn.d2cmedia.ca/cb77522f1c66c288e2fd0386f164bab5df/2001/13602327/6/Mazda-CX_70_PHEV-2026.jpg'},{url:'https://imagescdn.d2cmedia.ca/cb77522f1c66c288e2fd0386f164bab5df/2001/13602327/7/Mazda-CX_70_PHEV-2026.jpg'},{url:'https://imagescdn.d2cmedia.ca/cb77522f1c66c288e2fd0386f164bab5df/2001/13602327/8/Mazda-CX_70_PHEV-2026.jpg'}]",10,KM,https://www.maplemazda.com/new/inventory/2026-Mazda-CX_70_PHEV-id13602327.html,2026 Mazda CX-70 PHEV 4dr Awd Gt at Maple Mazda,66029 CAD,New,Black,,2001,Maple Mazda,+1-905-832-1556,"{addr1: '110 Auto Vaughan Drive', city: 'Maple', region: 'Ontario', postal_code: 'L6A 4A1', country: 'CA'}",43.8362762000,-79.5363420000,,,,,https://www.maplemazda.com/privacy-policy.html,New,2001,In stock,,66029 CAD,Free,
JM3KJDHA5T1211176,JM3KJDHA5T1211176,26-436-new,Mazda,CX-70 PHEV,4dr Awd Gt,2026,AUTOMATIC,SUV,HYBRID,,"2026 Mazda CX-70 PHEV 4dr Awd Gt, Black exterior","[{url:'https://imagescdn.d2cmedia.ca/cb3b55eab0c2068ae1ab8e54d8e5160bf3/2001/14041369/1/Mazda-CX_70 PHEV-2026.jpg'},{url:'https://imagescdn.d2cmedia.ca/s83b55eab0c2068ae1ab8e54d8e5160bf3/2001/14041369/1/Mazda-CX_70_PHEV-2026.jpg'},{url:'https://imagescdn.d2cmedia.ca/cb3b55eab0c2068ae1ab8e54d8e5160bf3/2001/14041369/1/Mazda-CX_70_PHEV-2026.jpg'},{url:'https://imagescdn.d2cmedia.ca/cb3b55eab0c2068ae1ab8e54d8e5160bf3/2001/14041369/2/Mazda-CX_70_PHEV-2026.jpg'},{url:'https://imagescdn.d2cmedia.ca/cb3b55eab0c2068ae1ab8e54d8e5160bf3/2001/14041369/3/Mazda-CX_70_PHEV-2026.jpg'},{url:'https://imagescdn.d2cmedia.ca/cb3b55eab0c2068ae1ab8e54d8e5160bf3/2001/14041369/4/Mazda-CX_70_PHEV-2026.jpg'},{url:'https://imagescdn.d2cmedia.ca/cb3b55eab0c2068ae1ab8e54d8e5160bf3/2001/14041369/5/Mazda-CX_70_PHEV-2026.jpg'},{url:'https://imagescdn.d2cmedia.ca/cb3b55eab0c2068ae1ab8e54d8e5160bf3/2001/14041369/6/Mazda-CX_70_PHEV-2026.jpg'},{url:'https://imagescdn.d2cmedia.ca/cb3b55eab0c2068ae1ab8e54d8e5160bf3/2001/14041369/7/Mazda-CX_70_PHEV-2026.jpg'},{url:'https://imagescdn.d2cmedia.ca/cb3b55eab0c2068ae1ab8e54d8e5160bf3/2001/14041369/8/Mazda-CX_70_PHEV-2026.jpg'}]",10,KM,https://www.maplemazda.com/new/inventory/2026-Mazda-CX_70_PHEV-id14041369.html,2026 Mazda CX-70 PHEV 4dr Awd Gt at Maple Mazda,66029 CAD,New,Black,,2001,Maple Mazda,+1-905-832-1556,"{addr1: '110 Auto Vaughan Drive', city: 'Maple', region: 'Ontario', postal_code: 'L6A 4A1', country: 'CA'}",43.8362762000,-79.5363420000,,,,,https://www.maplemazda.com/privacy-policy.html,New,2001,In stock,,66029 CAD,Free,
JM3KJDHA6T1203538,JM3KJDHA6T1203538,26-037-new,Mazda,CX-70 PHEV,4dr Gt 8at,2026,AUTOMATIC,SUV,HYBRID,,"2026 Mazda CX-70 PHEV 4dr Gt 8at, Grey exterior","[{url:'https://imagescdn.d2cmedia.ca/cb43019597b7f763d88928bc636ad713d7/2001/13301287/1/Mazda-CX_70 PHEV-2026.jpg'},{url:'https://imagescdn.d2cmedia.ca/s843019597b7f763d88928bc636ad713d7/2001/13301287/1/Mazda-CX_70_PHEV-2026.jpg'},{url:'https://imagescdn.d2cmedia.ca/cb43019597b7f763d88928bc636ad713d7/2001/13301287/1/Mazda-CX_70_PHEV-2026.jpg'},{url:'https://imagescdn.d2cmedia.ca/cb43019597b7f763d88928bc636ad713d7/2001/13301287/2/Mazda-CX_70_PHEV-2026.jpg'},{url:'https://imagescdn.d2cmedia.ca/cb43019597b7f763d88928bc636ad713d7/2001/13301287/3/Mazda-CX_70_PHEV-2026.jpg'},{url:'https://imagescdn.d2cmedia.ca/cb43019597b7f763d88928bc636ad713d7/2001/13301287/4/Mazda-CX_70_PHEV-2026.jpg'},{url:'https://imagescdn.d2cmedia.ca/cb43019597b7f763d88928bc636ad713d7/2001/13301287/5/Mazda-CX_70_PHEV-2026.jpg'},{url:'https://imagescdn.d2cmedia.ca/cb43019597b7f763d88928bc636ad713d7/2001/13301287/6/Mazda-CX_70_PHEV-2026.jpg'},{url:'https://imagescdn.d2cmedia.ca/cb43019597b7f763d88928bc636ad713d7/2001/13301287/7/Mazda-CX_70_PHEV-2026.jpg'},{url:'https://imagescdn.d2cmedia.ca/cb43019597b7f763d88928bc636ad713d7/2001/13301287/8/Mazda-CX_70_PHEV-2026.jpg'}]",10,KM,https://www.maplemazda.com/new/inventory/2026-Mazda-CX_70_PHEV-id13301287.html,2026 Mazda CX-70 PHEV 4dr Gt 8at at Maple Mazda,66329 CAD,New,Grey,,2001,Maple Mazda,+1-905-832-1556,"{addr1: '110 Auto Vaughan Drive', city: 'Maple', region: 'Ontario', postal_code: 'L6A 4A1', country: 'CA'}",43.8362762000,-79.5363420000,,,,,https://www.maplemazda.com/privacy-policy.html,New,2001,In stock,,66329 CAD,Free,
JM3KJEHA1T1205607,JM3KJEHA1T1205607,26-095-new,Mazda,CX-70 PHEV,4dr Awd Signature,2026,AUTOMATIC,SUV,HYBRID,,"2026 Mazda CX-70 PHEV 4dr Awd Signature, Black exterior","[{url:'https://imagescdn.d2cmedia.ca/cb532965fe638d57873a4db9a35cca8c8f/2001/13474585/1/Mazda-CX_70 PHEV-2026.jpg'},{url:'https://imagescdn.d2cmedia.ca/s8532965fe638d57873a4db9a35cca8c8f/2001/13474585/1/Mazda-CX_70_PHEV-2026.jpg'},{url:'https://imagescdn.d2cmedia.ca/cb532965fe638d57873a4db9a35cca8c8f/2001/13474585/1/Mazda-CX_70_PHEV-2026.jpg'},{url:'https://imagescdn.d2cmedia.ca/cb532965fe638d57873a4db9a35cca8c8f/2001/13474585/2/Mazda-CX_70_PHEV-2026.jpg'},{url:'https://imagescdn.d2cmedia.ca/cb532965fe638d57873a4db9a35cca8c8f/2001/13474585/3/Mazda-CX_70_PHEV-2026.jpg'},{url:'https://imagescdn.d2cmedia.ca/cb532965fe638d57873a4db9a35cca8c8f/2001/13474585/4/Mazda-CX_70_PHEV-2026.jpg'},{url:'https://imagescdn.d2cmedia.ca/cb532965fe638d57873a4db9a35cca8c8f/2001/13474585/5/Mazda-CX_70_PHEV-2026.jpg'},{url:'https://imagescdn.d2cmedia.ca/cb532965fe638d57873a4db9a35cca8c8f/2001/13474585/6/Mazda-CX_70_PHEV-2026.jpg'},{url:'https://imagescdn.d2cmedia.ca/cb532965fe638d57873a4db9a35cca8c8f/2001/13474585/7/Mazda-CX_70_PHEV-2026.jpg'},{url:'https://imagescdn.d2cmedia.ca/cb532965fe638d57873a4db9a35cca8c8f/2001/13474585/8/Mazda-CX_70_PHEV-2026.jpg'}]",10,KM,https://www.maplemazda.com/new/inventory/2026-Mazda-CX_70_PHEV-id13474585.html,2026 Mazda CX-70 PHEV 4dr Awd Signature at Maple Mazda,72729 CAD,New,Black,,2001,Maple Mazda,+1-905-832-1556,"{addr1: '110 Auto Vaughan Drive', city: 'Maple', region: 'Ontario', postal_code: 'L6A 4A1', country: 'CA'}",43.8362762000,-79.5363420000,,,,,https://www.maplemazda.com/privacy-policy.html,New,2001,In stock,,72729 CAD,Free,
JM3KJEHA5T1205691,JM3KJEHA5T1205691,26-094-new,Mazda,CX-70 PHEV,4dr Awd Signature,2026,AUTOMATIC,SUV,HYBRID,,"2026 Mazda CX-70 PHEV 4dr Awd Signature, Grey exterior","[{url:'https://imagescdn.d2cmedia.ca/cb37d85444806e1f6c32c8482adb37baf9/2001/13474584/1/Mazda-CX_70 PHEV-2026.jpg'},{url:'https://imagescdn.d2cmedia.ca/s837d85444806e1f6c32c8482adb37baf9/2001/13474584/1/Mazda-CX_70_PHEV-2026.jpg'},{url:'https://imagescdn.d2cmedia.ca/cb37d85444806e1f6c32c8482adb37baf9/2001/13474584/1/Mazda-CX_70_PHEV-2026.jpg'},{url:'https://imagescdn.d2cmedia.ca/cb37d85444806e1f6c32c8482adb37baf9/2001/13474584/2/Mazda-CX_70_PHEV-2026.jpg'},{url:'https://imagescdn.d2cmedia.ca/cb37d85444806e1f6c32c8482adb37baf9/2001/13474584/3/Mazda-CX_70_PHEV-2026.jpg'},{url:'https://imagescdn.d2cmedia.ca/cb37d85444806e1f6c32c8482adb37baf9/2001/13474584/4/Mazda-CX_70_PHEV-2026.jpg'},{url:'https://imagescdn.d2cmedia.ca/cb37d85444806e1f6c32c8482adb37baf9/2001/13474584/5/Mazda-CX_70_PHEV-2026.jpg'},{url:'https://imagescdn.d2cmedia.ca/cb37d85444806e1f6c32c8482adb37baf9/2001/13474584/6/Mazda-CX_70_PHEV-2026.jpg'},{url:'https://imagescdn.d2cmedia.ca/cb37d85444806e1f6c32c8482adb37baf9/2001/13474584/7/Mazda-CX_70_PHEV-2026.jpg'},{url:'https://imagescdn.d2cmedia.ca/cb37d85444806e1f6c32c8482adb37baf9/2001/13474584/8/Mazda-CX_70_PHEV-2026.jpg'}]",10,KM,https://www.maplemazda.com/new/inventory/2026-Mazda-CX_70_PHEV-id13474584.html,2026 Mazda CX-70 PHEV 4dr Awd Signature at Maple Mazda,73129 CAD,New,Grey,,2001,Maple Mazda,+1-905-832-1556,"{addr1: '110 Auto Vaughan Drive', city: 'Maple', region: 'Ontario', postal_code: 'L6A 4A1', country: 'CA'}",43.8362762000,-79.5363420000,,,,,https://www.maplemazda.com/privacy-policy.html,New,2001,In stock,,73129 CAD,Free,
1C4RJFBG5FC723612,1C4RJFBG5FC723612,26-446B,Jeep,Grand Cherokee,LIMITED/4WD/NO ACCIDENTS,2015,AUTOMATIC,SUV,GASOLINE,FOUR_WHEEL_DRIVE,"2015 Jeep Grand Cherokee LIMITED/4WD/NO ACCIDENTS, Grey exterior, Four-wheel drive","[{url:'https://imagescdn.d2cmedia.ca/cb9f36277f6c792d7676664fb001f71d1a/2001/14348716/1/Jeep-Grand Cherokee-2015.jpg'},{url:'https://imagescdn.d2cmedia.ca/s89f36277f6c792d7676664fb001f71d1a/2001/14348716/1/Jeep-Grand_Cherokee-2015.jpg'},{url:'https://imagescdn.d2cmedia.ca/cb9f36277f6c792d7676664fb001f71d1a/2001/14348716/1/Jeep-Grand_Cherokee-2015.jpg'},{url:'https://imagescdn.d2cmedia.ca/cb9f36277f6c792d7676664fb001f71d1a/2001/14348716/2/Jeep-Grand_Cherokee-2015.jpg'},{url:'https://imagescdn.d2cmedia.ca/cb9f36277f6c792d7676664fb001f71d1a/2001/14348716/3/Jeep-Grand_Cherokee-2015.jpg'},{url:'https://imagescdn.d2cmedia.ca/cb9f36277f6c792d7676664fb001f71d1a/2001/14348716/4/Jeep-Grand_Cherokee-2015.jpg'},{url:'https://imagescdn.d2cmedia.ca/cb9f36277f6c792d7676664fb001f71d1a/2001/14348716/5/Jeep-Grand_Cherokee-2015.jpg'},{url:'https://imagescdn.d2cmedia.ca/cb9f36277f6c792d7676664fb001f71d1a/2001/14348716/6/Jeep-Grand_Cherokee-2015.jpg'},{url:'https://imagescdn.d2cmedia.ca/cb9f36277f6c792d7676664fb001f71d1a/2001/14348716/7/Jeep-Grand_Cherokee-2015.jpg'},{url:'https://imagescdn.d2cmedia.ca/cb9f36277f6c792d7676664fb001f71d1a/2001/14348716/8/Jeep-Grand_Cherokee-2015.jpg'}]",191718,KM,https://www.maplemazda.com/used/2015-Jeep-Grand_Cherokee-id14348716.html,2015 Jeep Grand Cherokee LIMITED/4WD/NO ACCIDENTS at Maple Mazda,12999 CAD,CPO,Grey,Black,2001,Maple Mazda,+1-905-832-1556,"{addr1: '110 Auto Vaughan Drive', city: 'Maple', region: 'Ontario', postal_code: 'L6A 4A1', country: 'CA'}",43.8362762000,-79.5363420000,,,,,https://www.maplemazda.com/privacy-policy.html,CPO,2001,In stock,,12999 CAD,Free,
JM3KE2CY4E0385620,JM3KE2CY4E0385620,26-506A,Mazda,CX-5,GS/ONE OWNER/NO ACCIDENTS/LOW KM/SUNROOF/HEATED SEATS,2014,AUTOMATIC,SUV,GASOLINE,FWD,"2014 Mazda CX-5 GS/ONE OWNER/NO ACCIDENTS/LOW KM/SUNROOF/HEATED SEATS, Grey exterior, Front-wheel drive","[{url:'https://imagescdn.d2cmedia.ca/cb5ccb174aa7da56abbc53c4ac46fdc76a/2001/14387987/1/Mazda-CX_5-2014.jpg'},{url:'https://imagescdn.d2cmedia.ca/s85ccb174aa7da56abbc53c4ac46fdc76a/2001/14387987/1/Mazda-CX_5-2014.jpg'},{url:'https://imagescdn.d2cmedia.ca/cb5ccb174aa7da56abbc53c4ac46fdc76a/2001/14387987/2/Mazda-CX_5-2014.jpg'},{url:'https://imagescdn.d2cmedia.ca/cb5ccb174aa7da56abbc53c4ac46fdc76a/2001/14387987/3/Mazda-CX_5-2014.jpg'},{url:'https://imagescdn.d2cmedia.ca/cb5ccb174aa7da56abbc53c4ac46fdc76a/2001/14387987/4/Mazda-CX_5-2014.jpg'},{url:'https://imagescdn.d2cmedia.ca/cb5ccb174aa7da56abbc53c4ac46fdc76a/2001/14387987/5/Mazda-CX_5-2014.jpg'},{url:'https://imagescdn.d2cmedia.ca/cb5ccb174aa7da56abbc53c4ac46fdc76a/2001/14387987/6/Mazda-CX_5-2014.jpg'},{url:'https://imagescdn.d2cmedia.ca/cb5ccb174aa7da56abbc53c4ac46fdc76a/2001/14387987/7/Mazda-CX_5-2014.jpg'},{url:'https://imagescdn.d2cmedia.ca/cb5ccb174aa7da56abbc53c4ac46fdc76a/2001/14387987/8/Mazda-CX_5-2014.jpg'},{url:'https://imagescdn.d2cmedia.ca/cb5ccb174aa7da56abbc53c4ac46fdc76a/2001/14387987/9/Mazda-CX_5-2014.jpg'}]",92388,KM,https://www.maplemazda.com/used/2014-Mazda-CX_5-id14387987.html,2014 Mazda CX-5 GS/ONE OWNER/NO ACCIDENTS/LOW KM/SUNROOF/HEATED SEATS at Maple Mazda,15999 CAD,CPO,Grey,Black,2001,Maple Mazda,+1-905-832-1556,"{addr1: '110 Auto Vaughan Drive', city: 'Maple', region: 'Ontario', postal_code: 'L6A 4A1', country: 'CA'}",43.8362762000,-79.5363420000,,,,,https://www.maplemazda.com/privacy-policy.html,CPO,2001,In stock,,15999 CAD,Free,
JM1DKFC73K0445066,JM1DKFC73K0445066,26-535A,Mazda,CX-3,GS/AWD/ACCIDENT FREE/WINTER TIRES/CARPLAY/MUST SEE,2019,AUTOMATIC,SUV,GASOLINE,AWD,"2019 Mazda CX-3 GS/AWD/ACCIDENT FREE/WINTER TIRES/CARPLAY/MUST SEE, Blue exterior, All-wheel drive","[{url:'https://imagescdn.d2cmedia.ca/cbff0c12160335da6e03605e921f6aff4a/2001/14399124/1/Mazda-CX_3-2019.jpg'},{url:'https://imagescdn.d2cmedia.ca/s8ff0c12160335da6e03605e921f6aff4a/2001/14399124/1/Mazda-CX_3-2019.jpg'},{url:'https://imagescdn.d2cmedia.ca/cbff0c12160335da6e03605e921f6aff4a/2001/14399124/2/Mazda-CX_3-2019.jpg'},{url:'https://imagescdn.d2cmedia.ca/cbff0c12160335da6e03605e921f6aff4a/2001/14399124/3/Mazda-CX_3-2019.jpg'},{url:'https://imagescdn.d2cmedia.ca/cbff0c12160335da6e03605e921f6aff4a/2001/14399124/4/Mazda-CX_3-2019.jpg'},{url:'https://imagescdn.d2cmedia.ca/cbff0c12160335da6e03605e921f6aff4a/2001/14399124/5/Mazda-CX_3-2019.jpg'},{url:'https://imagescdn.d2cmedia.ca/cbff0c12160335da6e03605e921f6aff4a/2001/14399124/6/Mazda-CX_3-2019.jpg'},{url:'https://imagescdn.d2cmedia.ca/cbff0c12160335da6e03605e921f6aff4a/2001/14399124/7/Mazda-CX_3-2019.jpg'},{url:'https://imagescdn.d2cmedia.ca/cbff0c12160335da6e03605e921f6aff4a/2001/14399124/8/Mazda-CX_3-2019.jpg'},{url:'https://imagescdn.d2cmedia.ca/cbff0c12160335da6e03605e921f6aff4a/2001/14399124/9/Mazda-CX_3-2019.jpg'}]",71629,KM,https://www.maplemazda.com/used/2019-Mazda-CX_3-id14399124.html,2019 Mazda CX-3 GS/AWD/ACCIDENT FREE/WINTER TIRES/CARPLAY/MUST SEE at Maple Mazda,19999 CAD,CPO,Blue,Black,2001,Maple Mazda,+1-905-832-1556,"{addr1: '110 Auto Vaughan Drive', city: 'Maple', region: 'Ontario', postal_code: 'L6A 4A1', country: 'CA'}",43.8362762000,-79.5363420000,,,,,https://www.maplemazda.com/privacy-policy.html,CPO,2001,In stock,,19999 CAD,Free,
3VWGM7BU1PM019804,3VWGM7BU1PM019804,P-3617,Volkswagen,Jetta,HIGHLINE/SUNROOF/FRONT & REAR HEATED SEATS/GPS/LOADED,2023,AUTOMATIC,SEDAN,GASOLINE,FWD,"2023 Volkswagen Jetta HIGHLINE/SUNROOF/FRONT & REAR HEATED SEATS/GPS/LOADED, Grey exterior, Front-wheel drive","[{url:'https://imagescdn.d2cmedia.ca/cb2807d62323d02483e207a439c100fe92/2001/14287270/1/Volkswagen-Jetta-2023.jpg'},{url:'https://imagescdn.d2cmedia.ca/s82807d62323d02483e207a439c100fe92/2001/14287270/1/Volkswagen-Jetta-2023.jpg'},{url:'https://imagescdn.d2cmedia.ca/cb2807d62323d02483e207a439c100fe92/2001/14287270/2/Volkswagen-Jetta-2023.jpg'},{url:'https://imagescdn.d2cmedia.ca/cb2807d62323d02483e207a439c100fe92/2001/14287270/3/Volkswagen-Jetta-2023.jpg'},{url:'https://imagescdn.d2cmedia.ca/cb2807d62323d02483e207a439c100fe92/2001/14287270/4/Volkswagen-Jetta-2023.jpg'},{url:'https://imagescdn.d2cmedia.ca/cb2807d62323d02483e207a439c100fe92/2001/14287270/5/Volkswagen-Jetta-2023.jpg'},{url:'https://imagescdn.d2cmedia.ca/cb2807d62323d02483e207a439c100fe92/2001/14287270/6/Volkswagen-Jetta-2023.jpg'},{url:'https://imagescdn.d2cmedia.ca/cb2807d62323d02483e207a439c100fe92/2001/14287270/7/Volkswagen-Jetta-2023.jpg'},{url:'https://imagescdn.d2cmedia.ca/cb2807d62323d02483e207a439c100fe92/2001/14287270/8/Volkswagen-Jetta-2023.jpg'},{url:'https://imagescdn.d2cmedia.ca/cb2807d62323d02483e207a439c100fe92/2001/14287270/9/Volkswagen-Jetta-2023.jpg'}]",38531,KM,https://www.maplemazda.com/used/2023-Volkswagen-Jetta-id14287270.html,2023 Volkswagen Jetta HIGHLINE/SUNROOF/FRONT & REAR HEATED SEATS/GPS/LOADED at Maple Mazda,24695 CAD,CPO,Grey,Black,2001,Maple Mazda,+1-905-832-1556,"{addr1: '110 Auto Vaughan Drive', city: 'Maple', region: 'Ontario', postal_code: 'L6A 4A1', country: 'CA'}",43.8362762000,-79.5363420000,,,,,https://www.maplemazda.com/privacy-policy.html,CPO,2001,In stock,,24695 CAD,Free,
KMHLN4DJ4RU117882,KMHLN4DJ4RU117882,26-433A,Hyundai,Elantra Hybrid,LUXURY/DCT/SUNROOF/BOSE SOUND/LEATHER/LOADED,2024,AUTOMATIC,SEDAN,HYBRID,FWD,"2024 Hyundai Elantra Hybrid LUXURY/DCT/SUNROOF/BOSE SOUND/LEATHER/LOADED, Grey exterior, Front-wheel drive","[{url:'https://imagescdn.d2cmedia.ca/cbe779b431687df5ac1ac772e08a74e9d0/2001/14243501/1/Hyundai-Elantra Hybrid-2024.jpg'},{url:'https://imagescdn.d2cmedia.ca/s8e779b431687df5ac1ac772e08a74e9d0/2001/14243501/1/Hyundai-Elantra_Hybrid-2024.jpg'},{url:'https://imagescdn.d2cmedia.ca/cbe779b431687df5ac1ac772e08a74e9d0/2001/14243501/1/Hyundai-Elantra_Hybrid-2024.jpg'},{url:'https://imagescdn.d2cmedia.ca/cbe779b431687df5ac1ac772e08a74e9d0/2001/14243501/2/Hyundai-Elantra_Hybrid-2024.jpg'},{url:'https://imagescdn.d2cmedia.ca/cbe779b431687df5ac1ac772e08a74e9d0/2001/14243501/3/Hyundai-Elantra_Hybrid-2024.jpg'},{url:'https://imagescdn.d2cmedia.ca/cbe779b431687df5ac1ac772e08a74e9d0/2001/14243501/4/Hyundai-Elantra_Hybrid-2024.jpg'},{url:'https://imagescdn.d2cmedia.ca/cbe779b431687df5ac1ac772e08a74e9d0/2001/14243501/5/Hyundai-Elantra_Hybrid-2024.jpg'},{url:'https://imagescdn.d2cmedia.ca/cbe779b431687df5ac1ac772e08a74e9d0/2001/14243501/6/Hyundai-Elantra_Hybrid-2024.jpg'},{url:'https://imagescdn.d2cmedia.ca/cbe779b431687df5ac1ac772e08a74e9d0/2001/14243501/7/Hyundai-Elantra_Hybrid-2024.jpg'},{url:'https://imagescdn.d2cmedia.ca/cbe779b431687df5ac1ac772e08a74e9d0/2001/14243501/8/Hyundai-Elantra_Hybrid-2024.jpg'}]",66531,KM,https://www.maplemazda.com/used/2024-Hyundai-Elantra_Hybrid-id14243501.html,2024 Hyundai Elantra Hybrid LUXURY/DCT/SUNROOF/BOSE SOUND/LEATHER/LOADED at Maple Mazda,25499 CAD,CPO,Grey,Black,2001,Maple Mazda,+1-905-832-1556,"{addr1: '110 Auto Vaughan Drive', city: 'Maple', region: 'Ontario', postal_code: 'L6A 4A1', country: 'CA'}",43.8362762000,-79.5363420000,,,,,https://www.maplemazda.com/privacy-policy.html,CPO,2001,In stock,,25499 CAD,Free,
3MVDMBDY1PM585954,3MVDMBDY1PM585954,P-3643,Mazda,CX-30,GT/TURBO/AWD/ACCIDENT FREE/1 OWNER/SUNROOF/LEATHER,2023,AUTOMATIC,SUV,GASOLINE,AWD,"2023 Mazda CX-30 GT/TURBO/AWD/ACCIDENT FREE/1 OWNER/SUNROOF/LEATHER, Red exterior, All-wheel drive","[{url:'https://imagescdn.d2cmedia.ca/cb8fd5af1423130366c9121ec6f1f915f4/2001/14386496/1/Mazda-CX_30-2023.jpg'},{url:'https://imagescdn.d2cmedia.ca/s88fd5af1423130366c9121ec6f1f915f4/2001/14386496/1/Mazda-CX_30-2023.jpg'},{url:'https://imagescdn.d2cmedia.ca/cb8fd5af1423130366c9121ec6f1f915f4/2001/14386496/2/Mazda-CX_30-2023.jpg'},{url:'https://imagescdn.d2cmedia.ca/cb8fd5af1423130366c9121ec6f1f915f4/2001/14386496/3/Mazda-CX_30-2023.jpg'},{url:'https://imagescdn.d2cmedia.ca/cb8fd5af1423130366c9121ec6f1f915f4/2001/14386496/4/Mazda-CX_30-2023.jpg'},{url:'https://imagescdn.d2cmedia.ca/cb8fd5af1423130366c9121ec6f1f915f4/2001/14386496/5/Mazda-CX_30-2023.jpg'},{url:'https://imagescdn.d2cmedia.ca/cb8fd5af1423130366c9121ec6f1f915f4/2001/14386496/6/Mazda-CX_30-2023.jpg'},{url:'https://imagescdn.d2cmedia.ca/cb8fd5af1423130366c9121ec6f1f915f4/2001/14386496/7/Mazda-CX_30-2023.jpg'},{url:'https://imagescdn.d2cmedia.ca/cb8fd5af1423130366c9121ec6f1f915f4/2001/14386496/8/Mazda-CX_30-2023.jpg'},{url:'https://imagescdn.d2cmedia.ca/cb8fd5af1423130366c9121ec6f1f915f4/2001/14386496/9/Mazda-CX_30-2023.jpg'}]",97672,KM,https://www.maplemazda.com/used/2023-Mazda-CX_30-id14386496.html,2023 Mazda CX-30 GT/TURBO/AWD/ACCIDENT FREE/1 OWNER/SUNROOF/LEATHER at Maple Mazda,27995 CAD,CPO,Red,Black,2001,Maple Mazda,+1-905-832-1556,"{addr1: '110 Auto Vaughan Drive', city: 'Maple', region: 'Ontario', postal_code: 'L6A 4A1', country: 'CA'}",43.8362762000,-79.5363420000,,,,,https://www.maplemazda.com/privacy-policy.html,CPO,2001,In stock,,27995 CAD,Free,
3MVDMBCM1RM703311,3MVDMBCM1RM703311,P-3597,Mazda,CX-30,GS/AWD/SINGLE OWNER/APPLE CARPLAY/HEATED SEATS,2024,AUTOMATIC,SUV,GASOLINE,AWD,"2024 Mazda CX-30 GS/AWD/SINGLE OWNER/APPLE CARPLAY/HEATED SEATS, Black exterior, All-wheel drive","[{url:'https://imagescdn.d2cmedia.ca/cbbe3c47ddfef25176a0234652e64985af/2001/14218663/1/Mazda-CX_30-2024.jpg'},{url:'https://imagescdn.d2cmedia.ca/s8be3c47ddfef25176a0234652e64985af/2001/14218663/1/Mazda-CX_30-2024.jpg'},{url:'https://imagescdn.d2cmedia.ca/cbbe3c47ddfef25176a0234652e64985af/2001/14218663/2/Mazda-CX_30-2024.jpg'},{url:'https://imagescdn.d2cmedia.ca/cbbe3c47ddfef25176a0234652e64985af/2001/14218663/3/Mazda-CX_30-2024.jpg'},{url:'https://imagescdn.d2cmedia.ca/cbbe3c47ddfef25176a0234652e64985af/2001/14218663/4/Mazda-CX_30-2024.jpg'},{url:'https://imagescdn.d2cmedia.ca/cbbe3c47ddfef25176a0234652e64985af/2001/14218663/5/Mazda-CX_30-2024.jpg'},{url:'https://imagescdn.d2cmedia.ca/cbbe3c47ddfef25176a0234652e64985af/2001/14218663/6/Mazda-CX_30-2024.jpg'},{url:'https://imagescdn.d2cmedia.ca/cbbe3c47ddfef25176a0234652e64985af/2001/14218663/7/Mazda-CX_30-2024.jpg'},{url:'https://imagescdn.d2cmedia.ca/cbbe3c47ddfef25176a0234652e64985af/2001/14218663/8/Mazda-CX_30-2024.jpg'},{url:'https://imagescdn.d2cmedia.ca/cbbe3c47ddfef25176a0234652e64985af/2001/14218663/9/Mazda-CX_30-2024.jpg'}]",34197,KM,https://www.maplemazda.com/used/2024-Mazda-CX_30-id14218663.html,2024 Mazda CX-30 GS/AWD/SINGLE OWNER/APPLE CARPLAY/HEATED SEATS at Maple Mazda,27999 CAD,CPO,Black,,2001,Maple Mazda,+1-905-832-1556,"{addr1: '110 Auto Vaughan Drive', city: 'Maple', region: 'Ontario', postal_code: 'L6A 4A1', country: 'CA'}",43.8362762000,-79.5363420000,,,,,https://www.maplemazda.com/privacy-policy.html,CPO,2001,In stock,,27999 CAD,Free,
JM3KFBCL6S0551214,JM3KFBCL6S0551214,P-3585,Mazda,CX-5,GS/NO ACCIDENTS/AWD/HEATED SEATS & STEERING WHEEL,2025,AUTOMATIC,SUV,GASOLINE,AWD,"2025 Mazda CX-5 GS/NO ACCIDENTS/AWD/HEATED SEATS & STEERING WHEEL, Grey exterior, All-wheel drive","[{url:'https://imagescdn.d2cmedia.ca/cbd376d0e3e2090b50862b631fa8650943/2001/14172334/1/Mazda-CX_5-2025.jpg'},{url:'https://imagescdn.d2cmedia.ca/s8d376d0e3e2090b50862b631fa8650943/2001/14172334/1/Mazda-CX_5-2025.jpg'},{url:'https://imagescdn.d2cmedia.ca/cbd376d0e3e2090b50862b631fa8650943/2001/14172334/2/Mazda-CX_5-2025.jpg'},{url:'https://imagescdn.d2cmedia.ca/cbd376d0e3e2090b50862b631fa8650943/2001/14172334/3/Mazda-CX_5-2025.jpg'},{url:'https://imagescdn.d2cmedia.ca/cbd376d0e3e2090b50862b631fa8650943/2001/14172334/4/Mazda-CX_5-2025.jpg'},{url:'https://imagescdn.d2cmedia.ca/cbd376d0e3e2090b50862b631fa8650943/2001/14172334/5/Mazda-CX_5-2025.jpg'},{url:'https://imagescdn.d2cmedia.ca/cbd376d0e3e2090b50862b631fa8650943/2001/14172334/6/Mazda-CX_5-2025.jpg'},{url:'https://imagescdn.d2cmedia.ca/cbd376d0e3e2090b50862b631fa8650943/2001/14172334/7/Mazda-CX_5-2025.jpg'},{url:'https://imagescdn.d2cmedia.ca/cbd376d0e3e2090b50862b631fa8650943/2001/14172334/8/Mazda-CX_5-2025.jpg'},{url:'https://imagescdn.d2cmedia.ca/cbd376d0e3e2090b50862b631fa8650943/2001/14172334/9/Mazda-CX_5-2025.jpg'}]",59675,KM,https://www.maplemazda.com/used/2025-Mazda-CX_5-id14172334.html,2025 Mazda CX-5 GS/NO ACCIDENTS/AWD/HEATED SEATS & STEERING WHEEL at Maple Mazda,31999 CAD,CPO,Grey,Black,2001,Maple Mazda,+1-905-832-1556,"{addr1: '110 Auto Vaughan Drive', city: 'Maple', region: 'Ontario', postal_code: 'L6A 4A1', country: 'CA'}",43.8362762000,-79.5363420000,,,,,https://www.maplemazda.com/privacy-policy.html,CPO,2001,In stock,,31999 CAD,Free,
7MMVABCM1PN106791,7MMVABCM1PN106791,26-361A,Mazda,CX-50,GS-L/AWD/ACCIDENT FREE/SINGLE OWNER/PANO ROOF/MUST SEE,2023,AUTOMATIC,SUV,GASOLINE,AWD,"2023 Mazda CX-50 GS-L/AWD/ACCIDENT FREE/SINGLE OWNER/PANO ROOF/MUST SEE, Black exterior, All-wheel drive","[{url:'https://imagescdn.d2cmedia.ca/cb57d1024f001b0d28e07baeff847b7135/2001/14243500/1/Mazda-CX_50-2023.jpg'},{url:'https://imagescdn.d2cmedia.ca/s857d1024f001b0d28e07baeff847b7135/2001/14243500/1/Mazda-CX_50-2023.jpg'},{url:'https://imagescdn.d2cmedia.ca/cb57d1024f001b0d28e07baeff847b7135/2001/14243500/2/Mazda-CX_50-2023.jpg'},{url:'https://imagescdn.d2cmedia.ca/cb57d1024f001b0d28e07baeff847b7135/2001/14243500/3/Mazda-CX_50-2023.jpg'},{url:'https://imagescdn.d2cmedia.ca/cb57d1024f001b0d28e07baeff847b7135/2001/14243500/4/Mazda-CX_50-2023.jpg'},{url:'https://imagescdn.d2cmedia.ca/cb57d1024f001b0d28e07baeff847b7135/2001/14243500/5/Mazda-CX_50-2023.jpg'},{url:'https://imagescdn.d2cmedia.ca/cb57d1024f001b0d28e07baeff847b7135/2001/14243500/6/Mazda-CX_50-2023.jpg'},{url:'https://imagescdn.d2cmedia.ca/cb57d1024f001b0d28e07baeff847b7135/2001/14243500/7/Mazda-CX_50-2023.jpg'},{url:'https://imagescdn.d2cmedia.ca/cb57d1024f001b0d28e07baeff847b7135/2001/14243500/8/Mazda-CX_50-2023.jpg'},{url:'https://imagescdn.d2cmedia.ca/cb57d1024f001b0d28e07baeff847b7135/2001/14243500/9/Mazda-CX_50-2023.jpg'}]",71182,KM,https://www.maplemazda.com/used/2023-Mazda-CX_50-id14243500.html,2023 Mazda CX-50 GS-L/AWD/ACCIDENT FREE/SINGLE OWNER/PANO ROOF/MUST SEE at Maple Mazda,31999 CAD,CPO,Black,Black,2001,Maple Mazda,+1-905-832-1556,"{addr1: '110 Auto Vaughan Drive', city: 'Maple', region: 'Ontario', postal_code: 'L6A 4A1', country: 'CA'}",43.8362762000,-79.5363420000,,,,,https://www.maplemazda.com/privacy-policy.html,CPO,2001,In stock,,31999 CAD,Free,
JM3KFBEYXP0190313,JM3KFBEYXP0190313,P-3613,Mazda,CX-5,SIGNATURE/ONE OWNER/NO ACCIDENTS/WINTER TIRES/LOADED,2023,AUTOMATIC,SUV,GASOLINE,AWD,"2023 Mazda CX-5 SIGNATURE/ONE OWNER/NO ACCIDENTS/WINTER TIRES/LOADED, White exterior, All-wheel drive","[{url:'https://imagescdn.d2cmedia.ca/cbbcf20f81eefb5ae6b2556503a49a166b/2001/14279861/1/Mazda-CX_5-2023.jpg'},{url:'https://imagescdn.d2cmedia.ca/s8bcf20f81eefb5ae6b2556503a49a166b/2001/14279861/1/Mazda-CX_5-2023.jpg'},{url:'https://imagescdn.d2cmedia.ca/cbbcf20f81eefb5ae6b2556503a49a166b/2001/14279861/2/Mazda-CX_5-2023.jpg'},{url:'https://imagescdn.d2cmedia.ca/cbbcf20f81eefb5ae6b2556503a49a166b/2001/14279861/3/Mazda-CX_5-2023.jpg'},{url:'https://imagescdn.d2cmedia.ca/cbbcf20f81eefb5ae6b2556503a49a166b/2001/14279861/4/Mazda-CX_5-2023.jpg'},{url:'https://imagescdn.d2cmedia.ca/cbbcf20f81eefb5ae6b2556503a49a166b/2001/14279861/5/Mazda-CX_5-2023.jpg'},{url:'https://imagescdn.d2cmedia.ca/cbbcf20f81eefb5ae6b2556503a49a166b/2001/14279861/6/Mazda-CX_5-2023.jpg'},{url:'https://imagescdn.d2cmedia.ca/cbbcf20f81eefb5ae6b2556503a49a166b/2001/14279861/7/Mazda-CX_5-2023.jpg'},{url:'https://imagescdn.d2cmedia.ca/cbbcf20f81eefb5ae6b2556503a49a166b/2001/14279861/8/Mazda-CX_5-2023.jpg'},{url:'https://imagescdn.d2cmedia.ca/cbbcf20f81eefb5ae6b2556503a49a166b/2001/14279861/9/Mazda-CX_5-2023.jpg'}]",84511,KM,https://www.maplemazda.com/used/2023-Mazda-CX_5-id14279861.html,2023 Mazda CX-5 SIGNATURE/ONE OWNER/NO ACCIDENTS/WINTER TIRES/LOADED at Maple Mazda,32999 CAD,CPO,White,Brown,2001,Maple Mazda,+1-905-832-1556,"{addr1: '110 Auto Vaughan Drive', city: 'Maple', region: 'Ontario', postal_code: 'L6A 4A1', country: 'CA'}",43.8362762000,-79.5363420000,,,,,https://www.maplemazda.com/privacy-policy.html,CPO,2001,In stock,,32999 CAD,Free,
JM3KFBCL6S0614277,JM3KFBCL6S0614277,P-3640,Mazda,CX-5,GS/ACCIDENT FREE/AWD/HEATED SEATS & STEERING/LEATHER,2025,AUTOMATIC,SUV,GASOLINE,AWD,"2025 Mazda CX-5 GS/ACCIDENT FREE/AWD/HEATED SEATS & STEERING/LEATHER, Black exterior, All-wheel drive","[{url:'https://imagescdn.d2cmedia.ca/cba7c443bf92092a654254e22db4a53218/2001/14386493/1/Mazda-CX_5-2025.jpg'},{url:'https://imagescdn.d2cmedia.ca/s8a7c443bf92092a654254e22db4a53218/2001/14386493/1/Mazda-CX_5-2025.jpg'},{url:'https://imagescdn.d2cmedia.ca/cba7c443bf92092a654254e22db4a53218/2001/14386493/2/Mazda-CX_5-2025.jpg'},{url:'https://imagescdn.d2cmedia.ca/cba7c443bf92092a654254e22db4a53218/2001/14386493/3/Mazda-CX_5-2025.jpg'},{url:'https://imagescdn.d2cmedia.ca/cba7c443bf92092a654254e22db4a53218/2001/14386493/4/Mazda-CX_5-2025.jpg'},{url:'https://imagescdn.d2cmedia.ca/cba7c443bf92092a654254e22db4a53218/2001/14386493/5/Mazda-CX_5-2025.jpg'},{url:'https://imagescdn.d2cmedia.ca/cba7c443bf92092a654254e22db4a53218/2001/14386493/6/Mazda-CX_5-2025.jpg'},{url:'https://imagescdn.d2cmedia.ca/cba7c443bf92092a654254e22db4a53218/2001/14386493/7/Mazda-CX_5-2025.jpg'},{url:'https://imagescdn.d2cmedia.ca/cba7c443bf92092a654254e22db4a53218/2001/14386493/8/Mazda-CX_5-2025.jpg'},{url:'https://imagescdn.d2cmedia.ca/cba7c443bf92092a654254e22db4a53218/2001/14386493/9/Mazda-CX_5-2025.jpg'}]",42337,KM,https://www.maplemazda.com/used/2025-Mazda-CX_5-id14386493.html,2025 Mazda CX-5 GS/ACCIDENT FREE/AWD/HEATED SEATS & STEERING/LEATHER at Maple Mazda,32999 CAD,CPO,Black,Black,2001,Maple Mazda,+1-905-832-1556,"{addr1: '110 Auto Vaughan Drive', city: 'Maple', region: 'Ontario', postal_code: 'L6A 4A1', country: 'CA'}",43.8362762000,-79.5363420000,,,,,https://www.maplemazda.com/privacy-policy.html,CPO,2001,In stock,,32999 CAD,Free,
JM3KFBDM2R0352730,JM3KFBDM2R0352730,P-3635,Mazda,CX-5,GT/ONE OWNER/NO ACCIDENTS/AWD/BOSE SOUND/FULLY LOADED,2024,AUTOMATIC,SUV,GASOLINE,AWD,"2024 Mazda CX-5 GT/ONE OWNER/NO ACCIDENTS/AWD/BOSE SOUND/FULLY LOADED, White exterior, All-wheel drive","[{url:'https://imagescdn.d2cmedia.ca/cb71141d2c2f734902033862f5d0857616/2001/14373730/1/Mazda-CX_5-2024.jpg'},{url:'https://imagescdn.d2cmedia.ca/s871141d2c2f734902033862f5d0857616/2001/14373730/1/Mazda-CX_5-2024.jpg'},{url:'https://imagescdn.d2cmedia.ca/cb71141d2c2f734902033862f5d0857616/2001/14373730/2/Mazda-CX_5-2024.jpg'},{url:'https://imagescdn.d2cmedia.ca/cb71141d2c2f734902033862f5d0857616/2001/14373730/3/Mazda-CX_5-2024.jpg'},{url:'https://imagescdn.d2cmedia.ca/cb71141d2c2f734902033862f5d0857616/2001/14373730/4/Mazda-CX_5-2024.jpg'},{url:'https://imagescdn.d2cmedia.ca/cb71141d2c2f734902033862f5d0857616/2001/14373730/5/Mazda-CX_5-2024.jpg'},{url:'https://imagescdn.d2cmedia.ca/cb71141d2c2f734902033862f5d0857616/2001/14373730/6/Mazda-CX_5-2024.jpg'},{url:'https://imagescdn.d2cmedia.ca/cb71141d2c2f734902033862f5d0857616/2001/14373730/7/Mazda-CX_5-2024.jpg'},{url:'https://imagescdn.d2cmedia.ca/cb71141d2c2f734902033862f5d0857616/2001/14373730/8/Mazda-CX_5-2024.jpg'},{url:'https://imagescdn.d2cmedia.ca/cb71141d2c2f734902033862f5d0857616/2001/14373730/9/Mazda-CX_5-2024.jpg'}]",64615,KM,https://www.maplemazda.com/used/2024-Mazda-CX_5-id14373730.html,2024 Mazda CX-5 GT/ONE OWNER/NO ACCIDENTS/AWD/BOSE SOUND/FULLY LOADED at Maple Mazda,33499 CAD,CPO,White,Black,2001,Maple Mazda,+1-905-832-1556,"{addr1: '110 Auto Vaughan Drive', city: 'Maple', region: 'Ontario', postal_code: 'L6A 4A1', country: 'CA'}",43.8362762000,-79.5363420000,,,,,https://www.maplemazda.com/privacy-policy.html,CPO,2001,In stock,,33499 CAD,Free,
3MVDMBDM3RM615455,3MVDMBDM3RM615455,P-3555,Mazda,CX-30,GT/AWD/ACCIDENT FREE/1 OWNER/SUNRROF/GPS/LEATHER/LOADED,2024,AUTOMATIC,SUV,GASOLINE,AWD,"2024 Mazda CX-30 GT/AWD/ACCIDENT FREE/1 OWNER/SUNRROF/GPS/LEATHER/LOADED, Black exterior, All-wheel drive","[{url:'https://imagescdn.d2cmedia.ca/cb65a0da7dee9a38619df21d58982050ae/2001/14028068/1/Mazda-CX_30-2024.jpg'},{url:'https://imagescdn.d2cmedia.ca/s865a0da7dee9a38619df21d58982050ae/2001/14028068/1/Mazda-CX_30-2024.jpg'},{url:'https://imagescdn.d2cmedia.ca/cb65a0da7dee9a38619df21d58982050ae/2001/14028068/2/Mazda-CX_30-2024.jpg'},{url:'https://imagescdn.d2cmedia.ca/cb65a0da7dee9a38619df21d58982050ae/2001/14028068/3/Mazda-CX_30-2024.jpg'},{url:'https://imagescdn.d2cmedia.ca/cb65a0da7dee9a38619df21d58982050ae/2001/14028068/4/Mazda-CX_30-2024.jpg'},{url:'https://imagescdn.d2cmedia.ca/cb65a0da7dee9a38619df21d58982050ae/2001/14028068/5/Mazda-CX_30-2024.jpg'},{url:'https://imagescdn.d2cmedia.ca/cb65a0da7dee9a38619df21d58982050ae/2001/14028068/6/Mazda-CX_30-2024.jpg'},{url:'https://imagescdn.d2cmedia.ca/cb65a0da7dee9a38619df21d58982050ae/2001/14028068/7/Mazda-CX_30-2024.jpg'},{url:'https://imagescdn.d2cmedia.ca/cb65a0da7dee9a38619df21d58982050ae/2001/14028068/8/Mazda-CX_30-2024.jpg'},{url:'https://imagescdn.d2cmedia.ca/cb65a0da7dee9a38619df21d58982050ae/2001/14028068/9/Mazda-CX_30-2024.jpg'}]",37713,KM,https://www.maplemazda.com/used/2024-Mazda-CX_30-id14028068.html,2024 Mazda CX-30 GT/AWD/ACCIDENT FREE/1 OWNER/SUNRROF/GPS/LEATHER/LOADED at Maple Mazda,33999 CAD,CPO,Black,Black,2001,Maple Mazda,+1-905-832-1556,"{addr1: '110 Auto Vaughan Drive', city: 'Maple', region: 'Ontario', postal_code: 'L6A 4A1', country: 'CA'}",43.8362762000,-79.5363420000,,,,,https://www.maplemazda.com/privacy-policy.html,CPO,2001,In stock,,33999 CAD,Free,
3MVDMBDM4RM697793,3MVDMBDM4RM697793,P-3626,Mazda,CX-30,GT/ACCIDENT FREE/SINGLE OWNER/AWD/WINTER TIRES/LOADED,2024,AUTOMATIC,SUV,GASOLINE,AWD,"2024 Mazda CX-30 GT/ACCIDENT FREE/SINGLE OWNER/AWD/WINTER TIRES/LOADED, Black exterior, All-wheel drive","[{url:'https://imagescdn.d2cmedia.ca/cb748c0ada9a225331bfe1dc1a569da467/2001/14346614/1/Mazda-CX_30-2024.jpg'},{url:'https://imagescdn.d2cmedia.ca/s8748c0ada9a225331bfe1dc1a569da467/2001/14346614/1/Mazda-CX_30-2024.jpg'},{url:'https://imagescdn.d2cmedia.ca/cb748c0ada9a225331bfe1dc1a569da467/2001/14346614/2/Mazda-CX_30-2024.jpg'},{url:'https://imagescdn.d2cmedia.ca/cb748c0ada9a225331bfe1dc1a569da467/2001/14346614/3/Mazda-CX_30-2024.jpg'},{url:'https://imagescdn.d2cmedia.ca/cb748c0ada9a225331bfe1dc1a569da467/2001/14346614/4/Mazda-CX_30-2024.jpg'},{url:'https://imagescdn.d2cmedia.ca/cb748c0ada9a225331bfe1dc1a569da467/2001/14346614/5/Mazda-CX_30-2024.jpg'},{url:'https://imagescdn.d2cmedia.ca/cb748c0ada9a225331bfe1dc1a569da467/2001/14346614/6/Mazda-CX_30-2024.jpg'},{url:'https://imagescdn.d2cmedia.ca/cb748c0ada9a225331bfe1dc1a569da467/2001/14346614/7/Mazda-CX_30-2024.jpg'},{url:'https://imagescdn.d2cmedia.ca/cb748c0ada9a225331bfe1dc1a569da467/2001/14346614/8/Mazda-CX_30-2024.jpg'},{url:'https://imagescdn.d2cmedia.ca/cb748c0ada9a225331bfe1dc1a569da467/2001/14346614/9/Mazda-CX_30-2024.jpg'}]",46496,KM,https://www.maplemazda.com/used/2024-Mazda-CX_30-id14346614.html,2024 Mazda CX-30 GT/ACCIDENT FREE/SINGLE OWNER/AWD/WINTER TIRES/LOADED at Maple Mazda,33999 CAD,CPO,Black,Black,2001,Maple Mazda,+1-905-832-1556,"{addr1: '110 Auto Vaughan Drive', city: 'Maple', region: 'Ontario', postal_code: 'L6A 4A1', country: 'CA'}",43.8362762000,-79.5363420000,,,,,https://www.maplemazda.com/privacy-policy.html,CPO,2001,In stock,,33999 CAD,Free,
JM1NDAL70R0607053,JM1NDAL70R0607053,P-3563,Mazda,MX-5 RF,GS-P/EXTENDED WARRANTY/1 OWNER/NO ACCIDENTS/BOSE SOUND,2024,AUTOMATIC,SUV,GASOLINE,RWD,"2024 Mazda MX-5 RF GS-P/EXTENDED WARRANTY/1 OWNER/NO ACCIDENTS/BOSE SOUND, Grey exterior, Rear-wheel drive","[{url:'https://imagescdn.d2cmedia.ca/cb2bc47f88a16bf3e668741e8d67a792c3/2001/14059625/1/Mazda-MX_5 RF-2024.jpg'},{url:'https://imagescdn.d2cmedia.ca/s82bc47f88a16bf3e668741e8d67a792c3/2001/14059625/1/Mazda-MX_5_RF-2024.jpg'},{url:'https://imagescdn.d2cmedia.ca/cb2bc47f88a16bf3e668741e8d67a792c3/2001/14059625/1/Mazda-MX_5_RF-2024.jpg'},{url:'https://imagescdn.d2cmedia.ca/cb2bc47f88a16bf3e668741e8d67a792c3/2001/14059625/2/Mazda-MX_5_RF-2024.jpg'},{url:'https://imagescdn.d2cmedia.ca/cb2bc47f88a16bf3e668741e8d67a792c3/2001/14059625/3/Mazda-MX_5_RF-2024.jpg'},{url:'https://imagescdn.d2cmedia.ca/cb2bc47f88a16bf3e668741e8d67a792c3/2001/14059625/4/Mazda-MX_5_RF-2024.jpg'},{url:'https://imagescdn.d2cmedia.ca/cb2bc47f88a16bf3e668741e8d67a792c3/2001/14059625/5/Mazda-MX_5_RF-2024.jpg'},{url:'https://imagescdn.d2cmedia.ca/cb2bc47f88a16bf3e668741e8d67a792c3/2001/14059625/6/Mazda-MX_5_RF-2024.jpg'},{url:'https://imagescdn.d2cmedia.ca/cb2bc47f88a16bf3e668741e8d67a792c3/2001/14059625/7/Mazda-MX_5_RF-2024.jpg'},{url:'https://imagescdn.d2cmedia.ca/cb2bc47f88a16bf3e668741e8d67a792c3/2001/14059625/8/Mazda-MX_5_RF-2024.jpg'}]",13322,KM,https://www.maplemazda.com/used/2024-Mazda-MX_5_RF-id14059625.html,2024 Mazda MX-5 RF GS-P/EXTENDED WARRANTY/1 OWNER/NO ACCIDENTS/BOSE SOUND at Maple Mazda,34499 CAD,CPO,Grey,Black,2001,Maple Mazda,+1-905-832-1556,"{addr1: '110 Auto Vaughan Drive', city: 'Maple', region: 'Ontario', postal_code: 'L6A 4A1', country: 'CA'}",43.8362762000,-79.5363420000,,,,,https://www.maplemazda.com/privacy-policy.html,CPO,2001,In stock,,34499 CAD,Free,
JM1NDAC76R0603587,JM1NDAC76R0603587,P-3580,Mazda,MX-5,GS-P/EXTENDED WARRANTY/1 OWNER/NO ACCIDNTS/BOSE SOUND,2024,AUTOMATIC,SUV,GASOLINE,RWD,"2024 Mazda MX-5 GS-P/EXTENDED WARRANTY/1 OWNER/NO ACCIDNTS/BOSE SOUND, Grey exterior, Rear-wheel drive","[{url:'https://imagescdn.d2cmedia.ca/cba8fe922a876d7cc24a1158efef690870/2001/14129465/1/Mazda-MX_5-2024.jpg'},{url:'https://imagescdn.d2cmedia.ca/s8a8fe922a876d7cc24a1158efef690870/2001/14129465/1/Mazda-MX_5-2024.jpg'},{url:'https://imagescdn.d2cmedia.ca/cba8fe922a876d7cc24a1158efef690870/2001/14129465/2/Mazda-MX_5-2024.jpg'},{url:'https://imagescdn.d2cmedia.ca/cba8fe922a876d7cc24a1158efef690870/2001/14129465/3/Mazda-MX_5-2024.jpg'},{url:'https://imagescdn.d2cmedia.ca/cba8fe922a876d7cc24a1158efef690870/2001/14129465/4/Mazda-MX_5-2024.jpg'},{url:'https://imagescdn.d2cmedia.ca/cba8fe922a876d7cc24a1158efef690870/2001/14129465/5/Mazda-MX_5-2024.jpg'},{url:'https://imagescdn.d2cmedia.ca/cba8fe922a876d7cc24a1158efef690870/2001/14129465/6/Mazda-MX_5-2024.jpg'},{url:'https://imagescdn.d2cmedia.ca/cba8fe922a876d7cc24a1158efef690870/2001/14129465/7/Mazda-MX_5-2024.jpg'},{url:'https://imagescdn.d2cmedia.ca/cba8fe922a876d7cc24a1158efef690870/2001/14129465/8/Mazda-MX_5-2024.jpg'},{url:'https://imagescdn.d2cmedia.ca/cba8fe922a876d7cc24a1158efef690870/2001/14129465/9/Mazda-MX_5-2024.jpg'}]",8703,KM,https://www.maplemazda.com/used/2024-Mazda-MX_5-id14129465.html,2024 Mazda MX-5 GS-P/EXTENDED WARRANTY/1 OWNER/NO ACCIDNTS/BOSE SOUND at Maple Mazda,34499 CAD,CPO,Grey,Black,2001,Maple Mazda,+1-905-832-1556,"{addr1: '110 Auto Vaughan Drive', city: 'Maple', region: 'Ontario', postal_code: 'L6A 4A1', country: 'CA'}",43.8362762000,-79.5363420000,,,,,https://www.maplemazda.com/privacy-policy.html,CPO,2001,In stock,,34499 CAD,Free,
JM3KFBEY4P0218476,JM3KFBEY4P0218476,P-3615,Mazda,CX-5,SIGNATURE/AWD/GPS/NAPPA LEATHER/SUNROOF/FULLY LOADED,2023,AUTOMATIC,SUV,GASOLINE,AWD,"2023 Mazda CX-5 SIGNATURE/AWD/GPS/NAPPA LEATHER/SUNROOF/FULLY LOADED, White exterior, All-wheel drive","[{url:'https://imagescdn.d2cmedia.ca/cb2ac7fcaefd53c904ddf8f99c0df9f5d8/2001/14281863/1/Mazda-CX_5-2023.jpg'},{url:'https://imagescdn.d2cmedia.ca/s82ac7fcaefd53c904ddf8f99c0df9f5d8/2001/14281863/1/Mazda-CX_5-2023.jpg'},{url:'https://imagescdn.d2cmedia.ca/cb2ac7fcaefd53c904ddf8f99c0df9f5d8/2001/14281863/2/Mazda-CX_5-2023.jpg'},{url:'https://imagescdn.d2cmedia.ca/cb2ac7fcaefd53c904ddf8f99c0df9f5d8/2001/14281863/3/Mazda-CX_5-2023.jpg'},{url:'https://imagescdn.d2cmedia.ca/cb2ac7fcaefd53c904ddf8f99c0df9f5d8/2001/14281863/4/Mazda-CX_5-2023.jpg'},{url:'https://imagescdn.d2cmedia.ca/cb2ac7fcaefd53c904ddf8f99c0df9f5d8/2001/14281863/5/Mazda-CX_5-2023.jpg'},{url:'https://imagescdn.d2cmedia.ca/cb2ac7fcaefd53c904ddf8f99c0df9f5d8/2001/14281863/6/Mazda-CX_5-2023.jpg'},{url:'https://imagescdn.d2cmedia.ca/cb2ac7fcaefd53c904ddf8f99c0df9f5d8/2001/14281863/7/Mazda-CX_5-2023.jpg'},{url:'https://imagescdn.d2cmedia.ca/cb2ac7fcaefd53c904ddf8f99c0df9f5d8/2001/14281863/8/Mazda-CX_5-2023.jpg'},{url:'https://imagescdn.d2cmedia.ca/cb2ac7fcaefd53c904ddf8f99c0df9f5d8/2001/14281863/9/Mazda-CX_5-2023.jpg'}]",36579,KM,https://www.maplemazda.com/used/2023-Mazda-CX_5-id14281863.html,2023 Mazda CX-5 SIGNATURE/AWD/GPS/NAPPA LEATHER/SUNROOF/FULLY LOADED at Maple Mazda,35499 CAD,CPO,White,Brown,2001,Maple Mazda,+1-905-832-1556,"{addr1: '110 Auto Vaughan Drive', city: 'Maple', region: 'Ontario', postal_code: 'L6A 4A1', country: 'CA'}",43.8362762000,-79.5363420000,,,,,https://www.maplemazda.com/privacy-policy.html,CPO,2001,In stock,,35499 CAD,Free,
JM3KJDHD7S1118233,JM3KJDHD7S1118233,P-3641,Mazda,CX-70 MHEV,GT/ACCIDENT FREE/AWD/PANO ROOF/BOSE SOUND/LOADED,2025,AUTOMATIC,SUV,GASOLINE,AWD,"2025 Mazda CX-70 MHEV GT/ACCIDENT FREE/AWD/PANO ROOF/BOSE SOUND/LOADED, Grey exterior, All-wheel drive","[{url:'https://imagescdn.d2cmedia.ca/cb9d267416b9e23346b9d9f67c2791f3dc/2001/14386494/1/Mazda-CX_70 MHEV-2025.jpg'},{url:'https://imagescdn.d2cmedia.ca/s89d267416b9e23346b9d9f67c2791f3dc/2001/14386494/1/Mazda-CX_70_MHEV-2025.jpg'},{url:'https://imagescdn.d2cmedia.ca/cb9d267416b9e23346b9d9f67c2791f3dc/2001/14386494/1/Mazda-CX_70_MHEV-2025.jpg'},{url:'https://imagescdn.d2cmedia.ca/cb9d267416b9e23346b9d9f67c2791f3dc/2001/14386494/2/Mazda-CX_70_MHEV-2025.jpg'},{url:'https://imagescdn.d2cmedia.ca/cb9d267416b9e23346b9d9f67c2791f3dc/2001/14386494/3/Mazda-CX_70_MHEV-2025.jpg'},{url:'https://imagescdn.d2cmedia.ca/cb9d267416b9e23346b9d9f67c2791f3dc/2001/14386494/4/Mazda-CX_70_MHEV-2025.jpg'},{url:'https://imagescdn.d2cmedia.ca/cb9d267416b9e23346b9d9f67c2791f3dc/2001/14386494/5/Mazda-CX_70_MHEV-2025.jpg'},{url:'https://imagescdn.d2cmedia.ca/cb9d267416b9e23346b9d9f67c2791f3dc/2001/14386494/6/Mazda-CX_70_MHEV-2025.jpg'},{url:'https://imagescdn.d2cmedia.ca/cb9d267416b9e23346b9d9f67c2791f3dc/2001/14386494/7/Mazda-CX_70_MHEV-2025.jpg'},{url:'https://imagescdn.d2cmedia.ca/cb9d267416b9e23346b9d9f67c2791f3dc/2001/14386494/8/Mazda-CX_70_MHEV-2025.jpg'}]",94706,KM,https://www.maplemazda.com/used/2025-Mazda-CX_70_MHEV-id14386494.html,2025 Mazda CX-70 MHEV GT/ACCIDENT FREE/AWD/PANO ROOF/BOSE SOUND/LOADED at Maple Mazda,35999 CAD,CPO,Grey,Black,2001,Maple Mazda,+1-905-832-1556,"{addr1: '110 Auto Vaughan Drive', city: 'Maple', region: 'Ontario', postal_code: 'L6A 4A1', country: 'CA'}",43.8362762000,-79.5363420000,,,,,https://www.maplemazda.com/privacy-policy.html,CPO,2001,In stock,,35999 CAD,Free,
JM3KKDHD6S1189887,JM3KKDHD6S1189887,P-3637,Mazda,CX-90 MHEV,GT/ACCIDENT FREE/8 PASSENGER/BOSE SOUND/PANO ROOF/LOADED,2025,AUTOMATIC,SUV,GASOLINE,AWD,"2025 Mazda CX-90 MHEV GT/ACCIDENT FREE/8 PASSENGER/BOSE SOUND/PANO ROOF/LOADED, Grey exterior, All-wheel drive","[{url:'https://imagescdn.d2cmedia.ca/cba5e82f3487f005d287eef0fa812c9036/2001/14386490/1/Mazda-CX_90 MHEV-2025.jpg'},{url:'https://imagescdn.d2cmedia.ca/s8a5e82f3487f005d287eef0fa812c9036/2001/14386490/1/Mazda-CX_90_MHEV-2025.jpg'},{url:'https://imagescdn.d2cmedia.ca/cba5e82f3487f005d287eef0fa812c9036/2001/14386490/1/Mazda-CX_90_MHEV-2025.jpg'},{url:'https://imagescdn.d2cmedia.ca/cba5e82f3487f005d287eef0fa812c9036/2001/14386490/2/Mazda-CX_90_MHEV-2025.jpg'},{url:'https://imagescdn.d2cmedia.ca/cba5e82f3487f005d287eef0fa812c9036/2001/14386490/3/Mazda-CX_90_MHEV-2025.jpg'},{url:'https://imagescdn.d2cmedia.ca/cba5e82f3487f005d287eef0fa812c9036/2001/14386490/4/Mazda-CX_90_MHEV-2025.jpg'},{url:'https://imagescdn.d2cmedia.ca/cba5e82f3487f005d287eef0fa812c9036/2001/14386490/5/Mazda-CX_90_MHEV-2025.jpg'},{url:'https://imagescdn.d2cmedia.ca/cba5e82f3487f005d287eef0fa812c9036/2001/14386490/6/Mazda-CX_90_MHEV-2025.jpg'},{url:'https://imagescdn.d2cmedia.ca/cba5e82f3487f005d287eef0fa812c9036/2001/14386490/7/Mazda-CX_90_MHEV-2025.jpg'},{url:'https://imagescdn.d2cmedia.ca/cba5e82f3487f005d287eef0fa812c9036/2001/14386490/8/Mazda-CX_90_MHEV-2025.jpg'}]",90991,KM,https://www.maplemazda.com/used/2025-Mazda-CX_90_MHEV-id14386490.html,2025 Mazda CX-90 MHEV GT/ACCIDENT FREE/8 PASSENGER/BOSE SOUND/PANO ROOF/LOADED at Maple Mazda,37399 CAD,CPO,Grey,Black,2001,Maple Mazda,+1-905-832-1556,"{addr1: '110 Auto Vaughan Drive', city: 'Maple', region: 'Ontario', postal_code: 'L6A 4A1', country: 'CA'}",43.8362762000,-79.5363420000,,,,,https://www.maplemazda.com/privacy-policy.html,CPO,2001,In stock,,37399 CAD,Free,
JM3KJDHD6S1110639,JM3KJDHD6S1110639,P-3586,Mazda,CX-70 MHEV,GT/AWD/NO ACCIDENTS/PANO ROOF/BOSE SOUND/LOADED,2025,AUTOMATIC,SUV,GASOLINE,AWD,"2025 Mazda CX-70 MHEV GT/AWD/NO ACCIDENTS/PANO ROOF/BOSE SOUND/LOADED, White exterior, All-wheel drive","[{url:'https://imagescdn.d2cmedia.ca/cb35912cdc5af441d7f00436aea0819f9d/2001/14172335/1/Mazda-CX_70 MHEV-2025.jpg'},{url:'https://imagescdn.d2cmedia.ca/s835912cdc5af441d7f00436aea0819f9d/2001/14172335/1/Mazda-CX_70_MHEV-2025.jpg'},{url:'https://imagescdn.d2cmedia.ca/cb35912cdc5af441d7f00436aea0819f9d/2001/14172335/1/Mazda-CX_70_MHEV-2025.jpg'},{url:'https://imagescdn.d2cmedia.ca/cb35912cdc5af441d7f00436aea0819f9d/2001/14172335/2/Mazda-CX_70_MHEV-2025.jpg'},{url:'https://imagescdn.d2cmedia.ca/cb35912cdc5af441d7f00436aea0819f9d/2001/14172335/3/Mazda-CX_70_MHEV-2025.jpg'},{url:'https://imagescdn.d2cmedia.ca/cb35912cdc5af441d7f00436aea0819f9d/2001/14172335/4/Mazda-CX_70_MHEV-2025.jpg'},{url:'https://imagescdn.d2cmedia.ca/cb35912cdc5af441d7f00436aea0819f9d/2001/14172335/5/Mazda-CX_70_MHEV-2025.jpg'},{url:'https://imagescdn.d2cmedia.ca/cb35912cdc5af441d7f00436aea0819f9d/2001/14172335/6/Mazda-CX_70_MHEV-2025.jpg'},{url:'https://imagescdn.d2cmedia.ca/cb35912cdc5af441d7f00436aea0819f9d/2001/14172335/7/Mazda-CX_70_MHEV-2025.jpg'},{url:'https://imagescdn.d2cmedia.ca/cb35912cdc5af441d7f00436aea0819f9d/2001/14172335/8/Mazda-CX_70_MHEV-2025.jpg'}]",78641,KM,https://www.maplemazda.com/used/2025-Mazda-CX_70_MHEV-id14172335.html,2025 Mazda CX-70 MHEV GT/AWD/NO ACCIDENTS/PANO ROOF/BOSE SOUND/LOADED at Maple Mazda,37999 CAD,CPO,White,Black,2001,Maple Mazda,+1-905-832-1556,"{addr1: '110 Auto Vaughan Drive', city: 'Maple', region: 'Ontario', postal_code: 'L6A 4A1', country: 'CA'}",43.8362762000,-79.5363420000,,,,,https://www.maplemazda.com/privacy-policy.html,CPO,2001,In stock,,37999 CAD,Free,
7MMVABDY3RN162672,7MMVABDY3RN162672,P-3628,Mazda,CX-50,GT/TURBO/AWD/1 OWNER/PANO ROOF/BOSE SOUND/FULLY LOADED,2024,AUTOMATIC,SUV,GASOLINE,AWD,"2024 Mazda CX-50 GT/TURBO/AWD/1 OWNER/PANO ROOF/BOSE SOUND/FULLY LOADED, Grey exterior, All-wheel drive","[{url:'https://imagescdn.d2cmedia.ca/cb94f3ffae62704038dec3a5a9123afef4/2001/14348718/1/Mazda-CX_50-2024.jpg'},{url:'https://imagescdn.d2cmedia.ca/s894f3ffae62704038dec3a5a9123afef4/2001/14348718/1/Mazda-CX_50-2024.jpg'},{url:'https://imagescdn.d2cmedia.ca/cb94f3ffae62704038dec3a5a9123afef4/2001/14348718/2/Mazda-CX_50-2024.jpg'},{url:'https://imagescdn.d2cmedia.ca/cb94f3ffae62704038dec3a5a9123afef4/2001/14348718/3/Mazda-CX_50-2024.jpg'},{url:'https://imagescdn.d2cmedia.ca/cb94f3ffae62704038dec3a5a9123afef4/2001/14348718/4/Mazda-CX_50-2024.jpg'},{url:'https://imagescdn.d2cmedia.ca/cb94f3ffae62704038dec3a5a9123afef4/2001/14348718/5/Mazda-CX_50-2024.jpg'},{url:'https://imagescdn.d2cmedia.ca/cb94f3ffae62704038dec3a5a9123afef4/2001/14348718/6/Mazda-CX_50-2024.jpg'},{url:'https://imagescdn.d2cmedia.ca/cb94f3ffae62704038dec3a5a9123afef4/2001/14348718/7/Mazda-CX_50-2024.jpg'},{url:'https://imagescdn.d2cmedia.ca/cb94f3ffae62704038dec3a5a9123afef4/2001/14348718/8/Mazda-CX_50-2024.jpg'},{url:'https://imagescdn.d2cmedia.ca/cb94f3ffae62704038dec3a5a9123afef4/2001/14348718/9/Mazda-CX_50-2024.jpg'}]",26854,KM,https://www.maplemazda.com/used/2024-Mazda-CX_50-id14348718.html,2024 Mazda CX-50 GT/TURBO/AWD/1 OWNER/PANO ROOF/BOSE SOUND/FULLY LOADED at Maple Mazda,38499 CAD,CPO,Grey,Orange,2001,Maple Mazda,+1-905-832-1556,"{addr1: '110 Auto Vaughan Drive', city: 'Maple', region: 'Ontario', postal_code: 'L6A 4A1', country: 'CA'}",43.8362762000,-79.5363420000,,,,,https://www.maplemazda.com/privacy-policy.html,CPO,2001,In stock,,38499 CAD,Free,
JM3KFBEY0R0507938,JM3KFBEY0R0507938,P-3656,Mazda,CX-5,SIGNATURE/AED/1 OWNER/NO ACCIDENT/BOSE SOUND/SUNROOF,2024,AUTOMATIC,SUV,GASOLINE,AWD,"2024 Mazda CX-5 SIGNATURE/AED/1 OWNER/NO ACCIDENT/BOSE SOUND/SUNROOF, Red exterior, All-wheel drive","[{url:'https://imagescdn.d2cmedia.ca/cb8fe10138d91d8e82512b881418dabfac/2001/14427287/1/Mazda-CX_5-2024.jpg'},{url:'https://imagescdn.d2cmedia.ca/s88fe10138d91d8e82512b881418dabfac/2001/14427287/1/Mazda-CX_5-2024.jpg'},{url:'https://imagescdn.d2cmedia.ca/cb8fe10138d91d8e82512b881418dabfac/2001/14427287/2/Mazda-CX_5-2024.jpg'},{url:'https://imagescdn.d2cmedia.ca/cb8fe10138d91d8e82512b881418dabfac/2001/14427287/3/Mazda-CX_5-2024.jpg'},{url:'https://imagescdn.d2cmedia.ca/cb8fe10138d91d8e82512b881418dabfac/2001/14427287/4/Mazda-CX_5-2024.jpg'},{url:'https://imagescdn.d2cmedia.ca/cb8fe10138d91d8e82512b881418dabfac/2001/14427287/5/Mazda-CX_5-2024.jpg'},{url:'https://imagescdn.d2cmedia.ca/cb8fe10138d91d8e82512b881418dabfac/2001/14427287/6/Mazda-CX_5-2024.jpg'},{url:'https://imagescdn.d2cmedia.ca/cb8fe10138d91d8e82512b881418dabfac/2001/14427287/7/Mazda-CX_5-2024.jpg'},{url:'https://imagescdn.d2cmedia.ca/cb8fe10138d91d8e82512b881418dabfac/2001/14427287/8/Mazda-CX_5-2024.jpg'},{url:'https://imagescdn.d2cmedia.ca/cb8fe10138d91d8e82512b881418dabfac/2001/14427287/9/Mazda-CX_5-2024.jpg'}]",11072,KM,https://www.maplemazda.com/used/2024-Mazda-CX_5-id14427287.html,2024 Mazda CX-5 SIGNATURE/AED/1 OWNER/NO ACCIDENT/BOSE SOUND/SUNROOF at Maple Mazda,39999 CAD,CPO,Red,Brown,2001,Maple Mazda,+1-905-832-1556,"{addr1: '110 Auto Vaughan Drive', city: 'Maple', region: 'Ontario', postal_code: 'L6A 4A1', country: 'CA'}",43.8362762000,-79.5363420000,,,,,https://www.maplemazda.com/privacy-policy.html,CPO,2001,In stock,,39999 CAD,Free,
JM3KFBDY0S0806949,JM3KFBDY0S0806949,26-562A,Mazda,CX-5,SPORT DESIGN/TURBO/AWD/1 OWNER/NO ACCIDENTS/LOADED,2025,AUTOMATIC,SUV,GASOLINE,AWD,"2025 Mazda CX-5 SPORT DESIGN/TURBO/AWD/1 OWNER/NO ACCIDENTS/LOADED, Grey exterior, All-wheel drive","[{url:'https://imagescdn.d2cmedia.ca/cb1efd5c6d31554b520ace835e9f8a3702/2001/14420093/1/Mazda-CX_5-2025.jpg'},{url:'https://imagescdn.d2cmedia.ca/s81efd5c6d31554b520ace835e9f8a3702/2001/14420093/1/Mazda-CX_5-2025.jpg'},{url:'https://imagescdn.d2cmedia.ca/cb1efd5c6d31554b520ace835e9f8a3702/2001/14420093/2/Mazda-CX_5-2025.jpg'},{url:'https://imagescdn.d2cmedia.ca/cb1efd5c6d31554b520ace835e9f8a3702/2001/14420093/3/Mazda-CX_5-2025.jpg'},{url:'https://imagescdn.d2cmedia.ca/cb1efd5c6d31554b520ace835e9f8a3702/2001/14420093/4/Mazda-CX_5-2025.jpg'},{url:'https://imagescdn.d2cmedia.ca/cb1efd5c6d31554b520ace835e9f8a3702/2001/14420093/5/Mazda-CX_5-2025.jpg'},{url:'https://imagescdn.d2cmedia.ca/cb1efd5c6d31554b520ace835e9f8a3702/2001/14420093/6/Mazda-CX_5-2025.jpg'},{url:'https://imagescdn.d2cmedia.ca/cb1efd5c6d31554b520ace835e9f8a3702/2001/14420093/7/Mazda-CX_5-2025.jpg'},{url:'https://imagescdn.d2cmedia.ca/cb1efd5c6d31554b520ace835e9f8a3702/2001/14420093/8/Mazda-CX_5-2025.jpg'},{url:'https://imagescdn.d2cmedia.ca/cb1efd5c6d31554b520ace835e9f8a3702/2001/14420093/9/Mazda-CX_5-2025.jpg'}]",8244,KM,https://www.maplemazda.com/used/2025-Mazda-CX_5-id14420093.html,2025 Mazda CX-5 SPORT DESIGN/TURBO/AWD/1 OWNER/NO ACCIDENTS/LOADED at Maple Mazda,41499 CAD,CPO,Grey,Black,2001,Maple Mazda,+1-905-832-1556,"{addr1: '110 Auto Vaughan Drive', city: 'Maple', region: 'Ontario', postal_code: 'L6A 4A1', country: 'CA'}",43.8362762000,-79.5363420000,,,,,https://www.maplemazda.com/privacy-policy.html,CPO,2001,In stock,,41499 CAD,Free,
JM3KMCHA0T0165733,JM3KMCHA0T0165733,P-3647,Mazda,CX-5,GT/RATES STARTING FROM 2.99%/1 OWNER/NO ACCIDENTS/LIKE NEW,2026,AUTOMATIC,SUV,GASOLINE,AWD,"2026 Mazda CX-5 GT/RATES STARTING FROM 2.99%/1 OWNER/NO ACCIDENTS/LIKE NEW, White exterior, All-wheel drive","[{url:'https://imagescdn.d2cmedia.ca/cb121bee2c15e47df0a2a6e8fee03a32c0/2001/14399126/1/Mazda-CX_5-2026.jpg'},{url:'https://imagescdn.d2cmedia.ca/s8121bee2c15e47df0a2a6e8fee03a32c0/2001/14399126/1/Mazda-CX_5-2026.jpg'},{url:'https://imagescdn.d2cmedia.ca/cb121bee2c15e47df0a2a6e8fee03a32c0/2001/14399126/2/Mazda-CX_5-2026.jpg'},{url:'https://imagescdn.d2cmedia.ca/cb121bee2c15e47df0a2a6e8fee03a32c0/2001/14399126/3/Mazda-CX_5-2026.jpg'},{url:'https://imagescdn.d2cmedia.ca/cb121bee2c15e47df0a2a6e8fee03a32c0/2001/14399126/4/Mazda-CX_5-2026.jpg'},{url:'https://imagescdn.d2cmedia.ca/cb121bee2c15e47df0a2a6e8fee03a32c0/2001/14399126/5/Mazda-CX_5-2026.jpg'},{url:'https://imagescdn.d2cmedia.ca/cb121bee2c15e47df0a2a6e8fee03a32c0/2001/14399126/6/Mazda-CX_5-2026.jpg'},{url:'https://imagescdn.d2cmedia.ca/cb121bee2c15e47df0a2a6e8fee03a32c0/2001/14399126/7/Mazda-CX_5-2026.jpg'},{url:'https://imagescdn.d2cmedia.ca/cb121bee2c15e47df0a2a6e8fee03a32c0/2001/14399126/8/Mazda-CX_5-2026.jpg'},{url:'https://imagescdn.d2cmedia.ca/cb121bee2c15e47df0a2a6e8fee03a32c0/2001/14399126/9/Mazda-CX_5-2026.jpg'}]",366,KM,https://www.maplemazda.com/used/2026-Mazda-CX_5-id14399126.html,2026 Mazda CX-5 GT/RATES STARTING FROM 2.99%/1 OWNER/NO ACCIDENTS/LIKE NEW at Maple Mazda,44699 CAD,CPO,White,Black,2001,Maple Mazda,+1-905-832-1556,"{addr1: '110 Auto Vaughan Drive', city: 'Maple', region: 'Ontario', postal_code: 'L6A 4A1', country: 'CA'}",43.8362762000,-79.5363420000,,,,,https://www.maplemazda.com/privacy-policy.html,CPO,2001,In stock,,44699 CAD,Free,
1FM5K8GC8PGB35514,1FM5K8GC8PGB35514,P-3631,Ford,Explorer,ST/4WD/SUNROOF/LEATHER/HEATED SEATS/LOADED,2023,AUTOMATIC,SUV,GASOLINE,FOUR_WHEEL_DRIVE,"2023 Ford Explorer ST/4WD/SUNROOF/LEATHER/HEATED SEATS/LOADED, Grey exterior, Four-wheel drive","[{url:'https://imagescdn.d2cmedia.ca/cb50cb1910963b5d79f72b4afa7d5b0a3e/2001/14354491/1/Ford-Explorer-2023.jpg'},{url:'https://imagescdn.d2cmedia.ca/s850cb1910963b5d79f72b4afa7d5b0a3e/2001/14354491/1/Ford-Explorer-2023.jpg'},{url:'https://imagescdn.d2cmedia.ca/cb50cb1910963b5d79f72b4afa7d5b0a3e/2001/14354491/2/Ford-Explorer-2023.jpg'},{url:'https://imagescdn.d2cmedia.ca/cb50cb1910963b5d79f72b4afa7d5b0a3e/2001/14354491/3/Ford-Explorer-2023.jpg'},{url:'https://imagescdn.d2cmedia.ca/cb50cb1910963b5d79f72b4afa7d5b0a3e/2001/14354491/4/Ford-Explorer-2023.jpg'},{url:'https://imagescdn.d2cmedia.ca/cb50cb1910963b5d79f72b4afa7d5b0a3e/2001/14354491/5/Ford-Explorer-2023.jpg'},{url:'https://imagescdn.d2cmedia.ca/cb50cb1910963b5d79f72b4afa7d5b0a3e/2001/14354491/6/Ford-Explorer-2023.jpg'},{url:'https://imagescdn.d2cmedia.ca/cb50cb1910963b5d79f72b4afa7d5b0a3e/2001/14354491/7/Ford-Explorer-2023.jpg'},{url:'https://imagescdn.d2cmedia.ca/cb50cb1910963b5d79f72b4afa7d5b0a3e/2001/14354491/8/Ford-Explorer-2023.jpg'},{url:'https://imagescdn.d2cmedia.ca/cb50cb1910963b5d79f72b4afa7d5b0a3e/2001/14354491/9/Ford-Explorer-2023.jpg'}]",94422,KM,https://www.maplemazda.com/used/2023-Ford-Explorer-id14354491.html,2023 Ford Explorer ST/4WD/SUNROOF/LEATHER/HEATED SEATS/LOADED at Maple Mazda,45499 CAD,CPO,Grey,,2001,Maple Mazda,+1-905-832-1556,"{addr1: '110 Auto Vaughan Drive', city: 'Maple', region: 'Ontario', postal_code: 'L6A 4A1', country: 'CA'}",43.8362762000,-79.5363420000,,,,,https://www.maplemazda.com/privacy-policy.html,CPO,2001,In stock,,45499 CAD,Free,
1GYKNBR41SZ134360,1GYKNBR41SZ134360,26-214A,Cadillac,XT5,Awd 4dr Luxury,2025,AUTOMATIC,SUV,GASOLINE,,"2025 Cadillac XT5 Awd 4dr Luxury, Green exterior","[{url:'https://imagescdn.d2cmedia.ca/cbad833ad0d53b7bdffc968238e0d38642/2001/13972525/1/Cadillac-XT5-2025.jpg'},{url:'https://imagescdn.d2cmedia.ca/s8ad833ad0d53b7bdffc968238e0d38642/2001/13972525/1/Cadillac-XT5-2025.jpg'},{url:'https://imagescdn.d2cmedia.ca/cbad833ad0d53b7bdffc968238e0d38642/2001/13972525/2/Cadillac-XT5-2025.jpg'},{url:'https://imagescdn.d2cmedia.ca/cbad833ad0d53b7bdffc968238e0d38642/2001/13972525/3/Cadillac-XT5-2025.jpg'},{url:'https://imagescdn.d2cmedia.ca/cbad833ad0d53b7bdffc968238e0d38642/2001/13972525/4/Cadillac-XT5-2025.jpg'},{url:'https://imagescdn.d2cmedia.ca/cbad833ad0d53b7bdffc968238e0d38642/2001/13972525/5/Cadillac-XT5-2025.jpg'},{url:'https://imagescdn.d2cmedia.ca/cbad833ad0d53b7bdffc968238e0d38642/2001/13972525/6/Cadillac-XT5-2025.jpg'},{url:'https://imagescdn.d2cmedia.ca/cbad833ad0d53b7bdffc968238e0d38642/2001/13972525/7/Cadillac-XT5-2025.jpg'},{url:'https://imagescdn.d2cmedia.ca/cbad833ad0d53b7bdffc968238e0d38642/2001/13972525/8/Cadillac-XT5-2025.jpg'},{url:'https://imagescdn.d2cmedia.ca/cbad833ad0d53b7bdffc968238e0d38642/2001/13972525/9/Cadillac-XT5-2025.jpg'}]",26096,KM,https://www.maplemazda.com/used/2025-Cadillac-XT5-id13972525.html,2025 Cadillac XT5 Awd 4dr Luxury at Maple Mazda,45999 CAD,CPO,Green,,2001,Maple Mazda,+1-905-832-1556,"{addr1: '110 Auto Vaughan Drive', city: 'Maple', region: 'Ontario', postal_code: 'L6A 4A1', country: 'CA'}",43.8362762000,-79.5363420000,,,,,https://www.maplemazda.com/privacy-policy.html,CPO,2001,In stock,,45999 CAD,Free,
JM3KKEHC1S1196825,JM3KKEHC1S1196825,P-3655,Mazda,CX-90 MHEV,SIGNATURE/AWD/NO ACCIDENTS/BOSE SOUND/PANOROOF/LOADED,2025,AUTOMATIC,SUV,GASOLINE,AWD,"2025 Mazda CX-90 MHEV SIGNATURE/AWD/NO ACCIDENTS/BOSE SOUND/PANOROOF/LOADED, White exterior, All-wheel drive","[{url:'https://imagescdn.d2cmedia.ca/cb553caf7580fe325c25c9af082d69da46/2001/14427286/1/Mazda-CX_90 MHEV-2025.jpg'},{url:'https://imagescdn.d2cmedia.ca/s8553caf7580fe325c25c9af082d69da46/2001/14427286/1/Mazda-CX_90_MHEV-2025.jpg'},{url:'https://imagescdn.d2cmedia.ca/cb553caf7580fe325c25c9af082d69da46/2001/14427286/1/Mazda-CX_90_MHEV-2025.jpg'},{url:'https://imagescdn.d2cmedia.ca/cb553caf7580fe325c25c9af082d69da46/2001/14427286/2/Mazda-CX_90_MHEV-2025.jpg'},{url:'https://imagescdn.d2cmedia.ca/cb553caf7580fe325c25c9af082d69da46/2001/14427286/3/Mazda-CX_90_MHEV-2025.jpg'},{url:'https://imagescdn.d2cmedia.ca/cb553caf7580fe325c25c9af082d69da46/2001/14427286/4/Mazda-CX_90_MHEV-2025.jpg'},{url:'https://imagescdn.d2cmedia.ca/cb553caf7580fe325c25c9af082d69da46/2001/14427286/5/Mazda-CX_90_MHEV-2025.jpg'},{url:'https://imagescdn.d2cmedia.ca/cb553caf7580fe325c25c9af082d69da46/2001/14427286/6/Mazda-CX_90_MHEV-2025.jpg'},{url:'https://imagescdn.d2cmedia.ca/cb553caf7580fe325c25c9af082d69da46/2001/14427286/7/Mazda-CX_90_MHEV-2025.jpg'},{url:'https://imagescdn.d2cmedia.ca/cb553caf7580fe325c25c9af082d69da46/2001/14427286/8/Mazda-CX_90_MHEV-2025.jpg'}]",48090,KM,https://www.maplemazda.com/used/2025-Mazda-CX_90_MHEV-id14427286.html,2025 Mazda CX-90 MHEV SIGNATURE/AWD/NO ACCIDENTS/BOSE SOUND/PANOROOF/LOADED at Maple Mazda,48999 CAD,CPO,White,Orange,2001,Maple Mazda,+1-905-832-1556,"{addr1: '110 Auto Vaughan Drive', city: 'Maple', region: 'Ontario', postal_code: 'L6A 4A1', country: 'CA'}",43.8362762000,-79.5363420000,,,,,https://www.maplemazda.com/privacy-policy.html,CPO,2001,In stock,,48999 CAD,Free,
JM3KMDHA0T0108597,JM3KMDHA0T0108597,26-106-new,Mazda,CX-5,4dr Awd Gt,2026,AUTOMATIC,SUV,GASOLINE,,"2026 Mazda CX-5 4dr Awd Gt, Red exterior","[{url:'https://imagescdn.d2cmedia.ca/cb0599f39dfcb9aadb8bce78953b218b58/2001/13495159/1/Mazda-CX_5-2026.jpg'},{url:'https://imagescdn.d2cmedia.ca/s80599f39dfcb9aadb8bce78953b218b58/2001/13495159/1/Mazda-CX_5-2026.jpg'},{url:'https://imagescdn.d2cmedia.ca/cb0599f39dfcb9aadb8bce78953b218b58/2001/13495159/2/Mazda-CX_5-2026.jpg'},{url:'https://imagescdn.d2cmedia.ca/cb0599f39dfcb9aadb8bce78953b218b58/2001/13495159/3/Mazda-CX_5-2026.jpg'},{url:'https://imagescdn.d2cmedia.ca/cb0599f39dfcb9aadb8bce78953b218b58/2001/13495159/4/Mazda-CX_5-2026.jpg'},{url:'https://imagescdn.d2cmedia.ca/cb0599f39dfcb9aadb8bce78953b218b58/2001/13495159/5/Mazda-CX_5-2026.jpg'},{url:'https://imagescdn.d2cmedia.ca/cb0599f39dfcb9aadb8bce78953b218b58/2001/13495159/6/Mazda-CX_5-2026.jpg'},{url:'https://imagescdn.d2cmedia.ca/cb0599f39dfcb9aadb8bce78953b218b58/2001/13495159/7/Mazda-CX_5-2026.jpg'},{url:'https://imagescdn.d2cmedia.ca/cb0599f39dfcb9aadb8bce78953b218b58/2001/13495159/8/Mazda-CX_5-2026.jpg'},{url:'https://imagescdn.d2cmedia.ca/cb0599f39dfcb9aadb8bce78953b218b58/2001/13495159/9/Mazda-CX_5-2026.jpg'}]",10,KM,https://www.maplemazda.com/new/inventory/2026-Mazda-CX_5-id13495159.html,2026 Mazda CX-5 4dr Awd Gt at Maple Mazda,51879 CAD,New,Red,,2001,Maple Mazda,+1-905-832-1556,"{addr1: '110 Auto Vaughan Drive', city: 'Maple', region: 'Ontario', postal_code: 'L6A 4A1', country: 'CA'}",43.8362762000,-79.5363420000,,,,,https://www.maplemazda.com/privacy-policy.html,New,2001,In stock,,51879 CAD,Free,
JM3KMDHA6T0191369,JM3KMDHA6T0191369,26-515-new,Mazda,CX-5,4dr Awd Gt,2026,AUTOMATIC,SUV,GASOLINE,,"2026 Mazda CX-5 4dr Awd Gt, White exterior","[{url:'https://imagescdn.d2cmedia.ca/cb00c348e2fc85c44b18481b0762adf835/2001/14172316/1/Mazda-CX_5-2026.jpg'},{url:'https://imagescdn.d2cmedia.ca/s800c348e2fc85c44b18481b0762adf835/2001/14172316/1/Mazda-CX_5-2026.jpg'},{url:'https://imagescdn.d2cmedia.ca/cb00c348e2fc85c44b18481b0762adf835/2001/14172316/2/Mazda-CX_5-2026.jpg'},{url:'https://imagescdn.d2cmedia.ca/cb00c348e2fc85c44b18481b0762adf835/2001/14172316/3/Mazda-CX_5-2026.jpg'},{url:'https://imagescdn.d2cmedia.ca/cb00c348e2fc85c44b18481b0762adf835/2001/14172316/4/Mazda-CX_5-2026.jpg'},{url:'https://imagescdn.d2cmedia.ca/cb00c348e2fc85c44b18481b0762adf835/2001/14172316/5/Mazda-CX_5-2026.jpg'},{url:'https://imagescdn.d2cmedia.ca/cb00c348e2fc85c44b18481b0762adf835/2001/14172316/6/Mazda-CX_5-2026.jpg'},{url:'https://imagescdn.d2cmedia.ca/cb00c348e2fc85c44b18481b0762adf835/2001/14172316/7/Mazda-CX_5-2026.jpg'},{url:'https://imagescdn.d2cmedia.ca/cb00c348e2fc85c44b18481b0762adf835/2001/14172316/8/Mazda-CX_5-2026.jpg'},{url:'https://imagescdn.d2cmedia.ca/cb00c348e2fc85c44b18481b0762adf835/2001/14172316/9/Mazda-CX_5-2026.jpg'}]",10,KM,https://www.maplemazda.com/new/inventory/2026-Mazda-CX_5-id14172316.html,2026 Mazda CX-5 4dr Awd Gt at Maple Mazda,51529 CAD,New,White,,2001,Maple Mazda,+1-905-832-1556,"{addr1: '110 Auto Vaughan Drive', city: 'Maple', region: 'Ontario', postal_code: 'L6A 4A1', country: 'CA'}",43.8362762000,-79.5363420000,,,,,https://www.maplemazda.com/privacy-policy.html,New,2001,In stock,,51529 CAD,Free,
JM3KMDHAXT0192007,JM3KMDHAXT0192007,26-518-new,Mazda,CX-5,4dr Awd Gt,2026,AUTOMATIC,SUV,GASOLINE,,"2026 Mazda CX-5 4dr Awd Gt, White exterior","[{url:'https://imagescdn.d2cmedia.ca/cb0516cb0a428bac7fa3ccdde9d4a59922/2001/14172319/1/Mazda-CX_5-2026.jpg'},{url:'https://imagescdn.d2cmedia.ca/s80516cb0a428bac7fa3ccdde9d4a59922/2001/14172319/1/Mazda-CX_5-2026.jpg'},{url:'https://imagescdn.d2cmedia.ca/cb0516cb0a428bac7fa3ccdde9d4a59922/2001/14172319/2/Mazda-CX_5-2026.jpg'},{url:'https://imagescdn.d2cmedia.ca/cb0516cb0a428bac7fa3ccdde9d4a59922/2001/14172319/3/Mazda-CX_5-2026.jpg'},{url:'https://imagescdn.d2cmedia.ca/cb0516cb0a428bac7fa3ccdde9d4a59922/2001/14172319/4/Mazda-CX_5-2026.jpg'},{url:'https://imagescdn.d2cmedia.ca/cb0516cb0a428bac7fa3ccdde9d4a59922/2001/14172319/5/Mazda-CX_5-2026.jpg'},{url:'https://imagescdn.d2cmedia.ca/cb0516cb0a428bac7fa3ccdde9d4a59922/2001/14172319/6/Mazda-CX_5-2026.jpg'},{url:'https://imagescdn.d2cmedia.ca/cb0516cb0a428bac7fa3ccdde9d4a59922/2001/14172319/7/Mazda-CX_5-2026.jpg'},{url:'https://imagescdn.d2cmedia.ca/cb0516cb0a428bac7fa3ccdde9d4a59922/2001/14172319/8/Mazda-CX_5-2026.jpg'},{url:'https://imagescdn.d2cmedia.ca/cb0516cb0a428bac7fa3ccdde9d4a59922/2001/14172319/9/Mazda-CX_5-2026.jpg'}]",10,KM,https://www.maplemazda.com/new/inventory/2026-Mazda-CX_5-id14172319.html,2026 Mazda CX-5 4dr Awd Gt at Maple Mazda,51529 CAD,New,White,,2001,Maple Mazda,+1-905-832-1556,"{addr1: '110 Auto Vaughan Drive', city: 'Maple', region: 'Ontario', postal_code: 'L6A 4A1', country: 'CA'}",43.8362762000,-79.5363420000,,,,,https://www.maplemazda.com/privacy-policy.html,New,2001,In stock,,51529 CAD,Free,
JM3KMDHA3T0213716,JM3KMDHA3T0213716,26-615-new,Mazda,CX-5,4dr Awd Gt,2026,AUTOMATIC,SUV,GASOLINE,,"2026 Mazda CX-5 4dr Awd Gt, White exterior","[{url:'https://imagescdn.d2cmedia.ca/cb527b1936a988073aefbc97e0c2d15ecb/2001/14365646/1/Mazda-CX_5-2026.jpg'},{url:'https://imagescdn.d2cmedia.ca/s8527b1936a988073aefbc97e0c2d15ecb/2001/14365646/1/Mazda-CX_5-2026.jpg'},{url:'https://imagescdn.d2cmedia.ca/cb527b1936a988073aefbc97e0c2d15ecb/2001/14365646/2/Mazda-CX_5-2026.jpg'},{url:'https://imagescdn.d2cmedia.ca/cb527b1936a988073aefbc97e0c2d15ecb/2001/14365646/3/Mazda-CX_5-2026.jpg'},{url:'https://imagescdn.d2cmedia.ca/cb527b1936a988073aefbc97e0c2d15ecb/2001/14365646/4/Mazda-CX_5-2026.jpg'},{url:'https://imagescdn.d2cmedia.ca/cb527b1936a988073aefbc97e0c2d15ecb/2001/14365646/5/Mazda-CX_5-2026.jpg'},{url:'https://imagescdn.d2cmedia.ca/cb527b1936a988073aefbc97e0c2d15ecb/2001/14365646/6/Mazda-CX_5-2026.jpg'},{url:'https://imagescdn.d2cmedia.ca/cb527b1936a988073aefbc97e0c2d15ecb/2001/14365646/7/Mazda-CX_5-2026.jpg'},{url:'https://imagescdn.d2cmedia.ca/cb527b1936a988073aefbc97e0c2d15ecb/2001/14365646/8/Mazda-CX_5-2026.jpg'},{url:'https://imagescdn.d2cmedia.ca/cb527b1936a988073aefbc97e0c2d15ecb/2001/14365646/9/Mazda-CX_5-2026.jpg'}]",10,KM,https://www.maplemazda.com/new/inventory/2026-Mazda-CX_5-id14365646.html,2026 Mazda CX-5 4dr Awd Gt at Maple Mazda,51529 CAD,New,White,,2001,Maple Mazda,+1-905-832-1556,"{addr1: '110 Auto Vaughan Drive', city: 'Maple', region: 'Ontario', postal_code: 'L6A 4A1', country: 'CA'}",43.8362762000,-79.5363420000,,,,,https://www.maplemazda.com/privacy-policy.html,New,2001,In stock,,51529 CAD,Free,
JM3KMDHA1T0189688,JM3KMDHA1T0189688,26-517-new,Mazda,CX-5,4dr Awd Gt,2026,AUTOMATIC,SUV,GASOLINE,,"2026 Mazda CX-5 4dr Awd Gt, Grey exterior","[{url:'https://imagescdn.d2cmedia.ca/cb2c373a8d1b2cec34b944e6d54b3221b1/2001/14172318/1/Mazda-CX_5-2026.jpg'},{url:'https://imagescdn.d2cmedia.ca/s82c373a8d1b2cec34b944e6d54b3221b1/2001/14172318/1/Mazda-CX_5-2026.jpg'},{url:'https://imagescdn.d2cmedia.ca/cb2c373a8d1b2cec34b944e6d54b3221b1/2001/14172318/2/Mazda-CX_5-2026.jpg'},{url:'https://imagescdn.d2cmedia.ca/cb2c373a8d1b2cec34b944e6d54b3221b1/2001/14172318/3/Mazda-CX_5-2026.jpg'},{url:'https://imagescdn.d2cmedia.ca/cb2c373a8d1b2cec34b944e6d54b3221b1/2001/14172318/4/Mazda-CX_5-2026.jpg'},{url:'https://imagescdn.d2cmedia.ca/cb2c373a8d1b2cec34b944e6d54b3221b1/2001/14172318/5/Mazda-CX_5-2026.jpg'},{url:'https://imagescdn.d2cmedia.ca/cb2c373a8d1b2cec34b944e6d54b3221b1/2001/14172318/6/Mazda-CX_5-2026.jpg'},{url:'https://imagescdn.d2cmedia.ca/cb2c373a8d1b2cec34b944e6d54b3221b1/2001/14172318/7/Mazda-CX_5-2026.jpg'},{url:'https://imagescdn.d2cmedia.ca/cb2c373a8d1b2cec34b944e6d54b3221b1/2001/14172318/8/Mazda-CX_5-2026.jpg'},{url:'https://imagescdn.d2cmedia.ca/cb2c373a8d1b2cec34b944e6d54b3221b1/2001/14172318/9/Mazda-CX_5-2026.jpg'}]",10,KM,https://www.maplemazda.com/new/inventory/2026-Mazda-CX_5-id14172318.html,2026 Mazda CX-5 4dr Awd Gt at Maple Mazda,51429 CAD,New,Grey,,2001,Maple Mazda,+1-905-832-1556,"{addr1: '110 Auto Vaughan Drive', city: 'Maple', region: 'Ontario', postal_code: 'L6A 4A1', country: 'CA'}",43.8362762000,-79.5363420000,,,,,https://www.maplemazda.com/privacy-policy.html,New,2001,In stock,,51429 CAD,Free,
JM3KMDHA3T0214686,JM3KMDHA3T0214686,26-610-new,Mazda,CX-5,4dr Awd Gt,2026,AUTOMATIC,SUV,GASOLINE,,"2026 Mazda CX-5 4dr Awd Gt, Grey exterior","[{url:'https://imagescdn.d2cmedia.ca/cb2b3600500b5ce2aafc7e88078505faca/2001/14359914/1/Mazda-CX_5-2026.jpg'},{url:'https://imagescdn.d2cmedia.ca/s82b3600500b5ce2aafc7e88078505faca/2001/14359914/1/Mazda-CX_5-2026.jpg'},{url:'https://imagescdn.d2cmedia.ca/cb2b3600500b5ce2aafc7e88078505faca/2001/14359914/2/Mazda-CX_5-2026.jpg'},{url:'https://imagescdn.d2cmedia.ca/cb2b3600500b5ce2aafc7e88078505faca/2001/14359914/3/Mazda-CX_5-2026.jpg'},{url:'https://imagescdn.d2cmedia.ca/cb2b3600500b5ce2aafc7e88078505faca/2001/14359914/4/Mazda-CX_5-2026.jpg'},{url:'https://imagescdn.d2cmedia.ca/cb2b3600500b5ce2aafc7e88078505faca/2001/14359914/5/Mazda-CX_5-2026.jpg'},{url:'https://imagescdn.d2cmedia.ca/cb2b3600500b5ce2aafc7e88078505faca/2001/14359914/6/Mazda-CX_5-2026.jpg'},{url:'https://imagescdn.d2cmedia.ca/cb2b3600500b5ce2aafc7e88078505faca/2001/14359914/7/Mazda-CX_5-2026.jpg'},{url:'https://imagescdn.d2cmedia.ca/cb2b3600500b5ce2aafc7e88078505faca/2001/14359914/8/Mazda-CX_5-2026.jpg'},{url:'https://imagescdn.d2cmedia.ca/cb2b3600500b5ce2aafc7e88078505faca/2001/14359914/9/Mazda-CX_5-2026.jpg'}]",10,KM,https://www.maplemazda.com/new/inventory/2026-Mazda-CX_5-id14359914.html,2026 Mazda CX-5 4dr Awd Gt at Maple Mazda,51429 CAD,New,Grey,,2001,Maple Mazda,+1-905-832-1556,"{addr1: '110 Auto Vaughan Drive', city: 'Maple', region: 'Ontario', postal_code: 'L6A 4A1', country: 'CA'}",43.8362762000,-79.5363420000,,,,,https://www.maplemazda.com/privacy-policy.html,New,2001,In stock,,51429 CAD,Free,
JM3KMDHA5T0201907,JM3KMDHA5T0201907,26-577-new,Mazda,CX-5,4dr Awd Gt,2026,AUTOMATIC,SUV,GASOLINE,,"2026 Mazda CX-5 4dr Awd Gt, Black exterior","[{url:'https://imagescdn.d2cmedia.ca/cbe8a82aec39c44e575593906085e09a2f/2001/14267447/1/Mazda-CX_5-2026.jpg'},{url:'https://imagescdn.d2cmedia.ca/s8e8a82aec39c44e575593906085e09a2f/2001/14267447/1/Mazda-CX_5-2026.jpg'},{url:'https://imagescdn.d2cmedia.ca/cbe8a82aec39c44e575593906085e09a2f/2001/14267447/2/Mazda-CX_5-2026.jpg'},{url:'https://imagescdn.d2cmedia.ca/cbe8a82aec39c44e575593906085e09a2f/2001/14267447/3/Mazda-CX_5-2026.jpg'},{url:'https://imagescdn.d2cmedia.ca/cbe8a82aec39c44e575593906085e09a2f/2001/14267447/4/Mazda-CX_5-2026.jpg'},{url:'https://imagescdn.d2cmedia.ca/cbe8a82aec39c44e575593906085e09a2f/2001/14267447/5/Mazda-CX_5-2026.jpg'},{url:'https://imagescdn.d2cmedia.ca/cbe8a82aec39c44e575593906085e09a2f/2001/14267447/6/Mazda-CX_5-2026.jpg'},{url:'https://imagescdn.d2cmedia.ca/cbe8a82aec39c44e575593906085e09a2f/2001/14267447/7/Mazda-CX_5-2026.jpg'},{url:'https://imagescdn.d2cmedia.ca/cbe8a82aec39c44e575593906085e09a2f/2001/14267447/8/Mazda-CX_5-2026.jpg'},{url:'https://imagescdn.d2cmedia.ca/cbe8a82aec39c44e575593906085e09a2f/2001/14267447/9/Mazda-CX_5-2026.jpg'}]",10,KM,https://www.maplemazda.com/new/inventory/2026-Mazda-CX_5-id14267447.html,2026 Mazda CX-5 4dr Awd Gt at Maple Mazda,51129 CAD,New,Black,,2001,Maple Mazda,+1-905-832-1556,"{addr1: '110 Auto Vaughan Drive', city: 'Maple', region: 'Ontario', postal_code: 'L6A 4A1', country: 'CA'}",43.8362762000,-79.5363420000,,,,,https://www.maplemazda.com/privacy-policy.html,New,2001,In stock,,51129 CAD,Free,
JM3KMDHA0T0206142,JM3KMDHA0T0206142,26-578-new,Mazda,CX-5,4dr Awd Gt,2026,AUTOMATIC,SUV,GASOLINE,,"2026 Mazda CX-5 4dr Awd Gt, Black exterior","[{url:'https://imagescdn.d2cmedia.ca/cbf3ff424139e772965fced63173f47661/2001/14267448/1/Mazda-CX_5-2026.jpg'},{url:'https://imagescdn.d2cmedia.ca/s8f3ff424139e772965fced63173f47661/2001/14267448/1/Mazda-CX_5-2026.jpg'},{url:'https://imagescdn.d2cmedia.ca/cbf3ff424139e772965fced63173f47661/2001/14267448/2/Mazda-CX_5-2026.jpg'},{url:'https://imagescdn.d2cmedia.ca/cbf3ff424139e772965fced63173f47661/2001/14267448/3/Mazda-CX_5-2026.jpg'},{url:'https://imagescdn.d2cmedia.ca/cbf3ff424139e772965fced63173f47661/2001/14267448/4/Mazda-CX_5-2026.jpg'},{url:'https://imagescdn.d2cmedia.ca/cbf3ff424139e772965fced63173f47661/2001/14267448/5/Mazda-CX_5-2026.jpg'},{url:'https://imagescdn.d2cmedia.ca/cbf3ff424139e772965fced63173f47661/2001/14267448/6/Mazda-CX_5-2026.jpg'},{url:'https://imagescdn.d2cmedia.ca/cbf3ff424139e772965fced63173f47661/2001/14267448/7/Mazda-CX_5-2026.jpg'},{url:'https://imagescdn.d2cmedia.ca/cbf3ff424139e772965fced63173f47661/2001/14267448/8/Mazda-CX_5-2026.jpg'},{url:'https://imagescdn.d2cmedia.ca/cbf3ff424139e772965fced63173f47661/2001/14267448/9/Mazda-CX_5-2026.jpg'}]",10,KM,https://www.maplemazda.com/new/inventory/2026-Mazda-CX_5-id14267448.html,2026 Mazda CX-5 4dr Awd Gt at Maple Mazda,51129 CAD,New,Black,,2001,Maple Mazda,+1-905-832-1556,"{addr1: '110 Auto Vaughan Drive', city: 'Maple', region: 'Ontario', postal_code: 'L6A 4A1', country: 'CA'}",43.8362762000,-79.5363420000,,,,,https://www.maplemazda.com/privacy-policy.html,New,2001,In stock,,51129 CAD,Free,
