vehicle_id,vin,stock_number,make,model,trim,year,transmission,body_style,fuel_type,drivetrain,description,image,mileage.value,mileage.unit,url,title,price,state_of_vehicle,exterior_color,interior_color,dealer_id,dealer_name,dealer_phone,address,latitude,longitude,fb_page_id,features,vehicle_specifications,dealer_communication_channel,dealer_privacy_policy_url,custom_label_0,custom_label_1,custom_label_3,days_on_lot,sale_price,Sponsor,Range
W1K5J4HB6TN611499,W1K5J4HB6TN611499,26524780-new,Mercedes-Benz,CLA,CLA 250 4MATIC Coupe,2026,AUTOMATIC,SEDAN,GASOLINE,,"2026 Mercedes-Benz CLA CLA 250 4MATIC Coupe, White exterior","[{url:'https://carimages.d2cmedia.ca/newcarimages/en/cb6ab798baca942/Mercedes-Benz/CLA/2026/1200/471962-NE1BVElDIENvdXBl/white/front45.png'},{url:'https://carimages.d2cmedia.ca/newcarimages/en/cb6ab798baca942/Mercedes-Benz/CLA/2026/1280/471962/white/front_45_degree.png'},{url:'https://carimages.d2cmedia.ca/newcarimages/en/cb6ab798baca942/Mercedes-Benz/CLA/2026/2100/471962/white/front_45_degree.png'},{url:'https://carimages.d2cmedia.ca/newcarimages/en/cb6ab798baca942/Mercedes-Benz/CLA/2026/2100/471962/white/profile.png'},{url:'https://carimages.d2cmedia.ca/newcarimages/en/cb6ab798baca942/Mercedes-Benz/CLA/2026/2100/471962/white/back_45_degree.png'},{url:'https://carimages.d2cmedia.ca/newcarimages/en/cb6ab798baca942/Mercedes-Benz/CLA/2026/2100/471962/white/driver_dashboard.png'},{url:'https://carimages.d2cmedia.ca/newcarimages/en/cb6ab798baca942/Mercedes-Benz/CLA/2026/2100/471962/white/full_dashboard.png'},{url:'https://carimages.d2cmedia.ca/newcarimages/en/cb6ab798baca942/Mercedes-Benz/CLA/2026/2100/471962/white/interior_driver_open_seat.png'},{url:'https://carimages.d2cmedia.ca/newcarimages/en/cb6ab798baca942/Mercedes-Benz/CLA/2026/2100/471962/white/interior_driver_stereo.png'},{url:'https://carimages.d2cmedia.ca/newcarimages/en/cb6ab798baca942/Mercedes-Benz/CLA/2026/2100/471962/white/interior_driver_reat_seats.png'}]",90,KM,https://www.mercedes-benz-maple.ca/new/inventory/2026-Mercedes_Benz-CLA_250-id13419498.html,2026 Mercedes-Benz CLA CLA 250 4MATIC Coupe at Mercedes-Benz Maple,58211 CAD,New,White,Gray,4804,Mercedes-Benz Maple,+1-905-585-9300,"{addr1: '9300 Jane St', city: 'Maple', region: 'Ontario', postal_code: 'L6A 0C5', country: 'CA'}",43.8344170000,-79.5341990000,,,,,https://www.mercedes-benz-maple.ca/privacy-policy.html,New,4804,In stock,,58211 CAD,Free,
W1K5J4HB5TN596512,W1K5J4HB5TN596512,26516965-new,Mercedes-Benz,CLA,CLA 250 4MATIC Coupe,2026,AUTOMATIC,SEDAN,GASOLINE,,"2026 Mercedes-Benz CLA CLA 250 4MATIC Coupe, White exterior","[{url:'https://imagescdn.d2cmedia.ca/cb6ab798baca942/4804/13013829/1/Mercedes_Benz-CLA-2026.jpg'},{url:'https://imagescdn.d2cmedia.ca/s86ab798baca942/4804/13013829/1/Mercedes_Benz-CLA_250-2026.jpg'},{url:'https://imagescdn.d2cmedia.ca/cb6ab798baca942/4804/13013829/1/Mercedes_Benz-CLA_250-2026.jpg'},{url:'https://imagescdn.d2cmedia.ca/cb6ab798baca942/4804/13013829/2/Mercedes_Benz-CLA_250-2026.jpg'},{url:'https://imagescdn.d2cmedia.ca/cb6ab798baca942/4804/13013829/3/Mercedes_Benz-CLA_250-2026.jpg'},{url:'https://imagescdn.d2cmedia.ca/cb6ab798baca942/4804/13013829/4/Mercedes_Benz-CLA_250-2026.jpg'},{url:'https://imagescdn.d2cmedia.ca/cb6ab798baca942/4804/13013829/5/Mercedes_Benz-CLA_250-2026.jpg'},{url:'https://imagescdn.d2cmedia.ca/cb6ab798baca942/4804/13013829/6/Mercedes_Benz-CLA_250-2026.jpg'},{url:'https://imagescdn.d2cmedia.ca/cb6ab798baca942/4804/13013829/7/Mercedes_Benz-CLA_250-2026.jpg'},{url:'https://imagescdn.d2cmedia.ca/cb6ab798baca942/4804/13013829/8/Mercedes_Benz-CLA_250-2026.jpg'}]",90,KM,https://www.mercedes-benz-maple.ca/new/inventory/2026-Mercedes_Benz-CLA_250-id13013829.html,2026 Mercedes-Benz CLA CLA 250 4MATIC Coupe at Mercedes-Benz Maple,59011 CAD,New,White,Black,4804,Mercedes-Benz Maple,+1-905-585-9300,"{addr1: '9300 Jane St', city: 'Maple', region: 'Ontario', postal_code: 'L6A 0C5', country: 'CA'}",43.8344170000,-79.5341990000,,,,,https://www.mercedes-benz-maple.ca/privacy-policy.html,New,4804,In stock,,59011 CAD,Free,
W1K5J4HB0TN604225,W1K5J4HB0TN604225,26520750-new,Mercedes-Benz,CLA,CLA 250 4MATIC Coupe,2026,AUTOMATIC,SEDAN,GASOLINE,,"2026 Mercedes-Benz CLA CLA 250 4MATIC Coupe, White exterior","[{url:'https://imagescdn.d2cmedia.ca/cb6ab798baca942/4804/13336268/1/Mercedes_Benz-CLA-2026.jpg'},{url:'https://imagescdn.d2cmedia.ca/s86ab798baca942/4804/13336268/1/Mercedes_Benz-CLA_250-2026.jpg'},{url:'https://imagescdn.d2cmedia.ca/cb6ab798baca942/4804/13336268/1/Mercedes_Benz-CLA_250-2026.jpg'},{url:'https://imagescdn.d2cmedia.ca/cb6ab798baca942/4804/13336268/2/Mercedes_Benz-CLA_250-2026.jpg'},{url:'https://imagescdn.d2cmedia.ca/cb6ab798baca942/4804/13336268/3/Mercedes_Benz-CLA_250-2026.jpg'},{url:'https://imagescdn.d2cmedia.ca/cb6ab798baca942/4804/13336268/4/Mercedes_Benz-CLA_250-2026.jpg'},{url:'https://imagescdn.d2cmedia.ca/cb6ab798baca942/4804/13336268/5/Mercedes_Benz-CLA_250-2026.jpg'},{url:'https://imagescdn.d2cmedia.ca/cb6ab798baca942/4804/13336268/6/Mercedes_Benz-CLA_250-2026.jpg'},{url:'https://imagescdn.d2cmedia.ca/cb6ab798baca942/4804/13336268/7/Mercedes_Benz-CLA_250-2026.jpg'},{url:'https://imagescdn.d2cmedia.ca/cb6ab798baca942/4804/13336268/8/Mercedes_Benz-CLA_250-2026.jpg'}]",90,KM,https://www.mercedes-benz-maple.ca/new/inventory/2026-Mercedes_Benz-CLA_250-id13336268.html,2026 Mercedes-Benz CLA CLA 250 4MATIC Coupe at Mercedes-Benz Maple,59011 CAD,New,White,Black,4804,Mercedes-Benz Maple,+1-905-585-9300,"{addr1: '9300 Jane St', city: 'Maple', region: 'Ontario', postal_code: 'L6A 0C5', country: 'CA'}",43.8344170000,-79.5341990000,,,,,https://www.mercedes-benz-maple.ca/privacy-policy.html,New,4804,In stock,,59011 CAD,Free,
W1K5J4HB7TN610040,W1K5J4HB7TN610040,26524798-new,Mercedes-Benz,CLA,CLA 250 4MATIC Coupe,2026,AUTOMATIC,SEDAN,GASOLINE,,"2026 Mercedes-Benz CLA CLA 250 4MATIC Coupe, Grey exterior","[{url:'https://imagescdn.d2cmedia.ca/cb6ab798baca942/4804/13260268/1/Mercedes_Benz-CLA-2026.jpg'},{url:'https://imagescdn.d2cmedia.ca/s86ab798baca942/4804/13260268/1/Mercedes_Benz-CLA_250-2026.jpg'},{url:'https://imagescdn.d2cmedia.ca/cb6ab798baca942/4804/13260268/1/Mercedes_Benz-CLA_250-2026.jpg'},{url:'https://imagescdn.d2cmedia.ca/cb6ab798baca942/4804/13260268/2/Mercedes_Benz-CLA_250-2026.jpg'},{url:'https://imagescdn.d2cmedia.ca/cb6ab798baca942/4804/13260268/3/Mercedes_Benz-CLA_250-2026.jpg'},{url:'https://imagescdn.d2cmedia.ca/cb6ab798baca942/4804/13260268/4/Mercedes_Benz-CLA_250-2026.jpg'},{url:'https://imagescdn.d2cmedia.ca/cb6ab798baca942/4804/13260268/5/Mercedes_Benz-CLA_250-2026.jpg'},{url:'https://imagescdn.d2cmedia.ca/cb6ab798baca942/4804/13260268/6/Mercedes_Benz-CLA_250-2026.jpg'},{url:'https://imagescdn.d2cmedia.ca/cb6ab798baca942/4804/13260268/7/Mercedes_Benz-CLA_250-2026.jpg'},{url:'https://imagescdn.d2cmedia.ca/cb6ab798baca942/4804/13260268/8/Mercedes_Benz-CLA_250-2026.jpg'}]",90,KM,https://www.mercedes-benz-maple.ca/new/inventory/2026-Mercedes_Benz-CLA_250-id13260268.html,2026 Mercedes-Benz CLA CLA 250 4MATIC Coupe at Mercedes-Benz Maple,59211 CAD,New,Grey,Black,4804,Mercedes-Benz Maple,+1-905-585-9300,"{addr1: '9300 Jane St', city: 'Maple', region: 'Ontario', postal_code: 'L6A 0C5', country: 'CA'}",43.8344170000,-79.5341990000,,,,,https://www.mercedes-benz-maple.ca/privacy-policy.html,New,4804,In stock,,59211 CAD,Free,
W1K5J4HB3TN608303,W1K5J4HB3TN608303,26524782-new,Mercedes-Benz,CLA,CLA 250 4MATIC Coupe,2026,AUTOMATIC,SEDAN,GASOLINE,,"2026 Mercedes-Benz CLA CLA 250 4MATIC Coupe, Grey exterior","[{url:'https://carimages.d2cmedia.ca/newcarimages/en/cb6ab798baca942/Mercedes-Benz/CLA/2026/1200/471962-NE1BVElDIENvdXBl/X818181/front45.png'},{url:'https://carimages.d2cmedia.ca/newcarimages/en/cb6ab798baca942/Mercedes-Benz/CLA/2026/1280/471962/X818181/front_45_degree.png'},{url:'https://carimages.d2cmedia.ca/newcarimages/en/cb6ab798baca942/Mercedes-Benz/CLA/2026/2100/471962/X818181/front_45_degree.png'},{url:'https://carimages.d2cmedia.ca/newcarimages/en/cb6ab798baca942/Mercedes-Benz/CLA/2026/2100/471962/X818181/profile.png'},{url:'https://carimages.d2cmedia.ca/newcarimages/en/cb6ab798baca942/Mercedes-Benz/CLA/2026/2100/471962/X818181/back_45_degree.png'},{url:'https://carimages.d2cmedia.ca/newcarimages/en/cb6ab798baca942/Mercedes-Benz/CLA/2026/2100/471962/X818181/driver_dashboard.png'},{url:'https://carimages.d2cmedia.ca/newcarimages/en/cb6ab798baca942/Mercedes-Benz/CLA/2026/2100/471962/X818181/full_dashboard.png'},{url:'https://carimages.d2cmedia.ca/newcarimages/en/cb6ab798baca942/Mercedes-Benz/CLA/2026/2100/471962/X818181/interior_driver_open_seat.png'},{url:'https://carimages.d2cmedia.ca/newcarimages/en/cb6ab798baca942/Mercedes-Benz/CLA/2026/2100/471962/X818181/interior_driver_stereo.png'},{url:'https://carimages.d2cmedia.ca/newcarimages/en/cb6ab798baca942/Mercedes-Benz/CLA/2026/2100/471962/X818181/interior_driver_reat_seats.png'}]",90,KM,https://www.mercedes-benz-maple.ca/new/inventory/2026-Mercedes_Benz-CLA_250-id13419499.html,2026 Mercedes-Benz CLA CLA 250 4MATIC Coupe at Mercedes-Benz Maple,59211 CAD,New,Grey,Black,4804,Mercedes-Benz Maple,+1-905-585-9300,"{addr1: '9300 Jane St', city: 'Maple', region: 'Ontario', postal_code: 'L6A 0C5', country: 'CA'}",43.8344170000,-79.5341990000,,,,,https://www.mercedes-benz-maple.ca/privacy-policy.html,New,4804,In stock,,59211 CAD,Free,
W1K5J4HB2TN609927,W1K5J4HB2TN609927,26524801-new,Mercedes-Benz,CLA,CLA 250 4MATIC Coupe,2026,AUTOMATIC,SEDAN,GASOLINE,,"2026 Mercedes-Benz CLA CLA 250 4MATIC Coupe, Silver exterior","[{url:'https://carimages.d2cmedia.ca/newcarimages/en/cb6ab798baca942/Mercedes-Benz/CLA/2026/1200/471962-NE1BVElDIENvdXBl/silver/front45.png'},{url:'https://carimages.d2cmedia.ca/newcarimages/en/cb6ab798baca942/Mercedes-Benz/CLA/2026/1280/471962/silver/front_45_degree.png'},{url:'https://carimages.d2cmedia.ca/newcarimages/en/cb6ab798baca942/Mercedes-Benz/CLA/2026/2100/471962/silver/front_45_degree.png'},{url:'https://carimages.d2cmedia.ca/newcarimages/en/cb6ab798baca942/Mercedes-Benz/CLA/2026/2100/471962/silver/profile.png'},{url:'https://carimages.d2cmedia.ca/newcarimages/en/cb6ab798baca942/Mercedes-Benz/CLA/2026/2100/471962/silver/back_45_degree.png'},{url:'https://carimages.d2cmedia.ca/newcarimages/en/cb6ab798baca942/Mercedes-Benz/CLA/2026/2100/471962/silver/driver_dashboard.png'},{url:'https://carimages.d2cmedia.ca/newcarimages/en/cb6ab798baca942/Mercedes-Benz/CLA/2026/2100/471962/silver/full_dashboard.png'},{url:'https://carimages.d2cmedia.ca/newcarimages/en/cb6ab798baca942/Mercedes-Benz/CLA/2026/2100/471962/silver/interior_driver_open_seat.png'},{url:'https://carimages.d2cmedia.ca/newcarimages/en/cb6ab798baca942/Mercedes-Benz/CLA/2026/2100/471962/silver/interior_driver_stereo.png'},{url:'https://carimages.d2cmedia.ca/newcarimages/en/cb6ab798baca942/Mercedes-Benz/CLA/2026/2100/471962/silver/interior_driver_reat_seats.png'}]",90,KM,https://www.mercedes-benz-maple.ca/new/inventory/2026-Mercedes_Benz-CLA_250-id13419500.html,2026 Mercedes-Benz CLA CLA 250 4MATIC Coupe at Mercedes-Benz Maple,59211 CAD,New,Silver,Black,4804,Mercedes-Benz Maple,+1-905-585-9300,"{addr1: '9300 Jane St', city: 'Maple', region: 'Ontario', postal_code: 'L6A 0C5', country: 'CA'}",43.8344170000,-79.5341990000,,,,,https://www.mercedes-benz-maple.ca/privacy-policy.html,New,4804,In stock,,59211 CAD,Free,
W1K5J4HB9TN609584,W1K5J4HB9TN609584,26524799-new,Mercedes-Benz,CLA,CLA 250 4MATIC Coupe,2026,AUTOMATIC,SEDAN,GASOLINE,,"2026 Mercedes-Benz CLA CLA 250 4MATIC Coupe, Silver exterior","[{url:'https://carimages.d2cmedia.ca/newcarimages/en/cb6ab798baca942/Mercedes-Benz/CLA/2026/1200/471962-NE1BVElDIENvdXBl/silver/front45.png'},{url:'https://carimages.d2cmedia.ca/newcarimages/en/cb6ab798baca942/Mercedes-Benz/CLA/2026/1280/471962/silver/front_45_degree.png'},{url:'https://carimages.d2cmedia.ca/newcarimages/en/cb6ab798baca942/Mercedes-Benz/CLA/2026/2100/471962/silver/front_45_degree.png'},{url:'https://carimages.d2cmedia.ca/newcarimages/en/cb6ab798baca942/Mercedes-Benz/CLA/2026/2100/471962/silver/profile.png'},{url:'https://carimages.d2cmedia.ca/newcarimages/en/cb6ab798baca942/Mercedes-Benz/CLA/2026/2100/471962/silver/back_45_degree.png'},{url:'https://carimages.d2cmedia.ca/newcarimages/en/cb6ab798baca942/Mercedes-Benz/CLA/2026/2100/471962/silver/driver_dashboard.png'},{url:'https://carimages.d2cmedia.ca/newcarimages/en/cb6ab798baca942/Mercedes-Benz/CLA/2026/2100/471962/silver/full_dashboard.png'},{url:'https://carimages.d2cmedia.ca/newcarimages/en/cb6ab798baca942/Mercedes-Benz/CLA/2026/2100/471962/silver/interior_driver_open_seat.png'},{url:'https://carimages.d2cmedia.ca/newcarimages/en/cb6ab798baca942/Mercedes-Benz/CLA/2026/2100/471962/silver/interior_driver_stereo.png'},{url:'https://carimages.d2cmedia.ca/newcarimages/en/cb6ab798baca942/Mercedes-Benz/CLA/2026/2100/471962/silver/interior_driver_reat_seats.png'}]",90,KM,https://www.mercedes-benz-maple.ca/new/inventory/2026-Mercedes_Benz-CLA_250-id13447568.html,2026 Mercedes-Benz CLA CLA 250 4MATIC Coupe at Mercedes-Benz Maple,59211 CAD,New,Silver,Black,4804,Mercedes-Benz Maple,+1-905-585-9300,"{addr1: '9300 Jane St', city: 'Maple', region: 'Ontario', postal_code: 'L6A 0C5', country: 'CA'}",43.8344170000,-79.5341990000,,,,,https://www.mercedes-benz-maple.ca/privacy-policy.html,New,4804,In stock,,59211 CAD,Free,
W1K5J4HB9TN604272,W1K5J4HB9TN604272,26520652-new,Mercedes-Benz,CLA,CLA 250 4MATIC Coupe,2026,AUTOMATIC,SEDAN,GASOLINE,,"2026 Mercedes-Benz CLA CLA 250 4MATIC Coupe, White exterior","[{url:'https://imagescdn.d2cmedia.ca/cb6ab798baca942/4804/13226401/1/Mercedes_Benz-CLA-2026.jpg'},{url:'https://imagescdn.d2cmedia.ca/s86ab798baca942/4804/13226401/1/Mercedes_Benz-CLA_250-2026.jpg'},{url:'https://imagescdn.d2cmedia.ca/cb6ab798baca942/4804/13226401/1/Mercedes_Benz-CLA_250-2026.jpg'},{url:'https://imagescdn.d2cmedia.ca/cb6ab798baca942/4804/13226401/2/Mercedes_Benz-CLA_250-2026.jpg'},{url:'https://imagescdn.d2cmedia.ca/cb6ab798baca942/4804/13226401/3/Mercedes_Benz-CLA_250-2026.jpg'},{url:'https://imagescdn.d2cmedia.ca/cb6ab798baca942/4804/13226401/4/Mercedes_Benz-CLA_250-2026.jpg'},{url:'https://imagescdn.d2cmedia.ca/cb6ab798baca942/4804/13226401/5/Mercedes_Benz-CLA_250-2026.jpg'},{url:'https://imagescdn.d2cmedia.ca/cb6ab798baca942/4804/13226401/6/Mercedes_Benz-CLA_250-2026.jpg'},{url:'https://imagescdn.d2cmedia.ca/cb6ab798baca942/4804/13226401/7/Mercedes_Benz-CLA_250-2026.jpg'},{url:'https://imagescdn.d2cmedia.ca/cb6ab798baca942/4804/13226401/8/Mercedes_Benz-CLA_250-2026.jpg'}]",90,KM,https://www.mercedes-benz-maple.ca/new/inventory/2026-Mercedes_Benz-CLA_250-id13226401.html,2026 Mercedes-Benz CLA CLA 250 4MATIC Coupe at Mercedes-Benz Maple,59411 CAD,New,White,Black,4804,Mercedes-Benz Maple,+1-905-585-9300,"{addr1: '9300 Jane St', city: 'Maple', region: 'Ontario', postal_code: 'L6A 0C5', country: 'CA'}",43.8344170000,-79.5341990000,,,,,https://www.mercedes-benz-maple.ca/privacy-policy.html,New,4804,In stock,,59411 CAD,Free,
W1K5J4HB2TN604498,W1K5J4HB2TN604498,26520655-new,Mercedes-Benz,CLA,CLA 250 4MATIC Coupe,2026,AUTOMATIC,SEDAN,GASOLINE,,"2026 Mercedes-Benz CLA CLA 250 4MATIC Coupe, Black exterior","[{url:'https://carimages.d2cmedia.ca/newcarimages/en/cb6ab798baca942/Mercedes-Benz/CLA/2026/1200/471962-NE1BVElDIENvdXBl/X101012/front45.png'},{url:'https://carimages.d2cmedia.ca/newcarimages/en/cb6ab798baca942/Mercedes-Benz/CLA/2026/1280/471962/X101012/front_45_degree.png'},{url:'https://carimages.d2cmedia.ca/newcarimages/en/cb6ab798baca942/Mercedes-Benz/CLA/2026/2100/471962/X101012/front_45_degree.png'},{url:'https://carimages.d2cmedia.ca/newcarimages/en/cb6ab798baca942/Mercedes-Benz/CLA/2026/2100/471962/X101012/profile.png'},{url:'https://carimages.d2cmedia.ca/newcarimages/en/cb6ab798baca942/Mercedes-Benz/CLA/2026/2100/471962/X101012/back_45_degree.png'},{url:'https://carimages.d2cmedia.ca/newcarimages/en/cb6ab798baca942/Mercedes-Benz/CLA/2026/2100/471962/X101012/driver_dashboard.png'},{url:'https://carimages.d2cmedia.ca/newcarimages/en/cb6ab798baca942/Mercedes-Benz/CLA/2026/2100/471962/X101012/full_dashboard.png'},{url:'https://carimages.d2cmedia.ca/newcarimages/en/cb6ab798baca942/Mercedes-Benz/CLA/2026/2100/471962/X101012/interior_driver_open_seat.png'},{url:'https://carimages.d2cmedia.ca/newcarimages/en/cb6ab798baca942/Mercedes-Benz/CLA/2026/2100/471962/X101012/interior_driver_stereo.png'},{url:'https://carimages.d2cmedia.ca/newcarimages/en/cb6ab798baca942/Mercedes-Benz/CLA/2026/2100/471962/X101012/interior_driver_reat_seats.png'}]",90,KM,https://www.mercedes-benz-maple.ca/new/inventory/2026-Mercedes_Benz-CLA_250-id13419496.html,2026 Mercedes-Benz CLA CLA 250 4MATIC Coupe at Mercedes-Benz Maple,59411 CAD,New,Black,Gray,4804,Mercedes-Benz Maple,+1-905-585-9300,"{addr1: '9300 Jane St', city: 'Maple', region: 'Ontario', postal_code: 'L6A 0C5', country: 'CA'}",43.8344170000,-79.5341990000,,,,,https://www.mercedes-benz-maple.ca/privacy-policy.html,New,4804,In stock,,59411 CAD,Free,
W1K5J4HB7TN604898,W1K5J4HB7TN604898,26520649-new,Mercedes-Benz,CLA,CLA 250 4MATIC Coupe,2026,AUTOMATIC,SEDAN,GASOLINE,,"2026 Mercedes-Benz CLA CLA 250 4MATIC Coupe, White exterior","[{url:'https://carimages.d2cmedia.ca/newcarimages/en/cb6ab798baca942/Mercedes-Benz/CLA/2026/1200/471962-NE1BVElDIENvdXBl/white/front45.png'},{url:'https://carimages.d2cmedia.ca/newcarimages/en/cb6ab798baca942/Mercedes-Benz/CLA/2026/1280/471962/white/front_45_degree.png'},{url:'https://carimages.d2cmedia.ca/newcarimages/en/cb6ab798baca942/Mercedes-Benz/CLA/2026/2100/471962/white/front_45_degree.png'},{url:'https://carimages.d2cmedia.ca/newcarimages/en/cb6ab798baca942/Mercedes-Benz/CLA/2026/2100/471962/white/profile.png'},{url:'https://carimages.d2cmedia.ca/newcarimages/en/cb6ab798baca942/Mercedes-Benz/CLA/2026/2100/471962/white/back_45_degree.png'},{url:'https://carimages.d2cmedia.ca/newcarimages/en/cb6ab798baca942/Mercedes-Benz/CLA/2026/2100/471962/white/driver_dashboard.png'},{url:'https://carimages.d2cmedia.ca/newcarimages/en/cb6ab798baca942/Mercedes-Benz/CLA/2026/2100/471962/white/full_dashboard.png'},{url:'https://carimages.d2cmedia.ca/newcarimages/en/cb6ab798baca942/Mercedes-Benz/CLA/2026/2100/471962/white/interior_driver_open_seat.png'},{url:'https://carimages.d2cmedia.ca/newcarimages/en/cb6ab798baca942/Mercedes-Benz/CLA/2026/2100/471962/white/interior_driver_stereo.png'},{url:'https://carimages.d2cmedia.ca/newcarimages/en/cb6ab798baca942/Mercedes-Benz/CLA/2026/2100/471962/white/interior_driver_reat_seats.png'}]",90,KM,https://www.mercedes-benz-maple.ca/new/inventory/2026-Mercedes_Benz-CLA_250-id13511943.html,2026 Mercedes-Benz CLA CLA 250 4MATIC Coupe at Mercedes-Benz Maple,59411 CAD,New,White,Black,4804,Mercedes-Benz Maple,+1-905-585-9300,"{addr1: '9300 Jane St', city: 'Maple', region: 'Ontario', postal_code: 'L6A 0C5', country: 'CA'}",43.8344170000,-79.5341990000,,,,,https://www.mercedes-benz-maple.ca/privacy-policy.html,New,4804,In stock,,59411 CAD,Free,
W1K5J4HB8TN596553,W1K5J4HB8TN596553,26516964-new,Mercedes-Benz,CLA,CLA 250 4MATIC Coupe,2026,AUTOMATIC,SEDAN,GASOLINE,,"2026 Mercedes-Benz CLA CLA 250 4MATIC Coupe, Silver exterior","[{url:'https://imagescdn.d2cmedia.ca/cb6ab798baca942/4804/13013833/1/Mercedes_Benz-CLA-2026.jpg'},{url:'https://imagescdn.d2cmedia.ca/s86ab798baca942/4804/13013833/1/Mercedes_Benz-CLA_250-2026.jpg'},{url:'https://imagescdn.d2cmedia.ca/cb6ab798baca942/4804/13013833/1/Mercedes_Benz-CLA_250-2026.jpg'},{url:'https://imagescdn.d2cmedia.ca/cb6ab798baca942/4804/13013833/2/Mercedes_Benz-CLA_250-2026.jpg'},{url:'https://imagescdn.d2cmedia.ca/cb6ab798baca942/4804/13013833/3/Mercedes_Benz-CLA_250-2026.jpg'},{url:'https://imagescdn.d2cmedia.ca/cb6ab798baca942/4804/13013833/4/Mercedes_Benz-CLA_250-2026.jpg'},{url:'https://imagescdn.d2cmedia.ca/cb6ab798baca942/4804/13013833/5/Mercedes_Benz-CLA_250-2026.jpg'},{url:'https://imagescdn.d2cmedia.ca/cb6ab798baca942/4804/13013833/6/Mercedes_Benz-CLA_250-2026.jpg'},{url:'https://imagescdn.d2cmedia.ca/cb6ab798baca942/4804/13013833/7/Mercedes_Benz-CLA_250-2026.jpg'},{url:'https://imagescdn.d2cmedia.ca/cb6ab798baca942/4804/13013833/8/Mercedes_Benz-CLA_250-2026.jpg'}]",90,KM,https://www.mercedes-benz-maple.ca/new/inventory/2026-Mercedes_Benz-CLA_250-id13013833.html,2026 Mercedes-Benz CLA CLA 250 4MATIC Coupe at Mercedes-Benz Maple,60011 CAD,New,Silver,Black,4804,Mercedes-Benz Maple,+1-905-585-9300,"{addr1: '9300 Jane St', city: 'Maple', region: 'Ontario', postal_code: 'L6A 0C5', country: 'CA'}",43.8344170000,-79.5341990000,,,,,https://www.mercedes-benz-maple.ca/privacy-policy.html,New,4804,In stock,,60011 CAD,Free,
W1K5J4HB2TN595785,W1K5J4HB2TN595785,26516963-new,Mercedes-Benz,CLA,CLA 250 4MATIC Coupe,2026,AUTOMATIC,SEDAN,GASOLINE,,"2026 Mercedes-Benz CLA CLA 250 4MATIC Coupe, Silver exterior","[{url:'https://imagescdn.d2cmedia.ca/cb6ab798baca942/4804/13013834/1/Mercedes_Benz-CLA-2026.jpg'},{url:'https://imagescdn.d2cmedia.ca/s86ab798baca942/4804/13013834/1/Mercedes_Benz-CLA_250-2026.jpg'},{url:'https://imagescdn.d2cmedia.ca/cb6ab798baca942/4804/13013834/1/Mercedes_Benz-CLA_250-2026.jpg'},{url:'https://imagescdn.d2cmedia.ca/cb6ab798baca942/4804/13013834/2/Mercedes_Benz-CLA_250-2026.jpg'},{url:'https://imagescdn.d2cmedia.ca/cb6ab798baca942/4804/13013834/3/Mercedes_Benz-CLA_250-2026.jpg'},{url:'https://imagescdn.d2cmedia.ca/cb6ab798baca942/4804/13013834/4/Mercedes_Benz-CLA_250-2026.jpg'},{url:'https://imagescdn.d2cmedia.ca/cb6ab798baca942/4804/13013834/5/Mercedes_Benz-CLA_250-2026.jpg'},{url:'https://imagescdn.d2cmedia.ca/cb6ab798baca942/4804/13013834/6/Mercedes_Benz-CLA_250-2026.jpg'},{url:'https://imagescdn.d2cmedia.ca/cb6ab798baca942/4804/13013834/7/Mercedes_Benz-CLA_250-2026.jpg'},{url:'https://imagescdn.d2cmedia.ca/cb6ab798baca942/4804/13013834/8/Mercedes_Benz-CLA_250-2026.jpg'}]",90,KM,https://www.mercedes-benz-maple.ca/new/inventory/2026-Mercedes_Benz-CLA_250-id13013834.html,2026 Mercedes-Benz CLA CLA 250 4MATIC Coupe at Mercedes-Benz Maple,60011 CAD,New,Silver,Black,4804,Mercedes-Benz Maple,+1-905-585-9300,"{addr1: '9300 Jane St', city: 'Maple', region: 'Ontario', postal_code: 'L6A 0C5', country: 'CA'}",43.8344170000,-79.5341990000,,,,,https://www.mercedes-benz-maple.ca/privacy-policy.html,New,4804,In stock,,60011 CAD,Free,
W1K5J4HB5TN604141,W1K5J4HB5TN604141,26520747-new,Mercedes-Benz,CLA,CLA 250 4MATIC Coupe,2026,AUTOMATIC,SEDAN,GASOLINE,,"2026 Mercedes-Benz CLA CLA 250 4MATIC Coupe, Silver exterior","[{url:'https://imagescdn.d2cmedia.ca/cb6ab798baca942/4804/13160887/1/Mercedes_Benz-CLA-2026.jpg'},{url:'https://imagescdn.d2cmedia.ca/s86ab798baca942/4804/13160887/1/Mercedes_Benz-CLA_250-2026.jpg'},{url:'https://imagescdn.d2cmedia.ca/cb6ab798baca942/4804/13160887/1/Mercedes_Benz-CLA_250-2026.jpg'},{url:'https://imagescdn.d2cmedia.ca/cb6ab798baca942/4804/13160887/2/Mercedes_Benz-CLA_250-2026.jpg'},{url:'https://imagescdn.d2cmedia.ca/cb6ab798baca942/4804/13160887/3/Mercedes_Benz-CLA_250-2026.jpg'},{url:'https://imagescdn.d2cmedia.ca/cb6ab798baca942/4804/13160887/4/Mercedes_Benz-CLA_250-2026.jpg'},{url:'https://imagescdn.d2cmedia.ca/cb6ab798baca942/4804/13160887/5/Mercedes_Benz-CLA_250-2026.jpg'},{url:'https://imagescdn.d2cmedia.ca/cb6ab798baca942/4804/13160887/6/Mercedes_Benz-CLA_250-2026.jpg'},{url:'https://imagescdn.d2cmedia.ca/cb6ab798baca942/4804/13160887/7/Mercedes_Benz-CLA_250-2026.jpg'},{url:'https://imagescdn.d2cmedia.ca/cb6ab798baca942/4804/13160887/8/Mercedes_Benz-CLA_250-2026.jpg'}]",90,KM,https://www.mercedes-benz-maple.ca/new/inventory/2026-Mercedes_Benz-CLA_250-id13160887.html,2026 Mercedes-Benz CLA CLA 250 4MATIC Coupe at Mercedes-Benz Maple,60011 CAD,New,Silver,Black,4804,Mercedes-Benz Maple,+1-905-585-9300,"{addr1: '9300 Jane St', city: 'Maple', region: 'Ontario', postal_code: 'L6A 0C5', country: 'CA'}",43.8344170000,-79.5341990000,,,,,https://www.mercedes-benz-maple.ca/privacy-policy.html,New,4804,In stock,,60011 CAD,Free,
W1K5J4HB0TN604614,W1K5J4HB0TN604614,26520670-new,Mercedes-Benz,CLA,CLA 250 4MATIC Coupe,2026,AUTOMATIC,SEDAN,GASOLINE,,"2026 Mercedes-Benz CLA CLA 250 4MATIC Coupe, Grey exterior","[{url:'https://carimages.d2cmedia.ca/newcarimages/en/cb6ab798baca942/Mercedes-Benz/CLA/2026/1200/471962-NE1BVElDIENvdXBl/X818181/front45.png'},{url:'https://carimages.d2cmedia.ca/newcarimages/en/cb6ab798baca942/Mercedes-Benz/CLA/2026/1280/471962/X818181/front_45_degree.png'},{url:'https://carimages.d2cmedia.ca/newcarimages/en/cb6ab798baca942/Mercedes-Benz/CLA/2026/2100/471962/X818181/front_45_degree.png'},{url:'https://carimages.d2cmedia.ca/newcarimages/en/cb6ab798baca942/Mercedes-Benz/CLA/2026/2100/471962/X818181/profile.png'},{url:'https://carimages.d2cmedia.ca/newcarimages/en/cb6ab798baca942/Mercedes-Benz/CLA/2026/2100/471962/X818181/back_45_degree.png'},{url:'https://carimages.d2cmedia.ca/newcarimages/en/cb6ab798baca942/Mercedes-Benz/CLA/2026/2100/471962/X818181/driver_dashboard.png'},{url:'https://carimages.d2cmedia.ca/newcarimages/en/cb6ab798baca942/Mercedes-Benz/CLA/2026/2100/471962/X818181/full_dashboard.png'},{url:'https://carimages.d2cmedia.ca/newcarimages/en/cb6ab798baca942/Mercedes-Benz/CLA/2026/2100/471962/X818181/interior_driver_open_seat.png'},{url:'https://carimages.d2cmedia.ca/newcarimages/en/cb6ab798baca942/Mercedes-Benz/CLA/2026/2100/471962/X818181/interior_driver_stereo.png'},{url:'https://carimages.d2cmedia.ca/newcarimages/en/cb6ab798baca942/Mercedes-Benz/CLA/2026/2100/471962/X818181/interior_driver_reat_seats.png'}]",90,KM,https://www.mercedes-benz-maple.ca/new/inventory/2026-Mercedes_Benz-CLA_250-id13680754.html,2026 Mercedes-Benz CLA CLA 250 4MATIC Coupe at Mercedes-Benz Maple,60011 CAD,New,Grey,Black,4804,Mercedes-Benz Maple,+1-905-585-9300,"{addr1: '9300 Jane St', city: 'Maple', region: 'Ontario', postal_code: 'L6A 0C5', country: 'CA'}",43.8344170000,-79.5341990000,,,,,https://www.mercedes-benz-maple.ca/privacy-policy.html,New,4804,In stock,,60011 CAD,Free,
W1K5J4HBXTN604507,W1K5J4HBXTN604507,26520667-new,Mercedes-Benz,CLA,CLA 250 4MATIC Coupe,2026,AUTOMATIC,SEDAN,GASOLINE,,"2026 Mercedes-Benz CLA CLA 250 4MATIC Coupe, Black exterior","[{url:'https://carimages.d2cmedia.ca/newcarimages/en/cb6ab798baca942/Mercedes-Benz/CLA/2026/1200/471962-NE1BVElDIENvdXBl/X101012/front45.png'},{url:'https://carimages.d2cmedia.ca/newcarimages/en/cb6ab798baca942/Mercedes-Benz/CLA/2026/1280/471962/X101012/front_45_degree.png'},{url:'https://carimages.d2cmedia.ca/newcarimages/en/cb6ab798baca942/Mercedes-Benz/CLA/2026/2100/471962/X101012/front_45_degree.png'},{url:'https://carimages.d2cmedia.ca/newcarimages/en/cb6ab798baca942/Mercedes-Benz/CLA/2026/2100/471962/X101012/profile.png'},{url:'https://carimages.d2cmedia.ca/newcarimages/en/cb6ab798baca942/Mercedes-Benz/CLA/2026/2100/471962/X101012/back_45_degree.png'},{url:'https://carimages.d2cmedia.ca/newcarimages/en/cb6ab798baca942/Mercedes-Benz/CLA/2026/2100/471962/X101012/driver_dashboard.png'},{url:'https://carimages.d2cmedia.ca/newcarimages/en/cb6ab798baca942/Mercedes-Benz/CLA/2026/2100/471962/X101012/full_dashboard.png'},{url:'https://carimages.d2cmedia.ca/newcarimages/en/cb6ab798baca942/Mercedes-Benz/CLA/2026/2100/471962/X101012/interior_driver_open_seat.png'},{url:'https://carimages.d2cmedia.ca/newcarimages/en/cb6ab798baca942/Mercedes-Benz/CLA/2026/2100/471962/X101012/interior_driver_stereo.png'},{url:'https://carimages.d2cmedia.ca/newcarimages/en/cb6ab798baca942/Mercedes-Benz/CLA/2026/2100/471962/X101012/interior_driver_reat_seats.png'}]",90,KM,https://www.mercedes-benz-maple.ca/new/inventory/2026-Mercedes_Benz-CLA_250-id13511944.html,2026 Mercedes-Benz CLA CLA 250 4MATIC Coupe at Mercedes-Benz Maple,60511 CAD,New,Black,Black,4804,Mercedes-Benz Maple,+1-905-585-9300,"{addr1: '9300 Jane St', city: 'Maple', region: 'Ontario', postal_code: 'L6A 0C5', country: 'CA'}",43.8344170000,-79.5341990000,,,,,https://www.mercedes-benz-maple.ca/privacy-policy.html,New,4804,In stock,,60511 CAD,Free,
W1N4N4HBXTJ877361,W1N4N4HBXTJ877361,26655583-new,Mercedes-Benz,GLA,GLA 250 4MATIC SUV,2026,AUTOMATIC,SUV,GASOLINE,,"2026 Mercedes-Benz GLA GLA 250 4MATIC SUV, Black exterior","[{url:'https://carimages.d2cmedia.ca/newcarimages/en/cb6ab798baca942/Mercedes-Benz/GLA/2026/1200/472062-NE1BVElDIFNVVg/X101012/front45.png'},{url:'https://carimages.d2cmedia.ca/newcarimages/en/cb6ab798baca942/Mercedes-Benz/GLA/2026/1280/472062/X101012/front_45_degree.png'},{url:'https://carimages.d2cmedia.ca/newcarimages/en/cb6ab798baca942/Mercedes-Benz/GLA/2026/2100/472062/X101012/front_45_degree.png'},{url:'https://carimages.d2cmedia.ca/newcarimages/en/cb6ab798baca942/Mercedes-Benz/GLA/2026/2100/472062/X101012/profile.png'},{url:'https://carimages.d2cmedia.ca/newcarimages/en/cb6ab798baca942/Mercedes-Benz/GLA/2026/2100/472062/X101012/back_45_degree.png'},{url:'https://carimages.d2cmedia.ca/newcarimages/en/cb6ab798baca942/Mercedes-Benz/GLA/2026/2100/472062/X101012/driver_dashboard.png'},{url:'https://carimages.d2cmedia.ca/newcarimages/en/cb6ab798baca942/Mercedes-Benz/GLA/2026/2100/472062/X101012/full_dashboard.png'},{url:'https://carimages.d2cmedia.ca/newcarimages/en/cb6ab798baca942/Mercedes-Benz/GLA/2026/2100/472062/X101012/interior_driver_open_seat.png'},{url:'https://carimages.d2cmedia.ca/newcarimages/en/cb6ab798baca942/Mercedes-Benz/GLA/2026/2100/472062/X101012/interior_driver_stereo.png'},{url:'https://carimages.d2cmedia.ca/newcarimages/en/cb6ab798baca942/Mercedes-Benz/GLA/2026/2100/472062/X101012/interior_driver_reat_seats.png'}]",90,KM,https://www.mercedes-benz-maple.ca/new/inventory/2026-Mercedes_Benz-GLA_250-id14051521.html,2026 Mercedes-Benz GLA GLA 250 4MATIC SUV at Mercedes-Benz Maple,61511 CAD,New,Black,Black,4804,Mercedes-Benz Maple,+1-905-585-9300,"{addr1: '9300 Jane St', city: 'Maple', region: 'Ontario', postal_code: 'L6A 0C5', country: 'CA'}",43.8344170000,-79.5341990000,,,,,https://www.mercedes-benz-maple.ca/privacy-policy.html,New,4804,In stock,,61511 CAD,Free,
W1N4N4HB6TJ874053,W1N4N4HB6TJ874053,26655531-new,Mercedes-Benz,GLA,GLA 250 4MATIC SUV,2026,AUTOMATIC,SUV,GASOLINE,,"2026 Mercedes-Benz GLA GLA 250 4MATIC SUV, Black exterior","[{url:'https://carimages.d2cmedia.ca/newcarimages/en/cb6ab798baca942/Mercedes-Benz/GLA/2026/1200/472062-NE1BVElDIFNVVg/X101012/front45.png'},{url:'https://carimages.d2cmedia.ca/newcarimages/en/cb6ab798baca942/Mercedes-Benz/GLA/2026/1280/472062/X101012/front_45_degree.png'},{url:'https://carimages.d2cmedia.ca/newcarimages/en/cb6ab798baca942/Mercedes-Benz/GLA/2026/2100/472062/X101012/front_45_degree.png'},{url:'https://carimages.d2cmedia.ca/newcarimages/en/cb6ab798baca942/Mercedes-Benz/GLA/2026/2100/472062/X101012/profile.png'},{url:'https://carimages.d2cmedia.ca/newcarimages/en/cb6ab798baca942/Mercedes-Benz/GLA/2026/2100/472062/X101012/back_45_degree.png'},{url:'https://carimages.d2cmedia.ca/newcarimages/en/cb6ab798baca942/Mercedes-Benz/GLA/2026/2100/472062/X101012/driver_dashboard.png'},{url:'https://carimages.d2cmedia.ca/newcarimages/en/cb6ab798baca942/Mercedes-Benz/GLA/2026/2100/472062/X101012/full_dashboard.png'},{url:'https://carimages.d2cmedia.ca/newcarimages/en/cb6ab798baca942/Mercedes-Benz/GLA/2026/2100/472062/X101012/interior_driver_open_seat.png'},{url:'https://carimages.d2cmedia.ca/newcarimages/en/cb6ab798baca942/Mercedes-Benz/GLA/2026/2100/472062/X101012/interior_driver_stereo.png'},{url:'https://carimages.d2cmedia.ca/newcarimages/en/cb6ab798baca942/Mercedes-Benz/GLA/2026/2100/472062/X101012/interior_driver_reat_seats.png'}]",90,KM,https://www.mercedes-benz-maple.ca/new/inventory/2026-Mercedes_Benz-GLA_250-id14424020.html,2026 Mercedes-Benz GLA GLA 250 4MATIC SUV at Mercedes-Benz Maple,61511 CAD,New,Black,Beige,4804,Mercedes-Benz Maple,+1-905-585-9300,"{addr1: '9300 Jane St', city: 'Maple', region: 'Ontario', postal_code: 'L6A 0C5', country: 'CA'}",43.8344170000,-79.5341990000,,,,,https://www.mercedes-benz-maple.ca/privacy-policy.html,New,4804,In stock,,61511 CAD,Free,
W1N4N4HB5TJ886677,W1N4N4HB5TJ886677,26654035-new,Mercedes-Benz,GLA,GLA 250 4MATIC SUV,2026,AUTOMATIC,SUV,GASOLINE,,"2026 Mercedes-Benz GLA GLA 250 4MATIC SUV, Black exterior","[{url:'https://carimages.d2cmedia.ca/newcarimages/en/cb6ab798baca942/Mercedes-Benz/GLA/2026/1200/472062-NE1BVElDIFNVVg/X101012/front45.png'},{url:'https://carimages.d2cmedia.ca/newcarimages/en/cb6ab798baca942/Mercedes-Benz/GLA/2026/1280/472062/X101012/front_45_degree.png'},{url:'https://carimages.d2cmedia.ca/newcarimages/en/cb6ab798baca942/Mercedes-Benz/GLA/2026/2100/472062/X101012/front_45_degree.png'},{url:'https://carimages.d2cmedia.ca/newcarimages/en/cb6ab798baca942/Mercedes-Benz/GLA/2026/2100/472062/X101012/profile.png'},{url:'https://carimages.d2cmedia.ca/newcarimages/en/cb6ab798baca942/Mercedes-Benz/GLA/2026/2100/472062/X101012/back_45_degree.png'},{url:'https://carimages.d2cmedia.ca/newcarimages/en/cb6ab798baca942/Mercedes-Benz/GLA/2026/2100/472062/X101012/driver_dashboard.png'},{url:'https://carimages.d2cmedia.ca/newcarimages/en/cb6ab798baca942/Mercedes-Benz/GLA/2026/2100/472062/X101012/full_dashboard.png'},{url:'https://carimages.d2cmedia.ca/newcarimages/en/cb6ab798baca942/Mercedes-Benz/GLA/2026/2100/472062/X101012/interior_driver_open_seat.png'},{url:'https://carimages.d2cmedia.ca/newcarimages/en/cb6ab798baca942/Mercedes-Benz/GLA/2026/2100/472062/X101012/interior_driver_stereo.png'},{url:'https://carimages.d2cmedia.ca/newcarimages/en/cb6ab798baca942/Mercedes-Benz/GLA/2026/2100/472062/X101012/interior_driver_reat_seats.png'}]",90,KM,https://www.mercedes-benz-maple.ca/new/inventory/2026-Mercedes_Benz-GLA_250-id14016680.html,2026 Mercedes-Benz GLA GLA 250 4MATIC SUV at Mercedes-Benz Maple,61811 CAD,New,Black,Black,4804,Mercedes-Benz Maple,+1-905-585-9300,"{addr1: '9300 Jane St', city: 'Maple', region: 'Ontario', postal_code: 'L6A 0C5', country: 'CA'}",43.8344170000,-79.5341990000,,,,,https://www.mercedes-benz-maple.ca/privacy-policy.html,New,4804,In stock,,61811 CAD,Free,
W1N4N4HBXTJ886576,W1N4N4HBXTJ886576,26654037-new,Mercedes-Benz,GLA,GLA 250 4MATIC SUV,2026,AUTOMATIC,SUV,GASOLINE,,"2026 Mercedes-Benz GLA GLA 250 4MATIC SUV, Black exterior","[{url:'https://carimages.d2cmedia.ca/newcarimages/en/cb6ab798baca942/Mercedes-Benz/GLA/2026/1200/472062-NE1BVElDIFNVVg/X101012/front45.png'},{url:'https://carimages.d2cmedia.ca/newcarimages/en/cb6ab798baca942/Mercedes-Benz/GLA/2026/1280/472062/X101012/front_45_degree.png'},{url:'https://carimages.d2cmedia.ca/newcarimages/en/cb6ab798baca942/Mercedes-Benz/GLA/2026/2100/472062/X101012/front_45_degree.png'},{url:'https://carimages.d2cmedia.ca/newcarimages/en/cb6ab798baca942/Mercedes-Benz/GLA/2026/2100/472062/X101012/profile.png'},{url:'https://carimages.d2cmedia.ca/newcarimages/en/cb6ab798baca942/Mercedes-Benz/GLA/2026/2100/472062/X101012/back_45_degree.png'},{url:'https://carimages.d2cmedia.ca/newcarimages/en/cb6ab798baca942/Mercedes-Benz/GLA/2026/2100/472062/X101012/driver_dashboard.png'},{url:'https://carimages.d2cmedia.ca/newcarimages/en/cb6ab798baca942/Mercedes-Benz/GLA/2026/2100/472062/X101012/full_dashboard.png'},{url:'https://carimages.d2cmedia.ca/newcarimages/en/cb6ab798baca942/Mercedes-Benz/GLA/2026/2100/472062/X101012/interior_driver_open_seat.png'},{url:'https://carimages.d2cmedia.ca/newcarimages/en/cb6ab798baca942/Mercedes-Benz/GLA/2026/2100/472062/X101012/interior_driver_stereo.png'},{url:'https://carimages.d2cmedia.ca/newcarimages/en/cb6ab798baca942/Mercedes-Benz/GLA/2026/2100/472062/X101012/interior_driver_reat_seats.png'}]",90,KM,https://www.mercedes-benz-maple.ca/new/inventory/2026-Mercedes_Benz-GLA_250-id14429898.html,2026 Mercedes-Benz GLA GLA 250 4MATIC SUV at Mercedes-Benz Maple,61811 CAD,New,Black,Black,4804,Mercedes-Benz Maple,+1-905-585-9300,"{addr1: '9300 Jane St', city: 'Maple', region: 'Ontario', postal_code: 'L6A 0C5', country: 'CA'}",43.8344170000,-79.5341990000,,,,,https://www.mercedes-benz-maple.ca/privacy-policy.html,New,4804,In stock,,61811 CAD,Free,
W1N4N4HB3TJ833489,W1N4N4HB3TJ833489,26521082-new,Mercedes-Benz,GLA,GLA 250 4MATIC SUV,2026,AUTOMATIC,SUV,GASOLINE,,"2026 Mercedes-Benz GLA GLA 250 4MATIC SUV, Black exterior","[{url:'https://carimages.d2cmedia.ca/newcarimages/en/cb6ab798baca942/Mercedes-Benz/GLA/2026/1200/472062-NE1BVElDIFNVVg/X101012/front45.png'},{url:'https://carimages.d2cmedia.ca/newcarimages/en/cb6ab798baca942/Mercedes-Benz/GLA/2026/1280/472062/X101012/front_45_degree.png'},{url:'https://carimages.d2cmedia.ca/newcarimages/en/cb6ab798baca942/Mercedes-Benz/GLA/2026/2100/472062/X101012/front_45_degree.png'},{url:'https://carimages.d2cmedia.ca/newcarimages/en/cb6ab798baca942/Mercedes-Benz/GLA/2026/2100/472062/X101012/profile.png'},{url:'https://carimages.d2cmedia.ca/newcarimages/en/cb6ab798baca942/Mercedes-Benz/GLA/2026/2100/472062/X101012/back_45_degree.png'},{url:'https://carimages.d2cmedia.ca/newcarimages/en/cb6ab798baca942/Mercedes-Benz/GLA/2026/2100/472062/X101012/driver_dashboard.png'},{url:'https://carimages.d2cmedia.ca/newcarimages/en/cb6ab798baca942/Mercedes-Benz/GLA/2026/2100/472062/X101012/full_dashboard.png'},{url:'https://carimages.d2cmedia.ca/newcarimages/en/cb6ab798baca942/Mercedes-Benz/GLA/2026/2100/472062/X101012/interior_driver_open_seat.png'},{url:'https://carimages.d2cmedia.ca/newcarimages/en/cb6ab798baca942/Mercedes-Benz/GLA/2026/2100/472062/X101012/interior_driver_stereo.png'},{url:'https://carimages.d2cmedia.ca/newcarimages/en/cb6ab798baca942/Mercedes-Benz/GLA/2026/2100/472062/X101012/interior_driver_reat_seats.png'}]",90,KM,https://www.mercedes-benz-maple.ca/new/inventory/2026-Mercedes_Benz-GLA_250-id13633716.html,2026 Mercedes-Benz GLA GLA 250 4MATIC SUV at Mercedes-Benz Maple,62511 CAD,New,Black,Black,4804,Mercedes-Benz Maple,+1-905-585-9300,"{addr1: '9300 Jane St', city: 'Maple', region: 'Ontario', postal_code: 'L6A 0C5', country: 'CA'}",43.8344170000,-79.5341990000,,,,,https://www.mercedes-benz-maple.ca/privacy-policy.html,New,4804,In stock,,62511 CAD,Free,
W1N4N4HBXTJ888389,W1N4N4HBXTJ888389,26654033-new,Mercedes-Benz,GLA,GLA 250 4MATIC SUV,2026,AUTOMATIC,SUV,GASOLINE,,"2026 Mercedes-Benz GLA GLA 250 4MATIC SUV, Grey exterior","[{url:'https://carimages.d2cmedia.ca/newcarimages/en/cb6ab798baca942/Mercedes-Benz/GLA/2026/1200/472062-NE1BVElDIFNVVg/X818181/front45.png'},{url:'https://carimages.d2cmedia.ca/newcarimages/en/cb6ab798baca942/Mercedes-Benz/GLA/2026/1280/472062/X818181/front_45_degree.png'},{url:'https://carimages.d2cmedia.ca/newcarimages/en/cb6ab798baca942/Mercedes-Benz/GLA/2026/2100/472062/X818181/front_45_degree.png'},{url:'https://carimages.d2cmedia.ca/newcarimages/en/cb6ab798baca942/Mercedes-Benz/GLA/2026/2100/472062/X818181/profile.png'},{url:'https://carimages.d2cmedia.ca/newcarimages/en/cb6ab798baca942/Mercedes-Benz/GLA/2026/2100/472062/X818181/back_45_degree.png'},{url:'https://carimages.d2cmedia.ca/newcarimages/en/cb6ab798baca942/Mercedes-Benz/GLA/2026/2100/472062/X818181/driver_dashboard.png'},{url:'https://carimages.d2cmedia.ca/newcarimages/en/cb6ab798baca942/Mercedes-Benz/GLA/2026/2100/472062/X818181/full_dashboard.png'},{url:'https://carimages.d2cmedia.ca/newcarimages/en/cb6ab798baca942/Mercedes-Benz/GLA/2026/2100/472062/X818181/interior_driver_open_seat.png'},{url:'https://carimages.d2cmedia.ca/newcarimages/en/cb6ab798baca942/Mercedes-Benz/GLA/2026/2100/472062/X818181/interior_driver_stereo.png'},{url:'https://carimages.d2cmedia.ca/newcarimages/en/cb6ab798baca942/Mercedes-Benz/GLA/2026/2100/472062/X818181/interior_driver_reat_seats.png'}]",90,KM,https://www.mercedes-benz-maple.ca/new/inventory/2026-Mercedes_Benz-GLA_250-id14429897.html,2026 Mercedes-Benz GLA GLA 250 4MATIC SUV at Mercedes-Benz Maple,62511 CAD,New,Grey,Black,4804,Mercedes-Benz Maple,+1-905-585-9300,"{addr1: '9300 Jane St', city: 'Maple', region: 'Ontario', postal_code: 'L6A 0C5', country: 'CA'}",43.8344170000,-79.5341990000,,,,,https://www.mercedes-benz-maple.ca/privacy-policy.html,New,4804,In stock,,62511 CAD,Free,
W1N4N4HB3TJ862734,W1N4N4HB3TJ862734,26529732-new,Mercedes-Benz,GLA,GLA 250 4MATIC SUV,2026,AUTOMATIC,SUV,GASOLINE,,"2026 Mercedes-Benz GLA GLA 250 4MATIC SUV, Grey exterior","[{url:'https://carimages.d2cmedia.ca/newcarimages/en/cb6ab798baca942/Mercedes-Benz/GLA/2026/1200/472062-NE1BVElDIFNVVg/X818181/front45.png'},{url:'https://carimages.d2cmedia.ca/newcarimages/fr/cb6ab798baca942/Mercedes-Benz/GLA/2026/640/472062-NE1BVElDIFNVVg/X818181/front_45_degree.png'},{url:'https://carimages.d2cmedia.ca/newcarimages/fr/cb6ab798baca942/Mercedes-Benz/GLA/2026/2100/472062-NE1BVElDIFNVVg/X818181/front_45_degree.png'}]",90,KM,https://www.mercedes-benz-maple.ca/new/inventory/2026-Mercedes_Benz-GLA_250-id13633701.html,2026 Mercedes-Benz GLA GLA 250 4MATIC SUV at Mercedes-Benz Maple,62811 CAD,New,Grey,Beige,4804,Mercedes-Benz Maple,+1-905-585-9300,"{addr1: '9300 Jane St', city: 'Maple', region: 'Ontario', postal_code: 'L6A 0C5', country: 'CA'}",43.8344170000,-79.5341990000,,,,,https://www.mercedes-benz-maple.ca/privacy-policy.html,New,4804,In stock,,62811 CAD,Free,
W1N4N4HB8TJ883434,W1N4N4HB8TJ883434,26654039-new,Mercedes-Benz,GLA,GLA 250 4MATIC SUV,2026,AUTOMATIC,SUV,GASOLINE,,"2026 Mercedes-Benz GLA GLA 250 4MATIC SUV, Grey exterior","[{url:'https://carimages.d2cmedia.ca/newcarimages/en/cb6ab798baca942/Mercedes-Benz/GLA/2026/1200/472062-NE1BVElDIFNVVg/X818181/front45.png'},{url:'https://carimages.d2cmedia.ca/newcarimages/en/cb6ab798baca942/Mercedes-Benz/GLA/2026/1280/472062/X818181/front_45_degree.png'},{url:'https://carimages.d2cmedia.ca/newcarimages/en/cb6ab798baca942/Mercedes-Benz/GLA/2026/2100/472062/X818181/front_45_degree.png'},{url:'https://carimages.d2cmedia.ca/newcarimages/en/cb6ab798baca942/Mercedes-Benz/GLA/2026/2100/472062/X818181/profile.png'},{url:'https://carimages.d2cmedia.ca/newcarimages/en/cb6ab798baca942/Mercedes-Benz/GLA/2026/2100/472062/X818181/back_45_degree.png'},{url:'https://carimages.d2cmedia.ca/newcarimages/en/cb6ab798baca942/Mercedes-Benz/GLA/2026/2100/472062/X818181/driver_dashboard.png'},{url:'https://carimages.d2cmedia.ca/newcarimages/en/cb6ab798baca942/Mercedes-Benz/GLA/2026/2100/472062/X818181/full_dashboard.png'},{url:'https://carimages.d2cmedia.ca/newcarimages/en/cb6ab798baca942/Mercedes-Benz/GLA/2026/2100/472062/X818181/interior_driver_open_seat.png'},{url:'https://carimages.d2cmedia.ca/newcarimages/en/cb6ab798baca942/Mercedes-Benz/GLA/2026/2100/472062/X818181/interior_driver_stereo.png'},{url:'https://carimages.d2cmedia.ca/newcarimages/en/cb6ab798baca942/Mercedes-Benz/GLA/2026/2100/472062/X818181/interior_driver_reat_seats.png'}]",90,KM,https://www.mercedes-benz-maple.ca/new/inventory/2026-Mercedes_Benz-GLA_250-id13874312.html,2026 Mercedes-Benz GLA GLA 250 4MATIC SUV at Mercedes-Benz Maple,62811 CAD,New,Grey,Beige,4804,Mercedes-Benz Maple,+1-905-585-9300,"{addr1: '9300 Jane St', city: 'Maple', region: 'Ontario', postal_code: 'L6A 0C5', country: 'CA'}",43.8344170000,-79.5341990000,,,,,https://www.mercedes-benz-maple.ca/privacy-policy.html,New,4804,In stock,,62811 CAD,Free,
W1N4M4HB2TW486050,W1N4M4HB2TW486050,26648292-new,Mercedes-Benz,GLB,GLB 250 4MATIC SUV,2026,AUTOMATIC,SUV,GASOLINE,,"2026 Mercedes-Benz GLB GLB 250 4MATIC SUV, White exterior","[{url:'https://carimages.d2cmedia.ca/newcarimages/en/cb6ab798baca942/Mercedes-Benz/GLB/2026/1200/471966-NE1BVElDIFNVVg/white/front45.png'},{url:'https://carimages.d2cmedia.ca/newcarimages/en/cb6ab798baca942/Mercedes-Benz/GLB/2026/1280/471966/white/front_45_degree.png'},{url:'https://carimages.d2cmedia.ca/newcarimages/en/cb6ab798baca942/Mercedes-Benz/GLB/2026/2100/471966/white/front_45_degree.png'},{url:'https://carimages.d2cmedia.ca/newcarimages/en/cb6ab798baca942/Mercedes-Benz/GLB/2026/2100/471966/white/profile.png'},{url:'https://carimages.d2cmedia.ca/newcarimages/en/cb6ab798baca942/Mercedes-Benz/GLB/2026/2100/471966/white/back_45_degree.png'},{url:'https://carimages.d2cmedia.ca/newcarimages/en/cb6ab798baca942/Mercedes-Benz/GLB/2026/2100/471966/white/driver_dashboard.png'},{url:'https://carimages.d2cmedia.ca/newcarimages/en/cb6ab798baca942/Mercedes-Benz/GLB/2026/2100/471966/white/full_dashboard.png'},{url:'https://carimages.d2cmedia.ca/newcarimages/en/cb6ab798baca942/Mercedes-Benz/GLB/2026/2100/471966/white/interior_driver_open_seat.png'},{url:'https://carimages.d2cmedia.ca/newcarimages/en/cb6ab798baca942/Mercedes-Benz/GLB/2026/2100/471966/white/interior_driver_stereo.png'},{url:'https://carimages.d2cmedia.ca/newcarimages/en/cb6ab798baca942/Mercedes-Benz/GLB/2026/2100/471966/white/interior_driver_reat_seats.png'}]",90,KM,https://www.mercedes-benz-maple.ca/new/inventory/2026-Mercedes_Benz-GLB_250-id13755887.html,2026 Mercedes-Benz GLB GLB 250 4MATIC SUV at Mercedes-Benz Maple,63711 CAD,New,White,Black,4804,Mercedes-Benz Maple,+1-905-585-9300,"{addr1: '9300 Jane St', city: 'Maple', region: 'Ontario', postal_code: 'L6A 0C5', country: 'CA'}",43.8344170000,-79.5341990000,,,,,https://www.mercedes-benz-maple.ca/privacy-policy.html,New,4804,In stock,,63711 CAD,Free,
W1N4M4HB0TW494373,W1N4M4HB0TW494373,26650320-new,Mercedes-Benz,GLB,GLB 250 4MATIC SUV,2026,AUTOMATIC,SUV,GASOLINE,,"2026 Mercedes-Benz GLB GLB 250 4MATIC SUV, Black exterior","[{url:'https://carimages.d2cmedia.ca/newcarimages/en/cb6ab798baca942/Mercedes-Benz/GLB/2026/1200/471966-NE1BVElDIFNVVg/X101012/front45.png'},{url:'https://carimages.d2cmedia.ca/newcarimages/en/cb6ab798baca942/Mercedes-Benz/GLB/2026/1280/471966/X101012/front_45_degree.png'},{url:'https://carimages.d2cmedia.ca/newcarimages/en/cb6ab798baca942/Mercedes-Benz/GLB/2026/2100/471966/X101012/front_45_degree.png'},{url:'https://carimages.d2cmedia.ca/newcarimages/en/cb6ab798baca942/Mercedes-Benz/GLB/2026/2100/471966/X101012/profile.png'},{url:'https://carimages.d2cmedia.ca/newcarimages/en/cb6ab798baca942/Mercedes-Benz/GLB/2026/2100/471966/X101012/back_45_degree.png'},{url:'https://carimages.d2cmedia.ca/newcarimages/en/cb6ab798baca942/Mercedes-Benz/GLB/2026/2100/471966/X101012/driver_dashboard.png'},{url:'https://carimages.d2cmedia.ca/newcarimages/en/cb6ab798baca942/Mercedes-Benz/GLB/2026/2100/471966/X101012/full_dashboard.png'},{url:'https://carimages.d2cmedia.ca/newcarimages/en/cb6ab798baca942/Mercedes-Benz/GLB/2026/2100/471966/X101012/interior_driver_open_seat.png'},{url:'https://carimages.d2cmedia.ca/newcarimages/en/cb6ab798baca942/Mercedes-Benz/GLB/2026/2100/471966/X101012/interior_driver_stereo.png'},{url:'https://carimages.d2cmedia.ca/newcarimages/en/cb6ab798baca942/Mercedes-Benz/GLB/2026/2100/471966/X101012/interior_driver_reat_seats.png'}]",90,KM,https://www.mercedes-benz-maple.ca/new/inventory/2026-Mercedes_Benz-GLB_250-id14051514.html,2026 Mercedes-Benz GLB GLB 250 4MATIC SUV at Mercedes-Benz Maple,63711 CAD,New,Black,Beige,4804,Mercedes-Benz Maple,+1-905-585-9300,"{addr1: '9300 Jane St', city: 'Maple', region: 'Ontario', postal_code: 'L6A 0C5', country: 'CA'}",43.8344170000,-79.5341990000,,,,,https://www.mercedes-benz-maple.ca/privacy-policy.html,New,4804,In stock,,63711 CAD,Free,
W1N4N4HB0TJ843705,W1N4N4HB0TJ843705,26521110-new,Mercedes-Benz,GLA,GLA 250 4MATIC SUV,2026,AUTOMATIC,SUV,GASOLINE,,"2026 Mercedes-Benz GLA GLA 250 4MATIC SUV, Black exterior","[{url:'https://imagescdn.d2cmedia.ca/cb6ab798baca942/4804/13260260/1/Mercedes_Benz-GLA-2026.jpg'},{url:'https://imagescdn.d2cmedia.ca/s86ab798baca942/4804/13260260/1/Mercedes_Benz-GLA_250-2026.jpg'},{url:'https://imagescdn.d2cmedia.ca/cb6ab798baca942/4804/13260260/1/Mercedes_Benz-GLA_250-2026.jpg'},{url:'https://imagescdn.d2cmedia.ca/cb6ab798baca942/4804/13260260/2/Mercedes_Benz-GLA_250-2026.jpg'},{url:'https://imagescdn.d2cmedia.ca/cb6ab798baca942/4804/13260260/3/Mercedes_Benz-GLA_250-2026.jpg'},{url:'https://imagescdn.d2cmedia.ca/cb6ab798baca942/4804/13260260/4/Mercedes_Benz-GLA_250-2026.jpg'},{url:'https://imagescdn.d2cmedia.ca/cb6ab798baca942/4804/13260260/5/Mercedes_Benz-GLA_250-2026.jpg'},{url:'https://imagescdn.d2cmedia.ca/cb6ab798baca942/4804/13260260/6/Mercedes_Benz-GLA_250-2026.jpg'},{url:'https://imagescdn.d2cmedia.ca/cb6ab798baca942/4804/13260260/7/Mercedes_Benz-GLA_250-2026.jpg'},{url:'https://imagescdn.d2cmedia.ca/cb6ab798baca942/4804/13260260/8/Mercedes_Benz-GLA_250-2026.jpg'}]",90,KM,https://www.mercedes-benz-maple.ca/new/inventory/2026-Mercedes_Benz-GLA_250-id13260260.html,2026 Mercedes-Benz GLA GLA 250 4MATIC SUV at Mercedes-Benz Maple,64311 CAD,New,Black,Black,4804,Mercedes-Benz Maple,+1-905-585-9300,"{addr1: '9300 Jane St', city: 'Maple', region: 'Ontario', postal_code: 'L6A 0C5', country: 'CA'}",43.8344170000,-79.5341990000,,,,,https://www.mercedes-benz-maple.ca/privacy-policy.html,New,4804,In stock,,64311 CAD,Free,
W1N4N4HB5TJ844820,W1N4N4HB5TJ844820,26521108-new,Mercedes-Benz,GLA,GLA 250 4MATIC SUV,2026,AUTOMATIC,SUV,GASOLINE,,"2026 Mercedes-Benz GLA GLA 250 4MATIC SUV, Black exterior","[{url:'https://imagescdn.d2cmedia.ca/cb6ab798baca942/4804/13336269/1/Mercedes_Benz-GLA-2026.jpg'},{url:'https://imagescdn.d2cmedia.ca/s86ab798baca942/4804/13336269/1/Mercedes_Benz-GLA_250-2026.jpg'},{url:'https://imagescdn.d2cmedia.ca/cb6ab798baca942/4804/13336269/1/Mercedes_Benz-GLA_250-2026.jpg'},{url:'https://imagescdn.d2cmedia.ca/cb6ab798baca942/4804/13336269/2/Mercedes_Benz-GLA_250-2026.jpg'},{url:'https://imagescdn.d2cmedia.ca/cb6ab798baca942/4804/13336269/3/Mercedes_Benz-GLA_250-2026.jpg'},{url:'https://imagescdn.d2cmedia.ca/cb6ab798baca942/4804/13336269/4/Mercedes_Benz-GLA_250-2026.jpg'},{url:'https://imagescdn.d2cmedia.ca/cb6ab798baca942/4804/13336269/5/Mercedes_Benz-GLA_250-2026.jpg'},{url:'https://imagescdn.d2cmedia.ca/cb6ab798baca942/4804/13336269/6/Mercedes_Benz-GLA_250-2026.jpg'},{url:'https://imagescdn.d2cmedia.ca/cb6ab798baca942/4804/13336269/7/Mercedes_Benz-GLA_250-2026.jpg'},{url:'https://imagescdn.d2cmedia.ca/cb6ab798baca942/4804/13336269/8/Mercedes_Benz-GLA_250-2026.jpg'}]",90,KM,https://www.mercedes-benz-maple.ca/new/inventory/2026-Mercedes_Benz-GLA_250-id13336269.html,2026 Mercedes-Benz GLA GLA 250 4MATIC SUV at Mercedes-Benz Maple,64311 CAD,New,Black,Black,4804,Mercedes-Benz Maple,+1-905-585-9300,"{addr1: '9300 Jane St', city: 'Maple', region: 'Ontario', postal_code: 'L6A 0C5', country: 'CA'}",43.8344170000,-79.5341990000,,,,,https://www.mercedes-benz-maple.ca/privacy-policy.html,New,4804,In stock,,64311 CAD,Free,
W1N4N4HB2TJ849523,W1N4N4HB2TJ849523,26526981-new,Mercedes-Benz,GLA,GLA 250 4MATIC SUV,2026,AUTOMATIC,SUV,GASOLINE,,"2026 Mercedes-Benz GLA GLA 250 4MATIC SUV, Black exterior","[{url:'https://carimages.d2cmedia.ca/newcarimages/en/cb6ab798baca942/Mercedes-Benz/GLA/2026/1200/472062-NE1BVElDIFNVVg/X101012/front45.png'},{url:'https://carimages.d2cmedia.ca/newcarimages/en/cb6ab798baca942/Mercedes-Benz/GLA/2026/1280/472062/X101012/front_45_degree.png'},{url:'https://carimages.d2cmedia.ca/newcarimages/en/cb6ab798baca942/Mercedes-Benz/GLA/2026/2100/472062/X101012/front_45_degree.png'},{url:'https://carimages.d2cmedia.ca/newcarimages/en/cb6ab798baca942/Mercedes-Benz/GLA/2026/2100/472062/X101012/profile.png'},{url:'https://carimages.d2cmedia.ca/newcarimages/en/cb6ab798baca942/Mercedes-Benz/GLA/2026/2100/472062/X101012/back_45_degree.png'},{url:'https://carimages.d2cmedia.ca/newcarimages/en/cb6ab798baca942/Mercedes-Benz/GLA/2026/2100/472062/X101012/driver_dashboard.png'},{url:'https://carimages.d2cmedia.ca/newcarimages/en/cb6ab798baca942/Mercedes-Benz/GLA/2026/2100/472062/X101012/full_dashboard.png'},{url:'https://carimages.d2cmedia.ca/newcarimages/en/cb6ab798baca942/Mercedes-Benz/GLA/2026/2100/472062/X101012/interior_driver_open_seat.png'},{url:'https://carimages.d2cmedia.ca/newcarimages/en/cb6ab798baca942/Mercedes-Benz/GLA/2026/2100/472062/X101012/interior_driver_stereo.png'},{url:'https://carimages.d2cmedia.ca/newcarimages/en/cb6ab798baca942/Mercedes-Benz/GLA/2026/2100/472062/X101012/interior_driver_reat_seats.png'}]",90,KM,https://www.mercedes-benz-maple.ca/new/inventory/2026-Mercedes_Benz-GLA_250-id13437223.html,2026 Mercedes-Benz GLA GLA 250 4MATIC SUV at Mercedes-Benz Maple,64311 CAD,New,Black,Brown,4804,Mercedes-Benz Maple,+1-905-585-9300,"{addr1: '9300 Jane St', city: 'Maple', region: 'Ontario', postal_code: 'L6A 0C5', country: 'CA'}",43.8344170000,-79.5341990000,,,,,https://www.mercedes-benz-maple.ca/privacy-policy.html,New,4804,In stock,,64311 CAD,Free,
W1N4N4HB9TJ849390,W1N4N4HB9TJ849390,26521113-new,Mercedes-Benz,GLA,GLA 250 4MATIC SUV,2026,AUTOMATIC,SUV,GASOLINE,,"2026 Mercedes-Benz GLA GLA 250 4MATIC SUV, Black exterior","[{url:'https://carimages.d2cmedia.ca/newcarimages/en/cb6ab798baca942/Mercedes-Benz/GLA/2026/1200/472062-NE1BVElDIFNVVg/X101012/front45.png'},{url:'https://carimages.d2cmedia.ca/newcarimages/en/cb6ab798baca942/Mercedes-Benz/GLA/2026/1280/472062/X101012/front_45_degree.png'},{url:'https://carimages.d2cmedia.ca/newcarimages/en/cb6ab798baca942/Mercedes-Benz/GLA/2026/2100/472062/X101012/front_45_degree.png'},{url:'https://carimages.d2cmedia.ca/newcarimages/en/cb6ab798baca942/Mercedes-Benz/GLA/2026/2100/472062/X101012/profile.png'},{url:'https://carimages.d2cmedia.ca/newcarimages/en/cb6ab798baca942/Mercedes-Benz/GLA/2026/2100/472062/X101012/back_45_degree.png'},{url:'https://carimages.d2cmedia.ca/newcarimages/en/cb6ab798baca942/Mercedes-Benz/GLA/2026/2100/472062/X101012/driver_dashboard.png'},{url:'https://carimages.d2cmedia.ca/newcarimages/en/cb6ab798baca942/Mercedes-Benz/GLA/2026/2100/472062/X101012/full_dashboard.png'},{url:'https://carimages.d2cmedia.ca/newcarimages/en/cb6ab798baca942/Mercedes-Benz/GLA/2026/2100/472062/X101012/interior_driver_open_seat.png'},{url:'https://carimages.d2cmedia.ca/newcarimages/en/cb6ab798baca942/Mercedes-Benz/GLA/2026/2100/472062/X101012/interior_driver_stereo.png'},{url:'https://carimages.d2cmedia.ca/newcarimages/en/cb6ab798baca942/Mercedes-Benz/GLA/2026/2100/472062/X101012/interior_driver_reat_seats.png'}]",90,KM,https://www.mercedes-benz-maple.ca/new/inventory/2026-Mercedes_Benz-GLA_250-id13447566.html,2026 Mercedes-Benz GLA GLA 250 4MATIC SUV at Mercedes-Benz Maple,64311 CAD,New,Black,Black,4804,Mercedes-Benz Maple,+1-905-585-9300,"{addr1: '9300 Jane St', city: 'Maple', region: 'Ontario', postal_code: 'L6A 0C5', country: 'CA'}",43.8344170000,-79.5341990000,,,,,https://www.mercedes-benz-maple.ca/privacy-policy.html,New,4804,In stock,,64311 CAD,Free,
W1N4N4HB1TJ853451,W1N4N4HB1TJ853451,26526979-new,Mercedes-Benz,GLA,GLA 250 4MATIC SUV,2026,AUTOMATIC,SUV,GASOLINE,,"2026 Mercedes-Benz GLA GLA 250 4MATIC SUV, Black exterior","[{url:'https://carimages.d2cmedia.ca/newcarimages/en/cb6ab798baca942/Mercedes-Benz/GLA/2026/1200/472062-NE1BVElDIFNVVg/X101012/front45.png'},{url:'https://carimages.d2cmedia.ca/newcarimages/en/cb6ab798baca942/Mercedes-Benz/GLA/2026/1280/472062/X101012/front_45_degree.png'},{url:'https://carimages.d2cmedia.ca/newcarimages/en/cb6ab798baca942/Mercedes-Benz/GLA/2026/2100/472062/X101012/front_45_degree.png'},{url:'https://carimages.d2cmedia.ca/newcarimages/en/cb6ab798baca942/Mercedes-Benz/GLA/2026/2100/472062/X101012/profile.png'},{url:'https://carimages.d2cmedia.ca/newcarimages/en/cb6ab798baca942/Mercedes-Benz/GLA/2026/2100/472062/X101012/back_45_degree.png'},{url:'https://carimages.d2cmedia.ca/newcarimages/en/cb6ab798baca942/Mercedes-Benz/GLA/2026/2100/472062/X101012/driver_dashboard.png'},{url:'https://carimages.d2cmedia.ca/newcarimages/en/cb6ab798baca942/Mercedes-Benz/GLA/2026/2100/472062/X101012/full_dashboard.png'},{url:'https://carimages.d2cmedia.ca/newcarimages/en/cb6ab798baca942/Mercedes-Benz/GLA/2026/2100/472062/X101012/interior_driver_open_seat.png'},{url:'https://carimages.d2cmedia.ca/newcarimages/en/cb6ab798baca942/Mercedes-Benz/GLA/2026/2100/472062/X101012/interior_driver_stereo.png'},{url:'https://carimages.d2cmedia.ca/newcarimages/en/cb6ab798baca942/Mercedes-Benz/GLA/2026/2100/472062/X101012/interior_driver_reat_seats.png'}]",90,KM,https://www.mercedes-benz-maple.ca/new/inventory/2026-Mercedes_Benz-GLA_250-id13447573.html,2026 Mercedes-Benz GLA GLA 250 4MATIC SUV at Mercedes-Benz Maple,64311 CAD,New,Black,Gray,4804,Mercedes-Benz Maple,+1-905-585-9300,"{addr1: '9300 Jane St', city: 'Maple', region: 'Ontario', postal_code: 'L6A 0C5', country: 'CA'}",43.8344170000,-79.5341990000,,,,,https://www.mercedes-benz-maple.ca/privacy-policy.html,New,4804,In stock,,64311 CAD,Free,
W1N4N4HBXTJ863847,W1N4N4HBXTJ863847,26648648-new,Mercedes-Benz,GLA,GLA 250 4MATIC SUV,2026,AUTOMATIC,SUV,GASOLINE,,"2026 Mercedes-Benz GLA GLA 250 4MATIC SUV, White exterior","[{url:'https://carimages.d2cmedia.ca/newcarimages/en/cb6ab798baca942/Mercedes-Benz/GLA/2026/1200/472062-NE1BVElDIFNVVg/white/front45.png'},{url:'https://carimages.d2cmedia.ca/newcarimages/en/cb6ab798baca942/Mercedes-Benz/GLA/2026/1280/472062/white/front_45_degree.png'},{url:'https://carimages.d2cmedia.ca/newcarimages/en/cb6ab798baca942/Mercedes-Benz/GLA/2026/2100/472062/white/front_45_degree.png'},{url:'https://carimages.d2cmedia.ca/newcarimages/en/cb6ab798baca942/Mercedes-Benz/GLA/2026/2100/472062/white/profile.png'},{url:'https://carimages.d2cmedia.ca/newcarimages/en/cb6ab798baca942/Mercedes-Benz/GLA/2026/2100/472062/white/back_45_degree.png'},{url:'https://carimages.d2cmedia.ca/newcarimages/en/cb6ab798baca942/Mercedes-Benz/GLA/2026/2100/472062/white/driver_dashboard.png'},{url:'https://carimages.d2cmedia.ca/newcarimages/en/cb6ab798baca942/Mercedes-Benz/GLA/2026/2100/472062/white/full_dashboard.png'},{url:'https://carimages.d2cmedia.ca/newcarimages/en/cb6ab798baca942/Mercedes-Benz/GLA/2026/2100/472062/white/interior_driver_open_seat.png'},{url:'https://carimages.d2cmedia.ca/newcarimages/en/cb6ab798baca942/Mercedes-Benz/GLA/2026/2100/472062/white/interior_driver_stereo.png'},{url:'https://carimages.d2cmedia.ca/newcarimages/en/cb6ab798baca942/Mercedes-Benz/GLA/2026/2100/472062/white/interior_driver_reat_seats.png'}]",90,KM,https://www.mercedes-benz-maple.ca/new/inventory/2026-Mercedes_Benz-GLA_250-id13543806.html,2026 Mercedes-Benz GLA GLA 250 4MATIC SUV at Mercedes-Benz Maple,64311 CAD,New,White,Black,4804,Mercedes-Benz Maple,+1-905-585-9300,"{addr1: '9300 Jane St', city: 'Maple', region: 'Ontario', postal_code: 'L6A 0C5', country: 'CA'}",43.8344170000,-79.5341990000,,,,,https://www.mercedes-benz-maple.ca/privacy-policy.html,New,4804,In stock,,64311 CAD,Free,
W1N4N4HB2TJ866628,W1N4N4HB2TJ866628,26648645-new,Mercedes-Benz,GLA,GLA 250 4MATIC SUV,2026,AUTOMATIC,SUV,GASOLINE,,"2026 Mercedes-Benz GLA GLA 250 4MATIC SUV, White exterior","[{url:'https://carimages.d2cmedia.ca/newcarimages/en/cb6ab798baca942/Mercedes-Benz/GLA/2026/1200/472062-NE1BVElDIFNVVg/white/front45.png'},{url:'https://carimages.d2cmedia.ca/newcarimages/en/cb6ab798baca942/Mercedes-Benz/GLA/2026/1280/472062/white/front_45_degree.png'},{url:'https://carimages.d2cmedia.ca/newcarimages/en/cb6ab798baca942/Mercedes-Benz/GLA/2026/2100/472062/white/front_45_degree.png'},{url:'https://carimages.d2cmedia.ca/newcarimages/en/cb6ab798baca942/Mercedes-Benz/GLA/2026/2100/472062/white/profile.png'},{url:'https://carimages.d2cmedia.ca/newcarimages/en/cb6ab798baca942/Mercedes-Benz/GLA/2026/2100/472062/white/back_45_degree.png'},{url:'https://carimages.d2cmedia.ca/newcarimages/en/cb6ab798baca942/Mercedes-Benz/GLA/2026/2100/472062/white/driver_dashboard.png'},{url:'https://carimages.d2cmedia.ca/newcarimages/en/cb6ab798baca942/Mercedes-Benz/GLA/2026/2100/472062/white/full_dashboard.png'},{url:'https://carimages.d2cmedia.ca/newcarimages/en/cb6ab798baca942/Mercedes-Benz/GLA/2026/2100/472062/white/interior_driver_open_seat.png'},{url:'https://carimages.d2cmedia.ca/newcarimages/en/cb6ab798baca942/Mercedes-Benz/GLA/2026/2100/472062/white/interior_driver_stereo.png'},{url:'https://carimages.d2cmedia.ca/newcarimages/en/cb6ab798baca942/Mercedes-Benz/GLA/2026/2100/472062/white/interior_driver_reat_seats.png'}]",90,KM,https://www.mercedes-benz-maple.ca/new/inventory/2026-Mercedes_Benz-GLA_250-id13599154.html,2026 Mercedes-Benz GLA GLA 250 4MATIC SUV at Mercedes-Benz Maple,64311 CAD,New,White,Black,4804,Mercedes-Benz Maple,+1-905-585-9300,"{addr1: '9300 Jane St', city: 'Maple', region: 'Ontario', postal_code: 'L6A 0C5', country: 'CA'}",43.8344170000,-79.5341990000,,,,,https://www.mercedes-benz-maple.ca/privacy-policy.html,New,4804,In stock,,64311 CAD,Free,
W1N4N4HBXTJ894631,W1N4N4HBXTJ894631,26655782-new,Mercedes-Benz,GLA,GLA 250 4MATIC SUV,2026,AUTOMATIC,SUV,GASOLINE,,"2026 Mercedes-Benz GLA GLA 250 4MATIC SUV, White exterior","[{url:'https://carimages.d2cmedia.ca/newcarimages/en/cb6ab798baca942/Mercedes-Benz/GLA/2026/1200/472062-NE1BVElDIFNVVg/white/front45.png'},{url:'https://carimages.d2cmedia.ca/newcarimages/en/cb6ab798baca942/Mercedes-Benz/GLA/2026/1280/472062/white/front_45_degree.png'},{url:'https://carimages.d2cmedia.ca/newcarimages/en/cb6ab798baca942/Mercedes-Benz/GLA/2026/2100/472062/white/front_45_degree.png'},{url:'https://carimages.d2cmedia.ca/newcarimages/en/cb6ab798baca942/Mercedes-Benz/GLA/2026/2100/472062/white/profile.png'},{url:'https://carimages.d2cmedia.ca/newcarimages/en/cb6ab798baca942/Mercedes-Benz/GLA/2026/2100/472062/white/back_45_degree.png'},{url:'https://carimages.d2cmedia.ca/newcarimages/en/cb6ab798baca942/Mercedes-Benz/GLA/2026/2100/472062/white/driver_dashboard.png'},{url:'https://carimages.d2cmedia.ca/newcarimages/en/cb6ab798baca942/Mercedes-Benz/GLA/2026/2100/472062/white/full_dashboard.png'},{url:'https://carimages.d2cmedia.ca/newcarimages/en/cb6ab798baca942/Mercedes-Benz/GLA/2026/2100/472062/white/interior_driver_open_seat.png'},{url:'https://carimages.d2cmedia.ca/newcarimages/en/cb6ab798baca942/Mercedes-Benz/GLA/2026/2100/472062/white/interior_driver_stereo.png'},{url:'https://carimages.d2cmedia.ca/newcarimages/en/cb6ab798baca942/Mercedes-Benz/GLA/2026/2100/472062/white/interior_driver_reat_seats.png'}]",90,KM,https://www.mercedes-benz-maple.ca/new/inventory/2026-Mercedes_Benz-GLA_250-id14181623.html,2026 Mercedes-Benz GLA GLA 250 4MATIC SUV at Mercedes-Benz Maple,64311 CAD,New,White,Gray,4804,Mercedes-Benz Maple,+1-905-585-9300,"{addr1: '9300 Jane St', city: 'Maple', region: 'Ontario', postal_code: 'L6A 0C5', country: 'CA'}",43.8344170000,-79.5341990000,,,,,https://www.mercedes-benz-maple.ca/privacy-policy.html,New,4804,In stock,,64311 CAD,Free,
W1N4N4HB4TJ882457,W1N4N4HB4TJ882457,26655720-new,Mercedes-Benz,GLA,GLA 250 4MATIC SUV,2026,AUTOMATIC,SUV,GASOLINE,,"2026 Mercedes-Benz GLA GLA 250 4MATIC SUV, White exterior","[{url:'https://carimages.d2cmedia.ca/newcarimages/en/cb6ab798baca942/Mercedes-Benz/GLA/2026/1200/472062-NE1BVElDIFNVVg/white/front45.png'},{url:'https://carimages.d2cmedia.ca/newcarimages/en/cb6ab798baca942/Mercedes-Benz/GLA/2026/1280/472062/white/front_45_degree.png'},{url:'https://carimages.d2cmedia.ca/newcarimages/en/cb6ab798baca942/Mercedes-Benz/GLA/2026/2100/472062/white/front_45_degree.png'},{url:'https://carimages.d2cmedia.ca/newcarimages/en/cb6ab798baca942/Mercedes-Benz/GLA/2026/2100/472062/white/profile.png'},{url:'https://carimages.d2cmedia.ca/newcarimages/en/cb6ab798baca942/Mercedes-Benz/GLA/2026/2100/472062/white/back_45_degree.png'},{url:'https://carimages.d2cmedia.ca/newcarimages/en/cb6ab798baca942/Mercedes-Benz/GLA/2026/2100/472062/white/driver_dashboard.png'},{url:'https://carimages.d2cmedia.ca/newcarimages/en/cb6ab798baca942/Mercedes-Benz/GLA/2026/2100/472062/white/full_dashboard.png'},{url:'https://carimages.d2cmedia.ca/newcarimages/en/cb6ab798baca942/Mercedes-Benz/GLA/2026/2100/472062/white/interior_driver_open_seat.png'},{url:'https://carimages.d2cmedia.ca/newcarimages/en/cb6ab798baca942/Mercedes-Benz/GLA/2026/2100/472062/white/interior_driver_stereo.png'},{url:'https://carimages.d2cmedia.ca/newcarimages/en/cb6ab798baca942/Mercedes-Benz/GLA/2026/2100/472062/white/interior_driver_reat_seats.png'}]",90,KM,https://www.mercedes-benz-maple.ca/new/inventory/2026-Mercedes_Benz-GLA_250-id14410809.html,2026 Mercedes-Benz GLA GLA 250 4MATIC SUV at Mercedes-Benz Maple,64311 CAD,New,White,Black,4804,Mercedes-Benz Maple,+1-905-585-9300,"{addr1: '9300 Jane St', city: 'Maple', region: 'Ontario', postal_code: 'L6A 0C5', country: 'CA'}",43.8344170000,-79.5341990000,,,,,https://www.mercedes-benz-maple.ca/privacy-policy.html,New,4804,In stock,,64311 CAD,Free,
W1N4N4HBXTJ888005,W1N4N4HBXTJ888005,26654334-new,Mercedes-Benz,GLA,GLA 250 4MATIC SUV,2026,AUTOMATIC,SUV,GASOLINE,,"2026 Mercedes-Benz GLA GLA 250 4MATIC SUV, Black exterior","[{url:'https://carimages.d2cmedia.ca/newcarimages/en/cb6ab798baca942/Mercedes-Benz/GLA/2026/1200/472062-NE1BVElDIFNVVg/X101012/front45.png'},{url:'https://carimages.d2cmedia.ca/newcarimages/en/cb6ab798baca942/Mercedes-Benz/GLA/2026/1280/472062/X101012/front_45_degree.png'},{url:'https://carimages.d2cmedia.ca/newcarimages/en/cb6ab798baca942/Mercedes-Benz/GLA/2026/2100/472062/X101012/front_45_degree.png'},{url:'https://carimages.d2cmedia.ca/newcarimages/en/cb6ab798baca942/Mercedes-Benz/GLA/2026/2100/472062/X101012/profile.png'},{url:'https://carimages.d2cmedia.ca/newcarimages/en/cb6ab798baca942/Mercedes-Benz/GLA/2026/2100/472062/X101012/back_45_degree.png'},{url:'https://carimages.d2cmedia.ca/newcarimages/en/cb6ab798baca942/Mercedes-Benz/GLA/2026/2100/472062/X101012/driver_dashboard.png'},{url:'https://carimages.d2cmedia.ca/newcarimages/en/cb6ab798baca942/Mercedes-Benz/GLA/2026/2100/472062/X101012/full_dashboard.png'},{url:'https://carimages.d2cmedia.ca/newcarimages/en/cb6ab798baca942/Mercedes-Benz/GLA/2026/2100/472062/X101012/interior_driver_open_seat.png'},{url:'https://carimages.d2cmedia.ca/newcarimages/en/cb6ab798baca942/Mercedes-Benz/GLA/2026/2100/472062/X101012/interior_driver_stereo.png'},{url:'https://carimages.d2cmedia.ca/newcarimages/en/cb6ab798baca942/Mercedes-Benz/GLA/2026/2100/472062/X101012/interior_driver_reat_seats.png'}]",90,KM,https://www.mercedes-benz-maple.ca/new/inventory/2026-Mercedes_Benz-GLA_250-id14429900.html,2026 Mercedes-Benz GLA GLA 250 4MATIC SUV at Mercedes-Benz Maple,64311 CAD,New,Black,Black,4804,Mercedes-Benz Maple,+1-905-585-9300,"{addr1: '9300 Jane St', city: 'Maple', region: 'Ontario', postal_code: 'L6A 0C5', country: 'CA'}",43.8344170000,-79.5341990000,,,,,https://www.mercedes-benz-maple.ca/privacy-policy.html,New,4804,In stock,,64311 CAD,Free,
W1N4N4HB0TJ808615,W1N4N4HB0TJ808615,26505225-new,Mercedes-Benz,GLA,GLA 250 4MATIC SUV,2026,AUTOMATIC,SUV,GASOLINE,,"2026 Mercedes-Benz GLA GLA 250 4MATIC SUV, Black exterior","[{url:'https://imagescdn.d2cmedia.ca/cb6ab798baca942/4804/12953772/1/Mercedes_Benz-GLA-2026.jpg'},{url:'https://imagescdn.d2cmedia.ca/s86ab798baca942/4804/12953772/1/Mercedes_Benz-GLA_250-2026.jpg'},{url:'https://imagescdn.d2cmedia.ca/cb6ab798baca942/4804/12953772/1/Mercedes_Benz-GLA_250-2026.jpg'},{url:'https://imagescdn.d2cmedia.ca/cb6ab798baca942/4804/12953772/2/Mercedes_Benz-GLA_250-2026.jpg'},{url:'https://imagescdn.d2cmedia.ca/cb6ab798baca942/4804/12953772/3/Mercedes_Benz-GLA_250-2026.jpg'},{url:'https://imagescdn.d2cmedia.ca/cb6ab798baca942/4804/12953772/4/Mercedes_Benz-GLA_250-2026.jpg'},{url:'https://imagescdn.d2cmedia.ca/cb6ab798baca942/4804/12953772/5/Mercedes_Benz-GLA_250-2026.jpg'},{url:'https://imagescdn.d2cmedia.ca/cb6ab798baca942/4804/12953772/6/Mercedes_Benz-GLA_250-2026.jpg'},{url:'https://imagescdn.d2cmedia.ca/cb6ab798baca942/4804/12953772/7/Mercedes_Benz-GLA_250-2026.jpg'},{url:'https://imagescdn.d2cmedia.ca/cb6ab798baca942/4804/12953772/8/Mercedes_Benz-GLA_250-2026.jpg'}]",90,KM,https://www.mercedes-benz-maple.ca/new/inventory/2026-Mercedes_Benz-GLA_250-id12953772.html,2026 Mercedes-Benz GLA GLA 250 4MATIC SUV at Mercedes-Benz Maple,64611 CAD,New,Black,Black,4804,Mercedes-Benz Maple,+1-905-585-9300,"{addr1: '9300 Jane St', city: 'Maple', region: 'Ontario', postal_code: 'L6A 0C5', country: 'CA'}",43.8344170000,-79.5341990000,,,,,https://www.mercedes-benz-maple.ca/privacy-policy.html,New,4804,In stock,,64611 CAD,Free,
W1KFJ4EB3VJ083567,W1KFJ4EB3VJ083567,27660116-new,Mercedes-Benz,CLA,CLA 350 Electric 4MATIC,2027,AUTOMATIC,SUV,GASOLINE,,"2027 Mercedes-Benz CLA CLA 350 Electric 4MATIC, White exterior","[{url:'https://carimages.d2cmedia.ca/newcarimages/en/cb6ab798baca942/Mercedes-Benz/CLA/2027/1200/485127-RWxlY3RyaWMgNE1BVElD/white/front45.png'},{url:'https://carimages.d2cmedia.ca/newcarimages/fr/cb6ab798baca942/Mercedes-Benz/CLA/2027/640/485127-RWxlY3RyaWMgNE1BVElD/white/front_45_degree.png'},{url:'https://carimages.d2cmedia.ca/newcarimages/fr/cb6ab798baca942/Mercedes-Benz/CLA/2027/2100/485127-RWxlY3RyaWMgNE1BVElD/white/front_45_degree.png'}]",90,KM,https://www.mercedes-benz-maple.ca/new/inventory/2027-Mercedes_Benz-CLA_350-id14416626.html,2027 Mercedes-Benz CLA CLA 350 Electric 4MATIC at Mercedes-Benz Maple,65786 CAD,New,White,Beige,4804,Mercedes-Benz Maple,+1-905-585-9300,"{addr1: '9300 Jane St', city: 'Maple', region: 'Ontario', postal_code: 'L6A 0C5', country: 'CA'}",43.8344170000,-79.5341990000,,,,,https://www.mercedes-benz-maple.ca/privacy-policy.html,New,4804,In stock,,65786 CAD,Free,
W1KFJ4EB5VJ067936,W1KFJ4EB5VJ067936,27660117-new,Mercedes-Benz,CLA,CLA 350 Electric 4MATIC,2027,AUTOMATIC,SUV,GASOLINE,,"2027 Mercedes-Benz CLA CLA 350 Electric 4MATIC, White exterior","[{url:'https://carimages.d2cmedia.ca/newcarimages/en/cb6ab798baca942/Mercedes-Benz/CLA/2027/1200/485127-RWxlY3RyaWMgNE1BVElD/white/front45.png'},{url:'https://carimages.d2cmedia.ca/newcarimages/en/cb6ab798baca942/Mercedes-Benz/CLA/2027/1280/485127/white/front_45_degree.png'},{url:'https://carimages.d2cmedia.ca/newcarimages/en/cb6ab798baca942/Mercedes-Benz/CLA/2027/2100/485127/white/front_45_degree.png'},{url:'https://carimages.d2cmedia.ca/newcarimages/en/cb6ab798baca942/Mercedes-Benz/CLA/2027/2100/485127/white/profile.png'}]",90,KM,https://www.mercedes-benz-maple.ca/new/inventory/2027-Mercedes_Benz-CLA_350-id14429903.html,2027 Mercedes-Benz CLA CLA 350 Electric 4MATIC at Mercedes-Benz Maple,68586 CAD,New,White,Black,4804,Mercedes-Benz Maple,+1-905-585-9300,"{addr1: '9300 Jane St', city: 'Maple', region: 'Ontario', postal_code: 'L6A 0C5', country: 'CA'}",43.8344170000,-79.5341990000,,,,,https://www.mercedes-benz-maple.ca/privacy-policy.html,New,4804,In stock,,68586 CAD,Free,
W1KFJ4EB4VJ068575,W1KFJ4EB4VJ068575,27660118-new,Mercedes-Benz,CLA,CLA 350 Electric 4MATIC,2027,AUTOMATIC,SUV,GASOLINE,,"2027 Mercedes-Benz CLA CLA 350 Electric 4MATIC, Grey exterior","[{url:'https://carimages.d2cmedia.ca/newcarimages/en/cb6ab798baca942/Mercedes-Benz/CLA/2027/1200/485127-RWxlY3RyaWMgNE1BVElD/gray/front45.png'},{url:'https://carimages.d2cmedia.ca/newcarimages/en/cb6ab798baca942/Mercedes-Benz/CLA/2027/1280/485127/gray/front_45_degree.png'},{url:'https://carimages.d2cmedia.ca/newcarimages/en/cb6ab798baca942/Mercedes-Benz/CLA/2027/2100/485127/gray/front_45_degree.png'},{url:'https://carimages.d2cmedia.ca/newcarimages/en/cb6ab798baca942/Mercedes-Benz/CLA/2027/2100/485127/gray/profile.png'}]",90,KM,https://www.mercedes-benz-maple.ca/new/inventory/2027-Mercedes_Benz-CLA_350-id14348080.html,2027 Mercedes-Benz CLA CLA 350 Electric 4MATIC at Mercedes-Benz Maple,71186 CAD,New,Grey,Black,4804,Mercedes-Benz Maple,+1-905-585-9300,"{addr1: '9300 Jane St', city: 'Maple', region: 'Ontario', postal_code: 'L6A 0C5', country: 'CA'}",43.8344170000,-79.5341990000,,,,,https://www.mercedes-benz-maple.ca/privacy-policy.html,New,4804,In stock,,71186 CAD,Free,
W1K5J5BB6TN608438,W1K5J5BB6TN608438,26524442-new,Mercedes-Benz,CLA,AMG CLA 35 4MATIC Coupe,2026,AUTOMATIC,COUPE,GASOLINE,,"2026 Mercedes-Benz CLA AMG CLA 35 4MATIC Coupe, Black exterior","[{url:'https://carimages.d2cmedia.ca/newcarimages/en/cb6ab798baca942/Mercedes-Benz/CLA/2026/1200/471964-NE1BVElDIENvdXBl/X101012/front45.png'},{url:'https://carimages.d2cmedia.ca/newcarimages/en/cb6ab798baca942/Mercedes-Benz/CLA/2026/1280/471964/X101012/front_45_degree.png'},{url:'https://carimages.d2cmedia.ca/newcarimages/en/cb6ab798baca942/Mercedes-Benz/CLA/2026/2100/471964/X101012/front_45_degree.png'},{url:'https://carimages.d2cmedia.ca/newcarimages/en/cb6ab798baca942/Mercedes-Benz/CLA/2026/2100/471964/X101012/profile.png'},{url:'https://carimages.d2cmedia.ca/newcarimages/en/cb6ab798baca942/Mercedes-Benz/CLA/2026/2100/471964/X101012/back_45_degree.png'},{url:'https://carimages.d2cmedia.ca/newcarimages/en/cb6ab798baca942/Mercedes-Benz/CLA/2026/2100/471964/X101012/driver_dashboard.png'},{url:'https://carimages.d2cmedia.ca/newcarimages/en/cb6ab798baca942/Mercedes-Benz/CLA/2026/2100/471964/X101012/full_dashboard.png'},{url:'https://carimages.d2cmedia.ca/newcarimages/en/cb6ab798baca942/Mercedes-Benz/CLA/2026/2100/471964/X101012/interior_driver_open_seat.png'},{url:'https://carimages.d2cmedia.ca/newcarimages/en/cb6ab798baca942/Mercedes-Benz/CLA/2026/2100/471964/X101012/interior_driver_stereo.png'},{url:'https://carimages.d2cmedia.ca/newcarimages/en/cb6ab798baca942/Mercedes-Benz/CLA/2026/2100/471964/X101012/interior_driver_reat_seats.png'}]",90,KM,https://www.mercedes-benz-maple.ca/new/inventory/2026-Mercedes_Benz-CLA_35_AMG-id13383633.html,2026 Mercedes-Benz CLA AMG CLA 35 4MATIC Coupe at Mercedes-Benz Maple,79841 CAD,New,Black,Gray,4804,Mercedes-Benz Maple,+1-905-585-9300,"{addr1: '9300 Jane St', city: 'Maple', region: 'Ontario', postal_code: 'L6A 0C5', country: 'CA'}",43.8344170000,-79.5341990000,,,,,https://www.mercedes-benz-maple.ca/privacy-policy.html,New,4804,In stock,,79841 CAD,Free,
W1N4N4HB6TJ810899,W1N4N4HB6TJ810899,26505224-new,Mercedes-Benz,GLA,GLA 250 4MATIC SUV,2026,AUTOMATIC,SUV,GASOLINE,,"2026 Mercedes-Benz GLA GLA 250 4MATIC SUV, Black exterior","[{url:'https://imagescdn.d2cmedia.ca/cb6ab798baca942/4804/13046627/1/Mercedes_Benz-GLA-2026.jpg'},{url:'https://imagescdn.d2cmedia.ca/s86ab798baca942/4804/13046627/1/Mercedes_Benz-GLA_250-2026.jpg'},{url:'https://imagescdn.d2cmedia.ca/cb6ab798baca942/4804/13046627/1/Mercedes_Benz-GLA_250-2026.jpg'},{url:'https://imagescdn.d2cmedia.ca/cb6ab798baca942/4804/13046627/2/Mercedes_Benz-GLA_250-2026.jpg'},{url:'https://imagescdn.d2cmedia.ca/cb6ab798baca942/4804/13046627/3/Mercedes_Benz-GLA_250-2026.jpg'},{url:'https://imagescdn.d2cmedia.ca/cb6ab798baca942/4804/13046627/4/Mercedes_Benz-GLA_250-2026.jpg'},{url:'https://imagescdn.d2cmedia.ca/cb6ab798baca942/4804/13046627/5/Mercedes_Benz-GLA_250-2026.jpg'},{url:'https://imagescdn.d2cmedia.ca/cb6ab798baca942/4804/13046627/6/Mercedes_Benz-GLA_250-2026.jpg'},{url:'https://imagescdn.d2cmedia.ca/cb6ab798baca942/4804/13046627/7/Mercedes_Benz-GLA_250-2026.jpg'},{url:'https://imagescdn.d2cmedia.ca/cb6ab798baca942/4804/13046627/8/Mercedes_Benz-GLA_250-2026.jpg'}]",90,KM,https://www.mercedes-benz-maple.ca/new/inventory/2026-Mercedes_Benz-GLA_250-id13046627.html,2026 Mercedes-Benz GLA GLA 250 4MATIC SUV at Mercedes-Benz Maple,64611 CAD,New,Black,Brown,4804,Mercedes-Benz Maple,+1-905-585-9300,"{addr1: '9300 Jane St', city: 'Maple', region: 'Ontario', postal_code: 'L6A 0C5', country: 'CA'}",43.8344170000,-79.5341990000,,,,,https://www.mercedes-benz-maple.ca/privacy-policy.html,New,4804,In stock,,64611 CAD,Free,
W1N4N4HB0TJ830467,W1N4N4HB0TJ830467,26505222-new,Mercedes-Benz,GLA,GLA 250 4MATIC SUV,2026,AUTOMATIC,SUV,GASOLINE,,"2026 Mercedes-Benz GLA GLA 250 4MATIC SUV, Black exterior","[{url:'https://imagescdn.d2cmedia.ca/cb6ab798baca942/4804/13202440/1/Mercedes_Benz-GLA-2026.jpg'},{url:'https://imagescdn.d2cmedia.ca/s86ab798baca942/4804/13202440/1/Mercedes_Benz-GLA_250-2026.jpg'},{url:'https://imagescdn.d2cmedia.ca/cb6ab798baca942/4804/13202440/1/Mercedes_Benz-GLA_250-2026.jpg'},{url:'https://imagescdn.d2cmedia.ca/cb6ab798baca942/4804/13202440/2/Mercedes_Benz-GLA_250-2026.jpg'},{url:'https://imagescdn.d2cmedia.ca/cb6ab798baca942/4804/13202440/3/Mercedes_Benz-GLA_250-2026.jpg'},{url:'https://imagescdn.d2cmedia.ca/cb6ab798baca942/4804/13202440/4/Mercedes_Benz-GLA_250-2026.jpg'},{url:'https://imagescdn.d2cmedia.ca/cb6ab798baca942/4804/13202440/5/Mercedes_Benz-GLA_250-2026.jpg'},{url:'https://imagescdn.d2cmedia.ca/cb6ab798baca942/4804/13202440/6/Mercedes_Benz-GLA_250-2026.jpg'},{url:'https://imagescdn.d2cmedia.ca/cb6ab798baca942/4804/13202440/7/Mercedes_Benz-GLA_250-2026.jpg'},{url:'https://imagescdn.d2cmedia.ca/cb6ab798baca942/4804/13202440/8/Mercedes_Benz-GLA_250-2026.jpg'}]",90,KM,https://www.mercedes-benz-maple.ca/new/inventory/2026-Mercedes_Benz-GLA_250-id13202440.html,2026 Mercedes-Benz GLA GLA 250 4MATIC SUV at Mercedes-Benz Maple,64611 CAD,New,Black,Gray,4804,Mercedes-Benz Maple,+1-905-585-9300,"{addr1: '9300 Jane St', city: 'Maple', region: 'Ontario', postal_code: 'L6A 0C5', country: 'CA'}",43.8344170000,-79.5341990000,,,,,https://www.mercedes-benz-maple.ca/privacy-policy.html,New,4804,In stock,,64611 CAD,Free,
W1N4N4HBXTJ883340,W1N4N4HBXTJ883340,26654038-new,Mercedes-Benz,GLA,GLA 250 4MATIC SUV,2026,AUTOMATIC,SUV,GASOLINE,,"2026 Mercedes-Benz GLA GLA 250 4MATIC SUV, Black exterior","[{url:'https://carimages.d2cmedia.ca/newcarimages/en/cb6ab798baca942/Mercedes-Benz/GLA/2026/1200/472062-NE1BVElDIFNVVg/X101012/front45.png'},{url:'https://carimages.d2cmedia.ca/newcarimages/en/cb6ab798baca942/Mercedes-Benz/GLA/2026/1280/472062/X101012/front_45_degree.png'},{url:'https://carimages.d2cmedia.ca/newcarimages/en/cb6ab798baca942/Mercedes-Benz/GLA/2026/2100/472062/X101012/front_45_degree.png'},{url:'https://carimages.d2cmedia.ca/newcarimages/en/cb6ab798baca942/Mercedes-Benz/GLA/2026/2100/472062/X101012/profile.png'},{url:'https://carimages.d2cmedia.ca/newcarimages/en/cb6ab798baca942/Mercedes-Benz/GLA/2026/2100/472062/X101012/back_45_degree.png'},{url:'https://carimages.d2cmedia.ca/newcarimages/en/cb6ab798baca942/Mercedes-Benz/GLA/2026/2100/472062/X101012/driver_dashboard.png'},{url:'https://carimages.d2cmedia.ca/newcarimages/en/cb6ab798baca942/Mercedes-Benz/GLA/2026/2100/472062/X101012/full_dashboard.png'},{url:'https://carimages.d2cmedia.ca/newcarimages/en/cb6ab798baca942/Mercedes-Benz/GLA/2026/2100/472062/X101012/interior_driver_open_seat.png'},{url:'https://carimages.d2cmedia.ca/newcarimages/en/cb6ab798baca942/Mercedes-Benz/GLA/2026/2100/472062/X101012/interior_driver_stereo.png'},{url:'https://carimages.d2cmedia.ca/newcarimages/en/cb6ab798baca942/Mercedes-Benz/GLA/2026/2100/472062/X101012/interior_driver_reat_seats.png'}]",90,KM,https://www.mercedes-benz-maple.ca/new/inventory/2026-Mercedes_Benz-GLA_250-id14429899.html,2026 Mercedes-Benz GLA GLA 250 4MATIC SUV at Mercedes-Benz Maple,64611 CAD,New,Black,Brown,4804,Mercedes-Benz Maple,+1-905-585-9300,"{addr1: '9300 Jane St', city: 'Maple', region: 'Ontario', postal_code: 'L6A 0C5', country: 'CA'}",43.8344170000,-79.5341990000,,,,,https://www.mercedes-benz-maple.ca/privacy-policy.html,New,4804,In stock,,64611 CAD,Free,
W1N4N4HB9TJ813098,W1N4N4HB9TJ813098,26516729-new,Mercedes-Benz,GLA,GLA 250 4MATIC SUV,2026,AUTOMATIC,SUV,GASOLINE,,"2026 Mercedes-Benz GLA GLA 250 4MATIC SUV, Silver exterior","[{url:'https://imagescdn.d2cmedia.ca/cb6ab798baca942/4804/12896542/1/Mercedes_Benz-GLA-2026.jpg'},{url:'https://imagescdn.d2cmedia.ca/s86ab798baca942/4804/12896542/1/Mercedes_Benz-GLA_250-2026.jpg'},{url:'https://imagescdn.d2cmedia.ca/cb6ab798baca942/4804/12896542/1/Mercedes_Benz-GLA_250-2026.jpg'},{url:'https://imagescdn.d2cmedia.ca/cb6ab798baca942/4804/12896542/2/Mercedes_Benz-GLA_250-2026.jpg'},{url:'https://imagescdn.d2cmedia.ca/cb6ab798baca942/4804/12896542/3/Mercedes_Benz-GLA_250-2026.jpg'},{url:'https://imagescdn.d2cmedia.ca/cb6ab798baca942/4804/12896542/4/Mercedes_Benz-GLA_250-2026.jpg'},{url:'https://imagescdn.d2cmedia.ca/cb6ab798baca942/4804/12896542/5/Mercedes_Benz-GLA_250-2026.jpg'},{url:'https://imagescdn.d2cmedia.ca/cb6ab798baca942/4804/12896542/6/Mercedes_Benz-GLA_250-2026.jpg'},{url:'https://imagescdn.d2cmedia.ca/cb6ab798baca942/4804/12896542/7/Mercedes_Benz-GLA_250-2026.jpg'},{url:'https://imagescdn.d2cmedia.ca/cb6ab798baca942/4804/12896542/8/Mercedes_Benz-GLA_250-2026.jpg'}]",90,KM,https://www.mercedes-benz-maple.ca/new/inventory/2026-Mercedes_Benz-GLA_250-id12896542.html,2026 Mercedes-Benz GLA GLA 250 4MATIC SUV at Mercedes-Benz Maple,65311 CAD,New,Silver,Black,4804,Mercedes-Benz Maple,+1-905-585-9300,"{addr1: '9300 Jane St', city: 'Maple', region: 'Ontario', postal_code: 'L6A 0C5', country: 'CA'}",43.8344170000,-79.5341990000,,,,,https://www.mercedes-benz-maple.ca/privacy-policy.html,New,4804,In stock,,65311 CAD,Free,
W1N4N4HB7TJ839859,W1N4N4HB7TJ839859,26521120-new,Mercedes-Benz,GLA,GLA 250 4MATIC SUV,2026,AUTOMATIC,SUV,GASOLINE,,"2026 Mercedes-Benz GLA GLA 250 4MATIC SUV, Silver exterior","[{url:'https://imagescdn.d2cmedia.ca/cb6ab798baca942/4804/13336271/1/Mercedes_Benz-GLA-2026.jpg'},{url:'https://imagescdn.d2cmedia.ca/s86ab798baca942/4804/13336271/1/Mercedes_Benz-GLA_250-2026.jpg'},{url:'https://imagescdn.d2cmedia.ca/cb6ab798baca942/4804/13336271/1/Mercedes_Benz-GLA_250-2026.jpg'},{url:'https://imagescdn.d2cmedia.ca/cb6ab798baca942/4804/13336271/2/Mercedes_Benz-GLA_250-2026.jpg'},{url:'https://imagescdn.d2cmedia.ca/cb6ab798baca942/4804/13336271/3/Mercedes_Benz-GLA_250-2026.jpg'},{url:'https://imagescdn.d2cmedia.ca/cb6ab798baca942/4804/13336271/4/Mercedes_Benz-GLA_250-2026.jpg'},{url:'https://imagescdn.d2cmedia.ca/cb6ab798baca942/4804/13336271/5/Mercedes_Benz-GLA_250-2026.jpg'},{url:'https://imagescdn.d2cmedia.ca/cb6ab798baca942/4804/13336271/6/Mercedes_Benz-GLA_250-2026.jpg'},{url:'https://imagescdn.d2cmedia.ca/cb6ab798baca942/4804/13336271/7/Mercedes_Benz-GLA_250-2026.jpg'},{url:'https://imagescdn.d2cmedia.ca/cb6ab798baca942/4804/13336271/8/Mercedes_Benz-GLA_250-2026.jpg'}]",90,KM,https://www.mercedes-benz-maple.ca/new/inventory/2026-Mercedes_Benz-GLA_250-id13336271.html,2026 Mercedes-Benz GLA GLA 250 4MATIC SUV at Mercedes-Benz Maple,65311 CAD,New,Silver,Black,4804,Mercedes-Benz Maple,+1-905-585-9300,"{addr1: '9300 Jane St', city: 'Maple', region: 'Ontario', postal_code: 'L6A 0C5', country: 'CA'}",43.8344170000,-79.5341990000,,,,,https://www.mercedes-benz-maple.ca/privacy-policy.html,New,4804,In stock,,65311 CAD,Free,
W1N4N4HB2TJ882411,W1N4N4HB2TJ882411,26655721-new,Mercedes-Benz,GLA,GLA 250 4MATIC SUV,2026,AUTOMATIC,SUV,GASOLINE,,"2026 Mercedes-Benz GLA GLA 250 4MATIC SUV, Grey exterior","[{url:'https://carimages.d2cmedia.ca/newcarimages/en/cb6ab798baca942/Mercedes-Benz/GLA/2026/1200/472062-NE1BVElDIFNVVg/X818181/front45.png'},{url:'https://carimages.d2cmedia.ca/newcarimages/en/cb6ab798baca942/Mercedes-Benz/GLA/2026/1280/472062/X818181/front_45_degree.png'},{url:'https://carimages.d2cmedia.ca/newcarimages/en/cb6ab798baca942/Mercedes-Benz/GLA/2026/2100/472062/X818181/front_45_degree.png'},{url:'https://carimages.d2cmedia.ca/newcarimages/en/cb6ab798baca942/Mercedes-Benz/GLA/2026/2100/472062/X818181/profile.png'},{url:'https://carimages.d2cmedia.ca/newcarimages/en/cb6ab798baca942/Mercedes-Benz/GLA/2026/2100/472062/X818181/back_45_degree.png'},{url:'https://carimages.d2cmedia.ca/newcarimages/en/cb6ab798baca942/Mercedes-Benz/GLA/2026/2100/472062/X818181/driver_dashboard.png'},{url:'https://carimages.d2cmedia.ca/newcarimages/en/cb6ab798baca942/Mercedes-Benz/GLA/2026/2100/472062/X818181/full_dashboard.png'},{url:'https://carimages.d2cmedia.ca/newcarimages/en/cb6ab798baca942/Mercedes-Benz/GLA/2026/2100/472062/X818181/interior_driver_open_seat.png'},{url:'https://carimages.d2cmedia.ca/newcarimages/en/cb6ab798baca942/Mercedes-Benz/GLA/2026/2100/472062/X818181/interior_driver_stereo.png'},{url:'https://carimages.d2cmedia.ca/newcarimages/en/cb6ab798baca942/Mercedes-Benz/GLA/2026/2100/472062/X818181/interior_driver_reat_seats.png'}]",90,KM,https://www.mercedes-benz-maple.ca/new/inventory/2026-Mercedes_Benz-GLA_250-id13976358.html,2026 Mercedes-Benz GLA GLA 250 4MATIC SUV at Mercedes-Benz Maple,65311 CAD,New,Grey,Gray,4804,Mercedes-Benz Maple,+1-905-585-9300,"{addr1: '9300 Jane St', city: 'Maple', region: 'Ontario', postal_code: 'L6A 0C5', country: 'CA'}",43.8344170000,-79.5341990000,,,,,https://www.mercedes-benz-maple.ca/privacy-policy.html,New,4804,In stock,,65311 CAD,Free,
W1N4N4HB6TJ861576,W1N4N4HB6TJ861576,26648258-new,Mercedes-Benz,GLA,GLA 250 4MATIC SUV,2026,AUTOMATIC,SUV,GASOLINE,,"2026 Mercedes-Benz GLA GLA 250 4MATIC SUV, White exterior","[{url:'https://carimages.d2cmedia.ca/newcarimages/en/cb6ab798baca942/Mercedes-Benz/GLA/2026/1200/472062-NE1BVElDIFNVVg/white/front45.png'},{url:'https://carimages.d2cmedia.ca/newcarimages/en/cb6ab798baca942/Mercedes-Benz/GLA/2026/1280/472062/white/front_45_degree.png'},{url:'https://carimages.d2cmedia.ca/newcarimages/en/cb6ab798baca942/Mercedes-Benz/GLA/2026/2100/472062/white/front_45_degree.png'},{url:'https://carimages.d2cmedia.ca/newcarimages/en/cb6ab798baca942/Mercedes-Benz/GLA/2026/2100/472062/white/profile.png'},{url:'https://carimages.d2cmedia.ca/newcarimages/en/cb6ab798baca942/Mercedes-Benz/GLA/2026/2100/472062/white/back_45_degree.png'},{url:'https://carimages.d2cmedia.ca/newcarimages/en/cb6ab798baca942/Mercedes-Benz/GLA/2026/2100/472062/white/driver_dashboard.png'},{url:'https://carimages.d2cmedia.ca/newcarimages/en/cb6ab798baca942/Mercedes-Benz/GLA/2026/2100/472062/white/full_dashboard.png'},{url:'https://carimages.d2cmedia.ca/newcarimages/en/cb6ab798baca942/Mercedes-Benz/GLA/2026/2100/472062/white/interior_driver_open_seat.png'},{url:'https://carimages.d2cmedia.ca/newcarimages/en/cb6ab798baca942/Mercedes-Benz/GLA/2026/2100/472062/white/interior_driver_stereo.png'},{url:'https://carimages.d2cmedia.ca/newcarimages/en/cb6ab798baca942/Mercedes-Benz/GLA/2026/2100/472062/white/interior_driver_reat_seats.png'}]",90,KM,https://www.mercedes-benz-maple.ca/new/inventory/2026-Mercedes_Benz-GLA_250-id13543805.html,2026 Mercedes-Benz GLA GLA 250 4MATIC SUV at Mercedes-Benz Maple,65811 CAD,New,White,Black,4804,Mercedes-Benz Maple,+1-905-585-9300,"{addr1: '9300 Jane St', city: 'Maple', region: 'Ontario', postal_code: 'L6A 0C5', country: 'CA'}",43.8344170000,-79.5341990000,,,,,https://www.mercedes-benz-maple.ca/privacy-policy.html,New,4804,In stock,,65811 CAD,Free,
W1N4N4HB0TJ904163,W1N4N4HB0TJ904163,26657445-new,Mercedes-Benz,GLA,GLA 250 4MATIC SUV,2026,AUTOMATIC,SUV,GASOLINE,,"2026 Mercedes-Benz GLA GLA 250 4MATIC SUV, White exterior","[{url:'https://carimages.d2cmedia.ca/newcarimages/en/cb6ab798baca942/Mercedes-Benz/GLA/2026/1200/472062-NE1BVElDIFNVVg/white/front45.png'},{url:'https://carimages.d2cmedia.ca/newcarimages/en/cb6ab798baca942/Mercedes-Benz/GLA/2026/1280/472062/white/front_45_degree.png'},{url:'https://carimages.d2cmedia.ca/newcarimages/en/cb6ab798baca942/Mercedes-Benz/GLA/2026/2100/472062/white/front_45_degree.png'},{url:'https://carimages.d2cmedia.ca/newcarimages/en/cb6ab798baca942/Mercedes-Benz/GLA/2026/2100/472062/white/profile.png'},{url:'https://carimages.d2cmedia.ca/newcarimages/en/cb6ab798baca942/Mercedes-Benz/GLA/2026/2100/472062/white/back_45_degree.png'},{url:'https://carimages.d2cmedia.ca/newcarimages/en/cb6ab798baca942/Mercedes-Benz/GLA/2026/2100/472062/white/driver_dashboard.png'},{url:'https://carimages.d2cmedia.ca/newcarimages/en/cb6ab798baca942/Mercedes-Benz/GLA/2026/2100/472062/white/full_dashboard.png'},{url:'https://carimages.d2cmedia.ca/newcarimages/en/cb6ab798baca942/Mercedes-Benz/GLA/2026/2100/472062/white/interior_driver_open_seat.png'},{url:'https://carimages.d2cmedia.ca/newcarimages/en/cb6ab798baca942/Mercedes-Benz/GLA/2026/2100/472062/white/interior_driver_stereo.png'},{url:'https://carimages.d2cmedia.ca/newcarimages/en/cb6ab798baca942/Mercedes-Benz/GLA/2026/2100/472062/white/interior_driver_reat_seats.png'}]",90,KM,https://www.mercedes-benz-maple.ca/new/inventory/2026-Mercedes_Benz-GLA_250-id14436060.html,2026 Mercedes-Benz GLA GLA 250 4MATIC SUV at Mercedes-Benz Maple,66411 CAD,New,White,Red,4804,Mercedes-Benz Maple,+1-905-585-9300,"{addr1: '9300 Jane St', city: 'Maple', region: 'Ontario', postal_code: 'L6A 0C5', country: 'CA'}",43.8344170000,-79.5341990000,,,,,https://www.mercedes-benz-maple.ca/privacy-policy.html,New,4804,In stock,,66411 CAD,Free,
W1N4N4HB1TJ802578,W1N4N4HB1TJ802578,26505295-new,Mercedes-Benz,GLA,GLA 250 4MATIC SUV,2026,AUTOMATIC,SUV,GASOLINE,,"2026 Mercedes-Benz GLA GLA 250 4MATIC SUV, Grey exterior","[{url:'https://imagescdn.d2cmedia.ca/cb6ab798baca942/4804/13028491/1/Mercedes_Benz-GLA-2026.jpg'},{url:'https://imagescdn.d2cmedia.ca/s86ab798baca942/4804/13028491/1/Mercedes_Benz-GLA_250-2026.jpg'},{url:'https://imagescdn.d2cmedia.ca/cb6ab798baca942/4804/13028491/1/Mercedes_Benz-GLA_250-2026.jpg'},{url:'https://imagescdn.d2cmedia.ca/cb6ab798baca942/4804/13028491/2/Mercedes_Benz-GLA_250-2026.jpg'},{url:'https://imagescdn.d2cmedia.ca/cb6ab798baca942/4804/13028491/3/Mercedes_Benz-GLA_250-2026.jpg'},{url:'https://imagescdn.d2cmedia.ca/cb6ab798baca942/4804/13028491/4/Mercedes_Benz-GLA_250-2026.jpg'},{url:'https://imagescdn.d2cmedia.ca/cb6ab798baca942/4804/13028491/5/Mercedes_Benz-GLA_250-2026.jpg'},{url:'https://imagescdn.d2cmedia.ca/cb6ab798baca942/4804/13028491/6/Mercedes_Benz-GLA_250-2026.jpg'},{url:'https://imagescdn.d2cmedia.ca/cb6ab798baca942/4804/13028491/7/Mercedes_Benz-GLA_250-2026.jpg'},{url:'https://imagescdn.d2cmedia.ca/cb6ab798baca942/4804/13028491/8/Mercedes_Benz-GLA_250-2026.jpg'}]",90,KM,https://www.mercedes-benz-maple.ca/new/inventory/2026-Mercedes_Benz-GLA_250-id13028491.html,2026 Mercedes-Benz GLA GLA 250 4MATIC SUV at Mercedes-Benz Maple,67711 CAD,New,Grey,Black,4804,Mercedes-Benz Maple,+1-905-585-9300,"{addr1: '9300 Jane St', city: 'Maple', region: 'Ontario', postal_code: 'L6A 0C5', country: 'CA'}",43.8344170000,-79.5341990000,,,,,https://www.mercedes-benz-maple.ca/privacy-policy.html,New,4804,In stock,,67711 CAD,Free,
W1N4M4HB0TW489061,W1N4M4HB0TW489061,26652703-new,Mercedes-Benz,GLB,GLB 250 4MATIC SUV,2026,AUTOMATIC,SUV,GASOLINE,,"2026 Mercedes-Benz GLB GLB 250 4MATIC SUV, White exterior","[{url:'https://carimages.d2cmedia.ca/newcarimages/en/cb6ab798baca942/Mercedes-Benz/GLB/2026/1200/471966-NE1BVElDIFNVVg/white/front45.png'},{url:'https://carimages.d2cmedia.ca/newcarimages/en/cb6ab798baca942/Mercedes-Benz/GLB/2026/1280/471966/white/front_45_degree.png'},{url:'https://carimages.d2cmedia.ca/newcarimages/en/cb6ab798baca942/Mercedes-Benz/GLB/2026/2100/471966/white/front_45_degree.png'},{url:'https://carimages.d2cmedia.ca/newcarimages/en/cb6ab798baca942/Mercedes-Benz/GLB/2026/2100/471966/white/profile.png'},{url:'https://carimages.d2cmedia.ca/newcarimages/en/cb6ab798baca942/Mercedes-Benz/GLB/2026/2100/471966/white/back_45_degree.png'},{url:'https://carimages.d2cmedia.ca/newcarimages/en/cb6ab798baca942/Mercedes-Benz/GLB/2026/2100/471966/white/driver_dashboard.png'},{url:'https://carimages.d2cmedia.ca/newcarimages/en/cb6ab798baca942/Mercedes-Benz/GLB/2026/2100/471966/white/full_dashboard.png'},{url:'https://carimages.d2cmedia.ca/newcarimages/en/cb6ab798baca942/Mercedes-Benz/GLB/2026/2100/471966/white/interior_driver_open_seat.png'},{url:'https://carimages.d2cmedia.ca/newcarimages/en/cb6ab798baca942/Mercedes-Benz/GLB/2026/2100/471966/white/interior_driver_stereo.png'},{url:'https://carimages.d2cmedia.ca/newcarimages/en/cb6ab798baca942/Mercedes-Benz/GLB/2026/2100/471966/white/interior_driver_reat_seats.png'}]",90,KM,https://www.mercedes-benz-maple.ca/new/inventory/2026-Mercedes_Benz-GLB_250-id13874311.html,2026 Mercedes-Benz GLB GLB 250 4MATIC SUV at Mercedes-Benz Maple,67611 CAD,New,White,Black,4804,Mercedes-Benz Maple,+1-905-585-9300,"{addr1: '9300 Jane St', city: 'Maple', region: 'Ontario', postal_code: 'L6A 0C5', country: 'CA'}",43.8344170000,-79.5341990000,,,,,https://www.mercedes-benz-maple.ca/privacy-policy.html,New,4804,In stock,,67611 CAD,Free,
W1N4M4HB4TW485286,W1N4M4HB4TW485286,26648402-new,Mercedes-Benz,GLB,GLB 250 4MATIC SUV,2026,AUTOMATIC,SUV,GASOLINE,,"2026 Mercedes-Benz GLB GLB 250 4MATIC SUV, Grey exterior","[{url:'https://carimages.d2cmedia.ca/newcarimages/en/cb6ab798baca942/Mercedes-Benz/GLB/2026/1200/471966-NE1BVElDIFNVVg/gray/front45.png'},{url:'https://carimages.d2cmedia.ca/newcarimages/en/cb6ab798baca942/Mercedes-Benz/GLB/2026/1280/471966/gray/front_45_degree.png'},{url:'https://carimages.d2cmedia.ca/newcarimages/en/cb6ab798baca942/Mercedes-Benz/GLB/2026/2100/471966/gray/front_45_degree.png'},{url:'https://carimages.d2cmedia.ca/newcarimages/en/cb6ab798baca942/Mercedes-Benz/GLB/2026/2100/471966/gray/profile.png'},{url:'https://carimages.d2cmedia.ca/newcarimages/en/cb6ab798baca942/Mercedes-Benz/GLB/2026/2100/471966/gray/back_45_degree.png'},{url:'https://carimages.d2cmedia.ca/newcarimages/en/cb6ab798baca942/Mercedes-Benz/GLB/2026/2100/471966/gray/driver_dashboard.png'},{url:'https://carimages.d2cmedia.ca/newcarimages/en/cb6ab798baca942/Mercedes-Benz/GLB/2026/2100/471966/gray/full_dashboard.png'},{url:'https://carimages.d2cmedia.ca/newcarimages/en/cb6ab798baca942/Mercedes-Benz/GLB/2026/2100/471966/gray/interior_driver_open_seat.png'},{url:'https://carimages.d2cmedia.ca/newcarimages/en/cb6ab798baca942/Mercedes-Benz/GLB/2026/2100/471966/gray/interior_driver_stereo.png'},{url:'https://carimages.d2cmedia.ca/newcarimages/en/cb6ab798baca942/Mercedes-Benz/GLB/2026/2100/471966/gray/interior_driver_reat_seats.png'}]",90,KM,https://www.mercedes-benz-maple.ca/new/inventory/2026-Mercedes_Benz-GLB_250-id13755901.html,2026 Mercedes-Benz GLB GLB 250 4MATIC SUV at Mercedes-Benz Maple,67811 CAD,New,Grey,Brown,4804,Mercedes-Benz Maple,+1-905-585-9300,"{addr1: '9300 Jane St', city: 'Maple', region: 'Ontario', postal_code: 'L6A 0C5', country: 'CA'}",43.8344170000,-79.5341990000,,,,,https://www.mercedes-benz-maple.ca/privacy-policy.html,New,4804,In stock,,67811 CAD,Free,
W1N4M4HB3TW479611,W1N4M4HB3TW479611,26528493-new,Mercedes-Benz,GLB,GLB 250 4MATIC SUV,2026,AUTOMATIC,SUV,GASOLINE,,"2026 Mercedes-Benz GLB GLB 250 4MATIC SUV, White exterior","[{url:'https://carimages.d2cmedia.ca/newcarimages/en/cb6ab798baca942/Mercedes-Benz/GLB/2026/1200/471966-NE1BVElDIFNVVg/white/front45.png'},{url:'https://carimages.d2cmedia.ca/newcarimages/fr/cb6ab798baca942/Mercedes-Benz/GLB/2026/640/471966-NE1BVElDIFNVVg/white/front_45_degree.png'},{url:'https://carimages.d2cmedia.ca/newcarimages/fr/cb6ab798baca942/Mercedes-Benz/GLB/2026/2100/471966-NE1BVElDIFNVVg/white/front_45_degree.png'}]",90,KM,https://www.mercedes-benz-maple.ca/new/inventory/2026-Mercedes_Benz-GLB_250-id13599151.html,2026 Mercedes-Benz GLB GLB 250 4MATIC SUV at Mercedes-Benz Maple,68311 CAD,New,White,Black,4804,Mercedes-Benz Maple,+1-905-585-9300,"{addr1: '9300 Jane St', city: 'Maple', region: 'Ontario', postal_code: 'L6A 0C5', country: 'CA'}",43.8344170000,-79.5341990000,,,,,https://www.mercedes-benz-maple.ca/privacy-policy.html,New,4804,In stock,,68311 CAD,Free,
W1N4M4HB6TW480218,W1N4M4HB6TW480218,26528425-new,Mercedes-Benz,GLB,GLB 250 4MATIC SUV,2026,AUTOMATIC,SUV,GASOLINE,,"2026 Mercedes-Benz GLB GLB 250 4MATIC SUV, White exterior","[{url:'https://carimages.d2cmedia.ca/newcarimages/en/cb6ab798baca942/Mercedes-Benz/GLB/2026/1200/471966-NE1BVElDIFNVVg/white/front45.png'},{url:'https://carimages.d2cmedia.ca/newcarimages/en/cb6ab798baca942/Mercedes-Benz/GLB/2026/1280/471966/white/front_45_degree.png'},{url:'https://carimages.d2cmedia.ca/newcarimages/en/cb6ab798baca942/Mercedes-Benz/GLB/2026/2100/471966/white/front_45_degree.png'},{url:'https://carimages.d2cmedia.ca/newcarimages/en/cb6ab798baca942/Mercedes-Benz/GLB/2026/2100/471966/white/profile.png'},{url:'https://carimages.d2cmedia.ca/newcarimages/en/cb6ab798baca942/Mercedes-Benz/GLB/2026/2100/471966/white/back_45_degree.png'},{url:'https://carimages.d2cmedia.ca/newcarimages/en/cb6ab798baca942/Mercedes-Benz/GLB/2026/2100/471966/white/driver_dashboard.png'},{url:'https://carimages.d2cmedia.ca/newcarimages/en/cb6ab798baca942/Mercedes-Benz/GLB/2026/2100/471966/white/full_dashboard.png'},{url:'https://carimages.d2cmedia.ca/newcarimages/en/cb6ab798baca942/Mercedes-Benz/GLB/2026/2100/471966/white/interior_driver_open_seat.png'},{url:'https://carimages.d2cmedia.ca/newcarimages/en/cb6ab798baca942/Mercedes-Benz/GLB/2026/2100/471966/white/interior_driver_stereo.png'},{url:'https://carimages.d2cmedia.ca/newcarimages/en/cb6ab798baca942/Mercedes-Benz/GLB/2026/2100/471966/white/interior_driver_reat_seats.png'}]",90,KM,https://www.mercedes-benz-maple.ca/new/inventory/2026-Mercedes_Benz-GLB_250-id13680760.html,2026 Mercedes-Benz GLB GLB 250 4MATIC SUV at Mercedes-Benz Maple,68311 CAD,New,White,Black,4804,Mercedes-Benz Maple,+1-905-585-9300,"{addr1: '9300 Jane St', city: 'Maple', region: 'Ontario', postal_code: 'L6A 0C5', country: 'CA'}",43.8344170000,-79.5341990000,,,,,https://www.mercedes-benz-maple.ca/privacy-policy.html,New,4804,In stock,,68311 CAD,Free,
W1N4M4HB3TW480628,W1N4M4HB3TW480628,26528387-new,Mercedes-Benz,GLB,GLB 250 4MATIC SUV,2026,AUTOMATIC,SUV,GASOLINE,,"2026 Mercedes-Benz GLB GLB 250 4MATIC SUV, White exterior","[{url:'https://carimages.d2cmedia.ca/newcarimages/en/cb6ab798baca942/Mercedes-Benz/GLB/2026/1200/471966-NE1BVElDIFNVVg/white/front45.png'},{url:'https://carimages.d2cmedia.ca/newcarimages/en/cb6ab798baca942/Mercedes-Benz/GLB/2026/1280/471966/white/front_45_degree.png'},{url:'https://carimages.d2cmedia.ca/newcarimages/en/cb6ab798baca942/Mercedes-Benz/GLB/2026/2100/471966/white/front_45_degree.png'},{url:'https://carimages.d2cmedia.ca/newcarimages/en/cb6ab798baca942/Mercedes-Benz/GLB/2026/2100/471966/white/profile.png'},{url:'https://carimages.d2cmedia.ca/newcarimages/en/cb6ab798baca942/Mercedes-Benz/GLB/2026/2100/471966/white/back_45_degree.png'},{url:'https://carimages.d2cmedia.ca/newcarimages/en/cb6ab798baca942/Mercedes-Benz/GLB/2026/2100/471966/white/driver_dashboard.png'},{url:'https://carimages.d2cmedia.ca/newcarimages/en/cb6ab798baca942/Mercedes-Benz/GLB/2026/2100/471966/white/full_dashboard.png'},{url:'https://carimages.d2cmedia.ca/newcarimages/en/cb6ab798baca942/Mercedes-Benz/GLB/2026/2100/471966/white/interior_driver_open_seat.png'},{url:'https://carimages.d2cmedia.ca/newcarimages/en/cb6ab798baca942/Mercedes-Benz/GLB/2026/2100/471966/white/interior_driver_stereo.png'},{url:'https://carimages.d2cmedia.ca/newcarimages/en/cb6ab798baca942/Mercedes-Benz/GLB/2026/2100/471966/white/interior_driver_reat_seats.png'}]",90,KM,https://www.mercedes-benz-maple.ca/new/inventory/2026-Mercedes_Benz-GLB_250-id13680757.html,2026 Mercedes-Benz GLB GLB 250 4MATIC SUV at Mercedes-Benz Maple,68611 CAD,New,White,Brown,4804,Mercedes-Benz Maple,+1-905-585-9300,"{addr1: '9300 Jane St', city: 'Maple', region: 'Ontario', postal_code: 'L6A 0C5', country: 'CA'}",43.8344170000,-79.5341990000,,,,,https://www.mercedes-benz-maple.ca/privacy-policy.html,New,4804,In stock,,68611 CAD,Free,
W1N4M4HB1TW484242,W1N4M4HB1TW484242,26648304-new,Mercedes-Benz,GLB,GLB 250 4MATIC SUV,2026,AUTOMATIC,SUV,GASOLINE,,"2026 Mercedes-Benz GLB GLB 250 4MATIC SUV, White exterior","[{url:'https://carimages.d2cmedia.ca/newcarimages/en/cb6ab798baca942/Mercedes-Benz/GLB/2026/1200/471966-NE1BVElDIFNVVg/white/front45.png'},{url:'https://carimages.d2cmedia.ca/newcarimages/fr/cb6ab798baca942/Mercedes-Benz/GLB/2026/640/471966-NE1BVElDIFNVVg/white/front_45_degree.png'},{url:'https://carimages.d2cmedia.ca/newcarimages/fr/cb6ab798baca942/Mercedes-Benz/GLB/2026/2100/471966-NE1BVElDIFNVVg/white/front_45_degree.png'}]",90,KM,https://www.mercedes-benz-maple.ca/new/inventory/2026-Mercedes_Benz-GLB_250-id13755891.html,2026 Mercedes-Benz GLB GLB 250 4MATIC SUV at Mercedes-Benz Maple,68611 CAD,New,White,Brown,4804,Mercedes-Benz Maple,+1-905-585-9300,"{addr1: '9300 Jane St', city: 'Maple', region: 'Ontario', postal_code: 'L6A 0C5', country: 'CA'}",43.8344170000,-79.5341990000,,,,,https://www.mercedes-benz-maple.ca/privacy-policy.html,New,4804,In stock,,68611 CAD,Free,
W1N4M4HB7TW485072,W1N4M4HB7TW485072,26648387-new,Mercedes-Benz,GLB,GLB 250 4MATIC SUV,2026,AUTOMATIC,SUV,GASOLINE,,"2026 Mercedes-Benz GLB GLB 250 4MATIC SUV, Black exterior","[{url:'https://carimages.d2cmedia.ca/newcarimages/en/cb6ab798baca942/Mercedes-Benz/GLB/2026/1200/471966-NE1BVElDIFNVVg/X101012/front45.png'},{url:'https://carimages.d2cmedia.ca/newcarimages/en/cb6ab798baca942/Mercedes-Benz/GLB/2026/1280/471966/X101012/front_45_degree.png'},{url:'https://carimages.d2cmedia.ca/newcarimages/en/cb6ab798baca942/Mercedes-Benz/GLB/2026/2100/471966/X101012/front_45_degree.png'},{url:'https://carimages.d2cmedia.ca/newcarimages/en/cb6ab798baca942/Mercedes-Benz/GLB/2026/2100/471966/X101012/profile.png'},{url:'https://carimages.d2cmedia.ca/newcarimages/en/cb6ab798baca942/Mercedes-Benz/GLB/2026/2100/471966/X101012/back_45_degree.png'},{url:'https://carimages.d2cmedia.ca/newcarimages/en/cb6ab798baca942/Mercedes-Benz/GLB/2026/2100/471966/X101012/driver_dashboard.png'},{url:'https://carimages.d2cmedia.ca/newcarimages/en/cb6ab798baca942/Mercedes-Benz/GLB/2026/2100/471966/X101012/full_dashboard.png'},{url:'https://carimages.d2cmedia.ca/newcarimages/en/cb6ab798baca942/Mercedes-Benz/GLB/2026/2100/471966/X101012/interior_driver_open_seat.png'},{url:'https://carimages.d2cmedia.ca/newcarimages/en/cb6ab798baca942/Mercedes-Benz/GLB/2026/2100/471966/X101012/interior_driver_stereo.png'},{url:'https://carimages.d2cmedia.ca/newcarimages/en/cb6ab798baca942/Mercedes-Benz/GLB/2026/2100/471966/X101012/interior_driver_reat_seats.png'}]",90,KM,https://www.mercedes-benz-maple.ca/new/inventory/2026-Mercedes_Benz-GLB_250-id13755892.html,2026 Mercedes-Benz GLB GLB 250 4MATIC SUV at Mercedes-Benz Maple,68611 CAD,New,Black,Black,4804,Mercedes-Benz Maple,+1-905-585-9300,"{addr1: '9300 Jane St', city: 'Maple', region: 'Ontario', postal_code: 'L6A 0C5', country: 'CA'}",43.8344170000,-79.5341990000,,,,,https://www.mercedes-benz-maple.ca/privacy-policy.html,New,4804,In stock,,68611 CAD,Free,
W1N4M4HB3TW485280,W1N4M4HB3TW485280,26648389-new,Mercedes-Benz,GLB,GLB 250 4MATIC SUV,2026,AUTOMATIC,SUV,GASOLINE,,"2026 Mercedes-Benz GLB GLB 250 4MATIC SUV, White exterior","[{url:'https://carimages.d2cmedia.ca/newcarimages/en/cb6ab798baca942/Mercedes-Benz/GLB/2026/1200/471966-NE1BVElDIFNVVg/white/front45.png'},{url:'https://carimages.d2cmedia.ca/newcarimages/en/cb6ab798baca942/Mercedes-Benz/GLB/2026/1280/471966/white/front_45_degree.png'},{url:'https://carimages.d2cmedia.ca/newcarimages/en/cb6ab798baca942/Mercedes-Benz/GLB/2026/2100/471966/white/front_45_degree.png'},{url:'https://carimages.d2cmedia.ca/newcarimages/en/cb6ab798baca942/Mercedes-Benz/GLB/2026/2100/471966/white/profile.png'},{url:'https://carimages.d2cmedia.ca/newcarimages/en/cb6ab798baca942/Mercedes-Benz/GLB/2026/2100/471966/white/back_45_degree.png'},{url:'https://carimages.d2cmedia.ca/newcarimages/en/cb6ab798baca942/Mercedes-Benz/GLB/2026/2100/471966/white/driver_dashboard.png'},{url:'https://carimages.d2cmedia.ca/newcarimages/en/cb6ab798baca942/Mercedes-Benz/GLB/2026/2100/471966/white/full_dashboard.png'},{url:'https://carimages.d2cmedia.ca/newcarimages/en/cb6ab798baca942/Mercedes-Benz/GLB/2026/2100/471966/white/interior_driver_open_seat.png'},{url:'https://carimages.d2cmedia.ca/newcarimages/en/cb6ab798baca942/Mercedes-Benz/GLB/2026/2100/471966/white/interior_driver_stereo.png'},{url:'https://carimages.d2cmedia.ca/newcarimages/en/cb6ab798baca942/Mercedes-Benz/GLB/2026/2100/471966/white/interior_driver_reat_seats.png'}]",90,KM,https://www.mercedes-benz-maple.ca/new/inventory/2026-Mercedes_Benz-GLB_250-id13795003.html,2026 Mercedes-Benz GLB GLB 250 4MATIC SUV at Mercedes-Benz Maple,68611 CAD,New,White,Brown,4804,Mercedes-Benz Maple,+1-905-585-9300,"{addr1: '9300 Jane St', city: 'Maple', region: 'Ontario', postal_code: 'L6A 0C5', country: 'CA'}",43.8344170000,-79.5341990000,,,,,https://www.mercedes-benz-maple.ca/privacy-policy.html,New,4804,In stock,,68611 CAD,Free,
W1N4M4HB1TW488050,W1N4M4HB1TW488050,26652579-new,Mercedes-Benz,GLB,GLB 250 4MATIC SUV,2026,AUTOMATIC,SUV,GASOLINE,,"2026 Mercedes-Benz GLB GLB 250 4MATIC SUV, White exterior","[{url:'https://carimages.d2cmedia.ca/newcarimages/en/cb6ab798baca942/Mercedes-Benz/GLB/2026/1200/471966-NE1BVElDIFNVVg/white/front45.png'},{url:'https://carimages.d2cmedia.ca/newcarimages/en/cb6ab798baca942/Mercedes-Benz/GLB/2026/1280/471966/white/front_45_degree.png'},{url:'https://carimages.d2cmedia.ca/newcarimages/en/cb6ab798baca942/Mercedes-Benz/GLB/2026/2100/471966/white/front_45_degree.png'},{url:'https://carimages.d2cmedia.ca/newcarimages/en/cb6ab798baca942/Mercedes-Benz/GLB/2026/2100/471966/white/profile.png'},{url:'https://carimages.d2cmedia.ca/newcarimages/en/cb6ab798baca942/Mercedes-Benz/GLB/2026/2100/471966/white/back_45_degree.png'},{url:'https://carimages.d2cmedia.ca/newcarimages/en/cb6ab798baca942/Mercedes-Benz/GLB/2026/2100/471966/white/driver_dashboard.png'},{url:'https://carimages.d2cmedia.ca/newcarimages/en/cb6ab798baca942/Mercedes-Benz/GLB/2026/2100/471966/white/full_dashboard.png'},{url:'https://carimages.d2cmedia.ca/newcarimages/en/cb6ab798baca942/Mercedes-Benz/GLB/2026/2100/471966/white/interior_driver_open_seat.png'},{url:'https://carimages.d2cmedia.ca/newcarimages/en/cb6ab798baca942/Mercedes-Benz/GLB/2026/2100/471966/white/interior_driver_stereo.png'},{url:'https://carimages.d2cmedia.ca/newcarimages/en/cb6ab798baca942/Mercedes-Benz/GLB/2026/2100/471966/white/interior_driver_reat_seats.png'}]",90,KM,https://www.mercedes-benz-maple.ca/new/inventory/2026-Mercedes_Benz-GLB_250-id13874310.html,2026 Mercedes-Benz GLB GLB 250 4MATIC SUV at Mercedes-Benz Maple,68611 CAD,New,White,Black,4804,Mercedes-Benz Maple,+1-905-585-9300,"{addr1: '9300 Jane St', city: 'Maple', region: 'Ontario', postal_code: 'L6A 0C5', country: 'CA'}",43.8344170000,-79.5341990000,,,,,https://www.mercedes-benz-maple.ca/privacy-policy.html,New,4804,In stock,,68611 CAD,Free,
W1N4M4HBXTW490430,W1N4M4HBXTW490430,26652666-new,Mercedes-Benz,GLB,GLB 250 4MATIC SUV,2026,AUTOMATIC,SUV,GASOLINE,,"2026 Mercedes-Benz GLB GLB 250 4MATIC SUV, Black exterior","[{url:'https://carimages.d2cmedia.ca/newcarimages/en/cb6ab798baca942/Mercedes-Benz/GLB/2026/1200/471966-NE1BVElDIFNVVg/X101012/front45.png'},{url:'https://carimages.d2cmedia.ca/newcarimages/en/cb6ab798baca942/Mercedes-Benz/GLB/2026/1280/471966/X101012/front_45_degree.png'},{url:'https://carimages.d2cmedia.ca/newcarimages/en/cb6ab798baca942/Mercedes-Benz/GLB/2026/2100/471966/X101012/front_45_degree.png'},{url:'https://carimages.d2cmedia.ca/newcarimages/en/cb6ab798baca942/Mercedes-Benz/GLB/2026/2100/471966/X101012/profile.png'},{url:'https://carimages.d2cmedia.ca/newcarimages/en/cb6ab798baca942/Mercedes-Benz/GLB/2026/2100/471966/X101012/back_45_degree.png'},{url:'https://carimages.d2cmedia.ca/newcarimages/en/cb6ab798baca942/Mercedes-Benz/GLB/2026/2100/471966/X101012/driver_dashboard.png'},{url:'https://carimages.d2cmedia.ca/newcarimages/en/cb6ab798baca942/Mercedes-Benz/GLB/2026/2100/471966/X101012/full_dashboard.png'},{url:'https://carimages.d2cmedia.ca/newcarimages/en/cb6ab798baca942/Mercedes-Benz/GLB/2026/2100/471966/X101012/interior_driver_open_seat.png'},{url:'https://carimages.d2cmedia.ca/newcarimages/en/cb6ab798baca942/Mercedes-Benz/GLB/2026/2100/471966/X101012/interior_driver_stereo.png'},{url:'https://carimages.d2cmedia.ca/newcarimages/en/cb6ab798baca942/Mercedes-Benz/GLB/2026/2100/471966/X101012/interior_driver_reat_seats.png'}]",90,KM,https://www.mercedes-benz-maple.ca/new/inventory/2026-Mercedes_Benz-GLB_250-id13976353.html,2026 Mercedes-Benz GLB GLB 250 4MATIC SUV at Mercedes-Benz Maple,68611 CAD,New,Black,Black,4804,Mercedes-Benz Maple,+1-905-585-9300,"{addr1: '9300 Jane St', city: 'Maple', region: 'Ontario', postal_code: 'L6A 0C5', country: 'CA'}",43.8344170000,-79.5341990000,,,,,https://www.mercedes-benz-maple.ca/privacy-policy.html,New,4804,In stock,,68611 CAD,Free,
W1N4M4HB9TW490404,W1N4M4HB9TW490404,26650230-new,Mercedes-Benz,GLB,GLB 250 4MATIC SUV,2026,AUTOMATIC,SUV,GASOLINE,,"2026 Mercedes-Benz GLB GLB 250 4MATIC SUV, Black exterior","[{url:'https://carimages.d2cmedia.ca/newcarimages/en/cb6ab798baca942/Mercedes-Benz/GLB/2026/1200/471966-NE1BVElDIFNVVg/X101012/front45.png'},{url:'https://carimages.d2cmedia.ca/newcarimages/en/cb6ab798baca942/Mercedes-Benz/GLB/2026/1280/471966/X101012/front_45_degree.png'},{url:'https://carimages.d2cmedia.ca/newcarimages/en/cb6ab798baca942/Mercedes-Benz/GLB/2026/2100/471966/X101012/front_45_degree.png'},{url:'https://carimages.d2cmedia.ca/newcarimages/en/cb6ab798baca942/Mercedes-Benz/GLB/2026/2100/471966/X101012/profile.png'},{url:'https://carimages.d2cmedia.ca/newcarimages/en/cb6ab798baca942/Mercedes-Benz/GLB/2026/2100/471966/X101012/back_45_degree.png'},{url:'https://carimages.d2cmedia.ca/newcarimages/en/cb6ab798baca942/Mercedes-Benz/GLB/2026/2100/471966/X101012/driver_dashboard.png'},{url:'https://carimages.d2cmedia.ca/newcarimages/en/cb6ab798baca942/Mercedes-Benz/GLB/2026/2100/471966/X101012/full_dashboard.png'},{url:'https://carimages.d2cmedia.ca/newcarimages/en/cb6ab798baca942/Mercedes-Benz/GLB/2026/2100/471966/X101012/interior_driver_open_seat.png'},{url:'https://carimages.d2cmedia.ca/newcarimages/en/cb6ab798baca942/Mercedes-Benz/GLB/2026/2100/471966/X101012/interior_driver_stereo.png'},{url:'https://carimages.d2cmedia.ca/newcarimages/en/cb6ab798baca942/Mercedes-Benz/GLB/2026/2100/471966/X101012/interior_driver_reat_seats.png'}]",90,KM,https://www.mercedes-benz-maple.ca/new/inventory/2026-Mercedes_Benz-GLB_250-id14076310.html,2026 Mercedes-Benz GLB GLB 250 4MATIC SUV at Mercedes-Benz Maple,68611 CAD,New,Black,Black,4804,Mercedes-Benz Maple,+1-905-585-9300,"{addr1: '9300 Jane St', city: 'Maple', region: 'Ontario', postal_code: 'L6A 0C5', country: 'CA'}",43.8344170000,-79.5341990000,,,,,https://www.mercedes-benz-maple.ca/privacy-policy.html,New,4804,In stock,,68611 CAD,Free,
W1N4M4HB8TW489292,W1N4M4HB8TW489292,26652670-new,Mercedes-Benz,GLB,GLB 250 4MATIC SUV,2026,AUTOMATIC,SUV,GASOLINE,,"2026 Mercedes-Benz GLB GLB 250 4MATIC SUV, Black exterior","[{url:'https://carimages.d2cmedia.ca/newcarimages/en/cb6ab798baca942/Mercedes-Benz/GLB/2026/1200/471966-NE1BVElDIFNVVg/X101012/front45.png'},{url:'https://carimages.d2cmedia.ca/newcarimages/en/cb6ab798baca942/Mercedes-Benz/GLB/2026/1280/471966/X101012/front_45_degree.png'},{url:'https://carimages.d2cmedia.ca/newcarimages/en/cb6ab798baca942/Mercedes-Benz/GLB/2026/2100/471966/X101012/front_45_degree.png'},{url:'https://carimages.d2cmedia.ca/newcarimages/en/cb6ab798baca942/Mercedes-Benz/GLB/2026/2100/471966/X101012/profile.png'},{url:'https://carimages.d2cmedia.ca/newcarimages/en/cb6ab798baca942/Mercedes-Benz/GLB/2026/2100/471966/X101012/back_45_degree.png'},{url:'https://carimages.d2cmedia.ca/newcarimages/en/cb6ab798baca942/Mercedes-Benz/GLB/2026/2100/471966/X101012/driver_dashboard.png'},{url:'https://carimages.d2cmedia.ca/newcarimages/en/cb6ab798baca942/Mercedes-Benz/GLB/2026/2100/471966/X101012/full_dashboard.png'},{url:'https://carimages.d2cmedia.ca/newcarimages/en/cb6ab798baca942/Mercedes-Benz/GLB/2026/2100/471966/X101012/interior_driver_open_seat.png'},{url:'https://carimages.d2cmedia.ca/newcarimages/en/cb6ab798baca942/Mercedes-Benz/GLB/2026/2100/471966/X101012/interior_driver_stereo.png'},{url:'https://carimages.d2cmedia.ca/newcarimages/en/cb6ab798baca942/Mercedes-Benz/GLB/2026/2100/471966/X101012/interior_driver_reat_seats.png'}]",90,KM,https://www.mercedes-benz-maple.ca/new/inventory/2026-Mercedes_Benz-GLB_250-id14368543.html,2026 Mercedes-Benz GLB GLB 250 4MATIC SUV at Mercedes-Benz Maple,68611 CAD,New,Black,Black,4804,Mercedes-Benz Maple,+1-905-585-9300,"{addr1: '9300 Jane St', city: 'Maple', region: 'Ontario', postal_code: 'L6A 0C5', country: 'CA'}",43.8344170000,-79.5341990000,,,,,https://www.mercedes-benz-maple.ca/privacy-policy.html,New,4804,In stock,,68611 CAD,Free,
W1N4M4HB2TW486842,W1N4M4HB2TW486842,26652574-new,Mercedes-Benz,GLB,GLB 250 4MATIC SUV,2026,AUTOMATIC,SUV,GASOLINE,,"2026 Mercedes-Benz GLB GLB 250 4MATIC SUV, White exterior","[{url:'https://carimages.d2cmedia.ca/newcarimages/en/cb6ab798baca942/Mercedes-Benz/GLB/2026/1200/471966-NE1BVElDIFNVVg/white/front45.png'},{url:'https://carimages.d2cmedia.ca/newcarimages/en/cb6ab798baca942/Mercedes-Benz/GLB/2026/1280/471966/white/front_45_degree.png'},{url:'https://carimages.d2cmedia.ca/newcarimages/en/cb6ab798baca942/Mercedes-Benz/GLB/2026/2100/471966/white/front_45_degree.png'},{url:'https://carimages.d2cmedia.ca/newcarimages/en/cb6ab798baca942/Mercedes-Benz/GLB/2026/2100/471966/white/profile.png'},{url:'https://carimages.d2cmedia.ca/newcarimages/en/cb6ab798baca942/Mercedes-Benz/GLB/2026/2100/471966/white/back_45_degree.png'},{url:'https://carimages.d2cmedia.ca/newcarimages/en/cb6ab798baca942/Mercedes-Benz/GLB/2026/2100/471966/white/driver_dashboard.png'},{url:'https://carimages.d2cmedia.ca/newcarimages/en/cb6ab798baca942/Mercedes-Benz/GLB/2026/2100/471966/white/full_dashboard.png'},{url:'https://carimages.d2cmedia.ca/newcarimages/en/cb6ab798baca942/Mercedes-Benz/GLB/2026/2100/471966/white/interior_driver_open_seat.png'},{url:'https://carimages.d2cmedia.ca/newcarimages/en/cb6ab798baca942/Mercedes-Benz/GLB/2026/2100/471966/white/interior_driver_stereo.png'},{url:'https://carimages.d2cmedia.ca/newcarimages/en/cb6ab798baca942/Mercedes-Benz/GLB/2026/2100/471966/white/interior_driver_reat_seats.png'}]",90,KM,https://www.mercedes-benz-maple.ca/new/inventory/2026-Mercedes_Benz-GLB_250-id14377120.html,2026 Mercedes-Benz GLB GLB 250 4MATIC SUV at Mercedes-Benz Maple,68611 CAD,New,White,Black,4804,Mercedes-Benz Maple,+1-905-585-9300,"{addr1: '9300 Jane St', city: 'Maple', region: 'Ontario', postal_code: 'L6A 0C5', country: 'CA'}",43.8344170000,-79.5341990000,,,,,https://www.mercedes-benz-maple.ca/privacy-policy.html,New,4804,In stock,,68611 CAD,Free,
W1N4M4HB6TW488643,W1N4M4HB6TW488643,26652582-new,Mercedes-Benz,GLB,GLB 250 4MATIC SUV,2026,AUTOMATIC,SUV,GASOLINE,,"2026 Mercedes-Benz GLB GLB 250 4MATIC SUV, White exterior","[{url:'https://carimages.d2cmedia.ca/newcarimages/en/cb6ab798baca942/Mercedes-Benz/GLB/2026/1200/471966-NE1BVElDIFNVVg/white/front45.png'},{url:'https://carimages.d2cmedia.ca/newcarimages/en/cb6ab798baca942/Mercedes-Benz/GLB/2026/1280/471966/white/front_45_degree.png'},{url:'https://carimages.d2cmedia.ca/newcarimages/en/cb6ab798baca942/Mercedes-Benz/GLB/2026/2100/471966/white/front_45_degree.png'},{url:'https://carimages.d2cmedia.ca/newcarimages/en/cb6ab798baca942/Mercedes-Benz/GLB/2026/2100/471966/white/profile.png'},{url:'https://carimages.d2cmedia.ca/newcarimages/en/cb6ab798baca942/Mercedes-Benz/GLB/2026/2100/471966/white/back_45_degree.png'},{url:'https://carimages.d2cmedia.ca/newcarimages/en/cb6ab798baca942/Mercedes-Benz/GLB/2026/2100/471966/white/driver_dashboard.png'},{url:'https://carimages.d2cmedia.ca/newcarimages/en/cb6ab798baca942/Mercedes-Benz/GLB/2026/2100/471966/white/full_dashboard.png'},{url:'https://carimages.d2cmedia.ca/newcarimages/en/cb6ab798baca942/Mercedes-Benz/GLB/2026/2100/471966/white/interior_driver_open_seat.png'},{url:'https://carimages.d2cmedia.ca/newcarimages/en/cb6ab798baca942/Mercedes-Benz/GLB/2026/2100/471966/white/interior_driver_stereo.png'},{url:'https://carimages.d2cmedia.ca/newcarimages/en/cb6ab798baca942/Mercedes-Benz/GLB/2026/2100/471966/white/interior_driver_reat_seats.png'}]",90,KM,https://www.mercedes-benz-maple.ca/new/inventory/2026-Mercedes_Benz-GLB_250-id14402041.html,2026 Mercedes-Benz GLB GLB 250 4MATIC SUV at Mercedes-Benz Maple,68611 CAD,New,White,Black,4804,Mercedes-Benz Maple,+1-905-585-9300,"{addr1: '9300 Jane St', city: 'Maple', region: 'Ontario', postal_code: 'L6A 0C5', country: 'CA'}",43.8344170000,-79.5341990000,,,,,https://www.mercedes-benz-maple.ca/privacy-policy.html,New,4804,In stock,,68611 CAD,Free,
W1N4M4HB5TW487306,W1N4M4HB5TW487306,26652589-new,Mercedes-Benz,GLB,GLB 250 4MATIC SUV,2026,AUTOMATIC,SUV,GASOLINE,,"2026 Mercedes-Benz GLB GLB 250 4MATIC SUV, White exterior","[{url:'https://carimages.d2cmedia.ca/newcarimages/en/cb6ab798baca942/Mercedes-Benz/GLB/2026/1200/471966-NE1BVElDIFNVVg/white/front45.png'},{url:'https://carimages.d2cmedia.ca/newcarimages/fr/cb6ab798baca942/Mercedes-Benz/GLB/2026/640/471966-NE1BVElDIFNVVg/white/front_45_degree.png'},{url:'https://carimages.d2cmedia.ca/newcarimages/fr/cb6ab798baca942/Mercedes-Benz/GLB/2026/2100/471966-NE1BVElDIFNVVg/white/front_45_degree.png'}]",90,KM,https://www.mercedes-benz-maple.ca/new/inventory/2026-Mercedes_Benz-GLB_250-id14402042.html,2026 Mercedes-Benz GLB GLB 250 4MATIC SUV at Mercedes-Benz Maple,68611 CAD,New,White,Black,4804,Mercedes-Benz Maple,+1-905-585-9300,"{addr1: '9300 Jane St', city: 'Maple', region: 'Ontario', postal_code: 'L6A 0C5', country: 'CA'}",43.8344170000,-79.5341990000,,,,,https://www.mercedes-benz-maple.ca/privacy-policy.html,New,4804,In stock,,68611 CAD,Free,
W1N4M4HB8TW487543,W1N4M4HB8TW487543,26652591-new,Mercedes-Benz,GLB,GLB 250 4MATIC SUV,2026,AUTOMATIC,SUV,GASOLINE,,"2026 Mercedes-Benz GLB GLB 250 4MATIC SUV, White exterior","[{url:'https://carimages.d2cmedia.ca/newcarimages/en/cb6ab798baca942/Mercedes-Benz/GLB/2026/1200/471966-NE1BVElDIFNVVg/white/front45.png'},{url:'https://carimages.d2cmedia.ca/newcarimages/en/cb6ab798baca942/Mercedes-Benz/GLB/2026/1280/471966/white/front_45_degree.png'},{url:'https://carimages.d2cmedia.ca/newcarimages/en/cb6ab798baca942/Mercedes-Benz/GLB/2026/2100/471966/white/front_45_degree.png'},{url:'https://carimages.d2cmedia.ca/newcarimages/en/cb6ab798baca942/Mercedes-Benz/GLB/2026/2100/471966/white/profile.png'},{url:'https://carimages.d2cmedia.ca/newcarimages/en/cb6ab798baca942/Mercedes-Benz/GLB/2026/2100/471966/white/back_45_degree.png'},{url:'https://carimages.d2cmedia.ca/newcarimages/en/cb6ab798baca942/Mercedes-Benz/GLB/2026/2100/471966/white/driver_dashboard.png'},{url:'https://carimages.d2cmedia.ca/newcarimages/en/cb6ab798baca942/Mercedes-Benz/GLB/2026/2100/471966/white/full_dashboard.png'},{url:'https://carimages.d2cmedia.ca/newcarimages/en/cb6ab798baca942/Mercedes-Benz/GLB/2026/2100/471966/white/interior_driver_open_seat.png'},{url:'https://carimages.d2cmedia.ca/newcarimages/en/cb6ab798baca942/Mercedes-Benz/GLB/2026/2100/471966/white/interior_driver_stereo.png'},{url:'https://carimages.d2cmedia.ca/newcarimages/en/cb6ab798baca942/Mercedes-Benz/GLB/2026/2100/471966/white/interior_driver_reat_seats.png'}]",90,KM,https://www.mercedes-benz-maple.ca/new/inventory/2026-Mercedes_Benz-GLB_250-id14416623.html,2026 Mercedes-Benz GLB GLB 250 4MATIC SUV at Mercedes-Benz Maple,68611 CAD,New,White,Black,4804,Mercedes-Benz Maple,+1-905-585-9300,"{addr1: '9300 Jane St', city: 'Maple', region: 'Ontario', postal_code: 'L6A 0C5', country: 'CA'}",43.8344170000,-79.5341990000,,,,,https://www.mercedes-benz-maple.ca/privacy-policy.html,New,4804,In stock,,68611 CAD,Free,
W1N4M4HB2TW448317,W1N4M4HB2TW448317,26509050-new,Mercedes-Benz,GLB,GLB 250 4MATIC SUV,2026,AUTOMATIC,SUV,GASOLINE,,"2026 Mercedes-Benz GLB GLB 250 4MATIC SUV, Black exterior","[{url:'https://imagescdn.d2cmedia.ca/cb6ab798baca942/4804/12964789/1/Mercedes_Benz-GLB-2026.jpg'},{url:'https://imagescdn.d2cmedia.ca/s86ab798baca942/4804/12964789/1/Mercedes_Benz-GLB_250-2026.jpg'},{url:'https://imagescdn.d2cmedia.ca/cb6ab798baca942/4804/12964789/1/Mercedes_Benz-GLB_250-2026.jpg'},{url:'https://imagescdn.d2cmedia.ca/cb6ab798baca942/4804/12964789/2/Mercedes_Benz-GLB_250-2026.jpg'},{url:'https://imagescdn.d2cmedia.ca/cb6ab798baca942/4804/12964789/3/Mercedes_Benz-GLB_250-2026.jpg'},{url:'https://imagescdn.d2cmedia.ca/cb6ab798baca942/4804/12964789/4/Mercedes_Benz-GLB_250-2026.jpg'},{url:'https://imagescdn.d2cmedia.ca/cb6ab798baca942/4804/12964789/5/Mercedes_Benz-GLB_250-2026.jpg'},{url:'https://imagescdn.d2cmedia.ca/cb6ab798baca942/4804/12964789/6/Mercedes_Benz-GLB_250-2026.jpg'},{url:'https://imagescdn.d2cmedia.ca/cb6ab798baca942/4804/12964789/7/Mercedes_Benz-GLB_250-2026.jpg'},{url:'https://imagescdn.d2cmedia.ca/cb6ab798baca942/4804/12964789/8/Mercedes_Benz-GLB_250-2026.jpg'}]",90,KM,https://www.mercedes-benz-maple.ca/new/inventory/2026-Mercedes_Benz-GLB_250-id12964789.html,2026 Mercedes-Benz GLB GLB 250 4MATIC SUV at Mercedes-Benz Maple,69111 CAD,New,Black,Black,4804,Mercedes-Benz Maple,+1-905-585-9300,"{addr1: '9300 Jane St', city: 'Maple', region: 'Ontario', postal_code: 'L6A 0C5', country: 'CA'}",43.8344170000,-79.5341990000,,,,,https://www.mercedes-benz-maple.ca/privacy-policy.html,New,4804,In stock,,69111 CAD,Free,
W1N4M4HB9TW449237,W1N4M4HB9TW449237,26510416-new,Mercedes-Benz,GLB,GLB 250 4MATIC SUV,2026,AUTOMATIC,SUV,GASOLINE,,"2026 Mercedes-Benz GLB GLB 250 4MATIC SUV, Black exterior","[{url:'https://imagescdn.d2cmedia.ca/cb6ab798baca942/4804/12964790/1/Mercedes_Benz-GLB-2026.jpg'},{url:'https://imagescdn.d2cmedia.ca/s86ab798baca942/4804/12964790/1/Mercedes_Benz-GLB_250-2026.jpg'},{url:'https://imagescdn.d2cmedia.ca/cb6ab798baca942/4804/12964790/1/Mercedes_Benz-GLB_250-2026.jpg'},{url:'https://imagescdn.d2cmedia.ca/cb6ab798baca942/4804/12964790/2/Mercedes_Benz-GLB_250-2026.jpg'},{url:'https://imagescdn.d2cmedia.ca/cb6ab798baca942/4804/12964790/3/Mercedes_Benz-GLB_250-2026.jpg'},{url:'https://imagescdn.d2cmedia.ca/cb6ab798baca942/4804/12964790/4/Mercedes_Benz-GLB_250-2026.jpg'},{url:'https://imagescdn.d2cmedia.ca/cb6ab798baca942/4804/12964790/5/Mercedes_Benz-GLB_250-2026.jpg'},{url:'https://imagescdn.d2cmedia.ca/cb6ab798baca942/4804/12964790/6/Mercedes_Benz-GLB_250-2026.jpg'},{url:'https://imagescdn.d2cmedia.ca/cb6ab798baca942/4804/12964790/7/Mercedes_Benz-GLB_250-2026.jpg'},{url:'https://imagescdn.d2cmedia.ca/cb6ab798baca942/4804/12964790/8/Mercedes_Benz-GLB_250-2026.jpg'}]",90,KM,https://www.mercedes-benz-maple.ca/new/inventory/2026-Mercedes_Benz-GLB_250-id12964790.html,2026 Mercedes-Benz GLB GLB 250 4MATIC SUV at Mercedes-Benz Maple,69111 CAD,New,Black,Black,4804,Mercedes-Benz Maple,+1-905-585-9300,"{addr1: '9300 Jane St', city: 'Maple', region: 'Ontario', postal_code: 'L6A 0C5', country: 'CA'}",43.8344170000,-79.5341990000,,,,,https://www.mercedes-benz-maple.ca/privacy-policy.html,New,4804,In stock,,69111 CAD,Free,
W1N4M4HB4TW480640,W1N4M4HB4TW480640,26528403-new,Mercedes-Benz,GLB,GLB 250 4MATIC SUV,2026,AUTOMATIC,SUV,GASOLINE,,"2026 Mercedes-Benz GLB GLB 250 4MATIC SUV, Grey exterior","[{url:'https://carimages.d2cmedia.ca/newcarimages/en/cb6ab798baca942/Mercedes-Benz/GLB/2026/1200/471966-NE1BVElDIFNVVg/gray/front45.png'},{url:'https://carimages.d2cmedia.ca/newcarimages/en/cb6ab798baca942/Mercedes-Benz/GLB/2026/1280/471966/gray/front_45_degree.png'},{url:'https://carimages.d2cmedia.ca/newcarimages/en/cb6ab798baca942/Mercedes-Benz/GLB/2026/2100/471966/gray/front_45_degree.png'},{url:'https://carimages.d2cmedia.ca/newcarimages/en/cb6ab798baca942/Mercedes-Benz/GLB/2026/2100/471966/gray/profile.png'},{url:'https://carimages.d2cmedia.ca/newcarimages/en/cb6ab798baca942/Mercedes-Benz/GLB/2026/2100/471966/gray/back_45_degree.png'},{url:'https://carimages.d2cmedia.ca/newcarimages/en/cb6ab798baca942/Mercedes-Benz/GLB/2026/2100/471966/gray/driver_dashboard.png'},{url:'https://carimages.d2cmedia.ca/newcarimages/en/cb6ab798baca942/Mercedes-Benz/GLB/2026/2100/471966/gray/full_dashboard.png'},{url:'https://carimages.d2cmedia.ca/newcarimages/en/cb6ab798baca942/Mercedes-Benz/GLB/2026/2100/471966/gray/interior_driver_open_seat.png'},{url:'https://carimages.d2cmedia.ca/newcarimages/en/cb6ab798baca942/Mercedes-Benz/GLB/2026/2100/471966/gray/interior_driver_stereo.png'},{url:'https://carimages.d2cmedia.ca/newcarimages/en/cb6ab798baca942/Mercedes-Benz/GLB/2026/2100/471966/gray/interior_driver_reat_seats.png'}]",90,KM,https://www.mercedes-benz-maple.ca/new/inventory/2026-Mercedes_Benz-GLB_250-id13680759.html,2026 Mercedes-Benz GLB GLB 250 4MATIC SUV at Mercedes-Benz Maple,69311 CAD,New,Grey,Black,4804,Mercedes-Benz Maple,+1-905-585-9300,"{addr1: '9300 Jane St', city: 'Maple', region: 'Ontario', postal_code: 'L6A 0C5', country: 'CA'}",43.8344170000,-79.5341990000,,,,,https://www.mercedes-benz-maple.ca/privacy-policy.html,New,4804,In stock,,69311 CAD,Free,
W1N4M4HB8TW484545,W1N4M4HB8TW484545,26648398-new,Mercedes-Benz,GLB,GLB 250 4MATIC SUV,2026,AUTOMATIC,SUV,GASOLINE,,"2026 Mercedes-Benz GLB GLB 250 4MATIC SUV, White exterior","[{url:'https://carimages.d2cmedia.ca/newcarimages/en/cb6ab798baca942/Mercedes-Benz/GLB/2026/1200/471966-NE1BVElDIFNVVg/white/front45.png'},{url:'https://carimages.d2cmedia.ca/newcarimages/en/cb6ab798baca942/Mercedes-Benz/GLB/2026/1280/471966/white/front_45_degree.png'},{url:'https://carimages.d2cmedia.ca/newcarimages/en/cb6ab798baca942/Mercedes-Benz/GLB/2026/2100/471966/white/front_45_degree.png'},{url:'https://carimages.d2cmedia.ca/newcarimages/en/cb6ab798baca942/Mercedes-Benz/GLB/2026/2100/471966/white/profile.png'},{url:'https://carimages.d2cmedia.ca/newcarimages/en/cb6ab798baca942/Mercedes-Benz/GLB/2026/2100/471966/white/back_45_degree.png'},{url:'https://carimages.d2cmedia.ca/newcarimages/en/cb6ab798baca942/Mercedes-Benz/GLB/2026/2100/471966/white/driver_dashboard.png'},{url:'https://carimages.d2cmedia.ca/newcarimages/en/cb6ab798baca942/Mercedes-Benz/GLB/2026/2100/471966/white/full_dashboard.png'},{url:'https://carimages.d2cmedia.ca/newcarimages/en/cb6ab798baca942/Mercedes-Benz/GLB/2026/2100/471966/white/interior_driver_open_seat.png'},{url:'https://carimages.d2cmedia.ca/newcarimages/en/cb6ab798baca942/Mercedes-Benz/GLB/2026/2100/471966/white/interior_driver_stereo.png'},{url:'https://carimages.d2cmedia.ca/newcarimages/en/cb6ab798baca942/Mercedes-Benz/GLB/2026/2100/471966/white/interior_driver_reat_seats.png'}]",90,KM,https://www.mercedes-benz-maple.ca/new/inventory/2026-Mercedes_Benz-GLB_250-id13950848.html,2026 Mercedes-Benz GLB GLB 250 4MATIC SUV at Mercedes-Benz Maple,69511 CAD,New,White,Gray,4804,Mercedes-Benz Maple,+1-905-585-9300,"{addr1: '9300 Jane St', city: 'Maple', region: 'Ontario', postal_code: 'L6A 0C5', country: 'CA'}",43.8344170000,-79.5341990000,,,,,https://www.mercedes-benz-maple.ca/privacy-policy.html,New,4804,In stock,,69511 CAD,Free,
W1N4M4HB5TW485541,W1N4M4HB5TW485541,26648293-new,Mercedes-Benz,GLB,GLB 250 4MATIC SUV,2026,AUTOMATIC,SUV,GASOLINE,,"2026 Mercedes-Benz GLB GLB 250 4MATIC SUV, Grey exterior","[{url:'https://carimages.d2cmedia.ca/newcarimages/en/cb6ab798baca942/Mercedes-Benz/GLB/2026/1200/471966-NE1BVElDIFNVVg/gray/front45.png'},{url:'https://carimages.d2cmedia.ca/newcarimages/en/cb6ab798baca942/Mercedes-Benz/GLB/2026/1280/471966/gray/front_45_degree.png'},{url:'https://carimages.d2cmedia.ca/newcarimages/en/cb6ab798baca942/Mercedes-Benz/GLB/2026/2100/471966/gray/front_45_degree.png'},{url:'https://carimages.d2cmedia.ca/newcarimages/en/cb6ab798baca942/Mercedes-Benz/GLB/2026/2100/471966/gray/profile.png'},{url:'https://carimages.d2cmedia.ca/newcarimages/en/cb6ab798baca942/Mercedes-Benz/GLB/2026/2100/471966/gray/back_45_degree.png'},{url:'https://carimages.d2cmedia.ca/newcarimages/en/cb6ab798baca942/Mercedes-Benz/GLB/2026/2100/471966/gray/driver_dashboard.png'},{url:'https://carimages.d2cmedia.ca/newcarimages/en/cb6ab798baca942/Mercedes-Benz/GLB/2026/2100/471966/gray/full_dashboard.png'},{url:'https://carimages.d2cmedia.ca/newcarimages/en/cb6ab798baca942/Mercedes-Benz/GLB/2026/2100/471966/gray/interior_driver_open_seat.png'},{url:'https://carimages.d2cmedia.ca/newcarimages/en/cb6ab798baca942/Mercedes-Benz/GLB/2026/2100/471966/gray/interior_driver_stereo.png'},{url:'https://carimages.d2cmedia.ca/newcarimages/en/cb6ab798baca942/Mercedes-Benz/GLB/2026/2100/471966/gray/interior_driver_reat_seats.png'}]",90,KM,https://www.mercedes-benz-maple.ca/new/inventory/2026-Mercedes_Benz-GLB_250-id13755888.html,2026 Mercedes-Benz GLB GLB 250 4MATIC SUV at Mercedes-Benz Maple,69611 CAD,New,Grey,Black,4804,Mercedes-Benz Maple,+1-905-585-9300,"{addr1: '9300 Jane St', city: 'Maple', region: 'Ontario', postal_code: 'L6A 0C5', country: 'CA'}",43.8344170000,-79.5341990000,,,,,https://www.mercedes-benz-maple.ca/privacy-policy.html,New,4804,In stock,,69611 CAD,Free,
W1N4M4HB0TW484751,W1N4M4HB0TW484751,26648303-new,Mercedes-Benz,GLB,GLB 250 4MATIC SUV,2026,AUTOMATIC,SUV,GASOLINE,,"2026 Mercedes-Benz GLB GLB 250 4MATIC SUV, Silver exterior","[{url:'https://carimages.d2cmedia.ca/newcarimages/en/cb6ab798baca942/Mercedes-Benz/GLB/2026/1200/471966-NE1BVElDIFNVVg/silver/front45.png'},{url:'https://carimages.d2cmedia.ca/newcarimages/en/cb6ab798baca942/Mercedes-Benz/GLB/2026/1280/471966/silver/front_45_degree.png'},{url:'https://carimages.d2cmedia.ca/newcarimages/en/cb6ab798baca942/Mercedes-Benz/GLB/2026/2100/471966/silver/front_45_degree.png'},{url:'https://carimages.d2cmedia.ca/newcarimages/en/cb6ab798baca942/Mercedes-Benz/GLB/2026/2100/471966/silver/profile.png'},{url:'https://carimages.d2cmedia.ca/newcarimages/en/cb6ab798baca942/Mercedes-Benz/GLB/2026/2100/471966/silver/back_45_degree.png'},{url:'https://carimages.d2cmedia.ca/newcarimages/en/cb6ab798baca942/Mercedes-Benz/GLB/2026/2100/471966/silver/driver_dashboard.png'},{url:'https://carimages.d2cmedia.ca/newcarimages/en/cb6ab798baca942/Mercedes-Benz/GLB/2026/2100/471966/silver/full_dashboard.png'},{url:'https://carimages.d2cmedia.ca/newcarimages/en/cb6ab798baca942/Mercedes-Benz/GLB/2026/2100/471966/silver/interior_driver_open_seat.png'},{url:'https://carimages.d2cmedia.ca/newcarimages/en/cb6ab798baca942/Mercedes-Benz/GLB/2026/2100/471966/silver/interior_driver_stereo.png'},{url:'https://carimages.d2cmedia.ca/newcarimages/en/cb6ab798baca942/Mercedes-Benz/GLB/2026/2100/471966/silver/interior_driver_reat_seats.png'}]",90,KM,https://www.mercedes-benz-maple.ca/new/inventory/2026-Mercedes_Benz-GLB_250-id13755890.html,2026 Mercedes-Benz GLB GLB 250 4MATIC SUV at Mercedes-Benz Maple,69611 CAD,New,Silver,Black,4804,Mercedes-Benz Maple,+1-905-585-9300,"{addr1: '9300 Jane St', city: 'Maple', region: 'Ontario', postal_code: 'L6A 0C5', country: 'CA'}",43.8344170000,-79.5341990000,,,,,https://www.mercedes-benz-maple.ca/privacy-policy.html,New,4804,In stock,,69611 CAD,Free,
W1N4M4HBXTW484773,W1N4M4HBXTW484773,26648403-new,Mercedes-Benz,GLB,GLB 250 4MATIC SUV,2026,AUTOMATIC,SUV,GASOLINE,,"2026 Mercedes-Benz GLB GLB 250 4MATIC SUV, Grey exterior","[{url:'https://carimages.d2cmedia.ca/newcarimages/en/cb6ab798baca942/Mercedes-Benz/GLB/2026/1200/471966-NE1BVElDIFNVVg/gray/front45.png'},{url:'https://carimages.d2cmedia.ca/newcarimages/en/cb6ab798baca942/Mercedes-Benz/GLB/2026/1280/471966/gray/front_45_degree.png'},{url:'https://carimages.d2cmedia.ca/newcarimages/en/cb6ab798baca942/Mercedes-Benz/GLB/2026/2100/471966/gray/front_45_degree.png'},{url:'https://carimages.d2cmedia.ca/newcarimages/en/cb6ab798baca942/Mercedes-Benz/GLB/2026/2100/471966/gray/profile.png'},{url:'https://carimages.d2cmedia.ca/newcarimages/en/cb6ab798baca942/Mercedes-Benz/GLB/2026/2100/471966/gray/back_45_degree.png'},{url:'https://carimages.d2cmedia.ca/newcarimages/en/cb6ab798baca942/Mercedes-Benz/GLB/2026/2100/471966/gray/driver_dashboard.png'},{url:'https://carimages.d2cmedia.ca/newcarimages/en/cb6ab798baca942/Mercedes-Benz/GLB/2026/2100/471966/gray/full_dashboard.png'},{url:'https://carimages.d2cmedia.ca/newcarimages/en/cb6ab798baca942/Mercedes-Benz/GLB/2026/2100/471966/gray/interior_driver_open_seat.png'},{url:'https://carimages.d2cmedia.ca/newcarimages/en/cb6ab798baca942/Mercedes-Benz/GLB/2026/2100/471966/gray/interior_driver_stereo.png'},{url:'https://carimages.d2cmedia.ca/newcarimages/en/cb6ab798baca942/Mercedes-Benz/GLB/2026/2100/471966/gray/interior_driver_reat_seats.png'}]",90,KM,https://www.mercedes-benz-maple.ca/new/inventory/2026-Mercedes_Benz-GLB_250-id13755902.html,2026 Mercedes-Benz GLB GLB 250 4MATIC SUV at Mercedes-Benz Maple,69611 CAD,New,Grey,Black,4804,Mercedes-Benz Maple,+1-905-585-9300,"{addr1: '9300 Jane St', city: 'Maple', region: 'Ontario', postal_code: 'L6A 0C5', country: 'CA'}",43.8344170000,-79.5341990000,,,,,https://www.mercedes-benz-maple.ca/privacy-policy.html,New,4804,In stock,,69611 CAD,Free,
W1N4M4HB7TW492278,W1N4M4HB7TW492278,26650301-new,Mercedes-Benz,GLB,GLB 250 4MATIC SUV,2026,AUTOMATIC,SUV,GASOLINE,,"2026 Mercedes-Benz GLB GLB 250 4MATIC SUV, Grey exterior","[{url:'https://carimages.d2cmedia.ca/newcarimages/en/cb6ab798baca942/Mercedes-Benz/GLB/2026/1200/471966-NE1BVElDIFNVVg/gray/front45.png'},{url:'https://carimages.d2cmedia.ca/newcarimages/en/cb6ab798baca942/Mercedes-Benz/GLB/2026/1280/471966/gray/front_45_degree.png'},{url:'https://carimages.d2cmedia.ca/newcarimages/en/cb6ab798baca942/Mercedes-Benz/GLB/2026/2100/471966/gray/front_45_degree.png'},{url:'https://carimages.d2cmedia.ca/newcarimages/en/cb6ab798baca942/Mercedes-Benz/GLB/2026/2100/471966/gray/profile.png'},{url:'https://carimages.d2cmedia.ca/newcarimages/en/cb6ab798baca942/Mercedes-Benz/GLB/2026/2100/471966/gray/back_45_degree.png'},{url:'https://carimages.d2cmedia.ca/newcarimages/en/cb6ab798baca942/Mercedes-Benz/GLB/2026/2100/471966/gray/driver_dashboard.png'},{url:'https://carimages.d2cmedia.ca/newcarimages/en/cb6ab798baca942/Mercedes-Benz/GLB/2026/2100/471966/gray/full_dashboard.png'},{url:'https://carimages.d2cmedia.ca/newcarimages/en/cb6ab798baca942/Mercedes-Benz/GLB/2026/2100/471966/gray/interior_driver_open_seat.png'},{url:'https://carimages.d2cmedia.ca/newcarimages/en/cb6ab798baca942/Mercedes-Benz/GLB/2026/2100/471966/gray/interior_driver_stereo.png'},{url:'https://carimages.d2cmedia.ca/newcarimages/en/cb6ab798baca942/Mercedes-Benz/GLB/2026/2100/471966/gray/interior_driver_reat_seats.png'}]",90,KM,https://www.mercedes-benz-maple.ca/new/inventory/2026-Mercedes_Benz-GLB_250-id13961175.html,2026 Mercedes-Benz GLB GLB 250 4MATIC SUV at Mercedes-Benz Maple,69611 CAD,New,Grey,Black,4804,Mercedes-Benz Maple,+1-905-585-9300,"{addr1: '9300 Jane St', city: 'Maple', region: 'Ontario', postal_code: 'L6A 0C5', country: 'CA'}",43.8344170000,-79.5341990000,,,,,https://www.mercedes-benz-maple.ca/privacy-policy.html,New,4804,In stock,,69611 CAD,Free,
W1N4M4HB9TW492055,W1N4M4HB9TW492055,26650275-new,Mercedes-Benz,GLB,GLB 250 4MATIC SUV,2026,AUTOMATIC,SUV,GASOLINE,,"2026 Mercedes-Benz GLB GLB 250 4MATIC SUV, Silver exterior","[{url:'https://carimages.d2cmedia.ca/newcarimages/en/cb6ab798baca942/Mercedes-Benz/GLB/2026/1200/471966-NE1BVElDIFNVVg/silver/front45.png'},{url:'https://carimages.d2cmedia.ca/newcarimages/en/cb6ab798baca942/Mercedes-Benz/GLB/2026/1280/471966/silver/front_45_degree.png'},{url:'https://carimages.d2cmedia.ca/newcarimages/en/cb6ab798baca942/Mercedes-Benz/GLB/2026/2100/471966/silver/front_45_degree.png'},{url:'https://carimages.d2cmedia.ca/newcarimages/en/cb6ab798baca942/Mercedes-Benz/GLB/2026/2100/471966/silver/profile.png'},{url:'https://carimages.d2cmedia.ca/newcarimages/en/cb6ab798baca942/Mercedes-Benz/GLB/2026/2100/471966/silver/back_45_degree.png'},{url:'https://carimages.d2cmedia.ca/newcarimages/en/cb6ab798baca942/Mercedes-Benz/GLB/2026/2100/471966/silver/driver_dashboard.png'},{url:'https://carimages.d2cmedia.ca/newcarimages/en/cb6ab798baca942/Mercedes-Benz/GLB/2026/2100/471966/silver/full_dashboard.png'},{url:'https://carimages.d2cmedia.ca/newcarimages/en/cb6ab798baca942/Mercedes-Benz/GLB/2026/2100/471966/silver/interior_driver_open_seat.png'},{url:'https://carimages.d2cmedia.ca/newcarimages/en/cb6ab798baca942/Mercedes-Benz/GLB/2026/2100/471966/silver/interior_driver_stereo.png'},{url:'https://carimages.d2cmedia.ca/newcarimages/en/cb6ab798baca942/Mercedes-Benz/GLB/2026/2100/471966/silver/interior_driver_reat_seats.png'}]",90,KM,https://www.mercedes-benz-maple.ca/new/inventory/2026-Mercedes_Benz-GLB_250-id13965016.html,2026 Mercedes-Benz GLB GLB 250 4MATIC SUV at Mercedes-Benz Maple,69611 CAD,New,Silver,Black,4804,Mercedes-Benz Maple,+1-905-585-9300,"{addr1: '9300 Jane St', city: 'Maple', region: 'Ontario', postal_code: 'L6A 0C5', country: 'CA'}",43.8344170000,-79.5341990000,,,,,https://www.mercedes-benz-maple.ca/privacy-policy.html,New,4804,In stock,,69611 CAD,Free,
W1N4M4HB8TW492063,W1N4M4HB8TW492063,26650274-new,Mercedes-Benz,GLB,GLB 250 4MATIC SUV,2026,AUTOMATIC,SUV,GASOLINE,,"2026 Mercedes-Benz GLB GLB 250 4MATIC SUV, Silver exterior","[{url:'https://carimages.d2cmedia.ca/newcarimages/en/cb6ab798baca942/Mercedes-Benz/GLB/2026/1200/471966-NE1BVElDIFNVVg/silver/front45.png'},{url:'https://carimages.d2cmedia.ca/newcarimages/en/cb6ab798baca942/Mercedes-Benz/GLB/2026/1280/471966/silver/front_45_degree.png'},{url:'https://carimages.d2cmedia.ca/newcarimages/en/cb6ab798baca942/Mercedes-Benz/GLB/2026/2100/471966/silver/front_45_degree.png'},{url:'https://carimages.d2cmedia.ca/newcarimages/en/cb6ab798baca942/Mercedes-Benz/GLB/2026/2100/471966/silver/profile.png'},{url:'https://carimages.d2cmedia.ca/newcarimages/en/cb6ab798baca942/Mercedes-Benz/GLB/2026/2100/471966/silver/back_45_degree.png'},{url:'https://carimages.d2cmedia.ca/newcarimages/en/cb6ab798baca942/Mercedes-Benz/GLB/2026/2100/471966/silver/driver_dashboard.png'},{url:'https://carimages.d2cmedia.ca/newcarimages/en/cb6ab798baca942/Mercedes-Benz/GLB/2026/2100/471966/silver/full_dashboard.png'},{url:'https://carimages.d2cmedia.ca/newcarimages/en/cb6ab798baca942/Mercedes-Benz/GLB/2026/2100/471966/silver/interior_driver_open_seat.png'},{url:'https://carimages.d2cmedia.ca/newcarimages/en/cb6ab798baca942/Mercedes-Benz/GLB/2026/2100/471966/silver/interior_driver_stereo.png'},{url:'https://carimages.d2cmedia.ca/newcarimages/en/cb6ab798baca942/Mercedes-Benz/GLB/2026/2100/471966/silver/interior_driver_reat_seats.png'}]",90,KM,https://www.mercedes-benz-maple.ca/new/inventory/2026-Mercedes_Benz-GLB_250-id13976349.html,2026 Mercedes-Benz GLB GLB 250 4MATIC SUV at Mercedes-Benz Maple,69611 CAD,New,Silver,Black,4804,Mercedes-Benz Maple,+1-905-585-9300,"{addr1: '9300 Jane St', city: 'Maple', region: 'Ontario', postal_code: 'L6A 0C5', country: 'CA'}",43.8344170000,-79.5341990000,,,,,https://www.mercedes-benz-maple.ca/privacy-policy.html,New,4804,In stock,,69611 CAD,Free,
W1N4M4HB9TW491309,W1N4M4HB9TW491309,26650276-new,Mercedes-Benz,GLB,GLB 250 4MATIC SUV,2026,AUTOMATIC,SUV,GASOLINE,,"2026 Mercedes-Benz GLB GLB 250 4MATIC SUV, Silver exterior","[{url:'https://carimages.d2cmedia.ca/newcarimages/en/cb6ab798baca942/Mercedes-Benz/GLB/2026/1200/471966-NE1BVElDIFNVVg/silver/front45.png'},{url:'https://carimages.d2cmedia.ca/newcarimages/en/cb6ab798baca942/Mercedes-Benz/GLB/2026/1280/471966/silver/front_45_degree.png'},{url:'https://carimages.d2cmedia.ca/newcarimages/en/cb6ab798baca942/Mercedes-Benz/GLB/2026/2100/471966/silver/front_45_degree.png'},{url:'https://carimages.d2cmedia.ca/newcarimages/en/cb6ab798baca942/Mercedes-Benz/GLB/2026/2100/471966/silver/profile.png'},{url:'https://carimages.d2cmedia.ca/newcarimages/en/cb6ab798baca942/Mercedes-Benz/GLB/2026/2100/471966/silver/back_45_degree.png'},{url:'https://carimages.d2cmedia.ca/newcarimages/en/cb6ab798baca942/Mercedes-Benz/GLB/2026/2100/471966/silver/driver_dashboard.png'},{url:'https://carimages.d2cmedia.ca/newcarimages/en/cb6ab798baca942/Mercedes-Benz/GLB/2026/2100/471966/silver/full_dashboard.png'},{url:'https://carimages.d2cmedia.ca/newcarimages/en/cb6ab798baca942/Mercedes-Benz/GLB/2026/2100/471966/silver/interior_driver_open_seat.png'},{url:'https://carimages.d2cmedia.ca/newcarimages/en/cb6ab798baca942/Mercedes-Benz/GLB/2026/2100/471966/silver/interior_driver_stereo.png'},{url:'https://carimages.d2cmedia.ca/newcarimages/en/cb6ab798baca942/Mercedes-Benz/GLB/2026/2100/471966/silver/interior_driver_reat_seats.png'}]",90,KM,https://www.mercedes-benz-maple.ca/new/inventory/2026-Mercedes_Benz-GLB_250-id13976350.html,2026 Mercedes-Benz GLB GLB 250 4MATIC SUV at Mercedes-Benz Maple,69611 CAD,New,Silver,Black,4804,Mercedes-Benz Maple,+1-905-585-9300,"{addr1: '9300 Jane St', city: 'Maple', region: 'Ontario', postal_code: 'L6A 0C5', country: 'CA'}",43.8344170000,-79.5341990000,,,,,https://www.mercedes-benz-maple.ca/privacy-policy.html,New,4804,In stock,,69611 CAD,Free,
W1N4M4HB8TW491009,W1N4M4HB8TW491009,26650305-new,Mercedes-Benz,GLB,GLB 250 4MATIC SUV,2026,AUTOMATIC,SUV,GASOLINE,,"2026 Mercedes-Benz GLB GLB 250 4MATIC SUV, Grey exterior","[{url:'https://carimages.d2cmedia.ca/newcarimages/en/cb6ab798baca942/Mercedes-Benz/GLB/2026/1200/471966-NE1BVElDIFNVVg/gray/front45.png'},{url:'https://carimages.d2cmedia.ca/newcarimages/en/cb6ab798baca942/Mercedes-Benz/GLB/2026/1280/471966/gray/front_45_degree.png'},{url:'https://carimages.d2cmedia.ca/newcarimages/en/cb6ab798baca942/Mercedes-Benz/GLB/2026/2100/471966/gray/front_45_degree.png'},{url:'https://carimages.d2cmedia.ca/newcarimages/en/cb6ab798baca942/Mercedes-Benz/GLB/2026/2100/471966/gray/profile.png'},{url:'https://carimages.d2cmedia.ca/newcarimages/en/cb6ab798baca942/Mercedes-Benz/GLB/2026/2100/471966/gray/back_45_degree.png'},{url:'https://carimages.d2cmedia.ca/newcarimages/en/cb6ab798baca942/Mercedes-Benz/GLB/2026/2100/471966/gray/driver_dashboard.png'},{url:'https://carimages.d2cmedia.ca/newcarimages/en/cb6ab798baca942/Mercedes-Benz/GLB/2026/2100/471966/gray/full_dashboard.png'},{url:'https://carimages.d2cmedia.ca/newcarimages/en/cb6ab798baca942/Mercedes-Benz/GLB/2026/2100/471966/gray/interior_driver_open_seat.png'},{url:'https://carimages.d2cmedia.ca/newcarimages/en/cb6ab798baca942/Mercedes-Benz/GLB/2026/2100/471966/gray/interior_driver_stereo.png'},{url:'https://carimages.d2cmedia.ca/newcarimages/en/cb6ab798baca942/Mercedes-Benz/GLB/2026/2100/471966/gray/interior_driver_reat_seats.png'}]",90,KM,https://www.mercedes-benz-maple.ca/new/inventory/2026-Mercedes_Benz-GLB_250-id13976351.html,2026 Mercedes-Benz GLB GLB 250 4MATIC SUV at Mercedes-Benz Maple,69611 CAD,New,Grey,Black,4804,Mercedes-Benz Maple,+1-905-585-9300,"{addr1: '9300 Jane St', city: 'Maple', region: 'Ontario', postal_code: 'L6A 0C5', country: 'CA'}",43.8344170000,-79.5341990000,,,,,https://www.mercedes-benz-maple.ca/privacy-policy.html,New,4804,In stock,,69611 CAD,Free,
W1N4M4HB6TW492630,W1N4M4HB6TW492630,26650381-new,Mercedes-Benz,GLB,GLB 250 4MATIC SUV,2026,AUTOMATIC,SUV,GASOLINE,,"2026 Mercedes-Benz GLB GLB 250 4MATIC SUV, Silver exterior","[{url:'https://carimages.d2cmedia.ca/newcarimages/en/cb6ab798baca942/Mercedes-Benz/GLB/2026/1200/471966-NE1BVElDIFNVVg/silver/front45.png'},{url:'https://carimages.d2cmedia.ca/newcarimages/en/cb6ab798baca942/Mercedes-Benz/GLB/2026/1280/471966/silver/front_45_degree.png'},{url:'https://carimages.d2cmedia.ca/newcarimages/en/cb6ab798baca942/Mercedes-Benz/GLB/2026/2100/471966/silver/front_45_degree.png'},{url:'https://carimages.d2cmedia.ca/newcarimages/en/cb6ab798baca942/Mercedes-Benz/GLB/2026/2100/471966/silver/profile.png'},{url:'https://carimages.d2cmedia.ca/newcarimages/en/cb6ab798baca942/Mercedes-Benz/GLB/2026/2100/471966/silver/back_45_degree.png'},{url:'https://carimages.d2cmedia.ca/newcarimages/en/cb6ab798baca942/Mercedes-Benz/GLB/2026/2100/471966/silver/driver_dashboard.png'},{url:'https://carimages.d2cmedia.ca/newcarimages/en/cb6ab798baca942/Mercedes-Benz/GLB/2026/2100/471966/silver/full_dashboard.png'},{url:'https://carimages.d2cmedia.ca/newcarimages/en/cb6ab798baca942/Mercedes-Benz/GLB/2026/2100/471966/silver/interior_driver_open_seat.png'},{url:'https://carimages.d2cmedia.ca/newcarimages/en/cb6ab798baca942/Mercedes-Benz/GLB/2026/2100/471966/silver/interior_driver_stereo.png'},{url:'https://carimages.d2cmedia.ca/newcarimages/en/cb6ab798baca942/Mercedes-Benz/GLB/2026/2100/471966/silver/interior_driver_reat_seats.png'}]",90,KM,https://www.mercedes-benz-maple.ca/new/inventory/2026-Mercedes_Benz-GLB_250-id13976352.html,2026 Mercedes-Benz GLB GLB 250 4MATIC SUV at Mercedes-Benz Maple,69611 CAD,New,Silver,Black,4804,Mercedes-Benz Maple,+1-905-585-9300,"{addr1: '9300 Jane St', city: 'Maple', region: 'Ontario', postal_code: 'L6A 0C5', country: 'CA'}",43.8344170000,-79.5341990000,,,,,https://www.mercedes-benz-maple.ca/privacy-policy.html,New,4804,In stock,,69611 CAD,Free,
W1N4M4HB3TW492827,W1N4M4HB3TW492827,26650349-new,Mercedes-Benz,GLB,GLB 250 4MATIC SUV,2026,AUTOMATIC,SUV,GASOLINE,,"2026 Mercedes-Benz GLB GLB 250 4MATIC SUV, Silver exterior","[{url:'https://carimages.d2cmedia.ca/newcarimages/en/cb6ab798baca942/Mercedes-Benz/GLB/2026/1200/471966-NE1BVElDIFNVVg/silver/front45.png'},{url:'https://carimages.d2cmedia.ca/newcarimages/en/cb6ab798baca942/Mercedes-Benz/GLB/2026/1280/471966/silver/front_45_degree.png'},{url:'https://carimages.d2cmedia.ca/newcarimages/en/cb6ab798baca942/Mercedes-Benz/GLB/2026/2100/471966/silver/front_45_degree.png'},{url:'https://carimages.d2cmedia.ca/newcarimages/en/cb6ab798baca942/Mercedes-Benz/GLB/2026/2100/471966/silver/profile.png'},{url:'https://carimages.d2cmedia.ca/newcarimages/en/cb6ab798baca942/Mercedes-Benz/GLB/2026/2100/471966/silver/back_45_degree.png'},{url:'https://carimages.d2cmedia.ca/newcarimages/en/cb6ab798baca942/Mercedes-Benz/GLB/2026/2100/471966/silver/driver_dashboard.png'},{url:'https://carimages.d2cmedia.ca/newcarimages/en/cb6ab798baca942/Mercedes-Benz/GLB/2026/2100/471966/silver/full_dashboard.png'},{url:'https://carimages.d2cmedia.ca/newcarimages/en/cb6ab798baca942/Mercedes-Benz/GLB/2026/2100/471966/silver/interior_driver_open_seat.png'},{url:'https://carimages.d2cmedia.ca/newcarimages/en/cb6ab798baca942/Mercedes-Benz/GLB/2026/2100/471966/silver/interior_driver_stereo.png'},{url:'https://carimages.d2cmedia.ca/newcarimages/en/cb6ab798baca942/Mercedes-Benz/GLB/2026/2100/471966/silver/interior_driver_reat_seats.png'}]",90,KM,https://www.mercedes-benz-maple.ca/new/inventory/2026-Mercedes_Benz-GLB_250-id14051516.html,2026 Mercedes-Benz GLB GLB 250 4MATIC SUV at Mercedes-Benz Maple,69611 CAD,New,Silver,Black,4804,Mercedes-Benz Maple,+1-905-585-9300,"{addr1: '9300 Jane St', city: 'Maple', region: 'Ontario', postal_code: 'L6A 0C5', country: 'CA'}",43.8344170000,-79.5341990000,,,,,https://www.mercedes-benz-maple.ca/privacy-policy.html,New,4804,In stock,,69611 CAD,Free,
W1N4M4HB5TW487287,W1N4M4HB5TW487287,26648391-new,Mercedes-Benz,GLB,GLB 250 4MATIC SUV,2026,AUTOMATIC,SUV,GASOLINE,,"2026 Mercedes-Benz GLB GLB 250 4MATIC SUV, Grey exterior","[{url:'https://carimages.d2cmedia.ca/newcarimages/en/cb6ab798baca942/Mercedes-Benz/GLB/2026/1200/471966-NE1BVElDIFNVVg/gray/front45.png'},{url:'https://carimages.d2cmedia.ca/newcarimages/en/cb6ab798baca942/Mercedes-Benz/GLB/2026/1280/471966/gray/front_45_degree.png'},{url:'https://carimages.d2cmedia.ca/newcarimages/en/cb6ab798baca942/Mercedes-Benz/GLB/2026/2100/471966/gray/front_45_degree.png'},{url:'https://carimages.d2cmedia.ca/newcarimages/en/cb6ab798baca942/Mercedes-Benz/GLB/2026/2100/471966/gray/profile.png'},{url:'https://carimages.d2cmedia.ca/newcarimages/en/cb6ab798baca942/Mercedes-Benz/GLB/2026/2100/471966/gray/back_45_degree.png'},{url:'https://carimages.d2cmedia.ca/newcarimages/en/cb6ab798baca942/Mercedes-Benz/GLB/2026/2100/471966/gray/driver_dashboard.png'},{url:'https://carimages.d2cmedia.ca/newcarimages/en/cb6ab798baca942/Mercedes-Benz/GLB/2026/2100/471966/gray/full_dashboard.png'},{url:'https://carimages.d2cmedia.ca/newcarimages/en/cb6ab798baca942/Mercedes-Benz/GLB/2026/2100/471966/gray/interior_driver_open_seat.png'},{url:'https://carimages.d2cmedia.ca/newcarimages/en/cb6ab798baca942/Mercedes-Benz/GLB/2026/2100/471966/gray/interior_driver_stereo.png'},{url:'https://carimages.d2cmedia.ca/newcarimages/en/cb6ab798baca942/Mercedes-Benz/GLB/2026/2100/471966/gray/interior_driver_reat_seats.png'}]",90,KM,https://www.mercedes-benz-maple.ca/new/inventory/2026-Mercedes_Benz-GLB_250-id14416622.html,2026 Mercedes-Benz GLB GLB 250 4MATIC SUV at Mercedes-Benz Maple,69611 CAD,New,Grey,Black,4804,Mercedes-Benz Maple,+1-905-585-9300,"{addr1: '9300 Jane St', city: 'Maple', region: 'Ontario', postal_code: 'L6A 0C5', country: 'CA'}",43.8344170000,-79.5341990000,,,,,https://www.mercedes-benz-maple.ca/privacy-policy.html,New,4804,In stock,,69611 CAD,Free,
W1N4M4HB9TW467625,W1N4M4HB9TW467625,26511707-new,Mercedes-Benz,GLB,GLB 250 4MATIC SUV,2026,AUTOMATIC,SUV,GASOLINE,,"2026 Mercedes-Benz GLB GLB 250 4MATIC SUV, Grey exterior","[{url:'https://imagescdn.d2cmedia.ca/cb6ab798baca942/4804/13241357/1/Mercedes_Benz-GLB-2026.jpg'},{url:'https://imagescdn.d2cmedia.ca/s86ab798baca942/4804/13241357/1/Mercedes_Benz-GLB_250-2026.jpg'},{url:'https://imagescdn.d2cmedia.ca/cb6ab798baca942/4804/13241357/1/Mercedes_Benz-GLB_250-2026.jpg'},{url:'https://imagescdn.d2cmedia.ca/cb6ab798baca942/4804/13241357/2/Mercedes_Benz-GLB_250-2026.jpg'},{url:'https://imagescdn.d2cmedia.ca/cb6ab798baca942/4804/13241357/3/Mercedes_Benz-GLB_250-2026.jpg'},{url:'https://imagescdn.d2cmedia.ca/cb6ab798baca942/4804/13241357/4/Mercedes_Benz-GLB_250-2026.jpg'},{url:'https://imagescdn.d2cmedia.ca/cb6ab798baca942/4804/13241357/5/Mercedes_Benz-GLB_250-2026.jpg'},{url:'https://imagescdn.d2cmedia.ca/cb6ab798baca942/4804/13241357/6/Mercedes_Benz-GLB_250-2026.jpg'},{url:'https://imagescdn.d2cmedia.ca/cb6ab798baca942/4804/13241357/7/Mercedes_Benz-GLB_250-2026.jpg'},{url:'https://imagescdn.d2cmedia.ca/cb6ab798baca942/4804/13241357/8/Mercedes_Benz-GLB_250-2026.jpg'}]",90,KM,https://www.mercedes-benz-maple.ca/new/inventory/2026-Mercedes_Benz-GLB_250-id13241357.html,2026 Mercedes-Benz GLB GLB 250 4MATIC SUV at Mercedes-Benz Maple,70111 CAD,New,Grey,Black,4804,Mercedes-Benz Maple,+1-905-585-9300,"{addr1: '9300 Jane St', city: 'Maple', region: 'Ontario', postal_code: 'L6A 0C5', country: 'CA'}",43.8344170000,-79.5341990000,,,,,https://www.mercedes-benz-maple.ca/privacy-policy.html,New,4804,In stock,,70111 CAD,Free,
W1N4M4HB5TW481974,W1N4M4HB5TW481974,26528400-new,Mercedes-Benz,GLB,GLB 250 4MATIC SUV,2026,AUTOMATIC,SUV,GASOLINE,,"2026 Mercedes-Benz GLB GLB 250 4MATIC SUV, Silver exterior","[{url:'https://carimages.d2cmedia.ca/newcarimages/en/cb6ab798baca942/Mercedes-Benz/GLB/2026/1200/471966-NE1BVElDIFNVVg/silver/front45.png'},{url:'https://carimages.d2cmedia.ca/newcarimages/en/cb6ab798baca942/Mercedes-Benz/GLB/2026/1280/471966/silver/front_45_degree.png'},{url:'https://carimages.d2cmedia.ca/newcarimages/en/cb6ab798baca942/Mercedes-Benz/GLB/2026/2100/471966/silver/front_45_degree.png'},{url:'https://carimages.d2cmedia.ca/newcarimages/en/cb6ab798baca942/Mercedes-Benz/GLB/2026/2100/471966/silver/profile.png'},{url:'https://carimages.d2cmedia.ca/newcarimages/en/cb6ab798baca942/Mercedes-Benz/GLB/2026/2100/471966/silver/back_45_degree.png'},{url:'https://carimages.d2cmedia.ca/newcarimages/en/cb6ab798baca942/Mercedes-Benz/GLB/2026/2100/471966/silver/driver_dashboard.png'},{url:'https://carimages.d2cmedia.ca/newcarimages/en/cb6ab798baca942/Mercedes-Benz/GLB/2026/2100/471966/silver/full_dashboard.png'},{url:'https://carimages.d2cmedia.ca/newcarimages/en/cb6ab798baca942/Mercedes-Benz/GLB/2026/2100/471966/silver/interior_driver_open_seat.png'},{url:'https://carimages.d2cmedia.ca/newcarimages/en/cb6ab798baca942/Mercedes-Benz/GLB/2026/2100/471966/silver/interior_driver_stereo.png'},{url:'https://carimages.d2cmedia.ca/newcarimages/en/cb6ab798baca942/Mercedes-Benz/GLB/2026/2100/471966/silver/interior_driver_reat_seats.png'}]",90,KM,https://www.mercedes-benz-maple.ca/new/inventory/2026-Mercedes_Benz-GLB_250-id13680758.html,2026 Mercedes-Benz GLB GLB 250 4MATIC SUV at Mercedes-Benz Maple,70211 CAD,New,Silver,Black,4804,Mercedes-Benz Maple,+1-905-585-9300,"{addr1: '9300 Jane St', city: 'Maple', region: 'Ontario', postal_code: 'L6A 0C5', country: 'CA'}",43.8344170000,-79.5341990000,,,,,https://www.mercedes-benz-maple.ca/privacy-policy.html,New,4804,In stock,,70211 CAD,Free,
W1Y4KBHY1TP927999,W1Y4KBHY1TP927999,26659624-new,Mercedes-Benz,Sprinter Cargo Van,"2500 Standard Roof I4 Diesel 144""",2026,AUTOMATIC,VAN,GASOLINE,,"2026 Mercedes-Benz Sprinter Cargo Van 2500 Standard Roof I4 Diesel 144"", White exterior","[{url:'https://carimages.d2cmedia.ca/newcarimages/en/cb6ab798baca942/Mercedes-Benz/Sprinter Cargo Van/2026/1200/480582-MjUwMCBTdGFuZGFyZCBSb29mIEk0IERpZXNlbCAxNDQ/XDBDBDB/front45.png'},{url:'https://carimages.d2cmedia.ca/newcarimages/en/cb6ab798baca942/Mercedes-Benz/Sprinter Cargo Van/2026/1280/480582/Xdbdbdb/front_45_degree.png'},{url:'https://carimages.d2cmedia.ca/newcarimages/en/cb6ab798baca942/Mercedes-Benz/Sprinter Cargo Van/2026/2100/480582/Xdbdbdb/front_45_degree.png'},{url:'https://carimages.d2cmedia.ca/newcarimages/en/cb6ab798baca942/Mercedes-Benz/Sprinter Cargo Van/2026/2100/480582/Xdbdbdb/profile.png'},{url:'https://carimages.d2cmedia.ca/newcarimages/en/cb6ab798baca942/Mercedes-Benz/Sprinter Cargo Van/2026/2100/480582/Xdbdbdb/back_45_degree.png'},{url:'https://carimages.d2cmedia.ca/newcarimages/en/cb6ab798baca942/Mercedes-Benz/Sprinter Cargo Van/2026/2100/480582/Xdbdbdb/driver_dashboard.png'},{url:'https://carimages.d2cmedia.ca/newcarimages/en/cb6ab798baca942/Mercedes-Benz/Sprinter Cargo Van/2026/2100/480582/Xdbdbdb/full_dashboard.png'},{url:'https://carimages.d2cmedia.ca/newcarimages/en/cb6ab798baca942/Mercedes-Benz/Sprinter Cargo Van/2026/2100/480582/Xdbdbdb/interior_driver_open_seat.png'},{url:'https://carimages.d2cmedia.ca/newcarimages/en/cb6ab798baca942/Mercedes-Benz/Sprinter Cargo Van/2026/2100/480582/Xdbdbdb/interior_driver_stereo.png'},{url:'https://carimages.d2cmedia.ca/newcarimages/en/cb6ab798baca942/Mercedes-Benz/Sprinter Cargo Van/2026/2100/480582/Xdbdbdb/interior_passenger_dash.png'}]",90,KM,https://www.mercedes-benz-maple.ca/new/inventory/2026-Mercedes_Benz-Sprinter_Cargo_Van-id14436057.html,"2026 Mercedes-Benz Sprinter Cargo Van 2500 Standard Roof I4 Diesel 144"" at Mercedes-Benz Maple",74531 CAD,New,White,Black,4804,Mercedes-Benz Maple,+1-905-585-9300,"{addr1: '9300 Jane St', city: 'Maple', region: 'Ontario', postal_code: 'L6A 0C5', country: 'CA'}",43.8344170000,-79.5341990000,,,,,https://www.mercedes-benz-maple.ca/privacy-policy.html,New,4804,In stock,,74531 CAD,Free,
W1Y4KBHY5TP914740,W1Y4KBHY5TP914740,26659192-new,Mercedes-Benz,Sprinter Cargo Van,"2500 Standard Roof I4 Diesel 144""",2026,AUTOMATIC,VAN,GASOLINE,,"2026 Mercedes-Benz Sprinter Cargo Van 2500 Standard Roof I4 Diesel 144"", White exterior","[{url:'https://carimages.d2cmedia.ca/newcarimages/en/cb6ab798baca942/Mercedes-Benz/Sprinter Cargo Van/2026/1200/480582-MjUwMCBTdGFuZGFyZCBSb29mIEk0IERpZXNlbCAxNDQ/XDBDBDB/front45.png'},{url:'https://carimages.d2cmedia.ca/newcarimages/en/cb6ab798baca942/Mercedes-Benz/Sprinter Cargo Van/2026/1280/480582/Xdbdbdb/front_45_degree.png'},{url:'https://carimages.d2cmedia.ca/newcarimages/en/cb6ab798baca942/Mercedes-Benz/Sprinter Cargo Van/2026/2100/480582/Xdbdbdb/front_45_degree.png'},{url:'https://carimages.d2cmedia.ca/newcarimages/en/cb6ab798baca942/Mercedes-Benz/Sprinter Cargo Van/2026/2100/480582/Xdbdbdb/profile.png'},{url:'https://carimages.d2cmedia.ca/newcarimages/en/cb6ab798baca942/Mercedes-Benz/Sprinter Cargo Van/2026/2100/480582/Xdbdbdb/back_45_degree.png'},{url:'https://carimages.d2cmedia.ca/newcarimages/en/cb6ab798baca942/Mercedes-Benz/Sprinter Cargo Van/2026/2100/480582/Xdbdbdb/driver_dashboard.png'},{url:'https://carimages.d2cmedia.ca/newcarimages/en/cb6ab798baca942/Mercedes-Benz/Sprinter Cargo Van/2026/2100/480582/Xdbdbdb/full_dashboard.png'},{url:'https://carimages.d2cmedia.ca/newcarimages/en/cb6ab798baca942/Mercedes-Benz/Sprinter Cargo Van/2026/2100/480582/Xdbdbdb/interior_driver_open_seat.png'},{url:'https://carimages.d2cmedia.ca/newcarimages/en/cb6ab798baca942/Mercedes-Benz/Sprinter Cargo Van/2026/2100/480582/Xdbdbdb/interior_driver_stereo.png'},{url:'https://carimages.d2cmedia.ca/newcarimages/en/cb6ab798baca942/Mercedes-Benz/Sprinter Cargo Van/2026/2100/480582/Xdbdbdb/interior_passenger_dash.png'}]",90,KM,https://www.mercedes-benz-maple.ca/new/inventory/2026-Mercedes_Benz-Sprinter_Cargo_Van-id13777424.html,"2026 Mercedes-Benz Sprinter Cargo Van 2500 Standard Roof I4 Diesel 144"" at Mercedes-Benz Maple",75159 CAD,New,White,Black,4804,Mercedes-Benz Maple,+1-905-585-9300,"{addr1: '9300 Jane St', city: 'Maple', region: 'Ontario', postal_code: 'L6A 0C5', country: 'CA'}",43.8344170000,-79.5341990000,,,,,https://www.mercedes-benz-maple.ca/privacy-policy.html,New,4804,In stock,,75159 CAD,Free,
W1Y4KBHY1TP925332,W1Y4KBHY1TP925332,26659615-new,Mercedes-Benz,Sprinter Cargo Van,"2500 Standard Roof I4 Diesel 144""",2026,AUTOMATIC,VAN,GASOLINE,,"2026 Mercedes-Benz Sprinter Cargo Van 2500 Standard Roof I4 Diesel 144"", White exterior","[{url:'https://carimages.d2cmedia.ca/newcarimages/en/cb6ab798baca942/Mercedes-Benz/Sprinter Cargo Van/2026/1200/480582-MjUwMCBTdGFuZGFyZCBSb29mIEk0IERpZXNlbCAxNDQ/XDBDBDB/front45.png'},{url:'https://carimages.d2cmedia.ca/newcarimages/en/cb6ab798baca942/Mercedes-Benz/Sprinter Cargo Van/2026/1280/480582/Xdbdbdb/front_45_degree.png'},{url:'https://carimages.d2cmedia.ca/newcarimages/en/cb6ab798baca942/Mercedes-Benz/Sprinter Cargo Van/2026/2100/480582/Xdbdbdb/front_45_degree.png'},{url:'https://carimages.d2cmedia.ca/newcarimages/en/cb6ab798baca942/Mercedes-Benz/Sprinter Cargo Van/2026/2100/480582/Xdbdbdb/profile.png'},{url:'https://carimages.d2cmedia.ca/newcarimages/en/cb6ab798baca942/Mercedes-Benz/Sprinter Cargo Van/2026/2100/480582/Xdbdbdb/back_45_degree.png'},{url:'https://carimages.d2cmedia.ca/newcarimages/en/cb6ab798baca942/Mercedes-Benz/Sprinter Cargo Van/2026/2100/480582/Xdbdbdb/driver_dashboard.png'},{url:'https://carimages.d2cmedia.ca/newcarimages/en/cb6ab798baca942/Mercedes-Benz/Sprinter Cargo Van/2026/2100/480582/Xdbdbdb/full_dashboard.png'},{url:'https://carimages.d2cmedia.ca/newcarimages/en/cb6ab798baca942/Mercedes-Benz/Sprinter Cargo Van/2026/2100/480582/Xdbdbdb/interior_driver_open_seat.png'},{url:'https://carimages.d2cmedia.ca/newcarimages/en/cb6ab798baca942/Mercedes-Benz/Sprinter Cargo Van/2026/2100/480582/Xdbdbdb/interior_driver_stereo.png'},{url:'https://carimages.d2cmedia.ca/newcarimages/en/cb6ab798baca942/Mercedes-Benz/Sprinter Cargo Van/2026/2100/480582/Xdbdbdb/interior_passenger_dash.png'}]",90,KM,https://www.mercedes-benz-maple.ca/new/inventory/2026-Mercedes_Benz-Sprinter_Cargo_Van-id13976346.html,"2026 Mercedes-Benz Sprinter Cargo Van 2500 Standard Roof I4 Diesel 144"" at Mercedes-Benz Maple",75159 CAD,New,White,Black,4804,Mercedes-Benz Maple,+1-905-585-9300,"{addr1: '9300 Jane St', city: 'Maple', region: 'Ontario', postal_code: 'L6A 0C5', country: 'CA'}",43.8344170000,-79.5341990000,,,,,https://www.mercedes-benz-maple.ca/privacy-policy.html,New,4804,In stock,,75159 CAD,Free,
W1Y4KBHY0TP936077,W1Y4KBHY0TP936077,26659915-new,Mercedes-Benz,Sprinter Cargo Van,"2500 Standard Roof I4 Diesel 144""",2026,AUTOMATIC,VAN,GASOLINE,,"2026 Mercedes-Benz Sprinter Cargo Van 2500 Standard Roof I4 Diesel 144"", White exterior","[{url:'https://carimages.d2cmedia.ca/newcarimages/en/cb6ab798baca942/Mercedes-Benz/Sprinter Cargo Van/2026/1200/480582-MjUwMCBTdGFuZGFyZCBSb29mIEk0IERpZXNlbCAxNDQ/XDBDBDB/front45.png'},{url:'https://carimages.d2cmedia.ca/newcarimages/en/cb6ab798baca942/Mercedes-Benz/Sprinter Cargo Van/2026/1280/480582/Xdbdbdb/front_45_degree.png'},{url:'https://carimages.d2cmedia.ca/newcarimages/en/cb6ab798baca942/Mercedes-Benz/Sprinter Cargo Van/2026/2100/480582/Xdbdbdb/front_45_degree.png'},{url:'https://carimages.d2cmedia.ca/newcarimages/en/cb6ab798baca942/Mercedes-Benz/Sprinter Cargo Van/2026/2100/480582/Xdbdbdb/profile.png'},{url:'https://carimages.d2cmedia.ca/newcarimages/en/cb6ab798baca942/Mercedes-Benz/Sprinter Cargo Van/2026/2100/480582/Xdbdbdb/back_45_degree.png'},{url:'https://carimages.d2cmedia.ca/newcarimages/en/cb6ab798baca942/Mercedes-Benz/Sprinter Cargo Van/2026/2100/480582/Xdbdbdb/driver_dashboard.png'},{url:'https://carimages.d2cmedia.ca/newcarimages/en/cb6ab798baca942/Mercedes-Benz/Sprinter Cargo Van/2026/2100/480582/Xdbdbdb/full_dashboard.png'},{url:'https://carimages.d2cmedia.ca/newcarimages/en/cb6ab798baca942/Mercedes-Benz/Sprinter Cargo Van/2026/2100/480582/Xdbdbdb/interior_driver_open_seat.png'},{url:'https://carimages.d2cmedia.ca/newcarimages/en/cb6ab798baca942/Mercedes-Benz/Sprinter Cargo Van/2026/2100/480582/Xdbdbdb/interior_driver_stereo.png'},{url:'https://carimages.d2cmedia.ca/newcarimages/en/cb6ab798baca942/Mercedes-Benz/Sprinter Cargo Van/2026/2100/480582/Xdbdbdb/interior_passenger_dash.png'}]",90,KM,https://www.mercedes-benz-maple.ca/new/inventory/2026-Mercedes_Benz-Sprinter_Cargo_Van-id14031904.html,"2026 Mercedes-Benz Sprinter Cargo Van 2500 Standard Roof I4 Diesel 144"" at Mercedes-Benz Maple",77470 CAD,New,White,Black,4804,Mercedes-Benz Maple,+1-905-585-9300,"{addr1: '9300 Jane St', city: 'Maple', region: 'Ontario', postal_code: 'L6A 0C5', country: 'CA'}",43.8344170000,-79.5341990000,,,,,https://www.mercedes-benz-maple.ca/privacy-policy.html,New,4804,In stock,,77470 CAD,Free,
W1Y4KBHY4TP945154,W1Y4KBHY4TP945154,26660509-new,Mercedes-Benz,Sprinter Cargo Van,"2500 Standard Roof I4 Diesel 144""",2026,AUTOMATIC,VAN,GASOLINE,,"2026 Mercedes-Benz Sprinter Cargo Van 2500 Standard Roof I4 Diesel 144"", White exterior","[{url:'https://carimages.d2cmedia.ca/newcarimages/en/cb6ab798baca942/Mercedes-Benz/Sprinter Cargo Van/2026/1200/480582-MjUwMCBTdGFuZGFyZCBSb29mIEk0IERpZXNlbCAxNDQ/XDBDBDB/front45.png'},{url:'https://carimages.d2cmedia.ca/newcarimages/en/cb6ab798baca942/Mercedes-Benz/Sprinter Cargo Van/2026/1280/480582/Xdbdbdb/front_45_degree.png'},{url:'https://carimages.d2cmedia.ca/newcarimages/en/cb6ab798baca942/Mercedes-Benz/Sprinter Cargo Van/2026/2100/480582/Xdbdbdb/front_45_degree.png'},{url:'https://carimages.d2cmedia.ca/newcarimages/en/cb6ab798baca942/Mercedes-Benz/Sprinter Cargo Van/2026/2100/480582/Xdbdbdb/profile.png'},{url:'https://carimages.d2cmedia.ca/newcarimages/en/cb6ab798baca942/Mercedes-Benz/Sprinter Cargo Van/2026/2100/480582/Xdbdbdb/back_45_degree.png'},{url:'https://carimages.d2cmedia.ca/newcarimages/en/cb6ab798baca942/Mercedes-Benz/Sprinter Cargo Van/2026/2100/480582/Xdbdbdb/driver_dashboard.png'},{url:'https://carimages.d2cmedia.ca/newcarimages/en/cb6ab798baca942/Mercedes-Benz/Sprinter Cargo Van/2026/2100/480582/Xdbdbdb/full_dashboard.png'},{url:'https://carimages.d2cmedia.ca/newcarimages/en/cb6ab798baca942/Mercedes-Benz/Sprinter Cargo Van/2026/2100/480582/Xdbdbdb/interior_driver_open_seat.png'},{url:'https://carimages.d2cmedia.ca/newcarimages/en/cb6ab798baca942/Mercedes-Benz/Sprinter Cargo Van/2026/2100/480582/Xdbdbdb/interior_driver_stereo.png'},{url:'https://carimages.d2cmedia.ca/newcarimages/en/cb6ab798baca942/Mercedes-Benz/Sprinter Cargo Van/2026/2100/480582/Xdbdbdb/interior_passenger_dash.png'}]",90,KM,https://www.mercedes-benz-maple.ca/new/inventory/2026-Mercedes_Benz-Sprinter_Cargo_Van-id14203055.html,"2026 Mercedes-Benz Sprinter Cargo Van 2500 Standard Roof I4 Diesel 144"" at Mercedes-Benz Maple",77848 CAD,New,White,Black,4804,Mercedes-Benz Maple,+1-905-585-9300,"{addr1: '9300 Jane St', city: 'Maple', region: 'Ontario', postal_code: 'L6A 0C5', country: 'CA'}",43.8344170000,-79.5341990000,,,,,https://www.mercedes-benz-maple.ca/privacy-policy.html,New,4804,In stock,,77848 CAD,Free,
W1Y4KBHY1TP885849,W1Y4KBHY1TP885849,26506467-new,Mercedes-Benz,Sprinter Cargo Van,"2500 Standard Roof I4 Diesel 144""",2026,AUTOMATIC,VAN,GASOLINE,,"2026 Mercedes-Benz Sprinter Cargo Van 2500 Standard Roof I4 Diesel 144"", White exterior","[{url:'https://carimages.d2cmedia.ca/newcarimages/en/cb6ab798baca942/Mercedes-Benz/Sprinter Cargo Van/2026/1200/480582-MjUwMCBTdGFuZGFyZCBSb29mIEk0IERpZXNlbCAxNDQ/XDBDBDB/front45.png'},{url:'https://carimages.d2cmedia.ca/newcarimages/en/cb6ab798baca942/Mercedes-Benz/Sprinter Cargo Van/2026/1280/480582/Xdbdbdb/front_45_degree.png'},{url:'https://carimages.d2cmedia.ca/newcarimages/en/cb6ab798baca942/Mercedes-Benz/Sprinter Cargo Van/2026/2100/480582/Xdbdbdb/front_45_degree.png'},{url:'https://carimages.d2cmedia.ca/newcarimages/en/cb6ab798baca942/Mercedes-Benz/Sprinter Cargo Van/2026/2100/480582/Xdbdbdb/profile.png'},{url:'https://carimages.d2cmedia.ca/newcarimages/en/cb6ab798baca942/Mercedes-Benz/Sprinter Cargo Van/2026/2100/480582/Xdbdbdb/back_45_degree.png'},{url:'https://carimages.d2cmedia.ca/newcarimages/en/cb6ab798baca942/Mercedes-Benz/Sprinter Cargo Van/2026/2100/480582/Xdbdbdb/driver_dashboard.png'},{url:'https://carimages.d2cmedia.ca/newcarimages/en/cb6ab798baca942/Mercedes-Benz/Sprinter Cargo Van/2026/2100/480582/Xdbdbdb/full_dashboard.png'},{url:'https://carimages.d2cmedia.ca/newcarimages/en/cb6ab798baca942/Mercedes-Benz/Sprinter Cargo Van/2026/2100/480582/Xdbdbdb/interior_driver_open_seat.png'},{url:'https://carimages.d2cmedia.ca/newcarimages/en/cb6ab798baca942/Mercedes-Benz/Sprinter Cargo Van/2026/2100/480582/Xdbdbdb/interior_driver_stereo.png'},{url:'https://carimages.d2cmedia.ca/newcarimages/en/cb6ab798baca942/Mercedes-Benz/Sprinter Cargo Van/2026/2100/480582/Xdbdbdb/interior_passenger_dash.png'}]",90,KM,https://www.mercedes-benz-maple.ca/new/inventory/2026-Mercedes_Benz-Sprinter_Cargo_Van-id13383635.html,"2026 Mercedes-Benz Sprinter Cargo Van 2500 Standard Roof I4 Diesel 144"" at Mercedes-Benz Maple",78580 CAD,New,White,Black,4804,Mercedes-Benz Maple,+1-905-585-9300,"{addr1: '9300 Jane St', city: 'Maple', region: 'Ontario', postal_code: 'L6A 0C5', country: 'CA'}",43.8344170000,-79.5341990000,,,,,https://www.mercedes-benz-maple.ca/privacy-policy.html,New,4804,In stock,,78580 CAD,Free,
W1Y4KBHY8TP885850,W1Y4KBHY8TP885850,26506470-new,Mercedes-Benz,Sprinter Cargo Van,"2500 Standard Roof I4 Diesel 144""",2026,AUTOMATIC,VAN,GASOLINE,,"2026 Mercedes-Benz Sprinter Cargo Van 2500 Standard Roof I4 Diesel 144"", White exterior","[{url:'https://carimages.d2cmedia.ca/newcarimages/en/cb6ab798baca942/Mercedes-Benz/Sprinter Cargo Van/2026/1200/480582-MjUwMCBTdGFuZGFyZCBSb29mIEk0IERpZXNlbCAxNDQ/XDBDBDB/front45.png'},{url:'https://carimages.d2cmedia.ca/newcarimages/en/cb6ab798baca942/Mercedes-Benz/Sprinter Cargo Van/2026/1280/480582/Xdbdbdb/front_45_degree.png'},{url:'https://carimages.d2cmedia.ca/newcarimages/en/cb6ab798baca942/Mercedes-Benz/Sprinter Cargo Van/2026/2100/480582/Xdbdbdb/front_45_degree.png'},{url:'https://carimages.d2cmedia.ca/newcarimages/en/cb6ab798baca942/Mercedes-Benz/Sprinter Cargo Van/2026/2100/480582/Xdbdbdb/profile.png'},{url:'https://carimages.d2cmedia.ca/newcarimages/en/cb6ab798baca942/Mercedes-Benz/Sprinter Cargo Van/2026/2100/480582/Xdbdbdb/back_45_degree.png'},{url:'https://carimages.d2cmedia.ca/newcarimages/en/cb6ab798baca942/Mercedes-Benz/Sprinter Cargo Van/2026/2100/480582/Xdbdbdb/driver_dashboard.png'},{url:'https://carimages.d2cmedia.ca/newcarimages/en/cb6ab798baca942/Mercedes-Benz/Sprinter Cargo Van/2026/2100/480582/Xdbdbdb/full_dashboard.png'},{url:'https://carimages.d2cmedia.ca/newcarimages/en/cb6ab798baca942/Mercedes-Benz/Sprinter Cargo Van/2026/2100/480582/Xdbdbdb/interior_driver_open_seat.png'},{url:'https://carimages.d2cmedia.ca/newcarimages/en/cb6ab798baca942/Mercedes-Benz/Sprinter Cargo Van/2026/2100/480582/Xdbdbdb/interior_driver_stereo.png'},{url:'https://carimages.d2cmedia.ca/newcarimages/en/cb6ab798baca942/Mercedes-Benz/Sprinter Cargo Van/2026/2100/480582/Xdbdbdb/interior_passenger_dash.png'}]",90,KM,https://www.mercedes-benz-maple.ca/new/inventory/2026-Mercedes_Benz-Sprinter_Cargo_Van-id13388005.html,"2026 Mercedes-Benz Sprinter Cargo Van 2500 Standard Roof I4 Diesel 144"" at Mercedes-Benz Maple",78580 CAD,New,White,Black,4804,Mercedes-Benz Maple,+1-905-585-9300,"{addr1: '9300 Jane St', city: 'Maple', region: 'Ontario', postal_code: 'L6A 0C5', country: 'CA'}",43.8344170000,-79.5341990000,,,,,https://www.mercedes-benz-maple.ca/privacy-policy.html,New,4804,In stock,,78580 CAD,Free,
W1Y4KBHYXTP913521,W1Y4KBHYXTP913521,26659194-new,Mercedes-Benz,Sprinter Cargo Van,"2500 Standard Roof I4 Diesel 144""",2026,AUTOMATIC,VAN,GASOLINE,,"2026 Mercedes-Benz Sprinter Cargo Van 2500 Standard Roof I4 Diesel 144"", White exterior","[{url:'https://carimages.d2cmedia.ca/newcarimages/en/cb6ab798baca942/Mercedes-Benz/Sprinter Cargo Van/2026/1200/480582-MjUwMCBTdGFuZGFyZCBSb29mIEk0IERpZXNlbCAxNDQ/XDBDBDB/front45.png'},{url:'https://carimages.d2cmedia.ca/newcarimages/en/cb6ab798baca942/Mercedes-Benz/Sprinter Cargo Van/2026/1280/480582/Xdbdbdb/front_45_degree.png'},{url:'https://carimages.d2cmedia.ca/newcarimages/en/cb6ab798baca942/Mercedes-Benz/Sprinter Cargo Van/2026/2100/480582/Xdbdbdb/front_45_degree.png'},{url:'https://carimages.d2cmedia.ca/newcarimages/en/cb6ab798baca942/Mercedes-Benz/Sprinter Cargo Van/2026/2100/480582/Xdbdbdb/profile.png'},{url:'https://carimages.d2cmedia.ca/newcarimages/en/cb6ab798baca942/Mercedes-Benz/Sprinter Cargo Van/2026/2100/480582/Xdbdbdb/back_45_degree.png'},{url:'https://carimages.d2cmedia.ca/newcarimages/en/cb6ab798baca942/Mercedes-Benz/Sprinter Cargo Van/2026/2100/480582/Xdbdbdb/driver_dashboard.png'},{url:'https://carimages.d2cmedia.ca/newcarimages/en/cb6ab798baca942/Mercedes-Benz/Sprinter Cargo Van/2026/2100/480582/Xdbdbdb/full_dashboard.png'},{url:'https://carimages.d2cmedia.ca/newcarimages/en/cb6ab798baca942/Mercedes-Benz/Sprinter Cargo Van/2026/2100/480582/Xdbdbdb/interior_driver_open_seat.png'},{url:'https://carimages.d2cmedia.ca/newcarimages/en/cb6ab798baca942/Mercedes-Benz/Sprinter Cargo Van/2026/2100/480582/Xdbdbdb/interior_driver_stereo.png'},{url:'https://carimages.d2cmedia.ca/newcarimages/en/cb6ab798baca942/Mercedes-Benz/Sprinter Cargo Van/2026/2100/480582/Xdbdbdb/interior_passenger_dash.png'}]",90,KM,https://www.mercedes-benz-maple.ca/new/inventory/2026-Mercedes_Benz-Sprinter_Cargo_Van-id14082019.html,"2026 Mercedes-Benz Sprinter Cargo Van 2500 Standard Roof I4 Diesel 144"" at Mercedes-Benz Maple",80712 CAD,New,White,Black,4804,Mercedes-Benz Maple,+1-905-585-9300,"{addr1: '9300 Jane St', city: 'Maple', region: 'Ontario', postal_code: 'L6A 0C5', country: 'CA'}",43.8344170000,-79.5341990000,,,,,https://www.mercedes-benz-maple.ca/privacy-policy.html,New,4804,In stock,,80712 CAD,Free,
W1Y4KBHY3TP889840,W1Y4KBHY3TP889840,26506567-new,Mercedes-Benz,Sprinter Cargo Van,"2500 Standard Roof I4 Diesel 144""",2026,AUTOMATIC,VAN,GASOLINE,,"2026 Mercedes-Benz Sprinter Cargo Van 2500 Standard Roof I4 Diesel 144"", White exterior","[{url:'https://imagescdn.d2cmedia.ca/cb7dc7cd9bbb2326319d4593e4b87573b8/4804/13661152/1/Mercedes_Benz-Sprinter Cargo Van-2026.jpg'},{url:'https://imagescdn.d2cmedia.ca/s87dc7cd9bbb2326319d4593e4b87573b8/4804/13661152/1/Mercedes_Benz-Sprinter_Cargo_Van-2026.jpg'},{url:'https://imagescdn.d2cmedia.ca/cb7dc7cd9bbb2326319d4593e4b87573b8/4804/13661152/1/Mercedes_Benz-Sprinter_Cargo_Van-2026.jpg'},{url:'https://imagescdn.d2cmedia.ca/cb7dc7cd9bbb2326319d4593e4b87573b8/4804/13661152/2/Mercedes_Benz-Sprinter_Cargo_Van-2026.jpg'},{url:'https://imagescdn.d2cmedia.ca/cb7dc7cd9bbb2326319d4593e4b87573b8/4804/13661152/3/Mercedes_Benz-Sprinter_Cargo_Van-2026.jpg'},{url:'https://imagescdn.d2cmedia.ca/cb7dc7cd9bbb2326319d4593e4b87573b8/4804/13661152/4/Mercedes_Benz-Sprinter_Cargo_Van-2026.jpg'},{url:'https://imagescdn.d2cmedia.ca/cb7dc7cd9bbb2326319d4593e4b87573b8/4804/13661152/5/Mercedes_Benz-Sprinter_Cargo_Van-2026.jpg'},{url:'https://imagescdn.d2cmedia.ca/cb7dc7cd9bbb2326319d4593e4b87573b8/4804/13661152/6/Mercedes_Benz-Sprinter_Cargo_Van-2026.jpg'},{url:'https://imagescdn.d2cmedia.ca/cb7dc7cd9bbb2326319d4593e4b87573b8/4804/13661152/7/Mercedes_Benz-Sprinter_Cargo_Van-2026.jpg'},{url:'https://imagescdn.d2cmedia.ca/cb7dc7cd9bbb2326319d4593e4b87573b8/4804/13661152/8/Mercedes_Benz-Sprinter_Cargo_Van-2026.jpg'}]",90,KM,https://www.mercedes-benz-maple.ca/new/inventory/2026-Mercedes_Benz-Sprinter_Cargo_Van-id13661152.html,"2026 Mercedes-Benz Sprinter Cargo Van 2500 Standard Roof I4 Diesel 144"" at Mercedes-Benz Maple",81430 CAD,New,White,Black,4804,Mercedes-Benz Maple,+1-905-585-9300,"{addr1: '9300 Jane St', city: 'Maple', region: 'Ontario', postal_code: 'L6A 0C5', country: 'CA'}",43.8344170000,-79.5341990000,,,,,https://www.mercedes-benz-maple.ca/privacy-policy.html,New,4804,In stock,,81430 CAD,Free,
W1Y4KBHY0TP901555,W1Y4KBHY0TP901555,26658828-new,Mercedes-Benz,Sprinter Cargo Van,"2500 Standard Roof I4 Diesel 144""",2026,AUTOMATIC,VAN,GASOLINE,,"2026 Mercedes-Benz Sprinter Cargo Van 2500 Standard Roof I4 Diesel 144"", White exterior","[{url:'https://imagescdn.d2cmedia.ca/cbd9677fd0fbe2a9766847da060bdcf5dd/4804/13697057/1/Mercedes_Benz-Sprinter Cargo Van-2026.jpg'},{url:'https://imagescdn.d2cmedia.ca/s8d9677fd0fbe2a9766847da060bdcf5dd/4804/13697057/1/Mercedes_Benz-Sprinter_Cargo_Van-2026.jpg'},{url:'https://imagescdn.d2cmedia.ca/cbd9677fd0fbe2a9766847da060bdcf5dd/4804/13697057/1/Mercedes_Benz-Sprinter_Cargo_Van-2026.jpg'},{url:'https://imagescdn.d2cmedia.ca/cbd9677fd0fbe2a9766847da060bdcf5dd/4804/13697057/2/Mercedes_Benz-Sprinter_Cargo_Van-2026.jpg'},{url:'https://imagescdn.d2cmedia.ca/cbd9677fd0fbe2a9766847da060bdcf5dd/4804/13697057/3/Mercedes_Benz-Sprinter_Cargo_Van-2026.jpg'},{url:'https://imagescdn.d2cmedia.ca/cbd9677fd0fbe2a9766847da060bdcf5dd/4804/13697057/4/Mercedes_Benz-Sprinter_Cargo_Van-2026.jpg'},{url:'https://imagescdn.d2cmedia.ca/cbd9677fd0fbe2a9766847da060bdcf5dd/4804/13697057/5/Mercedes_Benz-Sprinter_Cargo_Van-2026.jpg'},{url:'https://imagescdn.d2cmedia.ca/cbd9677fd0fbe2a9766847da060bdcf5dd/4804/13697057/6/Mercedes_Benz-Sprinter_Cargo_Van-2026.jpg'},{url:'https://imagescdn.d2cmedia.ca/cbd9677fd0fbe2a9766847da060bdcf5dd/4804/13697057/7/Mercedes_Benz-Sprinter_Cargo_Van-2026.jpg'},{url:'https://imagescdn.d2cmedia.ca/cbd9677fd0fbe2a9766847da060bdcf5dd/4804/13697057/8/Mercedes_Benz-Sprinter_Cargo_Van-2026.jpg'}]",90,KM,https://www.mercedes-benz-maple.ca/new/inventory/2026-Mercedes_Benz-Sprinter_Cargo_Van-id13697057.html,"2026 Mercedes-Benz Sprinter Cargo Van 2500 Standard Roof I4 Diesel 144"" at Mercedes-Benz Maple",81430 CAD,New,White,Black,4804,Mercedes-Benz Maple,+1-905-585-9300,"{addr1: '9300 Jane St', city: 'Maple', region: 'Ontario', postal_code: 'L6A 0C5', country: 'CA'}",43.8344170000,-79.5341990000,,,,,https://www.mercedes-benz-maple.ca/privacy-policy.html,New,4804,In stock,,81430 CAD,Free,
W1Y4KBHY4TP902966,W1Y4KBHY4TP902966,26658830-new,Mercedes-Benz,Sprinter Cargo Van,"2500 Standard Roof I4 Diesel 144""",2026,AUTOMATIC,VAN,GASOLINE,,"2026 Mercedes-Benz Sprinter Cargo Van 2500 Standard Roof I4 Diesel 144"", White exterior","[{url:'https://imagescdn.d2cmedia.ca/cba18a9c953a0d67cb3527f04a59710bb7/4804/13697058/1/Mercedes_Benz-Sprinter Cargo Van-2026.jpg'},{url:'https://imagescdn.d2cmedia.ca/s8a18a9c953a0d67cb3527f04a59710bb7/4804/13697058/1/Mercedes_Benz-Sprinter_Cargo_Van-2026.jpg'},{url:'https://imagescdn.d2cmedia.ca/cba18a9c953a0d67cb3527f04a59710bb7/4804/13697058/1/Mercedes_Benz-Sprinter_Cargo_Van-2026.jpg'},{url:'https://imagescdn.d2cmedia.ca/cba18a9c953a0d67cb3527f04a59710bb7/4804/13697058/2/Mercedes_Benz-Sprinter_Cargo_Van-2026.jpg'},{url:'https://imagescdn.d2cmedia.ca/cba18a9c953a0d67cb3527f04a59710bb7/4804/13697058/3/Mercedes_Benz-Sprinter_Cargo_Van-2026.jpg'},{url:'https://imagescdn.d2cmedia.ca/cba18a9c953a0d67cb3527f04a59710bb7/4804/13697058/4/Mercedes_Benz-Sprinter_Cargo_Van-2026.jpg'},{url:'https://imagescdn.d2cmedia.ca/cba18a9c953a0d67cb3527f04a59710bb7/4804/13697058/5/Mercedes_Benz-Sprinter_Cargo_Van-2026.jpg'},{url:'https://imagescdn.d2cmedia.ca/cba18a9c953a0d67cb3527f04a59710bb7/4804/13697058/6/Mercedes_Benz-Sprinter_Cargo_Van-2026.jpg'},{url:'https://imagescdn.d2cmedia.ca/cba18a9c953a0d67cb3527f04a59710bb7/4804/13697058/7/Mercedes_Benz-Sprinter_Cargo_Van-2026.jpg'},{url:'https://imagescdn.d2cmedia.ca/cba18a9c953a0d67cb3527f04a59710bb7/4804/13697058/8/Mercedes_Benz-Sprinter_Cargo_Van-2026.jpg'}]",90,KM,https://www.mercedes-benz-maple.ca/new/inventory/2026-Mercedes_Benz-Sprinter_Cargo_Van-id13697058.html,"2026 Mercedes-Benz Sprinter Cargo Van 2500 Standard Roof I4 Diesel 144"" at Mercedes-Benz Maple",81430 CAD,New,White,Black,4804,Mercedes-Benz Maple,+1-905-585-9300,"{addr1: '9300 Jane St', city: 'Maple', region: 'Ontario', postal_code: 'L6A 0C5', country: 'CA'}",43.8344170000,-79.5341990000,,,,,https://www.mercedes-benz-maple.ca/privacy-policy.html,New,4804,In stock,,81430 CAD,Free,
W1Y4KBHY5TP917024,W1Y4KBHY5TP917024,26659196-new,Mercedes-Benz,Sprinter Cargo Van,"2500 Standard Roof I4 Diesel 144""",2026,AUTOMATIC,VAN,GASOLINE,,"2026 Mercedes-Benz Sprinter Cargo Van 2500 Standard Roof I4 Diesel 144"", White exterior","[{url:'https://imagescdn.d2cmedia.ca/cb0e76ae1404d14e139094e1966e4275c8/4804/13728756/1/Mercedes_Benz-Sprinter Cargo Van-2026.jpg'},{url:'https://imagescdn.d2cmedia.ca/s80e76ae1404d14e139094e1966e4275c8/4804/13728756/1/Mercedes_Benz-Sprinter_Cargo_Van-2026.jpg'},{url:'https://imagescdn.d2cmedia.ca/cb0e76ae1404d14e139094e1966e4275c8/4804/13728756/1/Mercedes_Benz-Sprinter_Cargo_Van-2026.jpg'},{url:'https://imagescdn.d2cmedia.ca/cb0e76ae1404d14e139094e1966e4275c8/4804/13728756/2/Mercedes_Benz-Sprinter_Cargo_Van-2026.jpg'},{url:'https://imagescdn.d2cmedia.ca/cb0e76ae1404d14e139094e1966e4275c8/4804/13728756/3/Mercedes_Benz-Sprinter_Cargo_Van-2026.jpg'},{url:'https://imagescdn.d2cmedia.ca/cb0e76ae1404d14e139094e1966e4275c8/4804/13728756/4/Mercedes_Benz-Sprinter_Cargo_Van-2026.jpg'},{url:'https://imagescdn.d2cmedia.ca/cb0e76ae1404d14e139094e1966e4275c8/4804/13728756/5/Mercedes_Benz-Sprinter_Cargo_Van-2026.jpg'},{url:'https://imagescdn.d2cmedia.ca/cb0e76ae1404d14e139094e1966e4275c8/4804/13728756/6/Mercedes_Benz-Sprinter_Cargo_Van-2026.jpg'},{url:'https://imagescdn.d2cmedia.ca/cb0e76ae1404d14e139094e1966e4275c8/4804/13728756/7/Mercedes_Benz-Sprinter_Cargo_Van-2026.jpg'},{url:'https://imagescdn.d2cmedia.ca/cb0e76ae1404d14e139094e1966e4275c8/4804/13728756/8/Mercedes_Benz-Sprinter_Cargo_Van-2026.jpg'}]",90,KM,https://www.mercedes-benz-maple.ca/new/inventory/2026-Mercedes_Benz-Sprinter_Cargo_Van-id13728756.html,"2026 Mercedes-Benz Sprinter Cargo Van 2500 Standard Roof I4 Diesel 144"" at Mercedes-Benz Maple",81430 CAD,New,White,Black,4804,Mercedes-Benz Maple,+1-905-585-9300,"{addr1: '9300 Jane St', city: 'Maple', region: 'Ontario', postal_code: 'L6A 0C5', country: 'CA'}",43.8344170000,-79.5341990000,,,,,https://www.mercedes-benz-maple.ca/privacy-policy.html,New,4804,In stock,,81430 CAD,Free,
W1Y4KBHY5TP921543,W1Y4KBHY5TP921543,26659617-new,Mercedes-Benz,Sprinter Cargo Van,"2500 Standard Roof I4 Diesel 144""",2026,AUTOMATIC,VAN,GASOLINE,,"2026 Mercedes-Benz Sprinter Cargo Van 2500 Standard Roof I4 Diesel 144"", White exterior","[{url:'https://imagescdn.d2cmedia.ca/cbd342ff25513dab2fdbcd4f3c5c8cb493/4804/13842046/1/Mercedes_Benz-Sprinter Cargo Van-2026.jpg'},{url:'https://imagescdn.d2cmedia.ca/s8d342ff25513dab2fdbcd4f3c5c8cb493/4804/13842046/1/Mercedes_Benz-Sprinter_Cargo_Van-2026.jpg'},{url:'https://imagescdn.d2cmedia.ca/cbd342ff25513dab2fdbcd4f3c5c8cb493/4804/13842046/1/Mercedes_Benz-Sprinter_Cargo_Van-2026.jpg'},{url:'https://imagescdn.d2cmedia.ca/cbd342ff25513dab2fdbcd4f3c5c8cb493/4804/13842046/2/Mercedes_Benz-Sprinter_Cargo_Van-2026.jpg'},{url:'https://imagescdn.d2cmedia.ca/cbd342ff25513dab2fdbcd4f3c5c8cb493/4804/13842046/3/Mercedes_Benz-Sprinter_Cargo_Van-2026.jpg'},{url:'https://imagescdn.d2cmedia.ca/cbd342ff25513dab2fdbcd4f3c5c8cb493/4804/13842046/4/Mercedes_Benz-Sprinter_Cargo_Van-2026.jpg'},{url:'https://imagescdn.d2cmedia.ca/cbd342ff25513dab2fdbcd4f3c5c8cb493/4804/13842046/5/Mercedes_Benz-Sprinter_Cargo_Van-2026.jpg'},{url:'https://imagescdn.d2cmedia.ca/cbd342ff25513dab2fdbcd4f3c5c8cb493/4804/13842046/6/Mercedes_Benz-Sprinter_Cargo_Van-2026.jpg'},{url:'https://imagescdn.d2cmedia.ca/cbd342ff25513dab2fdbcd4f3c5c8cb493/4804/13842046/7/Mercedes_Benz-Sprinter_Cargo_Van-2026.jpg'},{url:'https://imagescdn.d2cmedia.ca/cbd342ff25513dab2fdbcd4f3c5c8cb493/4804/13842046/8/Mercedes_Benz-Sprinter_Cargo_Van-2026.jpg'}]",90,KM,https://www.mercedes-benz-maple.ca/new/inventory/2026-Mercedes_Benz-Sprinter_Cargo_Van-id13842046.html,"2026 Mercedes-Benz Sprinter Cargo Van 2500 Standard Roof I4 Diesel 144"" at Mercedes-Benz Maple",81430 CAD,New,White,Black,4804,Mercedes-Benz Maple,+1-905-585-9300,"{addr1: '9300 Jane St', city: 'Maple', region: 'Ontario', postal_code: 'L6A 0C5', country: 'CA'}",43.8344170000,-79.5341990000,,,,,https://www.mercedes-benz-maple.ca/privacy-policy.html,New,4804,In stock,,81430 CAD,Free,
W1Y4KBHY1TP921054,W1Y4KBHY1TP921054,26659731-new,Mercedes-Benz,Sprinter Cargo Van,"2500 Standard Roof I4 Diesel 144""",2026,AUTOMATIC,VAN,GASOLINE,,"2026 Mercedes-Benz Sprinter Cargo Van 2500 Standard Roof I4 Diesel 144"", White exterior","[{url:'https://imagescdn.d2cmedia.ca/cb5fffbc1311aac01cbc6d81d1c4e5e892/4804/13881833/1/Mercedes_Benz-Sprinter Cargo Van-2026.jpg'},{url:'https://imagescdn.d2cmedia.ca/s85fffbc1311aac01cbc6d81d1c4e5e892/4804/13881833/1/Mercedes_Benz-Sprinter_Cargo_Van-2026.jpg'},{url:'https://imagescdn.d2cmedia.ca/cb5fffbc1311aac01cbc6d81d1c4e5e892/4804/13881833/1/Mercedes_Benz-Sprinter_Cargo_Van-2026.jpg'},{url:'https://imagescdn.d2cmedia.ca/cb5fffbc1311aac01cbc6d81d1c4e5e892/4804/13881833/2/Mercedes_Benz-Sprinter_Cargo_Van-2026.jpg'},{url:'https://imagescdn.d2cmedia.ca/cb5fffbc1311aac01cbc6d81d1c4e5e892/4804/13881833/3/Mercedes_Benz-Sprinter_Cargo_Van-2026.jpg'},{url:'https://imagescdn.d2cmedia.ca/cb5fffbc1311aac01cbc6d81d1c4e5e892/4804/13881833/4/Mercedes_Benz-Sprinter_Cargo_Van-2026.jpg'},{url:'https://imagescdn.d2cmedia.ca/cb5fffbc1311aac01cbc6d81d1c4e5e892/4804/13881833/5/Mercedes_Benz-Sprinter_Cargo_Van-2026.jpg'},{url:'https://imagescdn.d2cmedia.ca/cb5fffbc1311aac01cbc6d81d1c4e5e892/4804/13881833/6/Mercedes_Benz-Sprinter_Cargo_Van-2026.jpg'},{url:'https://imagescdn.d2cmedia.ca/cb5fffbc1311aac01cbc6d81d1c4e5e892/4804/13881833/7/Mercedes_Benz-Sprinter_Cargo_Van-2026.jpg'},{url:'https://imagescdn.d2cmedia.ca/cb5fffbc1311aac01cbc6d81d1c4e5e892/4804/13881833/8/Mercedes_Benz-Sprinter_Cargo_Van-2026.jpg'}]",90,KM,https://www.mercedes-benz-maple.ca/new/inventory/2026-Mercedes_Benz-Sprinter_Cargo_Van-id13881833.html,"2026 Mercedes-Benz Sprinter Cargo Van 2500 Standard Roof I4 Diesel 144"" at Mercedes-Benz Maple",81430 CAD,New,White,Black,4804,Mercedes-Benz Maple,+1-905-585-9300,"{addr1: '9300 Jane St', city: 'Maple', region: 'Ontario', postal_code: 'L6A 0C5', country: 'CA'}",43.8344170000,-79.5341990000,,,,,https://www.mercedes-benz-maple.ca/privacy-policy.html,New,4804,In stock,,81430 CAD,Free,
W1Y4KBHYXTP931517,W1Y4KBHYXTP931517,26659916-new,Mercedes-Benz,Sprinter Cargo Van,"2500 Standard Roof I4 Diesel 144""",2026,AUTOMATIC,VAN,GASOLINE,,"2026 Mercedes-Benz Sprinter Cargo Van 2500 Standard Roof I4 Diesel 144"", White exterior","[{url:'https://imagescdn.d2cmedia.ca/cb9fc640241bbee5a1a6b2d67ff31c0a2d/4804/13976372/1/Mercedes_Benz-Sprinter Cargo Van-2026.jpg'},{url:'https://imagescdn.d2cmedia.ca/s89fc640241bbee5a1a6b2d67ff31c0a2d/4804/13976372/1/Mercedes_Benz-Sprinter_Cargo_Van-2026.jpg'},{url:'https://imagescdn.d2cmedia.ca/cb9fc640241bbee5a1a6b2d67ff31c0a2d/4804/13976372/1/Mercedes_Benz-Sprinter_Cargo_Van-2026.jpg'},{url:'https://imagescdn.d2cmedia.ca/cb9fc640241bbee5a1a6b2d67ff31c0a2d/4804/13976372/2/Mercedes_Benz-Sprinter_Cargo_Van-2026.jpg'},{url:'https://imagescdn.d2cmedia.ca/cb9fc640241bbee5a1a6b2d67ff31c0a2d/4804/13976372/3/Mercedes_Benz-Sprinter_Cargo_Van-2026.jpg'},{url:'https://imagescdn.d2cmedia.ca/cb9fc640241bbee5a1a6b2d67ff31c0a2d/4804/13976372/4/Mercedes_Benz-Sprinter_Cargo_Van-2026.jpg'},{url:'https://imagescdn.d2cmedia.ca/cb9fc640241bbee5a1a6b2d67ff31c0a2d/4804/13976372/5/Mercedes_Benz-Sprinter_Cargo_Van-2026.jpg'},{url:'https://imagescdn.d2cmedia.ca/cb9fc640241bbee5a1a6b2d67ff31c0a2d/4804/13976372/6/Mercedes_Benz-Sprinter_Cargo_Van-2026.jpg'},{url:'https://imagescdn.d2cmedia.ca/cb9fc640241bbee5a1a6b2d67ff31c0a2d/4804/13976372/7/Mercedes_Benz-Sprinter_Cargo_Van-2026.jpg'},{url:'https://imagescdn.d2cmedia.ca/cb9fc640241bbee5a1a6b2d67ff31c0a2d/4804/13976372/8/Mercedes_Benz-Sprinter_Cargo_Van-2026.jpg'}]",90,KM,https://www.mercedes-benz-maple.ca/new/inventory/2026-Mercedes_Benz-Sprinter_Cargo_Van-id13976372.html,"2026 Mercedes-Benz Sprinter Cargo Van 2500 Standard Roof I4 Diesel 144"" at Mercedes-Benz Maple",81430 CAD,New,White,Black,4804,Mercedes-Benz Maple,+1-905-585-9300,"{addr1: '9300 Jane St', city: 'Maple', region: 'Ontario', postal_code: 'L6A 0C5', country: 'CA'}",43.8344170000,-79.5341990000,,,,,https://www.mercedes-benz-maple.ca/privacy-policy.html,New,4804,In stock,,81430 CAD,Free,
W1Y4KBHY7TP936576,W1Y4KBHY7TP936576,26659919-new,Mercedes-Benz,Sprinter Cargo Van,"2500 Standard Roof I4 Diesel 144""",2026,AUTOMATIC,VAN,GASOLINE,,"2026 Mercedes-Benz Sprinter Cargo Van 2500 Standard Roof I4 Diesel 144"", White exterior","[{url:'https://imagescdn.d2cmedia.ca/cbde2cf7b530f74fc164f1405d845bb51f/4804/14057290/1/Mercedes_Benz-Sprinter Cargo Van-2026.jpg'},{url:'https://imagescdn.d2cmedia.ca/s8de2cf7b530f74fc164f1405d845bb51f/4804/14057290/1/Mercedes_Benz-Sprinter_Cargo_Van-2026.jpg'},{url:'https://imagescdn.d2cmedia.ca/cbde2cf7b530f74fc164f1405d845bb51f/4804/14057290/1/Mercedes_Benz-Sprinter_Cargo_Van-2026.jpg'},{url:'https://imagescdn.d2cmedia.ca/cbde2cf7b530f74fc164f1405d845bb51f/4804/14057290/2/Mercedes_Benz-Sprinter_Cargo_Van-2026.jpg'},{url:'https://imagescdn.d2cmedia.ca/cbde2cf7b530f74fc164f1405d845bb51f/4804/14057290/3/Mercedes_Benz-Sprinter_Cargo_Van-2026.jpg'},{url:'https://imagescdn.d2cmedia.ca/cbde2cf7b530f74fc164f1405d845bb51f/4804/14057290/4/Mercedes_Benz-Sprinter_Cargo_Van-2026.jpg'},{url:'https://imagescdn.d2cmedia.ca/cbde2cf7b530f74fc164f1405d845bb51f/4804/14057290/5/Mercedes_Benz-Sprinter_Cargo_Van-2026.jpg'},{url:'https://imagescdn.d2cmedia.ca/cbde2cf7b530f74fc164f1405d845bb51f/4804/14057290/6/Mercedes_Benz-Sprinter_Cargo_Van-2026.jpg'},{url:'https://imagescdn.d2cmedia.ca/cbde2cf7b530f74fc164f1405d845bb51f/4804/14057290/7/Mercedes_Benz-Sprinter_Cargo_Van-2026.jpg'},{url:'https://imagescdn.d2cmedia.ca/cbde2cf7b530f74fc164f1405d845bb51f/4804/14057290/8/Mercedes_Benz-Sprinter_Cargo_Van-2026.jpg'}]",90,KM,https://www.mercedes-benz-maple.ca/new/inventory/2026-Mercedes_Benz-Sprinter_Cargo_Van-id14057290.html,"2026 Mercedes-Benz Sprinter Cargo Van 2500 Standard Roof I4 Diesel 144"" at Mercedes-Benz Maple",81430 CAD,New,White,Black,4804,Mercedes-Benz Maple,+1-905-585-9300,"{addr1: '9300 Jane St', city: 'Maple', region: 'Ontario', postal_code: 'L6A 0C5', country: 'CA'}",43.8344170000,-79.5341990000,,,,,https://www.mercedes-benz-maple.ca/privacy-policy.html,New,4804,In stock,,81430 CAD,Free,
W1Y4KBHY6TP938609,W1Y4KBHY6TP938609,26659917-new,Mercedes-Benz,Sprinter Cargo Van,"2500 Standard Roof I4 Diesel 144""",2026,AUTOMATIC,VAN,GASOLINE,,"2026 Mercedes-Benz Sprinter Cargo Van 2500 Standard Roof I4 Diesel 144"", White exterior","[{url:'https://imagescdn.d2cmedia.ca/cb7548644b54e22887d1e7626b0b32ebb2/4804/14107529/1/Mercedes_Benz-Sprinter Cargo Van-2026.jpg'},{url:'https://imagescdn.d2cmedia.ca/s87548644b54e22887d1e7626b0b32ebb2/4804/14107529/1/Mercedes_Benz-Sprinter_Cargo_Van-2026.jpg'},{url:'https://imagescdn.d2cmedia.ca/cb7548644b54e22887d1e7626b0b32ebb2/4804/14107529/1/Mercedes_Benz-Sprinter_Cargo_Van-2026.jpg'},{url:'https://imagescdn.d2cmedia.ca/cb7548644b54e22887d1e7626b0b32ebb2/4804/14107529/2/Mercedes_Benz-Sprinter_Cargo_Van-2026.jpg'},{url:'https://imagescdn.d2cmedia.ca/cb7548644b54e22887d1e7626b0b32ebb2/4804/14107529/3/Mercedes_Benz-Sprinter_Cargo_Van-2026.jpg'},{url:'https://imagescdn.d2cmedia.ca/cb7548644b54e22887d1e7626b0b32ebb2/4804/14107529/4/Mercedes_Benz-Sprinter_Cargo_Van-2026.jpg'},{url:'https://imagescdn.d2cmedia.ca/cb7548644b54e22887d1e7626b0b32ebb2/4804/14107529/5/Mercedes_Benz-Sprinter_Cargo_Van-2026.jpg'},{url:'https://imagescdn.d2cmedia.ca/cb7548644b54e22887d1e7626b0b32ebb2/4804/14107529/6/Mercedes_Benz-Sprinter_Cargo_Van-2026.jpg'},{url:'https://imagescdn.d2cmedia.ca/cb7548644b54e22887d1e7626b0b32ebb2/4804/14107529/7/Mercedes_Benz-Sprinter_Cargo_Van-2026.jpg'},{url:'https://imagescdn.d2cmedia.ca/cb7548644b54e22887d1e7626b0b32ebb2/4804/14107529/8/Mercedes_Benz-Sprinter_Cargo_Van-2026.jpg'}]",90,KM,https://www.mercedes-benz-maple.ca/new/inventory/2026-Mercedes_Benz-Sprinter_Cargo_Van-id14107529.html,"2026 Mercedes-Benz Sprinter Cargo Van 2500 Standard Roof I4 Diesel 144"" at Mercedes-Benz Maple",81430 CAD,New,White,Black,4804,Mercedes-Benz Maple,+1-905-585-9300,"{addr1: '9300 Jane St', city: 'Maple', region: 'Ontario', postal_code: 'L6A 0C5', country: 'CA'}",43.8344170000,-79.5341990000,,,,,https://www.mercedes-benz-maple.ca/privacy-policy.html,New,4804,In stock,,81430 CAD,Free,
W1Y4KBHY0TP943420,W1Y4KBHY0TP943420,26660513-new,Mercedes-Benz,Sprinter Cargo Van,"2500 Standard Roof I4 Diesel 144""",2026,AUTOMATIC,VAN,GASOLINE,,"2026 Mercedes-Benz Sprinter Cargo Van 2500 Standard Roof I4 Diesel 144"", White exterior","[{url:'https://imagescdn.d2cmedia.ca/cb7e32e66f4a9e3b7aa884c73ebabd40ec/4804/14127269/1/Mercedes_Benz-Sprinter Cargo Van-2026.jpg'},{url:'https://imagescdn.d2cmedia.ca/s87e32e66f4a9e3b7aa884c73ebabd40ec/4804/14127269/1/Mercedes_Benz-Sprinter_Cargo_Van-2026.jpg'},{url:'https://imagescdn.d2cmedia.ca/cb7e32e66f4a9e3b7aa884c73ebabd40ec/4804/14127269/1/Mercedes_Benz-Sprinter_Cargo_Van-2026.jpg'},{url:'https://imagescdn.d2cmedia.ca/cb7e32e66f4a9e3b7aa884c73ebabd40ec/4804/14127269/2/Mercedes_Benz-Sprinter_Cargo_Van-2026.jpg'},{url:'https://imagescdn.d2cmedia.ca/cb7e32e66f4a9e3b7aa884c73ebabd40ec/4804/14127269/3/Mercedes_Benz-Sprinter_Cargo_Van-2026.jpg'},{url:'https://imagescdn.d2cmedia.ca/cb7e32e66f4a9e3b7aa884c73ebabd40ec/4804/14127269/4/Mercedes_Benz-Sprinter_Cargo_Van-2026.jpg'},{url:'https://imagescdn.d2cmedia.ca/cb7e32e66f4a9e3b7aa884c73ebabd40ec/4804/14127269/5/Mercedes_Benz-Sprinter_Cargo_Van-2026.jpg'},{url:'https://imagescdn.d2cmedia.ca/cb7e32e66f4a9e3b7aa884c73ebabd40ec/4804/14127269/6/Mercedes_Benz-Sprinter_Cargo_Van-2026.jpg'},{url:'https://imagescdn.d2cmedia.ca/cb7e32e66f4a9e3b7aa884c73ebabd40ec/4804/14127269/7/Mercedes_Benz-Sprinter_Cargo_Van-2026.jpg'},{url:'https://imagescdn.d2cmedia.ca/cb7e32e66f4a9e3b7aa884c73ebabd40ec/4804/14127269/8/Mercedes_Benz-Sprinter_Cargo_Van-2026.jpg'}]",90,KM,https://www.mercedes-benz-maple.ca/new/inventory/2026-Mercedes_Benz-Sprinter_Cargo_Van-id14127269.html,"2026 Mercedes-Benz Sprinter Cargo Van 2500 Standard Roof I4 Diesel 144"" at Mercedes-Benz Maple",81430 CAD,New,White,Black,4804,Mercedes-Benz Maple,+1-905-585-9300,"{addr1: '9300 Jane St', city: 'Maple', region: 'Ontario', postal_code: 'L6A 0C5', country: 'CA'}",43.8344170000,-79.5341990000,,,,,https://www.mercedes-benz-maple.ca/privacy-policy.html,New,4804,In stock,,81430 CAD,Free,
W1Y4KBHY0TP946852,W1Y4KBHY0TP946852,26660293-new,Mercedes-Benz,Sprinter Cargo Van,"2500 Standard Roof I4 Diesel 144""",2026,AUTOMATIC,VAN,GASOLINE,,"2026 Mercedes-Benz Sprinter Cargo Van 2500 Standard Roof I4 Diesel 144"", White exterior","[{url:'https://imagescdn.d2cmedia.ca/cb707b00ac6b03e85b2cc9718386625899/4804/14203053/1/Mercedes_Benz-Sprinter Cargo Van-2026.jpg'},{url:'https://imagescdn.d2cmedia.ca/s8707b00ac6b03e85b2cc9718386625899/4804/14203053/1/Mercedes_Benz-Sprinter_Cargo_Van-2026.jpg'},{url:'https://imagescdn.d2cmedia.ca/cb707b00ac6b03e85b2cc9718386625899/4804/14203053/1/Mercedes_Benz-Sprinter_Cargo_Van-2026.jpg'},{url:'https://imagescdn.d2cmedia.ca/cb707b00ac6b03e85b2cc9718386625899/4804/14203053/2/Mercedes_Benz-Sprinter_Cargo_Van-2026.jpg'},{url:'https://imagescdn.d2cmedia.ca/cb707b00ac6b03e85b2cc9718386625899/4804/14203053/3/Mercedes_Benz-Sprinter_Cargo_Van-2026.jpg'},{url:'https://imagescdn.d2cmedia.ca/cb707b00ac6b03e85b2cc9718386625899/4804/14203053/4/Mercedes_Benz-Sprinter_Cargo_Van-2026.jpg'},{url:'https://imagescdn.d2cmedia.ca/cb707b00ac6b03e85b2cc9718386625899/4804/14203053/5/Mercedes_Benz-Sprinter_Cargo_Van-2026.jpg'},{url:'https://imagescdn.d2cmedia.ca/cb707b00ac6b03e85b2cc9718386625899/4804/14203053/6/Mercedes_Benz-Sprinter_Cargo_Van-2026.jpg'},{url:'https://imagescdn.d2cmedia.ca/cb707b00ac6b03e85b2cc9718386625899/4804/14203053/7/Mercedes_Benz-Sprinter_Cargo_Van-2026.jpg'},{url:'https://imagescdn.d2cmedia.ca/cb707b00ac6b03e85b2cc9718386625899/4804/14203053/8/Mercedes_Benz-Sprinter_Cargo_Van-2026.jpg'}]",90,KM,https://www.mercedes-benz-maple.ca/new/inventory/2026-Mercedes_Benz-Sprinter_Cargo_Van-id14203053.html,"2026 Mercedes-Benz Sprinter Cargo Van 2500 Standard Roof I4 Diesel 144"" at Mercedes-Benz Maple",81430 CAD,New,White,Black,4804,Mercedes-Benz Maple,+1-905-585-9300,"{addr1: '9300 Jane St', city: 'Maple', region: 'Ontario', postal_code: 'L6A 0C5', country: 'CA'}",43.8344170000,-79.5341990000,,,,,https://www.mercedes-benz-maple.ca/privacy-policy.html,New,4804,In stock,,81430 CAD,Free,
W1Y4KBHY9TP950088,W1Y4KBHY9TP950088,26660514-new,Mercedes-Benz,Sprinter Cargo Van,"2500 Standard Roof I4 Diesel 144""",2026,AUTOMATIC,VAN,GASOLINE,,"2026 Mercedes-Benz Sprinter Cargo Van 2500 Standard Roof I4 Diesel 144"", White exterior","[{url:'https://imagescdn.d2cmedia.ca/cb9d22126b519132a8b7901dad24f1aec6/4804/14223683/1/Mercedes_Benz-Sprinter Cargo Van-2026.jpg'},{url:'https://imagescdn.d2cmedia.ca/s89d22126b519132a8b7901dad24f1aec6/4804/14223683/1/Mercedes_Benz-Sprinter_Cargo_Van-2026.jpg'},{url:'https://imagescdn.d2cmedia.ca/cb9d22126b519132a8b7901dad24f1aec6/4804/14223683/1/Mercedes_Benz-Sprinter_Cargo_Van-2026.jpg'},{url:'https://imagescdn.d2cmedia.ca/cb9d22126b519132a8b7901dad24f1aec6/4804/14223683/2/Mercedes_Benz-Sprinter_Cargo_Van-2026.jpg'},{url:'https://imagescdn.d2cmedia.ca/cb9d22126b519132a8b7901dad24f1aec6/4804/14223683/3/Mercedes_Benz-Sprinter_Cargo_Van-2026.jpg'},{url:'https://imagescdn.d2cmedia.ca/cb9d22126b519132a8b7901dad24f1aec6/4804/14223683/4/Mercedes_Benz-Sprinter_Cargo_Van-2026.jpg'},{url:'https://imagescdn.d2cmedia.ca/cb9d22126b519132a8b7901dad24f1aec6/4804/14223683/5/Mercedes_Benz-Sprinter_Cargo_Van-2026.jpg'},{url:'https://imagescdn.d2cmedia.ca/cb9d22126b519132a8b7901dad24f1aec6/4804/14223683/6/Mercedes_Benz-Sprinter_Cargo_Van-2026.jpg'},{url:'https://imagescdn.d2cmedia.ca/cb9d22126b519132a8b7901dad24f1aec6/4804/14223683/7/Mercedes_Benz-Sprinter_Cargo_Van-2026.jpg'},{url:'https://imagescdn.d2cmedia.ca/cb9d22126b519132a8b7901dad24f1aec6/4804/14223683/8/Mercedes_Benz-Sprinter_Cargo_Van-2026.jpg'}]",90,KM,https://www.mercedes-benz-maple.ca/new/inventory/2026-Mercedes_Benz-Sprinter_Cargo_Van-id14223683.html,"2026 Mercedes-Benz Sprinter Cargo Van 2500 Standard Roof I4 Diesel 144"" at Mercedes-Benz Maple",81430 CAD,New,White,Black,4804,Mercedes-Benz Maple,+1-905-585-9300,"{addr1: '9300 Jane St', city: 'Maple', region: 'Ontario', postal_code: 'L6A 0C5', country: 'CA'}",43.8344170000,-79.5341990000,,,,,https://www.mercedes-benz-maple.ca/privacy-policy.html,New,4804,In stock,,81430 CAD,Free,
W1Y4KBHY1TP955530,W1Y4KBHY1TP955530,26661443-new,Mercedes-Benz,Sprinter Cargo Van,"2500 Standard Roof I4 Diesel 144""",2026,AUTOMATIC,VAN,GASOLINE,,"2026 Mercedes-Benz Sprinter Cargo Van 2500 Standard Roof I4 Diesel 144"", White exterior","[{url:'https://imagescdn.d2cmedia.ca/cb8f1ecbbce60607f53afc8c2ac664cbf9/4804/14234720/1/Mercedes_Benz-Sprinter Cargo Van-2026.jpg'},{url:'https://imagescdn.d2cmedia.ca/s88f1ecbbce60607f53afc8c2ac664cbf9/4804/14234720/1/Mercedes_Benz-Sprinter_Cargo_Van-2026.jpg'},{url:'https://imagescdn.d2cmedia.ca/cb8f1ecbbce60607f53afc8c2ac664cbf9/4804/14234720/1/Mercedes_Benz-Sprinter_Cargo_Van-2026.jpg'},{url:'https://imagescdn.d2cmedia.ca/cb8f1ecbbce60607f53afc8c2ac664cbf9/4804/14234720/2/Mercedes_Benz-Sprinter_Cargo_Van-2026.jpg'},{url:'https://imagescdn.d2cmedia.ca/cb8f1ecbbce60607f53afc8c2ac664cbf9/4804/14234720/3/Mercedes_Benz-Sprinter_Cargo_Van-2026.jpg'},{url:'https://imagescdn.d2cmedia.ca/cb8f1ecbbce60607f53afc8c2ac664cbf9/4804/14234720/4/Mercedes_Benz-Sprinter_Cargo_Van-2026.jpg'},{url:'https://imagescdn.d2cmedia.ca/cb8f1ecbbce60607f53afc8c2ac664cbf9/4804/14234720/5/Mercedes_Benz-Sprinter_Cargo_Van-2026.jpg'},{url:'https://imagescdn.d2cmedia.ca/cb8f1ecbbce60607f53afc8c2ac664cbf9/4804/14234720/6/Mercedes_Benz-Sprinter_Cargo_Van-2026.jpg'},{url:'https://imagescdn.d2cmedia.ca/cb8f1ecbbce60607f53afc8c2ac664cbf9/4804/14234720/7/Mercedes_Benz-Sprinter_Cargo_Van-2026.jpg'},{url:'https://imagescdn.d2cmedia.ca/cb8f1ecbbce60607f53afc8c2ac664cbf9/4804/14234720/8/Mercedes_Benz-Sprinter_Cargo_Van-2026.jpg'}]",90,KM,https://www.mercedes-benz-maple.ca/new/inventory/2026-Mercedes_Benz-Sprinter_Cargo_Van-id14234720.html,"2026 Mercedes-Benz Sprinter Cargo Van 2500 Standard Roof I4 Diesel 144"" at Mercedes-Benz Maple",81430 CAD,New,White,Black,4804,Mercedes-Benz Maple,+1-905-585-9300,"{addr1: '9300 Jane St', city: 'Maple', region: 'Ontario', postal_code: 'L6A 0C5', country: 'CA'}",43.8344170000,-79.5341990000,,,,,https://www.mercedes-benz-maple.ca/privacy-policy.html,New,4804,In stock,,81430 CAD,Free,
W1Y4KBHY3TP880166,W1Y4KBHY3TP880166,26506250-new,Mercedes-Benz,Sprinter Cargo Van,"2500 Standard Roof I4 Diesel 144""",2026,AUTOMATIC,VAN,GASOLINE,,"2026 Mercedes-Benz Sprinter Cargo Van 2500 Standard Roof I4 Diesel 144"", White exterior","[{url:'https://imagescdn.d2cmedia.ca/cb3a1b49c8ae37a660a9c2947aaf13e955/4804/14429896/1/Mercedes_Benz-Sprinter Cargo Van-2026.jpg'},{url:'https://imagescdn.d2cmedia.ca/s83a1b49c8ae37a660a9c2947aaf13e955/4804/14429896/1/Mercedes_Benz-Sprinter_Cargo_Van-2026.jpg'},{url:'https://imagescdn.d2cmedia.ca/cb3a1b49c8ae37a660a9c2947aaf13e955/4804/14429896/1/Mercedes_Benz-Sprinter_Cargo_Van-2026.jpg'},{url:'https://imagescdn.d2cmedia.ca/cb3a1b49c8ae37a660a9c2947aaf13e955/4804/14429896/2/Mercedes_Benz-Sprinter_Cargo_Van-2026.jpg'},{url:'https://imagescdn.d2cmedia.ca/cb3a1b49c8ae37a660a9c2947aaf13e955/4804/14429896/3/Mercedes_Benz-Sprinter_Cargo_Van-2026.jpg'},{url:'https://imagescdn.d2cmedia.ca/cb3a1b49c8ae37a660a9c2947aaf13e955/4804/14429896/4/Mercedes_Benz-Sprinter_Cargo_Van-2026.jpg'},{url:'https://imagescdn.d2cmedia.ca/cb3a1b49c8ae37a660a9c2947aaf13e955/4804/14429896/5/Mercedes_Benz-Sprinter_Cargo_Van-2026.jpg'},{url:'https://imagescdn.d2cmedia.ca/cb3a1b49c8ae37a660a9c2947aaf13e955/4804/14429896/6/Mercedes_Benz-Sprinter_Cargo_Van-2026.jpg'},{url:'https://imagescdn.d2cmedia.ca/cb3a1b49c8ae37a660a9c2947aaf13e955/4804/14429896/7/Mercedes_Benz-Sprinter_Cargo_Van-2026.jpg'},{url:'https://imagescdn.d2cmedia.ca/cb3a1b49c8ae37a660a9c2947aaf13e955/4804/14429896/8/Mercedes_Benz-Sprinter_Cargo_Van-2026.jpg'}]",90,KM,https://www.mercedes-benz-maple.ca/new/inventory/2026-Mercedes_Benz-Sprinter_Cargo_Van-id14429896.html,"2026 Mercedes-Benz Sprinter Cargo Van 2500 Standard Roof I4 Diesel 144"" at Mercedes-Benz Maple",81430 CAD,New,White,Black,4804,Mercedes-Benz Maple,+1-905-585-9300,"{addr1: '9300 Jane St', city: 'Maple', region: 'Ontario', postal_code: 'L6A 0C5', country: 'CA'}",43.8344170000,-79.5341990000,,,,,https://www.mercedes-benz-maple.ca/privacy-policy.html,New,4804,In stock,,81430 CAD,Free,
W1Y4KBHY7TP922046,W1Y4KBHY7TP922046,26659618-new,Mercedes-Benz,Sprinter Cargo Van,"2500 Standard Roof I4 Diesel 144""",2026,AUTOMATIC,VAN,GASOLINE,,"2026 Mercedes-Benz Sprinter Cargo Van 2500 Standard Roof I4 Diesel 144"", White exterior","[{url:'https://imagescdn.d2cmedia.ca/cbd3219380f884e2bcfcbe6e9539453b8e/4804/13820985/1/Mercedes_Benz-Sprinter Cargo Van-2026.jpg'},{url:'https://imagescdn.d2cmedia.ca/s8d3219380f884e2bcfcbe6e9539453b8e/4804/13820985/1/Mercedes_Benz-Sprinter_Cargo_Van-2026.jpg'},{url:'https://imagescdn.d2cmedia.ca/cbd3219380f884e2bcfcbe6e9539453b8e/4804/13820985/1/Mercedes_Benz-Sprinter_Cargo_Van-2026.jpg'},{url:'https://imagescdn.d2cmedia.ca/cbd3219380f884e2bcfcbe6e9539453b8e/4804/13820985/2/Mercedes_Benz-Sprinter_Cargo_Van-2026.jpg'},{url:'https://imagescdn.d2cmedia.ca/cbd3219380f884e2bcfcbe6e9539453b8e/4804/13820985/3/Mercedes_Benz-Sprinter_Cargo_Van-2026.jpg'},{url:'https://imagescdn.d2cmedia.ca/cbd3219380f884e2bcfcbe6e9539453b8e/4804/13820985/4/Mercedes_Benz-Sprinter_Cargo_Van-2026.jpg'},{url:'https://imagescdn.d2cmedia.ca/cbd3219380f884e2bcfcbe6e9539453b8e/4804/13820985/5/Mercedes_Benz-Sprinter_Cargo_Van-2026.jpg'},{url:'https://imagescdn.d2cmedia.ca/cbd3219380f884e2bcfcbe6e9539453b8e/4804/13820985/6/Mercedes_Benz-Sprinter_Cargo_Van-2026.jpg'},{url:'https://imagescdn.d2cmedia.ca/cbd3219380f884e2bcfcbe6e9539453b8e/4804/13820985/7/Mercedes_Benz-Sprinter_Cargo_Van-2026.jpg'},{url:'https://imagescdn.d2cmedia.ca/cbd3219380f884e2bcfcbe6e9539453b8e/4804/13820985/8/Mercedes_Benz-Sprinter_Cargo_Van-2026.jpg'}]",90,KM,https://www.mercedes-benz-maple.ca/new/inventory/2026-Mercedes_Benz-Sprinter_Cargo_Van-id13820985.html,"2026 Mercedes-Benz Sprinter Cargo Van 2500 Standard Roof I4 Diesel 144"" at Mercedes-Benz Maple",82449 CAD,New,White,Black,4804,Mercedes-Benz Maple,+1-905-585-9300,"{addr1: '9300 Jane St', city: 'Maple', region: 'Ontario', postal_code: 'L6A 0C5', country: 'CA'}",43.8344170000,-79.5341990000,,,,,https://www.mercedes-benz-maple.ca/privacy-policy.html,New,4804,In stock,,82449 CAD,Free,
W1Y4KBHY6TP908106,W1Y4KBHY6TP908106,26658831-new,Mercedes-Benz,Sprinter Cargo Van,"2500 Standard Roof I4 Diesel 144""",2026,AUTOMATIC,VAN,GASOLINE,,"2026 Mercedes-Benz Sprinter Cargo Van 2500 Standard Roof I4 Diesel 144"", Black exterior","[{url:'https://carimages.d2cmedia.ca/newcarimages/en/cb6ab798baca942/Mercedes-Benz/Sprinter Cargo Van/2026/1200/480582-MjUwMCBTdGFuZGFyZCBSb29mIEk0IERpZXNlbCAxNDQ/X060606/front45.png'},{url:'https://carimages.d2cmedia.ca/newcarimages/en/cb6ab798baca942/Mercedes-Benz/Sprinter Cargo Van/2026/1280/480582/X060606/front_45_degree.png'},{url:'https://carimages.d2cmedia.ca/newcarimages/en/cb6ab798baca942/Mercedes-Benz/Sprinter Cargo Van/2026/2100/480582/X060606/front_45_degree.png'},{url:'https://carimages.d2cmedia.ca/newcarimages/en/cb6ab798baca942/Mercedes-Benz/Sprinter Cargo Van/2026/2100/480582/X060606/profile.png'},{url:'https://carimages.d2cmedia.ca/newcarimages/en/cb6ab798baca942/Mercedes-Benz/Sprinter Cargo Van/2026/2100/480582/X060606/back_45_degree.png'},{url:'https://carimages.d2cmedia.ca/newcarimages/en/cb6ab798baca942/Mercedes-Benz/Sprinter Cargo Van/2026/2100/480582/X060606/driver_dashboard.png'},{url:'https://carimages.d2cmedia.ca/newcarimages/en/cb6ab798baca942/Mercedes-Benz/Sprinter Cargo Van/2026/2100/480582/X060606/full_dashboard.png'},{url:'https://carimages.d2cmedia.ca/newcarimages/en/cb6ab798baca942/Mercedes-Benz/Sprinter Cargo Van/2026/2100/480582/X060606/interior_driver_open_seat.png'},{url:'https://carimages.d2cmedia.ca/newcarimages/en/cb6ab798baca942/Mercedes-Benz/Sprinter Cargo Van/2026/2100/480582/X060606/interior_driver_stereo.png'},{url:'https://carimages.d2cmedia.ca/newcarimages/en/cb6ab798baca942/Mercedes-Benz/Sprinter Cargo Van/2026/2100/480582/X060606/interior_passenger_dash.png'}]",90,KM,https://www.mercedes-benz-maple.ca/new/inventory/2026-Mercedes_Benz-Sprinter_Cargo_Van-id13826904.html,"2026 Mercedes-Benz Sprinter Cargo Van 2500 Standard Roof I4 Diesel 144"" at Mercedes-Benz Maple",82888 CAD,New,Black,Black,4804,Mercedes-Benz Maple,+1-905-585-9300,"{addr1: '9300 Jane St', city: 'Maple', region: 'Ontario', postal_code: 'L6A 0C5', country: 'CA'}",43.8344170000,-79.5341990000,,,,,https://www.mercedes-benz-maple.ca/privacy-policy.html,New,4804,In stock,,82888 CAD,Free,
W1Y4KBHY0TP947371,W1Y4KBHY0TP947371,26660516-new,Mercedes-Benz,Sprinter Cargo Van,"2500 Standard Roof I4 Diesel 144""",2026,AUTOMATIC,VAN,GASOLINE,,"2026 Mercedes-Benz Sprinter Cargo Van 2500 Standard Roof I4 Diesel 144"", Black exterior","[{url:'https://carimages.d2cmedia.ca/newcarimages/en/cb6ab798baca942/Mercedes-Benz/Sprinter Cargo Van/2026/1200/480582-MjUwMCBTdGFuZGFyZCBSb29mIEk0IERpZXNlbCAxNDQ/X060606/front45.png'},{url:'https://carimages.d2cmedia.ca/newcarimages/en/cb6ab798baca942/Mercedes-Benz/Sprinter Cargo Van/2026/1280/480582/X060606/front_45_degree.png'},{url:'https://carimages.d2cmedia.ca/newcarimages/en/cb6ab798baca942/Mercedes-Benz/Sprinter Cargo Van/2026/2100/480582/X060606/front_45_degree.png'},{url:'https://carimages.d2cmedia.ca/newcarimages/en/cb6ab798baca942/Mercedes-Benz/Sprinter Cargo Van/2026/2100/480582/X060606/profile.png'},{url:'https://carimages.d2cmedia.ca/newcarimages/en/cb6ab798baca942/Mercedes-Benz/Sprinter Cargo Van/2026/2100/480582/X060606/back_45_degree.png'},{url:'https://carimages.d2cmedia.ca/newcarimages/en/cb6ab798baca942/Mercedes-Benz/Sprinter Cargo Van/2026/2100/480582/X060606/driver_dashboard.png'},{url:'https://carimages.d2cmedia.ca/newcarimages/en/cb6ab798baca942/Mercedes-Benz/Sprinter Cargo Van/2026/2100/480582/X060606/full_dashboard.png'},{url:'https://carimages.d2cmedia.ca/newcarimages/en/cb6ab798baca942/Mercedes-Benz/Sprinter Cargo Van/2026/2100/480582/X060606/interior_driver_open_seat.png'},{url:'https://carimages.d2cmedia.ca/newcarimages/en/cb6ab798baca942/Mercedes-Benz/Sprinter Cargo Van/2026/2100/480582/X060606/interior_driver_stereo.png'},{url:'https://carimages.d2cmedia.ca/newcarimages/en/cb6ab798baca942/Mercedes-Benz/Sprinter Cargo Van/2026/2100/480582/X060606/interior_passenger_dash.png'}]",90,KM,https://www.mercedes-benz-maple.ca/new/inventory/2026-Mercedes_Benz-Sprinter_Cargo_Van-id14223684.html,"2026 Mercedes-Benz Sprinter Cargo Van 2500 Standard Roof I4 Diesel 144"" at Mercedes-Benz Maple",82888 CAD,New,Black,Black,4804,Mercedes-Benz Maple,+1-905-585-9300,"{addr1: '9300 Jane St', city: 'Maple', region: 'Ontario', postal_code: 'L6A 0C5', country: 'CA'}",43.8344170000,-79.5341990000,,,,,https://www.mercedes-benz-maple.ca/privacy-policy.html,New,4804,In stock,,82888 CAD,Free,
W1Y4KBHY0TP926312,W1Y4KBHY0TP926312,26659623-new,Mercedes-Benz,Sprinter Cargo Van,"2500 Standard Roof I4 Diesel 144""",2026,AUTOMATIC,VAN,GASOLINE,,"2026 Mercedes-Benz Sprinter Cargo Van 2500 Standard Roof I4 Diesel 144"", White exterior","[{url:'https://carimages.d2cmedia.ca/newcarimages/en/cb6ab798baca942/Mercedes-Benz/Sprinter Cargo Van/2026/1200/480582-MjUwMCBTdGFuZGFyZCBSb29mIEk0IERpZXNlbCAxNDQ/XDBDBDB/front45.png'},{url:'https://carimages.d2cmedia.ca/newcarimages/en/cb6ab798baca942/Mercedes-Benz/Sprinter Cargo Van/2026/1280/480582/Xdbdbdb/front_45_degree.png'},{url:'https://carimages.d2cmedia.ca/newcarimages/en/cb6ab798baca942/Mercedes-Benz/Sprinter Cargo Van/2026/2100/480582/Xdbdbdb/front_45_degree.png'},{url:'https://carimages.d2cmedia.ca/newcarimages/en/cb6ab798baca942/Mercedes-Benz/Sprinter Cargo Van/2026/2100/480582/Xdbdbdb/profile.png'},{url:'https://carimages.d2cmedia.ca/newcarimages/en/cb6ab798baca942/Mercedes-Benz/Sprinter Cargo Van/2026/2100/480582/Xdbdbdb/back_45_degree.png'},{url:'https://carimages.d2cmedia.ca/newcarimages/en/cb6ab798baca942/Mercedes-Benz/Sprinter Cargo Van/2026/2100/480582/Xdbdbdb/driver_dashboard.png'},{url:'https://carimages.d2cmedia.ca/newcarimages/en/cb6ab798baca942/Mercedes-Benz/Sprinter Cargo Van/2026/2100/480582/Xdbdbdb/full_dashboard.png'},{url:'https://carimages.d2cmedia.ca/newcarimages/en/cb6ab798baca942/Mercedes-Benz/Sprinter Cargo Van/2026/2100/480582/Xdbdbdb/interior_driver_open_seat.png'},{url:'https://carimages.d2cmedia.ca/newcarimages/en/cb6ab798baca942/Mercedes-Benz/Sprinter Cargo Van/2026/2100/480582/Xdbdbdb/interior_driver_stereo.png'},{url:'https://carimages.d2cmedia.ca/newcarimages/en/cb6ab798baca942/Mercedes-Benz/Sprinter Cargo Van/2026/2100/480582/Xdbdbdb/interior_passenger_dash.png'}]",90,KM,https://www.mercedes-benz-maple.ca/new/inventory/2026-Mercedes_Benz-Sprinter_Cargo_Van-id13976367.html,"2026 Mercedes-Benz Sprinter Cargo Van 2500 Standard Roof I4 Diesel 144"" at Mercedes-Benz Maple",83074 CAD,New,White,Black,4804,Mercedes-Benz Maple,+1-905-585-9300,"{addr1: '9300 Jane St', city: 'Maple', region: 'Ontario', postal_code: 'L6A 0C5', country: 'CA'}",43.8344170000,-79.5341990000,,,,,https://www.mercedes-benz-maple.ca/privacy-policy.html,New,4804,In stock,,83074 CAD,Free,
W1Y4KBHY3TP893497,W1Y4KBHY3TP893497,26506585-new,Mercedes-Benz,Sprinter Cargo Van,"2500 Standard Roof I4 Diesel 144""",2026,AUTOMATIC,VAN,GASOLINE,,"2026 Mercedes-Benz Sprinter Cargo Van 2500 Standard Roof I4 Diesel 144"", White exterior","[{url:'https://imagescdn.d2cmedia.ca/cb70f75920b591df51b39eb5e978acac08/4804/13465804/1/Mercedes_Benz-Sprinter Cargo Van-2026.jpg'},{url:'https://imagescdn.d2cmedia.ca/s870f75920b591df51b39eb5e978acac08/4804/13465804/1/Mercedes_Benz-Sprinter_Cargo_Van-2026.jpg'},{url:'https://imagescdn.d2cmedia.ca/cb70f75920b591df51b39eb5e978acac08/4804/13465804/1/Mercedes_Benz-Sprinter_Cargo_Van-2026.jpg'},{url:'https://imagescdn.d2cmedia.ca/cb70f75920b591df51b39eb5e978acac08/4804/13465804/2/Mercedes_Benz-Sprinter_Cargo_Van-2026.jpg'},{url:'https://imagescdn.d2cmedia.ca/cb70f75920b591df51b39eb5e978acac08/4804/13465804/3/Mercedes_Benz-Sprinter_Cargo_Van-2026.jpg'},{url:'https://imagescdn.d2cmedia.ca/cb70f75920b591df51b39eb5e978acac08/4804/13465804/4/Mercedes_Benz-Sprinter_Cargo_Van-2026.jpg'},{url:'https://imagescdn.d2cmedia.ca/cb70f75920b591df51b39eb5e978acac08/4804/13465804/5/Mercedes_Benz-Sprinter_Cargo_Van-2026.jpg'},{url:'https://imagescdn.d2cmedia.ca/cb70f75920b591df51b39eb5e978acac08/4804/13465804/6/Mercedes_Benz-Sprinter_Cargo_Van-2026.jpg'},{url:'https://imagescdn.d2cmedia.ca/cb70f75920b591df51b39eb5e978acac08/4804/13465804/7/Mercedes_Benz-Sprinter_Cargo_Van-2026.jpg'},{url:'https://imagescdn.d2cmedia.ca/cb70f75920b591df51b39eb5e978acac08/4804/13465804/8/Mercedes_Benz-Sprinter_Cargo_Van-2026.jpg'}]",90,KM,https://www.mercedes-benz-maple.ca/new/inventory/2026-Mercedes_Benz-Sprinter_Cargo_Van-id13465804.html,"2026 Mercedes-Benz Sprinter Cargo Van 2500 Standard Roof I4 Diesel 144"" at Mercedes-Benz Maple",83219 CAD,New,White,Black,4804,Mercedes-Benz Maple,+1-905-585-9300,"{addr1: '9300 Jane St', city: 'Maple', region: 'Ontario', postal_code: 'L6A 0C5', country: 'CA'}",43.8344170000,-79.5341990000,,,,,https://www.mercedes-benz-maple.ca/privacy-policy.html,New,4804,In stock,,83219 CAD,Free,
W1Y4KBHYXTP960094,W1Y4KBHYXTP960094,26661448-new,Mercedes-Benz,Sprinter Cargo Van,"2500 Standard Roof I4 Diesel 144""",2026,AUTOMATIC,VAN,GASOLINE,,"2026 Mercedes-Benz Sprinter Cargo Van 2500 Standard Roof I4 Diesel 144"", White exterior","[{url:'https://imagescdn.d2cmedia.ca/cb7caac021b26ac2134c981fdd632d119e/4804/14308575/1/Mercedes_Benz-Sprinter Cargo Van-2026.jpg'},{url:'https://imagescdn.d2cmedia.ca/s87caac021b26ac2134c981fdd632d119e/4804/14308575/1/Mercedes_Benz-Sprinter_Cargo_Van-2026.jpg'},{url:'https://imagescdn.d2cmedia.ca/cb7caac021b26ac2134c981fdd632d119e/4804/14308575/1/Mercedes_Benz-Sprinter_Cargo_Van-2026.jpg'},{url:'https://imagescdn.d2cmedia.ca/cb7caac021b26ac2134c981fdd632d119e/4804/14308575/2/Mercedes_Benz-Sprinter_Cargo_Van-2026.jpg'},{url:'https://imagescdn.d2cmedia.ca/cb7caac021b26ac2134c981fdd632d119e/4804/14308575/3/Mercedes_Benz-Sprinter_Cargo_Van-2026.jpg'},{url:'https://imagescdn.d2cmedia.ca/cb7caac021b26ac2134c981fdd632d119e/4804/14308575/4/Mercedes_Benz-Sprinter_Cargo_Van-2026.jpg'},{url:'https://imagescdn.d2cmedia.ca/cb7caac021b26ac2134c981fdd632d119e/4804/14308575/5/Mercedes_Benz-Sprinter_Cargo_Van-2026.jpg'},{url:'https://imagescdn.d2cmedia.ca/cb7caac021b26ac2134c981fdd632d119e/4804/14308575/6/Mercedes_Benz-Sprinter_Cargo_Van-2026.jpg'},{url:'https://imagescdn.d2cmedia.ca/cb7caac021b26ac2134c981fdd632d119e/4804/14308575/7/Mercedes_Benz-Sprinter_Cargo_Van-2026.jpg'},{url:'https://imagescdn.d2cmedia.ca/cb7caac021b26ac2134c981fdd632d119e/4804/14308575/8/Mercedes_Benz-Sprinter_Cargo_Van-2026.jpg'}]",90,KM,https://www.mercedes-benz-maple.ca/new/inventory/2026-Mercedes_Benz-Sprinter_Cargo_Van-id14308575.html,"2026 Mercedes-Benz Sprinter Cargo Van 2500 Standard Roof I4 Diesel 144"" at Mercedes-Benz Maple",83619 CAD,New,White,Black,4804,Mercedes-Benz Maple,+1-905-585-9300,"{addr1: '9300 Jane St', city: 'Maple', region: 'Ontario', postal_code: 'L6A 0C5', country: 'CA'}",43.8344170000,-79.5341990000,,,,,https://www.mercedes-benz-maple.ca/privacy-policy.html,New,4804,In stock,,83619 CAD,Free,
W1Y4KCHYXTP903514,W1Y4KCHYXTP903514,26658739-new,Mercedes-Benz,Sprinter Crew Van,"2500 High Roof I4 Diesel 170""",2026,AUTOMATIC,VAN,GASOLINE,,"2026 Mercedes-Benz Sprinter Crew Van 2500 High Roof I4 Diesel 170"", White exterior","[{url:'https://carimages.d2cmedia.ca/newcarimages/en/cb6ab798baca942/Mercedes-Benz/Sprinter Crew Van/2026/1200/480574-MjUwMCBIaWdoIFJvb2YgSTQgRGllc2VsIDE3MA/XDBDBDB/front45.png'},{url:'https://carimages.d2cmedia.ca/newcarimages/en/cb6ab798baca942/Mercedes-Benz/Sprinter Crew Van/2026/1280/480574/Xdbdbdb/front_45_degree.png'},{url:'https://carimages.d2cmedia.ca/newcarimages/en/cb6ab798baca942/Mercedes-Benz/Sprinter Crew Van/2026/2100/480574/Xdbdbdb/front_45_degree.png'},{url:'https://carimages.d2cmedia.ca/newcarimages/en/cb6ab798baca942/Mercedes-Benz/Sprinter Crew Van/2026/2100/480574/Xdbdbdb/profile.png'},{url:'https://carimages.d2cmedia.ca/newcarimages/en/cb6ab798baca942/Mercedes-Benz/Sprinter Crew Van/2026/2100/480574/Xdbdbdb/back_45_degree.png'},{url:'https://carimages.d2cmedia.ca/newcarimages/en/cb6ab798baca942/Mercedes-Benz/Sprinter Crew Van/2026/2100/480574/Xdbdbdb/driver_dashboard.png'},{url:'https://carimages.d2cmedia.ca/newcarimages/en/cb6ab798baca942/Mercedes-Benz/Sprinter Crew Van/2026/2100/480574/Xdbdbdb/full_dashboard.png'},{url:'https://carimages.d2cmedia.ca/newcarimages/en/cb6ab798baca942/Mercedes-Benz/Sprinter Crew Van/2026/2100/480574/Xdbdbdb/interior_driver_open_seat.png'},{url:'https://carimages.d2cmedia.ca/newcarimages/en/cb6ab798baca942/Mercedes-Benz/Sprinter Crew Van/2026/2100/480574/Xdbdbdb/interior_driver_stereo.png'},{url:'https://carimages.d2cmedia.ca/newcarimages/en/cb6ab798baca942/Mercedes-Benz/Sprinter Crew Van/2026/2100/480574/Xdbdbdb/interior_driver_reat_seats.png'}]",90,KM,https://www.mercedes-benz-maple.ca/new/inventory/2026-Mercedes_Benz-Sprinter_Cargo_Van-id13599160.html,"2026 Mercedes-Benz Sprinter Crew Van 2500 High Roof I4 Diesel 170"" at Mercedes-Benz Maple",85478 CAD,New,White,Black,4804,Mercedes-Benz Maple,+1-905-585-9300,"{addr1: '9300 Jane St', city: 'Maple', region: 'Ontario', postal_code: 'L6A 0C5', country: 'CA'}",43.8344170000,-79.5341990000,,,,,https://www.mercedes-benz-maple.ca/privacy-policy.html,New,4804,In stock,,85478 CAD,Free,
W1NKM4HB7VF655747,W1NKM4HB7VF655747,27658877-new,Mercedes-Benz,GLC,GLC 300 4MATIC SUV,2027,AUTOMATIC,SUV,GASOLINE,,"2027 Mercedes-Benz GLC GLC 300 4MATIC SUV, White exterior","[{url:'https://carimages.d2cmedia.ca/newcarimages/en/cb6ab798baca942/Mercedes-Benz/GLC/2027/1200/486470-NE1BVElDIFNVVg/XE9E9E9/front45.png'},{url:'https://carimages.d2cmedia.ca/newcarimages/en/cb6ab798baca942/Mercedes-Benz/GLC/2027/1280/486470/Xe9e9e9/front_45_degree.png'},{url:'https://carimages.d2cmedia.ca/newcarimages/en/cb6ab798baca942/Mercedes-Benz/GLC/2027/2100/486470/Xe9e9e9/front_45_degree.png'},{url:'https://carimages.d2cmedia.ca/newcarimages/en/cb6ab798baca942/Mercedes-Benz/GLC/2027/2100/486470/Xe9e9e9/profile.png'},{url:'https://carimages.d2cmedia.ca/newcarimages/en/cb6ab798baca942/Mercedes-Benz/GLC/2027/2100/486470/Xe9e9e9/back_45_degree.png'},{url:'https://carimages.d2cmedia.ca/newcarimages/en/cb6ab798baca942/Mercedes-Benz/GLC/2027/2100/486470/Xe9e9e9/driver_dashboard.png'},{url:'https://carimages.d2cmedia.ca/newcarimages/en/cb6ab798baca942/Mercedes-Benz/GLC/2027/2100/486470/Xe9e9e9/full_dashboard.png'},{url:'https://carimages.d2cmedia.ca/newcarimages/en/cb6ab798baca942/Mercedes-Benz/GLC/2027/2100/486470/Xe9e9e9/interior_driver_open_seat.png'},{url:'https://carimages.d2cmedia.ca/newcarimages/en/cb6ab798baca942/Mercedes-Benz/GLC/2027/2100/486470/Xe9e9e9/interior_driver_stereo.png'},{url:'https://carimages.d2cmedia.ca/newcarimages/en/cb6ab798baca942/Mercedes-Benz/GLC/2027/2100/486470/Xe9e9e9/interior_driver_reat_seats.png'}]",90,KM,https://www.mercedes-benz-maple.ca/new/inventory/2027-Mercedes_Benz-GLC_300-id14181633.html,2027 Mercedes-Benz GLC GLC 300 4MATIC SUV at Mercedes-Benz Maple,66611 CAD,New,White,Black,4804,Mercedes-Benz Maple,+1-905-585-9300,"{addr1: '9300 Jane St', city: 'Maple', region: 'Ontario', postal_code: 'L6A 0C5', country: 'CA'}",43.8344170000,-79.5341990000,,,,,https://www.mercedes-benz-maple.ca/privacy-policy.html,New,4804,In stock,,66611 CAD,Free,
W1NKM4HB4VF656855,W1NKM4HB4VF656855,27658881-new,Mercedes-Benz,GLC,GLC 300 4MATIC SUV,2027,AUTOMATIC,SUV,GASOLINE,,"2027 Mercedes-Benz GLC GLC 300 4MATIC SUV, Black exterior","[{url:'https://carimages.d2cmedia.ca/newcarimages/en/cb6ab798baca942/Mercedes-Benz/GLC/2027/1200/486470-NE1BVElDIFNVVg/black/front45.png'},{url:'https://carimages.d2cmedia.ca/newcarimages/en/cb6ab798baca942/Mercedes-Benz/GLC/2027/1280/486470/black/front_45_degree.png'},{url:'https://carimages.d2cmedia.ca/newcarimages/en/cb6ab798baca942/Mercedes-Benz/GLC/2027/2100/486470/black/front_45_degree.png'},{url:'https://carimages.d2cmedia.ca/newcarimages/en/cb6ab798baca942/Mercedes-Benz/GLC/2027/2100/486470/black/profile.png'},{url:'https://carimages.d2cmedia.ca/newcarimages/en/cb6ab798baca942/Mercedes-Benz/GLC/2027/2100/486470/black/back_45_degree.png'},{url:'https://carimages.d2cmedia.ca/newcarimages/en/cb6ab798baca942/Mercedes-Benz/GLC/2027/2100/486470/black/driver_dashboard.png'},{url:'https://carimages.d2cmedia.ca/newcarimages/en/cb6ab798baca942/Mercedes-Benz/GLC/2027/2100/486470/black/full_dashboard.png'},{url:'https://carimages.d2cmedia.ca/newcarimages/en/cb6ab798baca942/Mercedes-Benz/GLC/2027/2100/486470/black/interior_driver_open_seat.png'},{url:'https://carimages.d2cmedia.ca/newcarimages/en/cb6ab798baca942/Mercedes-Benz/GLC/2027/2100/486470/black/interior_driver_stereo.png'},{url:'https://carimages.d2cmedia.ca/newcarimages/en/cb6ab798baca942/Mercedes-Benz/GLC/2027/2100/486470/black/interior_driver_reat_seats.png'}]",90,KM,https://www.mercedes-benz-maple.ca/new/inventory/2027-Mercedes_Benz-GLC_300-id14181637.html,2027 Mercedes-Benz GLC GLC 300 4MATIC SUV at Mercedes-Benz Maple,67411 CAD,New,Black,Black,4804,Mercedes-Benz Maple,+1-905-585-9300,"{addr1: '9300 Jane St', city: 'Maple', region: 'Ontario', postal_code: 'L6A 0C5', country: 'CA'}",43.8344170000,-79.5341990000,,,,,https://www.mercedes-benz-maple.ca/privacy-policy.html,New,4804,In stock,,67411 CAD,Free,
W1NKJ4HBXVF654343,W1NKJ4HBXVF654343,27661024-new,Mercedes-Benz,GLC,GLC 300 4MATIC Coupe,2027,AUTOMATIC,COUPE,GASOLINE,,"2027 Mercedes-Benz GLC GLC 300 4MATIC Coupe, Black exterior","[{url:'https://carimages.d2cmedia.ca/newcarimages/en/cb6ab798baca942/Mercedes-Benz/GLC/2027/1200/486762-NE1BVElDIENvdXBl/black/front45.png'},{url:'https://carimages.d2cmedia.ca/newcarimages/en/cb6ab798baca942/Mercedes-Benz/GLC/2027/1280/486762/black/front_45_degree.png'},{url:'https://carimages.d2cmedia.ca/newcarimages/en/cb6ab798baca942/Mercedes-Benz/GLC/2027/2100/486762/black/front_45_degree.png'},{url:'https://carimages.d2cmedia.ca/newcarimages/en/cb6ab798baca942/Mercedes-Benz/GLC/2027/2100/486762/black/profile.png'},{url:'https://carimages.d2cmedia.ca/newcarimages/en/cb6ab798baca942/Mercedes-Benz/GLC/2027/2100/486762/black/full_dashboard.png'}]",90,KM,https://www.mercedes-benz-maple.ca/new/inventory/2027-Mercedes_Benz-GLC_300-id14169260.html,2027 Mercedes-Benz GLC GLC 300 4MATIC Coupe at Mercedes-Benz Maple,70911 CAD,New,Black,Black,4804,Mercedes-Benz Maple,+1-905-585-9300,"{addr1: '9300 Jane St', city: 'Maple', region: 'Ontario', postal_code: 'L6A 0C5', country: 'CA'}",43.8344170000,-79.5341990000,,,,,https://www.mercedes-benz-maple.ca/privacy-policy.html,New,4804,In stock,,70911 CAD,Free,
W1NKM4HB9VF660593,W1NKM4HB9VF660593,27661534-new,Mercedes-Benz,GLC,GLC 300 4MATIC SUV,2027,AUTOMATIC,SUV,GASOLINE,,"2027 Mercedes-Benz GLC GLC 300 4MATIC SUV, Black exterior","[{url:'https://carimages.d2cmedia.ca/newcarimages/en/cb6ab798baca942/Mercedes-Benz/GLC/2027/1200/486470-NE1BVElDIFNVVg/black/front45.png'},{url:'https://carimages.d2cmedia.ca/newcarimages/en/cb6ab798baca942/Mercedes-Benz/GLC/2027/1280/486470/black/front_45_degree.png'},{url:'https://carimages.d2cmedia.ca/newcarimages/en/cb6ab798baca942/Mercedes-Benz/GLC/2027/2100/486470/black/front_45_degree.png'},{url:'https://carimages.d2cmedia.ca/newcarimages/en/cb6ab798baca942/Mercedes-Benz/GLC/2027/2100/486470/black/profile.png'},{url:'https://carimages.d2cmedia.ca/newcarimages/en/cb6ab798baca942/Mercedes-Benz/GLC/2027/2100/486470/black/back_45_degree.png'},{url:'https://carimages.d2cmedia.ca/newcarimages/en/cb6ab798baca942/Mercedes-Benz/GLC/2027/2100/486470/black/driver_dashboard.png'},{url:'https://carimages.d2cmedia.ca/newcarimages/en/cb6ab798baca942/Mercedes-Benz/GLC/2027/2100/486470/black/full_dashboard.png'},{url:'https://carimages.d2cmedia.ca/newcarimages/en/cb6ab798baca942/Mercedes-Benz/GLC/2027/2100/486470/black/interior_driver_open_seat.png'},{url:'https://carimages.d2cmedia.ca/newcarimages/en/cb6ab798baca942/Mercedes-Benz/GLC/2027/2100/486470/black/interior_driver_stereo.png'},{url:'https://carimages.d2cmedia.ca/newcarimages/en/cb6ab798baca942/Mercedes-Benz/GLC/2027/2100/486470/black/interior_driver_reat_seats.png'}]",90,KM,https://www.mercedes-benz-maple.ca/new/inventory/2027-Mercedes_Benz-GLC_300-id14203061.html,2027 Mercedes-Benz GLC GLC 300 4MATIC SUV at Mercedes-Benz Maple,72011 CAD,New,Black,Beige,4804,Mercedes-Benz Maple,+1-905-585-9300,"{addr1: '9300 Jane St', city: 'Maple', region: 'Ontario', postal_code: 'L6A 0C5', country: 'CA'}",43.8344170000,-79.5341990000,,,,,https://www.mercedes-benz-maple.ca/privacy-policy.html,New,4804,In stock,,72011 CAD,Free,
W1NKM4HB0TF548858,W1NKM4HB0TF548858,26527422-new,Mercedes-Benz,GLC,GLC 300 4MATIC SUV,2026,AUTOMATIC,SUV,GASOLINE,,"2026 Mercedes-Benz GLC GLC 300 4MATIC SUV, White exterior","[{url:'https://carimages.d2cmedia.ca/newcarimages/en/cb6ab798baca942/Mercedes-Benz/GLC/2026/1200/475038-NE1BVElDIFNVVg/XE9E9E9/front45.png'},{url:'https://carimages.d2cmedia.ca/newcarimages/en/cb6ab798baca942/Mercedes-Benz/GLC/2026/1280/475038/Xe9e9e9/front_45_degree.png'},{url:'https://carimages.d2cmedia.ca/newcarimages/en/cb6ab798baca942/Mercedes-Benz/GLC/2026/2100/475038/Xe9e9e9/front_45_degree.png'},{url:'https://carimages.d2cmedia.ca/newcarimages/en/cb6ab798baca942/Mercedes-Benz/GLC/2026/2100/475038/Xe9e9e9/profile.png'},{url:'https://carimages.d2cmedia.ca/newcarimages/en/cb6ab798baca942/Mercedes-Benz/GLC/2026/2100/475038/Xe9e9e9/back_45_degree.png'},{url:'https://carimages.d2cmedia.ca/newcarimages/en/cb6ab798baca942/Mercedes-Benz/GLC/2026/2100/475038/Xe9e9e9/driver_dashboard.png'},{url:'https://carimages.d2cmedia.ca/newcarimages/en/cb6ab798baca942/Mercedes-Benz/GLC/2026/2100/475038/Xe9e9e9/full_dashboard.png'},{url:'https://carimages.d2cmedia.ca/newcarimages/en/cb6ab798baca942/Mercedes-Benz/GLC/2026/2100/475038/Xe9e9e9/interior_driver_open_seat.png'},{url:'https://carimages.d2cmedia.ca/newcarimages/en/cb6ab798baca942/Mercedes-Benz/GLC/2026/2100/475038/Xe9e9e9/interior_driver_stereo.png'},{url:'https://carimages.d2cmedia.ca/newcarimages/en/cb6ab798baca942/Mercedes-Benz/GLC/2026/2100/475038/Xe9e9e9/interior_driver_reat_seats.png'}]",90,KM,https://www.mercedes-benz-maple.ca/new/inventory/2026-Mercedes_Benz-GLC_300-id13410020.html,2026 Mercedes-Benz GLC GLC 300 4MATIC SUV at Mercedes-Benz Maple,72261 CAD,New,White,Black,4804,Mercedes-Benz Maple,+1-905-585-9300,"{addr1: '9300 Jane St', city: 'Maple', region: 'Ontario', postal_code: 'L6A 0C5', country: 'CA'}",43.8344170000,-79.5341990000,,,,,https://www.mercedes-benz-maple.ca/privacy-policy.html,New,4804,In stock,,72261 CAD,Free,
W1NKM4HB0TF551890,W1NKM4HB0TF551890,26527423-new,Mercedes-Benz,GLC,GLC 300 4MATIC SUV,2026,AUTOMATIC,SUV,GASOLINE,,"2026 Mercedes-Benz GLC GLC 300 4MATIC SUV, White exterior","[{url:'https://carimages.d2cmedia.ca/newcarimages/en/cb6ab798baca942/Mercedes-Benz/GLC/2026/1200/475038-NE1BVElDIFNVVg/XE9E9E9/front45.png'},{url:'https://carimages.d2cmedia.ca/newcarimages/en/cb6ab798baca942/Mercedes-Benz/GLC/2026/1280/475038/Xe9e9e9/front_45_degree.png'},{url:'https://carimages.d2cmedia.ca/newcarimages/en/cb6ab798baca942/Mercedes-Benz/GLC/2026/2100/475038/Xe9e9e9/front_45_degree.png'},{url:'https://carimages.d2cmedia.ca/newcarimages/en/cb6ab798baca942/Mercedes-Benz/GLC/2026/2100/475038/Xe9e9e9/profile.png'},{url:'https://carimages.d2cmedia.ca/newcarimages/en/cb6ab798baca942/Mercedes-Benz/GLC/2026/2100/475038/Xe9e9e9/back_45_degree.png'},{url:'https://carimages.d2cmedia.ca/newcarimages/en/cb6ab798baca942/Mercedes-Benz/GLC/2026/2100/475038/Xe9e9e9/driver_dashboard.png'},{url:'https://carimages.d2cmedia.ca/newcarimages/en/cb6ab798baca942/Mercedes-Benz/GLC/2026/2100/475038/Xe9e9e9/full_dashboard.png'},{url:'https://carimages.d2cmedia.ca/newcarimages/en/cb6ab798baca942/Mercedes-Benz/GLC/2026/2100/475038/Xe9e9e9/interior_driver_open_seat.png'},{url:'https://carimages.d2cmedia.ca/newcarimages/en/cb6ab798baca942/Mercedes-Benz/GLC/2026/2100/475038/Xe9e9e9/interior_driver_stereo.png'},{url:'https://carimages.d2cmedia.ca/newcarimages/en/cb6ab798baca942/Mercedes-Benz/GLC/2026/2100/475038/Xe9e9e9/interior_driver_reat_seats.png'}]",90,KM,https://www.mercedes-benz-maple.ca/new/inventory/2026-Mercedes_Benz-GLC_300-id13410021.html,2026 Mercedes-Benz GLC GLC 300 4MATIC SUV at Mercedes-Benz Maple,72261 CAD,New,White,Black,4804,Mercedes-Benz Maple,+1-905-585-9300,"{addr1: '9300 Jane St', city: 'Maple', region: 'Ontario', postal_code: 'L6A 0C5', country: 'CA'}",43.8344170000,-79.5341990000,,,,,https://www.mercedes-benz-maple.ca/privacy-policy.html,New,4804,In stock,,72261 CAD,Free,
W1NKM4HB5TF568104,W1NKM4HB5TF568104,26530082-new,Mercedes-Benz,GLC,GLC 300 4MATIC SUV,2026,AUTOMATIC,SUV,GASOLINE,,"2026 Mercedes-Benz GLC GLC 300 4MATIC SUV, White exterior","[{url:'https://carimages.d2cmedia.ca/newcarimages/en/cb6ab798baca942/Mercedes-Benz/GLC/2026/1200/475038-NE1BVElDIFNVVg/XE9E9E9/front45.png'},{url:'https://carimages.d2cmedia.ca/newcarimages/en/cb6ab798baca942/Mercedes-Benz/GLC/2026/1280/475038/Xe9e9e9/front_45_degree.png'},{url:'https://carimages.d2cmedia.ca/newcarimages/en/cb6ab798baca942/Mercedes-Benz/GLC/2026/2100/475038/Xe9e9e9/front_45_degree.png'},{url:'https://carimages.d2cmedia.ca/newcarimages/en/cb6ab798baca942/Mercedes-Benz/GLC/2026/2100/475038/Xe9e9e9/profile.png'},{url:'https://carimages.d2cmedia.ca/newcarimages/en/cb6ab798baca942/Mercedes-Benz/GLC/2026/2100/475038/Xe9e9e9/back_45_degree.png'},{url:'https://carimages.d2cmedia.ca/newcarimages/en/cb6ab798baca942/Mercedes-Benz/GLC/2026/2100/475038/Xe9e9e9/driver_dashboard.png'},{url:'https://carimages.d2cmedia.ca/newcarimages/en/cb6ab798baca942/Mercedes-Benz/GLC/2026/2100/475038/Xe9e9e9/full_dashboard.png'},{url:'https://carimages.d2cmedia.ca/newcarimages/en/cb6ab798baca942/Mercedes-Benz/GLC/2026/2100/475038/Xe9e9e9/interior_driver_open_seat.png'},{url:'https://carimages.d2cmedia.ca/newcarimages/en/cb6ab798baca942/Mercedes-Benz/GLC/2026/2100/475038/Xe9e9e9/interior_driver_stereo.png'},{url:'https://carimages.d2cmedia.ca/newcarimages/en/cb6ab798baca942/Mercedes-Benz/GLC/2026/2100/475038/Xe9e9e9/interior_driver_reat_seats.png'}]",90,KM,https://www.mercedes-benz-maple.ca/new/inventory/2026-Mercedes_Benz-GLC_300-id13538632.html,2026 Mercedes-Benz GLC GLC 300 4MATIC SUV at Mercedes-Benz Maple,72460 CAD,New,White,Black,4804,Mercedes-Benz Maple,+1-905-585-9300,"{addr1: '9300 Jane St', city: 'Maple', region: 'Ontario', postal_code: 'L6A 0C5', country: 'CA'}",43.8344170000,-79.5341990000,,,,,https://www.mercedes-benz-maple.ca/privacy-policy.html,New,4804,In stock,,72460 CAD,Free,
W1NKM4HB7TF585356,W1NKM4HB7TF585356,26648984-new,Mercedes-Benz,GLC,GLC 300 4MATIC SUV,2026,AUTOMATIC,SUV,GASOLINE,,"2026 Mercedes-Benz GLC GLC 300 4MATIC SUV, White exterior","[{url:'https://carimages.d2cmedia.ca/newcarimages/en/cb6ab798baca942/Mercedes-Benz/GLC/2026/1200/475038-NE1BVElDIFNVVg/XE9E9E9/front45.png'},{url:'https://carimages.d2cmedia.ca/newcarimages/en/cb6ab798baca942/Mercedes-Benz/GLC/2026/1280/475038/Xe9e9e9/front_45_degree.png'},{url:'https://carimages.d2cmedia.ca/newcarimages/en/cb6ab798baca942/Mercedes-Benz/GLC/2026/2100/475038/Xe9e9e9/front_45_degree.png'},{url:'https://carimages.d2cmedia.ca/newcarimages/en/cb6ab798baca942/Mercedes-Benz/GLC/2026/2100/475038/Xe9e9e9/profile.png'},{url:'https://carimages.d2cmedia.ca/newcarimages/en/cb6ab798baca942/Mercedes-Benz/GLC/2026/2100/475038/Xe9e9e9/back_45_degree.png'},{url:'https://carimages.d2cmedia.ca/newcarimages/en/cb6ab798baca942/Mercedes-Benz/GLC/2026/2100/475038/Xe9e9e9/driver_dashboard.png'},{url:'https://carimages.d2cmedia.ca/newcarimages/en/cb6ab798baca942/Mercedes-Benz/GLC/2026/2100/475038/Xe9e9e9/full_dashboard.png'},{url:'https://carimages.d2cmedia.ca/newcarimages/en/cb6ab798baca942/Mercedes-Benz/GLC/2026/2100/475038/Xe9e9e9/interior_driver_open_seat.png'},{url:'https://carimages.d2cmedia.ca/newcarimages/en/cb6ab798baca942/Mercedes-Benz/GLC/2026/2100/475038/Xe9e9e9/interior_driver_stereo.png'},{url:'https://carimages.d2cmedia.ca/newcarimages/en/cb6ab798baca942/Mercedes-Benz/GLC/2026/2100/475038/Xe9e9e9/interior_driver_reat_seats.png'}]",90,KM,https://www.mercedes-benz-maple.ca/new/inventory/2026-Mercedes_Benz-GLC_300-id13611953.html,2026 Mercedes-Benz GLC GLC 300 4MATIC SUV at Mercedes-Benz Maple,72460 CAD,New,White,Beige,4804,Mercedes-Benz Maple,+1-905-585-9300,"{addr1: '9300 Jane St', city: 'Maple', region: 'Ontario', postal_code: 'L6A 0C5', country: 'CA'}",43.8344170000,-79.5341990000,,,,,https://www.mercedes-benz-maple.ca/privacy-policy.html,New,4804,In stock,,72460 CAD,Free,
W1NKM4HB2TF634947,W1NKM4HB2TF634947,26656853-new,Mercedes-Benz,GLC,GLC 300 4MATIC SUV,2026,AUTOMATIC,SUV,GASOLINE,,"2026 Mercedes-Benz GLC GLC 300 4MATIC SUV, Black exterior","[{url:'https://carimages.d2cmedia.ca/newcarimages/en/cb6ab798baca942/Mercedes-Benz/GLC/2026/1200/475038-NE1BVElDIFNVVg/black/front45.png'},{url:'https://carimages.d2cmedia.ca/newcarimages/en/cb6ab798baca942/Mercedes-Benz/GLC/2026/1280/475038/black/front_45_degree.png'},{url:'https://carimages.d2cmedia.ca/newcarimages/en/cb6ab798baca942/Mercedes-Benz/GLC/2026/2100/475038/black/front_45_degree.png'},{url:'https://carimages.d2cmedia.ca/newcarimages/en/cb6ab798baca942/Mercedes-Benz/GLC/2026/2100/475038/black/profile.png'},{url:'https://carimages.d2cmedia.ca/newcarimages/en/cb6ab798baca942/Mercedes-Benz/GLC/2026/2100/475038/black/back_45_degree.png'},{url:'https://carimages.d2cmedia.ca/newcarimages/en/cb6ab798baca942/Mercedes-Benz/GLC/2026/2100/475038/black/driver_dashboard.png'},{url:'https://carimages.d2cmedia.ca/newcarimages/en/cb6ab798baca942/Mercedes-Benz/GLC/2026/2100/475038/black/full_dashboard.png'},{url:'https://carimages.d2cmedia.ca/newcarimages/en/cb6ab798baca942/Mercedes-Benz/GLC/2026/2100/475038/black/interior_driver_open_seat.png'},{url:'https://carimages.d2cmedia.ca/newcarimages/en/cb6ab798baca942/Mercedes-Benz/GLC/2026/2100/475038/black/interior_driver_stereo.png'},{url:'https://carimages.d2cmedia.ca/newcarimages/en/cb6ab798baca942/Mercedes-Benz/GLC/2026/2100/475038/black/interior_driver_reat_seats.png'}]",90,KM,https://www.mercedes-benz-maple.ca/new/inventory/2026-Mercedes_Benz-GLC_300-id14022990.html,2026 Mercedes-Benz GLC GLC 300 4MATIC SUV at Mercedes-Benz Maple,72460 CAD,New,Black,Beige,4804,Mercedes-Benz Maple,+1-905-585-9300,"{addr1: '9300 Jane St', city: 'Maple', region: 'Ontario', postal_code: 'L6A 0C5', country: 'CA'}",43.8344170000,-79.5341990000,,,,,https://www.mercedes-benz-maple.ca/privacy-policy.html,New,4804,In stock,,72460 CAD,Free,
W1NKM4HB2VF648642,W1NKM4HB2VF648642,27658503-new,Mercedes-Benz,GLC,GLC 300 4MATIC SUV,2027,AUTOMATIC,SUV,GASOLINE,,"2027 Mercedes-Benz GLC GLC 300 4MATIC SUV, White exterior","[{url:'https://carimages.d2cmedia.ca/newcarimages/en/cb6ab798baca942/Mercedes-Benz/GLC/2027/1200/486470-NE1BVElDIFNVVg/XE9E9E9/front45.png'},{url:'https://carimages.d2cmedia.ca/newcarimages/en/cb6ab798baca942/Mercedes-Benz/GLC/2027/1280/486470/Xe9e9e9/front_45_degree.png'},{url:'https://carimages.d2cmedia.ca/newcarimages/en/cb6ab798baca942/Mercedes-Benz/GLC/2027/2100/486470/Xe9e9e9/front_45_degree.png'},{url:'https://carimages.d2cmedia.ca/newcarimages/en/cb6ab798baca942/Mercedes-Benz/GLC/2027/2100/486470/Xe9e9e9/profile.png'},{url:'https://carimages.d2cmedia.ca/newcarimages/en/cb6ab798baca942/Mercedes-Benz/GLC/2027/2100/486470/Xe9e9e9/back_45_degree.png'},{url:'https://carimages.d2cmedia.ca/newcarimages/en/cb6ab798baca942/Mercedes-Benz/GLC/2027/2100/486470/Xe9e9e9/driver_dashboard.png'},{url:'https://carimages.d2cmedia.ca/newcarimages/en/cb6ab798baca942/Mercedes-Benz/GLC/2027/2100/486470/Xe9e9e9/full_dashboard.png'},{url:'https://carimages.d2cmedia.ca/newcarimages/en/cb6ab798baca942/Mercedes-Benz/GLC/2027/2100/486470/Xe9e9e9/interior_driver_open_seat.png'},{url:'https://carimages.d2cmedia.ca/newcarimages/en/cb6ab798baca942/Mercedes-Benz/GLC/2027/2100/486470/Xe9e9e9/interior_driver_stereo.png'},{url:'https://carimages.d2cmedia.ca/newcarimages/en/cb6ab798baca942/Mercedes-Benz/GLC/2027/2100/486470/Xe9e9e9/interior_driver_reat_seats.png'}]",90,KM,https://www.mercedes-benz-maple.ca/new/inventory/2027-Mercedes_Benz-GLC_300-id14169256.html,2027 Mercedes-Benz GLC GLC 300 4MATIC SUV at Mercedes-Benz Maple,72811 CAD,New,White,Beige,4804,Mercedes-Benz Maple,+1-905-585-9300,"{addr1: '9300 Jane St', city: 'Maple', region: 'Ontario', postal_code: 'L6A 0C5', country: 'CA'}",43.8344170000,-79.5341990000,,,,,https://www.mercedes-benz-maple.ca/privacy-policy.html,New,4804,In stock,,72811 CAD,Free,
W1NKM4HB5VF655987,W1NKM4HB5VF655987,27658874-new,Mercedes-Benz,GLC,GLC 300 4MATIC SUV,2027,AUTOMATIC,SUV,GASOLINE,,"2027 Mercedes-Benz GLC GLC 300 4MATIC SUV, White exterior","[{url:'https://carimages.d2cmedia.ca/newcarimages/en/cb6ab798baca942/Mercedes-Benz/GLC/2027/1200/486470-NE1BVElDIFNVVg/XE9E9E9/front45.png'},{url:'https://carimages.d2cmedia.ca/newcarimages/en/cb6ab798baca942/Mercedes-Benz/GLC/2027/1280/486470/Xe9e9e9/front_45_degree.png'},{url:'https://carimages.d2cmedia.ca/newcarimages/en/cb6ab798baca942/Mercedes-Benz/GLC/2027/2100/486470/Xe9e9e9/front_45_degree.png'},{url:'https://carimages.d2cmedia.ca/newcarimages/en/cb6ab798baca942/Mercedes-Benz/GLC/2027/2100/486470/Xe9e9e9/profile.png'},{url:'https://carimages.d2cmedia.ca/newcarimages/en/cb6ab798baca942/Mercedes-Benz/GLC/2027/2100/486470/Xe9e9e9/back_45_degree.png'},{url:'https://carimages.d2cmedia.ca/newcarimages/en/cb6ab798baca942/Mercedes-Benz/GLC/2027/2100/486470/Xe9e9e9/driver_dashboard.png'},{url:'https://carimages.d2cmedia.ca/newcarimages/en/cb6ab798baca942/Mercedes-Benz/GLC/2027/2100/486470/Xe9e9e9/full_dashboard.png'},{url:'https://carimages.d2cmedia.ca/newcarimages/en/cb6ab798baca942/Mercedes-Benz/GLC/2027/2100/486470/Xe9e9e9/interior_driver_open_seat.png'},{url:'https://carimages.d2cmedia.ca/newcarimages/en/cb6ab798baca942/Mercedes-Benz/GLC/2027/2100/486470/Xe9e9e9/interior_driver_stereo.png'},{url:'https://carimages.d2cmedia.ca/newcarimages/en/cb6ab798baca942/Mercedes-Benz/GLC/2027/2100/486470/Xe9e9e9/interior_driver_reat_seats.png'}]",90,KM,https://www.mercedes-benz-maple.ca/new/inventory/2027-Mercedes_Benz-GLC_300-id14181630.html,2027 Mercedes-Benz GLC GLC 300 4MATIC SUV at Mercedes-Benz Maple,72811 CAD,New,White,Beige,4804,Mercedes-Benz Maple,+1-905-585-9300,"{addr1: '9300 Jane St', city: 'Maple', region: 'Ontario', postal_code: 'L6A 0C5', country: 'CA'}",43.8344170000,-79.5341990000,,,,,https://www.mercedes-benz-maple.ca/privacy-policy.html,New,4804,In stock,,72811 CAD,Free,
W1NKM4HB9VF661257,W1NKM4HB9VF661257,27661479-new,Mercedes-Benz,GLC,GLC 300 4MATIC SUV,2027,AUTOMATIC,SUV,GASOLINE,,"2027 Mercedes-Benz GLC GLC 300 4MATIC SUV, White exterior","[{url:'https://carimages.d2cmedia.ca/newcarimages/en/cb6ab798baca942/Mercedes-Benz/GLC/2027/1200/486470-NE1BVElDIFNVVg/XE9E9E9/front45.png'},{url:'https://carimages.d2cmedia.ca/newcarimages/en/cb6ab798baca942/Mercedes-Benz/GLC/2027/1280/486470/Xe9e9e9/front_45_degree.png'},{url:'https://carimages.d2cmedia.ca/newcarimages/en/cb6ab798baca942/Mercedes-Benz/GLC/2027/2100/486470/Xe9e9e9/front_45_degree.png'},{url:'https://carimages.d2cmedia.ca/newcarimages/en/cb6ab798baca942/Mercedes-Benz/GLC/2027/2100/486470/Xe9e9e9/profile.png'},{url:'https://carimages.d2cmedia.ca/newcarimages/en/cb6ab798baca942/Mercedes-Benz/GLC/2027/2100/486470/Xe9e9e9/back_45_degree.png'},{url:'https://carimages.d2cmedia.ca/newcarimages/en/cb6ab798baca942/Mercedes-Benz/GLC/2027/2100/486470/Xe9e9e9/driver_dashboard.png'},{url:'https://carimages.d2cmedia.ca/newcarimages/en/cb6ab798baca942/Mercedes-Benz/GLC/2027/2100/486470/Xe9e9e9/full_dashboard.png'},{url:'https://carimages.d2cmedia.ca/newcarimages/en/cb6ab798baca942/Mercedes-Benz/GLC/2027/2100/486470/Xe9e9e9/interior_driver_open_seat.png'},{url:'https://carimages.d2cmedia.ca/newcarimages/en/cb6ab798baca942/Mercedes-Benz/GLC/2027/2100/486470/Xe9e9e9/interior_driver_stereo.png'},{url:'https://carimages.d2cmedia.ca/newcarimages/en/cb6ab798baca942/Mercedes-Benz/GLC/2027/2100/486470/Xe9e9e9/interior_driver_reat_seats.png'}]",90,KM,https://www.mercedes-benz-maple.ca/new/inventory/2027-Mercedes_Benz-GLC_300-id14203059.html,2027 Mercedes-Benz GLC GLC 300 4MATIC SUV at Mercedes-Benz Maple,72811 CAD,New,White,Beige,4804,Mercedes-Benz Maple,+1-905-585-9300,"{addr1: '9300 Jane St', city: 'Maple', region: 'Ontario', postal_code: 'L6A 0C5', country: 'CA'}",43.8344170000,-79.5341990000,,,,,https://www.mercedes-benz-maple.ca/privacy-policy.html,New,4804,In stock,,72811 CAD,Free,
W1NKM4HB3VF651789,W1NKM4HB3VF651789,27658888-new,Mercedes-Benz,GLC,GLC 300 4MATIC SUV,2027,AUTOMATIC,SUV,GASOLINE,,"2027 Mercedes-Benz GLC GLC 300 4MATIC SUV, White exterior","[{url:'https://carimages.d2cmedia.ca/newcarimages/en/cb6ab798baca942/Mercedes-Benz/GLC/2027/1200/486470-NE1BVElDIFNVVg/XE9E9E9/front45.png'},{url:'https://carimages.d2cmedia.ca/newcarimages/en/cb6ab798baca942/Mercedes-Benz/GLC/2027/1280/486470/Xe9e9e9/front_45_degree.png'},{url:'https://carimages.d2cmedia.ca/newcarimages/en/cb6ab798baca942/Mercedes-Benz/GLC/2027/2100/486470/Xe9e9e9/front_45_degree.png'},{url:'https://carimages.d2cmedia.ca/newcarimages/en/cb6ab798baca942/Mercedes-Benz/GLC/2027/2100/486470/Xe9e9e9/profile.png'},{url:'https://carimages.d2cmedia.ca/newcarimages/en/cb6ab798baca942/Mercedes-Benz/GLC/2027/2100/486470/Xe9e9e9/back_45_degree.png'},{url:'https://carimages.d2cmedia.ca/newcarimages/en/cb6ab798baca942/Mercedes-Benz/GLC/2027/2100/486470/Xe9e9e9/driver_dashboard.png'},{url:'https://carimages.d2cmedia.ca/newcarimages/en/cb6ab798baca942/Mercedes-Benz/GLC/2027/2100/486470/Xe9e9e9/full_dashboard.png'},{url:'https://carimages.d2cmedia.ca/newcarimages/en/cb6ab798baca942/Mercedes-Benz/GLC/2027/2100/486470/Xe9e9e9/interior_driver_open_seat.png'},{url:'https://carimages.d2cmedia.ca/newcarimages/en/cb6ab798baca942/Mercedes-Benz/GLC/2027/2100/486470/Xe9e9e9/interior_driver_stereo.png'},{url:'https://carimages.d2cmedia.ca/newcarimages/en/cb6ab798baca942/Mercedes-Benz/GLC/2027/2100/486470/Xe9e9e9/interior_driver_reat_seats.png'}]",90,KM,https://www.mercedes-benz-maple.ca/new/inventory/2027-Mercedes_Benz-GLC_300-id14368546.html,2027 Mercedes-Benz GLC GLC 300 4MATIC SUV at Mercedes-Benz Maple,72811 CAD,New,White,Black,4804,Mercedes-Benz Maple,+1-905-585-9300,"{addr1: '9300 Jane St', city: 'Maple', region: 'Ontario', postal_code: 'L6A 0C5', country: 'CA'}",43.8344170000,-79.5341990000,,,,,https://www.mercedes-benz-maple.ca/privacy-policy.html,New,4804,In stock,,72811 CAD,Free,
W1NKM4HB4VF650084,W1NKM4HB4VF650084,27658508-new,Mercedes-Benz,GLC,GLC 300 4MATIC SUV,2027,AUTOMATIC,SUV,GASOLINE,,"2027 Mercedes-Benz GLC GLC 300 4MATIC SUV, Black exterior","[{url:'https://carimages.d2cmedia.ca/newcarimages/en/cb6ab798baca942/Mercedes-Benz/GLC/2027/1200/486470-NE1BVElDIFNVVg/black/front45.png'},{url:'https://carimages.d2cmedia.ca/newcarimages/en/cb6ab798baca942/Mercedes-Benz/GLC/2027/1280/486470/black/front_45_degree.png'},{url:'https://carimages.d2cmedia.ca/newcarimages/en/cb6ab798baca942/Mercedes-Benz/GLC/2027/2100/486470/black/front_45_degree.png'},{url:'https://carimages.d2cmedia.ca/newcarimages/en/cb6ab798baca942/Mercedes-Benz/GLC/2027/2100/486470/black/profile.png'},{url:'https://carimages.d2cmedia.ca/newcarimages/en/cb6ab798baca942/Mercedes-Benz/GLC/2027/2100/486470/black/back_45_degree.png'},{url:'https://carimages.d2cmedia.ca/newcarimages/en/cb6ab798baca942/Mercedes-Benz/GLC/2027/2100/486470/black/driver_dashboard.png'},{url:'https://carimages.d2cmedia.ca/newcarimages/en/cb6ab798baca942/Mercedes-Benz/GLC/2027/2100/486470/black/full_dashboard.png'},{url:'https://carimages.d2cmedia.ca/newcarimages/en/cb6ab798baca942/Mercedes-Benz/GLC/2027/2100/486470/black/interior_driver_open_seat.png'},{url:'https://carimages.d2cmedia.ca/newcarimages/en/cb6ab798baca942/Mercedes-Benz/GLC/2027/2100/486470/black/interior_driver_stereo.png'},{url:'https://carimages.d2cmedia.ca/newcarimages/en/cb6ab798baca942/Mercedes-Benz/GLC/2027/2100/486470/black/interior_driver_reat_seats.png'}]",90,KM,https://www.mercedes-benz-maple.ca/new/inventory/2027-Mercedes_Benz-GLC_300-id14181629.html,2027 Mercedes-Benz GLC GLC 300 4MATIC SUV at Mercedes-Benz Maple,73111 CAD,New,Black,Beige,4804,Mercedes-Benz Maple,+1-905-585-9300,"{addr1: '9300 Jane St', city: 'Maple', region: 'Ontario', postal_code: 'L6A 0C5', country: 'CA'}",43.8344170000,-79.5341990000,,,,,https://www.mercedes-benz-maple.ca/privacy-policy.html,New,4804,In stock,,73111 CAD,Free,
W1NKM4HB5VF660929,W1NKM4HB5VF660929,27661472-new,Mercedes-Benz,GLC,GLC 300 4MATIC SUV,2027,AUTOMATIC,SUV,GASOLINE,,"2027 Mercedes-Benz GLC GLC 300 4MATIC SUV, Grey exterior","[{url:'https://carimages.d2cmedia.ca/newcarimages/en/cb6ab798baca942/Mercedes-Benz/GLC/2027/1200/486470-NE1BVElDIFNVVg/X3C3C3C/front45.png'},{url:'https://carimages.d2cmedia.ca/newcarimages/en/cb6ab798baca942/Mercedes-Benz/GLC/2027/1280/486470/X3c3c3c/front_45_degree.png'},{url:'https://carimages.d2cmedia.ca/newcarimages/en/cb6ab798baca942/Mercedes-Benz/GLC/2027/2100/486470/X3c3c3c/front_45_degree.png'},{url:'https://carimages.d2cmedia.ca/newcarimages/en/cb6ab798baca942/Mercedes-Benz/GLC/2027/2100/486470/X3c3c3c/profile.png'},{url:'https://carimages.d2cmedia.ca/newcarimages/en/cb6ab798baca942/Mercedes-Benz/GLC/2027/2100/486470/X3c3c3c/back_45_degree.png'},{url:'https://carimages.d2cmedia.ca/newcarimages/en/cb6ab798baca942/Mercedes-Benz/GLC/2027/2100/486470/X3c3c3c/driver_dashboard.png'},{url:'https://carimages.d2cmedia.ca/newcarimages/en/cb6ab798baca942/Mercedes-Benz/GLC/2027/2100/486470/X3c3c3c/full_dashboard.png'},{url:'https://carimages.d2cmedia.ca/newcarimages/en/cb6ab798baca942/Mercedes-Benz/GLC/2027/2100/486470/X3c3c3c/interior_driver_open_seat.png'},{url:'https://carimages.d2cmedia.ca/newcarimages/en/cb6ab798baca942/Mercedes-Benz/GLC/2027/2100/486470/X3c3c3c/interior_driver_stereo.png'},{url:'https://carimages.d2cmedia.ca/newcarimages/en/cb6ab798baca942/Mercedes-Benz/GLC/2027/2100/486470/X3c3c3c/interior_driver_reat_seats.png'}]",90,KM,https://www.mercedes-benz-maple.ca/new/inventory/2027-Mercedes_Benz-GLC_300-id14276953.html,2027 Mercedes-Benz GLC GLC 300 4MATIC SUV at Mercedes-Benz Maple,73111 CAD,New,Grey,Beige,4804,Mercedes-Benz Maple,+1-905-585-9300,"{addr1: '9300 Jane St', city: 'Maple', region: 'Ontario', postal_code: 'L6A 0C5', country: 'CA'}",43.8344170000,-79.5341990000,,,,,https://www.mercedes-benz-maple.ca/privacy-policy.html,New,4804,In stock,,73111 CAD,Free,
W1NKM4HB3TF632124,W1NKM4HB3TF632124,26656558-new,Mercedes-Benz,GLC,GLC 300 4MATIC SUV,2026,AUTOMATIC,SUV,GASOLINE,,"2026 Mercedes-Benz GLC GLC 300 4MATIC SUV, White exterior","[{url:'https://carimages.d2cmedia.ca/newcarimages/en/cb6ab798baca942/Mercedes-Benz/GLC/2026/1200/475038-NE1BVElDIFNVVg/XE9E9E9/front45.png'},{url:'https://carimages.d2cmedia.ca/newcarimages/en/cb6ab798baca942/Mercedes-Benz/GLC/2026/1280/475038/Xe9e9e9/front_45_degree.png'},{url:'https://carimages.d2cmedia.ca/newcarimages/en/cb6ab798baca942/Mercedes-Benz/GLC/2026/2100/475038/Xe9e9e9/front_45_degree.png'},{url:'https://carimages.d2cmedia.ca/newcarimages/en/cb6ab798baca942/Mercedes-Benz/GLC/2026/2100/475038/Xe9e9e9/profile.png'},{url:'https://carimages.d2cmedia.ca/newcarimages/en/cb6ab798baca942/Mercedes-Benz/GLC/2026/2100/475038/Xe9e9e9/back_45_degree.png'},{url:'https://carimages.d2cmedia.ca/newcarimages/en/cb6ab798baca942/Mercedes-Benz/GLC/2026/2100/475038/Xe9e9e9/driver_dashboard.png'},{url:'https://carimages.d2cmedia.ca/newcarimages/en/cb6ab798baca942/Mercedes-Benz/GLC/2026/2100/475038/Xe9e9e9/full_dashboard.png'},{url:'https://carimages.d2cmedia.ca/newcarimages/en/cb6ab798baca942/Mercedes-Benz/GLC/2026/2100/475038/Xe9e9e9/interior_driver_open_seat.png'},{url:'https://carimages.d2cmedia.ca/newcarimages/en/cb6ab798baca942/Mercedes-Benz/GLC/2026/2100/475038/Xe9e9e9/interior_driver_stereo.png'},{url:'https://carimages.d2cmedia.ca/newcarimages/en/cb6ab798baca942/Mercedes-Benz/GLC/2026/2100/475038/Xe9e9e9/interior_driver_reat_seats.png'}]",90,KM,https://www.mercedes-benz-maple.ca/new/inventory/2026-Mercedes_Benz-GLC_300-id14410811.html,2026 Mercedes-Benz GLC GLC 300 4MATIC SUV at Mercedes-Benz Maple,73360 CAD,New,White,Black,4804,Mercedes-Benz Maple,+1-905-585-9300,"{addr1: '9300 Jane St', city: 'Maple', region: 'Ontario', postal_code: 'L6A 0C5', country: 'CA'}",43.8344170000,-79.5341990000,,,,,https://www.mercedes-benz-maple.ca/privacy-policy.html,New,4804,In stock,,73360 CAD,Free,
W1NKM4HB9TF583771,W1NKM4HB9TF583771,26655341-new,Mercedes-Benz,GLC,GLC 300 4MATIC SUV,2026,AUTOMATIC,SUV,GASOLINE,,"2026 Mercedes-Benz GLC GLC 300 4MATIC SUV, Black exterior","[{url:'https://carimages.d2cmedia.ca/newcarimages/en/cb6ab798baca942/Mercedes-Benz/GLC/2026/1200/475038-NE1BVElDIFNVVg/black/front45.png'},{url:'https://carimages.d2cmedia.ca/newcarimages/en/cb6ab798baca942/Mercedes-Benz/GLC/2026/1280/475038/black/front_45_degree.png'},{url:'https://carimages.d2cmedia.ca/newcarimages/en/cb6ab798baca942/Mercedes-Benz/GLC/2026/2100/475038/black/front_45_degree.png'},{url:'https://carimages.d2cmedia.ca/newcarimages/en/cb6ab798baca942/Mercedes-Benz/GLC/2026/2100/475038/black/profile.png'},{url:'https://carimages.d2cmedia.ca/newcarimages/en/cb6ab798baca942/Mercedes-Benz/GLC/2026/2100/475038/black/back_45_degree.png'},{url:'https://carimages.d2cmedia.ca/newcarimages/en/cb6ab798baca942/Mercedes-Benz/GLC/2026/2100/475038/black/driver_dashboard.png'},{url:'https://carimages.d2cmedia.ca/newcarimages/en/cb6ab798baca942/Mercedes-Benz/GLC/2026/2100/475038/black/full_dashboard.png'},{url:'https://carimages.d2cmedia.ca/newcarimages/en/cb6ab798baca942/Mercedes-Benz/GLC/2026/2100/475038/black/interior_driver_open_seat.png'},{url:'https://carimages.d2cmedia.ca/newcarimages/en/cb6ab798baca942/Mercedes-Benz/GLC/2026/2100/475038/black/interior_driver_stereo.png'},{url:'https://carimages.d2cmedia.ca/newcarimages/en/cb6ab798baca942/Mercedes-Benz/GLC/2026/2100/475038/black/interior_driver_reat_seats.png'}]",90,KM,https://www.mercedes-benz-maple.ca/new/inventory/2026-Mercedes_Benz-GLC_300-id13599159.html,2026 Mercedes-Benz GLC GLC 300 4MATIC SUV at Mercedes-Benz Maple,73460 CAD,New,Black,Black,4804,Mercedes-Benz Maple,+1-905-585-9300,"{addr1: '9300 Jane St', city: 'Maple', region: 'Ontario', postal_code: 'L6A 0C5', country: 'CA'}",43.8344170000,-79.5341990000,,,,,https://www.mercedes-benz-maple.ca/privacy-policy.html,New,4804,In stock,,73460 CAD,Free,
W1NKM4HB6TF615091,W1NKM4HB6TF615091,26655237-new,Mercedes-Benz,GLC,GLC 300 4MATIC SUV,2026,AUTOMATIC,SUV,GASOLINE,,"2026 Mercedes-Benz GLC GLC 300 4MATIC SUV, Grey exterior","[{url:'https://carimages.d2cmedia.ca/newcarimages/en/cb6ab798baca942/Mercedes-Benz/GLC/2026/1200/475038-NE1BVElDIFNVVg/X3C3C3C/front45.png'},{url:'https://carimages.d2cmedia.ca/newcarimages/en/cb6ab798baca942/Mercedes-Benz/GLC/2026/1280/475038/X3c3c3c/front_45_degree.png'},{url:'https://carimages.d2cmedia.ca/newcarimages/en/cb6ab798baca942/Mercedes-Benz/GLC/2026/2100/475038/X3c3c3c/front_45_degree.png'},{url:'https://carimages.d2cmedia.ca/newcarimages/en/cb6ab798baca942/Mercedes-Benz/GLC/2026/2100/475038/X3c3c3c/profile.png'},{url:'https://carimages.d2cmedia.ca/newcarimages/en/cb6ab798baca942/Mercedes-Benz/GLC/2026/2100/475038/X3c3c3c/back_45_degree.png'},{url:'https://carimages.d2cmedia.ca/newcarimages/en/cb6ab798baca942/Mercedes-Benz/GLC/2026/2100/475038/X3c3c3c/driver_dashboard.png'},{url:'https://carimages.d2cmedia.ca/newcarimages/en/cb6ab798baca942/Mercedes-Benz/GLC/2026/2100/475038/X3c3c3c/full_dashboard.png'},{url:'https://carimages.d2cmedia.ca/newcarimages/en/cb6ab798baca942/Mercedes-Benz/GLC/2026/2100/475038/X3c3c3c/interior_driver_open_seat.png'},{url:'https://carimages.d2cmedia.ca/newcarimages/en/cb6ab798baca942/Mercedes-Benz/GLC/2026/2100/475038/X3c3c3c/interior_driver_stereo.png'},{url:'https://carimages.d2cmedia.ca/newcarimages/en/cb6ab798baca942/Mercedes-Benz/GLC/2026/2100/475038/X3c3c3c/interior_driver_reat_seats.png'}]",90,KM,https://www.mercedes-benz-maple.ca/new/inventory/2026-Mercedes_Benz-GLC_300-id13881827.html,2026 Mercedes-Benz GLC GLC 300 4MATIC SUV at Mercedes-Benz Maple,73560 CAD,New,Grey,Black,4804,Mercedes-Benz Maple,+1-905-585-9300,"{addr1: '9300 Jane St', city: 'Maple', region: 'Ontario', postal_code: 'L6A 0C5', country: 'CA'}",43.8344170000,-79.5341990000,,,,,https://www.mercedes-benz-maple.ca/privacy-policy.html,New,4804,In stock,,73560 CAD,Free,
W1NKM4HB5TF619746,W1NKM4HB5TF619746,26655226-new,Mercedes-Benz,GLC,GLC 300 4MATIC SUV,2026,AUTOMATIC,SUV,GASOLINE,,"2026 Mercedes-Benz GLC GLC 300 4MATIC SUV, Grey exterior","[{url:'https://carimages.d2cmedia.ca/newcarimages/en/cb6ab798baca942/Mercedes-Benz/GLC/2026/1200/475038-NE1BVElDIFNVVg/X3C3C3C/front45.png'},{url:'https://carimages.d2cmedia.ca/newcarimages/en/cb6ab798baca942/Mercedes-Benz/GLC/2026/1280/475038/X3c3c3c/front_45_degree.png'},{url:'https://carimages.d2cmedia.ca/newcarimages/en/cb6ab798baca942/Mercedes-Benz/GLC/2026/2100/475038/X3c3c3c/front_45_degree.png'},{url:'https://carimages.d2cmedia.ca/newcarimages/en/cb6ab798baca942/Mercedes-Benz/GLC/2026/2100/475038/X3c3c3c/profile.png'},{url:'https://carimages.d2cmedia.ca/newcarimages/en/cb6ab798baca942/Mercedes-Benz/GLC/2026/2100/475038/X3c3c3c/back_45_degree.png'},{url:'https://carimages.d2cmedia.ca/newcarimages/en/cb6ab798baca942/Mercedes-Benz/GLC/2026/2100/475038/X3c3c3c/driver_dashboard.png'},{url:'https://carimages.d2cmedia.ca/newcarimages/en/cb6ab798baca942/Mercedes-Benz/GLC/2026/2100/475038/X3c3c3c/full_dashboard.png'},{url:'https://carimages.d2cmedia.ca/newcarimages/en/cb6ab798baca942/Mercedes-Benz/GLC/2026/2100/475038/X3c3c3c/interior_driver_open_seat.png'},{url:'https://carimages.d2cmedia.ca/newcarimages/en/cb6ab798baca942/Mercedes-Benz/GLC/2026/2100/475038/X3c3c3c/interior_driver_stereo.png'},{url:'https://carimages.d2cmedia.ca/newcarimages/en/cb6ab798baca942/Mercedes-Benz/GLC/2026/2100/475038/X3c3c3c/interior_driver_reat_seats.png'}]",90,KM,https://www.mercedes-benz-maple.ca/new/inventory/2026-Mercedes_Benz-GLC_300-id13939886.html,2026 Mercedes-Benz GLC GLC 300 4MATIC SUV at Mercedes-Benz Maple,73560 CAD,New,Grey,Black,4804,Mercedes-Benz Maple,+1-905-585-9300,"{addr1: '9300 Jane St', city: 'Maple', region: 'Ontario', postal_code: 'L6A 0C5', country: 'CA'}",43.8344170000,-79.5341990000,,,,,https://www.mercedes-benz-maple.ca/privacy-policy.html,New,4804,In stock,,73560 CAD,Free,
W1NKM4HB9VF675692,W1NKM4HB9VF675692,27663123-new,Mercedes-Benz,GLC,GLC 300 4MATIC SUV,2027,AUTOMATIC,SUV,GASOLINE,,"2027 Mercedes-Benz GLC GLC 300 4MATIC SUV, White exterior","[{url:'https://carimages.d2cmedia.ca/newcarimages/en/cb6ab798baca942/Mercedes-Benz/GLC/2027/1200/486470-NE1BVElDIFNVVg/XE9E9E9/front45.png'},{url:'https://carimages.d2cmedia.ca/newcarimages/fr/cb6ab798baca942/Mercedes-Benz/GLC/2027/640/486470-NE1BVElDIFNVVg/Xe9e9e9/front_45_degree.png'},{url:'https://carimages.d2cmedia.ca/newcarimages/fr/cb6ab798baca942/Mercedes-Benz/GLC/2027/2100/486470-NE1BVElDIFNVVg/Xe9e9e9/front_45_degree.png'}]",90,KM,https://www.mercedes-benz-maple.ca/new/inventory/2027-Mercedes_Benz-GLC_300-id14402046.html,2027 Mercedes-Benz GLC GLC 300 4MATIC SUV at Mercedes-Benz Maple,73711 CAD,New,White,Black,4804,Mercedes-Benz Maple,+1-905-585-9300,"{addr1: '9300 Jane St', city: 'Maple', region: 'Ontario', postal_code: 'L6A 0C5', country: 'CA'}",43.8344170000,-79.5341990000,,,,,https://www.mercedes-benz-maple.ca/privacy-policy.html,New,4804,In stock,,73711 CAD,Free,
W1NKM4HB1TF613023,W1NKM4HB1TF613023,26654586-new,Mercedes-Benz,GLC,GLC 300 4MATIC SUV,2026,AUTOMATIC,SUV,GASOLINE,,"2026 Mercedes-Benz GLC GLC 300 4MATIC SUV, White exterior","[{url:'https://carimages.d2cmedia.ca/newcarimages/en/cb6ab798baca942/Mercedes-Benz/GLC/2026/1200/475038-NE1BVElDIFNVVg/XE9E9E9/front45.png'},{url:'https://carimages.d2cmedia.ca/newcarimages/en/cb6ab798baca942/Mercedes-Benz/GLC/2026/1280/475038/Xe9e9e9/front_45_degree.png'},{url:'https://carimages.d2cmedia.ca/newcarimages/en/cb6ab798baca942/Mercedes-Benz/GLC/2026/2100/475038/Xe9e9e9/front_45_degree.png'},{url:'https://carimages.d2cmedia.ca/newcarimages/en/cb6ab798baca942/Mercedes-Benz/GLC/2026/2100/475038/Xe9e9e9/profile.png'},{url:'https://carimages.d2cmedia.ca/newcarimages/en/cb6ab798baca942/Mercedes-Benz/GLC/2026/2100/475038/Xe9e9e9/back_45_degree.png'},{url:'https://carimages.d2cmedia.ca/newcarimages/en/cb6ab798baca942/Mercedes-Benz/GLC/2026/2100/475038/Xe9e9e9/driver_dashboard.png'},{url:'https://carimages.d2cmedia.ca/newcarimages/en/cb6ab798baca942/Mercedes-Benz/GLC/2026/2100/475038/Xe9e9e9/full_dashboard.png'},{url:'https://carimages.d2cmedia.ca/newcarimages/en/cb6ab798baca942/Mercedes-Benz/GLC/2026/2100/475038/Xe9e9e9/interior_driver_open_seat.png'},{url:'https://carimages.d2cmedia.ca/newcarimages/en/cb6ab798baca942/Mercedes-Benz/GLC/2026/2100/475038/Xe9e9e9/interior_driver_stereo.png'},{url:'https://carimages.d2cmedia.ca/newcarimages/en/cb6ab798baca942/Mercedes-Benz/GLC/2026/2100/475038/Xe9e9e9/interior_driver_reat_seats.png'}]",90,KM,https://www.mercedes-benz-maple.ca/new/inventory/2026-Mercedes_Benz-GLC_300-id13848419.html,2026 Mercedes-Benz GLC GLC 300 4MATIC SUV at Mercedes-Benz Maple,73760 CAD,New,White,Brown,4804,Mercedes-Benz Maple,+1-905-585-9300,"{addr1: '9300 Jane St', city: 'Maple', region: 'Ontario', postal_code: 'L6A 0C5', country: 'CA'}",43.8344170000,-79.5341990000,,,,,https://www.mercedes-benz-maple.ca/privacy-policy.html,New,4804,In stock,,73760 CAD,Free,
W1NKM4HB3VF667779,W1NKM4HB3VF667779,27661480-new,Mercedes-Benz,GLC,GLC 300 4MATIC SUV,2027,AUTOMATIC,SUV,GASOLINE,,"2027 Mercedes-Benz GLC GLC 300 4MATIC SUV, Silver exterior","[{url:'https://carimages.d2cmedia.ca/newcarimages/en/cb6ab798baca942/Mercedes-Benz/GLC/2027/1200/486470-NE1BVElDIFNVVg/XC1C7CC/front45.png'},{url:'https://carimages.d2cmedia.ca/newcarimages/en/cb6ab798baca942/Mercedes-Benz/GLC/2027/1280/486470/Xc1c7cc/front_45_degree.png'},{url:'https://carimages.d2cmedia.ca/newcarimages/en/cb6ab798baca942/Mercedes-Benz/GLC/2027/2100/486470/Xc1c7cc/front_45_degree.png'},{url:'https://carimages.d2cmedia.ca/newcarimages/en/cb6ab798baca942/Mercedes-Benz/GLC/2027/2100/486470/Xc1c7cc/profile.png'},{url:'https://carimages.d2cmedia.ca/newcarimages/en/cb6ab798baca942/Mercedes-Benz/GLC/2027/2100/486470/Xc1c7cc/back_45_degree.png'},{url:'https://carimages.d2cmedia.ca/newcarimages/en/cb6ab798baca942/Mercedes-Benz/GLC/2027/2100/486470/Xc1c7cc/driver_dashboard.png'},{url:'https://carimages.d2cmedia.ca/newcarimages/en/cb6ab798baca942/Mercedes-Benz/GLC/2027/2100/486470/Xc1c7cc/full_dashboard.png'},{url:'https://carimages.d2cmedia.ca/newcarimages/en/cb6ab798baca942/Mercedes-Benz/GLC/2027/2100/486470/Xc1c7cc/interior_driver_open_seat.png'},{url:'https://carimages.d2cmedia.ca/newcarimages/en/cb6ab798baca942/Mercedes-Benz/GLC/2027/2100/486470/Xc1c7cc/interior_driver_stereo.png'},{url:'https://carimages.d2cmedia.ca/newcarimages/en/cb6ab798baca942/Mercedes-Benz/GLC/2027/2100/486470/Xc1c7cc/interior_driver_reat_seats.png'}]",90,KM,https://www.mercedes-benz-maple.ca/new/inventory/2027-Mercedes_Benz-GLC_300-id14368548.html,2027 Mercedes-Benz GLC GLC 300 4MATIC SUV at Mercedes-Benz Maple,74011 CAD,New,Silver,Black,4804,Mercedes-Benz Maple,+1-905-585-9300,"{addr1: '9300 Jane St', city: 'Maple', region: 'Ontario', postal_code: 'L6A 0C5', country: 'CA'}",43.8344170000,-79.5341990000,,,,,https://www.mercedes-benz-maple.ca/privacy-policy.html,New,4804,In stock,,74011 CAD,Free,
W1NKM4HB4TF580843,W1NKM4HB4TF580843,26655344-new,Mercedes-Benz,GLC,GLC 300 4MATIC SUV,2026,AUTOMATIC,SUV,GASOLINE,,"2026 Mercedes-Benz GLC GLC 300 4MATIC SUV, Black exterior","[{url:'https://carimages.d2cmedia.ca/newcarimages/en/cb6ab798baca942/Mercedes-Benz/GLC/2026/1200/475038-NE1BVElDIFNVVg/black/front45.png'},{url:'https://carimages.d2cmedia.ca/newcarimages/en/cb6ab798baca942/Mercedes-Benz/GLC/2026/1280/475038/black/front_45_degree.png'},{url:'https://carimages.d2cmedia.ca/newcarimages/en/cb6ab798baca942/Mercedes-Benz/GLC/2026/2100/475038/black/front_45_degree.png'},{url:'https://carimages.d2cmedia.ca/newcarimages/en/cb6ab798baca942/Mercedes-Benz/GLC/2026/2100/475038/black/profile.png'},{url:'https://carimages.d2cmedia.ca/newcarimages/en/cb6ab798baca942/Mercedes-Benz/GLC/2026/2100/475038/black/back_45_degree.png'},{url:'https://carimages.d2cmedia.ca/newcarimages/en/cb6ab798baca942/Mercedes-Benz/GLC/2026/2100/475038/black/driver_dashboard.png'},{url:'https://carimages.d2cmedia.ca/newcarimages/en/cb6ab798baca942/Mercedes-Benz/GLC/2026/2100/475038/black/full_dashboard.png'},{url:'https://carimages.d2cmedia.ca/newcarimages/en/cb6ab798baca942/Mercedes-Benz/GLC/2026/2100/475038/black/interior_driver_open_seat.png'},{url:'https://carimages.d2cmedia.ca/newcarimages/en/cb6ab798baca942/Mercedes-Benz/GLC/2026/2100/475038/black/interior_driver_stereo.png'},{url:'https://carimages.d2cmedia.ca/newcarimages/en/cb6ab798baca942/Mercedes-Benz/GLC/2026/2100/475038/black/interior_driver_reat_seats.png'}]",90,KM,https://www.mercedes-benz-maple.ca/new/inventory/2026-Mercedes_Benz-GLC_300-id13755921.html,2026 Mercedes-Benz GLC GLC 300 4MATIC SUV at Mercedes-Benz Maple,74260 CAD,New,Black,Black,4804,Mercedes-Benz Maple,+1-905-585-9300,"{addr1: '9300 Jane St', city: 'Maple', region: 'Ontario', postal_code: 'L6A 0C5', country: 'CA'}",43.8344170000,-79.5341990000,,,,,https://www.mercedes-benz-maple.ca/privacy-policy.html,New,4804,In stock,,74260 CAD,Free,
W1NKM4HBXVF674213,W1NKM4HBXVF674213,27663142-new,Mercedes-Benz,GLC,GLC 300 4MATIC SUV,2027,AUTOMATIC,SUV,GASOLINE,,"2027 Mercedes-Benz GLC GLC 300 4MATIC SUV, Black exterior","[{url:'https://carimages.d2cmedia.ca/newcarimages/en/cb6ab798baca942/Mercedes-Benz/GLC/2027/1200/486470-NE1BVElDIFNVVg/black/front45.png'},{url:'https://carimages.d2cmedia.ca/newcarimages/en/cb6ab798baca942/Mercedes-Benz/GLC/2027/1280/486470/black/front_45_degree.png'},{url:'https://carimages.d2cmedia.ca/newcarimages/en/cb6ab798baca942/Mercedes-Benz/GLC/2027/2100/486470/black/front_45_degree.png'},{url:'https://carimages.d2cmedia.ca/newcarimages/en/cb6ab798baca942/Mercedes-Benz/GLC/2027/2100/486470/black/profile.png'},{url:'https://carimages.d2cmedia.ca/newcarimages/en/cb6ab798baca942/Mercedes-Benz/GLC/2027/2100/486470/black/back_45_degree.png'},{url:'https://carimages.d2cmedia.ca/newcarimages/en/cb6ab798baca942/Mercedes-Benz/GLC/2027/2100/486470/black/driver_dashboard.png'},{url:'https://carimages.d2cmedia.ca/newcarimages/en/cb6ab798baca942/Mercedes-Benz/GLC/2027/2100/486470/black/full_dashboard.png'},{url:'https://carimages.d2cmedia.ca/newcarimages/en/cb6ab798baca942/Mercedes-Benz/GLC/2027/2100/486470/black/interior_driver_open_seat.png'},{url:'https://carimages.d2cmedia.ca/newcarimages/en/cb6ab798baca942/Mercedes-Benz/GLC/2027/2100/486470/black/interior_driver_stereo.png'},{url:'https://carimages.d2cmedia.ca/newcarimages/en/cb6ab798baca942/Mercedes-Benz/GLC/2027/2100/486470/black/interior_driver_reat_seats.png'}]",90,KM,https://www.mercedes-benz-maple.ca/new/inventory/2027-Mercedes_Benz-GLC_300-id14362926.html,2027 Mercedes-Benz GLC GLC 300 4MATIC SUV at Mercedes-Benz Maple,74611 CAD,New,Black,Black,4804,Mercedes-Benz Maple,+1-905-585-9300,"{addr1: '9300 Jane St', city: 'Maple', region: 'Ontario', postal_code: 'L6A 0C5', country: 'CA'}",43.8344170000,-79.5341990000,,,,,https://www.mercedes-benz-maple.ca/privacy-policy.html,New,4804,In stock,,74611 CAD,Free,
W1NKM4HB9VF656172,W1NKM4HB9VF656172,27658878-new,Mercedes-Benz,GLC,GLC 300 4MATIC SUV,2027,AUTOMATIC,SUV,GASOLINE,,"2027 Mercedes-Benz GLC GLC 300 4MATIC SUV, Grey exterior","[{url:'https://carimages.d2cmedia.ca/newcarimages/en/cb6ab798baca942/Mercedes-Benz/GLC/2027/1200/486470-NE1BVElDIFNVVg/X9C9AA1/front45.png'},{url:'https://carimages.d2cmedia.ca/newcarimages/en/cb6ab798baca942/Mercedes-Benz/GLC/2027/1280/486470/X9c9aa1/front_45_degree.png'},{url:'https://carimages.d2cmedia.ca/newcarimages/en/cb6ab798baca942/Mercedes-Benz/GLC/2027/2100/486470/X9c9aa1/front_45_degree.png'},{url:'https://carimages.d2cmedia.ca/newcarimages/en/cb6ab798baca942/Mercedes-Benz/GLC/2027/2100/486470/X9c9aa1/profile.png'},{url:'https://carimages.d2cmedia.ca/newcarimages/en/cb6ab798baca942/Mercedes-Benz/GLC/2027/2100/486470/X9c9aa1/back_45_degree.png'},{url:'https://carimages.d2cmedia.ca/newcarimages/en/cb6ab798baca942/Mercedes-Benz/GLC/2027/2100/486470/X9c9aa1/driver_dashboard.png'},{url:'https://carimages.d2cmedia.ca/newcarimages/en/cb6ab798baca942/Mercedes-Benz/GLC/2027/2100/486470/X9c9aa1/full_dashboard.png'},{url:'https://carimages.d2cmedia.ca/newcarimages/en/cb6ab798baca942/Mercedes-Benz/GLC/2027/2100/486470/X9c9aa1/interior_driver_open_seat.png'},{url:'https://carimages.d2cmedia.ca/newcarimages/en/cb6ab798baca942/Mercedes-Benz/GLC/2027/2100/486470/X9c9aa1/interior_driver_stereo.png'},{url:'https://carimages.d2cmedia.ca/newcarimages/en/cb6ab798baca942/Mercedes-Benz/GLC/2027/2100/486470/X9c9aa1/interior_driver_reat_seats.png'}]",90,KM,https://www.mercedes-benz-maple.ca/new/inventory/2027-Mercedes_Benz-GLC_300-id14181634.html,2027 Mercedes-Benz GLC GLC 300 4MATIC SUV at Mercedes-Benz Maple,75211 CAD,New,Grey,Beige,4804,Mercedes-Benz Maple,+1-905-585-9300,"{addr1: '9300 Jane St', city: 'Maple', region: 'Ontario', postal_code: 'L6A 0C5', country: 'CA'}",43.8344170000,-79.5341990000,,,,,https://www.mercedes-benz-maple.ca/privacy-policy.html,New,4804,In stock,,75211 CAD,Free,
W1NKM4HB9VF670119,W1NKM4HB9VF670119,27663134-new,Mercedes-Benz,GLC,GLC 300 4MATIC SUV,2027,AUTOMATIC,SUV,GASOLINE,,"2027 Mercedes-Benz GLC GLC 300 4MATIC SUV, Grey exterior","[{url:'https://carimages.d2cmedia.ca/newcarimages/en/cb6ab798baca942/Mercedes-Benz/GLC/2027/1200/486470-NE1BVElDIFNVVg/X9C9AA1/front45.png'},{url:'https://carimages.d2cmedia.ca/newcarimages/en/cb6ab798baca942/Mercedes-Benz/GLC/2027/1280/486470/X9c9aa1/front_45_degree.png'},{url:'https://carimages.d2cmedia.ca/newcarimages/en/cb6ab798baca942/Mercedes-Benz/GLC/2027/2100/486470/X9c9aa1/front_45_degree.png'},{url:'https://carimages.d2cmedia.ca/newcarimages/en/cb6ab798baca942/Mercedes-Benz/GLC/2027/2100/486470/X9c9aa1/profile.png'},{url:'https://carimages.d2cmedia.ca/newcarimages/en/cb6ab798baca942/Mercedes-Benz/GLC/2027/2100/486470/X9c9aa1/back_45_degree.png'},{url:'https://carimages.d2cmedia.ca/newcarimages/en/cb6ab798baca942/Mercedes-Benz/GLC/2027/2100/486470/X9c9aa1/driver_dashboard.png'},{url:'https://carimages.d2cmedia.ca/newcarimages/en/cb6ab798baca942/Mercedes-Benz/GLC/2027/2100/486470/X9c9aa1/full_dashboard.png'},{url:'https://carimages.d2cmedia.ca/newcarimages/en/cb6ab798baca942/Mercedes-Benz/GLC/2027/2100/486470/X9c9aa1/interior_driver_open_seat.png'},{url:'https://carimages.d2cmedia.ca/newcarimages/en/cb6ab798baca942/Mercedes-Benz/GLC/2027/2100/486470/X9c9aa1/interior_driver_stereo.png'},{url:'https://carimages.d2cmedia.ca/newcarimages/en/cb6ab798baca942/Mercedes-Benz/GLC/2027/2100/486470/X9c9aa1/interior_driver_reat_seats.png'}]",90,KM,https://www.mercedes-benz-maple.ca/new/inventory/2027-Mercedes_Benz-GLC_300-id14357144.html,2027 Mercedes-Benz GLC GLC 300 4MATIC SUV at Mercedes-Benz Maple,75211 CAD,New,Grey,Black,4804,Mercedes-Benz Maple,+1-905-585-9300,"{addr1: '9300 Jane St', city: 'Maple', region: 'Ontario', postal_code: 'L6A 0C5', country: 'CA'}",43.8344170000,-79.5341990000,,,,,https://www.mercedes-benz-maple.ca/privacy-policy.html,New,4804,In stock,,75211 CAD,Free,
W1NKM4HB3VF651162,W1NKM4HB3VF651162,27658510-new,Mercedes-Benz,GLC,GLC 300 4MATIC SUV,2027,AUTOMATIC,SUV,GASOLINE,,"2027 Mercedes-Benz GLC GLC 300 4MATIC SUV, Grey exterior","[{url:'https://carimages.d2cmedia.ca/newcarimages/en/cb6ab798baca942/Mercedes-Benz/GLC/2027/1200/486470-NE1BVElDIFNVVg/X9C9AA1/front45.png'},{url:'https://carimages.d2cmedia.ca/newcarimages/en/cb6ab798baca942/Mercedes-Benz/GLC/2027/1280/486470/X9c9aa1/front_45_degree.png'},{url:'https://carimages.d2cmedia.ca/newcarimages/en/cb6ab798baca942/Mercedes-Benz/GLC/2027/2100/486470/X9c9aa1/front_45_degree.png'},{url:'https://carimages.d2cmedia.ca/newcarimages/en/cb6ab798baca942/Mercedes-Benz/GLC/2027/2100/486470/X9c9aa1/profile.png'},{url:'https://carimages.d2cmedia.ca/newcarimages/en/cb6ab798baca942/Mercedes-Benz/GLC/2027/2100/486470/X9c9aa1/back_45_degree.png'},{url:'https://carimages.d2cmedia.ca/newcarimages/en/cb6ab798baca942/Mercedes-Benz/GLC/2027/2100/486470/X9c9aa1/driver_dashboard.png'},{url:'https://carimages.d2cmedia.ca/newcarimages/en/cb6ab798baca942/Mercedes-Benz/GLC/2027/2100/486470/X9c9aa1/full_dashboard.png'},{url:'https://carimages.d2cmedia.ca/newcarimages/en/cb6ab798baca942/Mercedes-Benz/GLC/2027/2100/486470/X9c9aa1/interior_driver_open_seat.png'},{url:'https://carimages.d2cmedia.ca/newcarimages/en/cb6ab798baca942/Mercedes-Benz/GLC/2027/2100/486470/X9c9aa1/interior_driver_stereo.png'},{url:'https://carimages.d2cmedia.ca/newcarimages/en/cb6ab798baca942/Mercedes-Benz/GLC/2027/2100/486470/X9c9aa1/interior_driver_reat_seats.png'}]",90,KM,https://www.mercedes-benz-maple.ca/new/inventory/2027-Mercedes_Benz-GLC_300-id14368545.html,2027 Mercedes-Benz GLC GLC 300 4MATIC SUV at Mercedes-Benz Maple,75211 CAD,New,Grey,Beige,4804,Mercedes-Benz Maple,+1-905-585-9300,"{addr1: '9300 Jane St', city: 'Maple', region: 'Ontario', postal_code: 'L6A 0C5', country: 'CA'}",43.8344170000,-79.5341990000,,,,,https://www.mercedes-benz-maple.ca/privacy-policy.html,New,4804,In stock,,75211 CAD,Free,
W1NKM4HB9VF664532,W1NKM4HB9VF664532,27661455-new,Mercedes-Benz,GLC,GLC 300 4MATIC SUV,2027,AUTOMATIC,SUV,GASOLINE,,"2027 Mercedes-Benz GLC GLC 300 4MATIC SUV, Black exterior","[{url:'https://carimages.d2cmedia.ca/newcarimages/en/cb6ab798baca942/Mercedes-Benz/GLC/2027/1200/486470-NE1BVElDIFNVVg/black/front45.png'},{url:'https://carimages.d2cmedia.ca/newcarimages/en/cb6ab798baca942/Mercedes-Benz/GLC/2027/1280/486470/black/front_45_degree.png'},{url:'https://carimages.d2cmedia.ca/newcarimages/en/cb6ab798baca942/Mercedes-Benz/GLC/2027/2100/486470/black/front_45_degree.png'},{url:'https://carimages.d2cmedia.ca/newcarimages/en/cb6ab798baca942/Mercedes-Benz/GLC/2027/2100/486470/black/profile.png'},{url:'https://carimages.d2cmedia.ca/newcarimages/en/cb6ab798baca942/Mercedes-Benz/GLC/2027/2100/486470/black/back_45_degree.png'},{url:'https://carimages.d2cmedia.ca/newcarimages/en/cb6ab798baca942/Mercedes-Benz/GLC/2027/2100/486470/black/driver_dashboard.png'},{url:'https://carimages.d2cmedia.ca/newcarimages/en/cb6ab798baca942/Mercedes-Benz/GLC/2027/2100/486470/black/full_dashboard.png'},{url:'https://carimages.d2cmedia.ca/newcarimages/en/cb6ab798baca942/Mercedes-Benz/GLC/2027/2100/486470/black/interior_driver_open_seat.png'},{url:'https://carimages.d2cmedia.ca/newcarimages/en/cb6ab798baca942/Mercedes-Benz/GLC/2027/2100/486470/black/interior_driver_stereo.png'},{url:'https://carimages.d2cmedia.ca/newcarimages/en/cb6ab798baca942/Mercedes-Benz/GLC/2027/2100/486470/black/interior_driver_reat_seats.png'}]",90,KM,https://www.mercedes-benz-maple.ca/new/inventory/2027-Mercedes_Benz-GLC_300-id14276952.html,2027 Mercedes-Benz GLC GLC 300 4MATIC SUV at Mercedes-Benz Maple,75411 CAD,New,Black,Beige,4804,Mercedes-Benz Maple,+1-905-585-9300,"{addr1: '9300 Jane St', city: 'Maple', region: 'Ontario', postal_code: 'L6A 0C5', country: 'CA'}",43.8344170000,-79.5341990000,,,,,https://www.mercedes-benz-maple.ca/privacy-policy.html,New,4804,In stock,,75411 CAD,Free,
W1NKM4HB0VF661485,W1NKM4HB0VF661485,27661473-new,Mercedes-Benz,GLC,GLC 300 4MATIC SUV,2027,AUTOMATIC,SUV,GASOLINE,,"2027 Mercedes-Benz GLC GLC 300 4MATIC SUV, Grey exterior","[{url:'https://carimages.d2cmedia.ca/newcarimages/en/cb6ab798baca942/Mercedes-Benz/GLC/2027/1200/486470-NE1BVElDIFNVVg/X9C9AA1/front45.png'},{url:'https://carimages.d2cmedia.ca/newcarimages/en/cb6ab798baca942/Mercedes-Benz/GLC/2027/1280/486470/X9c9aa1/front_45_degree.png'},{url:'https://carimages.d2cmedia.ca/newcarimages/en/cb6ab798baca942/Mercedes-Benz/GLC/2027/2100/486470/X9c9aa1/front_45_degree.png'},{url:'https://carimages.d2cmedia.ca/newcarimages/en/cb6ab798baca942/Mercedes-Benz/GLC/2027/2100/486470/X9c9aa1/profile.png'},{url:'https://carimages.d2cmedia.ca/newcarimages/en/cb6ab798baca942/Mercedes-Benz/GLC/2027/2100/486470/X9c9aa1/back_45_degree.png'},{url:'https://carimages.d2cmedia.ca/newcarimages/en/cb6ab798baca942/Mercedes-Benz/GLC/2027/2100/486470/X9c9aa1/driver_dashboard.png'},{url:'https://carimages.d2cmedia.ca/newcarimages/en/cb6ab798baca942/Mercedes-Benz/GLC/2027/2100/486470/X9c9aa1/full_dashboard.png'},{url:'https://carimages.d2cmedia.ca/newcarimages/en/cb6ab798baca942/Mercedes-Benz/GLC/2027/2100/486470/X9c9aa1/interior_driver_open_seat.png'},{url:'https://carimages.d2cmedia.ca/newcarimages/en/cb6ab798baca942/Mercedes-Benz/GLC/2027/2100/486470/X9c9aa1/interior_driver_stereo.png'},{url:'https://carimages.d2cmedia.ca/newcarimages/en/cb6ab798baca942/Mercedes-Benz/GLC/2027/2100/486470/X9c9aa1/interior_driver_reat_seats.png'}]",90,KM,https://www.mercedes-benz-maple.ca/new/inventory/2027-Mercedes_Benz-GLC_300-id14258893.html,2027 Mercedes-Benz GLC GLC 300 4MATIC SUV at Mercedes-Benz Maple,75511 CAD,New,Grey,Beige,4804,Mercedes-Benz Maple,+1-905-585-9300,"{addr1: '9300 Jane St', city: 'Maple', region: 'Ontario', postal_code: 'L6A 0C5', country: 'CA'}",43.8344170000,-79.5341990000,,,,,https://www.mercedes-benz-maple.ca/privacy-policy.html,New,4804,In stock,,75511 CAD,Free,
W1NKJ4HB6VF668594,W1NKJ4HB6VF668594,27661023-new,Mercedes-Benz,GLC,GLC 300 4MATIC Coupe,2027,AUTOMATIC,COUPE,GASOLINE,,"2027 Mercedes-Benz GLC GLC 300 4MATIC Coupe, Black exterior","[{url:'https://carimages.d2cmedia.ca/newcarimages/en/cb6ab798baca942/Mercedes-Benz/GLC/2027/1200/486762-NE1BVElDIENvdXBl/black/front45.png'},{url:'https://carimages.d2cmedia.ca/newcarimages/en/cb6ab798baca942/Mercedes-Benz/GLC/2027/1280/486762/black/front_45_degree.png'},{url:'https://carimages.d2cmedia.ca/newcarimages/en/cb6ab798baca942/Mercedes-Benz/GLC/2027/2100/486762/black/front_45_degree.png'},{url:'https://carimages.d2cmedia.ca/newcarimages/en/cb6ab798baca942/Mercedes-Benz/GLC/2027/2100/486762/black/profile.png'},{url:'https://carimages.d2cmedia.ca/newcarimages/en/cb6ab798baca942/Mercedes-Benz/GLC/2027/2100/486762/black/full_dashboard.png'}]",90,KM,https://www.mercedes-benz-maple.ca/new/inventory/2027-Mercedes_Benz-GLC_300-id14368547.html,2027 Mercedes-Benz GLC GLC 300 4MATIC Coupe at Mercedes-Benz Maple,75611 CAD,New,Black,Black,4804,Mercedes-Benz Maple,+1-905-585-9300,"{addr1: '9300 Jane St', city: 'Maple', region: 'Ontario', postal_code: 'L6A 0C5', country: 'CA'}",43.8344170000,-79.5341990000,,,,,https://www.mercedes-benz-maple.ca/privacy-policy.html,New,4804,In stock,,75611 CAD,Free,
W1NKM4HB4TF549298,W1NKM4HB4TF549298,26523281-new,Mercedes-Benz,GLC,GLC 300 4MATIC SUV,2026,AUTOMATIC,SUV,GASOLINE,,"2026 Mercedes-Benz GLC GLC 300 4MATIC SUV, White exterior","[{url:'https://imagescdn.d2cmedia.ca/cb6ab798baca942/4804/13345828/1/Mercedes_Benz-GLC-2026.jpg'},{url:'https://imagescdn.d2cmedia.ca/s86ab798baca942/4804/13345828/1/Mercedes_Benz-GLC_300-2026.jpg'},{url:'https://imagescdn.d2cmedia.ca/cb6ab798baca942/4804/13345828/1/Mercedes_Benz-GLC_300-2026.jpg'},{url:'https://imagescdn.d2cmedia.ca/cb6ab798baca942/4804/13345828/2/Mercedes_Benz-GLC_300-2026.jpg'},{url:'https://imagescdn.d2cmedia.ca/cb6ab798baca942/4804/13345828/3/Mercedes_Benz-GLC_300-2026.jpg'},{url:'https://imagescdn.d2cmedia.ca/cb6ab798baca942/4804/13345828/4/Mercedes_Benz-GLC_300-2026.jpg'},{url:'https://imagescdn.d2cmedia.ca/cb6ab798baca942/4804/13345828/5/Mercedes_Benz-GLC_300-2026.jpg'},{url:'https://imagescdn.d2cmedia.ca/cb6ab798baca942/4804/13345828/6/Mercedes_Benz-GLC_300-2026.jpg'},{url:'https://imagescdn.d2cmedia.ca/cb6ab798baca942/4804/13345828/7/Mercedes_Benz-GLC_300-2026.jpg'},{url:'https://imagescdn.d2cmedia.ca/cb6ab798baca942/4804/13345828/8/Mercedes_Benz-GLC_300-2026.jpg'}]",90,KM,https://www.mercedes-benz-maple.ca/new/inventory/2026-Mercedes_Benz-GLC_300-id13345828.html,2026 Mercedes-Benz GLC GLC 300 4MATIC SUV at Mercedes-Benz Maple,76161 CAD,New,White,Black,4804,Mercedes-Benz Maple,+1-905-585-9300,"{addr1: '9300 Jane St', city: 'Maple', region: 'Ontario', postal_code: 'L6A 0C5', country: 'CA'}",43.8344170000,-79.5341990000,,,,,https://www.mercedes-benz-maple.ca/privacy-policy.html,New,4804,In stock,,76161 CAD,Free,
W1NKM4HB6TF541008,W1NKM4HB6TF541008,26522933-new,Mercedes-Benz,GLC,GLC 300 4MATIC SUV,2026,AUTOMATIC,SUV,GASOLINE,,"2026 Mercedes-Benz GLC GLC 300 4MATIC SUV, White exterior","[{url:'https://carimages.d2cmedia.ca/newcarimages/en/cb6ab798baca942/Mercedes-Benz/GLC/2026/1200/475038-NE1BVElDIFNVVg/XE9E9E9/front45.png'},{url:'https://carimages.d2cmedia.ca/newcarimages/en/cb6ab798baca942/Mercedes-Benz/GLC/2026/1280/475038/Xe9e9e9/front_45_degree.png'},{url:'https://carimages.d2cmedia.ca/newcarimages/en/cb6ab798baca942/Mercedes-Benz/GLC/2026/2100/475038/Xe9e9e9/front_45_degree.png'},{url:'https://carimages.d2cmedia.ca/newcarimages/en/cb6ab798baca942/Mercedes-Benz/GLC/2026/2100/475038/Xe9e9e9/profile.png'},{url:'https://carimages.d2cmedia.ca/newcarimages/en/cb6ab798baca942/Mercedes-Benz/GLC/2026/2100/475038/Xe9e9e9/back_45_degree.png'},{url:'https://carimages.d2cmedia.ca/newcarimages/en/cb6ab798baca942/Mercedes-Benz/GLC/2026/2100/475038/Xe9e9e9/driver_dashboard.png'},{url:'https://carimages.d2cmedia.ca/newcarimages/en/cb6ab798baca942/Mercedes-Benz/GLC/2026/2100/475038/Xe9e9e9/full_dashboard.png'},{url:'https://carimages.d2cmedia.ca/newcarimages/en/cb6ab798baca942/Mercedes-Benz/GLC/2026/2100/475038/Xe9e9e9/interior_driver_open_seat.png'},{url:'https://carimages.d2cmedia.ca/newcarimages/en/cb6ab798baca942/Mercedes-Benz/GLC/2026/2100/475038/Xe9e9e9/interior_driver_stereo.png'},{url:'https://carimages.d2cmedia.ca/newcarimages/en/cb6ab798baca942/Mercedes-Benz/GLC/2026/2100/475038/Xe9e9e9/interior_driver_reat_seats.png'}]",90,KM,https://www.mercedes-benz-maple.ca/new/inventory/2026-Mercedes_Benz-GLC_300-id14424019.html,2026 Mercedes-Benz GLC GLC 300 4MATIC SUV at Mercedes-Benz Maple,76161 CAD,New,White,Black,4804,Mercedes-Benz Maple,+1-905-585-9300,"{addr1: '9300 Jane St', city: 'Maple', region: 'Ontario', postal_code: 'L6A 0C5', country: 'CA'}",43.8344170000,-79.5341990000,,,,,https://www.mercedes-benz-maple.ca/privacy-policy.html,New,4804,In stock,,76161 CAD,Free,
W1NKM4HB2VF675887,W1NKM4HB2VF675887,27663126-new,Mercedes-Benz,GLC,GLC 300 4MATIC SUV,2027,AUTOMATIC,SUV,GASOLINE,,"2027 Mercedes-Benz GLC GLC 300 4MATIC SUV, White exterior","[{url:'https://carimages.d2cmedia.ca/newcarimages/en/cb6ab798baca942/Mercedes-Benz/GLC/2027/1200/486470-NE1BVElDIFNVVg/XE9E9E9/front45.png'},{url:'https://carimages.d2cmedia.ca/newcarimages/fr/cb6ab798baca942/Mercedes-Benz/GLC/2027/640/486470-NE1BVElDIFNVVg/Xe9e9e9/front_45_degree.png'},{url:'https://carimages.d2cmedia.ca/newcarimages/fr/cb6ab798baca942/Mercedes-Benz/GLC/2027/2100/486470-NE1BVElDIFNVVg/Xe9e9e9/front_45_degree.png'}]",90,KM,https://www.mercedes-benz-maple.ca/new/inventory/2027-Mercedes_Benz-GLC_300-id14416629.html,2027 Mercedes-Benz GLC GLC 300 4MATIC SUV at Mercedes-Benz Maple,76211 CAD,New,White,Beige,4804,Mercedes-Benz Maple,+1-905-585-9300,"{addr1: '9300 Jane St', city: 'Maple', region: 'Ontario', postal_code: 'L6A 0C5', country: 'CA'}",43.8344170000,-79.5341990000,,,,,https://www.mercedes-benz-maple.ca/privacy-policy.html,New,4804,In stock,,76211 CAD,Free,
W1NKM4HB9VF656754,W1NKM4HB9VF656754,27658883-new,Mercedes-Benz,GLC,GLC 300 4MATIC SUV,2027,AUTOMATIC,SUV,GASOLINE,,"2027 Mercedes-Benz GLC GLC 300 4MATIC SUV, Black exterior","[{url:'https://carimages.d2cmedia.ca/newcarimages/en/cb6ab798baca942/Mercedes-Benz/GLC/2027/1200/486470-NE1BVElDIFNVVg/black/front45.png'},{url:'https://carimages.d2cmedia.ca/newcarimages/en/cb6ab798baca942/Mercedes-Benz/GLC/2027/1280/486470/black/front_45_degree.png'},{url:'https://carimages.d2cmedia.ca/newcarimages/en/cb6ab798baca942/Mercedes-Benz/GLC/2027/2100/486470/black/front_45_degree.png'},{url:'https://carimages.d2cmedia.ca/newcarimages/en/cb6ab798baca942/Mercedes-Benz/GLC/2027/2100/486470/black/profile.png'},{url:'https://carimages.d2cmedia.ca/newcarimages/en/cb6ab798baca942/Mercedes-Benz/GLC/2027/2100/486470/black/back_45_degree.png'},{url:'https://carimages.d2cmedia.ca/newcarimages/en/cb6ab798baca942/Mercedes-Benz/GLC/2027/2100/486470/black/driver_dashboard.png'},{url:'https://carimages.d2cmedia.ca/newcarimages/en/cb6ab798baca942/Mercedes-Benz/GLC/2027/2100/486470/black/full_dashboard.png'},{url:'https://carimages.d2cmedia.ca/newcarimages/en/cb6ab798baca942/Mercedes-Benz/GLC/2027/2100/486470/black/interior_driver_open_seat.png'},{url:'https://carimages.d2cmedia.ca/newcarimages/en/cb6ab798baca942/Mercedes-Benz/GLC/2027/2100/486470/black/interior_driver_stereo.png'},{url:'https://carimages.d2cmedia.ca/newcarimages/en/cb6ab798baca942/Mercedes-Benz/GLC/2027/2100/486470/black/interior_driver_reat_seats.png'}]",90,KM,https://www.mercedes-benz-maple.ca/new/inventory/2027-Mercedes_Benz-GLC_300-id14169257.html,2027 Mercedes-Benz GLC GLC 300 4MATIC SUV at Mercedes-Benz Maple,76411 CAD,New,Black,Black,4804,Mercedes-Benz Maple,+1-905-585-9300,"{addr1: '9300 Jane St', city: 'Maple', region: 'Ontario', postal_code: 'L6A 0C5', country: 'CA'}",43.8344170000,-79.5341990000,,,,,https://www.mercedes-benz-maple.ca/privacy-policy.html,New,4804,In stock,,76411 CAD,Free,
W1NKM4HB1VF657249,W1NKM4HB1VF657249,27658884-new,Mercedes-Benz,GLC,GLC 300 4MATIC SUV,2027,AUTOMATIC,SUV,GASOLINE,,"2027 Mercedes-Benz GLC GLC 300 4MATIC SUV, Black exterior","[{url:'https://carimages.d2cmedia.ca/newcarimages/en/cb6ab798baca942/Mercedes-Benz/GLC/2027/1200/486470-NE1BVElDIFNVVg/black/front45.png'},{url:'https://carimages.d2cmedia.ca/newcarimages/en/cb6ab798baca942/Mercedes-Benz/GLC/2027/1280/486470/black/front_45_degree.png'},{url:'https://carimages.d2cmedia.ca/newcarimages/en/cb6ab798baca942/Mercedes-Benz/GLC/2027/2100/486470/black/front_45_degree.png'},{url:'https://carimages.d2cmedia.ca/newcarimages/en/cb6ab798baca942/Mercedes-Benz/GLC/2027/2100/486470/black/profile.png'},{url:'https://carimages.d2cmedia.ca/newcarimages/en/cb6ab798baca942/Mercedes-Benz/GLC/2027/2100/486470/black/back_45_degree.png'},{url:'https://carimages.d2cmedia.ca/newcarimages/en/cb6ab798baca942/Mercedes-Benz/GLC/2027/2100/486470/black/driver_dashboard.png'},{url:'https://carimages.d2cmedia.ca/newcarimages/en/cb6ab798baca942/Mercedes-Benz/GLC/2027/2100/486470/black/full_dashboard.png'},{url:'https://carimages.d2cmedia.ca/newcarimages/en/cb6ab798baca942/Mercedes-Benz/GLC/2027/2100/486470/black/interior_driver_open_seat.png'},{url:'https://carimages.d2cmedia.ca/newcarimages/en/cb6ab798baca942/Mercedes-Benz/GLC/2027/2100/486470/black/interior_driver_stereo.png'},{url:'https://carimages.d2cmedia.ca/newcarimages/en/cb6ab798baca942/Mercedes-Benz/GLC/2027/2100/486470/black/interior_driver_reat_seats.png'}]",90,KM,https://www.mercedes-benz-maple.ca/new/inventory/2027-Mercedes_Benz-GLC_300-id14169258.html,2027 Mercedes-Benz GLC GLC 300 4MATIC SUV at Mercedes-Benz Maple,76711 CAD,New,Black,Black,4804,Mercedes-Benz Maple,+1-905-585-9300,"{addr1: '9300 Jane St', city: 'Maple', region: 'Ontario', postal_code: 'L6A 0C5', country: 'CA'}",43.8344170000,-79.5341990000,,,,,https://www.mercedes-benz-maple.ca/privacy-policy.html,New,4804,In stock,,76711 CAD,Free,
W1NKM4HB1VF656411,W1NKM4HB1VF656411,27658875-new,Mercedes-Benz,GLC,GLC 300 4MATIC SUV,2027,AUTOMATIC,SUV,GASOLINE,,"2027 Mercedes-Benz GLC GLC 300 4MATIC SUV, Black exterior","[{url:'https://carimages.d2cmedia.ca/newcarimages/en/cb6ab798baca942/Mercedes-Benz/GLC/2027/1200/486470-NE1BVElDIFNVVg/black/front45.png'},{url:'https://carimages.d2cmedia.ca/newcarimages/en/cb6ab798baca942/Mercedes-Benz/GLC/2027/1280/486470/black/front_45_degree.png'},{url:'https://carimages.d2cmedia.ca/newcarimages/en/cb6ab798baca942/Mercedes-Benz/GLC/2027/2100/486470/black/front_45_degree.png'},{url:'https://carimages.d2cmedia.ca/newcarimages/en/cb6ab798baca942/Mercedes-Benz/GLC/2027/2100/486470/black/profile.png'},{url:'https://carimages.d2cmedia.ca/newcarimages/en/cb6ab798baca942/Mercedes-Benz/GLC/2027/2100/486470/black/back_45_degree.png'},{url:'https://carimages.d2cmedia.ca/newcarimages/en/cb6ab798baca942/Mercedes-Benz/GLC/2027/2100/486470/black/driver_dashboard.png'},{url:'https://carimages.d2cmedia.ca/newcarimages/en/cb6ab798baca942/Mercedes-Benz/GLC/2027/2100/486470/black/full_dashboard.png'},{url:'https://carimages.d2cmedia.ca/newcarimages/en/cb6ab798baca942/Mercedes-Benz/GLC/2027/2100/486470/black/interior_driver_open_seat.png'},{url:'https://carimages.d2cmedia.ca/newcarimages/en/cb6ab798baca942/Mercedes-Benz/GLC/2027/2100/486470/black/interior_driver_stereo.png'},{url:'https://carimages.d2cmedia.ca/newcarimages/en/cb6ab798baca942/Mercedes-Benz/GLC/2027/2100/486470/black/interior_driver_reat_seats.png'}]",90,KM,https://www.mercedes-benz-maple.ca/new/inventory/2027-Mercedes_Benz-GLC_300-id14181631.html,2027 Mercedes-Benz GLC GLC 300 4MATIC SUV at Mercedes-Benz Maple,76711 CAD,New,Black,Gray,4804,Mercedes-Benz Maple,+1-905-585-9300,"{addr1: '9300 Jane St', city: 'Maple', region: 'Ontario', postal_code: 'L6A 0C5', country: 'CA'}",43.8344170000,-79.5341990000,,,,,https://www.mercedes-benz-maple.ca/privacy-policy.html,New,4804,In stock,,76711 CAD,Free,
W1Y4KBHY7TP953247,W1Y4KBHY7TP953247,26661596-new,Mercedes-Benz,Sprinter Cargo Van,"2500 Standard Roof I4 Diesel 144""",2026,AUTOMATIC,VAN,GASOLINE,,"2026 Mercedes-Benz Sprinter Cargo Van 2500 Standard Roof I4 Diesel 144"", White exterior","[{url:'https://imagescdn.d2cmedia.ca/cbf6c09f586d4accdd0bf78c3890b9faa0/4804/14436058/1/Mercedes_Benz-Sprinter Cargo Van-2026.jpg'},{url:'https://imagescdn.d2cmedia.ca/s8f6c09f586d4accdd0bf78c3890b9faa0/4804/14436058/1/Mercedes_Benz-Sprinter_Cargo_Van-2026.jpg'},{url:'https://imagescdn.d2cmedia.ca/cbf6c09f586d4accdd0bf78c3890b9faa0/4804/14436058/1/Mercedes_Benz-Sprinter_Cargo_Van-2026.jpg'},{url:'https://imagescdn.d2cmedia.ca/cbf6c09f586d4accdd0bf78c3890b9faa0/4804/14436058/2/Mercedes_Benz-Sprinter_Cargo_Van-2026.jpg'},{url:'https://imagescdn.d2cmedia.ca/cbf6c09f586d4accdd0bf78c3890b9faa0/4804/14436058/3/Mercedes_Benz-Sprinter_Cargo_Van-2026.jpg'},{url:'https://imagescdn.d2cmedia.ca/cbf6c09f586d4accdd0bf78c3890b9faa0/4804/14436058/4/Mercedes_Benz-Sprinter_Cargo_Van-2026.jpg'},{url:'https://imagescdn.d2cmedia.ca/cbf6c09f586d4accdd0bf78c3890b9faa0/4804/14436058/5/Mercedes_Benz-Sprinter_Cargo_Van-2026.jpg'},{url:'https://imagescdn.d2cmedia.ca/cbf6c09f586d4accdd0bf78c3890b9faa0/4804/14436058/6/Mercedes_Benz-Sprinter_Cargo_Van-2026.jpg'},{url:'https://imagescdn.d2cmedia.ca/cbf6c09f586d4accdd0bf78c3890b9faa0/4804/14436058/7/Mercedes_Benz-Sprinter_Cargo_Van-2026.jpg'},{url:'https://imagescdn.d2cmedia.ca/cbf6c09f586d4accdd0bf78c3890b9faa0/4804/14436058/8/Mercedes_Benz-Sprinter_Cargo_Van-2026.jpg'}]",90,KM,https://www.mercedes-benz-maple.ca/new/inventory/2026-Mercedes_Benz-Sprinter_Cargo_Van-id14436058.html,"2026 Mercedes-Benz Sprinter Cargo Van 2500 Standard Roof I4 Diesel 144"" at Mercedes-Benz Maple",85548 CAD,New,White,Black,4804,Mercedes-Benz Maple,+1-905-585-9300,"{addr1: '9300 Jane St', city: 'Maple', region: 'Ontario', postal_code: 'L6A 0C5', country: 'CA'}",43.8344170000,-79.5341990000,,,,,https://www.mercedes-benz-maple.ca/privacy-policy.html,New,4804,In stock,,85548 CAD,Free,
W1Y4NBHY0TP877443,W1Y4NBHY0TP877443,26505700-new,Mercedes-Benz,Sprinter Cargo Van,"2500 Standard Roof I4 Diesel HO 144""",2026,AUTOMATIC,VAN,GASOLINE,,"2026 Mercedes-Benz Sprinter Cargo Van 2500 Standard Roof I4 Diesel HO 144"", White exterior","[{url:'https://imagescdn.d2cmedia.ca/cb6ab798baca942/4804/13306414/1/Mercedes_Benz-Sprinter Cargo Van-2026.jpg'},{url:'https://imagescdn.d2cmedia.ca/s86ab798baca942/4804/13306414/1/Mercedes_Benz-Sprinter_Cargo_Van-2026.jpg'},{url:'https://imagescdn.d2cmedia.ca/cb6ab798baca942/4804/13306414/1/Mercedes_Benz-Sprinter_Cargo_Van-2026.jpg'},{url:'https://imagescdn.d2cmedia.ca/cb6ab798baca942/4804/13306414/2/Mercedes_Benz-Sprinter_Cargo_Van-2026.jpg'},{url:'https://imagescdn.d2cmedia.ca/cb6ab798baca942/4804/13306414/3/Mercedes_Benz-Sprinter_Cargo_Van-2026.jpg'},{url:'https://imagescdn.d2cmedia.ca/cb6ab798baca942/4804/13306414/4/Mercedes_Benz-Sprinter_Cargo_Van-2026.jpg'},{url:'https://imagescdn.d2cmedia.ca/cb6ab798baca942/4804/13306414/5/Mercedes_Benz-Sprinter_Cargo_Van-2026.jpg'},{url:'https://imagescdn.d2cmedia.ca/cb6ab798baca942/4804/13306414/6/Mercedes_Benz-Sprinter_Cargo_Van-2026.jpg'},{url:'https://imagescdn.d2cmedia.ca/cb6ab798baca942/4804/13306414/7/Mercedes_Benz-Sprinter_Cargo_Van-2026.jpg'},{url:'https://imagescdn.d2cmedia.ca/cb6ab798baca942/4804/13306414/8/Mercedes_Benz-Sprinter_Cargo_Van-2026.jpg'}]",90,KM,https://www.mercedes-benz-maple.ca/new/inventory/2026-Mercedes_Benz-Sprinter_Cargo_Van-id13306414.html,"2026 Mercedes-Benz Sprinter Cargo Van 2500 Standard Roof I4 Diesel HO 144"" at Mercedes-Benz Maple",85585 CAD,New,White,Black,4804,Mercedes-Benz Maple,+1-905-585-9300,"{addr1: '9300 Jane St', city: 'Maple', region: 'Ontario', postal_code: 'L6A 0C5', country: 'CA'}",43.8344170000,-79.5341990000,,,,,https://www.mercedes-benz-maple.ca/privacy-policy.html,New,4804,In stock,,85585 CAD,Free,
W1Y4NBHY4TP942729,W1Y4NBHY4TP942729,26660287-new,Mercedes-Benz,Sprinter Cargo Van,"2500 Standard Roof I4 Diesel HO 144""",2026,AUTOMATIC,VAN,GASOLINE,,"2026 Mercedes-Benz Sprinter Cargo Van 2500 Standard Roof I4 Diesel HO 144"", White exterior","[{url:'https://carimages.d2cmedia.ca/newcarimages/en/cb6ab798baca942/Mercedes-Benz/Sprinter Cargo Van/2026/1200/480583-MjUwMCBTdGFuZGFyZCBSb29mIEk0IERpZXNlbCBITyAxNDQ/XDBDBDB/front45.png'},{url:'https://carimages.d2cmedia.ca/newcarimages/en/cb6ab798baca942/Mercedes-Benz/Sprinter Cargo Van/2026/1280/480583/Xdbdbdb/front_45_degree.png'},{url:'https://carimages.d2cmedia.ca/newcarimages/en/cb6ab798baca942/Mercedes-Benz/Sprinter Cargo Van/2026/2100/480583/Xdbdbdb/front_45_degree.png'},{url:'https://carimages.d2cmedia.ca/newcarimages/en/cb6ab798baca942/Mercedes-Benz/Sprinter Cargo Van/2026/2100/480583/Xdbdbdb/profile.png'},{url:'https://carimages.d2cmedia.ca/newcarimages/en/cb6ab798baca942/Mercedes-Benz/Sprinter Cargo Van/2026/2100/480583/Xdbdbdb/back_45_degree.png'},{url:'https://carimages.d2cmedia.ca/newcarimages/en/cb6ab798baca942/Mercedes-Benz/Sprinter Cargo Van/2026/2100/480583/Xdbdbdb/driver_dashboard.png'},{url:'https://carimages.d2cmedia.ca/newcarimages/en/cb6ab798baca942/Mercedes-Benz/Sprinter Cargo Van/2026/2100/480583/Xdbdbdb/full_dashboard.png'},{url:'https://carimages.d2cmedia.ca/newcarimages/en/cb6ab798baca942/Mercedes-Benz/Sprinter Cargo Van/2026/2100/480583/Xdbdbdb/interior_driver_open_seat.png'},{url:'https://carimages.d2cmedia.ca/newcarimages/en/cb6ab798baca942/Mercedes-Benz/Sprinter Cargo Van/2026/2100/480583/Xdbdbdb/interior_driver_stereo.png'},{url:'https://carimages.d2cmedia.ca/newcarimages/en/cb6ab798baca942/Mercedes-Benz/Sprinter Cargo Van/2026/2100/480583/Xdbdbdb/interior_passenger_dash.png'}]",90,KM,https://www.mercedes-benz-maple.ca/new/inventory/2026-Mercedes_Benz-Sprinter_Cargo_Van-id14144397.html,"2026 Mercedes-Benz Sprinter Cargo Van 2500 Standard Roof I4 Diesel HO 144"" at Mercedes-Benz Maple",85650 CAD,New,White,Black,4804,Mercedes-Benz Maple,+1-905-585-9300,"{addr1: '9300 Jane St', city: 'Maple', region: 'Ontario', postal_code: 'L6A 0C5', country: 'CA'}",43.8344170000,-79.5341990000,,,,,https://www.mercedes-benz-maple.ca/privacy-policy.html,New,4804,In stock,,85650 CAD,Free,
W1Y4NBHY6TP941517,W1Y4NBHY6TP941517,26660511-new,Mercedes-Benz,Sprinter Cargo Van,"2500 Standard Roof I4 Diesel HO 144""",2026,AUTOMATIC,VAN,GASOLINE,,"2026 Mercedes-Benz Sprinter Cargo Van 2500 Standard Roof I4 Diesel HO 144"", White exterior","[{url:'https://carimages.d2cmedia.ca/newcarimages/en/cb6ab798baca942/Mercedes-Benz/Sprinter Cargo Van/2026/1200/480583-MjUwMCBTdGFuZGFyZCBSb29mIEk0IERpZXNlbCBITyAxNDQ/XDBDBDB/front45.png'},{url:'https://carimages.d2cmedia.ca/newcarimages/en/cb6ab798baca942/Mercedes-Benz/Sprinter Cargo Van/2026/1280/480583/Xdbdbdb/front_45_degree.png'},{url:'https://carimages.d2cmedia.ca/newcarimages/en/cb6ab798baca942/Mercedes-Benz/Sprinter Cargo Van/2026/2100/480583/Xdbdbdb/front_45_degree.png'},{url:'https://carimages.d2cmedia.ca/newcarimages/en/cb6ab798baca942/Mercedes-Benz/Sprinter Cargo Van/2026/2100/480583/Xdbdbdb/profile.png'},{url:'https://carimages.d2cmedia.ca/newcarimages/en/cb6ab798baca942/Mercedes-Benz/Sprinter Cargo Van/2026/2100/480583/Xdbdbdb/back_45_degree.png'},{url:'https://carimages.d2cmedia.ca/newcarimages/en/cb6ab798baca942/Mercedes-Benz/Sprinter Cargo Van/2026/2100/480583/Xdbdbdb/driver_dashboard.png'},{url:'https://carimages.d2cmedia.ca/newcarimages/en/cb6ab798baca942/Mercedes-Benz/Sprinter Cargo Van/2026/2100/480583/Xdbdbdb/full_dashboard.png'},{url:'https://carimages.d2cmedia.ca/newcarimages/en/cb6ab798baca942/Mercedes-Benz/Sprinter Cargo Van/2026/2100/480583/Xdbdbdb/interior_driver_open_seat.png'},{url:'https://carimages.d2cmedia.ca/newcarimages/en/cb6ab798baca942/Mercedes-Benz/Sprinter Cargo Van/2026/2100/480583/Xdbdbdb/interior_driver_stereo.png'},{url:'https://carimages.d2cmedia.ca/newcarimages/en/cb6ab798baca942/Mercedes-Benz/Sprinter Cargo Van/2026/2100/480583/Xdbdbdb/interior_passenger_dash.png'}]",90,KM,https://www.mercedes-benz-maple.ca/new/inventory/2026-Mercedes_Benz-Sprinter_Cargo_Van-id14164157.html,"2026 Mercedes-Benz Sprinter Cargo Van 2500 Standard Roof I4 Diesel HO 144"" at Mercedes-Benz Maple",85650 CAD,New,White,Black,4804,Mercedes-Benz Maple,+1-905-585-9300,"{addr1: '9300 Jane St', city: 'Maple', region: 'Ontario', postal_code: 'L6A 0C5', country: 'CA'}",43.8344170000,-79.5341990000,,,,,https://www.mercedes-benz-maple.ca/privacy-policy.html,New,4804,In stock,,85650 CAD,Free,
W1W4KBHY6TP897021,W1W4KBHY6TP897021,26658512-new,Mercedes-Benz,Sprinter Cargo Van,"2500 Standard Roof I4 Diesel 144""",2026,AUTOMATIC,VAN,GASOLINE,,"2026 Mercedes-Benz Sprinter Cargo Van 2500 Standard Roof I4 Diesel 144"", White exterior","[{url:'https://carimages.d2cmedia.ca/newcarimages/en/cb6ab798baca942/Mercedes-Benz/Sprinter Cargo Van/2026/1200/480582-MjUwMCBTdGFuZGFyZCBSb29mIEk0IERpZXNlbCAxNDQ/XDBDBDB/front45.png'},{url:'https://carimages.d2cmedia.ca/newcarimages/en/cb6ab798baca942/Mercedes-Benz/Sprinter Cargo Van/2026/1280/480582/Xdbdbdb/front_45_degree.png'},{url:'https://carimages.d2cmedia.ca/newcarimages/en/cb6ab798baca942/Mercedes-Benz/Sprinter Cargo Van/2026/2100/480582/Xdbdbdb/front_45_degree.png'},{url:'https://carimages.d2cmedia.ca/newcarimages/en/cb6ab798baca942/Mercedes-Benz/Sprinter Cargo Van/2026/2100/480582/Xdbdbdb/profile.png'},{url:'https://carimages.d2cmedia.ca/newcarimages/en/cb6ab798baca942/Mercedes-Benz/Sprinter Cargo Van/2026/2100/480582/Xdbdbdb/back_45_degree.png'},{url:'https://carimages.d2cmedia.ca/newcarimages/en/cb6ab798baca942/Mercedes-Benz/Sprinter Cargo Van/2026/2100/480582/Xdbdbdb/driver_dashboard.png'},{url:'https://carimages.d2cmedia.ca/newcarimages/en/cb6ab798baca942/Mercedes-Benz/Sprinter Cargo Van/2026/2100/480582/Xdbdbdb/full_dashboard.png'},{url:'https://carimages.d2cmedia.ca/newcarimages/en/cb6ab798baca942/Mercedes-Benz/Sprinter Cargo Van/2026/2100/480582/Xdbdbdb/interior_driver_open_seat.png'},{url:'https://carimages.d2cmedia.ca/newcarimages/en/cb6ab798baca942/Mercedes-Benz/Sprinter Cargo Van/2026/2100/480582/Xdbdbdb/interior_driver_stereo.png'},{url:'https://carimages.d2cmedia.ca/newcarimages/en/cb6ab798baca942/Mercedes-Benz/Sprinter Cargo Van/2026/2100/480582/Xdbdbdb/interior_passenger_dash.png'}]",90,KM,https://www.mercedes-benz-maple.ca/new/inventory/2026-Mercedes_Benz-Sprinter-id13533471.html,"2026 Mercedes-Benz Sprinter Cargo Van 2500 Standard Roof I4 Diesel 144"" at Mercedes-Benz Maple",87898 CAD,New,White,Black,4804,Mercedes-Benz Maple,+1-905-585-9300,"{addr1: '9300 Jane St', city: 'Maple', region: 'Ontario', postal_code: 'L6A 0C5', country: 'CA'}",43.8344170000,-79.5341990000,,,,,https://www.mercedes-benz-maple.ca/privacy-policy.html,New,4804,In stock,,87898 CAD,Free,
W1Y5NBHY5TP917097,W1Y5NBHY5TP917097,26658959-new,Mercedes-Benz,Sprinter Cargo Van,"3500 Standard Roof I4 Diesel HO 144""",2026,AUTOMATIC,VAN,GASOLINE,,"2026 Mercedes-Benz Sprinter Cargo Van 3500 Standard Roof I4 Diesel HO 144"", White exterior","[{url:'https://carimages.d2cmedia.ca/newcarimages/en/cb6ab798baca942/Mercedes-Benz/Sprinter Cargo Van/2026/1200/480569-MzUwMCBTdGFuZGFyZCBSb29mIEk0IERpZXNlbCBITyAxNDQ/XDBDBDB/front45.png'},{url:'https://carimages.d2cmedia.ca/newcarimages/en/cb6ab798baca942/Mercedes-Benz/Sprinter Cargo Van/2026/1280/480569/Xdbdbdb/front_45_degree.png'},{url:'https://carimages.d2cmedia.ca/newcarimages/en/cb6ab798baca942/Mercedes-Benz/Sprinter Cargo Van/2026/2100/480569/Xdbdbdb/front_45_degree.png'},{url:'https://carimages.d2cmedia.ca/newcarimages/en/cb6ab798baca942/Mercedes-Benz/Sprinter Cargo Van/2026/2100/480569/Xdbdbdb/profile.png'}]",90,KM,https://www.mercedes-benz-maple.ca/new/inventory/2026-Mercedes_Benz-Sprinter_Cargo_Van-id13744663.html,"2026 Mercedes-Benz Sprinter Cargo Van 3500 Standard Roof I4 Diesel HO 144"" at Mercedes-Benz Maple",89299 CAD,New,White,Black,4804,Mercedes-Benz Maple,+1-905-585-9300,"{addr1: '9300 Jane St', city: 'Maple', region: 'Ontario', postal_code: 'L6A 0C5', country: 'CA'}",43.8344170000,-79.5341990000,,,,,https://www.mercedes-benz-maple.ca/privacy-policy.html,New,4804,In stock,,89299 CAD,Free,
W1Y4KDHYXTP937443,W1Y4KDHYXTP937443,26660097-new,Mercedes-Benz,Sprinter Cargo Van,"2500 High Roof I4 Diesel 170"" EXT",2026,AUTOMATIC,VAN,GASOLINE,,"2026 Mercedes-Benz Sprinter Cargo Van 2500 High Roof I4 Diesel 170"" EXT, White exterior","[{url:'https://carimages.d2cmedia.ca/newcarimages/en/cb6ab798baca942/Mercedes-Benz/Sprinter Cargo Van/2026/1200/480586-MjUwMCBIaWdoIFJvb2YgSTQgRGllc2VsIDE3MCBFWFQ/XDBDBDB/front45.png'},{url:'https://carimages.d2cmedia.ca/newcarimages/en/cb6ab798baca942/Mercedes-Benz/Sprinter Cargo Van/2026/1280/480586/Xdbdbdb/front_45_degree.png'},{url:'https://carimages.d2cmedia.ca/newcarimages/en/cb6ab798baca942/Mercedes-Benz/Sprinter Cargo Van/2026/2100/480586/Xdbdbdb/front_45_degree.png'},{url:'https://carimages.d2cmedia.ca/newcarimages/en/cb6ab798baca942/Mercedes-Benz/Sprinter Cargo Van/2026/2100/480586/Xdbdbdb/profile.png'},{url:'https://carimages.d2cmedia.ca/newcarimages/en/cb6ab798baca942/Mercedes-Benz/Sprinter Cargo Van/2026/2100/480586/Xdbdbdb/back_45_degree.png'},{url:'https://carimages.d2cmedia.ca/newcarimages/en/cb6ab798baca942/Mercedes-Benz/Sprinter Cargo Van/2026/2100/480586/Xdbdbdb/driver_dashboard.png'},{url:'https://carimages.d2cmedia.ca/newcarimages/en/cb6ab798baca942/Mercedes-Benz/Sprinter Cargo Van/2026/2100/480586/Xdbdbdb/full_dashboard.png'},{url:'https://carimages.d2cmedia.ca/newcarimages/en/cb6ab798baca942/Mercedes-Benz/Sprinter Cargo Van/2026/2100/480586/Xdbdbdb/interior_driver_open_seat.png'},{url:'https://carimages.d2cmedia.ca/newcarimages/en/cb6ab798baca942/Mercedes-Benz/Sprinter Cargo Van/2026/2100/480586/Xdbdbdb/interior_driver_stereo.png'},{url:'https://carimages.d2cmedia.ca/newcarimages/en/cb6ab798baca942/Mercedes-Benz/Sprinter Cargo Van/2026/2100/480586/Xdbdbdb/interior_passenger_dash.png'}]",90,KM,https://www.mercedes-benz-maple.ca/new/inventory/2026-Mercedes_Benz-Sprinter_Cargo_Van-id14424015.html,"2026 Mercedes-Benz Sprinter Cargo Van 2500 High Roof I4 Diesel 170"" EXT at Mercedes-Benz Maple",89608 CAD,New,White,Black,4804,Mercedes-Benz Maple,+1-905-585-9300,"{addr1: '9300 Jane St', city: 'Maple', region: 'Ontario', postal_code: 'L6A 0C5', country: 'CA'}",43.8344170000,-79.5341990000,,,,,https://www.mercedes-benz-maple.ca/privacy-policy.html,New,4804,In stock,,89608 CAD,Free,
W1Y5NBHY4TP874324,W1Y5NBHY4TP874324,26505463-new,Mercedes-Benz,Sprinter Cargo Van,"3500 Standard Roof I4 Diesel HO 144""",2026,AUTOMATIC,VAN,GASOLINE,,"2026 Mercedes-Benz Sprinter Cargo Van 3500 Standard Roof I4 Diesel HO 144"", White exterior","[{url:'https://carimages.d2cmedia.ca/newcarimages/en/cb6ab798baca942/Mercedes-Benz/Sprinter Cargo Van/2026/1200/480569-MzUwMCBTdGFuZGFyZCBSb29mIEk0IERpZXNlbCBITyAxNDQ/XDBDBDB/front45.png'},{url:'https://carimages.d2cmedia.ca/newcarimages/en/cb6ab798baca942/Mercedes-Benz/Sprinter Cargo Van/2026/1280/480569/Xdbdbdb/front_45_degree.png'},{url:'https://carimages.d2cmedia.ca/newcarimages/en/cb6ab798baca942/Mercedes-Benz/Sprinter Cargo Van/2026/2100/480569/Xdbdbdb/front_45_degree.png'},{url:'https://carimages.d2cmedia.ca/newcarimages/en/cb6ab798baca942/Mercedes-Benz/Sprinter Cargo Van/2026/2100/480569/Xdbdbdb/profile.png'}]",90,KM,https://www.mercedes-benz-maple.ca/new/inventory/2026-Mercedes_Benz-Sprinter_Cargo_Van-id13325799.html,"2026 Mercedes-Benz Sprinter Cargo Van 3500 Standard Roof I4 Diesel HO 144"" at Mercedes-Benz Maple",89868 CAD,New,White,Black,4804,Mercedes-Benz Maple,+1-905-585-9300,"{addr1: '9300 Jane St', city: 'Maple', region: 'Ontario', postal_code: 'L6A 0C5', country: 'CA'}",43.8344170000,-79.5341990000,,,,,https://www.mercedes-benz-maple.ca/privacy-policy.html,New,4804,In stock,,89868 CAD,Free,
W1KAF4HB0TR328296,W1KAF4HB0TR328296,26529692-new,Mercedes-Benz,C-Class,C 300 4MATIC Sedan,2026,AUTOMATIC,SEDAN,GASOLINE,,"2026 Mercedes-Benz C-Class C 300 4MATIC Sedan, Black exterior","[{url:'https://carimages.d2cmedia.ca/newcarimages/en/cb6ab798baca942/Mercedes-Benz/C-Class/2026/1200/477132-NE1BVElDIFNlZGFu/black/front45.png'},{url:'https://carimages.d2cmedia.ca/newcarimages/en/cb6ab798baca942/Mercedes-Benz/C-Class/2026/1280/477132/black/front_45_degree.png'},{url:'https://carimages.d2cmedia.ca/newcarimages/en/cb6ab798baca942/Mercedes-Benz/C-Class/2026/2100/477132/black/front_45_degree.png'},{url:'https://carimages.d2cmedia.ca/newcarimages/en/cb6ab798baca942/Mercedes-Benz/C-Class/2026/2100/477132/black/profile.png'},{url:'https://carimages.d2cmedia.ca/newcarimages/en/cb6ab798baca942/Mercedes-Benz/C-Class/2026/2100/477132/black/back_45_degree.png'},{url:'https://carimages.d2cmedia.ca/newcarimages/en/cb6ab798baca942/Mercedes-Benz/C-Class/2026/2100/477132/black/driver_dashboard.png'},{url:'https://carimages.d2cmedia.ca/newcarimages/en/cb6ab798baca942/Mercedes-Benz/C-Class/2026/2100/477132/black/full_dashboard.png'},{url:'https://carimages.d2cmedia.ca/newcarimages/en/cb6ab798baca942/Mercedes-Benz/C-Class/2026/2100/477132/black/interior_driver_open_seat.png'},{url:'https://carimages.d2cmedia.ca/newcarimages/en/cb6ab798baca942/Mercedes-Benz/C-Class/2026/2100/477132/black/interior_driver_stereo.png'},{url:'https://carimages.d2cmedia.ca/newcarimages/en/cb6ab798baca942/Mercedes-Benz/C-Class/2026/2100/477132/black/interior_driver_reat_seats.png'}]",90,KM,https://www.mercedes-benz-maple.ca/new/inventory/2026-Mercedes_Benz-C_300-id13599152.html,2026 Mercedes-Benz C-Class C 300 4MATIC Sedan at Mercedes-Benz Maple,71461 CAD,New,Black,Beige,4804,Mercedes-Benz Maple,+1-905-585-9300,"{addr1: '9300 Jane St', city: 'Maple', region: 'Ontario', postal_code: 'L6A 0C5', country: 'CA'}",43.8344170000,-79.5341990000,,,,,https://www.mercedes-benz-maple.ca/privacy-policy.html,New,4804,In stock,,71461 CAD,Free,
W1KAF4HB6TR354160,W1KAF4HB6TR354160,26656444-new,Mercedes-Benz,C-Class,C 300 4MATIC Sedan,2026,AUTOMATIC,SEDAN,GASOLINE,,"2026 Mercedes-Benz C-Class C 300 4MATIC Sedan, Grey exterior","[{url:'https://carimages.d2cmedia.ca/newcarimages/en/cb6ab798baca942/Mercedes-Benz/C-Class/2026/1200/477132-NE1BVElDIFNlZGFu/X3C3C3C/front45.png'},{url:'https://carimages.d2cmedia.ca/newcarimages/en/cb6ab798baca942/Mercedes-Benz/C-Class/2026/1280/477132/X3c3c3c/front_45_degree.png'},{url:'https://carimages.d2cmedia.ca/newcarimages/en/cb6ab798baca942/Mercedes-Benz/C-Class/2026/2100/477132/X3c3c3c/front_45_degree.png'},{url:'https://carimages.d2cmedia.ca/newcarimages/en/cb6ab798baca942/Mercedes-Benz/C-Class/2026/2100/477132/X3c3c3c/profile.png'},{url:'https://carimages.d2cmedia.ca/newcarimages/en/cb6ab798baca942/Mercedes-Benz/C-Class/2026/2100/477132/X3c3c3c/back_45_degree.png'},{url:'https://carimages.d2cmedia.ca/newcarimages/en/cb6ab798baca942/Mercedes-Benz/C-Class/2026/2100/477132/X3c3c3c/driver_dashboard.png'},{url:'https://carimages.d2cmedia.ca/newcarimages/en/cb6ab798baca942/Mercedes-Benz/C-Class/2026/2100/477132/X3c3c3c/full_dashboard.png'},{url:'https://carimages.d2cmedia.ca/newcarimages/en/cb6ab798baca942/Mercedes-Benz/C-Class/2026/2100/477132/X3c3c3c/interior_driver_open_seat.png'},{url:'https://carimages.d2cmedia.ca/newcarimages/en/cb6ab798baca942/Mercedes-Benz/C-Class/2026/2100/477132/X3c3c3c/interior_driver_stereo.png'},{url:'https://carimages.d2cmedia.ca/newcarimages/en/cb6ab798baca942/Mercedes-Benz/C-Class/2026/2100/477132/X3c3c3c/interior_driver_reat_seats.png'}]",90,KM,https://www.mercedes-benz-maple.ca/new/inventory/2026-Mercedes_Benz-C_300-id14258891.html,2026 Mercedes-Benz C-Class C 300 4MATIC Sedan at Mercedes-Benz Maple,72561 CAD,New,Grey,Beige,4804,Mercedes-Benz Maple,+1-905-585-9300,"{addr1: '9300 Jane St', city: 'Maple', region: 'Ontario', postal_code: 'L6A 0C5', country: 'CA'}",43.8344170000,-79.5341990000,,,,,https://www.mercedes-benz-maple.ca/privacy-policy.html,New,4804,In stock,,72561 CAD,Free,
W1KAF4HB0TR303933,W1KAF4HB0TR303933,26513511-new,Mercedes-Benz,C-Class,C 300 4MATIC Sedan,2026,AUTOMATIC,SEDAN,GASOLINE,,"2026 Mercedes-Benz C-Class C 300 4MATIC Sedan, White exterior","[{url:'https://imagescdn.d2cmedia.ca/cb6ab798baca942/4804/12896533/1/Mercedes_Benz-C_Class-2026.jpg'},{url:'https://imagescdn.d2cmedia.ca/s86ab798baca942/4804/12896533/1/Mercedes_Benz-C_300-2026.jpg'},{url:'https://imagescdn.d2cmedia.ca/cb6ab798baca942/4804/12896533/1/Mercedes_Benz-C_300-2026.jpg'},{url:'https://imagescdn.d2cmedia.ca/cb6ab798baca942/4804/12896533/2/Mercedes_Benz-C_300-2026.jpg'},{url:'https://imagescdn.d2cmedia.ca/cb6ab798baca942/4804/12896533/3/Mercedes_Benz-C_300-2026.jpg'},{url:'https://imagescdn.d2cmedia.ca/cb6ab798baca942/4804/12896533/4/Mercedes_Benz-C_300-2026.jpg'},{url:'https://imagescdn.d2cmedia.ca/cb6ab798baca942/4804/12896533/5/Mercedes_Benz-C_300-2026.jpg'},{url:'https://imagescdn.d2cmedia.ca/cb6ab798baca942/4804/12896533/6/Mercedes_Benz-C_300-2026.jpg'},{url:'https://imagescdn.d2cmedia.ca/cb6ab798baca942/4804/12896533/7/Mercedes_Benz-C_300-2026.jpg'},{url:'https://imagescdn.d2cmedia.ca/cb6ab798baca942/4804/12896533/8/Mercedes_Benz-C_300-2026.jpg'}]",90,KM,https://www.mercedes-benz-maple.ca/new/inventory/2026-Mercedes_Benz-C_300-id12896533.html,2026 Mercedes-Benz C-Class C 300 4MATIC Sedan at Mercedes-Benz Maple,72861 CAD,New,White,Black,4804,Mercedes-Benz Maple,+1-905-585-9300,"{addr1: '9300 Jane St', city: 'Maple', region: 'Ontario', postal_code: 'L6A 0C5', country: 'CA'}",43.8344170000,-79.5341990000,,,,,https://www.mercedes-benz-maple.ca/privacy-policy.html,New,4804,In stock,,72861 CAD,Free,
W1KAF4HB9TR303929,W1KAF4HB9TR303929,26513508-new,Mercedes-Benz,C-Class,C 300 4MATIC Sedan,2026,AUTOMATIC,SEDAN,GASOLINE,,"2026 Mercedes-Benz C-Class C 300 4MATIC Sedan, Black exterior","[{url:'https://imagescdn.d2cmedia.ca/cb6ab798baca942/4804/13284706/1/Mercedes_Benz-C_Class-2026.jpg'},{url:'https://imagescdn.d2cmedia.ca/s86ab798baca942/4804/13284706/1/Mercedes_Benz-C_300-2026.jpg'},{url:'https://imagescdn.d2cmedia.ca/cb6ab798baca942/4804/13284706/1/Mercedes_Benz-C_300-2026.jpg'},{url:'https://imagescdn.d2cmedia.ca/cb6ab798baca942/4804/13284706/2/Mercedes_Benz-C_300-2026.jpg'},{url:'https://imagescdn.d2cmedia.ca/cb6ab798baca942/4804/13284706/3/Mercedes_Benz-C_300-2026.jpg'},{url:'https://imagescdn.d2cmedia.ca/cb6ab798baca942/4804/13284706/4/Mercedes_Benz-C_300-2026.jpg'},{url:'https://imagescdn.d2cmedia.ca/cb6ab798baca942/4804/13284706/5/Mercedes_Benz-C_300-2026.jpg'},{url:'https://imagescdn.d2cmedia.ca/cb6ab798baca942/4804/13284706/6/Mercedes_Benz-C_300-2026.jpg'},{url:'https://imagescdn.d2cmedia.ca/cb6ab798baca942/4804/13284706/7/Mercedes_Benz-C_300-2026.jpg'},{url:'https://imagescdn.d2cmedia.ca/cb6ab798baca942/4804/13284706/8/Mercedes_Benz-C_300-2026.jpg'}]",90,KM,https://www.mercedes-benz-maple.ca/new/inventory/2026-Mercedes_Benz-C_300-id13284706.html,2026 Mercedes-Benz C-Class C 300 4MATIC Sedan at Mercedes-Benz Maple,72861 CAD,New,Black,Black,4804,Mercedes-Benz Maple,+1-905-585-9300,"{addr1: '9300 Jane St', city: 'Maple', region: 'Ontario', postal_code: 'L6A 0C5', country: 'CA'}",43.8344170000,-79.5341990000,,,,,https://www.mercedes-benz-maple.ca/privacy-policy.html,New,4804,In stock,,72861 CAD,Free,
W1KAF4HB1TR360139,W1KAF4HB1TR360139,26658398-new,Mercedes-Benz,C-Class,C 300 4MATIC Sedan,2026,AUTOMATIC,SEDAN,GASOLINE,,"2026 Mercedes-Benz C-Class C 300 4MATIC Sedan, White exterior","[{url:'https://carimages.d2cmedia.ca/newcarimages/en/cb6ab798baca942/Mercedes-Benz/C-Class/2026/1200/477132-NE1BVElDIFNlZGFu/XE9E9E9/front45.png'},{url:'https://carimages.d2cmedia.ca/newcarimages/en/cb6ab798baca942/Mercedes-Benz/C-Class/2026/1280/477132/Xe9e9e9/front_45_degree.png'},{url:'https://carimages.d2cmedia.ca/newcarimages/en/cb6ab798baca942/Mercedes-Benz/C-Class/2026/2100/477132/Xe9e9e9/front_45_degree.png'},{url:'https://carimages.d2cmedia.ca/newcarimages/en/cb6ab798baca942/Mercedes-Benz/C-Class/2026/2100/477132/Xe9e9e9/profile.png'},{url:'https://carimages.d2cmedia.ca/newcarimages/en/cb6ab798baca942/Mercedes-Benz/C-Class/2026/2100/477132/Xe9e9e9/back_45_degree.png'},{url:'https://carimages.d2cmedia.ca/newcarimages/en/cb6ab798baca942/Mercedes-Benz/C-Class/2026/2100/477132/Xe9e9e9/driver_dashboard.png'},{url:'https://carimages.d2cmedia.ca/newcarimages/en/cb6ab798baca942/Mercedes-Benz/C-Class/2026/2100/477132/Xe9e9e9/full_dashboard.png'},{url:'https://carimages.d2cmedia.ca/newcarimages/en/cb6ab798baca942/Mercedes-Benz/C-Class/2026/2100/477132/Xe9e9e9/interior_driver_open_seat.png'},{url:'https://carimages.d2cmedia.ca/newcarimages/en/cb6ab798baca942/Mercedes-Benz/C-Class/2026/2100/477132/Xe9e9e9/interior_driver_stereo.png'},{url:'https://carimages.d2cmedia.ca/newcarimages/en/cb6ab798baca942/Mercedes-Benz/C-Class/2026/2100/477132/Xe9e9e9/interior_driver_reat_seats.png'}]",90,KM,https://www.mercedes-benz-maple.ca/new/inventory/2026-Mercedes_Benz-C_300-id14357140.html,2026 Mercedes-Benz C-Class C 300 4MATIC Sedan at Mercedes-Benz Maple,74161 CAD,New,White,Beige,4804,Mercedes-Benz Maple,+1-905-585-9300,"{addr1: '9300 Jane St', city: 'Maple', region: 'Ontario', postal_code: 'L6A 0C5', country: 'CA'}",43.8344170000,-79.5341990000,,,,,https://www.mercedes-benz-maple.ca/privacy-policy.html,New,4804,In stock,,74161 CAD,Free,
W1KAF4HB6TR348360,W1KAF4HB6TR348360,26653430-new,Mercedes-Benz,C-Class,C 300 4MATIC Sedan,2026,AUTOMATIC,SEDAN,GASOLINE,,"2026 Mercedes-Benz C-Class C 300 4MATIC Sedan, White exterior","[{url:'https://carimages.d2cmedia.ca/newcarimages/en/cb6ab798baca942/Mercedes-Benz/C-Class/2026/1200/477132-NE1BVElDIFNlZGFu/XE9E9E9/front45.png'},{url:'https://carimages.d2cmedia.ca/newcarimages/en/cb6ab798baca942/Mercedes-Benz/C-Class/2026/1280/477132/Xe9e9e9/front_45_degree.png'},{url:'https://carimages.d2cmedia.ca/newcarimages/en/cb6ab798baca942/Mercedes-Benz/C-Class/2026/2100/477132/Xe9e9e9/front_45_degree.png'},{url:'https://carimages.d2cmedia.ca/newcarimages/en/cb6ab798baca942/Mercedes-Benz/C-Class/2026/2100/477132/Xe9e9e9/profile.png'},{url:'https://carimages.d2cmedia.ca/newcarimages/en/cb6ab798baca942/Mercedes-Benz/C-Class/2026/2100/477132/Xe9e9e9/back_45_degree.png'},{url:'https://carimages.d2cmedia.ca/newcarimages/en/cb6ab798baca942/Mercedes-Benz/C-Class/2026/2100/477132/Xe9e9e9/driver_dashboard.png'},{url:'https://carimages.d2cmedia.ca/newcarimages/en/cb6ab798baca942/Mercedes-Benz/C-Class/2026/2100/477132/Xe9e9e9/full_dashboard.png'},{url:'https://carimages.d2cmedia.ca/newcarimages/en/cb6ab798baca942/Mercedes-Benz/C-Class/2026/2100/477132/Xe9e9e9/interior_driver_open_seat.png'},{url:'https://carimages.d2cmedia.ca/newcarimages/en/cb6ab798baca942/Mercedes-Benz/C-Class/2026/2100/477132/Xe9e9e9/interior_driver_stereo.png'},{url:'https://carimages.d2cmedia.ca/newcarimages/en/cb6ab798baca942/Mercedes-Benz/C-Class/2026/2100/477132/Xe9e9e9/interior_driver_reat_seats.png'}]",90,KM,https://www.mercedes-benz-maple.ca/new/inventory/2026-Mercedes_Benz-C_300-id13976354.html,2026 Mercedes-Benz C-Class C 300 4MATIC Sedan at Mercedes-Benz Maple,76061 CAD,New,White,Gray,4804,Mercedes-Benz Maple,+1-905-585-9300,"{addr1: '9300 Jane St', city: 'Maple', region: 'Ontario', postal_code: 'L6A 0C5', country: 'CA'}",43.8344170000,-79.5341990000,,,,,https://www.mercedes-benz-maple.ca/privacy-policy.html,New,4804,In stock,,76061 CAD,Free,
W1KAF4HB7TR346634,W1KAF4HB7TR346634,26653428-new,Mercedes-Benz,C-Class,C 300 4MATIC Sedan,2026,AUTOMATIC,SEDAN,GASOLINE,,"2026 Mercedes-Benz C-Class C 300 4MATIC Sedan, White exterior","[{url:'https://carimages.d2cmedia.ca/newcarimages/en/cb6ab798baca942/Mercedes-Benz/C-Class/2026/1200/477132-NE1BVElDIFNlZGFu/XE9E9E9/front45.png'},{url:'https://carimages.d2cmedia.ca/newcarimages/en/cb6ab798baca942/Mercedes-Benz/C-Class/2026/1280/477132/Xe9e9e9/front_45_degree.png'},{url:'https://carimages.d2cmedia.ca/newcarimages/en/cb6ab798baca942/Mercedes-Benz/C-Class/2026/2100/477132/Xe9e9e9/front_45_degree.png'},{url:'https://carimages.d2cmedia.ca/newcarimages/en/cb6ab798baca942/Mercedes-Benz/C-Class/2026/2100/477132/Xe9e9e9/profile.png'},{url:'https://carimages.d2cmedia.ca/newcarimages/en/cb6ab798baca942/Mercedes-Benz/C-Class/2026/2100/477132/Xe9e9e9/back_45_degree.png'},{url:'https://carimages.d2cmedia.ca/newcarimages/en/cb6ab798baca942/Mercedes-Benz/C-Class/2026/2100/477132/Xe9e9e9/driver_dashboard.png'},{url:'https://carimages.d2cmedia.ca/newcarimages/en/cb6ab798baca942/Mercedes-Benz/C-Class/2026/2100/477132/Xe9e9e9/full_dashboard.png'},{url:'https://carimages.d2cmedia.ca/newcarimages/en/cb6ab798baca942/Mercedes-Benz/C-Class/2026/2100/477132/Xe9e9e9/interior_driver_open_seat.png'},{url:'https://carimages.d2cmedia.ca/newcarimages/en/cb6ab798baca942/Mercedes-Benz/C-Class/2026/2100/477132/Xe9e9e9/interior_driver_stereo.png'},{url:'https://carimages.d2cmedia.ca/newcarimages/en/cb6ab798baca942/Mercedes-Benz/C-Class/2026/2100/477132/Xe9e9e9/interior_driver_reat_seats.png'}]",90,KM,https://www.mercedes-benz-maple.ca/new/inventory/2026-Mercedes_Benz-C_300-id14003274.html,2026 Mercedes-Benz C-Class C 300 4MATIC Sedan at Mercedes-Benz Maple,76061 CAD,New,White,Black,4804,Mercedes-Benz Maple,+1-905-585-9300,"{addr1: '9300 Jane St', city: 'Maple', region: 'Ontario', postal_code: 'L6A 0C5', country: 'CA'}",43.8344170000,-79.5341990000,,,,,https://www.mercedes-benz-maple.ca/privacy-policy.html,New,4804,In stock,,76061 CAD,Free,
W1KAF4HB7TR349825,W1KAF4HB7TR349825,26653431-new,Mercedes-Benz,C-Class,C 300 4MATIC Sedan,2026,AUTOMATIC,SEDAN,GASOLINE,,"2026 Mercedes-Benz C-Class C 300 4MATIC Sedan, Black exterior","[{url:'https://carimages.d2cmedia.ca/newcarimages/en/cb6ab798baca942/Mercedes-Benz/C-Class/2026/1200/477132-NE1BVElDIFNlZGFu/black/front45.png'},{url:'https://carimages.d2cmedia.ca/newcarimages/en/cb6ab798baca942/Mercedes-Benz/C-Class/2026/1280/477132/black/front_45_degree.png'},{url:'https://carimages.d2cmedia.ca/newcarimages/en/cb6ab798baca942/Mercedes-Benz/C-Class/2026/2100/477132/black/front_45_degree.png'},{url:'https://carimages.d2cmedia.ca/newcarimages/en/cb6ab798baca942/Mercedes-Benz/C-Class/2026/2100/477132/black/profile.png'},{url:'https://carimages.d2cmedia.ca/newcarimages/en/cb6ab798baca942/Mercedes-Benz/C-Class/2026/2100/477132/black/back_45_degree.png'},{url:'https://carimages.d2cmedia.ca/newcarimages/en/cb6ab798baca942/Mercedes-Benz/C-Class/2026/2100/477132/black/driver_dashboard.png'},{url:'https://carimages.d2cmedia.ca/newcarimages/en/cb6ab798baca942/Mercedes-Benz/C-Class/2026/2100/477132/black/full_dashboard.png'},{url:'https://carimages.d2cmedia.ca/newcarimages/en/cb6ab798baca942/Mercedes-Benz/C-Class/2026/2100/477132/black/interior_driver_open_seat.png'},{url:'https://carimages.d2cmedia.ca/newcarimages/en/cb6ab798baca942/Mercedes-Benz/C-Class/2026/2100/477132/black/interior_driver_stereo.png'},{url:'https://carimages.d2cmedia.ca/newcarimages/en/cb6ab798baca942/Mercedes-Benz/C-Class/2026/2100/477132/black/interior_driver_reat_seats.png'}]",90,KM,https://www.mercedes-benz-maple.ca/new/inventory/2026-Mercedes_Benz-C_300-id14003275.html,2026 Mercedes-Benz C-Class C 300 4MATIC Sedan at Mercedes-Benz Maple,76061 CAD,New,Black,Gray,4804,Mercedes-Benz Maple,+1-905-585-9300,"{addr1: '9300 Jane St', city: 'Maple', region: 'Ontario', postal_code: 'L6A 0C5', country: 'CA'}",43.8344170000,-79.5341990000,,,,,https://www.mercedes-benz-maple.ca/privacy-policy.html,New,4804,In stock,,76061 CAD,Free,
W1KAF4HB3TR357906,W1KAF4HB3TR357906,26656447-new,Mercedes-Benz,C-Class,C 300 4MATIC Sedan,2026,AUTOMATIC,SEDAN,GASOLINE,,"2026 Mercedes-Benz C-Class C 300 4MATIC Sedan, White exterior","[{url:'https://carimages.d2cmedia.ca/newcarimages/en/cb6ab798baca942/Mercedes-Benz/C-Class/2026/1200/477132-NE1BVElDIFNlZGFu/XE9E9E9/front45.png'},{url:'https://carimages.d2cmedia.ca/newcarimages/en/cb6ab798baca942/Mercedes-Benz/C-Class/2026/1280/477132/Xe9e9e9/front_45_degree.png'},{url:'https://carimages.d2cmedia.ca/newcarimages/en/cb6ab798baca942/Mercedes-Benz/C-Class/2026/2100/477132/Xe9e9e9/front_45_degree.png'},{url:'https://carimages.d2cmedia.ca/newcarimages/en/cb6ab798baca942/Mercedes-Benz/C-Class/2026/2100/477132/Xe9e9e9/profile.png'},{url:'https://carimages.d2cmedia.ca/newcarimages/en/cb6ab798baca942/Mercedes-Benz/C-Class/2026/2100/477132/Xe9e9e9/back_45_degree.png'},{url:'https://carimages.d2cmedia.ca/newcarimages/en/cb6ab798baca942/Mercedes-Benz/C-Class/2026/2100/477132/Xe9e9e9/driver_dashboard.png'},{url:'https://carimages.d2cmedia.ca/newcarimages/en/cb6ab798baca942/Mercedes-Benz/C-Class/2026/2100/477132/Xe9e9e9/full_dashboard.png'},{url:'https://carimages.d2cmedia.ca/newcarimages/en/cb6ab798baca942/Mercedes-Benz/C-Class/2026/2100/477132/Xe9e9e9/interior_driver_open_seat.png'},{url:'https://carimages.d2cmedia.ca/newcarimages/en/cb6ab798baca942/Mercedes-Benz/C-Class/2026/2100/477132/Xe9e9e9/interior_driver_stereo.png'},{url:'https://carimages.d2cmedia.ca/newcarimages/en/cb6ab798baca942/Mercedes-Benz/C-Class/2026/2100/477132/Xe9e9e9/interior_driver_reat_seats.png'}]",90,KM,https://www.mercedes-benz-maple.ca/new/inventory/2026-Mercedes_Benz-C_300-id14377121.html,2026 Mercedes-Benz C-Class C 300 4MATIC Sedan at Mercedes-Benz Maple,77461 CAD,New,White,Gray,4804,Mercedes-Benz Maple,+1-905-585-9300,"{addr1: '9300 Jane St', city: 'Maple', region: 'Ontario', postal_code: 'L6A 0C5', country: 'CA'}",43.8344170000,-79.5341990000,,,,,https://www.mercedes-benz-maple.ca/privacy-policy.html,New,4804,In stock,,77461 CAD,Free,
W1KAF4HB0TR354185,W1KAF4HB0TR354185,26656451-new,Mercedes-Benz,C-Class,C 300 4MATIC Sedan,2026,AUTOMATIC,SEDAN,GASOLINE,,"2026 Mercedes-Benz C-Class C 300 4MATIC Sedan, Black exterior","[{url:'https://carimages.d2cmedia.ca/newcarimages/en/cb6ab798baca942/Mercedes-Benz/C-Class/2026/1200/477132-NE1BVElDIFNlZGFu/black/front45.png'},{url:'https://carimages.d2cmedia.ca/newcarimages/en/cb6ab798baca942/Mercedes-Benz/C-Class/2026/1280/477132/black/front_45_degree.png'},{url:'https://carimages.d2cmedia.ca/newcarimages/en/cb6ab798baca942/Mercedes-Benz/C-Class/2026/2100/477132/black/front_45_degree.png'},{url:'https://carimages.d2cmedia.ca/newcarimages/en/cb6ab798baca942/Mercedes-Benz/C-Class/2026/2100/477132/black/profile.png'},{url:'https://carimages.d2cmedia.ca/newcarimages/en/cb6ab798baca942/Mercedes-Benz/C-Class/2026/2100/477132/black/back_45_degree.png'},{url:'https://carimages.d2cmedia.ca/newcarimages/en/cb6ab798baca942/Mercedes-Benz/C-Class/2026/2100/477132/black/driver_dashboard.png'},{url:'https://carimages.d2cmedia.ca/newcarimages/en/cb6ab798baca942/Mercedes-Benz/C-Class/2026/2100/477132/black/full_dashboard.png'},{url:'https://carimages.d2cmedia.ca/newcarimages/en/cb6ab798baca942/Mercedes-Benz/C-Class/2026/2100/477132/black/interior_driver_open_seat.png'},{url:'https://carimages.d2cmedia.ca/newcarimages/en/cb6ab798baca942/Mercedes-Benz/C-Class/2026/2100/477132/black/interior_driver_stereo.png'},{url:'https://carimages.d2cmedia.ca/newcarimages/en/cb6ab798baca942/Mercedes-Benz/C-Class/2026/2100/477132/black/interior_driver_reat_seats.png'}]",90,KM,https://www.mercedes-benz-maple.ca/new/inventory/2026-Mercedes_Benz-C_300-id14258892.html,2026 Mercedes-Benz C-Class C 300 4MATIC Sedan at Mercedes-Benz Maple,78361 CAD,New,Black,Red,4804,Mercedes-Benz Maple,+1-905-585-9300,"{addr1: '9300 Jane St', city: 'Maple', region: 'Ontario', postal_code: 'L6A 0C5', country: 'CA'}",43.8344170000,-79.5341990000,,,,,https://www.mercedes-benz-maple.ca/privacy-policy.html,New,4804,In stock,,78361 CAD,Free,
W1KAF4HBXTR357918,W1KAF4HBXTR357918,26656450-new,Mercedes-Benz,C-Class,C 300 4MATIC Sedan,2026,AUTOMATIC,SEDAN,GASOLINE,,"2026 Mercedes-Benz C-Class C 300 4MATIC Sedan, White exterior","[{url:'https://carimages.d2cmedia.ca/newcarimages/en/cb6ab798baca942/Mercedes-Benz/C-Class/2026/1200/477132-NE1BVElDIFNlZGFu/XE9E9E9/front45.png'},{url:'https://carimages.d2cmedia.ca/newcarimages/en/cb6ab798baca942/Mercedes-Benz/C-Class/2026/1280/477132/Xe9e9e9/front_45_degree.png'},{url:'https://carimages.d2cmedia.ca/newcarimages/en/cb6ab798baca942/Mercedes-Benz/C-Class/2026/2100/477132/Xe9e9e9/front_45_degree.png'},{url:'https://carimages.d2cmedia.ca/newcarimages/en/cb6ab798baca942/Mercedes-Benz/C-Class/2026/2100/477132/Xe9e9e9/profile.png'},{url:'https://carimages.d2cmedia.ca/newcarimages/en/cb6ab798baca942/Mercedes-Benz/C-Class/2026/2100/477132/Xe9e9e9/back_45_degree.png'},{url:'https://carimages.d2cmedia.ca/newcarimages/en/cb6ab798baca942/Mercedes-Benz/C-Class/2026/2100/477132/Xe9e9e9/driver_dashboard.png'},{url:'https://carimages.d2cmedia.ca/newcarimages/en/cb6ab798baca942/Mercedes-Benz/C-Class/2026/2100/477132/Xe9e9e9/full_dashboard.png'},{url:'https://carimages.d2cmedia.ca/newcarimages/en/cb6ab798baca942/Mercedes-Benz/C-Class/2026/2100/477132/Xe9e9e9/interior_driver_open_seat.png'},{url:'https://carimages.d2cmedia.ca/newcarimages/en/cb6ab798baca942/Mercedes-Benz/C-Class/2026/2100/477132/Xe9e9e9/interior_driver_stereo.png'},{url:'https://carimages.d2cmedia.ca/newcarimages/en/cb6ab798baca942/Mercedes-Benz/C-Class/2026/2100/477132/Xe9e9e9/interior_driver_reat_seats.png'}]",90,KM,https://www.mercedes-benz-maple.ca/new/inventory/2026-Mercedes_Benz-C_300-id14362920.html,2026 Mercedes-Benz C-Class C 300 4MATIC Sedan at Mercedes-Benz Maple,78361 CAD,New,White,Red,4804,Mercedes-Benz Maple,+1-905-585-9300,"{addr1: '9300 Jane St', city: 'Maple', region: 'Ontario', postal_code: 'L6A 0C5', country: 'CA'}",43.8344170000,-79.5341990000,,,,,https://www.mercedes-benz-maple.ca/privacy-policy.html,New,4804,In stock,,78361 CAD,Free,
W1KAF4HBXTR341783,W1KAF4HBXTR341783,26652751-new,Mercedes-Benz,C-Class,C 300 4MATIC Sedan,2026,AUTOMATIC,SEDAN,GASOLINE,,"2026 Mercedes-Benz C-Class C 300 4MATIC Sedan, Grey exterior","[{url:'https://carimages.d2cmedia.ca/newcarimages/en/cb6ab798baca942/Mercedes-Benz/C-Class/2026/1200/477132-NE1BVElDIFNlZGFu/X9C9AA1/front45.png'},{url:'https://carimages.d2cmedia.ca/newcarimages/en/cb6ab798baca942/Mercedes-Benz/C-Class/2026/1280/477132/X9c9aa1/front_45_degree.png'},{url:'https://carimages.d2cmedia.ca/newcarimages/en/cb6ab798baca942/Mercedes-Benz/C-Class/2026/2100/477132/X9c9aa1/front_45_degree.png'},{url:'https://carimages.d2cmedia.ca/newcarimages/en/cb6ab798baca942/Mercedes-Benz/C-Class/2026/2100/477132/X9c9aa1/profile.png'},{url:'https://carimages.d2cmedia.ca/newcarimages/en/cb6ab798baca942/Mercedes-Benz/C-Class/2026/2100/477132/X9c9aa1/back_45_degree.png'},{url:'https://carimages.d2cmedia.ca/newcarimages/en/cb6ab798baca942/Mercedes-Benz/C-Class/2026/2100/477132/X9c9aa1/driver_dashboard.png'},{url:'https://carimages.d2cmedia.ca/newcarimages/en/cb6ab798baca942/Mercedes-Benz/C-Class/2026/2100/477132/X9c9aa1/full_dashboard.png'},{url:'https://carimages.d2cmedia.ca/newcarimages/en/cb6ab798baca942/Mercedes-Benz/C-Class/2026/2100/477132/X9c9aa1/interior_driver_open_seat.png'},{url:'https://carimages.d2cmedia.ca/newcarimages/en/cb6ab798baca942/Mercedes-Benz/C-Class/2026/2100/477132/X9c9aa1/interior_driver_stereo.png'},{url:'https://carimages.d2cmedia.ca/newcarimages/en/cb6ab798baca942/Mercedes-Benz/C-Class/2026/2100/477132/X9c9aa1/interior_driver_reat_seats.png'}]",90,KM,https://www.mercedes-benz-maple.ca/new/inventory/2026-Mercedes_Benz-C_300-id13782697.html,2026 Mercedes-Benz C-Class C 300 4MATIC Sedan at Mercedes-Benz Maple,78461 CAD,New,Grey,Gray,4804,Mercedes-Benz Maple,+1-905-585-9300,"{addr1: '9300 Jane St', city: 'Maple', region: 'Ontario', postal_code: 'L6A 0C5', country: 'CA'}",43.8344170000,-79.5341990000,,,,,https://www.mercedes-benz-maple.ca/privacy-policy.html,New,4804,In stock,,78461 CAD,Free,
W1KAF4HB6TR357897,W1KAF4HB6TR357897,26656445-new,Mercedes-Benz,C-Class,C 300 4MATIC Sedan,2026,AUTOMATIC,SEDAN,GASOLINE,,"2026 Mercedes-Benz C-Class C 300 4MATIC Sedan, Silver exterior","[{url:'https://carimages.d2cmedia.ca/newcarimages/en/cb6ab798baca942/Mercedes-Benz/C-Class/2026/1200/477132-NE1BVElDIFNlZGFu/silver/front45.png'},{url:'https://carimages.d2cmedia.ca/newcarimages/en/cb6ab798baca942/Mercedes-Benz/C-Class/2026/1280/477132/silver/front_45_degree.png'},{url:'https://carimages.d2cmedia.ca/newcarimages/en/cb6ab798baca942/Mercedes-Benz/C-Class/2026/2100/477132/silver/front_45_degree.png'},{url:'https://carimages.d2cmedia.ca/newcarimages/en/cb6ab798baca942/Mercedes-Benz/C-Class/2026/2100/477132/silver/profile.png'},{url:'https://carimages.d2cmedia.ca/newcarimages/en/cb6ab798baca942/Mercedes-Benz/C-Class/2026/2100/477132/silver/back_45_degree.png'},{url:'https://carimages.d2cmedia.ca/newcarimages/en/cb6ab798baca942/Mercedes-Benz/C-Class/2026/2100/477132/silver/driver_dashboard.png'},{url:'https://carimages.d2cmedia.ca/newcarimages/en/cb6ab798baca942/Mercedes-Benz/C-Class/2026/2100/477132/silver/full_dashboard.png'},{url:'https://carimages.d2cmedia.ca/newcarimages/en/cb6ab798baca942/Mercedes-Benz/C-Class/2026/2100/477132/silver/interior_driver_open_seat.png'},{url:'https://carimages.d2cmedia.ca/newcarimages/en/cb6ab798baca942/Mercedes-Benz/C-Class/2026/2100/477132/silver/interior_driver_stereo.png'},{url:'https://carimages.d2cmedia.ca/newcarimages/en/cb6ab798baca942/Mercedes-Benz/C-Class/2026/2100/477132/silver/interior_driver_reat_seats.png'}]",90,KM,https://www.mercedes-benz-maple.ca/new/inventory/2026-Mercedes_Benz-C_300-id14362919.html,2026 Mercedes-Benz C-Class C 300 4MATIC Sedan at Mercedes-Benz Maple,78561 CAD,New,Silver,Black,4804,Mercedes-Benz Maple,+1-905-585-9300,"{addr1: '9300 Jane St', city: 'Maple', region: 'Ontario', postal_code: 'L6A 0C5', country: 'CA'}",43.8344170000,-79.5341990000,,,,,https://www.mercedes-benz-maple.ca/privacy-policy.html,New,4804,In stock,,78561 CAD,Free,
W1KAF4HBXVR366931,W1KAF4HBXVR366931,27658400-new,Mercedes-Benz,C-Class,C 300 4MATIC Sedan,2027,AUTOMATIC,SEDAN,GASOLINE,,"2027 Mercedes-Benz C-Class C 300 4MATIC Sedan, White exterior","[{url:'https://carimages.d2cmedia.ca/newcarimages/en/cb6ab798baca942/Mercedes-Benz/C-Class/2027/1200/490907-NE1BVElDIFNlZGFu/XE9E9E9/front45.png'},{url:'https://carimages.d2cmedia.ca/newcarimages/fr/cb6ab798baca942/Mercedes-Benz/C-Class/2027/640/490907-NE1BVElDIFNlZGFu/Xe9e9e9/front_45_degree.png'},{url:'https://carimages.d2cmedia.ca/newcarimages/fr/cb6ab798baca942/Mercedes-Benz/C-Class/2027/2100/490907-NE1BVElDIFNlZGFu/Xe9e9e9/front_45_degree.png'}]",90,KM,https://www.mercedes-benz-maple.ca/new/inventory/2027-Mercedes_Benz-C_300-id14429902.html,2027 Mercedes-Benz C-Class C 300 4MATIC Sedan at Mercedes-Benz Maple,78761 CAD,New,White,Black,4804,Mercedes-Benz Maple,+1-905-585-9300,"{addr1: '9300 Jane St', city: 'Maple', region: 'Ontario', postal_code: 'L6A 0C5', country: 'CA'}",43.8344170000,-79.5341990000,,,,,https://www.mercedes-benz-maple.ca/privacy-policy.html,New,4804,In stock,,78761 CAD,Free,
W1KAF4HB7TR359710,W1KAF4HB7TR359710,26656446-new,Mercedes-Benz,C-Class,C 300 4MATIC Sedan,2026,AUTOMATIC,SEDAN,GASOLINE,,"2026 Mercedes-Benz C-Class C 300 4MATIC Sedan, Grey exterior","[{url:'https://carimages.d2cmedia.ca/newcarimages/en/cb6ab798baca942/Mercedes-Benz/C-Class/2026/1200/477132-NE1BVElDIFNlZGFu/X3C3C3C/front45.png'},{url:'https://carimages.d2cmedia.ca/newcarimages/en/cb6ab798baca942/Mercedes-Benz/C-Class/2026/1280/477132/X3c3c3c/front_45_degree.png'},{url:'https://carimages.d2cmedia.ca/newcarimages/en/cb6ab798baca942/Mercedes-Benz/C-Class/2026/2100/477132/X3c3c3c/front_45_degree.png'},{url:'https://carimages.d2cmedia.ca/newcarimages/en/cb6ab798baca942/Mercedes-Benz/C-Class/2026/2100/477132/X3c3c3c/profile.png'},{url:'https://carimages.d2cmedia.ca/newcarimages/en/cb6ab798baca942/Mercedes-Benz/C-Class/2026/2100/477132/X3c3c3c/back_45_degree.png'},{url:'https://carimages.d2cmedia.ca/newcarimages/en/cb6ab798baca942/Mercedes-Benz/C-Class/2026/2100/477132/X3c3c3c/driver_dashboard.png'},{url:'https://carimages.d2cmedia.ca/newcarimages/en/cb6ab798baca942/Mercedes-Benz/C-Class/2026/2100/477132/X3c3c3c/full_dashboard.png'},{url:'https://carimages.d2cmedia.ca/newcarimages/en/cb6ab798baca942/Mercedes-Benz/C-Class/2026/2100/477132/X3c3c3c/interior_driver_open_seat.png'},{url:'https://carimages.d2cmedia.ca/newcarimages/en/cb6ab798baca942/Mercedes-Benz/C-Class/2026/2100/477132/X3c3c3c/interior_driver_stereo.png'},{url:'https://carimages.d2cmedia.ca/newcarimages/en/cb6ab798baca942/Mercedes-Benz/C-Class/2026/2100/477132/X3c3c3c/interior_driver_reat_seats.png'}]",90,KM,https://www.mercedes-benz-maple.ca/new/inventory/2026-Mercedes_Benz-C_300-id14402043.html,2026 Mercedes-Benz C-Class C 300 4MATIC Sedan at Mercedes-Benz Maple,79461 CAD,New,Grey,Red,4804,Mercedes-Benz Maple,+1-905-585-9300,"{addr1: '9300 Jane St', city: 'Maple', region: 'Ontario', postal_code: 'L6A 0C5', country: 'CA'}",43.8344170000,-79.5341990000,,,,,https://www.mercedes-benz-maple.ca/privacy-policy.html,New,4804,In stock,,79461 CAD,Free,
W1KAF4HB7TR325055,W1KAF4HB7TR325055,26521175-new,Mercedes-Benz,C-Class,C 300 4MATIC Sedan,2026,AUTOMATIC,SEDAN,GASOLINE,,"2026 Mercedes-Benz C-Class C 300 4MATIC Sedan, Black exterior","[{url:'https://carimages.d2cmedia.ca/newcarimages/en/cb6ab798baca942/Mercedes-Benz/C-Class/2026/1200/477132-NE1BVElDIFNlZGFu/black/front45.png'},{url:'https://carimages.d2cmedia.ca/newcarimages/en/cb6ab798baca942/Mercedes-Benz/C-Class/2026/1280/477132/black/front_45_degree.png'},{url:'https://carimages.d2cmedia.ca/newcarimages/en/cb6ab798baca942/Mercedes-Benz/C-Class/2026/2100/477132/black/front_45_degree.png'},{url:'https://carimages.d2cmedia.ca/newcarimages/en/cb6ab798baca942/Mercedes-Benz/C-Class/2026/2100/477132/black/profile.png'},{url:'https://carimages.d2cmedia.ca/newcarimages/en/cb6ab798baca942/Mercedes-Benz/C-Class/2026/2100/477132/black/back_45_degree.png'},{url:'https://carimages.d2cmedia.ca/newcarimages/en/cb6ab798baca942/Mercedes-Benz/C-Class/2026/2100/477132/black/driver_dashboard.png'},{url:'https://carimages.d2cmedia.ca/newcarimages/en/cb6ab798baca942/Mercedes-Benz/C-Class/2026/2100/477132/black/full_dashboard.png'},{url:'https://carimages.d2cmedia.ca/newcarimages/en/cb6ab798baca942/Mercedes-Benz/C-Class/2026/2100/477132/black/interior_driver_open_seat.png'},{url:'https://carimages.d2cmedia.ca/newcarimages/en/cb6ab798baca942/Mercedes-Benz/C-Class/2026/2100/477132/black/interior_driver_stereo.png'},{url:'https://carimages.d2cmedia.ca/newcarimages/en/cb6ab798baca942/Mercedes-Benz/C-Class/2026/2100/477132/black/interior_driver_reat_seats.png'}]",90,KM,https://www.mercedes-benz-maple.ca/new/inventory/2026-Mercedes_Benz-C_300-id14132710.html,2026 Mercedes-Benz C-Class C 300 4MATIC Sedan at Mercedes-Benz Maple,79761 CAD,New,Black,Red,4804,Mercedes-Benz Maple,+1-905-585-9300,"{addr1: '9300 Jane St', city: 'Maple', region: 'Ontario', postal_code: 'L6A 0C5', country: 'CA'}",43.8344170000,-79.5341990000,,,,,https://www.mercedes-benz-maple.ca/privacy-policy.html,New,4804,In stock,,79761 CAD,Free,
W1KAF4HB5VR366965,W1KAF4HB5VR366965,27658396-new,Mercedes-Benz,C-Class,C 300 4MATIC Sedan,2027,AUTOMATIC,SEDAN,GASOLINE,,"2027 Mercedes-Benz C-Class C 300 4MATIC Sedan, Black exterior","[{url:'https://carimages.d2cmedia.ca/newcarimages/en/cb6ab798baca942/Mercedes-Benz/C-Class/2027/1200/490907-NE1BVElDIFNlZGFu/black/front45.png'},{url:'https://carimages.d2cmedia.ca/newcarimages/fr/cb6ab798baca942/Mercedes-Benz/C-Class/2027/640/490907-NE1BVElDIFNlZGFu/black/front_45_degree.png'},{url:'https://carimages.d2cmedia.ca/newcarimages/fr/cb6ab798baca942/Mercedes-Benz/C-Class/2027/2100/490907-NE1BVElDIFNlZGFu/black/front_45_degree.png'}]",90,KM,https://www.mercedes-benz-maple.ca/new/inventory/2027-Mercedes_Benz-C_300-id14429901.html,2027 Mercedes-Benz C-Class C 300 4MATIC Sedan at Mercedes-Benz Maple,80161 CAD,New,Black,Black,4804,Mercedes-Benz Maple,+1-905-585-9300,"{addr1: '9300 Jane St', city: 'Maple', region: 'Ontario', postal_code: 'L6A 0C5', country: 'CA'}",43.8344170000,-79.5341990000,,,,,https://www.mercedes-benz-maple.ca/privacy-policy.html,New,4804,In stock,,80161 CAD,Free,
W1KAF4HB7TR358735,W1KAF4HB7TR358735,26653436-new,Mercedes-Benz,C-Class,C 300 4MATIC Sedan,2026,AUTOMATIC,SEDAN,GASOLINE,,"2026 Mercedes-Benz C-Class C 300 4MATIC Sedan, Grey exterior","[{url:'https://carimages.d2cmedia.ca/newcarimages/en/cb6ab798baca942/Mercedes-Benz/C-Class/2026/1200/477132-NE1BVElDIFNlZGFu/X3C3C3C/front45.png'},{url:'https://carimages.d2cmedia.ca/newcarimages/en/cb6ab798baca942/Mercedes-Benz/C-Class/2026/1280/477132/X3c3c3c/front_45_degree.png'},{url:'https://carimages.d2cmedia.ca/newcarimages/en/cb6ab798baca942/Mercedes-Benz/C-Class/2026/2100/477132/X3c3c3c/front_45_degree.png'},{url:'https://carimages.d2cmedia.ca/newcarimages/en/cb6ab798baca942/Mercedes-Benz/C-Class/2026/2100/477132/X3c3c3c/profile.png'},{url:'https://carimages.d2cmedia.ca/newcarimages/en/cb6ab798baca942/Mercedes-Benz/C-Class/2026/2100/477132/X3c3c3c/back_45_degree.png'},{url:'https://carimages.d2cmedia.ca/newcarimages/en/cb6ab798baca942/Mercedes-Benz/C-Class/2026/2100/477132/X3c3c3c/driver_dashboard.png'},{url:'https://carimages.d2cmedia.ca/newcarimages/en/cb6ab798baca942/Mercedes-Benz/C-Class/2026/2100/477132/X3c3c3c/full_dashboard.png'},{url:'https://carimages.d2cmedia.ca/newcarimages/en/cb6ab798baca942/Mercedes-Benz/C-Class/2026/2100/477132/X3c3c3c/interior_driver_open_seat.png'},{url:'https://carimages.d2cmedia.ca/newcarimages/en/cb6ab798baca942/Mercedes-Benz/C-Class/2026/2100/477132/X3c3c3c/interior_driver_stereo.png'},{url:'https://carimages.d2cmedia.ca/newcarimages/en/cb6ab798baca942/Mercedes-Benz/C-Class/2026/2100/477132/X3c3c3c/interior_driver_reat_seats.png'}]",90,KM,https://www.mercedes-benz-maple.ca/new/inventory/2026-Mercedes_Benz-C_300-id14258890.html,2026 Mercedes-Benz C-Class C 300 4MATIC Sedan at Mercedes-Benz Maple,80861 CAD,New,Grey,Red,4804,Mercedes-Benz Maple,+1-905-585-9300,"{addr1: '9300 Jane St', city: 'Maple', region: 'Ontario', postal_code: 'L6A 0C5', country: 'CA'}",43.8344170000,-79.5341990000,,,,,https://www.mercedes-benz-maple.ca/privacy-policy.html,New,4804,In stock,,80861 CAD,Free,
W1KAF4HB8VR374123,W1KAF4HB8VR374123,27662900-new,Mercedes-Benz,C-Class,C 300 4MATIC Sedan,2027,AUTOMATIC,SEDAN,GASOLINE,,"2027 Mercedes-Benz C-Class C 300 4MATIC Sedan, Grey exterior","[{url:'https://carimages.d2cmedia.ca/newcarimages/en/cb6ab798baca942/Mercedes-Benz/C-Class/2027/1200/490907-NE1BVElDIFNlZGFu/X3C3C3C/front45.png'},{url:'https://carimages.d2cmedia.ca/newcarimages/fr/cb6ab798baca942/Mercedes-Benz/C-Class/2027/640/490907-NE1BVElDIFNlZGFu/X3c3c3c/front_45_degree.png'},{url:'https://carimages.d2cmedia.ca/newcarimages/fr/cb6ab798baca942/Mercedes-Benz/C-Class/2027/2100/490907-NE1BVElDIFNlZGFu/X3c3c3c/front_45_degree.png'}]",90,KM,https://www.mercedes-benz-maple.ca/new/inventory/2027-Mercedes_Benz-C_300-id14429908.html,2027 Mercedes-Benz C-Class C 300 4MATIC Sedan at Mercedes-Benz Maple,81261 CAD,New,Grey,Black,4804,Mercedes-Benz Maple,+1-905-585-9300,"{addr1: '9300 Jane St', city: 'Maple', region: 'Ontario', postal_code: 'L6A 0C5', country: 'CA'}",43.8344170000,-79.5341990000,,,,,https://www.mercedes-benz-maple.ca/privacy-policy.html,New,4804,In stock,,81261 CAD,Free,
W1KAF4HB4TR349832,W1KAF4HB4TR349832,26653434-new,Mercedes-Benz,C-Class,C 300 4MATIC Sedan,2026,AUTOMATIC,SEDAN,GASOLINE,,"2026 Mercedes-Benz C-Class C 300 4MATIC Sedan, Grey exterior","[{url:'https://carimages.d2cmedia.ca/newcarimages/en/cb6ab798baca942/Mercedes-Benz/C-Class/2026/1200/477132-NE1BVElDIFNlZGFu/X9C9AA1/front45.png'},{url:'https://carimages.d2cmedia.ca/newcarimages/en/cb6ab798baca942/Mercedes-Benz/C-Class/2026/1280/477132/X9c9aa1/front_45_degree.png'},{url:'https://carimages.d2cmedia.ca/newcarimages/en/cb6ab798baca942/Mercedes-Benz/C-Class/2026/2100/477132/X9c9aa1/front_45_degree.png'},{url:'https://carimages.d2cmedia.ca/newcarimages/en/cb6ab798baca942/Mercedes-Benz/C-Class/2026/2100/477132/X9c9aa1/profile.png'},{url:'https://carimages.d2cmedia.ca/newcarimages/en/cb6ab798baca942/Mercedes-Benz/C-Class/2026/2100/477132/X9c9aa1/back_45_degree.png'},{url:'https://carimages.d2cmedia.ca/newcarimages/en/cb6ab798baca942/Mercedes-Benz/C-Class/2026/2100/477132/X9c9aa1/driver_dashboard.png'},{url:'https://carimages.d2cmedia.ca/newcarimages/en/cb6ab798baca942/Mercedes-Benz/C-Class/2026/2100/477132/X9c9aa1/full_dashboard.png'},{url:'https://carimages.d2cmedia.ca/newcarimages/en/cb6ab798baca942/Mercedes-Benz/C-Class/2026/2100/477132/X9c9aa1/interior_driver_open_seat.png'},{url:'https://carimages.d2cmedia.ca/newcarimages/en/cb6ab798baca942/Mercedes-Benz/C-Class/2026/2100/477132/X9c9aa1/interior_driver_stereo.png'},{url:'https://carimages.d2cmedia.ca/newcarimages/en/cb6ab798baca942/Mercedes-Benz/C-Class/2026/2100/477132/X9c9aa1/interior_driver_reat_seats.png'}]",90,KM,https://www.mercedes-benz-maple.ca/new/inventory/2026-Mercedes_Benz-C_300-id14003276.html,2026 Mercedes-Benz C-Class C 300 4MATIC Sedan at Mercedes-Benz Maple,82161 CAD,New,Grey,Red,4804,Mercedes-Benz Maple,+1-905-585-9300,"{addr1: '9300 Jane St', city: 'Maple', region: 'Ontario', postal_code: 'L6A 0C5', country: 'CA'}",43.8344170000,-79.5341990000,,,,,https://www.mercedes-benz-maple.ca/privacy-policy.html,New,4804,In stock,,82161 CAD,Free,
W1KAF4HB6VR369860,W1KAF4HB6VR369860,27660486-new,Mercedes-Benz,C-Class,C 300 4MATIC Sedan,2027,AUTOMATIC,SEDAN,GASOLINE,,"2027 Mercedes-Benz C-Class C 300 4MATIC Sedan, Black exterior","[{url:'https://carimages.d2cmedia.ca/newcarimages/en/cb6ab798baca942/Mercedes-Benz/C-Class/2027/1200/490907-NE1BVElDIFNlZGFu/black/front45.png'},{url:'https://carimages.d2cmedia.ca/newcarimages/fr/cb6ab798baca942/Mercedes-Benz/C-Class/2027/640/490907-NE1BVElDIFNlZGFu/black/front_45_degree.png'},{url:'https://carimages.d2cmedia.ca/newcarimages/fr/cb6ab798baca942/Mercedes-Benz/C-Class/2027/2100/490907-NE1BVElDIFNlZGFu/black/front_45_degree.png'}]",90,KM,https://www.mercedes-benz-maple.ca/new/inventory/2027-Mercedes_Benz-C_300-id14429904.html,2027 Mercedes-Benz C-Class C 300 4MATIC Sedan at Mercedes-Benz Maple,82461 CAD,New,Black,Red,4804,Mercedes-Benz Maple,+1-905-585-9300,"{addr1: '9300 Jane St', city: 'Maple', region: 'Ontario', postal_code: 'L6A 0C5', country: 'CA'}",43.8344170000,-79.5341990000,,,,,https://www.mercedes-benz-maple.ca/privacy-policy.html,New,4804,In stock,,82461 CAD,Free,
W1KAF4HB1VR374058,W1KAF4HB1VR374058,27662587-new,Mercedes-Benz,C-Class,C 300 4MATIC Sedan,2027,AUTOMATIC,SEDAN,GASOLINE,,"2027 Mercedes-Benz C-Class C 300 4MATIC Sedan, Grey exterior","[{url:'https://carimages.d2cmedia.ca/newcarimages/en/cb6ab798baca942/Mercedes-Benz/C-Class/2027/1200/490907-NE1BVElDIFNlZGFu/X9C9AA1/front45.png'},{url:'https://carimages.d2cmedia.ca/newcarimages/fr/cb6ab798baca942/Mercedes-Benz/C-Class/2027/640/490907-NE1BVElDIFNlZGFu/X9c9aa1/front_45_degree.png'},{url:'https://carimages.d2cmedia.ca/newcarimages/fr/cb6ab798baca942/Mercedes-Benz/C-Class/2027/2100/490907-NE1BVElDIFNlZGFu/X9c9aa1/front_45_degree.png'}]",90,KM,https://www.mercedes-benz-maple.ca/new/inventory/2027-Mercedes_Benz-C_300-id14429905.html,2027 Mercedes-Benz C-Class C 300 4MATIC Sedan at Mercedes-Benz Maple,82561 CAD,New,Grey,Black,4804,Mercedes-Benz Maple,+1-905-585-9300,"{addr1: '9300 Jane St', city: 'Maple', region: 'Ontario', postal_code: 'L6A 0C5', country: 'CA'}",43.8344170000,-79.5341990000,,,,,https://www.mercedes-benz-maple.ca/privacy-policy.html,New,4804,In stock,,82561 CAD,Free,
W1KAF4HB4TR357249,W1KAF4HB4TR357249,26658399-new,Mercedes-Benz,C-Class,C 300 4MATIC Sedan,2026,AUTOMATIC,SEDAN,GASOLINE,,"2026 Mercedes-Benz C-Class C 300 4MATIC Sedan, Grey exterior","[{url:'https://carimages.d2cmedia.ca/newcarimages/en/cb6ab798baca942/Mercedes-Benz/C-Class/2026/1200/477132-NE1BVElDIFNlZGFu/X9C9AA1/front45.png'},{url:'https://carimages.d2cmedia.ca/newcarimages/en/cb6ab798baca942/Mercedes-Benz/C-Class/2026/1280/477132/X9c9aa1/front_45_degree.png'},{url:'https://carimages.d2cmedia.ca/newcarimages/en/cb6ab798baca942/Mercedes-Benz/C-Class/2026/2100/477132/X9c9aa1/front_45_degree.png'},{url:'https://carimages.d2cmedia.ca/newcarimages/en/cb6ab798baca942/Mercedes-Benz/C-Class/2026/2100/477132/X9c9aa1/profile.png'},{url:'https://carimages.d2cmedia.ca/newcarimages/en/cb6ab798baca942/Mercedes-Benz/C-Class/2026/2100/477132/X9c9aa1/back_45_degree.png'},{url:'https://carimages.d2cmedia.ca/newcarimages/en/cb6ab798baca942/Mercedes-Benz/C-Class/2026/2100/477132/X9c9aa1/driver_dashboard.png'},{url:'https://carimages.d2cmedia.ca/newcarimages/en/cb6ab798baca942/Mercedes-Benz/C-Class/2026/2100/477132/X9c9aa1/full_dashboard.png'},{url:'https://carimages.d2cmedia.ca/newcarimages/en/cb6ab798baca942/Mercedes-Benz/C-Class/2026/2100/477132/X9c9aa1/interior_driver_open_seat.png'},{url:'https://carimages.d2cmedia.ca/newcarimages/en/cb6ab798baca942/Mercedes-Benz/C-Class/2026/2100/477132/X9c9aa1/interior_driver_stereo.png'},{url:'https://carimages.d2cmedia.ca/newcarimages/en/cb6ab798baca942/Mercedes-Benz/C-Class/2026/2100/477132/X9c9aa1/interior_driver_reat_seats.png'}]",90,KM,https://www.mercedes-benz-maple.ca/new/inventory/2026-Mercedes_Benz-C_300-id14377122.html,2026 Mercedes-Benz C-Class C 300 4MATIC Sedan at Mercedes-Benz Maple,83461 CAD,New,Grey,Red,4804,Mercedes-Benz Maple,+1-905-585-9300,"{addr1: '9300 Jane St', city: 'Maple', region: 'Ontario', postal_code: 'L6A 0C5', country: 'CA'}",43.8344170000,-79.5341990000,,,,,https://www.mercedes-benz-maple.ca/privacy-policy.html,New,4804,In stock,,83461 CAD,Free,
W1KAF8HB9TR360333,W1KAF8HB9TR360333,26660092-new,Mercedes-Benz,C-Class,AMG C 43 4MATIC Sedan,2026,AUTOMATIC,SEDAN,GASOLINE,,"2026 Mercedes-Benz C-Class AMG C 43 4MATIC Sedan, Grey exterior","[{url:'https://carimages.d2cmedia.ca/newcarimages/en/cb6ab798baca942/Mercedes-Benz/C-Class/2026/1200/477133-NE1BVElDIFNlZGFu/X3C3C3C/front45.png'},{url:'https://carimages.d2cmedia.ca/newcarimages/en/cb6ab798baca942/Mercedes-Benz/C-Class/2026/1280/477133/X3c3c3c/front_45_degree.png'},{url:'https://carimages.d2cmedia.ca/newcarimages/en/cb6ab798baca942/Mercedes-Benz/C-Class/2026/2100/477133/X3c3c3c/front_45_degree.png'},{url:'https://carimages.d2cmedia.ca/newcarimages/en/cb6ab798baca942/Mercedes-Benz/C-Class/2026/2100/477133/X3c3c3c/profile.png'},{url:'https://carimages.d2cmedia.ca/newcarimages/en/cb6ab798baca942/Mercedes-Benz/C-Class/2026/2100/477133/X3c3c3c/back_45_degree.png'},{url:'https://carimages.d2cmedia.ca/newcarimages/en/cb6ab798baca942/Mercedes-Benz/C-Class/2026/2100/477133/X3c3c3c/driver_dashboard.png'},{url:'https://carimages.d2cmedia.ca/newcarimages/en/cb6ab798baca942/Mercedes-Benz/C-Class/2026/2100/477133/X3c3c3c/full_dashboard.png'},{url:'https://carimages.d2cmedia.ca/newcarimages/en/cb6ab798baca942/Mercedes-Benz/C-Class/2026/2100/477133/X3c3c3c/interior_driver_open_seat.png'},{url:'https://carimages.d2cmedia.ca/newcarimages/en/cb6ab798baca942/Mercedes-Benz/C-Class/2026/2100/477133/X3c3c3c/interior_driver_stereo.png'},{url:'https://carimages.d2cmedia.ca/newcarimages/en/cb6ab798baca942/Mercedes-Benz/C-Class/2026/2100/477133/X3c3c3c/interior_driver_reat_seats.png'}]",90,KM,https://www.mercedes-benz-maple.ca/new/inventory/2026-Mercedes_Benz-C_43_AMG-id14402044.html,2026 Mercedes-Benz C-Class AMG C 43 4MATIC Sedan at Mercedes-Benz Maple,107849 CAD,New,Grey,Black,4804,Mercedes-Benz Maple,+1-905-585-9300,"{addr1: '9300 Jane St', city: 'Maple', region: 'Ontario', postal_code: 'L6A 0C5', country: 'CA'}",43.8344170000,-79.5341990000,,,,,https://www.mercedes-benz-maple.ca/privacy-policy.html,New,4804,In stock,,107849 CAD,Free,
4JGFB4FB4TB717364,4JGFB4FB4TB717364,26657876-new,Mercedes-Benz,GLE,GLE 350 4MATIC SUV,2026,AUTOMATIC,SUV,GASOLINE,,"2026 Mercedes-Benz GLE GLE 350 4MATIC SUV, White exterior","[{url:'https://carimages.d2cmedia.ca/newcarimages/en/cb6ab798baca942/Mercedes-Benz/GLE/2026/1200/479897-NE1BVElDIFNVVg/XE9E9E9/front45.png'},{url:'https://carimages.d2cmedia.ca/newcarimages/en/cb6ab798baca942/Mercedes-Benz/GLE/2026/1280/479897/Xe9e9e9/front_45_degree.png'},{url:'https://carimages.d2cmedia.ca/newcarimages/en/cb6ab798baca942/Mercedes-Benz/GLE/2026/2100/479897/Xe9e9e9/front_45_degree.png'},{url:'https://carimages.d2cmedia.ca/newcarimages/en/cb6ab798baca942/Mercedes-Benz/GLE/2026/2100/479897/Xe9e9e9/profile.png'},{url:'https://carimages.d2cmedia.ca/newcarimages/en/cb6ab798baca942/Mercedes-Benz/GLE/2026/2100/479897/Xe9e9e9/back_45_degree.png'},{url:'https://carimages.d2cmedia.ca/newcarimages/en/cb6ab798baca942/Mercedes-Benz/GLE/2026/2100/479897/Xe9e9e9/driver_dashboard.png'},{url:'https://carimages.d2cmedia.ca/newcarimages/en/cb6ab798baca942/Mercedes-Benz/GLE/2026/2100/479897/Xe9e9e9/full_dashboard.png'},{url:'https://carimages.d2cmedia.ca/newcarimages/en/cb6ab798baca942/Mercedes-Benz/GLE/2026/2100/479897/Xe9e9e9/interior_driver_open_seat.png'},{url:'https://carimages.d2cmedia.ca/newcarimages/en/cb6ab798baca942/Mercedes-Benz/GLE/2026/2100/479897/Xe9e9e9/interior_driver_stereo.png'},{url:'https://carimages.d2cmedia.ca/newcarimages/en/cb6ab798baca942/Mercedes-Benz/GLE/2026/2100/479897/Xe9e9e9/interior_driver_reat_seats.png'}]",90,KM,https://www.mercedes-benz-maple.ca/new/inventory/2026-Mercedes_Benz-GLE_350-id14208587.html,2026 Mercedes-Benz GLE GLE 350 4MATIC SUV at Mercedes-Benz Maple,99611 CAD,New,White,Black,4804,Mercedes-Benz Maple,+1-905-585-9300,"{addr1: '9300 Jane St', city: 'Maple', region: 'Ontario', postal_code: 'L6A 0C5', country: 'CA'}",43.8344170000,-79.5341990000,,,,,https://www.mercedes-benz-maple.ca/privacy-policy.html,New,4804,In stock,,99611 CAD,Free,
4JGFB5KB2TB658469,4JGFB5KB2TB658469,26651082-new,Mercedes-Benz,GLE,GLE 450 4MATIC SUV,2026,AUTOMATIC,SUV,GASOLINE,,"2026 Mercedes-Benz GLE GLE 450 4MATIC SUV, White exterior","[{url:'https://carimages.d2cmedia.ca/newcarimages/en/cb6ab798baca942/Mercedes-Benz/GLE/2026/1200/479978-NE1BVElDIFNVVg/XE9E9E9/front45.png'},{url:'https://carimages.d2cmedia.ca/newcarimages/en/cb6ab798baca942/Mercedes-Benz/GLE/2026/1280/479978/Xe9e9e9/front_45_degree.png'},{url:'https://carimages.d2cmedia.ca/newcarimages/en/cb6ab798baca942/Mercedes-Benz/GLE/2026/2100/479978/Xe9e9e9/front_45_degree.png'},{url:'https://carimages.d2cmedia.ca/newcarimages/en/cb6ab798baca942/Mercedes-Benz/GLE/2026/2100/479978/Xe9e9e9/profile.png'},{url:'https://carimages.d2cmedia.ca/newcarimages/en/cb6ab798baca942/Mercedes-Benz/GLE/2026/2100/479978/Xe9e9e9/back_45_degree.png'},{url:'https://carimages.d2cmedia.ca/newcarimages/en/cb6ab798baca942/Mercedes-Benz/GLE/2026/2100/479978/Xe9e9e9/driver_dashboard.png'},{url:'https://carimages.d2cmedia.ca/newcarimages/en/cb6ab798baca942/Mercedes-Benz/GLE/2026/2100/479978/Xe9e9e9/full_dashboard.png'},{url:'https://carimages.d2cmedia.ca/newcarimages/en/cb6ab798baca942/Mercedes-Benz/GLE/2026/2100/479978/Xe9e9e9/interior_driver_open_seat.png'},{url:'https://carimages.d2cmedia.ca/newcarimages/en/cb6ab798baca942/Mercedes-Benz/GLE/2026/2100/479978/Xe9e9e9/interior_driver_stereo.png'},{url:'https://carimages.d2cmedia.ca/newcarimages/en/cb6ab798baca942/Mercedes-Benz/GLE/2026/2100/479978/Xe9e9e9/interior_driver_reat_seats.png'}]",90,KM,https://www.mercedes-benz-maple.ca/new/inventory/2026-Mercedes_Benz-GLE_450-id13773520.html,2026 Mercedes-Benz GLE GLE 450 4MATIC SUV at Mercedes-Benz Maple,100612 CAD,New,White,Black,4804,Mercedes-Benz Maple,+1-905-585-9300,"{addr1: '9300 Jane St', city: 'Maple', region: 'Ontario', postal_code: 'L6A 0C5', country: 'CA'}",43.8344170000,-79.5341990000,,,,,https://www.mercedes-benz-maple.ca/privacy-policy.html,New,4804,In stock,,100612 CAD,Free,
4JGFB4FB1TB658497,4JGFB4FB1TB658497,26651090-new,Mercedes-Benz,GLE,GLE 350 4MATIC SUV,2026,AUTOMATIC,SUV,GASOLINE,,"2026 Mercedes-Benz GLE GLE 350 4MATIC SUV, White exterior","[{url:'https://carimages.d2cmedia.ca/newcarimages/en/cb6ab798baca942/Mercedes-Benz/GLE/2026/1200/479897-NE1BVElDIFNVVg/XE9E9E9/front45.png'},{url:'https://carimages.d2cmedia.ca/newcarimages/en/cb6ab798baca942/Mercedes-Benz/GLE/2026/1280/479897/Xe9e9e9/front_45_degree.png'},{url:'https://carimages.d2cmedia.ca/newcarimages/en/cb6ab798baca942/Mercedes-Benz/GLE/2026/2100/479897/Xe9e9e9/front_45_degree.png'},{url:'https://carimages.d2cmedia.ca/newcarimages/en/cb6ab798baca942/Mercedes-Benz/GLE/2026/2100/479897/Xe9e9e9/profile.png'},{url:'https://carimages.d2cmedia.ca/newcarimages/en/cb6ab798baca942/Mercedes-Benz/GLE/2026/2100/479897/Xe9e9e9/back_45_degree.png'},{url:'https://carimages.d2cmedia.ca/newcarimages/en/cb6ab798baca942/Mercedes-Benz/GLE/2026/2100/479897/Xe9e9e9/driver_dashboard.png'},{url:'https://carimages.d2cmedia.ca/newcarimages/en/cb6ab798baca942/Mercedes-Benz/GLE/2026/2100/479897/Xe9e9e9/full_dashboard.png'},{url:'https://carimages.d2cmedia.ca/newcarimages/en/cb6ab798baca942/Mercedes-Benz/GLE/2026/2100/479897/Xe9e9e9/interior_driver_open_seat.png'},{url:'https://carimages.d2cmedia.ca/newcarimages/en/cb6ab798baca942/Mercedes-Benz/GLE/2026/2100/479897/Xe9e9e9/interior_driver_stereo.png'},{url:'https://carimages.d2cmedia.ca/newcarimages/en/cb6ab798baca942/Mercedes-Benz/GLE/2026/2100/479897/Xe9e9e9/interior_driver_reat_seats.png'}]",90,KM,https://www.mercedes-benz-maple.ca/new/inventory/2026-Mercedes_Benz-GLE_350-id13800753.html,2026 Mercedes-Benz GLE GLE 350 4MATIC SUV at Mercedes-Benz Maple,102052 CAD,New,White,Beige,4804,Mercedes-Benz Maple,+1-905-585-9300,"{addr1: '9300 Jane St', city: 'Maple', region: 'Ontario', postal_code: 'L6A 0C5', country: 'CA'}",43.8344170000,-79.5341990000,,,,,https://www.mercedes-benz-maple.ca/privacy-policy.html,New,4804,In stock,,102052 CAD,Free,
4JGFB4FB4TB719888,4JGFB4FB4TB719888,26657914-new,Mercedes-Benz,GLE,GLE 350 4MATIC SUV,2026,AUTOMATIC,SUV,GASOLINE,,"2026 Mercedes-Benz GLE GLE 350 4MATIC SUV, White exterior","[{url:'https://carimages.d2cmedia.ca/newcarimages/en/cb6ab798baca942/Mercedes-Benz/GLE/2026/1200/479897-NE1BVElDIFNVVg/XEEEDEB/front45.png'},{url:'https://carimages.d2cmedia.ca/newcarimages/en/cb6ab798baca942/Mercedes-Benz/GLE/2026/1280/479897/Xeeedeb/front_45_degree.png'},{url:'https://carimages.d2cmedia.ca/newcarimages/en/cb6ab798baca942/Mercedes-Benz/GLE/2026/2100/479897/Xeeedeb/front_45_degree.png'},{url:'https://carimages.d2cmedia.ca/newcarimages/en/cb6ab798baca942/Mercedes-Benz/GLE/2026/2100/479897/Xeeedeb/profile.png'},{url:'https://carimages.d2cmedia.ca/newcarimages/en/cb6ab798baca942/Mercedes-Benz/GLE/2026/2100/479897/Xeeedeb/back_45_degree.png'},{url:'https://carimages.d2cmedia.ca/newcarimages/en/cb6ab798baca942/Mercedes-Benz/GLE/2026/2100/479897/Xeeedeb/driver_dashboard.png'},{url:'https://carimages.d2cmedia.ca/newcarimages/en/cb6ab798baca942/Mercedes-Benz/GLE/2026/2100/479897/Xeeedeb/full_dashboard.png'},{url:'https://carimages.d2cmedia.ca/newcarimages/en/cb6ab798baca942/Mercedes-Benz/GLE/2026/2100/479897/Xeeedeb/interior_driver_open_seat.png'},{url:'https://carimages.d2cmedia.ca/newcarimages/en/cb6ab798baca942/Mercedes-Benz/GLE/2026/2100/479897/Xeeedeb/interior_driver_stereo.png'},{url:'https://carimages.d2cmedia.ca/newcarimages/en/cb6ab798baca942/Mercedes-Benz/GLE/2026/2100/479897/Xeeedeb/interior_driver_reat_seats.png'}]",90,KM,https://www.mercedes-benz-maple.ca/new/inventory/2026-Mercedes_Benz-GLE_350-id14223690.html,2026 Mercedes-Benz GLE GLE 350 4MATIC SUV at Mercedes-Benz Maple,103732 CAD,New,White,Beige,4804,Mercedes-Benz Maple,+1-905-585-9300,"{addr1: '9300 Jane St', city: 'Maple', region: 'Ontario', postal_code: 'L6A 0C5', country: 'CA'}",43.8344170000,-79.5341990000,,,,,https://www.mercedes-benz-maple.ca/privacy-policy.html,New,4804,In stock,,103732 CAD,Free,
4JGFB4FB9TB678898,4JGFB4FB9TB678898,26653171-new,Mercedes-Benz,GLE,GLE 350 4MATIC SUV,2026,AUTOMATIC,SUV,GASOLINE,,"2026 Mercedes-Benz GLE GLE 350 4MATIC SUV, Grey exterior","[{url:'https://carimages.d2cmedia.ca/newcarimages/en/cb6ab798baca942/Mercedes-Benz/GLE/2026/1200/479897-NE1BVElDIFNVVg/gray/front45.png'},{url:'https://carimages.d2cmedia.ca/newcarimages/en/cb6ab798baca942/Mercedes-Benz/GLE/2026/1280/479897/gray/front_45_degree.png'},{url:'https://carimages.d2cmedia.ca/newcarimages/en/cb6ab798baca942/Mercedes-Benz/GLE/2026/2100/479897/gray/front_45_degree.png'},{url:'https://carimages.d2cmedia.ca/newcarimages/en/cb6ab798baca942/Mercedes-Benz/GLE/2026/2100/479897/gray/profile.png'},{url:'https://carimages.d2cmedia.ca/newcarimages/en/cb6ab798baca942/Mercedes-Benz/GLE/2026/2100/479897/gray/back_45_degree.png'},{url:'https://carimages.d2cmedia.ca/newcarimages/en/cb6ab798baca942/Mercedes-Benz/GLE/2026/2100/479897/gray/driver_dashboard.png'},{url:'https://carimages.d2cmedia.ca/newcarimages/en/cb6ab798baca942/Mercedes-Benz/GLE/2026/2100/479897/gray/full_dashboard.png'},{url:'https://carimages.d2cmedia.ca/newcarimages/en/cb6ab798baca942/Mercedes-Benz/GLE/2026/2100/479897/gray/interior_driver_open_seat.png'},{url:'https://carimages.d2cmedia.ca/newcarimages/en/cb6ab798baca942/Mercedes-Benz/GLE/2026/2100/479897/gray/interior_driver_stereo.png'},{url:'https://carimages.d2cmedia.ca/newcarimages/en/cb6ab798baca942/Mercedes-Benz/GLE/2026/2100/479897/gray/interior_driver_reat_seats.png'}]",90,KM,https://www.mercedes-benz-maple.ca/new/inventory/2026-Mercedes_Benz-GLE_350-id14027332.html,2026 Mercedes-Benz GLE GLE 350 4MATIC SUV at Mercedes-Benz Maple,104212 CAD,New,Grey,Black,4804,Mercedes-Benz Maple,+1-905-585-9300,"{addr1: '9300 Jane St', city: 'Maple', region: 'Ontario', postal_code: 'L6A 0C5', country: 'CA'}",43.8344170000,-79.5341990000,,,,,https://www.mercedes-benz-maple.ca/privacy-policy.html,New,4804,In stock,,104212 CAD,Free,
4JGFB4FE9TB580304,4JGFB4FE9TB580304,26525447-new,Mercedes-Benz,GLE,GLE 350 4MATIC SUV,2026,AUTOMATIC,SUV,GASOLINE,,"2026 Mercedes-Benz GLE GLE 350 4MATIC SUV, White exterior","[{url:'https://carimages.d2cmedia.ca/newcarimages/en/cb6ab798baca942/Mercedes-Benz/GLE/2026/1200/479897-NE1BVElDIFNVVg/XE9E9E9/front45.png'},{url:'https://carimages.d2cmedia.ca/newcarimages/en/cb6ab798baca942/Mercedes-Benz/GLE/2026/1280/479897/Xe9e9e9/front_45_degree.png'},{url:'https://carimages.d2cmedia.ca/newcarimages/en/cb6ab798baca942/Mercedes-Benz/GLE/2026/2100/479897/Xe9e9e9/front_45_degree.png'},{url:'https://carimages.d2cmedia.ca/newcarimages/en/cb6ab798baca942/Mercedes-Benz/GLE/2026/2100/479897/Xe9e9e9/profile.png'},{url:'https://carimages.d2cmedia.ca/newcarimages/en/cb6ab798baca942/Mercedes-Benz/GLE/2026/2100/479897/Xe9e9e9/back_45_degree.png'},{url:'https://carimages.d2cmedia.ca/newcarimages/en/cb6ab798baca942/Mercedes-Benz/GLE/2026/2100/479897/Xe9e9e9/driver_dashboard.png'},{url:'https://carimages.d2cmedia.ca/newcarimages/en/cb6ab798baca942/Mercedes-Benz/GLE/2026/2100/479897/Xe9e9e9/full_dashboard.png'},{url:'https://carimages.d2cmedia.ca/newcarimages/en/cb6ab798baca942/Mercedes-Benz/GLE/2026/2100/479897/Xe9e9e9/interior_driver_open_seat.png'},{url:'https://carimages.d2cmedia.ca/newcarimages/en/cb6ab798baca942/Mercedes-Benz/GLE/2026/2100/479897/Xe9e9e9/interior_driver_stereo.png'},{url:'https://carimages.d2cmedia.ca/newcarimages/en/cb6ab798baca942/Mercedes-Benz/GLE/2026/2100/479897/Xe9e9e9/interior_driver_reat_seats.png'}]",90,KM,https://www.mercedes-benz-maple.ca/new/inventory/2026-Mercedes_Benz-GLE_350-id14284797.html,2026 Mercedes-Benz GLE GLE 350 4MATIC SUV at Mercedes-Benz Maple,105412 CAD,New,White,Black,4804,Mercedes-Benz Maple,+1-905-585-9300,"{addr1: '9300 Jane St', city: 'Maple', region: 'Ontario', postal_code: 'L6A 0C5', country: 'CA'}",43.8344170000,-79.5341990000,,,,,https://www.mercedes-benz-maple.ca/privacy-policy.html,New,4804,In stock,,105412 CAD,Free,
4JGFB5KB5TB666159,4JGFB5KB5TB666159,26653127-new,Mercedes-Benz,GLE,GLE 450 4MATIC SUV,2026,AUTOMATIC,SUV,GASOLINE,,"2026 Mercedes-Benz GLE GLE 450 4MATIC SUV, White exterior","[{url:'https://carimages.d2cmedia.ca/newcarimages/en/cb6ab798baca942/Mercedes-Benz/GLE/2026/1200/479978-NE1BVElDIFNVVg/XE9E9E9/front45.png'},{url:'https://carimages.d2cmedia.ca/newcarimages/en/cb6ab798baca942/Mercedes-Benz/GLE/2026/1280/479978/Xe9e9e9/front_45_degree.png'},{url:'https://carimages.d2cmedia.ca/newcarimages/en/cb6ab798baca942/Mercedes-Benz/GLE/2026/2100/479978/Xe9e9e9/front_45_degree.png'},{url:'https://carimages.d2cmedia.ca/newcarimages/en/cb6ab798baca942/Mercedes-Benz/GLE/2026/2100/479978/Xe9e9e9/profile.png'},{url:'https://carimages.d2cmedia.ca/newcarimages/en/cb6ab798baca942/Mercedes-Benz/GLE/2026/2100/479978/Xe9e9e9/back_45_degree.png'},{url:'https://carimages.d2cmedia.ca/newcarimages/en/cb6ab798baca942/Mercedes-Benz/GLE/2026/2100/479978/Xe9e9e9/driver_dashboard.png'},{url:'https://carimages.d2cmedia.ca/newcarimages/en/cb6ab798baca942/Mercedes-Benz/GLE/2026/2100/479978/Xe9e9e9/full_dashboard.png'},{url:'https://carimages.d2cmedia.ca/newcarimages/en/cb6ab798baca942/Mercedes-Benz/GLE/2026/2100/479978/Xe9e9e9/interior_driver_open_seat.png'},{url:'https://carimages.d2cmedia.ca/newcarimages/en/cb6ab798baca942/Mercedes-Benz/GLE/2026/2100/479978/Xe9e9e9/interior_driver_stereo.png'},{url:'https://carimages.d2cmedia.ca/newcarimages/en/cb6ab798baca942/Mercedes-Benz/GLE/2026/2100/479978/Xe9e9e9/interior_driver_reat_seats.png'}]",90,KM,https://www.mercedes-benz-maple.ca/new/inventory/2026-Mercedes_Benz-GLE_450-id13782698.html,2026 Mercedes-Benz GLE GLE 450 4MATIC SUV at Mercedes-Benz Maple,105772 CAD,New,White,Black,4804,Mercedes-Benz Maple,+1-905-585-9300,"{addr1: '9300 Jane St', city: 'Maple', region: 'Ontario', postal_code: 'L6A 0C5', country: 'CA'}",43.8344170000,-79.5341990000,,,,,https://www.mercedes-benz-maple.ca/privacy-policy.html,New,4804,In stock,,105772 CAD,Free,
4JGFB5KB6TB630240,4JGFB5KB6TB630240,26650023-new,Mercedes-Benz,GLE,GLE 450 4MATIC SUV,2026,AUTOMATIC,SUV,GASOLINE,,"2026 Mercedes-Benz GLE GLE 450 4MATIC SUV, White exterior","[{url:'https://carimages.d2cmedia.ca/newcarimages/en/cb6ab798baca942/Mercedes-Benz/GLE/2026/1200/479978-NE1BVElDIFNVVg/XE9E9E9/front45.png'},{url:'https://carimages.d2cmedia.ca/newcarimages/en/cb6ab798baca942/Mercedes-Benz/GLE/2026/1280/479978/Xe9e9e9/front_45_degree.png'},{url:'https://carimages.d2cmedia.ca/newcarimages/en/cb6ab798baca942/Mercedes-Benz/GLE/2026/2100/479978/Xe9e9e9/front_45_degree.png'},{url:'https://carimages.d2cmedia.ca/newcarimages/en/cb6ab798baca942/Mercedes-Benz/GLE/2026/2100/479978/Xe9e9e9/profile.png'},{url:'https://carimages.d2cmedia.ca/newcarimages/en/cb6ab798baca942/Mercedes-Benz/GLE/2026/2100/479978/Xe9e9e9/back_45_degree.png'},{url:'https://carimages.d2cmedia.ca/newcarimages/en/cb6ab798baca942/Mercedes-Benz/GLE/2026/2100/479978/Xe9e9e9/driver_dashboard.png'},{url:'https://carimages.d2cmedia.ca/newcarimages/en/cb6ab798baca942/Mercedes-Benz/GLE/2026/2100/479978/Xe9e9e9/full_dashboard.png'},{url:'https://carimages.d2cmedia.ca/newcarimages/en/cb6ab798baca942/Mercedes-Benz/GLE/2026/2100/479978/Xe9e9e9/interior_driver_open_seat.png'},{url:'https://carimages.d2cmedia.ca/newcarimages/en/cb6ab798baca942/Mercedes-Benz/GLE/2026/2100/479978/Xe9e9e9/interior_driver_stereo.png'},{url:'https://carimages.d2cmedia.ca/newcarimages/en/cb6ab798baca942/Mercedes-Benz/GLE/2026/2100/479978/Xe9e9e9/interior_driver_reat_seats.png'}]",90,KM,https://www.mercedes-benz-maple.ca/new/inventory/2026-Mercedes_Benz-GLE_450-id14095296.html,2026 Mercedes-Benz GLE GLE 450 4MATIC SUV at Mercedes-Benz Maple,106132 CAD,New,White,Black,4804,Mercedes-Benz Maple,+1-905-585-9300,"{addr1: '9300 Jane St', city: 'Maple', region: 'Ontario', postal_code: 'L6A 0C5', country: 'CA'}",43.8344170000,-79.5341990000,,,,,https://www.mercedes-benz-maple.ca/privacy-policy.html,New,4804,In stock,,106132 CAD,Free,
4JGFB5KB0TB717308,4JGFB5KB0TB717308,26657877-new,Mercedes-Benz,GLE,GLE 450 4MATIC SUV,2026,AUTOMATIC,SUV,GASOLINE,,"2026 Mercedes-Benz GLE GLE 450 4MATIC SUV, Grey exterior","[{url:'https://carimages.d2cmedia.ca/newcarimages/en/cb6ab798baca942/Mercedes-Benz/GLE/2026/1200/479978-NE1BVElDIFNVVg/X787E7A/front45.png'},{url:'https://carimages.d2cmedia.ca/newcarimages/en/cb6ab798baca942/Mercedes-Benz/GLE/2026/1280/479978/X787e7a/front_45_degree.png'},{url:'https://carimages.d2cmedia.ca/newcarimages/en/cb6ab798baca942/Mercedes-Benz/GLE/2026/2100/479978/X787e7a/front_45_degree.png'},{url:'https://carimages.d2cmedia.ca/newcarimages/en/cb6ab798baca942/Mercedes-Benz/GLE/2026/2100/479978/X787e7a/profile.png'},{url:'https://carimages.d2cmedia.ca/newcarimages/en/cb6ab798baca942/Mercedes-Benz/GLE/2026/2100/479978/X787e7a/back_45_degree.png'},{url:'https://carimages.d2cmedia.ca/newcarimages/en/cb6ab798baca942/Mercedes-Benz/GLE/2026/2100/479978/X787e7a/driver_dashboard.png'},{url:'https://carimages.d2cmedia.ca/newcarimages/en/cb6ab798baca942/Mercedes-Benz/GLE/2026/2100/479978/X787e7a/full_dashboard.png'},{url:'https://carimages.d2cmedia.ca/newcarimages/en/cb6ab798baca942/Mercedes-Benz/GLE/2026/2100/479978/X787e7a/interior_driver_open_seat.png'},{url:'https://carimages.d2cmedia.ca/newcarimages/en/cb6ab798baca942/Mercedes-Benz/GLE/2026/2100/479978/X787e7a/interior_driver_stereo.png'},{url:'https://carimages.d2cmedia.ca/newcarimages/en/cb6ab798baca942/Mercedes-Benz/GLE/2026/2100/479978/X787e7a/interior_driver_reat_seats.png'}]",90,KM,https://www.mercedes-benz-maple.ca/new/inventory/2026-Mercedes_Benz-GLE_450-id14203051.html,2026 Mercedes-Benz GLE GLE 450 4MATIC SUV at Mercedes-Benz Maple,106613 CAD,New,Grey,Black,4804,Mercedes-Benz Maple,+1-905-585-9300,"{addr1: '9300 Jane St', city: 'Maple', region: 'Ontario', postal_code: 'L6A 0C5', country: 'CA'}",43.8344170000,-79.5341990000,,,,,https://www.mercedes-benz-maple.ca/privacy-policy.html,New,4804,In stock,,106613 CAD,Free,
4JGFB4FB8TB565475,4JGFB4FB8TB565475,26520108-new,Mercedes-Benz,GLE,GLE 350 4MATIC SUV,2026,AUTOMATIC,SUV,GASOLINE,,"2026 Mercedes-Benz GLE GLE 350 4MATIC SUV, White exterior","[{url:'https://carimages.d2cmedia.ca/newcarimages/en/cb6ab798baca942/Mercedes-Benz/GLE/2026/1200/479897-NE1BVElDIFNVVg/XE9E9E9/front45.png'},{url:'https://carimages.d2cmedia.ca/newcarimages/en/cb6ab798baca942/Mercedes-Benz/GLE/2026/1280/479897/Xe9e9e9/front_45_degree.png'},{url:'https://carimages.d2cmedia.ca/newcarimages/en/cb6ab798baca942/Mercedes-Benz/GLE/2026/2100/479897/Xe9e9e9/front_45_degree.png'},{url:'https://carimages.d2cmedia.ca/newcarimages/en/cb6ab798baca942/Mercedes-Benz/GLE/2026/2100/479897/Xe9e9e9/profile.png'},{url:'https://carimages.d2cmedia.ca/newcarimages/en/cb6ab798baca942/Mercedes-Benz/GLE/2026/2100/479897/Xe9e9e9/back_45_degree.png'},{url:'https://carimages.d2cmedia.ca/newcarimages/en/cb6ab798baca942/Mercedes-Benz/GLE/2026/2100/479897/Xe9e9e9/driver_dashboard.png'},{url:'https://carimages.d2cmedia.ca/newcarimages/en/cb6ab798baca942/Mercedes-Benz/GLE/2026/2100/479897/Xe9e9e9/full_dashboard.png'},{url:'https://carimages.d2cmedia.ca/newcarimages/en/cb6ab798baca942/Mercedes-Benz/GLE/2026/2100/479897/Xe9e9e9/interior_driver_open_seat.png'},{url:'https://carimages.d2cmedia.ca/newcarimages/en/cb6ab798baca942/Mercedes-Benz/GLE/2026/2100/479897/Xe9e9e9/interior_driver_stereo.png'},{url:'https://carimages.d2cmedia.ca/newcarimages/en/cb6ab798baca942/Mercedes-Benz/GLE/2026/2100/479897/Xe9e9e9/interior_driver_reat_seats.png'}]",90,KM,https://www.mercedes-benz-maple.ca/new/inventory/2026-Mercedes_Benz-GLE_350-id13773531.html,2026 Mercedes-Benz GLE GLE 350 4MATIC SUV at Mercedes-Benz Maple,107092 CAD,New,White,Black,4804,Mercedes-Benz Maple,+1-905-585-9300,"{addr1: '9300 Jane St', city: 'Maple', region: 'Ontario', postal_code: 'L6A 0C5', country: 'CA'}",43.8344170000,-79.5341990000,,,,,https://www.mercedes-benz-maple.ca/privacy-policy.html,New,4804,In stock,,107092 CAD,Free,
4JGFB5KB5TB603692,4JGFB5KB5TB603692,26529463-new,Mercedes-Benz,GLE,GLE 450 4MATIC SUV,2026,AUTOMATIC,SUV,GASOLINE,,"2026 Mercedes-Benz GLE GLE 450 4MATIC SUV, White exterior","[{url:'https://carimages.d2cmedia.ca/newcarimages/en/cb6ab798baca942/Mercedes-Benz/GLE/2026/1200/479978-NE1BVElDIFNVVg/XE9E9E9/front45.png'},{url:'https://carimages.d2cmedia.ca/newcarimages/en/cb6ab798baca942/Mercedes-Benz/GLE/2026/1280/479978/Xe9e9e9/front_45_degree.png'},{url:'https://carimages.d2cmedia.ca/newcarimages/en/cb6ab798baca942/Mercedes-Benz/GLE/2026/2100/479978/Xe9e9e9/front_45_degree.png'},{url:'https://carimages.d2cmedia.ca/newcarimages/en/cb6ab798baca942/Mercedes-Benz/GLE/2026/2100/479978/Xe9e9e9/profile.png'},{url:'https://carimages.d2cmedia.ca/newcarimages/en/cb6ab798baca942/Mercedes-Benz/GLE/2026/2100/479978/Xe9e9e9/back_45_degree.png'},{url:'https://carimages.d2cmedia.ca/newcarimages/en/cb6ab798baca942/Mercedes-Benz/GLE/2026/2100/479978/Xe9e9e9/driver_dashboard.png'},{url:'https://carimages.d2cmedia.ca/newcarimages/en/cb6ab798baca942/Mercedes-Benz/GLE/2026/2100/479978/Xe9e9e9/full_dashboard.png'},{url:'https://carimages.d2cmedia.ca/newcarimages/en/cb6ab798baca942/Mercedes-Benz/GLE/2026/2100/479978/Xe9e9e9/interior_driver_open_seat.png'},{url:'https://carimages.d2cmedia.ca/newcarimages/en/cb6ab798baca942/Mercedes-Benz/GLE/2026/2100/479978/Xe9e9e9/interior_driver_stereo.png'},{url:'https://carimages.d2cmedia.ca/newcarimages/en/cb6ab798baca942/Mercedes-Benz/GLE/2026/2100/479978/Xe9e9e9/interior_driver_reat_seats.png'}]",90,KM,https://www.mercedes-benz-maple.ca/new/inventory/2026-Mercedes_Benz-GLE_450-id13437225.html,2026 Mercedes-Benz GLE GLE 450 4MATIC SUV at Mercedes-Benz Maple,108412 CAD,New,White,Black,4804,Mercedes-Benz Maple,+1-905-585-9300,"{addr1: '9300 Jane St', city: 'Maple', region: 'Ontario', postal_code: 'L6A 0C5', country: 'CA'}",43.8344170000,-79.5341990000,,,,,https://www.mercedes-benz-maple.ca/privacy-policy.html,New,4804,In stock,,108412 CAD,Free,
4JGFD5KB3TB589799,4JGFD5KB3TB589799,26525396-new,Mercedes-Benz,GLE,GLE 450 4MATIC Coupe,2026,AUTOMATIC,SUV,GASOLINE,,"2026 Mercedes-Benz GLE GLE 450 4MATIC Coupe, White exterior","[{url:'https://imagescdn.d2cmedia.ca/cb6ab798baca942/4804/13256778/1/Mercedes_Benz-GLE-2026.jpg'},{url:'https://imagescdn.d2cmedia.ca/s86ab798baca942/4804/13256778/1/Mercedes_Benz-GLE_450-2026.jpg'},{url:'https://imagescdn.d2cmedia.ca/cb6ab798baca942/4804/13256778/1/Mercedes_Benz-GLE_450-2026.jpg'},{url:'https://imagescdn.d2cmedia.ca/cb6ab798baca942/4804/13256778/2/Mercedes_Benz-GLE_450-2026.jpg'},{url:'https://imagescdn.d2cmedia.ca/cb6ab798baca942/4804/13256778/3/Mercedes_Benz-GLE_450-2026.jpg'},{url:'https://imagescdn.d2cmedia.ca/cb6ab798baca942/4804/13256778/4/Mercedes_Benz-GLE_450-2026.jpg'},{url:'https://imagescdn.d2cmedia.ca/cb6ab798baca942/4804/13256778/5/Mercedes_Benz-GLE_450-2026.jpg'},{url:'https://imagescdn.d2cmedia.ca/cb6ab798baca942/4804/13256778/6/Mercedes_Benz-GLE_450-2026.jpg'},{url:'https://imagescdn.d2cmedia.ca/cb6ab798baca942/4804/13256778/7/Mercedes_Benz-GLE_450-2026.jpg'},{url:'https://imagescdn.d2cmedia.ca/cb6ab798baca942/4804/13256778/8/Mercedes_Benz-GLE_450-2026.jpg'}]",90,KM,https://www.mercedes-benz-maple.ca/new/inventory/2026-Mercedes_Benz-GLE_450-id13256778.html,2026 Mercedes-Benz GLE GLE 450 4MATIC Coupe at Mercedes-Benz Maple,111293 CAD,New,White,Black,4804,Mercedes-Benz Maple,+1-905-585-9300,"{addr1: '9300 Jane St', city: 'Maple', region: 'Ontario', postal_code: 'L6A 0C5', country: 'CA'}",43.8344170000,-79.5341990000,,,,,https://www.mercedes-benz-maple.ca/privacy-policy.html,New,4804,In stock,,111293 CAD,Free,
4JGFD5KB5TB632698,4JGFD5KB5TB632698,26649846-new,Mercedes-Benz,GLE,GLE 450 4MATIC Coupe,2026,AUTOMATIC,SUV,GASOLINE,,"2026 Mercedes-Benz GLE GLE 450 4MATIC Coupe, Silver exterior","[{url:'https://carimages.d2cmedia.ca/newcarimages/en/cb6ab798baca942/Mercedes-Benz/GLE/2026/1200/479441-NE1BVElDIENvdXBl/silver/front45.png'},{url:'https://carimages.d2cmedia.ca/newcarimages/en/cb6ab798baca942/Mercedes-Benz/GLE/2026/1280/479441/silver/front_45_degree.png'},{url:'https://carimages.d2cmedia.ca/newcarimages/en/cb6ab798baca942/Mercedes-Benz/GLE/2026/2100/479441/silver/front_45_degree.png'},{url:'https://carimages.d2cmedia.ca/newcarimages/en/cb6ab798baca942/Mercedes-Benz/GLE/2026/2100/479441/silver/profile.png'},{url:'https://carimages.d2cmedia.ca/newcarimages/en/cb6ab798baca942/Mercedes-Benz/GLE/2026/2100/479441/silver/back_45_degree.png'},{url:'https://carimages.d2cmedia.ca/newcarimages/en/cb6ab798baca942/Mercedes-Benz/GLE/2026/2100/479441/silver/driver_dashboard.png'},{url:'https://carimages.d2cmedia.ca/newcarimages/en/cb6ab798baca942/Mercedes-Benz/GLE/2026/2100/479441/silver/full_dashboard.png'},{url:'https://carimages.d2cmedia.ca/newcarimages/en/cb6ab798baca942/Mercedes-Benz/GLE/2026/2100/479441/silver/interior_driver_open_seat.png'},{url:'https://carimages.d2cmedia.ca/newcarimages/en/cb6ab798baca942/Mercedes-Benz/GLE/2026/2100/479441/silver/interior_driver_stereo.png'},{url:'https://carimages.d2cmedia.ca/newcarimages/en/cb6ab798baca942/Mercedes-Benz/GLE/2026/2100/479441/silver/interior_driver_reat_seats.png'}]",90,KM,https://www.mercedes-benz-maple.ca/new/inventory/2026-Mercedes_Benz-GLE_450-id13930953.html,2026 Mercedes-Benz GLE GLE 450 4MATIC Coupe at Mercedes-Benz Maple,111293 CAD,New,Silver,Black,4804,Mercedes-Benz Maple,+1-905-585-9300,"{addr1: '9300 Jane St', city: 'Maple', region: 'Ontario', postal_code: 'L6A 0C5', country: 'CA'}",43.8344170000,-79.5341990000,,,,,https://www.mercedes-benz-maple.ca/privacy-policy.html,New,4804,In stock,,111293 CAD,Free,
4JGFB5KB8TB583826,4JGFB5KB8TB583826,26527770-new,Mercedes-Benz,GLE,GLE 450 4MATIC SUV,2026,AUTOMATIC,SUV,GASOLINE,,"2026 Mercedes-Benz GLE GLE 450 4MATIC SUV, White exterior","[{url:'https://imagescdn.d2cmedia.ca/cb6ab798baca942/4804/13241363/1/Mercedes_Benz-GLE-2026.jpg'},{url:'https://imagescdn.d2cmedia.ca/s86ab798baca942/4804/13241363/1/Mercedes_Benz-GLE_450-2026.jpg'},{url:'https://imagescdn.d2cmedia.ca/cb6ab798baca942/4804/13241363/1/Mercedes_Benz-GLE_450-2026.jpg'},{url:'https://imagescdn.d2cmedia.ca/cb6ab798baca942/4804/13241363/2/Mercedes_Benz-GLE_450-2026.jpg'},{url:'https://imagescdn.d2cmedia.ca/cb6ab798baca942/4804/13241363/3/Mercedes_Benz-GLE_450-2026.jpg'}]",90,KM,https://www.mercedes-benz-maple.ca/new/inventory/2026-Mercedes_Benz-GLE_450-id13241363.html,2026 Mercedes-Benz GLE GLE 450 4MATIC SUV at Mercedes-Benz Maple,111412 CAD,New,White,Black,4804,Mercedes-Benz Maple,+1-905-585-9300,"{addr1: '9300 Jane St', city: 'Maple', region: 'Ontario', postal_code: 'L6A 0C5', country: 'CA'}",43.8344170000,-79.5341990000,,,,,https://www.mercedes-benz-maple.ca/privacy-policy.html,New,4804,In stock,,111412 CAD,Free,
4JGFB5KB5TB690820,4JGFB5KB5TB690820,26658262-new,Mercedes-Benz,GLE,GLE 450 4MATIC SUV,2026,AUTOMATIC,SUV,GASOLINE,,"2026 Mercedes-Benz GLE GLE 450 4MATIC SUV, White exterior","[{url:'https://carimages.d2cmedia.ca/newcarimages/en/cb6ab798baca942/Mercedes-Benz/GLE/2026/1200/479978-NE1BVElDIFNVVg/XE9E9E9/front45.png'},{url:'https://carimages.d2cmedia.ca/newcarimages/en/cb6ab798baca942/Mercedes-Benz/GLE/2026/1280/479978/Xe9e9e9/front_45_degree.png'},{url:'https://carimages.d2cmedia.ca/newcarimages/en/cb6ab798baca942/Mercedes-Benz/GLE/2026/2100/479978/Xe9e9e9/front_45_degree.png'},{url:'https://carimages.d2cmedia.ca/newcarimages/en/cb6ab798baca942/Mercedes-Benz/GLE/2026/2100/479978/Xe9e9e9/profile.png'},{url:'https://carimages.d2cmedia.ca/newcarimages/en/cb6ab798baca942/Mercedes-Benz/GLE/2026/2100/479978/Xe9e9e9/back_45_degree.png'},{url:'https://carimages.d2cmedia.ca/newcarimages/en/cb6ab798baca942/Mercedes-Benz/GLE/2026/2100/479978/Xe9e9e9/driver_dashboard.png'},{url:'https://carimages.d2cmedia.ca/newcarimages/en/cb6ab798baca942/Mercedes-Benz/GLE/2026/2100/479978/Xe9e9e9/full_dashboard.png'},{url:'https://carimages.d2cmedia.ca/newcarimages/en/cb6ab798baca942/Mercedes-Benz/GLE/2026/2100/479978/Xe9e9e9/interior_driver_open_seat.png'},{url:'https://carimages.d2cmedia.ca/newcarimages/en/cb6ab798baca942/Mercedes-Benz/GLE/2026/2100/479978/Xe9e9e9/interior_driver_stereo.png'},{url:'https://carimages.d2cmedia.ca/newcarimages/en/cb6ab798baca942/Mercedes-Benz/GLE/2026/2100/479978/Xe9e9e9/interior_driver_reat_seats.png'}]",90,KM,https://www.mercedes-benz-maple.ca/new/inventory/2026-Mercedes_Benz-GLE_450-id13976359.html,2026 Mercedes-Benz GLE GLE 450 4MATIC SUV at Mercedes-Benz Maple,111412 CAD,New,White,Black,4804,Mercedes-Benz Maple,+1-905-585-9300,"{addr1: '9300 Jane St', city: 'Maple', region: 'Ontario', postal_code: 'L6A 0C5', country: 'CA'}",43.8344170000,-79.5341990000,,,,,https://www.mercedes-benz-maple.ca/privacy-policy.html,New,4804,In stock,,111412 CAD,Free,
4JGFB5KB8TB690200,4JGFB5KB8TB690200,26653236-new,Mercedes-Benz,GLE,GLE 450 4MATIC SUV,2026,AUTOMATIC,SUV,GASOLINE,,"2026 Mercedes-Benz GLE GLE 450 4MATIC SUV, Black exterior","[{url:'https://carimages.d2cmedia.ca/newcarimages/en/cb6ab798baca942/Mercedes-Benz/GLE/2026/1200/479978-NE1BVElDIFNVVg/X060606/front45.png'},{url:'https://carimages.d2cmedia.ca/newcarimages/en/cb6ab798baca942/Mercedes-Benz/GLE/2026/1280/479978/X060606/front_45_degree.png'},{url:'https://carimages.d2cmedia.ca/newcarimages/en/cb6ab798baca942/Mercedes-Benz/GLE/2026/2100/479978/X060606/front_45_degree.png'},{url:'https://carimages.d2cmedia.ca/newcarimages/en/cb6ab798baca942/Mercedes-Benz/GLE/2026/2100/479978/X060606/profile.png'},{url:'https://carimages.d2cmedia.ca/newcarimages/en/cb6ab798baca942/Mercedes-Benz/GLE/2026/2100/479978/X060606/back_45_degree.png'},{url:'https://carimages.d2cmedia.ca/newcarimages/en/cb6ab798baca942/Mercedes-Benz/GLE/2026/2100/479978/X060606/driver_dashboard.png'},{url:'https://carimages.d2cmedia.ca/newcarimages/en/cb6ab798baca942/Mercedes-Benz/GLE/2026/2100/479978/X060606/full_dashboard.png'},{url:'https://carimages.d2cmedia.ca/newcarimages/en/cb6ab798baca942/Mercedes-Benz/GLE/2026/2100/479978/X060606/interior_driver_open_seat.png'},{url:'https://carimages.d2cmedia.ca/newcarimages/en/cb6ab798baca942/Mercedes-Benz/GLE/2026/2100/479978/X060606/interior_driver_stereo.png'},{url:'https://carimages.d2cmedia.ca/newcarimages/en/cb6ab798baca942/Mercedes-Benz/GLE/2026/2100/479978/X060606/interior_driver_reat_seats.png'}]",90,KM,https://www.mercedes-benz-maple.ca/new/inventory/2026-Mercedes_Benz-GLE_450-id13945479.html,2026 Mercedes-Benz GLE GLE 450 4MATIC SUV at Mercedes-Benz Maple,111652 CAD,New,Black,Black,4804,Mercedes-Benz Maple,+1-905-585-9300,"{addr1: '9300 Jane St', city: 'Maple', region: 'Ontario', postal_code: 'L6A 0C5', country: 'CA'}",43.8344170000,-79.5341990000,,,,,https://www.mercedes-benz-maple.ca/privacy-policy.html,New,4804,In stock,,111652 CAD,Free,
4JGFB5KB9TB631754,4JGFB5KB9TB631754,26651099-new,Mercedes-Benz,GLE,GLE 450 4MATIC SUV,2026,AUTOMATIC,SUV,GASOLINE,,"2026 Mercedes-Benz GLE GLE 450 4MATIC SUV, White exterior","[{url:'https://carimages.d2cmedia.ca/newcarimages/en/cb6ab798baca942/Mercedes-Benz/GLE/2026/1200/479978-NE1BVElDIFNVVg/XE9E9E9/front45.png'},{url:'https://carimages.d2cmedia.ca/newcarimages/en/cb6ab798baca942/Mercedes-Benz/GLE/2026/1280/479978/Xe9e9e9/front_45_degree.png'},{url:'https://carimages.d2cmedia.ca/newcarimages/en/cb6ab798baca942/Mercedes-Benz/GLE/2026/2100/479978/Xe9e9e9/front_45_degree.png'},{url:'https://carimages.d2cmedia.ca/newcarimages/en/cb6ab798baca942/Mercedes-Benz/GLE/2026/2100/479978/Xe9e9e9/profile.png'},{url:'https://carimages.d2cmedia.ca/newcarimages/en/cb6ab798baca942/Mercedes-Benz/GLE/2026/2100/479978/Xe9e9e9/back_45_degree.png'},{url:'https://carimages.d2cmedia.ca/newcarimages/en/cb6ab798baca942/Mercedes-Benz/GLE/2026/2100/479978/Xe9e9e9/driver_dashboard.png'},{url:'https://carimages.d2cmedia.ca/newcarimages/en/cb6ab798baca942/Mercedes-Benz/GLE/2026/2100/479978/Xe9e9e9/full_dashboard.png'},{url:'https://carimages.d2cmedia.ca/newcarimages/en/cb6ab798baca942/Mercedes-Benz/GLE/2026/2100/479978/Xe9e9e9/interior_driver_open_seat.png'},{url:'https://carimages.d2cmedia.ca/newcarimages/en/cb6ab798baca942/Mercedes-Benz/GLE/2026/2100/479978/Xe9e9e9/interior_driver_stereo.png'},{url:'https://carimages.d2cmedia.ca/newcarimages/en/cb6ab798baca942/Mercedes-Benz/GLE/2026/2100/479978/Xe9e9e9/interior_driver_reat_seats.png'}]",90,KM,https://www.mercedes-benz-maple.ca/new/inventory/2026-Mercedes_Benz-GLE_450-id13538636.html,2026 Mercedes-Benz GLE GLE 450 4MATIC SUV at Mercedes-Benz Maple,112492 CAD,New,White,Black,4804,Mercedes-Benz Maple,+1-905-585-9300,"{addr1: '9300 Jane St', city: 'Maple', region: 'Ontario', postal_code: 'L6A 0C5', country: 'CA'}",43.8344170000,-79.5341990000,,,,,https://www.mercedes-benz-maple.ca/privacy-policy.html,New,4804,In stock,,112492 CAD,Free,
4JGFB5KB2TB690001,4JGFB5KB2TB690001,26653130-new,Mercedes-Benz,GLE,GLE 450 4MATIC SUV,2026,AUTOMATIC,SUV,GASOLINE,,"2026 Mercedes-Benz GLE GLE 450 4MATIC SUV, Black exterior","[{url:'https://carimages.d2cmedia.ca/newcarimages/en/cb6ab798baca942/Mercedes-Benz/GLE/2026/1200/479978-NE1BVElDIFNVVg/X060606/front45.png'},{url:'https://carimages.d2cmedia.ca/newcarimages/en/cb6ab798baca942/Mercedes-Benz/GLE/2026/1280/479978/X060606/front_45_degree.png'},{url:'https://carimages.d2cmedia.ca/newcarimages/en/cb6ab798baca942/Mercedes-Benz/GLE/2026/2100/479978/X060606/front_45_degree.png'},{url:'https://carimages.d2cmedia.ca/newcarimages/en/cb6ab798baca942/Mercedes-Benz/GLE/2026/2100/479978/X060606/profile.png'},{url:'https://carimages.d2cmedia.ca/newcarimages/en/cb6ab798baca942/Mercedes-Benz/GLE/2026/2100/479978/X060606/back_45_degree.png'},{url:'https://carimages.d2cmedia.ca/newcarimages/en/cb6ab798baca942/Mercedes-Benz/GLE/2026/2100/479978/X060606/driver_dashboard.png'},{url:'https://carimages.d2cmedia.ca/newcarimages/en/cb6ab798baca942/Mercedes-Benz/GLE/2026/2100/479978/X060606/full_dashboard.png'},{url:'https://carimages.d2cmedia.ca/newcarimages/en/cb6ab798baca942/Mercedes-Benz/GLE/2026/2100/479978/X060606/interior_driver_open_seat.png'},{url:'https://carimages.d2cmedia.ca/newcarimages/en/cb6ab798baca942/Mercedes-Benz/GLE/2026/2100/479978/X060606/interior_driver_stereo.png'},{url:'https://carimages.d2cmedia.ca/newcarimages/en/cb6ab798baca942/Mercedes-Benz/GLE/2026/2100/479978/X060606/interior_driver_reat_seats.png'}]",90,KM,https://www.mercedes-benz-maple.ca/new/inventory/2026-Mercedes_Benz-GLE_450-id14352213.html,2026 Mercedes-Benz GLE GLE 450 4MATIC SUV at Mercedes-Benz Maple,113452 CAD,New,Black,Black,4804,Mercedes-Benz Maple,+1-905-585-9300,"{addr1: '9300 Jane St', city: 'Maple', region: 'Ontario', postal_code: 'L6A 0C5', country: 'CA'}",43.8344170000,-79.5341990000,,,,,https://www.mercedes-benz-maple.ca/privacy-policy.html,New,4804,In stock,,113452 CAD,Free,
4JGFB5KB9TB643404,4JGFB5KB9TB643404,26650019-new,Mercedes-Benz,GLE,GLE 450 4MATIC SUV,2026,AUTOMATIC,SUV,GASOLINE,,"2026 Mercedes-Benz GLE GLE 450 4MATIC SUV, Grey exterior","[{url:'https://carimages.d2cmedia.ca/newcarimages/en/cb6ab798baca942/Mercedes-Benz/GLE/2026/1200/479978-NE1BVElDIFNVVg/X9C9AA1/front45.png'},{url:'https://carimages.d2cmedia.ca/newcarimages/en/cb6ab798baca942/Mercedes-Benz/GLE/2026/1280/479978/X9c9aa1/front_45_degree.png'},{url:'https://carimages.d2cmedia.ca/newcarimages/en/cb6ab798baca942/Mercedes-Benz/GLE/2026/2100/479978/X9c9aa1/front_45_degree.png'},{url:'https://carimages.d2cmedia.ca/newcarimages/en/cb6ab798baca942/Mercedes-Benz/GLE/2026/2100/479978/X9c9aa1/profile.png'},{url:'https://carimages.d2cmedia.ca/newcarimages/en/cb6ab798baca942/Mercedes-Benz/GLE/2026/2100/479978/X9c9aa1/back_45_degree.png'},{url:'https://carimages.d2cmedia.ca/newcarimages/en/cb6ab798baca942/Mercedes-Benz/GLE/2026/2100/479978/X9c9aa1/driver_dashboard.png'},{url:'https://carimages.d2cmedia.ca/newcarimages/en/cb6ab798baca942/Mercedes-Benz/GLE/2026/2100/479978/X9c9aa1/full_dashboard.png'},{url:'https://carimages.d2cmedia.ca/newcarimages/en/cb6ab798baca942/Mercedes-Benz/GLE/2026/2100/479978/X9c9aa1/interior_driver_open_seat.png'},{url:'https://carimages.d2cmedia.ca/newcarimages/en/cb6ab798baca942/Mercedes-Benz/GLE/2026/2100/479978/X9c9aa1/interior_driver_stereo.png'},{url:'https://carimages.d2cmedia.ca/newcarimages/en/cb6ab798baca942/Mercedes-Benz/GLE/2026/2100/479978/X9c9aa1/interior_driver_reat_seats.png'}]",90,KM,https://www.mercedes-benz-maple.ca/new/inventory/2026-Mercedes_Benz-GLE_450-id13950846.html,2026 Mercedes-Benz GLE GLE 450 4MATIC SUV at Mercedes-Benz Maple,117292 CAD,New,Grey,Beige,4804,Mercedes-Benz Maple,+1-905-585-9300,"{addr1: '9300 Jane St', city: 'Maple', region: 'Ontario', postal_code: 'L6A 0C5', country: 'CA'}",43.8344170000,-79.5341990000,,,,,https://www.mercedes-benz-maple.ca/privacy-policy.html,New,4804,In stock,,117292 CAD,Free,
4JGFB5KB6TB694990,4JGFB5KB6TB694990,26658255-new,Mercedes-Benz,GLE,GLE 450 4MATIC SUV,2026,AUTOMATIC,SUV,GASOLINE,,"2026 Mercedes-Benz GLE GLE 450 4MATIC SUV, Black exterior","[{url:'https://carimages.d2cmedia.ca/newcarimages/en/cb6ab798baca942/Mercedes-Benz/GLE/2026/1200/479978-NE1BVElDIFNVVg/X060606/front45.png'},{url:'https://carimages.d2cmedia.ca/newcarimages/en/cb6ab798baca942/Mercedes-Benz/GLE/2026/1280/479978/X060606/front_45_degree.png'},{url:'https://carimages.d2cmedia.ca/newcarimages/en/cb6ab798baca942/Mercedes-Benz/GLE/2026/2100/479978/X060606/front_45_degree.png'},{url:'https://carimages.d2cmedia.ca/newcarimages/en/cb6ab798baca942/Mercedes-Benz/GLE/2026/2100/479978/X060606/profile.png'},{url:'https://carimages.d2cmedia.ca/newcarimages/en/cb6ab798baca942/Mercedes-Benz/GLE/2026/2100/479978/X060606/back_45_degree.png'},{url:'https://carimages.d2cmedia.ca/newcarimages/en/cb6ab798baca942/Mercedes-Benz/GLE/2026/2100/479978/X060606/driver_dashboard.png'},{url:'https://carimages.d2cmedia.ca/newcarimages/en/cb6ab798baca942/Mercedes-Benz/GLE/2026/2100/479978/X060606/full_dashboard.png'},{url:'https://carimages.d2cmedia.ca/newcarimages/en/cb6ab798baca942/Mercedes-Benz/GLE/2026/2100/479978/X060606/interior_driver_open_seat.png'},{url:'https://carimages.d2cmedia.ca/newcarimages/en/cb6ab798baca942/Mercedes-Benz/GLE/2026/2100/479978/X060606/interior_driver_stereo.png'},{url:'https://carimages.d2cmedia.ca/newcarimages/en/cb6ab798baca942/Mercedes-Benz/GLE/2026/2100/479978/X060606/interior_driver_reat_seats.png'}]",90,KM,https://www.mercedes-benz-maple.ca/new/inventory/2026-Mercedes_Benz-GLE_450-id14003281.html,2026 Mercedes-Benz GLE GLE 450 4MATIC SUV at Mercedes-Benz Maple,117892 CAD,New,Black,Black,4804,Mercedes-Benz Maple,+1-905-585-9300,"{addr1: '9300 Jane St', city: 'Maple', region: 'Ontario', postal_code: 'L6A 0C5', country: 'CA'}",43.8344170000,-79.5341990000,,,,,https://www.mercedes-benz-maple.ca/privacy-policy.html,New,4804,In stock,,117892 CAD,Free,
4JGFB5KB0TB590141,4JGFB5KB0TB590141,26529168-new,Mercedes-Benz,GLE,GLE 450 4MATIC SUV,2026,AUTOMATIC,SUV,GASOLINE,,"2026 Mercedes-Benz GLE GLE 450 4MATIC SUV, White exterior","[{url:'https://carimages.d2cmedia.ca/newcarimages/en/cb6ab798baca942/Mercedes-Benz/GLE/2026/1200/479978-NE1BVElDIFNVVg/XE9E9E9/front45.png'},{url:'https://carimages.d2cmedia.ca/newcarimages/en/cb6ab798baca942/Mercedes-Benz/GLE/2026/1280/479978/Xe9e9e9/front_45_degree.png'},{url:'https://carimages.d2cmedia.ca/newcarimages/en/cb6ab798baca942/Mercedes-Benz/GLE/2026/2100/479978/Xe9e9e9/front_45_degree.png'},{url:'https://carimages.d2cmedia.ca/newcarimages/en/cb6ab798baca942/Mercedes-Benz/GLE/2026/2100/479978/Xe9e9e9/profile.png'},{url:'https://carimages.d2cmedia.ca/newcarimages/en/cb6ab798baca942/Mercedes-Benz/GLE/2026/2100/479978/Xe9e9e9/back_45_degree.png'},{url:'https://carimages.d2cmedia.ca/newcarimages/en/cb6ab798baca942/Mercedes-Benz/GLE/2026/2100/479978/Xe9e9e9/driver_dashboard.png'},{url:'https://carimages.d2cmedia.ca/newcarimages/en/cb6ab798baca942/Mercedes-Benz/GLE/2026/2100/479978/Xe9e9e9/full_dashboard.png'},{url:'https://carimages.d2cmedia.ca/newcarimages/en/cb6ab798baca942/Mercedes-Benz/GLE/2026/2100/479978/Xe9e9e9/interior_driver_open_seat.png'},{url:'https://carimages.d2cmedia.ca/newcarimages/en/cb6ab798baca942/Mercedes-Benz/GLE/2026/2100/479978/Xe9e9e9/interior_driver_stereo.png'},{url:'https://carimages.d2cmedia.ca/newcarimages/en/cb6ab798baca942/Mercedes-Benz/GLE/2026/2100/479978/Xe9e9e9/interior_driver_reat_seats.png'}]",90,KM,https://www.mercedes-benz-maple.ca/new/inventory/2026-Mercedes_Benz-GLE_450-id14051513.html,2026 Mercedes-Benz GLE GLE 450 4MATIC SUV at Mercedes-Benz Maple,119453 CAD,New,White,Black,4804,Mercedes-Benz Maple,+1-905-585-9300,"{addr1: '9300 Jane St', city: 'Maple', region: 'Ontario', postal_code: 'L6A 0C5', country: 'CA'}",43.8344170000,-79.5341990000,,,,,https://www.mercedes-benz-maple.ca/privacy-policy.html,New,4804,In stock,,119453 CAD,Free,
4JGFB6BB9TB587776,4JGFB6BB9TB587776,26527978-new,Mercedes-Benz,GLE,AMG GLE 53 4MATIC+ SUV,2026,AUTOMATIC,SUV,GASOLINE,,"2026 Mercedes-Benz GLE AMG GLE 53 4MATIC+ SUV, White exterior","[{url:'https://imagescdn.d2cmedia.ca/cb6ab798baca942/4804/13256783/1/Mercedes_Benz-GLE-2026.jpg'},{url:'https://imagescdn.d2cmedia.ca/s86ab798baca942/4804/13256783/1/Mercedes_Benz-GLE_53-2026.jpg'},{url:'https://imagescdn.d2cmedia.ca/cb6ab798baca942/4804/13256783/1/Mercedes_Benz-GLE_53-2026.jpg'},{url:'https://imagescdn.d2cmedia.ca/cb6ab798baca942/4804/13256783/2/Mercedes_Benz-GLE_53-2026.jpg'},{url:'https://imagescdn.d2cmedia.ca/cb6ab798baca942/4804/13256783/3/Mercedes_Benz-GLE_53-2026.jpg'},{url:'https://imagescdn.d2cmedia.ca/cb6ab798baca942/4804/13256783/4/Mercedes_Benz-GLE_53-2026.jpg'},{url:'https://imagescdn.d2cmedia.ca/cb6ab798baca942/4804/13256783/5/Mercedes_Benz-GLE_53-2026.jpg'},{url:'https://imagescdn.d2cmedia.ca/cb6ab798baca942/4804/13256783/6/Mercedes_Benz-GLE_53-2026.jpg'},{url:'https://imagescdn.d2cmedia.ca/cb6ab798baca942/4804/13256783/7/Mercedes_Benz-GLE_53-2026.jpg'},{url:'https://imagescdn.d2cmedia.ca/cb6ab798baca942/4804/13256783/8/Mercedes_Benz-GLE_53-2026.jpg'}]",90,KM,https://www.mercedes-benz-maple.ca/new/inventory/2026-Mercedes_Benz-GLE_53-id13256783.html,2026 Mercedes-Benz GLE AMG GLE 53 4MATIC+ SUV at Mercedes-Benz Maple,137057 CAD,New,White,Black,4804,Mercedes-Benz Maple,+1-905-585-9300,"{addr1: '9300 Jane St', city: 'Maple', region: 'Ontario', postal_code: 'L6A 0C5', country: 'CA'}",43.8344170000,-79.5341990000,,,,,https://www.mercedes-benz-maple.ca/privacy-policy.html,New,4804,In stock,,137057 CAD,Free,
4JGFB6BBXTB594610,4JGFB6BBXTB594610,26527990-new,Mercedes-Benz,GLE,AMG GLE 53 4MATIC+ SUV,2026,AUTOMATIC,SUV,GASOLINE,,"2026 Mercedes-Benz GLE AMG GLE 53 4MATIC+ SUV, White exterior","[{url:'https://carimages.d2cmedia.ca/newcarimages/en/cb6ab798baca942/Mercedes-Benz/GLE/2026/1200/479561-NE1BVElDKyBTVVY/XE9E9E9/front45.png'},{url:'https://carimages.d2cmedia.ca/newcarimages/en/cb6ab798baca942/Mercedes-Benz/GLE/2026/1280/479561/Xe9e9e9/front_45_degree.png'},{url:'https://carimages.d2cmedia.ca/newcarimages/en/cb6ab798baca942/Mercedes-Benz/GLE/2026/2100/479561/Xe9e9e9/front_45_degree.png'},{url:'https://carimages.d2cmedia.ca/newcarimages/en/cb6ab798baca942/Mercedes-Benz/GLE/2026/2100/479561/Xe9e9e9/profile.png'},{url:'https://carimages.d2cmedia.ca/newcarimages/en/cb6ab798baca942/Mercedes-Benz/GLE/2026/2100/479561/Xe9e9e9/back_45_degree.png'},{url:'https://carimages.d2cmedia.ca/newcarimages/en/cb6ab798baca942/Mercedes-Benz/GLE/2026/2100/479561/Xe9e9e9/driver_dashboard.png'},{url:'https://carimages.d2cmedia.ca/newcarimages/en/cb6ab798baca942/Mercedes-Benz/GLE/2026/2100/479561/Xe9e9e9/full_dashboard.png'},{url:'https://carimages.d2cmedia.ca/newcarimages/en/cb6ab798baca942/Mercedes-Benz/GLE/2026/2100/479561/Xe9e9e9/interior_driver_open_seat.png'},{url:'https://carimages.d2cmedia.ca/newcarimages/en/cb6ab798baca942/Mercedes-Benz/GLE/2026/2100/479561/Xe9e9e9/interior_driver_stereo.png'},{url:'https://carimages.d2cmedia.ca/newcarimages/en/cb6ab798baca942/Mercedes-Benz/GLE/2026/2100/479561/Xe9e9e9/interior_driver_reat_seats.png'}]",90,KM,https://www.mercedes-benz-maple.ca/new/inventory/2026-Mercedes_Benz-GLE_53-id13970480.html,2026 Mercedes-Benz GLE AMG GLE 53 4MATIC+ SUV at Mercedes-Benz Maple,141497 CAD,New,White,Black,4804,Mercedes-Benz Maple,+1-905-585-9300,"{addr1: '9300 Jane St', city: 'Maple', region: 'Ontario', postal_code: 'L6A 0C5', country: 'CA'}",43.8344170000,-79.5341990000,,,,,https://www.mercedes-benz-maple.ca/privacy-policy.html,New,4804,In stock,,141497 CAD,Free,
4JGFD6BB6TB586868,4JGFD6BB6TB586868,26525350-new,Mercedes-Benz,GLE,AMG GLE 53 4MATIC+ Coupe,2026,AUTOMATIC,SUV,GASOLINE,,"2026 Mercedes-Benz GLE AMG GLE 53 4MATIC+ Coupe, Black exterior","[{url:'https://carimages.d2cmedia.ca/newcarimages/en/cb6ab798baca942/Mercedes-Benz/GLE/2026/1200/479534-NE1BVElDKyBDb3VwZQ/X060606/front45.png'},{url:'https://carimages.d2cmedia.ca/newcarimages/en/cb6ab798baca942/Mercedes-Benz/GLE/2026/1280/479534/X060606/front_45_degree.png'},{url:'https://carimages.d2cmedia.ca/newcarimages/en/cb6ab798baca942/Mercedes-Benz/GLE/2026/2100/479534/X060606/front_45_degree.png'},{url:'https://carimages.d2cmedia.ca/newcarimages/en/cb6ab798baca942/Mercedes-Benz/GLE/2026/2100/479534/X060606/profile.png'},{url:'https://carimages.d2cmedia.ca/newcarimages/en/cb6ab798baca942/Mercedes-Benz/GLE/2026/2100/479534/X060606/back_45_degree.png'},{url:'https://carimages.d2cmedia.ca/newcarimages/en/cb6ab798baca942/Mercedes-Benz/GLE/2026/2100/479534/X060606/driver_dashboard.png'},{url:'https://carimages.d2cmedia.ca/newcarimages/en/cb6ab798baca942/Mercedes-Benz/GLE/2026/2100/479534/X060606/full_dashboard.png'},{url:'https://carimages.d2cmedia.ca/newcarimages/en/cb6ab798baca942/Mercedes-Benz/GLE/2026/2100/479534/X060606/interior_driver_open_seat.png'},{url:'https://carimages.d2cmedia.ca/newcarimages/en/cb6ab798baca942/Mercedes-Benz/GLE/2026/2100/479534/X060606/interior_driver_stereo.png'},{url:'https://carimages.d2cmedia.ca/newcarimages/en/cb6ab798baca942/Mercedes-Benz/GLE/2026/2100/479534/X060606/interior_driver_reat_seats.png'}]",90,KM,https://www.mercedes-benz-maple.ca/new/inventory/2026-Mercedes_Benz-GLE_53-id13805222.html,2026 Mercedes-Benz GLE AMG GLE 53 4MATIC+ Coupe at Mercedes-Benz Maple,143537 CAD,New,Black,Black,4804,Mercedes-Benz Maple,+1-905-585-9300,"{addr1: '9300 Jane St', city: 'Maple', region: 'Ontario', postal_code: 'L6A 0C5', country: 'CA'}",43.8344170000,-79.5341990000,,,,,https://www.mercedes-benz-maple.ca/privacy-policy.html,New,4804,In stock,,143537 CAD,Free,
4JGFD6BB2TB721697,4JGFD6BB2TB721697,26660025-new,Mercedes-Benz,GLE,AMG GLE 53 4MATIC+ Coupe,2026,AUTOMATIC,SUV,GASOLINE,,"2026 Mercedes-Benz GLE AMG GLE 53 4MATIC+ Coupe, White exterior","[{url:'https://carimages.d2cmedia.ca/newcarimages/en/cb6ab798baca942/Mercedes-Benz/GLE/2026/1200/479534-NE1BVElDKyBDb3VwZQ/XE9E9E9/front45.png'},{url:'https://carimages.d2cmedia.ca/newcarimages/en/cb6ab798baca942/Mercedes-Benz/GLE/2026/1280/479534/Xe9e9e9/front_45_degree.png'},{url:'https://carimages.d2cmedia.ca/newcarimages/en/cb6ab798baca942/Mercedes-Benz/GLE/2026/2100/479534/Xe9e9e9/front_45_degree.png'},{url:'https://carimages.d2cmedia.ca/newcarimages/en/cb6ab798baca942/Mercedes-Benz/GLE/2026/2100/479534/Xe9e9e9/profile.png'},{url:'https://carimages.d2cmedia.ca/newcarimages/en/cb6ab798baca942/Mercedes-Benz/GLE/2026/2100/479534/Xe9e9e9/back_45_degree.png'},{url:'https://carimages.d2cmedia.ca/newcarimages/en/cb6ab798baca942/Mercedes-Benz/GLE/2026/2100/479534/Xe9e9e9/driver_dashboard.png'},{url:'https://carimages.d2cmedia.ca/newcarimages/en/cb6ab798baca942/Mercedes-Benz/GLE/2026/2100/479534/Xe9e9e9/full_dashboard.png'},{url:'https://carimages.d2cmedia.ca/newcarimages/en/cb6ab798baca942/Mercedes-Benz/GLE/2026/2100/479534/Xe9e9e9/interior_driver_open_seat.png'},{url:'https://carimages.d2cmedia.ca/newcarimages/en/cb6ab798baca942/Mercedes-Benz/GLE/2026/2100/479534/Xe9e9e9/interior_driver_stereo.png'},{url:'https://carimages.d2cmedia.ca/newcarimages/en/cb6ab798baca942/Mercedes-Benz/GLE/2026/2100/479534/Xe9e9e9/interior_driver_reat_seats.png'}]",90,KM,https://www.mercedes-benz-maple.ca/new/inventory/2026-Mercedes_Benz-GLE_53-id14253475.html,2026 Mercedes-Benz GLE AMG GLE 53 4MATIC+ Coupe at Mercedes-Benz Maple,145697 CAD,New,White,Black,4804,Mercedes-Benz Maple,+1-905-585-9300,"{addr1: '9300 Jane St', city: 'Maple', region: 'Ontario', postal_code: 'L6A 0C5', country: 'CA'}",43.8344170000,-79.5341990000,,,,,https://www.mercedes-benz-maple.ca/privacy-policy.html,New,4804,In stock,,145697 CAD,Free,
4JGFB6BBXTB698174,4JGFB6BBXTB698174,26659697-new,Mercedes-Benz,GLE,AMG GLE 53 4MATIC+ SUV,2026,AUTOMATIC,SUV,GASOLINE,,"2026 Mercedes-Benz GLE AMG GLE 53 4MATIC+ SUV, White exterior","[{url:'https://carimages.d2cmedia.ca/newcarimages/en/cb6ab798baca942/Mercedes-Benz/GLE/2026/1200/479561-NE1BVElDKyBTVVY/XE9E9E9/front45.png'},{url:'https://carimages.d2cmedia.ca/newcarimages/en/cb6ab798baca942/Mercedes-Benz/GLE/2026/1280/479561/Xe9e9e9/front_45_degree.png'},{url:'https://carimages.d2cmedia.ca/newcarimages/en/cb6ab798baca942/Mercedes-Benz/GLE/2026/2100/479561/Xe9e9e9/front_45_degree.png'},{url:'https://carimages.d2cmedia.ca/newcarimages/en/cb6ab798baca942/Mercedes-Benz/GLE/2026/2100/479561/Xe9e9e9/profile.png'},{url:'https://carimages.d2cmedia.ca/newcarimages/en/cb6ab798baca942/Mercedes-Benz/GLE/2026/2100/479561/Xe9e9e9/back_45_degree.png'},{url:'https://carimages.d2cmedia.ca/newcarimages/en/cb6ab798baca942/Mercedes-Benz/GLE/2026/2100/479561/Xe9e9e9/driver_dashboard.png'},{url:'https://carimages.d2cmedia.ca/newcarimages/en/cb6ab798baca942/Mercedes-Benz/GLE/2026/2100/479561/Xe9e9e9/full_dashboard.png'},{url:'https://carimages.d2cmedia.ca/newcarimages/en/cb6ab798baca942/Mercedes-Benz/GLE/2026/2100/479561/Xe9e9e9/interior_driver_open_seat.png'},{url:'https://carimages.d2cmedia.ca/newcarimages/en/cb6ab798baca942/Mercedes-Benz/GLE/2026/2100/479561/Xe9e9e9/interior_driver_stereo.png'},{url:'https://carimages.d2cmedia.ca/newcarimages/en/cb6ab798baca942/Mercedes-Benz/GLE/2026/2100/479561/Xe9e9e9/interior_driver_reat_seats.png'}]",90,KM,https://www.mercedes-benz-maple.ca/new/inventory/2026-Mercedes_Benz-GLE_53-id14057288.html,2026 Mercedes-Benz GLE AMG GLE 53 4MATIC+ SUV at Mercedes-Benz Maple,145817 CAD,New,White,Black,4804,Mercedes-Benz Maple,+1-905-585-9300,"{addr1: '9300 Jane St', city: 'Maple', region: 'Ontario', postal_code: 'L6A 0C5', country: 'CA'}",43.8344170000,-79.5341990000,,,,,https://www.mercedes-benz-maple.ca/privacy-policy.html,New,4804,In stock,,145817 CAD,Free,
4JGFD6BBXTB718059,4JGFD6BBXTB718059,26660023-new,Mercedes-Benz,GLE,AMG GLE 53 4MATIC+ Coupe,2026,AUTOMATIC,SUV,GASOLINE,,"2026 Mercedes-Benz GLE AMG GLE 53 4MATIC+ Coupe, White exterior","[{url:'https://carimages.d2cmedia.ca/newcarimages/en/cb6ab798baca942/Mercedes-Benz/GLE/2026/1200/479534-NE1BVElDKyBDb3VwZQ/XE9E9E9/front45.png'},{url:'https://carimages.d2cmedia.ca/newcarimages/en/cb6ab798baca942/Mercedes-Benz/GLE/2026/1280/479534/Xe9e9e9/front_45_degree.png'},{url:'https://carimages.d2cmedia.ca/newcarimages/en/cb6ab798baca942/Mercedes-Benz/GLE/2026/2100/479534/Xe9e9e9/front_45_degree.png'},{url:'https://carimages.d2cmedia.ca/newcarimages/en/cb6ab798baca942/Mercedes-Benz/GLE/2026/2100/479534/Xe9e9e9/profile.png'},{url:'https://carimages.d2cmedia.ca/newcarimages/en/cb6ab798baca942/Mercedes-Benz/GLE/2026/2100/479534/Xe9e9e9/back_45_degree.png'},{url:'https://carimages.d2cmedia.ca/newcarimages/en/cb6ab798baca942/Mercedes-Benz/GLE/2026/2100/479534/Xe9e9e9/driver_dashboard.png'},{url:'https://carimages.d2cmedia.ca/newcarimages/en/cb6ab798baca942/Mercedes-Benz/GLE/2026/2100/479534/Xe9e9e9/full_dashboard.png'},{url:'https://carimages.d2cmedia.ca/newcarimages/en/cb6ab798baca942/Mercedes-Benz/GLE/2026/2100/479534/Xe9e9e9/interior_driver_open_seat.png'},{url:'https://carimages.d2cmedia.ca/newcarimages/en/cb6ab798baca942/Mercedes-Benz/GLE/2026/2100/479534/Xe9e9e9/interior_driver_stereo.png'},{url:'https://carimages.d2cmedia.ca/newcarimages/en/cb6ab798baca942/Mercedes-Benz/GLE/2026/2100/479534/Xe9e9e9/interior_driver_reat_seats.png'}]",90,KM,https://www.mercedes-benz-maple.ca/new/inventory/2026-Mercedes_Benz-GLE_53-id14208588.html,2026 Mercedes-Benz GLE AMG GLE 53 4MATIC+ Coupe at Mercedes-Benz Maple,148577 CAD,New,White,Black,4804,Mercedes-Benz Maple,+1-905-585-9300,"{addr1: '9300 Jane St', city: 'Maple', region: 'Ontario', postal_code: 'L6A 0C5', country: 'CA'}",43.8344170000,-79.5341990000,,,,,https://www.mercedes-benz-maple.ca/privacy-policy.html,New,4804,In stock,,148577 CAD,Free,
4JGFB6BB4TB574160,4JGFB6BB4TB574160,26519659-new,Mercedes-Benz,GLE,AMG GLE 53 4MATIC+ SUV,2026,AUTOMATIC,SUV,GASOLINE,,"2026 Mercedes-Benz GLE AMG GLE 53 4MATIC+ SUV, White exterior","[{url:'https://carimages.d2cmedia.ca/newcarimages/en/cb6ab798baca942/Mercedes-Benz/GLE/2026/1200/479561-NE1BVElDKyBTVVY/XE9E9E9/front45.png'},{url:'https://carimages.d2cmedia.ca/newcarimages/en/cb6ab798baca942/Mercedes-Benz/GLE/2026/1280/479561/Xe9e9e9/front_45_degree.png'},{url:'https://carimages.d2cmedia.ca/newcarimages/en/cb6ab798baca942/Mercedes-Benz/GLE/2026/2100/479561/Xe9e9e9/front_45_degree.png'},{url:'https://carimages.d2cmedia.ca/newcarimages/en/cb6ab798baca942/Mercedes-Benz/GLE/2026/2100/479561/Xe9e9e9/profile.png'},{url:'https://carimages.d2cmedia.ca/newcarimages/en/cb6ab798baca942/Mercedes-Benz/GLE/2026/2100/479561/Xe9e9e9/back_45_degree.png'},{url:'https://carimages.d2cmedia.ca/newcarimages/en/cb6ab798baca942/Mercedes-Benz/GLE/2026/2100/479561/Xe9e9e9/driver_dashboard.png'},{url:'https://carimages.d2cmedia.ca/newcarimages/en/cb6ab798baca942/Mercedes-Benz/GLE/2026/2100/479561/Xe9e9e9/full_dashboard.png'},{url:'https://carimages.d2cmedia.ca/newcarimages/en/cb6ab798baca942/Mercedes-Benz/GLE/2026/2100/479561/Xe9e9e9/interior_driver_open_seat.png'},{url:'https://carimages.d2cmedia.ca/newcarimages/en/cb6ab798baca942/Mercedes-Benz/GLE/2026/2100/479561/Xe9e9e9/interior_driver_stereo.png'},{url:'https://carimages.d2cmedia.ca/newcarimages/en/cb6ab798baca942/Mercedes-Benz/GLE/2026/2100/479561/Xe9e9e9/interior_driver_reat_seats.png'}]",90,KM,https://www.mercedes-benz-maple.ca/new/inventory/2026-Mercedes_Benz-GLE_53-id13511942.html,2026 Mercedes-Benz GLE AMG GLE 53 4MATIC+ SUV at Mercedes-Benz Maple,153017 CAD,New,White,Red,4804,Mercedes-Benz Maple,+1-905-585-9300,"{addr1: '9300 Jane St', city: 'Maple', region: 'Ontario', postal_code: 'L6A 0C5', country: 'CA'}",43.8344170000,-79.5341990000,,,,,https://www.mercedes-benz-maple.ca/privacy-policy.html,New,4804,In stock,,153017 CAD,Free,
4JGFB6BB6TB698186,4JGFB6BB6TB698186,26659698-new,Mercedes-Benz,GLE,AMG GLE 53 4MATIC+ SUV,2026,AUTOMATIC,SUV,GASOLINE,,"2026 Mercedes-Benz GLE AMG GLE 53 4MATIC+ SUV, Grey exterior","[{url:'https://carimages.d2cmedia.ca/newcarimages/en/cb6ab798baca942/Mercedes-Benz/GLE/2026/1200/479561-NE1BVElDKyBTVVY/X363637/front45.png'},{url:'https://carimages.d2cmedia.ca/newcarimages/en/cb6ab798baca942/Mercedes-Benz/GLE/2026/1280/479561/X363637/front_45_degree.png'},{url:'https://carimages.d2cmedia.ca/newcarimages/en/cb6ab798baca942/Mercedes-Benz/GLE/2026/2100/479561/X363637/front_45_degree.png'},{url:'https://carimages.d2cmedia.ca/newcarimages/en/cb6ab798baca942/Mercedes-Benz/GLE/2026/2100/479561/X363637/profile.png'},{url:'https://carimages.d2cmedia.ca/newcarimages/en/cb6ab798baca942/Mercedes-Benz/GLE/2026/2100/479561/X363637/back_45_degree.png'},{url:'https://carimages.d2cmedia.ca/newcarimages/en/cb6ab798baca942/Mercedes-Benz/GLE/2026/2100/479561/X363637/driver_dashboard.png'},{url:'https://carimages.d2cmedia.ca/newcarimages/en/cb6ab798baca942/Mercedes-Benz/GLE/2026/2100/479561/X363637/full_dashboard.png'},{url:'https://carimages.d2cmedia.ca/newcarimages/en/cb6ab798baca942/Mercedes-Benz/GLE/2026/2100/479561/X363637/interior_driver_open_seat.png'},{url:'https://carimages.d2cmedia.ca/newcarimages/en/cb6ab798baca942/Mercedes-Benz/GLE/2026/2100/479561/X363637/interior_driver_stereo.png'},{url:'https://carimages.d2cmedia.ca/newcarimages/en/cb6ab798baca942/Mercedes-Benz/GLE/2026/2100/479561/X363637/interior_driver_reat_seats.png'}]",90,KM,https://www.mercedes-benz-maple.ca/new/inventory/2026-Mercedes_Benz-GLE_53-id14051511.html,2026 Mercedes-Benz GLE AMG GLE 53 4MATIC+ SUV at Mercedes-Benz Maple,156497 CAD,New,Grey,Black,4804,Mercedes-Benz Maple,+1-905-585-9300,"{addr1: '9300 Jane St', city: 'Maple', region: 'Ontario', postal_code: 'L6A 0C5', country: 'CA'}",43.8344170000,-79.5341990000,,,,,https://www.mercedes-benz-maple.ca/privacy-policy.html,New,4804,In stock,,156497 CAD,Free,
4JGFB8FB0TB569902,4JGFB8FB0TB569902,26519949-new,Mercedes-Benz,GLE,GLE 580 4MATIC SUV,2026,AUTOMATIC,SUV,GASOLINE,,"2026 Mercedes-Benz GLE GLE 580 4MATIC SUV, Grey exterior","[{url:'https://imagescdn.d2cmedia.ca/cb4d7ad4b19c20f7086a68d3a1d8c452ae/4804/13252762/1/Mercedes_Benz-GLE-2026.jpg'},{url:'https://imagescdn.d2cmedia.ca/s84d7ad4b19c20f7086a68d3a1d8c452ae/4804/13252762/1/Mercedes_Benz-GLE_580-2026.jpg'},{url:'https://imagescdn.d2cmedia.ca/cb4d7ad4b19c20f7086a68d3a1d8c452ae/4804/13252762/1/Mercedes_Benz-GLE_580-2026.jpg'},{url:'https://imagescdn.d2cmedia.ca/cb4d7ad4b19c20f7086a68d3a1d8c452ae/4804/13252762/2/Mercedes_Benz-GLE_580-2026.jpg'},{url:'https://imagescdn.d2cmedia.ca/cb4d7ad4b19c20f7086a68d3a1d8c452ae/4804/13252762/3/Mercedes_Benz-GLE_580-2026.jpg'},{url:'https://imagescdn.d2cmedia.ca/cb4d7ad4b19c20f7086a68d3a1d8c452ae/4804/13252762/4/Mercedes_Benz-GLE_580-2026.jpg'},{url:'https://imagescdn.d2cmedia.ca/cb4d7ad4b19c20f7086a68d3a1d8c452ae/4804/13252762/5/Mercedes_Benz-GLE_580-2026.jpg'},{url:'https://imagescdn.d2cmedia.ca/cb4d7ad4b19c20f7086a68d3a1d8c452ae/4804/13252762/6/Mercedes_Benz-GLE_580-2026.jpg'},{url:'https://imagescdn.d2cmedia.ca/cb4d7ad4b19c20f7086a68d3a1d8c452ae/4804/13252762/7/Mercedes_Benz-GLE_580-2026.jpg'},{url:'https://imagescdn.d2cmedia.ca/cb4d7ad4b19c20f7086a68d3a1d8c452ae/4804/13252762/8/Mercedes_Benz-GLE_580-2026.jpg'}]",90,KM,https://www.mercedes-benz-maple.ca/new/inventory/2026-Mercedes_Benz-GLE_580-id13252762.html,2026 Mercedes-Benz GLE GLE 580 4MATIC SUV at Mercedes-Benz Maple,157613 CAD,New,Grey,Blue,4804,Mercedes-Benz Maple,+1-905-585-9300,"{addr1: '9300 Jane St', city: 'Maple', region: 'Ontario', postal_code: 'L6A 0C5', country: 'CA'}",43.8344170000,-79.5341990000,,,,,https://www.mercedes-benz-maple.ca/privacy-policy.html,New,4804,In stock,,157613 CAD,Free,
4JGFD6BB4TB722821,4JGFD6BB4TB722821,26660026-new,Mercedes-Benz,GLE,AMG GLE 53 4MATIC+ Coupe,2026,AUTOMATIC,SUV,GASOLINE,,"2026 Mercedes-Benz GLE AMG GLE 53 4MATIC+ Coupe, Light blue exterior","[{url:'https://carimages.d2cmedia.ca/newcarimages/en/cb6ab798baca942/Mercedes-Benz/GLE/2026/1200/479534-NE1BVElDKyBDb3VwZQ/XB3C0CE/front45.png'},{url:'https://carimages.d2cmedia.ca/newcarimages/en/cb6ab798baca942/Mercedes-Benz/GLE/2026/1280/479534/Xb3c0ce/front_45_degree.png'},{url:'https://carimages.d2cmedia.ca/newcarimages/en/cb6ab798baca942/Mercedes-Benz/GLE/2026/2100/479534/Xb3c0ce/front_45_degree.png'},{url:'https://carimages.d2cmedia.ca/newcarimages/en/cb6ab798baca942/Mercedes-Benz/GLE/2026/2100/479534/Xb3c0ce/profile.png'},{url:'https://carimages.d2cmedia.ca/newcarimages/en/cb6ab798baca942/Mercedes-Benz/GLE/2026/2100/479534/Xb3c0ce/back_45_degree.png'},{url:'https://carimages.d2cmedia.ca/newcarimages/en/cb6ab798baca942/Mercedes-Benz/GLE/2026/2100/479534/Xb3c0ce/driver_dashboard.png'},{url:'https://carimages.d2cmedia.ca/newcarimages/en/cb6ab798baca942/Mercedes-Benz/GLE/2026/2100/479534/Xb3c0ce/full_dashboard.png'},{url:'https://carimages.d2cmedia.ca/newcarimages/en/cb6ab798baca942/Mercedes-Benz/GLE/2026/2100/479534/Xb3c0ce/interior_driver_open_seat.png'},{url:'https://carimages.d2cmedia.ca/newcarimages/en/cb6ab798baca942/Mercedes-Benz/GLE/2026/2100/479534/Xb3c0ce/interior_driver_stereo.png'},{url:'https://carimages.d2cmedia.ca/newcarimages/en/cb6ab798baca942/Mercedes-Benz/GLE/2026/2100/479534/Xb3c0ce/interior_driver_reat_seats.png'}]",90,KM,https://www.mercedes-benz-maple.ca/new/inventory/2026-Mercedes_Benz-GLE_53-id14223677.html,2026 Mercedes-Benz GLE AMG GLE 53 4MATIC+ Coupe at Mercedes-Benz Maple,165857 CAD,New,Light blue,Beige,4804,Mercedes-Benz Maple,+1-905-585-9300,"{addr1: '9300 Jane St', city: 'Maple', region: 'Ontario', postal_code: 'L6A 0C5', country: 'CA'}",43.8344170000,-79.5341990000,,,,,https://www.mercedes-benz-maple.ca/privacy-policy.html,New,4804,In stock,,165857 CAD,Free,
4JGFD6BB1TB696467,4JGFD6BB1TB696467,26658095-new,Mercedes-Benz,GLE,AMG GLE 53 4MATIC+ Coupe,2026,AUTOMATIC,SUV,GASOLINE,,"2026 Mercedes-Benz GLE AMG GLE 53 4MATIC+ Coupe, Grey exterior","[{url:'https://carimages.d2cmedia.ca/newcarimages/en/cb6ab798baca942/Mercedes-Benz/GLE/2026/1200/479534-NE1BVElDKyBDb3VwZQ/X363637/front45.png'},{url:'https://carimages.d2cmedia.ca/newcarimages/en/cb6ab798baca942/Mercedes-Benz/GLE/2026/1280/479534/X363637/front_45_degree.png'},{url:'https://carimages.d2cmedia.ca/newcarimages/en/cb6ab798baca942/Mercedes-Benz/GLE/2026/2100/479534/X363637/front_45_degree.png'},{url:'https://carimages.d2cmedia.ca/newcarimages/en/cb6ab798baca942/Mercedes-Benz/GLE/2026/2100/479534/X363637/profile.png'},{url:'https://carimages.d2cmedia.ca/newcarimages/en/cb6ab798baca942/Mercedes-Benz/GLE/2026/2100/479534/X363637/back_45_degree.png'},{url:'https://carimages.d2cmedia.ca/newcarimages/en/cb6ab798baca942/Mercedes-Benz/GLE/2026/2100/479534/X363637/driver_dashboard.png'},{url:'https://carimages.d2cmedia.ca/newcarimages/en/cb6ab798baca942/Mercedes-Benz/GLE/2026/2100/479534/X363637/full_dashboard.png'},{url:'https://carimages.d2cmedia.ca/newcarimages/en/cb6ab798baca942/Mercedes-Benz/GLE/2026/2100/479534/X363637/interior_driver_open_seat.png'},{url:'https://carimages.d2cmedia.ca/newcarimages/en/cb6ab798baca942/Mercedes-Benz/GLE/2026/2100/479534/X363637/interior_driver_stereo.png'},{url:'https://carimages.d2cmedia.ca/newcarimages/en/cb6ab798baca942/Mercedes-Benz/GLE/2026/2100/479534/X363637/interior_driver_reat_seats.png'}]",90,KM,https://www.mercedes-benz-maple.ca/new/inventory/2026-Mercedes_Benz-GLE_53-id14003280.html,2026 Mercedes-Benz GLE AMG GLE 53 4MATIC+ Coupe at Mercedes-Benz Maple,167177 CAD,New,Grey,Red,4804,Mercedes-Benz Maple,+1-905-585-9300,"{addr1: '9300 Jane St', city: 'Maple', region: 'Ontario', postal_code: 'L6A 0C5', country: 'CA'}",43.8344170000,-79.5341990000,,,,,https://www.mercedes-benz-maple.ca/privacy-policy.html,New,4804,In stock,,167177 CAD,Free,
4JGFD8KB1TB716650,4JGFD8KB1TB716650,26658096-new,Mercedes-Benz,GLE,AMG GLE 63 S 4MATIC+ Coupe,2026,AUTOMATIC,SUV,GASOLINE,,"2026 Mercedes-Benz GLE AMG GLE 63 S 4MATIC+ Coupe, Grey exterior","[{url:'https://carimages.d2cmedia.ca/newcarimages/en/cb6ab798baca942/Mercedes-Benz/GLE/2026/1200/479533-UyA0TUFUSUMrIENvdXBl/X363637/front45.png'},{url:'https://carimages.d2cmedia.ca/newcarimages/en/cb6ab798baca942/Mercedes-Benz/GLE/2026/1280/479533/X363637/front_45_degree.png'},{url:'https://carimages.d2cmedia.ca/newcarimages/en/cb6ab798baca942/Mercedes-Benz/GLE/2026/2100/479533/X363637/front_45_degree.png'},{url:'https://carimages.d2cmedia.ca/newcarimages/en/cb6ab798baca942/Mercedes-Benz/GLE/2026/2100/479533/X363637/profile.png'},{url:'https://carimages.d2cmedia.ca/newcarimages/en/cb6ab798baca942/Mercedes-Benz/GLE/2026/2100/479533/X363637/back_45_degree.png'},{url:'https://carimages.d2cmedia.ca/newcarimages/en/cb6ab798baca942/Mercedes-Benz/GLE/2026/2100/479533/X363637/driver_dashboard.png'},{url:'https://carimages.d2cmedia.ca/newcarimages/en/cb6ab798baca942/Mercedes-Benz/GLE/2026/2100/479533/X363637/full_dashboard.png'},{url:'https://carimages.d2cmedia.ca/newcarimages/en/cb6ab798baca942/Mercedes-Benz/GLE/2026/2100/479533/X363637/interior_driver_open_seat.png'},{url:'https://carimages.d2cmedia.ca/newcarimages/en/cb6ab798baca942/Mercedes-Benz/GLE/2026/2100/479533/X363637/interior_driver_stereo.png'},{url:'https://carimages.d2cmedia.ca/newcarimages/en/cb6ab798baca942/Mercedes-Benz/GLE/2026/2100/479533/X363637/interior_driver_reat_seats.png'}]",90,KM,https://www.mercedes-benz-maple.ca/new/inventory/2026-Mercedes_Benz-GLE_63_AMG-id14308574.html,2026 Mercedes-Benz GLE AMG GLE 63 S 4MATIC+ Coupe at Mercedes-Benz Maple,220578 CAD,New,Grey,Red,4804,Mercedes-Benz Maple,+1-905-585-9300,"{addr1: '9300 Jane St', city: 'Maple', region: 'Ontario', postal_code: 'L6A 0C5', country: 'CA'}",43.8344170000,-79.5341990000,,,,,https://www.mercedes-benz-maple.ca/privacy-policy.html,New,4804,In stock,,220578 CAD,Free,
W1KLF4HB4VA311950,W1KLF4HB4VA311950,27658627-new,Mercedes-Benz,E-Class,E 350 4MATIC Sedan,2027,AUTOMATIC,SEDAN,GASOLINE,,"2027 Mercedes-Benz E-Class E 350 4MATIC Sedan, White exterior","[{url:'https://carimages.d2cmedia.ca/newcarimages/en/cb6ab798baca942/Mercedes-Benz/E-Class/2027/1200/487190-NE1BVElDIFNlZGFu/XE9E9E9/front45.png'},{url:'https://carimages.d2cmedia.ca/newcarimages/en/cb6ab798baca942/Mercedes-Benz/E-Class/2027/1280/487190/Xe9e9e9/front_45_degree.png'},{url:'https://carimages.d2cmedia.ca/newcarimages/en/cb6ab798baca942/Mercedes-Benz/E-Class/2027/2100/487190/Xe9e9e9/front_45_degree.png'},{url:'https://carimages.d2cmedia.ca/newcarimages/en/cb6ab798baca942/Mercedes-Benz/E-Class/2027/2100/487190/Xe9e9e9/profile.png'},{url:'https://carimages.d2cmedia.ca/newcarimages/en/cb6ab798baca942/Mercedes-Benz/E-Class/2027/2100/487190/Xe9e9e9/back_45_degree.png'},{url:'https://carimages.d2cmedia.ca/newcarimages/en/cb6ab798baca942/Mercedes-Benz/E-Class/2027/2100/487190/Xe9e9e9/driver_dashboard.png'},{url:'https://carimages.d2cmedia.ca/newcarimages/en/cb6ab798baca942/Mercedes-Benz/E-Class/2027/2100/487190/Xe9e9e9/full_dashboard.png'},{url:'https://carimages.d2cmedia.ca/newcarimages/en/cb6ab798baca942/Mercedes-Benz/E-Class/2027/2100/487190/Xe9e9e9/interior_driver_open_seat.png'},{url:'https://carimages.d2cmedia.ca/newcarimages/en/cb6ab798baca942/Mercedes-Benz/E-Class/2027/2100/487190/Xe9e9e9/interior_driver_stereo.png'},{url:'https://carimages.d2cmedia.ca/newcarimages/en/cb6ab798baca942/Mercedes-Benz/E-Class/2027/2100/487190/Xe9e9e9/interior_driver_reat_seats.png'}]",90,KM,https://www.mercedes-benz-maple.ca/new/inventory/2027-Mercedes_Benz-E_350-id14213837.html,2027 Mercedes-Benz E-Class E 350 4MATIC Sedan at Mercedes-Benz Maple,89011 CAD,New,White,Black,4804,Mercedes-Benz Maple,+1-905-585-9300,"{addr1: '9300 Jane St', city: 'Maple', region: 'Ontario', postal_code: 'L6A 0C5', country: 'CA'}",43.8344170000,-79.5341990000,,,,,https://www.mercedes-benz-maple.ca/privacy-policy.html,New,4804,In stock,,89011 CAD,Free,
W1KLF4HB2VA334269,W1KLF4HB2VA334269,27662591-new,Mercedes-Benz,E-Class,E 350 4MATIC Sedan,2027,AUTOMATIC,SEDAN,GASOLINE,,"2027 Mercedes-Benz E-Class E 350 4MATIC Sedan, Black exterior","[{url:'https://carimages.d2cmedia.ca/newcarimages/en/cb6ab798baca942/Mercedes-Benz/E-Class/2027/1200/487190-NE1BVElDIFNlZGFu/X060606/front45.png'},{url:'https://carimages.d2cmedia.ca/newcarimages/en/cb6ab798baca942/Mercedes-Benz/E-Class/2027/1280/487190/X060606/front_45_degree.png'},{url:'https://carimages.d2cmedia.ca/newcarimages/en/cb6ab798baca942/Mercedes-Benz/E-Class/2027/2100/487190/X060606/front_45_degree.png'},{url:'https://carimages.d2cmedia.ca/newcarimages/en/cb6ab798baca942/Mercedes-Benz/E-Class/2027/2100/487190/X060606/profile.png'},{url:'https://carimages.d2cmedia.ca/newcarimages/en/cb6ab798baca942/Mercedes-Benz/E-Class/2027/2100/487190/X060606/back_45_degree.png'},{url:'https://carimages.d2cmedia.ca/newcarimages/en/cb6ab798baca942/Mercedes-Benz/E-Class/2027/2100/487190/X060606/driver_dashboard.png'},{url:'https://carimages.d2cmedia.ca/newcarimages/en/cb6ab798baca942/Mercedes-Benz/E-Class/2027/2100/487190/X060606/full_dashboard.png'},{url:'https://carimages.d2cmedia.ca/newcarimages/en/cb6ab798baca942/Mercedes-Benz/E-Class/2027/2100/487190/X060606/interior_driver_open_seat.png'},{url:'https://carimages.d2cmedia.ca/newcarimages/en/cb6ab798baca942/Mercedes-Benz/E-Class/2027/2100/487190/X060606/interior_driver_stereo.png'},{url:'https://carimages.d2cmedia.ca/newcarimages/en/cb6ab798baca942/Mercedes-Benz/E-Class/2027/2100/487190/X060606/interior_driver_reat_seats.png'}]",90,KM,https://www.mercedes-benz-maple.ca/new/inventory/2027-Mercedes_Benz-E_350-id14429906.html,2027 Mercedes-Benz E-Class E 350 4MATIC Sedan at Mercedes-Benz Maple,89211 CAD,New,Black,Beige,4804,Mercedes-Benz Maple,+1-905-585-9300,"{addr1: '9300 Jane St', city: 'Maple', region: 'Ontario', postal_code: 'L6A 0C5', country: 'CA'}",43.8344170000,-79.5341990000,,,,,https://www.mercedes-benz-maple.ca/privacy-policy.html,New,4804,In stock,,89211 CAD,Free,
W1KLF4HB6TA229327,W1KLF4HB6TA229327,26521335-new,Mercedes-Benz,E-Class,E 350 4MATIC Sedan,2026,AUTOMATIC,SEDAN,GASOLINE,,"2026 Mercedes-Benz E-Class E 350 4MATIC Sedan, Black exterior","[{url:'https://imagescdn.d2cmedia.ca/cb6ab798baca942/4804/13013818/1/Mercedes_Benz-E_Class-2026.jpg'},{url:'https://imagescdn.d2cmedia.ca/s86ab798baca942/4804/13013818/1/Mercedes_Benz-E_350-2026.jpg'},{url:'https://imagescdn.d2cmedia.ca/cb6ab798baca942/4804/13013818/1/Mercedes_Benz-E_350-2026.jpg'},{url:'https://imagescdn.d2cmedia.ca/cb6ab798baca942/4804/13013818/2/Mercedes_Benz-E_350-2026.jpg'},{url:'https://imagescdn.d2cmedia.ca/cb6ab798baca942/4804/13013818/3/Mercedes_Benz-E_350-2026.jpg'},{url:'https://imagescdn.d2cmedia.ca/cb6ab798baca942/4804/13013818/4/Mercedes_Benz-E_350-2026.jpg'},{url:'https://imagescdn.d2cmedia.ca/cb6ab798baca942/4804/13013818/5/Mercedes_Benz-E_350-2026.jpg'},{url:'https://imagescdn.d2cmedia.ca/cb6ab798baca942/4804/13013818/6/Mercedes_Benz-E_350-2026.jpg'},{url:'https://imagescdn.d2cmedia.ca/cb6ab798baca942/4804/13013818/7/Mercedes_Benz-E_350-2026.jpg'},{url:'https://imagescdn.d2cmedia.ca/cb6ab798baca942/4804/13013818/8/Mercedes_Benz-E_350-2026.jpg'}]",90,KM,https://www.mercedes-benz-maple.ca/new/inventory/2026-Mercedes_Benz-E_350-id13013818.html,2026 Mercedes-Benz E-Class E 350 4MATIC Sedan at Mercedes-Benz Maple,91561 CAD,New,Black,Brown,4804,Mercedes-Benz Maple,+1-905-585-9300,"{addr1: '9300 Jane St', city: 'Maple', region: 'Ontario', postal_code: 'L6A 0C5', country: 'CA'}",43.8344170000,-79.5341990000,,,,,https://www.mercedes-benz-maple.ca/privacy-policy.html,New,4804,In stock,,91561 CAD,Free,
W1KLF4HB0TA230716,W1KLF4HB0TA230716,26521333-new,Mercedes-Benz,E-Class,E 350 4MATIC Sedan,2026,AUTOMATIC,SEDAN,GASOLINE,,"2026 Mercedes-Benz E-Class E 350 4MATIC Sedan, Black exterior","[{url:'https://imagescdn.d2cmedia.ca/cb6ab798baca942/4804/13246162/1/Mercedes_Benz-E_Class-2026.jpg'},{url:'https://imagescdn.d2cmedia.ca/s86ab798baca942/4804/13246162/1/Mercedes_Benz-E_350-2026.jpg'},{url:'https://imagescdn.d2cmedia.ca/cb6ab798baca942/4804/13246162/1/Mercedes_Benz-E_350-2026.jpg'},{url:'https://imagescdn.d2cmedia.ca/cb6ab798baca942/4804/13246162/2/Mercedes_Benz-E_350-2026.jpg'},{url:'https://imagescdn.d2cmedia.ca/cb6ab798baca942/4804/13246162/3/Mercedes_Benz-E_350-2026.jpg'},{url:'https://imagescdn.d2cmedia.ca/cb6ab798baca942/4804/13246162/4/Mercedes_Benz-E_350-2026.jpg'},{url:'https://imagescdn.d2cmedia.ca/cb6ab798baca942/4804/13246162/5/Mercedes_Benz-E_350-2026.jpg'},{url:'https://imagescdn.d2cmedia.ca/cb6ab798baca942/4804/13246162/6/Mercedes_Benz-E_350-2026.jpg'},{url:'https://imagescdn.d2cmedia.ca/cb6ab798baca942/4804/13246162/7/Mercedes_Benz-E_350-2026.jpg'},{url:'https://imagescdn.d2cmedia.ca/cb6ab798baca942/4804/13246162/8/Mercedes_Benz-E_350-2026.jpg'}]",90,KM,https://www.mercedes-benz-maple.ca/new/inventory/2026-Mercedes_Benz-E_350-id13246162.html,2026 Mercedes-Benz E-Class E 350 4MATIC Sedan at Mercedes-Benz Maple,91561 CAD,New,Black,Black,4804,Mercedes-Benz Maple,+1-905-585-9300,"{addr1: '9300 Jane St', city: 'Maple', region: 'Ontario', postal_code: 'L6A 0C5', country: 'CA'}",43.8344170000,-79.5341990000,,,,,https://www.mercedes-benz-maple.ca/privacy-policy.html,New,4804,In stock,,91561 CAD,Free,
W1KLF4HB5TA252565,W1KLF4HB5TA252565,26526516-new,Mercedes-Benz,E-Class,E 350 4MATIC Sedan,2026,AUTOMATIC,SEDAN,GASOLINE,,"2026 Mercedes-Benz E-Class E 350 4MATIC Sedan, Black exterior","[{url:'https://carimages.d2cmedia.ca/newcarimages/en/cb6ab798baca942/Mercedes-Benz/E-Class/2026/1200/474670-NE1BVElDIFNlZGFu/X060606/front45.png'},{url:'https://carimages.d2cmedia.ca/newcarimages/en/cb6ab798baca942/Mercedes-Benz/E-Class/2026/1280/474670/X060606/front_45_degree.png'},{url:'https://carimages.d2cmedia.ca/newcarimages/en/cb6ab798baca942/Mercedes-Benz/E-Class/2026/2100/474670/X060606/front_45_degree.png'},{url:'https://carimages.d2cmedia.ca/newcarimages/en/cb6ab798baca942/Mercedes-Benz/E-Class/2026/2100/474670/X060606/profile.png'},{url:'https://carimages.d2cmedia.ca/newcarimages/en/cb6ab798baca942/Mercedes-Benz/E-Class/2026/2100/474670/X060606/back_45_degree.png'},{url:'https://carimages.d2cmedia.ca/newcarimages/en/cb6ab798baca942/Mercedes-Benz/E-Class/2026/2100/474670/X060606/driver_dashboard.png'},{url:'https://carimages.d2cmedia.ca/newcarimages/en/cb6ab798baca942/Mercedes-Benz/E-Class/2026/2100/474670/X060606/full_dashboard.png'},{url:'https://carimages.d2cmedia.ca/newcarimages/en/cb6ab798baca942/Mercedes-Benz/E-Class/2026/2100/474670/X060606/interior_driver_open_seat.png'},{url:'https://carimages.d2cmedia.ca/newcarimages/en/cb6ab798baca942/Mercedes-Benz/E-Class/2026/2100/474670/X060606/interior_driver_stereo.png'},{url:'https://carimages.d2cmedia.ca/newcarimages/en/cb6ab798baca942/Mercedes-Benz/E-Class/2026/2100/474670/X060606/interior_driver_reat_seats.png'}]",90,KM,https://www.mercedes-benz-maple.ca/new/inventory/2026-Mercedes_Benz-E_350-id13722082.html,2026 Mercedes-Benz E-Class E 350 4MATIC Sedan at Mercedes-Benz Maple,91561 CAD,New,Black,Black,4804,Mercedes-Benz Maple,+1-905-585-9300,"{addr1: '9300 Jane St', city: 'Maple', region: 'Ontario', postal_code: 'L6A 0C5', country: 'CA'}",43.8344170000,-79.5341990000,,,,,https://www.mercedes-benz-maple.ca/privacy-policy.html,New,4804,In stock,,91561 CAD,Free,
W1KLF4HB8TA223139,W1KLF4HB8TA223139,26517266-new,Mercedes-Benz,E-Class,E 350 4MATIC Sedan,2026,AUTOMATIC,SEDAN,GASOLINE,,"2026 Mercedes-Benz E-Class E 350 4MATIC Sedan, White exterior","[{url:'https://carimages.d2cmedia.ca/newcarimages/en/cb6ab798baca942/Mercedes-Benz/E-Class/2026/1200/474670-NE1BVElDIFNlZGFu/XE9E9E9/front45.png'},{url:'https://carimages.d2cmedia.ca/newcarimages/en/cb6ab798baca942/Mercedes-Benz/E-Class/2026/1280/474670/Xe9e9e9/front_45_degree.png'},{url:'https://carimages.d2cmedia.ca/newcarimages/en/cb6ab798baca942/Mercedes-Benz/E-Class/2026/2100/474670/Xe9e9e9/front_45_degree.png'},{url:'https://carimages.d2cmedia.ca/newcarimages/en/cb6ab798baca942/Mercedes-Benz/E-Class/2026/2100/474670/Xe9e9e9/profile.png'},{url:'https://carimages.d2cmedia.ca/newcarimages/en/cb6ab798baca942/Mercedes-Benz/E-Class/2026/2100/474670/Xe9e9e9/back_45_degree.png'},{url:'https://carimages.d2cmedia.ca/newcarimages/en/cb6ab798baca942/Mercedes-Benz/E-Class/2026/2100/474670/Xe9e9e9/driver_dashboard.png'},{url:'https://carimages.d2cmedia.ca/newcarimages/en/cb6ab798baca942/Mercedes-Benz/E-Class/2026/2100/474670/Xe9e9e9/full_dashboard.png'},{url:'https://carimages.d2cmedia.ca/newcarimages/en/cb6ab798baca942/Mercedes-Benz/E-Class/2026/2100/474670/Xe9e9e9/interior_driver_open_seat.png'},{url:'https://carimages.d2cmedia.ca/newcarimages/en/cb6ab798baca942/Mercedes-Benz/E-Class/2026/2100/474670/Xe9e9e9/interior_driver_stereo.png'},{url:'https://carimages.d2cmedia.ca/newcarimages/en/cb6ab798baca942/Mercedes-Benz/E-Class/2026/2100/474670/Xe9e9e9/interior_driver_reat_seats.png'}]",90,KM,https://www.mercedes-benz-maple.ca/new/inventory/2026-Mercedes_Benz-E_350-id13633699.html,2026 Mercedes-Benz E-Class E 350 4MATIC Sedan at Mercedes-Benz Maple,93861 CAD,New,White,Black,4804,Mercedes-Benz Maple,+1-905-585-9300,"{addr1: '9300 Jane St', city: 'Maple', region: 'Ontario', postal_code: 'L6A 0C5', country: 'CA'}",43.8344170000,-79.5341990000,,,,,https://www.mercedes-benz-maple.ca/privacy-policy.html,New,4804,In stock,,93861 CAD,Free,
W1KLF4HB9VA319817,W1KLF4HB9VA319817,27660477-new,Mercedes-Benz,E-Class,E 350 4MATIC Sedan,2027,AUTOMATIC,SEDAN,GASOLINE,,"2027 Mercedes-Benz E-Class E 350 4MATIC Sedan, Grey exterior","[{url:'https://carimages.d2cmedia.ca/newcarimages/en/cb6ab798baca942/Mercedes-Benz/E-Class/2027/1200/487190-NE1BVElDIFNlZGFu/X9C9AA1/front45.png'},{url:'https://carimages.d2cmedia.ca/newcarimages/en/cb6ab798baca942/Mercedes-Benz/E-Class/2027/1280/487190/X9c9aa1/front_45_degree.png'},{url:'https://carimages.d2cmedia.ca/newcarimages/en/cb6ab798baca942/Mercedes-Benz/E-Class/2027/2100/487190/X9c9aa1/front_45_degree.png'},{url:'https://carimages.d2cmedia.ca/newcarimages/en/cb6ab798baca942/Mercedes-Benz/E-Class/2027/2100/487190/X9c9aa1/profile.png'},{url:'https://carimages.d2cmedia.ca/newcarimages/en/cb6ab798baca942/Mercedes-Benz/E-Class/2027/2100/487190/X9c9aa1/back_45_degree.png'},{url:'https://carimages.d2cmedia.ca/newcarimages/en/cb6ab798baca942/Mercedes-Benz/E-Class/2027/2100/487190/X9c9aa1/driver_dashboard.png'},{url:'https://carimages.d2cmedia.ca/newcarimages/en/cb6ab798baca942/Mercedes-Benz/E-Class/2027/2100/487190/X9c9aa1/full_dashboard.png'},{url:'https://carimages.d2cmedia.ca/newcarimages/en/cb6ab798baca942/Mercedes-Benz/E-Class/2027/2100/487190/X9c9aa1/interior_driver_open_seat.png'},{url:'https://carimages.d2cmedia.ca/newcarimages/en/cb6ab798baca942/Mercedes-Benz/E-Class/2027/2100/487190/X9c9aa1/interior_driver_stereo.png'},{url:'https://carimages.d2cmedia.ca/newcarimages/en/cb6ab798baca942/Mercedes-Benz/E-Class/2027/2100/487190/X9c9aa1/interior_driver_reat_seats.png'}]",90,KM,https://www.mercedes-benz-maple.ca/new/inventory/2027-Mercedes_Benz-E_350-id14276958.html,2027 Mercedes-Benz E-Class E 350 4MATIC Sedan at Mercedes-Benz Maple,98011 CAD,New,Grey,Black,4804,Mercedes-Benz Maple,+1-905-585-9300,"{addr1: '9300 Jane St', city: 'Maple', region: 'Ontario', postal_code: 'L6A 0C5', country: 'CA'}",43.8344170000,-79.5341990000,,,,,https://www.mercedes-benz-maple.ca/privacy-policy.html,New,4804,In stock,,98011 CAD,Free,
W1KLF6BBXVA312878,W1KLF6BBXVA312878,27653495-new,Mercedes-Benz,E-Class,E 450 4MATIC Sedan,2027,AUTOMATIC,SEDAN,GASOLINE,,"2027 Mercedes-Benz E-Class E 450 4MATIC Sedan, Blue exterior","[{url:'https://carimages.d2cmedia.ca/newcarimages/en/cb6ab798baca942/Mercedes-Benz/E-Class/2027/1200/487176-NE1BVElDIFNlZGFu/blue/front45.png'},{url:'https://carimages.d2cmedia.ca/newcarimages/en/cb6ab798baca942/Mercedes-Benz/E-Class/2027/1280/487176/blue/front_45_degree.png'},{url:'https://carimages.d2cmedia.ca/newcarimages/en/cb6ab798baca942/Mercedes-Benz/E-Class/2027/2100/487176/blue/front_45_degree.png'},{url:'https://carimages.d2cmedia.ca/newcarimages/en/cb6ab798baca942/Mercedes-Benz/E-Class/2027/2100/487176/blue/profile.png'},{url:'https://carimages.d2cmedia.ca/newcarimages/en/cb6ab798baca942/Mercedes-Benz/E-Class/2027/2100/487176/blue/back_45_degree.png'},{url:'https://carimages.d2cmedia.ca/newcarimages/en/cb6ab798baca942/Mercedes-Benz/E-Class/2027/2100/487176/blue/driver_dashboard.png'},{url:'https://carimages.d2cmedia.ca/newcarimages/en/cb6ab798baca942/Mercedes-Benz/E-Class/2027/2100/487176/blue/full_dashboard.png'},{url:'https://carimages.d2cmedia.ca/newcarimages/en/cb6ab798baca942/Mercedes-Benz/E-Class/2027/2100/487176/blue/interior_driver_open_seat.png'},{url:'https://carimages.d2cmedia.ca/newcarimages/en/cb6ab798baca942/Mercedes-Benz/E-Class/2027/2100/487176/blue/interior_driver_stereo.png'},{url:'https://carimages.d2cmedia.ca/newcarimages/en/cb6ab798baca942/Mercedes-Benz/E-Class/2027/2100/487176/blue/interior_driver_reat_seats.png'}]",90,KM,https://www.mercedes-benz-maple.ca/new/inventory/2027-Mercedes_Benz-E_450-id14213835.html,2027 Mercedes-Benz E-Class E 450 4MATIC Sedan at Mercedes-Benz Maple,99711 CAD,New,Blue,Brown,4804,Mercedes-Benz Maple,+1-905-585-9300,"{addr1: '9300 Jane St', city: 'Maple', region: 'Ontario', postal_code: 'L6A 0C5', country: 'CA'}",43.8344170000,-79.5341990000,,,,,https://www.mercedes-benz-maple.ca/privacy-policy.html,New,4804,In stock,,99711 CAD,Free,
W1KLF6BB7VA320159,W1KLF6BB7VA320159,27660479-new,Mercedes-Benz,E-Class,E 450 4MATIC Sedan,2027,AUTOMATIC,SEDAN,GASOLINE,,"2027 Mercedes-Benz E-Class E 450 4MATIC Sedan, Black exterior","[{url:'https://carimages.d2cmedia.ca/newcarimages/en/cb6ab798baca942/Mercedes-Benz/E-Class/2027/1200/487176-NE1BVElDIFNlZGFu/X060606/front45.png'},{url:'https://carimages.d2cmedia.ca/newcarimages/en/cb6ab798baca942/Mercedes-Benz/E-Class/2027/1280/487176/X060606/front_45_degree.png'},{url:'https://carimages.d2cmedia.ca/newcarimages/en/cb6ab798baca942/Mercedes-Benz/E-Class/2027/2100/487176/X060606/front_45_degree.png'},{url:'https://carimages.d2cmedia.ca/newcarimages/en/cb6ab798baca942/Mercedes-Benz/E-Class/2027/2100/487176/X060606/profile.png'},{url:'https://carimages.d2cmedia.ca/newcarimages/en/cb6ab798baca942/Mercedes-Benz/E-Class/2027/2100/487176/X060606/back_45_degree.png'},{url:'https://carimages.d2cmedia.ca/newcarimages/en/cb6ab798baca942/Mercedes-Benz/E-Class/2027/2100/487176/X060606/driver_dashboard.png'},{url:'https://carimages.d2cmedia.ca/newcarimages/en/cb6ab798baca942/Mercedes-Benz/E-Class/2027/2100/487176/X060606/full_dashboard.png'},{url:'https://carimages.d2cmedia.ca/newcarimages/en/cb6ab798baca942/Mercedes-Benz/E-Class/2027/2100/487176/X060606/interior_driver_open_seat.png'},{url:'https://carimages.d2cmedia.ca/newcarimages/en/cb6ab798baca942/Mercedes-Benz/E-Class/2027/2100/487176/X060606/interior_driver_stereo.png'},{url:'https://carimages.d2cmedia.ca/newcarimages/en/cb6ab798baca942/Mercedes-Benz/E-Class/2027/2100/487176/X060606/interior_driver_reat_seats.png'}]",90,KM,https://www.mercedes-benz-maple.ca/new/inventory/2027-Mercedes_Benz-E_450-id14213839.html,2027 Mercedes-Benz E-Class E 450 4MATIC Sedan at Mercedes-Benz Maple,99811 CAD,New,Black,Black,4804,Mercedes-Benz Maple,+1-905-585-9300,"{addr1: '9300 Jane St', city: 'Maple', region: 'Ontario', postal_code: 'L6A 0C5', country: 'CA'}",43.8344170000,-79.5341990000,,,,,https://www.mercedes-benz-maple.ca/privacy-policy.html,New,4804,In stock,,99811 CAD,Free,
W1KLF6BB9VA313942,W1KLF6BB9VA313942,27659397-new,Mercedes-Benz,E-Class,E 450 4MATIC Sedan,2027,AUTOMATIC,SEDAN,GASOLINE,,"2027 Mercedes-Benz E-Class E 450 4MATIC Sedan, Grey exterior","[{url:'https://carimages.d2cmedia.ca/newcarimages/en/cb6ab798baca942/Mercedes-Benz/E-Class/2027/1200/487176-NE1BVElDIFNlZGFu/X9C9AA1/front45.png'},{url:'https://carimages.d2cmedia.ca/newcarimages/en/cb6ab798baca942/Mercedes-Benz/E-Class/2027/1280/487176/X9c9aa1/front_45_degree.png'},{url:'https://carimages.d2cmedia.ca/newcarimages/en/cb6ab798baca942/Mercedes-Benz/E-Class/2027/2100/487176/X9c9aa1/front_45_degree.png'},{url:'https://carimages.d2cmedia.ca/newcarimages/en/cb6ab798baca942/Mercedes-Benz/E-Class/2027/2100/487176/X9c9aa1/profile.png'},{url:'https://carimages.d2cmedia.ca/newcarimages/en/cb6ab798baca942/Mercedes-Benz/E-Class/2027/2100/487176/X9c9aa1/back_45_degree.png'},{url:'https://carimages.d2cmedia.ca/newcarimages/en/cb6ab798baca942/Mercedes-Benz/E-Class/2027/2100/487176/X9c9aa1/driver_dashboard.png'},{url:'https://carimages.d2cmedia.ca/newcarimages/en/cb6ab798baca942/Mercedes-Benz/E-Class/2027/2100/487176/X9c9aa1/full_dashboard.png'},{url:'https://carimages.d2cmedia.ca/newcarimages/en/cb6ab798baca942/Mercedes-Benz/E-Class/2027/2100/487176/X9c9aa1/interior_driver_open_seat.png'},{url:'https://carimages.d2cmedia.ca/newcarimages/en/cb6ab798baca942/Mercedes-Benz/E-Class/2027/2100/487176/X9c9aa1/interior_driver_stereo.png'},{url:'https://carimages.d2cmedia.ca/newcarimages/en/cb6ab798baca942/Mercedes-Benz/E-Class/2027/2100/487176/X9c9aa1/interior_driver_reat_seats.png'}]",90,KM,https://www.mercedes-benz-maple.ca/new/inventory/2027-Mercedes_Benz-E_450-id14213838.html,2027 Mercedes-Benz E-Class E 450 4MATIC Sedan at Mercedes-Benz Maple,100133 CAD,New,Grey,Beige,4804,Mercedes-Benz Maple,+1-905-585-9300,"{addr1: '9300 Jane St', city: 'Maple', region: 'Ontario', postal_code: 'L6A 0C5', country: 'CA'}",43.8344170000,-79.5341990000,,,,,https://www.mercedes-benz-maple.ca/privacy-policy.html,New,4804,In stock,,100133 CAD,Free,
W1KLF6BBXTA231389,W1KLF6BBXTA231389,26517378-new,Mercedes-Benz,E-Class,E 450 4MATIC Sedan,2026,AUTOMATIC,SEDAN,GASOLINE,,"2026 Mercedes-Benz E-Class E 450 4MATIC Sedan, White exterior","[{url:'https://imagescdn.d2cmedia.ca/cb6ab798baca942/4804/13118012/1/Mercedes_Benz-E_Class-2026.jpg'},{url:'https://imagescdn.d2cmedia.ca/s86ab798baca942/4804/13118012/1/Mercedes_Benz-E_450-2026.jpg'},{url:'https://imagescdn.d2cmedia.ca/cb6ab798baca942/4804/13118012/1/Mercedes_Benz-E_450-2026.jpg'},{url:'https://imagescdn.d2cmedia.ca/cb6ab798baca942/4804/13118012/2/Mercedes_Benz-E_450-2026.jpg'},{url:'https://imagescdn.d2cmedia.ca/cb6ab798baca942/4804/13118012/3/Mercedes_Benz-E_450-2026.jpg'},{url:'https://imagescdn.d2cmedia.ca/cb6ab798baca942/4804/13118012/4/Mercedes_Benz-E_450-2026.jpg'},{url:'https://imagescdn.d2cmedia.ca/cb6ab798baca942/4804/13118012/5/Mercedes_Benz-E_450-2026.jpg'},{url:'https://imagescdn.d2cmedia.ca/cb6ab798baca942/4804/13118012/6/Mercedes_Benz-E_450-2026.jpg'},{url:'https://imagescdn.d2cmedia.ca/cb6ab798baca942/4804/13118012/7/Mercedes_Benz-E_450-2026.jpg'},{url:'https://imagescdn.d2cmedia.ca/cb6ab798baca942/4804/13118012/8/Mercedes_Benz-E_450-2026.jpg'}]",90,KM,https://www.mercedes-benz-maple.ca/new/inventory/2026-Mercedes_Benz-E_450-id13118012.html,2026 Mercedes-Benz E-Class E 450 4MATIC Sedan at Mercedes-Benz Maple,103073 CAD,New,White,Black,4804,Mercedes-Benz Maple,+1-905-585-9300,"{addr1: '9300 Jane St', city: 'Maple', region: 'Ontario', postal_code: 'L6A 0C5', country: 'CA'}",43.8344170000,-79.5341990000,,,,,https://www.mercedes-benz-maple.ca/privacy-policy.html,New,4804,In stock,,103073 CAD,Free,
W1KLF6BB9TA249270,W1KLF6BB9TA249270,26526530-new,Mercedes-Benz,E-Class,E 450 4MATIC Sedan,2026,AUTOMATIC,SEDAN,GASOLINE,,"2026 Mercedes-Benz E-Class E 450 4MATIC Sedan, Black exterior","[{url:'https://carimages.d2cmedia.ca/newcarimages/en/cb6ab798baca942/Mercedes-Benz/E-Class/2026/1200/475368-NE1BVElDIFNlZGFu/black/front45.png'},{url:'https://carimages.d2cmedia.ca/newcarimages/en/cb6ab798baca942/Mercedes-Benz/E-Class/2026/1280/475368/black/front_45_degree.png'},{url:'https://carimages.d2cmedia.ca/newcarimages/en/cb6ab798baca942/Mercedes-Benz/E-Class/2026/2100/475368/black/front_45_degree.png'},{url:'https://carimages.d2cmedia.ca/newcarimages/en/cb6ab798baca942/Mercedes-Benz/E-Class/2026/2100/475368/black/profile.png'},{url:'https://carimages.d2cmedia.ca/newcarimages/en/cb6ab798baca942/Mercedes-Benz/E-Class/2026/2100/475368/black/back_45_degree.png'},{url:'https://carimages.d2cmedia.ca/newcarimages/en/cb6ab798baca942/Mercedes-Benz/E-Class/2026/2100/475368/black/driver_dashboard.png'},{url:'https://carimages.d2cmedia.ca/newcarimages/en/cb6ab798baca942/Mercedes-Benz/E-Class/2026/2100/475368/black/full_dashboard.png'},{url:'https://carimages.d2cmedia.ca/newcarimages/en/cb6ab798baca942/Mercedes-Benz/E-Class/2026/2100/475368/black/interior_driver_open_seat.png'},{url:'https://carimages.d2cmedia.ca/newcarimages/en/cb6ab798baca942/Mercedes-Benz/E-Class/2026/2100/475368/black/interior_driver_stereo.png'},{url:'https://carimages.d2cmedia.ca/newcarimages/en/cb6ab798baca942/Mercedes-Benz/E-Class/2026/2100/475368/black/interior_driver_reat_seats.png'}]",90,KM,https://www.mercedes-benz-maple.ca/new/inventory/2026-Mercedes_Benz-E_450-id14377127.html,2026 Mercedes-Benz E-Class E 450 4MATIC Sedan at Mercedes-Benz Maple,104513 CAD,New,Black,Black,4804,Mercedes-Benz Maple,+1-905-585-9300,"{addr1: '9300 Jane St', city: 'Maple', region: 'Ontario', postal_code: 'L6A 0C5', country: 'CA'}",43.8344170000,-79.5341990000,,,,,https://www.mercedes-benz-maple.ca/privacy-policy.html,New,4804,In stock,,104513 CAD,Free,
W1KLH6FB3TA266716,W1KLH6FB3TA266716,26649055-new,Mercedes-Benz,E-Class,E 450 4MATIC All-Terrain Wagon,2026,AUTOMATIC,SEDAN,GASOLINE,,"2026 Mercedes-Benz E-Class E 450 4MATIC All-Terrain Wagon, White exterior","[{url:'https://carimages.d2cmedia.ca/newcarimages/en/cb6ab798baca942/Mercedes-Benz/E-Class/2026/1200/479979-NE1BVElDIEFsbC1UZXJyYWluIFdhZ29u/XE9E9E9/front45.png'},{url:'https://carimages.d2cmedia.ca/newcarimages/en/cb6ab798baca942/Mercedes-Benz/E-Class/2026/1280/479979/Xe9e9e9/front_45_degree.png'},{url:'https://carimages.d2cmedia.ca/newcarimages/en/cb6ab798baca942/Mercedes-Benz/E-Class/2026/2100/479979/Xe9e9e9/front_45_degree.png'},{url:'https://carimages.d2cmedia.ca/newcarimages/en/cb6ab798baca942/Mercedes-Benz/E-Class/2026/2100/479979/Xe9e9e9/profile.png'},{url:'https://carimages.d2cmedia.ca/newcarimages/en/cb6ab798baca942/Mercedes-Benz/E-Class/2026/2100/479979/Xe9e9e9/back_45_degree.png'},{url:'https://carimages.d2cmedia.ca/newcarimages/en/cb6ab798baca942/Mercedes-Benz/E-Class/2026/2100/479979/Xe9e9e9/driver_dashboard.png'},{url:'https://carimages.d2cmedia.ca/newcarimages/en/cb6ab798baca942/Mercedes-Benz/E-Class/2026/2100/479979/Xe9e9e9/full_dashboard.png'},{url:'https://carimages.d2cmedia.ca/newcarimages/en/cb6ab798baca942/Mercedes-Benz/E-Class/2026/2100/479979/Xe9e9e9/interior_driver_open_seat.png'},{url:'https://carimages.d2cmedia.ca/newcarimages/en/cb6ab798baca942/Mercedes-Benz/E-Class/2026/2100/479979/Xe9e9e9/interior_driver_stereo.png'},{url:'https://carimages.d2cmedia.ca/newcarimages/en/cb6ab798baca942/Mercedes-Benz/E-Class/2026/2100/479979/Xe9e9e9/interior_driver_reat_seats.png'}]",90,KM,https://www.mercedes-benz-maple.ca/new/inventory/2026-Mercedes_Benz-E_450-id13587247.html,2026 Mercedes-Benz E-Class E 450 4MATIC All-Terrain Wagon at Mercedes-Benz Maple,104993 CAD,New,White,Black,4804,Mercedes-Benz Maple,+1-905-585-9300,"{addr1: '9300 Jane St', city: 'Maple', region: 'Ontario', postal_code: 'L6A 0C5', country: 'CA'}",43.8344170000,-79.5341990000,,,,,https://www.mercedes-benz-maple.ca/privacy-policy.html,New,4804,In stock,,104993 CAD,Free,
4JGFF5KE2TB610291,4JGFF5KE2TB610291,26526112-new,Mercedes-Benz,GLS,GLS 450 4MATIC SUV,2026,AUTOMATIC,SUV,GASOLINE,,"2026 Mercedes-Benz GLS GLS 450 4MATIC SUV, Black exterior","[{url:'https://carimages.d2cmedia.ca/newcarimages/en/cb6ab798baca942/Mercedes-Benz/GLS/2026/1200/476398-NE1BVElDIFNVVg/X060606/front45.png'},{url:'https://carimages.d2cmedia.ca/newcarimages/en/cb6ab798baca942/Mercedes-Benz/GLS/2026/1280/476398/X060606/front_45_degree.png'},{url:'https://carimages.d2cmedia.ca/newcarimages/en/cb6ab798baca942/Mercedes-Benz/GLS/2026/2100/476398/X060606/front_45_degree.png'},{url:'https://carimages.d2cmedia.ca/newcarimages/en/cb6ab798baca942/Mercedes-Benz/GLS/2026/2100/476398/X060606/profile.png'},{url:'https://carimages.d2cmedia.ca/newcarimages/en/cb6ab798baca942/Mercedes-Benz/GLS/2026/2100/476398/X060606/back_45_degree.png'},{url:'https://carimages.d2cmedia.ca/newcarimages/en/cb6ab798baca942/Mercedes-Benz/GLS/2026/2100/476398/X060606/driver_dashboard.png'},{url:'https://carimages.d2cmedia.ca/newcarimages/en/cb6ab798baca942/Mercedes-Benz/GLS/2026/2100/476398/X060606/full_dashboard.png'},{url:'https://carimages.d2cmedia.ca/newcarimages/en/cb6ab798baca942/Mercedes-Benz/GLS/2026/2100/476398/X060606/interior_driver_open_seat.png'},{url:'https://carimages.d2cmedia.ca/newcarimages/en/cb6ab798baca942/Mercedes-Benz/GLS/2026/2100/476398/X060606/interior_driver_stereo.png'},{url:'https://carimages.d2cmedia.ca/newcarimages/en/cb6ab798baca942/Mercedes-Benz/GLS/2026/2100/476398/X060606/interior_driver_reat_seats.png'}]",90,KM,https://www.mercedes-benz-maple.ca/new/inventory/2026-Mercedes_Benz-GLS_450-id14240711.html,2026 Mercedes-Benz GLS GLS 450 4MATIC SUV at Mercedes-Benz Maple,145205 CAD,New,Black,Black,4804,Mercedes-Benz Maple,+1-905-585-9300,"{addr1: '9300 Jane St', city: 'Maple', region: 'Ontario', postal_code: 'L6A 0C5', country: 'CA'}",43.8344170000,-79.5341990000,,,,,https://www.mercedes-benz-maple.ca/privacy-policy.html,New,4804,In stock,,145205 CAD,Free,
4JGFF5KE7TB543686,4JGFF5KE7TB543686,26517487-new,Mercedes-Benz,GLS,GLS 450 4MATIC SUV,2026,AUTOMATIC,SUV,GASOLINE,,"2026 Mercedes-Benz GLS GLS 450 4MATIC SUV, White exterior","[{url:'https://imagescdn.d2cmedia.ca/cb6ab798baca942/4804/13059447/1/Mercedes_Benz-GLS-2026.jpg'},{url:'https://imagescdn.d2cmedia.ca/s86ab798baca942/4804/13059447/1/Mercedes_Benz-GLS_450-2026.jpg'},{url:'https://imagescdn.d2cmedia.ca/cb6ab798baca942/4804/13059447/1/Mercedes_Benz-GLS_450-2026.jpg'},{url:'https://imagescdn.d2cmedia.ca/cb6ab798baca942/4804/13059447/2/Mercedes_Benz-GLS_450-2026.jpg'},{url:'https://imagescdn.d2cmedia.ca/cb6ab798baca942/4804/13059447/3/Mercedes_Benz-GLS_450-2026.jpg'},{url:'https://imagescdn.d2cmedia.ca/cb6ab798baca942/4804/13059447/4/Mercedes_Benz-GLS_450-2026.jpg'},{url:'https://imagescdn.d2cmedia.ca/cb6ab798baca942/4804/13059447/5/Mercedes_Benz-GLS_450-2026.jpg'},{url:'https://imagescdn.d2cmedia.ca/cb6ab798baca942/4804/13059447/6/Mercedes_Benz-GLS_450-2026.jpg'},{url:'https://imagescdn.d2cmedia.ca/cb6ab798baca942/4804/13059447/7/Mercedes_Benz-GLS_450-2026.jpg'},{url:'https://imagescdn.d2cmedia.ca/cb6ab798baca942/4804/13059447/8/Mercedes_Benz-GLS_450-2026.jpg'}]",90,KM,https://www.mercedes-benz-maple.ca/new/inventory/2026-Mercedes_Benz-GLS_450-id13059447.html,2026 Mercedes-Benz GLS GLS 450 4MATIC SUV at Mercedes-Benz Maple,146477 CAD,New,White,Black,4804,Mercedes-Benz Maple,+1-905-585-9300,"{addr1: '9300 Jane St', city: 'Maple', region: 'Ontario', postal_code: 'L6A 0C5', country: 'CA'}",43.8344170000,-79.5341990000,,,,,https://www.mercedes-benz-maple.ca/privacy-policy.html,New,4804,In stock,,146477 CAD,Free,
4JGFF5KE5TB569638,4JGFF5KE5TB569638,26520275-new,Mercedes-Benz,GLS,GLS 450 4MATIC SUV,2026,AUTOMATIC,SUV,GASOLINE,,"2026 Mercedes-Benz GLS GLS 450 4MATIC SUV, White exterior","[{url:'https://imagescdn.d2cmedia.ca/cb6ab798baca942/4804/13160885/1/Mercedes_Benz-GLS-2026.jpg'},{url:'https://imagescdn.d2cmedia.ca/s86ab798baca942/4804/13160885/1/Mercedes_Benz-GLS_450-2026.jpg'},{url:'https://imagescdn.d2cmedia.ca/cb6ab798baca942/4804/13160885/1/Mercedes_Benz-GLS_450-2026.jpg'},{url:'https://imagescdn.d2cmedia.ca/cb6ab798baca942/4804/13160885/2/Mercedes_Benz-GLS_450-2026.jpg'},{url:'https://imagescdn.d2cmedia.ca/cb6ab798baca942/4804/13160885/3/Mercedes_Benz-GLS_450-2026.jpg'},{url:'https://imagescdn.d2cmedia.ca/cb6ab798baca942/4804/13160885/4/Mercedes_Benz-GLS_450-2026.jpg'},{url:'https://imagescdn.d2cmedia.ca/cb6ab798baca942/4804/13160885/5/Mercedes_Benz-GLS_450-2026.jpg'},{url:'https://imagescdn.d2cmedia.ca/cb6ab798baca942/4804/13160885/6/Mercedes_Benz-GLS_450-2026.jpg'},{url:'https://imagescdn.d2cmedia.ca/cb6ab798baca942/4804/13160885/7/Mercedes_Benz-GLS_450-2026.jpg'},{url:'https://imagescdn.d2cmedia.ca/cb6ab798baca942/4804/13160885/8/Mercedes_Benz-GLS_450-2026.jpg'}]",90,KM,https://www.mercedes-benz-maple.ca/new/inventory/2026-Mercedes_Benz-GLS_450-id13160885.html,2026 Mercedes-Benz GLS GLS 450 4MATIC SUV at Mercedes-Benz Maple,146477 CAD,New,White,Black,4804,Mercedes-Benz Maple,+1-905-585-9300,"{addr1: '9300 Jane St', city: 'Maple', region: 'Ontario', postal_code: 'L6A 0C5', country: 'CA'}",43.8344170000,-79.5341990000,,,,,https://www.mercedes-benz-maple.ca/privacy-policy.html,New,4804,In stock,,146477 CAD,Free,
4JGFF5KE7TB585114,4JGFF5KE7TB585114,26520274-new,Mercedes-Benz,GLS,GLS 450 4MATIC SUV,2026,AUTOMATIC,SUV,GASOLINE,,"2026 Mercedes-Benz GLS GLS 450 4MATIC SUV, White exterior","[{url:'https://imagescdn.d2cmedia.ca/cb0f93b4315b14213a592e34f0ca4b9629/4804/14424018/1/Mercedes_Benz-GLS-2026.jpg'},{url:'https://imagescdn.d2cmedia.ca/s80f93b4315b14213a592e34f0ca4b9629/4804/14424018/1/Mercedes_Benz-GLS_450-2026.jpg'},{url:'https://imagescdn.d2cmedia.ca/cb0f93b4315b14213a592e34f0ca4b9629/4804/14424018/1/Mercedes_Benz-GLS_450-2026.jpg'},{url:'https://imagescdn.d2cmedia.ca/cb0f93b4315b14213a592e34f0ca4b9629/4804/14424018/2/Mercedes_Benz-GLS_450-2026.jpg'}]",90,KM,https://www.mercedes-benz-maple.ca/new/inventory/2026-Mercedes_Benz-GLS_450-id14424018.html,2026 Mercedes-Benz GLS GLS 450 4MATIC SUV at Mercedes-Benz Maple,146477 CAD,New,White,Brown,4804,Mercedes-Benz Maple,+1-905-585-9300,"{addr1: '9300 Jane St', city: 'Maple', region: 'Ontario', postal_code: 'L6A 0C5', country: 'CA'}",43.8344170000,-79.5341990000,,,,,https://www.mercedes-benz-maple.ca/privacy-policy.html,New,4804,In stock,,146477 CAD,Free,
4JGFF5KE5TB614609,4JGFF5KE5TB614609,26529248-new,Mercedes-Benz,GLS,GLS 450 4MATIC SUV,2026,AUTOMATIC,SUV,GASOLINE,,"2026 Mercedes-Benz GLS GLS 450 4MATIC SUV, Silver exterior","[{url:'https://carimages.d2cmedia.ca/newcarimages/en/cb6ab798baca942/Mercedes-Benz/GLS/2026/1200/476398-NE1BVElDIFNVVg/silver/front45.png'},{url:'https://carimages.d2cmedia.ca/newcarimages/en/cb6ab798baca942/Mercedes-Benz/GLS/2026/1280/476398/silver/front_45_degree.png'},{url:'https://carimages.d2cmedia.ca/newcarimages/en/cb6ab798baca942/Mercedes-Benz/GLS/2026/2100/476398/silver/front_45_degree.png'},{url:'https://carimages.d2cmedia.ca/newcarimages/en/cb6ab798baca942/Mercedes-Benz/GLS/2026/2100/476398/silver/profile.png'},{url:'https://carimages.d2cmedia.ca/newcarimages/en/cb6ab798baca942/Mercedes-Benz/GLS/2026/2100/476398/silver/back_45_degree.png'},{url:'https://carimages.d2cmedia.ca/newcarimages/en/cb6ab798baca942/Mercedes-Benz/GLS/2026/2100/476398/silver/driver_dashboard.png'},{url:'https://carimages.d2cmedia.ca/newcarimages/en/cb6ab798baca942/Mercedes-Benz/GLS/2026/2100/476398/silver/full_dashboard.png'},{url:'https://carimages.d2cmedia.ca/newcarimages/en/cb6ab798baca942/Mercedes-Benz/GLS/2026/2100/476398/silver/interior_driver_open_seat.png'},{url:'https://carimages.d2cmedia.ca/newcarimages/en/cb6ab798baca942/Mercedes-Benz/GLS/2026/2100/476398/silver/interior_driver_stereo.png'},{url:'https://carimages.d2cmedia.ca/newcarimages/en/cb6ab798baca942/Mercedes-Benz/GLS/2026/2100/476398/silver/interior_driver_reat_seats.png'}]",90,KM,https://www.mercedes-benz-maple.ca/new/inventory/2026-Mercedes_Benz-GLS_450-id13447577.html,2026 Mercedes-Benz GLS GLS 450 4MATIC SUV at Mercedes-Benz Maple,148637 CAD,New,Silver,Black,4804,Mercedes-Benz Maple,+1-905-585-9300,"{addr1: '9300 Jane St', city: 'Maple', region: 'Ontario', postal_code: 'L6A 0C5', country: 'CA'}",43.8344170000,-79.5341990000,,,,,https://www.mercedes-benz-maple.ca/privacy-policy.html,New,4804,In stock,,148637 CAD,Free,
4JGFF5KE7TB593231,4JGFF5KE7TB593231,26526136-new,Mercedes-Benz,GLS,GLS 450 4MATIC SUV,2026,AUTOMATIC,SUV,GASOLINE,,"2026 Mercedes-Benz GLS GLS 450 4MATIC SUV, White exterior","[{url:'https://imagescdn.d2cmedia.ca/cbc9518bf731fc6424818b00465b988811/4804/13264626/1/Mercedes_Benz-GLS-2026.jpg'},{url:'https://imagescdn.d2cmedia.ca/s8c9518bf731fc6424818b00465b988811/4804/13264626/1/Mercedes_Benz-GLS_450-2026.jpg'},{url:'https://imagescdn.d2cmedia.ca/cbc9518bf731fc6424818b00465b988811/4804/13264626/1/Mercedes_Benz-GLS_450-2026.jpg'},{url:'https://imagescdn.d2cmedia.ca/cbc9518bf731fc6424818b00465b988811/4804/13264626/2/Mercedes_Benz-GLS_450-2026.jpg'},{url:'https://imagescdn.d2cmedia.ca/cbc9518bf731fc6424818b00465b988811/4804/13264626/3/Mercedes_Benz-GLS_450-2026.jpg'},{url:'https://imagescdn.d2cmedia.ca/cbc9518bf731fc6424818b00465b988811/4804/13264626/4/Mercedes_Benz-GLS_450-2026.jpg'},{url:'https://imagescdn.d2cmedia.ca/cbc9518bf731fc6424818b00465b988811/4804/13264626/5/Mercedes_Benz-GLS_450-2026.jpg'},{url:'https://imagescdn.d2cmedia.ca/cbc9518bf731fc6424818b00465b988811/4804/13264626/6/Mercedes_Benz-GLS_450-2026.jpg'},{url:'https://imagescdn.d2cmedia.ca/cbc9518bf731fc6424818b00465b988811/4804/13264626/7/Mercedes_Benz-GLS_450-2026.jpg'},{url:'https://imagescdn.d2cmedia.ca/cbc9518bf731fc6424818b00465b988811/4804/13264626/8/Mercedes_Benz-GLS_450-2026.jpg'}]",90,KM,https://www.mercedes-benz-maple.ca/new/inventory/2026-Mercedes_Benz-GLS_450-id13264626.html,2026 Mercedes-Benz GLS GLS 450 4MATIC SUV at Mercedes-Benz Maple,148685 CAD,New,White,Beige,4804,Mercedes-Benz Maple,+1-905-585-9300,"{addr1: '9300 Jane St', city: 'Maple', region: 'Ontario', postal_code: 'L6A 0C5', country: 'CA'}",43.8344170000,-79.5341990000,,,,,https://www.mercedes-benz-maple.ca/privacy-policy.html,New,4804,In stock,,148685 CAD,Free,
4JGFF5KE7TB660989,4JGFF5KE7TB660989,26651664-new,Mercedes-Benz,GLS,GLS 450 4MATIC SUV,2026,AUTOMATIC,SUV,GASOLINE,,"2026 Mercedes-Benz GLS GLS 450 4MATIC SUV, Black exterior","[{url:'https://carimages.d2cmedia.ca/newcarimages/en/cb6ab798baca942/Mercedes-Benz/GLS/2026/1200/476398-NE1BVElDIFNVVg/X060606/front45.png'},{url:'https://carimages.d2cmedia.ca/newcarimages/en/cb6ab798baca942/Mercedes-Benz/GLS/2026/1280/476398/X060606/front_45_degree.png'},{url:'https://carimages.d2cmedia.ca/newcarimages/en/cb6ab798baca942/Mercedes-Benz/GLS/2026/2100/476398/X060606/front_45_degree.png'},{url:'https://carimages.d2cmedia.ca/newcarimages/en/cb6ab798baca942/Mercedes-Benz/GLS/2026/2100/476398/X060606/profile.png'},{url:'https://carimages.d2cmedia.ca/newcarimages/en/cb6ab798baca942/Mercedes-Benz/GLS/2026/2100/476398/X060606/back_45_degree.png'},{url:'https://carimages.d2cmedia.ca/newcarimages/en/cb6ab798baca942/Mercedes-Benz/GLS/2026/2100/476398/X060606/driver_dashboard.png'},{url:'https://carimages.d2cmedia.ca/newcarimages/en/cb6ab798baca942/Mercedes-Benz/GLS/2026/2100/476398/X060606/full_dashboard.png'},{url:'https://carimages.d2cmedia.ca/newcarimages/en/cb6ab798baca942/Mercedes-Benz/GLS/2026/2100/476398/X060606/interior_driver_open_seat.png'},{url:'https://carimages.d2cmedia.ca/newcarimages/en/cb6ab798baca942/Mercedes-Benz/GLS/2026/2100/476398/X060606/interior_driver_stereo.png'},{url:'https://carimages.d2cmedia.ca/newcarimages/en/cb6ab798baca942/Mercedes-Benz/GLS/2026/2100/476398/X060606/interior_driver_reat_seats.png'}]",90,KM,https://www.mercedes-benz-maple.ca/new/inventory/2026-Mercedes_Benz-GLS_450-id13773524.html,2026 Mercedes-Benz GLS GLS 450 4MATIC SUV at Mercedes-Benz Maple,152117 CAD,New,Black,Brown,4804,Mercedes-Benz Maple,+1-905-585-9300,"{addr1: '9300 Jane St', city: 'Maple', region: 'Ontario', postal_code: 'L6A 0C5', country: 'CA'}",43.8344170000,-79.5341990000,,,,,https://www.mercedes-benz-maple.ca/privacy-policy.html,New,4804,In stock,,152117 CAD,Free,
W1KMK4HB8VF135553,W1KMK4HB8VF135553,27661166-new,Mercedes-Benz,CLE Convertible - Cabriolet,CLE 300 4MATIC Cabriolet,2027,AUTOMATIC,SUV,GASOLINE,,"2027 Mercedes-Benz CLE Convertible - Cabriolet CLE 300 4MATIC Cabriolet, Grey exterior","[{url:'https://carimages.d2cmedia.ca/newcarimages/en/cb6ab798baca942/Mercedes-Benz/CLE Convertible - Cabriolet/2027/1200/485830-NE1BVElDIENhYnJpb2xldA/X9C9AA1/front45.png'},{url:'https://carimages.d2cmedia.ca/newcarimages/fr/cb6ab798baca942/Mercedes-Benz/CLE Convertible - Cabriolet/2027/640/485830-NE1BVElDIENhYnJpb2xldA/X9c9aa1/front_45_degree.png'},{url:'https://carimages.d2cmedia.ca/newcarimages/fr/cb6ab798baca942/Mercedes-Benz/CLE Convertible - Cabriolet/2027/2100/485830-NE1BVElDIENhYnJpb2xldA/X9c9aa1/front_45_degree.png'}]",90,KM,https://www.mercedes-benz-maple.ca/new/inventory/2027-Mercedes_Benz-CLE_300-id14348081.html,2027 Mercedes-Benz CLE Convertible - Cabriolet CLE 300 4MATIC Cabriolet at Mercedes-Benz Maple,92261 CAD,New,Grey,Beige,4804,Mercedes-Benz Maple,+1-905-585-9300,"{addr1: '9300 Jane St', city: 'Maple', region: 'Ontario', postal_code: 'L6A 0C5', country: 'CA'}",43.8344170000,-79.5341990000,,,,,https://www.mercedes-benz-maple.ca/privacy-policy.html,New,4804,In stock,,92261 CAD,Free,
W1KMK6CB4VF136959,W1KMK6CB4VF136959,27658197-new,Mercedes-Benz,CLE Convertible - Cabriolet,AMG CLE 53 4MATIC+ Cabriolet,2027,AUTOMATIC,SUV,GASOLINE,,"2027 Mercedes-Benz CLE Convertible - Cabriolet AMG CLE 53 4MATIC+ Cabriolet, Grey exterior","[{url:'https://carimages.d2cmedia.ca/newcarimages/en/cb6ab798baca942/Mercedes-Benz/CLE Convertible - Cabriolet/2027/1200/485737-NE1BVElDKyBDYWJyaW9sZXQ/X9C9AA1/front45.png'},{url:'https://carimages.d2cmedia.ca/newcarimages/fr/cb6ab798baca942/Mercedes-Benz/CLE Convertible - Cabriolet/2027/640/485737-NE1BVElDKyBDYWJyaW9sZXQ/X9c9aa1/front_45_degree.png'},{url:'https://carimages.d2cmedia.ca/newcarimages/fr/cb6ab798baca942/Mercedes-Benz/CLE Convertible - Cabriolet/2027/2100/485737-NE1BVElDKyBDYWJyaW9sZXQ/X9c9aa1/front_45_degree.png'}]",90,KM,https://www.mercedes-benz-maple.ca/new/inventory/2027-Mercedes_Benz-AMG_CLE_53-id14424021.html,2027 Mercedes-Benz CLE Convertible - Cabriolet AMG CLE 53 4MATIC+ Cabriolet at Mercedes-Benz Maple,118277 CAD,New,Grey,Red,4804,Mercedes-Benz Maple,+1-905-585-9300,"{addr1: '9300 Jane St', city: 'Maple', region: 'Ontario', postal_code: 'L6A 0C5', country: 'CA'}",43.8344170000,-79.5341990000,,,,,https://www.mercedes-benz-maple.ca/privacy-policy.html,New,4804,In stock,,118277 CAD,Free,
W1NWH5AB8VX104727,W1NWH5AB8VX104727,27662067-new,Mercedes-Benz,G-Class,AMG G 63 4MATIC SUV,2027,MANUAL,SUV,GASOLINE,,"2027 Mercedes-Benz G-Class AMG G 63 4MATIC SUV, White exterior","[{url:'https://carimages.d2cmedia.ca/newcarimages/en/cb6ab798baca942/Mercedes-Benz/G-Class/2027/1200/485590-U1VW/XE3E3E5/front45.png'},{url:'https://carimages.d2cmedia.ca/newcarimages/en/cb6ab798baca942/Mercedes-Benz/G-Class/2027/1280/485590/Xe3e3e5/front_45_degree.png'},{url:'https://carimages.d2cmedia.ca/newcarimages/en/cb6ab798baca942/Mercedes-Benz/G-Class/2027/2100/485590/Xe3e3e5/front_45_degree.png'},{url:'https://carimages.d2cmedia.ca/newcarimages/en/cb6ab798baca942/Mercedes-Benz/G-Class/2027/2100/485590/Xe3e3e5/profile.png'},{url:'https://carimages.d2cmedia.ca/newcarimages/en/cb6ab798baca942/Mercedes-Benz/G-Class/2027/2100/485590/Xe3e3e5/back_45_degree.png'},{url:'https://carimages.d2cmedia.ca/newcarimages/en/cb6ab798baca942/Mercedes-Benz/G-Class/2027/2100/485590/Xe3e3e5/driver_dashboard.png'},{url:'https://carimages.d2cmedia.ca/newcarimages/en/cb6ab798baca942/Mercedes-Benz/G-Class/2027/2100/485590/Xe3e3e5/full_dashboard.png'},{url:'https://carimages.d2cmedia.ca/newcarimages/en/cb6ab798baca942/Mercedes-Benz/G-Class/2027/2100/485590/Xe3e3e5/interior_driver_open_seat.png'},{url:'https://carimages.d2cmedia.ca/newcarimages/en/cb6ab798baca942/Mercedes-Benz/G-Class/2027/2100/485590/Xe3e3e5/interior_driver_stereo.png'},{url:'https://carimages.d2cmedia.ca/newcarimages/en/cb6ab798baca942/Mercedes-Benz/G-Class/2027/2100/485590/Xe3e3e5/interior_driver_reat_seats.png'}]",90,KM,https://www.mercedes-benz-maple.ca/new/inventory/2027-Mercedes_Benz-G_63_AMG-id14362929.html,2027 Mercedes-Benz G-Class AMG G 63 4MATIC SUV at Mercedes-Benz Maple,318368 CAD,New,White,Beige,4804,Mercedes-Benz Maple,+1-905-585-9300,"{addr1: '9300 Jane St', city: 'Maple', region: 'Ontario', postal_code: 'L6A 0C5', country: 'CA'}",43.8344170000,-79.5341990000,,,,,https://www.mercedes-benz-maple.ca/privacy-policy.html,New,4804,In stock,,318368 CAD,Free,
W1NWH5AB5VX102420,W1NWH5AB5VX102420,27662002-new,Mercedes-Benz,G-Class,AMG G 63 4MATIC SUV,2027,MANUAL,SUV,GASOLINE,,"2027 Mercedes-Benz G-Class AMG G 63 4MATIC SUV, Black exterior","[{url:'https://carimages.d2cmedia.ca/newcarimages/en/cb6ab798baca942/Mercedes-Benz/G-Class/2027/1200/485590-U1VW/X060606/front45.png'},{url:'https://carimages.d2cmedia.ca/newcarimages/en/cb6ab798baca942/Mercedes-Benz/G-Class/2027/1280/485590/X060606/front_45_degree.png'},{url:'https://carimages.d2cmedia.ca/newcarimages/en/cb6ab798baca942/Mercedes-Benz/G-Class/2027/2100/485590/X060606/front_45_degree.png'},{url:'https://carimages.d2cmedia.ca/newcarimages/en/cb6ab798baca942/Mercedes-Benz/G-Class/2027/2100/485590/X060606/profile.png'},{url:'https://carimages.d2cmedia.ca/newcarimages/en/cb6ab798baca942/Mercedes-Benz/G-Class/2027/2100/485590/X060606/back_45_degree.png'},{url:'https://carimages.d2cmedia.ca/newcarimages/en/cb6ab798baca942/Mercedes-Benz/G-Class/2027/2100/485590/X060606/driver_dashboard.png'},{url:'https://carimages.d2cmedia.ca/newcarimages/en/cb6ab798baca942/Mercedes-Benz/G-Class/2027/2100/485590/X060606/full_dashboard.png'},{url:'https://carimages.d2cmedia.ca/newcarimages/en/cb6ab798baca942/Mercedes-Benz/G-Class/2027/2100/485590/X060606/interior_driver_open_seat.png'},{url:'https://carimages.d2cmedia.ca/newcarimages/en/cb6ab798baca942/Mercedes-Benz/G-Class/2027/2100/485590/X060606/interior_driver_stereo.png'},{url:'https://carimages.d2cmedia.ca/newcarimages/en/cb6ab798baca942/Mercedes-Benz/G-Class/2027/2100/485590/X060606/interior_driver_reat_seats.png'}]",90,KM,https://www.mercedes-benz-maple.ca/new/inventory/2027-Mercedes_Benz-G_63_AMG-id14377125.html,2027 Mercedes-Benz G-Class AMG G 63 4MATIC SUV at Mercedes-Benz Maple,329368 CAD,New,Black,Red,4804,Mercedes-Benz Maple,+1-905-585-9300,"{addr1: '9300 Jane St', city: 'Maple', region: 'Ontario', postal_code: 'L6A 0C5', country: 'CA'}",43.8344170000,-79.5341990000,,,,,https://www.mercedes-benz-maple.ca/privacy-policy.html,New,4804,In stock,,329368 CAD,Free,
W1NWH5AB4VX104692,W1NWH5AB4VX104692,27662044-new,Mercedes-Benz,G-Class,AMG G 63 4MATIC SUV,2027,MANUAL,SUV,GASOLINE,,"2027 Mercedes-Benz G-Class AMG G 63 4MATIC SUV, White exterior","[{url:'https://carimages.d2cmedia.ca/newcarimages/en/cb6ab798baca942/Mercedes-Benz/G-Class/2027/1200/485590-U1VW/XE9E9E9/front45.png'},{url:'https://carimages.d2cmedia.ca/newcarimages/en/cb6ab798baca942/Mercedes-Benz/G-Class/2027/1280/485590/Xe9e9e9/front_45_degree.png'},{url:'https://carimages.d2cmedia.ca/newcarimages/en/cb6ab798baca942/Mercedes-Benz/G-Class/2027/2100/485590/Xe9e9e9/front_45_degree.png'},{url:'https://carimages.d2cmedia.ca/newcarimages/en/cb6ab798baca942/Mercedes-Benz/G-Class/2027/2100/485590/Xe9e9e9/profile.png'},{url:'https://carimages.d2cmedia.ca/newcarimages/en/cb6ab798baca942/Mercedes-Benz/G-Class/2027/2100/485590/Xe9e9e9/back_45_degree.png'},{url:'https://carimages.d2cmedia.ca/newcarimages/en/cb6ab798baca942/Mercedes-Benz/G-Class/2027/2100/485590/Xe9e9e9/driver_dashboard.png'},{url:'https://carimages.d2cmedia.ca/newcarimages/en/cb6ab798baca942/Mercedes-Benz/G-Class/2027/2100/485590/Xe9e9e9/full_dashboard.png'},{url:'https://carimages.d2cmedia.ca/newcarimages/en/cb6ab798baca942/Mercedes-Benz/G-Class/2027/2100/485590/Xe9e9e9/interior_driver_open_seat.png'},{url:'https://carimages.d2cmedia.ca/newcarimages/en/cb6ab798baca942/Mercedes-Benz/G-Class/2027/2100/485590/Xe9e9e9/interior_driver_stereo.png'},{url:'https://carimages.d2cmedia.ca/newcarimages/en/cb6ab798baca942/Mercedes-Benz/G-Class/2027/2100/485590/Xe9e9e9/interior_driver_reat_seats.png'}]",90,KM,https://www.mercedes-benz-maple.ca/new/inventory/2027-Mercedes_Benz-G_63_AMG-id14362928.html,2027 Mercedes-Benz G-Class AMG G 63 4MATIC SUV at Mercedes-Benz Maple,330688 CAD,New,White,Red,4804,Mercedes-Benz Maple,+1-905-585-9300,"{addr1: '9300 Jane St', city: 'Maple', region: 'Ontario', postal_code: 'L6A 0C5', country: 'CA'}",43.8344170000,-79.5341990000,,,,,https://www.mercedes-benz-maple.ca/privacy-policy.html,New,4804,In stock,,330688 CAD,Free,
W1NWH5AB7VX097947,W1NWH5AB7VX097947,27647323-new,Mercedes-Benz,G-Class,AMG G 63 4MATIC SUV,2027,MANUAL,SUV,GASOLINE,,"2027 Mercedes-Benz G-Class AMG G 63 4MATIC SUV, Black exterior","[{url:'https://carimages.d2cmedia.ca/newcarimages/en/cb6ab798baca942/Mercedes-Benz/G-Class/2027/1200/485590-U1VW/X1E1F20/front45.png'},{url:'https://carimages.d2cmedia.ca/newcarimages/en/cb6ab798baca942/Mercedes-Benz/G-Class/2027/1280/485590/X1e1f20/front_45_degree.png'},{url:'https://carimages.d2cmedia.ca/newcarimages/en/cb6ab798baca942/Mercedes-Benz/G-Class/2027/2100/485590/X1e1f20/front_45_degree.png'},{url:'https://carimages.d2cmedia.ca/newcarimages/en/cb6ab798baca942/Mercedes-Benz/G-Class/2027/2100/485590/X1e1f20/profile.png'},{url:'https://carimages.d2cmedia.ca/newcarimages/en/cb6ab798baca942/Mercedes-Benz/G-Class/2027/2100/485590/X1e1f20/back_45_degree.png'},{url:'https://carimages.d2cmedia.ca/newcarimages/en/cb6ab798baca942/Mercedes-Benz/G-Class/2027/2100/485590/X1e1f20/driver_dashboard.png'},{url:'https://carimages.d2cmedia.ca/newcarimages/en/cb6ab798baca942/Mercedes-Benz/G-Class/2027/2100/485590/X1e1f20/full_dashboard.png'},{url:'https://carimages.d2cmedia.ca/newcarimages/en/cb6ab798baca942/Mercedes-Benz/G-Class/2027/2100/485590/X1e1f20/interior_driver_open_seat.png'},{url:'https://carimages.d2cmedia.ca/newcarimages/en/cb6ab798baca942/Mercedes-Benz/G-Class/2027/2100/485590/X1e1f20/interior_driver_stereo.png'},{url:'https://carimages.d2cmedia.ca/newcarimages/en/cb6ab798baca942/Mercedes-Benz/G-Class/2027/2100/485590/X1e1f20/interior_driver_reat_seats.png'}]",90,KM,https://www.mercedes-benz-maple.ca/new/inventory/2027-Mercedes_Benz-G_63_AMG-id14181643.html,2027 Mercedes-Benz G-Class AMG G 63 4MATIC SUV at Mercedes-Benz Maple,334758 CAD,New,Black,Red,4804,Mercedes-Benz Maple,+1-905-585-9300,"{addr1: '9300 Jane St', city: 'Maple', region: 'Ontario', postal_code: 'L6A 0C5', country: 'CA'}",43.8344170000,-79.5341990000,,,,,https://www.mercedes-benz-maple.ca/privacy-policy.html,New,4804,In stock,,334758 CAD,Free,
W1NWH5AB3VX101914,W1NWH5AB3VX101914,27662077-new,Mercedes-Benz,G-Class,AMG G 63 4MATIC SUV,2027,MANUAL,SUV,GASOLINE,,"2027 Mercedes-Benz G-Class AMG G 63 4MATIC SUV, Black exterior","[{url:'https://carimages.d2cmedia.ca/newcarimages/en/cb6ab798baca942/Mercedes-Benz/G-Class/2027/1200/485590-U1VW/X1E1F20/front45.png'},{url:'https://carimages.d2cmedia.ca/newcarimages/en/cb6ab798baca942/Mercedes-Benz/G-Class/2027/1280/485590/X1e1f20/front_45_degree.png'},{url:'https://carimages.d2cmedia.ca/newcarimages/en/cb6ab798baca942/Mercedes-Benz/G-Class/2027/2100/485590/X1e1f20/front_45_degree.png'},{url:'https://carimages.d2cmedia.ca/newcarimages/en/cb6ab798baca942/Mercedes-Benz/G-Class/2027/2100/485590/X1e1f20/profile.png'},{url:'https://carimages.d2cmedia.ca/newcarimages/en/cb6ab798baca942/Mercedes-Benz/G-Class/2027/2100/485590/X1e1f20/back_45_degree.png'},{url:'https://carimages.d2cmedia.ca/newcarimages/en/cb6ab798baca942/Mercedes-Benz/G-Class/2027/2100/485590/X1e1f20/driver_dashboard.png'},{url:'https://carimages.d2cmedia.ca/newcarimages/en/cb6ab798baca942/Mercedes-Benz/G-Class/2027/2100/485590/X1e1f20/full_dashboard.png'},{url:'https://carimages.d2cmedia.ca/newcarimages/en/cb6ab798baca942/Mercedes-Benz/G-Class/2027/2100/485590/X1e1f20/interior_driver_open_seat.png'},{url:'https://carimages.d2cmedia.ca/newcarimages/en/cb6ab798baca942/Mercedes-Benz/G-Class/2027/2100/485590/X1e1f20/interior_driver_stereo.png'},{url:'https://carimages.d2cmedia.ca/newcarimages/en/cb6ab798baca942/Mercedes-Benz/G-Class/2027/2100/485590/X1e1f20/interior_driver_reat_seats.png'}]",90,KM,https://www.mercedes-benz-maple.ca/new/inventory/2027-Mercedes_Benz-G_63_AMG-id14368552.html,2027 Mercedes-Benz G-Class AMG G 63 4MATIC SUV at Mercedes-Benz Maple,344878 CAD,New,Black,Red,4804,Mercedes-Benz Maple,+1-905-585-9300,"{addr1: '9300 Jane St', city: 'Maple', region: 'Ontario', postal_code: 'L6A 0C5', country: 'CA'}",43.8344170000,-79.5341990000,,,,,https://www.mercedes-benz-maple.ca/privacy-policy.html,New,4804,In stock,,344878 CAD,Free,
W1K6G7GB5TA375943,W1K6G7GB5TA375943,26647670-new,Mercedes-Benz,S-Class,S 580 4MATIC Sedan,2026,AUTOMATIC,SEDAN,GASOLINE,,"2026 Mercedes-Benz S-Class S 580 4MATIC Sedan, Black exterior","[{url:'https://carimages.d2cmedia.ca/newcarimages/en/cb6ab798baca942/Mercedes-Benz/S-Class/2026/1200/475117-NE1BVElDIFNlZGFu/X060606/front45.png'},{url:'https://carimages.d2cmedia.ca/newcarimages/en/cb6ab798baca942/Mercedes-Benz/S-Class/2026/1280/475117/X060606/front_45_degree.png'},{url:'https://carimages.d2cmedia.ca/newcarimages/en/cb6ab798baca942/Mercedes-Benz/S-Class/2026/2100/475117/X060606/front_45_degree.png'},{url:'https://carimages.d2cmedia.ca/newcarimages/en/cb6ab798baca942/Mercedes-Benz/S-Class/2026/2100/475117/X060606/profile.png'},{url:'https://carimages.d2cmedia.ca/newcarimages/en/cb6ab798baca942/Mercedes-Benz/S-Class/2026/2100/475117/X060606/back_45_degree.png'},{url:'https://carimages.d2cmedia.ca/newcarimages/en/cb6ab798baca942/Mercedes-Benz/S-Class/2026/2100/475117/X060606/driver_dashboard.png'},{url:'https://carimages.d2cmedia.ca/newcarimages/en/cb6ab798baca942/Mercedes-Benz/S-Class/2026/2100/475117/X060606/full_dashboard.png'},{url:'https://carimages.d2cmedia.ca/newcarimages/en/cb6ab798baca942/Mercedes-Benz/S-Class/2026/2100/475117/X060606/interior_driver_open_seat.png'},{url:'https://carimages.d2cmedia.ca/newcarimages/en/cb6ab798baca942/Mercedes-Benz/S-Class/2026/2100/475117/X060606/interior_driver_stereo.png'},{url:'https://carimages.d2cmedia.ca/newcarimages/en/cb6ab798baca942/Mercedes-Benz/S-Class/2026/2100/475117/X060606/interior_driver_reat_seats.png'}]",90,KM,https://www.mercedes-benz-maple.ca/new/inventory/2026-Mercedes_Benz-S_580-id13788657.html,2026 Mercedes-Benz S-Class S 580 4MATIC Sedan at Mercedes-Benz Maple,185837 CAD,New,Black,Black,4804,Mercedes-Benz Maple,+1-905-585-9300,"{addr1: '9300 Jane St', city: 'Maple', region: 'Ontario', postal_code: 'L6A 0C5', country: 'CA'}",43.8344170000,-79.5341990000,,,,,https://www.mercedes-benz-maple.ca/privacy-policy.html,New,4804,In stock,,185837 CAD,Free,
W1K6G7GB0TA353154,W1K6G7GB0TA353154,26511615-new,Mercedes-Benz,S-Class,S 580 4MATIC Sedan,2026,AUTOMATIC,SEDAN,GASOLINE,,"2026 Mercedes-Benz S-Class S 580 4MATIC Sedan, Black exterior","[{url:'https://imagescdn.d2cmedia.ca/cb6ab798baca942/4804/13280285/1/Mercedes_Benz-S_Class-2026.jpg'},{url:'https://imagescdn.d2cmedia.ca/s86ab798baca942/4804/13280285/1/Mercedes_Benz-S_580-2026.jpg'},{url:'https://imagescdn.d2cmedia.ca/cb6ab798baca942/4804/13280285/1/Mercedes_Benz-S_580-2026.jpg'},{url:'https://imagescdn.d2cmedia.ca/cb6ab798baca942/4804/13280285/2/Mercedes_Benz-S_580-2026.jpg'},{url:'https://imagescdn.d2cmedia.ca/cb6ab798baca942/4804/13280285/3/Mercedes_Benz-S_580-2026.jpg'},{url:'https://imagescdn.d2cmedia.ca/cb6ab798baca942/4804/13280285/4/Mercedes_Benz-S_580-2026.jpg'},{url:'https://imagescdn.d2cmedia.ca/cb6ab798baca942/4804/13280285/5/Mercedes_Benz-S_580-2026.jpg'},{url:'https://imagescdn.d2cmedia.ca/cb6ab798baca942/4804/13280285/6/Mercedes_Benz-S_580-2026.jpg'},{url:'https://imagescdn.d2cmedia.ca/cb6ab798baca942/4804/13280285/7/Mercedes_Benz-S_580-2026.jpg'},{url:'https://imagescdn.d2cmedia.ca/cb6ab798baca942/4804/13280285/8/Mercedes_Benz-S_580-2026.jpg'}]",90,KM,https://www.mercedes-benz-maple.ca/new/inventory/2026-Mercedes_Benz-S_580-id13280285.html,2026 Mercedes-Benz S-Class S 580 4MATIC Sedan at Mercedes-Benz Maple,204557 CAD,New,Black,Black,4804,Mercedes-Benz Maple,+1-905-585-9300,"{addr1: '9300 Jane St', city: 'Maple', region: 'Ontario', postal_code: 'L6A 0C5', country: 'CA'}",43.8344170000,-79.5341990000,,,,,https://www.mercedes-benz-maple.ca/privacy-policy.html,New,4804,In stock,,204557 CAD,Free,
W1K6G7GB8TA371384,W1K6G7GB8TA371384,26527053-new,Mercedes-Benz,S-Class,S 580 4MATIC Sedan,2026,AUTOMATIC,SEDAN,GASOLINE,,"2026 Mercedes-Benz S-Class S 580 4MATIC Sedan, White exterior","[{url:'https://carimages.d2cmedia.ca/newcarimages/en/cb6ab798baca942/Mercedes-Benz/S-Class/2026/1200/475117-NE1BVElDIFNlZGFu/XEEEDEB/front45.png'},{url:'https://carimages.d2cmedia.ca/newcarimages/en/cb6ab798baca942/Mercedes-Benz/S-Class/2026/1280/475117/Xeeedeb/front_45_degree.png'},{url:'https://carimages.d2cmedia.ca/newcarimages/en/cb6ab798baca942/Mercedes-Benz/S-Class/2026/2100/475117/Xeeedeb/front_45_degree.png'},{url:'https://carimages.d2cmedia.ca/newcarimages/en/cb6ab798baca942/Mercedes-Benz/S-Class/2026/2100/475117/Xeeedeb/profile.png'},{url:'https://carimages.d2cmedia.ca/newcarimages/en/cb6ab798baca942/Mercedes-Benz/S-Class/2026/2100/475117/Xeeedeb/back_45_degree.png'},{url:'https://carimages.d2cmedia.ca/newcarimages/en/cb6ab798baca942/Mercedes-Benz/S-Class/2026/2100/475117/Xeeedeb/driver_dashboard.png'},{url:'https://carimages.d2cmedia.ca/newcarimages/en/cb6ab798baca942/Mercedes-Benz/S-Class/2026/2100/475117/Xeeedeb/full_dashboard.png'},{url:'https://carimages.d2cmedia.ca/newcarimages/en/cb6ab798baca942/Mercedes-Benz/S-Class/2026/2100/475117/Xeeedeb/interior_driver_open_seat.png'},{url:'https://carimages.d2cmedia.ca/newcarimages/en/cb6ab798baca942/Mercedes-Benz/S-Class/2026/2100/475117/Xeeedeb/interior_driver_stereo.png'},{url:'https://carimages.d2cmedia.ca/newcarimages/en/cb6ab798baca942/Mercedes-Benz/S-Class/2026/2100/475117/Xeeedeb/interior_driver_reat_seats.png'}]",90,KM,https://www.mercedes-benz-maple.ca/new/inventory/2026-Mercedes_Benz-S_580-id13511948.html,2026 Mercedes-Benz S-Class S 580 4MATIC Sedan at Mercedes-Benz Maple,206837 CAD,New,White,Black,4804,Mercedes-Benz Maple,+1-905-585-9300,"{addr1: '9300 Jane St', city: 'Maple', region: 'Ontario', postal_code: 'L6A 0C5', country: 'CA'}",43.8344170000,-79.5341990000,,,,,https://www.mercedes-benz-maple.ca/privacy-policy.html,New,4804,In stock,,206837 CAD,Free,
W1K6G7GB9TA370017,W1K6G7GB9TA370017,26527052-new,Mercedes-Benz,S-Class,S 580 4MATIC Sedan,2026,AUTOMATIC,SEDAN,GASOLINE,,"2026 Mercedes-Benz S-Class S 580 4MATIC Sedan, Black exterior","[{url:'https://carimages.d2cmedia.ca/newcarimages/en/cb6ab798baca942/Mercedes-Benz/S-Class/2026/1200/475117-NE1BVElDIFNlZGFu/X060606/front45.png'},{url:'https://carimages.d2cmedia.ca/newcarimages/en/cb6ab798baca942/Mercedes-Benz/S-Class/2026/1280/475117/X060606/front_45_degree.png'},{url:'https://carimages.d2cmedia.ca/newcarimages/en/cb6ab798baca942/Mercedes-Benz/S-Class/2026/2100/475117/X060606/front_45_degree.png'},{url:'https://carimages.d2cmedia.ca/newcarimages/en/cb6ab798baca942/Mercedes-Benz/S-Class/2026/2100/475117/X060606/profile.png'},{url:'https://carimages.d2cmedia.ca/newcarimages/en/cb6ab798baca942/Mercedes-Benz/S-Class/2026/2100/475117/X060606/back_45_degree.png'},{url:'https://carimages.d2cmedia.ca/newcarimages/en/cb6ab798baca942/Mercedes-Benz/S-Class/2026/2100/475117/X060606/driver_dashboard.png'},{url:'https://carimages.d2cmedia.ca/newcarimages/en/cb6ab798baca942/Mercedes-Benz/S-Class/2026/2100/475117/X060606/full_dashboard.png'},{url:'https://carimages.d2cmedia.ca/newcarimages/en/cb6ab798baca942/Mercedes-Benz/S-Class/2026/2100/475117/X060606/interior_driver_open_seat.png'},{url:'https://carimages.d2cmedia.ca/newcarimages/en/cb6ab798baca942/Mercedes-Benz/S-Class/2026/2100/475117/X060606/interior_driver_stereo.png'},{url:'https://carimages.d2cmedia.ca/newcarimages/en/cb6ab798baca942/Mercedes-Benz/S-Class/2026/2100/475117/X060606/interior_driver_reat_seats.png'}]",90,KM,https://www.mercedes-benz-maple.ca/new/inventory/2026-Mercedes_Benz-S_580-id13403426.html,2026 Mercedes-Benz S-Class S 580 4MATIC Sedan at Mercedes-Benz Maple,220804 CAD,New,Black,Black,4804,Mercedes-Benz Maple,+1-905-585-9300,"{addr1: '9300 Jane St', city: 'Maple', region: 'Ontario', postal_code: 'L6A 0C5', country: 'CA'}",43.8344170000,-79.5341990000,,,,,https://www.mercedes-benz-maple.ca/privacy-policy.html,New,4804,In stock,,220804 CAD,Free,
W1KMJ4HB7VF146546,W1KMJ4HB7VF146546,27662754-new,Mercedes-Benz,CLE,CLE 300 4MATIC Coupe,2027,AUTOMATIC,CONVERTIBLE,GASOLINE,,"2027 Mercedes-Benz CLE CLE 300 4MATIC Coupe, Black exterior","[{url:'https://carimages.d2cmedia.ca/newcarimages/en/cb6ab798baca942/Mercedes-Benz/CLE/2027/1200/486216-NE1BVElDIENvdXBl/black/front45.png'},{url:'https://carimages.d2cmedia.ca/newcarimages/en/cb6ab798baca942/Mercedes-Benz/CLE/2027/1280/486216/black/front_45_degree.png'},{url:'https://carimages.d2cmedia.ca/newcarimages/en/cb6ab798baca942/Mercedes-Benz/CLE/2027/2100/486216/black/front_45_degree.png'},{url:'https://carimages.d2cmedia.ca/newcarimages/en/cb6ab798baca942/Mercedes-Benz/CLE/2027/2100/486216/black/profile.png'},{url:'https://carimages.d2cmedia.ca/newcarimages/en/cb6ab798baca942/Mercedes-Benz/CLE/2027/2100/486216/black/back_45_degree.png'},{url:'https://carimages.d2cmedia.ca/newcarimages/en/cb6ab798baca942/Mercedes-Benz/CLE/2027/2100/486216/black/driver_dashboard.png'},{url:'https://carimages.d2cmedia.ca/newcarimages/en/cb6ab798baca942/Mercedes-Benz/CLE/2027/2100/486216/black/full_dashboard.png'},{url:'https://carimages.d2cmedia.ca/newcarimages/en/cb6ab798baca942/Mercedes-Benz/CLE/2027/2100/486216/black/interior_driver_open_seat.png'},{url:'https://carimages.d2cmedia.ca/newcarimages/en/cb6ab798baca942/Mercedes-Benz/CLE/2027/2100/486216/black/interior_driver_stereo.png'},{url:'https://carimages.d2cmedia.ca/newcarimages/en/cb6ab798baca942/Mercedes-Benz/CLE/2027/2100/486216/black/interior_driver_reat_seats.png'}]",90,KM,https://www.mercedes-benz-maple.ca/new/inventory/2027-Mercedes_Benz-CLE_300-id14429907.html,2027 Mercedes-Benz CLE CLE 300 4MATIC Coupe at Mercedes-Benz Maple,76461 CAD,New,Black,Black,4804,Mercedes-Benz Maple,+1-905-585-9300,"{addr1: '9300 Jane St', city: 'Maple', region: 'Ontario', postal_code: 'L6A 0C5', country: 'CA'}",43.8344170000,-79.5341990000,,,,,https://www.mercedes-benz-maple.ca/privacy-policy.html,New,4804,In stock,,76461 CAD,Free,
W1KMJ4HB5VF144097,W1KMJ4HB5VF144097,27661212-new,Mercedes-Benz,CLE,CLE 300 4MATIC Coupe,2027,AUTOMATIC,CONVERTIBLE,GASOLINE,,"2027 Mercedes-Benz CLE CLE 300 4MATIC Coupe, Black exterior","[{url:'https://carimages.d2cmedia.ca/newcarimages/en/cb6ab798baca942/Mercedes-Benz/CLE/2027/1200/486216-NE1BVElDIENvdXBl/black/front45.png'},{url:'https://carimages.d2cmedia.ca/newcarimages/en/cb6ab798baca942/Mercedes-Benz/CLE/2027/1280/486216/black/front_45_degree.png'},{url:'https://carimages.d2cmedia.ca/newcarimages/en/cb6ab798baca942/Mercedes-Benz/CLE/2027/2100/486216/black/front_45_degree.png'},{url:'https://carimages.d2cmedia.ca/newcarimages/en/cb6ab798baca942/Mercedes-Benz/CLE/2027/2100/486216/black/profile.png'},{url:'https://carimages.d2cmedia.ca/newcarimages/en/cb6ab798baca942/Mercedes-Benz/CLE/2027/2100/486216/black/back_45_degree.png'},{url:'https://carimages.d2cmedia.ca/newcarimages/en/cb6ab798baca942/Mercedes-Benz/CLE/2027/2100/486216/black/driver_dashboard.png'},{url:'https://carimages.d2cmedia.ca/newcarimages/en/cb6ab798baca942/Mercedes-Benz/CLE/2027/2100/486216/black/full_dashboard.png'},{url:'https://carimages.d2cmedia.ca/newcarimages/en/cb6ab798baca942/Mercedes-Benz/CLE/2027/2100/486216/black/interior_driver_open_seat.png'},{url:'https://carimages.d2cmedia.ca/newcarimages/en/cb6ab798baca942/Mercedes-Benz/CLE/2027/2100/486216/black/interior_driver_stereo.png'},{url:'https://carimages.d2cmedia.ca/newcarimages/en/cb6ab798baca942/Mercedes-Benz/CLE/2027/2100/486216/black/interior_driver_reat_seats.png'}]",90,KM,https://www.mercedes-benz-maple.ca/new/inventory/2027-Mercedes_Benz-CLE_300-id14377123.html,2027 Mercedes-Benz CLE CLE 300 4MATIC Coupe at Mercedes-Benz Maple,79261 CAD,New,Black,Red,4804,Mercedes-Benz Maple,+1-905-585-9300,"{addr1: '9300 Jane St', city: 'Maple', region: 'Ontario', postal_code: 'L6A 0C5', country: 'CA'}",43.8344170000,-79.5341990000,,,,,https://www.mercedes-benz-maple.ca/privacy-policy.html,New,4804,In stock,,79261 CAD,Free,
W1KMJ4HB1VF143562,W1KMJ4HB1VF143562,27661211-new,Mercedes-Benz,CLE,CLE 300 4MATIC Coupe,2027,AUTOMATIC,CONVERTIBLE,GASOLINE,,"2027 Mercedes-Benz CLE CLE 300 4MATIC Coupe, White exterior","[{url:'https://carimages.d2cmedia.ca/newcarimages/en/cb6ab798baca942/Mercedes-Benz/CLE/2027/1200/486216-NE1BVElDIENvdXBl/white/front45.png'},{url:'https://carimages.d2cmedia.ca/newcarimages/en/cb6ab798baca942/Mercedes-Benz/CLE/2027/1280/486216/white/front_45_degree.png'},{url:'https://carimages.d2cmedia.ca/newcarimages/en/cb6ab798baca942/Mercedes-Benz/CLE/2027/2100/486216/white/front_45_degree.png'},{url:'https://carimages.d2cmedia.ca/newcarimages/en/cb6ab798baca942/Mercedes-Benz/CLE/2027/2100/486216/white/profile.png'},{url:'https://carimages.d2cmedia.ca/newcarimages/en/cb6ab798baca942/Mercedes-Benz/CLE/2027/2100/486216/white/back_45_degree.png'},{url:'https://carimages.d2cmedia.ca/newcarimages/en/cb6ab798baca942/Mercedes-Benz/CLE/2027/2100/486216/white/driver_dashboard.png'},{url:'https://carimages.d2cmedia.ca/newcarimages/en/cb6ab798baca942/Mercedes-Benz/CLE/2027/2100/486216/white/full_dashboard.png'},{url:'https://carimages.d2cmedia.ca/newcarimages/en/cb6ab798baca942/Mercedes-Benz/CLE/2027/2100/486216/white/interior_driver_open_seat.png'},{url:'https://carimages.d2cmedia.ca/newcarimages/en/cb6ab798baca942/Mercedes-Benz/CLE/2027/2100/486216/white/interior_driver_stereo.png'},{url:'https://carimages.d2cmedia.ca/newcarimages/en/cb6ab798baca942/Mercedes-Benz/CLE/2027/2100/486216/white/interior_driver_reat_seats.png'}]",90,KM,https://www.mercedes-benz-maple.ca/new/inventory/2027-Mercedes_Benz-CLE_300-id14362922.html,2027 Mercedes-Benz CLE CLE 300 4MATIC Coupe at Mercedes-Benz Maple,79961 CAD,New,White,Red,4804,Mercedes-Benz Maple,+1-905-585-9300,"{addr1: '9300 Jane St', city: 'Maple', region: 'Ontario', postal_code: 'L6A 0C5', country: 'CA'}",43.8344170000,-79.5341990000,,,,,https://www.mercedes-benz-maple.ca/privacy-policy.html,New,4804,In stock,,79961 CAD,Free,
W1KMJ4HBXVF146184,W1KMJ4HBXVF146184,27664256-new,Mercedes-Benz,CLE,CLE 300 4MATIC Coupe,2027,AUTOMATIC,CONVERTIBLE,GASOLINE,,"2027 Mercedes-Benz CLE CLE 300 4MATIC Coupe, Grey exterior","[{url:'https://carimages.d2cmedia.ca/newcarimages/en/cb6ab798baca942/Mercedes-Benz/CLE/2027/1200/486216-NE1BVElDIENvdXBl/X9C9AA1/front45.png'},{url:'https://carimages.d2cmedia.ca/newcarimages/en/cb6ab798baca942/Mercedes-Benz/CLE/2027/1280/486216/X9c9aa1/front_45_degree.png'},{url:'https://carimages.d2cmedia.ca/newcarimages/en/cb6ab798baca942/Mercedes-Benz/CLE/2027/2100/486216/X9c9aa1/front_45_degree.png'},{url:'https://carimages.d2cmedia.ca/newcarimages/en/cb6ab798baca942/Mercedes-Benz/CLE/2027/2100/486216/X9c9aa1/profile.png'},{url:'https://carimages.d2cmedia.ca/newcarimages/en/cb6ab798baca942/Mercedes-Benz/CLE/2027/2100/486216/X9c9aa1/back_45_degree.png'},{url:'https://carimages.d2cmedia.ca/newcarimages/en/cb6ab798baca942/Mercedes-Benz/CLE/2027/2100/486216/X9c9aa1/driver_dashboard.png'},{url:'https://carimages.d2cmedia.ca/newcarimages/en/cb6ab798baca942/Mercedes-Benz/CLE/2027/2100/486216/X9c9aa1/full_dashboard.png'},{url:'https://carimages.d2cmedia.ca/newcarimages/en/cb6ab798baca942/Mercedes-Benz/CLE/2027/2100/486216/X9c9aa1/interior_driver_open_seat.png'},{url:'https://carimages.d2cmedia.ca/newcarimages/en/cb6ab798baca942/Mercedes-Benz/CLE/2027/2100/486216/X9c9aa1/interior_driver_stereo.png'},{url:'https://carimages.d2cmedia.ca/newcarimages/en/cb6ab798baca942/Mercedes-Benz/CLE/2027/2100/486216/X9c9aa1/interior_driver_reat_seats.png'}]",90,KM,https://www.mercedes-benz-maple.ca/new/inventory/2027-Mercedes_Benz-CLE_300-id14429909.html,2027 Mercedes-Benz CLE CLE 300 4MATIC Coupe at Mercedes-Benz Maple,82061 CAD,New,Grey,Red,4804,Mercedes-Benz Maple,+1-905-585-9300,"{addr1: '9300 Jane St', city: 'Maple', region: 'Ontario', postal_code: 'L6A 0C5', country: 'CA'}",43.8344170000,-79.5341990000,,,,,https://www.mercedes-benz-maple.ca/privacy-policy.html,New,4804,In stock,,82061 CAD,Free,
W1KMJ6CB0VF138033,W1KMJ6CB0VF138033,27661214-new,Mercedes-Benz,CLE,AMG CLE 53 4MATIC+ Coupe,2027,AUTOMATIC,CONVERTIBLE,GASOLINE,,"2027 Mercedes-Benz CLE AMG CLE 53 4MATIC+ Coupe, Black exterior","[{url:'https://carimages.d2cmedia.ca/newcarimages/en/cb6ab798baca942/Mercedes-Benz/CLE/2027/1200/485736-NE1BVElDKyBDb3VwZQ/X060606/front45.png'},{url:'https://carimages.d2cmedia.ca/newcarimages/en/cb6ab798baca942/Mercedes-Benz/CLE/2027/1280/485736/X060606/front_45_degree.png'},{url:'https://carimages.d2cmedia.ca/newcarimages/en/cb6ab798baca942/Mercedes-Benz/CLE/2027/2100/485736/X060606/front_45_degree.png'},{url:'https://carimages.d2cmedia.ca/newcarimages/en/cb6ab798baca942/Mercedes-Benz/CLE/2027/2100/485736/X060606/profile.png'},{url:'https://carimages.d2cmedia.ca/newcarimages/en/cb6ab798baca942/Mercedes-Benz/CLE/2027/2100/485736/X060606/back_45_degree.png'},{url:'https://carimages.d2cmedia.ca/newcarimages/en/cb6ab798baca942/Mercedes-Benz/CLE/2027/2100/485736/X060606/driver_dashboard.png'},{url:'https://carimages.d2cmedia.ca/newcarimages/en/cb6ab798baca942/Mercedes-Benz/CLE/2027/2100/485736/X060606/full_dashboard.png'},{url:'https://carimages.d2cmedia.ca/newcarimages/en/cb6ab798baca942/Mercedes-Benz/CLE/2027/2100/485736/X060606/interior_driver_open_seat.png'},{url:'https://carimages.d2cmedia.ca/newcarimages/en/cb6ab798baca942/Mercedes-Benz/CLE/2027/2100/485736/X060606/interior_driver_stereo.png'},{url:'https://carimages.d2cmedia.ca/newcarimages/en/cb6ab798baca942/Mercedes-Benz/CLE/2027/2100/485736/X060606/interior_driver_reat_seats.png'}]",90,KM,https://www.mercedes-benz-maple.ca/new/inventory/2027-Mercedes_Benz-AMG_CLE_53-id14396142.html,2027 Mercedes-Benz CLE AMG CLE 53 4MATIC+ Coupe at Mercedes-Benz Maple,107717 CAD,New,Black,Black,4804,Mercedes-Benz Maple,+1-905-585-9300,"{addr1: '9300 Jane St', city: 'Maple', region: 'Ontario', postal_code: 'L6A 0C5', country: 'CA'}",43.8344170000,-79.5341990000,,,,,https://www.mercedes-benz-maple.ca/privacy-policy.html,New,4804,In stock,,107717 CAD,Free,
W1KMJ6CB3VF144263,W1KMJ6CB3VF144263,27661216-new,Mercedes-Benz,CLE,AMG CLE 53 4MATIC+ Coupe,2027,AUTOMATIC,CONVERTIBLE,GASOLINE,,"2027 Mercedes-Benz CLE AMG CLE 53 4MATIC+ Coupe, White exterior","[{url:'https://carimages.d2cmedia.ca/newcarimages/en/cb6ab798baca942/Mercedes-Benz/CLE/2027/1200/485736-NE1BVElDKyBDb3VwZQ/white/front45.png'},{url:'https://carimages.d2cmedia.ca/newcarimages/en/cb6ab798baca942/Mercedes-Benz/CLE/2027/1280/485736/white/front_45_degree.png'},{url:'https://carimages.d2cmedia.ca/newcarimages/en/cb6ab798baca942/Mercedes-Benz/CLE/2027/2100/485736/white/front_45_degree.png'},{url:'https://carimages.d2cmedia.ca/newcarimages/en/cb6ab798baca942/Mercedes-Benz/CLE/2027/2100/485736/white/profile.png'},{url:'https://carimages.d2cmedia.ca/newcarimages/en/cb6ab798baca942/Mercedes-Benz/CLE/2027/2100/485736/white/back_45_degree.png'},{url:'https://carimages.d2cmedia.ca/newcarimages/en/cb6ab798baca942/Mercedes-Benz/CLE/2027/2100/485736/white/driver_dashboard.png'},{url:'https://carimages.d2cmedia.ca/newcarimages/en/cb6ab798baca942/Mercedes-Benz/CLE/2027/2100/485736/white/full_dashboard.png'},{url:'https://carimages.d2cmedia.ca/newcarimages/en/cb6ab798baca942/Mercedes-Benz/CLE/2027/2100/485736/white/interior_driver_open_seat.png'},{url:'https://carimages.d2cmedia.ca/newcarimages/en/cb6ab798baca942/Mercedes-Benz/CLE/2027/2100/485736/white/interior_driver_stereo.png'},{url:'https://carimages.d2cmedia.ca/newcarimages/en/cb6ab798baca942/Mercedes-Benz/CLE/2027/2100/485736/white/interior_driver_reat_seats.png'}]",90,KM,https://www.mercedes-benz-maple.ca/new/inventory/2027-Mercedes_Benz-AMG_CLE_53-id14410813.html,2027 Mercedes-Benz CLE AMG CLE 53 4MATIC+ Coupe at Mercedes-Benz Maple,110957 CAD,New,White,Red,4804,Mercedes-Benz Maple,+1-905-585-9300,"{addr1: '9300 Jane St', city: 'Maple', region: 'Ontario', postal_code: 'L6A 0C5', country: 'CA'}",43.8344170000,-79.5341990000,,,,,https://www.mercedes-benz-maple.ca/privacy-policy.html,New,4804,In stock,,110957 CAD,Free,
W1Y4VCHY7ST214866,W1Y4VCHY7ST214866,25506927-new,Mercedes-Benz,eSprinter Cargo Van,"2500 High Roof HO 170"" RWD w/113kWh Battery",2025,AUTOMATIC,VAN,ELECTRIC,RWD,"2025 Mercedes-Benz eSprinter Cargo Van 2500 High Roof HO 170"" RWD w/113kWh Battery, White exterior, Rear-wheel drive","[{url:'https://carimages.d2cmedia.ca/newcarimages/en/cb6ab798baca942/Mercedes-Benz/eSprinter Cargo Van/2025/1200/460582-MjUwMCBHVldSIEhpZ2ggUm9vZiAxNzAgUldE/XDBDBDB/front45.png'},{url:'https://carimages.d2cmedia.ca/newcarimages/fr/cb6ab798baca942/Mercedes-Benz/eSprinter Cargo Van/2025/640/460582-MjUwMCBHVldSIEhpZ2ggUm9vZiAxNzAgUldE/Xdbdbdb/front_45_degree.png'},{url:'https://carimages.d2cmedia.ca/newcarimages/fr/cb6ab798baca942/Mercedes-Benz/eSprinter Cargo Van/2025/2100/460582-MjUwMCBHVldSIEhpZ2ggUm9vZiAxNzAgUldE/Xdbdbdb/front_45_degree.png'}]",90,KM,https://www.mercedes-benz-maple.ca/new/inventory/2025-Mercedes_Benz-eSprinter-id14240699.html,"2025 Mercedes-Benz eSprinter Cargo Van 2500 High Roof HO 170"" RWD w/113kWh Battery at Mercedes-Benz Maple",117876 CAD,New,White,Black,4804,Mercedes-Benz Maple,+1-905-585-9300,"{addr1: '9300 Jane St', city: 'Maple', region: 'Ontario', postal_code: 'L6A 0C5', country: 'CA'}",43.8344170000,-79.5341990000,,,,,https://www.mercedes-benz-maple.ca/privacy-policy.html,New,4804,In stock,,117876 CAD,Free,
W1Y4VCHY9ST219020,W1Y4VCHY9ST219020,25506973-new,Mercedes-Benz,eSprinter Cargo Van,"2500 High Roof HO 170"" RWD w/113kWh Battery",2025,AUTOMATIC,VAN,ELECTRIC,RWD,"2025 Mercedes-Benz eSprinter Cargo Van 2500 High Roof HO 170"" RWD w/113kWh Battery, White exterior, Rear-wheel drive","[{url:'https://carimages.d2cmedia.ca/newcarimages/en/cb6ab798baca942/Mercedes-Benz/eSprinter Cargo Van/2025/1200/460582-MjUwMCBHVldSIEhpZ2ggUm9vZiAxNzAgUldE/XDBDBDB/front45.png'},{url:'https://carimages.d2cmedia.ca/newcarimages/fr/cb6ab798baca942/Mercedes-Benz/eSprinter Cargo Van/2025/640/460582-MjUwMCBHVldSIEhpZ2ggUm9vZiAxNzAgUldE/Xdbdbdb/front_45_degree.png'},{url:'https://carimages.d2cmedia.ca/newcarimages/fr/cb6ab798baca942/Mercedes-Benz/eSprinter Cargo Van/2025/2100/460582-MjUwMCBHVldSIEhpZ2ggUm9vZiAxNzAgUldE/Xdbdbdb/front_45_degree.png'}]",90,KM,https://www.mercedes-benz-maple.ca/new/inventory/2025-Mercedes_Benz-eSprinter-id14289996.html,"2025 Mercedes-Benz eSprinter Cargo Van 2500 High Roof HO 170"" RWD w/113kWh Battery at Mercedes-Benz Maple",121097 CAD,New,White,Black,4804,Mercedes-Benz Maple,+1-905-585-9300,"{addr1: '9300 Jane St', city: 'Maple', region: 'Ontario', postal_code: 'L6A 0C5', country: 'CA'}",43.8344170000,-79.5341990000,,,,,https://www.mercedes-benz-maple.ca/privacy-policy.html,New,4804,In stock,,121097 CAD,Free,
W1Y4VCHY9ST216876,W1Y4VCHY9ST216876,25506977-new,Mercedes-Benz,eSprinter Cargo Van,"2500 High Roof HO 170"" RWD w/113kWh Battery",2025,AUTOMATIC,VAN,ELECTRIC,RWD,"2025 Mercedes-Benz eSprinter Cargo Van 2500 High Roof HO 170"" RWD w/113kWh Battery, White exterior, Rear-wheel drive","[{url:'https://carimages.d2cmedia.ca/newcarimages/en/cb6ab798baca942/Mercedes-Benz/eSprinter Cargo Van/2025/1200/460582-MjUwMCBHVldSIEhpZ2ggUm9vZiAxNzAgUldE/XDBDBDB/front45.png'},{url:'https://carimages.d2cmedia.ca/newcarimages/fr/cb6ab798baca942/Mercedes-Benz/eSprinter Cargo Van/2025/640/460582-MjUwMCBHVldSIEhpZ2ggUm9vZiAxNzAgUldE/Xdbdbdb/front_45_degree.png'},{url:'https://carimages.d2cmedia.ca/newcarimages/fr/cb6ab798baca942/Mercedes-Benz/eSprinter Cargo Van/2025/2100/460582-MjUwMCBHVldSIEhpZ2ggUm9vZiAxNzAgUldE/Xdbdbdb/front_45_degree.png'}]",90,KM,https://www.mercedes-benz-maple.ca/new/inventory/2025-Mercedes_Benz-eSprinter-id14289997.html,"2025 Mercedes-Benz eSprinter Cargo Van 2500 High Roof HO 170"" RWD w/113kWh Battery at Mercedes-Benz Maple",121097 CAD,New,White,Black,4804,Mercedes-Benz Maple,+1-905-585-9300,"{addr1: '9300 Jane St', city: 'Maple', region: 'Ontario', postal_code: 'L6A 0C5', country: 'CA'}",43.8344170000,-79.5341990000,,,,,https://www.mercedes-benz-maple.ca/privacy-policy.html,New,4804,In stock,,121097 CAD,Free,
W1KRJ7JB8TF010280,W1KRJ7JB8TF010280,26520699-new,Mercedes-Benz,AMG GT,AMG GT 63 Coupe,2026,AUTOMATIC,SEDAN,GASOLINE,,"2026 Mercedes-Benz AMG GT AMG GT 63 Coupe, Black exterior","[{url:'https://carimages.d2cmedia.ca/newcarimages/en/cb6ab798baca942/Mercedes-Benz/AMG GT/2026/1200/475119-NE1BVElDIENvdXBlICgyLWRvb3Ip/X060606/front45.png'},{url:'https://carimages.d2cmedia.ca/newcarimages/en/cb6ab798baca942/Mercedes-Benz/AMG GT/2026/1280/475119/X060606/front_45_degree.png'},{url:'https://carimages.d2cmedia.ca/newcarimages/en/cb6ab798baca942/Mercedes-Benz/AMG GT/2026/2100/475119/X060606/front_45_degree.png'},{url:'https://carimages.d2cmedia.ca/newcarimages/en/cb6ab798baca942/Mercedes-Benz/AMG GT/2026/2100/475119/X060606/profile.png'},{url:'https://carimages.d2cmedia.ca/newcarimages/en/cb6ab798baca942/Mercedes-Benz/AMG GT/2026/2100/475119/X060606/back_45_degree.png'},{url:'https://carimages.d2cmedia.ca/newcarimages/en/cb6ab798baca942/Mercedes-Benz/AMG GT/2026/2100/475119/X060606/driver_dashboard.png'},{url:'https://carimages.d2cmedia.ca/newcarimages/en/cb6ab798baca942/Mercedes-Benz/AMG GT/2026/2100/475119/X060606/full_dashboard.png'},{url:'https://carimages.d2cmedia.ca/newcarimages/en/cb6ab798baca942/Mercedes-Benz/AMG GT/2026/2100/475119/X060606/interior_driver_open_seat.png'},{url:'https://carimages.d2cmedia.ca/newcarimages/en/cb6ab798baca942/Mercedes-Benz/AMG GT/2026/2100/475119/X060606/interior_driver_stereo.png'},{url:'https://carimages.d2cmedia.ca/newcarimages/en/cb6ab798baca942/Mercedes-Benz/AMG GT/2026/2100/475119/X060606/interior_driver_storage_console.png'}]",90,KM,https://www.mercedes-benz-maple.ca/new/inventory/2026-Mercedes_Benz-AMG_GT-id14132709.html,2026 Mercedes-Benz AMG GT AMG GT 63 Coupe at Mercedes-Benz Maple,252423 CAD,New,Black,Red,4804,Mercedes-Benz Maple,+1-905-585-9300,"{addr1: '9300 Jane St', city: 'Maple', region: 'Ontario', postal_code: 'L6A 0C5', country: 'CA'}",43.8344170000,-79.5341990000,,,,,https://www.mercedes-benz-maple.ca/privacy-policy.html,New,4804,In stock,,252423 CAD,Free,
W1K6G8CB8TA364480,W1K6G8CB8TA364480,26521581-new,Mercedes-Benz,S-Class PHEV,AMG S 63 E Performance 4MATIC Sedan,2026,AUTOMATIC,SEDAN,GASOLINE,,"2026 Mercedes-Benz S-Class PHEV AMG S 63 E Performance 4MATIC Sedan, White exterior","[{url:'https://carimages.d2cmedia.ca/newcarimages/en/cb6ab798baca942/Mercedes-Benz/S-Class PHEV/2026/1200/475118-NE1BVElDIFNlZGFu/XEEEDEB/front45.png'},{url:'https://carimages.d2cmedia.ca/newcarimages/en/cb6ab798baca942/Mercedes-Benz/S-Class PHEV/2026/1280/475118/Xeeedeb/front_45_degree.png'},{url:'https://carimages.d2cmedia.ca/newcarimages/en/cb6ab798baca942/Mercedes-Benz/S-Class PHEV/2026/2100/475118/Xeeedeb/front_45_degree.png'},{url:'https://carimages.d2cmedia.ca/newcarimages/en/cb6ab798baca942/Mercedes-Benz/S-Class PHEV/2026/2100/475118/Xeeedeb/profile.png'},{url:'https://carimages.d2cmedia.ca/newcarimages/en/cb6ab798baca942/Mercedes-Benz/S-Class PHEV/2026/2100/475118/Xeeedeb/back_45_degree.png'},{url:'https://carimages.d2cmedia.ca/newcarimages/en/cb6ab798baca942/Mercedes-Benz/S-Class PHEV/2026/2100/475118/Xeeedeb/driver_dashboard.png'},{url:'https://carimages.d2cmedia.ca/newcarimages/en/cb6ab798baca942/Mercedes-Benz/S-Class PHEV/2026/2100/475118/Xeeedeb/full_dashboard.png'},{url:'https://carimages.d2cmedia.ca/newcarimages/en/cb6ab798baca942/Mercedes-Benz/S-Class PHEV/2026/2100/475118/Xeeedeb/interior_driver_open_seat.png'},{url:'https://carimages.d2cmedia.ca/newcarimages/en/cb6ab798baca942/Mercedes-Benz/S-Class PHEV/2026/2100/475118/Xeeedeb/interior_driver_stereo.png'},{url:'https://carimages.d2cmedia.ca/newcarimages/en/cb6ab798baca942/Mercedes-Benz/S-Class PHEV/2026/2100/475118/Xeeedeb/interior_driver_reat_seats.png'}]",90,KM,https://www.mercedes-benz-maple.ca/new/inventory/2026-Mercedes_Benz-AMG_S_63_E-id14223687.html,2026 Mercedes-Benz S-Class PHEV AMG S 63 E Performance 4MATIC Sedan at Mercedes-Benz Maple,278328 CAD,New,White,Beige,4804,Mercedes-Benz Maple,+1-905-585-9300,"{addr1: '9300 Jane St', city: 'Maple', region: 'Ontario', postal_code: 'L6A 0C5', country: 'CA'}",43.8344170000,-79.5341990000,,,,,https://www.mercedes-benz-maple.ca/privacy-policy.html,New,4804,In stock,,278328 CAD,Free,
W1N9M0KB1SN150630,W1N9M0KB1SN150630,25508947-new,Mercedes-Benz,EQB,EQB 300 4MATIC SUV,2025,AUTOMATIC,SUV,ELECTRIC,,"2025 Mercedes-Benz EQB EQB 300 4MATIC SUV, Black exterior","[{url:'https://carimages.d2cmedia.ca/newcarimages/en/cb6ab798baca942/Mercedes-Benz/EQB/2025/1200/468168-NE1BVElDIFNVVg/X101012/front45.png'},{url:'https://carimages.d2cmedia.ca/newcarimages/fr/cb6ab798baca942/Mercedes-Benz/EQB/2025/640/468168-NE1BVElDIFNVVg/X101012/front_45_degree.png'},{url:'https://carimages.d2cmedia.ca/newcarimages/fr/cb6ab798baca942/Mercedes-Benz/EQB/2025/2100/468168-NE1BVElDIFNVVg/X101012/front_45_degree.png'}]",90,KM,https://www.mercedes-benz-maple.ca/new/inventory/2025-Mercedes_Benz-EQB_300-id14284796.html,2025 Mercedes-Benz EQB EQB 300 4MATIC SUV at Mercedes-Benz Maple,67126 CAD,New,Black,Black,4804,Mercedes-Benz Maple,+1-905-585-9300,"{addr1: '9300 Jane St', city: 'Maple', region: 'Ontario', postal_code: 'L6A 0C5', country: 'CA'}",43.8344170000,-79.5341990000,,,,,https://www.mercedes-benz-maple.ca/privacy-policy.html,New,4804,In stock,,67126 CAD,Free,
W1KVK8BB0TF028336,W1KVK8BB0TF028336,26648540-new,Mercedes-Benz,SL,AMG SL 63 Roadster,2026,AUTOMATIC,CONVERTIBLE,GASOLINE,,"2026 Mercedes-Benz SL AMG SL 63 Roadster, Black exterior","[{url:'https://carimages.d2cmedia.ca/newcarimages/en/cb6ab798baca942/Mercedes-Benz/SL/2026/1200/475467-Um9hZHN0ZXI/X060606/front45.png'},{url:'https://carimages.d2cmedia.ca/newcarimages/en/cb6ab798baca942/Mercedes-Benz/SL/2026/1280/475467/X060606/front_45_degree.png'},{url:'https://carimages.d2cmedia.ca/newcarimages/en/cb6ab798baca942/Mercedes-Benz/SL/2026/2100/475467/X060606/front_45_degree.png'},{url:'https://carimages.d2cmedia.ca/newcarimages/en/cb6ab798baca942/Mercedes-Benz/SL/2026/2100/475467/X060606/profile.png'},{url:'https://carimages.d2cmedia.ca/newcarimages/en/cb6ab798baca942/Mercedes-Benz/SL/2026/2100/475467/X060606/back_45_degree.png'},{url:'https://carimages.d2cmedia.ca/newcarimages/en/cb6ab798baca942/Mercedes-Benz/SL/2026/2100/475467/X060606/driver_dashboard.png'},{url:'https://carimages.d2cmedia.ca/newcarimages/en/cb6ab798baca942/Mercedes-Benz/SL/2026/2100/475467/X060606/full_dashboard.png'},{url:'https://carimages.d2cmedia.ca/newcarimages/en/cb6ab798baca942/Mercedes-Benz/SL/2026/2100/475467/X060606/interior_driver_open_seat.png'},{url:'https://carimages.d2cmedia.ca/newcarimages/en/cb6ab798baca942/Mercedes-Benz/SL/2026/2100/475467/X060606/interior_driver_stereo.png'},{url:'https://carimages.d2cmedia.ca/newcarimages/en/cb6ab798baca942/Mercedes-Benz/SL/2026/2100/475467/X060606/interior_driver_storage_console.png'}]",90,KM,https://www.mercedes-benz-maple.ca/new/inventory/2026-Mercedes_Benz-SL_63_AMG-id13633702.html,2026 Mercedes-Benz SL AMG SL 63 Roadster at Mercedes-Benz Maple,279868 CAD,New,Black,White,4804,Mercedes-Benz Maple,+1-905-585-9300,"{addr1: '9300 Jane St', city: 'Maple', region: 'Ontario', postal_code: 'L6A 0C5', country: 'CA'}",43.8344170000,-79.5341990000,,,,,https://www.mercedes-benz-maple.ca/privacy-policy.html,New,4804,In stock,,279868 CAD,Free,
W1NKM4HB2VF657020,W1NKM4HB2VF657020,27658882-new,Mercedes-Benz,GLC,GLC 300 4MATIC SUV,2027,AUTOMATIC,SUV,GASOLINE,,"2027 Mercedes-Benz GLC GLC 300 4MATIC SUV, White exterior","[{url:'https://carimages.d2cmedia.ca/newcarimages/en/cb6ab798baca942/Mercedes-Benz/GLC/2027/1200/486470-NE1BVElDIFNVVg/XE9E9E9/front45.png'},{url:'https://carimages.d2cmedia.ca/newcarimages/fr/cb6ab798baca942/Mercedes-Benz/GLC/2027/640/486470-NE1BVElDIFNVVg/Xe9e9e9/front_45_degree.png'},{url:'https://carimages.d2cmedia.ca/newcarimages/fr/cb6ab798baca942/Mercedes-Benz/GLC/2027/2100/486470-NE1BVElDIFNVVg/Xe9e9e9/front_45_degree.png'}]",90,KM,https://www.mercedes-benz-maple.ca/new/inventory/2027-Mercedes_Benz-GLC_300-id14181638.html,2027 Mercedes-Benz GLC GLC 300 4MATIC SUV at Mercedes-Benz Maple,76711 CAD,New,White,Black,4804,Mercedes-Benz Maple,+1-905-585-9300,"{addr1: '9300 Jane St', city: 'Maple', region: 'Ontario', postal_code: 'L6A 0C5', country: 'CA'}",43.8344170000,-79.5341990000,,,,,https://www.mercedes-benz-maple.ca/privacy-policy.html,New,4804,In stock,,76711 CAD,Free,
W1NKM4HB1VF662127,W1NKM4HB1VF662127,27661531-new,Mercedes-Benz,GLC,GLC 300 4MATIC SUV,2027,AUTOMATIC,SUV,GASOLINE,,"2027 Mercedes-Benz GLC GLC 300 4MATIC SUV, Black exterior","[{url:'https://carimages.d2cmedia.ca/newcarimages/en/cb6ab798baca942/Mercedes-Benz/GLC/2027/1200/486470-NE1BVElDIFNVVg/black/front45.png'},{url:'https://carimages.d2cmedia.ca/newcarimages/en/cb6ab798baca942/Mercedes-Benz/GLC/2027/1280/486470/black/front_45_degree.png'},{url:'https://carimages.d2cmedia.ca/newcarimages/en/cb6ab798baca942/Mercedes-Benz/GLC/2027/2100/486470/black/front_45_degree.png'},{url:'https://carimages.d2cmedia.ca/newcarimages/en/cb6ab798baca942/Mercedes-Benz/GLC/2027/2100/486470/black/profile.png'},{url:'https://carimages.d2cmedia.ca/newcarimages/en/cb6ab798baca942/Mercedes-Benz/GLC/2027/2100/486470/black/back_45_degree.png'},{url:'https://carimages.d2cmedia.ca/newcarimages/en/cb6ab798baca942/Mercedes-Benz/GLC/2027/2100/486470/black/driver_dashboard.png'},{url:'https://carimages.d2cmedia.ca/newcarimages/en/cb6ab798baca942/Mercedes-Benz/GLC/2027/2100/486470/black/full_dashboard.png'},{url:'https://carimages.d2cmedia.ca/newcarimages/en/cb6ab798baca942/Mercedes-Benz/GLC/2027/2100/486470/black/interior_driver_open_seat.png'},{url:'https://carimages.d2cmedia.ca/newcarimages/en/cb6ab798baca942/Mercedes-Benz/GLC/2027/2100/486470/black/interior_driver_stereo.png'},{url:'https://carimages.d2cmedia.ca/newcarimages/en/cb6ab798baca942/Mercedes-Benz/GLC/2027/2100/486470/black/interior_driver_reat_seats.png'}]",90,KM,https://www.mercedes-benz-maple.ca/new/inventory/2027-Mercedes_Benz-GLC_300-id14203060.html,2027 Mercedes-Benz GLC GLC 300 4MATIC SUV at Mercedes-Benz Maple,77011 CAD,New,Black,Gray,4804,Mercedes-Benz Maple,+1-905-585-9300,"{addr1: '9300 Jane St', city: 'Maple', region: 'Ontario', postal_code: 'L6A 0C5', country: 'CA'}",43.8344170000,-79.5341990000,,,,,https://www.mercedes-benz-maple.ca/privacy-policy.html,New,4804,In stock,,77011 CAD,Free,
W1NKM4HB4VF659092,W1NKM4HB4VF659092,27661457-new,Mercedes-Benz,GLC,GLC 300 4MATIC SUV,2027,AUTOMATIC,SUV,GASOLINE,,"2027 Mercedes-Benz GLC GLC 300 4MATIC SUV, White exterior","[{url:'https://carimages.d2cmedia.ca/newcarimages/en/cb6ab798baca942/Mercedes-Benz/GLC/2027/1200/486470-NE1BVElDIFNVVg/XE9E9E9/front45.png'},{url:'https://carimages.d2cmedia.ca/newcarimages/en/cb6ab798baca942/Mercedes-Benz/GLC/2027/1280/486470/Xe9e9e9/front_45_degree.png'},{url:'https://carimages.d2cmedia.ca/newcarimages/en/cb6ab798baca942/Mercedes-Benz/GLC/2027/2100/486470/Xe9e9e9/front_45_degree.png'},{url:'https://carimages.d2cmedia.ca/newcarimages/en/cb6ab798baca942/Mercedes-Benz/GLC/2027/2100/486470/Xe9e9e9/profile.png'},{url:'https://carimages.d2cmedia.ca/newcarimages/en/cb6ab798baca942/Mercedes-Benz/GLC/2027/2100/486470/Xe9e9e9/back_45_degree.png'},{url:'https://carimages.d2cmedia.ca/newcarimages/en/cb6ab798baca942/Mercedes-Benz/GLC/2027/2100/486470/Xe9e9e9/driver_dashboard.png'},{url:'https://carimages.d2cmedia.ca/newcarimages/en/cb6ab798baca942/Mercedes-Benz/GLC/2027/2100/486470/Xe9e9e9/full_dashboard.png'},{url:'https://carimages.d2cmedia.ca/newcarimages/en/cb6ab798baca942/Mercedes-Benz/GLC/2027/2100/486470/Xe9e9e9/interior_driver_open_seat.png'},{url:'https://carimages.d2cmedia.ca/newcarimages/en/cb6ab798baca942/Mercedes-Benz/GLC/2027/2100/486470/Xe9e9e9/interior_driver_stereo.png'},{url:'https://carimages.d2cmedia.ca/newcarimages/en/cb6ab798baca942/Mercedes-Benz/GLC/2027/2100/486470/Xe9e9e9/interior_driver_reat_seats.png'}]",90,KM,https://www.mercedes-benz-maple.ca/new/inventory/2027-Mercedes_Benz-GLC_300-id14240701.html,2027 Mercedes-Benz GLC GLC 300 4MATIC SUV at Mercedes-Benz Maple,77311 CAD,New,White,Black,4804,Mercedes-Benz Maple,+1-905-585-9300,"{addr1: '9300 Jane St', city: 'Maple', region: 'Ontario', postal_code: 'L6A 0C5', country: 'CA'}",43.8344170000,-79.5341990000,,,,,https://www.mercedes-benz-maple.ca/privacy-policy.html,New,4804,In stock,,77311 CAD,Free,
W1NKM4HB0VF660241,W1NKM4HB0VF660241,27661460-new,Mercedes-Benz,GLC,GLC 300 4MATIC SUV,2027,AUTOMATIC,SUV,GASOLINE,,"2027 Mercedes-Benz GLC GLC 300 4MATIC SUV, Black exterior","[{url:'https://carimages.d2cmedia.ca/newcarimages/en/cb6ab798baca942/Mercedes-Benz/GLC/2027/1200/486470-NE1BVElDIFNVVg/black/front45.png'},{url:'https://carimages.d2cmedia.ca/newcarimages/en/cb6ab798baca942/Mercedes-Benz/GLC/2027/1280/486470/black/front_45_degree.png'},{url:'https://carimages.d2cmedia.ca/newcarimages/en/cb6ab798baca942/Mercedes-Benz/GLC/2027/2100/486470/black/front_45_degree.png'},{url:'https://carimages.d2cmedia.ca/newcarimages/en/cb6ab798baca942/Mercedes-Benz/GLC/2027/2100/486470/black/profile.png'},{url:'https://carimages.d2cmedia.ca/newcarimages/en/cb6ab798baca942/Mercedes-Benz/GLC/2027/2100/486470/black/back_45_degree.png'},{url:'https://carimages.d2cmedia.ca/newcarimages/en/cb6ab798baca942/Mercedes-Benz/GLC/2027/2100/486470/black/driver_dashboard.png'},{url:'https://carimages.d2cmedia.ca/newcarimages/en/cb6ab798baca942/Mercedes-Benz/GLC/2027/2100/486470/black/full_dashboard.png'},{url:'https://carimages.d2cmedia.ca/newcarimages/en/cb6ab798baca942/Mercedes-Benz/GLC/2027/2100/486470/black/interior_driver_open_seat.png'},{url:'https://carimages.d2cmedia.ca/newcarimages/en/cb6ab798baca942/Mercedes-Benz/GLC/2027/2100/486470/black/interior_driver_stereo.png'},{url:'https://carimages.d2cmedia.ca/newcarimages/en/cb6ab798baca942/Mercedes-Benz/GLC/2027/2100/486470/black/interior_driver_reat_seats.png'}]",90,KM,https://www.mercedes-benz-maple.ca/new/inventory/2027-Mercedes_Benz-GLC_300-id14240703.html,2027 Mercedes-Benz GLC GLC 300 4MATIC SUV at Mercedes-Benz Maple,77311 CAD,New,Black,Black,4804,Mercedes-Benz Maple,+1-905-585-9300,"{addr1: '9300 Jane St', city: 'Maple', region: 'Ontario', postal_code: 'L6A 0C5', country: 'CA'}",43.8344170000,-79.5341990000,,,,,https://www.mercedes-benz-maple.ca/privacy-policy.html,New,4804,In stock,,77311 CAD,Free,
W1NKM4HB6VF675066,W1NKM4HB6VF675066,27663125-new,Mercedes-Benz,GLC,GLC 300 4MATIC SUV,2027,AUTOMATIC,SUV,GASOLINE,,"2027 Mercedes-Benz GLC GLC 300 4MATIC SUV, White exterior","[{url:'https://carimages.d2cmedia.ca/newcarimages/en/cb6ab798baca942/Mercedes-Benz/GLC/2027/1200/486470-NE1BVElDIFNVVg/XE9E9E9/front45.png'},{url:'https://carimages.d2cmedia.ca/newcarimages/fr/cb6ab798baca942/Mercedes-Benz/GLC/2027/640/486470-NE1BVElDIFNVVg/Xe9e9e9/front_45_degree.png'},{url:'https://carimages.d2cmedia.ca/newcarimages/fr/cb6ab798baca942/Mercedes-Benz/GLC/2027/2100/486470-NE1BVElDIFNVVg/Xe9e9e9/front_45_degree.png'}]",90,KM,https://www.mercedes-benz-maple.ca/new/inventory/2027-Mercedes_Benz-GLC_300-id14416628.html,2027 Mercedes-Benz GLC GLC 300 4MATIC SUV at Mercedes-Benz Maple,77611 CAD,New,White,Black,4804,Mercedes-Benz Maple,+1-905-585-9300,"{addr1: '9300 Jane St', city: 'Maple', region: 'Ontario', postal_code: 'L6A 0C5', country: 'CA'}",43.8344170000,-79.5341990000,,,,,https://www.mercedes-benz-maple.ca/privacy-policy.html,New,4804,In stock,,77611 CAD,Free,
W1NKM4HB5VF664866,W1NKM4HB5VF664866,27661478-new,Mercedes-Benz,GLC,GLC 300 4MATIC SUV,2027,AUTOMATIC,SUV,GASOLINE,,"2027 Mercedes-Benz GLC GLC 300 4MATIC SUV, Blue exterior","[{url:'https://carimages.d2cmedia.ca/newcarimages/en/cb6ab798baca942/Mercedes-Benz/GLC/2027/1200/486470-NE1BVElDIFNVVg/blue/front45.png'},{url:'https://carimages.d2cmedia.ca/newcarimages/en/cb6ab798baca942/Mercedes-Benz/GLC/2027/1280/486470/blue/front_45_degree.png'},{url:'https://carimages.d2cmedia.ca/newcarimages/en/cb6ab798baca942/Mercedes-Benz/GLC/2027/2100/486470/blue/front_45_degree.png'},{url:'https://carimages.d2cmedia.ca/newcarimages/en/cb6ab798baca942/Mercedes-Benz/GLC/2027/2100/486470/blue/profile.png'},{url:'https://carimages.d2cmedia.ca/newcarimages/en/cb6ab798baca942/Mercedes-Benz/GLC/2027/2100/486470/blue/back_45_degree.png'},{url:'https://carimages.d2cmedia.ca/newcarimages/en/cb6ab798baca942/Mercedes-Benz/GLC/2027/2100/486470/blue/driver_dashboard.png'},{url:'https://carimages.d2cmedia.ca/newcarimages/en/cb6ab798baca942/Mercedes-Benz/GLC/2027/2100/486470/blue/full_dashboard.png'},{url:'https://carimages.d2cmedia.ca/newcarimages/en/cb6ab798baca942/Mercedes-Benz/GLC/2027/2100/486470/blue/interior_driver_open_seat.png'},{url:'https://carimages.d2cmedia.ca/newcarimages/en/cb6ab798baca942/Mercedes-Benz/GLC/2027/2100/486470/blue/interior_driver_stereo.png'},{url:'https://carimages.d2cmedia.ca/newcarimages/en/cb6ab798baca942/Mercedes-Benz/GLC/2027/2100/486470/blue/interior_driver_reat_seats.png'}]",90,KM,https://www.mercedes-benz-maple.ca/new/inventory/2027-Mercedes_Benz-GLC_300-id14203058.html,2027 Mercedes-Benz GLC GLC 300 4MATIC SUV at Mercedes-Benz Maple,77811 CAD,New,Blue,Gray,4804,Mercedes-Benz Maple,+1-905-585-9300,"{addr1: '9300 Jane St', city: 'Maple', region: 'Ontario', postal_code: 'L6A 0C5', country: 'CA'}",43.8344170000,-79.5341990000,,,,,https://www.mercedes-benz-maple.ca/privacy-policy.html,New,4804,In stock,,77811 CAD,Free,
W1NKM4HB3VF675476,W1NKM4HB3VF675476,27661462-new,Mercedes-Benz,GLC,GLC 300 4MATIC SUV,2027,AUTOMATIC,SUV,GASOLINE,,"2027 Mercedes-Benz GLC GLC 300 4MATIC SUV, Grey exterior","[{url:'https://carimages.d2cmedia.ca/newcarimages/en/cb6ab798baca942/Mercedes-Benz/GLC/2027/1200/486470-NE1BVElDIFNVVg/X3C3C3C/front45.png'},{url:'https://carimages.d2cmedia.ca/newcarimages/en/cb6ab798baca942/Mercedes-Benz/GLC/2027/1280/486470/X3c3c3c/front_45_degree.png'},{url:'https://carimages.d2cmedia.ca/newcarimages/en/cb6ab798baca942/Mercedes-Benz/GLC/2027/2100/486470/X3c3c3c/front_45_degree.png'},{url:'https://carimages.d2cmedia.ca/newcarimages/en/cb6ab798baca942/Mercedes-Benz/GLC/2027/2100/486470/X3c3c3c/profile.png'},{url:'https://carimages.d2cmedia.ca/newcarimages/en/cb6ab798baca942/Mercedes-Benz/GLC/2027/2100/486470/X3c3c3c/back_45_degree.png'},{url:'https://carimages.d2cmedia.ca/newcarimages/en/cb6ab798baca942/Mercedes-Benz/GLC/2027/2100/486470/X3c3c3c/driver_dashboard.png'},{url:'https://carimages.d2cmedia.ca/newcarimages/en/cb6ab798baca942/Mercedes-Benz/GLC/2027/2100/486470/X3c3c3c/full_dashboard.png'},{url:'https://carimages.d2cmedia.ca/newcarimages/en/cb6ab798baca942/Mercedes-Benz/GLC/2027/2100/486470/X3c3c3c/interior_driver_open_seat.png'},{url:'https://carimages.d2cmedia.ca/newcarimages/en/cb6ab798baca942/Mercedes-Benz/GLC/2027/2100/486470/X3c3c3c/interior_driver_stereo.png'},{url:'https://carimages.d2cmedia.ca/newcarimages/en/cb6ab798baca942/Mercedes-Benz/GLC/2027/2100/486470/X3c3c3c/interior_driver_reat_seats.png'}]",90,KM,https://www.mercedes-benz-maple.ca/new/inventory/2027-Mercedes_Benz-GLC_300-id14416627.html,2027 Mercedes-Benz GLC GLC 300 4MATIC SUV at Mercedes-Benz Maple,77811 CAD,New,Grey,Brown,4804,Mercedes-Benz Maple,+1-905-585-9300,"{addr1: '9300 Jane St', city: 'Maple', region: 'Ontario', postal_code: 'L6A 0C5', country: 'CA'}",43.8344170000,-79.5341990000,,,,,https://www.mercedes-benz-maple.ca/privacy-policy.html,New,4804,In stock,,77811 CAD,Free,
W1NKM4HB1VF675881,W1NKM4HB1VF675881,27663128-new,Mercedes-Benz,GLC,GLC 300 4MATIC SUV,2027,AUTOMATIC,SUV,GASOLINE,,"2027 Mercedes-Benz GLC GLC 300 4MATIC SUV, Blue exterior","[{url:'https://carimages.d2cmedia.ca/newcarimages/en/cb6ab798baca942/Mercedes-Benz/GLC/2027/1200/486470-NE1BVElDIFNVVg/blue/front45.png'},{url:'https://carimages.d2cmedia.ca/newcarimages/en/cb6ab798baca942/Mercedes-Benz/GLC/2027/1280/486470/blue/front_45_degree.png'},{url:'https://carimages.d2cmedia.ca/newcarimages/en/cb6ab798baca942/Mercedes-Benz/GLC/2027/2100/486470/blue/front_45_degree.png'},{url:'https://carimages.d2cmedia.ca/newcarimages/en/cb6ab798baca942/Mercedes-Benz/GLC/2027/2100/486470/blue/profile.png'},{url:'https://carimages.d2cmedia.ca/newcarimages/en/cb6ab798baca942/Mercedes-Benz/GLC/2027/2100/486470/blue/back_45_degree.png'},{url:'https://carimages.d2cmedia.ca/newcarimages/en/cb6ab798baca942/Mercedes-Benz/GLC/2027/2100/486470/blue/driver_dashboard.png'},{url:'https://carimages.d2cmedia.ca/newcarimages/en/cb6ab798baca942/Mercedes-Benz/GLC/2027/2100/486470/blue/full_dashboard.png'},{url:'https://carimages.d2cmedia.ca/newcarimages/en/cb6ab798baca942/Mercedes-Benz/GLC/2027/2100/486470/blue/interior_driver_open_seat.png'},{url:'https://carimages.d2cmedia.ca/newcarimages/en/cb6ab798baca942/Mercedes-Benz/GLC/2027/2100/486470/blue/interior_driver_stereo.png'},{url:'https://carimages.d2cmedia.ca/newcarimages/en/cb6ab798baca942/Mercedes-Benz/GLC/2027/2100/486470/blue/interior_driver_reat_seats.png'}]",90,KM,https://www.mercedes-benz-maple.ca/new/inventory/2027-Mercedes_Benz-GLC_300-id14416630.html,2027 Mercedes-Benz GLC GLC 300 4MATIC SUV at Mercedes-Benz Maple,77811 CAD,New,Blue,Black,4804,Mercedes-Benz Maple,+1-905-585-9300,"{addr1: '9300 Jane St', city: 'Maple', region: 'Ontario', postal_code: 'L6A 0C5', country: 'CA'}",43.8344170000,-79.5341990000,,,,,https://www.mercedes-benz-maple.ca/privacy-policy.html,New,4804,In stock,,77811 CAD,Free,
W1NKM4HB0VF648333,W1NKM4HB0VF648333,27658502-new,Mercedes-Benz,GLC,GLC 300 4MATIC SUV,2027,AUTOMATIC,SUV,GASOLINE,,"2027 Mercedes-Benz GLC GLC 300 4MATIC SUV, White exterior","[{url:'https://carimages.d2cmedia.ca/newcarimages/en/cb6ab798baca942/Mercedes-Benz/GLC/2027/1200/486470-NE1BVElDIFNVVg/XE9E9E9/front45.png'},{url:'https://carimages.d2cmedia.ca/newcarimages/fr/cb6ab798baca942/Mercedes-Benz/GLC/2027/640/486470-NE1BVElDIFNVVg/Xe9e9e9/front_45_degree.png'},{url:'https://carimages.d2cmedia.ca/newcarimages/fr/cb6ab798baca942/Mercedes-Benz/GLC/2027/2100/486470-NE1BVElDIFNVVg/Xe9e9e9/front_45_degree.png'}]",90,KM,https://www.mercedes-benz-maple.ca/new/inventory/2027-Mercedes_Benz-GLC_300-id14169255.html,2027 Mercedes-Benz GLC GLC 300 4MATIC SUV at Mercedes-Benz Maple,77911 CAD,New,White,Black,4804,Mercedes-Benz Maple,+1-905-585-9300,"{addr1: '9300 Jane St', city: 'Maple', region: 'Ontario', postal_code: 'L6A 0C5', country: 'CA'}",43.8344170000,-79.5341990000,,,,,https://www.mercedes-benz-maple.ca/privacy-policy.html,New,4804,In stock,,77911 CAD,Free,
W1NKM4HB2VF670656,W1NKM4HB2VF670656,27663139-new,Mercedes-Benz,GLC,GLC 300 4MATIC SUV,2027,AUTOMATIC,SUV,GASOLINE,,"2027 Mercedes-Benz GLC GLC 300 4MATIC SUV, Black exterior","[{url:'https://carimages.d2cmedia.ca/newcarimages/en/cb6ab798baca942/Mercedes-Benz/GLC/2027/1200/486470-NE1BVElDIFNVVg/black/front45.png'},{url:'https://carimages.d2cmedia.ca/newcarimages/en/cb6ab798baca942/Mercedes-Benz/GLC/2027/1280/486470/black/front_45_degree.png'},{url:'https://carimages.d2cmedia.ca/newcarimages/en/cb6ab798baca942/Mercedes-Benz/GLC/2027/2100/486470/black/front_45_degree.png'},{url:'https://carimages.d2cmedia.ca/newcarimages/en/cb6ab798baca942/Mercedes-Benz/GLC/2027/2100/486470/black/profile.png'},{url:'https://carimages.d2cmedia.ca/newcarimages/en/cb6ab798baca942/Mercedes-Benz/GLC/2027/2100/486470/black/back_45_degree.png'},{url:'https://carimages.d2cmedia.ca/newcarimages/en/cb6ab798baca942/Mercedes-Benz/GLC/2027/2100/486470/black/driver_dashboard.png'},{url:'https://carimages.d2cmedia.ca/newcarimages/en/cb6ab798baca942/Mercedes-Benz/GLC/2027/2100/486470/black/full_dashboard.png'},{url:'https://carimages.d2cmedia.ca/newcarimages/en/cb6ab798baca942/Mercedes-Benz/GLC/2027/2100/486470/black/interior_driver_open_seat.png'},{url:'https://carimages.d2cmedia.ca/newcarimages/en/cb6ab798baca942/Mercedes-Benz/GLC/2027/2100/486470/black/interior_driver_stereo.png'},{url:'https://carimages.d2cmedia.ca/newcarimages/en/cb6ab798baca942/Mercedes-Benz/GLC/2027/2100/486470/black/interior_driver_reat_seats.png'}]",90,KM,https://www.mercedes-benz-maple.ca/new/inventory/2027-Mercedes_Benz-GLC_300-id14362925.html,2027 Mercedes-Benz GLC GLC 300 4MATIC SUV at Mercedes-Benz Maple,77911 CAD,New,Black,Black,4804,Mercedes-Benz Maple,+1-905-585-9300,"{addr1: '9300 Jane St', city: 'Maple', region: 'Ontario', postal_code: 'L6A 0C5', country: 'CA'}",43.8344170000,-79.5341990000,,,,,https://www.mercedes-benz-maple.ca/privacy-policy.html,New,4804,In stock,,77911 CAD,Free,
W1NKM4HB3VF661268,W1NKM4HB3VF661268,27661474-new,Mercedes-Benz,GLC,GLC 300 4MATIC SUV,2027,AUTOMATIC,SUV,GASOLINE,,"2027 Mercedes-Benz GLC GLC 300 4MATIC SUV, Light green exterior","[{url:'https://carimages.d2cmedia.ca/newcarimages/en/cb6ab798baca942/Mercedes-Benz/GLC/2027/1200/486470-NE1BVElDIFNVVg/X6F8085/front45.png'},{url:'https://carimages.d2cmedia.ca/newcarimages/en/cb6ab798baca942/Mercedes-Benz/GLC/2027/1280/486470/X6f8085/front_45_degree.png'},{url:'https://carimages.d2cmedia.ca/newcarimages/en/cb6ab798baca942/Mercedes-Benz/GLC/2027/2100/486470/X6f8085/front_45_degree.png'},{url:'https://carimages.d2cmedia.ca/newcarimages/en/cb6ab798baca942/Mercedes-Benz/GLC/2027/2100/486470/X6f8085/profile.png'},{url:'https://carimages.d2cmedia.ca/newcarimages/en/cb6ab798baca942/Mercedes-Benz/GLC/2027/2100/486470/X6f8085/back_45_degree.png'},{url:'https://carimages.d2cmedia.ca/newcarimages/en/cb6ab798baca942/Mercedes-Benz/GLC/2027/2100/486470/X6f8085/driver_dashboard.png'},{url:'https://carimages.d2cmedia.ca/newcarimages/en/cb6ab798baca942/Mercedes-Benz/GLC/2027/2100/486470/X6f8085/full_dashboard.png'},{url:'https://carimages.d2cmedia.ca/newcarimages/en/cb6ab798baca942/Mercedes-Benz/GLC/2027/2100/486470/X6f8085/interior_driver_open_seat.png'},{url:'https://carimages.d2cmedia.ca/newcarimages/en/cb6ab798baca942/Mercedes-Benz/GLC/2027/2100/486470/X6f8085/interior_driver_stereo.png'},{url:'https://carimages.d2cmedia.ca/newcarimages/en/cb6ab798baca942/Mercedes-Benz/GLC/2027/2100/486470/X6f8085/interior_driver_reat_seats.png'}]",90,KM,https://www.mercedes-benz-maple.ca/new/inventory/2027-Mercedes_Benz-GLC_300-id14203057.html,2027 Mercedes-Benz GLC GLC 300 4MATIC SUV at Mercedes-Benz Maple,78711 CAD,New,Light green,Gray,4804,Mercedes-Benz Maple,+1-905-585-9300,"{addr1: '9300 Jane St', city: 'Maple', region: 'Ontario', postal_code: 'L6A 0C5', country: 'CA'}",43.8344170000,-79.5341990000,,,,,https://www.mercedes-benz-maple.ca/privacy-policy.html,New,4804,In stock,,78711 CAD,Free,
W1NKM4HB9VF653479,W1NKM4HB9VF653479,27658887-new,Mercedes-Benz,GLC,GLC 300 4MATIC SUV,2027,AUTOMATIC,SUV,GASOLINE,,"2027 Mercedes-Benz GLC GLC 300 4MATIC SUV, White exterior","[{url:'https://carimages.d2cmedia.ca/newcarimages/en/cb6ab798baca942/Mercedes-Benz/GLC/2027/1200/486470-NE1BVElDIFNVVg/XE9E9E9/front45.png'},{url:'https://carimages.d2cmedia.ca/newcarimages/en/cb6ab798baca942/Mercedes-Benz/GLC/2027/1280/486470/Xe9e9e9/front_45_degree.png'},{url:'https://carimages.d2cmedia.ca/newcarimages/en/cb6ab798baca942/Mercedes-Benz/GLC/2027/2100/486470/Xe9e9e9/front_45_degree.png'},{url:'https://carimages.d2cmedia.ca/newcarimages/en/cb6ab798baca942/Mercedes-Benz/GLC/2027/2100/486470/Xe9e9e9/profile.png'},{url:'https://carimages.d2cmedia.ca/newcarimages/en/cb6ab798baca942/Mercedes-Benz/GLC/2027/2100/486470/Xe9e9e9/back_45_degree.png'},{url:'https://carimages.d2cmedia.ca/newcarimages/en/cb6ab798baca942/Mercedes-Benz/GLC/2027/2100/486470/Xe9e9e9/driver_dashboard.png'},{url:'https://carimages.d2cmedia.ca/newcarimages/en/cb6ab798baca942/Mercedes-Benz/GLC/2027/2100/486470/Xe9e9e9/full_dashboard.png'},{url:'https://carimages.d2cmedia.ca/newcarimages/en/cb6ab798baca942/Mercedes-Benz/GLC/2027/2100/486470/Xe9e9e9/interior_driver_open_seat.png'},{url:'https://carimages.d2cmedia.ca/newcarimages/en/cb6ab798baca942/Mercedes-Benz/GLC/2027/2100/486470/Xe9e9e9/interior_driver_stereo.png'},{url:'https://carimages.d2cmedia.ca/newcarimages/en/cb6ab798baca942/Mercedes-Benz/GLC/2027/2100/486470/Xe9e9e9/interior_driver_reat_seats.png'}]",90,KM,https://www.mercedes-benz-maple.ca/new/inventory/2027-Mercedes_Benz-GLC_300-id14181639.html,2027 Mercedes-Benz GLC GLC 300 4MATIC SUV at Mercedes-Benz Maple,79011 CAD,New,White,Red,4804,Mercedes-Benz Maple,+1-905-585-9300,"{addr1: '9300 Jane St', city: 'Maple', region: 'Ontario', postal_code: 'L6A 0C5', country: 'CA'}",43.8344170000,-79.5341990000,,,,,https://www.mercedes-benz-maple.ca/privacy-policy.html,New,4804,In stock,,79011 CAD,Free,
W1NKJ4HB5VF665721,W1NKJ4HB5VF665721,27662439-new,Mercedes-Benz,GLC,GLC 300 4MATIC Coupe,2027,AUTOMATIC,COUPE,GASOLINE,,"2027 Mercedes-Benz GLC GLC 300 4MATIC Coupe, White exterior","[{url:'https://carimages.d2cmedia.ca/newcarimages/en/cb6ab798baca942/Mercedes-Benz/GLC/2027/1200/486762-NE1BVElDIENvdXBl/XE9E9E9/front45.png'},{url:'https://carimages.d2cmedia.ca/newcarimages/en/cb6ab798baca942/Mercedes-Benz/GLC/2027/1280/486762/Xe9e9e9/front_45_degree.png'},{url:'https://carimages.d2cmedia.ca/newcarimages/en/cb6ab798baca942/Mercedes-Benz/GLC/2027/2100/486762/Xe9e9e9/front_45_degree.png'},{url:'https://carimages.d2cmedia.ca/newcarimages/en/cb6ab798baca942/Mercedes-Benz/GLC/2027/2100/486762/Xe9e9e9/profile.png'},{url:'https://carimages.d2cmedia.ca/newcarimages/en/cb6ab798baca942/Mercedes-Benz/GLC/2027/2100/486762/Xe9e9e9/full_dashboard.png'}]",90,KM,https://www.mercedes-benz-maple.ca/new/inventory/2027-Mercedes_Benz-GLC_300-id14276954.html,2027 Mercedes-Benz GLC GLC 300 4MATIC Coupe at Mercedes-Benz Maple,79011 CAD,New,White,Black,4804,Mercedes-Benz Maple,+1-905-585-9300,"{addr1: '9300 Jane St', city: 'Maple', region: 'Ontario', postal_code: 'L6A 0C5', country: 'CA'}",43.8344170000,-79.5341990000,,,,,https://www.mercedes-benz-maple.ca/privacy-policy.html,New,4804,In stock,,79011 CAD,Free,
W1NKM4HB6TF486933,W1NKM4HB6TF486933,26514655-new,Mercedes-Benz,GLC,GLC 300 4MATIC SUV,2026,AUTOMATIC,SUV,GASOLINE,,"2026 Mercedes-Benz GLC GLC 300 4MATIC SUV, Silver exterior","[{url:'https://imagescdn.d2cmedia.ca/cb6ab798baca942/4804/12917899/1/Mercedes_Benz-GLC-2026.jpg'},{url:'https://imagescdn.d2cmedia.ca/s86ab798baca942/4804/12917899/1/Mercedes_Benz-GLC_300-2026.jpg'},{url:'https://imagescdn.d2cmedia.ca/cb6ab798baca942/4804/12917899/1/Mercedes_Benz-GLC_300-2026.jpg'},{url:'https://imagescdn.d2cmedia.ca/cb6ab798baca942/4804/12917899/2/Mercedes_Benz-GLC_300-2026.jpg'},{url:'https://imagescdn.d2cmedia.ca/cb6ab798baca942/4804/12917899/3/Mercedes_Benz-GLC_300-2026.jpg'},{url:'https://imagescdn.d2cmedia.ca/cb6ab798baca942/4804/12917899/4/Mercedes_Benz-GLC_300-2026.jpg'},{url:'https://imagescdn.d2cmedia.ca/cb6ab798baca942/4804/12917899/5/Mercedes_Benz-GLC_300-2026.jpg'},{url:'https://imagescdn.d2cmedia.ca/cb6ab798baca942/4804/12917899/6/Mercedes_Benz-GLC_300-2026.jpg'},{url:'https://imagescdn.d2cmedia.ca/cb6ab798baca942/4804/12917899/7/Mercedes_Benz-GLC_300-2026.jpg'},{url:'https://imagescdn.d2cmedia.ca/cb6ab798baca942/4804/12917899/8/Mercedes_Benz-GLC_300-2026.jpg'}]",90,KM,https://www.mercedes-benz-maple.ca/new/inventory/2026-Mercedes_Benz-GLC_300-id12917899.html,2026 Mercedes-Benz GLC GLC 300 4MATIC SUV at Mercedes-Benz Maple,77460 CAD,New,Silver,Black,4804,Mercedes-Benz Maple,+1-905-585-9300,"{addr1: '9300 Jane St', city: 'Maple', region: 'Ontario', postal_code: 'L6A 0C5', country: 'CA'}",43.8344170000,-79.5341990000,,,,,https://www.mercedes-benz-maple.ca/privacy-policy.html,New,4804,In stock,,77460 CAD,Free,
W1NKM4HB2TF618103,W1NKM4HB2TF618103,26655250-new,Mercedes-Benz,GLC,GLC 300 4MATIC SUV,2026,AUTOMATIC,SUV,GASOLINE,,"2026 Mercedes-Benz GLC GLC 300 4MATIC SUV, Silver exterior","[{url:'https://carimages.d2cmedia.ca/newcarimages/en/cb6ab798baca942/Mercedes-Benz/GLC/2026/1200/475038-NE1BVElDIFNVVg/XC1C7CC/front45.png'},{url:'https://carimages.d2cmedia.ca/newcarimages/en/cb6ab798baca942/Mercedes-Benz/GLC/2026/1280/475038/Xc1c7cc/front_45_degree.png'},{url:'https://carimages.d2cmedia.ca/newcarimages/en/cb6ab798baca942/Mercedes-Benz/GLC/2026/2100/475038/Xc1c7cc/front_45_degree.png'},{url:'https://carimages.d2cmedia.ca/newcarimages/en/cb6ab798baca942/Mercedes-Benz/GLC/2026/2100/475038/Xc1c7cc/profile.png'},{url:'https://carimages.d2cmedia.ca/newcarimages/en/cb6ab798baca942/Mercedes-Benz/GLC/2026/2100/475038/Xc1c7cc/back_45_degree.png'},{url:'https://carimages.d2cmedia.ca/newcarimages/en/cb6ab798baca942/Mercedes-Benz/GLC/2026/2100/475038/Xc1c7cc/driver_dashboard.png'},{url:'https://carimages.d2cmedia.ca/newcarimages/en/cb6ab798baca942/Mercedes-Benz/GLC/2026/2100/475038/Xc1c7cc/full_dashboard.png'},{url:'https://carimages.d2cmedia.ca/newcarimages/en/cb6ab798baca942/Mercedes-Benz/GLC/2026/2100/475038/Xc1c7cc/interior_driver_open_seat.png'},{url:'https://carimages.d2cmedia.ca/newcarimages/en/cb6ab798baca942/Mercedes-Benz/GLC/2026/2100/475038/Xc1c7cc/interior_driver_stereo.png'},{url:'https://carimages.d2cmedia.ca/newcarimages/en/cb6ab798baca942/Mercedes-Benz/GLC/2026/2100/475038/Xc1c7cc/interior_driver_reat_seats.png'}]",90,KM,https://www.mercedes-benz-maple.ca/new/inventory/2026-Mercedes_Benz-GLC_300-id13901841.html,2026 Mercedes-Benz GLC GLC 300 4MATIC SUV at Mercedes-Benz Maple,77460 CAD,New,Silver,Black,4804,Mercedes-Benz Maple,+1-905-585-9300,"{addr1: '9300 Jane St', city: 'Maple', region: 'Ontario', postal_code: 'L6A 0C5', country: 'CA'}",43.8344170000,-79.5341990000,,,,,https://www.mercedes-benz-maple.ca/privacy-policy.html,New,4804,In stock,,77460 CAD,Free,
W1NKM4HB1TF530319,W1NKM4HB1TF530319,26523103-new,Mercedes-Benz,GLC,GLC 300 4MATIC SUV,2026,AUTOMATIC,SUV,GASOLINE,,"2026 Mercedes-Benz GLC GLC 300 4MATIC SUV, Silver exterior","[{url:'https://carimages.d2cmedia.ca/newcarimages/en/cb6ab798baca942/Mercedes-Benz/GLC/2026/1200/475038-NE1BVElDIFNVVg/XC1C7CC/front45.png'},{url:'https://carimages.d2cmedia.ca/newcarimages/en/cb6ab798baca942/Mercedes-Benz/GLC/2026/1280/475038/Xc1c7cc/front_45_degree.png'},{url:'https://carimages.d2cmedia.ca/newcarimages/en/cb6ab798baca942/Mercedes-Benz/GLC/2026/2100/475038/Xc1c7cc/front_45_degree.png'},{url:'https://carimages.d2cmedia.ca/newcarimages/en/cb6ab798baca942/Mercedes-Benz/GLC/2026/2100/475038/Xc1c7cc/profile.png'},{url:'https://carimages.d2cmedia.ca/newcarimages/en/cb6ab798baca942/Mercedes-Benz/GLC/2026/2100/475038/Xc1c7cc/back_45_degree.png'},{url:'https://carimages.d2cmedia.ca/newcarimages/en/cb6ab798baca942/Mercedes-Benz/GLC/2026/2100/475038/Xc1c7cc/driver_dashboard.png'},{url:'https://carimages.d2cmedia.ca/newcarimages/en/cb6ab798baca942/Mercedes-Benz/GLC/2026/2100/475038/Xc1c7cc/full_dashboard.png'},{url:'https://carimages.d2cmedia.ca/newcarimages/en/cb6ab798baca942/Mercedes-Benz/GLC/2026/2100/475038/Xc1c7cc/interior_driver_open_seat.png'},{url:'https://carimages.d2cmedia.ca/newcarimages/en/cb6ab798baca942/Mercedes-Benz/GLC/2026/2100/475038/Xc1c7cc/interior_driver_stereo.png'},{url:'https://carimages.d2cmedia.ca/newcarimages/en/cb6ab798baca942/Mercedes-Benz/GLC/2026/2100/475038/Xc1c7cc/interior_driver_reat_seats.png'}]",90,KM,https://www.mercedes-benz-maple.ca/new/inventory/2026-Mercedes_Benz-GLC_300-id14144387.html,2026 Mercedes-Benz GLC GLC 300 4MATIC SUV at Mercedes-Benz Maple,77460 CAD,New,Silver,Black,4804,Mercedes-Benz Maple,+1-905-585-9300,"{addr1: '9300 Jane St', city: 'Maple', region: 'Ontario', postal_code: 'L6A 0C5', country: 'CA'}",43.8344170000,-79.5341990000,,,,,https://www.mercedes-benz-maple.ca/privacy-policy.html,New,4804,In stock,,77460 CAD,Free,
W1NKM4HBXTF617457,W1NKM4HBXTF617457,26655240-new,Mercedes-Benz,GLC,GLC 300 4MATIC SUV,2026,AUTOMATIC,SUV,GASOLINE,,"2026 Mercedes-Benz GLC GLC 300 4MATIC SUV, Blue exterior","[{url:'https://carimages.d2cmedia.ca/newcarimages/en/cb6ab798baca942/Mercedes-Benz/GLC/2026/1200/475038-NE1BVElDIFNVVg/blue/front45.png'},{url:'https://carimages.d2cmedia.ca/newcarimages/en/cb6ab798baca942/Mercedes-Benz/GLC/2026/1280/475038/blue/front_45_degree.png'},{url:'https://carimages.d2cmedia.ca/newcarimages/en/cb6ab798baca942/Mercedes-Benz/GLC/2026/2100/475038/blue/front_45_degree.png'},{url:'https://carimages.d2cmedia.ca/newcarimages/en/cb6ab798baca942/Mercedes-Benz/GLC/2026/2100/475038/blue/profile.png'},{url:'https://carimages.d2cmedia.ca/newcarimages/en/cb6ab798baca942/Mercedes-Benz/GLC/2026/2100/475038/blue/back_45_degree.png'},{url:'https://carimages.d2cmedia.ca/newcarimages/en/cb6ab798baca942/Mercedes-Benz/GLC/2026/2100/475038/blue/driver_dashboard.png'},{url:'https://carimages.d2cmedia.ca/newcarimages/en/cb6ab798baca942/Mercedes-Benz/GLC/2026/2100/475038/blue/full_dashboard.png'},{url:'https://carimages.d2cmedia.ca/newcarimages/en/cb6ab798baca942/Mercedes-Benz/GLC/2026/2100/475038/blue/interior_driver_open_seat.png'},{url:'https://carimages.d2cmedia.ca/newcarimages/en/cb6ab798baca942/Mercedes-Benz/GLC/2026/2100/475038/blue/interior_driver_stereo.png'},{url:'https://carimages.d2cmedia.ca/newcarimages/en/cb6ab798baca942/Mercedes-Benz/GLC/2026/2100/475038/blue/interior_driver_reat_seats.png'}]",90,KM,https://www.mercedes-benz-maple.ca/new/inventory/2026-Mercedes_Benz-GLC_300-id14284799.html,2026 Mercedes-Benz GLC GLC 300 4MATIC SUV at Mercedes-Benz Maple,77460 CAD,New,Blue,Gray,4804,Mercedes-Benz Maple,+1-905-585-9300,"{addr1: '9300 Jane St', city: 'Maple', region: 'Ontario', postal_code: 'L6A 0C5', country: 'CA'}",43.8344170000,-79.5341990000,,,,,https://www.mercedes-benz-maple.ca/privacy-policy.html,New,4804,In stock,,77460 CAD,Free,
W1NKJ4HB7TF642471,W1NKJ4HB7TF642471,26658355-new,Mercedes-Benz,GLC,GLC 300 4MATIC Coupe,2026,AUTOMATIC,COUPE,GASOLINE,,"2026 Mercedes-Benz GLC GLC 300 4MATIC Coupe, White exterior","[{url:'https://carimages.d2cmedia.ca/newcarimages/en/cb6ab798baca942/Mercedes-Benz/GLC/2026/1200/475091-NE1BVElDIENvdXBl/XE9E9E9/front45.png'},{url:'https://carimages.d2cmedia.ca/newcarimages/en/cb6ab798baca942/Mercedes-Benz/GLC/2026/1280/475091/Xe9e9e9/front_45_degree.png'},{url:'https://carimages.d2cmedia.ca/newcarimages/en/cb6ab798baca942/Mercedes-Benz/GLC/2026/2100/475091/Xe9e9e9/front_45_degree.png'},{url:'https://carimages.d2cmedia.ca/newcarimages/en/cb6ab798baca942/Mercedes-Benz/GLC/2026/2100/475091/Xe9e9e9/profile.png'},{url:'https://carimages.d2cmedia.ca/newcarimages/en/cb6ab798baca942/Mercedes-Benz/GLC/2026/2100/475091/Xe9e9e9/back_45_degree.png'},{url:'https://carimages.d2cmedia.ca/newcarimages/en/cb6ab798baca942/Mercedes-Benz/GLC/2026/2100/475091/Xe9e9e9/driver_dashboard.png'},{url:'https://carimages.d2cmedia.ca/newcarimages/en/cb6ab798baca942/Mercedes-Benz/GLC/2026/2100/475091/Xe9e9e9/full_dashboard.png'},{url:'https://carimages.d2cmedia.ca/newcarimages/en/cb6ab798baca942/Mercedes-Benz/GLC/2026/2100/475091/Xe9e9e9/interior_driver_open_seat.png'},{url:'https://carimages.d2cmedia.ca/newcarimages/en/cb6ab798baca942/Mercedes-Benz/GLC/2026/2100/475091/Xe9e9e9/interior_driver_stereo.png'},{url:'https://carimages.d2cmedia.ca/newcarimages/en/cb6ab798baca942/Mercedes-Benz/GLC/2026/2100/475091/Xe9e9e9/interior_driver_reat_seats.png'}]",90,KM,https://www.mercedes-benz-maple.ca/new/inventory/2026-Mercedes_Benz-GLC_300-id14031910.html,2026 Mercedes-Benz GLC GLC 300 4MATIC Coupe at Mercedes-Benz Maple,78211 CAD,New,White,Black,4804,Mercedes-Benz Maple,+1-905-585-9300,"{addr1: '9300 Jane St', city: 'Maple', region: 'Ontario', postal_code: 'L6A 0C5', country: 'CA'}",43.8344170000,-79.5341990000,,,,,https://www.mercedes-benz-maple.ca/privacy-policy.html,New,4804,In stock,,78211 CAD,Free,
W1NKM4HB6TF528811,W1NKM4HB6TF528811,26522921-new,Mercedes-Benz,GLC,GLC 300 4MATIC SUV,2026,AUTOMATIC,SUV,GASOLINE,,"2026 Mercedes-Benz GLC GLC 300 4MATIC SUV, White exterior","[{url:'https://imagescdn.d2cmedia.ca/cb6ab798baca942/4804/13241360/1/Mercedes_Benz-GLC-2026.jpg'},{url:'https://imagescdn.d2cmedia.ca/s86ab798baca942/4804/13241360/1/Mercedes_Benz-GLC_300-2026.jpg'},{url:'https://imagescdn.d2cmedia.ca/cb6ab798baca942/4804/13241360/1/Mercedes_Benz-GLC_300-2026.jpg'},{url:'https://imagescdn.d2cmedia.ca/cb6ab798baca942/4804/13241360/2/Mercedes_Benz-GLC_300-2026.jpg'},{url:'https://imagescdn.d2cmedia.ca/cb6ab798baca942/4804/13241360/3/Mercedes_Benz-GLC_300-2026.jpg'},{url:'https://imagescdn.d2cmedia.ca/cb6ab798baca942/4804/13241360/4/Mercedes_Benz-GLC_300-2026.jpg'},{url:'https://imagescdn.d2cmedia.ca/cb6ab798baca942/4804/13241360/5/Mercedes_Benz-GLC_300-2026.jpg'},{url:'https://imagescdn.d2cmedia.ca/cb6ab798baca942/4804/13241360/6/Mercedes_Benz-GLC_300-2026.jpg'},{url:'https://imagescdn.d2cmedia.ca/cb6ab798baca942/4804/13241360/7/Mercedes_Benz-GLC_300-2026.jpg'},{url:'https://imagescdn.d2cmedia.ca/cb6ab798baca942/4804/13241360/8/Mercedes_Benz-GLC_300-2026.jpg'}]",90,KM,https://www.mercedes-benz-maple.ca/new/inventory/2026-Mercedes_Benz-GLC_300-id13241360.html,2026 Mercedes-Benz GLC GLC 300 4MATIC SUV at Mercedes-Benz Maple,78960 CAD,New,White,Black,4804,Mercedes-Benz Maple,+1-905-585-9300,"{addr1: '9300 Jane St', city: 'Maple', region: 'Ontario', postal_code: 'L6A 0C5', country: 'CA'}",43.8344170000,-79.5341990000,,,,,https://www.mercedes-benz-maple.ca/privacy-policy.html,New,4804,In stock,,78960 CAD,Free,
W1NKM4HB9TF633925,W1NKM4HB9TF633925,26655225-new,Mercedes-Benz,GLC,GLC 300 4MATIC SUV,2026,AUTOMATIC,SUV,GASOLINE,,"2026 Mercedes-Benz GLC GLC 300 4MATIC SUV, White exterior","[{url:'https://carimages.d2cmedia.ca/newcarimages/en/cb6ab798baca942/Mercedes-Benz/GLC/2026/1200/475038-NE1BVElDIFNVVg/XE9E9E9/front45.png'},{url:'https://carimages.d2cmedia.ca/newcarimages/en/cb6ab798baca942/Mercedes-Benz/GLC/2026/1280/475038/Xe9e9e9/front_45_degree.png'},{url:'https://carimages.d2cmedia.ca/newcarimages/en/cb6ab798baca942/Mercedes-Benz/GLC/2026/2100/475038/Xe9e9e9/front_45_degree.png'},{url:'https://carimages.d2cmedia.ca/newcarimages/en/cb6ab798baca942/Mercedes-Benz/GLC/2026/2100/475038/Xe9e9e9/profile.png'},{url:'https://carimages.d2cmedia.ca/newcarimages/en/cb6ab798baca942/Mercedes-Benz/GLC/2026/2100/475038/Xe9e9e9/back_45_degree.png'},{url:'https://carimages.d2cmedia.ca/newcarimages/en/cb6ab798baca942/Mercedes-Benz/GLC/2026/2100/475038/Xe9e9e9/driver_dashboard.png'},{url:'https://carimages.d2cmedia.ca/newcarimages/en/cb6ab798baca942/Mercedes-Benz/GLC/2026/2100/475038/Xe9e9e9/full_dashboard.png'},{url:'https://carimages.d2cmedia.ca/newcarimages/en/cb6ab798baca942/Mercedes-Benz/GLC/2026/2100/475038/Xe9e9e9/interior_driver_open_seat.png'},{url:'https://carimages.d2cmedia.ca/newcarimages/en/cb6ab798baca942/Mercedes-Benz/GLC/2026/2100/475038/Xe9e9e9/interior_driver_stereo.png'},{url:'https://carimages.d2cmedia.ca/newcarimages/en/cb6ab798baca942/Mercedes-Benz/GLC/2026/2100/475038/Xe9e9e9/interior_driver_reat_seats.png'}]",90,KM,https://www.mercedes-benz-maple.ca/new/inventory/2026-Mercedes_Benz-GLC_300-id14016681.html,2026 Mercedes-Benz GLC GLC 300 4MATIC SUV at Mercedes-Benz Maple,78960 CAD,New,White,Gray,4804,Mercedes-Benz Maple,+1-905-585-9300,"{addr1: '9300 Jane St', city: 'Maple', region: 'Ontario', postal_code: 'L6A 0C5', country: 'CA'}",43.8344170000,-79.5341990000,,,,,https://www.mercedes-benz-maple.ca/privacy-policy.html,New,4804,In stock,,78960 CAD,Free,
W1NKM4HB0TF634042,W1NKM4HB0TF634042,26655227-new,Mercedes-Benz,GLC,GLC 300 4MATIC SUV,2026,AUTOMATIC,SUV,GASOLINE,,"2026 Mercedes-Benz GLC GLC 300 4MATIC SUV, White exterior","[{url:'https://carimages.d2cmedia.ca/newcarimages/en/cb6ab798baca942/Mercedes-Benz/GLC/2026/1200/475038-NE1BVElDIFNVVg/XE9E9E9/front45.png'},{url:'https://carimages.d2cmedia.ca/newcarimages/en/cb6ab798baca942/Mercedes-Benz/GLC/2026/1280/475038/Xe9e9e9/front_45_degree.png'},{url:'https://carimages.d2cmedia.ca/newcarimages/en/cb6ab798baca942/Mercedes-Benz/GLC/2026/2100/475038/Xe9e9e9/front_45_degree.png'},{url:'https://carimages.d2cmedia.ca/newcarimages/en/cb6ab798baca942/Mercedes-Benz/GLC/2026/2100/475038/Xe9e9e9/profile.png'},{url:'https://carimages.d2cmedia.ca/newcarimages/en/cb6ab798baca942/Mercedes-Benz/GLC/2026/2100/475038/Xe9e9e9/back_45_degree.png'},{url:'https://carimages.d2cmedia.ca/newcarimages/en/cb6ab798baca942/Mercedes-Benz/GLC/2026/2100/475038/Xe9e9e9/driver_dashboard.png'},{url:'https://carimages.d2cmedia.ca/newcarimages/en/cb6ab798baca942/Mercedes-Benz/GLC/2026/2100/475038/Xe9e9e9/full_dashboard.png'},{url:'https://carimages.d2cmedia.ca/newcarimages/en/cb6ab798baca942/Mercedes-Benz/GLC/2026/2100/475038/Xe9e9e9/interior_driver_open_seat.png'},{url:'https://carimages.d2cmedia.ca/newcarimages/en/cb6ab798baca942/Mercedes-Benz/GLC/2026/2100/475038/Xe9e9e9/interior_driver_stereo.png'},{url:'https://carimages.d2cmedia.ca/newcarimages/en/cb6ab798baca942/Mercedes-Benz/GLC/2026/2100/475038/Xe9e9e9/interior_driver_reat_seats.png'}]",90,KM,https://www.mercedes-benz-maple.ca/new/inventory/2026-Mercedes_Benz-GLC_300-id14016682.html,2026 Mercedes-Benz GLC GLC 300 4MATIC SUV at Mercedes-Benz Maple,78960 CAD,New,White,Black,4804,Mercedes-Benz Maple,+1-905-585-9300,"{addr1: '9300 Jane St', city: 'Maple', region: 'Ontario', postal_code: 'L6A 0C5', country: 'CA'}",43.8344170000,-79.5341990000,,,,,https://www.mercedes-benz-maple.ca/privacy-policy.html,New,4804,In stock,,78960 CAD,Free,
W1NKM4HB8TF634886,W1NKM4HB8TF634886,26655238-new,Mercedes-Benz,GLC,GLC 300 4MATIC SUV,2026,AUTOMATIC,SUV,GASOLINE,,"2026 Mercedes-Benz GLC GLC 300 4MATIC SUV, White exterior","[{url:'https://carimages.d2cmedia.ca/newcarimages/en/cb6ab798baca942/Mercedes-Benz/GLC/2026/1200/475038-NE1BVElDIFNVVg/XE9E9E9/front45.png'},{url:'https://carimages.d2cmedia.ca/newcarimages/en/cb6ab798baca942/Mercedes-Benz/GLC/2026/1280/475038/Xe9e9e9/front_45_degree.png'},{url:'https://carimages.d2cmedia.ca/newcarimages/en/cb6ab798baca942/Mercedes-Benz/GLC/2026/2100/475038/Xe9e9e9/front_45_degree.png'},{url:'https://carimages.d2cmedia.ca/newcarimages/en/cb6ab798baca942/Mercedes-Benz/GLC/2026/2100/475038/Xe9e9e9/profile.png'},{url:'https://carimages.d2cmedia.ca/newcarimages/en/cb6ab798baca942/Mercedes-Benz/GLC/2026/2100/475038/Xe9e9e9/back_45_degree.png'},{url:'https://carimages.d2cmedia.ca/newcarimages/en/cb6ab798baca942/Mercedes-Benz/GLC/2026/2100/475038/Xe9e9e9/driver_dashboard.png'},{url:'https://carimages.d2cmedia.ca/newcarimages/en/cb6ab798baca942/Mercedes-Benz/GLC/2026/2100/475038/Xe9e9e9/full_dashboard.png'},{url:'https://carimages.d2cmedia.ca/newcarimages/en/cb6ab798baca942/Mercedes-Benz/GLC/2026/2100/475038/Xe9e9e9/interior_driver_open_seat.png'},{url:'https://carimages.d2cmedia.ca/newcarimages/en/cb6ab798baca942/Mercedes-Benz/GLC/2026/2100/475038/Xe9e9e9/interior_driver_stereo.png'},{url:'https://carimages.d2cmedia.ca/newcarimages/en/cb6ab798baca942/Mercedes-Benz/GLC/2026/2100/475038/Xe9e9e9/interior_driver_reat_seats.png'}]",90,KM,https://www.mercedes-benz-maple.ca/new/inventory/2026-Mercedes_Benz-GLC_300-id14076313.html,2026 Mercedes-Benz GLC GLC 300 4MATIC SUV at Mercedes-Benz Maple,78960 CAD,New,White,Gray,4804,Mercedes-Benz Maple,+1-905-585-9300,"{addr1: '9300 Jane St', city: 'Maple', region: 'Ontario', postal_code: 'L6A 0C5', country: 'CA'}",43.8344170000,-79.5341990000,,,,,https://www.mercedes-benz-maple.ca/privacy-policy.html,New,4804,In stock,,78960 CAD,Free,
W1NKJ4HB7TF643636,W1NKJ4HB7TF643636,26658293-new,Mercedes-Benz,GLC,GLC 300 4MATIC Coupe,2026,AUTOMATIC,COUPE,GASOLINE,,"2026 Mercedes-Benz GLC GLC 300 4MATIC Coupe, Grey exterior","[{url:'https://carimages.d2cmedia.ca/newcarimages/en/cb6ab798baca942/Mercedes-Benz/GLC/2026/1200/475091-NE1BVElDIENvdXBl/X3C3C3C/front45.png'},{url:'https://carimages.d2cmedia.ca/newcarimages/en/cb6ab798baca942/Mercedes-Benz/GLC/2026/1280/475091/X3c3c3c/front_45_degree.png'},{url:'https://carimages.d2cmedia.ca/newcarimages/en/cb6ab798baca942/Mercedes-Benz/GLC/2026/2100/475091/X3c3c3c/front_45_degree.png'},{url:'https://carimages.d2cmedia.ca/newcarimages/en/cb6ab798baca942/Mercedes-Benz/GLC/2026/2100/475091/X3c3c3c/profile.png'},{url:'https://carimages.d2cmedia.ca/newcarimages/en/cb6ab798baca942/Mercedes-Benz/GLC/2026/2100/475091/X3c3c3c/back_45_degree.png'},{url:'https://carimages.d2cmedia.ca/newcarimages/en/cb6ab798baca942/Mercedes-Benz/GLC/2026/2100/475091/X3c3c3c/driver_dashboard.png'},{url:'https://carimages.d2cmedia.ca/newcarimages/en/cb6ab798baca942/Mercedes-Benz/GLC/2026/2100/475091/X3c3c3c/full_dashboard.png'},{url:'https://carimages.d2cmedia.ca/newcarimages/en/cb6ab798baca942/Mercedes-Benz/GLC/2026/2100/475091/X3c3c3c/interior_driver_open_seat.png'},{url:'https://carimages.d2cmedia.ca/newcarimages/en/cb6ab798baca942/Mercedes-Benz/GLC/2026/2100/475091/X3c3c3c/interior_driver_stereo.png'},{url:'https://carimages.d2cmedia.ca/newcarimages/en/cb6ab798baca942/Mercedes-Benz/GLC/2026/2100/475091/X3c3c3c/interior_driver_reat_seats.png'}]",90,KM,https://www.mercedes-benz-maple.ca/new/inventory/2026-Mercedes_Benz-GLC_300-id14082011.html,2026 Mercedes-Benz GLC GLC 300 4MATIC Coupe at Mercedes-Benz Maple,79311 CAD,New,Grey,Red,4804,Mercedes-Benz Maple,+1-905-585-9300,"{addr1: '9300 Jane St', city: 'Maple', region: 'Ontario', postal_code: 'L6A 0C5', country: 'CA'}",43.8344170000,-79.5341990000,,,,,https://www.mercedes-benz-maple.ca/privacy-policy.html,New,4804,In stock,,79311 CAD,Free,
W1NKM4HB0TF603650,W1NKM4HB0TF603650,26648994-new,Mercedes-Benz,GLC,GLC 300 4MATIC SUV,2026,AUTOMATIC,SUV,GASOLINE,,"2026 Mercedes-Benz GLC GLC 300 4MATIC SUV, White exterior","[{url:'https://carimages.d2cmedia.ca/newcarimages/en/cb6ab798baca942/Mercedes-Benz/GLC/2026/1200/475038-NE1BVElDIFNVVg/XE9E9E9/front45.png'},{url:'https://carimages.d2cmedia.ca/newcarimages/en/cb6ab798baca942/Mercedes-Benz/GLC/2026/1280/475038/Xe9e9e9/front_45_degree.png'},{url:'https://carimages.d2cmedia.ca/newcarimages/en/cb6ab798baca942/Mercedes-Benz/GLC/2026/2100/475038/Xe9e9e9/front_45_degree.png'},{url:'https://carimages.d2cmedia.ca/newcarimages/en/cb6ab798baca942/Mercedes-Benz/GLC/2026/2100/475038/Xe9e9e9/profile.png'},{url:'https://carimages.d2cmedia.ca/newcarimages/en/cb6ab798baca942/Mercedes-Benz/GLC/2026/2100/475038/Xe9e9e9/back_45_degree.png'},{url:'https://carimages.d2cmedia.ca/newcarimages/en/cb6ab798baca942/Mercedes-Benz/GLC/2026/2100/475038/Xe9e9e9/driver_dashboard.png'},{url:'https://carimages.d2cmedia.ca/newcarimages/en/cb6ab798baca942/Mercedes-Benz/GLC/2026/2100/475038/Xe9e9e9/full_dashboard.png'},{url:'https://carimages.d2cmedia.ca/newcarimages/en/cb6ab798baca942/Mercedes-Benz/GLC/2026/2100/475038/Xe9e9e9/interior_driver_open_seat.png'},{url:'https://carimages.d2cmedia.ca/newcarimages/en/cb6ab798baca942/Mercedes-Benz/GLC/2026/2100/475038/Xe9e9e9/interior_driver_stereo.png'},{url:'https://carimages.d2cmedia.ca/newcarimages/en/cb6ab798baca942/Mercedes-Benz/GLC/2026/2100/475038/Xe9e9e9/interior_driver_reat_seats.png'}]",90,KM,https://www.mercedes-benz-maple.ca/new/inventory/2026-Mercedes_Benz-GLC_300-id13773519.html,2026 Mercedes-Benz GLC GLC 300 4MATIC SUV at Mercedes-Benz Maple,79460 CAD,New,White,Black,4804,Mercedes-Benz Maple,+1-905-585-9300,"{addr1: '9300 Jane St', city: 'Maple', region: 'Ontario', postal_code: 'L6A 0C5', country: 'CA'}",43.8344170000,-79.5341990000,,,,,https://www.mercedes-benz-maple.ca/privacy-policy.html,New,4804,In stock,,79460 CAD,Free,
W1NKJ4HBXTF635546,W1NKJ4HBXTF635546,26656288-new,Mercedes-Benz,GLC,GLC 300 4MATIC Coupe,2026,AUTOMATIC,COUPE,GASOLINE,,"2026 Mercedes-Benz GLC GLC 300 4MATIC Coupe, Black exterior","[{url:'https://carimages.d2cmedia.ca/newcarimages/en/cb6ab798baca942/Mercedes-Benz/GLC/2026/1200/475091-NE1BVElDIENvdXBl/black/front45.png'},{url:'https://carimages.d2cmedia.ca/newcarimages/en/cb6ab798baca942/Mercedes-Benz/GLC/2026/1280/475091/black/front_45_degree.png'},{url:'https://carimages.d2cmedia.ca/newcarimages/en/cb6ab798baca942/Mercedes-Benz/GLC/2026/2100/475091/black/front_45_degree.png'},{url:'https://carimages.d2cmedia.ca/newcarimages/en/cb6ab798baca942/Mercedes-Benz/GLC/2026/2100/475091/black/profile.png'},{url:'https://carimages.d2cmedia.ca/newcarimages/en/cb6ab798baca942/Mercedes-Benz/GLC/2026/2100/475091/black/back_45_degree.png'},{url:'https://carimages.d2cmedia.ca/newcarimages/en/cb6ab798baca942/Mercedes-Benz/GLC/2026/2100/475091/black/driver_dashboard.png'},{url:'https://carimages.d2cmedia.ca/newcarimages/en/cb6ab798baca942/Mercedes-Benz/GLC/2026/2100/475091/black/full_dashboard.png'},{url:'https://carimages.d2cmedia.ca/newcarimages/en/cb6ab798baca942/Mercedes-Benz/GLC/2026/2100/475091/black/interior_driver_open_seat.png'},{url:'https://carimages.d2cmedia.ca/newcarimages/en/cb6ab798baca942/Mercedes-Benz/GLC/2026/2100/475091/black/interior_driver_stereo.png'},{url:'https://carimages.d2cmedia.ca/newcarimages/en/cb6ab798baca942/Mercedes-Benz/GLC/2026/2100/475091/black/interior_driver_reat_seats.png'}]",90,KM,https://www.mercedes-benz-maple.ca/new/inventory/2026-Mercedes_Benz-GLC_300-id14203062.html,2026 Mercedes-Benz GLC GLC 300 4MATIC Coupe at Mercedes-Benz Maple,79911 CAD,New,Black,Red,4804,Mercedes-Benz Maple,+1-905-585-9300,"{addr1: '9300 Jane St', city: 'Maple', region: 'Ontario', postal_code: 'L6A 0C5', country: 'CA'}",43.8344170000,-79.5341990000,,,,,https://www.mercedes-benz-maple.ca/privacy-policy.html,New,4804,In stock,,79911 CAD,Free,
W1NKJ4HBXTF520140,W1NKJ4HBXTF520140,26522340-new,Mercedes-Benz,GLC,GLC 300 4MATIC Coupe,2026,AUTOMATIC,COUPE,GASOLINE,,"2026 Mercedes-Benz GLC GLC 300 4MATIC Coupe, White exterior","[{url:'https://imagescdn.d2cmedia.ca/cb6ab798baca942/4804/13325800/1/Mercedes_Benz-GLC-2026.jpg'},{url:'https://imagescdn.d2cmedia.ca/s86ab798baca942/4804/13325800/1/Mercedes_Benz-GLC_300-2026.jpg'},{url:'https://imagescdn.d2cmedia.ca/cb6ab798baca942/4804/13325800/1/Mercedes_Benz-GLC_300-2026.jpg'},{url:'https://imagescdn.d2cmedia.ca/cb6ab798baca942/4804/13325800/2/Mercedes_Benz-GLC_300-2026.jpg'},{url:'https://imagescdn.d2cmedia.ca/cb6ab798baca942/4804/13325800/3/Mercedes_Benz-GLC_300-2026.jpg'},{url:'https://imagescdn.d2cmedia.ca/cb6ab798baca942/4804/13325800/4/Mercedes_Benz-GLC_300-2026.jpg'},{url:'https://imagescdn.d2cmedia.ca/cb6ab798baca942/4804/13325800/5/Mercedes_Benz-GLC_300-2026.jpg'},{url:'https://imagescdn.d2cmedia.ca/cb6ab798baca942/4804/13325800/6/Mercedes_Benz-GLC_300-2026.jpg'},{url:'https://imagescdn.d2cmedia.ca/cb6ab798baca942/4804/13325800/7/Mercedes_Benz-GLC_300-2026.jpg'},{url:'https://imagescdn.d2cmedia.ca/cb6ab798baca942/4804/13325800/8/Mercedes_Benz-GLC_300-2026.jpg'}]",90,KM,https://www.mercedes-benz-maple.ca/new/inventory/2026-Mercedes_Benz-GLC_300-id13325800.html,2026 Mercedes-Benz GLC GLC 300 4MATIC Coupe at Mercedes-Benz Maple,80011 CAD,New,White,Black,4804,Mercedes-Benz Maple,+1-905-585-9300,"{addr1: '9300 Jane St', city: 'Maple', region: 'Ontario', postal_code: 'L6A 0C5', country: 'CA'}",43.8344170000,-79.5341990000,,,,,https://www.mercedes-benz-maple.ca/privacy-policy.html,New,4804,In stock,,80011 CAD,Free,
W1NKM4HB6TF609257,W1NKM4HB6TF609257,26651851-new,Mercedes-Benz,GLC,GLC 300 4MATIC SUV,2026,AUTOMATIC,SUV,GASOLINE,,"2026 Mercedes-Benz GLC GLC 300 4MATIC SUV, Grey exterior","[{url:'https://carimages.d2cmedia.ca/newcarimages/en/cb6ab798baca942/Mercedes-Benz/GLC/2026/1200/475038-NE1BVElDIFNVVg/X3C3C3C/front45.png'},{url:'https://carimages.d2cmedia.ca/newcarimages/en/cb6ab798baca942/Mercedes-Benz/GLC/2026/1280/475038/X3c3c3c/front_45_degree.png'},{url:'https://carimages.d2cmedia.ca/newcarimages/en/cb6ab798baca942/Mercedes-Benz/GLC/2026/2100/475038/X3c3c3c/front_45_degree.png'},{url:'https://carimages.d2cmedia.ca/newcarimages/en/cb6ab798baca942/Mercedes-Benz/GLC/2026/2100/475038/X3c3c3c/profile.png'},{url:'https://carimages.d2cmedia.ca/newcarimages/en/cb6ab798baca942/Mercedes-Benz/GLC/2026/2100/475038/X3c3c3c/back_45_degree.png'},{url:'https://carimages.d2cmedia.ca/newcarimages/en/cb6ab798baca942/Mercedes-Benz/GLC/2026/2100/475038/X3c3c3c/driver_dashboard.png'},{url:'https://carimages.d2cmedia.ca/newcarimages/en/cb6ab798baca942/Mercedes-Benz/GLC/2026/2100/475038/X3c3c3c/full_dashboard.png'},{url:'https://carimages.d2cmedia.ca/newcarimages/en/cb6ab798baca942/Mercedes-Benz/GLC/2026/2100/475038/X3c3c3c/interior_driver_open_seat.png'},{url:'https://carimages.d2cmedia.ca/newcarimages/en/cb6ab798baca942/Mercedes-Benz/GLC/2026/2100/475038/X3c3c3c/interior_driver_stereo.png'},{url:'https://carimages.d2cmedia.ca/newcarimages/en/cb6ab798baca942/Mercedes-Benz/GLC/2026/2100/475038/X3c3c3c/interior_driver_reat_seats.png'}]",90,KM,https://www.mercedes-benz-maple.ca/new/inventory/2026-Mercedes_Benz-GLC_300-id13848416.html,2026 Mercedes-Benz GLC GLC 300 4MATIC SUV at Mercedes-Benz Maple,80060 CAD,New,Grey,Gray,4804,Mercedes-Benz Maple,+1-905-585-9300,"{addr1: '9300 Jane St', city: 'Maple', region: 'Ontario', postal_code: 'L6A 0C5', country: 'CA'}",43.8344170000,-79.5341990000,,,,,https://www.mercedes-benz-maple.ca/privacy-policy.html,New,4804,In stock,,80060 CAD,Free,
W1NKM4HB7TF521916,W1NKM4HB7TF521916,26518285-new,Mercedes-Benz,GLC,GLC 300 4MATIC SUV,2026,AUTOMATIC,SUV,GASOLINE,,"2026 Mercedes-Benz GLC GLC 300 4MATIC SUV, Grey exterior","[{url:'https://imagescdn.d2cmedia.ca/cb6ab798baca942/4804/13332218/1/Mercedes_Benz-GLC-2026.jpg'},{url:'https://imagescdn.d2cmedia.ca/s86ab798baca942/4804/13332218/1/Mercedes_Benz-GLC_300-2026.jpg'},{url:'https://imagescdn.d2cmedia.ca/cb6ab798baca942/4804/13332218/1/Mercedes_Benz-GLC_300-2026.jpg'},{url:'https://imagescdn.d2cmedia.ca/cb6ab798baca942/4804/13332218/2/Mercedes_Benz-GLC_300-2026.jpg'},{url:'https://imagescdn.d2cmedia.ca/cb6ab798baca942/4804/13332218/3/Mercedes_Benz-GLC_300-2026.jpg'},{url:'https://imagescdn.d2cmedia.ca/cb6ab798baca942/4804/13332218/4/Mercedes_Benz-GLC_300-2026.jpg'},{url:'https://imagescdn.d2cmedia.ca/cb6ab798baca942/4804/13332218/5/Mercedes_Benz-GLC_300-2026.jpg'},{url:'https://imagescdn.d2cmedia.ca/cb6ab798baca942/4804/13332218/6/Mercedes_Benz-GLC_300-2026.jpg'},{url:'https://imagescdn.d2cmedia.ca/cb6ab798baca942/4804/13332218/7/Mercedes_Benz-GLC_300-2026.jpg'},{url:'https://imagescdn.d2cmedia.ca/cb6ab798baca942/4804/13332218/8/Mercedes_Benz-GLC_300-2026.jpg'}]",90,KM,https://www.mercedes-benz-maple.ca/new/inventory/2026-Mercedes_Benz-GLC_300-id13332218.html,2026 Mercedes-Benz GLC GLC 300 4MATIC SUV at Mercedes-Benz Maple,80561 CAD,New,Grey,Black,4804,Mercedes-Benz Maple,+1-905-585-9300,"{addr1: '9300 Jane St', city: 'Maple', region: 'Ontario', postal_code: 'L6A 0C5', country: 'CA'}",43.8344170000,-79.5341990000,,,,,https://www.mercedes-benz-maple.ca/privacy-policy.html,New,4804,In stock,,80561 CAD,Free,
W1NKM4HB1TF522401,W1NKM4HB1TF522401,26518287-new,Mercedes-Benz,GLC,GLC 300 4MATIC SUV,2026,AUTOMATIC,SUV,GASOLINE,,"2026 Mercedes-Benz GLC GLC 300 4MATIC SUV, Grey exterior","[{url:'https://imagescdn.d2cmedia.ca/cb6ab798baca942/4804/13310557/1/Mercedes_Benz-GLC-2026.jpg'},{url:'https://imagescdn.d2cmedia.ca/s86ab798baca942/4804/13310557/1/Mercedes_Benz-GLC_300-2026.jpg'},{url:'https://imagescdn.d2cmedia.ca/cb6ab798baca942/4804/13310557/1/Mercedes_Benz-GLC_300-2026.jpg'},{url:'https://imagescdn.d2cmedia.ca/cb6ab798baca942/4804/13310557/2/Mercedes_Benz-GLC_300-2026.jpg'},{url:'https://imagescdn.d2cmedia.ca/cb6ab798baca942/4804/13310557/3/Mercedes_Benz-GLC_300-2026.jpg'},{url:'https://imagescdn.d2cmedia.ca/cb6ab798baca942/4804/13310557/4/Mercedes_Benz-GLC_300-2026.jpg'},{url:'https://imagescdn.d2cmedia.ca/cb6ab798baca942/4804/13310557/5/Mercedes_Benz-GLC_300-2026.jpg'},{url:'https://imagescdn.d2cmedia.ca/cb6ab798baca942/4804/13310557/6/Mercedes_Benz-GLC_300-2026.jpg'},{url:'https://imagescdn.d2cmedia.ca/cb6ab798baca942/4804/13310557/7/Mercedes_Benz-GLC_300-2026.jpg'},{url:'https://imagescdn.d2cmedia.ca/cb6ab798baca942/4804/13310557/8/Mercedes_Benz-GLC_300-2026.jpg'}]",90,KM,https://www.mercedes-benz-maple.ca/new/inventory/2026-Mercedes_Benz-GLC_300-id13310557.html,2026 Mercedes-Benz GLC GLC 300 4MATIC SUV at Mercedes-Benz Maple,80760 CAD,New,Grey,Black,4804,Mercedes-Benz Maple,+1-905-585-9300,"{addr1: '9300 Jane St', city: 'Maple', region: 'Ontario', postal_code: 'L6A 0C5', country: 'CA'}",43.8344170000,-79.5341990000,,,,,https://www.mercedes-benz-maple.ca/privacy-policy.html,New,4804,In stock,,80760 CAD,Free,
W1NKJ4HB5TF615608,W1NKJ4HB5TF615608,26656289-new,Mercedes-Benz,GLC,GLC 300 4MATIC Coupe,2026,AUTOMATIC,COUPE,GASOLINE,,"2026 Mercedes-Benz GLC GLC 300 4MATIC Coupe, White exterior","[{url:'https://carimages.d2cmedia.ca/newcarimages/en/cb6ab798baca942/Mercedes-Benz/GLC/2026/1200/475091-NE1BVElDIENvdXBl/XE9E9E9/front45.png'},{url:'https://carimages.d2cmedia.ca/newcarimages/en/cb6ab798baca942/Mercedes-Benz/GLC/2026/1280/475091/Xe9e9e9/front_45_degree.png'},{url:'https://carimages.d2cmedia.ca/newcarimages/en/cb6ab798baca942/Mercedes-Benz/GLC/2026/2100/475091/Xe9e9e9/front_45_degree.png'},{url:'https://carimages.d2cmedia.ca/newcarimages/en/cb6ab798baca942/Mercedes-Benz/GLC/2026/2100/475091/Xe9e9e9/profile.png'},{url:'https://carimages.d2cmedia.ca/newcarimages/en/cb6ab798baca942/Mercedes-Benz/GLC/2026/2100/475091/Xe9e9e9/back_45_degree.png'},{url:'https://carimages.d2cmedia.ca/newcarimages/en/cb6ab798baca942/Mercedes-Benz/GLC/2026/2100/475091/Xe9e9e9/driver_dashboard.png'},{url:'https://carimages.d2cmedia.ca/newcarimages/en/cb6ab798baca942/Mercedes-Benz/GLC/2026/2100/475091/Xe9e9e9/full_dashboard.png'},{url:'https://carimages.d2cmedia.ca/newcarimages/en/cb6ab798baca942/Mercedes-Benz/GLC/2026/2100/475091/Xe9e9e9/interior_driver_open_seat.png'},{url:'https://carimages.d2cmedia.ca/newcarimages/en/cb6ab798baca942/Mercedes-Benz/GLC/2026/2100/475091/Xe9e9e9/interior_driver_stereo.png'},{url:'https://carimages.d2cmedia.ca/newcarimages/en/cb6ab798baca942/Mercedes-Benz/GLC/2026/2100/475091/Xe9e9e9/interior_driver_reat_seats.png'}]",90,KM,https://www.mercedes-benz-maple.ca/new/inventory/2026-Mercedes_Benz-GLC_300-id13881828.html,2026 Mercedes-Benz GLC GLC 300 4MATIC Coupe at Mercedes-Benz Maple,81911 CAD,New,White,Black,4804,Mercedes-Benz Maple,+1-905-585-9300,"{addr1: '9300 Jane St', city: 'Maple', region: 'Ontario', postal_code: 'L6A 0C5', country: 'CA'}",43.8344170000,-79.5341990000,,,,,https://www.mercedes-benz-maple.ca/privacy-policy.html,New,4804,In stock,,81911 CAD,Free,
W1NKJ4HB3TF638062,W1NKJ4HB3TF638062,26656290-new,Mercedes-Benz,GLC,GLC 300 4MATIC Coupe,2026,AUTOMATIC,COUPE,GASOLINE,,"2026 Mercedes-Benz GLC GLC 300 4MATIC Coupe, Black exterior","[{url:'https://carimages.d2cmedia.ca/newcarimages/en/cb6ab798baca942/Mercedes-Benz/GLC/2026/1200/475091-NE1BVElDIENvdXBl/black/front45.png'},{url:'https://carimages.d2cmedia.ca/newcarimages/en/cb6ab798baca942/Mercedes-Benz/GLC/2026/1280/475091/black/front_45_degree.png'},{url:'https://carimages.d2cmedia.ca/newcarimages/en/cb6ab798baca942/Mercedes-Benz/GLC/2026/2100/475091/black/front_45_degree.png'},{url:'https://carimages.d2cmedia.ca/newcarimages/en/cb6ab798baca942/Mercedes-Benz/GLC/2026/2100/475091/black/profile.png'},{url:'https://carimages.d2cmedia.ca/newcarimages/en/cb6ab798baca942/Mercedes-Benz/GLC/2026/2100/475091/black/back_45_degree.png'},{url:'https://carimages.d2cmedia.ca/newcarimages/en/cb6ab798baca942/Mercedes-Benz/GLC/2026/2100/475091/black/driver_dashboard.png'},{url:'https://carimages.d2cmedia.ca/newcarimages/en/cb6ab798baca942/Mercedes-Benz/GLC/2026/2100/475091/black/full_dashboard.png'},{url:'https://carimages.d2cmedia.ca/newcarimages/en/cb6ab798baca942/Mercedes-Benz/GLC/2026/2100/475091/black/interior_driver_open_seat.png'},{url:'https://carimages.d2cmedia.ca/newcarimages/en/cb6ab798baca942/Mercedes-Benz/GLC/2026/2100/475091/black/interior_driver_stereo.png'},{url:'https://carimages.d2cmedia.ca/newcarimages/en/cb6ab798baca942/Mercedes-Benz/GLC/2026/2100/475091/black/interior_driver_reat_seats.png'}]",90,KM,https://www.mercedes-benz-maple.ca/new/inventory/2026-Mercedes_Benz-GLC_300-id14031909.html,2026 Mercedes-Benz GLC GLC 300 4MATIC Coupe at Mercedes-Benz Maple,81911 CAD,New,Black,Black,4804,Mercedes-Benz Maple,+1-905-585-9300,"{addr1: '9300 Jane St', city: 'Maple', region: 'Ontario', postal_code: 'L6A 0C5', country: 'CA'}",43.8344170000,-79.5341990000,,,,,https://www.mercedes-benz-maple.ca/privacy-policy.html,New,4804,In stock,,81911 CAD,Free,
W1NKJ4HB9TF439985,W1NKJ4HB9TF439985,26510374-new,Mercedes-Benz,GLC,GLC 300 4MATIC Coupe,2026,AUTOMATIC,COUPE,GASOLINE,,"2026 Mercedes-Benz GLC GLC 300 4MATIC Coupe, White exterior","[{url:'https://carimages.d2cmedia.ca/newcarimages/en/cb6ab798baca942/Mercedes-Benz/GLC/2026/1200/475091-NE1BVElDIENvdXBl/XE9E9E9/front45.png'},{url:'https://carimages.d2cmedia.ca/newcarimages/en/cb6ab798baca942/Mercedes-Benz/GLC/2026/1280/475091/Xe9e9e9/front_45_degree.png'},{url:'https://carimages.d2cmedia.ca/newcarimages/en/cb6ab798baca942/Mercedes-Benz/GLC/2026/2100/475091/Xe9e9e9/front_45_degree.png'},{url:'https://carimages.d2cmedia.ca/newcarimages/en/cb6ab798baca942/Mercedes-Benz/GLC/2026/2100/475091/Xe9e9e9/profile.png'},{url:'https://carimages.d2cmedia.ca/newcarimages/en/cb6ab798baca942/Mercedes-Benz/GLC/2026/2100/475091/Xe9e9e9/back_45_degree.png'},{url:'https://carimages.d2cmedia.ca/newcarimages/en/cb6ab798baca942/Mercedes-Benz/GLC/2026/2100/475091/Xe9e9e9/driver_dashboard.png'},{url:'https://carimages.d2cmedia.ca/newcarimages/en/cb6ab798baca942/Mercedes-Benz/GLC/2026/2100/475091/Xe9e9e9/full_dashboard.png'},{url:'https://carimages.d2cmedia.ca/newcarimages/en/cb6ab798baca942/Mercedes-Benz/GLC/2026/2100/475091/Xe9e9e9/interior_driver_open_seat.png'},{url:'https://carimages.d2cmedia.ca/newcarimages/en/cb6ab798baca942/Mercedes-Benz/GLC/2026/2100/475091/Xe9e9e9/interior_driver_stereo.png'},{url:'https://carimages.d2cmedia.ca/newcarimages/en/cb6ab798baca942/Mercedes-Benz/GLC/2026/2100/475091/Xe9e9e9/interior_driver_reat_seats.png'}]",90,KM,https://www.mercedes-benz-maple.ca/new/inventory/2026-Mercedes_Benz-GLC_300-id14295575.html,2026 Mercedes-Benz GLC GLC 300 4MATIC Coupe at Mercedes-Benz Maple,82111 CAD,New,White,Gray,4804,Mercedes-Benz Maple,+1-905-585-9300,"{addr1: '9300 Jane St', city: 'Maple', region: 'Ontario', postal_code: 'L6A 0C5', country: 'CA'}",43.8344170000,-79.5341990000,,,,,https://www.mercedes-benz-maple.ca/privacy-policy.html,New,4804,In stock,,82111 CAD,Free,
W1NKM4HB2TF520785,W1NKM4HB2TF520785,26522919-new,Mercedes-Benz,GLC,GLC 300 4MATIC SUV,2026,AUTOMATIC,SUV,GASOLINE,,"2026 Mercedes-Benz GLC GLC 300 4MATIC SUV, White exterior","[{url:'https://imagescdn.d2cmedia.ca/cb6ab798baca942/4804/13289939/1/Mercedes_Benz-GLC-2026.jpg'},{url:'https://imagescdn.d2cmedia.ca/s86ab798baca942/4804/13289939/1/Mercedes_Benz-GLC_300-2026.jpg'},{url:'https://imagescdn.d2cmedia.ca/cb6ab798baca942/4804/13289939/1/Mercedes_Benz-GLC_300-2026.jpg'},{url:'https://imagescdn.d2cmedia.ca/cb6ab798baca942/4804/13289939/2/Mercedes_Benz-GLC_300-2026.jpg'},{url:'https://imagescdn.d2cmedia.ca/cb6ab798baca942/4804/13289939/3/Mercedes_Benz-GLC_300-2026.jpg'},{url:'https://imagescdn.d2cmedia.ca/cb6ab798baca942/4804/13289939/4/Mercedes_Benz-GLC_300-2026.jpg'},{url:'https://imagescdn.d2cmedia.ca/cb6ab798baca942/4804/13289939/5/Mercedes_Benz-GLC_300-2026.jpg'},{url:'https://imagescdn.d2cmedia.ca/cb6ab798baca942/4804/13289939/6/Mercedes_Benz-GLC_300-2026.jpg'},{url:'https://imagescdn.d2cmedia.ca/cb6ab798baca942/4804/13289939/7/Mercedes_Benz-GLC_300-2026.jpg'},{url:'https://imagescdn.d2cmedia.ca/cb6ab798baca942/4804/13289939/8/Mercedes_Benz-GLC_300-2026.jpg'}]",90,KM,https://www.mercedes-benz-maple.ca/new/inventory/2026-Mercedes_Benz-GLC_300-id13289939.html,2026 Mercedes-Benz GLC GLC 300 4MATIC SUV at Mercedes-Benz Maple,82160 CAD,New,White,Black,4804,Mercedes-Benz Maple,+1-905-585-9300,"{addr1: '9300 Jane St', city: 'Maple', region: 'Ontario', postal_code: 'L6A 0C5', country: 'CA'}",43.8344170000,-79.5341990000,,,,,https://www.mercedes-benz-maple.ca/privacy-policy.html,New,4804,In stock,,82160 CAD,Free,
W1NKM4HBXTF556546,W1NKM4HBXTF556546,26530090-new,Mercedes-Benz,GLC,GLC 300 4MATIC SUV,2026,AUTOMATIC,SUV,GASOLINE,,"2026 Mercedes-Benz GLC GLC 300 4MATIC SUV, White exterior","[{url:'https://carimages.d2cmedia.ca/newcarimages/en/cb6ab798baca942/Mercedes-Benz/GLC/2026/1200/475038-NE1BVElDIFNVVg/XE9E9E9/front45.png'},{url:'https://carimages.d2cmedia.ca/newcarimages/en/cb6ab798baca942/Mercedes-Benz/GLC/2026/1280/475038/Xe9e9e9/front_45_degree.png'},{url:'https://carimages.d2cmedia.ca/newcarimages/en/cb6ab798baca942/Mercedes-Benz/GLC/2026/2100/475038/Xe9e9e9/front_45_degree.png'},{url:'https://carimages.d2cmedia.ca/newcarimages/en/cb6ab798baca942/Mercedes-Benz/GLC/2026/2100/475038/Xe9e9e9/profile.png'},{url:'https://carimages.d2cmedia.ca/newcarimages/en/cb6ab798baca942/Mercedes-Benz/GLC/2026/2100/475038/Xe9e9e9/back_45_degree.png'},{url:'https://carimages.d2cmedia.ca/newcarimages/en/cb6ab798baca942/Mercedes-Benz/GLC/2026/2100/475038/Xe9e9e9/driver_dashboard.png'},{url:'https://carimages.d2cmedia.ca/newcarimages/en/cb6ab798baca942/Mercedes-Benz/GLC/2026/2100/475038/Xe9e9e9/full_dashboard.png'},{url:'https://carimages.d2cmedia.ca/newcarimages/en/cb6ab798baca942/Mercedes-Benz/GLC/2026/2100/475038/Xe9e9e9/interior_driver_open_seat.png'},{url:'https://carimages.d2cmedia.ca/newcarimages/en/cb6ab798baca942/Mercedes-Benz/GLC/2026/2100/475038/Xe9e9e9/interior_driver_stereo.png'},{url:'https://carimages.d2cmedia.ca/newcarimages/en/cb6ab798baca942/Mercedes-Benz/GLC/2026/2100/475038/Xe9e9e9/interior_driver_reat_seats.png'}]",90,KM,https://www.mercedes-benz-maple.ca/new/inventory/2026-Mercedes_Benz-GLC_300-id13526105.html,2026 Mercedes-Benz GLC GLC 300 4MATIC SUV at Mercedes-Benz Maple,82160 CAD,New,White,Black,4804,Mercedes-Benz Maple,+1-905-585-9300,"{addr1: '9300 Jane St', city: 'Maple', region: 'Ontario', postal_code: 'L6A 0C5', country: 'CA'}",43.8344170000,-79.5341990000,,,,,https://www.mercedes-benz-maple.ca/privacy-policy.html,New,4804,In stock,,82160 CAD,Free,
W1N4N4HB1PJ525114,W1N4N4HB1PJ525114,M26657079A,Mercedes-Benz,GLA,GLA 250 4MATIC SUV,2023,AUTOMATIC,SUV,GASOLINE,,"2023 Mercedes-Benz GLA GLA 250 4MATIC SUV, Black exterior","[{url:'https://imagescdn.d2cmedia.ca/cbd39157e577728aeeaeb1abfa08de62ef/4804/14357151/1/Mercedes_Benz-GLA-2023.jpg'},{url:'https://imagescdn.d2cmedia.ca/s8d39157e577728aeeaeb1abfa08de62ef/4804/14357151/1/Mercedes_Benz-GLA_250-2023.jpg'},{url:'https://imagescdn.d2cmedia.ca/cbd39157e577728aeeaeb1abfa08de62ef/4804/14357151/1/Mercedes_Benz-GLA_250-2023.jpg'},{url:'https://imagescdn.d2cmedia.ca/cbd39157e577728aeeaeb1abfa08de62ef/4804/14357151/2/Mercedes_Benz-GLA_250-2023.jpg'},{url:'https://imagescdn.d2cmedia.ca/cbd39157e577728aeeaeb1abfa08de62ef/4804/14357151/3/Mercedes_Benz-GLA_250-2023.jpg'},{url:'https://imagescdn.d2cmedia.ca/cbd39157e577728aeeaeb1abfa08de62ef/4804/14357151/4/Mercedes_Benz-GLA_250-2023.jpg'},{url:'https://imagescdn.d2cmedia.ca/cbd39157e577728aeeaeb1abfa08de62ef/4804/14357151/5/Mercedes_Benz-GLA_250-2023.jpg'},{url:'https://imagescdn.d2cmedia.ca/cbd39157e577728aeeaeb1abfa08de62ef/4804/14357151/6/Mercedes_Benz-GLA_250-2023.jpg'},{url:'https://imagescdn.d2cmedia.ca/cbd39157e577728aeeaeb1abfa08de62ef/4804/14357151/7/Mercedes_Benz-GLA_250-2023.jpg'},{url:'https://imagescdn.d2cmedia.ca/cbd39157e577728aeeaeb1abfa08de62ef/4804/14357151/8/Mercedes_Benz-GLA_250-2023.jpg'}]",81785,KM,https://www.mercedes-benz-maple.ca/used/2023-Mercedes_Benz-GLA_250-id14357151.html,2023 Mercedes-Benz GLA GLA 250 4MATIC SUV at Mercedes-Benz Maple,34900 CAD,CPO,Black,Black,4804,Mercedes-Benz Maple,+1-905-585-9300,"{addr1: '9300 Jane St', city: 'Maple', region: 'Ontario', postal_code: 'L6A 0C5', country: 'CA'}",43.8344170000,-79.5341990000,,,,,https://www.mercedes-benz-maple.ca/privacy-policy.html,CPO,4804,In stock,,34900 CAD,Free,
WDDWK8EB7LF940624,WDDWK8EB7LF940624,MP4721912A,Mercedes-Benz,C-Class,C 300 4MATIC Cabriolet,2020,AUTOMATIC,SUV,GASOLINE,,"2020 Mercedes-Benz C-Class C 300 4MATIC Cabriolet, White exterior","[{url:'https://imagescdn.d2cmedia.ca/cb67b24533186e7ce5f1caf1aec939ebed/4804/14416632/1/Mercedes_Benz-C_Class-2020.jpg'},{url:'https://imagescdn.d2cmedia.ca/s867b24533186e7ce5f1caf1aec939ebed/4804/14416632/1/Mercedes_Benz-C_300-2020.jpg'},{url:'https://imagescdn.d2cmedia.ca/cb67b24533186e7ce5f1caf1aec939ebed/4804/14416632/1/Mercedes_Benz-C_300-2020.jpg'},{url:'https://imagescdn.d2cmedia.ca/cb67b24533186e7ce5f1caf1aec939ebed/4804/14416632/2/Mercedes_Benz-C_300-2020.jpg'},{url:'https://imagescdn.d2cmedia.ca/cb67b24533186e7ce5f1caf1aec939ebed/4804/14416632/3/Mercedes_Benz-C_300-2020.jpg'},{url:'https://imagescdn.d2cmedia.ca/cb67b24533186e7ce5f1caf1aec939ebed/4804/14416632/4/Mercedes_Benz-C_300-2020.jpg'},{url:'https://imagescdn.d2cmedia.ca/cb67b24533186e7ce5f1caf1aec939ebed/4804/14416632/5/Mercedes_Benz-C_300-2020.jpg'},{url:'https://imagescdn.d2cmedia.ca/cb67b24533186e7ce5f1caf1aec939ebed/4804/14416632/6/Mercedes_Benz-C_300-2020.jpg'},{url:'https://imagescdn.d2cmedia.ca/cb67b24533186e7ce5f1caf1aec939ebed/4804/14416632/7/Mercedes_Benz-C_300-2020.jpg'},{url:'https://imagescdn.d2cmedia.ca/cb67b24533186e7ce5f1caf1aec939ebed/4804/14416632/8/Mercedes_Benz-C_300-2020.jpg'}]",53560,KM,https://www.mercedes-benz-maple.ca/used/2020-Mercedes_Benz-C_300-id14416632.html,2020 Mercedes-Benz C-Class C 300 4MATIC Cabriolet at Mercedes-Benz Maple,35900 CAD,Used,White,Black,4804,Mercedes-Benz Maple,+1-905-585-9300,"{addr1: '9300 Jane St', city: 'Maple', region: 'Ontario', postal_code: 'L6A 0C5', country: 'CA'}",43.8344170000,-79.5341990000,,,,,https://www.mercedes-benz-maple.ca/privacy-policy.html,Used,4804,In stock,,35900 CAD,Free,
W1N4M4HB5NW183556,W1N4M4HB5NW183556,MP4761707,Mercedes-Benz,GLB,GLB 250 4MATIC SUV,2022,AUTOMATIC,SUV,GASOLINE,,"2022 Mercedes-Benz GLB GLB 250 4MATIC SUV, White exterior","[{url:'https://imagescdn.d2cmedia.ca/cb18d6b6dfebce8ddd9399a454167a3ca4/4804/14302468/1/Mercedes_Benz-GLB-2022.jpg'},{url:'https://imagescdn.d2cmedia.ca/s818d6b6dfebce8ddd9399a454167a3ca4/4804/14302468/1/Mercedes_Benz-GLB_250-2022.jpg'},{url:'https://imagescdn.d2cmedia.ca/cb18d6b6dfebce8ddd9399a454167a3ca4/4804/14302468/1/Mercedes_Benz-GLB_250-2022.jpg'},{url:'https://imagescdn.d2cmedia.ca/cb18d6b6dfebce8ddd9399a454167a3ca4/4804/14302468/2/Mercedes_Benz-GLB_250-2022.jpg'},{url:'https://imagescdn.d2cmedia.ca/cb18d6b6dfebce8ddd9399a454167a3ca4/4804/14302468/3/Mercedes_Benz-GLB_250-2022.jpg'},{url:'https://imagescdn.d2cmedia.ca/cb18d6b6dfebce8ddd9399a454167a3ca4/4804/14302468/4/Mercedes_Benz-GLB_250-2022.jpg'},{url:'https://imagescdn.d2cmedia.ca/cb18d6b6dfebce8ddd9399a454167a3ca4/4804/14302468/5/Mercedes_Benz-GLB_250-2022.jpg'},{url:'https://imagescdn.d2cmedia.ca/cb18d6b6dfebce8ddd9399a454167a3ca4/4804/14302468/6/Mercedes_Benz-GLB_250-2022.jpg'},{url:'https://imagescdn.d2cmedia.ca/cb18d6b6dfebce8ddd9399a454167a3ca4/4804/14302468/7/Mercedes_Benz-GLB_250-2022.jpg'},{url:'https://imagescdn.d2cmedia.ca/cb18d6b6dfebce8ddd9399a454167a3ca4/4804/14302468/8/Mercedes_Benz-GLB_250-2022.jpg'}]",46071,KM,https://www.mercedes-benz-maple.ca/used/2022-Mercedes_Benz-GLB_250-id14302468.html,2022 Mercedes-Benz GLB GLB 250 4MATIC SUV at Mercedes-Benz Maple,35900 CAD,CPO,White,Black,4804,Mercedes-Benz Maple,+1-905-585-9300,"{addr1: '9300 Jane St', city: 'Maple', region: 'Ontario', postal_code: 'L6A 0C5', country: 'CA'}",43.8344170000,-79.5341990000,,,,,https://www.mercedes-benz-maple.ca/privacy-policy.html,CPO,4804,In stock,,35900 CAD,Free,
W1KAF4HB2PR068506,W1KAF4HB2PR068506,M26653433A,Mercedes-Benz,C-Class,C 300 4MATIC Sedan,2023,AUTOMATIC,SEDAN,GASOLINE,,"2023 Mercedes-Benz C-Class C 300 4MATIC Sedan, Silver exterior","[{url:'https://imagescdn.d2cmedia.ca/cb158433eac52cee50213b871a4dbfe5d9/4804/14160003/1/Mercedes_Benz-C_Class-2023.jpg'},{url:'https://imagescdn.d2cmedia.ca/s8158433eac52cee50213b871a4dbfe5d9/4804/14160003/1/Mercedes_Benz-C_300-2023.jpg'},{url:'https://imagescdn.d2cmedia.ca/cb158433eac52cee50213b871a4dbfe5d9/4804/14160003/1/Mercedes_Benz-C_300-2023.jpg'},{url:'https://imagescdn.d2cmedia.ca/cb158433eac52cee50213b871a4dbfe5d9/4804/14160003/2/Mercedes_Benz-C_300-2023.jpg'},{url:'https://imagescdn.d2cmedia.ca/cb158433eac52cee50213b871a4dbfe5d9/4804/14160003/3/Mercedes_Benz-C_300-2023.jpg'},{url:'https://imagescdn.d2cmedia.ca/cb158433eac52cee50213b871a4dbfe5d9/4804/14160003/4/Mercedes_Benz-C_300-2023.jpg'},{url:'https://imagescdn.d2cmedia.ca/cb158433eac52cee50213b871a4dbfe5d9/4804/14160003/5/Mercedes_Benz-C_300-2023.jpg'},{url:'https://imagescdn.d2cmedia.ca/cb158433eac52cee50213b871a4dbfe5d9/4804/14160003/6/Mercedes_Benz-C_300-2023.jpg'},{url:'https://imagescdn.d2cmedia.ca/cb158433eac52cee50213b871a4dbfe5d9/4804/14160003/7/Mercedes_Benz-C_300-2023.jpg'},{url:'https://imagescdn.d2cmedia.ca/cb158433eac52cee50213b871a4dbfe5d9/4804/14160003/8/Mercedes_Benz-C_300-2023.jpg'}]",75337,KM,https://www.mercedes-benz-maple.ca/used/2023-Mercedes_Benz-C_300-id14160003.html,2023 Mercedes-Benz C-Class C 300 4MATIC Sedan at Mercedes-Benz Maple,39900 CAD,CPO,Silver,Black,4804,Mercedes-Benz Maple,+1-905-585-9300,"{addr1: '9300 Jane St', city: 'Maple', region: 'Ontario', postal_code: 'L6A 0C5', country: 'CA'}",43.8344170000,-79.5341990000,,,,,https://www.mercedes-benz-maple.ca/privacy-policy.html,CPO,4804,In stock,,39900 CAD,Free,
W1KAF4HBXNR065396,W1KAF4HBXNR065396,MP4760918,Mercedes-Benz,C-Class,C 300 4MATIC Sedan,2022,AUTOMATIC,SEDAN,GASOLINE,,"2022 Mercedes-Benz C-Class C 300 4MATIC Sedan, Black exterior","[{url:'https://imagescdn.d2cmedia.ca/cb156303e47733213f9784cb6f6d176861/4804/14295573/1/Mercedes_Benz-C_Class-2022.jpg'},{url:'https://imagescdn.d2cmedia.ca/s8156303e47733213f9784cb6f6d176861/4804/14295573/1/Mercedes_Benz-C_300-2022.jpg'},{url:'https://imagescdn.d2cmedia.ca/cb156303e47733213f9784cb6f6d176861/4804/14295573/1/Mercedes_Benz-C_300-2022.jpg'}]",35382,KM,https://www.mercedes-benz-maple.ca/used/2022-Mercedes_Benz-C_300-id14295573.html,2022 Mercedes-Benz C-Class C 300 4MATIC Sedan at Mercedes-Benz Maple,42900 CAD,CPO,Black,Black,4804,Mercedes-Benz Maple,+1-905-585-9300,"{addr1: '9300 Jane St', city: 'Maple', region: 'Ontario', postal_code: 'L6A 0C5', country: 'CA'}",43.8344170000,-79.5341990000,,,,,https://www.mercedes-benz-maple.ca/privacy-policy.html,CPO,4804,In stock,,42900 CAD,Free,
W1Y4DBHY6NP488165,W1Y4DBHY6NP488165,SP26505844A,Mercedes-Benz,Sprinter Cargo Van,"2500 Standard Roof I4 144""",2022,AUTOMATIC,VAN,DIESEL,,"2022 Mercedes-Benz Sprinter Cargo Van 2500 Standard Roof I4 144"", Iridiumsilver exterior","[{url:'https://imagescdn.d2cmedia.ca/cb7073d83389a2bffea2f61e0ea96461fa/4804/14051522/1/Mercedes_Benz-Sprinter Cargo Van-2022.jpg'},{url:'https://imagescdn.d2cmedia.ca/s87073d83389a2bffea2f61e0ea96461fa/4804/14051522/1/Mercedes_Benz-Sprinter_2500_Cargo-2022.jpg'},{url:'https://imagescdn.d2cmedia.ca/cb7073d83389a2bffea2f61e0ea96461fa/4804/14051522/1/Mercedes_Benz-Sprinter_2500_Cargo-2022.jpg'},{url:'https://imagescdn.d2cmedia.ca/cb7073d83389a2bffea2f61e0ea96461fa/4804/14051522/2/Mercedes_Benz-Sprinter_2500_Cargo-2022.jpg'},{url:'https://imagescdn.d2cmedia.ca/cb7073d83389a2bffea2f61e0ea96461fa/4804/14051522/3/Mercedes_Benz-Sprinter_2500_Cargo-2022.jpg'},{url:'https://imagescdn.d2cmedia.ca/cb7073d83389a2bffea2f61e0ea96461fa/4804/14051522/4/Mercedes_Benz-Sprinter_2500_Cargo-2022.jpg'},{url:'https://imagescdn.d2cmedia.ca/cb7073d83389a2bffea2f61e0ea96461fa/4804/14051522/5/Mercedes_Benz-Sprinter_2500_Cargo-2022.jpg'},{url:'https://imagescdn.d2cmedia.ca/cb7073d83389a2bffea2f61e0ea96461fa/4804/14051522/6/Mercedes_Benz-Sprinter_2500_Cargo-2022.jpg'},{url:'https://imagescdn.d2cmedia.ca/cb7073d83389a2bffea2f61e0ea96461fa/4804/14051522/7/Mercedes_Benz-Sprinter_2500_Cargo-2022.jpg'},{url:'https://imagescdn.d2cmedia.ca/cb7073d83389a2bffea2f61e0ea96461fa/4804/14051522/8/Mercedes_Benz-Sprinter_2500_Cargo-2022.jpg'}]",92079,KM,https://www.mercedes-benz-maple.ca/used/2022-Mercedes_Benz-Sprinter_2500_Cargo-id14051522.html,"2022 Mercedes-Benz Sprinter Cargo Van 2500 Standard Roof I4 144"" at Mercedes-Benz Maple",44999 CAD,CPO,Iridiumsilver,Black,4804,Mercedes-Benz Maple,+1-905-585-9300,"{addr1: '9300 Jane St', city: 'Maple', region: 'Ontario', postal_code: 'L6A 0C5', country: 'CA'}",43.8344170000,-79.5341990000,,,,,https://www.mercedes-benz-maple.ca/privacy-policy.html,CPO,4804,In stock,,44999 CAD,Free,
W1Y4DBHY9NP457248,W1Y4DBHY9NP457248,S26505145A,Mercedes-Benz,Sprinter Cargo Van,"2500 Standard Roof I4 144""",2022,AUTOMATIC,VAN,DIESEL,,"2022 Mercedes-Benz Sprinter Cargo Van 2500 Standard Roof I4 144"", White exterior","[{url:'https://imagescdn.d2cmedia.ca/cbda1e749bebf1d1ae8763406ceedc6af4/4804/14429912/1/Mercedes_Benz-Sprinter Cargo Van-2022.jpg'},{url:'https://imagescdn.d2cmedia.ca/s8da1e749bebf1d1ae8763406ceedc6af4/4804/14429912/1/Mercedes_Benz-Sprinter_2500_Cargo-2022.jpg'},{url:'https://imagescdn.d2cmedia.ca/cbda1e749bebf1d1ae8763406ceedc6af4/4804/14429912/1/Mercedes_Benz-Sprinter_2500_Cargo-2022.jpg'}]",48835,KM,https://www.mercedes-benz-maple.ca/used/2022-Mercedes_Benz-Sprinter_2500_Cargo-id14429912.html,"2022 Mercedes-Benz Sprinter Cargo Van 2500 Standard Roof I4 144"" at Mercedes-Benz Maple",45507 CAD,CPO,White,Black,4804,Mercedes-Benz Maple,+1-905-585-9300,"{addr1: '9300 Jane St', city: 'Maple', region: 'Ontario', postal_code: 'L6A 0C5', country: 'CA'}",43.8344170000,-79.5341990000,,,,,https://www.mercedes-benz-maple.ca/privacy-policy.html,CPO,4804,In stock,,45507 CAD,Free,
W1Y4ECHY1NP457991,W1Y4ECHY1NP457991,SP26504607A,Mercedes-Benz,Sprinter Cargo Van,"2500 High Roof V6 170""",2022,AUTOMATIC,VAN,DIESEL,,"2022 Mercedes-Benz Sprinter Cargo Van 2500 High Roof V6 170"", White exterior","[{url:'https://imagescdn.d2cmedia.ca/cb69bace150e34f5e763387ab4ead960f0/4804/14022992/1/Mercedes_Benz-Sprinter Cargo Van-2022.jpg'},{url:'https://imagescdn.d2cmedia.ca/s869bace150e34f5e763387ab4ead960f0/4804/14022992/1/Mercedes_Benz-Sprinter-2022.jpg'},{url:'https://imagescdn.d2cmedia.ca/cb69bace150e34f5e763387ab4ead960f0/4804/14022992/1/Mercedes_Benz-Sprinter-2022.jpg'},{url:'https://imagescdn.d2cmedia.ca/cb69bace150e34f5e763387ab4ead960f0/4804/14022992/2/Mercedes_Benz-Sprinter-2022.jpg'},{url:'https://imagescdn.d2cmedia.ca/cb69bace150e34f5e763387ab4ead960f0/4804/14022992/3/Mercedes_Benz-Sprinter-2022.jpg'},{url:'https://imagescdn.d2cmedia.ca/cb69bace150e34f5e763387ab4ead960f0/4804/14022992/4/Mercedes_Benz-Sprinter-2022.jpg'},{url:'https://imagescdn.d2cmedia.ca/cb69bace150e34f5e763387ab4ead960f0/4804/14022992/5/Mercedes_Benz-Sprinter-2022.jpg'},{url:'https://imagescdn.d2cmedia.ca/cb69bace150e34f5e763387ab4ead960f0/4804/14022992/6/Mercedes_Benz-Sprinter-2022.jpg'},{url:'https://imagescdn.d2cmedia.ca/cb69bace150e34f5e763387ab4ead960f0/4804/14022992/7/Mercedes_Benz-Sprinter-2022.jpg'},{url:'https://imagescdn.d2cmedia.ca/cb69bace150e34f5e763387ab4ead960f0/4804/14022992/8/Mercedes_Benz-Sprinter-2022.jpg'}]",112105,KM,https://www.mercedes-benz-maple.ca/used/2022-Mercedes_Benz-Sprinter-id14022992.html,"2022 Mercedes-Benz Sprinter Cargo Van 2500 High Roof V6 170"" at Mercedes-Benz Maple",46506 CAD,CPO,White,Black,4804,Mercedes-Benz Maple,+1-905-585-9300,"{addr1: '9300 Jane St', city: 'Maple', region: 'Ontario', postal_code: 'L6A 0C5', country: 'CA'}",43.8344170000,-79.5341990000,,,,,https://www.mercedes-benz-maple.ca/privacy-policy.html,CPO,4804,In stock,,46506 CAD,Free,
W1N0J8EB8PG149515,W1N0J8EB8PG149515,MP4765680,Mercedes-Benz,GLC,GLC 300 4MATIC Coupe,2023,AUTOMATIC,COUPE,GASOLINE,,"2023 Mercedes-Benz GLC GLC 300 4MATIC Coupe, Grey exterior","[{url:'https://imagescdn.d2cmedia.ca/cb48534dfc958d9058813096dea12a946e/4804/14362927/1/Mercedes_Benz-GLC-2023.jpg'},{url:'https://imagescdn.d2cmedia.ca/s848534dfc958d9058813096dea12a946e/4804/14362927/1/Mercedes_Benz-GLC_300-2023.jpg'},{url:'https://imagescdn.d2cmedia.ca/cb48534dfc958d9058813096dea12a946e/4804/14362927/1/Mercedes_Benz-GLC_300-2023.jpg'},{url:'https://imagescdn.d2cmedia.ca/cb48534dfc958d9058813096dea12a946e/4804/14362927/2/Mercedes_Benz-GLC_300-2023.jpg'},{url:'https://imagescdn.d2cmedia.ca/cb48534dfc958d9058813096dea12a946e/4804/14362927/3/Mercedes_Benz-GLC_300-2023.jpg'},{url:'https://imagescdn.d2cmedia.ca/cb48534dfc958d9058813096dea12a946e/4804/14362927/4/Mercedes_Benz-GLC_300-2023.jpg'},{url:'https://imagescdn.d2cmedia.ca/cb48534dfc958d9058813096dea12a946e/4804/14362927/5/Mercedes_Benz-GLC_300-2023.jpg'},{url:'https://imagescdn.d2cmedia.ca/cb48534dfc958d9058813096dea12a946e/4804/14362927/6/Mercedes_Benz-GLC_300-2023.jpg'},{url:'https://imagescdn.d2cmedia.ca/cb48534dfc958d9058813096dea12a946e/4804/14362927/7/Mercedes_Benz-GLC_300-2023.jpg'},{url:'https://imagescdn.d2cmedia.ca/cb48534dfc958d9058813096dea12a946e/4804/14362927/8/Mercedes_Benz-GLC_300-2023.jpg'}]",46065,KM,https://www.mercedes-benz-maple.ca/used/2023-Mercedes_Benz-GLC_300-id14362927.html,2023 Mercedes-Benz GLC GLC 300 4MATIC Coupe at Mercedes-Benz Maple,46900 CAD,Used,Grey,Black,4804,Mercedes-Benz Maple,+1-905-585-9300,"{addr1: '9300 Jane St', city: 'Maple', region: 'Ontario', postal_code: 'L6A 0C5', country: 'CA'}",43.8344170000,-79.5341990000,,,,,https://www.mercedes-benz-maple.ca/privacy-policy.html,Used,4804,In stock,,46900 CAD,Free,
W1NKM4HB1PF047192,W1NKM4HB1PF047192,M26653429A,Mercedes-Benz,GLC,GLC 300 4MATIC SUV,2023,AUTOMATIC,SUV,GASOLINE,,"2023 Mercedes-Benz GLC GLC 300 4MATIC SUV, White exterior","[{url:'https://imagescdn.d2cmedia.ca/cb5a6d5f242d8f77bd84fac96ea302b624/4804/14191355/1/Mercedes_Benz-GLC-2023.jpg'},{url:'https://imagescdn.d2cmedia.ca/s85a6d5f242d8f77bd84fac96ea302b624/4804/14191355/1/Mercedes_Benz-GLC_300-2023.jpg'},{url:'https://imagescdn.d2cmedia.ca/cb5a6d5f242d8f77bd84fac96ea302b624/4804/14191355/1/Mercedes_Benz-GLC_300-2023.jpg'},{url:'https://imagescdn.d2cmedia.ca/cb5a6d5f242d8f77bd84fac96ea302b624/4804/14191355/2/Mercedes_Benz-GLC_300-2023.jpg'},{url:'https://imagescdn.d2cmedia.ca/cb5a6d5f242d8f77bd84fac96ea302b624/4804/14191355/3/Mercedes_Benz-GLC_300-2023.jpg'},{url:'https://imagescdn.d2cmedia.ca/cb5a6d5f242d8f77bd84fac96ea302b624/4804/14191355/4/Mercedes_Benz-GLC_300-2023.jpg'},{url:'https://imagescdn.d2cmedia.ca/cb5a6d5f242d8f77bd84fac96ea302b624/4804/14191355/5/Mercedes_Benz-GLC_300-2023.jpg'},{url:'https://imagescdn.d2cmedia.ca/cb5a6d5f242d8f77bd84fac96ea302b624/4804/14191355/6/Mercedes_Benz-GLC_300-2023.jpg'},{url:'https://imagescdn.d2cmedia.ca/cb5a6d5f242d8f77bd84fac96ea302b624/4804/14191355/7/Mercedes_Benz-GLC_300-2023.jpg'},{url:'https://imagescdn.d2cmedia.ca/cb5a6d5f242d8f77bd84fac96ea302b624/4804/14191355/8/Mercedes_Benz-GLC_300-2023.jpg'}]",76431,KM,https://www.mercedes-benz-maple.ca/used/2023-Mercedes_Benz-GLC_300-id14191355.html,2023 Mercedes-Benz GLC GLC 300 4MATIC SUV at Mercedes-Benz Maple,46900 CAD,CPO,White,Black,4804,Mercedes-Benz Maple,+1-905-585-9300,"{addr1: '9300 Jane St', city: 'Maple', region: 'Ontario', postal_code: 'L6A 0C5', country: 'CA'}",43.8344170000,-79.5341990000,,,,,https://www.mercedes-benz-maple.ca/privacy-policy.html,CPO,4804,In stock,,46900 CAD,Free,
W1N4M4HB1SW418238,W1N4M4HB1SW418238,MP4781314,Mercedes-Benz,GLB,GLB 250 4MATIC SUV,2025,AUTOMATIC,SUV,GASOLINE,,"2025 Mercedes-Benz GLB GLB 250 4MATIC SUV, Black exterior","[{url:'https://imagescdn.d2cmedia.ca/cbbe6700009007ac88c6edbfa6b81d7dfe/4804/14436064/1/Mercedes_Benz-GLB-2025.jpg'},{url:'https://imagescdn.d2cmedia.ca/s8be6700009007ac88c6edbfa6b81d7dfe/4804/14436064/1/Mercedes_Benz-GLB_250-2025.jpg'},{url:'https://imagescdn.d2cmedia.ca/cbbe6700009007ac88c6edbfa6b81d7dfe/4804/14436064/1/Mercedes_Benz-GLB_250-2025.jpg'}]",10494,KM,https://www.mercedes-benz-maple.ca/used/2025-Mercedes_Benz-GLB_250-id14436064.html,2025 Mercedes-Benz GLB GLB 250 4MATIC SUV at Mercedes-Benz Maple,49900 CAD,CPO,Black,Black,4804,Mercedes-Benz Maple,+1-905-585-9300,"{addr1: '9300 Jane St', city: 'Maple', region: 'Ontario', postal_code: 'L6A 0C5', country: 'CA'}",43.8344170000,-79.5341990000,,,,,https://www.mercedes-benz-maple.ca/privacy-policy.html,CPO,4804,In stock,,49900 CAD,Free,
W1NKM4HB9RF168538,W1NKM4HB9RF168538,MP26656850,Mercedes-Benz,GLC,GLC 300 4MATIC SUV,2024,AUTOMATIC,SUV,GASOLINE,,"2024 Mercedes-Benz GLC GLC 300 4MATIC SUV, Silver exterior","[{url:'https://imagescdn.d2cmedia.ca/cb6b27fe696dcbaf9d523e61c43a2186a5/4804/14264678/1/Mercedes_Benz-GLC-2024.jpg'},{url:'https://imagescdn.d2cmedia.ca/s86b27fe696dcbaf9d523e61c43a2186a5/4804/14264678/1/Mercedes_Benz-GLC_300-2024.jpg'},{url:'https://imagescdn.d2cmedia.ca/cb6b27fe696dcbaf9d523e61c43a2186a5/4804/14264678/1/Mercedes_Benz-GLC_300-2024.jpg'},{url:'https://imagescdn.d2cmedia.ca/cb6b27fe696dcbaf9d523e61c43a2186a5/4804/14264678/2/Mercedes_Benz-GLC_300-2024.jpg'},{url:'https://imagescdn.d2cmedia.ca/cb6b27fe696dcbaf9d523e61c43a2186a5/4804/14264678/3/Mercedes_Benz-GLC_300-2024.jpg'},{url:'https://imagescdn.d2cmedia.ca/cb6b27fe696dcbaf9d523e61c43a2186a5/4804/14264678/4/Mercedes_Benz-GLC_300-2024.jpg'},{url:'https://imagescdn.d2cmedia.ca/cb6b27fe696dcbaf9d523e61c43a2186a5/4804/14264678/5/Mercedes_Benz-GLC_300-2024.jpg'},{url:'https://imagescdn.d2cmedia.ca/cb6b27fe696dcbaf9d523e61c43a2186a5/4804/14264678/6/Mercedes_Benz-GLC_300-2024.jpg'},{url:'https://imagescdn.d2cmedia.ca/cb6b27fe696dcbaf9d523e61c43a2186a5/4804/14264678/7/Mercedes_Benz-GLC_300-2024.jpg'},{url:'https://imagescdn.d2cmedia.ca/cb6b27fe696dcbaf9d523e61c43a2186a5/4804/14264678/8/Mercedes_Benz-GLC_300-2024.jpg'}]",47072,KM,https://www.mercedes-benz-maple.ca/used/2024-Mercedes_Benz-GLC_300-id14264678.html,2024 Mercedes-Benz GLC GLC 300 4MATIC SUV at Mercedes-Benz Maple,49900 CAD,CPO,Silver,Brown,4804,Mercedes-Benz Maple,+1-905-585-9300,"{addr1: '9300 Jane St', city: 'Maple', region: 'Ontario', postal_code: 'L6A 0C5', country: 'CA'}",43.8344170000,-79.5341990000,,,,,https://www.mercedes-benz-maple.ca/privacy-policy.html,CPO,4804,In stock,,49900 CAD,Free,
4JGFB4KB2NA600476,4JGFB4KB2NA600476,M26527842B,Mercedes-Benz,GLE,GLE 350 4MATIC SUV,2022,AUTOMATIC,SUV,GASOLINE,,"2022 Mercedes-Benz GLE GLE 350 4MATIC SUV, White exterior","[{url:'https://imagescdn.d2cmedia.ca/cbf132a2758985044fa133ffd7ce9c20bc/4804/14357146/1/Mercedes_Benz-GLE-2022.jpg'},{url:'https://imagescdn.d2cmedia.ca/s8f132a2758985044fa133ffd7ce9c20bc/4804/14357146/1/Mercedes_Benz-GLE_350-2022.jpg'},{url:'https://imagescdn.d2cmedia.ca/cbf132a2758985044fa133ffd7ce9c20bc/4804/14357146/1/Mercedes_Benz-GLE_350-2022.jpg'},{url:'https://imagescdn.d2cmedia.ca/cbf132a2758985044fa133ffd7ce9c20bc/4804/14357146/2/Mercedes_Benz-GLE_350-2022.jpg'},{url:'https://imagescdn.d2cmedia.ca/cbf132a2758985044fa133ffd7ce9c20bc/4804/14357146/3/Mercedes_Benz-GLE_350-2022.jpg'},{url:'https://imagescdn.d2cmedia.ca/cbf132a2758985044fa133ffd7ce9c20bc/4804/14357146/4/Mercedes_Benz-GLE_350-2022.jpg'},{url:'https://imagescdn.d2cmedia.ca/cbf132a2758985044fa133ffd7ce9c20bc/4804/14357146/5/Mercedes_Benz-GLE_350-2022.jpg'},{url:'https://imagescdn.d2cmedia.ca/cbf132a2758985044fa133ffd7ce9c20bc/4804/14357146/6/Mercedes_Benz-GLE_350-2022.jpg'},{url:'https://imagescdn.d2cmedia.ca/cbf132a2758985044fa133ffd7ce9c20bc/4804/14357146/7/Mercedes_Benz-GLE_350-2022.jpg'},{url:'https://imagescdn.d2cmedia.ca/cbf132a2758985044fa133ffd7ce9c20bc/4804/14357146/8/Mercedes_Benz-GLE_350-2022.jpg'}]",92589,KM,https://www.mercedes-benz-maple.ca/used/2022-Mercedes_Benz-GLE_350-id14357146.html,2022 Mercedes-Benz GLE GLE 350 4MATIC SUV at Mercedes-Benz Maple,49900 CAD,CPO,White,Black,4804,Mercedes-Benz Maple,+1-905-585-9300,"{addr1: '9300 Jane St', city: 'Maple', region: 'Ontario', postal_code: 'L6A 0C5', country: 'CA'}",43.8344170000,-79.5341990000,,,,,https://www.mercedes-benz-maple.ca/privacy-policy.html,CPO,4804,In stock,,49900 CAD,Free,
W1KZF8EBXPB163144,W1KZF8EBXPB163144,M27662894A,Mercedes-Benz,E-Class,E 350 4MATIC Sedan,2023,AUTOMATIC,SEDAN,GASOLINE,,"2023 Mercedes-Benz E-Class E 350 4MATIC Sedan, Grey exterior","[{url:'https://imagescdn.d2cmedia.ca/cb86391fa926e0d6dbd86a15435b0cb548/4804/14389707/1/Mercedes_Benz-E_Class-2023.jpg'},{url:'https://imagescdn.d2cmedia.ca/s886391fa926e0d6dbd86a15435b0cb548/4804/14389707/1/Mercedes_Benz-E_350-2023.jpg'},{url:'https://imagescdn.d2cmedia.ca/cb86391fa926e0d6dbd86a15435b0cb548/4804/14389707/1/Mercedes_Benz-E_350-2023.jpg'}]",45890,KM,https://www.mercedes-benz-maple.ca/used/2023-Mercedes_Benz-E_350-id14389707.html,2023 Mercedes-Benz E-Class E 350 4MATIC Sedan at Mercedes-Benz Maple,54900 CAD,CPO,Grey,Black,4804,Mercedes-Benz Maple,+1-905-585-9300,"{addr1: '9300 Jane St', city: 'Maple', region: 'Ontario', postal_code: 'L6A 0C5', country: 'CA'}",43.8344170000,-79.5341990000,,,,,https://www.mercedes-benz-maple.ca/privacy-policy.html,CPO,4804,In stock,,54900 CAD,Free,
W1Y4KCHY7PP593134,W1Y4KCHY7PP593134,SP26660192A,Mercedes-Benz,Sprinter Cargo Van,"2500 High Roof I4 Diesel 170""",2023,AUTOMATIC,VAN,DIESEL,,"2023 Mercedes-Benz Sprinter Cargo Van 2500 High Roof I4 Diesel 170"", White exterior","[{url:'https://imagescdn.d2cmedia.ca/cb41714135d6d504f13452708bb5d131a1/4804/14357152/1/Mercedes_Benz-Sprinter Cargo Van-2023.jpg'},{url:'https://imagescdn.d2cmedia.ca/s841714135d6d504f13452708bb5d131a1/4804/14357152/1/Mercedes_Benz-Sprinter_2500_Cargo-2023.jpg'},{url:'https://imagescdn.d2cmedia.ca/cb41714135d6d504f13452708bb5d131a1/4804/14357152/1/Mercedes_Benz-Sprinter_2500_Cargo-2023.jpg'}]",82956,KM,https://www.mercedes-benz-maple.ca/used/2023-Mercedes_Benz-Sprinter_2500_Cargo-id14357152.html,"2023 Mercedes-Benz Sprinter Cargo Van 2500 High Roof I4 Diesel 170"" at Mercedes-Benz Maple",54907 CAD,CPO,White,Black,4804,Mercedes-Benz Maple,+1-905-585-9300,"{addr1: '9300 Jane St', city: 'Maple', region: 'Ontario', postal_code: 'L6A 0C5', country: 'CA'}",43.8344170000,-79.5341990000,,,,,https://www.mercedes-benz-maple.ca/privacy-policy.html,CPO,4804,In stock,,54907 CAD,Free,
W1Y4KBHY8RP631693,W1Y4KBHY8RP631693,SP26506539,Mercedes-Benz,Sprinter Cargo Van,"2500 Standard Roof I4 Diesel 144""",2024,AUTOMATIC,VAN,DIESEL,,"2024 Mercedes-Benz Sprinter Cargo Van 2500 Standard Roof I4 Diesel 144"", White exterior","[{url:'https://imagescdn.d2cmedia.ca/cb88bb6d90fe50231116ba4f5bc777e143/4804/14429913/1/Mercedes_Benz-Sprinter Cargo Van-2024.jpg'},{url:'https://imagescdn.d2cmedia.ca/s888bb6d90fe50231116ba4f5bc777e143/4804/14429913/1/Mercedes_Benz-Sprinter_Cargo_Van-2024.jpg'},{url:'https://imagescdn.d2cmedia.ca/cb88bb6d90fe50231116ba4f5bc777e143/4804/14429913/1/Mercedes_Benz-Sprinter_Cargo_Van-2024.jpg'}]",61495,KM,https://www.mercedes-benz-maple.ca/used/2024-Mercedes_Benz-Sprinter_Cargo_Van-id14429913.html,"2024 Mercedes-Benz Sprinter Cargo Van 2500 Standard Roof I4 Diesel 144"" at Mercedes-Benz Maple",54998 CAD,CPO,White,Black,4804,Mercedes-Benz Maple,+1-905-585-9300,"{addr1: '9300 Jane St', city: 'Maple', region: 'Ontario', postal_code: 'L6A 0C5', country: 'CA'}",43.8344170000,-79.5341990000,,,,,https://www.mercedes-benz-maple.ca/privacy-policy.html,CPO,4804,In stock,,54998 CAD,Free,
W1Y4KCHY9PP589716,W1Y4KCHY9PP589716,SP26659466A,Mercedes-Benz,Sprinter Cargo Van,"2500 High Roof I4 Diesel 170""",2023,AUTOMATIC,VAN,GASOLINE,,"2023 Mercedes-Benz Sprinter Cargo Van 2500 High Roof I4 Diesel 170"", Black exterior","[{url:'https://imagescdn.d2cmedia.ca/cbc8e247262dcdade9ae15ec780bae5289/4804/14424022/1/Mercedes_Benz-Sprinter Cargo Van-2023.jpg'},{url:'https://imagescdn.d2cmedia.ca/s8c8e247262dcdade9ae15ec780bae5289/4804/14424022/1/Mercedes_Benz-Sprinter_2500_Cargo-2023.jpg'},{url:'https://imagescdn.d2cmedia.ca/cbc8e247262dcdade9ae15ec780bae5289/4804/14424022/1/Mercedes_Benz-Sprinter_2500_Cargo-2023.jpg'},{url:'https://imagescdn.d2cmedia.ca/cbc8e247262dcdade9ae15ec780bae5289/4804/14424022/2/Mercedes_Benz-Sprinter_2500_Cargo-2023.jpg'},{url:'https://imagescdn.d2cmedia.ca/cbc8e247262dcdade9ae15ec780bae5289/4804/14424022/3/Mercedes_Benz-Sprinter_2500_Cargo-2023.jpg'},{url:'https://imagescdn.d2cmedia.ca/cbc8e247262dcdade9ae15ec780bae5289/4804/14424022/4/Mercedes_Benz-Sprinter_2500_Cargo-2023.jpg'},{url:'https://imagescdn.d2cmedia.ca/cbc8e247262dcdade9ae15ec780bae5289/4804/14424022/5/Mercedes_Benz-Sprinter_2500_Cargo-2023.jpg'},{url:'https://imagescdn.d2cmedia.ca/cbc8e247262dcdade9ae15ec780bae5289/4804/14424022/6/Mercedes_Benz-Sprinter_2500_Cargo-2023.jpg'},{url:'https://imagescdn.d2cmedia.ca/cbc8e247262dcdade9ae15ec780bae5289/4804/14424022/7/Mercedes_Benz-Sprinter_2500_Cargo-2023.jpg'},{url:'https://imagescdn.d2cmedia.ca/cbc8e247262dcdade9ae15ec780bae5289/4804/14424022/8/Mercedes_Benz-Sprinter_2500_Cargo-2023.jpg'}]",45139,KM,https://www.mercedes-benz-maple.ca/used/2023-Mercedes_Benz-Sprinter_2500_Cargo-id14424022.html,"2023 Mercedes-Benz Sprinter Cargo Van 2500 High Roof I4 Diesel 170"" at Mercedes-Benz Maple",55888 CAD,CPO,Black,Black,4804,Mercedes-Benz Maple,+1-905-585-9300,"{addr1: '9300 Jane St', city: 'Maple', region: 'Ontario', postal_code: 'L6A 0C5', country: 'CA'}",43.8344170000,-79.5341990000,,,,,https://www.mercedes-benz-maple.ca/privacy-policy.html,CPO,4804,In stock,,55888 CAD,Free,
W1KZF8EB0PB111070,W1KZF8EB0PB111070,M26514651A,Mercedes-Benz,E-Class,E 350 4MATIC Sedan,2023,AUTOMATIC,SEDAN,GASOLINE,,"2023 Mercedes-Benz E-Class E 350 4MATIC Sedan, White exterior","[{url:'https://imagescdn.d2cmedia.ca/cb4e37dcfeffb138331d2ced61abab9b7c/4804/14357150/1/Mercedes_Benz-E_Class-2023.jpg'},{url:'https://imagescdn.d2cmedia.ca/s84e37dcfeffb138331d2ced61abab9b7c/4804/14357150/1/Mercedes_Benz-E_350-2023.jpg'},{url:'https://imagescdn.d2cmedia.ca/cb4e37dcfeffb138331d2ced61abab9b7c/4804/14357150/1/Mercedes_Benz-E_350-2023.jpg'},{url:'https://imagescdn.d2cmedia.ca/cb4e37dcfeffb138331d2ced61abab9b7c/4804/14357150/2/Mercedes_Benz-E_350-2023.jpg'},{url:'https://imagescdn.d2cmedia.ca/cb4e37dcfeffb138331d2ced61abab9b7c/4804/14357150/3/Mercedes_Benz-E_350-2023.jpg'},{url:'https://imagescdn.d2cmedia.ca/cb4e37dcfeffb138331d2ced61abab9b7c/4804/14357150/4/Mercedes_Benz-E_350-2023.jpg'},{url:'https://imagescdn.d2cmedia.ca/cb4e37dcfeffb138331d2ced61abab9b7c/4804/14357150/5/Mercedes_Benz-E_350-2023.jpg'},{url:'https://imagescdn.d2cmedia.ca/cb4e37dcfeffb138331d2ced61abab9b7c/4804/14357150/6/Mercedes_Benz-E_350-2023.jpg'},{url:'https://imagescdn.d2cmedia.ca/cb4e37dcfeffb138331d2ced61abab9b7c/4804/14357150/7/Mercedes_Benz-E_350-2023.jpg'},{url:'https://imagescdn.d2cmedia.ca/cb4e37dcfeffb138331d2ced61abab9b7c/4804/14357150/8/Mercedes_Benz-E_350-2023.jpg'}]",41781,KM,https://www.mercedes-benz-maple.ca/used/2023-Mercedes_Benz-E_350-id14357150.html,2023 Mercedes-Benz E-Class E 350 4MATIC Sedan at Mercedes-Benz Maple,55900 CAD,CPO,White,Black,4804,Mercedes-Benz Maple,+1-905-585-9300,"{addr1: '9300 Jane St', city: 'Maple', region: 'Ontario', postal_code: 'L6A 0C5', country: 'CA'}",43.8344170000,-79.5341990000,,,,,https://www.mercedes-benz-maple.ca/privacy-policy.html,CPO,4804,In stock,,55900 CAD,Free,
4JGFB4KB1PA903798,4JGFB4KB1PA903798,M26657869A,Mercedes-Benz,GLE,GLE 350 4MATIC SUV,2023,AUTOMATIC,SUV,GASOLINE,,"2023 Mercedes-Benz GLE GLE 350 4MATIC SUV, Black exterior","[{url:'https://imagescdn.d2cmedia.ca/cb0cd8982dfea590529cfa7a509042ec07/4804/14368553/1/Mercedes_Benz-GLE-2023.jpg'},{url:'https://imagescdn.d2cmedia.ca/s80cd8982dfea590529cfa7a509042ec07/4804/14368553/1/Mercedes_Benz-GLE_350-2023.jpg'},{url:'https://imagescdn.d2cmedia.ca/cb0cd8982dfea590529cfa7a509042ec07/4804/14368553/1/Mercedes_Benz-GLE_350-2023.jpg'},{url:'https://imagescdn.d2cmedia.ca/cb0cd8982dfea590529cfa7a509042ec07/4804/14368553/2/Mercedes_Benz-GLE_350-2023.jpg'},{url:'https://imagescdn.d2cmedia.ca/cb0cd8982dfea590529cfa7a509042ec07/4804/14368553/3/Mercedes_Benz-GLE_350-2023.jpg'},{url:'https://imagescdn.d2cmedia.ca/cb0cd8982dfea590529cfa7a509042ec07/4804/14368553/4/Mercedes_Benz-GLE_350-2023.jpg'},{url:'https://imagescdn.d2cmedia.ca/cb0cd8982dfea590529cfa7a509042ec07/4804/14368553/5/Mercedes_Benz-GLE_350-2023.jpg'},{url:'https://imagescdn.d2cmedia.ca/cb0cd8982dfea590529cfa7a509042ec07/4804/14368553/6/Mercedes_Benz-GLE_350-2023.jpg'},{url:'https://imagescdn.d2cmedia.ca/cb0cd8982dfea590529cfa7a509042ec07/4804/14368553/7/Mercedes_Benz-GLE_350-2023.jpg'},{url:'https://imagescdn.d2cmedia.ca/cb0cd8982dfea590529cfa7a509042ec07/4804/14368553/8/Mercedes_Benz-GLE_350-2023.jpg'}]",63900,KM,https://www.mercedes-benz-maple.ca/used/2023-Mercedes_Benz-GLE_350-id14368553.html,2023 Mercedes-Benz GLE GLE 350 4MATIC SUV at Mercedes-Benz Maple,57900 CAD,CPO,Black,Black,4804,Mercedes-Benz Maple,+1-905-585-9300,"{addr1: '9300 Jane St', city: 'Maple', region: 'Ontario', postal_code: 'L6A 0C5', country: 'CA'}",43.8344170000,-79.5341990000,,,,,https://www.mercedes-benz-maple.ca/privacy-policy.html,CPO,4804,In stock,,57900 CAD,Free,
W1KZF5KB1PB128303,W1KZF5KB1PB128303,MP4781388,Mercedes-Benz,E-Class,E 450 4MATIC Sedan,2023,AUTOMATIC,SEDAN,GASOLINE,,"2023 Mercedes-Benz E-Class E 450 4MATIC Sedan, Black exterior","[{url:'https://imagescdn.d2cmedia.ca/cbf8345da22452057f5aadafb579ae3512/4804/14436061/1/Mercedes_Benz-E_Class-2023.jpg'},{url:'https://imagescdn.d2cmedia.ca/s8f8345da22452057f5aadafb579ae3512/4804/14436061/1/Mercedes_Benz-E_450-2023.jpg'},{url:'https://imagescdn.d2cmedia.ca/cbf8345da22452057f5aadafb579ae3512/4804/14436061/1/Mercedes_Benz-E_450-2023.jpg'}]",61305,KM,https://www.mercedes-benz-maple.ca/used/2023-Mercedes_Benz-E_450-id14436061.html,2023 Mercedes-Benz E-Class E 450 4MATIC Sedan at Mercedes-Benz Maple,58900 CAD,CPO,Black,Black,4804,Mercedes-Benz Maple,+1-905-585-9300,"{addr1: '9300 Jane St', city: 'Maple', region: 'Ontario', postal_code: 'L6A 0C5', country: 'CA'}",43.8344170000,-79.5341990000,,,,,https://www.mercedes-benz-maple.ca/privacy-policy.html,CPO,4804,In stock,,58900 CAD,Free,
W1KEG1CB5PF033321,W1KEG1CB5PF033321,MP4777019,Mercedes-Benz,EQE,EQE 350 4MATIC Sedan,2023,AUTOMATIC,SEDAN,ELECTRIC,,"2023 Mercedes-Benz EQE EQE 350 4MATIC Sedan, Grey exterior","[{url:'https://imagescdn.d2cmedia.ca/cb6c08c457029dcd9773eb11fd3a71cd87/4804/14410807/1/Mercedes_Benz-EQE-2023.jpg'},{url:'https://imagescdn.d2cmedia.ca/s86c08c457029dcd9773eb11fd3a71cd87/4804/14410807/1/Mercedes_Benz-EQE-2023.jpg'}]",22000,KM,https://www.mercedes-benz-maple.ca/used/2023-Mercedes_Benz-EQE-id14410807.html,2023 Mercedes-Benz EQE EQE 350 4MATIC Sedan at Mercedes-Benz Maple,59900 CAD,CPO,Grey,Black,4804,Mercedes-Benz Maple,+1-905-585-9300,"{addr1: '9300 Jane St', city: 'Maple', region: 'Ontario', postal_code: 'L6A 0C5', country: 'CA'}",43.8344170000,-79.5341990000,,,,,https://www.mercedes-benz-maple.ca/privacy-policy.html,CPO,4804,In stock,,59900 CAD,Free,
W1NKJ4HB7RF142271,W1NKJ4HB7RF142271,MP26653131,Mercedes-Benz,GLC,GLC 300 4MATIC Coupe,2024,AUTOMATIC,COUPE,GASOLINE,,"2024 Mercedes-Benz GLC GLC 300 4MATIC Coupe, Black exterior","[{url:'https://imagescdn.d2cmedia.ca/cbd8f86272447acc8b4e5d652f0885a192/4804/14368551/1/Mercedes_Benz-GLC-2024.jpg'},{url:'https://imagescdn.d2cmedia.ca/s8d8f86272447acc8b4e5d652f0885a192/4804/14368551/1/Mercedes_Benz-GLC_300-2024.jpg'},{url:'https://imagescdn.d2cmedia.ca/cbd8f86272447acc8b4e5d652f0885a192/4804/14368551/1/Mercedes_Benz-GLC_300-2024.jpg'},{url:'https://imagescdn.d2cmedia.ca/cbd8f86272447acc8b4e5d652f0885a192/4804/14368551/2/Mercedes_Benz-GLC_300-2024.jpg'},{url:'https://imagescdn.d2cmedia.ca/cbd8f86272447acc8b4e5d652f0885a192/4804/14368551/3/Mercedes_Benz-GLC_300-2024.jpg'},{url:'https://imagescdn.d2cmedia.ca/cbd8f86272447acc8b4e5d652f0885a192/4804/14368551/4/Mercedes_Benz-GLC_300-2024.jpg'},{url:'https://imagescdn.d2cmedia.ca/cbd8f86272447acc8b4e5d652f0885a192/4804/14368551/5/Mercedes_Benz-GLC_300-2024.jpg'},{url:'https://imagescdn.d2cmedia.ca/cbd8f86272447acc8b4e5d652f0885a192/4804/14368551/6/Mercedes_Benz-GLC_300-2024.jpg'},{url:'https://imagescdn.d2cmedia.ca/cbd8f86272447acc8b4e5d652f0885a192/4804/14368551/7/Mercedes_Benz-GLC_300-2024.jpg'},{url:'https://imagescdn.d2cmedia.ca/cbd8f86272447acc8b4e5d652f0885a192/4804/14368551/8/Mercedes_Benz-GLC_300-2024.jpg'}]",53256,KM,https://www.mercedes-benz-maple.ca/used/2024-Mercedes_Benz-GLC_300-id14368551.html,2024 Mercedes-Benz GLC GLC 300 4MATIC Coupe at Mercedes-Benz Maple,59900 CAD,CPO,Black,Black,4804,Mercedes-Benz Maple,+1-905-585-9300,"{addr1: '9300 Jane St', city: 'Maple', region: 'Ontario', postal_code: 'L6A 0C5', country: 'CA'}",43.8344170000,-79.5341990000,,,,,https://www.mercedes-benz-maple.ca/privacy-policy.html,CPO,4804,In stock,,59900 CAD,Free,
W1NKJ4HB1RF147854,W1NKJ4HB1RF147854,M27658292A,Mercedes-Benz,GLC,GLC 300 4MATIC Coupe,2024,AUTOMATIC,COUPE,GASOLINE,,"2024 Mercedes-Benz GLC GLC 300 4MATIC Coupe, Grey exterior","[{url:'https://imagescdn.d2cmedia.ca/cbdc96c4772f4cf61f93f6fb0e574544d1/4804/14389706/1/Mercedes_Benz-GLC-2024.jpg'},{url:'https://imagescdn.d2cmedia.ca/s8dc96c4772f4cf61f93f6fb0e574544d1/4804/14389706/1/Mercedes_Benz-GLC_300-2024.jpg'},{url:'https://imagescdn.d2cmedia.ca/cbdc96c4772f4cf61f93f6fb0e574544d1/4804/14389706/1/Mercedes_Benz-GLC_300-2024.jpg'},{url:'https://imagescdn.d2cmedia.ca/cbdc96c4772f4cf61f93f6fb0e574544d1/4804/14389706/2/Mercedes_Benz-GLC_300-2024.jpg'},{url:'https://imagescdn.d2cmedia.ca/cbdc96c4772f4cf61f93f6fb0e574544d1/4804/14389706/3/Mercedes_Benz-GLC_300-2024.jpg'},{url:'https://imagescdn.d2cmedia.ca/cbdc96c4772f4cf61f93f6fb0e574544d1/4804/14389706/4/Mercedes_Benz-GLC_300-2024.jpg'},{url:'https://imagescdn.d2cmedia.ca/cbdc96c4772f4cf61f93f6fb0e574544d1/4804/14389706/5/Mercedes_Benz-GLC_300-2024.jpg'},{url:'https://imagescdn.d2cmedia.ca/cbdc96c4772f4cf61f93f6fb0e574544d1/4804/14389706/6/Mercedes_Benz-GLC_300-2024.jpg'},{url:'https://imagescdn.d2cmedia.ca/cbdc96c4772f4cf61f93f6fb0e574544d1/4804/14389706/7/Mercedes_Benz-GLC_300-2024.jpg'},{url:'https://imagescdn.d2cmedia.ca/cbdc96c4772f4cf61f93f6fb0e574544d1/4804/14389706/8/Mercedes_Benz-GLC_300-2024.jpg'}]",56445,KM,https://www.mercedes-benz-maple.ca/used/2024-Mercedes_Benz-GLC_300-id14389706.html,2024 Mercedes-Benz GLC GLC 300 4MATIC Coupe at Mercedes-Benz Maple,59900 CAD,CPO,Grey,Red,4804,Mercedes-Benz Maple,+1-905-585-9300,"{addr1: '9300 Jane St', city: 'Maple', region: 'Ontario', postal_code: 'L6A 0C5', country: 'CA'}",43.8344170000,-79.5341990000,,,,,https://www.mercedes-benz-maple.ca/privacy-policy.html,CPO,4804,In stock,,59900 CAD,Free,
4JGFB5KB5PA963427,4JGFB5KB5PA963427,MP4774690,Mercedes-Benz,GLE,GLE 450 4MATIC SUV,2023,AUTOMATIC,SUV,GASOLINE,,"2023 Mercedes-Benz GLE GLE 450 4MATIC SUV, Black exterior","[{url:'https://imagescdn.d2cmedia.ca/cb42b0853ba481191712bc193fd7bc6660/4804/14436063/1/Mercedes_Benz-GLE-2023.jpg'},{url:'https://imagescdn.d2cmedia.ca/s842b0853ba481191712bc193fd7bc6660/4804/14436063/1/Mercedes_Benz-GLE_450-2023.jpg'},{url:'https://imagescdn.d2cmedia.ca/cb42b0853ba481191712bc193fd7bc6660/4804/14436063/1/Mercedes_Benz-GLE_450-2023.jpg'}]",83000,KM,https://www.mercedes-benz-maple.ca/used/2023-Mercedes_Benz-GLE_450-id14436063.html,2023 Mercedes-Benz GLE GLE 450 4MATIC SUV at Mercedes-Benz Maple,59900 CAD,CPO,Black,Brown,4804,Mercedes-Benz Maple,+1-905-585-9300,"{addr1: '9300 Jane St', city: 'Maple', region: 'Ontario', postal_code: 'L6A 0C5', country: 'CA'}",43.8344170000,-79.5341990000,,,,,https://www.mercedes-benz-maple.ca/privacy-policy.html,CPO,4804,In stock,,59900 CAD,Free,
W1NKM4HB2TF537599,W1NKM4HB2TF537599,MP4712334,Mercedes-Benz,GLC,GLC 300 4MATIC SUV,2026,AUTOMATIC,SUV,GASOLINE,,"2026 Mercedes-Benz GLC GLC 300 4MATIC SUV, Silver exterior","[{url:'https://imagescdn.d2cmedia.ca/cb86379ea0390f0ad6d568d0e107376015/4804/14016676/1/Mercedes_Benz-GLC-2026.jpg'},{url:'https://imagescdn.d2cmedia.ca/s886379ea0390f0ad6d568d0e107376015/4804/14016676/1/Mercedes_Benz-GLC_300-2026.jpg'},{url:'https://imagescdn.d2cmedia.ca/cb86379ea0390f0ad6d568d0e107376015/4804/14016676/1/Mercedes_Benz-GLC_300-2026.jpg'},{url:'https://imagescdn.d2cmedia.ca/cb86379ea0390f0ad6d568d0e107376015/4804/14016676/2/Mercedes_Benz-GLC_300-2026.jpg'},{url:'https://imagescdn.d2cmedia.ca/cb86379ea0390f0ad6d568d0e107376015/4804/14016676/3/Mercedes_Benz-GLC_300-2026.jpg'},{url:'https://imagescdn.d2cmedia.ca/cb86379ea0390f0ad6d568d0e107376015/4804/14016676/4/Mercedes_Benz-GLC_300-2026.jpg'},{url:'https://imagescdn.d2cmedia.ca/cb86379ea0390f0ad6d568d0e107376015/4804/14016676/5/Mercedes_Benz-GLC_300-2026.jpg'},{url:'https://imagescdn.d2cmedia.ca/cb86379ea0390f0ad6d568d0e107376015/4804/14016676/6/Mercedes_Benz-GLC_300-2026.jpg'},{url:'https://imagescdn.d2cmedia.ca/cb86379ea0390f0ad6d568d0e107376015/4804/14016676/7/Mercedes_Benz-GLC_300-2026.jpg'},{url:'https://imagescdn.d2cmedia.ca/cb86379ea0390f0ad6d568d0e107376015/4804/14016676/8/Mercedes_Benz-GLC_300-2026.jpg'}]",18254,KM,https://www.mercedes-benz-maple.ca/used/2026-Mercedes_Benz-GLC_300-id14016676.html,2026 Mercedes-Benz GLC GLC 300 4MATIC SUV at Mercedes-Benz Maple,64900 CAD,CPO,Silver,Black,4804,Mercedes-Benz Maple,+1-905-585-9300,"{addr1: '9300 Jane St', city: 'Maple', region: 'Ontario', postal_code: 'L6A 0C5', country: 'CA'}",43.8344170000,-79.5341990000,,,,,https://www.mercedes-benz-maple.ca/privacy-policy.html,CPO,4804,In stock,,64900 CAD,Free,
4JGFB5KB9PA956593,4JGFB5KB9PA956593,MP26658260,Mercedes-Benz,GLE,GLE 450 4MATIC SUV,2023,AUTOMATIC,SUV,GASOLINE,,"2023 Mercedes-Benz GLE GLE 450 4MATIC SUV, Green exterior","[{url:'https://imagescdn.d2cmedia.ca/cb732be66608d3c2d899133df235812eef/4804/14436062/1/Mercedes_Benz-GLE-2023.jpg'},{url:'https://imagescdn.d2cmedia.ca/s8732be66608d3c2d899133df235812eef/4804/14436062/1/Mercedes_Benz-GLE_450-2023.jpg'},{url:'https://imagescdn.d2cmedia.ca/cb732be66608d3c2d899133df235812eef/4804/14436062/1/Mercedes_Benz-GLE_450-2023.jpg'}]",41252,KM,https://www.mercedes-benz-maple.ca/used/2023-Mercedes_Benz-GLE_450-id14436062.html,2023 Mercedes-Benz GLE GLE 450 4MATIC SUV at Mercedes-Benz Maple,64900 CAD,CPO,Green,Black,4804,Mercedes-Benz Maple,+1-905-585-9300,"{addr1: '9300 Jane St', city: 'Maple', region: 'Ontario', postal_code: 'L6A 0C5', country: 'CA'}",43.8344170000,-79.5341990000,,,,,https://www.mercedes-benz-maple.ca/privacy-policy.html,CPO,4804,In stock,,64900 CAD,Free,
W1Y4KDHY8RP640874,W1Y4KDHY8RP640874,MP26651499A,Mercedes-Benz,Sprinter Cargo Van,"2500 High Roof I4 Diesel 170"" EXT",2024,AUTOMATIC,VAN,DIESEL,,"2024 Mercedes-Benz Sprinter Cargo Van 2500 High Roof I4 Diesel 170"" EXT, White exterior","[{url:'https://imagescdn.d2cmedia.ca/cbddbf7ddc5aca3b88fc41aa4989b3bf78/4804/14396143/1/Mercedes_Benz-Sprinter Cargo Van-2024.jpg'},{url:'https://imagescdn.d2cmedia.ca/s8ddbf7ddc5aca3b88fc41aa4989b3bf78/4804/14396143/1/Mercedes_Benz-Sprinter_Cargo_Van-2024.jpg'},{url:'https://imagescdn.d2cmedia.ca/cbddbf7ddc5aca3b88fc41aa4989b3bf78/4804/14396143/1/Mercedes_Benz-Sprinter_Cargo_Van-2024.jpg'},{url:'https://imagescdn.d2cmedia.ca/cbddbf7ddc5aca3b88fc41aa4989b3bf78/4804/14396143/2/Mercedes_Benz-Sprinter_Cargo_Van-2024.jpg'},{url:'https://imagescdn.d2cmedia.ca/cbddbf7ddc5aca3b88fc41aa4989b3bf78/4804/14396143/3/Mercedes_Benz-Sprinter_Cargo_Van-2024.jpg'},{url:'https://imagescdn.d2cmedia.ca/cbddbf7ddc5aca3b88fc41aa4989b3bf78/4804/14396143/4/Mercedes_Benz-Sprinter_Cargo_Van-2024.jpg'},{url:'https://imagescdn.d2cmedia.ca/cbddbf7ddc5aca3b88fc41aa4989b3bf78/4804/14396143/5/Mercedes_Benz-Sprinter_Cargo_Van-2024.jpg'},{url:'https://imagescdn.d2cmedia.ca/cbddbf7ddc5aca3b88fc41aa4989b3bf78/4804/14396143/6/Mercedes_Benz-Sprinter_Cargo_Van-2024.jpg'},{url:'https://imagescdn.d2cmedia.ca/cbddbf7ddc5aca3b88fc41aa4989b3bf78/4804/14396143/7/Mercedes_Benz-Sprinter_Cargo_Van-2024.jpg'},{url:'https://imagescdn.d2cmedia.ca/cbddbf7ddc5aca3b88fc41aa4989b3bf78/4804/14396143/8/Mercedes_Benz-Sprinter_Cargo_Van-2024.jpg'}]",4141,KM,https://www.mercedes-benz-maple.ca/used/2024-Mercedes_Benz-Sprinter_Cargo_Van-id14396143.html,"2024 Mercedes-Benz Sprinter Cargo Van 2500 High Roof I4 Diesel 170"" EXT at Mercedes-Benz Maple",68888 CAD,CPO,White,Black,4804,Mercedes-Benz Maple,+1-905-585-9300,"{addr1: '9300 Jane St', city: 'Maple', region: 'Ontario', postal_code: 'L6A 0C5', country: 'CA'}",43.8344170000,-79.5341990000,,,,,https://www.mercedes-benz-maple.ca/privacy-policy.html,CPO,4804,In stock,,68888 CAD,Free,
W1NKM8HB1TF539058,W1NKM8HB1TF539058,MP4760584,Mercedes-Benz,GLC,AMG GLC 43 4MATIC+ SUV,2026,AUTOMATIC,SUV,GASOLINE,,"2026 Mercedes-Benz GLC AMG GLC 43 4MATIC+ SUV, Grey exterior","[{url:'https://imagescdn.d2cmedia.ca/cbf625b736b5f01a6d703bcd4a76dd45ab/4804/14295569/1/Mercedes_Benz-GLC-2026.jpg'},{url:'https://imagescdn.d2cmedia.ca/s8f625b736b5f01a6d703bcd4a76dd45ab/4804/14295569/1/Mercedes_Benz-GLC_43_AMG-2026.jpg'},{url:'https://imagescdn.d2cmedia.ca/cbf625b736b5f01a6d703bcd4a76dd45ab/4804/14295569/1/Mercedes_Benz-GLC_43_AMG-2026.jpg'},{url:'https://imagescdn.d2cmedia.ca/cbf625b736b5f01a6d703bcd4a76dd45ab/4804/14295569/2/Mercedes_Benz-GLC_43_AMG-2026.jpg'},{url:'https://imagescdn.d2cmedia.ca/cbf625b736b5f01a6d703bcd4a76dd45ab/4804/14295569/3/Mercedes_Benz-GLC_43_AMG-2026.jpg'},{url:'https://imagescdn.d2cmedia.ca/cbf625b736b5f01a6d703bcd4a76dd45ab/4804/14295569/4/Mercedes_Benz-GLC_43_AMG-2026.jpg'},{url:'https://imagescdn.d2cmedia.ca/cbf625b736b5f01a6d703bcd4a76dd45ab/4804/14295569/5/Mercedes_Benz-GLC_43_AMG-2026.jpg'},{url:'https://imagescdn.d2cmedia.ca/cbf625b736b5f01a6d703bcd4a76dd45ab/4804/14295569/6/Mercedes_Benz-GLC_43_AMG-2026.jpg'},{url:'https://imagescdn.d2cmedia.ca/cbf625b736b5f01a6d703bcd4a76dd45ab/4804/14295569/7/Mercedes_Benz-GLC_43_AMG-2026.jpg'},{url:'https://imagescdn.d2cmedia.ca/cbf625b736b5f01a6d703bcd4a76dd45ab/4804/14295569/8/Mercedes_Benz-GLC_43_AMG-2026.jpg'}]",14000,KM,https://www.mercedes-benz-maple.ca/used/2026-Mercedes_Benz-GLC_43_AMG-id14295569.html,2026 Mercedes-Benz GLC AMG GLC 43 4MATIC+ SUV at Mercedes-Benz Maple,85900 CAD,CPO,Grey,Black,4804,Mercedes-Benz Maple,+1-905-585-9300,"{addr1: '9300 Jane St', city: 'Maple', region: 'Ontario', postal_code: 'L6A 0C5', country: 'CA'}",43.8344170000,-79.5341990000,,,,,https://www.mercedes-benz-maple.ca/privacy-policy.html,CPO,4804,In stock,,85900 CAD,Free,
W1NKM8HB6TF534857,W1NKM8HB6TF534857,MP4760601,Mercedes-Benz,GLC,AMG GLC 43 4MATIC+ SUV,2026,AUTOMATIC,SUV,GASOLINE,,"2026 Mercedes-Benz GLC AMG GLC 43 4MATIC+ SUV, White exterior","[{url:'https://imagescdn.d2cmedia.ca/cb3c7ae1861f04b4cc3067c0c7597420df/4804/14295570/1/Mercedes_Benz-GLC-2026.jpg'},{url:'https://imagescdn.d2cmedia.ca/s83c7ae1861f04b4cc3067c0c7597420df/4804/14295570/1/Mercedes_Benz-GLC_43_AMG-2026.jpg'},{url:'https://imagescdn.d2cmedia.ca/cb3c7ae1861f04b4cc3067c0c7597420df/4804/14295570/1/Mercedes_Benz-GLC_43_AMG-2026.jpg'},{url:'https://imagescdn.d2cmedia.ca/cb3c7ae1861f04b4cc3067c0c7597420df/4804/14295570/2/Mercedes_Benz-GLC_43_AMG-2026.jpg'},{url:'https://imagescdn.d2cmedia.ca/cb3c7ae1861f04b4cc3067c0c7597420df/4804/14295570/3/Mercedes_Benz-GLC_43_AMG-2026.jpg'},{url:'https://imagescdn.d2cmedia.ca/cb3c7ae1861f04b4cc3067c0c7597420df/4804/14295570/4/Mercedes_Benz-GLC_43_AMG-2026.jpg'},{url:'https://imagescdn.d2cmedia.ca/cb3c7ae1861f04b4cc3067c0c7597420df/4804/14295570/5/Mercedes_Benz-GLC_43_AMG-2026.jpg'},{url:'https://imagescdn.d2cmedia.ca/cb3c7ae1861f04b4cc3067c0c7597420df/4804/14295570/6/Mercedes_Benz-GLC_43_AMG-2026.jpg'},{url:'https://imagescdn.d2cmedia.ca/cb3c7ae1861f04b4cc3067c0c7597420df/4804/14295570/7/Mercedes_Benz-GLC_43_AMG-2026.jpg'},{url:'https://imagescdn.d2cmedia.ca/cb3c7ae1861f04b4cc3067c0c7597420df/4804/14295570/8/Mercedes_Benz-GLC_43_AMG-2026.jpg'}]",14000,KM,https://www.mercedes-benz-maple.ca/used/2026-Mercedes_Benz-GLC_43_AMG-id14295570.html,2026 Mercedes-Benz GLC AMG GLC 43 4MATIC+ SUV at Mercedes-Benz Maple,85900 CAD,CPO,White,Black,4804,Mercedes-Benz Maple,+1-905-585-9300,"{addr1: '9300 Jane St', city: 'Maple', region: 'Ontario', postal_code: 'L6A 0C5', country: 'CA'}",43.8344170000,-79.5341990000,,,,,https://www.mercedes-benz-maple.ca/privacy-policy.html,CPO,4804,In stock,,85900 CAD,Free,
W1KCG5FBXPA042717,W1KCG5FBXPA042717,MP4776603,Mercedes-Benz,EQS,AMG EQS 4MATIC+ Sedan,2023,AUTOMATIC,SUV,ELECTRIC,,"2023 Mercedes-Benz EQS AMG EQS 4MATIC+ Sedan, Black exterior","[{url:'https://imagescdn.d2cmedia.ca/cbc0252a265c0e9cdbd3b71af891bb4019/4804/14416635/1/Mercedes_Benz-EQS-2023.jpg'},{url:'https://imagescdn.d2cmedia.ca/s8c0252a265c0e9cdbd3b71af891bb4019/4804/14416635/1/Mercedes_Benz-EQS-2023.jpg'}]",7169,KM,https://www.mercedes-benz-maple.ca/used/2023-Mercedes_Benz-EQS-id14416635.html,2023 Mercedes-Benz EQS AMG EQS 4MATIC+ Sedan at Mercedes-Benz Maple,109900 CAD,CPO,Black,Black,4804,Mercedes-Benz Maple,+1-905-585-9300,"{addr1: '9300 Jane St', city: 'Maple', region: 'Ontario', postal_code: 'L6A 0C5', country: 'CA'}",43.8344170000,-79.5341990000,,,,,https://www.mercedes-benz-maple.ca/privacy-policy.html,CPO,4804,In stock,,109900 CAD,Free,
5UXCY6C0XL9D62276,5UXCY6C0XL9D62276,M26525475A,BMW,X6,Xdrive40i,2020,AUTOMATIC,SUV,GASOLINE,,"2020 BMW X6 Xdrive40i, Black exterior","[{url:'https://imagescdn.d2cmedia.ca/cbc5caf4cc95034d881c6edda4924af2e1/4804/14289999/1/BMW-X6-2020.jpg'},{url:'https://imagescdn.d2cmedia.ca/s8c5caf4cc95034d881c6edda4924af2e1/4804/14289999/1/BMW-X6-2020.jpg'},{url:'https://imagescdn.d2cmedia.ca/cbc5caf4cc95034d881c6edda4924af2e1/4804/14289999/2/BMW-X6-2020.jpg'},{url:'https://imagescdn.d2cmedia.ca/cbc5caf4cc95034d881c6edda4924af2e1/4804/14289999/3/BMW-X6-2020.jpg'},{url:'https://imagescdn.d2cmedia.ca/cbc5caf4cc95034d881c6edda4924af2e1/4804/14289999/4/BMW-X6-2020.jpg'},{url:'https://imagescdn.d2cmedia.ca/cbc5caf4cc95034d881c6edda4924af2e1/4804/14289999/5/BMW-X6-2020.jpg'},{url:'https://imagescdn.d2cmedia.ca/cbc5caf4cc95034d881c6edda4924af2e1/4804/14289999/6/BMW-X6-2020.jpg'},{url:'https://imagescdn.d2cmedia.ca/cbc5caf4cc95034d881c6edda4924af2e1/4804/14289999/7/BMW-X6-2020.jpg'},{url:'https://imagescdn.d2cmedia.ca/cbc5caf4cc95034d881c6edda4924af2e1/4804/14289999/8/BMW-X6-2020.jpg'},{url:'https://imagescdn.d2cmedia.ca/cbc5caf4cc95034d881c6edda4924af2e1/4804/14289999/9/BMW-X6-2020.jpg'}]",76348,KM,https://www.mercedes-benz-maple.ca/used/2020-BMW-X6-id14289999.html,2020 BMW X6 Xdrive40i at Mercedes-Benz Maple,49900 CAD,Used,Black,Black,4804,Mercedes-Benz Maple,+1-905-585-9300,"{addr1: '9300 Jane St', city: 'Maple', region: 'Ontario', postal_code: 'L6A 0C5', country: 'CA'}",43.8344170000,-79.5341990000,,,,,https://www.mercedes-benz-maple.ca/privacy-policy.html,Used,4804,In stock,,49900 CAD,Free,
5UXJU4C01M9F38608,5UXJU4C01M9F38608,MP4756125A,BMW,X5,M50i,2021,AUTOMATIC,SUV,GASOLINE,,"2021 BMW X5 M50i, Black exterior","[{url:'https://imagescdn.d2cmedia.ca/cb90fb0d6e7398425a36aba41ceb5bd7c3/4804/14357148/1/BMW-X5-2021.jpg'},{url:'https://imagescdn.d2cmedia.ca/s890fb0d6e7398425a36aba41ceb5bd7c3/4804/14357148/1/BMW-X5-2021.jpg'},{url:'https://imagescdn.d2cmedia.ca/cb90fb0d6e7398425a36aba41ceb5bd7c3/4804/14357148/2/BMW-X5-2021.jpg'},{url:'https://imagescdn.d2cmedia.ca/cb90fb0d6e7398425a36aba41ceb5bd7c3/4804/14357148/3/BMW-X5-2021.jpg'},{url:'https://imagescdn.d2cmedia.ca/cb90fb0d6e7398425a36aba41ceb5bd7c3/4804/14357148/4/BMW-X5-2021.jpg'},{url:'https://imagescdn.d2cmedia.ca/cb90fb0d6e7398425a36aba41ceb5bd7c3/4804/14357148/5/BMW-X5-2021.jpg'},{url:'https://imagescdn.d2cmedia.ca/cb90fb0d6e7398425a36aba41ceb5bd7c3/4804/14357148/6/BMW-X5-2021.jpg'},{url:'https://imagescdn.d2cmedia.ca/cb90fb0d6e7398425a36aba41ceb5bd7c3/4804/14357148/7/BMW-X5-2021.jpg'},{url:'https://imagescdn.d2cmedia.ca/cb90fb0d6e7398425a36aba41ceb5bd7c3/4804/14357148/8/BMW-X5-2021.jpg'},{url:'https://imagescdn.d2cmedia.ca/cb90fb0d6e7398425a36aba41ceb5bd7c3/4804/14357148/9/BMW-X5-2021.jpg'}]",89470,KM,https://www.mercedes-benz-maple.ca/used/2021-BMW-X5-id14357148.html,2021 BMW X5 M50i at Mercedes-Benz Maple,51900 CAD,Used,Black,Black,4804,Mercedes-Benz Maple,+1-905-585-9300,"{addr1: '9300 Jane St', city: 'Maple', region: 'Ontario', postal_code: 'L6A 0C5', country: 'CA'}",43.8344170000,-79.5341990000,,,,,https://www.mercedes-benz-maple.ca/privacy-policy.html,Used,4804,In stock,,51900 CAD,Free,
WMZ83BR02R3R84949,WMZ83BR02R3R84949,MP26655414,MINI,Countryman,All4,2024,AUTOMATIC,SUV,GASOLINE,,"2024 MINI Countryman All4, Grey exterior","[{url:'https://imagescdn.d2cmedia.ca/cb6d8a18b7ed8b36b202daa890f030ea64/4804/14290000/1/MINI-Countryman-2024.jpg'},{url:'https://imagescdn.d2cmedia.ca/s86d8a18b7ed8b36b202daa890f030ea64/4804/14290000/1/MINI-Countryman-2024.jpg'},{url:'https://imagescdn.d2cmedia.ca/cb6d8a18b7ed8b36b202daa890f030ea64/4804/14290000/2/MINI-Countryman-2024.jpg'},{url:'https://imagescdn.d2cmedia.ca/cb6d8a18b7ed8b36b202daa890f030ea64/4804/14290000/3/MINI-Countryman-2024.jpg'},{url:'https://imagescdn.d2cmedia.ca/cb6d8a18b7ed8b36b202daa890f030ea64/4804/14290000/4/MINI-Countryman-2024.jpg'},{url:'https://imagescdn.d2cmedia.ca/cb6d8a18b7ed8b36b202daa890f030ea64/4804/14290000/5/MINI-Countryman-2024.jpg'},{url:'https://imagescdn.d2cmedia.ca/cb6d8a18b7ed8b36b202daa890f030ea64/4804/14290000/6/MINI-Countryman-2024.jpg'},{url:'https://imagescdn.d2cmedia.ca/cb6d8a18b7ed8b36b202daa890f030ea64/4804/14290000/7/MINI-Countryman-2024.jpg'},{url:'https://imagescdn.d2cmedia.ca/cb6d8a18b7ed8b36b202daa890f030ea64/4804/14290000/8/MINI-Countryman-2024.jpg'},{url:'https://imagescdn.d2cmedia.ca/cb6d8a18b7ed8b36b202daa890f030ea64/4804/14290000/9/MINI-Countryman-2024.jpg'}]",35661,KM,https://www.mercedes-benz-maple.ca/used/2024-MINI-Countryman-id14290000.html,2024 MINI Countryman All4 at Mercedes-Benz Maple,31900 CAD,Used,Grey,Black,4804,Mercedes-Benz Maple,+1-905-585-9300,"{addr1: '9300 Jane St', city: 'Maple', region: 'Ontario', postal_code: 'L6A 0C5', country: 'CA'}",43.8344170000,-79.5341990000,,,,,https://www.mercedes-benz-maple.ca/privacy-policy.html,Used,4804,In stock,,31900 CAD,Free,
W1K7X6BB3PA055211,W1K7X6BB3PA055211,M27653498A,Mercedes-Benz,AMG GT,AMG GT 53 4-Door Coupe,2023,AUTOMATIC,SEDAN,GASOLINE,,"2023 Mercedes-Benz AMG GT AMG GT 53 4-Door Coupe, Grey exterior","[{url:'https://imagescdn.d2cmedia.ca/cb50dcdb7581a2856dd8400297cf1346cc/4804/14436059/1/Mercedes_Benz-AMG GT-2023.jpg'},{url:'https://imagescdn.d2cmedia.ca/s850dcdb7581a2856dd8400297cf1346cc/4804/14436059/1/Mercedes_Benz-AMG_GT-2023.jpg'},{url:'https://imagescdn.d2cmedia.ca/cb50dcdb7581a2856dd8400297cf1346cc/4804/14436059/1/Mercedes_Benz-AMG_GT-2023.jpg'}]",46593,KM,https://www.mercedes-benz-maple.ca/used/2023-Mercedes_Benz-AMG_GT-id14436059.html,2023 Mercedes-Benz AMG GT AMG GT 53 4-Door Coupe at Mercedes-Benz Maple,97900 CAD,CPO,Grey,Black,4804,Mercedes-Benz Maple,+1-905-585-9300,"{addr1: '9300 Jane St', city: 'Maple', region: 'Ontario', postal_code: 'L6A 0C5', country: 'CA'}",43.8344170000,-79.5341990000,,,,,https://www.mercedes-benz-maple.ca/privacy-policy.html,CPO,4804,In stock,,97900 CAD,Free,
4JGFB4GB1SB430030,4JGFB4GB1SB430030,MP4759784,Mercedes-Benz,GLE PHEV,GLE 450e 4MATIC SUV,2025,AUTOMATIC,SUV,GASOLINE,,"2025 Mercedes-Benz GLE PHEV GLE 450e 4MATIC SUV, Silver exterior","[{url:'https://imagescdn.d2cmedia.ca/cbfbaf38967e8836b878e5767b7b8d0eaa/4804/14424017/1/Mercedes_Benz-GLE PHEV-2025.jpg'},{url:'https://imagescdn.d2cmedia.ca/s8fbaf38967e8836b878e5767b7b8d0eaa/4804/14424017/1/Mercedes_Benz-GLE_450e-2025.jpg'},{url:'https://imagescdn.d2cmedia.ca/cbfbaf38967e8836b878e5767b7b8d0eaa/4804/14424017/1/Mercedes_Benz-GLE_450e-2025.jpg'},{url:'https://imagescdn.d2cmedia.ca/cbfbaf38967e8836b878e5767b7b8d0eaa/4804/14424017/2/Mercedes_Benz-GLE_450e-2025.jpg'},{url:'https://imagescdn.d2cmedia.ca/cbfbaf38967e8836b878e5767b7b8d0eaa/4804/14424017/3/Mercedes_Benz-GLE_450e-2025.jpg'},{url:'https://imagescdn.d2cmedia.ca/cbfbaf38967e8836b878e5767b7b8d0eaa/4804/14424017/4/Mercedes_Benz-GLE_450e-2025.jpg'},{url:'https://imagescdn.d2cmedia.ca/cbfbaf38967e8836b878e5767b7b8d0eaa/4804/14424017/5/Mercedes_Benz-GLE_450e-2025.jpg'},{url:'https://imagescdn.d2cmedia.ca/cbfbaf38967e8836b878e5767b7b8d0eaa/4804/14424017/6/Mercedes_Benz-GLE_450e-2025.jpg'},{url:'https://imagescdn.d2cmedia.ca/cbfbaf38967e8836b878e5767b7b8d0eaa/4804/14424017/7/Mercedes_Benz-GLE_450e-2025.jpg'},{url:'https://imagescdn.d2cmedia.ca/cbfbaf38967e8836b878e5767b7b8d0eaa/4804/14424017/8/Mercedes_Benz-GLE_450e-2025.jpg'}]",69838,KM,https://www.mercedes-benz-maple.ca/used/2025-Mercedes_Benz-GLE_450e-id14424017.html,2025 Mercedes-Benz GLE PHEV GLE 450e 4MATIC SUV at Mercedes-Benz Maple,76900 CAD,CPO,Silver,Brown,4804,Mercedes-Benz Maple,+1-905-585-9300,"{addr1: '9300 Jane St', city: 'Maple', region: 'Ontario', postal_code: 'L6A 0C5', country: 'CA'}",43.8344170000,-79.5341990000,,,,,https://www.mercedes-benz-maple.ca/privacy-policy.html,CPO,4804,In stock,,76900 CAD,Free,
4JGFF5KE5SB311960,4JGFF5KE5SB311960,M26529247A,Mercedes-Benz,GLS,GLS 450 4MATIC SUV,2025,AUTOMATIC,SUV,GASOLINE,,"2025 Mercedes-Benz GLS GLS 450 4MATIC SUV, White exterior","[{url:'https://imagescdn.d2cmedia.ca/cbb42d28de258101fd70633e63f36d5a51/4804/14429911/1/Mercedes_Benz-GLS-2025.jpg'},{url:'https://imagescdn.d2cmedia.ca/s8b42d28de258101fd70633e63f36d5a51/4804/14429911/1/Mercedes_Benz-GLS_450-2025.jpg'},{url:'https://imagescdn.d2cmedia.ca/cbb42d28de258101fd70633e63f36d5a51/4804/14429911/1/Mercedes_Benz-GLS_450-2025.jpg'}]",19647,KM,https://www.mercedes-benz-maple.ca/used/2025-Mercedes_Benz-GLS_450-id14429911.html,2025 Mercedes-Benz GLS GLS 450 4MATIC SUV at Mercedes-Benz Maple,107900 CAD,CPO,White,Brown,4804,Mercedes-Benz Maple,+1-905-585-9300,"{addr1: '9300 Jane St', city: 'Maple', region: 'Ontario', postal_code: 'L6A 0C5', country: 'CA'}",43.8344170000,-79.5341990000,,,,,https://www.mercedes-benz-maple.ca/privacy-policy.html,CPO,4804,In stock,,107900 CAD,Free,
W1K6G7GB6PA213616,W1K6G7GB6PA213616,M26526115A,Mercedes-Benz,S-Class,S 580 4MATIC Sedan,2023,AUTOMATIC,SEDAN,GASOLINE,,"2023 Mercedes-Benz S-Class S 580 4MATIC Sedan, Black exterior","[{url:'https://imagescdn.d2cmedia.ca/cb3c5218a1f94c14eabd3a6eb64af70b7e/4804/14270447/1/Mercedes_Benz-S_Class-2023.jpg'},{url:'https://imagescdn.d2cmedia.ca/s83c5218a1f94c14eabd3a6eb64af70b7e/4804/14270447/1/Mercedes_Benz-S_580-2023.jpg'},{url:'https://imagescdn.d2cmedia.ca/cb3c5218a1f94c14eabd3a6eb64af70b7e/4804/14270447/1/Mercedes_Benz-S_580-2023.jpg'},{url:'https://imagescdn.d2cmedia.ca/cb3c5218a1f94c14eabd3a6eb64af70b7e/4804/14270447/2/Mercedes_Benz-S_580-2023.jpg'},{url:'https://imagescdn.d2cmedia.ca/cb3c5218a1f94c14eabd3a6eb64af70b7e/4804/14270447/3/Mercedes_Benz-S_580-2023.jpg'},{url:'https://imagescdn.d2cmedia.ca/cb3c5218a1f94c14eabd3a6eb64af70b7e/4804/14270447/4/Mercedes_Benz-S_580-2023.jpg'},{url:'https://imagescdn.d2cmedia.ca/cb3c5218a1f94c14eabd3a6eb64af70b7e/4804/14270447/5/Mercedes_Benz-S_580-2023.jpg'}]",77060,KM,https://www.mercedes-benz-maple.ca/used/2023-Mercedes_Benz-S_580-id14270447.html,2023 Mercedes-Benz S-Class S 580 4MATIC Sedan at Mercedes-Benz Maple,107900 CAD,CPO,Black,Black,4804,Mercedes-Benz Maple,+1-905-585-9300,"{addr1: '9300 Jane St', city: 'Maple', region: 'Ontario', postal_code: 'L6A 0C5', country: 'CA'}",43.8344170000,-79.5341990000,,,,,https://www.mercedes-benz-maple.ca/privacy-policy.html,CPO,4804,In stock,,107900 CAD,Free,
W1N4M4HB0SW401740,W1N4M4HB0SW401740,25466316-demo,Mercedes-Benz,GLB,GLB 250 4MATIC SUV,2025,AUTOMATIC,SUV,GASOLINE,,"2025 Mercedes-Benz GLB GLB 250 4MATIC SUV, White exterior","[{url:'https://imagescdn.d2cmedia.ca/cba1613242c69e983086ddf594e0071dbf/4804/11398744/1/Mercedes_Benz-GLB-2025.jpg'},{url:'https://imagescdn.d2cmedia.ca/s8a1613242c69e983086ddf594e0071dbf/4804/11398744/1/Mercedes_Benz-GLB_250-2025.jpg'},{url:'https://imagescdn.d2cmedia.ca/cba1613242c69e983086ddf594e0071dbf/4804/11398744/1/Mercedes_Benz-GLB_250-2025.jpg'},{url:'https://imagescdn.d2cmedia.ca/cba1613242c69e983086ddf594e0071dbf/4804/11398744/2/Mercedes_Benz-GLB_250-2025.jpg'},{url:'https://imagescdn.d2cmedia.ca/cba1613242c69e983086ddf594e0071dbf/4804/11398744/3/Mercedes_Benz-GLB_250-2025.jpg'},{url:'https://imagescdn.d2cmedia.ca/cba1613242c69e983086ddf594e0071dbf/4804/11398744/4/Mercedes_Benz-GLB_250-2025.jpg'},{url:'https://imagescdn.d2cmedia.ca/cba1613242c69e983086ddf594e0071dbf/4804/11398744/5/Mercedes_Benz-GLB_250-2025.jpg'},{url:'https://imagescdn.d2cmedia.ca/cba1613242c69e983086ddf594e0071dbf/4804/11398744/6/Mercedes_Benz-GLB_250-2025.jpg'},{url:'https://imagescdn.d2cmedia.ca/cba1613242c69e983086ddf594e0071dbf/4804/11398744/7/Mercedes_Benz-GLB_250-2025.jpg'},{url:'https://imagescdn.d2cmedia.ca/cba1613242c69e983086ddf594e0071dbf/4804/11398744/8/Mercedes_Benz-GLB_250-2025.jpg'}]",6418,KM,https://www.mercedes-benz-maple.ca/demos/2025-Mercedes_Benz-GLB_250-id11398744.html,2025 Mercedes-Benz GLB GLB 250 4MATIC SUV at Mercedes-Benz Maple,55888 CAD,Used,White,Black,4804,Mercedes-Benz Maple,+1-905-585-9300,"{addr1: '9300 Jane St', city: 'Maple', region: 'Ontario', postal_code: 'L6A 0C5', country: 'CA'}",43.8344170000,-79.5341990000,,,,,https://www.mercedes-benz-maple.ca/privacy-policy.html,Used,4804,In stock,,55888 CAD,Free,
W1N4M4HBXSW420795,W1N4M4HBXSW420795,25479222-demo,Mercedes-Benz,GLB,GLB 250 4MATIC SUV,2025,AUTOMATIC,SUV,GASOLINE,,"2025 Mercedes-Benz GLB GLB 250 4MATIC SUV, Silver exterior","[{url:'https://imagescdn.d2cmedia.ca/cb6ab798baca942/4804/11926707/1/Mercedes_Benz-GLB-2025.jpg'},{url:'https://imagescdn.d2cmedia.ca/s86ab798baca942/4804/11926707/1/Mercedes_Benz-GLB_250-2025.jpg'},{url:'https://imagescdn.d2cmedia.ca/cb6ab798baca942/4804/11926707/1/Mercedes_Benz-GLB_250-2025.jpg'},{url:'https://imagescdn.d2cmedia.ca/cb6ab798baca942/4804/11926707/2/Mercedes_Benz-GLB_250-2025.jpg'},{url:'https://imagescdn.d2cmedia.ca/cb6ab798baca942/4804/11926707/3/Mercedes_Benz-GLB_250-2025.jpg'},{url:'https://imagescdn.d2cmedia.ca/cb6ab798baca942/4804/11926707/4/Mercedes_Benz-GLB_250-2025.jpg'},{url:'https://imagescdn.d2cmedia.ca/cb6ab798baca942/4804/11926707/5/Mercedes_Benz-GLB_250-2025.jpg'},{url:'https://imagescdn.d2cmedia.ca/cb6ab798baca942/4804/11926707/6/Mercedes_Benz-GLB_250-2025.jpg'},{url:'https://imagescdn.d2cmedia.ca/cb6ab798baca942/4804/11926707/7/Mercedes_Benz-GLB_250-2025.jpg'},{url:'https://imagescdn.d2cmedia.ca/cb6ab798baca942/4804/11926707/8/Mercedes_Benz-GLB_250-2025.jpg'}]",7142,KM,https://www.mercedes-benz-maple.ca/demos/2025-Mercedes_Benz-GLB_250-id11926707.html,2025 Mercedes-Benz GLB GLB 250 4MATIC SUV at Mercedes-Benz Maple,55888 CAD,Used,Silver,Black,4804,Mercedes-Benz Maple,+1-905-585-9300,"{addr1: '9300 Jane St', city: 'Maple', region: 'Ontario', postal_code: 'L6A 0C5', country: 'CA'}",43.8344170000,-79.5341990000,,,,,https://www.mercedes-benz-maple.ca/privacy-policy.html,Used,4804,In stock,,55888 CAD,Free,
W1N4M4HBXSW391962,W1N4M4HBXSW391962,25463987-demo,Mercedes-Benz,GLB,GLB 250 4MATIC SUV,2025,AUTOMATIC,SUV,GASOLINE,,"2025 Mercedes-Benz GLB GLB 250 4MATIC SUV, White exterior","[{url:'https://imagescdn.d2cmedia.ca/cb1e57282413178d608f0e009dc20698d8/4804/12624044/1/Mercedes_Benz-GLB-2025.jpg'},{url:'https://imagescdn.d2cmedia.ca/s81e57282413178d608f0e009dc20698d8/4804/12624044/1/Mercedes_Benz-GLB_250-2025.jpg'},{url:'https://imagescdn.d2cmedia.ca/cb1e57282413178d608f0e009dc20698d8/4804/12624044/1/Mercedes_Benz-GLB_250-2025.jpg'},{url:'https://imagescdn.d2cmedia.ca/cb1e57282413178d608f0e009dc20698d8/4804/12624044/2/Mercedes_Benz-GLB_250-2025.jpg'},{url:'https://imagescdn.d2cmedia.ca/cb1e57282413178d608f0e009dc20698d8/4804/12624044/3/Mercedes_Benz-GLB_250-2025.jpg'},{url:'https://imagescdn.d2cmedia.ca/cb1e57282413178d608f0e009dc20698d8/4804/12624044/4/Mercedes_Benz-GLB_250-2025.jpg'},{url:'https://imagescdn.d2cmedia.ca/cb1e57282413178d608f0e009dc20698d8/4804/12624044/5/Mercedes_Benz-GLB_250-2025.jpg'},{url:'https://imagescdn.d2cmedia.ca/cb1e57282413178d608f0e009dc20698d8/4804/12624044/6/Mercedes_Benz-GLB_250-2025.jpg'},{url:'https://imagescdn.d2cmedia.ca/cb1e57282413178d608f0e009dc20698d8/4804/12624044/7/Mercedes_Benz-GLB_250-2025.jpg'},{url:'https://imagescdn.d2cmedia.ca/cb1e57282413178d608f0e009dc20698d8/4804/12624044/8/Mercedes_Benz-GLB_250-2025.jpg'}]",7750,KM,https://www.mercedes-benz-maple.ca/demos/2025-Mercedes_Benz-GLB_250-id12624044.html,2025 Mercedes-Benz GLB GLB 250 4MATIC SUV at Mercedes-Benz Maple,55888 CAD,Used,White,Black,4804,Mercedes-Benz Maple,+1-905-585-9300,"{addr1: '9300 Jane St', city: 'Maple', region: 'Ontario', postal_code: 'L6A 0C5', country: 'CA'}",43.8344170000,-79.5341990000,,,,,https://www.mercedes-benz-maple.ca/privacy-policy.html,Used,4804,In stock,,55888 CAD,Free,
W1N4M4HB8SW421055,W1N4M4HB8SW421055,25479223-demo,Mercedes-Benz,GLB,GLB 250 4MATIC SUV,2025,AUTOMATIC,SUV,GASOLINE,,"2025 Mercedes-Benz GLB GLB 250 4MATIC SUV, Silver exterior","[{url:'https://imagescdn.d2cmedia.ca/cb6ab798baca942/4804/12048103/1/Mercedes_Benz-GLB-2025.jpg'},{url:'https://imagescdn.d2cmedia.ca/s86ab798baca942/4804/12048103/1/Mercedes_Benz-GLB_250-2025.jpg'},{url:'https://imagescdn.d2cmedia.ca/cb6ab798baca942/4804/12048103/1/Mercedes_Benz-GLB_250-2025.jpg'},{url:'https://imagescdn.d2cmedia.ca/cb6ab798baca942/4804/12048103/2/Mercedes_Benz-GLB_250-2025.jpg'},{url:'https://imagescdn.d2cmedia.ca/cb6ab798baca942/4804/12048103/3/Mercedes_Benz-GLB_250-2025.jpg'},{url:'https://imagescdn.d2cmedia.ca/cb6ab798baca942/4804/12048103/4/Mercedes_Benz-GLB_250-2025.jpg'},{url:'https://imagescdn.d2cmedia.ca/cb6ab798baca942/4804/12048103/5/Mercedes_Benz-GLB_250-2025.jpg'},{url:'https://imagescdn.d2cmedia.ca/cb6ab798baca942/4804/12048103/6/Mercedes_Benz-GLB_250-2025.jpg'},{url:'https://imagescdn.d2cmedia.ca/cb6ab798baca942/4804/12048103/7/Mercedes_Benz-GLB_250-2025.jpg'},{url:'https://imagescdn.d2cmedia.ca/cb6ab798baca942/4804/12048103/8/Mercedes_Benz-GLB_250-2025.jpg'}]",8270,KM,https://www.mercedes-benz-maple.ca/demos/2025-Mercedes_Benz-GLB_250-id12048103.html,2025 Mercedes-Benz GLB GLB 250 4MATIC SUV at Mercedes-Benz Maple,55888 CAD,Used,Silver,Black,4804,Mercedes-Benz Maple,+1-905-585-9300,"{addr1: '9300 Jane St', city: 'Maple', region: 'Ontario', postal_code: 'L6A 0C5', country: 'CA'}",43.8344170000,-79.5341990000,,,,,https://www.mercedes-benz-maple.ca/privacy-policy.html,Used,4804,In stock,,55888 CAD,Free,
W1N4M4HB8SW433898,W1N4M4HB8SW433898,25505834-demo,Mercedes-Benz,GLB,GLB 250 4MATIC SUV,2025,AUTOMATIC,SUV,GASOLINE,,"2025 Mercedes-Benz GLB GLB 250 4MATIC SUV, White exterior","[{url:'https://imagescdn.d2cmedia.ca/cb6ab798baca942/4804/12425051/1/Mercedes_Benz-GLB-2025.jpg'},{url:'https://imagescdn.d2cmedia.ca/s86ab798baca942/4804/12425051/1/Mercedes_Benz-GLB_250-2025.jpg'},{url:'https://imagescdn.d2cmedia.ca/cb6ab798baca942/4804/12425051/1/Mercedes_Benz-GLB_250-2025.jpg'},{url:'https://imagescdn.d2cmedia.ca/cb6ab798baca942/4804/12425051/2/Mercedes_Benz-GLB_250-2025.jpg'},{url:'https://imagescdn.d2cmedia.ca/cb6ab798baca942/4804/12425051/3/Mercedes_Benz-GLB_250-2025.jpg'},{url:'https://imagescdn.d2cmedia.ca/cb6ab798baca942/4804/12425051/4/Mercedes_Benz-GLB_250-2025.jpg'},{url:'https://imagescdn.d2cmedia.ca/cb6ab798baca942/4804/12425051/5/Mercedes_Benz-GLB_250-2025.jpg'},{url:'https://imagescdn.d2cmedia.ca/cb6ab798baca942/4804/12425051/6/Mercedes_Benz-GLB_250-2025.jpg'},{url:'https://imagescdn.d2cmedia.ca/cb6ab798baca942/4804/12425051/7/Mercedes_Benz-GLB_250-2025.jpg'},{url:'https://imagescdn.d2cmedia.ca/cb6ab798baca942/4804/12425051/8/Mercedes_Benz-GLB_250-2025.jpg'}]",8324,KM,https://www.mercedes-benz-maple.ca/demos/2025-Mercedes_Benz-GLB_250-id12425051.html,2025 Mercedes-Benz GLB GLB 250 4MATIC SUV at Mercedes-Benz Maple,55888 CAD,Used,White,Black,4804,Mercedes-Benz Maple,+1-905-585-9300,"{addr1: '9300 Jane St', city: 'Maple', region: 'Ontario', postal_code: 'L6A 0C5', country: 'CA'}",43.8344170000,-79.5341990000,,,,,https://www.mercedes-benz-maple.ca/privacy-policy.html,Used,4804,In stock,,55888 CAD,Free,
W1N4M4HB6SW433639,W1N4M4HB6SW433639,25505833-demo,Mercedes-Benz,GLB,GLB 250 4MATIC SUV,2025,AUTOMATIC,SUV,GASOLINE,,"2025 Mercedes-Benz GLB GLB 250 4MATIC SUV, White exterior","[{url:'https://imagescdn.d2cmedia.ca/cb6ab798baca942/4804/12425050/1/Mercedes_Benz-GLB-2025.jpg'},{url:'https://imagescdn.d2cmedia.ca/s86ab798baca942/4804/12425050/1/Mercedes_Benz-GLB_250-2025.jpg'},{url:'https://imagescdn.d2cmedia.ca/cb6ab798baca942/4804/12425050/1/Mercedes_Benz-GLB_250-2025.jpg'},{url:'https://imagescdn.d2cmedia.ca/cb6ab798baca942/4804/12425050/2/Mercedes_Benz-GLB_250-2025.jpg'},{url:'https://imagescdn.d2cmedia.ca/cb6ab798baca942/4804/12425050/3/Mercedes_Benz-GLB_250-2025.jpg'},{url:'https://imagescdn.d2cmedia.ca/cb6ab798baca942/4804/12425050/4/Mercedes_Benz-GLB_250-2025.jpg'},{url:'https://imagescdn.d2cmedia.ca/cb6ab798baca942/4804/12425050/5/Mercedes_Benz-GLB_250-2025.jpg'},{url:'https://imagescdn.d2cmedia.ca/cb6ab798baca942/4804/12425050/6/Mercedes_Benz-GLB_250-2025.jpg'},{url:'https://imagescdn.d2cmedia.ca/cb6ab798baca942/4804/12425050/7/Mercedes_Benz-GLB_250-2025.jpg'},{url:'https://imagescdn.d2cmedia.ca/cb6ab798baca942/4804/12425050/8/Mercedes_Benz-GLB_250-2025.jpg'}]",9193,KM,https://www.mercedes-benz-maple.ca/demos/2025-Mercedes_Benz-GLB_250-id12425050.html,2025 Mercedes-Benz GLB GLB 250 4MATIC SUV at Mercedes-Benz Maple,55888 CAD,Used,White,Black,4804,Mercedes-Benz Maple,+1-905-585-9300,"{addr1: '9300 Jane St', city: 'Maple', region: 'Ontario', postal_code: 'L6A 0C5', country: 'CA'}",43.8344170000,-79.5341990000,,,,,https://www.mercedes-benz-maple.ca/privacy-policy.html,Used,4804,In stock,,55888 CAD,Free,
W1K5J4HB2TN595186,W1K5J4HB2TN595186,26516956-demo,Mercedes-Benz,CLA,CLA 250 4MATIC Coupe,2026,AUTOMATIC,SEDAN,GASOLINE,,"2026 Mercedes-Benz CLA CLA 250 4MATIC Coupe, Grey exterior","[{url:'https://imagescdn.d2cmedia.ca/cbd693e85b1141fdf462ca115e56f542ef/4804/14276959/1/Mercedes_Benz-CLA-2026.jpg'},{url:'https://imagescdn.d2cmedia.ca/s8d693e85b1141fdf462ca115e56f542ef/4804/14276959/1/Mercedes_Benz-CLA_250-2026.jpg'},{url:'https://imagescdn.d2cmedia.ca/cbd693e85b1141fdf462ca115e56f542ef/4804/14276959/1/Mercedes_Benz-CLA_250-2026.jpg'},{url:'https://imagescdn.d2cmedia.ca/cbd693e85b1141fdf462ca115e56f542ef/4804/14276959/2/Mercedes_Benz-CLA_250-2026.jpg'},{url:'https://imagescdn.d2cmedia.ca/cbd693e85b1141fdf462ca115e56f542ef/4804/14276959/3/Mercedes_Benz-CLA_250-2026.jpg'},{url:'https://imagescdn.d2cmedia.ca/cbd693e85b1141fdf462ca115e56f542ef/4804/14276959/4/Mercedes_Benz-CLA_250-2026.jpg'},{url:'https://imagescdn.d2cmedia.ca/cbd693e85b1141fdf462ca115e56f542ef/4804/14276959/5/Mercedes_Benz-CLA_250-2026.jpg'},{url:'https://imagescdn.d2cmedia.ca/cbd693e85b1141fdf462ca115e56f542ef/4804/14276959/6/Mercedes_Benz-CLA_250-2026.jpg'},{url:'https://imagescdn.d2cmedia.ca/cbd693e85b1141fdf462ca115e56f542ef/4804/14276959/7/Mercedes_Benz-CLA_250-2026.jpg'},{url:'https://imagescdn.d2cmedia.ca/cbd693e85b1141fdf462ca115e56f542ef/4804/14276959/8/Mercedes_Benz-CLA_250-2026.jpg'}]",6458,KM,https://www.mercedes-benz-maple.ca/demos/2026-Mercedes_Benz-CLA_250-id14276959.html,2026 Mercedes-Benz CLA CLA 250 4MATIC Coupe at Mercedes-Benz Maple,57620 CAD,Used,Grey,Black,4804,Mercedes-Benz Maple,+1-905-585-9300,"{addr1: '9300 Jane St', city: 'Maple', region: 'Ontario', postal_code: 'L6A 0C5', country: 'CA'}",43.8344170000,-79.5341990000,,,,,https://www.mercedes-benz-maple.ca/privacy-policy.html,Used,4804,In stock,,57620 CAD,Free,
W1KAF4HB9SR266217,W1KAF4HB9SR266217,25476226-demo,Mercedes-Benz,C-Class,C 300 4MATIC Sedan,2025,AUTOMATIC,SEDAN,GASOLINE,,"2025 Mercedes-Benz C-Class C 300 4MATIC Sedan, Black exterior","[{url:'https://imagescdn.d2cmedia.ca/cb496f5870666798bbb1a27aac1efb345e/4804/13198957/1/Mercedes_Benz-C_Class-2025.jpg'},{url:'https://imagescdn.d2cmedia.ca/s8496f5870666798bbb1a27aac1efb345e/4804/13198957/1/Mercedes_Benz-C_300-2025.jpg'},{url:'https://imagescdn.d2cmedia.ca/cb496f5870666798bbb1a27aac1efb345e/4804/13198957/1/Mercedes_Benz-C_300-2025.jpg'},{url:'https://imagescdn.d2cmedia.ca/cb496f5870666798bbb1a27aac1efb345e/4804/13198957/2/Mercedes_Benz-C_300-2025.jpg'},{url:'https://imagescdn.d2cmedia.ca/cb496f5870666798bbb1a27aac1efb345e/4804/13198957/3/Mercedes_Benz-C_300-2025.jpg'},{url:'https://imagescdn.d2cmedia.ca/cb496f5870666798bbb1a27aac1efb345e/4804/13198957/4/Mercedes_Benz-C_300-2025.jpg'},{url:'https://imagescdn.d2cmedia.ca/cb496f5870666798bbb1a27aac1efb345e/4804/13198957/5/Mercedes_Benz-C_300-2025.jpg'},{url:'https://imagescdn.d2cmedia.ca/cb496f5870666798bbb1a27aac1efb345e/4804/13198957/6/Mercedes_Benz-C_300-2025.jpg'},{url:'https://imagescdn.d2cmedia.ca/cb496f5870666798bbb1a27aac1efb345e/4804/13198957/7/Mercedes_Benz-C_300-2025.jpg'},{url:'https://imagescdn.d2cmedia.ca/cb496f5870666798bbb1a27aac1efb345e/4804/13198957/8/Mercedes_Benz-C_300-2025.jpg'}]",10976,KM,https://www.mercedes-benz-maple.ca/demos/2025-Mercedes_Benz-C_300-id13198957.html,2025 Mercedes-Benz C-Class C 300 4MATIC Sedan at Mercedes-Benz Maple,62506 CAD,Used,Black,Black,4804,Mercedes-Benz Maple,+1-905-585-9300,"{addr1: '9300 Jane St', city: 'Maple', region: 'Ontario', postal_code: 'L6A 0C5', country: 'CA'}",43.8344170000,-79.5341990000,,,,,https://www.mercedes-benz-maple.ca/privacy-policy.html,Used,4804,In stock,,62506 CAD,Free,
W1KAF4HB4SR285502,W1KAF4HB4SR285502,25503092-demo,Mercedes-Benz,C-Class,C 300 4MATIC Sedan,2025,AUTOMATIC,SEDAN,GASOLINE,,"2025 Mercedes-Benz C-Class C 300 4MATIC Sedan, White exterior","[{url:'https://imagescdn.d2cmedia.ca/cb6ab798baca942/4804/13256786/1/Mercedes_Benz-C_Class-2025.jpg'},{url:'https://imagescdn.d2cmedia.ca/s86ab798baca942/4804/13256786/1/Mercedes_Benz-C_300-2025.jpg'},{url:'https://imagescdn.d2cmedia.ca/cb6ab798baca942/4804/13256786/1/Mercedes_Benz-C_300-2025.jpg'},{url:'https://imagescdn.d2cmedia.ca/cb6ab798baca942/4804/13256786/2/Mercedes_Benz-C_300-2025.jpg'},{url:'https://imagescdn.d2cmedia.ca/cb6ab798baca942/4804/13256786/3/Mercedes_Benz-C_300-2025.jpg'},{url:'https://imagescdn.d2cmedia.ca/cb6ab798baca942/4804/13256786/4/Mercedes_Benz-C_300-2025.jpg'},{url:'https://imagescdn.d2cmedia.ca/cb6ab798baca942/4804/13256786/5/Mercedes_Benz-C_300-2025.jpg'},{url:'https://imagescdn.d2cmedia.ca/cb6ab798baca942/4804/13256786/6/Mercedes_Benz-C_300-2025.jpg'},{url:'https://imagescdn.d2cmedia.ca/cb6ab798baca942/4804/13256786/7/Mercedes_Benz-C_300-2025.jpg'},{url:'https://imagescdn.d2cmedia.ca/cb6ab798baca942/4804/13256786/8/Mercedes_Benz-C_300-2025.jpg'}]",8849,KM,https://www.mercedes-benz-maple.ca/demos/2025-Mercedes_Benz-C_300-id13256786.html,2025 Mercedes-Benz C-Class C 300 4MATIC Sedan at Mercedes-Benz Maple,62556 CAD,Used,White,Black,4804,Mercedes-Benz Maple,+1-905-585-9300,"{addr1: '9300 Jane St', city: 'Maple', region: 'Ontario', postal_code: 'L6A 0C5', country: 'CA'}",43.8344170000,-79.5341990000,,,,,https://www.mercedes-benz-maple.ca/privacy-policy.html,Used,4804,In stock,,62556 CAD,Free,
W1NKM4HB9TF430825,W1NKM4HB9TF430825,26512234-demo,Mercedes-Benz,GLC,GLC 300 4MATIC SUV,2026,AUTOMATIC,SUV,GASOLINE,,"2026 Mercedes-Benz GLC GLC 300 4MATIC SUV, White exterior","[{url:'https://imagescdn.d2cmedia.ca/cb6ab798baca942/4804/12741280/1/Mercedes_Benz-GLC-2026.jpg'},{url:'https://imagescdn.d2cmedia.ca/s86ab798baca942/4804/12741280/1/Mercedes_Benz-GLC_300-2026.jpg'},{url:'https://imagescdn.d2cmedia.ca/cb6ab798baca942/4804/12741280/1/Mercedes_Benz-GLC_300-2026.jpg'},{url:'https://imagescdn.d2cmedia.ca/cb6ab798baca942/4804/12741280/2/Mercedes_Benz-GLC_300-2026.jpg'},{url:'https://imagescdn.d2cmedia.ca/cb6ab798baca942/4804/12741280/3/Mercedes_Benz-GLC_300-2026.jpg'},{url:'https://imagescdn.d2cmedia.ca/cb6ab798baca942/4804/12741280/4/Mercedes_Benz-GLC_300-2026.jpg'},{url:'https://imagescdn.d2cmedia.ca/cb6ab798baca942/4804/12741280/5/Mercedes_Benz-GLC_300-2026.jpg'},{url:'https://imagescdn.d2cmedia.ca/cb6ab798baca942/4804/12741280/6/Mercedes_Benz-GLC_300-2026.jpg'},{url:'https://imagescdn.d2cmedia.ca/cb6ab798baca942/4804/12741280/7/Mercedes_Benz-GLC_300-2026.jpg'},{url:'https://imagescdn.d2cmedia.ca/cb6ab798baca942/4804/12741280/8/Mercedes_Benz-GLC_300-2026.jpg'}]",10082,KM,https://www.mercedes-benz-maple.ca/demos/2026-Mercedes_Benz-GLC_300-id12741280.html,2026 Mercedes-Benz GLC GLC 300 4MATIC SUV at Mercedes-Benz Maple,66975 CAD,Used,White,Black,4804,Mercedes-Benz Maple,+1-905-585-9300,"{addr1: '9300 Jane St', city: 'Maple', region: 'Ontario', postal_code: 'L6A 0C5', country: 'CA'}",43.8344170000,-79.5341990000,,,,,https://www.mercedes-benz-maple.ca/privacy-policy.html,Used,4804,In stock,,66975 CAD,Free,
W1N9M0KBXSN150688,W1N9M0KBXSN150688,25505690-demo,Mercedes-Benz,EQB,EQB 300 4MATIC SUV,2025,AUTOMATIC,SUV,ELECTRIC,,"2025 Mercedes-Benz EQB EQB 300 4MATIC SUV, Black exterior","[{url:'https://imagescdn.d2cmedia.ca/cb6ab798baca942/4804/12890879/1/Mercedes_Benz-EQB-2025.jpg'},{url:'https://imagescdn.d2cmedia.ca/s86ab798baca942/4804/12890879/1/Mercedes_Benz-EQB_300-2025.jpg'},{url:'https://imagescdn.d2cmedia.ca/cb6ab798baca942/4804/12890879/1/Mercedes_Benz-EQB_300-2025.jpg'},{url:'https://imagescdn.d2cmedia.ca/cb6ab798baca942/4804/12890879/2/Mercedes_Benz-EQB_300-2025.jpg'},{url:'https://imagescdn.d2cmedia.ca/cb6ab798baca942/4804/12890879/3/Mercedes_Benz-EQB_300-2025.jpg'},{url:'https://imagescdn.d2cmedia.ca/cb6ab798baca942/4804/12890879/4/Mercedes_Benz-EQB_300-2025.jpg'},{url:'https://imagescdn.d2cmedia.ca/cb6ab798baca942/4804/12890879/5/Mercedes_Benz-EQB_300-2025.jpg'},{url:'https://imagescdn.d2cmedia.ca/cb6ab798baca942/4804/12890879/6/Mercedes_Benz-EQB_300-2025.jpg'},{url:'https://imagescdn.d2cmedia.ca/cb6ab798baca942/4804/12890879/7/Mercedes_Benz-EQB_300-2025.jpg'},{url:'https://imagescdn.d2cmedia.ca/cb6ab798baca942/4804/12890879/8/Mercedes_Benz-EQB_300-2025.jpg'}]",90,KM,https://www.mercedes-benz-maple.ca/demos/2025-Mercedes_Benz-EQB_300-id12890879.html,2025 Mercedes-Benz EQB EQB 300 4MATIC SUV at Mercedes-Benz Maple,67126 CAD,Used,Black,Black,4804,Mercedes-Benz Maple,+1-905-585-9300,"{addr1: '9300 Jane St', city: 'Maple', region: 'Ontario', postal_code: 'L6A 0C5', country: 'CA'}",43.8344170000,-79.5341990000,,,,,https://www.mercedes-benz-maple.ca/privacy-policy.html,Used,4804,In stock,,67126 CAD,Free,
W1NKM4HB0TF468721,W1NKM4HB0TF468721,26514729-demo,Mercedes-Benz,GLC,GLC 300 4MATIC SUV,2026,AUTOMATIC,SUV,GASOLINE,,"2026 Mercedes-Benz GLC GLC 300 4MATIC SUV, Grey exterior","[{url:'https://imagescdn.d2cmedia.ca/cb6ab798baca942/4804/12819525/1/Mercedes_Benz-GLC-2026.jpg'},{url:'https://imagescdn.d2cmedia.ca/s86ab798baca942/4804/12819525/1/Mercedes_Benz-GLC_300-2026.jpg'},{url:'https://imagescdn.d2cmedia.ca/cb6ab798baca942/4804/12819525/1/Mercedes_Benz-GLC_300-2026.jpg'},{url:'https://imagescdn.d2cmedia.ca/cb6ab798baca942/4804/12819525/2/Mercedes_Benz-GLC_300-2026.jpg'},{url:'https://imagescdn.d2cmedia.ca/cb6ab798baca942/4804/12819525/3/Mercedes_Benz-GLC_300-2026.jpg'},{url:'https://imagescdn.d2cmedia.ca/cb6ab798baca942/4804/12819525/4/Mercedes_Benz-GLC_300-2026.jpg'},{url:'https://imagescdn.d2cmedia.ca/cb6ab798baca942/4804/12819525/5/Mercedes_Benz-GLC_300-2026.jpg'},{url:'https://imagescdn.d2cmedia.ca/cb6ab798baca942/4804/12819525/6/Mercedes_Benz-GLC_300-2026.jpg'},{url:'https://imagescdn.d2cmedia.ca/cb6ab798baca942/4804/12819525/7/Mercedes_Benz-GLC_300-2026.jpg'},{url:'https://imagescdn.d2cmedia.ca/cb6ab798baca942/4804/12819525/8/Mercedes_Benz-GLC_300-2026.jpg'}]",90,KM,https://www.mercedes-benz-maple.ca/demos/2026-Mercedes_Benz-GLC_300-id12819525.html,2026 Mercedes-Benz GLC GLC 300 4MATIC SUV at Mercedes-Benz Maple,69310 CAD,Used,Grey,Black,4804,Mercedes-Benz Maple,+1-905-585-9300,"{addr1: '9300 Jane St', city: 'Maple', region: 'Ontario', postal_code: 'L6A 0C5', country: 'CA'}",43.8344170000,-79.5341990000,,,,,https://www.mercedes-benz-maple.ca/privacy-policy.html,Used,4804,In stock,,69310 CAD,Free,
W1NKM4HB4TF468155,W1NKM4HB4TF468155,26514730-demo,Mercedes-Benz,GLC,GLC 300 4MATIC SUV,2026,AUTOMATIC,SUV,GASOLINE,,"2026 Mercedes-Benz GLC GLC 300 4MATIC SUV, Black exterior","[{url:'https://imagescdn.d2cmedia.ca/cb6ab798baca942/4804/13264630/1/Mercedes_Benz-GLC-2026.jpg'},{url:'https://imagescdn.d2cmedia.ca/s86ab798baca942/4804/13264630/1/Mercedes_Benz-GLC_300-2026.jpg'},{url:'https://imagescdn.d2cmedia.ca/cb6ab798baca942/4804/13264630/1/Mercedes_Benz-GLC_300-2026.jpg'},{url:'https://imagescdn.d2cmedia.ca/cb6ab798baca942/4804/13264630/2/Mercedes_Benz-GLC_300-2026.jpg'},{url:'https://imagescdn.d2cmedia.ca/cb6ab798baca942/4804/13264630/3/Mercedes_Benz-GLC_300-2026.jpg'},{url:'https://imagescdn.d2cmedia.ca/cb6ab798baca942/4804/13264630/4/Mercedes_Benz-GLC_300-2026.jpg'},{url:'https://imagescdn.d2cmedia.ca/cb6ab798baca942/4804/13264630/5/Mercedes_Benz-GLC_300-2026.jpg'},{url:'https://imagescdn.d2cmedia.ca/cb6ab798baca942/4804/13264630/6/Mercedes_Benz-GLC_300-2026.jpg'},{url:'https://imagescdn.d2cmedia.ca/cb6ab798baca942/4804/13264630/7/Mercedes_Benz-GLC_300-2026.jpg'},{url:'https://imagescdn.d2cmedia.ca/cb6ab798baca942/4804/13264630/8/Mercedes_Benz-GLC_300-2026.jpg'}]",9904,KM,https://www.mercedes-benz-maple.ca/demos/2026-Mercedes_Benz-GLC_300-id13264630.html,2026 Mercedes-Benz GLC GLC 300 4MATIC SUV at Mercedes-Benz Maple,70218 CAD,Used,Black,Black,4804,Mercedes-Benz Maple,+1-905-585-9300,"{addr1: '9300 Jane St', city: 'Maple', region: 'Ontario', postal_code: 'L6A 0C5', country: 'CA'}",43.8344170000,-79.5341990000,,,,,https://www.mercedes-benz-maple.ca/privacy-policy.html,Used,4804,In stock,,70218 CAD,Free,
W1NKM4HB4TF456751,W1NKM4HB4TF456751,26512214-demo,Mercedes-Benz,GLC,GLC 300 4MATIC SUV,2026,AUTOMATIC,SUV,GASOLINE,,"2026 Mercedes-Benz GLC GLC 300 4MATIC SUV, White exterior","[{url:'https://imagescdn.d2cmedia.ca/s86ab798baca942/4804/14038156/1/Mercedes_Benz-GLC_300-2026.jpg'},{url:'https://imagescdn.d2cmedia.ca/cb6ab798baca942/4804/14038156/1/Mercedes_Benz-GLC_300-2026.jpg'}]",4194,KM,https://www.mercedes-benz-maple.ca/demos/2026-Mercedes_Benz-GLC_300-id14038156.html,2026 Mercedes-Benz GLC GLC 300 4MATIC SUV at Mercedes-Benz Maple,73106 CAD,Used,White,Black,4804,Mercedes-Benz Maple,+1-905-585-9300,"{addr1: '9300 Jane St', city: 'Maple', region: 'Ontario', postal_code: 'L6A 0C5', country: 'CA'}",43.8344170000,-79.5341990000,,,,,https://www.mercedes-benz-maple.ca/privacy-policy.html,Used,4804,In stock,,73106 CAD,Free,
W1NKM4HB9TF483752,W1NKM4HB9TF483752,26514654-demo,Mercedes-Benz,GLC,GLC 300 4MATIC SUV,2026,AUTOMATIC,SUV,GASOLINE,,"2026 Mercedes-Benz GLC GLC 300 4MATIC SUV, Silver exterior","[{url:'https://imagescdn.d2cmedia.ca/cb6ab798baca942/4804/12989464/1/Mercedes_Benz-GLC-2026.jpg'},{url:'https://imagescdn.d2cmedia.ca/s86ab798baca942/4804/12989464/1/Mercedes_Benz-GLC_300-2026.jpg'},{url:'https://imagescdn.d2cmedia.ca/cb6ab798baca942/4804/12989464/1/Mercedes_Benz-GLC_300-2026.jpg'},{url:'https://imagescdn.d2cmedia.ca/cb6ab798baca942/4804/12989464/2/Mercedes_Benz-GLC_300-2026.jpg'},{url:'https://imagescdn.d2cmedia.ca/cb6ab798baca942/4804/12989464/3/Mercedes_Benz-GLC_300-2026.jpg'},{url:'https://imagescdn.d2cmedia.ca/cb6ab798baca942/4804/12989464/4/Mercedes_Benz-GLC_300-2026.jpg'},{url:'https://imagescdn.d2cmedia.ca/cb6ab798baca942/4804/12989464/5/Mercedes_Benz-GLC_300-2026.jpg'},{url:'https://imagescdn.d2cmedia.ca/cb6ab798baca942/4804/12989464/6/Mercedes_Benz-GLC_300-2026.jpg'},{url:'https://imagescdn.d2cmedia.ca/cb6ab798baca942/4804/12989464/7/Mercedes_Benz-GLC_300-2026.jpg'},{url:'https://imagescdn.d2cmedia.ca/cb6ab798baca942/4804/12989464/8/Mercedes_Benz-GLC_300-2026.jpg'}]",2723,KM,https://www.mercedes-benz-maple.ca/demos/2026-Mercedes_Benz-GLC_300-id12989464.html,2026 Mercedes-Benz GLC GLC 300 4MATIC SUV at Mercedes-Benz Maple,73505 CAD,Used,Silver,Black,4804,Mercedes-Benz Maple,+1-905-585-9300,"{addr1: '9300 Jane St', city: 'Maple', region: 'Ontario', postal_code: 'L6A 0C5', country: 'CA'}",43.8344170000,-79.5341990000,,,,,https://www.mercedes-benz-maple.ca/privacy-policy.html,Used,4804,In stock,,73505 CAD,Free,
W1KAF4HB9TR349163,W1KAF4HB9TR349163,26653435-demo,Mercedes-Benz,C-Class,C 300 4MATIC Sedan,2026,AUTOMATIC,SEDAN,GASOLINE,,"2026 Mercedes-Benz C-Class C 300 4MATIC Sedan, White exterior","[{url:'https://imagescdn.d2cmedia.ca/s86ab798baca942/4804/13976355/1/Mercedes_Benz-C_300-2026.jpg'},{url:'https://imagescdn.d2cmedia.ca/cb6ab798baca942/4804/13976355/1/Mercedes_Benz-C_300-2026.jpg'}]",2252,KM,https://www.mercedes-benz-maple.ca/demos/2026-Mercedes_Benz-C_300-id13976355.html,2026 Mercedes-Benz C-Class C 300 4MATIC Sedan at Mercedes-Benz Maple,73506 CAD,Used,White,Black,4804,Mercedes-Benz Maple,+1-905-585-9300,"{addr1: '9300 Jane St', city: 'Maple', region: 'Ontario', postal_code: 'L6A 0C5', country: 'CA'}",43.8344170000,-79.5341990000,,,,,https://www.mercedes-benz-maple.ca/privacy-policy.html,Used,4804,In stock,,73506 CAD,Free,
W1NKM4HB6TF437277,W1NKM4HB6TF437277,26512155-demo,Mercedes-Benz,GLC,GLC 300 4MATIC SUV,2026,AUTOMATIC,SUV,GASOLINE,,"2026 Mercedes-Benz GLC GLC 300 4MATIC SUV, White exterior","[{url:'https://imagescdn.d2cmedia.ca/cb85614ee72d3c86bcda16a520da36d709/4804/13633735/1/Mercedes_Benz-GLC-2026.jpg'},{url:'https://imagescdn.d2cmedia.ca/s885614ee72d3c86bcda16a520da36d709/4804/13633735/1/Mercedes_Benz-GLC_300-2026.jpg'},{url:'https://imagescdn.d2cmedia.ca/cb85614ee72d3c86bcda16a520da36d709/4804/13633735/1/Mercedes_Benz-GLC_300-2026.jpg'},{url:'https://imagescdn.d2cmedia.ca/cb85614ee72d3c86bcda16a520da36d709/4804/13633735/2/Mercedes_Benz-GLC_300-2026.jpg'}]",8474,KM,https://www.mercedes-benz-maple.ca/demos/2026-Mercedes_Benz-GLC_300-id13633735.html,2026 Mercedes-Benz GLC GLC 300 4MATIC SUV at Mercedes-Benz Maple,74169 CAD,Used,White,Black,4804,Mercedes-Benz Maple,+1-905-585-9300,"{addr1: '9300 Jane St', city: 'Maple', region: 'Ontario', postal_code: 'L6A 0C5', country: 'CA'}",43.8344170000,-79.5341990000,,,,,https://www.mercedes-benz-maple.ca/privacy-policy.html,Used,4804,In stock,,74169 CAD,Free,
W1NKM4HB6TF485443,W1NKM4HB6TF485443,26514725-demo,Mercedes-Benz,GLC,GLC 300 4MATIC SUV,2026,AUTOMATIC,SUV,GASOLINE,,"2026 Mercedes-Benz GLC GLC 300 4MATIC SUV, Black exterior","[{url:'https://imagescdn.d2cmedia.ca/cb6ab798baca942/4804/13059448/1/Mercedes_Benz-GLC-2026.jpg'},{url:'https://imagescdn.d2cmedia.ca/s86ab798baca942/4804/13059448/1/Mercedes_Benz-GLC_300-2026.jpg'},{url:'https://imagescdn.d2cmedia.ca/cb6ab798baca942/4804/13059448/1/Mercedes_Benz-GLC_300-2026.jpg'},{url:'https://imagescdn.d2cmedia.ca/cb6ab798baca942/4804/13059448/2/Mercedes_Benz-GLC_300-2026.jpg'},{url:'https://imagescdn.d2cmedia.ca/cb6ab798baca942/4804/13059448/3/Mercedes_Benz-GLC_300-2026.jpg'},{url:'https://imagescdn.d2cmedia.ca/cb6ab798baca942/4804/13059448/4/Mercedes_Benz-GLC_300-2026.jpg'},{url:'https://imagescdn.d2cmedia.ca/cb6ab798baca942/4804/13059448/5/Mercedes_Benz-GLC_300-2026.jpg'},{url:'https://imagescdn.d2cmedia.ca/cb6ab798baca942/4804/13059448/6/Mercedes_Benz-GLC_300-2026.jpg'},{url:'https://imagescdn.d2cmedia.ca/cb6ab798baca942/4804/13059448/7/Mercedes_Benz-GLC_300-2026.jpg'},{url:'https://imagescdn.d2cmedia.ca/cb6ab798baca942/4804/13059448/8/Mercedes_Benz-GLC_300-2026.jpg'}]",10038,KM,https://www.mercedes-benz-maple.ca/demos/2026-Mercedes_Benz-GLC_300-id13059448.html,2026 Mercedes-Benz GLC GLC 300 4MATIC SUV at Mercedes-Benz Maple,74769 CAD,Used,Black,Black,4804,Mercedes-Benz Maple,+1-905-585-9300,"{addr1: '9300 Jane St', city: 'Maple', region: 'Ontario', postal_code: 'L6A 0C5', country: 'CA'}",43.8344170000,-79.5341990000,,,,,https://www.mercedes-benz-maple.ca/privacy-policy.html,Used,4804,In stock,,74769 CAD,Free,
W1KAF4HB9TR302229,W1KAF4HB9TR302229,26511270-demo,Mercedes-Benz,C-Class,C 300 4MATIC Sedan,2026,AUTOMATIC,SEDAN,GASOLINE,,"2026 Mercedes-Benz C-Class C 300 4MATIC Sedan, White exterior","[{url:'https://imagescdn.d2cmedia.ca/s86ab798baca942/4804/13965018/1/Mercedes_Benz-C_300-2026.jpg'},{url:'https://imagescdn.d2cmedia.ca/cb6ab798baca942/4804/13965018/1/Mercedes_Benz-C_300-2026.jpg'}]",90,KM,https://www.mercedes-benz-maple.ca/demos/2026-Mercedes_Benz-C_300-id13965018.html,2026 Mercedes-Benz C-Class C 300 4MATIC Sedan at Mercedes-Benz Maple,78110 CAD,Used,White,Black,4804,Mercedes-Benz Maple,+1-905-585-9300,"{addr1: '9300 Jane St', city: 'Maple', region: 'Ontario', postal_code: 'L6A 0C5', country: 'CA'}",43.8344170000,-79.5341990000,,,,,https://www.mercedes-benz-maple.ca/privacy-policy.html,Used,4804,In stock,,78110 CAD,Free,
W1NKM4HB7TF536867,W1NKM4HB7TF536867,26522937-demo,Mercedes-Benz,GLC,GLC 300 4MATIC SUV,2026,AUTOMATIC,SUV,GASOLINE,,"2026 Mercedes-Benz GLC GLC 300 4MATIC SUV, Grey exterior","[{url:'https://imagescdn.d2cmedia.ca/s86ab798baca942/4804/13633724/1/Mercedes_Benz-GLC_300-2026.jpg'},{url:'https://imagescdn.d2cmedia.ca/cb6ab798baca942/4804/13633724/1/Mercedes_Benz-GLC_300-2026.jpg'}]",8170,KM,https://www.mercedes-benz-maple.ca/demos/2026-Mercedes_Benz-GLC_300-id13633724.html,2026 Mercedes-Benz GLC GLC 300 4MATIC SUV at Mercedes-Benz Maple,79080 CAD,Used,Grey,Black,4804,Mercedes-Benz Maple,+1-905-585-9300,"{addr1: '9300 Jane St', city: 'Maple', region: 'Ontario', postal_code: 'L6A 0C5', country: 'CA'}",43.8344170000,-79.5341990000,,,,,https://www.mercedes-benz-maple.ca/privacy-policy.html,Used,4804,In stock,,79080 CAD,Free,
W1NKM5GB4TF510539,W1NKM5GB4TF510539,26522626-demo,Mercedes-Benz,GLC PHEV,GLC 350e 4MATIC SUV,2026,AUTOMATIC,SUV,GASOLINE,,"2026 Mercedes-Benz GLC PHEV GLC 350e 4MATIC SUV, Black exterior","[{url:'https://imagescdn.d2cmedia.ca/s86ab798baca942/4804/14234722/1/Mercedes_Benz-GLC_350e-2026.jpg'},{url:'https://imagescdn.d2cmedia.ca/cb6ab798baca942/4804/14234722/1/Mercedes_Benz-GLC_350e-2026.jpg'}]",1000,KM,https://www.mercedes-benz-maple.ca/demos/2026-Mercedes_Benz-GLC_350e-id14234722.html,2026 Mercedes-Benz GLC PHEV GLC 350e 4MATIC SUV at Mercedes-Benz Maple,81405 CAD,Used,Black,Black,4804,Mercedes-Benz Maple,+1-905-585-9300,"{addr1: '9300 Jane St', city: 'Maple', region: 'Ontario', postal_code: 'L6A 0C5', country: 'CA'}",43.8344170000,-79.5341990000,,,,,https://www.mercedes-benz-maple.ca/privacy-policy.html,Used,4804,In stock,,81405 CAD,Free,
W1KLF4HBXTA250858,W1KLF4HBXTA250858,26526514-demo,Mercedes-Benz,E-Class,E 350 4MATIC Sedan,2026,AUTOMATIC,SEDAN,GASOLINE,,"2026 Mercedes-Benz E-Class E 350 4MATIC Sedan, Black exterior","[{url:'https://imagescdn.d2cmedia.ca/s86ab798baca942/4804/13447570/1/Mercedes_Benz-E_350-2026.jpg'},{url:'https://imagescdn.d2cmedia.ca/cb6ab798baca942/4804/13447570/1/Mercedes_Benz-E_350-2026.jpg'}]",2818,KM,https://www.mercedes-benz-maple.ca/demos/2026-Mercedes_Benz-E_350-id13447570.html,2026 Mercedes-Benz E-Class E 350 4MATIC Sedan at Mercedes-Benz Maple,87606 CAD,Used,Black,Black,4804,Mercedes-Benz Maple,+1-905-585-9300,"{addr1: '9300 Jane St', city: 'Maple', region: 'Ontario', postal_code: 'L6A 0C5', country: 'CA'}",43.8344170000,-79.5341990000,,,,,https://www.mercedes-benz-maple.ca/privacy-policy.html,Used,4804,In stock,,87606 CAD,Free,
4JGFB4FB5TB524074,4JGFB4FB5TB524074,26515230-demo,Mercedes-Benz,GLE,GLE 350 4MATIC SUV,2026,AUTOMATIC,SUV,GASOLINE,,"2026 Mercedes-Benz GLE GLE 350 4MATIC SUV, White exterior","[{url:'https://imagescdn.d2cmedia.ca/cb96a2ceca004595df79fc0c6cb5b7a99c/4804/13140992/1/Mercedes_Benz-GLE-2026.jpg'},{url:'https://imagescdn.d2cmedia.ca/s896a2ceca004595df79fc0c6cb5b7a99c/4804/13140992/1/Mercedes_Benz-GLE_350-2026.jpg'},{url:'https://imagescdn.d2cmedia.ca/cb96a2ceca004595df79fc0c6cb5b7a99c/4804/13140992/1/Mercedes_Benz-GLE_350-2026.jpg'},{url:'https://imagescdn.d2cmedia.ca/cb96a2ceca004595df79fc0c6cb5b7a99c/4804/13140992/2/Mercedes_Benz-GLE_350-2026.jpg'},{url:'https://imagescdn.d2cmedia.ca/cb96a2ceca004595df79fc0c6cb5b7a99c/4804/13140992/3/Mercedes_Benz-GLE_350-2026.jpg'},{url:'https://imagescdn.d2cmedia.ca/cb96a2ceca004595df79fc0c6cb5b7a99c/4804/13140992/4/Mercedes_Benz-GLE_350-2026.jpg'},{url:'https://imagescdn.d2cmedia.ca/cb96a2ceca004595df79fc0c6cb5b7a99c/4804/13140992/5/Mercedes_Benz-GLE_350-2026.jpg'},{url:'https://imagescdn.d2cmedia.ca/cb96a2ceca004595df79fc0c6cb5b7a99c/4804/13140992/6/Mercedes_Benz-GLE_350-2026.jpg'},{url:'https://imagescdn.d2cmedia.ca/cb96a2ceca004595df79fc0c6cb5b7a99c/4804/13140992/7/Mercedes_Benz-GLE_350-2026.jpg'},{url:'https://imagescdn.d2cmedia.ca/cb96a2ceca004595df79fc0c6cb5b7a99c/4804/13140992/8/Mercedes_Benz-GLE_350-2026.jpg'}]",8300,KM,https://www.mercedes-benz-maple.ca/demos/2026-Mercedes_Benz-GLE_350-id13140992.html,2026 Mercedes-Benz GLE GLE 350 4MATIC SUV at Mercedes-Benz Maple,96505 CAD,Used,White,Black,4804,Mercedes-Benz Maple,+1-905-585-9300,"{addr1: '9300 Jane St', city: 'Maple', region: 'Ontario', postal_code: 'L6A 0C5', country: 'CA'}",43.8344170000,-79.5341990000,,,,,https://www.mercedes-benz-maple.ca/privacy-policy.html,Used,4804,In stock,,96505 CAD,Free,
4JGFB4FB2TB679049,4JGFB4FB2TB679049,26653205-demo,Mercedes-Benz,GLE,GLE 350 4MATIC SUV,2026,AUTOMATIC,SUV,GASOLINE,,"2026 Mercedes-Benz GLE GLE 350 4MATIC SUV, Silver exterior","[{url:'https://imagescdn.d2cmedia.ca/s86ab798baca942/4804/13950849/1/Mercedes_Benz-GLE_350-2026.jpg'},{url:'https://imagescdn.d2cmedia.ca/cb6ab798baca942/4804/13950849/1/Mercedes_Benz-GLE_350-2026.jpg'}]",90,KM,https://www.mercedes-benz-maple.ca/demos/2026-Mercedes_Benz-GLE_350-id13950849.html,2026 Mercedes-Benz GLE GLE 350 4MATIC SUV at Mercedes-Benz Maple,103083 CAD,Used,Silver,Black,4804,Mercedes-Benz Maple,+1-905-585-9300,"{addr1: '9300 Jane St', city: 'Maple', region: 'Ontario', postal_code: 'L6A 0C5', country: 'CA'}",43.8344170000,-79.5341990000,,,,,https://www.mercedes-benz-maple.ca/privacy-policy.html,Used,4804,In stock,,103083 CAD,Free,
4JGFB4FB8TB589985,4JGFB4FB8TB589985,26525415-demo,Mercedes-Benz,GLE,GLE 350 4MATIC SUV,2026,AUTOMATIC,SUV,GASOLINE,,"2026 Mercedes-Benz GLE GLE 350 4MATIC SUV, White exterior","[{url:'https://imagescdn.d2cmedia.ca/cb6ab798baca942/4804/13256779/1/Mercedes_Benz-GLE-2026.jpg'},{url:'https://imagescdn.d2cmedia.ca/s86ab798baca942/4804/13256779/1/Mercedes_Benz-GLE_350-2026.jpg'},{url:'https://imagescdn.d2cmedia.ca/cb6ab798baca942/4804/13256779/1/Mercedes_Benz-GLE_350-2026.jpg'},{url:'https://imagescdn.d2cmedia.ca/cb6ab798baca942/4804/13256779/2/Mercedes_Benz-GLE_350-2026.jpg'},{url:'https://imagescdn.d2cmedia.ca/cb6ab798baca942/4804/13256779/3/Mercedes_Benz-GLE_350-2026.jpg'},{url:'https://imagescdn.d2cmedia.ca/cb6ab798baca942/4804/13256779/4/Mercedes_Benz-GLE_350-2026.jpg'},{url:'https://imagescdn.d2cmedia.ca/cb6ab798baca942/4804/13256779/5/Mercedes_Benz-GLE_350-2026.jpg'},{url:'https://imagescdn.d2cmedia.ca/cb6ab798baca942/4804/13256779/6/Mercedes_Benz-GLE_350-2026.jpg'},{url:'https://imagescdn.d2cmedia.ca/cb6ab798baca942/4804/13256779/7/Mercedes_Benz-GLE_350-2026.jpg'},{url:'https://imagescdn.d2cmedia.ca/cb6ab798baca942/4804/13256779/8/Mercedes_Benz-GLE_350-2026.jpg'}]",2079,KM,https://www.mercedes-benz-maple.ca/demos/2026-Mercedes_Benz-GLE_350-id13256779.html,2026 Mercedes-Benz GLE GLE 350 4MATIC SUV at Mercedes-Benz Maple,103633 CAD,Used,White,Black,4804,Mercedes-Benz Maple,+1-905-585-9300,"{addr1: '9300 Jane St', city: 'Maple', region: 'Ontario', postal_code: 'L6A 0C5', country: 'CA'}",43.8344170000,-79.5341990000,,,,,https://www.mercedes-benz-maple.ca/privacy-policy.html,Used,4804,In stock,,103633 CAD,Free,
4JGFB5KB1TB583621,4JGFB5KB1TB583621,26527711-demo,Mercedes-Benz,GLE,GLE 450 4MATIC SUV,2026,AUTOMATIC,SUV,GASOLINE,,"2026 Mercedes-Benz GLE GLE 450 4MATIC SUV, White exterior","[{url:'https://imagescdn.d2cmedia.ca/cb62e95f6084c7630ba54562ed3967ffea/4804/13233688/1/Mercedes_Benz-GLE-2026.jpg'},{url:'https://imagescdn.d2cmedia.ca/s862e95f6084c7630ba54562ed3967ffea/4804/13233688/1/Mercedes_Benz-GLE_450-2026.jpg'},{url:'https://imagescdn.d2cmedia.ca/cb62e95f6084c7630ba54562ed3967ffea/4804/13233688/1/Mercedes_Benz-GLE_450-2026.jpg'},{url:'https://imagescdn.d2cmedia.ca/cb62e95f6084c7630ba54562ed3967ffea/4804/13233688/2/Mercedes_Benz-GLE_450-2026.jpg'},{url:'https://imagescdn.d2cmedia.ca/cb62e95f6084c7630ba54562ed3967ffea/4804/13233688/3/Mercedes_Benz-GLE_450-2026.jpg'},{url:'https://imagescdn.d2cmedia.ca/cb62e95f6084c7630ba54562ed3967ffea/4804/13233688/4/Mercedes_Benz-GLE_450-2026.jpg'},{url:'https://imagescdn.d2cmedia.ca/cb62e95f6084c7630ba54562ed3967ffea/4804/13233688/5/Mercedes_Benz-GLE_450-2026.jpg'},{url:'https://imagescdn.d2cmedia.ca/cb62e95f6084c7630ba54562ed3967ffea/4804/13233688/6/Mercedes_Benz-GLE_450-2026.jpg'},{url:'https://imagescdn.d2cmedia.ca/cb62e95f6084c7630ba54562ed3967ffea/4804/13233688/7/Mercedes_Benz-GLE_450-2026.jpg'},{url:'https://imagescdn.d2cmedia.ca/cb62e95f6084c7630ba54562ed3967ffea/4804/13233688/8/Mercedes_Benz-GLE_450-2026.jpg'}]",1635,KM,https://www.mercedes-benz-maple.ca/demos/2026-Mercedes_Benz-GLE_450-id13233688.html,2026 Mercedes-Benz GLE GLE 450 4MATIC SUV at Mercedes-Benz Maple,105275 CAD,Used,White,Black,4804,Mercedes-Benz Maple,+1-905-585-9300,"{addr1: '9300 Jane St', city: 'Maple', region: 'Ontario', postal_code: 'L6A 0C5', country: 'CA'}",43.8344170000,-79.5341990000,,,,,https://www.mercedes-benz-maple.ca/privacy-policy.html,Used,4804,In stock,,105275 CAD,Free,
W1KLH6FB6TA236352,W1KLH6FB6TA236352,26516170-demo,Mercedes-Benz,E-Class,E 450 4MATIC All-Terrain Wagon,2026,AUTOMATIC,SEDAN,GASOLINE,,"2026 Mercedes-Benz E-Class E 450 4MATIC All-Terrain Wagon, Silver exterior","[{url:'https://imagescdn.d2cmedia.ca/cb97c01aa6670d42620dbdadf5fbaa29d4/4804/13268905/1/Mercedes_Benz-E_Class-2026.jpg'},{url:'https://imagescdn.d2cmedia.ca/s897c01aa6670d42620dbdadf5fbaa29d4/4804/13268905/1/Mercedes_Benz-E_450-2026.jpg'},{url:'https://imagescdn.d2cmedia.ca/cb97c01aa6670d42620dbdadf5fbaa29d4/4804/13268905/1/Mercedes_Benz-E_450-2026.jpg'},{url:'https://imagescdn.d2cmedia.ca/cb97c01aa6670d42620dbdadf5fbaa29d4/4804/13268905/2/Mercedes_Benz-E_450-2026.jpg'},{url:'https://imagescdn.d2cmedia.ca/cb97c01aa6670d42620dbdadf5fbaa29d4/4804/13268905/3/Mercedes_Benz-E_450-2026.jpg'},{url:'https://imagescdn.d2cmedia.ca/cb97c01aa6670d42620dbdadf5fbaa29d4/4804/13268905/4/Mercedes_Benz-E_450-2026.jpg'},{url:'https://imagescdn.d2cmedia.ca/cb97c01aa6670d42620dbdadf5fbaa29d4/4804/13268905/5/Mercedes_Benz-E_450-2026.jpg'},{url:'https://imagescdn.d2cmedia.ca/cb97c01aa6670d42620dbdadf5fbaa29d4/4804/13268905/6/Mercedes_Benz-E_450-2026.jpg'},{url:'https://imagescdn.d2cmedia.ca/cb97c01aa6670d42620dbdadf5fbaa29d4/4804/13268905/7/Mercedes_Benz-E_450-2026.jpg'},{url:'https://imagescdn.d2cmedia.ca/cb97c01aa6670d42620dbdadf5fbaa29d4/4804/13268905/8/Mercedes_Benz-E_450-2026.jpg'}]",9775,KM,https://www.mercedes-benz-maple.ca/demos/2026-Mercedes_Benz-E_450-id13268905.html,2026 Mercedes-Benz E-Class E 450 4MATIC All-Terrain Wagon at Mercedes-Benz Maple,108084 CAD,Used,Silver,Black,4804,Mercedes-Benz Maple,+1-905-585-9300,"{addr1: '9300 Jane St', city: 'Maple', region: 'Ontario', postal_code: 'L6A 0C5', country: 'CA'}",43.8344170000,-79.5341990000,,,,,https://www.mercedes-benz-maple.ca/privacy-policy.html,Used,4804,In stock,,108084 CAD,Free,
4JGFF5KE6SB359774,4JGFF5KE6SB359774,25472453-demo,Mercedes-Benz,GLS,GLS 450 4MATIC SUV,2025,AUTOMATIC,SUV,GASOLINE,,"2025 Mercedes-Benz GLS GLS 450 4MATIC SUV, Grey exterior","[{url:'https://imagescdn.d2cmedia.ca/cb6ab798baca942/4804/11612253/1/Mercedes_Benz-GLS-2025.jpg'},{url:'https://imagescdn.d2cmedia.ca/s86ab798baca942/4804/11612253/1/Mercedes_Benz-GLS_450-2025.jpg'},{url:'https://imagescdn.d2cmedia.ca/cb6ab798baca942/4804/11612253/1/Mercedes_Benz-GLS_450-2025.jpg'},{url:'https://imagescdn.d2cmedia.ca/cb6ab798baca942/4804/11612253/2/Mercedes_Benz-GLS_450-2025.jpg'},{url:'https://imagescdn.d2cmedia.ca/cb6ab798baca942/4804/11612253/3/Mercedes_Benz-GLS_450-2025.jpg'},{url:'https://imagescdn.d2cmedia.ca/cb6ab798baca942/4804/11612253/4/Mercedes_Benz-GLS_450-2025.jpg'},{url:'https://imagescdn.d2cmedia.ca/cb6ab798baca942/4804/11612253/5/Mercedes_Benz-GLS_450-2025.jpg'},{url:'https://imagescdn.d2cmedia.ca/cb6ab798baca942/4804/11612253/6/Mercedes_Benz-GLS_450-2025.jpg'},{url:'https://imagescdn.d2cmedia.ca/cb6ab798baca942/4804/11612253/7/Mercedes_Benz-GLS_450-2025.jpg'},{url:'https://imagescdn.d2cmedia.ca/cb6ab798baca942/4804/11612253/8/Mercedes_Benz-GLS_450-2025.jpg'}]",3499,KM,https://www.mercedes-benz-maple.ca/demos/2025-Mercedes_Benz-GLS_450-id11612253.html,2025 Mercedes-Benz GLS GLS 450 4MATIC SUV at Mercedes-Benz Maple,119252 CAD,Used,Grey,Black,4804,Mercedes-Benz Maple,+1-905-585-9300,"{addr1: '9300 Jane St', city: 'Maple', region: 'Ontario', postal_code: 'L6A 0C5', country: 'CA'}",43.8344170000,-79.5341990000,,,,,https://www.mercedes-benz-maple.ca/privacy-policy.html,Used,4804,In stock,,119252 CAD,Free,
4JGFF5KE9SB359817,4JGFF5KE9SB359817,25472457-demo,Mercedes-Benz,GLS,GLS 450 4MATIC SUV,2025,AUTOMATIC,SUV,GASOLINE,,"2025 Mercedes-Benz GLS GLS 450 4MATIC SUV, Silver exterior","[{url:'https://imagescdn.d2cmedia.ca/s8a1a352da97a5aecab3f552d0e1f0ddb6/4804/14416633/1/Mercedes_Benz-GLS_450-2025.jpg'},{url:'https://imagescdn.d2cmedia.ca/cba1a352da97a5aecab3f552d0e1f0ddb6/4804/14416633/1/Mercedes_Benz-GLS_450-2025.jpg'}]",6700,KM,https://www.mercedes-benz-maple.ca/demos/2025-Mercedes_Benz-GLS_450-id14416633.html,2025 Mercedes-Benz GLS GLS 450 4MATIC SUV at Mercedes-Benz Maple,119252 CAD,Used,Silver,Black,4804,Mercedes-Benz Maple,+1-905-585-9300,"{addr1: '9300 Jane St', city: 'Maple', region: 'Ontario', postal_code: 'L6A 0C5', country: 'CA'}",43.8344170000,-79.5341990000,,,,,https://www.mercedes-benz-maple.ca/privacy-policy.html,Used,4804,In stock,,119252 CAD,Free,
4JGFB5KB0TB595551,4JGFB5KB0TB595551,26529469-demo,Mercedes-Benz,GLE,GLE 450 4MATIC SUV,2026,AUTOMATIC,SUV,GASOLINE,,"2026 Mercedes-Benz GLE GLE 450 4MATIC SUV, White exterior","[{url:'https://imagescdn.d2cmedia.ca/s86ab798baca942/4804/13357602/1/Mercedes_Benz-GLE_450-2026.jpg'},{url:'https://imagescdn.d2cmedia.ca/cb6ab798baca942/4804/13357602/1/Mercedes_Benz-GLE_450-2026.jpg'}]",10610,KM,https://www.mercedes-benz-maple.ca/demos/2026-Mercedes_Benz-GLE_450-id13357602.html,2026 Mercedes-Benz GLE GLE 450 4MATIC SUV at Mercedes-Benz Maple,120233 CAD,Used,White,Black,4804,Mercedes-Benz Maple,+1-905-585-9300,"{addr1: '9300 Jane St', city: 'Maple', region: 'Ontario', postal_code: 'L6A 0C5', country: 'CA'}",43.8344170000,-79.5341990000,,,,,https://www.mercedes-benz-maple.ca/privacy-policy.html,Used,4804,In stock,,120233 CAD,Free,
W1KMJ6CB4TF126545,W1KMJ6CB4TF126545,26653970-demo,Mercedes-Benz,CLE,AMG CLE 53 4MATIC+ Coupe,2026,AUTOMATIC,CONVERTIBLE,GASOLINE,,"2026 Mercedes-Benz CLE AMG CLE 53 4MATIC+ Coupe, Grey exterior","[{url:'https://imagescdn.d2cmedia.ca/cbbdf3dbe4f1f618621284fc55e8f2ada8/4804/14258896/1/Mercedes_Benz-CLE-2026.jpg'},{url:'https://imagescdn.d2cmedia.ca/s8bdf3dbe4f1f618621284fc55e8f2ada8/4804/14258896/1/Mercedes_Benz-AMG_CLE_53-2026.jpg'},{url:'https://imagescdn.d2cmedia.ca/cbbdf3dbe4f1f618621284fc55e8f2ada8/4804/14258896/1/Mercedes_Benz-AMG_CLE_53-2026.jpg'},{url:'https://imagescdn.d2cmedia.ca/cbbdf3dbe4f1f618621284fc55e8f2ada8/4804/14258896/2/Mercedes_Benz-AMG_CLE_53-2026.jpg'},{url:'https://imagescdn.d2cmedia.ca/cbbdf3dbe4f1f618621284fc55e8f2ada8/4804/14258896/3/Mercedes_Benz-AMG_CLE_53-2026.jpg'},{url:'https://imagescdn.d2cmedia.ca/cbbdf3dbe4f1f618621284fc55e8f2ada8/4804/14258896/4/Mercedes_Benz-AMG_CLE_53-2026.jpg'},{url:'https://imagescdn.d2cmedia.ca/cbbdf3dbe4f1f618621284fc55e8f2ada8/4804/14258896/5/Mercedes_Benz-AMG_CLE_53-2026.jpg'},{url:'https://imagescdn.d2cmedia.ca/cbbdf3dbe4f1f618621284fc55e8f2ada8/4804/14258896/6/Mercedes_Benz-AMG_CLE_53-2026.jpg'},{url:'https://imagescdn.d2cmedia.ca/cbbdf3dbe4f1f618621284fc55e8f2ada8/4804/14258896/7/Mercedes_Benz-AMG_CLE_53-2026.jpg'},{url:'https://imagescdn.d2cmedia.ca/cbbdf3dbe4f1f618621284fc55e8f2ada8/4804/14258896/8/Mercedes_Benz-AMG_CLE_53-2026.jpg'}]",1680,KM,https://www.mercedes-benz-maple.ca/demos/2026-Mercedes_Benz-AMG_CLE_53-id14258896.html,2026 Mercedes-Benz CLE AMG CLE 53 4MATIC+ Coupe at Mercedes-Benz Maple,123194 CAD,Used,Grey,Black,4804,Mercedes-Benz Maple,+1-905-585-9300,"{addr1: '9300 Jane St', city: 'Maple', region: 'Ontario', postal_code: 'L6A 0C5', country: 'CA'}",43.8344170000,-79.5341990000,,,,,https://www.mercedes-benz-maple.ca/privacy-policy.html,Used,4804,In stock,,123194 CAD,Free,
W1KLH6DB2TA241115,W1KLH6DB2TA241115,26516171-demo,Mercedes-Benz,E-Class PHEV,AMG E 53 E 4MATIC+ Wagon,2026,AUTOMATIC,SEDAN,GASOLINE,,"2026 Mercedes-Benz E-Class PHEV AMG E 53 E 4MATIC+ Wagon, Black exterior","[{url:'https://imagescdn.d2cmedia.ca/s86ab798baca942/4804/13795002/1/Mercedes_Benz-E53e-2026.jpg'},{url:'https://imagescdn.d2cmedia.ca/cb6ab798baca942/4804/13795002/1/Mercedes_Benz-E53e-2026.jpg'}]",5650,KM,https://www.mercedes-benz-maple.ca/demos/2026-Mercedes_Benz-E53e-id13795002.html,2026 Mercedes-Benz E-Class PHEV AMG E 53 E 4MATIC+ Wagon at Mercedes-Benz Maple,146616 CAD,Used,Black,Black,4804,Mercedes-Benz Maple,+1-905-585-9300,"{addr1: '9300 Jane St', city: 'Maple', region: 'Ontario', postal_code: 'L6A 0C5', country: 'CA'}",43.8344170000,-79.5341990000,,,,,https://www.mercedes-benz-maple.ca/privacy-policy.html,Used,4804,In stock,,146616 CAD,Free,
4JGFB6BB0TB690827,4JGFB6BB0TB690827,26658263-demo,Mercedes-Benz,GLE,AMG GLE 53 4MATIC+ SUV,2026,AUTOMATIC,SUV,GASOLINE,,"2026 Mercedes-Benz GLE AMG GLE 53 4MATIC+ SUV, White exterior","[{url:'https://imagescdn.d2cmedia.ca/s86ab798baca942/4804/13976360/1/Mercedes_Benz-GLE_53-2026.jpg'},{url:'https://imagescdn.d2cmedia.ca/cb6ab798baca942/4804/13976360/1/Mercedes_Benz-GLE_53-2026.jpg'}]",9500,KM,https://www.mercedes-benz-maple.ca/demos/2026-Mercedes_Benz-GLE_53-id13976360.html,2026 Mercedes-Benz GLE AMG GLE 53 4MATIC+ SUV at Mercedes-Benz Maple,148706 CAD,Used,White,Red,4804,Mercedes-Benz Maple,+1-905-585-9300,"{addr1: '9300 Jane St', city: 'Maple', region: 'Ontario', postal_code: 'L6A 0C5', country: 'CA'}",43.8344170000,-79.5341990000,,,,,https://www.mercedes-benz-maple.ca/privacy-policy.html,Used,4804,In stock,,148706 CAD,Free,
4JGFD6BB3TB718646,4JGFD6BB3TB718646,26660024-demo,Mercedes-Benz,GLE,AMG GLE 53 4MATIC+ Coupe,2026,AUTOMATIC,SUV,GASOLINE,,"2026 Mercedes-Benz GLE AMG GLE 53 4MATIC+ Coupe, Grey exterior","[{url:'https://imagescdn.d2cmedia.ca/s86ab798baca942/4804/14223676/1/Mercedes_Benz-GLE_53-2026.jpg'},{url:'https://imagescdn.d2cmedia.ca/cb6ab798baca942/4804/14223676/1/Mercedes_Benz-GLE_53-2026.jpg'}]",90,KM,https://www.mercedes-benz-maple.ca/demos/2026-Mercedes_Benz-GLE_53-id14223676.html,2026 Mercedes-Benz GLE AMG GLE 53 4MATIC+ Coupe at Mercedes-Benz Maple,151996 CAD,Used,Grey,Black,4804,Mercedes-Benz Maple,+1-905-585-9300,"{addr1: '9300 Jane St', city: 'Maple', region: 'Ontario', postal_code: 'L6A 0C5', country: 'CA'}",43.8344170000,-79.5341990000,,,,,https://www.mercedes-benz-maple.ca/privacy-policy.html,Used,4804,In stock,,151996 CAD,Free,
W1NKM4HB6VF672832,W1NKM4HB6VF672832,27663137-new,Mercedes-Benz,GLC,GLC 300 4MATIC SUV,2027,AUTOMATIC,SUV,GASOLINE,,"2027 Mercedes-Benz GLC GLC 300 4MATIC SUV, White exterior","[{url:'https://carimages.d2cmedia.ca/newcarimages/en/cb6ab798baca942/Mercedes-Benz/GLC/2027/1200/486470-NE1BVElDIFNVVg/XE9E9E9/front45.png'},{url:'https://carimages.d2cmedia.ca/newcarimages/fr/cb6ab798baca942/Mercedes-Benz/GLC/2027/640/486470-NE1BVElDIFNVVg/Xe9e9e9/front_45_degree.png'},{url:'https://carimages.d2cmedia.ca/newcarimages/fr/cb6ab798baca942/Mercedes-Benz/GLC/2027/2100/486470-NE1BVElDIFNVVg/Xe9e9e9/front_45_degree.png'}]",90,KM,https://www.mercedes-benz-maple.ca/new/inventory/2027-Mercedes_Benz-GLC_300-id14362924.html,2027 Mercedes-Benz GLC GLC 300 4MATIC SUV at Mercedes-Benz Maple,83311 CAD,New,White,Brown,4804,Mercedes-Benz Maple,+1-905-585-9300,"{addr1: '9300 Jane St', city: 'Maple', region: 'Ontario', postal_code: 'L6A 0C5', country: 'CA'}",43.8344170000,-79.5341990000,,,,,https://www.mercedes-benz-maple.ca/privacy-policy.html,New,4804,In stock,,83311 CAD,Free,
W1NKM4HB4VF667547,W1NKM4HB4VF667547,27661530-new,Mercedes-Benz,GLC,GLC 300 4MATIC SUV,2027,AUTOMATIC,SUV,GASOLINE,,"2027 Mercedes-Benz GLC GLC 300 4MATIC SUV, White exterior","[{url:'https://carimages.d2cmedia.ca/newcarimages/en/cb6ab798baca942/Mercedes-Benz/GLC/2027/1200/486470-NE1BVElDIFNVVg/XE9E9E9/front45.png'},{url:'https://carimages.d2cmedia.ca/newcarimages/en/cb6ab798baca942/Mercedes-Benz/GLC/2027/1280/486470/Xe9e9e9/front_45_degree.png'},{url:'https://carimages.d2cmedia.ca/newcarimages/en/cb6ab798baca942/Mercedes-Benz/GLC/2027/2100/486470/Xe9e9e9/front_45_degree.png'},{url:'https://carimages.d2cmedia.ca/newcarimages/en/cb6ab798baca942/Mercedes-Benz/GLC/2027/2100/486470/Xe9e9e9/profile.png'},{url:'https://carimages.d2cmedia.ca/newcarimages/en/cb6ab798baca942/Mercedes-Benz/GLC/2027/2100/486470/Xe9e9e9/back_45_degree.png'},{url:'https://carimages.d2cmedia.ca/newcarimages/en/cb6ab798baca942/Mercedes-Benz/GLC/2027/2100/486470/Xe9e9e9/driver_dashboard.png'},{url:'https://carimages.d2cmedia.ca/newcarimages/en/cb6ab798baca942/Mercedes-Benz/GLC/2027/2100/486470/Xe9e9e9/full_dashboard.png'},{url:'https://carimages.d2cmedia.ca/newcarimages/en/cb6ab798baca942/Mercedes-Benz/GLC/2027/2100/486470/Xe9e9e9/interior_driver_open_seat.png'},{url:'https://carimages.d2cmedia.ca/newcarimages/en/cb6ab798baca942/Mercedes-Benz/GLC/2027/2100/486470/Xe9e9e9/interior_driver_stereo.png'},{url:'https://carimages.d2cmedia.ca/newcarimages/en/cb6ab798baca942/Mercedes-Benz/GLC/2027/2100/486470/Xe9e9e9/interior_driver_reat_seats.png'}]",90,KM,https://www.mercedes-benz-maple.ca/new/inventory/2027-Mercedes_Benz-GLC_300-id14377124.html,2027 Mercedes-Benz GLC GLC 300 4MATIC SUV at Mercedes-Benz Maple,82711 CAD,New,White,Black,4804,Mercedes-Benz Maple,+1-905-585-9300,"{addr1: '9300 Jane St', city: 'Maple', region: 'Ontario', postal_code: 'L6A 0C5', country: 'CA'}",43.8344170000,-79.5341990000,,,,,https://www.mercedes-benz-maple.ca/privacy-policy.html,New,4804,In stock,,82711 CAD,Free,
W1NKM4HBXVF674020,W1NKM4HBXVF674020,27661466-new,Mercedes-Benz,GLC,GLC 300 4MATIC SUV,2027,AUTOMATIC,SUV,GASOLINE,,"2027 Mercedes-Benz GLC GLC 300 4MATIC SUV, Red exterior","[{url:'https://carimages.d2cmedia.ca/newcarimages/en/cb6ab798baca942/Mercedes-Benz/GLC/2027/1200/486470-NE1BVElDIFNVVg/red/front45.png'},{url:'https://carimages.d2cmedia.ca/newcarimages/en/cb6ab798baca942/Mercedes-Benz/GLC/2027/1280/486470/red/front_45_degree.png'},{url:'https://carimages.d2cmedia.ca/newcarimages/en/cb6ab798baca942/Mercedes-Benz/GLC/2027/2100/486470/red/front_45_degree.png'},{url:'https://carimages.d2cmedia.ca/newcarimages/en/cb6ab798baca942/Mercedes-Benz/GLC/2027/2100/486470/red/profile.png'},{url:'https://carimages.d2cmedia.ca/newcarimages/en/cb6ab798baca942/Mercedes-Benz/GLC/2027/2100/486470/red/back_45_degree.png'},{url:'https://carimages.d2cmedia.ca/newcarimages/en/cb6ab798baca942/Mercedes-Benz/GLC/2027/2100/486470/red/driver_dashboard.png'},{url:'https://carimages.d2cmedia.ca/newcarimages/en/cb6ab798baca942/Mercedes-Benz/GLC/2027/2100/486470/red/full_dashboard.png'},{url:'https://carimages.d2cmedia.ca/newcarimages/en/cb6ab798baca942/Mercedes-Benz/GLC/2027/2100/486470/red/interior_driver_open_seat.png'},{url:'https://carimages.d2cmedia.ca/newcarimages/en/cb6ab798baca942/Mercedes-Benz/GLC/2027/2100/486470/red/interior_driver_stereo.png'},{url:'https://carimages.d2cmedia.ca/newcarimages/en/cb6ab798baca942/Mercedes-Benz/GLC/2027/2100/486470/red/interior_driver_reat_seats.png'}]",90,KM,https://www.mercedes-benz-maple.ca/new/inventory/2027-Mercedes_Benz-GLC_300-id14382780.html,2027 Mercedes-Benz GLC GLC 300 4MATIC SUV at Mercedes-Benz Maple,82511 CAD,New,Red,Black,4804,Mercedes-Benz Maple,+1-905-585-9300,"{addr1: '9300 Jane St', city: 'Maple', region: 'Ontario', postal_code: 'L6A 0C5', country: 'CA'}",43.8344170000,-79.5341990000,,,,,https://www.mercedes-benz-maple.ca/privacy-policy.html,New,4804,In stock,,82511 CAD,Free,
W1NKM4HB4VF675826,W1NKM4HB4VF675826,27661475-new,Mercedes-Benz,GLC,GLC 300 4MATIC SUV,2027,AUTOMATIC,SUV,GASOLINE,,"2027 Mercedes-Benz GLC GLC 300 4MATIC SUV, Grey exterior","[{url:'https://carimages.d2cmedia.ca/newcarimages/en/cb6ab798baca942/Mercedes-Benz/GLC/2027/1200/486470-NE1BVElDIFNVVg/X9C9AA1/front45.png'},{url:'https://carimages.d2cmedia.ca/newcarimages/en/cb6ab798baca942/Mercedes-Benz/GLC/2027/1280/486470/X9c9aa1/front_45_degree.png'},{url:'https://carimages.d2cmedia.ca/newcarimages/en/cb6ab798baca942/Mercedes-Benz/GLC/2027/2100/486470/X9c9aa1/front_45_degree.png'},{url:'https://carimages.d2cmedia.ca/newcarimages/en/cb6ab798baca942/Mercedes-Benz/GLC/2027/2100/486470/X9c9aa1/profile.png'},{url:'https://carimages.d2cmedia.ca/newcarimages/en/cb6ab798baca942/Mercedes-Benz/GLC/2027/2100/486470/X9c9aa1/back_45_degree.png'},{url:'https://carimages.d2cmedia.ca/newcarimages/en/cb6ab798baca942/Mercedes-Benz/GLC/2027/2100/486470/X9c9aa1/driver_dashboard.png'},{url:'https://carimages.d2cmedia.ca/newcarimages/en/cb6ab798baca942/Mercedes-Benz/GLC/2027/2100/486470/X9c9aa1/full_dashboard.png'},{url:'https://carimages.d2cmedia.ca/newcarimages/en/cb6ab798baca942/Mercedes-Benz/GLC/2027/2100/486470/X9c9aa1/interior_driver_open_seat.png'},{url:'https://carimages.d2cmedia.ca/newcarimages/en/cb6ab798baca942/Mercedes-Benz/GLC/2027/2100/486470/X9c9aa1/interior_driver_stereo.png'},{url:'https://carimages.d2cmedia.ca/newcarimages/en/cb6ab798baca942/Mercedes-Benz/GLC/2027/2100/486470/X9c9aa1/interior_driver_reat_seats.png'}]",90,KM,https://www.mercedes-benz-maple.ca/new/inventory/2027-Mercedes_Benz-GLC_300-id14402045.html,2027 Mercedes-Benz GLC GLC 300 4MATIC SUV at Mercedes-Benz Maple,82511 CAD,New,Grey,Gray,4804,Mercedes-Benz Maple,+1-905-585-9300,"{addr1: '9300 Jane St', city: 'Maple', region: 'Ontario', postal_code: 'L6A 0C5', country: 'CA'}",43.8344170000,-79.5341990000,,,,,https://www.mercedes-benz-maple.ca/privacy-policy.html,New,4804,In stock,,82511 CAD,Free,
W1NKJ4HB8VF668998,W1NKJ4HB8VF668998,27662494-new,Mercedes-Benz,GLC,GLC 300 4MATIC Coupe,2027,AUTOMATIC,COUPE,GASOLINE,,"2027 Mercedes-Benz GLC GLC 300 4MATIC Coupe, White exterior","[{url:'https://carimages.d2cmedia.ca/newcarimages/en/cb6ab798baca942/Mercedes-Benz/GLC/2027/1200/486762-NE1BVElDIENvdXBl/XE9E9E9/front45.png'},{url:'https://carimages.d2cmedia.ca/newcarimages/en/cb6ab798baca942/Mercedes-Benz/GLC/2027/1280/486762/Xe9e9e9/front_45_degree.png'},{url:'https://carimages.d2cmedia.ca/newcarimages/en/cb6ab798baca942/Mercedes-Benz/GLC/2027/2100/486762/Xe9e9e9/front_45_degree.png'},{url:'https://carimages.d2cmedia.ca/newcarimages/en/cb6ab798baca942/Mercedes-Benz/GLC/2027/2100/486762/Xe9e9e9/profile.png'},{url:'https://carimages.d2cmedia.ca/newcarimages/en/cb6ab798baca942/Mercedes-Benz/GLC/2027/2100/486762/Xe9e9e9/full_dashboard.png'}]",90,KM,https://www.mercedes-benz-maple.ca/new/inventory/2027-Mercedes_Benz-GLC_300-id14357142.html,2027 Mercedes-Benz GLC GLC 300 4MATIC Coupe at Mercedes-Benz Maple,82411 CAD,New,White,Red,4804,Mercedes-Benz Maple,+1-905-585-9300,"{addr1: '9300 Jane St', city: 'Maple', region: 'Ontario', postal_code: 'L6A 0C5', country: 'CA'}",43.8344170000,-79.5341990000,,,,,https://www.mercedes-benz-maple.ca/privacy-policy.html,New,4804,In stock,,82411 CAD,Free,
W1NKJ4HB4VF651731,W1NKJ4HB4VF651731,27658294-new,Mercedes-Benz,GLC,GLC 300 4MATIC Coupe,2027,AUTOMATIC,COUPE,GASOLINE,,"2027 Mercedes-Benz GLC GLC 300 4MATIC Coupe, White exterior","[{url:'https://carimages.d2cmedia.ca/newcarimages/en/cb6ab798baca942/Mercedes-Benz/GLC/2027/1200/486762-NE1BVElDIENvdXBl/XE9E9E9/front45.png'},{url:'https://carimages.d2cmedia.ca/newcarimages/en/cb6ab798baca942/Mercedes-Benz/GLC/2027/1280/486762/Xe9e9e9/front_45_degree.png'},{url:'https://carimages.d2cmedia.ca/newcarimages/en/cb6ab798baca942/Mercedes-Benz/GLC/2027/2100/486762/Xe9e9e9/front_45_degree.png'},{url:'https://carimages.d2cmedia.ca/newcarimages/en/cb6ab798baca942/Mercedes-Benz/GLC/2027/2100/486762/Xe9e9e9/profile.png'},{url:'https://carimages.d2cmedia.ca/newcarimages/en/cb6ab798baca942/Mercedes-Benz/GLC/2027/2100/486762/Xe9e9e9/full_dashboard.png'}]",90,KM,https://www.mercedes-benz-maple.ca/new/inventory/2027-Mercedes_Benz-GLC_300-id14368544.html,2027 Mercedes-Benz GLC GLC 300 4MATIC Coupe at Mercedes-Benz Maple,82011 CAD,New,White,Black,4804,Mercedes-Benz Maple,+1-905-585-9300,"{addr1: '9300 Jane St', city: 'Maple', region: 'Ontario', postal_code: 'L6A 0C5', country: 'CA'}",43.8344170000,-79.5341990000,,,,,https://www.mercedes-benz-maple.ca/privacy-policy.html,New,4804,In stock,,82011 CAD,Free,
W1NKM4HB6VF662320,W1NKM4HB6VF662320,27661535-new,Mercedes-Benz,GLC,GLC 300 4MATIC SUV,2027,AUTOMATIC,SUV,GASOLINE,,"2027 Mercedes-Benz GLC GLC 300 4MATIC SUV, White exterior","[{url:'https://carimages.d2cmedia.ca/newcarimages/en/cb6ab798baca942/Mercedes-Benz/GLC/2027/1200/486470-NE1BVElDIFNVVg/XE9E9E9/front45.png'},{url:'https://carimages.d2cmedia.ca/newcarimages/en/cb6ab798baca942/Mercedes-Benz/GLC/2027/1280/486470/Xe9e9e9/front_45_degree.png'},{url:'https://carimages.d2cmedia.ca/newcarimages/en/cb6ab798baca942/Mercedes-Benz/GLC/2027/2100/486470/Xe9e9e9/front_45_degree.png'},{url:'https://carimages.d2cmedia.ca/newcarimages/en/cb6ab798baca942/Mercedes-Benz/GLC/2027/2100/486470/Xe9e9e9/profile.png'},{url:'https://carimages.d2cmedia.ca/newcarimages/en/cb6ab798baca942/Mercedes-Benz/GLC/2027/2100/486470/Xe9e9e9/back_45_degree.png'},{url:'https://carimages.d2cmedia.ca/newcarimages/en/cb6ab798baca942/Mercedes-Benz/GLC/2027/2100/486470/Xe9e9e9/driver_dashboard.png'},{url:'https://carimages.d2cmedia.ca/newcarimages/en/cb6ab798baca942/Mercedes-Benz/GLC/2027/2100/486470/Xe9e9e9/full_dashboard.png'},{url:'https://carimages.d2cmedia.ca/newcarimages/en/cb6ab798baca942/Mercedes-Benz/GLC/2027/2100/486470/Xe9e9e9/interior_driver_open_seat.png'},{url:'https://carimages.d2cmedia.ca/newcarimages/en/cb6ab798baca942/Mercedes-Benz/GLC/2027/2100/486470/Xe9e9e9/interior_driver_stereo.png'},{url:'https://carimages.d2cmedia.ca/newcarimages/en/cb6ab798baca942/Mercedes-Benz/GLC/2027/2100/486470/Xe9e9e9/interior_driver_reat_seats.png'}]",90,KM,https://www.mercedes-benz-maple.ca/new/inventory/2027-Mercedes_Benz-GLC_300-id14213842.html,2027 Mercedes-Benz GLC GLC 300 4MATIC SUV at Mercedes-Benz Maple,81611 CAD,New,White,Red,4804,Mercedes-Benz Maple,+1-905-585-9300,"{addr1: '9300 Jane St', city: 'Maple', region: 'Ontario', postal_code: 'L6A 0C5', country: 'CA'}",43.8344170000,-79.5341990000,,,,,https://www.mercedes-benz-maple.ca/privacy-policy.html,New,4804,In stock,,81611 CAD,Free,
W1NKM4HB9VF656432,W1NKM4HB9VF656432,27658880-new,Mercedes-Benz,GLC,GLC 300 4MATIC SUV,2027,AUTOMATIC,SUV,GASOLINE,,"2027 Mercedes-Benz GLC GLC 300 4MATIC SUV, Grey exterior","[{url:'https://carimages.d2cmedia.ca/newcarimages/en/cb6ab798baca942/Mercedes-Benz/GLC/2027/1200/486470-NE1BVElDIFNVVg/X9C9AA1/front45.png'},{url:'https://carimages.d2cmedia.ca/newcarimages/en/cb6ab798baca942/Mercedes-Benz/GLC/2027/1280/486470/X9c9aa1/front_45_degree.png'},{url:'https://carimages.d2cmedia.ca/newcarimages/en/cb6ab798baca942/Mercedes-Benz/GLC/2027/2100/486470/X9c9aa1/front_45_degree.png'},{url:'https://carimages.d2cmedia.ca/newcarimages/en/cb6ab798baca942/Mercedes-Benz/GLC/2027/2100/486470/X9c9aa1/profile.png'},{url:'https://carimages.d2cmedia.ca/newcarimages/en/cb6ab798baca942/Mercedes-Benz/GLC/2027/2100/486470/X9c9aa1/back_45_degree.png'},{url:'https://carimages.d2cmedia.ca/newcarimages/en/cb6ab798baca942/Mercedes-Benz/GLC/2027/2100/486470/X9c9aa1/driver_dashboard.png'},{url:'https://carimages.d2cmedia.ca/newcarimages/en/cb6ab798baca942/Mercedes-Benz/GLC/2027/2100/486470/X9c9aa1/full_dashboard.png'},{url:'https://carimages.d2cmedia.ca/newcarimages/en/cb6ab798baca942/Mercedes-Benz/GLC/2027/2100/486470/X9c9aa1/interior_driver_open_seat.png'},{url:'https://carimages.d2cmedia.ca/newcarimages/en/cb6ab798baca942/Mercedes-Benz/GLC/2027/2100/486470/X9c9aa1/interior_driver_stereo.png'},{url:'https://carimages.d2cmedia.ca/newcarimages/en/cb6ab798baca942/Mercedes-Benz/GLC/2027/2100/486470/X9c9aa1/interior_driver_reat_seats.png'}]",90,KM,https://www.mercedes-benz-maple.ca/new/inventory/2027-Mercedes_Benz-GLC_300-id14181636.html,2027 Mercedes-Benz GLC GLC 300 4MATIC SUV at Mercedes-Benz Maple,81411 CAD,New,Grey,Red,4804,Mercedes-Benz Maple,+1-905-585-9300,"{addr1: '9300 Jane St', city: 'Maple', region: 'Ontario', postal_code: 'L6A 0C5', country: 'CA'}",43.8344170000,-79.5341990000,,,,,https://www.mercedes-benz-maple.ca/privacy-policy.html,New,4804,In stock,,81411 CAD,Free,
W1NKM4HB5VF660350,W1NKM4HB5VF660350,27661533-new,Mercedes-Benz,GLC,GLC 300 4MATIC SUV,2027,AUTOMATIC,SUV,GASOLINE,,"2027 Mercedes-Benz GLC GLC 300 4MATIC SUV, Grey exterior","[{url:'https://carimages.d2cmedia.ca/newcarimages/en/cb6ab798baca942/Mercedes-Benz/GLC/2027/1200/486470-NE1BVElDIFNVVg/X3C3C3C/front45.png'},{url:'https://carimages.d2cmedia.ca/newcarimages/en/cb6ab798baca942/Mercedes-Benz/GLC/2027/1280/486470/X3c3c3c/front_45_degree.png'},{url:'https://carimages.d2cmedia.ca/newcarimages/en/cb6ab798baca942/Mercedes-Benz/GLC/2027/2100/486470/X3c3c3c/front_45_degree.png'},{url:'https://carimages.d2cmedia.ca/newcarimages/en/cb6ab798baca942/Mercedes-Benz/GLC/2027/2100/486470/X3c3c3c/profile.png'},{url:'https://carimages.d2cmedia.ca/newcarimages/en/cb6ab798baca942/Mercedes-Benz/GLC/2027/2100/486470/X3c3c3c/back_45_degree.png'},{url:'https://carimages.d2cmedia.ca/newcarimages/en/cb6ab798baca942/Mercedes-Benz/GLC/2027/2100/486470/X3c3c3c/driver_dashboard.png'},{url:'https://carimages.d2cmedia.ca/newcarimages/en/cb6ab798baca942/Mercedes-Benz/GLC/2027/2100/486470/X3c3c3c/full_dashboard.png'},{url:'https://carimages.d2cmedia.ca/newcarimages/en/cb6ab798baca942/Mercedes-Benz/GLC/2027/2100/486470/X3c3c3c/interior_driver_open_seat.png'},{url:'https://carimages.d2cmedia.ca/newcarimages/en/cb6ab798baca942/Mercedes-Benz/GLC/2027/2100/486470/X3c3c3c/interior_driver_stereo.png'},{url:'https://carimages.d2cmedia.ca/newcarimages/en/cb6ab798baca942/Mercedes-Benz/GLC/2027/2100/486470/X3c3c3c/interior_driver_reat_seats.png'}]",90,KM,https://www.mercedes-benz-maple.ca/new/inventory/2027-Mercedes_Benz-GLC_300-id14240705.html,2027 Mercedes-Benz GLC GLC 300 4MATIC SUV at Mercedes-Benz Maple,81311 CAD,New,Grey,Black,4804,Mercedes-Benz Maple,+1-905-585-9300,"{addr1: '9300 Jane St', city: 'Maple', region: 'Ontario', postal_code: 'L6A 0C5', country: 'CA'}",43.8344170000,-79.5341990000,,,,,https://www.mercedes-benz-maple.ca/privacy-policy.html,New,4804,In stock,,81311 CAD,Free,
W1NKM4HBXVF671361,W1NKM4HBXVF671361,27663127-new,Mercedes-Benz,GLC,GLC 300 4MATIC SUV,2027,AUTOMATIC,SUV,GASOLINE,,"2027 Mercedes-Benz GLC GLC 300 4MATIC SUV, Grey exterior","[{url:'https://carimages.d2cmedia.ca/newcarimages/en/cb6ab798baca942/Mercedes-Benz/GLC/2027/1200/486470-NE1BVElDIFNVVg/X3C3C3C/front45.png'},{url:'https://carimages.d2cmedia.ca/newcarimages/en/cb6ab798baca942/Mercedes-Benz/GLC/2027/1280/486470/X3c3c3c/front_45_degree.png'},{url:'https://carimages.d2cmedia.ca/newcarimages/en/cb6ab798baca942/Mercedes-Benz/GLC/2027/2100/486470/X3c3c3c/front_45_degree.png'},{url:'https://carimages.d2cmedia.ca/newcarimages/en/cb6ab798baca942/Mercedes-Benz/GLC/2027/2100/486470/X3c3c3c/profile.png'},{url:'https://carimages.d2cmedia.ca/newcarimages/en/cb6ab798baca942/Mercedes-Benz/GLC/2027/2100/486470/X3c3c3c/back_45_degree.png'},{url:'https://carimages.d2cmedia.ca/newcarimages/en/cb6ab798baca942/Mercedes-Benz/GLC/2027/2100/486470/X3c3c3c/driver_dashboard.png'},{url:'https://carimages.d2cmedia.ca/newcarimages/en/cb6ab798baca942/Mercedes-Benz/GLC/2027/2100/486470/X3c3c3c/full_dashboard.png'},{url:'https://carimages.d2cmedia.ca/newcarimages/en/cb6ab798baca942/Mercedes-Benz/GLC/2027/2100/486470/X3c3c3c/interior_driver_open_seat.png'},{url:'https://carimages.d2cmedia.ca/newcarimages/en/cb6ab798baca942/Mercedes-Benz/GLC/2027/2100/486470/X3c3c3c/interior_driver_stereo.png'},{url:'https://carimages.d2cmedia.ca/newcarimages/en/cb6ab798baca942/Mercedes-Benz/GLC/2027/2100/486470/X3c3c3c/interior_driver_reat_seats.png'}]",90,KM,https://www.mercedes-benz-maple.ca/new/inventory/2027-Mercedes_Benz-GLC_300-id14357143.html,2027 Mercedes-Benz GLC GLC 300 4MATIC SUV at Mercedes-Benz Maple,81211 CAD,New,Grey,Black,4804,Mercedes-Benz Maple,+1-905-585-9300,"{addr1: '9300 Jane St', city: 'Maple', region: 'Ontario', postal_code: 'L6A 0C5', country: 'CA'}",43.8344170000,-79.5341990000,,,,,https://www.mercedes-benz-maple.ca/privacy-policy.html,New,4804,In stock,,81211 CAD,Free,
W1NKM4HB6VF676492,W1NKM4HB6VF676492,27663141-new,Mercedes-Benz,GLC,GLC 300 4MATIC SUV,2027,AUTOMATIC,SUV,GASOLINE,,"2027 Mercedes-Benz GLC GLC 300 4MATIC SUV, Light green exterior","[{url:'https://carimages.d2cmedia.ca/newcarimages/en/cb6ab798baca942/Mercedes-Benz/GLC/2027/1200/486470-NE1BVElDIFNVVg/X6F8085/front45.png'},{url:'https://carimages.d2cmedia.ca/newcarimages/en/cb6ab798baca942/Mercedes-Benz/GLC/2027/1280/486470/X6f8085/front_45_degree.png'},{url:'https://carimages.d2cmedia.ca/newcarimages/en/cb6ab798baca942/Mercedes-Benz/GLC/2027/2100/486470/X6f8085/front_45_degree.png'},{url:'https://carimages.d2cmedia.ca/newcarimages/en/cb6ab798baca942/Mercedes-Benz/GLC/2027/2100/486470/X6f8085/profile.png'},{url:'https://carimages.d2cmedia.ca/newcarimages/en/cb6ab798baca942/Mercedes-Benz/GLC/2027/2100/486470/X6f8085/back_45_degree.png'},{url:'https://carimages.d2cmedia.ca/newcarimages/en/cb6ab798baca942/Mercedes-Benz/GLC/2027/2100/486470/X6f8085/driver_dashboard.png'},{url:'https://carimages.d2cmedia.ca/newcarimages/en/cb6ab798baca942/Mercedes-Benz/GLC/2027/2100/486470/X6f8085/full_dashboard.png'},{url:'https://carimages.d2cmedia.ca/newcarimages/en/cb6ab798baca942/Mercedes-Benz/GLC/2027/2100/486470/X6f8085/interior_driver_open_seat.png'},{url:'https://carimages.d2cmedia.ca/newcarimages/en/cb6ab798baca942/Mercedes-Benz/GLC/2027/2100/486470/X6f8085/interior_driver_stereo.png'},{url:'https://carimages.d2cmedia.ca/newcarimages/en/cb6ab798baca942/Mercedes-Benz/GLC/2027/2100/486470/X6f8085/interior_driver_reat_seats.png'}]",90,KM,https://www.mercedes-benz-maple.ca/new/inventory/2027-Mercedes_Benz-GLC_300-id14416631.html,2027 Mercedes-Benz GLC GLC 300 4MATIC SUV at Mercedes-Benz Maple,81211 CAD,New,Light green,Brown,4804,Mercedes-Benz Maple,+1-905-585-9300,"{addr1: '9300 Jane St', city: 'Maple', region: 'Ontario', postal_code: 'L6A 0C5', country: 'CA'}",43.8344170000,-79.5341990000,,,,,https://www.mercedes-benz-maple.ca/privacy-policy.html,New,4804,In stock,,81211 CAD,Free,
W1NKM4HBXVF657587,W1NKM4HBXVF657587,27658885-new,Mercedes-Benz,GLC,GLC 300 4MATIC SUV,2027,AUTOMATIC,SUV,GASOLINE,,"2027 Mercedes-Benz GLC GLC 300 4MATIC SUV, White exterior","[{url:'https://carimages.d2cmedia.ca/newcarimages/en/cb6ab798baca942/Mercedes-Benz/GLC/2027/1200/486470-NE1BVElDIFNVVg/XE9E9E9/front45.png'},{url:'https://carimages.d2cmedia.ca/newcarimages/fr/cb6ab798baca942/Mercedes-Benz/GLC/2027/640/486470-NE1BVElDIFNVVg/Xe9e9e9/front_45_degree.png'},{url:'https://carimages.d2cmedia.ca/newcarimages/fr/cb6ab798baca942/Mercedes-Benz/GLC/2027/2100/486470-NE1BVElDIFNVVg/Xe9e9e9/front_45_degree.png'}]",90,KM,https://www.mercedes-benz-maple.ca/new/inventory/2027-Mercedes_Benz-GLC_300-id14169259.html,2027 Mercedes-Benz GLC GLC 300 4MATIC SUV at Mercedes-Benz Maple,81011 CAD,New,White,Black,4804,Mercedes-Benz Maple,+1-905-585-9300,"{addr1: '9300 Jane St', city: 'Maple', region: 'Ontario', postal_code: 'L6A 0C5', country: 'CA'}",43.8344170000,-79.5341990000,,,,,https://www.mercedes-benz-maple.ca/privacy-policy.html,New,4804,In stock,,81011 CAD,Free,
W1NKJ4HB4VF669176,W1NKJ4HB4VF669176,27661022-new,Mercedes-Benz,GLC,GLC 300 4MATIC Coupe,2027,AUTOMATIC,COUPE,GASOLINE,,"2027 Mercedes-Benz GLC GLC 300 4MATIC Coupe, White exterior","[{url:'https://carimages.d2cmedia.ca/newcarimages/en/cb6ab798baca942/Mercedes-Benz/GLC/2027/1200/486762-NE1BVElDIENvdXBl/XE9E9E9/front45.png'},{url:'https://carimages.d2cmedia.ca/newcarimages/en/cb6ab798baca942/Mercedes-Benz/GLC/2027/1280/486762/Xe9e9e9/front_45_degree.png'},{url:'https://carimages.d2cmedia.ca/newcarimages/en/cb6ab798baca942/Mercedes-Benz/GLC/2027/2100/486762/Xe9e9e9/front_45_degree.png'},{url:'https://carimages.d2cmedia.ca/newcarimages/en/cb6ab798baca942/Mercedes-Benz/GLC/2027/2100/486762/Xe9e9e9/profile.png'},{url:'https://carimages.d2cmedia.ca/newcarimages/en/cb6ab798baca942/Mercedes-Benz/GLC/2027/2100/486762/Xe9e9e9/full_dashboard.png'}]",90,KM,https://www.mercedes-benz-maple.ca/new/inventory/2027-Mercedes_Benz-GLC_300-id14362921.html,2027 Mercedes-Benz GLC GLC 300 4MATIC Coupe at Mercedes-Benz Maple,80511 CAD,New,White,Red,4804,Mercedes-Benz Maple,+1-905-585-9300,"{addr1: '9300 Jane St', city: 'Maple', region: 'Ontario', postal_code: 'L6A 0C5', country: 'CA'}",43.8344170000,-79.5341990000,,,,,https://www.mercedes-benz-maple.ca/privacy-policy.html,New,4804,In stock,,80511 CAD,Free,
W1NKM4HB1VF662452,W1NKM4HB1VF662452,27661477-new,Mercedes-Benz,GLC,GLC 300 4MATIC SUV,2027,AUTOMATIC,SUV,GASOLINE,,"2027 Mercedes-Benz GLC GLC 300 4MATIC SUV, Grey exterior","[{url:'https://carimages.d2cmedia.ca/newcarimages/en/cb6ab798baca942/Mercedes-Benz/GLC/2027/1200/486470-NE1BVElDIFNVVg/X3C3C3C/front45.png'},{url:'https://carimages.d2cmedia.ca/newcarimages/en/cb6ab798baca942/Mercedes-Benz/GLC/2027/1280/486470/X3c3c3c/front_45_degree.png'},{url:'https://carimages.d2cmedia.ca/newcarimages/en/cb6ab798baca942/Mercedes-Benz/GLC/2027/2100/486470/X3c3c3c/front_45_degree.png'},{url:'https://carimages.d2cmedia.ca/newcarimages/en/cb6ab798baca942/Mercedes-Benz/GLC/2027/2100/486470/X3c3c3c/profile.png'},{url:'https://carimages.d2cmedia.ca/newcarimages/en/cb6ab798baca942/Mercedes-Benz/GLC/2027/2100/486470/X3c3c3c/back_45_degree.png'},{url:'https://carimages.d2cmedia.ca/newcarimages/en/cb6ab798baca942/Mercedes-Benz/GLC/2027/2100/486470/X3c3c3c/driver_dashboard.png'},{url:'https://carimages.d2cmedia.ca/newcarimages/en/cb6ab798baca942/Mercedes-Benz/GLC/2027/2100/486470/X3c3c3c/full_dashboard.png'},{url:'https://carimages.d2cmedia.ca/newcarimages/en/cb6ab798baca942/Mercedes-Benz/GLC/2027/2100/486470/X3c3c3c/interior_driver_open_seat.png'},{url:'https://carimages.d2cmedia.ca/newcarimages/en/cb6ab798baca942/Mercedes-Benz/GLC/2027/2100/486470/X3c3c3c/interior_driver_stereo.png'},{url:'https://carimages.d2cmedia.ca/newcarimages/en/cb6ab798baca942/Mercedes-Benz/GLC/2027/2100/486470/X3c3c3c/interior_driver_reat_seats.png'}]",90,KM,https://www.mercedes-benz-maple.ca/new/inventory/2027-Mercedes_Benz-GLC_300-id14258894.html,2027 Mercedes-Benz GLC GLC 300 4MATIC SUV at Mercedes-Benz Maple,80411 CAD,New,Grey,Gray,4804,Mercedes-Benz Maple,+1-905-585-9300,"{addr1: '9300 Jane St', city: 'Maple', region: 'Ontario', postal_code: 'L6A 0C5', country: 'CA'}",43.8344170000,-79.5341990000,,,,,https://www.mercedes-benz-maple.ca/privacy-policy.html,New,4804,In stock,,80411 CAD,Free,
W1NKM4HB4VF666544,W1NKM4HB4VF666544,27663138-new,Mercedes-Benz,GLC,GLC 300 4MATIC SUV,2027,AUTOMATIC,SUV,GASOLINE,,"2027 Mercedes-Benz GLC GLC 300 4MATIC SUV, Black exterior","[{url:'https://carimages.d2cmedia.ca/newcarimages/en/cb6ab798baca942/Mercedes-Benz/GLC/2027/1200/486470-NE1BVElDIFNVVg/black/front45.png'},{url:'https://carimages.d2cmedia.ca/newcarimages/en/cb6ab798baca942/Mercedes-Benz/GLC/2027/1280/486470/black/front_45_degree.png'},{url:'https://carimages.d2cmedia.ca/newcarimages/en/cb6ab798baca942/Mercedes-Benz/GLC/2027/2100/486470/black/front_45_degree.png'},{url:'https://carimages.d2cmedia.ca/newcarimages/en/cb6ab798baca942/Mercedes-Benz/GLC/2027/2100/486470/black/profile.png'},{url:'https://carimages.d2cmedia.ca/newcarimages/en/cb6ab798baca942/Mercedes-Benz/GLC/2027/2100/486470/black/back_45_degree.png'},{url:'https://carimages.d2cmedia.ca/newcarimages/en/cb6ab798baca942/Mercedes-Benz/GLC/2027/2100/486470/black/driver_dashboard.png'},{url:'https://carimages.d2cmedia.ca/newcarimages/en/cb6ab798baca942/Mercedes-Benz/GLC/2027/2100/486470/black/full_dashboard.png'},{url:'https://carimages.d2cmedia.ca/newcarimages/en/cb6ab798baca942/Mercedes-Benz/GLC/2027/2100/486470/black/interior_driver_open_seat.png'},{url:'https://carimages.d2cmedia.ca/newcarimages/en/cb6ab798baca942/Mercedes-Benz/GLC/2027/2100/486470/black/interior_driver_stereo.png'},{url:'https://carimages.d2cmedia.ca/newcarimages/en/cb6ab798baca942/Mercedes-Benz/GLC/2027/2100/486470/black/interior_driver_reat_seats.png'}]",90,KM,https://www.mercedes-benz-maple.ca/new/inventory/2027-Mercedes_Benz-GLC_300-id14276955.html,2027 Mercedes-Benz GLC GLC 300 4MATIC SUV at Mercedes-Benz Maple,80411 CAD,New,Black,Black,4804,Mercedes-Benz Maple,+1-905-585-9300,"{addr1: '9300 Jane St', city: 'Maple', region: 'Ontario', postal_code: 'L6A 0C5', country: 'CA'}",43.8344170000,-79.5341990000,,,,,https://www.mercedes-benz-maple.ca/privacy-policy.html,New,4804,In stock,,80411 CAD,Free,
W1NKM4HB3VF656037,W1NKM4HB3VF656037,27658879-new,Mercedes-Benz,GLC,GLC 300 4MATIC SUV,2027,AUTOMATIC,SUV,GASOLINE,,"2027 Mercedes-Benz GLC GLC 300 4MATIC SUV, Black exterior","[{url:'https://carimages.d2cmedia.ca/newcarimages/en/cb6ab798baca942/Mercedes-Benz/GLC/2027/1200/486470-NE1BVElDIFNVVg/black/front45.png'},{url:'https://carimages.d2cmedia.ca/newcarimages/en/cb6ab798baca942/Mercedes-Benz/GLC/2027/1280/486470/black/front_45_degree.png'},{url:'https://carimages.d2cmedia.ca/newcarimages/en/cb6ab798baca942/Mercedes-Benz/GLC/2027/2100/486470/black/front_45_degree.png'},{url:'https://carimages.d2cmedia.ca/newcarimages/en/cb6ab798baca942/Mercedes-Benz/GLC/2027/2100/486470/black/profile.png'},{url:'https://carimages.d2cmedia.ca/newcarimages/en/cb6ab798baca942/Mercedes-Benz/GLC/2027/2100/486470/black/back_45_degree.png'},{url:'https://carimages.d2cmedia.ca/newcarimages/en/cb6ab798baca942/Mercedes-Benz/GLC/2027/2100/486470/black/driver_dashboard.png'},{url:'https://carimages.d2cmedia.ca/newcarimages/en/cb6ab798baca942/Mercedes-Benz/GLC/2027/2100/486470/black/full_dashboard.png'},{url:'https://carimages.d2cmedia.ca/newcarimages/en/cb6ab798baca942/Mercedes-Benz/GLC/2027/2100/486470/black/interior_driver_open_seat.png'},{url:'https://carimages.d2cmedia.ca/newcarimages/en/cb6ab798baca942/Mercedes-Benz/GLC/2027/2100/486470/black/interior_driver_stereo.png'},{url:'https://carimages.d2cmedia.ca/newcarimages/en/cb6ab798baca942/Mercedes-Benz/GLC/2027/2100/486470/black/interior_driver_reat_seats.png'}]",90,KM,https://www.mercedes-benz-maple.ca/new/inventory/2027-Mercedes_Benz-GLC_300-id14181635.html,2027 Mercedes-Benz GLC GLC 300 4MATIC SUV at Mercedes-Benz Maple,80311 CAD,New,Black,Black,4804,Mercedes-Benz Maple,+1-905-585-9300,"{addr1: '9300 Jane St', city: 'Maple', region: 'Ontario', postal_code: 'L6A 0C5', country: 'CA'}",43.8344170000,-79.5341990000,,,,,https://www.mercedes-benz-maple.ca/privacy-policy.html,New,4804,In stock,,80311 CAD,Free,
W1NKM4HB2VF665103,W1NKM4HB2VF665103,27661532-new,Mercedes-Benz,GLC,GLC 300 4MATIC SUV,2027,AUTOMATIC,SUV,GASOLINE,,"2027 Mercedes-Benz GLC GLC 300 4MATIC SUV, White exterior","[{url:'https://carimages.d2cmedia.ca/newcarimages/en/cb6ab798baca942/Mercedes-Benz/GLC/2027/1200/486470-NE1BVElDIFNVVg/XE9E9E9/front45.png'},{url:'https://carimages.d2cmedia.ca/newcarimages/fr/cb6ab798baca942/Mercedes-Benz/GLC/2027/640/486470-NE1BVElDIFNVVg/Xe9e9e9/front_45_degree.png'},{url:'https://carimages.d2cmedia.ca/newcarimages/fr/cb6ab798baca942/Mercedes-Benz/GLC/2027/2100/486470-NE1BVElDIFNVVg/Xe9e9e9/front_45_degree.png'}]",90,KM,https://www.mercedes-benz-maple.ca/new/inventory/2027-Mercedes_Benz-GLC_300-id14213841.html,2027 Mercedes-Benz GLC GLC 300 4MATIC SUV at Mercedes-Benz Maple,80311 CAD,New,White,Black,4804,Mercedes-Benz Maple,+1-905-585-9300,"{addr1: '9300 Jane St', city: 'Maple', region: 'Ontario', postal_code: 'L6A 0C5', country: 'CA'}",43.8344170000,-79.5341990000,,,,,https://www.mercedes-benz-maple.ca/privacy-policy.html,New,4804,In stock,,80311 CAD,Free,
W1NKM4HB6VF660583,W1NKM4HB6VF660583,27661461-new,Mercedes-Benz,GLC,GLC 300 4MATIC SUV,2027,AUTOMATIC,SUV,GASOLINE,,"2027 Mercedes-Benz GLC GLC 300 4MATIC SUV, Black exterior","[{url:'https://carimages.d2cmedia.ca/newcarimages/en/cb6ab798baca942/Mercedes-Benz/GLC/2027/1200/486470-NE1BVElDIFNVVg/black/front45.png'},{url:'https://carimages.d2cmedia.ca/newcarimages/en/cb6ab798baca942/Mercedes-Benz/GLC/2027/1280/486470/black/front_45_degree.png'},{url:'https://carimages.d2cmedia.ca/newcarimages/en/cb6ab798baca942/Mercedes-Benz/GLC/2027/2100/486470/black/front_45_degree.png'},{url:'https://carimages.d2cmedia.ca/newcarimages/en/cb6ab798baca942/Mercedes-Benz/GLC/2027/2100/486470/black/profile.png'},{url:'https://carimages.d2cmedia.ca/newcarimages/en/cb6ab798baca942/Mercedes-Benz/GLC/2027/2100/486470/black/back_45_degree.png'},{url:'https://carimages.d2cmedia.ca/newcarimages/en/cb6ab798baca942/Mercedes-Benz/GLC/2027/2100/486470/black/driver_dashboard.png'},{url:'https://carimages.d2cmedia.ca/newcarimages/en/cb6ab798baca942/Mercedes-Benz/GLC/2027/2100/486470/black/full_dashboard.png'},{url:'https://carimages.d2cmedia.ca/newcarimages/en/cb6ab798baca942/Mercedes-Benz/GLC/2027/2100/486470/black/interior_driver_open_seat.png'},{url:'https://carimages.d2cmedia.ca/newcarimages/en/cb6ab798baca942/Mercedes-Benz/GLC/2027/2100/486470/black/interior_driver_stereo.png'},{url:'https://carimages.d2cmedia.ca/newcarimages/en/cb6ab798baca942/Mercedes-Benz/GLC/2027/2100/486470/black/interior_driver_reat_seats.png'}]",90,KM,https://www.mercedes-benz-maple.ca/new/inventory/2027-Mercedes_Benz-GLC_300-id14240704.html,2027 Mercedes-Benz GLC GLC 300 4MATIC SUV at Mercedes-Benz Maple,80311 CAD,New,Black,Black,4804,Mercedes-Benz Maple,+1-905-585-9300,"{addr1: '9300 Jane St', city: 'Maple', region: 'Ontario', postal_code: 'L6A 0C5', country: 'CA'}",43.8344170000,-79.5341990000,,,,,https://www.mercedes-benz-maple.ca/privacy-policy.html,New,4804,In stock,,80311 CAD,Free,
W1NKM4HBXVF673353,W1NKM4HBXVF673353,27663136-new,Mercedes-Benz,GLC,GLC 300 4MATIC SUV,2027,AUTOMATIC,SUV,GASOLINE,,"2027 Mercedes-Benz GLC GLC 300 4MATIC SUV, White exterior","[{url:'https://carimages.d2cmedia.ca/newcarimages/en/cb6ab798baca942/Mercedes-Benz/GLC/2027/1200/486470-NE1BVElDIFNVVg/XE9E9E9/front45.png'},{url:'https://carimages.d2cmedia.ca/newcarimages/en/cb6ab798baca942/Mercedes-Benz/GLC/2027/1280/486470/Xe9e9e9/front_45_degree.png'},{url:'https://carimages.d2cmedia.ca/newcarimages/en/cb6ab798baca942/Mercedes-Benz/GLC/2027/2100/486470/Xe9e9e9/front_45_degree.png'},{url:'https://carimages.d2cmedia.ca/newcarimages/en/cb6ab798baca942/Mercedes-Benz/GLC/2027/2100/486470/Xe9e9e9/profile.png'},{url:'https://carimages.d2cmedia.ca/newcarimages/en/cb6ab798baca942/Mercedes-Benz/GLC/2027/2100/486470/Xe9e9e9/back_45_degree.png'},{url:'https://carimages.d2cmedia.ca/newcarimages/en/cb6ab798baca942/Mercedes-Benz/GLC/2027/2100/486470/Xe9e9e9/driver_dashboard.png'},{url:'https://carimages.d2cmedia.ca/newcarimages/en/cb6ab798baca942/Mercedes-Benz/GLC/2027/2100/486470/Xe9e9e9/full_dashboard.png'},{url:'https://carimages.d2cmedia.ca/newcarimages/en/cb6ab798baca942/Mercedes-Benz/GLC/2027/2100/486470/Xe9e9e9/interior_driver_open_seat.png'},{url:'https://carimages.d2cmedia.ca/newcarimages/en/cb6ab798baca942/Mercedes-Benz/GLC/2027/2100/486470/Xe9e9e9/interior_driver_stereo.png'},{url:'https://carimages.d2cmedia.ca/newcarimages/en/cb6ab798baca942/Mercedes-Benz/GLC/2027/2100/486470/Xe9e9e9/interior_driver_reat_seats.png'}]",90,KM,https://www.mercedes-benz-maple.ca/new/inventory/2027-Mercedes_Benz-GLC_300-id14368549.html,2027 Mercedes-Benz GLC GLC 300 4MATIC SUV at Mercedes-Benz Maple,80111 CAD,New,White,Black,4804,Mercedes-Benz Maple,+1-905-585-9300,"{addr1: '9300 Jane St', city: 'Maple', region: 'Ontario', postal_code: 'L6A 0C5', country: 'CA'}",43.8344170000,-79.5341990000,,,,,https://www.mercedes-benz-maple.ca/privacy-policy.html,New,4804,In stock,,80111 CAD,Free,
W1NKM4HB7VF660396,W1NKM4HB7VF660396,27661456-new,Mercedes-Benz,GLC,GLC 300 4MATIC SUV,2027,AUTOMATIC,SUV,GASOLINE,,"2027 Mercedes-Benz GLC GLC 300 4MATIC SUV, Black exterior","[{url:'https://carimages.d2cmedia.ca/newcarimages/en/cb6ab798baca942/Mercedes-Benz/GLC/2027/1200/486470-NE1BVElDIFNVVg/black/front45.png'},{url:'https://carimages.d2cmedia.ca/newcarimages/en/cb6ab798baca942/Mercedes-Benz/GLC/2027/1280/486470/black/front_45_degree.png'},{url:'https://carimages.d2cmedia.ca/newcarimages/en/cb6ab798baca942/Mercedes-Benz/GLC/2027/2100/486470/black/front_45_degree.png'},{url:'https://carimages.d2cmedia.ca/newcarimages/en/cb6ab798baca942/Mercedes-Benz/GLC/2027/2100/486470/black/profile.png'},{url:'https://carimages.d2cmedia.ca/newcarimages/en/cb6ab798baca942/Mercedes-Benz/GLC/2027/2100/486470/black/back_45_degree.png'},{url:'https://carimages.d2cmedia.ca/newcarimages/en/cb6ab798baca942/Mercedes-Benz/GLC/2027/2100/486470/black/driver_dashboard.png'},{url:'https://carimages.d2cmedia.ca/newcarimages/en/cb6ab798baca942/Mercedes-Benz/GLC/2027/2100/486470/black/full_dashboard.png'},{url:'https://carimages.d2cmedia.ca/newcarimages/en/cb6ab798baca942/Mercedes-Benz/GLC/2027/2100/486470/black/interior_driver_open_seat.png'},{url:'https://carimages.d2cmedia.ca/newcarimages/en/cb6ab798baca942/Mercedes-Benz/GLC/2027/2100/486470/black/interior_driver_stereo.png'},{url:'https://carimages.d2cmedia.ca/newcarimages/en/cb6ab798baca942/Mercedes-Benz/GLC/2027/2100/486470/black/interior_driver_reat_seats.png'}]",90,KM,https://www.mercedes-benz-maple.ca/new/inventory/2027-Mercedes_Benz-GLC_300-id14240700.html,2027 Mercedes-Benz GLC GLC 300 4MATIC SUV at Mercedes-Benz Maple,79911 CAD,New,Black,Red,4804,Mercedes-Benz Maple,+1-905-585-9300,"{addr1: '9300 Jane St', city: 'Maple', region: 'Ontario', postal_code: 'L6A 0C5', country: 'CA'}",43.8344170000,-79.5341990000,,,,,https://www.mercedes-benz-maple.ca/privacy-policy.html,New,4804,In stock,,79911 CAD,Free,
W1NKM4HB2VF672360,W1NKM4HB2VF672360,27663140-new,Mercedes-Benz,GLC,GLC 300 4MATIC SUV,2027,AUTOMATIC,SUV,GASOLINE,,"2027 Mercedes-Benz GLC GLC 300 4MATIC SUV, Black exterior","[{url:'https://carimages.d2cmedia.ca/newcarimages/en/cb6ab798baca942/Mercedes-Benz/GLC/2027/1200/486470-NE1BVElDIFNVVg/black/front45.png'},{url:'https://carimages.d2cmedia.ca/newcarimages/en/cb6ab798baca942/Mercedes-Benz/GLC/2027/1280/486470/black/front_45_degree.png'},{url:'https://carimages.d2cmedia.ca/newcarimages/en/cb6ab798baca942/Mercedes-Benz/GLC/2027/2100/486470/black/front_45_degree.png'},{url:'https://carimages.d2cmedia.ca/newcarimages/en/cb6ab798baca942/Mercedes-Benz/GLC/2027/2100/486470/black/profile.png'},{url:'https://carimages.d2cmedia.ca/newcarimages/en/cb6ab798baca942/Mercedes-Benz/GLC/2027/2100/486470/black/back_45_degree.png'},{url:'https://carimages.d2cmedia.ca/newcarimages/en/cb6ab798baca942/Mercedes-Benz/GLC/2027/2100/486470/black/driver_dashboard.png'},{url:'https://carimages.d2cmedia.ca/newcarimages/en/cb6ab798baca942/Mercedes-Benz/GLC/2027/2100/486470/black/full_dashboard.png'},{url:'https://carimages.d2cmedia.ca/newcarimages/en/cb6ab798baca942/Mercedes-Benz/GLC/2027/2100/486470/black/interior_driver_open_seat.png'},{url:'https://carimages.d2cmedia.ca/newcarimages/en/cb6ab798baca942/Mercedes-Benz/GLC/2027/2100/486470/black/interior_driver_stereo.png'},{url:'https://carimages.d2cmedia.ca/newcarimages/en/cb6ab798baca942/Mercedes-Benz/GLC/2027/2100/486470/black/interior_driver_reat_seats.png'}]",90,KM,https://www.mercedes-benz-maple.ca/new/inventory/2027-Mercedes_Benz-GLC_300-id14357145.html,2027 Mercedes-Benz GLC GLC 300 4MATIC SUV at Mercedes-Benz Maple,79511 CAD,New,Black,Gray,4804,Mercedes-Benz Maple,+1-905-585-9300,"{addr1: '9300 Jane St', city: 'Maple', region: 'Ontario', postal_code: 'L6A 0C5', country: 'CA'}",43.8344170000,-79.5341990000,,,,,https://www.mercedes-benz-maple.ca/privacy-policy.html,New,4804,In stock,,79511 CAD,Free,
W1NKM4HB0VF645349,W1NKM4HB0VF645349,27661476-new,Mercedes-Benz,GLC,GLC 300 4MATIC SUV,2027,AUTOMATIC,SUV,GASOLINE,,"2027 Mercedes-Benz GLC GLC 300 4MATIC SUV, Grey exterior","[{url:'https://carimages.d2cmedia.ca/newcarimages/en/cb6ab798baca942/Mercedes-Benz/GLC/2027/1200/486470-NE1BVElDIFNVVg/X9C9AA1/front45.png'},{url:'https://carimages.d2cmedia.ca/newcarimages/en/cb6ab798baca942/Mercedes-Benz/GLC/2027/1280/486470/X9c9aa1/front_45_degree.png'},{url:'https://carimages.d2cmedia.ca/newcarimages/en/cb6ab798baca942/Mercedes-Benz/GLC/2027/2100/486470/X9c9aa1/front_45_degree.png'},{url:'https://carimages.d2cmedia.ca/newcarimages/en/cb6ab798baca942/Mercedes-Benz/GLC/2027/2100/486470/X9c9aa1/profile.png'},{url:'https://carimages.d2cmedia.ca/newcarimages/en/cb6ab798baca942/Mercedes-Benz/GLC/2027/2100/486470/X9c9aa1/back_45_degree.png'},{url:'https://carimages.d2cmedia.ca/newcarimages/en/cb6ab798baca942/Mercedes-Benz/GLC/2027/2100/486470/X9c9aa1/driver_dashboard.png'},{url:'https://carimages.d2cmedia.ca/newcarimages/en/cb6ab798baca942/Mercedes-Benz/GLC/2027/2100/486470/X9c9aa1/full_dashboard.png'},{url:'https://carimages.d2cmedia.ca/newcarimages/en/cb6ab798baca942/Mercedes-Benz/GLC/2027/2100/486470/X9c9aa1/interior_driver_open_seat.png'},{url:'https://carimages.d2cmedia.ca/newcarimages/en/cb6ab798baca942/Mercedes-Benz/GLC/2027/2100/486470/X9c9aa1/interior_driver_stereo.png'},{url:'https://carimages.d2cmedia.ca/newcarimages/en/cb6ab798baca942/Mercedes-Benz/GLC/2027/2100/486470/X9c9aa1/interior_driver_reat_seats.png'}]",90,KM,https://www.mercedes-benz-maple.ca/new/inventory/2027-Mercedes_Benz-GLC_300-id14169261.html,2027 Mercedes-Benz GLC GLC 300 4MATIC SUV at Mercedes-Benz Maple,79411 CAD,New,Grey,Black,4804,Mercedes-Benz Maple,+1-905-585-9300,"{addr1: '9300 Jane St', city: 'Maple', region: 'Ontario', postal_code: 'L6A 0C5', country: 'CA'}",43.8344170000,-79.5341990000,,,,,https://www.mercedes-benz-maple.ca/privacy-policy.html,New,4804,In stock,,79411 CAD,Free,
W1NKJ4HB2VF648441,W1NKJ4HB2VF648441,27660937-new,Mercedes-Benz,GLC,GLC 300 4MATIC Coupe,2027,AUTOMATIC,COUPE,GASOLINE,,"2027 Mercedes-Benz GLC GLC 300 4MATIC Coupe, Black exterior","[{url:'https://carimages.d2cmedia.ca/newcarimages/en/cb6ab798baca942/Mercedes-Benz/GLC/2027/1200/486762-NE1BVElDIENvdXBl/black/front45.png'},{url:'https://carimages.d2cmedia.ca/newcarimages/en/cb6ab798baca942/Mercedes-Benz/GLC/2027/1280/486762/black/front_45_degree.png'},{url:'https://carimages.d2cmedia.ca/newcarimages/en/cb6ab798baca942/Mercedes-Benz/GLC/2027/2100/486762/black/front_45_degree.png'},{url:'https://carimages.d2cmedia.ca/newcarimages/en/cb6ab798baca942/Mercedes-Benz/GLC/2027/2100/486762/black/profile.png'},{url:'https://carimages.d2cmedia.ca/newcarimages/en/cb6ab798baca942/Mercedes-Benz/GLC/2027/2100/486762/black/full_dashboard.png'}]",90,KM,https://www.mercedes-benz-maple.ca/new/inventory/2027-Mercedes_Benz-GLC_300-id14240707.html,2027 Mercedes-Benz GLC GLC 300 4MATIC Coupe at Mercedes-Benz Maple,79411 CAD,New,Black,Brown,4804,Mercedes-Benz Maple,+1-905-585-9300,"{addr1: '9300 Jane St', city: 'Maple', region: 'Ontario', postal_code: 'L6A 0C5', country: 'CA'}",43.8344170000,-79.5341990000,,,,,https://www.mercedes-benz-maple.ca/privacy-policy.html,New,4804,In stock,,79411 CAD,Free,
W1NKM4HB4VF649310,W1NKM4HB4VF649310,27658507-new,Mercedes-Benz,GLC,GLC 300 4MATIC SUV,2027,AUTOMATIC,SUV,GASOLINE,,"2027 Mercedes-Benz GLC GLC 300 4MATIC SUV, White exterior","[{url:'https://carimages.d2cmedia.ca/newcarimages/en/cb6ab798baca942/Mercedes-Benz/GLC/2027/1200/486470-NE1BVElDIFNVVg/XE9E9E9/front45.png'},{url:'https://carimages.d2cmedia.ca/newcarimages/fr/cb6ab798baca942/Mercedes-Benz/GLC/2027/640/486470-NE1BVElDIFNVVg/Xe9e9e9/front_45_degree.png'},{url:'https://carimages.d2cmedia.ca/newcarimages/fr/cb6ab798baca942/Mercedes-Benz/GLC/2027/2100/486470-NE1BVElDIFNVVg/Xe9e9e9/front_45_degree.png'}]",90,KM,https://www.mercedes-benz-maple.ca/new/inventory/2027-Mercedes_Benz-GLC_300-id14181628.html,2027 Mercedes-Benz GLC GLC 300 4MATIC SUV at Mercedes-Benz Maple,79311 CAD,New,White,Gray,4804,Mercedes-Benz Maple,+1-905-585-9300,"{addr1: '9300 Jane St', city: 'Maple', region: 'Ontario', postal_code: 'L6A 0C5', country: 'CA'}",43.8344170000,-79.5341990000,,,,,https://www.mercedes-benz-maple.ca/privacy-policy.html,New,4804,In stock,,79311 CAD,Free,
W1NKM4HB5VF655553,W1NKM4HB5VF655553,27658876-new,Mercedes-Benz,GLC,GLC 300 4MATIC SUV,2027,AUTOMATIC,SUV,GASOLINE,,"2027 Mercedes-Benz GLC GLC 300 4MATIC SUV, White exterior","[{url:'https://carimages.d2cmedia.ca/newcarimages/en/cb6ab798baca942/Mercedes-Benz/GLC/2027/1200/486470-NE1BVElDIFNVVg/XE9E9E9/front45.png'},{url:'https://carimages.d2cmedia.ca/newcarimages/en/cb6ab798baca942/Mercedes-Benz/GLC/2027/1280/486470/Xe9e9e9/front_45_degree.png'},{url:'https://carimages.d2cmedia.ca/newcarimages/en/cb6ab798baca942/Mercedes-Benz/GLC/2027/2100/486470/Xe9e9e9/front_45_degree.png'},{url:'https://carimages.d2cmedia.ca/newcarimages/en/cb6ab798baca942/Mercedes-Benz/GLC/2027/2100/486470/Xe9e9e9/profile.png'},{url:'https://carimages.d2cmedia.ca/newcarimages/en/cb6ab798baca942/Mercedes-Benz/GLC/2027/2100/486470/Xe9e9e9/back_45_degree.png'},{url:'https://carimages.d2cmedia.ca/newcarimages/en/cb6ab798baca942/Mercedes-Benz/GLC/2027/2100/486470/Xe9e9e9/driver_dashboard.png'},{url:'https://carimages.d2cmedia.ca/newcarimages/en/cb6ab798baca942/Mercedes-Benz/GLC/2027/2100/486470/Xe9e9e9/full_dashboard.png'},{url:'https://carimages.d2cmedia.ca/newcarimages/en/cb6ab798baca942/Mercedes-Benz/GLC/2027/2100/486470/Xe9e9e9/interior_driver_open_seat.png'},{url:'https://carimages.d2cmedia.ca/newcarimages/en/cb6ab798baca942/Mercedes-Benz/GLC/2027/2100/486470/Xe9e9e9/interior_driver_stereo.png'},{url:'https://carimages.d2cmedia.ca/newcarimages/en/cb6ab798baca942/Mercedes-Benz/GLC/2027/2100/486470/Xe9e9e9/interior_driver_reat_seats.png'}]",90,KM,https://www.mercedes-benz-maple.ca/new/inventory/2027-Mercedes_Benz-GLC_300-id14181632.html,2027 Mercedes-Benz GLC GLC 300 4MATIC SUV at Mercedes-Benz Maple,79311 CAD,New,White,Black,4804,Mercedes-Benz Maple,+1-905-585-9300,"{addr1: '9300 Jane St', city: 'Maple', region: 'Ontario', postal_code: 'L6A 0C5', country: 'CA'}",43.8344170000,-79.5341990000,,,,,https://www.mercedes-benz-maple.ca/privacy-policy.html,New,4804,In stock,,79311 CAD,Free,
W1NKM4HBXVF649439,W1NKM4HBXVF649439,27661459-new,Mercedes-Benz,GLC,GLC 300 4MATIC SUV,2027,AUTOMATIC,SUV,GASOLINE,,"2027 Mercedes-Benz GLC GLC 300 4MATIC SUV, White exterior","[{url:'https://carimages.d2cmedia.ca/newcarimages/en/cb6ab798baca942/Mercedes-Benz/GLC/2027/1200/486470-NE1BVElDIFNVVg/XE9E9E9/front45.png'},{url:'https://carimages.d2cmedia.ca/newcarimages/en/cb6ab798baca942/Mercedes-Benz/GLC/2027/1280/486470/Xe9e9e9/front_45_degree.png'},{url:'https://carimages.d2cmedia.ca/newcarimages/en/cb6ab798baca942/Mercedes-Benz/GLC/2027/2100/486470/Xe9e9e9/front_45_degree.png'},{url:'https://carimages.d2cmedia.ca/newcarimages/en/cb6ab798baca942/Mercedes-Benz/GLC/2027/2100/486470/Xe9e9e9/profile.png'},{url:'https://carimages.d2cmedia.ca/newcarimages/en/cb6ab798baca942/Mercedes-Benz/GLC/2027/2100/486470/Xe9e9e9/back_45_degree.png'},{url:'https://carimages.d2cmedia.ca/newcarimages/en/cb6ab798baca942/Mercedes-Benz/GLC/2027/2100/486470/Xe9e9e9/driver_dashboard.png'},{url:'https://carimages.d2cmedia.ca/newcarimages/en/cb6ab798baca942/Mercedes-Benz/GLC/2027/2100/486470/Xe9e9e9/full_dashboard.png'},{url:'https://carimages.d2cmedia.ca/newcarimages/en/cb6ab798baca942/Mercedes-Benz/GLC/2027/2100/486470/Xe9e9e9/interior_driver_open_seat.png'},{url:'https://carimages.d2cmedia.ca/newcarimages/en/cb6ab798baca942/Mercedes-Benz/GLC/2027/2100/486470/Xe9e9e9/interior_driver_stereo.png'},{url:'https://carimages.d2cmedia.ca/newcarimages/en/cb6ab798baca942/Mercedes-Benz/GLC/2027/2100/486470/Xe9e9e9/interior_driver_reat_seats.png'}]",90,KM,https://www.mercedes-benz-maple.ca/new/inventory/2027-Mercedes_Benz-GLC_300-id14181641.html,2027 Mercedes-Benz GLC GLC 300 4MATIC SUV at Mercedes-Benz Maple,79311 CAD,New,White,Red,4804,Mercedes-Benz Maple,+1-905-585-9300,"{addr1: '9300 Jane St', city: 'Maple', region: 'Ontario', postal_code: 'L6A 0C5', country: 'CA'}",43.8344170000,-79.5341990000,,,,,https://www.mercedes-benz-maple.ca/privacy-policy.html,New,4804,In stock,,79311 CAD,Free,
W1NKM4HB1VF659597,W1NKM4HB1VF659597,27661458-new,Mercedes-Benz,GLC,GLC 300 4MATIC SUV,2027,AUTOMATIC,SUV,GASOLINE,,"2027 Mercedes-Benz GLC GLC 300 4MATIC SUV, White exterior","[{url:'https://carimages.d2cmedia.ca/newcarimages/en/cb6ab798baca942/Mercedes-Benz/GLC/2027/1200/486470-NE1BVElDIFNVVg/XE9E9E9/front45.png'},{url:'https://carimages.d2cmedia.ca/newcarimages/en/cb6ab798baca942/Mercedes-Benz/GLC/2027/1280/486470/Xe9e9e9/front_45_degree.png'},{url:'https://carimages.d2cmedia.ca/newcarimages/en/cb6ab798baca942/Mercedes-Benz/GLC/2027/2100/486470/Xe9e9e9/front_45_degree.png'},{url:'https://carimages.d2cmedia.ca/newcarimages/en/cb6ab798baca942/Mercedes-Benz/GLC/2027/2100/486470/Xe9e9e9/profile.png'},{url:'https://carimages.d2cmedia.ca/newcarimages/en/cb6ab798baca942/Mercedes-Benz/GLC/2027/2100/486470/Xe9e9e9/back_45_degree.png'},{url:'https://carimages.d2cmedia.ca/newcarimages/en/cb6ab798baca942/Mercedes-Benz/GLC/2027/2100/486470/Xe9e9e9/driver_dashboard.png'},{url:'https://carimages.d2cmedia.ca/newcarimages/en/cb6ab798baca942/Mercedes-Benz/GLC/2027/2100/486470/Xe9e9e9/full_dashboard.png'},{url:'https://carimages.d2cmedia.ca/newcarimages/en/cb6ab798baca942/Mercedes-Benz/GLC/2027/2100/486470/Xe9e9e9/interior_driver_open_seat.png'},{url:'https://carimages.d2cmedia.ca/newcarimages/en/cb6ab798baca942/Mercedes-Benz/GLC/2027/2100/486470/Xe9e9e9/interior_driver_stereo.png'},{url:'https://carimages.d2cmedia.ca/newcarimages/en/cb6ab798baca942/Mercedes-Benz/GLC/2027/2100/486470/Xe9e9e9/interior_driver_reat_seats.png'}]",90,KM,https://www.mercedes-benz-maple.ca/new/inventory/2027-Mercedes_Benz-GLC_300-id14240702.html,2027 Mercedes-Benz GLC GLC 300 4MATIC SUV at Mercedes-Benz Maple,79311 CAD,New,White,Gray,4804,Mercedes-Benz Maple,+1-905-585-9300,"{addr1: '9300 Jane St', city: 'Maple', region: 'Ontario', postal_code: 'L6A 0C5', country: 'CA'}",43.8344170000,-79.5341990000,,,,,https://www.mercedes-benz-maple.ca/privacy-policy.html,New,4804,In stock,,79311 CAD,Free,
W1NKJ4HB4VF648439,W1NKJ4HB4VF648439,27658291-new,Mercedes-Benz,GLC,GLC 300 4MATIC Coupe,2027,AUTOMATIC,COUPE,GASOLINE,,"2027 Mercedes-Benz GLC GLC 300 4MATIC Coupe, White exterior","[{url:'https://carimages.d2cmedia.ca/newcarimages/en/cb6ab798baca942/Mercedes-Benz/GLC/2027/1200/486762-NE1BVElDIENvdXBl/XE9E9E9/front45.png'},{url:'https://carimages.d2cmedia.ca/newcarimages/en/cb6ab798baca942/Mercedes-Benz/GLC/2027/1280/486762/Xe9e9e9/front_45_degree.png'},{url:'https://carimages.d2cmedia.ca/newcarimages/en/cb6ab798baca942/Mercedes-Benz/GLC/2027/2100/486762/Xe9e9e9/front_45_degree.png'},{url:'https://carimages.d2cmedia.ca/newcarimages/en/cb6ab798baca942/Mercedes-Benz/GLC/2027/2100/486762/Xe9e9e9/profile.png'},{url:'https://carimages.d2cmedia.ca/newcarimages/en/cb6ab798baca942/Mercedes-Benz/GLC/2027/2100/486762/Xe9e9e9/full_dashboard.png'}]",90,KM,https://www.mercedes-benz-maple.ca/new/inventory/2027-Mercedes_Benz-GLC_300-id14276951.html,2027 Mercedes-Benz GLC GLC 300 4MATIC Coupe at Mercedes-Benz Maple,79311 CAD,New,White,Black,4804,Mercedes-Benz Maple,+1-905-585-9300,"{addr1: '9300 Jane St', city: 'Maple', region: 'Ontario', postal_code: 'L6A 0C5', country: 'CA'}",43.8344170000,-79.5341990000,,,,,https://www.mercedes-benz-maple.ca/privacy-policy.html,New,4804,In stock,,79311 CAD,Free,
W1NKM4HB8VF651397,W1NKM4HB8VF651397,27658886-new,Mercedes-Benz,GLC,GLC 300 4MATIC SUV,2027,AUTOMATIC,SUV,GASOLINE,,"2027 Mercedes-Benz GLC GLC 300 4MATIC SUV, Grey exterior","[{url:'https://carimages.d2cmedia.ca/newcarimages/en/cb6ab798baca942/Mercedes-Benz/GLC/2027/1200/486470-NE1BVElDIFNVVg/X9C9AA1/front45.png'},{url:'https://carimages.d2cmedia.ca/newcarimages/en/cb6ab798baca942/Mercedes-Benz/GLC/2027/1280/486470/X9c9aa1/front_45_degree.png'},{url:'https://carimages.d2cmedia.ca/newcarimages/en/cb6ab798baca942/Mercedes-Benz/GLC/2027/2100/486470/X9c9aa1/front_45_degree.png'},{url:'https://carimages.d2cmedia.ca/newcarimages/en/cb6ab798baca942/Mercedes-Benz/GLC/2027/2100/486470/X9c9aa1/profile.png'},{url:'https://carimages.d2cmedia.ca/newcarimages/en/cb6ab798baca942/Mercedes-Benz/GLC/2027/2100/486470/X9c9aa1/back_45_degree.png'},{url:'https://carimages.d2cmedia.ca/newcarimages/en/cb6ab798baca942/Mercedes-Benz/GLC/2027/2100/486470/X9c9aa1/driver_dashboard.png'},{url:'https://carimages.d2cmedia.ca/newcarimages/en/cb6ab798baca942/Mercedes-Benz/GLC/2027/2100/486470/X9c9aa1/full_dashboard.png'},{url:'https://carimages.d2cmedia.ca/newcarimages/en/cb6ab798baca942/Mercedes-Benz/GLC/2027/2100/486470/X9c9aa1/interior_driver_open_seat.png'},{url:'https://carimages.d2cmedia.ca/newcarimages/en/cb6ab798baca942/Mercedes-Benz/GLC/2027/2100/486470/X9c9aa1/interior_driver_stereo.png'},{url:'https://carimages.d2cmedia.ca/newcarimages/en/cb6ab798baca942/Mercedes-Benz/GLC/2027/2100/486470/X9c9aa1/interior_driver_reat_seats.png'}]",90,KM,https://www.mercedes-benz-maple.ca/new/inventory/2027-Mercedes_Benz-GLC_300-id14357141.html,2027 Mercedes-Benz GLC GLC 300 4MATIC SUV at Mercedes-Benz Maple,79111 CAD,New,Grey,Gray,4804,Mercedes-Benz Maple,+1-905-585-9300,"{addr1: '9300 Jane St', city: 'Maple', region: 'Ontario', postal_code: 'L6A 0C5', country: 'CA'}",43.8344170000,-79.5341990000,,,,,https://www.mercedes-benz-maple.ca/privacy-policy.html,New,4804,In stock,,79111 CAD,Free,
W1NKM4HB0VF680795,W1NKM4HB0VF680795,27664498-new,Mercedes-Benz,GLC,GLC 300 4MATIC SUV,2027,AUTOMATIC,SUV,GASOLINE,,"2027 Mercedes-Benz GLC GLC 300 4MATIC SUV, Grey exterior","[{url:'https://carimages.d2cmedia.ca/newcarimages/en/cb6ab798baca942/Mercedes-Benz/GLC/2027/1200/486470-NE1BVElDIFNVVg/X9C9AA1/front45.png'},{url:'https://carimages.d2cmedia.ca/newcarimages/en/cb6ab798baca942/Mercedes-Benz/GLC/2027/1280/486470/X9c9aa1/front_45_degree.png'},{url:'https://carimages.d2cmedia.ca/newcarimages/en/cb6ab798baca942/Mercedes-Benz/GLC/2027/2100/486470/X9c9aa1/front_45_degree.png'},{url:'https://carimages.d2cmedia.ca/newcarimages/en/cb6ab798baca942/Mercedes-Benz/GLC/2027/2100/486470/X9c9aa1/profile.png'},{url:'https://carimages.d2cmedia.ca/newcarimages/en/cb6ab798baca942/Mercedes-Benz/GLC/2027/2100/486470/X9c9aa1/back_45_degree.png'},{url:'https://carimages.d2cmedia.ca/newcarimages/en/cb6ab798baca942/Mercedes-Benz/GLC/2027/2100/486470/X9c9aa1/driver_dashboard.png'},{url:'https://carimages.d2cmedia.ca/newcarimages/en/cb6ab798baca942/Mercedes-Benz/GLC/2027/2100/486470/X9c9aa1/full_dashboard.png'},{url:'https://carimages.d2cmedia.ca/newcarimages/en/cb6ab798baca942/Mercedes-Benz/GLC/2027/2100/486470/X9c9aa1/interior_driver_open_seat.png'},{url:'https://carimages.d2cmedia.ca/newcarimages/en/cb6ab798baca942/Mercedes-Benz/GLC/2027/2100/486470/X9c9aa1/interior_driver_stereo.png'},{url:'https://carimages.d2cmedia.ca/newcarimages/en/cb6ab798baca942/Mercedes-Benz/GLC/2027/2100/486470/X9c9aa1/interior_driver_reat_seats.png'}]",90,KM,https://www.mercedes-benz-maple.ca/new/inventory/2027-Mercedes_Benz-GLC_300-id14429910.html,2027 Mercedes-Benz GLC GLC 300 4MATIC SUV at Mercedes-Benz Maple,79111 CAD,New,Grey,Black,4804,Mercedes-Benz Maple,+1-905-585-9300,"{addr1: '9300 Jane St', city: 'Maple', region: 'Ontario', postal_code: 'L6A 0C5', country: 'CA'}",43.8344170000,-79.5341990000,,,,,https://www.mercedes-benz-maple.ca/privacy-policy.html,New,4804,In stock,,79111 CAD,Free,
W1W4KCHYXTP864531,W1W4KCHYXTP864531,26504939-new,Mercedes-Benz,Sprinter Crew Van,"2500 High Roof I4 Diesel 170""",2026,AUTOMATIC,VAN,GASOLINE,,"2026 Mercedes-Benz Sprinter Crew Van 2500 High Roof I4 Diesel 170"", White exterior","[{url:'https://imagescdn.d2cmedia.ca/cb6ab798baca942/4804/13325789/1/Mercedes_Benz-Sprinter Crew Van-2026.jpg'},{url:'https://imagescdn.d2cmedia.ca/s86ab798baca942/4804/13325789/1/Mercedes_Benz-Sprinter-2026.jpg'},{url:'https://imagescdn.d2cmedia.ca/cb6ab798baca942/4804/13325789/1/Mercedes_Benz-Sprinter-2026.jpg'},{url:'https://imagescdn.d2cmedia.ca/cb6ab798baca942/4804/13325789/2/Mercedes_Benz-Sprinter-2026.jpg'},{url:'https://imagescdn.d2cmedia.ca/cb6ab798baca942/4804/13325789/3/Mercedes_Benz-Sprinter-2026.jpg'},{url:'https://imagescdn.d2cmedia.ca/cb6ab798baca942/4804/13325789/4/Mercedes_Benz-Sprinter-2026.jpg'},{url:'https://imagescdn.d2cmedia.ca/cb6ab798baca942/4804/13325789/5/Mercedes_Benz-Sprinter-2026.jpg'},{url:'https://imagescdn.d2cmedia.ca/cb6ab798baca942/4804/13325789/6/Mercedes_Benz-Sprinter-2026.jpg'},{url:'https://imagescdn.d2cmedia.ca/cb6ab798baca942/4804/13325789/7/Mercedes_Benz-Sprinter-2026.jpg'},{url:'https://imagescdn.d2cmedia.ca/cb6ab798baca942/4804/13325789/8/Mercedes_Benz-Sprinter-2026.jpg'}]",90,KM,https://www.mercedes-benz-maple.ca/new/inventory/2026-Mercedes_Benz-Sprinter-id13325789.html,"2026 Mercedes-Benz Sprinter Crew Van 2500 High Roof I4 Diesel 170"" at Mercedes-Benz Maple",94462 CAD,New,White,Black,4804,Mercedes-Benz Maple,+1-905-585-9300,"{addr1: '9300 Jane St', city: 'Maple', region: 'Ontario', postal_code: 'L6A 0C5', country: 'CA'}",43.8344170000,-79.5341990000,,,,,https://www.mercedes-benz-maple.ca/privacy-policy.html,New,4804,In stock,,94462 CAD,Free,
W1W4KCHYXTP872919,W1W4KCHYXTP872919,26505317-new,Mercedes-Benz,Sprinter Crew Van,"2500 High Roof I4 Diesel 170""",2026,AUTOMATIC,VAN,GASOLINE,,"2026 Mercedes-Benz Sprinter Crew Van 2500 High Roof I4 Diesel 170"", White exterior","[{url:'https://imagescdn.d2cmedia.ca/cb6ab798baca942/4804/13100573/1/Mercedes_Benz-Sprinter Crew Van-2026.jpg'},{url:'https://imagescdn.d2cmedia.ca/s86ab798baca942/4804/13100573/1/Mercedes_Benz-Sprinter-2026.jpg'},{url:'https://imagescdn.d2cmedia.ca/cb6ab798baca942/4804/13100573/1/Mercedes_Benz-Sprinter-2026.jpg'},{url:'https://imagescdn.d2cmedia.ca/cb6ab798baca942/4804/13100573/2/Mercedes_Benz-Sprinter-2026.jpg'},{url:'https://imagescdn.d2cmedia.ca/cb6ab798baca942/4804/13100573/3/Mercedes_Benz-Sprinter-2026.jpg'},{url:'https://imagescdn.d2cmedia.ca/cb6ab798baca942/4804/13100573/4/Mercedes_Benz-Sprinter-2026.jpg'},{url:'https://imagescdn.d2cmedia.ca/cb6ab798baca942/4804/13100573/5/Mercedes_Benz-Sprinter-2026.jpg'},{url:'https://imagescdn.d2cmedia.ca/cb6ab798baca942/4804/13100573/6/Mercedes_Benz-Sprinter-2026.jpg'},{url:'https://imagescdn.d2cmedia.ca/cb6ab798baca942/4804/13100573/7/Mercedes_Benz-Sprinter-2026.jpg'},{url:'https://imagescdn.d2cmedia.ca/cb6ab798baca942/4804/13100573/8/Mercedes_Benz-Sprinter-2026.jpg'}]",90,KM,https://www.mercedes-benz-maple.ca/new/inventory/2026-Mercedes_Benz-Sprinter-id13100573.html,"2026 Mercedes-Benz Sprinter Crew Van 2500 High Roof I4 Diesel 170"" at Mercedes-Benz Maple",94270 CAD,New,White,Black,4804,Mercedes-Benz Maple,+1-905-585-9300,"{addr1: '9300 Jane St', city: 'Maple', region: 'Ontario', postal_code: 'L6A 0C5', country: 'CA'}",43.8344170000,-79.5341990000,,,,,https://www.mercedes-benz-maple.ca/privacy-policy.html,New,4804,In stock,,94270 CAD,Free,
W1W4KCHY0TP933033,W1W4KCHY0TP933033,26659458-new,Mercedes-Benz,Sprinter Crew Van,"2500 High Roof I4 Diesel 170""",2026,AUTOMATIC,VAN,GASOLINE,,"2026 Mercedes-Benz Sprinter Crew Van 2500 High Roof I4 Diesel 170"", White exterior","[{url:'https://carimages.d2cmedia.ca/newcarimages/en/cb6ab798baca942/Mercedes-Benz/Sprinter Crew Van/2026/1200/480574-MjUwMCBIaWdoIFJvb2YgSTQgRGllc2VsIDE3MA/XDBDBDB/front45.png'},{url:'https://carimages.d2cmedia.ca/newcarimages/en/cb6ab798baca942/Mercedes-Benz/Sprinter Crew Van/2026/1280/480574/Xdbdbdb/front_45_degree.png'},{url:'https://carimages.d2cmedia.ca/newcarimages/en/cb6ab798baca942/Mercedes-Benz/Sprinter Crew Van/2026/2100/480574/Xdbdbdb/front_45_degree.png'},{url:'https://carimages.d2cmedia.ca/newcarimages/en/cb6ab798baca942/Mercedes-Benz/Sprinter Crew Van/2026/2100/480574/Xdbdbdb/profile.png'},{url:'https://carimages.d2cmedia.ca/newcarimages/en/cb6ab798baca942/Mercedes-Benz/Sprinter Crew Van/2026/2100/480574/Xdbdbdb/back_45_degree.png'},{url:'https://carimages.d2cmedia.ca/newcarimages/en/cb6ab798baca942/Mercedes-Benz/Sprinter Crew Van/2026/2100/480574/Xdbdbdb/driver_dashboard.png'},{url:'https://carimages.d2cmedia.ca/newcarimages/en/cb6ab798baca942/Mercedes-Benz/Sprinter Crew Van/2026/2100/480574/Xdbdbdb/full_dashboard.png'},{url:'https://carimages.d2cmedia.ca/newcarimages/en/cb6ab798baca942/Mercedes-Benz/Sprinter Crew Van/2026/2100/480574/Xdbdbdb/interior_driver_open_seat.png'},{url:'https://carimages.d2cmedia.ca/newcarimages/en/cb6ab798baca942/Mercedes-Benz/Sprinter Crew Van/2026/2100/480574/Xdbdbdb/interior_driver_stereo.png'},{url:'https://carimages.d2cmedia.ca/newcarimages/en/cb6ab798baca942/Mercedes-Benz/Sprinter Crew Van/2026/2100/480574/Xdbdbdb/interior_driver_reat_seats.png'}]",90,KM,https://www.mercedes-benz-maple.ca/new/inventory/2026-Mercedes_Benz-Sprinter-id13976365.html,"2026 Mercedes-Benz Sprinter Crew Van 2500 High Roof I4 Diesel 170"" at Mercedes-Benz Maple",90873 CAD,New,White,Black,4804,Mercedes-Benz Maple,+1-905-585-9300,"{addr1: '9300 Jane St', city: 'Maple', region: 'Ontario', postal_code: 'L6A 0C5', country: 'CA'}",43.8344170000,-79.5341990000,,,,,https://www.mercedes-benz-maple.ca/privacy-policy.html,New,4804,In stock,,90873 CAD,Free,
W1W4KCHYXTP934674,W1W4KCHYXTP934674,26659467-new,Mercedes-Benz,Sprinter Crew Van,"2500 High Roof I4 Diesel 170""",2026,AUTOMATIC,VAN,GASOLINE,,"2026 Mercedes-Benz Sprinter Crew Van 2500 High Roof I4 Diesel 170"", White exterior","[{url:'https://carimages.d2cmedia.ca/newcarimages/en/cb6ab798baca942/Mercedes-Benz/Sprinter Crew Van/2026/1200/480574-MjUwMCBIaWdoIFJvb2YgSTQgRGllc2VsIDE3MA/XDBDBDB/front45.png'},{url:'https://carimages.d2cmedia.ca/newcarimages/en/cb6ab798baca942/Mercedes-Benz/Sprinter Crew Van/2026/1280/480574/Xdbdbdb/front_45_degree.png'},{url:'https://carimages.d2cmedia.ca/newcarimages/en/cb6ab798baca942/Mercedes-Benz/Sprinter Crew Van/2026/2100/480574/Xdbdbdb/front_45_degree.png'},{url:'https://carimages.d2cmedia.ca/newcarimages/en/cb6ab798baca942/Mercedes-Benz/Sprinter Crew Van/2026/2100/480574/Xdbdbdb/profile.png'},{url:'https://carimages.d2cmedia.ca/newcarimages/en/cb6ab798baca942/Mercedes-Benz/Sprinter Crew Van/2026/2100/480574/Xdbdbdb/back_45_degree.png'},{url:'https://carimages.d2cmedia.ca/newcarimages/en/cb6ab798baca942/Mercedes-Benz/Sprinter Crew Van/2026/2100/480574/Xdbdbdb/driver_dashboard.png'},{url:'https://carimages.d2cmedia.ca/newcarimages/en/cb6ab798baca942/Mercedes-Benz/Sprinter Crew Van/2026/2100/480574/Xdbdbdb/full_dashboard.png'},{url:'https://carimages.d2cmedia.ca/newcarimages/en/cb6ab798baca942/Mercedes-Benz/Sprinter Crew Van/2026/2100/480574/Xdbdbdb/interior_driver_open_seat.png'},{url:'https://carimages.d2cmedia.ca/newcarimages/en/cb6ab798baca942/Mercedes-Benz/Sprinter Crew Van/2026/2100/480574/Xdbdbdb/interior_driver_stereo.png'},{url:'https://carimages.d2cmedia.ca/newcarimages/en/cb6ab798baca942/Mercedes-Benz/Sprinter Crew Van/2026/2100/480574/Xdbdbdb/interior_driver_reat_seats.png'}]",90,KM,https://www.mercedes-benz-maple.ca/new/inventory/2026-Mercedes_Benz-Sprinter-id14038159.html,"2026 Mercedes-Benz Sprinter Crew Van 2500 High Roof I4 Diesel 170"" at Mercedes-Benz Maple",90873 CAD,New,White,Black,4804,Mercedes-Benz Maple,+1-905-585-9300,"{addr1: '9300 Jane St', city: 'Maple', region: 'Ontario', postal_code: 'L6A 0C5', country: 'CA'}",43.8344170000,-79.5341990000,,,,,https://www.mercedes-benz-maple.ca/privacy-policy.html,New,4804,In stock,,90873 CAD,Free,
W1Y4KCHY0TP953306,W1Y4KCHY0TP953306,26661297-new,Mercedes-Benz,Sprinter Crew Van,"2500 High Roof I4 Diesel 170""",2026,AUTOMATIC,VAN,GASOLINE,,"2026 Mercedes-Benz Sprinter Crew Van 2500 High Roof I4 Diesel 170"", White exterior","[{url:'https://carimages.d2cmedia.ca/newcarimages/en/cb6ab798baca942/Mercedes-Benz/Sprinter Crew Van/2026/1200/480574-MjUwMCBIaWdoIFJvb2YgSTQgRGllc2VsIDE3MA/XDBDBDB/front45.png'},{url:'https://carimages.d2cmedia.ca/newcarimages/en/cb6ab798baca942/Mercedes-Benz/Sprinter Crew Van/2026/1280/480574/Xdbdbdb/front_45_degree.png'},{url:'https://carimages.d2cmedia.ca/newcarimages/en/cb6ab798baca942/Mercedes-Benz/Sprinter Crew Van/2026/2100/480574/Xdbdbdb/front_45_degree.png'},{url:'https://carimages.d2cmedia.ca/newcarimages/en/cb6ab798baca942/Mercedes-Benz/Sprinter Crew Van/2026/2100/480574/Xdbdbdb/profile.png'},{url:'https://carimages.d2cmedia.ca/newcarimages/en/cb6ab798baca942/Mercedes-Benz/Sprinter Crew Van/2026/2100/480574/Xdbdbdb/back_45_degree.png'},{url:'https://carimages.d2cmedia.ca/newcarimages/en/cb6ab798baca942/Mercedes-Benz/Sprinter Crew Van/2026/2100/480574/Xdbdbdb/driver_dashboard.png'},{url:'https://carimages.d2cmedia.ca/newcarimages/en/cb6ab798baca942/Mercedes-Benz/Sprinter Crew Van/2026/2100/480574/Xdbdbdb/full_dashboard.png'},{url:'https://carimages.d2cmedia.ca/newcarimages/en/cb6ab798baca942/Mercedes-Benz/Sprinter Crew Van/2026/2100/480574/Xdbdbdb/interior_driver_open_seat.png'},{url:'https://carimages.d2cmedia.ca/newcarimages/en/cb6ab798baca942/Mercedes-Benz/Sprinter Crew Van/2026/2100/480574/Xdbdbdb/interior_driver_stereo.png'},{url:'https://carimages.d2cmedia.ca/newcarimages/en/cb6ab798baca942/Mercedes-Benz/Sprinter Crew Van/2026/2100/480574/Xdbdbdb/interior_driver_reat_seats.png'}]",90,KM,https://www.mercedes-benz-maple.ca/new/inventory/2026-Mercedes_Benz-Sprinter_Cargo_Van-id14270451.html,"2026 Mercedes-Benz Sprinter Crew Van 2500 High Roof I4 Diesel 170"" at Mercedes-Benz Maple",114757 CAD,New,White,Black,4804,Mercedes-Benz Maple,+1-905-585-9300,"{addr1: '9300 Jane St', city: 'Maple', region: 'Ontario', postal_code: 'L6A 0C5', country: 'CA'}",43.8344170000,-79.5341990000,,,,,https://www.mercedes-benz-maple.ca/privacy-policy.html,New,4804,In stock,,114757 CAD,Free,
W1Y4NCVY3TP937354,W1Y4NCVY3TP937354,26660076-new,Mercedes-Benz,Sprinter Crew Van,"2500 High Roof I4 Diesel HO 170"" AWD",2026,AUTOMATIC,VAN,GASOLINE,AWD,"2026 Mercedes-Benz Sprinter Crew Van 2500 High Roof I4 Diesel HO 170"" AWD, Grey exterior, All-wheel drive","[{url:'https://carimages.d2cmedia.ca/newcarimages/en/cb6ab798baca942/Mercedes-Benz/Sprinter Crew Van/2026/1200/480577-MjUwMCBIaWdoIFJvb2YgSTQgRGllc2VsIEhPIDE3MCBBV0Q/X222325/front45.png'},{url:'https://carimages.d2cmedia.ca/newcarimages/en/cb6ab798baca942/Mercedes-Benz/Sprinter Crew Van/2026/1280/480577/X222325/front_45_degree.png'},{url:'https://carimages.d2cmedia.ca/newcarimages/en/cb6ab798baca942/Mercedes-Benz/Sprinter Crew Van/2026/2100/480577/X222325/front_45_degree.png'},{url:'https://carimages.d2cmedia.ca/newcarimages/en/cb6ab798baca942/Mercedes-Benz/Sprinter Crew Van/2026/2100/480577/X222325/profile.png'},{url:'https://carimages.d2cmedia.ca/newcarimages/en/cb6ab798baca942/Mercedes-Benz/Sprinter Crew Van/2026/2100/480577/X222325/back_45_degree.png'},{url:'https://carimages.d2cmedia.ca/newcarimages/en/cb6ab798baca942/Mercedes-Benz/Sprinter Crew Van/2026/2100/480577/X222325/driver_dashboard.png'},{url:'https://carimages.d2cmedia.ca/newcarimages/en/cb6ab798baca942/Mercedes-Benz/Sprinter Crew Van/2026/2100/480577/X222325/full_dashboard.png'},{url:'https://carimages.d2cmedia.ca/newcarimages/en/cb6ab798baca942/Mercedes-Benz/Sprinter Crew Van/2026/2100/480577/X222325/interior_driver_open_seat.png'},{url:'https://carimages.d2cmedia.ca/newcarimages/en/cb6ab798baca942/Mercedes-Benz/Sprinter Crew Van/2026/2100/480577/X222325/interior_driver_stereo.png'},{url:'https://carimages.d2cmedia.ca/newcarimages/en/cb6ab798baca942/Mercedes-Benz/Sprinter Crew Van/2026/2100/480577/X222325/interior_driver_reat_seats.png'}]",90,KM,https://www.mercedes-benz-maple.ca/new/inventory/2026-Mercedes_Benz-Sprinter_Cargo_Van-id14069923.html,"2026 Mercedes-Benz Sprinter Crew Van 2500 High Roof I4 Diesel HO 170"" AWD at Mercedes-Benz Maple",106900 CAD,New,Grey,Black,4804,Mercedes-Benz Maple,+1-905-585-9300,"{addr1: '9300 Jane St', city: 'Maple', region: 'Ontario', postal_code: 'L6A 0C5', country: 'CA'}",43.8344170000,-79.5341990000,,,,,https://www.mercedes-benz-maple.ca/privacy-policy.html,New,4804,In stock,,106900 CAD,Free,
W1Y4NCVY5TP908129,W1Y4NCVY5TP908129,26658675-new,Mercedes-Benz,Sprinter Crew Van,"2500 High Roof I4 Diesel HO 170"" AWD",2026,AUTOMATIC,VAN,GASOLINE,AWD,"2026 Mercedes-Benz Sprinter Crew Van 2500 High Roof I4 Diesel HO 170"" AWD, Silver exterior, All-wheel drive","[{url:'https://carimages.d2cmedia.ca/newcarimages/en/cb6ab798baca942/Mercedes-Benz/Sprinter Crew Van/2026/1200/480577-MjUwMCBIaWdoIFJvb2YgSTQgRGllc2VsIEhPIDE3MCBBV0Q/silver/front45.png'},{url:'https://carimages.d2cmedia.ca/newcarimages/en/cb6ab798baca942/Mercedes-Benz/Sprinter Crew Van/2026/1280/480577/silver/front_45_degree.png'},{url:'https://carimages.d2cmedia.ca/newcarimages/en/cb6ab798baca942/Mercedes-Benz/Sprinter Crew Van/2026/2100/480577/silver/front_45_degree.png'},{url:'https://carimages.d2cmedia.ca/newcarimages/en/cb6ab798baca942/Mercedes-Benz/Sprinter Crew Van/2026/2100/480577/silver/profile.png'},{url:'https://carimages.d2cmedia.ca/newcarimages/en/cb6ab798baca942/Mercedes-Benz/Sprinter Crew Van/2026/2100/480577/silver/back_45_degree.png'},{url:'https://carimages.d2cmedia.ca/newcarimages/en/cb6ab798baca942/Mercedes-Benz/Sprinter Crew Van/2026/2100/480577/silver/driver_dashboard.png'},{url:'https://carimages.d2cmedia.ca/newcarimages/en/cb6ab798baca942/Mercedes-Benz/Sprinter Crew Van/2026/2100/480577/silver/full_dashboard.png'},{url:'https://carimages.d2cmedia.ca/newcarimages/en/cb6ab798baca942/Mercedes-Benz/Sprinter Crew Van/2026/2100/480577/silver/interior_driver_open_seat.png'},{url:'https://carimages.d2cmedia.ca/newcarimages/en/cb6ab798baca942/Mercedes-Benz/Sprinter Crew Van/2026/2100/480577/silver/interior_driver_stereo.png'},{url:'https://carimages.d2cmedia.ca/newcarimages/en/cb6ab798baca942/Mercedes-Benz/Sprinter Crew Van/2026/2100/480577/silver/interior_driver_reat_seats.png'}]",90,KM,https://www.mercedes-benz-maple.ca/new/inventory/2026-Mercedes_Benz-Sprinter_Cargo_Van-id13697056.html,"2026 Mercedes-Benz Sprinter Crew Van 2500 High Roof I4 Diesel HO 170"" AWD at Mercedes-Benz Maple",103957 CAD,New,Silver,Black,4804,Mercedes-Benz Maple,+1-905-585-9300,"{addr1: '9300 Jane St', city: 'Maple', region: 'Ontario', postal_code: 'L6A 0C5', country: 'CA'}",43.8344170000,-79.5341990000,,,,,https://www.mercedes-benz-maple.ca/privacy-policy.html,New,4804,In stock,,103957 CAD,Free,
W1Y4NCVY7TP937356,W1Y4NCVY7TP937356,26660142-new,Mercedes-Benz,Sprinter Crew Van,"2500 High Roof I4 Diesel HO 170"" AWD",2026,AUTOMATIC,VAN,GASOLINE,AWD,"2026 Mercedes-Benz Sprinter Crew Van 2500 High Roof I4 Diesel HO 170"" AWD, Silver exterior, All-wheel drive","[{url:'https://carimages.d2cmedia.ca/newcarimages/en/cb6ab798baca942/Mercedes-Benz/Sprinter Crew Van/2026/1200/480577-MjUwMCBIaWdoIFJvb2YgSTQgRGllc2VsIEhPIDE3MCBBV0Q/silver/front45.png'},{url:'https://carimages.d2cmedia.ca/newcarimages/en/cb6ab798baca942/Mercedes-Benz/Sprinter Crew Van/2026/1280/480577/silver/front_45_degree.png'},{url:'https://carimages.d2cmedia.ca/newcarimages/en/cb6ab798baca942/Mercedes-Benz/Sprinter Crew Van/2026/2100/480577/silver/front_45_degree.png'},{url:'https://carimages.d2cmedia.ca/newcarimages/en/cb6ab798baca942/Mercedes-Benz/Sprinter Crew Van/2026/2100/480577/silver/profile.png'},{url:'https://carimages.d2cmedia.ca/newcarimages/en/cb6ab798baca942/Mercedes-Benz/Sprinter Crew Van/2026/2100/480577/silver/back_45_degree.png'},{url:'https://carimages.d2cmedia.ca/newcarimages/en/cb6ab798baca942/Mercedes-Benz/Sprinter Crew Van/2026/2100/480577/silver/driver_dashboard.png'},{url:'https://carimages.d2cmedia.ca/newcarimages/en/cb6ab798baca942/Mercedes-Benz/Sprinter Crew Van/2026/2100/480577/silver/full_dashboard.png'},{url:'https://carimages.d2cmedia.ca/newcarimages/en/cb6ab798baca942/Mercedes-Benz/Sprinter Crew Van/2026/2100/480577/silver/interior_driver_open_seat.png'},{url:'https://carimages.d2cmedia.ca/newcarimages/en/cb6ab798baca942/Mercedes-Benz/Sprinter Crew Van/2026/2100/480577/silver/interior_driver_stereo.png'},{url:'https://carimages.d2cmedia.ca/newcarimages/en/cb6ab798baca942/Mercedes-Benz/Sprinter Crew Van/2026/2100/480577/silver/interior_driver_reat_seats.png'}]",90,KM,https://www.mercedes-benz-maple.ca/new/inventory/2026-Mercedes_Benz-Sprinter_Cargo_Van-id14069925.html,"2026 Mercedes-Benz Sprinter Crew Van 2500 High Roof I4 Diesel HO 170"" AWD at Mercedes-Benz Maple",103957 CAD,New,Silver,Black,4804,Mercedes-Benz Maple,+1-905-585-9300,"{addr1: '9300 Jane St', city: 'Maple', region: 'Ontario', postal_code: 'L6A 0C5', country: 'CA'}",43.8344170000,-79.5341990000,,,,,https://www.mercedes-benz-maple.ca/privacy-policy.html,New,4804,In stock,,103957 CAD,Free,
W1Y4NCVY7TP936112,W1Y4NCVY7TP936112,26660078-new,Mercedes-Benz,Sprinter Crew Van,"2500 High Roof I4 Diesel HO 170"" AWD",2026,AUTOMATIC,VAN,GASOLINE,AWD,"2026 Mercedes-Benz Sprinter Crew Van 2500 High Roof I4 Diesel HO 170"" AWD, Grey exterior, All-wheel drive","[{url:'https://carimages.d2cmedia.ca/newcarimages/en/cb6ab798baca942/Mercedes-Benz/Sprinter Crew Van/2026/1200/480577-MjUwMCBIaWdoIFJvb2YgSTQgRGllc2VsIEhPIDE3MCBBV0Q/X222325/front45.png'},{url:'https://carimages.d2cmedia.ca/newcarimages/en/cb6ab798baca942/Mercedes-Benz/Sprinter Crew Van/2026/1280/480577/X222325/front_45_degree.png'},{url:'https://carimages.d2cmedia.ca/newcarimages/en/cb6ab798baca942/Mercedes-Benz/Sprinter Crew Van/2026/2100/480577/X222325/front_45_degree.png'},{url:'https://carimages.d2cmedia.ca/newcarimages/en/cb6ab798baca942/Mercedes-Benz/Sprinter Crew Van/2026/2100/480577/X222325/profile.png'},{url:'https://carimages.d2cmedia.ca/newcarimages/en/cb6ab798baca942/Mercedes-Benz/Sprinter Crew Van/2026/2100/480577/X222325/back_45_degree.png'},{url:'https://carimages.d2cmedia.ca/newcarimages/en/cb6ab798baca942/Mercedes-Benz/Sprinter Crew Van/2026/2100/480577/X222325/driver_dashboard.png'},{url:'https://carimages.d2cmedia.ca/newcarimages/en/cb6ab798baca942/Mercedes-Benz/Sprinter Crew Van/2026/2100/480577/X222325/full_dashboard.png'},{url:'https://carimages.d2cmedia.ca/newcarimages/en/cb6ab798baca942/Mercedes-Benz/Sprinter Crew Van/2026/2100/480577/X222325/interior_driver_open_seat.png'},{url:'https://carimages.d2cmedia.ca/newcarimages/en/cb6ab798baca942/Mercedes-Benz/Sprinter Crew Van/2026/2100/480577/X222325/interior_driver_stereo.png'},{url:'https://carimages.d2cmedia.ca/newcarimages/en/cb6ab798baca942/Mercedes-Benz/Sprinter Crew Van/2026/2100/480577/X222325/interior_driver_reat_seats.png'}]",90,KM,https://www.mercedes-benz-maple.ca/new/inventory/2026-Mercedes_Benz-Sprinter_Cargo_Van-id14069924.html,"2026 Mercedes-Benz Sprinter Crew Van 2500 High Roof I4 Diesel HO 170"" AWD at Mercedes-Benz Maple",102842 CAD,New,Grey,Black,4804,Mercedes-Benz Maple,+1-905-585-9300,"{addr1: '9300 Jane St', city: 'Maple', region: 'Ontario', postal_code: 'L6A 0C5', country: 'CA'}",43.8344170000,-79.5341990000,,,,,https://www.mercedes-benz-maple.ca/privacy-policy.html,New,4804,In stock,,102842 CAD,Free,
W1Y4NCVY5TP932043,W1Y4NCVY5TP932043,26660143-new,Mercedes-Benz,Sprinter Crew Van,"2500 High Roof I4 Diesel HO 170"" AWD",2026,AUTOMATIC,VAN,GASOLINE,AWD,"2026 Mercedes-Benz Sprinter Crew Van 2500 High Roof I4 Diesel HO 170"" AWD, Grey exterior, All-wheel drive","[{url:'https://carimages.d2cmedia.ca/newcarimages/en/cb6ab798baca942/Mercedes-Benz/Sprinter Crew Van/2026/1200/480577-MjUwMCBIaWdoIFJvb2YgSTQgRGllc2VsIEhPIDE3MCBBV0Q/X3E3F3F/front45.png'},{url:'https://carimages.d2cmedia.ca/newcarimages/en/cb6ab798baca942/Mercedes-Benz/Sprinter Crew Van/2026/1280/480577/X3e3f3f/front_45_degree.png'},{url:'https://carimages.d2cmedia.ca/newcarimages/en/cb6ab798baca942/Mercedes-Benz/Sprinter Crew Van/2026/2100/480577/X3e3f3f/front_45_degree.png'},{url:'https://carimages.d2cmedia.ca/newcarimages/en/cb6ab798baca942/Mercedes-Benz/Sprinter Crew Van/2026/2100/480577/X3e3f3f/profile.png'},{url:'https://carimages.d2cmedia.ca/newcarimages/en/cb6ab798baca942/Mercedes-Benz/Sprinter Crew Van/2026/2100/480577/X3e3f3f/back_45_degree.png'},{url:'https://carimages.d2cmedia.ca/newcarimages/en/cb6ab798baca942/Mercedes-Benz/Sprinter Crew Van/2026/2100/480577/X3e3f3f/driver_dashboard.png'},{url:'https://carimages.d2cmedia.ca/newcarimages/en/cb6ab798baca942/Mercedes-Benz/Sprinter Crew Van/2026/2100/480577/X3e3f3f/full_dashboard.png'},{url:'https://carimages.d2cmedia.ca/newcarimages/en/cb6ab798baca942/Mercedes-Benz/Sprinter Crew Van/2026/2100/480577/X3e3f3f/interior_driver_open_seat.png'},{url:'https://carimages.d2cmedia.ca/newcarimages/en/cb6ab798baca942/Mercedes-Benz/Sprinter Crew Van/2026/2100/480577/X3e3f3f/interior_driver_stereo.png'},{url:'https://carimages.d2cmedia.ca/newcarimages/en/cb6ab798baca942/Mercedes-Benz/Sprinter Crew Van/2026/2100/480577/X3e3f3f/interior_driver_reat_seats.png'}]",90,KM,https://www.mercedes-benz-maple.ca/new/inventory/2026-Mercedes_Benz-Sprinter_Cargo_Van-id14416636.html,"2026 Mercedes-Benz Sprinter Crew Van 2500 High Roof I4 Diesel HO 170"" AWD at Mercedes-Benz Maple",101813 CAD,New,Grey,Black,4804,Mercedes-Benz Maple,+1-905-585-9300,"{addr1: '9300 Jane St', city: 'Maple', region: 'Ontario', postal_code: 'L6A 0C5', country: 'CA'}",43.8344170000,-79.5341990000,,,,,https://www.mercedes-benz-maple.ca/privacy-policy.html,New,4804,In stock,,101813 CAD,Free,
W1Y4NBVY0TP912518,W1Y4NBVY0TP912518,26659064-new,Mercedes-Benz,Sprinter Crew Van,"2500 Standard Roof I4 Diesel HO 144"" AWD",2026,AUTOMATIC,VAN,GASOLINE,AWD,"2026 Mercedes-Benz Sprinter Crew Van 2500 Standard Roof I4 Diesel HO 144"" AWD, Silver exterior, All-wheel drive","[{url:'https://carimages.d2cmedia.ca/newcarimages/en/cb6ab798baca942/Mercedes-Benz/Sprinter Crew Van/2026/1200/480576-MjUwMCBTdGFuZGFyZCBSb29mIEk0IERpZXNlbCBITyAxNDQgQVdE/silver/front45.png'},{url:'https://carimages.d2cmedia.ca/newcarimages/en/cb6ab798baca942/Mercedes-Benz/Sprinter Crew Van/2026/1280/480576/silver/front_45_degree.png'},{url:'https://carimages.d2cmedia.ca/newcarimages/en/cb6ab798baca942/Mercedes-Benz/Sprinter Crew Van/2026/2100/480576/silver/front_45_degree.png'},{url:'https://carimages.d2cmedia.ca/newcarimages/en/cb6ab798baca942/Mercedes-Benz/Sprinter Crew Van/2026/2100/480576/silver/profile.png'},{url:'https://carimages.d2cmedia.ca/newcarimages/en/cb6ab798baca942/Mercedes-Benz/Sprinter Crew Van/2026/2100/480576/silver/full_dashboard.png'}]",90,KM,https://www.mercedes-benz-maple.ca/new/inventory/2026-Mercedes_Benz-Sprinter_Cargo_Van-id13728753.html,"2026 Mercedes-Benz Sprinter Crew Van 2500 Standard Roof I4 Diesel HO 144"" AWD at Mercedes-Benz Maple",99181 CAD,New,Silver,Black,4804,Mercedes-Benz Maple,+1-905-585-9300,"{addr1: '9300 Jane St', city: 'Maple', region: 'Ontario', postal_code: 'L6A 0C5', country: 'CA'}",43.8344170000,-79.5341990000,,,,,https://www.mercedes-benz-maple.ca/privacy-policy.html,New,4804,In stock,,99181 CAD,Free,
W1Y4NBVY9TP932525,W1Y4NBVY9TP932525,26660077-new,Mercedes-Benz,Sprinter Crew Van,"2500 Standard Roof I4 Diesel HO 144"" AWD",2026,AUTOMATIC,VAN,GASOLINE,AWD,"2026 Mercedes-Benz Sprinter Crew Van 2500 Standard Roof I4 Diesel HO 144"" AWD, Silver exterior, All-wheel drive","[{url:'https://carimages.d2cmedia.ca/newcarimages/en/cb6ab798baca942/Mercedes-Benz/Sprinter Crew Van/2026/1200/480576-MjUwMCBTdGFuZGFyZCBSb29mIEk0IERpZXNlbCBITyAxNDQgQVdE/silver/front45.png'},{url:'https://carimages.d2cmedia.ca/newcarimages/en/cb6ab798baca942/Mercedes-Benz/Sprinter Crew Van/2026/1280/480576/silver/front_45_degree.png'},{url:'https://carimages.d2cmedia.ca/newcarimages/en/cb6ab798baca942/Mercedes-Benz/Sprinter Crew Van/2026/2100/480576/silver/front_45_degree.png'},{url:'https://carimages.d2cmedia.ca/newcarimages/en/cb6ab798baca942/Mercedes-Benz/Sprinter Crew Van/2026/2100/480576/silver/profile.png'},{url:'https://carimages.d2cmedia.ca/newcarimages/en/cb6ab798baca942/Mercedes-Benz/Sprinter Crew Van/2026/2100/480576/silver/full_dashboard.png'}]",90,KM,https://www.mercedes-benz-maple.ca/new/inventory/2026-Mercedes_Benz-Sprinter_Cargo_Van-id13982710.html,"2026 Mercedes-Benz Sprinter Crew Van 2500 Standard Roof I4 Diesel HO 144"" AWD at Mercedes-Benz Maple",97832 CAD,New,Silver,Black,4804,Mercedes-Benz Maple,+1-905-585-9300,"{addr1: '9300 Jane St', city: 'Maple', region: 'Ontario', postal_code: 'L6A 0C5', country: 'CA'}",43.8344170000,-79.5341990000,,,,,https://www.mercedes-benz-maple.ca/privacy-policy.html,New,4804,In stock,,97832 CAD,Free,
W1Y4NBVY9TP911318,W1Y4NBVY9TP911318,26659067-new,Mercedes-Benz,Sprinter Crew Van,"2500 Standard Roof I4 Diesel HO 144"" AWD",2026,AUTOMATIC,VAN,GASOLINE,AWD,"2026 Mercedes-Benz Sprinter Crew Van 2500 Standard Roof I4 Diesel HO 144"" AWD, Grey exterior, All-wheel drive","[{url:'https://carimages.d2cmedia.ca/newcarimages/en/cb6ab798baca942/Mercedes-Benz/Sprinter Crew Van/2026/1200/480576-MjUwMCBTdGFuZGFyZCBSb29mIEk0IERpZXNlbCBITyAxNDQgQVdE/X222325/front45.png'},{url:'https://carimages.d2cmedia.ca/newcarimages/en/cb6ab798baca942/Mercedes-Benz/Sprinter Crew Van/2026/1280/480576/X222325/front_45_degree.png'},{url:'https://carimages.d2cmedia.ca/newcarimages/en/cb6ab798baca942/Mercedes-Benz/Sprinter Crew Van/2026/2100/480576/X222325/front_45_degree.png'},{url:'https://carimages.d2cmedia.ca/newcarimages/en/cb6ab798baca942/Mercedes-Benz/Sprinter Crew Van/2026/2100/480576/X222325/profile.png'},{url:'https://carimages.d2cmedia.ca/newcarimages/en/cb6ab798baca942/Mercedes-Benz/Sprinter Crew Van/2026/2100/480576/X222325/full_dashboard.png'}]",90,KM,https://www.mercedes-benz-maple.ca/new/inventory/2026-Mercedes_Benz-Sprinter_Cargo_Van-id13715913.html,"2026 Mercedes-Benz Sprinter Crew Van 2500 Standard Roof I4 Diesel HO 144"" AWD at Mercedes-Benz Maple",97133 CAD,New,Grey,Black,4804,Mercedes-Benz Maple,+1-905-585-9300,"{addr1: '9300 Jane St', city: 'Maple', region: 'Ontario', postal_code: 'L6A 0C5', country: 'CA'}",43.8344170000,-79.5341990000,,,,,https://www.mercedes-benz-maple.ca/privacy-policy.html,New,4804,In stock,,97133 CAD,Free,
W1Y8NC3Y7TP923073,W1Y8NC3Y7TP923073,26659833-new,Mercedes-Benz,Sprinter Cargo Van,"3500XD High Roof I4 Diesel HO 170""",2026,AUTOMATIC,VAN,GASOLINE,,"2026 Mercedes-Benz Sprinter Cargo Van 3500XD High Roof I4 Diesel HO 170"", White exterior","[{url:'https://carimages.d2cmedia.ca/newcarimages/en/cb6ab798baca942/Mercedes-Benz/Sprinter Cargo Van/2026/1200/480592-MzUwMFhEIEhpZ2ggUm9vZiBJNCBEaWVzZWwgSE8gMTcw/XDBDBDB/front45.png'},{url:'https://carimages.d2cmedia.ca/newcarimages/en/cb6ab798baca942/Mercedes-Benz/Sprinter Cargo Van/2026/1280/480592/Xdbdbdb/front_45_degree.png'},{url:'https://carimages.d2cmedia.ca/newcarimages/en/cb6ab798baca942/Mercedes-Benz/Sprinter Cargo Van/2026/2100/480592/Xdbdbdb/front_45_degree.png'},{url:'https://carimages.d2cmedia.ca/newcarimages/en/cb6ab798baca942/Mercedes-Benz/Sprinter Cargo Van/2026/2100/480592/Xdbdbdb/profile.png'},{url:'https://carimages.d2cmedia.ca/newcarimages/en/cb6ab798baca942/Mercedes-Benz/Sprinter Cargo Van/2026/2100/480592/Xdbdbdb/back_45_degree.png'},{url:'https://carimages.d2cmedia.ca/newcarimages/en/cb6ab798baca942/Mercedes-Benz/Sprinter Cargo Van/2026/2100/480592/Xdbdbdb/driver_dashboard.png'},{url:'https://carimages.d2cmedia.ca/newcarimages/en/cb6ab798baca942/Mercedes-Benz/Sprinter Cargo Van/2026/2100/480592/Xdbdbdb/full_dashboard.png'},{url:'https://carimages.d2cmedia.ca/newcarimages/en/cb6ab798baca942/Mercedes-Benz/Sprinter Cargo Van/2026/2100/480592/Xdbdbdb/interior_driver_open_seat.png'},{url:'https://carimages.d2cmedia.ca/newcarimages/en/cb6ab798baca942/Mercedes-Benz/Sprinter Cargo Van/2026/2100/480592/Xdbdbdb/interior_driver_stereo.png'},{url:'https://carimages.d2cmedia.ca/newcarimages/en/cb6ab798baca942/Mercedes-Benz/Sprinter Cargo Van/2026/2100/480592/Xdbdbdb/interior_driver_storage_console.png'}]",90,KM,https://www.mercedes-benz-maple.ca/new/inventory/2026-Mercedes_Benz-Sprinter_Cargo_Van-id13848422.html,"2026 Mercedes-Benz Sprinter Cargo Van 3500XD High Roof I4 Diesel HO 170"" at Mercedes-Benz Maple",96265 CAD,New,White,Black,4804,Mercedes-Benz Maple,+1-905-585-9300,"{addr1: '9300 Jane St', city: 'Maple', region: 'Ontario', postal_code: 'L6A 0C5', country: 'CA'}",43.8344170000,-79.5341990000,,,,,https://www.mercedes-benz-maple.ca/privacy-policy.html,New,4804,In stock,,96265 CAD,Free,
W1Y5NCHY1TP907379,W1Y5NCHY1TP907379,26506404-new,Mercedes-Benz,Sprinter Cargo Van,"3500 High Roof I4 Diesel HO 170""",2026,AUTOMATIC,VAN,GASOLINE,,"2026 Mercedes-Benz Sprinter Cargo Van 3500 High Roof I4 Diesel HO 170"", White exterior","[{url:'https://carimages.d2cmedia.ca/newcarimages/en/cb6ab798baca942/Mercedes-Benz/Sprinter Cargo Van/2026/1200/480570-MzUwMCBIaWdoIFJvb2YgSTQgRGllc2VsIEhPIDE3MA/XDBDBDB/front45.png'},{url:'https://carimages.d2cmedia.ca/newcarimages/en/cb6ab798baca942/Mercedes-Benz/Sprinter Cargo Van/2026/1280/480570/Xdbdbdb/front_45_degree.png'},{url:'https://carimages.d2cmedia.ca/newcarimages/en/cb6ab798baca942/Mercedes-Benz/Sprinter Cargo Van/2026/2100/480570/Xdbdbdb/front_45_degree.png'},{url:'https://carimages.d2cmedia.ca/newcarimages/en/cb6ab798baca942/Mercedes-Benz/Sprinter Cargo Van/2026/2100/480570/Xdbdbdb/profile.png'},{url:'https://carimages.d2cmedia.ca/newcarimages/en/cb6ab798baca942/Mercedes-Benz/Sprinter Cargo Van/2026/2100/480570/Xdbdbdb/back_45_degree.png'},{url:'https://carimages.d2cmedia.ca/newcarimages/en/cb6ab798baca942/Mercedes-Benz/Sprinter Cargo Van/2026/2100/480570/Xdbdbdb/driver_dashboard.png'},{url:'https://carimages.d2cmedia.ca/newcarimages/en/cb6ab798baca942/Mercedes-Benz/Sprinter Cargo Van/2026/2100/480570/Xdbdbdb/full_dashboard.png'},{url:'https://carimages.d2cmedia.ca/newcarimages/en/cb6ab798baca942/Mercedes-Benz/Sprinter Cargo Van/2026/2100/480570/Xdbdbdb/interior_driver_open_seat.png'},{url:'https://carimages.d2cmedia.ca/newcarimages/en/cb6ab798baca942/Mercedes-Benz/Sprinter Cargo Van/2026/2100/480570/Xdbdbdb/interior_driver_stereo.png'},{url:'https://carimages.d2cmedia.ca/newcarimages/en/cb6ab798baca942/Mercedes-Benz/Sprinter Cargo Van/2026/2100/480570/Xdbdbdb/interior_driver_storage_console.png'}]",90,KM,https://www.mercedes-benz-maple.ca/new/inventory/2026-Mercedes_Benz-Sprinter_Cargo_Van-id13788649.html,"2026 Mercedes-Benz Sprinter Cargo Van 3500 High Roof I4 Diesel HO 170"" at Mercedes-Benz Maple",93820 CAD,New,White,Black,4804,Mercedes-Benz Maple,+1-905-585-9300,"{addr1: '9300 Jane St', city: 'Maple', region: 'Ontario', postal_code: 'L6A 0C5', country: 'CA'}",43.8344170000,-79.5341990000,,,,,https://www.mercedes-benz-maple.ca/privacy-policy.html,New,4804,In stock,,93820 CAD,Free,
W1Y4NBVY9TP937062,W1Y4NBVY9TP937062,26660034-new,Mercedes-Benz,Sprinter Crew Van,"2500 Standard Roof I4 Diesel HO 144"" AWD",2026,AUTOMATIC,VAN,GASOLINE,AWD,"2026 Mercedes-Benz Sprinter Crew Van 2500 Standard Roof I4 Diesel HO 144"" AWD, White exterior, All-wheel drive","[{url:'https://carimages.d2cmedia.ca/newcarimages/en/cb6ab798baca942/Mercedes-Benz/Sprinter Crew Van/2026/1200/480576-MjUwMCBTdGFuZGFyZCBSb29mIEk0IERpZXNlbCBITyAxNDQgQVdE/XDBDBDB/front45.png'},{url:'https://carimages.d2cmedia.ca/newcarimages/en/cb6ab798baca942/Mercedes-Benz/Sprinter Crew Van/2026/1280/480576/Xdbdbdb/front_45_degree.png'},{url:'https://carimages.d2cmedia.ca/newcarimages/en/cb6ab798baca942/Mercedes-Benz/Sprinter Crew Van/2026/2100/480576/Xdbdbdb/front_45_degree.png'},{url:'https://carimages.d2cmedia.ca/newcarimages/en/cb6ab798baca942/Mercedes-Benz/Sprinter Crew Van/2026/2100/480576/Xdbdbdb/profile.png'},{url:'https://carimages.d2cmedia.ca/newcarimages/en/cb6ab798baca942/Mercedes-Benz/Sprinter Crew Van/2026/2100/480576/Xdbdbdb/full_dashboard.png'}]",90,KM,https://www.mercedes-benz-maple.ca/new/inventory/2026-Mercedes_Benz-Sprinter_Cargo_Van-id14107530.html,"2026 Mercedes-Benz Sprinter Crew Van 2500 Standard Roof I4 Diesel HO 144"" AWD at Mercedes-Benz Maple",91757 CAD,New,White,Black,4804,Mercedes-Benz Maple,+1-905-585-9300,"{addr1: '9300 Jane St', city: 'Maple', region: 'Ontario', postal_code: 'L6A 0C5', country: 'CA'}",43.8344170000,-79.5341990000,,,,,https://www.mercedes-benz-maple.ca/privacy-policy.html,New,4804,In stock,,91757 CAD,Free,
W1Y8NB3Y9TP949684,W1Y8NB3Y9TP949684,26660512-new,Mercedes-Benz,Sprinter Cargo Van,"3500XD Standard Roof I4 Diesel HO 144""",2026,AUTOMATIC,VAN,GASOLINE,,"2026 Mercedes-Benz Sprinter Cargo Van 3500XD Standard Roof I4 Diesel HO 144"", White exterior","[{url:'https://carimages.d2cmedia.ca/newcarimages/en/cb6ab798baca942/Mercedes-Benz/Sprinter Cargo Van/2026/1200/480591-MzUwMFhEIFN0YW5kYXJkIFJvb2YgSTQgRGllc2VsIEhPIDE0NA/XDBDBDB/front45.png'},{url:'https://carimages.d2cmedia.ca/newcarimages/en/cb6ab798baca942/Mercedes-Benz/Sprinter Cargo Van/2026/1280/480591/Xdbdbdb/front_45_degree.png'},{url:'https://carimages.d2cmedia.ca/newcarimages/en/cb6ab798baca942/Mercedes-Benz/Sprinter Cargo Van/2026/2100/480591/Xdbdbdb/front_45_degree.png'},{url:'https://carimages.d2cmedia.ca/newcarimages/en/cb6ab798baca942/Mercedes-Benz/Sprinter Cargo Van/2026/2100/480591/Xdbdbdb/profile.png'}]",90,KM,https://www.mercedes-benz-maple.ca/new/inventory/2026-Mercedes_Benz-Sprinter_Cargo_Van-id14223682.html,"2026 Mercedes-Benz Sprinter Cargo Van 3500XD Standard Roof I4 Diesel HO 144"" at Mercedes-Benz Maple",91313 CAD,New,White,Black,4804,Mercedes-Benz Maple,+1-905-585-9300,"{addr1: '9300 Jane St', city: 'Maple', region: 'Ontario', postal_code: 'L6A 0C5', country: 'CA'}",43.8344170000,-79.5341990000,,,,,https://www.mercedes-benz-maple.ca/privacy-policy.html,New,4804,In stock,,91313 CAD,Free,
W1Y4KDHY9TP948661,W1Y4KDHY9TP948661,26660517-new,Mercedes-Benz,Sprinter Cargo Van,"2500 High Roof I4 Diesel 170"" EXT",2026,AUTOMATIC,VAN,GASOLINE,,"2026 Mercedes-Benz Sprinter Cargo Van 2500 High Roof I4 Diesel 170"" EXT, White exterior","[{url:'https://carimages.d2cmedia.ca/newcarimages/en/cb6ab798baca942/Mercedes-Benz/Sprinter Cargo Van/2026/1200/480586-MjUwMCBIaWdoIFJvb2YgSTQgRGllc2VsIDE3MCBFWFQ/XDBDBDB/front45.png'},{url:'https://carimages.d2cmedia.ca/newcarimages/en/cb6ab798baca942/Mercedes-Benz/Sprinter Cargo Van/2026/1280/480586/Xdbdbdb/front_45_degree.png'},{url:'https://carimages.d2cmedia.ca/newcarimages/en/cb6ab798baca942/Mercedes-Benz/Sprinter Cargo Van/2026/2100/480586/Xdbdbdb/front_45_degree.png'},{url:'https://carimages.d2cmedia.ca/newcarimages/en/cb6ab798baca942/Mercedes-Benz/Sprinter Cargo Van/2026/2100/480586/Xdbdbdb/profile.png'},{url:'https://carimages.d2cmedia.ca/newcarimages/en/cb6ab798baca942/Mercedes-Benz/Sprinter Cargo Van/2026/2100/480586/Xdbdbdb/back_45_degree.png'},{url:'https://carimages.d2cmedia.ca/newcarimages/en/cb6ab798baca942/Mercedes-Benz/Sprinter Cargo Van/2026/2100/480586/Xdbdbdb/driver_dashboard.png'},{url:'https://carimages.d2cmedia.ca/newcarimages/en/cb6ab798baca942/Mercedes-Benz/Sprinter Cargo Van/2026/2100/480586/Xdbdbdb/full_dashboard.png'},{url:'https://carimages.d2cmedia.ca/newcarimages/en/cb6ab798baca942/Mercedes-Benz/Sprinter Cargo Van/2026/2100/480586/Xdbdbdb/interior_driver_open_seat.png'},{url:'https://carimages.d2cmedia.ca/newcarimages/en/cb6ab798baca942/Mercedes-Benz/Sprinter Cargo Van/2026/2100/480586/Xdbdbdb/interior_driver_stereo.png'},{url:'https://carimages.d2cmedia.ca/newcarimages/en/cb6ab798baca942/Mercedes-Benz/Sprinter Cargo Van/2026/2100/480586/Xdbdbdb/interior_passenger_dash.png'}]",90,KM,https://www.mercedes-benz-maple.ca/new/inventory/2026-Mercedes_Benz-Sprinter_Cargo_Van-id14424016.html,"2026 Mercedes-Benz Sprinter Cargo Van 2500 High Roof I4 Diesel 170"" EXT at Mercedes-Benz Maple",91181 CAD,New,White,Black,4804,Mercedes-Benz Maple,+1-905-585-9300,"{addr1: '9300 Jane St', city: 'Maple', region: 'Ontario', postal_code: 'L6A 0C5', country: 'CA'}",43.8344170000,-79.5341990000,,,,,https://www.mercedes-benz-maple.ca/privacy-policy.html,New,4804,In stock,,91181 CAD,Free,
W1Y4NCHY8TP872030,W1Y4NCHY8TP872030,26505550-new,Mercedes-Benz,Sprinter Cargo Van,"2500 High Roof I4 Diesel HO 170""",2026,AUTOMATIC,VAN,GASOLINE,,"2026 Mercedes-Benz Sprinter Cargo Van 2500 High Roof I4 Diesel HO 170"", Grey exterior","[{url:'https://carimages.d2cmedia.ca/newcarimages/en/cb6ab798baca942/Mercedes-Benz/Sprinter Cargo Van/2026/1200/480585-MjUwMCBIaWdoIFJvb2YgSTQgRGllc2VsIEhPIDE3MA/X222325/front45.png'},{url:'https://carimages.d2cmedia.ca/newcarimages/en/cb6ab798baca942/Mercedes-Benz/Sprinter Cargo Van/2026/1280/480585/X222325/front_45_degree.png'},{url:'https://carimages.d2cmedia.ca/newcarimages/en/cb6ab798baca942/Mercedes-Benz/Sprinter Cargo Van/2026/2100/480585/X222325/front_45_degree.png'},{url:'https://carimages.d2cmedia.ca/newcarimages/en/cb6ab798baca942/Mercedes-Benz/Sprinter Cargo Van/2026/2100/480585/X222325/profile.png'},{url:'https://carimages.d2cmedia.ca/newcarimages/en/cb6ab798baca942/Mercedes-Benz/Sprinter Cargo Van/2026/2100/480585/X222325/back_45_degree.png'},{url:'https://carimages.d2cmedia.ca/newcarimages/en/cb6ab798baca942/Mercedes-Benz/Sprinter Cargo Van/2026/2100/480585/X222325/driver_dashboard.png'},{url:'https://carimages.d2cmedia.ca/newcarimages/en/cb6ab798baca942/Mercedes-Benz/Sprinter Cargo Van/2026/2100/480585/X222325/full_dashboard.png'},{url:'https://carimages.d2cmedia.ca/newcarimages/en/cb6ab798baca942/Mercedes-Benz/Sprinter Cargo Van/2026/2100/480585/X222325/interior_driver_open_seat.png'},{url:'https://carimages.d2cmedia.ca/newcarimages/en/cb6ab798baca942/Mercedes-Benz/Sprinter Cargo Van/2026/2100/480585/X222325/interior_driver_stereo.png'},{url:'https://carimages.d2cmedia.ca/newcarimages/en/cb6ab798baca942/Mercedes-Benz/Sprinter Cargo Van/2026/2100/480585/X222325/interior_passenger_dash.png'}]",90,KM,https://www.mercedes-benz-maple.ca/new/inventory/2026-Mercedes_Benz-Sprinter_Cargo_Van-id13046634.html,"2026 Mercedes-Benz Sprinter Cargo Van 2500 High Roof I4 Diesel HO 170"" at Mercedes-Benz Maple",91160 CAD,New,Grey,Black,4804,Mercedes-Benz Maple,+1-905-585-9300,"{addr1: '9300 Jane St', city: 'Maple', region: 'Ontario', postal_code: 'L6A 0C5', country: 'CA'}",43.8344170000,-79.5341990000,,,,,https://www.mercedes-benz-maple.ca/privacy-policy.html,New,4804,In stock,,91160 CAD,Free,
W1Y8NB3Y8TP921617,W1Y8NB3Y8TP921617,26660095-new,Mercedes-Benz,Sprinter Cargo Van,"3500XD Standard Roof I4 Diesel HO 144""",2026,AUTOMATIC,VAN,GASOLINE,,"2026 Mercedes-Benz Sprinter Cargo Van 3500XD Standard Roof I4 Diesel HO 144"", White exterior","[{url:'https://carimages.d2cmedia.ca/newcarimages/en/cb6ab798baca942/Mercedes-Benz/Sprinter Cargo Van/2026/1200/480591-MzUwMFhEIFN0YW5kYXJkIFJvb2YgSTQgRGllc2VsIEhPIDE0NA/XDBDBDB/front45.png'},{url:'https://carimages.d2cmedia.ca/newcarimages/en/cb6ab798baca942/Mercedes-Benz/Sprinter Cargo Van/2026/1280/480591/Xdbdbdb/front_45_degree.png'},{url:'https://carimages.d2cmedia.ca/newcarimages/en/cb6ab798baca942/Mercedes-Benz/Sprinter Cargo Van/2026/2100/480591/Xdbdbdb/front_45_degree.png'},{url:'https://carimages.d2cmedia.ca/newcarimages/en/cb6ab798baca942/Mercedes-Benz/Sprinter Cargo Van/2026/2100/480591/Xdbdbdb/profile.png'}]",90,KM,https://www.mercedes-benz-maple.ca/new/inventory/2026-Mercedes_Benz-Sprinter_Cargo_Van-id13826905.html,"2026 Mercedes-Benz Sprinter Cargo Van 3500XD Standard Roof I4 Diesel HO 144"" at Mercedes-Benz Maple",90530 CAD,New,White,Black,4804,Mercedes-Benz Maple,+1-905-585-9300,"{addr1: '9300 Jane St', city: 'Maple', region: 'Ontario', postal_code: 'L6A 0C5', country: 'CA'}",43.8344170000,-79.5341990000,,,,,https://www.mercedes-benz-maple.ca/privacy-policy.html,New,4804,In stock,,90530 CAD,Free,
W1Y4KCHYXTP925853,W1Y4KCHYXTP925853,26659457-new,Mercedes-Benz,Sprinter Crew Van,"2500 High Roof I4 Diesel 170""",2026,AUTOMATIC,VAN,GASOLINE,,"2026 Mercedes-Benz Sprinter Crew Van 2500 High Roof I4 Diesel 170"", Silver exterior","[{url:'https://carimages.d2cmedia.ca/newcarimages/en/cb6ab798baca942/Mercedes-Benz/Sprinter Crew Van/2026/1200/480574-MjUwMCBIaWdoIFJvb2YgSTQgRGllc2VsIDE3MA/silver/front45.png'},{url:'https://carimages.d2cmedia.ca/newcarimages/en/cb6ab798baca942/Mercedes-Benz/Sprinter Crew Van/2026/1280/480574/silver/front_45_degree.png'},{url:'https://carimages.d2cmedia.ca/newcarimages/en/cb6ab798baca942/Mercedes-Benz/Sprinter Crew Van/2026/2100/480574/silver/front_45_degree.png'},{url:'https://carimages.d2cmedia.ca/newcarimages/en/cb6ab798baca942/Mercedes-Benz/Sprinter Crew Van/2026/2100/480574/silver/profile.png'},{url:'https://carimages.d2cmedia.ca/newcarimages/en/cb6ab798baca942/Mercedes-Benz/Sprinter Crew Van/2026/2100/480574/silver/back_45_degree.png'},{url:'https://carimages.d2cmedia.ca/newcarimages/en/cb6ab798baca942/Mercedes-Benz/Sprinter Crew Van/2026/2100/480574/silver/driver_dashboard.png'},{url:'https://carimages.d2cmedia.ca/newcarimages/en/cb6ab798baca942/Mercedes-Benz/Sprinter Crew Van/2026/2100/480574/silver/full_dashboard.png'},{url:'https://carimages.d2cmedia.ca/newcarimages/en/cb6ab798baca942/Mercedes-Benz/Sprinter Crew Van/2026/2100/480574/silver/interior_driver_open_seat.png'},{url:'https://carimages.d2cmedia.ca/newcarimages/en/cb6ab798baca942/Mercedes-Benz/Sprinter Crew Van/2026/2100/480574/silver/interior_driver_stereo.png'},{url:'https://carimages.d2cmedia.ca/newcarimages/en/cb6ab798baca942/Mercedes-Benz/Sprinter Crew Van/2026/2100/480574/silver/interior_driver_reat_seats.png'}]",90,KM,https://www.mercedes-benz-maple.ca/new/inventory/2026-Mercedes_Benz-Sprinter_Cargo_Van-id13976342.html,"2026 Mercedes-Benz Sprinter Crew Van 2500 High Roof I4 Diesel 170"" at Mercedes-Benz Maple",89051 CAD,New,Silver,Black,4804,Mercedes-Benz Maple,+1-905-585-9300,"{addr1: '9300 Jane St', city: 'Maple', region: 'Ontario', postal_code: 'L6A 0C5', country: 'CA'}",43.8344170000,-79.5341990000,,,,,https://www.mercedes-benz-maple.ca/privacy-policy.html,New,4804,In stock,,89051 CAD,Free,
W1Y4KCHY6TP923923,W1Y4KCHY6TP923923,26659462-new,Mercedes-Benz,Sprinter Crew Van,"2500 High Roof I4 Diesel 170""",2026,AUTOMATIC,VAN,GASOLINE,,"2026 Mercedes-Benz Sprinter Crew Van 2500 High Roof I4 Diesel 170"", Grey exterior","[{url:'https://carimages.d2cmedia.ca/newcarimages/en/cb6ab798baca942/Mercedes-Benz/Sprinter Crew Van/2026/1200/480574-MjUwMCBIaWdoIFJvb2YgSTQgRGllc2VsIDE3MA/X3E3F3F/front45.png'},{url:'https://carimages.d2cmedia.ca/newcarimages/en/cb6ab798baca942/Mercedes-Benz/Sprinter Crew Van/2026/1280/480574/X3e3f3f/front_45_degree.png'},{url:'https://carimages.d2cmedia.ca/newcarimages/en/cb6ab798baca942/Mercedes-Benz/Sprinter Crew Van/2026/2100/480574/X3e3f3f/front_45_degree.png'},{url:'https://carimages.d2cmedia.ca/newcarimages/en/cb6ab798baca942/Mercedes-Benz/Sprinter Crew Van/2026/2100/480574/X3e3f3f/profile.png'},{url:'https://carimages.d2cmedia.ca/newcarimages/en/cb6ab798baca942/Mercedes-Benz/Sprinter Crew Van/2026/2100/480574/X3e3f3f/back_45_degree.png'},{url:'https://carimages.d2cmedia.ca/newcarimages/en/cb6ab798baca942/Mercedes-Benz/Sprinter Crew Van/2026/2100/480574/X3e3f3f/driver_dashboard.png'},{url:'https://carimages.d2cmedia.ca/newcarimages/en/cb6ab798baca942/Mercedes-Benz/Sprinter Crew Van/2026/2100/480574/X3e3f3f/full_dashboard.png'},{url:'https://carimages.d2cmedia.ca/newcarimages/en/cb6ab798baca942/Mercedes-Benz/Sprinter Crew Van/2026/2100/480574/X3e3f3f/interior_driver_open_seat.png'},{url:'https://carimages.d2cmedia.ca/newcarimages/en/cb6ab798baca942/Mercedes-Benz/Sprinter Crew Van/2026/2100/480574/X3e3f3f/interior_driver_stereo.png'},{url:'https://carimages.d2cmedia.ca/newcarimages/en/cb6ab798baca942/Mercedes-Benz/Sprinter Crew Van/2026/2100/480574/X3e3f3f/interior_driver_reat_seats.png'}]",90,KM,https://www.mercedes-benz-maple.ca/new/inventory/2026-Mercedes_Benz-Sprinter_Cargo_Van-id13881829.html,"2026 Mercedes-Benz Sprinter Crew Van 2500 High Roof I4 Diesel 170"" at Mercedes-Benz Maple",88946 CAD,New,Grey,Black,4804,Mercedes-Benz Maple,+1-905-585-9300,"{addr1: '9300 Jane St', city: 'Maple', region: 'Ontario', postal_code: 'L6A 0C5', country: 'CA'}",43.8344170000,-79.5341990000,,,,,https://www.mercedes-benz-maple.ca/privacy-policy.html,New,4804,In stock,,88946 CAD,Free,
W1Y4KCHY7TP943159,W1Y4KCHY7TP943159,26660476-new,Mercedes-Benz,Sprinter Crew Van,"2500 High Roof I4 Diesel 170""",2026,AUTOMATIC,VAN,GASOLINE,,"2026 Mercedes-Benz Sprinter Crew Van 2500 High Roof I4 Diesel 170"", Silver exterior","[{url:'https://carimages.d2cmedia.ca/newcarimages/en/cb6ab798baca942/Mercedes-Benz/Sprinter Crew Van/2026/1200/480574-MjUwMCBIaWdoIFJvb2YgSTQgRGllc2VsIDE3MA/silver/front45.png'},{url:'https://carimages.d2cmedia.ca/newcarimages/en/cb6ab798baca942/Mercedes-Benz/Sprinter Crew Van/2026/1280/480574/silver/front_45_degree.png'},{url:'https://carimages.d2cmedia.ca/newcarimages/en/cb6ab798baca942/Mercedes-Benz/Sprinter Crew Van/2026/2100/480574/silver/front_45_degree.png'},{url:'https://carimages.d2cmedia.ca/newcarimages/en/cb6ab798baca942/Mercedes-Benz/Sprinter Crew Van/2026/2100/480574/silver/profile.png'},{url:'https://carimages.d2cmedia.ca/newcarimages/en/cb6ab798baca942/Mercedes-Benz/Sprinter Crew Van/2026/2100/480574/silver/back_45_degree.png'},{url:'https://carimages.d2cmedia.ca/newcarimages/en/cb6ab798baca942/Mercedes-Benz/Sprinter Crew Van/2026/2100/480574/silver/driver_dashboard.png'},{url:'https://carimages.d2cmedia.ca/newcarimages/en/cb6ab798baca942/Mercedes-Benz/Sprinter Crew Van/2026/2100/480574/silver/full_dashboard.png'},{url:'https://carimages.d2cmedia.ca/newcarimages/en/cb6ab798baca942/Mercedes-Benz/Sprinter Crew Van/2026/2100/480574/silver/interior_driver_open_seat.png'},{url:'https://carimages.d2cmedia.ca/newcarimages/en/cb6ab798baca942/Mercedes-Benz/Sprinter Crew Van/2026/2100/480574/silver/interior_driver_stereo.png'},{url:'https://carimages.d2cmedia.ca/newcarimages/en/cb6ab798baca942/Mercedes-Benz/Sprinter Crew Van/2026/2100/480574/silver/interior_driver_reat_seats.png'}]",90,KM,https://www.mercedes-benz-maple.ca/new/inventory/2026-Mercedes_Benz-Sprinter_Cargo_Van-id14127267.html,"2026 Mercedes-Benz Sprinter Crew Van 2500 High Roof I4 Diesel 170"" at Mercedes-Benz Maple",88865 CAD,New,Silver,Black,4804,Mercedes-Benz Maple,+1-905-585-9300,"{addr1: '9300 Jane St', city: 'Maple', region: 'Ontario', postal_code: 'L6A 0C5', country: 'CA'}",43.8344170000,-79.5341990000,,,,,https://www.mercedes-benz-maple.ca/privacy-policy.html,New,4804,In stock,,88865 CAD,Free,
W1Y4KCHY5TP933035,W1Y4KCHY5TP933035,26659807-new,Mercedes-Benz,Sprinter Crew Van,"2500 High Roof I4 Diesel 170""",2026,AUTOMATIC,VAN,GASOLINE,,"2026 Mercedes-Benz Sprinter Crew Van 2500 High Roof I4 Diesel 170"", Silver exterior","[{url:'https://carimages.d2cmedia.ca/newcarimages/en/cb6ab798baca942/Mercedes-Benz/Sprinter Crew Van/2026/1200/480574-MjUwMCBIaWdoIFJvb2YgSTQgRGllc2VsIDE3MA/silver/front45.png'},{url:'https://carimages.d2cmedia.ca/newcarimages/en/cb6ab798baca942/Mercedes-Benz/Sprinter Crew Van/2026/1280/480574/silver/front_45_degree.png'},{url:'https://carimages.d2cmedia.ca/newcarimages/en/cb6ab798baca942/Mercedes-Benz/Sprinter Crew Van/2026/2100/480574/silver/front_45_degree.png'},{url:'https://carimages.d2cmedia.ca/newcarimages/en/cb6ab798baca942/Mercedes-Benz/Sprinter Crew Van/2026/2100/480574/silver/profile.png'},{url:'https://carimages.d2cmedia.ca/newcarimages/en/cb6ab798baca942/Mercedes-Benz/Sprinter Crew Van/2026/2100/480574/silver/back_45_degree.png'},{url:'https://carimages.d2cmedia.ca/newcarimages/en/cb6ab798baca942/Mercedes-Benz/Sprinter Crew Van/2026/2100/480574/silver/driver_dashboard.png'},{url:'https://carimages.d2cmedia.ca/newcarimages/en/cb6ab798baca942/Mercedes-Benz/Sprinter Crew Van/2026/2100/480574/silver/full_dashboard.png'},{url:'https://carimages.d2cmedia.ca/newcarimages/en/cb6ab798baca942/Mercedes-Benz/Sprinter Crew Van/2026/2100/480574/silver/interior_driver_open_seat.png'},{url:'https://carimages.d2cmedia.ca/newcarimages/en/cb6ab798baca942/Mercedes-Benz/Sprinter Crew Van/2026/2100/480574/silver/interior_driver_stereo.png'},{url:'https://carimages.d2cmedia.ca/newcarimages/en/cb6ab798baca942/Mercedes-Benz/Sprinter Crew Van/2026/2100/480574/silver/interior_driver_reat_seats.png'}]",90,KM,https://www.mercedes-benz-maple.ca/new/inventory/2026-Mercedes_Benz-Sprinter_Cargo_Van-id13976370.html,"2026 Mercedes-Benz Sprinter Crew Van 2500 High Roof I4 Diesel 170"" at Mercedes-Benz Maple",88609 CAD,New,Silver,Black,4804,Mercedes-Benz Maple,+1-905-585-9300,"{addr1: '9300 Jane St', city: 'Maple', region: 'Ontario', postal_code: 'L6A 0C5', country: 'CA'}",43.8344170000,-79.5341990000,,,,,https://www.mercedes-benz-maple.ca/privacy-policy.html,New,4804,In stock,,88609 CAD,Free,
W1Y4KCHY0TP881815,W1Y4KCHY0TP881815,26505994-new,Mercedes-Benz,Sprinter Crew Van,"2500 High Roof I4 Diesel 170""",2026,AUTOMATIC,VAN,GASOLINE,,"2026 Mercedes-Benz Sprinter Crew Van 2500 High Roof I4 Diesel 170"", Grey exterior","[{url:'https://imagescdn.d2cmedia.ca/cb6ab798baca942/4804/13345834/1/Mercedes_Benz-Sprinter Crew Van-2026.jpg'},{url:'https://imagescdn.d2cmedia.ca/s86ab798baca942/4804/13345834/1/Mercedes_Benz-Sprinter_Cargo_Van-2026.jpg'},{url:'https://imagescdn.d2cmedia.ca/cb6ab798baca942/4804/13345834/1/Mercedes_Benz-Sprinter_Cargo_Van-2026.jpg'},{url:'https://imagescdn.d2cmedia.ca/cb6ab798baca942/4804/13345834/2/Mercedes_Benz-Sprinter_Cargo_Van-2026.jpg'},{url:'https://imagescdn.d2cmedia.ca/cb6ab798baca942/4804/13345834/3/Mercedes_Benz-Sprinter_Cargo_Van-2026.jpg'},{url:'https://imagescdn.d2cmedia.ca/cb6ab798baca942/4804/13345834/4/Mercedes_Benz-Sprinter_Cargo_Van-2026.jpg'},{url:'https://imagescdn.d2cmedia.ca/cb6ab798baca942/4804/13345834/5/Mercedes_Benz-Sprinter_Cargo_Van-2026.jpg'},{url:'https://imagescdn.d2cmedia.ca/cb6ab798baca942/4804/13345834/6/Mercedes_Benz-Sprinter_Cargo_Van-2026.jpg'},{url:'https://imagescdn.d2cmedia.ca/cb6ab798baca942/4804/13345834/7/Mercedes_Benz-Sprinter_Cargo_Van-2026.jpg'},{url:'https://imagescdn.d2cmedia.ca/cb6ab798baca942/4804/13345834/8/Mercedes_Benz-Sprinter_Cargo_Van-2026.jpg'}]",90,KM,https://www.mercedes-benz-maple.ca/new/inventory/2026-Mercedes_Benz-Sprinter_Cargo_Van-id13345834.html,"2026 Mercedes-Benz Sprinter Crew Van 2500 High Roof I4 Diesel 170"" at Mercedes-Benz Maple",88290 CAD,New,Grey,Black,4804,Mercedes-Benz Maple,+1-905-585-9300,"{addr1: '9300 Jane St', city: 'Maple', region: 'Ontario', postal_code: 'L6A 0C5', country: 'CA'}",43.8344170000,-79.5341990000,,,,,https://www.mercedes-benz-maple.ca/privacy-policy.html,New,4804,In stock,,88290 CAD,Free,
W1Y4KCHY1TP896596,W1Y4KCHY1TP896596,26658416-new,Mercedes-Benz,Sprinter Crew Van,"2500 High Roof I4 Diesel 170""",2026,AUTOMATIC,VAN,GASOLINE,,"2026 Mercedes-Benz Sprinter Crew Van 2500 High Roof I4 Diesel 170"", Silver exterior","[{url:'https://carimages.d2cmedia.ca/newcarimages/en/cb6ab798baca942/Mercedes-Benz/Sprinter Crew Van/2026/1200/480574-MjUwMCBIaWdoIFJvb2YgSTQgRGllc2VsIDE3MA/silver/front45.png'},{url:'https://carimages.d2cmedia.ca/newcarimages/en/cb6ab798baca942/Mercedes-Benz/Sprinter Crew Van/2026/1280/480574/silver/front_45_degree.png'},{url:'https://carimages.d2cmedia.ca/newcarimages/en/cb6ab798baca942/Mercedes-Benz/Sprinter Crew Van/2026/2100/480574/silver/front_45_degree.png'},{url:'https://carimages.d2cmedia.ca/newcarimages/en/cb6ab798baca942/Mercedes-Benz/Sprinter Crew Van/2026/2100/480574/silver/profile.png'},{url:'https://carimages.d2cmedia.ca/newcarimages/en/cb6ab798baca942/Mercedes-Benz/Sprinter Crew Van/2026/2100/480574/silver/back_45_degree.png'},{url:'https://carimages.d2cmedia.ca/newcarimages/en/cb6ab798baca942/Mercedes-Benz/Sprinter Crew Van/2026/2100/480574/silver/driver_dashboard.png'},{url:'https://carimages.d2cmedia.ca/newcarimages/en/cb6ab798baca942/Mercedes-Benz/Sprinter Crew Van/2026/2100/480574/silver/full_dashboard.png'},{url:'https://carimages.d2cmedia.ca/newcarimages/en/cb6ab798baca942/Mercedes-Benz/Sprinter Crew Van/2026/2100/480574/silver/interior_driver_open_seat.png'},{url:'https://carimages.d2cmedia.ca/newcarimages/en/cb6ab798baca942/Mercedes-Benz/Sprinter Crew Van/2026/2100/480574/silver/interior_driver_stereo.png'},{url:'https://carimages.d2cmedia.ca/newcarimages/en/cb6ab798baca942/Mercedes-Benz/Sprinter Crew Van/2026/2100/480574/silver/interior_driver_reat_seats.png'}]",90,KM,https://www.mercedes-benz-maple.ca/new/inventory/2026-Mercedes_Benz-Sprinter_Cargo_Van-id13465807.html,"2026 Mercedes-Benz Sprinter Crew Van 2500 High Roof I4 Diesel 170"" at Mercedes-Benz Maple",87605 CAD,New,Silver,Black,4804,Mercedes-Benz Maple,+1-905-585-9300,"{addr1: '9300 Jane St', city: 'Maple', region: 'Ontario', postal_code: 'L6A 0C5', country: 'CA'}",43.8344170000,-79.5341990000,,,,,https://www.mercedes-benz-maple.ca/privacy-policy.html,New,4804,In stock,,87605 CAD,Free,
W1Y4KCHY8TP923471,W1Y4KCHY8TP923471,26659456-new,Mercedes-Benz,Sprinter Crew Van,"2500 High Roof I4 Diesel 170""",2026,AUTOMATIC,VAN,GASOLINE,,"2026 Mercedes-Benz Sprinter Crew Van 2500 High Roof I4 Diesel 170"", Grey exterior","[{url:'https://carimages.d2cmedia.ca/newcarimages/en/cb6ab798baca942/Mercedes-Benz/Sprinter Crew Van/2026/1200/480574-MjUwMCBIaWdoIFJvb2YgSTQgRGllc2VsIDE3MA/X353736/front45.png'},{url:'https://carimages.d2cmedia.ca/newcarimages/en/cb6ab798baca942/Mercedes-Benz/Sprinter Crew Van/2026/1280/480574/X353736/front_45_degree.png'},{url:'https://carimages.d2cmedia.ca/newcarimages/en/cb6ab798baca942/Mercedes-Benz/Sprinter Crew Van/2026/2100/480574/X353736/front_45_degree.png'},{url:'https://carimages.d2cmedia.ca/newcarimages/en/cb6ab798baca942/Mercedes-Benz/Sprinter Crew Van/2026/2100/480574/X353736/profile.png'},{url:'https://carimages.d2cmedia.ca/newcarimages/en/cb6ab798baca942/Mercedes-Benz/Sprinter Crew Van/2026/2100/480574/X353736/back_45_degree.png'},{url:'https://carimages.d2cmedia.ca/newcarimages/en/cb6ab798baca942/Mercedes-Benz/Sprinter Crew Van/2026/2100/480574/X353736/driver_dashboard.png'},{url:'https://carimages.d2cmedia.ca/newcarimages/en/cb6ab798baca942/Mercedes-Benz/Sprinter Crew Van/2026/2100/480574/X353736/full_dashboard.png'},{url:'https://carimages.d2cmedia.ca/newcarimages/en/cb6ab798baca942/Mercedes-Benz/Sprinter Crew Van/2026/2100/480574/X353736/interior_driver_open_seat.png'},{url:'https://carimages.d2cmedia.ca/newcarimages/en/cb6ab798baca942/Mercedes-Benz/Sprinter Crew Van/2026/2100/480574/X353736/interior_driver_stereo.png'},{url:'https://carimages.d2cmedia.ca/newcarimages/en/cb6ab798baca942/Mercedes-Benz/Sprinter Crew Van/2026/2100/480574/X353736/interior_driver_reat_seats.png'}]",90,KM,https://www.mercedes-benz-maple.ca/new/inventory/2026-Mercedes_Benz-Sprinter_Cargo_Van-id13848421.html,"2026 Mercedes-Benz Sprinter Crew Van 2500 High Roof I4 Diesel 170"" at Mercedes-Benz Maple",87605 CAD,New,Grey,Black,4804,Mercedes-Benz Maple,+1-905-585-9300,"{addr1: '9300 Jane St', city: 'Maple', region: 'Ontario', postal_code: 'L6A 0C5', country: 'CA'}",43.8344170000,-79.5341990000,,,,,https://www.mercedes-benz-maple.ca/privacy-policy.html,New,4804,In stock,,87605 CAD,Free,
W1Y4KCHY0TP955234,W1Y4KCHY0TP955234,26661293-new,Mercedes-Benz,Sprinter Crew Van,"2500 High Roof I4 Diesel 170""",2026,AUTOMATIC,VAN,GASOLINE,,"2026 Mercedes-Benz Sprinter Crew Van 2500 High Roof I4 Diesel 170"", Blue exterior","[{url:'https://carimages.d2cmedia.ca/newcarimages/en/cb6ab798baca942/Mercedes-Benz/Sprinter Crew Van/2026/1200/480574-MjUwMCBIaWdoIFJvb2YgSTQgRGllc2VsIDE3MA/X575D5D/front45.png'},{url:'https://carimages.d2cmedia.ca/newcarimages/en/cb6ab798baca942/Mercedes-Benz/Sprinter Crew Van/2026/1280/480574/X575d5d/front_45_degree.png'},{url:'https://carimages.d2cmedia.ca/newcarimages/en/cb6ab798baca942/Mercedes-Benz/Sprinter Crew Van/2026/2100/480574/X575d5d/front_45_degree.png'},{url:'https://carimages.d2cmedia.ca/newcarimages/en/cb6ab798baca942/Mercedes-Benz/Sprinter Crew Van/2026/2100/480574/X575d5d/profile.png'},{url:'https://carimages.d2cmedia.ca/newcarimages/en/cb6ab798baca942/Mercedes-Benz/Sprinter Crew Van/2026/2100/480574/X575d5d/back_45_degree.png'},{url:'https://carimages.d2cmedia.ca/newcarimages/en/cb6ab798baca942/Mercedes-Benz/Sprinter Crew Van/2026/2100/480574/X575d5d/driver_dashboard.png'},{url:'https://carimages.d2cmedia.ca/newcarimages/en/cb6ab798baca942/Mercedes-Benz/Sprinter Crew Van/2026/2100/480574/X575d5d/full_dashboard.png'},{url:'https://carimages.d2cmedia.ca/newcarimages/en/cb6ab798baca942/Mercedes-Benz/Sprinter Crew Van/2026/2100/480574/X575d5d/interior_driver_open_seat.png'},{url:'https://carimages.d2cmedia.ca/newcarimages/en/cb6ab798baca942/Mercedes-Benz/Sprinter Crew Van/2026/2100/480574/X575d5d/interior_driver_stereo.png'},{url:'https://carimages.d2cmedia.ca/newcarimages/en/cb6ab798baca942/Mercedes-Benz/Sprinter Crew Van/2026/2100/480574/X575d5d/interior_driver_reat_seats.png'}]",90,KM,https://www.mercedes-benz-maple.ca/new/inventory/2026-Mercedes_Benz-Sprinter_Cargo_Van-id14234719.html,"2026 Mercedes-Benz Sprinter Crew Van 2500 High Roof I4 Diesel 170"" at Mercedes-Benz Maple",87554 CAD,New,Blue,Black,4804,Mercedes-Benz Maple,+1-905-585-9300,"{addr1: '9300 Jane St', city: 'Maple', region: 'Ontario', postal_code: 'L6A 0C5', country: 'CA'}",43.8344170000,-79.5341990000,,,,,https://www.mercedes-benz-maple.ca/privacy-policy.html,New,4804,In stock,,87554 CAD,Free,
W1Y4KCHY6TP902070,W1Y4KCHY6TP902070,26658737-new,Mercedes-Benz,Sprinter Crew Van,"2500 High Roof I4 Diesel 170""",2026,AUTOMATIC,VAN,GASOLINE,,"2026 Mercedes-Benz Sprinter Crew Van 2500 High Roof I4 Diesel 170"", Silver exterior","[{url:'https://carimages.d2cmedia.ca/newcarimages/en/cb6ab798baca942/Mercedes-Benz/Sprinter Crew Van/2026/1200/480574-MjUwMCBIaWdoIFJvb2YgSTQgRGllc2VsIDE3MA/silver/front45.png'},{url:'https://carimages.d2cmedia.ca/newcarimages/en/cb6ab798baca942/Mercedes-Benz/Sprinter Crew Van/2026/1280/480574/silver/front_45_degree.png'},{url:'https://carimages.d2cmedia.ca/newcarimages/en/cb6ab798baca942/Mercedes-Benz/Sprinter Crew Van/2026/2100/480574/silver/front_45_degree.png'},{url:'https://carimages.d2cmedia.ca/newcarimages/en/cb6ab798baca942/Mercedes-Benz/Sprinter Crew Van/2026/2100/480574/silver/profile.png'},{url:'https://carimages.d2cmedia.ca/newcarimages/en/cb6ab798baca942/Mercedes-Benz/Sprinter Crew Van/2026/2100/480574/silver/back_45_degree.png'},{url:'https://carimages.d2cmedia.ca/newcarimages/en/cb6ab798baca942/Mercedes-Benz/Sprinter Crew Van/2026/2100/480574/silver/driver_dashboard.png'},{url:'https://carimages.d2cmedia.ca/newcarimages/en/cb6ab798baca942/Mercedes-Benz/Sprinter Crew Van/2026/2100/480574/silver/full_dashboard.png'},{url:'https://carimages.d2cmedia.ca/newcarimages/en/cb6ab798baca942/Mercedes-Benz/Sprinter Crew Van/2026/2100/480574/silver/interior_driver_open_seat.png'},{url:'https://carimages.d2cmedia.ca/newcarimages/en/cb6ab798baca942/Mercedes-Benz/Sprinter Crew Van/2026/2100/480574/silver/interior_driver_stereo.png'},{url:'https://carimages.d2cmedia.ca/newcarimages/en/cb6ab798baca942/Mercedes-Benz/Sprinter Crew Van/2026/2100/480574/silver/interior_driver_reat_seats.png'}]",90,KM,https://www.mercedes-benz-maple.ca/new/inventory/2026-Mercedes_Benz-Sprinter_Cargo_Van-id13691232.html,"2026 Mercedes-Benz Sprinter Crew Van 2500 High Roof I4 Diesel 170"" at Mercedes-Benz Maple",87490 CAD,New,Silver,Black,4804,Mercedes-Benz Maple,+1-905-585-9300,"{addr1: '9300 Jane St', city: 'Maple', region: 'Ontario', postal_code: 'L6A 0C5', country: 'CA'}",43.8344170000,-79.5341990000,,,,,https://www.mercedes-benz-maple.ca/privacy-policy.html,New,4804,In stock,,87490 CAD,Free,
W1Y4KCHY3TP875216,W1Y4KCHY3TP875216,26505342-new,Mercedes-Benz,Sprinter Crew Van,"2500 High Roof I4 Diesel 170""",2026,AUTOMATIC,VAN,GASOLINE,,"2026 Mercedes-Benz Sprinter Crew Van 2500 High Roof I4 Diesel 170"", Silver exterior","[{url:'https://imagescdn.d2cmedia.ca/cb6ab798baca942/4804/13316107/1/Mercedes_Benz-Sprinter Crew Van-2026.jpg'},{url:'https://imagescdn.d2cmedia.ca/s86ab798baca942/4804/13316107/1/Mercedes_Benz-Sprinter_Cargo_Van-2026.jpg'},{url:'https://imagescdn.d2cmedia.ca/cb6ab798baca942/4804/13316107/1/Mercedes_Benz-Sprinter_Cargo_Van-2026.jpg'},{url:'https://imagescdn.d2cmedia.ca/cb6ab798baca942/4804/13316107/2/Mercedes_Benz-Sprinter_Cargo_Van-2026.jpg'},{url:'https://imagescdn.d2cmedia.ca/cb6ab798baca942/4804/13316107/3/Mercedes_Benz-Sprinter_Cargo_Van-2026.jpg'},{url:'https://imagescdn.d2cmedia.ca/cb6ab798baca942/4804/13316107/4/Mercedes_Benz-Sprinter_Cargo_Van-2026.jpg'},{url:'https://imagescdn.d2cmedia.ca/cb6ab798baca942/4804/13316107/5/Mercedes_Benz-Sprinter_Cargo_Van-2026.jpg'},{url:'https://imagescdn.d2cmedia.ca/cb6ab798baca942/4804/13316107/6/Mercedes_Benz-Sprinter_Cargo_Van-2026.jpg'},{url:'https://imagescdn.d2cmedia.ca/cb6ab798baca942/4804/13316107/7/Mercedes_Benz-Sprinter_Cargo_Van-2026.jpg'},{url:'https://imagescdn.d2cmedia.ca/cb6ab798baca942/4804/13316107/8/Mercedes_Benz-Sprinter_Cargo_Van-2026.jpg'}]",90,KM,https://www.mercedes-benz-maple.ca/new/inventory/2026-Mercedes_Benz-Sprinter_Cargo_Van-id13316107.html,"2026 Mercedes-Benz Sprinter Crew Van 2500 High Roof I4 Diesel 170"" at Mercedes-Benz Maple",87195 CAD,New,Silver,Black,4804,Mercedes-Benz Maple,+1-905-585-9300,"{addr1: '9300 Jane St', city: 'Maple', region: 'Ontario', postal_code: 'L6A 0C5', country: 'CA'}",43.8344170000,-79.5341990000,,,,,https://www.mercedes-benz-maple.ca/privacy-policy.html,New,4804,In stock,,87195 CAD,Free,
W1Y4KCHY5TP875217,W1Y4KCHY5TP875217,26505344-new,Mercedes-Benz,Sprinter Crew Van,"2500 High Roof I4 Diesel 170""",2026,AUTOMATIC,VAN,GASOLINE,,"2026 Mercedes-Benz Sprinter Crew Van 2500 High Roof I4 Diesel 170"", Grey exterior","[{url:'https://carimages.d2cmedia.ca/newcarimages/en/cb6ab798baca942/Mercedes-Benz/Sprinter Crew Van/2026/1200/480574-MjUwMCBIaWdoIFJvb2YgSTQgRGllc2VsIDE3MA/X222325/front45.png'},{url:'https://carimages.d2cmedia.ca/newcarimages/en/cb6ab798baca942/Mercedes-Benz/Sprinter Crew Van/2026/1280/480574/X222325/front_45_degree.png'},{url:'https://carimages.d2cmedia.ca/newcarimages/en/cb6ab798baca942/Mercedes-Benz/Sprinter Crew Van/2026/2100/480574/X222325/front_45_degree.png'},{url:'https://carimages.d2cmedia.ca/newcarimages/en/cb6ab798baca942/Mercedes-Benz/Sprinter Crew Van/2026/2100/480574/X222325/profile.png'},{url:'https://carimages.d2cmedia.ca/newcarimages/en/cb6ab798baca942/Mercedes-Benz/Sprinter Crew Van/2026/2100/480574/X222325/back_45_degree.png'},{url:'https://carimages.d2cmedia.ca/newcarimages/en/cb6ab798baca942/Mercedes-Benz/Sprinter Crew Van/2026/2100/480574/X222325/driver_dashboard.png'},{url:'https://carimages.d2cmedia.ca/newcarimages/en/cb6ab798baca942/Mercedes-Benz/Sprinter Crew Van/2026/2100/480574/X222325/full_dashboard.png'},{url:'https://carimages.d2cmedia.ca/newcarimages/en/cb6ab798baca942/Mercedes-Benz/Sprinter Crew Van/2026/2100/480574/X222325/interior_driver_open_seat.png'},{url:'https://carimages.d2cmedia.ca/newcarimages/en/cb6ab798baca942/Mercedes-Benz/Sprinter Crew Van/2026/2100/480574/X222325/interior_driver_stereo.png'},{url:'https://carimages.d2cmedia.ca/newcarimages/en/cb6ab798baca942/Mercedes-Benz/Sprinter Crew Van/2026/2100/480574/X222325/interior_driver_reat_seats.png'}]",90,KM,https://www.mercedes-benz-maple.ca/new/inventory/2026-Mercedes_Benz-Sprinter_Cargo_Van-id14410808.html,"2026 Mercedes-Benz Sprinter Crew Van 2500 High Roof I4 Diesel 170"" at Mercedes-Benz Maple",86825 CAD,New,Grey,Black,4804,Mercedes-Benz Maple,+1-905-585-9300,"{addr1: '9300 Jane St', city: 'Maple', region: 'Ontario', postal_code: 'L6A 0C5', country: 'CA'}",43.8344170000,-79.5341990000,,,,,https://www.mercedes-benz-maple.ca/privacy-policy.html,New,4804,In stock,,86825 CAD,Free,
W1Y4KCHY4TP930594,W1Y4KCHY4TP930594,26659862-new,Mercedes-Benz,Sprinter Crew Van,"2500 High Roof I4 Diesel 170""",2026,AUTOMATIC,VAN,GASOLINE,,"2026 Mercedes-Benz Sprinter Crew Van 2500 High Roof I4 Diesel 170"", White exterior","[{url:'https://carimages.d2cmedia.ca/newcarimages/en/cb6ab798baca942/Mercedes-Benz/Sprinter Crew Van/2026/1200/480574-MjUwMCBIaWdoIFJvb2YgSTQgRGllc2VsIDE3MA/XDBDBDB/front45.png'},{url:'https://carimages.d2cmedia.ca/newcarimages/en/cb6ab798baca942/Mercedes-Benz/Sprinter Crew Van/2026/1280/480574/Xdbdbdb/front_45_degree.png'},{url:'https://carimages.d2cmedia.ca/newcarimages/en/cb6ab798baca942/Mercedes-Benz/Sprinter Crew Van/2026/2100/480574/Xdbdbdb/front_45_degree.png'},{url:'https://carimages.d2cmedia.ca/newcarimages/en/cb6ab798baca942/Mercedes-Benz/Sprinter Crew Van/2026/2100/480574/Xdbdbdb/profile.png'},{url:'https://carimages.d2cmedia.ca/newcarimages/en/cb6ab798baca942/Mercedes-Benz/Sprinter Crew Van/2026/2100/480574/Xdbdbdb/back_45_degree.png'},{url:'https://carimages.d2cmedia.ca/newcarimages/en/cb6ab798baca942/Mercedes-Benz/Sprinter Crew Van/2026/2100/480574/Xdbdbdb/driver_dashboard.png'},{url:'https://carimages.d2cmedia.ca/newcarimages/en/cb6ab798baca942/Mercedes-Benz/Sprinter Crew Van/2026/2100/480574/Xdbdbdb/full_dashboard.png'},{url:'https://carimages.d2cmedia.ca/newcarimages/en/cb6ab798baca942/Mercedes-Benz/Sprinter Crew Van/2026/2100/480574/Xdbdbdb/interior_driver_open_seat.png'},{url:'https://carimages.d2cmedia.ca/newcarimages/en/cb6ab798baca942/Mercedes-Benz/Sprinter Crew Van/2026/2100/480574/Xdbdbdb/interior_driver_stereo.png'},{url:'https://carimages.d2cmedia.ca/newcarimages/en/cb6ab798baca942/Mercedes-Benz/Sprinter Crew Van/2026/2100/480574/Xdbdbdb/interior_driver_reat_seats.png'}]",90,KM,https://www.mercedes-benz-maple.ca/new/inventory/2026-Mercedes_Benz-Sprinter_Cargo_Van-id14424023.html,"2026 Mercedes-Benz Sprinter Crew Van 2500 High Roof I4 Diesel 170"" at Mercedes-Benz Maple",86147 CAD,New,White,Black,4804,Mercedes-Benz Maple,+1-905-585-9300,"{addr1: '9300 Jane St', city: 'Maple', region: 'Ontario', postal_code: 'L6A 0C5', country: 'CA'}",43.8344170000,-79.5341990000,,,,,https://www.mercedes-benz-maple.ca/privacy-policy.html,New,4804,In stock,,86147 CAD,Free,
W1Y4KCHY1TP904048,W1Y4KCHY1TP904048,26658734-new,Mercedes-Benz,Sprinter Crew Van,"2500 High Roof I4 Diesel 170""",2026,AUTOMATIC,VAN,GASOLINE,,"2026 Mercedes-Benz Sprinter Crew Van 2500 High Roof I4 Diesel 170"", White exterior","[{url:'https://carimages.d2cmedia.ca/newcarimages/en/cb6ab798baca942/Mercedes-Benz/Sprinter Crew Van/2026/1200/480574-MjUwMCBIaWdoIFJvb2YgSTQgRGllc2VsIDE3MA/XDBDBDB/front45.png'},{url:'https://carimages.d2cmedia.ca/newcarimages/en/cb6ab798baca942/Mercedes-Benz/Sprinter Crew Van/2026/1280/480574/Xdbdbdb/front_45_degree.png'},{url:'https://carimages.d2cmedia.ca/newcarimages/en/cb6ab798baca942/Mercedes-Benz/Sprinter Crew Van/2026/2100/480574/Xdbdbdb/front_45_degree.png'},{url:'https://carimages.d2cmedia.ca/newcarimages/en/cb6ab798baca942/Mercedes-Benz/Sprinter Crew Van/2026/2100/480574/Xdbdbdb/profile.png'},{url:'https://carimages.d2cmedia.ca/newcarimages/en/cb6ab798baca942/Mercedes-Benz/Sprinter Crew Van/2026/2100/480574/Xdbdbdb/back_45_degree.png'},{url:'https://carimages.d2cmedia.ca/newcarimages/en/cb6ab798baca942/Mercedes-Benz/Sprinter Crew Van/2026/2100/480574/Xdbdbdb/driver_dashboard.png'},{url:'https://carimages.d2cmedia.ca/newcarimages/en/cb6ab798baca942/Mercedes-Benz/Sprinter Crew Van/2026/2100/480574/Xdbdbdb/full_dashboard.png'},{url:'https://carimages.d2cmedia.ca/newcarimages/en/cb6ab798baca942/Mercedes-Benz/Sprinter Crew Van/2026/2100/480574/Xdbdbdb/interior_driver_open_seat.png'},{url:'https://carimages.d2cmedia.ca/newcarimages/en/cb6ab798baca942/Mercedes-Benz/Sprinter Crew Van/2026/2100/480574/Xdbdbdb/interior_driver_stereo.png'},{url:'https://carimages.d2cmedia.ca/newcarimages/en/cb6ab798baca942/Mercedes-Benz/Sprinter Crew Van/2026/2100/480574/Xdbdbdb/interior_driver_reat_seats.png'}]",90,KM,https://www.mercedes-benz-maple.ca/new/inventory/2026-Mercedes_Benz-Sprinter_Cargo_Van-id13566251.html,"2026 Mercedes-Benz Sprinter Crew Van 2500 High Roof I4 Diesel 170"" at Mercedes-Benz Maple",86032 CAD,New,White,Black,4804,Mercedes-Benz Maple,+1-905-585-9300,"{addr1: '9300 Jane St', city: 'Maple', region: 'Ontario', postal_code: 'L6A 0C5', country: 'CA'}",43.8344170000,-79.5341990000,,,,,https://www.mercedes-benz-maple.ca/privacy-policy.html,New,4804,In stock,,86032 CAD,Free,
W1Y4KCHY1TP925854,W1Y4KCHY1TP925854,26659463-new,Mercedes-Benz,Sprinter Crew Van,"2500 High Roof I4 Diesel 170""",2026,AUTOMATIC,VAN,GASOLINE,,"2026 Mercedes-Benz Sprinter Crew Van 2500 High Roof I4 Diesel 170"", White exterior","[{url:'https://carimages.d2cmedia.ca/newcarimages/en/cb6ab798baca942/Mercedes-Benz/Sprinter Crew Van/2026/1200/480574-MjUwMCBIaWdoIFJvb2YgSTQgRGllc2VsIDE3MA/XDBDBDB/front45.png'},{url:'https://carimages.d2cmedia.ca/newcarimages/en/cb6ab798baca942/Mercedes-Benz/Sprinter Crew Van/2026/1280/480574/Xdbdbdb/front_45_degree.png'},{url:'https://carimages.d2cmedia.ca/newcarimages/en/cb6ab798baca942/Mercedes-Benz/Sprinter Crew Van/2026/2100/480574/Xdbdbdb/front_45_degree.png'},{url:'https://carimages.d2cmedia.ca/newcarimages/en/cb6ab798baca942/Mercedes-Benz/Sprinter Crew Van/2026/2100/480574/Xdbdbdb/profile.png'},{url:'https://carimages.d2cmedia.ca/newcarimages/en/cb6ab798baca942/Mercedes-Benz/Sprinter Crew Van/2026/2100/480574/Xdbdbdb/back_45_degree.png'},{url:'https://carimages.d2cmedia.ca/newcarimages/en/cb6ab798baca942/Mercedes-Benz/Sprinter Crew Van/2026/2100/480574/Xdbdbdb/driver_dashboard.png'},{url:'https://carimages.d2cmedia.ca/newcarimages/en/cb6ab798baca942/Mercedes-Benz/Sprinter Crew Van/2026/2100/480574/Xdbdbdb/full_dashboard.png'},{url:'https://carimages.d2cmedia.ca/newcarimages/en/cb6ab798baca942/Mercedes-Benz/Sprinter Crew Van/2026/2100/480574/Xdbdbdb/interior_driver_open_seat.png'},{url:'https://carimages.d2cmedia.ca/newcarimages/en/cb6ab798baca942/Mercedes-Benz/Sprinter Crew Van/2026/2100/480574/Xdbdbdb/interior_driver_stereo.png'},{url:'https://carimages.d2cmedia.ca/newcarimages/en/cb6ab798baca942/Mercedes-Benz/Sprinter Crew Van/2026/2100/480574/Xdbdbdb/interior_driver_reat_seats.png'}]",90,KM,https://www.mercedes-benz-maple.ca/new/inventory/2026-Mercedes_Benz-Sprinter_Cargo_Van-id14057286.html,"2026 Mercedes-Benz Sprinter Crew Van 2500 High Roof I4 Diesel 170"" at Mercedes-Benz Maple",86032 CAD,New,White,Black,4804,Mercedes-Benz Maple,+1-905-585-9300,"{addr1: '9300 Jane St', city: 'Maple', region: 'Ontario', postal_code: 'L6A 0C5', country: 'CA'}",43.8344170000,-79.5341990000,,,,,https://www.mercedes-benz-maple.ca/privacy-policy.html,New,4804,In stock,,86032 CAD,Free,
W1Y4KCHYXTP923472,W1Y4KCHYXTP923472,26659464-new,Mercedes-Benz,Sprinter Crew Van,"2500 High Roof I4 Diesel 170""",2026,AUTOMATIC,VAN,GASOLINE,,"2026 Mercedes-Benz Sprinter Crew Van 2500 High Roof I4 Diesel 170"", White exterior","[{url:'https://carimages.d2cmedia.ca/newcarimages/en/cb6ab798baca942/Mercedes-Benz/Sprinter Crew Van/2026/1200/480574-MjUwMCBIaWdoIFJvb2YgSTQgRGllc2VsIDE3MA/XDBDBDB/front45.png'},{url:'https://carimages.d2cmedia.ca/newcarimages/en/cb6ab798baca942/Mercedes-Benz/Sprinter Crew Van/2026/1280/480574/Xdbdbdb/front_45_degree.png'},{url:'https://carimages.d2cmedia.ca/newcarimages/en/cb6ab798baca942/Mercedes-Benz/Sprinter Crew Van/2026/2100/480574/Xdbdbdb/front_45_degree.png'},{url:'https://carimages.d2cmedia.ca/newcarimages/en/cb6ab798baca942/Mercedes-Benz/Sprinter Crew Van/2026/2100/480574/Xdbdbdb/profile.png'},{url:'https://carimages.d2cmedia.ca/newcarimages/en/cb6ab798baca942/Mercedes-Benz/Sprinter Crew Van/2026/2100/480574/Xdbdbdb/back_45_degree.png'},{url:'https://carimages.d2cmedia.ca/newcarimages/en/cb6ab798baca942/Mercedes-Benz/Sprinter Crew Van/2026/2100/480574/Xdbdbdb/driver_dashboard.png'},{url:'https://carimages.d2cmedia.ca/newcarimages/en/cb6ab798baca942/Mercedes-Benz/Sprinter Crew Van/2026/2100/480574/Xdbdbdb/full_dashboard.png'},{url:'https://carimages.d2cmedia.ca/newcarimages/en/cb6ab798baca942/Mercedes-Benz/Sprinter Crew Van/2026/2100/480574/Xdbdbdb/interior_driver_open_seat.png'},{url:'https://carimages.d2cmedia.ca/newcarimages/en/cb6ab798baca942/Mercedes-Benz/Sprinter Crew Van/2026/2100/480574/Xdbdbdb/interior_driver_stereo.png'},{url:'https://carimages.d2cmedia.ca/newcarimages/en/cb6ab798baca942/Mercedes-Benz/Sprinter Crew Van/2026/2100/480574/Xdbdbdb/interior_driver_reat_seats.png'}]",90,KM,https://www.mercedes-benz-maple.ca/new/inventory/2026-Mercedes_Benz-Sprinter_Cargo_Van-id13842045.html,"2026 Mercedes-Benz Sprinter Crew Van 2500 High Roof I4 Diesel 170"" at Mercedes-Benz Maple",85866 CAD,New,White,Black,4804,Mercedes-Benz Maple,+1-905-585-9300,"{addr1: '9300 Jane St', city: 'Maple', region: 'Ontario', postal_code: 'L6A 0C5', country: 'CA'}",43.8344170000,-79.5341990000,,,,,https://www.mercedes-benz-maple.ca/privacy-policy.html,New,4804,In stock,,85866 CAD,Free,
W1Y4KCHYXTP941308,W1Y4KCHYXTP941308,26660480-new,Mercedes-Benz,Sprinter Crew Van,"2500 High Roof I4 Diesel 170""",2026,AUTOMATIC,VAN,GASOLINE,,"2026 Mercedes-Benz Sprinter Crew Van 2500 High Roof I4 Diesel 170"", White exterior","[{url:'https://carimages.d2cmedia.ca/newcarimages/en/cb6ab798baca942/Mercedes-Benz/Sprinter Crew Van/2026/1200/480574-MjUwMCBIaWdoIFJvb2YgSTQgRGllc2VsIDE3MA/XDBDBDB/front45.png'},{url:'https://carimages.d2cmedia.ca/newcarimages/en/cb6ab798baca942/Mercedes-Benz/Sprinter Crew Van/2026/1280/480574/Xdbdbdb/front_45_degree.png'},{url:'https://carimages.d2cmedia.ca/newcarimages/en/cb6ab798baca942/Mercedes-Benz/Sprinter Crew Van/2026/2100/480574/Xdbdbdb/front_45_degree.png'},{url:'https://carimages.d2cmedia.ca/newcarimages/en/cb6ab798baca942/Mercedes-Benz/Sprinter Crew Van/2026/2100/480574/Xdbdbdb/profile.png'},{url:'https://carimages.d2cmedia.ca/newcarimages/en/cb6ab798baca942/Mercedes-Benz/Sprinter Crew Van/2026/2100/480574/Xdbdbdb/back_45_degree.png'},{url:'https://carimages.d2cmedia.ca/newcarimages/en/cb6ab798baca942/Mercedes-Benz/Sprinter Crew Van/2026/2100/480574/Xdbdbdb/driver_dashboard.png'},{url:'https://carimages.d2cmedia.ca/newcarimages/en/cb6ab798baca942/Mercedes-Benz/Sprinter Crew Van/2026/2100/480574/Xdbdbdb/full_dashboard.png'},{url:'https://carimages.d2cmedia.ca/newcarimages/en/cb6ab798baca942/Mercedes-Benz/Sprinter Crew Van/2026/2100/480574/Xdbdbdb/interior_driver_open_seat.png'},{url:'https://carimages.d2cmedia.ca/newcarimages/en/cb6ab798baca942/Mercedes-Benz/Sprinter Crew Van/2026/2100/480574/Xdbdbdb/interior_driver_stereo.png'},{url:'https://carimages.d2cmedia.ca/newcarimages/en/cb6ab798baca942/Mercedes-Benz/Sprinter Crew Van/2026/2100/480574/Xdbdbdb/interior_driver_reat_seats.png'}]",90,KM,https://www.mercedes-benz-maple.ca/new/inventory/2026-Mercedes_Benz-Sprinter_Cargo_Van-id14107532.html,"2026 Mercedes-Benz Sprinter Crew Van 2500 High Roof I4 Diesel 170"" at Mercedes-Benz Maple",85662 CAD,New,White,Black,4804,Mercedes-Benz Maple,+1-905-585-9300,"{addr1: '9300 Jane St', city: 'Maple', region: 'Ontario', postal_code: 'L6A 0C5', country: 'CA'}",43.8344170000,-79.5341990000,,,,,https://www.mercedes-benz-maple.ca/privacy-policy.html,New,4804,In stock,,85662 CAD,Free,
W1Y4KCHY3TP948116,W1Y4KCHY3TP948116,26660478-new,Mercedes-Benz,Sprinter Crew Van,"2500 High Roof I4 Diesel 170""",2026,AUTOMATIC,VAN,GASOLINE,,"2026 Mercedes-Benz Sprinter Crew Van 2500 High Roof I4 Diesel 170"", White exterior","[{url:'https://carimages.d2cmedia.ca/newcarimages/en/cb6ab798baca942/Mercedes-Benz/Sprinter Crew Van/2026/1200/480574-MjUwMCBIaWdoIFJvb2YgSTQgRGllc2VsIDE3MA/XDBDBDB/front45.png'},{url:'https://carimages.d2cmedia.ca/newcarimages/en/cb6ab798baca942/Mercedes-Benz/Sprinter Crew Van/2026/1280/480574/Xdbdbdb/front_45_degree.png'},{url:'https://carimages.d2cmedia.ca/newcarimages/en/cb6ab798baca942/Mercedes-Benz/Sprinter Crew Van/2026/2100/480574/Xdbdbdb/front_45_degree.png'},{url:'https://carimages.d2cmedia.ca/newcarimages/en/cb6ab798baca942/Mercedes-Benz/Sprinter Crew Van/2026/2100/480574/Xdbdbdb/profile.png'},{url:'https://carimages.d2cmedia.ca/newcarimages/en/cb6ab798baca942/Mercedes-Benz/Sprinter Crew Van/2026/2100/480574/Xdbdbdb/back_45_degree.png'},{url:'https://carimages.d2cmedia.ca/newcarimages/en/cb6ab798baca942/Mercedes-Benz/Sprinter Crew Van/2026/2100/480574/Xdbdbdb/driver_dashboard.png'},{url:'https://carimages.d2cmedia.ca/newcarimages/en/cb6ab798baca942/Mercedes-Benz/Sprinter Crew Van/2026/2100/480574/Xdbdbdb/full_dashboard.png'},{url:'https://carimages.d2cmedia.ca/newcarimages/en/cb6ab798baca942/Mercedes-Benz/Sprinter Crew Van/2026/2100/480574/Xdbdbdb/interior_driver_open_seat.png'},{url:'https://carimages.d2cmedia.ca/newcarimages/en/cb6ab798baca942/Mercedes-Benz/Sprinter Crew Van/2026/2100/480574/Xdbdbdb/interior_driver_stereo.png'},{url:'https://carimages.d2cmedia.ca/newcarimages/en/cb6ab798baca942/Mercedes-Benz/Sprinter Crew Van/2026/2100/480574/Xdbdbdb/interior_driver_reat_seats.png'}]",90,KM,https://www.mercedes-benz-maple.ca/new/inventory/2026-Mercedes_Benz-Sprinter_Cargo_Van-id14203054.html,"2026 Mercedes-Benz Sprinter Crew Van 2500 High Roof I4 Diesel 170"" at Mercedes-Benz Maple",85662 CAD,New,White,Black,4804,Mercedes-Benz Maple,+1-905-585-9300,"{addr1: '9300 Jane St', city: 'Maple', region: 'Ontario', postal_code: 'L6A 0C5', country: 'CA'}",43.8344170000,-79.5341990000,,,,,https://www.mercedes-benz-maple.ca/privacy-policy.html,New,4804,In stock,,85662 CAD,Free,
W1Y4KCHY3TP945863,W1Y4KCHY3TP945863,26660191-new,Mercedes-Benz,Sprinter Crew Van,"2500 High Roof I4 Diesel 170""",2026,AUTOMATIC,VAN,GASOLINE,,"2026 Mercedes-Benz Sprinter Crew Van 2500 High Roof I4 Diesel 170"", White exterior","[{url:'https://carimages.d2cmedia.ca/newcarimages/en/cb6ab798baca942/Mercedes-Benz/Sprinter Crew Van/2026/1200/480574-MjUwMCBIaWdoIFJvb2YgSTQgRGllc2VsIDE3MA/XDBDBDB/front45.png'},{url:'https://carimages.d2cmedia.ca/newcarimages/en/cb6ab798baca942/Mercedes-Benz/Sprinter Crew Van/2026/1280/480574/Xdbdbdb/front_45_degree.png'},{url:'https://carimages.d2cmedia.ca/newcarimages/en/cb6ab798baca942/Mercedes-Benz/Sprinter Crew Van/2026/2100/480574/Xdbdbdb/front_45_degree.png'},{url:'https://carimages.d2cmedia.ca/newcarimages/en/cb6ab798baca942/Mercedes-Benz/Sprinter Crew Van/2026/2100/480574/Xdbdbdb/profile.png'},{url:'https://carimages.d2cmedia.ca/newcarimages/en/cb6ab798baca942/Mercedes-Benz/Sprinter Crew Van/2026/2100/480574/Xdbdbdb/back_45_degree.png'},{url:'https://carimages.d2cmedia.ca/newcarimages/en/cb6ab798baca942/Mercedes-Benz/Sprinter Crew Van/2026/2100/480574/Xdbdbdb/driver_dashboard.png'},{url:'https://carimages.d2cmedia.ca/newcarimages/en/cb6ab798baca942/Mercedes-Benz/Sprinter Crew Van/2026/2100/480574/Xdbdbdb/full_dashboard.png'},{url:'https://carimages.d2cmedia.ca/newcarimages/en/cb6ab798baca942/Mercedes-Benz/Sprinter Crew Van/2026/2100/480574/Xdbdbdb/interior_driver_open_seat.png'},{url:'https://carimages.d2cmedia.ca/newcarimages/en/cb6ab798baca942/Mercedes-Benz/Sprinter Crew Van/2026/2100/480574/Xdbdbdb/interior_driver_stereo.png'},{url:'https://carimages.d2cmedia.ca/newcarimages/en/cb6ab798baca942/Mercedes-Benz/Sprinter Crew Van/2026/2100/480574/Xdbdbdb/interior_driver_reat_seats.png'}]",90,KM,https://www.mercedes-benz-maple.ca/new/inventory/2026-Mercedes_Benz-Sprinter_Cargo_Van-id14223679.html,"2026 Mercedes-Benz Sprinter Crew Van 2500 High Roof I4 Diesel 170"" at Mercedes-Benz Maple",85662 CAD,New,White,Black,4804,Mercedes-Benz Maple,+1-905-585-9300,"{addr1: '9300 Jane St', city: 'Maple', region: 'Ontario', postal_code: 'L6A 0C5', country: 'CA'}",43.8344170000,-79.5341990000,,,,,https://www.mercedes-benz-maple.ca/privacy-policy.html,New,4804,In stock,,85662 CAD,Free,
W1Y4KCHY0TP946369,W1Y4KCHY0TP946369,26660479-new,Mercedes-Benz,Sprinter Crew Van,"2500 High Roof I4 Diesel 170""",2026,AUTOMATIC,VAN,GASOLINE,,"2026 Mercedes-Benz Sprinter Crew Van 2500 High Roof I4 Diesel 170"", White exterior","[{url:'https://carimages.d2cmedia.ca/newcarimages/en/cb6ab798baca942/Mercedes-Benz/Sprinter Crew Van/2026/1200/480574-MjUwMCBIaWdoIFJvb2YgSTQgRGllc2VsIDE3MA/XDBDBDB/front45.png'},{url:'https://carimages.d2cmedia.ca/newcarimages/en/cb6ab798baca942/Mercedes-Benz/Sprinter Crew Van/2026/1280/480574/Xdbdbdb/front_45_degree.png'},{url:'https://carimages.d2cmedia.ca/newcarimages/en/cb6ab798baca942/Mercedes-Benz/Sprinter Crew Van/2026/2100/480574/Xdbdbdb/front_45_degree.png'},{url:'https://carimages.d2cmedia.ca/newcarimages/en/cb6ab798baca942/Mercedes-Benz/Sprinter Crew Van/2026/2100/480574/Xdbdbdb/profile.png'},{url:'https://carimages.d2cmedia.ca/newcarimages/en/cb6ab798baca942/Mercedes-Benz/Sprinter Crew Van/2026/2100/480574/Xdbdbdb/back_45_degree.png'},{url:'https://carimages.d2cmedia.ca/newcarimages/en/cb6ab798baca942/Mercedes-Benz/Sprinter Crew Van/2026/2100/480574/Xdbdbdb/driver_dashboard.png'},{url:'https://carimages.d2cmedia.ca/newcarimages/en/cb6ab798baca942/Mercedes-Benz/Sprinter Crew Van/2026/2100/480574/Xdbdbdb/full_dashboard.png'},{url:'https://carimages.d2cmedia.ca/newcarimages/en/cb6ab798baca942/Mercedes-Benz/Sprinter Crew Van/2026/2100/480574/Xdbdbdb/interior_driver_open_seat.png'},{url:'https://carimages.d2cmedia.ca/newcarimages/en/cb6ab798baca942/Mercedes-Benz/Sprinter Crew Van/2026/2100/480574/Xdbdbdb/interior_driver_stereo.png'},{url:'https://carimages.d2cmedia.ca/newcarimages/en/cb6ab798baca942/Mercedes-Benz/Sprinter Crew Van/2026/2100/480574/Xdbdbdb/interior_driver_reat_seats.png'}]",90,KM,https://www.mercedes-benz-maple.ca/new/inventory/2026-Mercedes_Benz-Sprinter_Cargo_Van-id14223681.html,"2026 Mercedes-Benz Sprinter Crew Van 2500 High Roof I4 Diesel 170"" at Mercedes-Benz Maple",85662 CAD,New,White,Black,4804,Mercedes-Benz Maple,+1-905-585-9300,"{addr1: '9300 Jane St', city: 'Maple', region: 'Ontario', postal_code: 'L6A 0C5', country: 'CA'}",43.8344170000,-79.5341990000,,,,,https://www.mercedes-benz-maple.ca/privacy-policy.html,New,4804,In stock,,85662 CAD,Free,
W1Y4KCHY1TP897554,W1Y4KCHY1TP897554,26658424-new,Mercedes-Benz,Sprinter Crew Van,"2500 High Roof I4 Diesel 170""",2026,AUTOMATIC,VAN,GASOLINE,,"2026 Mercedes-Benz Sprinter Crew Van 2500 High Roof I4 Diesel 170"", White exterior","[{url:'https://carimages.d2cmedia.ca/newcarimages/en/cb6ab798baca942/Mercedes-Benz/Sprinter Crew Van/2026/1200/480574-MjUwMCBIaWdoIFJvb2YgSTQgRGllc2VsIDE3MA/XDBDBDB/front45.png'},{url:'https://carimages.d2cmedia.ca/newcarimages/en/cb6ab798baca942/Mercedes-Benz/Sprinter Crew Van/2026/1280/480574/Xdbdbdb/front_45_degree.png'},{url:'https://carimages.d2cmedia.ca/newcarimages/en/cb6ab798baca942/Mercedes-Benz/Sprinter Crew Van/2026/2100/480574/Xdbdbdb/front_45_degree.png'},{url:'https://carimages.d2cmedia.ca/newcarimages/en/cb6ab798baca942/Mercedes-Benz/Sprinter Crew Van/2026/2100/480574/Xdbdbdb/profile.png'},{url:'https://carimages.d2cmedia.ca/newcarimages/en/cb6ab798baca942/Mercedes-Benz/Sprinter Crew Van/2026/2100/480574/Xdbdbdb/back_45_degree.png'},{url:'https://carimages.d2cmedia.ca/newcarimages/en/cb6ab798baca942/Mercedes-Benz/Sprinter Crew Van/2026/2100/480574/Xdbdbdb/driver_dashboard.png'},{url:'https://carimages.d2cmedia.ca/newcarimages/en/cb6ab798baca942/Mercedes-Benz/Sprinter Crew Van/2026/2100/480574/Xdbdbdb/full_dashboard.png'},{url:'https://carimages.d2cmedia.ca/newcarimages/en/cb6ab798baca942/Mercedes-Benz/Sprinter Crew Van/2026/2100/480574/Xdbdbdb/interior_driver_open_seat.png'},{url:'https://carimages.d2cmedia.ca/newcarimages/en/cb6ab798baca942/Mercedes-Benz/Sprinter Crew Van/2026/2100/480574/Xdbdbdb/interior_driver_stereo.png'},{url:'https://carimages.d2cmedia.ca/newcarimages/en/cb6ab798baca942/Mercedes-Benz/Sprinter Crew Van/2026/2100/480574/Xdbdbdb/interior_driver_reat_seats.png'}]",90,KM,https://www.mercedes-benz-maple.ca/new/inventory/2026-Mercedes_Benz-Sprinter_Cargo_Van-id13533468.html,"2026 Mercedes-Benz Sprinter Crew Van 2500 High Roof I4 Diesel 170"" at Mercedes-Benz Maple",85611 CAD,New,White,Black,4804,Mercedes-Benz Maple,+1-905-585-9300,"{addr1: '9300 Jane St', city: 'Maple', region: 'Ontario', postal_code: 'L6A 0C5', country: 'CA'}",43.8344170000,-79.5341990000,,,,,https://www.mercedes-benz-maple.ca/privacy-policy.html,New,4804,In stock,,85611 CAD,Free,
W1Y4KCHY8TP906203,W1Y4KCHY8TP906203,26659018-new,Mercedes-Benz,Sprinter Crew Van,"2500 High Roof I4 Diesel 170""",2026,AUTOMATIC,VAN,GASOLINE,,"2026 Mercedes-Benz Sprinter Crew Van 2500 High Roof I4 Diesel 170"", White exterior","[{url:'https://carimages.d2cmedia.ca/newcarimages/en/cb6ab798baca942/Mercedes-Benz/Sprinter Crew Van/2026/1200/480574-MjUwMCBIaWdoIFJvb2YgSTQgRGllc2VsIDE3MA/XDBDBDB/front45.png'},{url:'https://carimages.d2cmedia.ca/newcarimages/en/cb6ab798baca942/Mercedes-Benz/Sprinter Crew Van/2026/1280/480574/Xdbdbdb/front_45_degree.png'},{url:'https://carimages.d2cmedia.ca/newcarimages/en/cb6ab798baca942/Mercedes-Benz/Sprinter Crew Van/2026/2100/480574/Xdbdbdb/front_45_degree.png'},{url:'https://carimages.d2cmedia.ca/newcarimages/en/cb6ab798baca942/Mercedes-Benz/Sprinter Crew Van/2026/2100/480574/Xdbdbdb/profile.png'},{url:'https://carimages.d2cmedia.ca/newcarimages/en/cb6ab798baca942/Mercedes-Benz/Sprinter Crew Van/2026/2100/480574/Xdbdbdb/back_45_degree.png'},{url:'https://carimages.d2cmedia.ca/newcarimages/en/cb6ab798baca942/Mercedes-Benz/Sprinter Crew Van/2026/2100/480574/Xdbdbdb/driver_dashboard.png'},{url:'https://carimages.d2cmedia.ca/newcarimages/en/cb6ab798baca942/Mercedes-Benz/Sprinter Crew Van/2026/2100/480574/Xdbdbdb/full_dashboard.png'},{url:'https://carimages.d2cmedia.ca/newcarimages/en/cb6ab798baca942/Mercedes-Benz/Sprinter Crew Van/2026/2100/480574/Xdbdbdb/interior_driver_open_seat.png'},{url:'https://carimages.d2cmedia.ca/newcarimages/en/cb6ab798baca942/Mercedes-Benz/Sprinter Crew Van/2026/2100/480574/Xdbdbdb/interior_driver_stereo.png'},{url:'https://carimages.d2cmedia.ca/newcarimages/en/cb6ab798baca942/Mercedes-Benz/Sprinter Crew Van/2026/2100/480574/Xdbdbdb/interior_driver_reat_seats.png'}]",90,KM,https://www.mercedes-benz-maple.ca/new/inventory/2026-Mercedes_Benz-Sprinter_Cargo_Van-id13661157.html,"2026 Mercedes-Benz Sprinter Crew Van 2500 High Roof I4 Diesel 170"" at Mercedes-Benz Maple",85547 CAD,New,White,Black,4804,Mercedes-Benz Maple,+1-905-585-9300,"{addr1: '9300 Jane St', city: 'Maple', region: 'Ontario', postal_code: 'L6A 0C5', country: 'CA'}",43.8344170000,-79.5341990000,,,,,https://www.mercedes-benz-maple.ca/privacy-policy.html,New,4804,In stock,,85547 CAD,Free,
W1Y4KCHYXTP905246,W1Y4KCHYXTP905246,26659022-new,Mercedes-Benz,Sprinter Crew Van,"2500 High Roof I4 Diesel 170""",2026,AUTOMATIC,VAN,GASOLINE,,"2026 Mercedes-Benz Sprinter Crew Van 2500 High Roof I4 Diesel 170"", White exterior","[{url:'https://carimages.d2cmedia.ca/newcarimages/en/cb6ab798baca942/Mercedes-Benz/Sprinter Crew Van/2026/1200/480574-MjUwMCBIaWdoIFJvb2YgSTQgRGllc2VsIDE3MA/XDBDBDB/front45.png'},{url:'https://carimages.d2cmedia.ca/newcarimages/en/cb6ab798baca942/Mercedes-Benz/Sprinter Crew Van/2026/1280/480574/Xdbdbdb/front_45_degree.png'},{url:'https://carimages.d2cmedia.ca/newcarimages/en/cb6ab798baca942/Mercedes-Benz/Sprinter Crew Van/2026/2100/480574/Xdbdbdb/front_45_degree.png'},{url:'https://carimages.d2cmedia.ca/newcarimages/en/cb6ab798baca942/Mercedes-Benz/Sprinter Crew Van/2026/2100/480574/Xdbdbdb/profile.png'},{url:'https://carimages.d2cmedia.ca/newcarimages/en/cb6ab798baca942/Mercedes-Benz/Sprinter Crew Van/2026/2100/480574/Xdbdbdb/back_45_degree.png'},{url:'https://carimages.d2cmedia.ca/newcarimages/en/cb6ab798baca942/Mercedes-Benz/Sprinter Crew Van/2026/2100/480574/Xdbdbdb/driver_dashboard.png'},{url:'https://carimages.d2cmedia.ca/newcarimages/en/cb6ab798baca942/Mercedes-Benz/Sprinter Crew Van/2026/2100/480574/Xdbdbdb/full_dashboard.png'},{url:'https://carimages.d2cmedia.ca/newcarimages/en/cb6ab798baca942/Mercedes-Benz/Sprinter Crew Van/2026/2100/480574/Xdbdbdb/interior_driver_open_seat.png'},{url:'https://carimages.d2cmedia.ca/newcarimages/en/cb6ab798baca942/Mercedes-Benz/Sprinter Crew Van/2026/2100/480574/Xdbdbdb/interior_driver_stereo.png'},{url:'https://carimages.d2cmedia.ca/newcarimages/en/cb6ab798baca942/Mercedes-Benz/Sprinter Crew Van/2026/2100/480574/Xdbdbdb/interior_driver_reat_seats.png'}]",90,KM,https://www.mercedes-benz-maple.ca/new/inventory/2026-Mercedes_Benz-Sprinter_Cargo_Van-id13697059.html,"2026 Mercedes-Benz Sprinter Crew Van 2500 High Roof I4 Diesel 170"" at Mercedes-Benz Maple",85547 CAD,New,White,Black,4804,Mercedes-Benz Maple,+1-905-585-9300,"{addr1: '9300 Jane St', city: 'Maple', region: 'Ontario', postal_code: 'L6A 0C5', country: 'CA'}",43.8344170000,-79.5341990000,,,,,https://www.mercedes-benz-maple.ca/privacy-policy.html,New,4804,In stock,,85547 CAD,Free,
W1Y4KCHY2TP908612,W1Y4KCHY2TP908612,26658733-new,Mercedes-Benz,Sprinter Crew Van,"2500 High Roof I4 Diesel 170""",2026,AUTOMATIC,VAN,GASOLINE,,"2026 Mercedes-Benz Sprinter Crew Van 2500 High Roof I4 Diesel 170"", White exterior","[{url:'https://carimages.d2cmedia.ca/newcarimages/en/cb6ab798baca942/Mercedes-Benz/Sprinter Crew Van/2026/1200/480574-MjUwMCBIaWdoIFJvb2YgSTQgRGllc2VsIDE3MA/XDBDBDB/front45.png'},{url:'https://carimages.d2cmedia.ca/newcarimages/en/cb6ab798baca942/Mercedes-Benz/Sprinter Crew Van/2026/1280/480574/Xdbdbdb/front_45_degree.png'},{url:'https://carimages.d2cmedia.ca/newcarimages/en/cb6ab798baca942/Mercedes-Benz/Sprinter Crew Van/2026/2100/480574/Xdbdbdb/front_45_degree.png'},{url:'https://carimages.d2cmedia.ca/newcarimages/en/cb6ab798baca942/Mercedes-Benz/Sprinter Crew Van/2026/2100/480574/Xdbdbdb/profile.png'},{url:'https://carimages.d2cmedia.ca/newcarimages/en/cb6ab798baca942/Mercedes-Benz/Sprinter Crew Van/2026/2100/480574/Xdbdbdb/back_45_degree.png'},{url:'https://carimages.d2cmedia.ca/newcarimages/en/cb6ab798baca942/Mercedes-Benz/Sprinter Crew Van/2026/2100/480574/Xdbdbdb/driver_dashboard.png'},{url:'https://carimages.d2cmedia.ca/newcarimages/en/cb6ab798baca942/Mercedes-Benz/Sprinter Crew Van/2026/2100/480574/Xdbdbdb/full_dashboard.png'},{url:'https://carimages.d2cmedia.ca/newcarimages/en/cb6ab798baca942/Mercedes-Benz/Sprinter Crew Van/2026/2100/480574/Xdbdbdb/interior_driver_open_seat.png'},{url:'https://carimages.d2cmedia.ca/newcarimages/en/cb6ab798baca942/Mercedes-Benz/Sprinter Crew Van/2026/2100/480574/Xdbdbdb/interior_driver_stereo.png'},{url:'https://carimages.d2cmedia.ca/newcarimages/en/cb6ab798baca942/Mercedes-Benz/Sprinter Crew Van/2026/2100/480574/Xdbdbdb/interior_driver_reat_seats.png'}]",90,KM,https://www.mercedes-benz-maple.ca/new/inventory/2026-Mercedes_Benz-Sprinter_Cargo_Van-id13702646.html,"2026 Mercedes-Benz Sprinter Crew Van 2500 High Roof I4 Diesel 170"" at Mercedes-Benz Maple",85547 CAD,New,White,Black,4804,Mercedes-Benz Maple,+1-905-585-9300,"{addr1: '9300 Jane St', city: 'Maple', region: 'Ontario', postal_code: 'L6A 0C5', country: 'CA'}",43.8344170000,-79.5341990000,,,,,https://www.mercedes-benz-maple.ca/privacy-policy.html,New,4804,In stock,,85547 CAD,Free,
W1Y4KCHY1TP923473,W1Y4KCHY1TP923473,26659468-new,Mercedes-Benz,Sprinter Crew Van,"2500 High Roof I4 Diesel 170""",2026,AUTOMATIC,VAN,GASOLINE,,"2026 Mercedes-Benz Sprinter Crew Van 2500 High Roof I4 Diesel 170"", White exterior","[{url:'https://carimages.d2cmedia.ca/newcarimages/en/cb6ab798baca942/Mercedes-Benz/Sprinter Crew Van/2026/1200/480574-MjUwMCBIaWdoIFJvb2YgSTQgRGllc2VsIDE3MA/XDBDBDB/front45.png'},{url:'https://carimages.d2cmedia.ca/newcarimages/en/cb6ab798baca942/Mercedes-Benz/Sprinter Crew Van/2026/1280/480574/Xdbdbdb/front_45_degree.png'},{url:'https://carimages.d2cmedia.ca/newcarimages/en/cb6ab798baca942/Mercedes-Benz/Sprinter Crew Van/2026/2100/480574/Xdbdbdb/front_45_degree.png'},{url:'https://carimages.d2cmedia.ca/newcarimages/en/cb6ab798baca942/Mercedes-Benz/Sprinter Crew Van/2026/2100/480574/Xdbdbdb/profile.png'},{url:'https://carimages.d2cmedia.ca/newcarimages/en/cb6ab798baca942/Mercedes-Benz/Sprinter Crew Van/2026/2100/480574/Xdbdbdb/back_45_degree.png'},{url:'https://carimages.d2cmedia.ca/newcarimages/en/cb6ab798baca942/Mercedes-Benz/Sprinter Crew Van/2026/2100/480574/Xdbdbdb/driver_dashboard.png'},{url:'https://carimages.d2cmedia.ca/newcarimages/en/cb6ab798baca942/Mercedes-Benz/Sprinter Crew Van/2026/2100/480574/Xdbdbdb/full_dashboard.png'},{url:'https://carimages.d2cmedia.ca/newcarimages/en/cb6ab798baca942/Mercedes-Benz/Sprinter Crew Van/2026/2100/480574/Xdbdbdb/interior_driver_open_seat.png'},{url:'https://carimages.d2cmedia.ca/newcarimages/en/cb6ab798baca942/Mercedes-Benz/Sprinter Crew Van/2026/2100/480574/Xdbdbdb/interior_driver_stereo.png'},{url:'https://carimages.d2cmedia.ca/newcarimages/en/cb6ab798baca942/Mercedes-Benz/Sprinter Crew Van/2026/2100/480574/Xdbdbdb/interior_driver_reat_seats.png'}]",90,KM,https://www.mercedes-benz-maple.ca/new/inventory/2026-Mercedes_Benz-Sprinter_Cargo_Van-id13881830.html,"2026 Mercedes-Benz Sprinter Crew Van 2500 High Roof I4 Diesel 170"" at Mercedes-Benz Maple",85547 CAD,New,White,Black,4804,Mercedes-Benz Maple,+1-905-585-9300,"{addr1: '9300 Jane St', city: 'Maple', region: 'Ontario', postal_code: 'L6A 0C5', country: 'CA'}",43.8344170000,-79.5341990000,,,,,https://www.mercedes-benz-maple.ca/privacy-policy.html,New,4804,In stock,,85547 CAD,Free,
W1Y4KCHY3TP929338,W1Y4KCHY3TP929338,26659469-new,Mercedes-Benz,Sprinter Crew Van,"2500 High Roof I4 Diesel 170""",2026,AUTOMATIC,VAN,GASOLINE,,"2026 Mercedes-Benz Sprinter Crew Van 2500 High Roof I4 Diesel 170"", White exterior","[{url:'https://carimages.d2cmedia.ca/newcarimages/en/cb6ab798baca942/Mercedes-Benz/Sprinter Crew Van/2026/1200/480574-MjUwMCBIaWdoIFJvb2YgSTQgRGllc2VsIDE3MA/XDBDBDB/front45.png'},{url:'https://carimages.d2cmedia.ca/newcarimages/en/cb6ab798baca942/Mercedes-Benz/Sprinter Crew Van/2026/1280/480574/Xdbdbdb/front_45_degree.png'},{url:'https://carimages.d2cmedia.ca/newcarimages/en/cb6ab798baca942/Mercedes-Benz/Sprinter Crew Van/2026/2100/480574/Xdbdbdb/front_45_degree.png'},{url:'https://carimages.d2cmedia.ca/newcarimages/en/cb6ab798baca942/Mercedes-Benz/Sprinter Crew Van/2026/2100/480574/Xdbdbdb/profile.png'},{url:'https://carimages.d2cmedia.ca/newcarimages/en/cb6ab798baca942/Mercedes-Benz/Sprinter Crew Van/2026/2100/480574/Xdbdbdb/back_45_degree.png'},{url:'https://carimages.d2cmedia.ca/newcarimages/en/cb6ab798baca942/Mercedes-Benz/Sprinter Crew Van/2026/2100/480574/Xdbdbdb/driver_dashboard.png'},{url:'https://carimages.d2cmedia.ca/newcarimages/en/cb6ab798baca942/Mercedes-Benz/Sprinter Crew Van/2026/2100/480574/Xdbdbdb/full_dashboard.png'},{url:'https://carimages.d2cmedia.ca/newcarimages/en/cb6ab798baca942/Mercedes-Benz/Sprinter Crew Van/2026/2100/480574/Xdbdbdb/interior_driver_open_seat.png'},{url:'https://carimages.d2cmedia.ca/newcarimages/en/cb6ab798baca942/Mercedes-Benz/Sprinter Crew Van/2026/2100/480574/Xdbdbdb/interior_driver_stereo.png'},{url:'https://carimages.d2cmedia.ca/newcarimages/en/cb6ab798baca942/Mercedes-Benz/Sprinter Crew Van/2026/2100/480574/Xdbdbdb/interior_driver_reat_seats.png'}]",90,KM,https://www.mercedes-benz-maple.ca/new/inventory/2026-Mercedes_Benz-Sprinter_Cargo_Van-id13976345.html,"2026 Mercedes-Benz Sprinter Crew Van 2500 High Roof I4 Diesel 170"" at Mercedes-Benz Maple",85547 CAD,New,White,Black,4804,Mercedes-Benz Maple,+1-905-585-9300,"{addr1: '9300 Jane St', city: 'Maple', region: 'Ontario', postal_code: 'L6A 0C5', country: 'CA'}",43.8344170000,-79.5341990000,,,,,https://www.mercedes-benz-maple.ca/privacy-policy.html,New,4804,In stock,,85547 CAD,Free,
W1Y4KCHY5TP927493,W1Y4KCHY5TP927493,26659461-new,Mercedes-Benz,Sprinter Crew Van,"2500 High Roof I4 Diesel 170""",2026,AUTOMATIC,VAN,GASOLINE,,"2026 Mercedes-Benz Sprinter Crew Van 2500 High Roof I4 Diesel 170"", White exterior","[{url:'https://carimages.d2cmedia.ca/newcarimages/en/cb6ab798baca942/Mercedes-Benz/Sprinter Crew Van/2026/1200/480574-MjUwMCBIaWdoIFJvb2YgSTQgRGllc2VsIDE3MA/XDBDBDB/front45.png'},{url:'https://carimages.d2cmedia.ca/newcarimages/en/cb6ab798baca942/Mercedes-Benz/Sprinter Crew Van/2026/1280/480574/Xdbdbdb/front_45_degree.png'},{url:'https://carimages.d2cmedia.ca/newcarimages/en/cb6ab798baca942/Mercedes-Benz/Sprinter Crew Van/2026/2100/480574/Xdbdbdb/front_45_degree.png'},{url:'https://carimages.d2cmedia.ca/newcarimages/en/cb6ab798baca942/Mercedes-Benz/Sprinter Crew Van/2026/2100/480574/Xdbdbdb/profile.png'},{url:'https://carimages.d2cmedia.ca/newcarimages/en/cb6ab798baca942/Mercedes-Benz/Sprinter Crew Van/2026/2100/480574/Xdbdbdb/back_45_degree.png'},{url:'https://carimages.d2cmedia.ca/newcarimages/en/cb6ab798baca942/Mercedes-Benz/Sprinter Crew Van/2026/2100/480574/Xdbdbdb/driver_dashboard.png'},{url:'https://carimages.d2cmedia.ca/newcarimages/en/cb6ab798baca942/Mercedes-Benz/Sprinter Crew Van/2026/2100/480574/Xdbdbdb/full_dashboard.png'},{url:'https://carimages.d2cmedia.ca/newcarimages/en/cb6ab798baca942/Mercedes-Benz/Sprinter Crew Van/2026/2100/480574/Xdbdbdb/interior_driver_open_seat.png'},{url:'https://carimages.d2cmedia.ca/newcarimages/en/cb6ab798baca942/Mercedes-Benz/Sprinter Crew Van/2026/2100/480574/Xdbdbdb/interior_driver_stereo.png'},{url:'https://carimages.d2cmedia.ca/newcarimages/en/cb6ab798baca942/Mercedes-Benz/Sprinter Crew Van/2026/2100/480574/Xdbdbdb/interior_driver_reat_seats.png'}]",90,KM,https://www.mercedes-benz-maple.ca/new/inventory/2026-Mercedes_Benz-Sprinter_Cargo_Van-id13996972.html,"2026 Mercedes-Benz Sprinter Crew Van 2500 High Roof I4 Diesel 170"" at Mercedes-Benz Maple",85547 CAD,New,White,Black,4804,Mercedes-Benz Maple,+1-905-585-9300,"{addr1: '9300 Jane St', city: 'Maple', region: 'Ontario', postal_code: 'L6A 0C5', country: 'CA'}",43.8344170000,-79.5341990000,,,,,https://www.mercedes-benz-maple.ca/privacy-policy.html,New,4804,In stock,,85547 CAD,Free,
W1Y4KCHY5TP901587,W1Y4KCHY5TP901587,26658738-new,Mercedes-Benz,Sprinter Crew Van,"2500 High Roof I4 Diesel 170""",2026,AUTOMATIC,VAN,GASOLINE,,"2026 Mercedes-Benz Sprinter Crew Van 2500 High Roof I4 Diesel 170"", White exterior","[{url:'https://carimages.d2cmedia.ca/newcarimages/en/cb6ab798baca942/Mercedes-Benz/Sprinter Crew Van/2026/1200/480574-MjUwMCBIaWdoIFJvb2YgSTQgRGllc2VsIDE3MA/XDBDBDB/front45.png'},{url:'https://carimages.d2cmedia.ca/newcarimages/en/cb6ab798baca942/Mercedes-Benz/Sprinter Crew Van/2026/1280/480574/Xdbdbdb/front_45_degree.png'},{url:'https://carimages.d2cmedia.ca/newcarimages/en/cb6ab798baca942/Mercedes-Benz/Sprinter Crew Van/2026/2100/480574/Xdbdbdb/front_45_degree.png'},{url:'https://carimages.d2cmedia.ca/newcarimages/en/cb6ab798baca942/Mercedes-Benz/Sprinter Crew Van/2026/2100/480574/Xdbdbdb/profile.png'},{url:'https://carimages.d2cmedia.ca/newcarimages/en/cb6ab798baca942/Mercedes-Benz/Sprinter Crew Van/2026/2100/480574/Xdbdbdb/back_45_degree.png'},{url:'https://carimages.d2cmedia.ca/newcarimages/en/cb6ab798baca942/Mercedes-Benz/Sprinter Crew Van/2026/2100/480574/Xdbdbdb/driver_dashboard.png'},{url:'https://carimages.d2cmedia.ca/newcarimages/en/cb6ab798baca942/Mercedes-Benz/Sprinter Crew Van/2026/2100/480574/Xdbdbdb/full_dashboard.png'},{url:'https://carimages.d2cmedia.ca/newcarimages/en/cb6ab798baca942/Mercedes-Benz/Sprinter Crew Van/2026/2100/480574/Xdbdbdb/interior_driver_open_seat.png'},{url:'https://carimages.d2cmedia.ca/newcarimages/en/cb6ab798baca942/Mercedes-Benz/Sprinter Crew Van/2026/2100/480574/Xdbdbdb/interior_driver_stereo.png'},{url:'https://carimages.d2cmedia.ca/newcarimages/en/cb6ab798baca942/Mercedes-Benz/Sprinter Crew Van/2026/2100/480574/Xdbdbdb/interior_driver_reat_seats.png'}]",90,KM,https://www.mercedes-benz-maple.ca/new/inventory/2026-Mercedes_Benz-Sprinter_Cargo_Van-id14057285.html,"2026 Mercedes-Benz Sprinter Crew Van 2500 High Roof I4 Diesel 170"" at Mercedes-Benz Maple",85547 CAD,New,White,Black,4804,Mercedes-Benz Maple,+1-905-585-9300,"{addr1: '9300 Jane St', city: 'Maple', region: 'Ontario', postal_code: 'L6A 0C5', country: 'CA'}",43.8344170000,-79.5341990000,,,,,https://www.mercedes-benz-maple.ca/privacy-policy.html,New,4804,In stock,,85547 CAD,Free,
W1Y4KCHYXTP939607,W1Y4KCHYXTP939607,26659859-new,Mercedes-Benz,Sprinter Crew Van,"2500 High Roof I4 Diesel 170""",2026,AUTOMATIC,VAN,GASOLINE,,"2026 Mercedes-Benz Sprinter Crew Van 2500 High Roof I4 Diesel 170"", White exterior","[{url:'https://carimages.d2cmedia.ca/newcarimages/en/cb6ab798baca942/Mercedes-Benz/Sprinter Crew Van/2026/1200/480574-MjUwMCBIaWdoIFJvb2YgSTQgRGllc2VsIDE3MA/XDBDBDB/front45.png'},{url:'https://carimages.d2cmedia.ca/newcarimages/en/cb6ab798baca942/Mercedes-Benz/Sprinter Crew Van/2026/1280/480574/Xdbdbdb/front_45_degree.png'},{url:'https://carimages.d2cmedia.ca/newcarimages/en/cb6ab798baca942/Mercedes-Benz/Sprinter Crew Van/2026/2100/480574/Xdbdbdb/front_45_degree.png'},{url:'https://carimages.d2cmedia.ca/newcarimages/en/cb6ab798baca942/Mercedes-Benz/Sprinter Crew Van/2026/2100/480574/Xdbdbdb/profile.png'},{url:'https://carimages.d2cmedia.ca/newcarimages/en/cb6ab798baca942/Mercedes-Benz/Sprinter Crew Van/2026/2100/480574/Xdbdbdb/back_45_degree.png'},{url:'https://carimages.d2cmedia.ca/newcarimages/en/cb6ab798baca942/Mercedes-Benz/Sprinter Crew Van/2026/2100/480574/Xdbdbdb/driver_dashboard.png'},{url:'https://carimages.d2cmedia.ca/newcarimages/en/cb6ab798baca942/Mercedes-Benz/Sprinter Crew Van/2026/2100/480574/Xdbdbdb/full_dashboard.png'},{url:'https://carimages.d2cmedia.ca/newcarimages/en/cb6ab798baca942/Mercedes-Benz/Sprinter Crew Van/2026/2100/480574/Xdbdbdb/interior_driver_open_seat.png'},{url:'https://carimages.d2cmedia.ca/newcarimages/en/cb6ab798baca942/Mercedes-Benz/Sprinter Crew Van/2026/2100/480574/Xdbdbdb/interior_driver_stereo.png'},{url:'https://carimages.d2cmedia.ca/newcarimages/en/cb6ab798baca942/Mercedes-Benz/Sprinter Crew Van/2026/2100/480574/Xdbdbdb/interior_driver_reat_seats.png'}]",90,KM,https://www.mercedes-benz-maple.ca/new/inventory/2026-Mercedes_Benz-Sprinter_Cargo_Van-id14107528.html,"2026 Mercedes-Benz Sprinter Crew Van 2500 High Roof I4 Diesel 170"" at Mercedes-Benz Maple",85547 CAD,New,White,Black,4804,Mercedes-Benz Maple,+1-905-585-9300,"{addr1: '9300 Jane St', city: 'Maple', region: 'Ontario', postal_code: 'L6A 0C5', country: 'CA'}",43.8344170000,-79.5341990000,,,,,https://www.mercedes-benz-maple.ca/privacy-policy.html,New,4804,In stock,,85547 CAD,Free,
W1Y4KCHY9TP953868,W1Y4KCHY9TP953868,26661299-new,Mercedes-Benz,Sprinter Crew Van,"2500 High Roof I4 Diesel 170""",2026,AUTOMATIC,VAN,GASOLINE,,"2026 Mercedes-Benz Sprinter Crew Van 2500 High Roof I4 Diesel 170"", White exterior","[{url:'https://carimages.d2cmedia.ca/newcarimages/en/cb6ab798baca942/Mercedes-Benz/Sprinter Crew Van/2026/1200/480574-MjUwMCBIaWdoIFJvb2YgSTQgRGllc2VsIDE3MA/XDBDBDB/front45.png'},{url:'https://carimages.d2cmedia.ca/newcarimages/en/cb6ab798baca942/Mercedes-Benz/Sprinter Crew Van/2026/1280/480574/Xdbdbdb/front_45_degree.png'},{url:'https://carimages.d2cmedia.ca/newcarimages/en/cb6ab798baca942/Mercedes-Benz/Sprinter Crew Van/2026/2100/480574/Xdbdbdb/front_45_degree.png'},{url:'https://carimages.d2cmedia.ca/newcarimages/en/cb6ab798baca942/Mercedes-Benz/Sprinter Crew Van/2026/2100/480574/Xdbdbdb/profile.png'},{url:'https://carimages.d2cmedia.ca/newcarimages/en/cb6ab798baca942/Mercedes-Benz/Sprinter Crew Van/2026/2100/480574/Xdbdbdb/back_45_degree.png'},{url:'https://carimages.d2cmedia.ca/newcarimages/en/cb6ab798baca942/Mercedes-Benz/Sprinter Crew Van/2026/2100/480574/Xdbdbdb/driver_dashboard.png'},{url:'https://carimages.d2cmedia.ca/newcarimages/en/cb6ab798baca942/Mercedes-Benz/Sprinter Crew Van/2026/2100/480574/Xdbdbdb/full_dashboard.png'},{url:'https://carimages.d2cmedia.ca/newcarimages/en/cb6ab798baca942/Mercedes-Benz/Sprinter Crew Van/2026/2100/480574/Xdbdbdb/interior_driver_open_seat.png'},{url:'https://carimages.d2cmedia.ca/newcarimages/en/cb6ab798baca942/Mercedes-Benz/Sprinter Crew Van/2026/2100/480574/Xdbdbdb/interior_driver_stereo.png'},{url:'https://carimages.d2cmedia.ca/newcarimages/en/cb6ab798baca942/Mercedes-Benz/Sprinter Crew Van/2026/2100/480574/Xdbdbdb/interior_driver_reat_seats.png'}]",90,KM,https://www.mercedes-benz-maple.ca/new/inventory/2026-Mercedes_Benz-Sprinter_Cargo_Van-id14270452.html,"2026 Mercedes-Benz Sprinter Crew Van 2500 High Roof I4 Diesel 170"" at Mercedes-Benz Maple",85547 CAD,New,White,Black,4804,Mercedes-Benz Maple,+1-905-585-9300,"{addr1: '9300 Jane St', city: 'Maple', region: 'Ontario', postal_code: 'L6A 0C5', country: 'CA'}",43.8344170000,-79.5341990000,,,,,https://www.mercedes-benz-maple.ca/privacy-policy.html,New,4804,In stock,,85547 CAD,Free,
W1Y4KCHY9TP906727,W1Y4KCHY9TP906727,26659020-new,Mercedes-Benz,Sprinter Crew Van,"2500 High Roof I4 Diesel 170""",2026,AUTOMATIC,VAN,GASOLINE,,"2026 Mercedes-Benz Sprinter Crew Van 2500 High Roof I4 Diesel 170"", White exterior","[{url:'https://carimages.d2cmedia.ca/newcarimages/en/cb6ab798baca942/Mercedes-Benz/Sprinter Crew Van/2026/1200/480574-MjUwMCBIaWdoIFJvb2YgSTQgRGllc2VsIDE3MA/XDBDBDB/front45.png'},{url:'https://carimages.d2cmedia.ca/newcarimages/en/cb6ab798baca942/Mercedes-Benz/Sprinter Crew Van/2026/1280/480574/Xdbdbdb/front_45_degree.png'},{url:'https://carimages.d2cmedia.ca/newcarimages/en/cb6ab798baca942/Mercedes-Benz/Sprinter Crew Van/2026/2100/480574/Xdbdbdb/front_45_degree.png'},{url:'https://carimages.d2cmedia.ca/newcarimages/en/cb6ab798baca942/Mercedes-Benz/Sprinter Crew Van/2026/2100/480574/Xdbdbdb/profile.png'},{url:'https://carimages.d2cmedia.ca/newcarimages/en/cb6ab798baca942/Mercedes-Benz/Sprinter Crew Van/2026/2100/480574/Xdbdbdb/back_45_degree.png'},{url:'https://carimages.d2cmedia.ca/newcarimages/en/cb6ab798baca942/Mercedes-Benz/Sprinter Crew Van/2026/2100/480574/Xdbdbdb/driver_dashboard.png'},{url:'https://carimages.d2cmedia.ca/newcarimages/en/cb6ab798baca942/Mercedes-Benz/Sprinter Crew Van/2026/2100/480574/Xdbdbdb/full_dashboard.png'},{url:'https://carimages.d2cmedia.ca/newcarimages/en/cb6ab798baca942/Mercedes-Benz/Sprinter Crew Van/2026/2100/480574/Xdbdbdb/interior_driver_open_seat.png'},{url:'https://carimages.d2cmedia.ca/newcarimages/en/cb6ab798baca942/Mercedes-Benz/Sprinter Crew Van/2026/2100/480574/Xdbdbdb/interior_driver_stereo.png'},{url:'https://carimages.d2cmedia.ca/newcarimages/en/cb6ab798baca942/Mercedes-Benz/Sprinter Crew Van/2026/2100/480574/Xdbdbdb/interior_driver_reat_seats.png'}]",90,KM,https://www.mercedes-benz-maple.ca/new/inventory/2026-Mercedes_Benz-Sprinter_Cargo_Van-id14416625.html,"2026 Mercedes-Benz Sprinter Crew Van 2500 High Roof I4 Diesel 170"" at Mercedes-Benz Maple",85547 CAD,New,White,Black,4804,Mercedes-Benz Maple,+1-905-585-9300,"{addr1: '9300 Jane St', city: 'Maple', region: 'Ontario', postal_code: 'L6A 0C5', country: 'CA'}",43.8344170000,-79.5341990000,,,,,https://www.mercedes-benz-maple.ca/privacy-policy.html,New,4804,In stock,,85547 CAD,Free,
