vehicle_id,vin,stock_number,make,model,trim,year,transmission,body_style,fuel_type,drivetrain,description,image,mileage.value,mileage.unit,url,title,price,state_of_vehicle,exterior_color,interior_color,dealer_id,dealer_name,dealer_phone,address,latitude,longitude,fb_page_id,features,vehicle_specifications,dealer_communication_channel,dealer_privacy_policy_url,custom_label_0,custom_label_1,custom_label_3,days_on_lot,sale_price,Sponsor,Range
2HGFE2F25TH110723,2HGFE2F25TH110723,261307-new,Honda,Civic Sedan,4dr Cvt Lx,2026,AUTOMATIC,SEDAN,GASOLINE,,"2026 Honda Civic Sedan 4dr Cvt Lx, Black exterior","[{url:'https://imagescdn.d2cmedia.ca/cb4e730648ad0275b4af5563bebcc8f025/2221/13705428/1/Honda-Civic Sedan-2026.jpg'},{url:'https://imagescdn.d2cmedia.ca/s84e730648ad0275b4af5563bebcc8f025/2221/13705428/1/Honda-Civic_Sedan-2026.jpg'},{url:'https://imagescdn.d2cmedia.ca/cb4e730648ad0275b4af5563bebcc8f025/2221/13705428/1/Honda-Civic_Sedan-2026.jpg'},{url:'https://imagescdn.d2cmedia.ca/cb4e730648ad0275b4af5563bebcc8f025/2221/13705428/2/Honda-Civic_Sedan-2026.jpg'},{url:'https://imagescdn.d2cmedia.ca/cb4e730648ad0275b4af5563bebcc8f025/2221/13705428/3/Honda-Civic_Sedan-2026.jpg'},{url:'https://imagescdn.d2cmedia.ca/cb4e730648ad0275b4af5563bebcc8f025/2221/13705428/4/Honda-Civic_Sedan-2026.jpg'},{url:'https://imagescdn.d2cmedia.ca/cb4e730648ad0275b4af5563bebcc8f025/2221/13705428/5/Honda-Civic_Sedan-2026.jpg'},{url:'https://imagescdn.d2cmedia.ca/cb4e730648ad0275b4af5563bebcc8f025/2221/13705428/6/Honda-Civic_Sedan-2026.jpg'},{url:'https://imagescdn.d2cmedia.ca/cb4e730648ad0275b4af5563bebcc8f025/2221/13705428/7/Honda-Civic_Sedan-2026.jpg'},{url:'https://imagescdn.d2cmedia.ca/cb4e730648ad0275b4af5563bebcc8f025/2221/13705428/8/Honda-Civic_Sedan-2026.jpg'}]",0,KM,https://www.number7honda.com/new/inventory/2026-Honda-Civic_Sedan-id13705428.html,2026 Honda Civic Sedan 4dr Cvt Lx at Number 7 Honda,31966 CAD,New,Black,,2221,Number 7 Honda,+1-905-851-2258,"{addr1: '5555 Highway 7 W', city: 'Woodbridge', region: 'Ontario', postal_code: 'L4L 1T5', country: 'CA'}",43.7900000000,-79.5980000000,,,,,https://www.number7honda.com/privacy-policy.html,New,2221,In stock,,31966 CAD,Free,
2HGFE2F29TH110742,2HGFE2F29TH110742,261309-new,Honda,Civic Sedan,4dr Cvt Lx,2026,AUTOMATIC,SEDAN,GASOLINE,,"2026 Honda Civic Sedan 4dr Cvt Lx, Black exterior","[{url:'https://imagescdn.d2cmedia.ca/cb7a81b9ac2426038ddf2e761ef322034f/2221/13705430/1/Honda-Civic Sedan-2026.jpg'},{url:'https://imagescdn.d2cmedia.ca/s87a81b9ac2426038ddf2e761ef322034f/2221/13705430/1/Honda-Civic_Sedan-2026.jpg'},{url:'https://imagescdn.d2cmedia.ca/cb7a81b9ac2426038ddf2e761ef322034f/2221/13705430/1/Honda-Civic_Sedan-2026.jpg'},{url:'https://imagescdn.d2cmedia.ca/cb7a81b9ac2426038ddf2e761ef322034f/2221/13705430/2/Honda-Civic_Sedan-2026.jpg'},{url:'https://imagescdn.d2cmedia.ca/cb7a81b9ac2426038ddf2e761ef322034f/2221/13705430/3/Honda-Civic_Sedan-2026.jpg'},{url:'https://imagescdn.d2cmedia.ca/cb7a81b9ac2426038ddf2e761ef322034f/2221/13705430/4/Honda-Civic_Sedan-2026.jpg'},{url:'https://imagescdn.d2cmedia.ca/cb7a81b9ac2426038ddf2e761ef322034f/2221/13705430/5/Honda-Civic_Sedan-2026.jpg'},{url:'https://imagescdn.d2cmedia.ca/cb7a81b9ac2426038ddf2e761ef322034f/2221/13705430/6/Honda-Civic_Sedan-2026.jpg'},{url:'https://imagescdn.d2cmedia.ca/cb7a81b9ac2426038ddf2e761ef322034f/2221/13705430/7/Honda-Civic_Sedan-2026.jpg'},{url:'https://imagescdn.d2cmedia.ca/cb7a81b9ac2426038ddf2e761ef322034f/2221/13705430/8/Honda-Civic_Sedan-2026.jpg'}]",0,KM,https://www.number7honda.com/new/inventory/2026-Honda-Civic_Sedan-id13705430.html,2026 Honda Civic Sedan 4dr Cvt Lx at Number 7 Honda,31966 CAD,New,Black,,2221,Number 7 Honda,+1-905-851-2258,"{addr1: '5555 Highway 7 W', city: 'Woodbridge', region: 'Ontario', postal_code: 'L4L 1T5', country: 'CA'}",43.7900000000,-79.5980000000,,,,,https://www.number7honda.com/privacy-policy.html,New,2221,In stock,,31966 CAD,Free,
2HGFE2F26TH110746,2HGFE2F26TH110746,261310-new,Honda,Civic Sedan,4dr Cvt Lx,2026,AUTOMATIC,SEDAN,GASOLINE,,"2026 Honda Civic Sedan 4dr Cvt Lx, Black exterior","[{url:'https://imagescdn.d2cmedia.ca/cb1575d15e72d872127a2bfb299f738557/2221/13705431/1/Honda-Civic Sedan-2026.jpg'},{url:'https://imagescdn.d2cmedia.ca/s81575d15e72d872127a2bfb299f738557/2221/13705431/1/Honda-Civic_Sedan-2026.jpg'},{url:'https://imagescdn.d2cmedia.ca/cb1575d15e72d872127a2bfb299f738557/2221/13705431/1/Honda-Civic_Sedan-2026.jpg'},{url:'https://imagescdn.d2cmedia.ca/cb1575d15e72d872127a2bfb299f738557/2221/13705431/2/Honda-Civic_Sedan-2026.jpg'},{url:'https://imagescdn.d2cmedia.ca/cb1575d15e72d872127a2bfb299f738557/2221/13705431/3/Honda-Civic_Sedan-2026.jpg'},{url:'https://imagescdn.d2cmedia.ca/cb1575d15e72d872127a2bfb299f738557/2221/13705431/4/Honda-Civic_Sedan-2026.jpg'},{url:'https://imagescdn.d2cmedia.ca/cb1575d15e72d872127a2bfb299f738557/2221/13705431/5/Honda-Civic_Sedan-2026.jpg'},{url:'https://imagescdn.d2cmedia.ca/cb1575d15e72d872127a2bfb299f738557/2221/13705431/6/Honda-Civic_Sedan-2026.jpg'},{url:'https://imagescdn.d2cmedia.ca/cb1575d15e72d872127a2bfb299f738557/2221/13705431/7/Honda-Civic_Sedan-2026.jpg'},{url:'https://imagescdn.d2cmedia.ca/cb1575d15e72d872127a2bfb299f738557/2221/13705431/8/Honda-Civic_Sedan-2026.jpg'}]",0,KM,https://www.number7honda.com/new/inventory/2026-Honda-Civic_Sedan-id13705431.html,2026 Honda Civic Sedan 4dr Cvt Lx at Number 7 Honda,31966 CAD,New,Black,,2221,Number 7 Honda,+1-905-851-2258,"{addr1: '5555 Highway 7 W', city: 'Woodbridge', region: 'Ontario', postal_code: 'L4L 1T5', country: 'CA'}",43.7900000000,-79.5980000000,,,,,https://www.number7honda.com/privacy-policy.html,New,2221,In stock,,31966 CAD,Free,
2HGFE2F24TH111054,2HGFE2F24TH111054,261384-new,Honda,Civic Sedan,4dr Cvt Lx,2026,AUTOMATIC,SEDAN,GASOLINE,,"2026 Honda Civic Sedan 4dr Cvt Lx, White exterior","[{url:'https://imagescdn.d2cmedia.ca/cbd6f089bf0cbbb146dfdeb653b11d9a07/2221/13747117/1/Honda-Civic Sedan-2026.jpg'},{url:'https://imagescdn.d2cmedia.ca/s8d6f089bf0cbbb146dfdeb653b11d9a07/2221/13747117/1/Honda-Civic_Sedan-2026.jpg'},{url:'https://imagescdn.d2cmedia.ca/cbd6f089bf0cbbb146dfdeb653b11d9a07/2221/13747117/1/Honda-Civic_Sedan-2026.jpg'},{url:'https://imagescdn.d2cmedia.ca/cbd6f089bf0cbbb146dfdeb653b11d9a07/2221/13747117/2/Honda-Civic_Sedan-2026.jpg'},{url:'https://imagescdn.d2cmedia.ca/cbd6f089bf0cbbb146dfdeb653b11d9a07/2221/13747117/3/Honda-Civic_Sedan-2026.jpg'},{url:'https://imagescdn.d2cmedia.ca/cbd6f089bf0cbbb146dfdeb653b11d9a07/2221/13747117/4/Honda-Civic_Sedan-2026.jpg'},{url:'https://imagescdn.d2cmedia.ca/cbd6f089bf0cbbb146dfdeb653b11d9a07/2221/13747117/5/Honda-Civic_Sedan-2026.jpg'},{url:'https://imagescdn.d2cmedia.ca/cbd6f089bf0cbbb146dfdeb653b11d9a07/2221/13747117/6/Honda-Civic_Sedan-2026.jpg'},{url:'https://imagescdn.d2cmedia.ca/cbd6f089bf0cbbb146dfdeb653b11d9a07/2221/13747117/7/Honda-Civic_Sedan-2026.jpg'},{url:'https://imagescdn.d2cmedia.ca/cbd6f089bf0cbbb146dfdeb653b11d9a07/2221/13747117/8/Honda-Civic_Sedan-2026.jpg'}]",0,KM,https://www.number7honda.com/new/inventory/2026-Honda-Civic_Sedan-id13747117.html,2026 Honda Civic Sedan 4dr Cvt Lx at Number 7 Honda,31966 CAD,New,White,,2221,Number 7 Honda,+1-905-851-2258,"{addr1: '5555 Highway 7 W', city: 'Woodbridge', region: 'Ontario', postal_code: 'L4L 1T5', country: 'CA'}",43.7900000000,-79.5980000000,,,,,https://www.number7honda.com/privacy-policy.html,New,2221,In stock,,31966 CAD,Free,
2HGFE2F2XTH113715,2HGFE2F2XTH113715,261608-new,Honda,Civic Sedan,4dr Cvt Lx,2026,AUTOMATIC,SEDAN,GASOLINE,,"2026 Honda Civic Sedan 4dr Cvt Lx, White exterior","[{url:'https://imagescdn.d2cmedia.ca/cb7cb93f84957802c9b0376c4d0028efc9/2221/13911680/1/Honda-Civic Sedan-2026.jpg'},{url:'https://imagescdn.d2cmedia.ca/s87cb93f84957802c9b0376c4d0028efc9/2221/13911680/1/Honda-Civic_Sedan-2026.jpg'},{url:'https://imagescdn.d2cmedia.ca/cb7cb93f84957802c9b0376c4d0028efc9/2221/13911680/1/Honda-Civic_Sedan-2026.jpg'},{url:'https://imagescdn.d2cmedia.ca/cb7cb93f84957802c9b0376c4d0028efc9/2221/13911680/2/Honda-Civic_Sedan-2026.jpg'},{url:'https://imagescdn.d2cmedia.ca/cb7cb93f84957802c9b0376c4d0028efc9/2221/13911680/3/Honda-Civic_Sedan-2026.jpg'},{url:'https://imagescdn.d2cmedia.ca/cb7cb93f84957802c9b0376c4d0028efc9/2221/13911680/4/Honda-Civic_Sedan-2026.jpg'},{url:'https://imagescdn.d2cmedia.ca/cb7cb93f84957802c9b0376c4d0028efc9/2221/13911680/5/Honda-Civic_Sedan-2026.jpg'},{url:'https://imagescdn.d2cmedia.ca/cb7cb93f84957802c9b0376c4d0028efc9/2221/13911680/6/Honda-Civic_Sedan-2026.jpg'},{url:'https://imagescdn.d2cmedia.ca/cb7cb93f84957802c9b0376c4d0028efc9/2221/13911680/7/Honda-Civic_Sedan-2026.jpg'},{url:'https://imagescdn.d2cmedia.ca/cb7cb93f84957802c9b0376c4d0028efc9/2221/13911680/8/Honda-Civic_Sedan-2026.jpg'}]",20,KM,https://www.number7honda.com/new/inventory/2026-Honda-Civic_Sedan-id13911680.html,2026 Honda Civic Sedan 4dr Cvt Lx at Number 7 Honda,31966 CAD,New,White,,2221,Number 7 Honda,+1-905-851-2258,"{addr1: '5555 Highway 7 W', city: 'Woodbridge', region: 'Ontario', postal_code: 'L4L 1T5', country: 'CA'}",43.7900000000,-79.5980000000,,,,,https://www.number7honda.com/privacy-policy.html,New,2221,In stock,,31966 CAD,Free,
2HGFE2F23TH113734,2HGFE2F23TH113734,261609-new,Honda,Civic Sedan,4dr Cvt Lx,2026,AUTOMATIC,SEDAN,GASOLINE,,"2026 Honda Civic Sedan 4dr Cvt Lx, White exterior","[{url:'https://imagescdn.d2cmedia.ca/cb5550d6e72226971e909615bd42004c62/2221/13911681/1/Honda-Civic Sedan-2026.jpg'},{url:'https://imagescdn.d2cmedia.ca/s85550d6e72226971e909615bd42004c62/2221/13911681/1/Honda-Civic_Sedan-2026.jpg'},{url:'https://imagescdn.d2cmedia.ca/cb5550d6e72226971e909615bd42004c62/2221/13911681/1/Honda-Civic_Sedan-2026.jpg'},{url:'https://imagescdn.d2cmedia.ca/cb5550d6e72226971e909615bd42004c62/2221/13911681/2/Honda-Civic_Sedan-2026.jpg'},{url:'https://imagescdn.d2cmedia.ca/cb5550d6e72226971e909615bd42004c62/2221/13911681/3/Honda-Civic_Sedan-2026.jpg'},{url:'https://imagescdn.d2cmedia.ca/cb5550d6e72226971e909615bd42004c62/2221/13911681/4/Honda-Civic_Sedan-2026.jpg'},{url:'https://imagescdn.d2cmedia.ca/cb5550d6e72226971e909615bd42004c62/2221/13911681/5/Honda-Civic_Sedan-2026.jpg'},{url:'https://imagescdn.d2cmedia.ca/cb5550d6e72226971e909615bd42004c62/2221/13911681/6/Honda-Civic_Sedan-2026.jpg'},{url:'https://imagescdn.d2cmedia.ca/cb5550d6e72226971e909615bd42004c62/2221/13911681/7/Honda-Civic_Sedan-2026.jpg'},{url:'https://imagescdn.d2cmedia.ca/cb5550d6e72226971e909615bd42004c62/2221/13911681/8/Honda-Civic_Sedan-2026.jpg'}]",20,KM,https://www.number7honda.com/new/inventory/2026-Honda-Civic_Sedan-id13911681.html,2026 Honda Civic Sedan 4dr Cvt Lx at Number 7 Honda,31966 CAD,New,White,,2221,Number 7 Honda,+1-905-851-2258,"{addr1: '5555 Highway 7 W', city: 'Woodbridge', region: 'Ontario', postal_code: 'L4L 1T5', country: 'CA'}",43.7900000000,-79.5980000000,,,,,https://www.number7honda.com/privacy-policy.html,New,2221,In stock,,31966 CAD,Free,
2HGFE2F20TH113741,2HGFE2F20TH113741,261610-new,Honda,Civic Sedan,4dr Cvt Lx,2026,AUTOMATIC,SEDAN,GASOLINE,,"2026 Honda Civic Sedan 4dr Cvt Lx, White exterior","[{url:'https://imagescdn.d2cmedia.ca/cbcd3676e7d30d6e4a0fecf0a202d582c4/2221/13911682/1/Honda-Civic Sedan-2026.jpg'},{url:'https://imagescdn.d2cmedia.ca/s8cd3676e7d30d6e4a0fecf0a202d582c4/2221/13911682/1/Honda-Civic_Sedan-2026.jpg'},{url:'https://imagescdn.d2cmedia.ca/cbcd3676e7d30d6e4a0fecf0a202d582c4/2221/13911682/1/Honda-Civic_Sedan-2026.jpg'},{url:'https://imagescdn.d2cmedia.ca/cbcd3676e7d30d6e4a0fecf0a202d582c4/2221/13911682/2/Honda-Civic_Sedan-2026.jpg'},{url:'https://imagescdn.d2cmedia.ca/cbcd3676e7d30d6e4a0fecf0a202d582c4/2221/13911682/3/Honda-Civic_Sedan-2026.jpg'},{url:'https://imagescdn.d2cmedia.ca/cbcd3676e7d30d6e4a0fecf0a202d582c4/2221/13911682/4/Honda-Civic_Sedan-2026.jpg'},{url:'https://imagescdn.d2cmedia.ca/cbcd3676e7d30d6e4a0fecf0a202d582c4/2221/13911682/5/Honda-Civic_Sedan-2026.jpg'},{url:'https://imagescdn.d2cmedia.ca/cbcd3676e7d30d6e4a0fecf0a202d582c4/2221/13911682/6/Honda-Civic_Sedan-2026.jpg'},{url:'https://imagescdn.d2cmedia.ca/cbcd3676e7d30d6e4a0fecf0a202d582c4/2221/13911682/7/Honda-Civic_Sedan-2026.jpg'},{url:'https://imagescdn.d2cmedia.ca/cbcd3676e7d30d6e4a0fecf0a202d582c4/2221/13911682/8/Honda-Civic_Sedan-2026.jpg'}]",20,KM,https://www.number7honda.com/new/inventory/2026-Honda-Civic_Sedan-id13911682.html,2026 Honda Civic Sedan 4dr Cvt Lx at Number 7 Honda,31966 CAD,New,White,,2221,Number 7 Honda,+1-905-851-2258,"{addr1: '5555 Highway 7 W', city: 'Woodbridge', region: 'Ontario', postal_code: 'L4L 1T5', country: 'CA'}",43.7900000000,-79.5980000000,,,,,https://www.number7honda.com/privacy-policy.html,New,2221,In stock,,31966 CAD,Free,
2HGFE2F21TH113697,2HGFE2F21TH113697,261611-new,Honda,Civic Sedan,4dr Cvt Lx,2026,AUTOMATIC,SEDAN,GASOLINE,,"2026 Honda Civic Sedan 4dr Cvt Lx, White exterior","[{url:'https://imagescdn.d2cmedia.ca/cb1538249735078864e89d871c64b40f1c/2221/13911683/1/Honda-Civic Sedan-2026.jpg'},{url:'https://imagescdn.d2cmedia.ca/s81538249735078864e89d871c64b40f1c/2221/13911683/1/Honda-Civic_Sedan-2026.jpg'},{url:'https://imagescdn.d2cmedia.ca/cb1538249735078864e89d871c64b40f1c/2221/13911683/1/Honda-Civic_Sedan-2026.jpg'},{url:'https://imagescdn.d2cmedia.ca/cb1538249735078864e89d871c64b40f1c/2221/13911683/2/Honda-Civic_Sedan-2026.jpg'},{url:'https://imagescdn.d2cmedia.ca/cb1538249735078864e89d871c64b40f1c/2221/13911683/3/Honda-Civic_Sedan-2026.jpg'},{url:'https://imagescdn.d2cmedia.ca/cb1538249735078864e89d871c64b40f1c/2221/13911683/4/Honda-Civic_Sedan-2026.jpg'},{url:'https://imagescdn.d2cmedia.ca/cb1538249735078864e89d871c64b40f1c/2221/13911683/5/Honda-Civic_Sedan-2026.jpg'},{url:'https://imagescdn.d2cmedia.ca/cb1538249735078864e89d871c64b40f1c/2221/13911683/6/Honda-Civic_Sedan-2026.jpg'},{url:'https://imagescdn.d2cmedia.ca/cb1538249735078864e89d871c64b40f1c/2221/13911683/7/Honda-Civic_Sedan-2026.jpg'},{url:'https://imagescdn.d2cmedia.ca/cb1538249735078864e89d871c64b40f1c/2221/13911683/8/Honda-Civic_Sedan-2026.jpg'}]",20,KM,https://www.number7honda.com/new/inventory/2026-Honda-Civic_Sedan-id13911683.html,2026 Honda Civic Sedan 4dr Cvt Lx at Number 7 Honda,31966 CAD,New,White,,2221,Number 7 Honda,+1-905-851-2258,"{addr1: '5555 Highway 7 W', city: 'Woodbridge', region: 'Ontario', postal_code: 'L4L 1T5', country: 'CA'}",43.7900000000,-79.5980000000,,,,,https://www.number7honda.com/privacy-policy.html,New,2221,In stock,,31966 CAD,Free,
2HGFE2F27TH113736,2HGFE2F27TH113736,261612-new,Honda,Civic Sedan,4dr Cvt Lx,2026,AUTOMATIC,SEDAN,GASOLINE,,"2026 Honda Civic Sedan 4dr Cvt Lx, White exterior","[{url:'https://imagescdn.d2cmedia.ca/cb1c89cc4985a335c0f5a0484a29c40f2f/2221/13911684/1/Honda-Civic Sedan-2026.jpg'},{url:'https://imagescdn.d2cmedia.ca/s81c89cc4985a335c0f5a0484a29c40f2f/2221/13911684/1/Honda-Civic_Sedan-2026.jpg'},{url:'https://imagescdn.d2cmedia.ca/cb1c89cc4985a335c0f5a0484a29c40f2f/2221/13911684/1/Honda-Civic_Sedan-2026.jpg'},{url:'https://imagescdn.d2cmedia.ca/cb1c89cc4985a335c0f5a0484a29c40f2f/2221/13911684/2/Honda-Civic_Sedan-2026.jpg'},{url:'https://imagescdn.d2cmedia.ca/cb1c89cc4985a335c0f5a0484a29c40f2f/2221/13911684/3/Honda-Civic_Sedan-2026.jpg'},{url:'https://imagescdn.d2cmedia.ca/cb1c89cc4985a335c0f5a0484a29c40f2f/2221/13911684/4/Honda-Civic_Sedan-2026.jpg'},{url:'https://imagescdn.d2cmedia.ca/cb1c89cc4985a335c0f5a0484a29c40f2f/2221/13911684/5/Honda-Civic_Sedan-2026.jpg'},{url:'https://imagescdn.d2cmedia.ca/cb1c89cc4985a335c0f5a0484a29c40f2f/2221/13911684/6/Honda-Civic_Sedan-2026.jpg'},{url:'https://imagescdn.d2cmedia.ca/cb1c89cc4985a335c0f5a0484a29c40f2f/2221/13911684/7/Honda-Civic_Sedan-2026.jpg'},{url:'https://imagescdn.d2cmedia.ca/cb1c89cc4985a335c0f5a0484a29c40f2f/2221/13911684/8/Honda-Civic_Sedan-2026.jpg'}]",20,KM,https://www.number7honda.com/new/inventory/2026-Honda-Civic_Sedan-id13911684.html,2026 Honda Civic Sedan 4dr Cvt Lx at Number 7 Honda,31966 CAD,New,White,,2221,Number 7 Honda,+1-905-851-2258,"{addr1: '5555 Highway 7 W', city: 'Woodbridge', region: 'Ontario', postal_code: 'L4L 1T5', country: 'CA'}",43.7900000000,-79.5980000000,,,,,https://www.number7honda.com/privacy-policy.html,New,2221,In stock,,31966 CAD,Free,
2HGFE2F27TH113607,2HGFE2F27TH113607,261613-new,Honda,Civic Sedan,4dr Cvt Lx,2026,AUTOMATIC,SEDAN,GASOLINE,,"2026 Honda Civic Sedan 4dr Cvt Lx, Black exterior","[{url:'https://imagescdn.d2cmedia.ca/cb921c74c0b1c5e559343e6d355313ac02/2221/13911685/1/Honda-Civic Sedan-2026.jpg'},{url:'https://imagescdn.d2cmedia.ca/s8921c74c0b1c5e559343e6d355313ac02/2221/13911685/1/Honda-Civic_Sedan-2026.jpg'},{url:'https://imagescdn.d2cmedia.ca/cb921c74c0b1c5e559343e6d355313ac02/2221/13911685/1/Honda-Civic_Sedan-2026.jpg'},{url:'https://imagescdn.d2cmedia.ca/cb921c74c0b1c5e559343e6d355313ac02/2221/13911685/2/Honda-Civic_Sedan-2026.jpg'},{url:'https://imagescdn.d2cmedia.ca/cb921c74c0b1c5e559343e6d355313ac02/2221/13911685/3/Honda-Civic_Sedan-2026.jpg'},{url:'https://imagescdn.d2cmedia.ca/cb921c74c0b1c5e559343e6d355313ac02/2221/13911685/4/Honda-Civic_Sedan-2026.jpg'},{url:'https://imagescdn.d2cmedia.ca/cb921c74c0b1c5e559343e6d355313ac02/2221/13911685/5/Honda-Civic_Sedan-2026.jpg'},{url:'https://imagescdn.d2cmedia.ca/cb921c74c0b1c5e559343e6d355313ac02/2221/13911685/6/Honda-Civic_Sedan-2026.jpg'},{url:'https://imagescdn.d2cmedia.ca/cb921c74c0b1c5e559343e6d355313ac02/2221/13911685/7/Honda-Civic_Sedan-2026.jpg'},{url:'https://imagescdn.d2cmedia.ca/cb921c74c0b1c5e559343e6d355313ac02/2221/13911685/8/Honda-Civic_Sedan-2026.jpg'}]",20,KM,https://www.number7honda.com/new/inventory/2026-Honda-Civic_Sedan-id13911685.html,2026 Honda Civic Sedan 4dr Cvt Lx at Number 7 Honda,31966 CAD,New,Black,,2221,Number 7 Honda,+1-905-851-2258,"{addr1: '5555 Highway 7 W', city: 'Woodbridge', region: 'Ontario', postal_code: 'L4L 1T5', country: 'CA'}",43.7900000000,-79.5980000000,,,,,https://www.number7honda.com/privacy-policy.html,New,2221,In stock,,31966 CAD,Free,
2HGFE2F27TH113610,2HGFE2F27TH113610,261614-new,Honda,Civic Sedan,4dr Cvt Lx,2026,AUTOMATIC,SEDAN,GASOLINE,,"2026 Honda Civic Sedan 4dr Cvt Lx, Black exterior","[{url:'https://imagescdn.d2cmedia.ca/cb07dcb3932db15b8068ad8ac5bd584b40/2221/13911686/1/Honda-Civic Sedan-2026.jpg'},{url:'https://imagescdn.d2cmedia.ca/s807dcb3932db15b8068ad8ac5bd584b40/2221/13911686/1/Honda-Civic_Sedan-2026.jpg'},{url:'https://imagescdn.d2cmedia.ca/cb07dcb3932db15b8068ad8ac5bd584b40/2221/13911686/1/Honda-Civic_Sedan-2026.jpg'},{url:'https://imagescdn.d2cmedia.ca/cb07dcb3932db15b8068ad8ac5bd584b40/2221/13911686/2/Honda-Civic_Sedan-2026.jpg'},{url:'https://imagescdn.d2cmedia.ca/cb07dcb3932db15b8068ad8ac5bd584b40/2221/13911686/3/Honda-Civic_Sedan-2026.jpg'},{url:'https://imagescdn.d2cmedia.ca/cb07dcb3932db15b8068ad8ac5bd584b40/2221/13911686/4/Honda-Civic_Sedan-2026.jpg'},{url:'https://imagescdn.d2cmedia.ca/cb07dcb3932db15b8068ad8ac5bd584b40/2221/13911686/5/Honda-Civic_Sedan-2026.jpg'},{url:'https://imagescdn.d2cmedia.ca/cb07dcb3932db15b8068ad8ac5bd584b40/2221/13911686/6/Honda-Civic_Sedan-2026.jpg'},{url:'https://imagescdn.d2cmedia.ca/cb07dcb3932db15b8068ad8ac5bd584b40/2221/13911686/7/Honda-Civic_Sedan-2026.jpg'},{url:'https://imagescdn.d2cmedia.ca/cb07dcb3932db15b8068ad8ac5bd584b40/2221/13911686/8/Honda-Civic_Sedan-2026.jpg'}]",20,KM,https://www.number7honda.com/new/inventory/2026-Honda-Civic_Sedan-id13911686.html,2026 Honda Civic Sedan 4dr Cvt Lx at Number 7 Honda,31966 CAD,New,Black,,2221,Number 7 Honda,+1-905-851-2258,"{addr1: '5555 Highway 7 W', city: 'Woodbridge', region: 'Ontario', postal_code: 'L4L 1T5', country: 'CA'}",43.7900000000,-79.5980000000,,,,,https://www.number7honda.com/privacy-policy.html,New,2221,In stock,,31966 CAD,Free,
2HGFE2F29TH113611,2HGFE2F29TH113611,261615-new,Honda,Civic Sedan,4dr Cvt Lx,2026,AUTOMATIC,SEDAN,GASOLINE,,"2026 Honda Civic Sedan 4dr Cvt Lx, Black exterior","[{url:'https://imagescdn.d2cmedia.ca/cb4857289af8f4df36e42ee71b6143fa69/2221/13911687/1/Honda-Civic Sedan-2026.jpg'},{url:'https://imagescdn.d2cmedia.ca/s84857289af8f4df36e42ee71b6143fa69/2221/13911687/1/Honda-Civic_Sedan-2026.jpg'},{url:'https://imagescdn.d2cmedia.ca/cb4857289af8f4df36e42ee71b6143fa69/2221/13911687/1/Honda-Civic_Sedan-2026.jpg'},{url:'https://imagescdn.d2cmedia.ca/cb4857289af8f4df36e42ee71b6143fa69/2221/13911687/2/Honda-Civic_Sedan-2026.jpg'},{url:'https://imagescdn.d2cmedia.ca/cb4857289af8f4df36e42ee71b6143fa69/2221/13911687/3/Honda-Civic_Sedan-2026.jpg'},{url:'https://imagescdn.d2cmedia.ca/cb4857289af8f4df36e42ee71b6143fa69/2221/13911687/4/Honda-Civic_Sedan-2026.jpg'},{url:'https://imagescdn.d2cmedia.ca/cb4857289af8f4df36e42ee71b6143fa69/2221/13911687/5/Honda-Civic_Sedan-2026.jpg'},{url:'https://imagescdn.d2cmedia.ca/cb4857289af8f4df36e42ee71b6143fa69/2221/13911687/6/Honda-Civic_Sedan-2026.jpg'},{url:'https://imagescdn.d2cmedia.ca/cb4857289af8f4df36e42ee71b6143fa69/2221/13911687/7/Honda-Civic_Sedan-2026.jpg'},{url:'https://imagescdn.d2cmedia.ca/cb4857289af8f4df36e42ee71b6143fa69/2221/13911687/8/Honda-Civic_Sedan-2026.jpg'}]",20,KM,https://www.number7honda.com/new/inventory/2026-Honda-Civic_Sedan-id13911687.html,2026 Honda Civic Sedan 4dr Cvt Lx at Number 7 Honda,31966 CAD,New,Black,,2221,Number 7 Honda,+1-905-851-2258,"{addr1: '5555 Highway 7 W', city: 'Woodbridge', region: 'Ontario', postal_code: 'L4L 1T5', country: 'CA'}",43.7900000000,-79.5980000000,,,,,https://www.number7honda.com/privacy-policy.html,New,2221,In stock,,31966 CAD,Free,
2HGFE2F28TH113745,2HGFE2F28TH113745,261616-new,Honda,Civic Sedan,4dr Cvt Lx,2026,AUTOMATIC,SEDAN,GASOLINE,,"2026 Honda Civic Sedan 4dr Cvt Lx, White exterior","[{url:'https://imagescdn.d2cmedia.ca/cbc5ce5021473be8f9d8c80234e3348283/2221/13911688/1/Honda-Civic Sedan-2026.jpg'},{url:'https://imagescdn.d2cmedia.ca/s8c5ce5021473be8f9d8c80234e3348283/2221/13911688/1/Honda-Civic_Sedan-2026.jpg'},{url:'https://imagescdn.d2cmedia.ca/cbc5ce5021473be8f9d8c80234e3348283/2221/13911688/1/Honda-Civic_Sedan-2026.jpg'},{url:'https://imagescdn.d2cmedia.ca/cbc5ce5021473be8f9d8c80234e3348283/2221/13911688/2/Honda-Civic_Sedan-2026.jpg'},{url:'https://imagescdn.d2cmedia.ca/cbc5ce5021473be8f9d8c80234e3348283/2221/13911688/3/Honda-Civic_Sedan-2026.jpg'},{url:'https://imagescdn.d2cmedia.ca/cbc5ce5021473be8f9d8c80234e3348283/2221/13911688/4/Honda-Civic_Sedan-2026.jpg'},{url:'https://imagescdn.d2cmedia.ca/cbc5ce5021473be8f9d8c80234e3348283/2221/13911688/5/Honda-Civic_Sedan-2026.jpg'},{url:'https://imagescdn.d2cmedia.ca/cbc5ce5021473be8f9d8c80234e3348283/2221/13911688/6/Honda-Civic_Sedan-2026.jpg'},{url:'https://imagescdn.d2cmedia.ca/cbc5ce5021473be8f9d8c80234e3348283/2221/13911688/7/Honda-Civic_Sedan-2026.jpg'},{url:'https://imagescdn.d2cmedia.ca/cbc5ce5021473be8f9d8c80234e3348283/2221/13911688/8/Honda-Civic_Sedan-2026.jpg'}]",20,KM,https://www.number7honda.com/new/inventory/2026-Honda-Civic_Sedan-id13911688.html,2026 Honda Civic Sedan 4dr Cvt Lx at Number 7 Honda,31966 CAD,New,White,,2221,Number 7 Honda,+1-905-851-2258,"{addr1: '5555 Highway 7 W', city: 'Woodbridge', region: 'Ontario', postal_code: 'L4L 1T5', country: 'CA'}",43.7900000000,-79.5980000000,,,,,https://www.number7honda.com/privacy-policy.html,New,2221,In stock,,31966 CAD,Free,
2HGFE2F29TH113625,2HGFE2F29TH113625,261617-new,Honda,Civic Sedan,4dr Cvt Lx,2026,AUTOMATIC,SEDAN,GASOLINE,,"2026 Honda Civic Sedan 4dr Cvt Lx, Black exterior","[{url:'https://imagescdn.d2cmedia.ca/cbc197d4d974386f49aa9edc9f1456046e/2221/13911689/1/Honda-Civic Sedan-2026.jpg'},{url:'https://imagescdn.d2cmedia.ca/s8c197d4d974386f49aa9edc9f1456046e/2221/13911689/1/Honda-Civic_Sedan-2026.jpg'},{url:'https://imagescdn.d2cmedia.ca/cbc197d4d974386f49aa9edc9f1456046e/2221/13911689/1/Honda-Civic_Sedan-2026.jpg'},{url:'https://imagescdn.d2cmedia.ca/cbc197d4d974386f49aa9edc9f1456046e/2221/13911689/2/Honda-Civic_Sedan-2026.jpg'},{url:'https://imagescdn.d2cmedia.ca/cbc197d4d974386f49aa9edc9f1456046e/2221/13911689/3/Honda-Civic_Sedan-2026.jpg'},{url:'https://imagescdn.d2cmedia.ca/cbc197d4d974386f49aa9edc9f1456046e/2221/13911689/4/Honda-Civic_Sedan-2026.jpg'},{url:'https://imagescdn.d2cmedia.ca/cbc197d4d974386f49aa9edc9f1456046e/2221/13911689/5/Honda-Civic_Sedan-2026.jpg'},{url:'https://imagescdn.d2cmedia.ca/cbc197d4d974386f49aa9edc9f1456046e/2221/13911689/6/Honda-Civic_Sedan-2026.jpg'},{url:'https://imagescdn.d2cmedia.ca/cbc197d4d974386f49aa9edc9f1456046e/2221/13911689/7/Honda-Civic_Sedan-2026.jpg'},{url:'https://imagescdn.d2cmedia.ca/cbc197d4d974386f49aa9edc9f1456046e/2221/13911689/8/Honda-Civic_Sedan-2026.jpg'}]",20,KM,https://www.number7honda.com/new/inventory/2026-Honda-Civic_Sedan-id13911689.html,2026 Honda Civic Sedan 4dr Cvt Lx at Number 7 Honda,31966 CAD,New,Black,,2221,Number 7 Honda,+1-905-851-2258,"{addr1: '5555 Highway 7 W', city: 'Woodbridge', region: 'Ontario', postal_code: 'L4L 1T5', country: 'CA'}",43.7900000000,-79.5980000000,,,,,https://www.number7honda.com/privacy-policy.html,New,2221,In stock,,31966 CAD,Free,
2HGFE2F29TH113737,2HGFE2F29TH113737,261666-new,Honda,Civic Sedan,4dr Cvt Lx,2026,AUTOMATIC,SEDAN,GASOLINE,,"2026 Honda Civic Sedan 4dr Cvt Lx, White exterior","[{url:'https://imagescdn.d2cmedia.ca/cbac7f0782d34ec99ab6edd288be0d60f9/2221/13929606/1/Honda-Civic Sedan-2026.jpg'},{url:'https://imagescdn.d2cmedia.ca/s8ac7f0782d34ec99ab6edd288be0d60f9/2221/13929606/1/Honda-Civic_Sedan-2026.jpg'},{url:'https://imagescdn.d2cmedia.ca/cbac7f0782d34ec99ab6edd288be0d60f9/2221/13929606/1/Honda-Civic_Sedan-2026.jpg'},{url:'https://imagescdn.d2cmedia.ca/cbac7f0782d34ec99ab6edd288be0d60f9/2221/13929606/2/Honda-Civic_Sedan-2026.jpg'},{url:'https://imagescdn.d2cmedia.ca/cbac7f0782d34ec99ab6edd288be0d60f9/2221/13929606/3/Honda-Civic_Sedan-2026.jpg'},{url:'https://imagescdn.d2cmedia.ca/cbac7f0782d34ec99ab6edd288be0d60f9/2221/13929606/4/Honda-Civic_Sedan-2026.jpg'},{url:'https://imagescdn.d2cmedia.ca/cbac7f0782d34ec99ab6edd288be0d60f9/2221/13929606/5/Honda-Civic_Sedan-2026.jpg'},{url:'https://imagescdn.d2cmedia.ca/cbac7f0782d34ec99ab6edd288be0d60f9/2221/13929606/6/Honda-Civic_Sedan-2026.jpg'},{url:'https://imagescdn.d2cmedia.ca/cbac7f0782d34ec99ab6edd288be0d60f9/2221/13929606/7/Honda-Civic_Sedan-2026.jpg'},{url:'https://imagescdn.d2cmedia.ca/cbac7f0782d34ec99ab6edd288be0d60f9/2221/13929606/8/Honda-Civic_Sedan-2026.jpg'}]",20,KM,https://www.number7honda.com/new/inventory/2026-Honda-Civic_Sedan-id13929606.html,2026 Honda Civic Sedan 4dr Cvt Lx at Number 7 Honda,31966 CAD,New,White,,2221,Number 7 Honda,+1-905-851-2258,"{addr1: '5555 Highway 7 W', city: 'Woodbridge', region: 'Ontario', postal_code: 'L4L 1T5', country: 'CA'}",43.7900000000,-79.5980000000,,,,,https://www.number7honda.com/privacy-policy.html,New,2221,In stock,,31966 CAD,Free,
2HGFE2F22TH114101,2HGFE2F22TH114101,261700-new,Honda,Civic Sedan,4dr Cvt Lx,2026,AUTOMATIC,SEDAN,GASOLINE,,"2026 Honda Civic Sedan 4dr Cvt Lx, Black exterior","[{url:'https://imagescdn.d2cmedia.ca/cbbb115b35aecc5fa637ab1775d627d0b8/2221/13953834/1/Honda-Civic Sedan-2026.jpg'},{url:'https://imagescdn.d2cmedia.ca/s8bb115b35aecc5fa637ab1775d627d0b8/2221/13953834/1/Honda-Civic_Sedan-2026.jpg'},{url:'https://imagescdn.d2cmedia.ca/cbbb115b35aecc5fa637ab1775d627d0b8/2221/13953834/1/Honda-Civic_Sedan-2026.jpg'},{url:'https://imagescdn.d2cmedia.ca/cbbb115b35aecc5fa637ab1775d627d0b8/2221/13953834/2/Honda-Civic_Sedan-2026.jpg'},{url:'https://imagescdn.d2cmedia.ca/cbbb115b35aecc5fa637ab1775d627d0b8/2221/13953834/3/Honda-Civic_Sedan-2026.jpg'},{url:'https://imagescdn.d2cmedia.ca/cbbb115b35aecc5fa637ab1775d627d0b8/2221/13953834/4/Honda-Civic_Sedan-2026.jpg'},{url:'https://imagescdn.d2cmedia.ca/cbbb115b35aecc5fa637ab1775d627d0b8/2221/13953834/5/Honda-Civic_Sedan-2026.jpg'},{url:'https://imagescdn.d2cmedia.ca/cbbb115b35aecc5fa637ab1775d627d0b8/2221/13953834/6/Honda-Civic_Sedan-2026.jpg'},{url:'https://imagescdn.d2cmedia.ca/cbbb115b35aecc5fa637ab1775d627d0b8/2221/13953834/7/Honda-Civic_Sedan-2026.jpg'},{url:'https://imagescdn.d2cmedia.ca/cbbb115b35aecc5fa637ab1775d627d0b8/2221/13953834/8/Honda-Civic_Sedan-2026.jpg'}]",20,KM,https://www.number7honda.com/new/inventory/2026-Honda-Civic_Sedan-id13953834.html,2026 Honda Civic Sedan 4dr Cvt Lx at Number 7 Honda,31966 CAD,New,Black,,2221,Number 7 Honda,+1-905-851-2258,"{addr1: '5555 Highway 7 W', city: 'Woodbridge', region: 'Ontario', postal_code: 'L4L 1T5', country: 'CA'}",43.7900000000,-79.5980000000,,,,,https://www.number7honda.com/privacy-policy.html,New,2221,In stock,,31966 CAD,Free,
2HGFE2F29TH113978,2HGFE2F29TH113978,261709-new,Honda,Civic Sedan,4dr Cvt Lx,2026,AUTOMATIC,SEDAN,GASOLINE,,"2026 Honda Civic Sedan 4dr Cvt Lx, White exterior","[{url:'https://imagescdn.d2cmedia.ca/cba74f12d3b3a1162c591e76a34c2d2186/2221/13967441/1/Honda-Civic Sedan-2026.jpg'},{url:'https://imagescdn.d2cmedia.ca/s8a74f12d3b3a1162c591e76a34c2d2186/2221/13967441/1/Honda-Civic_Sedan-2026.jpg'},{url:'https://imagescdn.d2cmedia.ca/cba74f12d3b3a1162c591e76a34c2d2186/2221/13967441/1/Honda-Civic_Sedan-2026.jpg'},{url:'https://imagescdn.d2cmedia.ca/cba74f12d3b3a1162c591e76a34c2d2186/2221/13967441/2/Honda-Civic_Sedan-2026.jpg'},{url:'https://imagescdn.d2cmedia.ca/cba74f12d3b3a1162c591e76a34c2d2186/2221/13967441/3/Honda-Civic_Sedan-2026.jpg'},{url:'https://imagescdn.d2cmedia.ca/cba74f12d3b3a1162c591e76a34c2d2186/2221/13967441/4/Honda-Civic_Sedan-2026.jpg'},{url:'https://imagescdn.d2cmedia.ca/cba74f12d3b3a1162c591e76a34c2d2186/2221/13967441/5/Honda-Civic_Sedan-2026.jpg'},{url:'https://imagescdn.d2cmedia.ca/cba74f12d3b3a1162c591e76a34c2d2186/2221/13967441/6/Honda-Civic_Sedan-2026.jpg'},{url:'https://imagescdn.d2cmedia.ca/cba74f12d3b3a1162c591e76a34c2d2186/2221/13967441/7/Honda-Civic_Sedan-2026.jpg'},{url:'https://imagescdn.d2cmedia.ca/cba74f12d3b3a1162c591e76a34c2d2186/2221/13967441/8/Honda-Civic_Sedan-2026.jpg'}]",20,KM,https://www.number7honda.com/new/inventory/2026-Honda-Civic_Sedan-id13967441.html,2026 Honda Civic Sedan 4dr Cvt Lx at Number 7 Honda,31966 CAD,New,White,,2221,Number 7 Honda,+1-905-851-2258,"{addr1: '5555 Highway 7 W', city: 'Woodbridge', region: 'Ontario', postal_code: 'L4L 1T5', country: 'CA'}",43.7900000000,-79.5980000000,,,,,https://www.number7honda.com/privacy-policy.html,New,2221,In stock,,31966 CAD,Free,
2HGFE2F2XTH116274,2HGFE2F2XTH116274,261867-new,Honda,Civic Sedan,4dr Cvt Lx,2026,AUTOMATIC,SEDAN,GASOLINE,,"2026 Honda Civic Sedan 4dr Cvt Lx, White exterior","[{url:'https://imagescdn.d2cmedia.ca/cb501bd7a7d2b67b75b7508f26a40c0a28/2221/14178571/1/Honda-Civic Sedan-2026.jpg'},{url:'https://imagescdn.d2cmedia.ca/s8501bd7a7d2b67b75b7508f26a40c0a28/2221/14178571/1/Honda-Civic_Sedan-2026.jpg'},{url:'https://imagescdn.d2cmedia.ca/cb501bd7a7d2b67b75b7508f26a40c0a28/2221/14178571/1/Honda-Civic_Sedan-2026.jpg'},{url:'https://imagescdn.d2cmedia.ca/cb501bd7a7d2b67b75b7508f26a40c0a28/2221/14178571/2/Honda-Civic_Sedan-2026.jpg'},{url:'https://imagescdn.d2cmedia.ca/cb501bd7a7d2b67b75b7508f26a40c0a28/2221/14178571/3/Honda-Civic_Sedan-2026.jpg'},{url:'https://imagescdn.d2cmedia.ca/cb501bd7a7d2b67b75b7508f26a40c0a28/2221/14178571/4/Honda-Civic_Sedan-2026.jpg'},{url:'https://imagescdn.d2cmedia.ca/cb501bd7a7d2b67b75b7508f26a40c0a28/2221/14178571/5/Honda-Civic_Sedan-2026.jpg'},{url:'https://imagescdn.d2cmedia.ca/cb501bd7a7d2b67b75b7508f26a40c0a28/2221/14178571/6/Honda-Civic_Sedan-2026.jpg'},{url:'https://imagescdn.d2cmedia.ca/cb501bd7a7d2b67b75b7508f26a40c0a28/2221/14178571/7/Honda-Civic_Sedan-2026.jpg'},{url:'https://imagescdn.d2cmedia.ca/cb501bd7a7d2b67b75b7508f26a40c0a28/2221/14178571/8/Honda-Civic_Sedan-2026.jpg'}]",20,KM,https://www.number7honda.com/new/inventory/2026-Honda-Civic_Sedan-id14178571.html,2026 Honda Civic Sedan 4dr Cvt Lx at Number 7 Honda,31966 CAD,New,White,,2221,Number 7 Honda,+1-905-851-2258,"{addr1: '5555 Highway 7 W', city: 'Woodbridge', region: 'Ontario', postal_code: 'L4L 1T5', country: 'CA'}",43.7900000000,-79.5980000000,,,,,https://www.number7honda.com/privacy-policy.html,New,2221,In stock,,31966 CAD,Free,
2HGFE2F26TH116224,2HGFE2F26TH116224,261868-new,Honda,Civic Sedan,4dr Cvt Lx,2026,AUTOMATIC,SEDAN,GASOLINE,,"2026 Honda Civic Sedan 4dr Cvt Lx, White exterior","[{url:'https://imagescdn.d2cmedia.ca/cb36d4df1c893b8bc2522dfbcefdbbef49/2221/14178572/1/Honda-Civic Sedan-2026.jpg'},{url:'https://imagescdn.d2cmedia.ca/s836d4df1c893b8bc2522dfbcefdbbef49/2221/14178572/1/Honda-Civic_Sedan-2026.jpg'},{url:'https://imagescdn.d2cmedia.ca/cb36d4df1c893b8bc2522dfbcefdbbef49/2221/14178572/1/Honda-Civic_Sedan-2026.jpg'},{url:'https://imagescdn.d2cmedia.ca/cb36d4df1c893b8bc2522dfbcefdbbef49/2221/14178572/2/Honda-Civic_Sedan-2026.jpg'},{url:'https://imagescdn.d2cmedia.ca/cb36d4df1c893b8bc2522dfbcefdbbef49/2221/14178572/3/Honda-Civic_Sedan-2026.jpg'},{url:'https://imagescdn.d2cmedia.ca/cb36d4df1c893b8bc2522dfbcefdbbef49/2221/14178572/4/Honda-Civic_Sedan-2026.jpg'},{url:'https://imagescdn.d2cmedia.ca/cb36d4df1c893b8bc2522dfbcefdbbef49/2221/14178572/5/Honda-Civic_Sedan-2026.jpg'},{url:'https://imagescdn.d2cmedia.ca/cb36d4df1c893b8bc2522dfbcefdbbef49/2221/14178572/6/Honda-Civic_Sedan-2026.jpg'},{url:'https://imagescdn.d2cmedia.ca/cb36d4df1c893b8bc2522dfbcefdbbef49/2221/14178572/7/Honda-Civic_Sedan-2026.jpg'},{url:'https://imagescdn.d2cmedia.ca/cb36d4df1c893b8bc2522dfbcefdbbef49/2221/14178572/8/Honda-Civic_Sedan-2026.jpg'}]",20,KM,https://www.number7honda.com/new/inventory/2026-Honda-Civic_Sedan-id14178572.html,2026 Honda Civic Sedan 4dr Cvt Lx at Number 7 Honda,31966 CAD,New,White,,2221,Number 7 Honda,+1-905-851-2258,"{addr1: '5555 Highway 7 W', city: 'Woodbridge', region: 'Ontario', postal_code: 'L4L 1T5', country: 'CA'}",43.7900000000,-79.5980000000,,,,,https://www.number7honda.com/privacy-policy.html,New,2221,In stock,,31966 CAD,Free,
2HGFE2F26TH116272,2HGFE2F26TH116272,261869-new,Honda,Civic Sedan,4dr Cvt Lx,2026,AUTOMATIC,SEDAN,GASOLINE,,"2026 Honda Civic Sedan 4dr Cvt Lx, White exterior","[{url:'https://imagescdn.d2cmedia.ca/cbc7ed599b18b45a5874e1ce70803f700d/2221/14178573/1/Honda-Civic Sedan-2026.jpg'},{url:'https://imagescdn.d2cmedia.ca/s8c7ed599b18b45a5874e1ce70803f700d/2221/14178573/1/Honda-Civic_Sedan-2026.jpg'},{url:'https://imagescdn.d2cmedia.ca/cbc7ed599b18b45a5874e1ce70803f700d/2221/14178573/1/Honda-Civic_Sedan-2026.jpg'},{url:'https://imagescdn.d2cmedia.ca/cbc7ed599b18b45a5874e1ce70803f700d/2221/14178573/2/Honda-Civic_Sedan-2026.jpg'},{url:'https://imagescdn.d2cmedia.ca/cbc7ed599b18b45a5874e1ce70803f700d/2221/14178573/3/Honda-Civic_Sedan-2026.jpg'},{url:'https://imagescdn.d2cmedia.ca/cbc7ed599b18b45a5874e1ce70803f700d/2221/14178573/4/Honda-Civic_Sedan-2026.jpg'},{url:'https://imagescdn.d2cmedia.ca/cbc7ed599b18b45a5874e1ce70803f700d/2221/14178573/5/Honda-Civic_Sedan-2026.jpg'},{url:'https://imagescdn.d2cmedia.ca/cbc7ed599b18b45a5874e1ce70803f700d/2221/14178573/6/Honda-Civic_Sedan-2026.jpg'},{url:'https://imagescdn.d2cmedia.ca/cbc7ed599b18b45a5874e1ce70803f700d/2221/14178573/7/Honda-Civic_Sedan-2026.jpg'},{url:'https://imagescdn.d2cmedia.ca/cbc7ed599b18b45a5874e1ce70803f700d/2221/14178573/8/Honda-Civic_Sedan-2026.jpg'}]",20,KM,https://www.number7honda.com/new/inventory/2026-Honda-Civic_Sedan-id14178573.html,2026 Honda Civic Sedan 4dr Cvt Lx at Number 7 Honda,31966 CAD,New,White,,2221,Number 7 Honda,+1-905-851-2258,"{addr1: '5555 Highway 7 W', city: 'Woodbridge', region: 'Ontario', postal_code: 'L4L 1T5', country: 'CA'}",43.7900000000,-79.5980000000,,,,,https://www.number7honda.com/privacy-policy.html,New,2221,In stock,,31966 CAD,Free,
2HGFE2F27TH116278,2HGFE2F27TH116278,261870-new,Honda,Civic Sedan,4dr Cvt Lx,2026,AUTOMATIC,SEDAN,GASOLINE,,"2026 Honda Civic Sedan 4dr Cvt Lx, White exterior","[{url:'https://imagescdn.d2cmedia.ca/cb6e08ae5e434519703d26bb24fadf1eab/2221/14178574/1/Honda-Civic Sedan-2026.jpg'},{url:'https://imagescdn.d2cmedia.ca/s86e08ae5e434519703d26bb24fadf1eab/2221/14178574/1/Honda-Civic_Sedan-2026.jpg'},{url:'https://imagescdn.d2cmedia.ca/cb6e08ae5e434519703d26bb24fadf1eab/2221/14178574/1/Honda-Civic_Sedan-2026.jpg'},{url:'https://imagescdn.d2cmedia.ca/cb6e08ae5e434519703d26bb24fadf1eab/2221/14178574/2/Honda-Civic_Sedan-2026.jpg'},{url:'https://imagescdn.d2cmedia.ca/cb6e08ae5e434519703d26bb24fadf1eab/2221/14178574/3/Honda-Civic_Sedan-2026.jpg'},{url:'https://imagescdn.d2cmedia.ca/cb6e08ae5e434519703d26bb24fadf1eab/2221/14178574/4/Honda-Civic_Sedan-2026.jpg'},{url:'https://imagescdn.d2cmedia.ca/cb6e08ae5e434519703d26bb24fadf1eab/2221/14178574/5/Honda-Civic_Sedan-2026.jpg'},{url:'https://imagescdn.d2cmedia.ca/cb6e08ae5e434519703d26bb24fadf1eab/2221/14178574/6/Honda-Civic_Sedan-2026.jpg'},{url:'https://imagescdn.d2cmedia.ca/cb6e08ae5e434519703d26bb24fadf1eab/2221/14178574/7/Honda-Civic_Sedan-2026.jpg'},{url:'https://imagescdn.d2cmedia.ca/cb6e08ae5e434519703d26bb24fadf1eab/2221/14178574/8/Honda-Civic_Sedan-2026.jpg'}]",20,KM,https://www.number7honda.com/new/inventory/2026-Honda-Civic_Sedan-id14178574.html,2026 Honda Civic Sedan 4dr Cvt Lx at Number 7 Honda,31966 CAD,New,White,,2221,Number 7 Honda,+1-905-851-2258,"{addr1: '5555 Highway 7 W', city: 'Woodbridge', region: 'Ontario', postal_code: 'L4L 1T5', country: 'CA'}",43.7900000000,-79.5980000000,,,,,https://www.number7honda.com/privacy-policy.html,New,2221,In stock,,31966 CAD,Free,
2HGFE2F25TH116439,2HGFE2F25TH116439,261871-new,Honda,Civic Sedan,4dr Cvt Lx,2026,AUTOMATIC,SEDAN,GASOLINE,,"2026 Honda Civic Sedan 4dr Cvt Lx, Black exterior","[{url:'https://imagescdn.d2cmedia.ca/cbb5d2f60c4ba40bffbaca8e6beb038ad4/2221/14184319/1/Honda-Civic Sedan-2026.jpg'},{url:'https://imagescdn.d2cmedia.ca/s8b5d2f60c4ba40bffbaca8e6beb038ad4/2221/14184319/1/Honda-Civic_Sedan-2026.jpg'},{url:'https://imagescdn.d2cmedia.ca/cbb5d2f60c4ba40bffbaca8e6beb038ad4/2221/14184319/1/Honda-Civic_Sedan-2026.jpg'},{url:'https://imagescdn.d2cmedia.ca/cbb5d2f60c4ba40bffbaca8e6beb038ad4/2221/14184319/2/Honda-Civic_Sedan-2026.jpg'},{url:'https://imagescdn.d2cmedia.ca/cbb5d2f60c4ba40bffbaca8e6beb038ad4/2221/14184319/3/Honda-Civic_Sedan-2026.jpg'},{url:'https://imagescdn.d2cmedia.ca/cbb5d2f60c4ba40bffbaca8e6beb038ad4/2221/14184319/4/Honda-Civic_Sedan-2026.jpg'},{url:'https://imagescdn.d2cmedia.ca/cbb5d2f60c4ba40bffbaca8e6beb038ad4/2221/14184319/5/Honda-Civic_Sedan-2026.jpg'},{url:'https://imagescdn.d2cmedia.ca/cbb5d2f60c4ba40bffbaca8e6beb038ad4/2221/14184319/6/Honda-Civic_Sedan-2026.jpg'},{url:'https://imagescdn.d2cmedia.ca/cbb5d2f60c4ba40bffbaca8e6beb038ad4/2221/14184319/7/Honda-Civic_Sedan-2026.jpg'},{url:'https://imagescdn.d2cmedia.ca/cbb5d2f60c4ba40bffbaca8e6beb038ad4/2221/14184319/8/Honda-Civic_Sedan-2026.jpg'}]",20,KM,https://www.number7honda.com/new/inventory/2026-Honda-Civic_Sedan-id14184319.html,2026 Honda Civic Sedan 4dr Cvt Lx at Number 7 Honda,31966 CAD,New,Black,,2221,Number 7 Honda,+1-905-851-2258,"{addr1: '5555 Highway 7 W', city: 'Woodbridge', region: 'Ontario', postal_code: 'L4L 1T5', country: 'CA'}",43.7900000000,-79.5980000000,,,,,https://www.number7honda.com/privacy-policy.html,New,2221,In stock,,31966 CAD,Free,
2HGFE2F24TH116447,2HGFE2F24TH116447,261872-new,Honda,Civic Sedan,4dr Cvt Lx,2026,AUTOMATIC,SEDAN,GASOLINE,,"2026 Honda Civic Sedan 4dr Cvt Lx, Black exterior","[{url:'https://imagescdn.d2cmedia.ca/cbde931fff78405641604af2e2fdf90a71/2221/14184320/1/Honda-Civic Sedan-2026.jpg'},{url:'https://imagescdn.d2cmedia.ca/s8de931fff78405641604af2e2fdf90a71/2221/14184320/1/Honda-Civic_Sedan-2026.jpg'},{url:'https://imagescdn.d2cmedia.ca/cbde931fff78405641604af2e2fdf90a71/2221/14184320/1/Honda-Civic_Sedan-2026.jpg'},{url:'https://imagescdn.d2cmedia.ca/cbde931fff78405641604af2e2fdf90a71/2221/14184320/2/Honda-Civic_Sedan-2026.jpg'},{url:'https://imagescdn.d2cmedia.ca/cbde931fff78405641604af2e2fdf90a71/2221/14184320/3/Honda-Civic_Sedan-2026.jpg'},{url:'https://imagescdn.d2cmedia.ca/cbde931fff78405641604af2e2fdf90a71/2221/14184320/4/Honda-Civic_Sedan-2026.jpg'},{url:'https://imagescdn.d2cmedia.ca/cbde931fff78405641604af2e2fdf90a71/2221/14184320/5/Honda-Civic_Sedan-2026.jpg'},{url:'https://imagescdn.d2cmedia.ca/cbde931fff78405641604af2e2fdf90a71/2221/14184320/6/Honda-Civic_Sedan-2026.jpg'},{url:'https://imagescdn.d2cmedia.ca/cbde931fff78405641604af2e2fdf90a71/2221/14184320/7/Honda-Civic_Sedan-2026.jpg'},{url:'https://imagescdn.d2cmedia.ca/cbde931fff78405641604af2e2fdf90a71/2221/14184320/8/Honda-Civic_Sedan-2026.jpg'}]",20,KM,https://www.number7honda.com/new/inventory/2026-Honda-Civic_Sedan-id14184320.html,2026 Honda Civic Sedan 4dr Cvt Lx at Number 7 Honda,31966 CAD,New,Black,,2221,Number 7 Honda,+1-905-851-2258,"{addr1: '5555 Highway 7 W', city: 'Woodbridge', region: 'Ontario', postal_code: 'L4L 1T5', country: 'CA'}",43.7900000000,-79.5980000000,,,,,https://www.number7honda.com/privacy-policy.html,New,2221,In stock,,31966 CAD,Free,
2HGFE2F21TH116440,2HGFE2F21TH116440,261873-new,Honda,Civic Sedan,4dr Cvt Lx,2026,AUTOMATIC,SEDAN,GASOLINE,,"2026 Honda Civic Sedan 4dr Cvt Lx, Black exterior","[{url:'https://imagescdn.d2cmedia.ca/cbd116eee91c83e99f384ddd8ae94aa43a/2221/14184321/1/Honda-Civic Sedan-2026.jpg'},{url:'https://imagescdn.d2cmedia.ca/s8d116eee91c83e99f384ddd8ae94aa43a/2221/14184321/1/Honda-Civic_Sedan-2026.jpg'},{url:'https://imagescdn.d2cmedia.ca/cbd116eee91c83e99f384ddd8ae94aa43a/2221/14184321/1/Honda-Civic_Sedan-2026.jpg'},{url:'https://imagescdn.d2cmedia.ca/cbd116eee91c83e99f384ddd8ae94aa43a/2221/14184321/2/Honda-Civic_Sedan-2026.jpg'},{url:'https://imagescdn.d2cmedia.ca/cbd116eee91c83e99f384ddd8ae94aa43a/2221/14184321/3/Honda-Civic_Sedan-2026.jpg'},{url:'https://imagescdn.d2cmedia.ca/cbd116eee91c83e99f384ddd8ae94aa43a/2221/14184321/4/Honda-Civic_Sedan-2026.jpg'},{url:'https://imagescdn.d2cmedia.ca/cbd116eee91c83e99f384ddd8ae94aa43a/2221/14184321/5/Honda-Civic_Sedan-2026.jpg'},{url:'https://imagescdn.d2cmedia.ca/cbd116eee91c83e99f384ddd8ae94aa43a/2221/14184321/6/Honda-Civic_Sedan-2026.jpg'},{url:'https://imagescdn.d2cmedia.ca/cbd116eee91c83e99f384ddd8ae94aa43a/2221/14184321/7/Honda-Civic_Sedan-2026.jpg'},{url:'https://imagescdn.d2cmedia.ca/cbd116eee91c83e99f384ddd8ae94aa43a/2221/14184321/8/Honda-Civic_Sedan-2026.jpg'}]",20,KM,https://www.number7honda.com/new/inventory/2026-Honda-Civic_Sedan-id14184321.html,2026 Honda Civic Sedan 4dr Cvt Lx at Number 7 Honda,31966 CAD,New,Black,,2221,Number 7 Honda,+1-905-851-2258,"{addr1: '5555 Highway 7 W', city: 'Woodbridge', region: 'Ontario', postal_code: 'L4L 1T5', country: 'CA'}",43.7900000000,-79.5980000000,,,,,https://www.number7honda.com/privacy-policy.html,New,2221,In stock,,31966 CAD,Free,
2HGFE2F2XTH116436,2HGFE2F2XTH116436,261874-new,Honda,Civic Sedan,4dr Cvt Lx,2026,AUTOMATIC,SEDAN,GASOLINE,,"2026 Honda Civic Sedan 4dr Cvt Lx, Black exterior","[{url:'https://imagescdn.d2cmedia.ca/cb4705bee3c634b0098a1e09e9355afa76/2221/14184322/1/Honda-Civic Sedan-2026.jpg'},{url:'https://imagescdn.d2cmedia.ca/s84705bee3c634b0098a1e09e9355afa76/2221/14184322/1/Honda-Civic_Sedan-2026.jpg'},{url:'https://imagescdn.d2cmedia.ca/cb4705bee3c634b0098a1e09e9355afa76/2221/14184322/1/Honda-Civic_Sedan-2026.jpg'},{url:'https://imagescdn.d2cmedia.ca/cb4705bee3c634b0098a1e09e9355afa76/2221/14184322/2/Honda-Civic_Sedan-2026.jpg'},{url:'https://imagescdn.d2cmedia.ca/cb4705bee3c634b0098a1e09e9355afa76/2221/14184322/3/Honda-Civic_Sedan-2026.jpg'},{url:'https://imagescdn.d2cmedia.ca/cb4705bee3c634b0098a1e09e9355afa76/2221/14184322/4/Honda-Civic_Sedan-2026.jpg'},{url:'https://imagescdn.d2cmedia.ca/cb4705bee3c634b0098a1e09e9355afa76/2221/14184322/5/Honda-Civic_Sedan-2026.jpg'},{url:'https://imagescdn.d2cmedia.ca/cb4705bee3c634b0098a1e09e9355afa76/2221/14184322/6/Honda-Civic_Sedan-2026.jpg'},{url:'https://imagescdn.d2cmedia.ca/cb4705bee3c634b0098a1e09e9355afa76/2221/14184322/7/Honda-Civic_Sedan-2026.jpg'},{url:'https://imagescdn.d2cmedia.ca/cb4705bee3c634b0098a1e09e9355afa76/2221/14184322/8/Honda-Civic_Sedan-2026.jpg'}]",20,KM,https://www.number7honda.com/new/inventory/2026-Honda-Civic_Sedan-id14184322.html,2026 Honda Civic Sedan 4dr Cvt Lx at Number 7 Honda,31966 CAD,New,Black,,2221,Number 7 Honda,+1-905-851-2258,"{addr1: '5555 Highway 7 W', city: 'Woodbridge', region: 'Ontario', postal_code: 'L4L 1T5', country: 'CA'}",43.7900000000,-79.5980000000,,,,,https://www.number7honda.com/privacy-policy.html,New,2221,In stock,,31966 CAD,Free,
2HGFE2F27TH116457,2HGFE2F27TH116457,261888-new,Honda,Civic Sedan,4dr Cvt Lx,2026,AUTOMATIC,SEDAN,GASOLINE,,"2026 Honda Civic Sedan 4dr Cvt Lx, Black exterior","[{url:'https://imagescdn.d2cmedia.ca/cb5ceb377c4a78aa5dd3345bb150c2b875/2221/14189723/1/Honda-Civic Sedan-2026.jpg'},{url:'https://imagescdn.d2cmedia.ca/s85ceb377c4a78aa5dd3345bb150c2b875/2221/14189723/1/Honda-Civic_Sedan-2026.jpg'},{url:'https://imagescdn.d2cmedia.ca/cb5ceb377c4a78aa5dd3345bb150c2b875/2221/14189723/1/Honda-Civic_Sedan-2026.jpg'},{url:'https://imagescdn.d2cmedia.ca/cb5ceb377c4a78aa5dd3345bb150c2b875/2221/14189723/2/Honda-Civic_Sedan-2026.jpg'},{url:'https://imagescdn.d2cmedia.ca/cb5ceb377c4a78aa5dd3345bb150c2b875/2221/14189723/3/Honda-Civic_Sedan-2026.jpg'},{url:'https://imagescdn.d2cmedia.ca/cb5ceb377c4a78aa5dd3345bb150c2b875/2221/14189723/4/Honda-Civic_Sedan-2026.jpg'},{url:'https://imagescdn.d2cmedia.ca/cb5ceb377c4a78aa5dd3345bb150c2b875/2221/14189723/5/Honda-Civic_Sedan-2026.jpg'},{url:'https://imagescdn.d2cmedia.ca/cb5ceb377c4a78aa5dd3345bb150c2b875/2221/14189723/6/Honda-Civic_Sedan-2026.jpg'},{url:'https://imagescdn.d2cmedia.ca/cb5ceb377c4a78aa5dd3345bb150c2b875/2221/14189723/7/Honda-Civic_Sedan-2026.jpg'},{url:'https://imagescdn.d2cmedia.ca/cb5ceb377c4a78aa5dd3345bb150c2b875/2221/14189723/8/Honda-Civic_Sedan-2026.jpg'}]",20,KM,https://www.number7honda.com/new/inventory/2026-Honda-Civic_Sedan-id14189723.html,2026 Honda Civic Sedan 4dr Cvt Lx at Number 7 Honda,31966 CAD,New,Black,,2221,Number 7 Honda,+1-905-851-2258,"{addr1: '5555 Highway 7 W', city: 'Woodbridge', region: 'Ontario', postal_code: 'L4L 1T5', country: 'CA'}",43.7900000000,-79.5980000000,,,,,https://www.number7honda.com/privacy-policy.html,New,2221,In stock,,31966 CAD,Free,
2HGFE2F20TH116428,2HGFE2F20TH116428,261889-new,Honda,Civic Sedan,4dr Cvt Lx,2026,AUTOMATIC,SEDAN,GASOLINE,,"2026 Honda Civic Sedan 4dr Cvt Lx, Black exterior","[{url:'https://imagescdn.d2cmedia.ca/cb61197f5b94c1caf31dc7bac20a90196c/2221/14189724/1/Honda-Civic Sedan-2026.jpg'},{url:'https://imagescdn.d2cmedia.ca/s861197f5b94c1caf31dc7bac20a90196c/2221/14189724/1/Honda-Civic_Sedan-2026.jpg'},{url:'https://imagescdn.d2cmedia.ca/cb61197f5b94c1caf31dc7bac20a90196c/2221/14189724/1/Honda-Civic_Sedan-2026.jpg'},{url:'https://imagescdn.d2cmedia.ca/cb61197f5b94c1caf31dc7bac20a90196c/2221/14189724/2/Honda-Civic_Sedan-2026.jpg'},{url:'https://imagescdn.d2cmedia.ca/cb61197f5b94c1caf31dc7bac20a90196c/2221/14189724/3/Honda-Civic_Sedan-2026.jpg'},{url:'https://imagescdn.d2cmedia.ca/cb61197f5b94c1caf31dc7bac20a90196c/2221/14189724/4/Honda-Civic_Sedan-2026.jpg'},{url:'https://imagescdn.d2cmedia.ca/cb61197f5b94c1caf31dc7bac20a90196c/2221/14189724/5/Honda-Civic_Sedan-2026.jpg'},{url:'https://imagescdn.d2cmedia.ca/cb61197f5b94c1caf31dc7bac20a90196c/2221/14189724/6/Honda-Civic_Sedan-2026.jpg'},{url:'https://imagescdn.d2cmedia.ca/cb61197f5b94c1caf31dc7bac20a90196c/2221/14189724/7/Honda-Civic_Sedan-2026.jpg'},{url:'https://imagescdn.d2cmedia.ca/cb61197f5b94c1caf31dc7bac20a90196c/2221/14189724/8/Honda-Civic_Sedan-2026.jpg'}]",20,KM,https://www.number7honda.com/new/inventory/2026-Honda-Civic_Sedan-id14189724.html,2026 Honda Civic Sedan 4dr Cvt Lx at Number 7 Honda,31966 CAD,New,Black,,2221,Number 7 Honda,+1-905-851-2258,"{addr1: '5555 Highway 7 W', city: 'Woodbridge', region: 'Ontario', postal_code: 'L4L 1T5', country: 'CA'}",43.7900000000,-79.5980000000,,,,,https://www.number7honda.com/privacy-policy.html,New,2221,In stock,,31966 CAD,Free,
3CZRZ1H30VM100857,3CZRZ1H30VM100857,27030-new,Honda,HR-V,4dr 2wd Lx,2027,AUTOMATIC,SUV,GASOLINE,,"2027 Honda HR-V 4dr 2wd Lx, White exterior","[{url:'https://imagescdn.d2cmedia.ca/cb0de2bb1e4fe7498c7cf6aef91ad5f4dd/2221/14093277/1/Honda-HR_V-2027.jpg'},{url:'https://imagescdn.d2cmedia.ca/s80de2bb1e4fe7498c7cf6aef91ad5f4dd/2221/14093277/1/Honda-HR_V-2027.jpg'},{url:'https://imagescdn.d2cmedia.ca/cb0de2bb1e4fe7498c7cf6aef91ad5f4dd/2221/14093277/2/Honda-HR_V-2027.jpg'},{url:'https://imagescdn.d2cmedia.ca/cb0de2bb1e4fe7498c7cf6aef91ad5f4dd/2221/14093277/3/Honda-HR_V-2027.jpg'},{url:'https://imagescdn.d2cmedia.ca/cb0de2bb1e4fe7498c7cf6aef91ad5f4dd/2221/14093277/4/Honda-HR_V-2027.jpg'},{url:'https://imagescdn.d2cmedia.ca/cb0de2bb1e4fe7498c7cf6aef91ad5f4dd/2221/14093277/5/Honda-HR_V-2027.jpg'},{url:'https://imagescdn.d2cmedia.ca/cb0de2bb1e4fe7498c7cf6aef91ad5f4dd/2221/14093277/6/Honda-HR_V-2027.jpg'},{url:'https://imagescdn.d2cmedia.ca/cb0de2bb1e4fe7498c7cf6aef91ad5f4dd/2221/14093277/7/Honda-HR_V-2027.jpg'},{url:'https://imagescdn.d2cmedia.ca/cb0de2bb1e4fe7498c7cf6aef91ad5f4dd/2221/14093277/8/Honda-HR_V-2027.jpg'},{url:'https://imagescdn.d2cmedia.ca/cb0de2bb1e4fe7498c7cf6aef91ad5f4dd/2221/14093277/9/Honda-HR_V-2027.jpg'}]",20,KM,https://www.number7honda.com/new/inventory/2027-Honda-HR_V-id14093277.html,2027 Honda HR-V 4dr 2wd Lx at Number 7 Honda,34496 CAD,New,White,,2221,Number 7 Honda,+1-905-851-2258,"{addr1: '5555 Highway 7 W', city: 'Woodbridge', region: 'Ontario', postal_code: 'L4L 1T5', country: 'CA'}",43.7900000000,-79.5980000000,,,,,https://www.number7honda.com/privacy-policy.html,New,2221,In stock,,34496 CAD,Free,
3CZRZ1H31VM101211,3CZRZ1H31VM101211,27052-new,Honda,HR-V,4dr 2wd Lx,2027,AUTOMATIC,SUV,GASOLINE,,"2027 Honda HR-V 4dr 2wd Lx, SOLAR REFLECTIO exterior","[{url:'https://imagescdn.d2cmedia.ca/cb7163262515e061f71ba79b0f8cfe330b/2221/14216588/1/Honda-HR_V-2027.jpg'},{url:'https://imagescdn.d2cmedia.ca/s87163262515e061f71ba79b0f8cfe330b/2221/14216588/1/Honda-HR_V-2027.jpg'},{url:'https://imagescdn.d2cmedia.ca/cb7163262515e061f71ba79b0f8cfe330b/2221/14216588/2/Honda-HR_V-2027.jpg'},{url:'https://imagescdn.d2cmedia.ca/cb7163262515e061f71ba79b0f8cfe330b/2221/14216588/3/Honda-HR_V-2027.jpg'},{url:'https://imagescdn.d2cmedia.ca/cb7163262515e061f71ba79b0f8cfe330b/2221/14216588/4/Honda-HR_V-2027.jpg'},{url:'https://imagescdn.d2cmedia.ca/cb7163262515e061f71ba79b0f8cfe330b/2221/14216588/5/Honda-HR_V-2027.jpg'},{url:'https://imagescdn.d2cmedia.ca/cb7163262515e061f71ba79b0f8cfe330b/2221/14216588/6/Honda-HR_V-2027.jpg'},{url:'https://imagescdn.d2cmedia.ca/cb7163262515e061f71ba79b0f8cfe330b/2221/14216588/7/Honda-HR_V-2027.jpg'},{url:'https://imagescdn.d2cmedia.ca/cb7163262515e061f71ba79b0f8cfe330b/2221/14216588/8/Honda-HR_V-2027.jpg'},{url:'https://imagescdn.d2cmedia.ca/cb7163262515e061f71ba79b0f8cfe330b/2221/14216588/9/Honda-HR_V-2027.jpg'}]",20,KM,https://www.number7honda.com/new/inventory/2027-Honda-HR_V-id14216588.html,2027 Honda HR-V 4dr 2wd Lx at Number 7 Honda,34496 CAD,New,SOLAR REFLECTIO,,2221,Number 7 Honda,+1-905-851-2258,"{addr1: '5555 Highway 7 W', city: 'Woodbridge', region: 'Ontario', postal_code: 'L4L 1T5', country: 'CA'}",43.7900000000,-79.5980000000,,,,,https://www.number7honda.com/privacy-policy.html,New,2221,In stock,,34496 CAD,Free,
3CZRZ1H35VM101194,3CZRZ1H35VM101194,27056-new,Honda,HR-V,4dr 2wd Lx,2027,AUTOMATIC,SUV,GASOLINE,,"2027 Honda HR-V 4dr 2wd Lx, White exterior","[{url:'https://imagescdn.d2cmedia.ca/cb85140b1bf51a8461159716848451d068/2221/14216592/1/Honda-HR_V-2027.jpg'},{url:'https://imagescdn.d2cmedia.ca/s885140b1bf51a8461159716848451d068/2221/14216592/1/Honda-HR_V-2027.jpg'},{url:'https://imagescdn.d2cmedia.ca/cb85140b1bf51a8461159716848451d068/2221/14216592/2/Honda-HR_V-2027.jpg'},{url:'https://imagescdn.d2cmedia.ca/cb85140b1bf51a8461159716848451d068/2221/14216592/3/Honda-HR_V-2027.jpg'},{url:'https://imagescdn.d2cmedia.ca/cb85140b1bf51a8461159716848451d068/2221/14216592/4/Honda-HR_V-2027.jpg'},{url:'https://imagescdn.d2cmedia.ca/cb85140b1bf51a8461159716848451d068/2221/14216592/5/Honda-HR_V-2027.jpg'},{url:'https://imagescdn.d2cmedia.ca/cb85140b1bf51a8461159716848451d068/2221/14216592/6/Honda-HR_V-2027.jpg'},{url:'https://imagescdn.d2cmedia.ca/cb85140b1bf51a8461159716848451d068/2221/14216592/7/Honda-HR_V-2027.jpg'},{url:'https://imagescdn.d2cmedia.ca/cb85140b1bf51a8461159716848451d068/2221/14216592/8/Honda-HR_V-2027.jpg'},{url:'https://imagescdn.d2cmedia.ca/cb85140b1bf51a8461159716848451d068/2221/14216592/9/Honda-HR_V-2027.jpg'}]",20,KM,https://www.number7honda.com/new/inventory/2027-Honda-HR_V-id14216592.html,2027 Honda HR-V 4dr 2wd Lx at Number 7 Honda,34496 CAD,New,White,,2221,Number 7 Honda,+1-905-851-2258,"{addr1: '5555 Highway 7 W', city: 'Woodbridge', region: 'Ontario', postal_code: 'L4L 1T5', country: 'CA'}",43.7900000000,-79.5980000000,,,,,https://www.number7honda.com/privacy-policy.html,New,2221,In stock,,34496 CAD,Free,
3CZRZ1H36VM101253,3CZRZ1H36VM101253,27065-new,Honda,HR-V,4dr 2wd Lx,2027,AUTOMATIC,SUV,GASOLINE,,"2027 Honda HR-V 4dr 2wd Lx, Black exterior","[{url:'https://imagescdn.d2cmedia.ca/cb2b84a93cc49e76dd0ce50d0cb596a704/2221/14273132/1/Honda-HR_V-2027.jpg'},{url:'https://imagescdn.d2cmedia.ca/s82b84a93cc49e76dd0ce50d0cb596a704/2221/14273132/1/Honda-HR_V-2027.jpg'},{url:'https://imagescdn.d2cmedia.ca/cb2b84a93cc49e76dd0ce50d0cb596a704/2221/14273132/2/Honda-HR_V-2027.jpg'},{url:'https://imagescdn.d2cmedia.ca/cb2b84a93cc49e76dd0ce50d0cb596a704/2221/14273132/3/Honda-HR_V-2027.jpg'},{url:'https://imagescdn.d2cmedia.ca/cb2b84a93cc49e76dd0ce50d0cb596a704/2221/14273132/4/Honda-HR_V-2027.jpg'},{url:'https://imagescdn.d2cmedia.ca/cb2b84a93cc49e76dd0ce50d0cb596a704/2221/14273132/5/Honda-HR_V-2027.jpg'},{url:'https://imagescdn.d2cmedia.ca/cb2b84a93cc49e76dd0ce50d0cb596a704/2221/14273132/6/Honda-HR_V-2027.jpg'},{url:'https://imagescdn.d2cmedia.ca/cb2b84a93cc49e76dd0ce50d0cb596a704/2221/14273132/7/Honda-HR_V-2027.jpg'},{url:'https://imagescdn.d2cmedia.ca/cb2b84a93cc49e76dd0ce50d0cb596a704/2221/14273132/8/Honda-HR_V-2027.jpg'},{url:'https://imagescdn.d2cmedia.ca/cb2b84a93cc49e76dd0ce50d0cb596a704/2221/14273132/9/Honda-HR_V-2027.jpg'}]",20,KM,https://www.number7honda.com/new/inventory/2027-Honda-HR_V-id14273132.html,2027 Honda HR-V 4dr 2wd Lx at Number 7 Honda,34496 CAD,New,Black,,2221,Number 7 Honda,+1-905-851-2258,"{addr1: '5555 Highway 7 W', city: 'Woodbridge', region: 'Ontario', postal_code: 'L4L 1T5', country: 'CA'}",43.7900000000,-79.5980000000,,,,,https://www.number7honda.com/privacy-policy.html,New,2221,In stock,,34496 CAD,Free,
3CZRZ1H35VM101440,3CZRZ1H35VM101440,27078-new,Honda,HR-V,4dr 2wd Lx,2027,AUTOMATIC,SUV,GASOLINE,,"2027 Honda HR-V 4dr 2wd Lx, Black exterior","[{url:'https://imagescdn.d2cmedia.ca/cb8d368912f9d33d49903a619e7926715b/2221/14354512/1/Honda-HR_V-2027.jpg'},{url:'https://imagescdn.d2cmedia.ca/s88d368912f9d33d49903a619e7926715b/2221/14354512/1/Honda-HR_V-2027.jpg'},{url:'https://imagescdn.d2cmedia.ca/cb8d368912f9d33d49903a619e7926715b/2221/14354512/2/Honda-HR_V-2027.jpg'},{url:'https://imagescdn.d2cmedia.ca/cb8d368912f9d33d49903a619e7926715b/2221/14354512/3/Honda-HR_V-2027.jpg'},{url:'https://imagescdn.d2cmedia.ca/cb8d368912f9d33d49903a619e7926715b/2221/14354512/4/Honda-HR_V-2027.jpg'},{url:'https://imagescdn.d2cmedia.ca/cb8d368912f9d33d49903a619e7926715b/2221/14354512/5/Honda-HR_V-2027.jpg'},{url:'https://imagescdn.d2cmedia.ca/cb8d368912f9d33d49903a619e7926715b/2221/14354512/6/Honda-HR_V-2027.jpg'},{url:'https://imagescdn.d2cmedia.ca/cb8d368912f9d33d49903a619e7926715b/2221/14354512/7/Honda-HR_V-2027.jpg'},{url:'https://imagescdn.d2cmedia.ca/cb8d368912f9d33d49903a619e7926715b/2221/14354512/8/Honda-HR_V-2027.jpg'},{url:'https://imagescdn.d2cmedia.ca/cb8d368912f9d33d49903a619e7926715b/2221/14354512/9/Honda-HR_V-2027.jpg'}]",20,KM,https://www.number7honda.com/new/inventory/2027-Honda-HR_V-id14354512.html,2027 Honda HR-V 4dr 2wd Lx at Number 7 Honda,34496 CAD,New,Black,,2221,Number 7 Honda,+1-905-851-2258,"{addr1: '5555 Highway 7 W', city: 'Woodbridge', region: 'Ontario', postal_code: 'L4L 1T5', country: 'CA'}",43.7900000000,-79.5980000000,,,,,https://www.number7honda.com/privacy-policy.html,New,2221,In stock,,34496 CAD,Free,
19XFL2H89TE400285,19XFL2H89TE400285,26772-new,Honda,Civic Hatchback,5dr Cvt Sport,2026,AUTOMATIC,HATCHBACK,GASOLINE,,"2026 Honda Civic Hatchback 5dr Cvt Sport, White exterior","[{url:'https://imagescdn.d2cmedia.ca/cb559a42b817c7816fc33d198e17dde98f/2221/13292258/1/Honda-Civic Hatchback-2026.jpg'},{url:'https://imagescdn.d2cmedia.ca/s8559a42b817c7816fc33d198e17dde98f/2221/13292258/1/Honda-Civic_Hatchback-2026.jpg'},{url:'https://imagescdn.d2cmedia.ca/cb559a42b817c7816fc33d198e17dde98f/2221/13292258/1/Honda-Civic_Hatchback-2026.jpg'},{url:'https://imagescdn.d2cmedia.ca/cb559a42b817c7816fc33d198e17dde98f/2221/13292258/2/Honda-Civic_Hatchback-2026.jpg'},{url:'https://imagescdn.d2cmedia.ca/cb559a42b817c7816fc33d198e17dde98f/2221/13292258/3/Honda-Civic_Hatchback-2026.jpg'},{url:'https://imagescdn.d2cmedia.ca/cb559a42b817c7816fc33d198e17dde98f/2221/13292258/4/Honda-Civic_Hatchback-2026.jpg'},{url:'https://imagescdn.d2cmedia.ca/cb559a42b817c7816fc33d198e17dde98f/2221/13292258/5/Honda-Civic_Hatchback-2026.jpg'},{url:'https://imagescdn.d2cmedia.ca/cb559a42b817c7816fc33d198e17dde98f/2221/13292258/6/Honda-Civic_Hatchback-2026.jpg'},{url:'https://imagescdn.d2cmedia.ca/cb559a42b817c7816fc33d198e17dde98f/2221/13292258/7/Honda-Civic_Hatchback-2026.jpg'},{url:'https://imagescdn.d2cmedia.ca/cb559a42b817c7816fc33d198e17dde98f/2221/13292258/8/Honda-Civic_Hatchback-2026.jpg'}]",0,KM,https://www.number7honda.com/new/inventory/2026-Honda-Civic_Hatchback-id13292258.html,2026 Honda Civic Hatchback 5dr Cvt Sport at Number 7 Honda,35826 CAD,New,White,,2221,Number 7 Honda,+1-905-851-2258,"{addr1: '5555 Highway 7 W', city: 'Woodbridge', region: 'Ontario', postal_code: 'L4L 1T5', country: 'CA'}",43.7900000000,-79.5980000000,,,,,https://www.number7honda.com/privacy-policy.html,New,2221,In stock,,35826 CAD,Free,
19XFL2H85TE400526,19XFL2H85TE400526,261323-new,Honda,Civic Hatchback,5dr Cvt Sport,2026,AUTOMATIC,HATCHBACK,GASOLINE,,"2026 Honda Civic Hatchback 5dr Cvt Sport, Black exterior","[{url:'https://imagescdn.d2cmedia.ca/cbae39bb8f92666b760c86aff8186f59d9/2221/13713122/1/Honda-Civic Hatchback-2026.jpg'},{url:'https://imagescdn.d2cmedia.ca/s8ae39bb8f92666b760c86aff8186f59d9/2221/13713122/1/Honda-Civic_Hatchback-2026.jpg'},{url:'https://imagescdn.d2cmedia.ca/cbae39bb8f92666b760c86aff8186f59d9/2221/13713122/1/Honda-Civic_Hatchback-2026.jpg'},{url:'https://imagescdn.d2cmedia.ca/cbae39bb8f92666b760c86aff8186f59d9/2221/13713122/2/Honda-Civic_Hatchback-2026.jpg'},{url:'https://imagescdn.d2cmedia.ca/cbae39bb8f92666b760c86aff8186f59d9/2221/13713122/3/Honda-Civic_Hatchback-2026.jpg'},{url:'https://imagescdn.d2cmedia.ca/cbae39bb8f92666b760c86aff8186f59d9/2221/13713122/4/Honda-Civic_Hatchback-2026.jpg'},{url:'https://imagescdn.d2cmedia.ca/cbae39bb8f92666b760c86aff8186f59d9/2221/13713122/5/Honda-Civic_Hatchback-2026.jpg'},{url:'https://imagescdn.d2cmedia.ca/cbae39bb8f92666b760c86aff8186f59d9/2221/13713122/6/Honda-Civic_Hatchback-2026.jpg'},{url:'https://imagescdn.d2cmedia.ca/cbae39bb8f92666b760c86aff8186f59d9/2221/13713122/7/Honda-Civic_Hatchback-2026.jpg'},{url:'https://imagescdn.d2cmedia.ca/cbae39bb8f92666b760c86aff8186f59d9/2221/13713122/8/Honda-Civic_Hatchback-2026.jpg'}]",0,KM,https://www.number7honda.com/new/inventory/2026-Honda-Civic_Hatchback-id13713122.html,2026 Honda Civic Hatchback 5dr Cvt Sport at Number 7 Honda,35826 CAD,New,Black,,2221,Number 7 Honda,+1-905-851-2258,"{addr1: '5555 Highway 7 W', city: 'Woodbridge', region: 'Ontario', postal_code: 'L4L 1T5', country: 'CA'}",43.7900000000,-79.5980000000,,,,,https://www.number7honda.com/privacy-policy.html,New,2221,In stock,,35826 CAD,Free,
19XFL2H8XTE400716,19XFL2H8XTE400716,262005-new,Honda,Civic Hatchback,5dr Cvt Sport,2026,AUTOMATIC,HATCHBACK,GASOLINE,,"2026 Honda Civic Hatchback 5dr Cvt Sport, White exterior","[{url:'https://imagescdn.d2cmedia.ca/cbd85c5b5e9d0c1076ebc5b59e611d1f57/2221/14292842/1/Honda-Civic Hatchback-2026.jpg'},{url:'https://imagescdn.d2cmedia.ca/s8d85c5b5e9d0c1076ebc5b59e611d1f57/2221/14292842/1/Honda-Civic_Hatchback-2026.jpg'},{url:'https://imagescdn.d2cmedia.ca/cbd85c5b5e9d0c1076ebc5b59e611d1f57/2221/14292842/1/Honda-Civic_Hatchback-2026.jpg'},{url:'https://imagescdn.d2cmedia.ca/cbd85c5b5e9d0c1076ebc5b59e611d1f57/2221/14292842/2/Honda-Civic_Hatchback-2026.jpg'},{url:'https://imagescdn.d2cmedia.ca/cbd85c5b5e9d0c1076ebc5b59e611d1f57/2221/14292842/3/Honda-Civic_Hatchback-2026.jpg'},{url:'https://imagescdn.d2cmedia.ca/cbd85c5b5e9d0c1076ebc5b59e611d1f57/2221/14292842/4/Honda-Civic_Hatchback-2026.jpg'},{url:'https://imagescdn.d2cmedia.ca/cbd85c5b5e9d0c1076ebc5b59e611d1f57/2221/14292842/5/Honda-Civic_Hatchback-2026.jpg'},{url:'https://imagescdn.d2cmedia.ca/cbd85c5b5e9d0c1076ebc5b59e611d1f57/2221/14292842/6/Honda-Civic_Hatchback-2026.jpg'},{url:'https://imagescdn.d2cmedia.ca/cbd85c5b5e9d0c1076ebc5b59e611d1f57/2221/14292842/7/Honda-Civic_Hatchback-2026.jpg'},{url:'https://imagescdn.d2cmedia.ca/cbd85c5b5e9d0c1076ebc5b59e611d1f57/2221/14292842/8/Honda-Civic_Hatchback-2026.jpg'}]",20,KM,https://www.number7honda.com/new/inventory/2026-Honda-Civic_Hatchback-id14292842.html,2026 Honda Civic Hatchback 5dr Cvt Sport at Number 7 Honda,35826 CAD,New,White,,2221,Number 7 Honda,+1-905-851-2258,"{addr1: '5555 Highway 7 W', city: 'Woodbridge', region: 'Ontario', postal_code: 'L4L 1T5', country: 'CA'}",43.7900000000,-79.5980000000,,,,,https://www.number7honda.com/privacy-policy.html,New,2221,In stock,,35826 CAD,Free,
19XFL2H84TE400744,19XFL2H84TE400744,262006-new,Honda,Civic Hatchback,5dr Cvt Sport,2026,AUTOMATIC,HATCHBACK,GASOLINE,,"2026 Honda Civic Hatchback 5dr Cvt Sport, Black exterior","[{url:'https://imagescdn.d2cmedia.ca/cbf72cbd2e40cf43ec79a221c38ae7b08a/2221/14292843/1/Honda-Civic Hatchback-2026.jpg'},{url:'https://imagescdn.d2cmedia.ca/s8f72cbd2e40cf43ec79a221c38ae7b08a/2221/14292843/1/Honda-Civic_Hatchback-2026.jpg'},{url:'https://imagescdn.d2cmedia.ca/cbf72cbd2e40cf43ec79a221c38ae7b08a/2221/14292843/1/Honda-Civic_Hatchback-2026.jpg'},{url:'https://imagescdn.d2cmedia.ca/cbf72cbd2e40cf43ec79a221c38ae7b08a/2221/14292843/2/Honda-Civic_Hatchback-2026.jpg'},{url:'https://imagescdn.d2cmedia.ca/cbf72cbd2e40cf43ec79a221c38ae7b08a/2221/14292843/3/Honda-Civic_Hatchback-2026.jpg'},{url:'https://imagescdn.d2cmedia.ca/cbf72cbd2e40cf43ec79a221c38ae7b08a/2221/14292843/4/Honda-Civic_Hatchback-2026.jpg'},{url:'https://imagescdn.d2cmedia.ca/cbf72cbd2e40cf43ec79a221c38ae7b08a/2221/14292843/5/Honda-Civic_Hatchback-2026.jpg'},{url:'https://imagescdn.d2cmedia.ca/cbf72cbd2e40cf43ec79a221c38ae7b08a/2221/14292843/6/Honda-Civic_Hatchback-2026.jpg'},{url:'https://imagescdn.d2cmedia.ca/cbf72cbd2e40cf43ec79a221c38ae7b08a/2221/14292843/7/Honda-Civic_Hatchback-2026.jpg'},{url:'https://imagescdn.d2cmedia.ca/cbf72cbd2e40cf43ec79a221c38ae7b08a/2221/14292843/8/Honda-Civic_Hatchback-2026.jpg'}]",20,KM,https://www.number7honda.com/new/inventory/2026-Honda-Civic_Hatchback-id14292843.html,2026 Honda Civic Hatchback 5dr Cvt Sport at Number 7 Honda,35826 CAD,New,Black,,2221,Number 7 Honda,+1-905-851-2258,"{addr1: '5555 Highway 7 W', city: 'Woodbridge', region: 'Ontario', postal_code: 'L4L 1T5', country: 'CA'}",43.7900000000,-79.5980000000,,,,,https://www.number7honda.com/privacy-policy.html,New,2221,In stock,,35826 CAD,Free,
2HGFE2F5XTH108945,2HGFE2F5XTH108945,261057-new,Honda,Civic Sedan,4dr Cvt Sport,2026,AUTOMATIC,SEDAN,GASOLINE,,"2026 Honda Civic Sedan 4dr Cvt Sport, White exterior","[{url:'https://imagescdn.d2cmedia.ca/cb3db1f829a3d30334c22444dc50dfa9e0/2221/13528538/1/Honda-Civic Sedan-2026.jpg'},{url:'https://imagescdn.d2cmedia.ca/s83db1f829a3d30334c22444dc50dfa9e0/2221/13528538/1/Honda-Civic_Sedan-2026.jpg'},{url:'https://imagescdn.d2cmedia.ca/cb3db1f829a3d30334c22444dc50dfa9e0/2221/13528538/1/Honda-Civic_Sedan-2026.jpg'},{url:'https://imagescdn.d2cmedia.ca/cb3db1f829a3d30334c22444dc50dfa9e0/2221/13528538/2/Honda-Civic_Sedan-2026.jpg'},{url:'https://imagescdn.d2cmedia.ca/cb3db1f829a3d30334c22444dc50dfa9e0/2221/13528538/3/Honda-Civic_Sedan-2026.jpg'},{url:'https://imagescdn.d2cmedia.ca/cb3db1f829a3d30334c22444dc50dfa9e0/2221/13528538/4/Honda-Civic_Sedan-2026.jpg'},{url:'https://imagescdn.d2cmedia.ca/cb3db1f829a3d30334c22444dc50dfa9e0/2221/13528538/5/Honda-Civic_Sedan-2026.jpg'},{url:'https://imagescdn.d2cmedia.ca/cb3db1f829a3d30334c22444dc50dfa9e0/2221/13528538/6/Honda-Civic_Sedan-2026.jpg'},{url:'https://imagescdn.d2cmedia.ca/cb3db1f829a3d30334c22444dc50dfa9e0/2221/13528538/7/Honda-Civic_Sedan-2026.jpg'},{url:'https://imagescdn.d2cmedia.ca/cb3db1f829a3d30334c22444dc50dfa9e0/2221/13528538/8/Honda-Civic_Sedan-2026.jpg'}]",0,KM,https://www.number7honda.com/new/inventory/2026-Honda-Civic_Sedan-id13528538.html,2026 Honda Civic Sedan 4dr Cvt Sport at Number 7 Honda,35826 CAD,New,White,,2221,Number 7 Honda,+1-905-851-2258,"{addr1: '5555 Highway 7 W', city: 'Woodbridge', region: 'Ontario', postal_code: 'L4L 1T5', country: 'CA'}",43.7900000000,-79.5980000000,,,,,https://www.number7honda.com/privacy-policy.html,New,2221,In stock,,35826 CAD,Free,
2HGFE2F57TH108935,2HGFE2F57TH108935,261090-new,Honda,Civic Sedan,4dr Cvt Sport,2026,AUTOMATIC,SEDAN,GASOLINE,,"2026 Honda Civic Sedan 4dr Cvt Sport, White exterior","[{url:'https://imagescdn.d2cmedia.ca/cb286f7e2381ec597f6de197f35d0e4dc3/2221/13545958/1/Honda-Civic Sedan-2026.jpg'},{url:'https://imagescdn.d2cmedia.ca/s8286f7e2381ec597f6de197f35d0e4dc3/2221/13545958/1/Honda-Civic_Sedan-2026.jpg'},{url:'https://imagescdn.d2cmedia.ca/cb286f7e2381ec597f6de197f35d0e4dc3/2221/13545958/1/Honda-Civic_Sedan-2026.jpg'},{url:'https://imagescdn.d2cmedia.ca/cb286f7e2381ec597f6de197f35d0e4dc3/2221/13545958/2/Honda-Civic_Sedan-2026.jpg'},{url:'https://imagescdn.d2cmedia.ca/cb286f7e2381ec597f6de197f35d0e4dc3/2221/13545958/3/Honda-Civic_Sedan-2026.jpg'},{url:'https://imagescdn.d2cmedia.ca/cb286f7e2381ec597f6de197f35d0e4dc3/2221/13545958/4/Honda-Civic_Sedan-2026.jpg'},{url:'https://imagescdn.d2cmedia.ca/cb286f7e2381ec597f6de197f35d0e4dc3/2221/13545958/5/Honda-Civic_Sedan-2026.jpg'},{url:'https://imagescdn.d2cmedia.ca/cb286f7e2381ec597f6de197f35d0e4dc3/2221/13545958/6/Honda-Civic_Sedan-2026.jpg'},{url:'https://imagescdn.d2cmedia.ca/cb286f7e2381ec597f6de197f35d0e4dc3/2221/13545958/7/Honda-Civic_Sedan-2026.jpg'},{url:'https://imagescdn.d2cmedia.ca/cb286f7e2381ec597f6de197f35d0e4dc3/2221/13545958/8/Honda-Civic_Sedan-2026.jpg'}]",0,KM,https://www.number7honda.com/new/inventory/2026-Honda-Civic_Sedan-id13545958.html,2026 Honda Civic Sedan 4dr Cvt Sport at Number 7 Honda,35826 CAD,New,White,,2221,Number 7 Honda,+1-905-851-2258,"{addr1: '5555 Highway 7 W', city: 'Woodbridge', region: 'Ontario', postal_code: 'L4L 1T5', country: 'CA'}",43.7900000000,-79.5980000000,,,,,https://www.number7honda.com/privacy-policy.html,New,2221,In stock,,35826 CAD,Free,
2HGFE2F52TH111208,2HGFE2F52TH111208,261395-new,Honda,Civic Sedan,4dr Cvt Sport,2026,AUTOMATIC,SEDAN,GASOLINE,,"2026 Honda Civic Sedan 4dr Cvt Sport, White exterior","[{url:'https://imagescdn.d2cmedia.ca/cb3f4556235bee8dd854334049ecf57694/2221/13758815/1/Honda-Civic Sedan-2026.jpg'},{url:'https://imagescdn.d2cmedia.ca/s83f4556235bee8dd854334049ecf57694/2221/13758815/1/Honda-Civic_Sedan-2026.jpg'},{url:'https://imagescdn.d2cmedia.ca/cb3f4556235bee8dd854334049ecf57694/2221/13758815/1/Honda-Civic_Sedan-2026.jpg'},{url:'https://imagescdn.d2cmedia.ca/cb3f4556235bee8dd854334049ecf57694/2221/13758815/2/Honda-Civic_Sedan-2026.jpg'},{url:'https://imagescdn.d2cmedia.ca/cb3f4556235bee8dd854334049ecf57694/2221/13758815/3/Honda-Civic_Sedan-2026.jpg'},{url:'https://imagescdn.d2cmedia.ca/cb3f4556235bee8dd854334049ecf57694/2221/13758815/4/Honda-Civic_Sedan-2026.jpg'},{url:'https://imagescdn.d2cmedia.ca/cb3f4556235bee8dd854334049ecf57694/2221/13758815/5/Honda-Civic_Sedan-2026.jpg'},{url:'https://imagescdn.d2cmedia.ca/cb3f4556235bee8dd854334049ecf57694/2221/13758815/6/Honda-Civic_Sedan-2026.jpg'},{url:'https://imagescdn.d2cmedia.ca/cb3f4556235bee8dd854334049ecf57694/2221/13758815/7/Honda-Civic_Sedan-2026.jpg'},{url:'https://imagescdn.d2cmedia.ca/cb3f4556235bee8dd854334049ecf57694/2221/13758815/8/Honda-Civic_Sedan-2026.jpg'}]",0,KM,https://www.number7honda.com/new/inventory/2026-Honda-Civic_Sedan-id13758815.html,2026 Honda Civic Sedan 4dr Cvt Sport at Number 7 Honda,35826 CAD,New,White,,2221,Number 7 Honda,+1-905-851-2258,"{addr1: '5555 Highway 7 W', city: 'Woodbridge', region: 'Ontario', postal_code: 'L4L 1T5', country: 'CA'}",43.7900000000,-79.5980000000,,,,,https://www.number7honda.com/privacy-policy.html,New,2221,In stock,,35826 CAD,Free,
2HGFE2F55TH111199,2HGFE2F55TH111199,261396-new,Honda,Civic Sedan,4dr Cvt Sport,2026,AUTOMATIC,SEDAN,GASOLINE,,"2026 Honda Civic Sedan 4dr Cvt Sport, White exterior","[{url:'https://imagescdn.d2cmedia.ca/cbb5035b970de94cb183e8c412d62ff399/2221/13758816/1/Honda-Civic Sedan-2026.jpg'},{url:'https://imagescdn.d2cmedia.ca/s8b5035b970de94cb183e8c412d62ff399/2221/13758816/1/Honda-Civic_Sedan-2026.jpg'},{url:'https://imagescdn.d2cmedia.ca/cbb5035b970de94cb183e8c412d62ff399/2221/13758816/1/Honda-Civic_Sedan-2026.jpg'},{url:'https://imagescdn.d2cmedia.ca/cbb5035b970de94cb183e8c412d62ff399/2221/13758816/2/Honda-Civic_Sedan-2026.jpg'},{url:'https://imagescdn.d2cmedia.ca/cbb5035b970de94cb183e8c412d62ff399/2221/13758816/3/Honda-Civic_Sedan-2026.jpg'},{url:'https://imagescdn.d2cmedia.ca/cbb5035b970de94cb183e8c412d62ff399/2221/13758816/4/Honda-Civic_Sedan-2026.jpg'},{url:'https://imagescdn.d2cmedia.ca/cbb5035b970de94cb183e8c412d62ff399/2221/13758816/5/Honda-Civic_Sedan-2026.jpg'},{url:'https://imagescdn.d2cmedia.ca/cbb5035b970de94cb183e8c412d62ff399/2221/13758816/6/Honda-Civic_Sedan-2026.jpg'},{url:'https://imagescdn.d2cmedia.ca/cbb5035b970de94cb183e8c412d62ff399/2221/13758816/7/Honda-Civic_Sedan-2026.jpg'},{url:'https://imagescdn.d2cmedia.ca/cbb5035b970de94cb183e8c412d62ff399/2221/13758816/8/Honda-Civic_Sedan-2026.jpg'}]",0,KM,https://www.number7honda.com/new/inventory/2026-Honda-Civic_Sedan-id13758816.html,2026 Honda Civic Sedan 4dr Cvt Sport at Number 7 Honda,35826 CAD,New,White,,2221,Number 7 Honda,+1-905-851-2258,"{addr1: '5555 Highway 7 W', city: 'Woodbridge', region: 'Ontario', postal_code: 'L4L 1T5', country: 'CA'}",43.7900000000,-79.5980000000,,,,,https://www.number7honda.com/privacy-policy.html,New,2221,In stock,,35826 CAD,Free,
2HGFE2F53TH113811,2HGFE2F53TH113811,261669-new,Honda,Civic Sedan,4dr Cvt Sport,2026,AUTOMATIC,SEDAN,GASOLINE,,"2026 Honda Civic Sedan 4dr Cvt Sport, White exterior","[{url:'https://imagescdn.d2cmedia.ca/cb8bb8071fbac5cabb11c56c62becacd67/2221/13931767/1/Honda-Civic Sedan-2026.jpg'},{url:'https://imagescdn.d2cmedia.ca/s88bb8071fbac5cabb11c56c62becacd67/2221/13931767/1/Honda-Civic_Sedan-2026.jpg'},{url:'https://imagescdn.d2cmedia.ca/cb8bb8071fbac5cabb11c56c62becacd67/2221/13931767/1/Honda-Civic_Sedan-2026.jpg'},{url:'https://imagescdn.d2cmedia.ca/cb8bb8071fbac5cabb11c56c62becacd67/2221/13931767/2/Honda-Civic_Sedan-2026.jpg'},{url:'https://imagescdn.d2cmedia.ca/cb8bb8071fbac5cabb11c56c62becacd67/2221/13931767/3/Honda-Civic_Sedan-2026.jpg'},{url:'https://imagescdn.d2cmedia.ca/cb8bb8071fbac5cabb11c56c62becacd67/2221/13931767/4/Honda-Civic_Sedan-2026.jpg'},{url:'https://imagescdn.d2cmedia.ca/cb8bb8071fbac5cabb11c56c62becacd67/2221/13931767/5/Honda-Civic_Sedan-2026.jpg'},{url:'https://imagescdn.d2cmedia.ca/cb8bb8071fbac5cabb11c56c62becacd67/2221/13931767/6/Honda-Civic_Sedan-2026.jpg'},{url:'https://imagescdn.d2cmedia.ca/cb8bb8071fbac5cabb11c56c62becacd67/2221/13931767/7/Honda-Civic_Sedan-2026.jpg'},{url:'https://imagescdn.d2cmedia.ca/cb8bb8071fbac5cabb11c56c62becacd67/2221/13931767/8/Honda-Civic_Sedan-2026.jpg'}]",0,KM,https://www.number7honda.com/new/inventory/2026-Honda-Civic_Sedan-id13931767.html,2026 Honda Civic Sedan 4dr Cvt Sport at Number 7 Honda,35826 CAD,New,White,,2221,Number 7 Honda,+1-905-851-2258,"{addr1: '5555 Highway 7 W', city: 'Woodbridge', region: 'Ontario', postal_code: 'L4L 1T5', country: 'CA'}",43.7900000000,-79.5980000000,,,,,https://www.number7honda.com/privacy-policy.html,New,2221,In stock,,35826 CAD,Free,
2HGFE2F54TH113817,2HGFE2F54TH113817,261670-new,Honda,Civic Sedan,4dr Cvt Sport,2026,AUTOMATIC,SEDAN,GASOLINE,,"2026 Honda Civic Sedan 4dr Cvt Sport, White exterior","[{url:'https://imagescdn.d2cmedia.ca/cb1b4d4a8f6e6dcb3efd5669b0f40ada56/2221/13931768/1/Honda-Civic Sedan-2026.jpg'},{url:'https://imagescdn.d2cmedia.ca/s81b4d4a8f6e6dcb3efd5669b0f40ada56/2221/13931768/1/Honda-Civic_Sedan-2026.jpg'},{url:'https://imagescdn.d2cmedia.ca/cb1b4d4a8f6e6dcb3efd5669b0f40ada56/2221/13931768/1/Honda-Civic_Sedan-2026.jpg'},{url:'https://imagescdn.d2cmedia.ca/cb1b4d4a8f6e6dcb3efd5669b0f40ada56/2221/13931768/2/Honda-Civic_Sedan-2026.jpg'},{url:'https://imagescdn.d2cmedia.ca/cb1b4d4a8f6e6dcb3efd5669b0f40ada56/2221/13931768/3/Honda-Civic_Sedan-2026.jpg'},{url:'https://imagescdn.d2cmedia.ca/cb1b4d4a8f6e6dcb3efd5669b0f40ada56/2221/13931768/4/Honda-Civic_Sedan-2026.jpg'},{url:'https://imagescdn.d2cmedia.ca/cb1b4d4a8f6e6dcb3efd5669b0f40ada56/2221/13931768/5/Honda-Civic_Sedan-2026.jpg'},{url:'https://imagescdn.d2cmedia.ca/cb1b4d4a8f6e6dcb3efd5669b0f40ada56/2221/13931768/6/Honda-Civic_Sedan-2026.jpg'},{url:'https://imagescdn.d2cmedia.ca/cb1b4d4a8f6e6dcb3efd5669b0f40ada56/2221/13931768/7/Honda-Civic_Sedan-2026.jpg'},{url:'https://imagescdn.d2cmedia.ca/cb1b4d4a8f6e6dcb3efd5669b0f40ada56/2221/13931768/8/Honda-Civic_Sedan-2026.jpg'}]",0,KM,https://www.number7honda.com/new/inventory/2026-Honda-Civic_Sedan-id13931768.html,2026 Honda Civic Sedan 4dr Cvt Sport at Number 7 Honda,35826 CAD,New,White,,2221,Number 7 Honda,+1-905-851-2258,"{addr1: '5555 Highway 7 W', city: 'Woodbridge', region: 'Ontario', postal_code: 'L4L 1T5', country: 'CA'}",43.7900000000,-79.5980000000,,,,,https://www.number7honda.com/privacy-policy.html,New,2221,In stock,,35826 CAD,Free,
2HGFE2F50TH116584,2HGFE2F50TH116584,261912,Honda,Civic Sedan,Sport Cvt,2026,AUTOMATIC,SEDAN,GASOLINE,,"2026 Honda Civic Sedan Sport Cvt, Grey exterior","[{url:'https://imagescdn.d2cmedia.ca/cb1bcbcb8a73556c47814451f63791a066/2221/14205869/1/Honda-Civic Sedan-2026.jpg'},{url:'https://imagescdn.d2cmedia.ca/s81bcbcb8a73556c47814451f63791a066/2221/14205869/1/Honda-Civic_Sedan-2026.jpg'},{url:'https://imagescdn.d2cmedia.ca/cb1bcbcb8a73556c47814451f63791a066/2221/14205869/1/Honda-Civic_Sedan-2026.jpg'},{url:'https://imagescdn.d2cmedia.ca/cb1bcbcb8a73556c47814451f63791a066/2221/14205869/2/Honda-Civic_Sedan-2026.jpg'},{url:'https://imagescdn.d2cmedia.ca/cb1bcbcb8a73556c47814451f63791a066/2221/14205869/3/Honda-Civic_Sedan-2026.jpg'},{url:'https://imagescdn.d2cmedia.ca/cb1bcbcb8a73556c47814451f63791a066/2221/14205869/4/Honda-Civic_Sedan-2026.jpg'},{url:'https://imagescdn.d2cmedia.ca/cb1bcbcb8a73556c47814451f63791a066/2221/14205869/5/Honda-Civic_Sedan-2026.jpg'},{url:'https://imagescdn.d2cmedia.ca/cb1bcbcb8a73556c47814451f63791a066/2221/14205869/6/Honda-Civic_Sedan-2026.jpg'},{url:'https://imagescdn.d2cmedia.ca/cb1bcbcb8a73556c47814451f63791a066/2221/14205869/7/Honda-Civic_Sedan-2026.jpg'},{url:'https://imagescdn.d2cmedia.ca/cb1bcbcb8a73556c47814451f63791a066/2221/14205869/8/Honda-Civic_Sedan-2026.jpg'}]",0,KM,https://www.number7honda.com/new/inventory/2026-Honda-Civic_Sedan-id14205869.html,2026 Honda Civic Sedan Sport Cvt at Number 7 Honda,35826 CAD,New,Grey,,2221,Number 7 Honda,+1-905-851-2258,"{addr1: '5555 Highway 7 W', city: 'Woodbridge', region: 'Ontario', postal_code: 'L4L 1T5', country: 'CA'}",43.7900000000,-79.5980000000,,,,,https://www.number7honda.com/privacy-policy.html,New,2221,In stock,,35826 CAD,Free,
2HGFE2F59TH116616,2HGFE2F59TH116616,261922-new,Honda,Civic Sedan,4dr Cvt Sport,2026,AUTOMATIC,SEDAN,GASOLINE,,"2026 Honda Civic Sedan 4dr Cvt Sport, White exterior","[{url:'https://imagescdn.d2cmedia.ca/cb9967ac45366919a8fa8d2db25f77be2f/2221/14211040/1/Honda-Civic Sedan-2026.jpg'},{url:'https://imagescdn.d2cmedia.ca/s89967ac45366919a8fa8d2db25f77be2f/2221/14211040/1/Honda-Civic_Sedan-2026.jpg'},{url:'https://imagescdn.d2cmedia.ca/cb9967ac45366919a8fa8d2db25f77be2f/2221/14211040/1/Honda-Civic_Sedan-2026.jpg'},{url:'https://imagescdn.d2cmedia.ca/cb9967ac45366919a8fa8d2db25f77be2f/2221/14211040/2/Honda-Civic_Sedan-2026.jpg'},{url:'https://imagescdn.d2cmedia.ca/cb9967ac45366919a8fa8d2db25f77be2f/2221/14211040/3/Honda-Civic_Sedan-2026.jpg'},{url:'https://imagescdn.d2cmedia.ca/cb9967ac45366919a8fa8d2db25f77be2f/2221/14211040/4/Honda-Civic_Sedan-2026.jpg'},{url:'https://imagescdn.d2cmedia.ca/cb9967ac45366919a8fa8d2db25f77be2f/2221/14211040/5/Honda-Civic_Sedan-2026.jpg'},{url:'https://imagescdn.d2cmedia.ca/cb9967ac45366919a8fa8d2db25f77be2f/2221/14211040/6/Honda-Civic_Sedan-2026.jpg'},{url:'https://imagescdn.d2cmedia.ca/cb9967ac45366919a8fa8d2db25f77be2f/2221/14211040/7/Honda-Civic_Sedan-2026.jpg'},{url:'https://imagescdn.d2cmedia.ca/cb9967ac45366919a8fa8d2db25f77be2f/2221/14211040/8/Honda-Civic_Sedan-2026.jpg'}]",0,KM,https://www.number7honda.com/new/inventory/2026-Honda-Civic_Sedan-id14211040.html,2026 Honda Civic Sedan 4dr Cvt Sport at Number 7 Honda,35826 CAD,New,White,,2221,Number 7 Honda,+1-905-851-2258,"{addr1: '5555 Highway 7 W', city: 'Woodbridge', region: 'Ontario', postal_code: 'L4L 1T5', country: 'CA'}",43.7900000000,-79.5980000000,,,,,https://www.number7honda.com/privacy-policy.html,New,2221,In stock,,35826 CAD,Free,
2HGFE2F50TH116620,2HGFE2F50TH116620,261923-new,Honda,Civic Sedan,4dr Cvt Sport,2026,AUTOMATIC,SEDAN,GASOLINE,,"2026 Honda Civic Sedan 4dr Cvt Sport, White exterior","[{url:'https://imagescdn.d2cmedia.ca/cb8aa424731740142d906f34d391599512/2221/14211041/1/Honda-Civic Sedan-2026.jpg'},{url:'https://imagescdn.d2cmedia.ca/s88aa424731740142d906f34d391599512/2221/14211041/1/Honda-Civic_Sedan-2026.jpg'},{url:'https://imagescdn.d2cmedia.ca/cb8aa424731740142d906f34d391599512/2221/14211041/1/Honda-Civic_Sedan-2026.jpg'},{url:'https://imagescdn.d2cmedia.ca/cb8aa424731740142d906f34d391599512/2221/14211041/2/Honda-Civic_Sedan-2026.jpg'},{url:'https://imagescdn.d2cmedia.ca/cb8aa424731740142d906f34d391599512/2221/14211041/3/Honda-Civic_Sedan-2026.jpg'},{url:'https://imagescdn.d2cmedia.ca/cb8aa424731740142d906f34d391599512/2221/14211041/4/Honda-Civic_Sedan-2026.jpg'},{url:'https://imagescdn.d2cmedia.ca/cb8aa424731740142d906f34d391599512/2221/14211041/5/Honda-Civic_Sedan-2026.jpg'},{url:'https://imagescdn.d2cmedia.ca/cb8aa424731740142d906f34d391599512/2221/14211041/6/Honda-Civic_Sedan-2026.jpg'},{url:'https://imagescdn.d2cmedia.ca/cb8aa424731740142d906f34d391599512/2221/14211041/7/Honda-Civic_Sedan-2026.jpg'},{url:'https://imagescdn.d2cmedia.ca/cb8aa424731740142d906f34d391599512/2221/14211041/8/Honda-Civic_Sedan-2026.jpg'}]",0,KM,https://www.number7honda.com/new/inventory/2026-Honda-Civic_Sedan-id14211041.html,2026 Honda Civic Sedan 4dr Cvt Sport at Number 7 Honda,35826 CAD,New,White,,2221,Number 7 Honda,+1-905-851-2258,"{addr1: '5555 Highway 7 W', city: 'Woodbridge', region: 'Ontario', postal_code: 'L4L 1T5', country: 'CA'}",43.7900000000,-79.5980000000,,,,,https://www.number7honda.com/privacy-policy.html,New,2221,In stock,,35826 CAD,Free,
3CZRZ2H37VM105639,3CZRZ2H37VM105639,27069-new,Honda,HR-V,4dr Awd Lx,2027,AUTOMATIC,SUV,GASOLINE,,"2027 Honda HR-V 4dr Awd Lx, White exterior","[{url:'https://imagescdn.d2cmedia.ca/cb35844c3d4a5a27c8005f6b094b8ab235/2221/14273136/1/Honda-HR_V-2027.jpg'},{url:'https://imagescdn.d2cmedia.ca/s835844c3d4a5a27c8005f6b094b8ab235/2221/14273136/1/Honda-HR_V-2027.jpg'},{url:'https://imagescdn.d2cmedia.ca/cb35844c3d4a5a27c8005f6b094b8ab235/2221/14273136/2/Honda-HR_V-2027.jpg'},{url:'https://imagescdn.d2cmedia.ca/cb35844c3d4a5a27c8005f6b094b8ab235/2221/14273136/3/Honda-HR_V-2027.jpg'},{url:'https://imagescdn.d2cmedia.ca/cb35844c3d4a5a27c8005f6b094b8ab235/2221/14273136/4/Honda-HR_V-2027.jpg'},{url:'https://imagescdn.d2cmedia.ca/cb35844c3d4a5a27c8005f6b094b8ab235/2221/14273136/5/Honda-HR_V-2027.jpg'},{url:'https://imagescdn.d2cmedia.ca/cb35844c3d4a5a27c8005f6b094b8ab235/2221/14273136/6/Honda-HR_V-2027.jpg'},{url:'https://imagescdn.d2cmedia.ca/cb35844c3d4a5a27c8005f6b094b8ab235/2221/14273136/7/Honda-HR_V-2027.jpg'},{url:'https://imagescdn.d2cmedia.ca/cb35844c3d4a5a27c8005f6b094b8ab235/2221/14273136/8/Honda-HR_V-2027.jpg'},{url:'https://imagescdn.d2cmedia.ca/cb35844c3d4a5a27c8005f6b094b8ab235/2221/14273136/9/Honda-HR_V-2027.jpg'}]",20,KM,https://www.number7honda.com/new/inventory/2027-Honda-HR_V-id14273136.html,2027 Honda HR-V 4dr Awd Lx at Number 7 Honda,36796 CAD,New,White,,2221,Number 7 Honda,+1-905-851-2258,"{addr1: '5555 Highway 7 W', city: 'Woodbridge', region: 'Ontario', postal_code: 'L4L 1T5', country: 'CA'}",43.7900000000,-79.5980000000,,,,,https://www.number7honda.com/privacy-policy.html,New,2221,In stock,,36796 CAD,Free,
3CZRZ2H39VM106677,3CZRZ2H39VM106677,27089-new,Honda,HR-V,4dr Awd Lx,2027,AUTOMATIC,SUV,GASOLINE,,"2027 Honda HR-V 4dr Awd Lx, White exterior","[{url:'https://imagescdn.d2cmedia.ca/cbe62538e93180f77cee4d84e1aa3a924b/2221/14379935/1/Honda-HR_V-2027.jpg'},{url:'https://imagescdn.d2cmedia.ca/s8e62538e93180f77cee4d84e1aa3a924b/2221/14379935/1/Honda-HR_V-2027.jpg'},{url:'https://imagescdn.d2cmedia.ca/cbe62538e93180f77cee4d84e1aa3a924b/2221/14379935/2/Honda-HR_V-2027.jpg'},{url:'https://imagescdn.d2cmedia.ca/cbe62538e93180f77cee4d84e1aa3a924b/2221/14379935/3/Honda-HR_V-2027.jpg'},{url:'https://imagescdn.d2cmedia.ca/cbe62538e93180f77cee4d84e1aa3a924b/2221/14379935/4/Honda-HR_V-2027.jpg'},{url:'https://imagescdn.d2cmedia.ca/cbe62538e93180f77cee4d84e1aa3a924b/2221/14379935/5/Honda-HR_V-2027.jpg'},{url:'https://imagescdn.d2cmedia.ca/cbe62538e93180f77cee4d84e1aa3a924b/2221/14379935/6/Honda-HR_V-2027.jpg'},{url:'https://imagescdn.d2cmedia.ca/cbe62538e93180f77cee4d84e1aa3a924b/2221/14379935/7/Honda-HR_V-2027.jpg'},{url:'https://imagescdn.d2cmedia.ca/cbe62538e93180f77cee4d84e1aa3a924b/2221/14379935/8/Honda-HR_V-2027.jpg'},{url:'https://imagescdn.d2cmedia.ca/cbe62538e93180f77cee4d84e1aa3a924b/2221/14379935/9/Honda-HR_V-2027.jpg'}]",20,KM,https://www.number7honda.com/new/inventory/2027-Honda-HR_V-id14379935.html,2027 Honda HR-V 4dr Awd Lx at Number 7 Honda,36796 CAD,New,White,,2221,Number 7 Honda,+1-905-851-2258,"{addr1: '5555 Highway 7 W', city: 'Woodbridge', region: 'Ontario', postal_code: 'L4L 1T5', country: 'CA'}",43.7900000000,-79.5980000000,,,,,https://www.number7honda.com/privacy-policy.html,New,2221,In stock,,36796 CAD,Free,
3CZRZ2H30VM106664,3CZRZ2H30VM106664,27090-new,Honda,HR-V,4dr Awd Lx,2027,AUTOMATIC,SUV,GASOLINE,,"2027 Honda HR-V 4dr Awd Lx, White exterior","[{url:'https://imagescdn.d2cmedia.ca/cb4e4ec0c64565d6b879db7ed4f8a4c505/2221/14379936/1/Honda-HR_V-2027.jpg'},{url:'https://imagescdn.d2cmedia.ca/s84e4ec0c64565d6b879db7ed4f8a4c505/2221/14379936/1/Honda-HR_V-2027.jpg'},{url:'https://imagescdn.d2cmedia.ca/cb4e4ec0c64565d6b879db7ed4f8a4c505/2221/14379936/2/Honda-HR_V-2027.jpg'},{url:'https://imagescdn.d2cmedia.ca/cb4e4ec0c64565d6b879db7ed4f8a4c505/2221/14379936/3/Honda-HR_V-2027.jpg'},{url:'https://imagescdn.d2cmedia.ca/cb4e4ec0c64565d6b879db7ed4f8a4c505/2221/14379936/4/Honda-HR_V-2027.jpg'},{url:'https://imagescdn.d2cmedia.ca/cb4e4ec0c64565d6b879db7ed4f8a4c505/2221/14379936/5/Honda-HR_V-2027.jpg'},{url:'https://imagescdn.d2cmedia.ca/cb4e4ec0c64565d6b879db7ed4f8a4c505/2221/14379936/6/Honda-HR_V-2027.jpg'},{url:'https://imagescdn.d2cmedia.ca/cb4e4ec0c64565d6b879db7ed4f8a4c505/2221/14379936/7/Honda-HR_V-2027.jpg'},{url:'https://imagescdn.d2cmedia.ca/cb4e4ec0c64565d6b879db7ed4f8a4c505/2221/14379936/8/Honda-HR_V-2027.jpg'},{url:'https://imagescdn.d2cmedia.ca/cb4e4ec0c64565d6b879db7ed4f8a4c505/2221/14379936/9/Honda-HR_V-2027.jpg'}]",20,KM,https://www.number7honda.com/new/inventory/2027-Honda-HR_V-id14379936.html,2027 Honda HR-V 4dr Awd Lx at Number 7 Honda,36796 CAD,New,White,,2221,Number 7 Honda,+1-905-851-2258,"{addr1: '5555 Highway 7 W', city: 'Woodbridge', region: 'Ontario', postal_code: 'L4L 1T5', country: 'CA'}",43.7900000000,-79.5980000000,,,,,https://www.number7honda.com/privacy-policy.html,New,2221,In stock,,36796 CAD,Free,
3CZRZ2H36VM106670,3CZRZ2H36VM106670,27093-new,Honda,HR-V,4dr Awd Lx,2027,AUTOMATIC,SUV,GASOLINE,,"2027 Honda HR-V 4dr Awd Lx, White exterior","[{url:'https://imagescdn.d2cmedia.ca/cbda6167f6902a09c30fda3e1492197214/2221/14379939/1/Honda-HR_V-2027.jpg'},{url:'https://imagescdn.d2cmedia.ca/s8da6167f6902a09c30fda3e1492197214/2221/14379939/1/Honda-HR_V-2027.jpg'},{url:'https://imagescdn.d2cmedia.ca/cbda6167f6902a09c30fda3e1492197214/2221/14379939/2/Honda-HR_V-2027.jpg'},{url:'https://imagescdn.d2cmedia.ca/cbda6167f6902a09c30fda3e1492197214/2221/14379939/3/Honda-HR_V-2027.jpg'},{url:'https://imagescdn.d2cmedia.ca/cbda6167f6902a09c30fda3e1492197214/2221/14379939/4/Honda-HR_V-2027.jpg'},{url:'https://imagescdn.d2cmedia.ca/cbda6167f6902a09c30fda3e1492197214/2221/14379939/5/Honda-HR_V-2027.jpg'},{url:'https://imagescdn.d2cmedia.ca/cbda6167f6902a09c30fda3e1492197214/2221/14379939/6/Honda-HR_V-2027.jpg'},{url:'https://imagescdn.d2cmedia.ca/cbda6167f6902a09c30fda3e1492197214/2221/14379939/7/Honda-HR_V-2027.jpg'},{url:'https://imagescdn.d2cmedia.ca/cbda6167f6902a09c30fda3e1492197214/2221/14379939/8/Honda-HR_V-2027.jpg'},{url:'https://imagescdn.d2cmedia.ca/cbda6167f6902a09c30fda3e1492197214/2221/14379939/9/Honda-HR_V-2027.jpg'}]",20,KM,https://www.number7honda.com/new/inventory/2027-Honda-HR_V-id14379939.html,2027 Honda HR-V 4dr Awd Lx at Number 7 Honda,36796 CAD,New,White,,2221,Number 7 Honda,+1-905-851-2258,"{addr1: '5555 Highway 7 W', city: 'Woodbridge', region: 'Ontario', postal_code: 'L4L 1T5', country: 'CA'}",43.7900000000,-79.5980000000,,,,,https://www.number7honda.com/privacy-policy.html,New,2221,In stock,,36796 CAD,Free,
3CZRZ2H36VM106913,3CZRZ2H36VM106913,27115-new,Honda,HR-V,4dr Awd Lx,2027,AUTOMATIC,SUV,GASOLINE,,"2027 Honda HR-V 4dr Awd Lx, Black exterior","[{url:'https://imagescdn.d2cmedia.ca/cb2f640c8fdfbe5add250d7c3e8ea41c7d/2221/14405028/1/Honda-HR_V-2027.jpg'},{url:'https://imagescdn.d2cmedia.ca/s82f640c8fdfbe5add250d7c3e8ea41c7d/2221/14405028/1/Honda-HR_V-2027.jpg'},{url:'https://imagescdn.d2cmedia.ca/cb2f640c8fdfbe5add250d7c3e8ea41c7d/2221/14405028/2/Honda-HR_V-2027.jpg'},{url:'https://imagescdn.d2cmedia.ca/cb2f640c8fdfbe5add250d7c3e8ea41c7d/2221/14405028/3/Honda-HR_V-2027.jpg'},{url:'https://imagescdn.d2cmedia.ca/cb2f640c8fdfbe5add250d7c3e8ea41c7d/2221/14405028/4/Honda-HR_V-2027.jpg'},{url:'https://imagescdn.d2cmedia.ca/cb2f640c8fdfbe5add250d7c3e8ea41c7d/2221/14405028/5/Honda-HR_V-2027.jpg'},{url:'https://imagescdn.d2cmedia.ca/cb2f640c8fdfbe5add250d7c3e8ea41c7d/2221/14405028/6/Honda-HR_V-2027.jpg'},{url:'https://imagescdn.d2cmedia.ca/cb2f640c8fdfbe5add250d7c3e8ea41c7d/2221/14405028/7/Honda-HR_V-2027.jpg'},{url:'https://imagescdn.d2cmedia.ca/cb2f640c8fdfbe5add250d7c3e8ea41c7d/2221/14405028/8/Honda-HR_V-2027.jpg'},{url:'https://imagescdn.d2cmedia.ca/cb2f640c8fdfbe5add250d7c3e8ea41c7d/2221/14405028/9/Honda-HR_V-2027.jpg'}]",20,KM,https://www.number7honda.com/new/inventory/2027-Honda-HR_V-id14405028.html,2027 Honda HR-V 4dr Awd Lx at Number 7 Honda,36796 CAD,New,Black,,2221,Number 7 Honda,+1-905-851-2258,"{addr1: '5555 Highway 7 W', city: 'Woodbridge', region: 'Ontario', postal_code: 'L4L 1T5', country: 'CA'}",43.7900000000,-79.5980000000,,,,,https://www.number7honda.com/privacy-policy.html,New,2221,In stock,,36796 CAD,Free,
3CZRZ2H30VM106907,3CZRZ2H30VM106907,27124-new,Honda,HR-V,4dr Awd Lx,2027,AUTOMATIC,SUV,GASOLINE,,"2027 Honda HR-V 4dr Awd Lx, Black exterior","[{url:'https://imagescdn.d2cmedia.ca/cb53989a4d97fa33eca56a44b04637a88c/2221/14413982/1/Honda-HR_V-2027.jpg'},{url:'https://imagescdn.d2cmedia.ca/s853989a4d97fa33eca56a44b04637a88c/2221/14413982/1/Honda-HR_V-2027.jpg'},{url:'https://imagescdn.d2cmedia.ca/cb53989a4d97fa33eca56a44b04637a88c/2221/14413982/2/Honda-HR_V-2027.jpg'},{url:'https://imagescdn.d2cmedia.ca/cb53989a4d97fa33eca56a44b04637a88c/2221/14413982/3/Honda-HR_V-2027.jpg'},{url:'https://imagescdn.d2cmedia.ca/cb53989a4d97fa33eca56a44b04637a88c/2221/14413982/4/Honda-HR_V-2027.jpg'},{url:'https://imagescdn.d2cmedia.ca/cb53989a4d97fa33eca56a44b04637a88c/2221/14413982/5/Honda-HR_V-2027.jpg'},{url:'https://imagescdn.d2cmedia.ca/cb53989a4d97fa33eca56a44b04637a88c/2221/14413982/6/Honda-HR_V-2027.jpg'},{url:'https://imagescdn.d2cmedia.ca/cb53989a4d97fa33eca56a44b04637a88c/2221/14413982/7/Honda-HR_V-2027.jpg'},{url:'https://imagescdn.d2cmedia.ca/cb53989a4d97fa33eca56a44b04637a88c/2221/14413982/8/Honda-HR_V-2027.jpg'},{url:'https://imagescdn.d2cmedia.ca/cb53989a4d97fa33eca56a44b04637a88c/2221/14413982/9/Honda-HR_V-2027.jpg'}]",20,KM,https://www.number7honda.com/new/inventory/2027-Honda-HR_V-id14413982.html,2027 Honda HR-V 4dr Awd Lx at Number 7 Honda,36796 CAD,New,Black,,2221,Number 7 Honda,+1-905-851-2258,"{addr1: '5555 Highway 7 W', city: 'Woodbridge', region: 'Ontario', postal_code: 'L4L 1T5', country: 'CA'}",43.7900000000,-79.5980000000,,,,,https://www.number7honda.com/privacy-policy.html,New,2221,In stock,,36796 CAD,Free,
3CZRZ2H34VM106909,3CZRZ2H34VM106909,27125-new,Honda,HR-V,4dr Awd Lx,2027,AUTOMATIC,SUV,GASOLINE,,"2027 Honda HR-V 4dr Awd Lx, Black exterior","[{url:'https://imagescdn.d2cmedia.ca/cb8c163bc486940cd539e7be989c2ff0ff/2221/14413983/1/Honda-HR_V-2027.jpg'},{url:'https://imagescdn.d2cmedia.ca/s88c163bc486940cd539e7be989c2ff0ff/2221/14413983/1/Honda-HR_V-2027.jpg'},{url:'https://imagescdn.d2cmedia.ca/cb8c163bc486940cd539e7be989c2ff0ff/2221/14413983/2/Honda-HR_V-2027.jpg'},{url:'https://imagescdn.d2cmedia.ca/cb8c163bc486940cd539e7be989c2ff0ff/2221/14413983/3/Honda-HR_V-2027.jpg'},{url:'https://imagescdn.d2cmedia.ca/cb8c163bc486940cd539e7be989c2ff0ff/2221/14413983/4/Honda-HR_V-2027.jpg'},{url:'https://imagescdn.d2cmedia.ca/cb8c163bc486940cd539e7be989c2ff0ff/2221/14413983/5/Honda-HR_V-2027.jpg'},{url:'https://imagescdn.d2cmedia.ca/cb8c163bc486940cd539e7be989c2ff0ff/2221/14413983/6/Honda-HR_V-2027.jpg'},{url:'https://imagescdn.d2cmedia.ca/cb8c163bc486940cd539e7be989c2ff0ff/2221/14413983/7/Honda-HR_V-2027.jpg'},{url:'https://imagescdn.d2cmedia.ca/cb8c163bc486940cd539e7be989c2ff0ff/2221/14413983/8/Honda-HR_V-2027.jpg'},{url:'https://imagescdn.d2cmedia.ca/cb8c163bc486940cd539e7be989c2ff0ff/2221/14413983/9/Honda-HR_V-2027.jpg'}]",20,KM,https://www.number7honda.com/new/inventory/2027-Honda-HR_V-id14413983.html,2027 Honda HR-V 4dr Awd Lx at Number 7 Honda,36796 CAD,New,Black,,2221,Number 7 Honda,+1-905-851-2258,"{addr1: '5555 Highway 7 W', city: 'Woodbridge', region: 'Ontario', postal_code: 'L4L 1T5', country: 'CA'}",43.7900000000,-79.5980000000,,,,,https://www.number7honda.com/privacy-policy.html,New,2221,In stock,,36796 CAD,Free,
3CZRZ2H59VM100914,3CZRZ2H59VM100914,27005-new,Honda,HR-V,Sport 4wd,2027,AUTOMATIC,SUV,GASOLINE,,"2027 Honda HR-V Sport 4wd, Black exterior","[{url:'https://imagescdn.d2cmedia.ca/cbf1c9c977765446671b355abf521cb750/2221/13779972/1/Honda-HR_V-2027.jpg'},{url:'https://imagescdn.d2cmedia.ca/s8f1c9c977765446671b355abf521cb750/2221/13779972/1/Honda-HR_V-2027.jpg'},{url:'https://imagescdn.d2cmedia.ca/cbf1c9c977765446671b355abf521cb750/2221/13779972/2/Honda-HR_V-2027.jpg'},{url:'https://imagescdn.d2cmedia.ca/cbf1c9c977765446671b355abf521cb750/2221/13779972/3/Honda-HR_V-2027.jpg'},{url:'https://imagescdn.d2cmedia.ca/cbf1c9c977765446671b355abf521cb750/2221/13779972/4/Honda-HR_V-2027.jpg'},{url:'https://imagescdn.d2cmedia.ca/cbf1c9c977765446671b355abf521cb750/2221/13779972/5/Honda-HR_V-2027.jpg'},{url:'https://imagescdn.d2cmedia.ca/cbf1c9c977765446671b355abf521cb750/2221/13779972/6/Honda-HR_V-2027.jpg'},{url:'https://imagescdn.d2cmedia.ca/cbf1c9c977765446671b355abf521cb750/2221/13779972/7/Honda-HR_V-2027.jpg'},{url:'https://imagescdn.d2cmedia.ca/cbf1c9c977765446671b355abf521cb750/2221/13779972/8/Honda-HR_V-2027.jpg'},{url:'https://imagescdn.d2cmedia.ca/cbf1c9c977765446671b355abf521cb750/2221/13779972/9/Honda-HR_V-2027.jpg'}]",0,KM,https://www.number7honda.com/new/inventory/2027-Honda-HR_V-id13779972.html,2027 Honda HR-V Sport 4wd at Number 7 Honda,40096 CAD,New,Black,,2221,Number 7 Honda,+1-905-851-2258,"{addr1: '5555 Highway 7 W', city: 'Woodbridge', region: 'Ontario', postal_code: 'L4L 1T5', country: 'CA'}",43.7900000000,-79.5980000000,,,,,https://www.number7honda.com/privacy-policy.html,New,2221,In stock,,40096 CAD,Free,
3CZRZ2H56VM102944,3CZRZ2H56VM102944,27023-new,Honda,HR-V,4dr Awd Sport,2027,AUTOMATIC,SUV,GASOLINE,,"2027 Honda HR-V 4dr Awd Sport, White exterior","[{url:'https://imagescdn.d2cmedia.ca/cba3de3bf824985cc6f8310ff6d6321396/2221/13972556/1/Honda-HR_V-2027.jpg'},{url:'https://imagescdn.d2cmedia.ca/s8a3de3bf824985cc6f8310ff6d6321396/2221/13972556/1/Honda-HR_V-2027.jpg'},{url:'https://imagescdn.d2cmedia.ca/cba3de3bf824985cc6f8310ff6d6321396/2221/13972556/2/Honda-HR_V-2027.jpg'},{url:'https://imagescdn.d2cmedia.ca/cba3de3bf824985cc6f8310ff6d6321396/2221/13972556/3/Honda-HR_V-2027.jpg'},{url:'https://imagescdn.d2cmedia.ca/cba3de3bf824985cc6f8310ff6d6321396/2221/13972556/4/Honda-HR_V-2027.jpg'},{url:'https://imagescdn.d2cmedia.ca/cba3de3bf824985cc6f8310ff6d6321396/2221/13972556/5/Honda-HR_V-2027.jpg'},{url:'https://imagescdn.d2cmedia.ca/cba3de3bf824985cc6f8310ff6d6321396/2221/13972556/6/Honda-HR_V-2027.jpg'},{url:'https://imagescdn.d2cmedia.ca/cba3de3bf824985cc6f8310ff6d6321396/2221/13972556/7/Honda-HR_V-2027.jpg'},{url:'https://imagescdn.d2cmedia.ca/cba3de3bf824985cc6f8310ff6d6321396/2221/13972556/8/Honda-HR_V-2027.jpg'},{url:'https://imagescdn.d2cmedia.ca/cba3de3bf824985cc6f8310ff6d6321396/2221/13972556/9/Honda-HR_V-2027.jpg'}]",20,KM,https://www.number7honda.com/new/inventory/2027-Honda-HR_V-id13972556.html,2027 Honda HR-V 4dr Awd Sport at Number 7 Honda,40096 CAD,New,White,,2221,Number 7 Honda,+1-905-851-2258,"{addr1: '5555 Highway 7 W', city: 'Woodbridge', region: 'Ontario', postal_code: 'L4L 1T5', country: 'CA'}",43.7900000000,-79.5980000000,,,,,https://www.number7honda.com/privacy-policy.html,New,2221,In stock,,40096 CAD,Free,
3CZRZ2H52VM103024,3CZRZ2H52VM103024,27025-new,Honda,HR-V,4dr Awd Sport,2027,AUTOMATIC,SUV,GASOLINE,,"2027 Honda HR-V 4dr Awd Sport, Black exterior","[{url:'https://imagescdn.d2cmedia.ca/cb4583f7fac2d6a85738203b3c7761443c/2221/13979062/1/Honda-HR_V-2027.jpg'},{url:'https://imagescdn.d2cmedia.ca/s84583f7fac2d6a85738203b3c7761443c/2221/13979062/1/Honda-HR_V-2027.jpg'},{url:'https://imagescdn.d2cmedia.ca/cb4583f7fac2d6a85738203b3c7761443c/2221/13979062/2/Honda-HR_V-2027.jpg'},{url:'https://imagescdn.d2cmedia.ca/cb4583f7fac2d6a85738203b3c7761443c/2221/13979062/3/Honda-HR_V-2027.jpg'},{url:'https://imagescdn.d2cmedia.ca/cb4583f7fac2d6a85738203b3c7761443c/2221/13979062/4/Honda-HR_V-2027.jpg'},{url:'https://imagescdn.d2cmedia.ca/cb4583f7fac2d6a85738203b3c7761443c/2221/13979062/5/Honda-HR_V-2027.jpg'},{url:'https://imagescdn.d2cmedia.ca/cb4583f7fac2d6a85738203b3c7761443c/2221/13979062/6/Honda-HR_V-2027.jpg'},{url:'https://imagescdn.d2cmedia.ca/cb4583f7fac2d6a85738203b3c7761443c/2221/13979062/7/Honda-HR_V-2027.jpg'},{url:'https://imagescdn.d2cmedia.ca/cb4583f7fac2d6a85738203b3c7761443c/2221/13979062/8/Honda-HR_V-2027.jpg'},{url:'https://imagescdn.d2cmedia.ca/cb4583f7fac2d6a85738203b3c7761443c/2221/13979062/9/Honda-HR_V-2027.jpg'}]",20,KM,https://www.number7honda.com/new/inventory/2027-Honda-HR_V-id13979062.html,2027 Honda HR-V 4dr Awd Sport at Number 7 Honda,40096 CAD,New,Black,,2221,Number 7 Honda,+1-905-851-2258,"{addr1: '5555 Highway 7 W', city: 'Woodbridge', region: 'Ontario', postal_code: 'L4L 1T5', country: 'CA'}",43.7900000000,-79.5980000000,,,,,https://www.number7honda.com/privacy-policy.html,New,2221,In stock,,40096 CAD,Free,
3CZRZ2H56VM104435,3CZRZ2H56VM104435,27039-new,Honda,HR-V,4dr Awd Sport,2027,AUTOMATIC,SUV,GASOLINE,,"2027 Honda HR-V 4dr Awd Sport, White exterior","[{url:'https://imagescdn.d2cmedia.ca/cb938b6dffc6714c952ec7f0fa3a975491/2221/14141303/1/Honda-HR_V-2027.jpg'},{url:'https://imagescdn.d2cmedia.ca/s8938b6dffc6714c952ec7f0fa3a975491/2221/14141303/1/Honda-HR_V-2027.jpg'},{url:'https://imagescdn.d2cmedia.ca/cb938b6dffc6714c952ec7f0fa3a975491/2221/14141303/2/Honda-HR_V-2027.jpg'},{url:'https://imagescdn.d2cmedia.ca/cb938b6dffc6714c952ec7f0fa3a975491/2221/14141303/3/Honda-HR_V-2027.jpg'},{url:'https://imagescdn.d2cmedia.ca/cb938b6dffc6714c952ec7f0fa3a975491/2221/14141303/4/Honda-HR_V-2027.jpg'},{url:'https://imagescdn.d2cmedia.ca/cb938b6dffc6714c952ec7f0fa3a975491/2221/14141303/5/Honda-HR_V-2027.jpg'},{url:'https://imagescdn.d2cmedia.ca/cb938b6dffc6714c952ec7f0fa3a975491/2221/14141303/6/Honda-HR_V-2027.jpg'},{url:'https://imagescdn.d2cmedia.ca/cb938b6dffc6714c952ec7f0fa3a975491/2221/14141303/7/Honda-HR_V-2027.jpg'},{url:'https://imagescdn.d2cmedia.ca/cb938b6dffc6714c952ec7f0fa3a975491/2221/14141303/8/Honda-HR_V-2027.jpg'},{url:'https://imagescdn.d2cmedia.ca/cb938b6dffc6714c952ec7f0fa3a975491/2221/14141303/9/Honda-HR_V-2027.jpg'}]",20,KM,https://www.number7honda.com/new/inventory/2027-Honda-HR_V-id14141303.html,2027 Honda HR-V 4dr Awd Sport at Number 7 Honda,40096 CAD,New,White,,2221,Number 7 Honda,+1-905-851-2258,"{addr1: '5555 Highway 7 W', city: 'Woodbridge', region: 'Ontario', postal_code: 'L4L 1T5', country: 'CA'}",43.7900000000,-79.5980000000,,,,,https://www.number7honda.com/privacy-policy.html,New,2221,In stock,,40096 CAD,Free,
3CZRZ2H54VM104420,3CZRZ2H54VM104420,27040-new,Honda,HR-V,4dr Awd Sport,2027,AUTOMATIC,SUV,GASOLINE,,"2027 Honda HR-V 4dr Awd Sport, White exterior","[{url:'https://imagescdn.d2cmedia.ca/cb36e37a1717549173b85a8aeb5911067f/2221/14141304/1/Honda-HR_V-2027.jpg'},{url:'https://imagescdn.d2cmedia.ca/s836e37a1717549173b85a8aeb5911067f/2221/14141304/1/Honda-HR_V-2027.jpg'},{url:'https://imagescdn.d2cmedia.ca/cb36e37a1717549173b85a8aeb5911067f/2221/14141304/2/Honda-HR_V-2027.jpg'},{url:'https://imagescdn.d2cmedia.ca/cb36e37a1717549173b85a8aeb5911067f/2221/14141304/3/Honda-HR_V-2027.jpg'},{url:'https://imagescdn.d2cmedia.ca/cb36e37a1717549173b85a8aeb5911067f/2221/14141304/4/Honda-HR_V-2027.jpg'},{url:'https://imagescdn.d2cmedia.ca/cb36e37a1717549173b85a8aeb5911067f/2221/14141304/5/Honda-HR_V-2027.jpg'},{url:'https://imagescdn.d2cmedia.ca/cb36e37a1717549173b85a8aeb5911067f/2221/14141304/6/Honda-HR_V-2027.jpg'},{url:'https://imagescdn.d2cmedia.ca/cb36e37a1717549173b85a8aeb5911067f/2221/14141304/7/Honda-HR_V-2027.jpg'},{url:'https://imagescdn.d2cmedia.ca/cb36e37a1717549173b85a8aeb5911067f/2221/14141304/8/Honda-HR_V-2027.jpg'},{url:'https://imagescdn.d2cmedia.ca/cb36e37a1717549173b85a8aeb5911067f/2221/14141304/9/Honda-HR_V-2027.jpg'}]",20,KM,https://www.number7honda.com/new/inventory/2027-Honda-HR_V-id14141304.html,2027 Honda HR-V 4dr Awd Sport at Number 7 Honda,40096 CAD,New,White,,2221,Number 7 Honda,+1-905-851-2258,"{addr1: '5555 Highway 7 W', city: 'Woodbridge', region: 'Ontario', postal_code: 'L4L 1T5', country: 'CA'}",43.7900000000,-79.5980000000,,,,,https://www.number7honda.com/privacy-policy.html,New,2221,In stock,,40096 CAD,Free,
3CZRZ2H54VM104739,3CZRZ2H54VM104739,27045-new,Honda,HR-V,4dr Awd Sport,2027,AUTOMATIC,SUV,GASOLINE,,"2027 Honda HR-V 4dr Awd Sport, Silver exterior","[{url:'https://imagescdn.d2cmedia.ca/cb0be43d4756cb03935e44565e3314f9a4/2221/14153249/1/Honda-HR_V-2027.jpg'},{url:'https://imagescdn.d2cmedia.ca/s80be43d4756cb03935e44565e3314f9a4/2221/14153249/1/Honda-HR_V-2027.jpg'},{url:'https://imagescdn.d2cmedia.ca/cb0be43d4756cb03935e44565e3314f9a4/2221/14153249/2/Honda-HR_V-2027.jpg'},{url:'https://imagescdn.d2cmedia.ca/cb0be43d4756cb03935e44565e3314f9a4/2221/14153249/3/Honda-HR_V-2027.jpg'},{url:'https://imagescdn.d2cmedia.ca/cb0be43d4756cb03935e44565e3314f9a4/2221/14153249/4/Honda-HR_V-2027.jpg'},{url:'https://imagescdn.d2cmedia.ca/cb0be43d4756cb03935e44565e3314f9a4/2221/14153249/5/Honda-HR_V-2027.jpg'},{url:'https://imagescdn.d2cmedia.ca/cb0be43d4756cb03935e44565e3314f9a4/2221/14153249/6/Honda-HR_V-2027.jpg'},{url:'https://imagescdn.d2cmedia.ca/cb0be43d4756cb03935e44565e3314f9a4/2221/14153249/7/Honda-HR_V-2027.jpg'},{url:'https://imagescdn.d2cmedia.ca/cb0be43d4756cb03935e44565e3314f9a4/2221/14153249/8/Honda-HR_V-2027.jpg'},{url:'https://imagescdn.d2cmedia.ca/cb0be43d4756cb03935e44565e3314f9a4/2221/14153249/9/Honda-HR_V-2027.jpg'}]",20,KM,https://www.number7honda.com/new/inventory/2027-Honda-HR_V-id14153249.html,2027 Honda HR-V 4dr Awd Sport at Number 7 Honda,40096 CAD,New,Silver,,2221,Number 7 Honda,+1-905-851-2258,"{addr1: '5555 Highway 7 W', city: 'Woodbridge', region: 'Ontario', postal_code: 'L4L 1T5', country: 'CA'}",43.7900000000,-79.5980000000,,,,,https://www.number7honda.com/privacy-policy.html,New,2221,In stock,,40096 CAD,Free,
3CZRZ2H58VM104551,3CZRZ2H58VM104551,27046-new,Honda,HR-V,4dr Awd Sport,2027,AUTOMATIC,SUV,GASOLINE,,"2027 Honda HR-V 4dr Awd Sport, Black exterior","[{url:'https://imagescdn.d2cmedia.ca/cb064160b5db8cb920fb1f9c59e829e70d/2221/14153250/1/Honda-HR_V-2027.jpg'},{url:'https://imagescdn.d2cmedia.ca/s8064160b5db8cb920fb1f9c59e829e70d/2221/14153250/1/Honda-HR_V-2027.jpg'},{url:'https://imagescdn.d2cmedia.ca/cb064160b5db8cb920fb1f9c59e829e70d/2221/14153250/2/Honda-HR_V-2027.jpg'},{url:'https://imagescdn.d2cmedia.ca/cb064160b5db8cb920fb1f9c59e829e70d/2221/14153250/3/Honda-HR_V-2027.jpg'},{url:'https://imagescdn.d2cmedia.ca/cb064160b5db8cb920fb1f9c59e829e70d/2221/14153250/4/Honda-HR_V-2027.jpg'},{url:'https://imagescdn.d2cmedia.ca/cb064160b5db8cb920fb1f9c59e829e70d/2221/14153250/5/Honda-HR_V-2027.jpg'},{url:'https://imagescdn.d2cmedia.ca/cb064160b5db8cb920fb1f9c59e829e70d/2221/14153250/6/Honda-HR_V-2027.jpg'},{url:'https://imagescdn.d2cmedia.ca/cb064160b5db8cb920fb1f9c59e829e70d/2221/14153250/7/Honda-HR_V-2027.jpg'},{url:'https://imagescdn.d2cmedia.ca/cb064160b5db8cb920fb1f9c59e829e70d/2221/14153250/8/Honda-HR_V-2027.jpg'},{url:'https://imagescdn.d2cmedia.ca/cb064160b5db8cb920fb1f9c59e829e70d/2221/14153250/9/Honda-HR_V-2027.jpg'}]",20,KM,https://www.number7honda.com/new/inventory/2027-Honda-HR_V-id14153250.html,2027 Honda HR-V 4dr Awd Sport at Number 7 Honda,40096 CAD,New,Black,,2221,Number 7 Honda,+1-905-851-2258,"{addr1: '5555 Highway 7 W', city: 'Woodbridge', region: 'Ontario', postal_code: 'L4L 1T5', country: 'CA'}",43.7900000000,-79.5980000000,,,,,https://www.number7honda.com/privacy-policy.html,New,2221,In stock,,40096 CAD,Free,
3CZRZ2H51VM104553,3CZRZ2H51VM104553,27047-new,Honda,HR-V,4dr Awd Sport,2027,AUTOMATIC,SUV,GASOLINE,,"2027 Honda HR-V 4dr Awd Sport, Black exterior","[{url:'https://imagescdn.d2cmedia.ca/cb776bd2d26283d1d2adfda262f675aea8/2221/14153251/1/Honda-HR_V-2027.jpg'},{url:'https://imagescdn.d2cmedia.ca/s8776bd2d26283d1d2adfda262f675aea8/2221/14153251/1/Honda-HR_V-2027.jpg'},{url:'https://imagescdn.d2cmedia.ca/cb776bd2d26283d1d2adfda262f675aea8/2221/14153251/2/Honda-HR_V-2027.jpg'},{url:'https://imagescdn.d2cmedia.ca/cb776bd2d26283d1d2adfda262f675aea8/2221/14153251/3/Honda-HR_V-2027.jpg'},{url:'https://imagescdn.d2cmedia.ca/cb776bd2d26283d1d2adfda262f675aea8/2221/14153251/4/Honda-HR_V-2027.jpg'},{url:'https://imagescdn.d2cmedia.ca/cb776bd2d26283d1d2adfda262f675aea8/2221/14153251/5/Honda-HR_V-2027.jpg'},{url:'https://imagescdn.d2cmedia.ca/cb776bd2d26283d1d2adfda262f675aea8/2221/14153251/6/Honda-HR_V-2027.jpg'},{url:'https://imagescdn.d2cmedia.ca/cb776bd2d26283d1d2adfda262f675aea8/2221/14153251/7/Honda-HR_V-2027.jpg'},{url:'https://imagescdn.d2cmedia.ca/cb776bd2d26283d1d2adfda262f675aea8/2221/14153251/8/Honda-HR_V-2027.jpg'},{url:'https://imagescdn.d2cmedia.ca/cb776bd2d26283d1d2adfda262f675aea8/2221/14153251/9/Honda-HR_V-2027.jpg'}]",20,KM,https://www.number7honda.com/new/inventory/2027-Honda-HR_V-id14153251.html,2027 Honda HR-V 4dr Awd Sport at Number 7 Honda,40096 CAD,New,Black,,2221,Number 7 Honda,+1-905-851-2258,"{addr1: '5555 Highway 7 W', city: 'Woodbridge', region: 'Ontario', postal_code: 'L4L 1T5', country: 'CA'}",43.7900000000,-79.5980000000,,,,,https://www.number7honda.com/privacy-policy.html,New,2221,In stock,,40096 CAD,Free,
3CZRZ2H58VM104422,3CZRZ2H58VM104422,27051-new,Honda,HR-V,4dr Awd Sport,2027,AUTOMATIC,SUV,GASOLINE,,"2027 Honda HR-V 4dr Awd Sport, White exterior","[{url:'https://imagescdn.d2cmedia.ca/cb7815c87fba4d66a1f4f891ba9564a65e/2221/14200365/1/Honda-HR_V-2027.jpg'},{url:'https://imagescdn.d2cmedia.ca/s87815c87fba4d66a1f4f891ba9564a65e/2221/14200365/1/Honda-HR_V-2027.jpg'},{url:'https://imagescdn.d2cmedia.ca/cb7815c87fba4d66a1f4f891ba9564a65e/2221/14200365/2/Honda-HR_V-2027.jpg'},{url:'https://imagescdn.d2cmedia.ca/cb7815c87fba4d66a1f4f891ba9564a65e/2221/14200365/3/Honda-HR_V-2027.jpg'},{url:'https://imagescdn.d2cmedia.ca/cb7815c87fba4d66a1f4f891ba9564a65e/2221/14200365/4/Honda-HR_V-2027.jpg'},{url:'https://imagescdn.d2cmedia.ca/cb7815c87fba4d66a1f4f891ba9564a65e/2221/14200365/5/Honda-HR_V-2027.jpg'},{url:'https://imagescdn.d2cmedia.ca/cb7815c87fba4d66a1f4f891ba9564a65e/2221/14200365/6/Honda-HR_V-2027.jpg'},{url:'https://imagescdn.d2cmedia.ca/cb7815c87fba4d66a1f4f891ba9564a65e/2221/14200365/7/Honda-HR_V-2027.jpg'},{url:'https://imagescdn.d2cmedia.ca/cb7815c87fba4d66a1f4f891ba9564a65e/2221/14200365/8/Honda-HR_V-2027.jpg'},{url:'https://imagescdn.d2cmedia.ca/cb7815c87fba4d66a1f4f891ba9564a65e/2221/14200365/9/Honda-HR_V-2027.jpg'}]",20,KM,https://www.number7honda.com/new/inventory/2027-Honda-HR_V-id14200365.html,2027 Honda HR-V 4dr Awd Sport at Number 7 Honda,40096 CAD,New,White,,2221,Number 7 Honda,+1-905-851-2258,"{addr1: '5555 Highway 7 W', city: 'Woodbridge', region: 'Ontario', postal_code: 'L4L 1T5', country: 'CA'}",43.7900000000,-79.5980000000,,,,,https://www.number7honda.com/privacy-policy.html,New,2221,In stock,,40096 CAD,Free,
3CZRZ2H56VM105181,3CZRZ2H56VM105181,27053-new,Honda,HR-V,4dr Awd Sport,2027,AUTOMATIC,SUV,GASOLINE,,"2027 Honda HR-V 4dr Awd Sport, SOLAR REFLECTIO exterior","[{url:'https://imagescdn.d2cmedia.ca/cb45e64eedcecbd73313d83ef9e95a8089/2221/14216589/1/Honda-HR_V-2027.jpg'},{url:'https://imagescdn.d2cmedia.ca/s845e64eedcecbd73313d83ef9e95a8089/2221/14216589/1/Honda-HR_V-2027.jpg'},{url:'https://imagescdn.d2cmedia.ca/cb45e64eedcecbd73313d83ef9e95a8089/2221/14216589/2/Honda-HR_V-2027.jpg'},{url:'https://imagescdn.d2cmedia.ca/cb45e64eedcecbd73313d83ef9e95a8089/2221/14216589/3/Honda-HR_V-2027.jpg'},{url:'https://imagescdn.d2cmedia.ca/cb45e64eedcecbd73313d83ef9e95a8089/2221/14216589/4/Honda-HR_V-2027.jpg'},{url:'https://imagescdn.d2cmedia.ca/cb45e64eedcecbd73313d83ef9e95a8089/2221/14216589/5/Honda-HR_V-2027.jpg'},{url:'https://imagescdn.d2cmedia.ca/cb45e64eedcecbd73313d83ef9e95a8089/2221/14216589/6/Honda-HR_V-2027.jpg'},{url:'https://imagescdn.d2cmedia.ca/cb45e64eedcecbd73313d83ef9e95a8089/2221/14216589/7/Honda-HR_V-2027.jpg'},{url:'https://imagescdn.d2cmedia.ca/cb45e64eedcecbd73313d83ef9e95a8089/2221/14216589/8/Honda-HR_V-2027.jpg'},{url:'https://imagescdn.d2cmedia.ca/cb45e64eedcecbd73313d83ef9e95a8089/2221/14216589/9/Honda-HR_V-2027.jpg'}]",20,KM,https://www.number7honda.com/new/inventory/2027-Honda-HR_V-id14216589.html,2027 Honda HR-V 4dr Awd Sport at Number 7 Honda,40096 CAD,New,SOLAR REFLECTIO,,2221,Number 7 Honda,+1-905-851-2258,"{addr1: '5555 Highway 7 W', city: 'Woodbridge', region: 'Ontario', postal_code: 'L4L 1T5', country: 'CA'}",43.7900000000,-79.5980000000,,,,,https://www.number7honda.com/privacy-policy.html,New,2221,In stock,,40096 CAD,Free,
3CZRZ2H55VM104474,3CZRZ2H55VM104474,27055-new,Honda,HR-V,4dr Awd Sport,2027,AUTOMATIC,SUV,GASOLINE,,"2027 Honda HR-V 4dr Awd Sport, Silver exterior","[{url:'https://imagescdn.d2cmedia.ca/cb5c66dad2cd979ac121e8482b931faf1d/2221/14216591/1/Honda-HR_V-2027.jpg'},{url:'https://imagescdn.d2cmedia.ca/s85c66dad2cd979ac121e8482b931faf1d/2221/14216591/1/Honda-HR_V-2027.jpg'},{url:'https://imagescdn.d2cmedia.ca/cb5c66dad2cd979ac121e8482b931faf1d/2221/14216591/2/Honda-HR_V-2027.jpg'},{url:'https://imagescdn.d2cmedia.ca/cb5c66dad2cd979ac121e8482b931faf1d/2221/14216591/3/Honda-HR_V-2027.jpg'},{url:'https://imagescdn.d2cmedia.ca/cb5c66dad2cd979ac121e8482b931faf1d/2221/14216591/4/Honda-HR_V-2027.jpg'},{url:'https://imagescdn.d2cmedia.ca/cb5c66dad2cd979ac121e8482b931faf1d/2221/14216591/5/Honda-HR_V-2027.jpg'},{url:'https://imagescdn.d2cmedia.ca/cb5c66dad2cd979ac121e8482b931faf1d/2221/14216591/6/Honda-HR_V-2027.jpg'},{url:'https://imagescdn.d2cmedia.ca/cb5c66dad2cd979ac121e8482b931faf1d/2221/14216591/7/Honda-HR_V-2027.jpg'},{url:'https://imagescdn.d2cmedia.ca/cb5c66dad2cd979ac121e8482b931faf1d/2221/14216591/8/Honda-HR_V-2027.jpg'},{url:'https://imagescdn.d2cmedia.ca/cb5c66dad2cd979ac121e8482b931faf1d/2221/14216591/9/Honda-HR_V-2027.jpg'}]",20,KM,https://www.number7honda.com/new/inventory/2027-Honda-HR_V-id14216591.html,2027 Honda HR-V 4dr Awd Sport at Number 7 Honda,40096 CAD,New,Silver,,2221,Number 7 Honda,+1-905-851-2258,"{addr1: '5555 Highway 7 W', city: 'Woodbridge', region: 'Ontario', postal_code: 'L4L 1T5', country: 'CA'}",43.7900000000,-79.5980000000,,,,,https://www.number7honda.com/privacy-policy.html,New,2221,In stock,,40096 CAD,Free,
3CZRZ2H50VM105337,3CZRZ2H50VM105337,27057-new,Honda,HR-V,4dr Awd Sport,2027,AUTOMATIC,SUV,GASOLINE,,"2027 Honda HR-V 4dr Awd Sport, Silver exterior","[{url:'https://imagescdn.d2cmedia.ca/cbe4049f1fef7a187fae238799cff4d657/2221/14216593/1/Honda-HR_V-2027.jpg'},{url:'https://imagescdn.d2cmedia.ca/s8e4049f1fef7a187fae238799cff4d657/2221/14216593/1/Honda-HR_V-2027.jpg'},{url:'https://imagescdn.d2cmedia.ca/cbe4049f1fef7a187fae238799cff4d657/2221/14216593/2/Honda-HR_V-2027.jpg'},{url:'https://imagescdn.d2cmedia.ca/cbe4049f1fef7a187fae238799cff4d657/2221/14216593/3/Honda-HR_V-2027.jpg'},{url:'https://imagescdn.d2cmedia.ca/cbe4049f1fef7a187fae238799cff4d657/2221/14216593/4/Honda-HR_V-2027.jpg'},{url:'https://imagescdn.d2cmedia.ca/cbe4049f1fef7a187fae238799cff4d657/2221/14216593/5/Honda-HR_V-2027.jpg'},{url:'https://imagescdn.d2cmedia.ca/cbe4049f1fef7a187fae238799cff4d657/2221/14216593/6/Honda-HR_V-2027.jpg'},{url:'https://imagescdn.d2cmedia.ca/cbe4049f1fef7a187fae238799cff4d657/2221/14216593/7/Honda-HR_V-2027.jpg'},{url:'https://imagescdn.d2cmedia.ca/cbe4049f1fef7a187fae238799cff4d657/2221/14216593/8/Honda-HR_V-2027.jpg'},{url:'https://imagescdn.d2cmedia.ca/cbe4049f1fef7a187fae238799cff4d657/2221/14216593/9/Honda-HR_V-2027.jpg'}]",20,KM,https://www.number7honda.com/new/inventory/2027-Honda-HR_V-id14216593.html,2027 Honda HR-V 4dr Awd Sport at Number 7 Honda,40096 CAD,New,Silver,,2221,Number 7 Honda,+1-905-851-2258,"{addr1: '5555 Highway 7 W', city: 'Woodbridge', region: 'Ontario', postal_code: 'L4L 1T5', country: 'CA'}",43.7900000000,-79.5980000000,,,,,https://www.number7honda.com/privacy-policy.html,New,2221,In stock,,40096 CAD,Free,
3CZRZ2H58VM105182,3CZRZ2H58VM105182,27063-new,Honda,HR-V,4dr Awd Sport,2027,AUTOMATIC,SUV,GASOLINE,,"2027 Honda HR-V 4dr Awd Sport, SOLAR REFLECTIO exterior","[{url:'https://imagescdn.d2cmedia.ca/cb72f56446276b04c74002299ab1ea75af/2221/14243517/1/Honda-HR_V-2027.jpg'},{url:'https://imagescdn.d2cmedia.ca/s872f56446276b04c74002299ab1ea75af/2221/14243517/1/Honda-HR_V-2027.jpg'},{url:'https://imagescdn.d2cmedia.ca/cb72f56446276b04c74002299ab1ea75af/2221/14243517/2/Honda-HR_V-2027.jpg'},{url:'https://imagescdn.d2cmedia.ca/cb72f56446276b04c74002299ab1ea75af/2221/14243517/3/Honda-HR_V-2027.jpg'},{url:'https://imagescdn.d2cmedia.ca/cb72f56446276b04c74002299ab1ea75af/2221/14243517/4/Honda-HR_V-2027.jpg'},{url:'https://imagescdn.d2cmedia.ca/cb72f56446276b04c74002299ab1ea75af/2221/14243517/5/Honda-HR_V-2027.jpg'},{url:'https://imagescdn.d2cmedia.ca/cb72f56446276b04c74002299ab1ea75af/2221/14243517/6/Honda-HR_V-2027.jpg'},{url:'https://imagescdn.d2cmedia.ca/cb72f56446276b04c74002299ab1ea75af/2221/14243517/7/Honda-HR_V-2027.jpg'},{url:'https://imagescdn.d2cmedia.ca/cb72f56446276b04c74002299ab1ea75af/2221/14243517/8/Honda-HR_V-2027.jpg'},{url:'https://imagescdn.d2cmedia.ca/cb72f56446276b04c74002299ab1ea75af/2221/14243517/9/Honda-HR_V-2027.jpg'}]",20,KM,https://www.number7honda.com/new/inventory/2027-Honda-HR_V-id14243517.html,2027 Honda HR-V 4dr Awd Sport at Number 7 Honda,40096 CAD,New,SOLAR REFLECTIO,,2221,Number 7 Honda,+1-905-851-2258,"{addr1: '5555 Highway 7 W', city: 'Woodbridge', region: 'Ontario', postal_code: 'L4L 1T5', country: 'CA'}",43.7900000000,-79.5980000000,,,,,https://www.number7honda.com/privacy-policy.html,New,2221,In stock,,40096 CAD,Free,
3CZRZ2H59VM105692,3CZRZ2H59VM105692,27066-new,Honda,HR-V,4dr Awd Sport,2027,AUTOMATIC,SUV,GASOLINE,,"2027 Honda HR-V 4dr Awd Sport, White exterior","[{url:'https://imagescdn.d2cmedia.ca/cbfa5700a2bae02f960d5f73d4f23a338e/2221/14273133/1/Honda-HR_V-2027.jpg'},{url:'https://imagescdn.d2cmedia.ca/s8fa5700a2bae02f960d5f73d4f23a338e/2221/14273133/1/Honda-HR_V-2027.jpg'},{url:'https://imagescdn.d2cmedia.ca/cbfa5700a2bae02f960d5f73d4f23a338e/2221/14273133/2/Honda-HR_V-2027.jpg'},{url:'https://imagescdn.d2cmedia.ca/cbfa5700a2bae02f960d5f73d4f23a338e/2221/14273133/3/Honda-HR_V-2027.jpg'},{url:'https://imagescdn.d2cmedia.ca/cbfa5700a2bae02f960d5f73d4f23a338e/2221/14273133/4/Honda-HR_V-2027.jpg'},{url:'https://imagescdn.d2cmedia.ca/cbfa5700a2bae02f960d5f73d4f23a338e/2221/14273133/5/Honda-HR_V-2027.jpg'},{url:'https://imagescdn.d2cmedia.ca/cbfa5700a2bae02f960d5f73d4f23a338e/2221/14273133/6/Honda-HR_V-2027.jpg'},{url:'https://imagescdn.d2cmedia.ca/cbfa5700a2bae02f960d5f73d4f23a338e/2221/14273133/7/Honda-HR_V-2027.jpg'},{url:'https://imagescdn.d2cmedia.ca/cbfa5700a2bae02f960d5f73d4f23a338e/2221/14273133/8/Honda-HR_V-2027.jpg'},{url:'https://imagescdn.d2cmedia.ca/cbfa5700a2bae02f960d5f73d4f23a338e/2221/14273133/9/Honda-HR_V-2027.jpg'}]",20,KM,https://www.number7honda.com/new/inventory/2027-Honda-HR_V-id14273133.html,2027 Honda HR-V 4dr Awd Sport at Number 7 Honda,40096 CAD,New,White,,2221,Number 7 Honda,+1-905-851-2258,"{addr1: '5555 Highway 7 W', city: 'Woodbridge', region: 'Ontario', postal_code: 'L4L 1T5', country: 'CA'}",43.7900000000,-79.5980000000,,,,,https://www.number7honda.com/privacy-policy.html,New,2221,In stock,,40096 CAD,Free,
3CZRZ2H59VM105725,3CZRZ2H59VM105725,27068-new,Honda,HR-V,4dr Awd Sport,2027,AUTOMATIC,SUV,GASOLINE,,"2027 Honda HR-V 4dr Awd Sport, Black exterior","[{url:'https://imagescdn.d2cmedia.ca/cb9a7c5766af67baf931798d631f04a7f8/2221/14273135/1/Honda-HR_V-2027.jpg'},{url:'https://imagescdn.d2cmedia.ca/s89a7c5766af67baf931798d631f04a7f8/2221/14273135/1/Honda-HR_V-2027.jpg'},{url:'https://imagescdn.d2cmedia.ca/cb9a7c5766af67baf931798d631f04a7f8/2221/14273135/2/Honda-HR_V-2027.jpg'},{url:'https://imagescdn.d2cmedia.ca/cb9a7c5766af67baf931798d631f04a7f8/2221/14273135/3/Honda-HR_V-2027.jpg'},{url:'https://imagescdn.d2cmedia.ca/cb9a7c5766af67baf931798d631f04a7f8/2221/14273135/4/Honda-HR_V-2027.jpg'},{url:'https://imagescdn.d2cmedia.ca/cb9a7c5766af67baf931798d631f04a7f8/2221/14273135/5/Honda-HR_V-2027.jpg'},{url:'https://imagescdn.d2cmedia.ca/cb9a7c5766af67baf931798d631f04a7f8/2221/14273135/6/Honda-HR_V-2027.jpg'},{url:'https://imagescdn.d2cmedia.ca/cb9a7c5766af67baf931798d631f04a7f8/2221/14273135/7/Honda-HR_V-2027.jpg'},{url:'https://imagescdn.d2cmedia.ca/cb9a7c5766af67baf931798d631f04a7f8/2221/14273135/8/Honda-HR_V-2027.jpg'},{url:'https://imagescdn.d2cmedia.ca/cb9a7c5766af67baf931798d631f04a7f8/2221/14273135/9/Honda-HR_V-2027.jpg'}]",20,KM,https://www.number7honda.com/new/inventory/2027-Honda-HR_V-id14273135.html,2027 Honda HR-V 4dr Awd Sport at Number 7 Honda,40096 CAD,New,Black,,2221,Number 7 Honda,+1-905-851-2258,"{addr1: '5555 Highway 7 W', city: 'Woodbridge', region: 'Ontario', postal_code: 'L4L 1T5', country: 'CA'}",43.7900000000,-79.5980000000,,,,,https://www.number7honda.com/privacy-policy.html,New,2221,In stock,,40096 CAD,Free,
3CZRZ2H59VM106356,3CZRZ2H59VM106356,27083-new,Honda,HR-V,4dr Awd Sport,2027,AUTOMATIC,SUV,GASOLINE,,"2027 Honda HR-V 4dr Awd Sport, White exterior","[{url:'https://imagescdn.d2cmedia.ca/cbacb560868e617fd4a5ec1e616efdb9cb/2221/14365660/1/Honda-HR_V-2027.jpg'},{url:'https://imagescdn.d2cmedia.ca/s8acb560868e617fd4a5ec1e616efdb9cb/2221/14365660/1/Honda-HR_V-2027.jpg'},{url:'https://imagescdn.d2cmedia.ca/cbacb560868e617fd4a5ec1e616efdb9cb/2221/14365660/2/Honda-HR_V-2027.jpg'},{url:'https://imagescdn.d2cmedia.ca/cbacb560868e617fd4a5ec1e616efdb9cb/2221/14365660/3/Honda-HR_V-2027.jpg'},{url:'https://imagescdn.d2cmedia.ca/cbacb560868e617fd4a5ec1e616efdb9cb/2221/14365660/4/Honda-HR_V-2027.jpg'},{url:'https://imagescdn.d2cmedia.ca/cbacb560868e617fd4a5ec1e616efdb9cb/2221/14365660/5/Honda-HR_V-2027.jpg'},{url:'https://imagescdn.d2cmedia.ca/cbacb560868e617fd4a5ec1e616efdb9cb/2221/14365660/6/Honda-HR_V-2027.jpg'},{url:'https://imagescdn.d2cmedia.ca/cbacb560868e617fd4a5ec1e616efdb9cb/2221/14365660/7/Honda-HR_V-2027.jpg'},{url:'https://imagescdn.d2cmedia.ca/cbacb560868e617fd4a5ec1e616efdb9cb/2221/14365660/8/Honda-HR_V-2027.jpg'},{url:'https://imagescdn.d2cmedia.ca/cbacb560868e617fd4a5ec1e616efdb9cb/2221/14365660/9/Honda-HR_V-2027.jpg'}]",20,KM,https://www.number7honda.com/new/inventory/2027-Honda-HR_V-id14365660.html,2027 Honda HR-V 4dr Awd Sport at Number 7 Honda,40096 CAD,New,White,,2221,Number 7 Honda,+1-905-851-2258,"{addr1: '5555 Highway 7 W', city: 'Woodbridge', region: 'Ontario', postal_code: 'L4L 1T5', country: 'CA'}",43.7900000000,-79.5980000000,,,,,https://www.number7honda.com/privacy-policy.html,New,2221,In stock,,40096 CAD,Free,
3CZRZ2H57VM106601,3CZRZ2H57VM106601,27084-new,Honda,HR-V,4dr Awd Sport,2027,AUTOMATIC,SUV,GASOLINE,,"2027 Honda HR-V 4dr Awd Sport, Silver exterior","[{url:'https://imagescdn.d2cmedia.ca/cb69f0df3a453cbc02e56121129ca27189/2221/14365661/1/Honda-HR_V-2027.jpg'},{url:'https://imagescdn.d2cmedia.ca/s869f0df3a453cbc02e56121129ca27189/2221/14365661/1/Honda-HR_V-2027.jpg'},{url:'https://imagescdn.d2cmedia.ca/cb69f0df3a453cbc02e56121129ca27189/2221/14365661/2/Honda-HR_V-2027.jpg'},{url:'https://imagescdn.d2cmedia.ca/cb69f0df3a453cbc02e56121129ca27189/2221/14365661/3/Honda-HR_V-2027.jpg'},{url:'https://imagescdn.d2cmedia.ca/cb69f0df3a453cbc02e56121129ca27189/2221/14365661/4/Honda-HR_V-2027.jpg'},{url:'https://imagescdn.d2cmedia.ca/cb69f0df3a453cbc02e56121129ca27189/2221/14365661/5/Honda-HR_V-2027.jpg'},{url:'https://imagescdn.d2cmedia.ca/cb69f0df3a453cbc02e56121129ca27189/2221/14365661/6/Honda-HR_V-2027.jpg'},{url:'https://imagescdn.d2cmedia.ca/cb69f0df3a453cbc02e56121129ca27189/2221/14365661/7/Honda-HR_V-2027.jpg'},{url:'https://imagescdn.d2cmedia.ca/cb69f0df3a453cbc02e56121129ca27189/2221/14365661/8/Honda-HR_V-2027.jpg'},{url:'https://imagescdn.d2cmedia.ca/cb69f0df3a453cbc02e56121129ca27189/2221/14365661/9/Honda-HR_V-2027.jpg'}]",20,KM,https://www.number7honda.com/new/inventory/2027-Honda-HR_V-id14365661.html,2027 Honda HR-V 4dr Awd Sport at Number 7 Honda,40096 CAD,New,Silver,,2221,Number 7 Honda,+1-905-851-2258,"{addr1: '5555 Highway 7 W', city: 'Woodbridge', region: 'Ontario', postal_code: 'L4L 1T5', country: 'CA'}",43.7900000000,-79.5980000000,,,,,https://www.number7honda.com/privacy-policy.html,New,2221,In stock,,40096 CAD,Free,
3CZRZ2H50VM106956,3CZRZ2H50VM106956,27117-new,Honda,HR-V,4dr Awd Sport,2027,AUTOMATIC,SUV,GASOLINE,,"2027 Honda HR-V 4dr Awd Sport, Black exterior","[{url:'https://imagescdn.d2cmedia.ca/cbcf6441d10dc30e3d98ab911b6e273474/2221/14405030/1/Honda-HR_V-2027.jpg'},{url:'https://imagescdn.d2cmedia.ca/s8cf6441d10dc30e3d98ab911b6e273474/2221/14405030/1/Honda-HR_V-2027.jpg'},{url:'https://imagescdn.d2cmedia.ca/cbcf6441d10dc30e3d98ab911b6e273474/2221/14405030/2/Honda-HR_V-2027.jpg'},{url:'https://imagescdn.d2cmedia.ca/cbcf6441d10dc30e3d98ab911b6e273474/2221/14405030/3/Honda-HR_V-2027.jpg'},{url:'https://imagescdn.d2cmedia.ca/cbcf6441d10dc30e3d98ab911b6e273474/2221/14405030/4/Honda-HR_V-2027.jpg'},{url:'https://imagescdn.d2cmedia.ca/cbcf6441d10dc30e3d98ab911b6e273474/2221/14405030/5/Honda-HR_V-2027.jpg'},{url:'https://imagescdn.d2cmedia.ca/cbcf6441d10dc30e3d98ab911b6e273474/2221/14405030/6/Honda-HR_V-2027.jpg'},{url:'https://imagescdn.d2cmedia.ca/cbcf6441d10dc30e3d98ab911b6e273474/2221/14405030/7/Honda-HR_V-2027.jpg'},{url:'https://imagescdn.d2cmedia.ca/cbcf6441d10dc30e3d98ab911b6e273474/2221/14405030/8/Honda-HR_V-2027.jpg'},{url:'https://imagescdn.d2cmedia.ca/cbcf6441d10dc30e3d98ab911b6e273474/2221/14405030/9/Honda-HR_V-2027.jpg'}]",20,KM,https://www.number7honda.com/new/inventory/2027-Honda-HR_V-id14405030.html,2027 Honda HR-V 4dr Awd Sport at Number 7 Honda,40096 CAD,New,Black,,2221,Number 7 Honda,+1-905-851-2258,"{addr1: '5555 Highway 7 W', city: 'Woodbridge', region: 'Ontario', postal_code: 'L4L 1T5', country: 'CA'}",43.7900000000,-79.5980000000,,,,,https://www.number7honda.com/privacy-policy.html,New,2221,In stock,,40096 CAD,Free,
3CZRZ2H55VM107360,3CZRZ2H55VM107360,27126-new,Honda,HR-V,4dr Awd Sport,2027,AUTOMATIC,SUV,GASOLINE,,"2027 Honda HR-V 4dr Awd Sport, White exterior","[{url:'https://imagescdn.d2cmedia.ca/cb39d45e73084ede9741ba3a7710695cd5/2221/14427303/1/Honda-HR_V-2027.jpg'},{url:'https://imagescdn.d2cmedia.ca/s839d45e73084ede9741ba3a7710695cd5/2221/14427303/1/Honda-HR_V-2027.jpg'},{url:'https://imagescdn.d2cmedia.ca/cb39d45e73084ede9741ba3a7710695cd5/2221/14427303/2/Honda-HR_V-2027.jpg'},{url:'https://imagescdn.d2cmedia.ca/cb39d45e73084ede9741ba3a7710695cd5/2221/14427303/3/Honda-HR_V-2027.jpg'},{url:'https://imagescdn.d2cmedia.ca/cb39d45e73084ede9741ba3a7710695cd5/2221/14427303/4/Honda-HR_V-2027.jpg'},{url:'https://imagescdn.d2cmedia.ca/cb39d45e73084ede9741ba3a7710695cd5/2221/14427303/5/Honda-HR_V-2027.jpg'},{url:'https://imagescdn.d2cmedia.ca/cb39d45e73084ede9741ba3a7710695cd5/2221/14427303/6/Honda-HR_V-2027.jpg'},{url:'https://imagescdn.d2cmedia.ca/cb39d45e73084ede9741ba3a7710695cd5/2221/14427303/7/Honda-HR_V-2027.jpg'},{url:'https://imagescdn.d2cmedia.ca/cb39d45e73084ede9741ba3a7710695cd5/2221/14427303/8/Honda-HR_V-2027.jpg'},{url:'https://imagescdn.d2cmedia.ca/cb39d45e73084ede9741ba3a7710695cd5/2221/14427303/9/Honda-HR_V-2027.jpg'}]",20,KM,https://www.number7honda.com/new/inventory/2027-Honda-HR_V-id14427303.html,2027 Honda HR-V 4dr Awd Sport at Number 7 Honda,40096 CAD,New,White,,2221,Number 7 Honda,+1-905-851-2258,"{addr1: '5555 Highway 7 W', city: 'Woodbridge', region: 'Ontario', postal_code: 'L4L 1T5', country: 'CA'}",43.7900000000,-79.5980000000,,,,,https://www.number7honda.com/privacy-policy.html,New,2221,In stock,,40096 CAD,Free,
3CZRZ2H50VM106830,3CZRZ2H50VM106830,27143-new,Honda,HR-V,4dr Awd Sport,2027,AUTOMATIC,SUV,GASOLINE,,"2027 Honda HR-V 4dr Awd Sport, Red exterior","[{url:'https://imagescdn.d2cmedia.ca/cba598442902d99e9024ad1179d374f488/2221/14439680/1/Honda-HR_V-2027.jpg'},{url:'https://imagescdn.d2cmedia.ca/s8a598442902d99e9024ad1179d374f488/2221/14439680/1/Honda-HR_V-2027.jpg'},{url:'https://imagescdn.d2cmedia.ca/cba598442902d99e9024ad1179d374f488/2221/14439680/2/Honda-HR_V-2027.jpg'},{url:'https://imagescdn.d2cmedia.ca/cba598442902d99e9024ad1179d374f488/2221/14439680/3/Honda-HR_V-2027.jpg'},{url:'https://imagescdn.d2cmedia.ca/cba598442902d99e9024ad1179d374f488/2221/14439680/4/Honda-HR_V-2027.jpg'},{url:'https://imagescdn.d2cmedia.ca/cba598442902d99e9024ad1179d374f488/2221/14439680/5/Honda-HR_V-2027.jpg'},{url:'https://imagescdn.d2cmedia.ca/cba598442902d99e9024ad1179d374f488/2221/14439680/6/Honda-HR_V-2027.jpg'},{url:'https://imagescdn.d2cmedia.ca/cba598442902d99e9024ad1179d374f488/2221/14439680/7/Honda-HR_V-2027.jpg'},{url:'https://imagescdn.d2cmedia.ca/cba598442902d99e9024ad1179d374f488/2221/14439680/8/Honda-HR_V-2027.jpg'},{url:'https://imagescdn.d2cmedia.ca/cba598442902d99e9024ad1179d374f488/2221/14439680/9/Honda-HR_V-2027.jpg'}]",20,KM,https://www.number7honda.com/new/inventory/2027-Honda-HR_V-id14439680.html,2027 Honda HR-V 4dr Awd Sport at Number 7 Honda,40096 CAD,New,Red,,2221,Number 7 Honda,+1-905-851-2258,"{addr1: '5555 Highway 7 W', city: 'Woodbridge', region: 'Ontario', postal_code: 'L4L 1T5', country: 'CA'}",43.7900000000,-79.5980000000,,,,,https://www.number7honda.com/privacy-policy.html,New,2221,In stock,,40096 CAD,Free,
3CZRZ2H70VM105095,3CZRZ2H70VM105095,27049-new,Honda,HR-V,4dr Awd Ex-L,2027,AUTOMATIC,SUV,GASOLINE,,"2027 Honda HR-V 4dr Awd Ex-L, Black exterior","[{url:'https://imagescdn.d2cmedia.ca/cbfe01392b8b0a53d3323c1397f53c5bd8/2221/14200363/1/Honda-HR_V-2027.jpg'},{url:'https://imagescdn.d2cmedia.ca/s8fe01392b8b0a53d3323c1397f53c5bd8/2221/14200363/1/Honda-HR_V-2027.jpg'},{url:'https://imagescdn.d2cmedia.ca/cbfe01392b8b0a53d3323c1397f53c5bd8/2221/14200363/2/Honda-HR_V-2027.jpg'},{url:'https://imagescdn.d2cmedia.ca/cbfe01392b8b0a53d3323c1397f53c5bd8/2221/14200363/3/Honda-HR_V-2027.jpg'},{url:'https://imagescdn.d2cmedia.ca/cbfe01392b8b0a53d3323c1397f53c5bd8/2221/14200363/4/Honda-HR_V-2027.jpg'},{url:'https://imagescdn.d2cmedia.ca/cbfe01392b8b0a53d3323c1397f53c5bd8/2221/14200363/5/Honda-HR_V-2027.jpg'},{url:'https://imagescdn.d2cmedia.ca/cbfe01392b8b0a53d3323c1397f53c5bd8/2221/14200363/6/Honda-HR_V-2027.jpg'},{url:'https://imagescdn.d2cmedia.ca/cbfe01392b8b0a53d3323c1397f53c5bd8/2221/14200363/7/Honda-HR_V-2027.jpg'},{url:'https://imagescdn.d2cmedia.ca/cbfe01392b8b0a53d3323c1397f53c5bd8/2221/14200363/8/Honda-HR_V-2027.jpg'},{url:'https://imagescdn.d2cmedia.ca/cbfe01392b8b0a53d3323c1397f53c5bd8/2221/14200363/9/Honda-HR_V-2027.jpg'}]",20,KM,https://www.number7honda.com/new/inventory/2027-Honda-HR_V-id14200363.html,2027 Honda HR-V 4dr Awd Ex-L at Number 7 Honda,42896 CAD,New,Black,,2221,Number 7 Honda,+1-905-851-2258,"{addr1: '5555 Highway 7 W', city: 'Woodbridge', region: 'Ontario', postal_code: 'L4L 1T5', country: 'CA'}",43.7900000000,-79.5980000000,,,,,https://www.number7honda.com/privacy-policy.html,New,2221,In stock,,42896 CAD,Free,
3CZRZ2H76VM105103,3CZRZ2H76VM105103,27050-new,Honda,HR-V,4dr Awd Ex-L,2027,AUTOMATIC,SUV,GASOLINE,,"2027 Honda HR-V 4dr Awd Ex-L, Black exterior","[{url:'https://imagescdn.d2cmedia.ca/cbb3be99d8dea2d78a8676715334d87fc4/2221/14200364/1/Honda-HR_V-2027.jpg'},{url:'https://imagescdn.d2cmedia.ca/s8b3be99d8dea2d78a8676715334d87fc4/2221/14200364/1/Honda-HR_V-2027.jpg'},{url:'https://imagescdn.d2cmedia.ca/cbb3be99d8dea2d78a8676715334d87fc4/2221/14200364/2/Honda-HR_V-2027.jpg'},{url:'https://imagescdn.d2cmedia.ca/cbb3be99d8dea2d78a8676715334d87fc4/2221/14200364/3/Honda-HR_V-2027.jpg'},{url:'https://imagescdn.d2cmedia.ca/cbb3be99d8dea2d78a8676715334d87fc4/2221/14200364/4/Honda-HR_V-2027.jpg'},{url:'https://imagescdn.d2cmedia.ca/cbb3be99d8dea2d78a8676715334d87fc4/2221/14200364/5/Honda-HR_V-2027.jpg'},{url:'https://imagescdn.d2cmedia.ca/cbb3be99d8dea2d78a8676715334d87fc4/2221/14200364/6/Honda-HR_V-2027.jpg'},{url:'https://imagescdn.d2cmedia.ca/cbb3be99d8dea2d78a8676715334d87fc4/2221/14200364/7/Honda-HR_V-2027.jpg'},{url:'https://imagescdn.d2cmedia.ca/cbb3be99d8dea2d78a8676715334d87fc4/2221/14200364/8/Honda-HR_V-2027.jpg'},{url:'https://imagescdn.d2cmedia.ca/cbb3be99d8dea2d78a8676715334d87fc4/2221/14200364/9/Honda-HR_V-2027.jpg'}]",20,KM,https://www.number7honda.com/new/inventory/2027-Honda-HR_V-id14200364.html,2027 Honda HR-V 4dr Awd Ex-L at Number 7 Honda,42896 CAD,New,Black,,2221,Number 7 Honda,+1-905-851-2258,"{addr1: '5555 Highway 7 W', city: 'Woodbridge', region: 'Ontario', postal_code: 'L4L 1T5', country: 'CA'}",43.7900000000,-79.5980000000,,,,,https://www.number7honda.com/privacy-policy.html,New,2221,In stock,,42896 CAD,Free,
3CZRZ2H79VM105127,3CZRZ2H79VM105127,27070-new,Honda,HR-V,4dr Awd Ex-L,2027,AUTOMATIC,SUV,GASOLINE,,"2027 Honda HR-V 4dr Awd Ex-L, NORDIC FOREST P exterior","[{url:'https://carimages.d2cmedia.ca/newcarimages/en/cb6abe815d16bd4/Honda/HR-V/2027/1200/486879-NERSIEFXRCBFWC1M/teal/front45.png'},{url:'https://carimages.d2cmedia.ca/newcarimages/en/cb6abe815d16bd4/Honda/HR-V/2027/1280/486879/teal/front_45_degree.png'},{url:'https://carimages.d2cmedia.ca/newcarimages/en/cb6abe815d16bd4/Honda/HR-V/2027/2100/486879/teal/front_45_degree.png'},{url:'https://carimages.d2cmedia.ca/newcarimages/en/cb6abe815d16bd4/Honda/HR-V/2027/2100/486879/teal/profile.png'},{url:'https://carimages.d2cmedia.ca/newcarimages/en/cb6abe815d16bd4/Honda/HR-V/2027/2100/486879/teal/back_45_degree.png'},{url:'https://carimages.d2cmedia.ca/newcarimages/en/cb6abe815d16bd4/Honda/HR-V/2027/2100/486879/teal/driver_dashboard.png'},{url:'https://carimages.d2cmedia.ca/newcarimages/en/cb6abe815d16bd4/Honda/HR-V/2027/2100/486879/teal/full_dashboard.png'},{url:'https://carimages.d2cmedia.ca/newcarimages/en/cb6abe815d16bd4/Honda/HR-V/2027/2100/486879/teal/interior_driver_open_seat.png'},{url:'https://carimages.d2cmedia.ca/newcarimages/en/cb6abe815d16bd4/Honda/HR-V/2027/2100/486879/teal/interior_driver_stereo.png'},{url:'https://carimages.d2cmedia.ca/newcarimages/en/cb6abe815d16bd4/Honda/HR-V/2027/2100/486879/teal/interior_driver_reat_seats.png'}]",20,KM,https://www.number7honda.com/new/inventory/2027-Honda-HR_V-id14311454.html,2027 Honda HR-V 4dr Awd Ex-L at Number 7 Honda,42896 CAD,New,NORDIC FOREST P,,2221,Number 7 Honda,+1-905-851-2258,"{addr1: '5555 Highway 7 W', city: 'Woodbridge', region: 'Ontario', postal_code: 'L4L 1T5', country: 'CA'}",43.7900000000,-79.5980000000,,,,,https://www.number7honda.com/privacy-policy.html,New,2221,In stock,,42896 CAD,Free,
3CZRZ2H78VM106639,3CZRZ2H78VM106639,27092-new,Honda,HR-V,4dr Awd Ex-L,2027,AUTOMATIC,SUV,GASOLINE,,"2027 Honda HR-V 4dr Awd Ex-L, Grey exterior","[{url:'https://imagescdn.d2cmedia.ca/cb4e1a1bf1784e10b5b08b4070f1dee6fa/2221/14379938/1/Honda-HR_V-2027.jpg'},{url:'https://imagescdn.d2cmedia.ca/s84e1a1bf1784e10b5b08b4070f1dee6fa/2221/14379938/1/Honda-HR_V-2027.jpg'},{url:'https://imagescdn.d2cmedia.ca/cb4e1a1bf1784e10b5b08b4070f1dee6fa/2221/14379938/2/Honda-HR_V-2027.jpg'},{url:'https://imagescdn.d2cmedia.ca/cb4e1a1bf1784e10b5b08b4070f1dee6fa/2221/14379938/3/Honda-HR_V-2027.jpg'},{url:'https://imagescdn.d2cmedia.ca/cb4e1a1bf1784e10b5b08b4070f1dee6fa/2221/14379938/4/Honda-HR_V-2027.jpg'},{url:'https://imagescdn.d2cmedia.ca/cb4e1a1bf1784e10b5b08b4070f1dee6fa/2221/14379938/5/Honda-HR_V-2027.jpg'},{url:'https://imagescdn.d2cmedia.ca/cb4e1a1bf1784e10b5b08b4070f1dee6fa/2221/14379938/6/Honda-HR_V-2027.jpg'},{url:'https://imagescdn.d2cmedia.ca/cb4e1a1bf1784e10b5b08b4070f1dee6fa/2221/14379938/7/Honda-HR_V-2027.jpg'},{url:'https://imagescdn.d2cmedia.ca/cb4e1a1bf1784e10b5b08b4070f1dee6fa/2221/14379938/8/Honda-HR_V-2027.jpg'},{url:'https://imagescdn.d2cmedia.ca/cb4e1a1bf1784e10b5b08b4070f1dee6fa/2221/14379938/9/Honda-HR_V-2027.jpg'}]",20,KM,https://www.number7honda.com/new/inventory/2027-Honda-HR_V-id14379938.html,2027 Honda HR-V 4dr Awd Ex-L at Number 7 Honda,42896 CAD,New,Grey,,2221,Number 7 Honda,+1-905-851-2258,"{addr1: '5555 Highway 7 W', city: 'Woodbridge', region: 'Ontario', postal_code: 'L4L 1T5', country: 'CA'}",43.7900000000,-79.5980000000,,,,,https://www.number7honda.com/privacy-policy.html,New,2221,In stock,,42896 CAD,Free,
2HKRS6H51TH246146,2HKRS6H51TH246146,261766-new,Honda,CR-V Hybrid,4dr Awd Sport,2026,AUTOMATIC,SUV,HYBRID,,"2026 Honda CR-V Hybrid 4dr Awd Sport, Black exterior","[{url:'https://imagescdn.d2cmedia.ca/cb00d31aa05986c00b0308a5423e8a97e8/2221/14019858/1/Honda-CR_V Hybrid-2026.jpg'},{url:'https://imagescdn.d2cmedia.ca/s800d31aa05986c00b0308a5423e8a97e8/2221/14019858/1/Honda-CR_V_Hybrid-2026.jpg'},{url:'https://imagescdn.d2cmedia.ca/cb00d31aa05986c00b0308a5423e8a97e8/2221/14019858/1/Honda-CR_V_Hybrid-2026.jpg'},{url:'https://imagescdn.d2cmedia.ca/cb00d31aa05986c00b0308a5423e8a97e8/2221/14019858/2/Honda-CR_V_Hybrid-2026.jpg'},{url:'https://imagescdn.d2cmedia.ca/cb00d31aa05986c00b0308a5423e8a97e8/2221/14019858/3/Honda-CR_V_Hybrid-2026.jpg'},{url:'https://imagescdn.d2cmedia.ca/cb00d31aa05986c00b0308a5423e8a97e8/2221/14019858/4/Honda-CR_V_Hybrid-2026.jpg'},{url:'https://imagescdn.d2cmedia.ca/cb00d31aa05986c00b0308a5423e8a97e8/2221/14019858/5/Honda-CR_V_Hybrid-2026.jpg'},{url:'https://imagescdn.d2cmedia.ca/cb00d31aa05986c00b0308a5423e8a97e8/2221/14019858/6/Honda-CR_V_Hybrid-2026.jpg'},{url:'https://imagescdn.d2cmedia.ca/cb00d31aa05986c00b0308a5423e8a97e8/2221/14019858/7/Honda-CR_V_Hybrid-2026.jpg'},{url:'https://imagescdn.d2cmedia.ca/cb00d31aa05986c00b0308a5423e8a97e8/2221/14019858/8/Honda-CR_V_Hybrid-2026.jpg'}]",0,KM,https://www.number7honda.com/new/inventory/2026-Honda-CR_V_Hybrid-id14019858.html,2026 Honda CR-V Hybrid 4dr Awd Sport at Number 7 Honda,49696 CAD,New,Black,,2221,Number 7 Honda,+1-905-851-2258,"{addr1: '5555 Highway 7 W', city: 'Woodbridge', region: 'Ontario', postal_code: 'L4L 1T5', country: 'CA'}",43.7900000000,-79.5980000000,,,,,https://www.number7honda.com/privacy-policy.html,New,2221,In stock,,49696 CAD,Free,
2HKRS6H55TH246151,2HKRS6H55TH246151,261767-new,Honda,CR-V Hybrid,4dr Awd Sport,2026,AUTOMATIC,SUV,HYBRID,,"2026 Honda CR-V Hybrid 4dr Awd Sport, Black exterior","[{url:'https://imagescdn.d2cmedia.ca/cb71f7a515b6f076c0f89bf70c3ef08447/2221/14019859/1/Honda-CR_V Hybrid-2026.jpg'},{url:'https://imagescdn.d2cmedia.ca/s871f7a515b6f076c0f89bf70c3ef08447/2221/14019859/1/Honda-CR_V_Hybrid-2026.jpg'},{url:'https://imagescdn.d2cmedia.ca/cb71f7a515b6f076c0f89bf70c3ef08447/2221/14019859/1/Honda-CR_V_Hybrid-2026.jpg'},{url:'https://imagescdn.d2cmedia.ca/cb71f7a515b6f076c0f89bf70c3ef08447/2221/14019859/2/Honda-CR_V_Hybrid-2026.jpg'},{url:'https://imagescdn.d2cmedia.ca/cb71f7a515b6f076c0f89bf70c3ef08447/2221/14019859/3/Honda-CR_V_Hybrid-2026.jpg'},{url:'https://imagescdn.d2cmedia.ca/cb71f7a515b6f076c0f89bf70c3ef08447/2221/14019859/4/Honda-CR_V_Hybrid-2026.jpg'},{url:'https://imagescdn.d2cmedia.ca/cb71f7a515b6f076c0f89bf70c3ef08447/2221/14019859/5/Honda-CR_V_Hybrid-2026.jpg'},{url:'https://imagescdn.d2cmedia.ca/cb71f7a515b6f076c0f89bf70c3ef08447/2221/14019859/6/Honda-CR_V_Hybrid-2026.jpg'},{url:'https://imagescdn.d2cmedia.ca/cb71f7a515b6f076c0f89bf70c3ef08447/2221/14019859/7/Honda-CR_V_Hybrid-2026.jpg'},{url:'https://imagescdn.d2cmedia.ca/cb71f7a515b6f076c0f89bf70c3ef08447/2221/14019859/8/Honda-CR_V_Hybrid-2026.jpg'}]",0,KM,https://www.number7honda.com/new/inventory/2026-Honda-CR_V_Hybrid-id14019859.html,2026 Honda CR-V Hybrid 4dr Awd Sport at Number 7 Honda,49696 CAD,New,Black,,2221,Number 7 Honda,+1-905-851-2258,"{addr1: '5555 Highway 7 W', city: 'Woodbridge', region: 'Ontario', postal_code: 'L4L 1T5', country: 'CA'}",43.7900000000,-79.5980000000,,,,,https://www.number7honda.com/privacy-policy.html,New,2221,In stock,,49696 CAD,Free,
2HKRS6H58TH246144,2HKRS6H58TH246144,261768-new,Honda,CR-V Hybrid,4dr Awd Sport,2026,AUTOMATIC,SUV,HYBRID,,"2026 Honda CR-V Hybrid 4dr Awd Sport, Black exterior","[{url:'https://imagescdn.d2cmedia.ca/cba1e62b791eaef0736879344e8c7861d4/2221/14019860/1/Honda-CR_V Hybrid-2026.jpg'},{url:'https://imagescdn.d2cmedia.ca/s8a1e62b791eaef0736879344e8c7861d4/2221/14019860/1/Honda-CR_V_Hybrid-2026.jpg'},{url:'https://imagescdn.d2cmedia.ca/cba1e62b791eaef0736879344e8c7861d4/2221/14019860/1/Honda-CR_V_Hybrid-2026.jpg'},{url:'https://imagescdn.d2cmedia.ca/cba1e62b791eaef0736879344e8c7861d4/2221/14019860/2/Honda-CR_V_Hybrid-2026.jpg'},{url:'https://imagescdn.d2cmedia.ca/cba1e62b791eaef0736879344e8c7861d4/2221/14019860/3/Honda-CR_V_Hybrid-2026.jpg'},{url:'https://imagescdn.d2cmedia.ca/cba1e62b791eaef0736879344e8c7861d4/2221/14019860/4/Honda-CR_V_Hybrid-2026.jpg'},{url:'https://imagescdn.d2cmedia.ca/cba1e62b791eaef0736879344e8c7861d4/2221/14019860/5/Honda-CR_V_Hybrid-2026.jpg'},{url:'https://imagescdn.d2cmedia.ca/cba1e62b791eaef0736879344e8c7861d4/2221/14019860/6/Honda-CR_V_Hybrid-2026.jpg'},{url:'https://imagescdn.d2cmedia.ca/cba1e62b791eaef0736879344e8c7861d4/2221/14019860/7/Honda-CR_V_Hybrid-2026.jpg'},{url:'https://imagescdn.d2cmedia.ca/cba1e62b791eaef0736879344e8c7861d4/2221/14019860/8/Honda-CR_V_Hybrid-2026.jpg'}]",0,KM,https://www.number7honda.com/new/inventory/2026-Honda-CR_V_Hybrid-id14019860.html,2026 Honda CR-V Hybrid 4dr Awd Sport at Number 7 Honda,49696 CAD,New,Black,,2221,Number 7 Honda,+1-905-851-2258,"{addr1: '5555 Highway 7 W', city: 'Woodbridge', region: 'Ontario', postal_code: 'L4L 1T5', country: 'CA'}",43.7900000000,-79.5980000000,,,,,https://www.number7honda.com/privacy-policy.html,New,2221,In stock,,49696 CAD,Free,
2HKRS6H5XTH246159,2HKRS6H5XTH246159,261776-new,Honda,CR-V Hybrid,4dr Awd Sport,2026,AUTOMATIC,SUV,HYBRID,,"2026 Honda CR-V Hybrid 4dr Awd Sport, Black exterior","[{url:'https://imagescdn.d2cmedia.ca/cbc72b3369470365935c13b9ab57bef37b/2221/14025620/1/Honda-CR_V Hybrid-2026.jpg'},{url:'https://imagescdn.d2cmedia.ca/s8c72b3369470365935c13b9ab57bef37b/2221/14025620/1/Honda-CR_V_Hybrid-2026.jpg'},{url:'https://imagescdn.d2cmedia.ca/cbc72b3369470365935c13b9ab57bef37b/2221/14025620/1/Honda-CR_V_Hybrid-2026.jpg'},{url:'https://imagescdn.d2cmedia.ca/cbc72b3369470365935c13b9ab57bef37b/2221/14025620/2/Honda-CR_V_Hybrid-2026.jpg'},{url:'https://imagescdn.d2cmedia.ca/cbc72b3369470365935c13b9ab57bef37b/2221/14025620/3/Honda-CR_V_Hybrid-2026.jpg'},{url:'https://imagescdn.d2cmedia.ca/cbc72b3369470365935c13b9ab57bef37b/2221/14025620/4/Honda-CR_V_Hybrid-2026.jpg'},{url:'https://imagescdn.d2cmedia.ca/cbc72b3369470365935c13b9ab57bef37b/2221/14025620/5/Honda-CR_V_Hybrid-2026.jpg'},{url:'https://imagescdn.d2cmedia.ca/cbc72b3369470365935c13b9ab57bef37b/2221/14025620/6/Honda-CR_V_Hybrid-2026.jpg'},{url:'https://imagescdn.d2cmedia.ca/cbc72b3369470365935c13b9ab57bef37b/2221/14025620/7/Honda-CR_V_Hybrid-2026.jpg'},{url:'https://imagescdn.d2cmedia.ca/cbc72b3369470365935c13b9ab57bef37b/2221/14025620/8/Honda-CR_V_Hybrid-2026.jpg'}]",0,KM,https://www.number7honda.com/new/inventory/2026-Honda-CR_V_Hybrid-id14025620.html,2026 Honda CR-V Hybrid 4dr Awd Sport at Number 7 Honda,49696 CAD,New,Black,,2221,Number 7 Honda,+1-905-851-2258,"{addr1: '5555 Highway 7 W', city: 'Woodbridge', region: 'Ontario', postal_code: 'L4L 1T5', country: 'CA'}",43.7900000000,-79.5980000000,,,,,https://www.number7honda.com/privacy-policy.html,New,2221,In stock,,49696 CAD,Free,
2HKRS6H57TH250511,2HKRS6H57TH250511,261916,Honda,CR-V Hybrid,Sport Awd,2026,AUTOMATIC,SUV,HYBRID,,"2026 Honda CR-V Hybrid Sport Awd, Black exterior","[{url:'https://imagescdn.d2cmedia.ca/cb35129f09921ee916b745d176ff8637c9/2221/14205873/1/Honda-CR_V Hybrid-2026.jpg'},{url:'https://imagescdn.d2cmedia.ca/s835129f09921ee916b745d176ff8637c9/2221/14205873/1/Honda-CR_V_Hybrid-2026.jpg'},{url:'https://imagescdn.d2cmedia.ca/cb35129f09921ee916b745d176ff8637c9/2221/14205873/1/Honda-CR_V_Hybrid-2026.jpg'},{url:'https://imagescdn.d2cmedia.ca/cb35129f09921ee916b745d176ff8637c9/2221/14205873/2/Honda-CR_V_Hybrid-2026.jpg'},{url:'https://imagescdn.d2cmedia.ca/cb35129f09921ee916b745d176ff8637c9/2221/14205873/3/Honda-CR_V_Hybrid-2026.jpg'},{url:'https://imagescdn.d2cmedia.ca/cb35129f09921ee916b745d176ff8637c9/2221/14205873/4/Honda-CR_V_Hybrid-2026.jpg'},{url:'https://imagescdn.d2cmedia.ca/cb35129f09921ee916b745d176ff8637c9/2221/14205873/5/Honda-CR_V_Hybrid-2026.jpg'},{url:'https://imagescdn.d2cmedia.ca/cb35129f09921ee916b745d176ff8637c9/2221/14205873/6/Honda-CR_V_Hybrid-2026.jpg'},{url:'https://imagescdn.d2cmedia.ca/cb35129f09921ee916b745d176ff8637c9/2221/14205873/7/Honda-CR_V_Hybrid-2026.jpg'},{url:'https://imagescdn.d2cmedia.ca/cb35129f09921ee916b745d176ff8637c9/2221/14205873/8/Honda-CR_V_Hybrid-2026.jpg'}]",0,KM,https://www.number7honda.com/new/inventory/2026-Honda-CR_V_Hybrid-id14205873.html,2026 Honda CR-V Hybrid Sport Awd at Number 7 Honda,49696 CAD,New,Black,,2221,Number 7 Honda,+1-905-851-2258,"{addr1: '5555 Highway 7 W', city: 'Woodbridge', region: 'Ontario', postal_code: 'L4L 1T5', country: 'CA'}",43.7900000000,-79.5980000000,,,,,https://www.number7honda.com/privacy-policy.html,New,2221,In stock,,49696 CAD,Free,
2HKRS6H59TH250087,2HKRS6H59TH250087,261920-new,Honda,CR-V Hybrid,4dr Awd Sport,2026,AUTOMATIC,SUV,HYBRID,,"2026 Honda CR-V Hybrid 4dr Awd Sport, Black exterior","[{url:'https://imagescdn.d2cmedia.ca/cb9b7ed9052bd9a6d5fc15ad3c1b4657f0/2221/14211038/1/Honda-CR_V Hybrid-2026.jpg'},{url:'https://imagescdn.d2cmedia.ca/s89b7ed9052bd9a6d5fc15ad3c1b4657f0/2221/14211038/1/Honda-CR_V_Hybrid-2026.jpg'},{url:'https://imagescdn.d2cmedia.ca/cb9b7ed9052bd9a6d5fc15ad3c1b4657f0/2221/14211038/1/Honda-CR_V_Hybrid-2026.jpg'},{url:'https://imagescdn.d2cmedia.ca/cb9b7ed9052bd9a6d5fc15ad3c1b4657f0/2221/14211038/2/Honda-CR_V_Hybrid-2026.jpg'},{url:'https://imagescdn.d2cmedia.ca/cb9b7ed9052bd9a6d5fc15ad3c1b4657f0/2221/14211038/3/Honda-CR_V_Hybrid-2026.jpg'},{url:'https://imagescdn.d2cmedia.ca/cb9b7ed9052bd9a6d5fc15ad3c1b4657f0/2221/14211038/4/Honda-CR_V_Hybrid-2026.jpg'},{url:'https://imagescdn.d2cmedia.ca/cb9b7ed9052bd9a6d5fc15ad3c1b4657f0/2221/14211038/5/Honda-CR_V_Hybrid-2026.jpg'},{url:'https://imagescdn.d2cmedia.ca/cb9b7ed9052bd9a6d5fc15ad3c1b4657f0/2221/14211038/6/Honda-CR_V_Hybrid-2026.jpg'},{url:'https://imagescdn.d2cmedia.ca/cb9b7ed9052bd9a6d5fc15ad3c1b4657f0/2221/14211038/7/Honda-CR_V_Hybrid-2026.jpg'},{url:'https://imagescdn.d2cmedia.ca/cb9b7ed9052bd9a6d5fc15ad3c1b4657f0/2221/14211038/8/Honda-CR_V_Hybrid-2026.jpg'}]",0,KM,https://www.number7honda.com/new/inventory/2026-Honda-CR_V_Hybrid-id14211038.html,2026 Honda CR-V Hybrid 4dr Awd Sport at Number 7 Honda,49696 CAD,New,Black,,2221,Number 7 Honda,+1-905-851-2258,"{addr1: '5555 Highway 7 W', city: 'Woodbridge', region: 'Ontario', postal_code: 'L4L 1T5', country: 'CA'}",43.7900000000,-79.5980000000,,,,,https://www.number7honda.com/privacy-policy.html,New,2221,In stock,,49696 CAD,Free,
2HKRS6H52TH250531,2HKRS6H52TH250531,261921-new,Honda,CR-V Hybrid,4dr Awd Sport,2026,AUTOMATIC,SUV,HYBRID,,"2026 Honda CR-V Hybrid 4dr Awd Sport, Black exterior","[{url:'https://imagescdn.d2cmedia.ca/cb9ec5caa0a8019702b6426e70a970b169/2221/14211039/1/Honda-CR_V Hybrid-2026.jpg'},{url:'https://imagescdn.d2cmedia.ca/s89ec5caa0a8019702b6426e70a970b169/2221/14211039/1/Honda-CR_V_Hybrid-2026.jpg'},{url:'https://imagescdn.d2cmedia.ca/cb9ec5caa0a8019702b6426e70a970b169/2221/14211039/1/Honda-CR_V_Hybrid-2026.jpg'},{url:'https://imagescdn.d2cmedia.ca/cb9ec5caa0a8019702b6426e70a970b169/2221/14211039/2/Honda-CR_V_Hybrid-2026.jpg'},{url:'https://imagescdn.d2cmedia.ca/cb9ec5caa0a8019702b6426e70a970b169/2221/14211039/3/Honda-CR_V_Hybrid-2026.jpg'},{url:'https://imagescdn.d2cmedia.ca/cb9ec5caa0a8019702b6426e70a970b169/2221/14211039/4/Honda-CR_V_Hybrid-2026.jpg'},{url:'https://imagescdn.d2cmedia.ca/cb9ec5caa0a8019702b6426e70a970b169/2221/14211039/5/Honda-CR_V_Hybrid-2026.jpg'},{url:'https://imagescdn.d2cmedia.ca/cb9ec5caa0a8019702b6426e70a970b169/2221/14211039/6/Honda-CR_V_Hybrid-2026.jpg'},{url:'https://imagescdn.d2cmedia.ca/cb9ec5caa0a8019702b6426e70a970b169/2221/14211039/7/Honda-CR_V_Hybrid-2026.jpg'},{url:'https://imagescdn.d2cmedia.ca/cb9ec5caa0a8019702b6426e70a970b169/2221/14211039/8/Honda-CR_V_Hybrid-2026.jpg'}]",0,KM,https://www.number7honda.com/new/inventory/2026-Honda-CR_V_Hybrid-id14211039.html,2026 Honda CR-V Hybrid 4dr Awd Sport at Number 7 Honda,49696 CAD,New,Black,,2221,Number 7 Honda,+1-905-851-2258,"{addr1: '5555 Highway 7 W', city: 'Woodbridge', region: 'Ontario', postal_code: 'L4L 1T5', country: 'CA'}",43.7900000000,-79.5980000000,,,,,https://www.number7honda.com/privacy-policy.html,New,2221,In stock,,49696 CAD,Free,
2HKRS6H54TH252393,2HKRS6H54TH252393,261990-new,Honda,CR-V Hybrid,4dr Awd Sport,2026,AUTOMATIC,SUV,HYBRID,,"2026 Honda CR-V Hybrid 4dr Awd Sport, Black exterior","[{url:'https://imagescdn.d2cmedia.ca/cbe2689dddc08eb241cf042313017bbac5/2221/14287310/1/Honda-CR_V Hybrid-2026.jpg'},{url:'https://imagescdn.d2cmedia.ca/s8e2689dddc08eb241cf042313017bbac5/2221/14287310/1/Honda-CR_V_Hybrid-2026.jpg'},{url:'https://imagescdn.d2cmedia.ca/cbe2689dddc08eb241cf042313017bbac5/2221/14287310/1/Honda-CR_V_Hybrid-2026.jpg'},{url:'https://imagescdn.d2cmedia.ca/cbe2689dddc08eb241cf042313017bbac5/2221/14287310/2/Honda-CR_V_Hybrid-2026.jpg'},{url:'https://imagescdn.d2cmedia.ca/cbe2689dddc08eb241cf042313017bbac5/2221/14287310/3/Honda-CR_V_Hybrid-2026.jpg'},{url:'https://imagescdn.d2cmedia.ca/cbe2689dddc08eb241cf042313017bbac5/2221/14287310/4/Honda-CR_V_Hybrid-2026.jpg'},{url:'https://imagescdn.d2cmedia.ca/cbe2689dddc08eb241cf042313017bbac5/2221/14287310/5/Honda-CR_V_Hybrid-2026.jpg'},{url:'https://imagescdn.d2cmedia.ca/cbe2689dddc08eb241cf042313017bbac5/2221/14287310/6/Honda-CR_V_Hybrid-2026.jpg'},{url:'https://imagescdn.d2cmedia.ca/cbe2689dddc08eb241cf042313017bbac5/2221/14287310/7/Honda-CR_V_Hybrid-2026.jpg'},{url:'https://imagescdn.d2cmedia.ca/cbe2689dddc08eb241cf042313017bbac5/2221/14287310/8/Honda-CR_V_Hybrid-2026.jpg'}]",0,KM,https://www.number7honda.com/new/inventory/2026-Honda-CR_V_Hybrid-id14287310.html,2026 Honda CR-V Hybrid 4dr Awd Sport at Number 7 Honda,49696 CAD,New,Black,,2221,Number 7 Honda,+1-905-851-2258,"{addr1: '5555 Highway 7 W', city: 'Woodbridge', region: 'Ontario', postal_code: 'L4L 1T5', country: 'CA'}",43.7900000000,-79.5980000000,,,,,https://www.number7honda.com/privacy-policy.html,New,2221,In stock,,49696 CAD,Free,
2HKRS6H52TH248763,2HKRS6H52TH248763,261840-new,Honda,CR-V Hybrid,4dr Awd Sport,2026,AUTOMATIC,SUV,HYBRID,,"2026 Honda CR-V Hybrid 4dr Awd Sport, White exterior","[{url:'https://imagescdn.d2cmedia.ca/cb2dc1852689fb667044e615b401983443/2221/14172363/1/Honda-CR_V Hybrid-2026.jpg'},{url:'https://imagescdn.d2cmedia.ca/s82dc1852689fb667044e615b401983443/2221/14172363/1/Honda-CR_V_Hybrid-2026.jpg'},{url:'https://imagescdn.d2cmedia.ca/cb2dc1852689fb667044e615b401983443/2221/14172363/1/Honda-CR_V_Hybrid-2026.jpg'},{url:'https://imagescdn.d2cmedia.ca/cb2dc1852689fb667044e615b401983443/2221/14172363/2/Honda-CR_V_Hybrid-2026.jpg'},{url:'https://imagescdn.d2cmedia.ca/cb2dc1852689fb667044e615b401983443/2221/14172363/3/Honda-CR_V_Hybrid-2026.jpg'},{url:'https://imagescdn.d2cmedia.ca/cb2dc1852689fb667044e615b401983443/2221/14172363/4/Honda-CR_V_Hybrid-2026.jpg'},{url:'https://imagescdn.d2cmedia.ca/cb2dc1852689fb667044e615b401983443/2221/14172363/5/Honda-CR_V_Hybrid-2026.jpg'},{url:'https://imagescdn.d2cmedia.ca/cb2dc1852689fb667044e615b401983443/2221/14172363/6/Honda-CR_V_Hybrid-2026.jpg'},{url:'https://imagescdn.d2cmedia.ca/cb2dc1852689fb667044e615b401983443/2221/14172363/7/Honda-CR_V_Hybrid-2026.jpg'},{url:'https://imagescdn.d2cmedia.ca/cb2dc1852689fb667044e615b401983443/2221/14172363/8/Honda-CR_V_Hybrid-2026.jpg'}]",20,KM,https://www.number7honda.com/new/inventory/2026-Honda-CR_V_Hybrid-id14172363.html,2026 Honda CR-V Hybrid 4dr Awd Sport at Number 7 Honda,49696 CAD,New,White,,2221,Number 7 Honda,+1-905-851-2258,"{addr1: '5555 Highway 7 W', city: 'Woodbridge', region: 'Ontario', postal_code: 'L4L 1T5', country: 'CA'}",43.7900000000,-79.5980000000,,,,,https://www.number7honda.com/privacy-policy.html,New,2221,In stock,,49696 CAD,Free,
2HKRS6H59TH249537,2HKRS6H59TH249537,261864-new,Honda,CR-V Hybrid,4dr Awd Sport,2026,AUTOMATIC,SUV,HYBRID,,"2026 Honda CR-V Hybrid 4dr Awd Sport, Grey exterior","[{url:'https://carimages.d2cmedia.ca/newcarimages/en/cb6abe815d16bd4/Honda/CR-V Hybrid/2026/1200/477739-NERSIEFXRCBTUE9SVA/Gray/front45.png'},{url:'https://carimages.d2cmedia.ca/newcarimages/en/cb6abe815d16bd4/Honda/CR-V Hybrid/2026/1280/477739/grey/front_45_degree.png'},{url:'https://carimages.d2cmedia.ca/newcarimages/en/cb6abe815d16bd4/Honda/CR-V Hybrid/2026/2100/477739/grey/front_45_degree.png'},{url:'https://carimages.d2cmedia.ca/newcarimages/en/cb6abe815d16bd4/Honda/CR-V Hybrid/2026/2100/477739/grey/profile.png'},{url:'https://carimages.d2cmedia.ca/newcarimages/en/cb6abe815d16bd4/Honda/CR-V Hybrid/2026/2100/477739/grey/back_45_degree.png'},{url:'https://carimages.d2cmedia.ca/newcarimages/en/cb6abe815d16bd4/Honda/CR-V Hybrid/2026/2100/477739/grey/driver_dashboard.png'},{url:'https://carimages.d2cmedia.ca/newcarimages/en/cb6abe815d16bd4/Honda/CR-V Hybrid/2026/2100/477739/grey/full_dashboard.png'},{url:'https://carimages.d2cmedia.ca/newcarimages/en/cb6abe815d16bd4/Honda/CR-V Hybrid/2026/2100/477739/grey/interior_driver_open_seat.png'},{url:'https://carimages.d2cmedia.ca/newcarimages/en/cb6abe815d16bd4/Honda/CR-V Hybrid/2026/2100/477739/grey/interior_driver_stereo.png'},{url:'https://carimages.d2cmedia.ca/newcarimages/en/cb6abe815d16bd4/Honda/CR-V Hybrid/2026/2100/477739/grey/interior_driver_reat_seats.png'}]",20,KM,https://www.number7honda.com/new/inventory/2026-Honda-CR_V_Hybrid-id14178568.html,2026 Honda CR-V Hybrid 4dr Awd Sport at Number 7 Honda,49696 CAD,New,Grey,,2221,Number 7 Honda,+1-905-851-2258,"{addr1: '5555 Highway 7 W', city: 'Woodbridge', region: 'Ontario', postal_code: 'L4L 1T5', country: 'CA'}",43.7900000000,-79.5980000000,,,,,https://www.number7honda.com/privacy-policy.html,New,2221,In stock,,49696 CAD,Free,
2HKRS6H52TH252411,2HKRS6H52TH252411,261980-new,Honda,CR-V Hybrid,4dr Awd Sport,2026,AUTOMATIC,SUV,HYBRID,,"2026 Honda CR-V Hybrid 4dr Awd Sport, Black exterior","[{url:'https://imagescdn.d2cmedia.ca/cb7d4ece55800a0cf4310c16181b91c2f3/2221/14279881/1/Honda-CR_V Hybrid-2026.jpg'},{url:'https://imagescdn.d2cmedia.ca/s87d4ece55800a0cf4310c16181b91c2f3/2221/14279881/1/Honda-CR_V_Hybrid-2026.jpg'},{url:'https://imagescdn.d2cmedia.ca/cb7d4ece55800a0cf4310c16181b91c2f3/2221/14279881/1/Honda-CR_V_Hybrid-2026.jpg'},{url:'https://imagescdn.d2cmedia.ca/cb7d4ece55800a0cf4310c16181b91c2f3/2221/14279881/2/Honda-CR_V_Hybrid-2026.jpg'},{url:'https://imagescdn.d2cmedia.ca/cb7d4ece55800a0cf4310c16181b91c2f3/2221/14279881/3/Honda-CR_V_Hybrid-2026.jpg'},{url:'https://imagescdn.d2cmedia.ca/cb7d4ece55800a0cf4310c16181b91c2f3/2221/14279881/4/Honda-CR_V_Hybrid-2026.jpg'},{url:'https://imagescdn.d2cmedia.ca/cb7d4ece55800a0cf4310c16181b91c2f3/2221/14279881/5/Honda-CR_V_Hybrid-2026.jpg'},{url:'https://imagescdn.d2cmedia.ca/cb7d4ece55800a0cf4310c16181b91c2f3/2221/14279881/6/Honda-CR_V_Hybrid-2026.jpg'},{url:'https://imagescdn.d2cmedia.ca/cb7d4ece55800a0cf4310c16181b91c2f3/2221/14279881/7/Honda-CR_V_Hybrid-2026.jpg'},{url:'https://imagescdn.d2cmedia.ca/cb7d4ece55800a0cf4310c16181b91c2f3/2221/14279881/8/Honda-CR_V_Hybrid-2026.jpg'}]",20,KM,https://www.number7honda.com/new/inventory/2026-Honda-CR_V_Hybrid-id14279881.html,2026 Honda CR-V Hybrid 4dr Awd Sport at Number 7 Honda,49696 CAD,New,Black,,2221,Number 7 Honda,+1-905-851-2258,"{addr1: '5555 Highway 7 W', city: 'Woodbridge', region: 'Ontario', postal_code: 'L4L 1T5', country: 'CA'}",43.7900000000,-79.5980000000,,,,,https://www.number7honda.com/privacy-policy.html,New,2221,In stock,,49696 CAD,Free,
2HKRS6H53TH252384,2HKRS6H53TH252384,261981-new,Honda,CR-V Hybrid,4dr Awd Sport,2026,AUTOMATIC,SUV,HYBRID,,"2026 Honda CR-V Hybrid 4dr Awd Sport, Black exterior","[{url:'https://imagescdn.d2cmedia.ca/cb8b47a137e4b57544099f2f8ddf591da9/2221/14279882/1/Honda-CR_V Hybrid-2026.jpg'},{url:'https://imagescdn.d2cmedia.ca/s88b47a137e4b57544099f2f8ddf591da9/2221/14279882/1/Honda-CR_V_Hybrid-2026.jpg'},{url:'https://imagescdn.d2cmedia.ca/cb8b47a137e4b57544099f2f8ddf591da9/2221/14279882/1/Honda-CR_V_Hybrid-2026.jpg'},{url:'https://imagescdn.d2cmedia.ca/cb8b47a137e4b57544099f2f8ddf591da9/2221/14279882/2/Honda-CR_V_Hybrid-2026.jpg'},{url:'https://imagescdn.d2cmedia.ca/cb8b47a137e4b57544099f2f8ddf591da9/2221/14279882/3/Honda-CR_V_Hybrid-2026.jpg'},{url:'https://imagescdn.d2cmedia.ca/cb8b47a137e4b57544099f2f8ddf591da9/2221/14279882/4/Honda-CR_V_Hybrid-2026.jpg'},{url:'https://imagescdn.d2cmedia.ca/cb8b47a137e4b57544099f2f8ddf591da9/2221/14279882/5/Honda-CR_V_Hybrid-2026.jpg'},{url:'https://imagescdn.d2cmedia.ca/cb8b47a137e4b57544099f2f8ddf591da9/2221/14279882/6/Honda-CR_V_Hybrid-2026.jpg'},{url:'https://imagescdn.d2cmedia.ca/cb8b47a137e4b57544099f2f8ddf591da9/2221/14279882/7/Honda-CR_V_Hybrid-2026.jpg'},{url:'https://imagescdn.d2cmedia.ca/cb8b47a137e4b57544099f2f8ddf591da9/2221/14279882/8/Honda-CR_V_Hybrid-2026.jpg'}]",20,KM,https://www.number7honda.com/new/inventory/2026-Honda-CR_V_Hybrid-id14279882.html,2026 Honda CR-V Hybrid 4dr Awd Sport at Number 7 Honda,49696 CAD,New,Black,,2221,Number 7 Honda,+1-905-851-2258,"{addr1: '5555 Highway 7 W', city: 'Woodbridge', region: 'Ontario', postal_code: 'L4L 1T5', country: 'CA'}",43.7900000000,-79.5980000000,,,,,https://www.number7honda.com/privacy-policy.html,New,2221,In stock,,49696 CAD,Free,
2HKRS6H55TH252385,2HKRS6H55TH252385,261984-new,Honda,CR-V Hybrid,4dr Awd Sport,2026,AUTOMATIC,SUV,HYBRID,,"2026 Honda CR-V Hybrid 4dr Awd Sport, Black exterior","[{url:'https://imagescdn.d2cmedia.ca/cb3b26c8bf4477a7d836cbffc35f4dab4a/2221/14279885/1/Honda-CR_V Hybrid-2026.jpg'},{url:'https://imagescdn.d2cmedia.ca/s83b26c8bf4477a7d836cbffc35f4dab4a/2221/14279885/1/Honda-CR_V_Hybrid-2026.jpg'},{url:'https://imagescdn.d2cmedia.ca/cb3b26c8bf4477a7d836cbffc35f4dab4a/2221/14279885/1/Honda-CR_V_Hybrid-2026.jpg'},{url:'https://imagescdn.d2cmedia.ca/cb3b26c8bf4477a7d836cbffc35f4dab4a/2221/14279885/2/Honda-CR_V_Hybrid-2026.jpg'},{url:'https://imagescdn.d2cmedia.ca/cb3b26c8bf4477a7d836cbffc35f4dab4a/2221/14279885/3/Honda-CR_V_Hybrid-2026.jpg'},{url:'https://imagescdn.d2cmedia.ca/cb3b26c8bf4477a7d836cbffc35f4dab4a/2221/14279885/4/Honda-CR_V_Hybrid-2026.jpg'},{url:'https://imagescdn.d2cmedia.ca/cb3b26c8bf4477a7d836cbffc35f4dab4a/2221/14279885/5/Honda-CR_V_Hybrid-2026.jpg'},{url:'https://imagescdn.d2cmedia.ca/cb3b26c8bf4477a7d836cbffc35f4dab4a/2221/14279885/6/Honda-CR_V_Hybrid-2026.jpg'},{url:'https://imagescdn.d2cmedia.ca/cb3b26c8bf4477a7d836cbffc35f4dab4a/2221/14279885/7/Honda-CR_V_Hybrid-2026.jpg'},{url:'https://imagescdn.d2cmedia.ca/cb3b26c8bf4477a7d836cbffc35f4dab4a/2221/14279885/8/Honda-CR_V_Hybrid-2026.jpg'}]",20,KM,https://www.number7honda.com/new/inventory/2026-Honda-CR_V_Hybrid-id14279885.html,2026 Honda CR-V Hybrid 4dr Awd Sport at Number 7 Honda,49696 CAD,New,Black,,2221,Number 7 Honda,+1-905-851-2258,"{addr1: '5555 Highway 7 W', city: 'Woodbridge', region: 'Ontario', postal_code: 'L4L 1T5', country: 'CA'}",43.7900000000,-79.5980000000,,,,,https://www.number7honda.com/privacy-policy.html,New,2221,In stock,,49696 CAD,Free,
2HKRS6H51TH252402,2HKRS6H51TH252402,261985-new,Honda,CR-V Hybrid,4dr Awd Sport,2026,AUTOMATIC,SUV,HYBRID,,"2026 Honda CR-V Hybrid 4dr Awd Sport, Black exterior","[{url:'https://imagescdn.d2cmedia.ca/cb211082d39ae9d902c8701bdfe3966168/2221/14279886/1/Honda-CR_V Hybrid-2026.jpg'},{url:'https://imagescdn.d2cmedia.ca/s8211082d39ae9d902c8701bdfe3966168/2221/14279886/1/Honda-CR_V_Hybrid-2026.jpg'},{url:'https://imagescdn.d2cmedia.ca/cb211082d39ae9d902c8701bdfe3966168/2221/14279886/1/Honda-CR_V_Hybrid-2026.jpg'},{url:'https://imagescdn.d2cmedia.ca/cb211082d39ae9d902c8701bdfe3966168/2221/14279886/2/Honda-CR_V_Hybrid-2026.jpg'},{url:'https://imagescdn.d2cmedia.ca/cb211082d39ae9d902c8701bdfe3966168/2221/14279886/3/Honda-CR_V_Hybrid-2026.jpg'},{url:'https://imagescdn.d2cmedia.ca/cb211082d39ae9d902c8701bdfe3966168/2221/14279886/4/Honda-CR_V_Hybrid-2026.jpg'},{url:'https://imagescdn.d2cmedia.ca/cb211082d39ae9d902c8701bdfe3966168/2221/14279886/5/Honda-CR_V_Hybrid-2026.jpg'},{url:'https://imagescdn.d2cmedia.ca/cb211082d39ae9d902c8701bdfe3966168/2221/14279886/6/Honda-CR_V_Hybrid-2026.jpg'},{url:'https://imagescdn.d2cmedia.ca/cb211082d39ae9d902c8701bdfe3966168/2221/14279886/7/Honda-CR_V_Hybrid-2026.jpg'},{url:'https://imagescdn.d2cmedia.ca/cb211082d39ae9d902c8701bdfe3966168/2221/14279886/8/Honda-CR_V_Hybrid-2026.jpg'}]",20,KM,https://www.number7honda.com/new/inventory/2026-Honda-CR_V_Hybrid-id14279886.html,2026 Honda CR-V Hybrid 4dr Awd Sport at Number 7 Honda,49696 CAD,New,Black,,2221,Number 7 Honda,+1-905-851-2258,"{addr1: '5555 Highway 7 W', city: 'Woodbridge', region: 'Ontario', postal_code: 'L4L 1T5', country: 'CA'}",43.7900000000,-79.5980000000,,,,,https://www.number7honda.com/privacy-policy.html,New,2221,In stock,,49696 CAD,Free,
2HKRS6H5XTH252401,2HKRS6H5XTH252401,261986-new,Honda,CR-V Hybrid,4dr Awd Sport,2026,AUTOMATIC,SUV,HYBRID,,"2026 Honda CR-V Hybrid 4dr Awd Sport, Black exterior","[{url:'https://imagescdn.d2cmedia.ca/cb57a425f7685867c4aba9403938b1f229/2221/14279887/1/Honda-CR_V Hybrid-2026.jpg'},{url:'https://imagescdn.d2cmedia.ca/s857a425f7685867c4aba9403938b1f229/2221/14279887/1/Honda-CR_V_Hybrid-2026.jpg'},{url:'https://imagescdn.d2cmedia.ca/cb57a425f7685867c4aba9403938b1f229/2221/14279887/1/Honda-CR_V_Hybrid-2026.jpg'},{url:'https://imagescdn.d2cmedia.ca/cb57a425f7685867c4aba9403938b1f229/2221/14279887/2/Honda-CR_V_Hybrid-2026.jpg'},{url:'https://imagescdn.d2cmedia.ca/cb57a425f7685867c4aba9403938b1f229/2221/14279887/3/Honda-CR_V_Hybrid-2026.jpg'},{url:'https://imagescdn.d2cmedia.ca/cb57a425f7685867c4aba9403938b1f229/2221/14279887/4/Honda-CR_V_Hybrid-2026.jpg'},{url:'https://imagescdn.d2cmedia.ca/cb57a425f7685867c4aba9403938b1f229/2221/14279887/5/Honda-CR_V_Hybrid-2026.jpg'},{url:'https://imagescdn.d2cmedia.ca/cb57a425f7685867c4aba9403938b1f229/2221/14279887/6/Honda-CR_V_Hybrid-2026.jpg'},{url:'https://imagescdn.d2cmedia.ca/cb57a425f7685867c4aba9403938b1f229/2221/14279887/7/Honda-CR_V_Hybrid-2026.jpg'},{url:'https://imagescdn.d2cmedia.ca/cb57a425f7685867c4aba9403938b1f229/2221/14279887/8/Honda-CR_V_Hybrid-2026.jpg'}]",20,KM,https://www.number7honda.com/new/inventory/2026-Honda-CR_V_Hybrid-id14279887.html,2026 Honda CR-V Hybrid 4dr Awd Sport at Number 7 Honda,49696 CAD,New,Black,,2221,Number 7 Honda,+1-905-851-2258,"{addr1: '5555 Highway 7 W', city: 'Woodbridge', region: 'Ontario', postal_code: 'L4L 1T5', country: 'CA'}",43.7900000000,-79.5980000000,,,,,https://www.number7honda.com/privacy-policy.html,New,2221,In stock,,49696 CAD,Free,
2HKRS6H57TH251626,2HKRS6H57TH251626,262025-new,Honda,CR-V Hybrid,4dr Awd Sport,2026,AUTOMATIC,SUV,HYBRID,,"2026 Honda CR-V Hybrid 4dr Awd Sport, White exterior","[{url:'https://imagescdn.d2cmedia.ca/cbb7984d3a0297cbb44edde5eeeb562f3d/2221/14311449/1/Honda-CR_V Hybrid-2026.jpg'},{url:'https://imagescdn.d2cmedia.ca/s8b7984d3a0297cbb44edde5eeeb562f3d/2221/14311449/1/Honda-CR_V_Hybrid-2026.jpg'},{url:'https://imagescdn.d2cmedia.ca/cbb7984d3a0297cbb44edde5eeeb562f3d/2221/14311449/1/Honda-CR_V_Hybrid-2026.jpg'},{url:'https://imagescdn.d2cmedia.ca/cbb7984d3a0297cbb44edde5eeeb562f3d/2221/14311449/2/Honda-CR_V_Hybrid-2026.jpg'},{url:'https://imagescdn.d2cmedia.ca/cbb7984d3a0297cbb44edde5eeeb562f3d/2221/14311449/3/Honda-CR_V_Hybrid-2026.jpg'},{url:'https://imagescdn.d2cmedia.ca/cbb7984d3a0297cbb44edde5eeeb562f3d/2221/14311449/4/Honda-CR_V_Hybrid-2026.jpg'},{url:'https://imagescdn.d2cmedia.ca/cbb7984d3a0297cbb44edde5eeeb562f3d/2221/14311449/5/Honda-CR_V_Hybrid-2026.jpg'},{url:'https://imagescdn.d2cmedia.ca/cbb7984d3a0297cbb44edde5eeeb562f3d/2221/14311449/6/Honda-CR_V_Hybrid-2026.jpg'},{url:'https://imagescdn.d2cmedia.ca/cbb7984d3a0297cbb44edde5eeeb562f3d/2221/14311449/7/Honda-CR_V_Hybrid-2026.jpg'},{url:'https://imagescdn.d2cmedia.ca/cbb7984d3a0297cbb44edde5eeeb562f3d/2221/14311449/8/Honda-CR_V_Hybrid-2026.jpg'}]",20,KM,https://www.number7honda.com/new/inventory/2026-Honda-CR_V_Hybrid-id14311449.html,2026 Honda CR-V Hybrid 4dr Awd Sport at Number 7 Honda,49696 CAD,New,White,,2221,Number 7 Honda,+1-905-851-2258,"{addr1: '5555 Highway 7 W', city: 'Woodbridge', region: 'Ontario', postal_code: 'L4L 1T5', country: 'CA'}",43.7900000000,-79.5980000000,,,,,https://www.number7honda.com/privacy-policy.html,New,2221,In stock,,49696 CAD,Free,
2HKRS6H50TH251595,2HKRS6H50TH251595,262026-new,Honda,CR-V Hybrid,4dr Awd Sport,2026,AUTOMATIC,SUV,HYBRID,,"2026 Honda CR-V Hybrid 4dr Awd Sport, White exterior","[{url:'https://imagescdn.d2cmedia.ca/cbc2fb1d11597cb4847e6a2bdb0e0f4ad9/2221/14311450/1/Honda-CR_V Hybrid-2026.jpg'},{url:'https://imagescdn.d2cmedia.ca/s8c2fb1d11597cb4847e6a2bdb0e0f4ad9/2221/14311450/1/Honda-CR_V_Hybrid-2026.jpg'},{url:'https://imagescdn.d2cmedia.ca/cbc2fb1d11597cb4847e6a2bdb0e0f4ad9/2221/14311450/1/Honda-CR_V_Hybrid-2026.jpg'},{url:'https://imagescdn.d2cmedia.ca/cbc2fb1d11597cb4847e6a2bdb0e0f4ad9/2221/14311450/2/Honda-CR_V_Hybrid-2026.jpg'},{url:'https://imagescdn.d2cmedia.ca/cbc2fb1d11597cb4847e6a2bdb0e0f4ad9/2221/14311450/3/Honda-CR_V_Hybrid-2026.jpg'},{url:'https://imagescdn.d2cmedia.ca/cbc2fb1d11597cb4847e6a2bdb0e0f4ad9/2221/14311450/4/Honda-CR_V_Hybrid-2026.jpg'},{url:'https://imagescdn.d2cmedia.ca/cbc2fb1d11597cb4847e6a2bdb0e0f4ad9/2221/14311450/5/Honda-CR_V_Hybrid-2026.jpg'},{url:'https://imagescdn.d2cmedia.ca/cbc2fb1d11597cb4847e6a2bdb0e0f4ad9/2221/14311450/6/Honda-CR_V_Hybrid-2026.jpg'},{url:'https://imagescdn.d2cmedia.ca/cbc2fb1d11597cb4847e6a2bdb0e0f4ad9/2221/14311450/7/Honda-CR_V_Hybrid-2026.jpg'},{url:'https://imagescdn.d2cmedia.ca/cbc2fb1d11597cb4847e6a2bdb0e0f4ad9/2221/14311450/8/Honda-CR_V_Hybrid-2026.jpg'}]",20,KM,https://www.number7honda.com/new/inventory/2026-Honda-CR_V_Hybrid-id14311450.html,2026 Honda CR-V Hybrid 4dr Awd Sport at Number 7 Honda,49696 CAD,New,White,,2221,Number 7 Honda,+1-905-851-2258,"{addr1: '5555 Highway 7 W', city: 'Woodbridge', region: 'Ontario', postal_code: 'L4L 1T5', country: 'CA'}",43.7900000000,-79.5980000000,,,,,https://www.number7honda.com/privacy-policy.html,New,2221,In stock,,49696 CAD,Free,
2HKRS6H52TH251596,2HKRS6H52TH251596,262027-new,Honda,CR-V Hybrid,4dr Awd Sport,2026,AUTOMATIC,SUV,HYBRID,,"2026 Honda CR-V Hybrid 4dr Awd Sport, White exterior","[{url:'https://imagescdn.d2cmedia.ca/cba959ab236df28f4d87e4bccf5933ddb7/2221/14311451/1/Honda-CR_V Hybrid-2026.jpg'},{url:'https://imagescdn.d2cmedia.ca/s8a959ab236df28f4d87e4bccf5933ddb7/2221/14311451/1/Honda-CR_V_Hybrid-2026.jpg'},{url:'https://imagescdn.d2cmedia.ca/cba959ab236df28f4d87e4bccf5933ddb7/2221/14311451/1/Honda-CR_V_Hybrid-2026.jpg'},{url:'https://imagescdn.d2cmedia.ca/cba959ab236df28f4d87e4bccf5933ddb7/2221/14311451/2/Honda-CR_V_Hybrid-2026.jpg'},{url:'https://imagescdn.d2cmedia.ca/cba959ab236df28f4d87e4bccf5933ddb7/2221/14311451/3/Honda-CR_V_Hybrid-2026.jpg'},{url:'https://imagescdn.d2cmedia.ca/cba959ab236df28f4d87e4bccf5933ddb7/2221/14311451/4/Honda-CR_V_Hybrid-2026.jpg'},{url:'https://imagescdn.d2cmedia.ca/cba959ab236df28f4d87e4bccf5933ddb7/2221/14311451/5/Honda-CR_V_Hybrid-2026.jpg'},{url:'https://imagescdn.d2cmedia.ca/cba959ab236df28f4d87e4bccf5933ddb7/2221/14311451/6/Honda-CR_V_Hybrid-2026.jpg'},{url:'https://imagescdn.d2cmedia.ca/cba959ab236df28f4d87e4bccf5933ddb7/2221/14311451/7/Honda-CR_V_Hybrid-2026.jpg'},{url:'https://imagescdn.d2cmedia.ca/cba959ab236df28f4d87e4bccf5933ddb7/2221/14311451/8/Honda-CR_V_Hybrid-2026.jpg'}]",20,KM,https://www.number7honda.com/new/inventory/2026-Honda-CR_V_Hybrid-id14311451.html,2026 Honda CR-V Hybrid 4dr Awd Sport at Number 7 Honda,49696 CAD,New,White,,2221,Number 7 Honda,+1-905-851-2258,"{addr1: '5555 Highway 7 W', city: 'Woodbridge', region: 'Ontario', postal_code: 'L4L 1T5', country: 'CA'}",43.7900000000,-79.5980000000,,,,,https://www.number7honda.com/privacy-policy.html,New,2221,In stock,,49696 CAD,Free,
2HKRS6H51TH251623,2HKRS6H51TH251623,262028-new,Honda,CR-V Hybrid,4dr Awd Sport,2026,AUTOMATIC,SUV,HYBRID,,"2026 Honda CR-V Hybrid 4dr Awd Sport, White exterior","[{url:'https://imagescdn.d2cmedia.ca/cbc24f36b0800abc6fc1095cd3e142c535/2221/14311452/1/Honda-CR_V Hybrid-2026.jpg'},{url:'https://imagescdn.d2cmedia.ca/s8c24f36b0800abc6fc1095cd3e142c535/2221/14311452/1/Honda-CR_V_Hybrid-2026.jpg'},{url:'https://imagescdn.d2cmedia.ca/cbc24f36b0800abc6fc1095cd3e142c535/2221/14311452/1/Honda-CR_V_Hybrid-2026.jpg'},{url:'https://imagescdn.d2cmedia.ca/cbc24f36b0800abc6fc1095cd3e142c535/2221/14311452/2/Honda-CR_V_Hybrid-2026.jpg'},{url:'https://imagescdn.d2cmedia.ca/cbc24f36b0800abc6fc1095cd3e142c535/2221/14311452/3/Honda-CR_V_Hybrid-2026.jpg'},{url:'https://imagescdn.d2cmedia.ca/cbc24f36b0800abc6fc1095cd3e142c535/2221/14311452/4/Honda-CR_V_Hybrid-2026.jpg'},{url:'https://imagescdn.d2cmedia.ca/cbc24f36b0800abc6fc1095cd3e142c535/2221/14311452/5/Honda-CR_V_Hybrid-2026.jpg'},{url:'https://imagescdn.d2cmedia.ca/cbc24f36b0800abc6fc1095cd3e142c535/2221/14311452/6/Honda-CR_V_Hybrid-2026.jpg'},{url:'https://imagescdn.d2cmedia.ca/cbc24f36b0800abc6fc1095cd3e142c535/2221/14311452/7/Honda-CR_V_Hybrid-2026.jpg'},{url:'https://imagescdn.d2cmedia.ca/cbc24f36b0800abc6fc1095cd3e142c535/2221/14311452/8/Honda-CR_V_Hybrid-2026.jpg'}]",20,KM,https://www.number7honda.com/new/inventory/2026-Honda-CR_V_Hybrid-id14311452.html,2026 Honda CR-V Hybrid 4dr Awd Sport at Number 7 Honda,49696 CAD,New,White,,2221,Number 7 Honda,+1-905-851-2258,"{addr1: '5555 Highway 7 W', city: 'Woodbridge', region: 'Ontario', postal_code: 'L4L 1T5', country: 'CA'}",43.7900000000,-79.5980000000,,,,,https://www.number7honda.com/privacy-policy.html,New,2221,In stock,,49696 CAD,Free,
2HKRS6H73TH251477,2HKRS6H73TH251477,261968-new,Honda,CR-V Hybrid,4dr Awd Ex-L,2026,AUTOMATIC,SUV,HYBRID,,"2026 Honda CR-V Hybrid 4dr Awd Ex-L, Blue exterior","[{url:'https://imagescdn.d2cmedia.ca/cb26ac8ce01ffc4341ee015f408128a7f6/2221/14273129/1/Honda-CR_V Hybrid-2026.jpg'},{url:'https://imagescdn.d2cmedia.ca/s826ac8ce01ffc4341ee015f408128a7f6/2221/14273129/1/Honda-CR_V_Hybrid-2026.jpg'},{url:'https://imagescdn.d2cmedia.ca/cb26ac8ce01ffc4341ee015f408128a7f6/2221/14273129/1/Honda-CR_V_Hybrid-2026.jpg'},{url:'https://imagescdn.d2cmedia.ca/cb26ac8ce01ffc4341ee015f408128a7f6/2221/14273129/2/Honda-CR_V_Hybrid-2026.jpg'},{url:'https://imagescdn.d2cmedia.ca/cb26ac8ce01ffc4341ee015f408128a7f6/2221/14273129/3/Honda-CR_V_Hybrid-2026.jpg'},{url:'https://imagescdn.d2cmedia.ca/cb26ac8ce01ffc4341ee015f408128a7f6/2221/14273129/4/Honda-CR_V_Hybrid-2026.jpg'},{url:'https://imagescdn.d2cmedia.ca/cb26ac8ce01ffc4341ee015f408128a7f6/2221/14273129/5/Honda-CR_V_Hybrid-2026.jpg'},{url:'https://imagescdn.d2cmedia.ca/cb26ac8ce01ffc4341ee015f408128a7f6/2221/14273129/6/Honda-CR_V_Hybrid-2026.jpg'},{url:'https://imagescdn.d2cmedia.ca/cb26ac8ce01ffc4341ee015f408128a7f6/2221/14273129/7/Honda-CR_V_Hybrid-2026.jpg'},{url:'https://imagescdn.d2cmedia.ca/cb26ac8ce01ffc4341ee015f408128a7f6/2221/14273129/8/Honda-CR_V_Hybrid-2026.jpg'}]",20,KM,https://www.number7honda.com/new/inventory/2026-Honda-CR_V_Hybrid-id14273129.html,2026 Honda CR-V Hybrid 4dr Awd Ex-L at Number 7 Honda,52496 CAD,New,Blue,,2221,Number 7 Honda,+1-905-851-2258,"{addr1: '5555 Highway 7 W', city: 'Woodbridge', region: 'Ontario', postal_code: 'L4L 1T5', country: 'CA'}",43.7900000000,-79.5980000000,,,,,https://www.number7honda.com/privacy-policy.html,New,2221,In stock,,52496 CAD,Free,
2HKRS6H73TH252340,2HKRS6H73TH252340,261974-new,Honda,CR-V Hybrid,4dr Awd Ex-L,2026,AUTOMATIC,SUV,HYBRID,,"2026 Honda CR-V Hybrid 4dr Awd Ex-L, White exterior","[{url:'https://imagescdn.d2cmedia.ca/cb1f609f75da20cd0c59dfbbf7c5f2965a/2221/14279875/1/Honda-CR_V Hybrid-2026.jpg'},{url:'https://imagescdn.d2cmedia.ca/s81f609f75da20cd0c59dfbbf7c5f2965a/2221/14279875/1/Honda-CR_V_Hybrid-2026.jpg'},{url:'https://imagescdn.d2cmedia.ca/cb1f609f75da20cd0c59dfbbf7c5f2965a/2221/14279875/1/Honda-CR_V_Hybrid-2026.jpg'},{url:'https://imagescdn.d2cmedia.ca/cb1f609f75da20cd0c59dfbbf7c5f2965a/2221/14279875/2/Honda-CR_V_Hybrid-2026.jpg'},{url:'https://imagescdn.d2cmedia.ca/cb1f609f75da20cd0c59dfbbf7c5f2965a/2221/14279875/3/Honda-CR_V_Hybrid-2026.jpg'},{url:'https://imagescdn.d2cmedia.ca/cb1f609f75da20cd0c59dfbbf7c5f2965a/2221/14279875/4/Honda-CR_V_Hybrid-2026.jpg'},{url:'https://imagescdn.d2cmedia.ca/cb1f609f75da20cd0c59dfbbf7c5f2965a/2221/14279875/5/Honda-CR_V_Hybrid-2026.jpg'},{url:'https://imagescdn.d2cmedia.ca/cb1f609f75da20cd0c59dfbbf7c5f2965a/2221/14279875/6/Honda-CR_V_Hybrid-2026.jpg'},{url:'https://imagescdn.d2cmedia.ca/cb1f609f75da20cd0c59dfbbf7c5f2965a/2221/14279875/7/Honda-CR_V_Hybrid-2026.jpg'},{url:'https://imagescdn.d2cmedia.ca/cb1f609f75da20cd0c59dfbbf7c5f2965a/2221/14279875/8/Honda-CR_V_Hybrid-2026.jpg'}]",20,KM,https://www.number7honda.com/new/inventory/2026-Honda-CR_V_Hybrid-id14279875.html,2026 Honda CR-V Hybrid 4dr Awd Ex-L at Number 7 Honda,52496 CAD,New,White,,2221,Number 7 Honda,+1-905-851-2258,"{addr1: '5555 Highway 7 W', city: 'Woodbridge', region: 'Ontario', postal_code: 'L4L 1T5', country: 'CA'}",43.7900000000,-79.5980000000,,,,,https://www.number7honda.com/privacy-policy.html,New,2221,In stock,,52496 CAD,Free,
2HKRS6H75TH252324,2HKRS6H75TH252324,261982-new,Honda,CR-V Hybrid,4dr Awd Ex-L,2026,AUTOMATIC,SUV,HYBRID,,"2026 Honda CR-V Hybrid 4dr Awd Ex-L, White exterior","[{url:'https://imagescdn.d2cmedia.ca/cbf7bfc9f2642535a5b43c81f67f9db7c8/2221/14279883/1/Honda-CR_V Hybrid-2026.jpg'},{url:'https://imagescdn.d2cmedia.ca/s8f7bfc9f2642535a5b43c81f67f9db7c8/2221/14279883/1/Honda-CR_V_Hybrid-2026.jpg'},{url:'https://imagescdn.d2cmedia.ca/cbf7bfc9f2642535a5b43c81f67f9db7c8/2221/14279883/1/Honda-CR_V_Hybrid-2026.jpg'},{url:'https://imagescdn.d2cmedia.ca/cbf7bfc9f2642535a5b43c81f67f9db7c8/2221/14279883/2/Honda-CR_V_Hybrid-2026.jpg'},{url:'https://imagescdn.d2cmedia.ca/cbf7bfc9f2642535a5b43c81f67f9db7c8/2221/14279883/3/Honda-CR_V_Hybrid-2026.jpg'},{url:'https://imagescdn.d2cmedia.ca/cbf7bfc9f2642535a5b43c81f67f9db7c8/2221/14279883/4/Honda-CR_V_Hybrid-2026.jpg'},{url:'https://imagescdn.d2cmedia.ca/cbf7bfc9f2642535a5b43c81f67f9db7c8/2221/14279883/5/Honda-CR_V_Hybrid-2026.jpg'},{url:'https://imagescdn.d2cmedia.ca/cbf7bfc9f2642535a5b43c81f67f9db7c8/2221/14279883/6/Honda-CR_V_Hybrid-2026.jpg'},{url:'https://imagescdn.d2cmedia.ca/cbf7bfc9f2642535a5b43c81f67f9db7c8/2221/14279883/7/Honda-CR_V_Hybrid-2026.jpg'},{url:'https://imagescdn.d2cmedia.ca/cbf7bfc9f2642535a5b43c81f67f9db7c8/2221/14279883/8/Honda-CR_V_Hybrid-2026.jpg'}]",20,KM,https://www.number7honda.com/new/inventory/2026-Honda-CR_V_Hybrid-id14279883.html,2026 Honda CR-V Hybrid 4dr Awd Ex-L at Number 7 Honda,52496 CAD,New,White,,2221,Number 7 Honda,+1-905-851-2258,"{addr1: '5555 Highway 7 W', city: 'Woodbridge', region: 'Ontario', postal_code: 'L4L 1T5', country: 'CA'}",43.7900000000,-79.5980000000,,,,,https://www.number7honda.com/privacy-policy.html,New,2221,In stock,,52496 CAD,Free,
2HKRS6H75TH252579,2HKRS6H75TH252579,261997-new,Honda,CR-V Hybrid,4dr Awd Ex-L,2026,AUTOMATIC,SUV,HYBRID,,"2026 Honda CR-V Hybrid 4dr Awd Ex-L, Black exterior","[{url:'https://imagescdn.d2cmedia.ca/cb8462089e2248f1b0b9fa6d8edb0c1b6f/2221/14287317/1/Honda-CR_V Hybrid-2026.jpg'},{url:'https://imagescdn.d2cmedia.ca/s88462089e2248f1b0b9fa6d8edb0c1b6f/2221/14287317/1/Honda-CR_V_Hybrid-2026.jpg'},{url:'https://imagescdn.d2cmedia.ca/cb8462089e2248f1b0b9fa6d8edb0c1b6f/2221/14287317/1/Honda-CR_V_Hybrid-2026.jpg'},{url:'https://imagescdn.d2cmedia.ca/cb8462089e2248f1b0b9fa6d8edb0c1b6f/2221/14287317/2/Honda-CR_V_Hybrid-2026.jpg'},{url:'https://imagescdn.d2cmedia.ca/cb8462089e2248f1b0b9fa6d8edb0c1b6f/2221/14287317/3/Honda-CR_V_Hybrid-2026.jpg'},{url:'https://imagescdn.d2cmedia.ca/cb8462089e2248f1b0b9fa6d8edb0c1b6f/2221/14287317/4/Honda-CR_V_Hybrid-2026.jpg'},{url:'https://imagescdn.d2cmedia.ca/cb8462089e2248f1b0b9fa6d8edb0c1b6f/2221/14287317/5/Honda-CR_V_Hybrid-2026.jpg'},{url:'https://imagescdn.d2cmedia.ca/cb8462089e2248f1b0b9fa6d8edb0c1b6f/2221/14287317/6/Honda-CR_V_Hybrid-2026.jpg'},{url:'https://imagescdn.d2cmedia.ca/cb8462089e2248f1b0b9fa6d8edb0c1b6f/2221/14287317/7/Honda-CR_V_Hybrid-2026.jpg'},{url:'https://imagescdn.d2cmedia.ca/cb8462089e2248f1b0b9fa6d8edb0c1b6f/2221/14287317/8/Honda-CR_V_Hybrid-2026.jpg'}]",20,KM,https://www.number7honda.com/new/inventory/2026-Honda-CR_V_Hybrid-id14287317.html,2026 Honda CR-V Hybrid 4dr Awd Ex-L at Number 7 Honda,52496 CAD,New,Black,,2221,Number 7 Honda,+1-905-851-2258,"{addr1: '5555 Highway 7 W', city: 'Woodbridge', region: 'Ontario', postal_code: 'L4L 1T5', country: 'CA'}",43.7900000000,-79.5980000000,,,,,https://www.number7honda.com/privacy-policy.html,New,2221,In stock,,52496 CAD,Free,
2HKRS6H78TH252575,2HKRS6H78TH252575,261999-new,Honda,CR-V Hybrid,4dr Awd Ex-L,2026,AUTOMATIC,SUV,HYBRID,,"2026 Honda CR-V Hybrid 4dr Awd Ex-L, Black exterior","[{url:'https://imagescdn.d2cmedia.ca/cb5f43978a76295392ef43cff534838017/2221/14287319/1/Honda-CR_V Hybrid-2026.jpg'},{url:'https://imagescdn.d2cmedia.ca/s85f43978a76295392ef43cff534838017/2221/14287319/1/Honda-CR_V_Hybrid-2026.jpg'},{url:'https://imagescdn.d2cmedia.ca/cb5f43978a76295392ef43cff534838017/2221/14287319/1/Honda-CR_V_Hybrid-2026.jpg'},{url:'https://imagescdn.d2cmedia.ca/cb5f43978a76295392ef43cff534838017/2221/14287319/2/Honda-CR_V_Hybrid-2026.jpg'},{url:'https://imagescdn.d2cmedia.ca/cb5f43978a76295392ef43cff534838017/2221/14287319/3/Honda-CR_V_Hybrid-2026.jpg'},{url:'https://imagescdn.d2cmedia.ca/cb5f43978a76295392ef43cff534838017/2221/14287319/4/Honda-CR_V_Hybrid-2026.jpg'},{url:'https://imagescdn.d2cmedia.ca/cb5f43978a76295392ef43cff534838017/2221/14287319/5/Honda-CR_V_Hybrid-2026.jpg'},{url:'https://imagescdn.d2cmedia.ca/cb5f43978a76295392ef43cff534838017/2221/14287319/6/Honda-CR_V_Hybrid-2026.jpg'},{url:'https://imagescdn.d2cmedia.ca/cb5f43978a76295392ef43cff534838017/2221/14287319/7/Honda-CR_V_Hybrid-2026.jpg'},{url:'https://imagescdn.d2cmedia.ca/cb5f43978a76295392ef43cff534838017/2221/14287319/8/Honda-CR_V_Hybrid-2026.jpg'}]",20,KM,https://www.number7honda.com/new/inventory/2026-Honda-CR_V_Hybrid-id14287319.html,2026 Honda CR-V Hybrid 4dr Awd Ex-L at Number 7 Honda,52496 CAD,New,Black,,2221,Number 7 Honda,+1-905-851-2258,"{addr1: '5555 Highway 7 W', city: 'Woodbridge', region: 'Ontario', postal_code: 'L4L 1T5', country: 'CA'}",43.7900000000,-79.5980000000,,,,,https://www.number7honda.com/privacy-policy.html,New,2221,In stock,,52496 CAD,Free,
2HKRS6H71TH250991,2HKRS6H71TH250991,262024-new,Honda,CR-V Hybrid,4dr Awd Ex-L,2026,AUTOMATIC,SUV,HYBRID,,"2026 Honda CR-V Hybrid 4dr Awd Ex-L, Grey exterior","[{url:'https://carimages.d2cmedia.ca/newcarimages/en/cb6abe815d16bd4/Honda/CR-V Hybrid/2026/1200/477737-NERSIEFXRCBFWC1M/Gray/front45.png'},{url:'https://carimages.d2cmedia.ca/newcarimages/en/cb6abe815d16bd4/Honda/CR-V Hybrid/2026/1280/477737/grey/front_45_degree.png'},{url:'https://carimages.d2cmedia.ca/newcarimages/en/cb6abe815d16bd4/Honda/CR-V Hybrid/2026/2100/477737/grey/front_45_degree.png'},{url:'https://carimages.d2cmedia.ca/newcarimages/en/cb6abe815d16bd4/Honda/CR-V Hybrid/2026/2100/477737/grey/profile.png'},{url:'https://carimages.d2cmedia.ca/newcarimages/en/cb6abe815d16bd4/Honda/CR-V Hybrid/2026/2100/477737/grey/back_45_degree.png'},{url:'https://carimages.d2cmedia.ca/newcarimages/en/cb6abe815d16bd4/Honda/CR-V Hybrid/2026/2100/477737/grey/driver_dashboard.png'},{url:'https://carimages.d2cmedia.ca/newcarimages/en/cb6abe815d16bd4/Honda/CR-V Hybrid/2026/2100/477737/grey/full_dashboard.png'},{url:'https://carimages.d2cmedia.ca/newcarimages/en/cb6abe815d16bd4/Honda/CR-V Hybrid/2026/2100/477737/grey/interior_driver_open_seat.png'},{url:'https://carimages.d2cmedia.ca/newcarimages/en/cb6abe815d16bd4/Honda/CR-V Hybrid/2026/2100/477737/grey/interior_driver_stereo.png'},{url:'https://carimages.d2cmedia.ca/newcarimages/en/cb6abe815d16bd4/Honda/CR-V Hybrid/2026/2100/477737/grey/interior_driver_reat_seats.png'}]",20,KM,https://www.number7honda.com/new/inventory/2026-Honda-CR_V_Hybrid-id14311448.html,2026 Honda CR-V Hybrid 4dr Awd Ex-L at Number 7 Honda,52496 CAD,New,Grey,,2221,Number 7 Honda,+1-905-851-2258,"{addr1: '5555 Highway 7 W', city: 'Woodbridge', region: 'Ontario', postal_code: 'L4L 1T5', country: 'CA'}",43.7900000000,-79.5980000000,,,,,https://www.number7honda.com/privacy-policy.html,New,2221,In stock,,52496 CAD,Free,
2HKRS6H74TH250340,2HKRS6H74TH250340,262076-new,Honda,CR-V Hybrid,4dr Awd Ex-L,2026,AUTOMATIC,SUV,HYBRID,,"2026 Honda CR-V Hybrid 4dr Awd Ex-L, Grey exterior","[{url:'https://carimages.d2cmedia.ca/newcarimages/en/cb6abe815d16bd4/Honda/CR-V Hybrid/2026/1200/477737-NERSIEFXRCBFWC1M/Gray/front45.png'},{url:'https://carimages.d2cmedia.ca/newcarimages/en/cb6abe815d16bd4/Honda/CR-V Hybrid/2026/1280/477737/grey/front_45_degree.png'},{url:'https://carimages.d2cmedia.ca/newcarimages/en/cb6abe815d16bd4/Honda/CR-V Hybrid/2026/2100/477737/grey/front_45_degree.png'},{url:'https://carimages.d2cmedia.ca/newcarimages/en/cb6abe815d16bd4/Honda/CR-V Hybrid/2026/2100/477737/grey/profile.png'},{url:'https://carimages.d2cmedia.ca/newcarimages/en/cb6abe815d16bd4/Honda/CR-V Hybrid/2026/2100/477737/grey/back_45_degree.png'},{url:'https://carimages.d2cmedia.ca/newcarimages/en/cb6abe815d16bd4/Honda/CR-V Hybrid/2026/2100/477737/grey/driver_dashboard.png'},{url:'https://carimages.d2cmedia.ca/newcarimages/en/cb6abe815d16bd4/Honda/CR-V Hybrid/2026/2100/477737/grey/full_dashboard.png'},{url:'https://carimages.d2cmedia.ca/newcarimages/en/cb6abe815d16bd4/Honda/CR-V Hybrid/2026/2100/477737/grey/interior_driver_open_seat.png'},{url:'https://carimages.d2cmedia.ca/newcarimages/en/cb6abe815d16bd4/Honda/CR-V Hybrid/2026/2100/477737/grey/interior_driver_stereo.png'},{url:'https://carimages.d2cmedia.ca/newcarimages/en/cb6abe815d16bd4/Honda/CR-V Hybrid/2026/2100/477737/grey/interior_driver_reat_seats.png'}]",20,KM,https://www.number7honda.com/new/inventory/2026-Honda-CR_V_Hybrid-id14439677.html,2026 Honda CR-V Hybrid 4dr Awd Ex-L at Number 7 Honda,52496 CAD,New,Grey,,2221,Number 7 Honda,+1-905-851-2258,"{addr1: '5555 Highway 7 W', city: 'Woodbridge', region: 'Ontario', postal_code: 'L4L 1T5', country: 'CA'}",43.7900000000,-79.5980000000,,,,,https://www.number7honda.com/privacy-policy.html,New,2221,In stock,,52496 CAD,Free,
2HKRS6H9XTH252210,2HKRS6H9XTH252210,261979-new,Honda,CR-V Hybrid,4dr Awd Touring,2026,AUTOMATIC,SUV,HYBRID,,"2026 Honda CR-V Hybrid 4dr Awd Touring, White exterior","[{url:'https://imagescdn.d2cmedia.ca/cb91a15b17cb80b22209700d43e8dcece6/2221/14279880/1/Honda-CR_V Hybrid-2026.jpg'},{url:'https://imagescdn.d2cmedia.ca/s891a15b17cb80b22209700d43e8dcece6/2221/14279880/1/Honda-CR_V_Hybrid-2026.jpg'},{url:'https://imagescdn.d2cmedia.ca/cb91a15b17cb80b22209700d43e8dcece6/2221/14279880/1/Honda-CR_V_Hybrid-2026.jpg'},{url:'https://imagescdn.d2cmedia.ca/cb91a15b17cb80b22209700d43e8dcece6/2221/14279880/2/Honda-CR_V_Hybrid-2026.jpg'},{url:'https://imagescdn.d2cmedia.ca/cb91a15b17cb80b22209700d43e8dcece6/2221/14279880/3/Honda-CR_V_Hybrid-2026.jpg'},{url:'https://imagescdn.d2cmedia.ca/cb91a15b17cb80b22209700d43e8dcece6/2221/14279880/4/Honda-CR_V_Hybrid-2026.jpg'},{url:'https://imagescdn.d2cmedia.ca/cb91a15b17cb80b22209700d43e8dcece6/2221/14279880/5/Honda-CR_V_Hybrid-2026.jpg'},{url:'https://imagescdn.d2cmedia.ca/cb91a15b17cb80b22209700d43e8dcece6/2221/14279880/6/Honda-CR_V_Hybrid-2026.jpg'},{url:'https://imagescdn.d2cmedia.ca/cb91a15b17cb80b22209700d43e8dcece6/2221/14279880/7/Honda-CR_V_Hybrid-2026.jpg'},{url:'https://imagescdn.d2cmedia.ca/cb91a15b17cb80b22209700d43e8dcece6/2221/14279880/8/Honda-CR_V_Hybrid-2026.jpg'}]",20,KM,https://www.number7honda.com/new/inventory/2026-Honda-CR_V_Hybrid-id14279880.html,2026 Honda CR-V Hybrid 4dr Awd Touring at Number 7 Honda,54996 CAD,New,White,,2221,Number 7 Honda,+1-905-851-2258,"{addr1: '5555 Highway 7 W', city: 'Woodbridge', region: 'Ontario', postal_code: 'L4L 1T5', country: 'CA'}",43.7900000000,-79.5980000000,,,,,https://www.number7honda.com/privacy-policy.html,New,2221,In stock,,54996 CAD,Free,
2HKRS6H93TH252629,2HKRS6H93TH252629,262017-new,Honda,CR-V Hybrid,4dr Awd Touring,2026,AUTOMATIC,SUV,HYBRID,,"2026 Honda CR-V Hybrid 4dr Awd Touring, Black exterior","[{url:'https://imagescdn.d2cmedia.ca/cbffdaf27afe600ce00bd0111a0dfee598/2221/14298465/1/Honda-CR_V Hybrid-2026.jpg'},{url:'https://imagescdn.d2cmedia.ca/s8ffdaf27afe600ce00bd0111a0dfee598/2221/14298465/1/Honda-CR_V_Hybrid-2026.jpg'},{url:'https://imagescdn.d2cmedia.ca/cbffdaf27afe600ce00bd0111a0dfee598/2221/14298465/1/Honda-CR_V_Hybrid-2026.jpg'},{url:'https://imagescdn.d2cmedia.ca/cbffdaf27afe600ce00bd0111a0dfee598/2221/14298465/2/Honda-CR_V_Hybrid-2026.jpg'},{url:'https://imagescdn.d2cmedia.ca/cbffdaf27afe600ce00bd0111a0dfee598/2221/14298465/3/Honda-CR_V_Hybrid-2026.jpg'},{url:'https://imagescdn.d2cmedia.ca/cbffdaf27afe600ce00bd0111a0dfee598/2221/14298465/4/Honda-CR_V_Hybrid-2026.jpg'},{url:'https://imagescdn.d2cmedia.ca/cbffdaf27afe600ce00bd0111a0dfee598/2221/14298465/5/Honda-CR_V_Hybrid-2026.jpg'},{url:'https://imagescdn.d2cmedia.ca/cbffdaf27afe600ce00bd0111a0dfee598/2221/14298465/6/Honda-CR_V_Hybrid-2026.jpg'},{url:'https://imagescdn.d2cmedia.ca/cbffdaf27afe600ce00bd0111a0dfee598/2221/14298465/7/Honda-CR_V_Hybrid-2026.jpg'},{url:'https://imagescdn.d2cmedia.ca/cbffdaf27afe600ce00bd0111a0dfee598/2221/14298465/8/Honda-CR_V_Hybrid-2026.jpg'}]",20,KM,https://www.number7honda.com/new/inventory/2026-Honda-CR_V_Hybrid-id14298465.html,2026 Honda CR-V Hybrid 4dr Awd Touring at Number 7 Honda,54996 CAD,New,Black,,2221,Number 7 Honda,+1-905-851-2258,"{addr1: '5555 Highway 7 W', city: 'Woodbridge', region: 'Ontario', postal_code: 'L4L 1T5', country: 'CA'}",43.7900000000,-79.5980000000,,,,,https://www.number7honda.com/privacy-policy.html,New,2221,In stock,,54996 CAD,Free,
2HKRS6H99TH240744,2HKRS6H99TH240744,262040-new,Honda,CR-V Hybrid,4dr Awd Touring,2026,AUTOMATIC,SUV,HYBRID,,"2026 Honda CR-V Hybrid 4dr Awd Touring, White exterior","[{url:'https://imagescdn.d2cmedia.ca/cb8f667e437e1dce9aec54e9c16ad2abae/2221/14371407/1/Honda-CR_V Hybrid-2026.jpg'},{url:'https://imagescdn.d2cmedia.ca/s88f667e437e1dce9aec54e9c16ad2abae/2221/14371407/1/Honda-CR_V_Hybrid-2026.jpg'},{url:'https://imagescdn.d2cmedia.ca/cb8f667e437e1dce9aec54e9c16ad2abae/2221/14371407/1/Honda-CR_V_Hybrid-2026.jpg'},{url:'https://imagescdn.d2cmedia.ca/cb8f667e437e1dce9aec54e9c16ad2abae/2221/14371407/2/Honda-CR_V_Hybrid-2026.jpg'},{url:'https://imagescdn.d2cmedia.ca/cb8f667e437e1dce9aec54e9c16ad2abae/2221/14371407/3/Honda-CR_V_Hybrid-2026.jpg'},{url:'https://imagescdn.d2cmedia.ca/cb8f667e437e1dce9aec54e9c16ad2abae/2221/14371407/4/Honda-CR_V_Hybrid-2026.jpg'},{url:'https://imagescdn.d2cmedia.ca/cb8f667e437e1dce9aec54e9c16ad2abae/2221/14371407/5/Honda-CR_V_Hybrid-2026.jpg'},{url:'https://imagescdn.d2cmedia.ca/cb8f667e437e1dce9aec54e9c16ad2abae/2221/14371407/6/Honda-CR_V_Hybrid-2026.jpg'},{url:'https://imagescdn.d2cmedia.ca/cb8f667e437e1dce9aec54e9c16ad2abae/2221/14371407/7/Honda-CR_V_Hybrid-2026.jpg'},{url:'https://imagescdn.d2cmedia.ca/cb8f667e437e1dce9aec54e9c16ad2abae/2221/14371407/8/Honda-CR_V_Hybrid-2026.jpg'}]",20,KM,https://www.number7honda.com/new/inventory/2026-Honda-CR_V_Hybrid-id14371407.html,2026 Honda CR-V Hybrid 4dr Awd Touring at Number 7 Honda,54996 CAD,New,White,,2221,Number 7 Honda,+1-905-851-2258,"{addr1: '5555 Highway 7 W', city: 'Woodbridge', region: 'Ontario', postal_code: 'L4L 1T5', country: 'CA'}",43.7900000000,-79.5980000000,,,,,https://www.number7honda.com/privacy-policy.html,New,2221,In stock,,54996 CAD,Free,
2HKRS6H90TH250885,2HKRS6H90TH250885,262070-new,Honda,CR-V Hybrid,4dr Awd Touring,2026,AUTOMATIC,SUV,GASOLINE,,"2026 Honda CR-V Hybrid 4dr Awd Touring, Red exterior","[{url:'https://imagescdn.d2cmedia.ca/cb5042c51dbf2ff2880c3fc7d7dc610d84/2221/14427301/1/Honda-CR_V Hybrid-2026.jpg'},{url:'https://imagescdn.d2cmedia.ca/s85042c51dbf2ff2880c3fc7d7dc610d84/2221/14427301/1/Honda-CR_V_Hybrid-2026.jpg'},{url:'https://imagescdn.d2cmedia.ca/cb5042c51dbf2ff2880c3fc7d7dc610d84/2221/14427301/1/Honda-CR_V_Hybrid-2026.jpg'},{url:'https://imagescdn.d2cmedia.ca/cb5042c51dbf2ff2880c3fc7d7dc610d84/2221/14427301/2/Honda-CR_V_Hybrid-2026.jpg'},{url:'https://imagescdn.d2cmedia.ca/cb5042c51dbf2ff2880c3fc7d7dc610d84/2221/14427301/3/Honda-CR_V_Hybrid-2026.jpg'},{url:'https://imagescdn.d2cmedia.ca/cb5042c51dbf2ff2880c3fc7d7dc610d84/2221/14427301/4/Honda-CR_V_Hybrid-2026.jpg'},{url:'https://imagescdn.d2cmedia.ca/cb5042c51dbf2ff2880c3fc7d7dc610d84/2221/14427301/5/Honda-CR_V_Hybrid-2026.jpg'},{url:'https://imagescdn.d2cmedia.ca/cb5042c51dbf2ff2880c3fc7d7dc610d84/2221/14427301/6/Honda-CR_V_Hybrid-2026.jpg'},{url:'https://imagescdn.d2cmedia.ca/cb5042c51dbf2ff2880c3fc7d7dc610d84/2221/14427301/7/Honda-CR_V_Hybrid-2026.jpg'},{url:'https://imagescdn.d2cmedia.ca/cb5042c51dbf2ff2880c3fc7d7dc610d84/2221/14427301/8/Honda-CR_V_Hybrid-2026.jpg'}]",20,KM,https://www.number7honda.com/new/inventory/2026-Honda-CR_V_Hybrid-id14427301.html,2026 Honda CR-V Hybrid 4dr Awd Touring at Number 7 Honda,54996 CAD,New,Red,,2221,Number 7 Honda,+1-905-851-2258,"{addr1: '5555 Highway 7 W', city: 'Woodbridge', region: 'Ontario', postal_code: 'L4L 1T5', country: 'CA'}",43.7900000000,-79.5980000000,,,,,https://www.number7honda.com/privacy-policy.html,New,2221,In stock,,54996 CAD,Free,
2HKRS6H7XVH201310,2HKRS6H7XVH201310,27075-new,Honda,CR-V Hybrid,EX-L AWD,2027,AUTOMATIC,SUV,HYBRID,AWD,"2027 Honda CR-V Hybrid EX-L AWD, Black exterior, All-wheel drive","[{url:'https://carimages.d2cmedia.ca/newcarimages/en/cb6abe815d16bd4/Honda/CR-V Hybrid/2027/1200/491166-RVgtTCBBV0Q/black/front45.png'},{url:'https://carimages.d2cmedia.ca/newcarimages/fr/cb6abe815d16bd4/Honda/CR-V Hybrid/2027/640/491166-RVgtTCBBV0Q/black/front_45_degree.png'},{url:'https://carimages.d2cmedia.ca/newcarimages/fr/cb6abe815d16bd4/Honda/CR-V Hybrid/2027/2100/491166-RVgtTCBBV0Q/black/front_45_degree.png'}]",20,KM,https://www.number7honda.com/new/inventory/2027-Honda-CR_V_Hybrid-id14346623.html,2027 Honda CR-V Hybrid EX-L AWD at Number 7 Honda,56691 CAD,New,Black,,2221,Number 7 Honda,+1-905-851-2258,"{addr1: '5555 Highway 7 W', city: 'Woodbridge', region: 'Ontario', postal_code: 'L4L 1T5', country: 'CA'}",43.7900000000,-79.5980000000,,,,,https://www.number7honda.com/privacy-policy.html,New,2221,In stock,,56691 CAD,Free,
2HKRS6H79VH201296,2HKRS6H79VH201296,27076-new,Honda,CR-V Hybrid,EX-L AWD,2027,AUTOMATIC,SUV,HYBRID,AWD,"2027 Honda CR-V Hybrid EX-L AWD, Black exterior, All-wheel drive","[{url:'https://carimages.d2cmedia.ca/newcarimages/en/cb6abe815d16bd4/Honda/CR-V Hybrid/2027/1200/491166-RVgtTCBBV0Q/black/front45.png'},{url:'https://carimages.d2cmedia.ca/newcarimages/fr/cb6abe815d16bd4/Honda/CR-V Hybrid/2027/640/491166-RVgtTCBBV0Q/black/front_45_degree.png'},{url:'https://carimages.d2cmedia.ca/newcarimages/fr/cb6abe815d16bd4/Honda/CR-V Hybrid/2027/2100/491166-RVgtTCBBV0Q/black/front_45_degree.png'}]",20,KM,https://www.number7honda.com/new/inventory/2027-Honda-CR_V_Hybrid-id14346624.html,2027 Honda CR-V Hybrid EX-L AWD at Number 7 Honda,56691 CAD,New,Black,,2221,Number 7 Honda,+1-905-851-2258,"{addr1: '5555 Highway 7 W', city: 'Woodbridge', region: 'Ontario', postal_code: 'L4L 1T5', country: 'CA'}",43.7900000000,-79.5980000000,,,,,https://www.number7honda.com/privacy-policy.html,New,2221,In stock,,56691 CAD,Free,
2HKRS6H79VH202514,2HKRS6H79VH202514,27098-new,Honda,CR-V Hybrid,EX-L AWD,2027,AUTOMATIC,SUV,HYBRID,AWD,"2027 Honda CR-V Hybrid EX-L AWD, Silver exterior, All-wheel drive","[{url:'https://carimages.d2cmedia.ca/newcarimages/en/cb6abe815d16bd4/Honda/CR-V Hybrid/2027/1200/491166-RVgtTCBBV0Q/silver/front45.png'},{url:'https://carimages.d2cmedia.ca/newcarimages/fr/cb6abe815d16bd4/Honda/CR-V Hybrid/2027/640/491166-RVgtTCBBV0Q/silver/front_45_degree.png'},{url:'https://carimages.d2cmedia.ca/newcarimages/fr/cb6abe815d16bd4/Honda/CR-V Hybrid/2027/2100/491166-RVgtTCBBV0Q/silver/front_45_degree.png'}]",20,KM,https://www.number7honda.com/new/inventory/2027-Honda-CR_V_Hybrid-id14379944.html,2027 Honda CR-V Hybrid EX-L AWD at Number 7 Honda,56691 CAD,New,Silver,,2221,Number 7 Honda,+1-905-851-2258,"{addr1: '5555 Highway 7 W', city: 'Woodbridge', region: 'Ontario', postal_code: 'L4L 1T5', country: 'CA'}",43.7900000000,-79.5980000000,,,,,https://www.number7honda.com/privacy-policy.html,New,2221,In stock,,56691 CAD,Free,
2HKRS6H77VH202527,2HKRS6H77VH202527,27100-new,Honda,CR-V Hybrid,EX-L AWD,2027,AUTOMATIC,SUV,HYBRID,AWD,"2027 Honda CR-V Hybrid EX-L AWD, Silver exterior, All-wheel drive","[{url:'https://carimages.d2cmedia.ca/newcarimages/en/cb6abe815d16bd4/Honda/CR-V Hybrid/2027/1200/491166-RVgtTCBBV0Q/silver/front45.png'},{url:'https://carimages.d2cmedia.ca/newcarimages/fr/cb6abe815d16bd4/Honda/CR-V Hybrid/2027/640/491166-RVgtTCBBV0Q/silver/front_45_degree.png'},{url:'https://carimages.d2cmedia.ca/newcarimages/fr/cb6abe815d16bd4/Honda/CR-V Hybrid/2027/2100/491166-RVgtTCBBV0Q/silver/front_45_degree.png'}]",20,KM,https://www.number7honda.com/new/inventory/2027-Honda-CR_V_Hybrid-id14379946.html,2027 Honda CR-V Hybrid EX-L AWD at Number 7 Honda,56691 CAD,New,Silver,,2221,Number 7 Honda,+1-905-851-2258,"{addr1: '5555 Highway 7 W', city: 'Woodbridge', region: 'Ontario', postal_code: 'L4L 1T5', country: 'CA'}",43.7900000000,-79.5980000000,,,,,https://www.number7honda.com/privacy-policy.html,New,2221,In stock,,56691 CAD,Free,
2HKRS6H77VH202933,2HKRS6H77VH202933,27121-new,Honda,CR-V Hybrid,EX-L AWD,2027,AUTOMATIC,SUV,HYBRID,AWD,"2027 Honda CR-V Hybrid EX-L AWD, Silver exterior, All-wheel drive","[{url:'https://carimages.d2cmedia.ca/newcarimages/en/cb6abe815d16bd4/Honda/CR-V Hybrid/2027/1200/491166-RVgtTCBBV0Q/Silver/front45.png'},{url:'https://carimages.d2cmedia.ca/newcarimages/fr/cb6abe815d16bd4/Honda/CR-V Hybrid/2027/640/491166-RVgtTCBBV0Q/Silver/front_45_degree.png'},{url:'https://carimages.d2cmedia.ca/newcarimages/fr/cb6abe815d16bd4/Honda/CR-V Hybrid/2027/2100/491166-RVgtTCBBV0Q/Silver/front_45_degree.png'}]",20,KM,https://www.number7honda.com/new/inventory/2027-Honda-CR_V_Hybrid-id14405034.html,2027 Honda CR-V Hybrid EX-L AWD at Number 7 Honda,56691 CAD,New,Silver,,2221,Number 7 Honda,+1-905-851-2258,"{addr1: '5555 Highway 7 W', city: 'Woodbridge', region: 'Ontario', postal_code: 'L4L 1T5', country: 'CA'}",43.7900000000,-79.5980000000,,,,,https://www.number7honda.com/privacy-policy.html,New,2221,In stock,,56691 CAD,Free,
2HKRS6H73VH203609,2HKRS6H73VH203609,27133-new,Honda,CR-V Hybrid,EX-L AWD,2027,AUTOMATIC,SUV,HYBRID,AWD,"2027 Honda CR-V Hybrid EX-L AWD, White exterior, All-wheel drive","[{url:'https://carimages.d2cmedia.ca/newcarimages/en/cb6abe815d16bd4/Honda/CR-V Hybrid/2027/1200/491166-RVgtTCBBV0Q/white/front45.png'},{url:'https://carimages.d2cmedia.ca/newcarimages/fr/cb6abe815d16bd4/Honda/CR-V Hybrid/2027/640/491166-RVgtTCBBV0Q/white/front_45_degree.png'},{url:'https://carimages.d2cmedia.ca/newcarimages/fr/cb6abe815d16bd4/Honda/CR-V Hybrid/2027/2100/491166-RVgtTCBBV0Q/white/front_45_degree.png'}]",20,KM,https://www.number7honda.com/new/inventory/2027-Honda-CR_V_Hybrid-id14433020.html,2027 Honda CR-V Hybrid EX-L AWD at Number 7 Honda,56691 CAD,New,White,,2221,Number 7 Honda,+1-905-851-2258,"{addr1: '5555 Highway 7 W', city: 'Woodbridge', region: 'Ontario', postal_code: 'L4L 1T5', country: 'CA'}",43.7900000000,-79.5980000000,,,,,https://www.number7honda.com/privacy-policy.html,New,2221,In stock,,56691 CAD,Free,
2HKRS3H29TH001194,2HKRS3H29TH001194,261340-new,Honda,CR-V,4dr 2wd Lx,2026,AUTOMATIC,SUV,GASOLINE,,"2026 Honda CR-V 4dr 2wd Lx, Black exterior","[{url:'https://imagescdn.d2cmedia.ca/cbd5e3422d77fb9e5496044ddfec11f7bc/2221/13718776/1/Honda-CR_V-2026.jpg'},{url:'https://imagescdn.d2cmedia.ca/s8d5e3422d77fb9e5496044ddfec11f7bc/2221/13718776/1/Honda-CR_V-2026.jpg'},{url:'https://imagescdn.d2cmedia.ca/cbd5e3422d77fb9e5496044ddfec11f7bc/2221/13718776/2/Honda-CR_V-2026.jpg'},{url:'https://imagescdn.d2cmedia.ca/cbd5e3422d77fb9e5496044ddfec11f7bc/2221/13718776/3/Honda-CR_V-2026.jpg'},{url:'https://imagescdn.d2cmedia.ca/cbd5e3422d77fb9e5496044ddfec11f7bc/2221/13718776/4/Honda-CR_V-2026.jpg'},{url:'https://imagescdn.d2cmedia.ca/cbd5e3422d77fb9e5496044ddfec11f7bc/2221/13718776/5/Honda-CR_V-2026.jpg'},{url:'https://imagescdn.d2cmedia.ca/cbd5e3422d77fb9e5496044ddfec11f7bc/2221/13718776/6/Honda-CR_V-2026.jpg'},{url:'https://imagescdn.d2cmedia.ca/cbd5e3422d77fb9e5496044ddfec11f7bc/2221/13718776/7/Honda-CR_V-2026.jpg'},{url:'https://imagescdn.d2cmedia.ca/cbd5e3422d77fb9e5496044ddfec11f7bc/2221/13718776/8/Honda-CR_V-2026.jpg'},{url:'https://imagescdn.d2cmedia.ca/cbd5e3422d77fb9e5496044ddfec11f7bc/2221/13718776/9/Honda-CR_V-2026.jpg'}]",0,KM,https://www.number7honda.com/new/inventory/2026-Honda-CR_V-id13718776.html,2026 Honda CR-V 4dr 2wd Lx at Number 7 Honda,40771 CAD,New,Black,,2221,Number 7 Honda,+1-905-851-2258,"{addr1: '5555 Highway 7 W', city: 'Woodbridge', region: 'Ontario', postal_code: 'L4L 1T5', country: 'CA'}",43.7900000000,-79.5980000000,,,,,https://www.number7honda.com/privacy-policy.html,New,2221,In stock,,40771 CAD,Free,
2HKRS3H23TH001188,2HKRS3H23TH001188,261370-new,Honda,CR-V,4dr 2wd Lx,2026,AUTOMATIC,SUV,GASOLINE,,"2026 Honda CR-V 4dr 2wd Lx, Black exterior","[{url:'https://imagescdn.d2cmedia.ca/cb87c5e6e1ae96d15b1179871b1763e40e/2221/13738881/1/Honda-CR_V-2026.jpg'},{url:'https://imagescdn.d2cmedia.ca/s887c5e6e1ae96d15b1179871b1763e40e/2221/13738881/1/Honda-CR_V-2026.jpg'},{url:'https://imagescdn.d2cmedia.ca/cb87c5e6e1ae96d15b1179871b1763e40e/2221/13738881/2/Honda-CR_V-2026.jpg'},{url:'https://imagescdn.d2cmedia.ca/cb87c5e6e1ae96d15b1179871b1763e40e/2221/13738881/3/Honda-CR_V-2026.jpg'},{url:'https://imagescdn.d2cmedia.ca/cb87c5e6e1ae96d15b1179871b1763e40e/2221/13738881/4/Honda-CR_V-2026.jpg'},{url:'https://imagescdn.d2cmedia.ca/cb87c5e6e1ae96d15b1179871b1763e40e/2221/13738881/5/Honda-CR_V-2026.jpg'},{url:'https://imagescdn.d2cmedia.ca/cb87c5e6e1ae96d15b1179871b1763e40e/2221/13738881/6/Honda-CR_V-2026.jpg'},{url:'https://imagescdn.d2cmedia.ca/cb87c5e6e1ae96d15b1179871b1763e40e/2221/13738881/7/Honda-CR_V-2026.jpg'},{url:'https://imagescdn.d2cmedia.ca/cb87c5e6e1ae96d15b1179871b1763e40e/2221/13738881/8/Honda-CR_V-2026.jpg'},{url:'https://imagescdn.d2cmedia.ca/cb87c5e6e1ae96d15b1179871b1763e40e/2221/13738881/9/Honda-CR_V-2026.jpg'}]",0,KM,https://www.number7honda.com/new/inventory/2026-Honda-CR_V-id13738881.html,2026 Honda CR-V 4dr 2wd Lx at Number 7 Honda,40771 CAD,New,Black,,2221,Number 7 Honda,+1-905-851-2258,"{addr1: '5555 Highway 7 W', city: 'Woodbridge', region: 'Ontario', postal_code: 'L4L 1T5', country: 'CA'}",43.7900000000,-79.5980000000,,,,,https://www.number7honda.com/privacy-policy.html,New,2221,In stock,,40771 CAD,Free,
2HKRS3H29TH001325,2HKRS3H29TH001325,261372-new,Honda,CR-V,4dr 2wd Lx,2026,AUTOMATIC,SUV,GASOLINE,,"2026 Honda CR-V 4dr 2wd Lx, Black exterior","[{url:'https://imagescdn.d2cmedia.ca/cb49f820590930dab2e322ccd3e5b0626a/2221/13738883/1/Honda-CR_V-2026.jpg'},{url:'https://imagescdn.d2cmedia.ca/s849f820590930dab2e322ccd3e5b0626a/2221/13738883/1/Honda-CR_V-2026.jpg'},{url:'https://imagescdn.d2cmedia.ca/cb49f820590930dab2e322ccd3e5b0626a/2221/13738883/2/Honda-CR_V-2026.jpg'},{url:'https://imagescdn.d2cmedia.ca/cb49f820590930dab2e322ccd3e5b0626a/2221/13738883/3/Honda-CR_V-2026.jpg'},{url:'https://imagescdn.d2cmedia.ca/cb49f820590930dab2e322ccd3e5b0626a/2221/13738883/4/Honda-CR_V-2026.jpg'},{url:'https://imagescdn.d2cmedia.ca/cb49f820590930dab2e322ccd3e5b0626a/2221/13738883/5/Honda-CR_V-2026.jpg'},{url:'https://imagescdn.d2cmedia.ca/cb49f820590930dab2e322ccd3e5b0626a/2221/13738883/6/Honda-CR_V-2026.jpg'},{url:'https://imagescdn.d2cmedia.ca/cb49f820590930dab2e322ccd3e5b0626a/2221/13738883/7/Honda-CR_V-2026.jpg'},{url:'https://imagescdn.d2cmedia.ca/cb49f820590930dab2e322ccd3e5b0626a/2221/13738883/8/Honda-CR_V-2026.jpg'},{url:'https://imagescdn.d2cmedia.ca/cb49f820590930dab2e322ccd3e5b0626a/2221/13738883/9/Honda-CR_V-2026.jpg'}]",0,KM,https://www.number7honda.com/new/inventory/2026-Honda-CR_V-id13738883.html,2026 Honda CR-V 4dr 2wd Lx at Number 7 Honda,40771 CAD,New,Black,,2221,Number 7 Honda,+1-905-851-2258,"{addr1: '5555 Highway 7 W', city: 'Woodbridge', region: 'Ontario', postal_code: 'L4L 1T5', country: 'CA'}",43.7900000000,-79.5980000000,,,,,https://www.number7honda.com/privacy-policy.html,New,2221,In stock,,40771 CAD,Free,
2HKRS3H20TH001326,2HKRS3H20TH001326,261373-new,Honda,CR-V,4dr 2wd Lx,2026,AUTOMATIC,SUV,GASOLINE,,"2026 Honda CR-V 4dr 2wd Lx, Black exterior","[{url:'https://imagescdn.d2cmedia.ca/cb936aaffafba32a507b835cb6fcdecec5/2221/13738884/1/Honda-CR_V-2026.jpg'},{url:'https://imagescdn.d2cmedia.ca/s8936aaffafba32a507b835cb6fcdecec5/2221/13738884/1/Honda-CR_V-2026.jpg'},{url:'https://imagescdn.d2cmedia.ca/cb936aaffafba32a507b835cb6fcdecec5/2221/13738884/2/Honda-CR_V-2026.jpg'},{url:'https://imagescdn.d2cmedia.ca/cb936aaffafba32a507b835cb6fcdecec5/2221/13738884/3/Honda-CR_V-2026.jpg'},{url:'https://imagescdn.d2cmedia.ca/cb936aaffafba32a507b835cb6fcdecec5/2221/13738884/4/Honda-CR_V-2026.jpg'},{url:'https://imagescdn.d2cmedia.ca/cb936aaffafba32a507b835cb6fcdecec5/2221/13738884/5/Honda-CR_V-2026.jpg'},{url:'https://imagescdn.d2cmedia.ca/cb936aaffafba32a507b835cb6fcdecec5/2221/13738884/6/Honda-CR_V-2026.jpg'},{url:'https://imagescdn.d2cmedia.ca/cb936aaffafba32a507b835cb6fcdecec5/2221/13738884/7/Honda-CR_V-2026.jpg'},{url:'https://imagescdn.d2cmedia.ca/cb936aaffafba32a507b835cb6fcdecec5/2221/13738884/8/Honda-CR_V-2026.jpg'},{url:'https://imagescdn.d2cmedia.ca/cb936aaffafba32a507b835cb6fcdecec5/2221/13738884/9/Honda-CR_V-2026.jpg'}]",0,KM,https://www.number7honda.com/new/inventory/2026-Honda-CR_V-id13738884.html,2026 Honda CR-V 4dr 2wd Lx at Number 7 Honda,40771 CAD,New,Black,,2221,Number 7 Honda,+1-905-851-2258,"{addr1: '5555 Highway 7 W', city: 'Woodbridge', region: 'Ontario', postal_code: 'L4L 1T5', country: 'CA'}",43.7900000000,-79.5980000000,,,,,https://www.number7honda.com/privacy-policy.html,New,2221,In stock,,40771 CAD,Free,
2HKRS3H26TH001735,2HKRS3H26TH001735,261749-new,Honda,CR-V,4dr 2wd Lx,2026,AUTOMATIC,SUV,GASOLINE,,"2026 Honda CR-V 4dr 2wd Lx, Black exterior","[{url:'https://imagescdn.d2cmedia.ca/cbd2bfbf9d257cf9a9ce5c8e5eacd4c55a/2221/14019844/1/Honda-CR_V-2026.jpg'},{url:'https://imagescdn.d2cmedia.ca/s8d2bfbf9d257cf9a9ce5c8e5eacd4c55a/2221/14019844/1/Honda-CR_V-2026.jpg'},{url:'https://imagescdn.d2cmedia.ca/cbd2bfbf9d257cf9a9ce5c8e5eacd4c55a/2221/14019844/2/Honda-CR_V-2026.jpg'},{url:'https://imagescdn.d2cmedia.ca/cbd2bfbf9d257cf9a9ce5c8e5eacd4c55a/2221/14019844/3/Honda-CR_V-2026.jpg'},{url:'https://imagescdn.d2cmedia.ca/cbd2bfbf9d257cf9a9ce5c8e5eacd4c55a/2221/14019844/4/Honda-CR_V-2026.jpg'},{url:'https://imagescdn.d2cmedia.ca/cbd2bfbf9d257cf9a9ce5c8e5eacd4c55a/2221/14019844/5/Honda-CR_V-2026.jpg'},{url:'https://imagescdn.d2cmedia.ca/cbd2bfbf9d257cf9a9ce5c8e5eacd4c55a/2221/14019844/6/Honda-CR_V-2026.jpg'},{url:'https://imagescdn.d2cmedia.ca/cbd2bfbf9d257cf9a9ce5c8e5eacd4c55a/2221/14019844/7/Honda-CR_V-2026.jpg'},{url:'https://imagescdn.d2cmedia.ca/cbd2bfbf9d257cf9a9ce5c8e5eacd4c55a/2221/14019844/8/Honda-CR_V-2026.jpg'},{url:'https://imagescdn.d2cmedia.ca/cbd2bfbf9d257cf9a9ce5c8e5eacd4c55a/2221/14019844/9/Honda-CR_V-2026.jpg'}]",0,KM,https://www.number7honda.com/new/inventory/2026-Honda-CR_V-id14019844.html,2026 Honda CR-V 4dr 2wd Lx at Number 7 Honda,40771 CAD,New,Black,,2221,Number 7 Honda,+1-905-851-2258,"{addr1: '5555 Highway 7 W', city: 'Woodbridge', region: 'Ontario', postal_code: 'L4L 1T5', country: 'CA'}",43.7900000000,-79.5980000000,,,,,https://www.number7honda.com/privacy-policy.html,New,2221,In stock,,40771 CAD,Free,
2HKRS3H22TH001604,2HKRS3H22TH001604,261568-new,Honda,CR-V,4dr 2wd Lx,2026,AUTOMATIC,SUV,GASOLINE,,"2026 Honda CR-V 4dr 2wd Lx, Black exterior","[{url:'https://imagescdn.d2cmedia.ca/cbf878b98c6b565f6cd87fcbaf0ce62274/2221/13877493/1/Honda-CR_V-2026.jpg'},{url:'https://imagescdn.d2cmedia.ca/s8f878b98c6b565f6cd87fcbaf0ce62274/2221/13877493/1/Honda-CR_V-2026.jpg'},{url:'https://imagescdn.d2cmedia.ca/cbf878b98c6b565f6cd87fcbaf0ce62274/2221/13877493/2/Honda-CR_V-2026.jpg'},{url:'https://imagescdn.d2cmedia.ca/cbf878b98c6b565f6cd87fcbaf0ce62274/2221/13877493/3/Honda-CR_V-2026.jpg'},{url:'https://imagescdn.d2cmedia.ca/cbf878b98c6b565f6cd87fcbaf0ce62274/2221/13877493/4/Honda-CR_V-2026.jpg'},{url:'https://imagescdn.d2cmedia.ca/cbf878b98c6b565f6cd87fcbaf0ce62274/2221/13877493/5/Honda-CR_V-2026.jpg'},{url:'https://imagescdn.d2cmedia.ca/cbf878b98c6b565f6cd87fcbaf0ce62274/2221/13877493/6/Honda-CR_V-2026.jpg'},{url:'https://imagescdn.d2cmedia.ca/cbf878b98c6b565f6cd87fcbaf0ce62274/2221/13877493/7/Honda-CR_V-2026.jpg'},{url:'https://imagescdn.d2cmedia.ca/cbf878b98c6b565f6cd87fcbaf0ce62274/2221/13877493/8/Honda-CR_V-2026.jpg'},{url:'https://imagescdn.d2cmedia.ca/cbf878b98c6b565f6cd87fcbaf0ce62274/2221/13877493/9/Honda-CR_V-2026.jpg'}]",20,KM,https://www.number7honda.com/new/inventory/2026-Honda-CR_V-id13877493.html,2026 Honda CR-V 4dr 2wd Lx at Number 7 Honda,40771 CAD,New,Black,,2221,Number 7 Honda,+1-905-851-2258,"{addr1: '5555 Highway 7 W', city: 'Woodbridge', region: 'Ontario', postal_code: 'L4L 1T5', country: 'CA'}",43.7900000000,-79.5980000000,,,,,https://www.number7honda.com/privacy-policy.html,New,2221,In stock,,40771 CAD,Free,
2HKRS3H22TH001943,2HKRS3H22TH001943,261941-new,Honda,CR-V,4dr 2wd Lx,2026,AUTOMATIC,SUV,GASOLINE,,"2026 Honda CR-V 4dr 2wd Lx, Black exterior","[{url:'https://imagescdn.d2cmedia.ca/cbc2ee2aabfec23193cab48dea2347b851/2221/14226049/1/Honda-CR_V-2026.jpg'},{url:'https://imagescdn.d2cmedia.ca/s8c2ee2aabfec23193cab48dea2347b851/2221/14226049/1/Honda-CR_V-2026.jpg'},{url:'https://imagescdn.d2cmedia.ca/cbc2ee2aabfec23193cab48dea2347b851/2221/14226049/2/Honda-CR_V-2026.jpg'},{url:'https://imagescdn.d2cmedia.ca/cbc2ee2aabfec23193cab48dea2347b851/2221/14226049/3/Honda-CR_V-2026.jpg'},{url:'https://imagescdn.d2cmedia.ca/cbc2ee2aabfec23193cab48dea2347b851/2221/14226049/4/Honda-CR_V-2026.jpg'},{url:'https://imagescdn.d2cmedia.ca/cbc2ee2aabfec23193cab48dea2347b851/2221/14226049/5/Honda-CR_V-2026.jpg'},{url:'https://imagescdn.d2cmedia.ca/cbc2ee2aabfec23193cab48dea2347b851/2221/14226049/6/Honda-CR_V-2026.jpg'},{url:'https://imagescdn.d2cmedia.ca/cbc2ee2aabfec23193cab48dea2347b851/2221/14226049/7/Honda-CR_V-2026.jpg'},{url:'https://imagescdn.d2cmedia.ca/cbc2ee2aabfec23193cab48dea2347b851/2221/14226049/8/Honda-CR_V-2026.jpg'},{url:'https://imagescdn.d2cmedia.ca/cbc2ee2aabfec23193cab48dea2347b851/2221/14226049/9/Honda-CR_V-2026.jpg'}]",20,KM,https://www.number7honda.com/new/inventory/2026-Honda-CR_V-id14226049.html,2026 Honda CR-V 4dr 2wd Lx at Number 7 Honda,40771 CAD,New,Black,,2221,Number 7 Honda,+1-905-851-2258,"{addr1: '5555 Highway 7 W', city: 'Woodbridge', region: 'Ontario', postal_code: 'L4L 1T5', country: 'CA'}",43.7900000000,-79.5980000000,,,,,https://www.number7honda.com/privacy-policy.html,New,2221,In stock,,40771 CAD,Free,
2HKRS3H21TH002100,2HKRS3H21TH002100,261962-new,Honda,CR-V,4dr 2wd Lx,2026,AUTOMATIC,SUV,GASOLINE,,"2026 Honda CR-V 4dr 2wd Lx, White exterior","[{url:'https://imagescdn.d2cmedia.ca/cbd30349ba30b4e7f7cf9bc21c032aadbf/2221/14273124/1/Honda-CR_V-2026.jpg'},{url:'https://imagescdn.d2cmedia.ca/s8d30349ba30b4e7f7cf9bc21c032aadbf/2221/14273124/1/Honda-CR_V-2026.jpg'},{url:'https://imagescdn.d2cmedia.ca/cbd30349ba30b4e7f7cf9bc21c032aadbf/2221/14273124/2/Honda-CR_V-2026.jpg'},{url:'https://imagescdn.d2cmedia.ca/cbd30349ba30b4e7f7cf9bc21c032aadbf/2221/14273124/3/Honda-CR_V-2026.jpg'},{url:'https://imagescdn.d2cmedia.ca/cbd30349ba30b4e7f7cf9bc21c032aadbf/2221/14273124/4/Honda-CR_V-2026.jpg'},{url:'https://imagescdn.d2cmedia.ca/cbd30349ba30b4e7f7cf9bc21c032aadbf/2221/14273124/5/Honda-CR_V-2026.jpg'},{url:'https://imagescdn.d2cmedia.ca/cbd30349ba30b4e7f7cf9bc21c032aadbf/2221/14273124/6/Honda-CR_V-2026.jpg'},{url:'https://imagescdn.d2cmedia.ca/cbd30349ba30b4e7f7cf9bc21c032aadbf/2221/14273124/7/Honda-CR_V-2026.jpg'},{url:'https://imagescdn.d2cmedia.ca/cbd30349ba30b4e7f7cf9bc21c032aadbf/2221/14273124/8/Honda-CR_V-2026.jpg'},{url:'https://imagescdn.d2cmedia.ca/cbd30349ba30b4e7f7cf9bc21c032aadbf/2221/14273124/9/Honda-CR_V-2026.jpg'}]",20,KM,https://www.number7honda.com/new/inventory/2026-Honda-CR_V-id14273124.html,2026 Honda CR-V 4dr 2wd Lx at Number 7 Honda,40771 CAD,New,White,,2221,Number 7 Honda,+1-905-851-2258,"{addr1: '5555 Highway 7 W', city: 'Woodbridge', region: 'Ontario', postal_code: 'L4L 1T5', country: 'CA'}",43.7900000000,-79.5980000000,,,,,https://www.number7honda.com/privacy-policy.html,New,2221,In stock,,40771 CAD,Free,
2HKRS3H20TH002007,2HKRS3H20TH002007,261971-new,Honda,CR-V,4dr 2wd Lx,2026,AUTOMATIC,SUV,GASOLINE,,"2026 Honda CR-V 4dr 2wd Lx, Red exterior","[{url:'https://imagescdn.d2cmedia.ca/cbff09015266634dcb4425d05a5fab4420/2221/14279872/1/Honda-CR_V-2026.jpg'},{url:'https://imagescdn.d2cmedia.ca/s8ff09015266634dcb4425d05a5fab4420/2221/14279872/1/Honda-CR_V-2026.jpg'},{url:'https://imagescdn.d2cmedia.ca/cbff09015266634dcb4425d05a5fab4420/2221/14279872/2/Honda-CR_V-2026.jpg'},{url:'https://imagescdn.d2cmedia.ca/cbff09015266634dcb4425d05a5fab4420/2221/14279872/3/Honda-CR_V-2026.jpg'},{url:'https://imagescdn.d2cmedia.ca/cbff09015266634dcb4425d05a5fab4420/2221/14279872/4/Honda-CR_V-2026.jpg'},{url:'https://imagescdn.d2cmedia.ca/cbff09015266634dcb4425d05a5fab4420/2221/14279872/5/Honda-CR_V-2026.jpg'},{url:'https://imagescdn.d2cmedia.ca/cbff09015266634dcb4425d05a5fab4420/2221/14279872/6/Honda-CR_V-2026.jpg'},{url:'https://imagescdn.d2cmedia.ca/cbff09015266634dcb4425d05a5fab4420/2221/14279872/7/Honda-CR_V-2026.jpg'},{url:'https://imagescdn.d2cmedia.ca/cbff09015266634dcb4425d05a5fab4420/2221/14279872/8/Honda-CR_V-2026.jpg'},{url:'https://imagescdn.d2cmedia.ca/cbff09015266634dcb4425d05a5fab4420/2221/14279872/9/Honda-CR_V-2026.jpg'}]",20,KM,https://www.number7honda.com/new/inventory/2026-Honda-CR_V-id14279872.html,2026 Honda CR-V 4dr 2wd Lx at Number 7 Honda,40771 CAD,New,Red,,2221,Number 7 Honda,+1-905-851-2258,"{addr1: '5555 Highway 7 W', city: 'Woodbridge', region: 'Ontario', postal_code: 'L4L 1T5', country: 'CA'}",43.7900000000,-79.5980000000,,,,,https://www.number7honda.com/privacy-policy.html,New,2221,In stock,,40771 CAD,Free,
2HKRS3H24TH001930,2HKRS3H24TH001930,262037-new,Honda,CR-V,4dr 2wd Lx,2026,AUTOMATIC,SUV,GASOLINE,,"2026 Honda CR-V 4dr 2wd Lx, Black exterior","[{url:'https://imagescdn.d2cmedia.ca/cb424854c220d4ce10bfb9be8276f50714/2221/14354510/1/Honda-CR_V-2026.jpg'},{url:'https://imagescdn.d2cmedia.ca/s8424854c220d4ce10bfb9be8276f50714/2221/14354510/1/Honda-CR_V-2026.jpg'},{url:'https://imagescdn.d2cmedia.ca/cb424854c220d4ce10bfb9be8276f50714/2221/14354510/2/Honda-CR_V-2026.jpg'},{url:'https://imagescdn.d2cmedia.ca/cb424854c220d4ce10bfb9be8276f50714/2221/14354510/3/Honda-CR_V-2026.jpg'},{url:'https://imagescdn.d2cmedia.ca/cb424854c220d4ce10bfb9be8276f50714/2221/14354510/4/Honda-CR_V-2026.jpg'},{url:'https://imagescdn.d2cmedia.ca/cb424854c220d4ce10bfb9be8276f50714/2221/14354510/5/Honda-CR_V-2026.jpg'},{url:'https://imagescdn.d2cmedia.ca/cb424854c220d4ce10bfb9be8276f50714/2221/14354510/6/Honda-CR_V-2026.jpg'},{url:'https://imagescdn.d2cmedia.ca/cb424854c220d4ce10bfb9be8276f50714/2221/14354510/7/Honda-CR_V-2026.jpg'},{url:'https://imagescdn.d2cmedia.ca/cb424854c220d4ce10bfb9be8276f50714/2221/14354510/8/Honda-CR_V-2026.jpg'},{url:'https://imagescdn.d2cmedia.ca/cb424854c220d4ce10bfb9be8276f50714/2221/14354510/9/Honda-CR_V-2026.jpg'}]",20,KM,https://www.number7honda.com/new/inventory/2026-Honda-CR_V-id14354510.html,2026 Honda CR-V 4dr 2wd Lx at Number 7 Honda,40771 CAD,New,Black,,2221,Number 7 Honda,+1-905-851-2258,"{addr1: '5555 Highway 7 W', city: 'Woodbridge', region: 'Ontario', postal_code: 'L4L 1T5', country: 'CA'}",43.7900000000,-79.5980000000,,,,,https://www.number7honda.com/privacy-policy.html,New,2221,In stock,,40771 CAD,Free,
2HKRS3H22VH000102,2HKRS3H22VH000102,27140-new,Honda,CR-V,LX 2WD,2027,AUTOMATIC,SUV,GASOLINE,FWD,"2027 Honda CR-V LX 2WD, White exterior, Front-wheel drive","[{url:'https://carimages.d2cmedia.ca/newcarimages/en/cb6abe815d16bd4/Honda/CR-V/2027/1200/490898-TFggMldE/white/front45.png'},{url:'https://carimages.d2cmedia.ca/newcarimages/fr/cb6abe815d16bd4/Honda/CR-V/2027/640/490898-TFggMldE/white/front_45_degree.png'},{url:'https://carimages.d2cmedia.ca/newcarimages/fr/cb6abe815d16bd4/Honda/CR-V/2027/2100/490898-TFggMldE/white/front_45_degree.png'}]",20,KM,https://www.number7honda.com/new/inventory/2027-Honda-CR_V-id14439678.html,2027 Honda CR-V LX 2WD at Number 7 Honda,41271 CAD,New,White,,2221,Number 7 Honda,+1-905-851-2258,"{addr1: '5555 Highway 7 W', city: 'Woodbridge', region: 'Ontario', postal_code: 'L4L 1T5', country: 'CA'}",43.7900000000,-79.5980000000,,,,,https://www.number7honda.com/privacy-policy.html,New,2221,In stock,,41271 CAD,Free,
2HKRS4H23TH111163,2HKRS4H23TH111163,261278-new,Honda,CR-V,4dr Awd Lx,2026,AUTOMATIC,SUV,GASOLINE,,"2026 Honda CR-V 4dr Awd Lx, Black exterior","[{url:'https://imagescdn.d2cmedia.ca/cb9298807f388dccb2ad6664f6fe50ec3b/2221/13688510/1/Honda-CR_V-2026.jpg'},{url:'https://imagescdn.d2cmedia.ca/s89298807f388dccb2ad6664f6fe50ec3b/2221/13688510/1/Honda-CR_V-2026.jpg'},{url:'https://imagescdn.d2cmedia.ca/cb9298807f388dccb2ad6664f6fe50ec3b/2221/13688510/2/Honda-CR_V-2026.jpg'},{url:'https://imagescdn.d2cmedia.ca/cb9298807f388dccb2ad6664f6fe50ec3b/2221/13688510/3/Honda-CR_V-2026.jpg'},{url:'https://imagescdn.d2cmedia.ca/cb9298807f388dccb2ad6664f6fe50ec3b/2221/13688510/4/Honda-CR_V-2026.jpg'},{url:'https://imagescdn.d2cmedia.ca/cb9298807f388dccb2ad6664f6fe50ec3b/2221/13688510/5/Honda-CR_V-2026.jpg'},{url:'https://imagescdn.d2cmedia.ca/cb9298807f388dccb2ad6664f6fe50ec3b/2221/13688510/6/Honda-CR_V-2026.jpg'},{url:'https://imagescdn.d2cmedia.ca/cb9298807f388dccb2ad6664f6fe50ec3b/2221/13688510/7/Honda-CR_V-2026.jpg'},{url:'https://imagescdn.d2cmedia.ca/cb9298807f388dccb2ad6664f6fe50ec3b/2221/13688510/8/Honda-CR_V-2026.jpg'},{url:'https://imagescdn.d2cmedia.ca/cb9298807f388dccb2ad6664f6fe50ec3b/2221/13688510/9/Honda-CR_V-2026.jpg'}]",0,KM,https://www.number7honda.com/new/inventory/2026-Honda-CR_V-id13688510.html,2026 Honda CR-V 4dr Awd Lx at Number 7 Honda,43571 CAD,New,Black,,2221,Number 7 Honda,+1-905-851-2258,"{addr1: '5555 Highway 7 W', city: 'Woodbridge', region: 'Ontario', postal_code: 'L4L 1T5', country: 'CA'}",43.7900000000,-79.5980000000,,,,,https://www.number7honda.com/privacy-policy.html,New,2221,In stock,,43571 CAD,Free,
2HKRS4H24TH113584,2HKRS4H24TH113584,261419-new,Honda,CR-V,4dr Awd Lx,2026,AUTOMATIC,SUV,GASOLINE,,"2026 Honda CR-V 4dr Awd Lx, White exterior","[{url:'https://imagescdn.d2cmedia.ca/cbc4b49f359fd3ee344400e16e9c27a35f/2221/13771525/1/Honda-CR_V-2026.jpg'},{url:'https://imagescdn.d2cmedia.ca/s8c4b49f359fd3ee344400e16e9c27a35f/2221/13771525/1/Honda-CR_V-2026.jpg'},{url:'https://imagescdn.d2cmedia.ca/cbc4b49f359fd3ee344400e16e9c27a35f/2221/13771525/2/Honda-CR_V-2026.jpg'},{url:'https://imagescdn.d2cmedia.ca/cbc4b49f359fd3ee344400e16e9c27a35f/2221/13771525/3/Honda-CR_V-2026.jpg'},{url:'https://imagescdn.d2cmedia.ca/cbc4b49f359fd3ee344400e16e9c27a35f/2221/13771525/4/Honda-CR_V-2026.jpg'},{url:'https://imagescdn.d2cmedia.ca/cbc4b49f359fd3ee344400e16e9c27a35f/2221/13771525/5/Honda-CR_V-2026.jpg'},{url:'https://imagescdn.d2cmedia.ca/cbc4b49f359fd3ee344400e16e9c27a35f/2221/13771525/6/Honda-CR_V-2026.jpg'},{url:'https://imagescdn.d2cmedia.ca/cbc4b49f359fd3ee344400e16e9c27a35f/2221/13771525/7/Honda-CR_V-2026.jpg'},{url:'https://imagescdn.d2cmedia.ca/cbc4b49f359fd3ee344400e16e9c27a35f/2221/13771525/8/Honda-CR_V-2026.jpg'},{url:'https://imagescdn.d2cmedia.ca/cbc4b49f359fd3ee344400e16e9c27a35f/2221/13771525/9/Honda-CR_V-2026.jpg'}]",0,KM,https://www.number7honda.com/new/inventory/2026-Honda-CR_V-id13771525.html,2026 Honda CR-V 4dr Awd Lx at Number 7 Honda,43571 CAD,New,White,,2221,Number 7 Honda,+1-905-851-2258,"{addr1: '5555 Highway 7 W', city: 'Woodbridge', region: 'Ontario', postal_code: 'L4L 1T5', country: 'CA'}",43.7900000000,-79.5980000000,,,,,https://www.number7honda.com/privacy-policy.html,New,2221,In stock,,43571 CAD,Free,
2HKRS4H28TH112812,2HKRS4H28TH112812,261428-new,Honda,CR-V,4dr Awd Lx,2026,AUTOMATIC,SUV,GASOLINE,,"2026 Honda CR-V 4dr Awd Lx, Black exterior","[{url:'https://imagescdn.d2cmedia.ca/cbecb704c8bc9a3709b3daf2f799269670/2221/13779953/1/Honda-CR_V-2026.jpg'},{url:'https://imagescdn.d2cmedia.ca/s8ecb704c8bc9a3709b3daf2f799269670/2221/13779953/1/Honda-CR_V-2026.jpg'},{url:'https://imagescdn.d2cmedia.ca/cbecb704c8bc9a3709b3daf2f799269670/2221/13779953/2/Honda-CR_V-2026.jpg'},{url:'https://imagescdn.d2cmedia.ca/cbecb704c8bc9a3709b3daf2f799269670/2221/13779953/3/Honda-CR_V-2026.jpg'},{url:'https://imagescdn.d2cmedia.ca/cbecb704c8bc9a3709b3daf2f799269670/2221/13779953/4/Honda-CR_V-2026.jpg'},{url:'https://imagescdn.d2cmedia.ca/cbecb704c8bc9a3709b3daf2f799269670/2221/13779953/5/Honda-CR_V-2026.jpg'},{url:'https://imagescdn.d2cmedia.ca/cbecb704c8bc9a3709b3daf2f799269670/2221/13779953/6/Honda-CR_V-2026.jpg'},{url:'https://imagescdn.d2cmedia.ca/cbecb704c8bc9a3709b3daf2f799269670/2221/13779953/7/Honda-CR_V-2026.jpg'},{url:'https://imagescdn.d2cmedia.ca/cbecb704c8bc9a3709b3daf2f799269670/2221/13779953/8/Honda-CR_V-2026.jpg'},{url:'https://imagescdn.d2cmedia.ca/cbecb704c8bc9a3709b3daf2f799269670/2221/13779953/9/Honda-CR_V-2026.jpg'}]",0,KM,https://www.number7honda.com/new/inventory/2026-Honda-CR_V-id13779953.html,2026 Honda CR-V 4dr Awd Lx at Number 7 Honda,43571 CAD,New,Black,,2221,Number 7 Honda,+1-905-851-2258,"{addr1: '5555 Highway 7 W', city: 'Woodbridge', region: 'Ontario', postal_code: 'L4L 1T5', country: 'CA'}",43.7900000000,-79.5980000000,,,,,https://www.number7honda.com/privacy-policy.html,New,2221,In stock,,43571 CAD,Free,
2HKRS4H24TH117134,2HKRS4H24TH117134,261770-new,Honda,CR-V,4dr Awd Lx,2026,AUTOMATIC,SUV,GASOLINE,,"2026 Honda CR-V 4dr Awd Lx, Black exterior","[{url:'https://imagescdn.d2cmedia.ca/cb228c5dc9d161a787af91312c70db4947/2221/14019862/1/Honda-CR_V-2026.jpg'},{url:'https://imagescdn.d2cmedia.ca/s8228c5dc9d161a787af91312c70db4947/2221/14019862/1/Honda-CR_V-2026.jpg'},{url:'https://imagescdn.d2cmedia.ca/cb228c5dc9d161a787af91312c70db4947/2221/14019862/2/Honda-CR_V-2026.jpg'},{url:'https://imagescdn.d2cmedia.ca/cb228c5dc9d161a787af91312c70db4947/2221/14019862/3/Honda-CR_V-2026.jpg'},{url:'https://imagescdn.d2cmedia.ca/cb228c5dc9d161a787af91312c70db4947/2221/14019862/4/Honda-CR_V-2026.jpg'},{url:'https://imagescdn.d2cmedia.ca/cb228c5dc9d161a787af91312c70db4947/2221/14019862/5/Honda-CR_V-2026.jpg'},{url:'https://imagescdn.d2cmedia.ca/cb228c5dc9d161a787af91312c70db4947/2221/14019862/6/Honda-CR_V-2026.jpg'},{url:'https://imagescdn.d2cmedia.ca/cb228c5dc9d161a787af91312c70db4947/2221/14019862/7/Honda-CR_V-2026.jpg'},{url:'https://imagescdn.d2cmedia.ca/cb228c5dc9d161a787af91312c70db4947/2221/14019862/8/Honda-CR_V-2026.jpg'},{url:'https://imagescdn.d2cmedia.ca/cb228c5dc9d161a787af91312c70db4947/2221/14019862/9/Honda-CR_V-2026.jpg'}]",0,KM,https://www.number7honda.com/new/inventory/2026-Honda-CR_V-id14019862.html,2026 Honda CR-V 4dr Awd Lx at Number 7 Honda,43571 CAD,New,Black,,2221,Number 7 Honda,+1-905-851-2258,"{addr1: '5555 Highway 7 W', city: 'Woodbridge', region: 'Ontario', postal_code: 'L4L 1T5', country: 'CA'}",43.7900000000,-79.5980000000,,,,,https://www.number7honda.com/privacy-policy.html,New,2221,In stock,,43571 CAD,Free,
2HKRS4H26TH117135,2HKRS4H26TH117135,261771-new,Honda,CR-V,4dr Awd Lx,2026,AUTOMATIC,SUV,GASOLINE,,"2026 Honda CR-V 4dr Awd Lx, Black exterior","[{url:'https://imagescdn.d2cmedia.ca/cb548e09d58aea02de549a76b808381d81/2221/14019863/1/Honda-CR_V-2026.jpg'},{url:'https://imagescdn.d2cmedia.ca/s8548e09d58aea02de549a76b808381d81/2221/14019863/1/Honda-CR_V-2026.jpg'},{url:'https://imagescdn.d2cmedia.ca/cb548e09d58aea02de549a76b808381d81/2221/14019863/2/Honda-CR_V-2026.jpg'},{url:'https://imagescdn.d2cmedia.ca/cb548e09d58aea02de549a76b808381d81/2221/14019863/3/Honda-CR_V-2026.jpg'},{url:'https://imagescdn.d2cmedia.ca/cb548e09d58aea02de549a76b808381d81/2221/14019863/4/Honda-CR_V-2026.jpg'},{url:'https://imagescdn.d2cmedia.ca/cb548e09d58aea02de549a76b808381d81/2221/14019863/5/Honda-CR_V-2026.jpg'},{url:'https://imagescdn.d2cmedia.ca/cb548e09d58aea02de549a76b808381d81/2221/14019863/6/Honda-CR_V-2026.jpg'},{url:'https://imagescdn.d2cmedia.ca/cb548e09d58aea02de549a76b808381d81/2221/14019863/7/Honda-CR_V-2026.jpg'},{url:'https://imagescdn.d2cmedia.ca/cb548e09d58aea02de549a76b808381d81/2221/14019863/8/Honda-CR_V-2026.jpg'},{url:'https://imagescdn.d2cmedia.ca/cb548e09d58aea02de549a76b808381d81/2221/14019863/9/Honda-CR_V-2026.jpg'}]",0,KM,https://www.number7honda.com/new/inventory/2026-Honda-CR_V-id14019863.html,2026 Honda CR-V 4dr Awd Lx at Number 7 Honda,43571 CAD,New,Black,,2221,Number 7 Honda,+1-905-851-2258,"{addr1: '5555 Highway 7 W', city: 'Woodbridge', region: 'Ontario', postal_code: 'L4L 1T5', country: 'CA'}",43.7900000000,-79.5980000000,,,,,https://www.number7honda.com/privacy-policy.html,New,2221,In stock,,43571 CAD,Free,
2HKRS4H26TH114459,2HKRS4H26TH114459,261541-new,Honda,CR-V,4dr Awd Lx,2026,AUTOMATIC,SUV,GASOLINE,,"2026 Honda CR-V 4dr Awd Lx, White exterior","[{url:'https://imagescdn.d2cmedia.ca/cbe5cf4172f9a4a1a7f98a510616332585/2221/13851338/1/Honda-CR_V-2026.jpg'},{url:'https://imagescdn.d2cmedia.ca/s8e5cf4172f9a4a1a7f98a510616332585/2221/13851338/1/Honda-CR_V-2026.jpg'},{url:'https://imagescdn.d2cmedia.ca/cbe5cf4172f9a4a1a7f98a510616332585/2221/13851338/2/Honda-CR_V-2026.jpg'},{url:'https://imagescdn.d2cmedia.ca/cbe5cf4172f9a4a1a7f98a510616332585/2221/13851338/3/Honda-CR_V-2026.jpg'},{url:'https://imagescdn.d2cmedia.ca/cbe5cf4172f9a4a1a7f98a510616332585/2221/13851338/4/Honda-CR_V-2026.jpg'},{url:'https://imagescdn.d2cmedia.ca/cbe5cf4172f9a4a1a7f98a510616332585/2221/13851338/5/Honda-CR_V-2026.jpg'},{url:'https://imagescdn.d2cmedia.ca/cbe5cf4172f9a4a1a7f98a510616332585/2221/13851338/6/Honda-CR_V-2026.jpg'},{url:'https://imagescdn.d2cmedia.ca/cbe5cf4172f9a4a1a7f98a510616332585/2221/13851338/7/Honda-CR_V-2026.jpg'},{url:'https://imagescdn.d2cmedia.ca/cbe5cf4172f9a4a1a7f98a510616332585/2221/13851338/8/Honda-CR_V-2026.jpg'},{url:'https://imagescdn.d2cmedia.ca/cbe5cf4172f9a4a1a7f98a510616332585/2221/13851338/9/Honda-CR_V-2026.jpg'}]",20,KM,https://www.number7honda.com/new/inventory/2026-Honda-CR_V-id13851338.html,2026 Honda CR-V 4dr Awd Lx at Number 7 Honda,43571 CAD,New,White,,2221,Number 7 Honda,+1-905-851-2258,"{addr1: '5555 Highway 7 W', city: 'Woodbridge', region: 'Ontario', postal_code: 'L4L 1T5', country: 'CA'}",43.7900000000,-79.5980000000,,,,,https://www.number7honda.com/privacy-policy.html,New,2221,In stock,,43571 CAD,Free,
2HKRS4H26TH115157,2HKRS4H26TH115157,261569-new,Honda,CR-V,4dr Awd Lx,2026,AUTOMATIC,SUV,GASOLINE,,"2026 Honda CR-V 4dr Awd Lx, Black exterior","[{url:'https://imagescdn.d2cmedia.ca/cbc6a6e8b9d91eb698296db65e8b70ab22/2221/13877494/1/Honda-CR_V-2026.jpg'},{url:'https://imagescdn.d2cmedia.ca/s8c6a6e8b9d91eb698296db65e8b70ab22/2221/13877494/1/Honda-CR_V-2026.jpg'},{url:'https://imagescdn.d2cmedia.ca/cbc6a6e8b9d91eb698296db65e8b70ab22/2221/13877494/2/Honda-CR_V-2026.jpg'},{url:'https://imagescdn.d2cmedia.ca/cbc6a6e8b9d91eb698296db65e8b70ab22/2221/13877494/3/Honda-CR_V-2026.jpg'},{url:'https://imagescdn.d2cmedia.ca/cbc6a6e8b9d91eb698296db65e8b70ab22/2221/13877494/4/Honda-CR_V-2026.jpg'},{url:'https://imagescdn.d2cmedia.ca/cbc6a6e8b9d91eb698296db65e8b70ab22/2221/13877494/5/Honda-CR_V-2026.jpg'},{url:'https://imagescdn.d2cmedia.ca/cbc6a6e8b9d91eb698296db65e8b70ab22/2221/13877494/6/Honda-CR_V-2026.jpg'},{url:'https://imagescdn.d2cmedia.ca/cbc6a6e8b9d91eb698296db65e8b70ab22/2221/13877494/7/Honda-CR_V-2026.jpg'},{url:'https://imagescdn.d2cmedia.ca/cbc6a6e8b9d91eb698296db65e8b70ab22/2221/13877494/8/Honda-CR_V-2026.jpg'},{url:'https://imagescdn.d2cmedia.ca/cbc6a6e8b9d91eb698296db65e8b70ab22/2221/13877494/9/Honda-CR_V-2026.jpg'}]",20,KM,https://www.number7honda.com/new/inventory/2026-Honda-CR_V-id13877494.html,2026 Honda CR-V 4dr Awd Lx at Number 7 Honda,43571 CAD,New,Black,,2221,Number 7 Honda,+1-905-851-2258,"{addr1: '5555 Highway 7 W', city: 'Woodbridge', region: 'Ontario', postal_code: 'L4L 1T5', country: 'CA'}",43.7900000000,-79.5980000000,,,,,https://www.number7honda.com/privacy-policy.html,New,2221,In stock,,43571 CAD,Free,
2HKRS4H23TH116797,2HKRS4H23TH116797,261731-new,Honda,CR-V,4dr Awd Lx,2026,AUTOMATIC,SUV,GASOLINE,,"2026 Honda CR-V 4dr Awd Lx, White exterior","[{url:'https://imagescdn.d2cmedia.ca/cbb0ef8818ce910d8b53ddbf41f7650fc1/2221/13991427/1/Honda-CR_V-2026.jpg'},{url:'https://imagescdn.d2cmedia.ca/s8b0ef8818ce910d8b53ddbf41f7650fc1/2221/13991427/1/Honda-CR_V-2026.jpg'},{url:'https://imagescdn.d2cmedia.ca/cbb0ef8818ce910d8b53ddbf41f7650fc1/2221/13991427/2/Honda-CR_V-2026.jpg'},{url:'https://imagescdn.d2cmedia.ca/cbb0ef8818ce910d8b53ddbf41f7650fc1/2221/13991427/3/Honda-CR_V-2026.jpg'},{url:'https://imagescdn.d2cmedia.ca/cbb0ef8818ce910d8b53ddbf41f7650fc1/2221/13991427/4/Honda-CR_V-2026.jpg'},{url:'https://imagescdn.d2cmedia.ca/cbb0ef8818ce910d8b53ddbf41f7650fc1/2221/13991427/5/Honda-CR_V-2026.jpg'},{url:'https://imagescdn.d2cmedia.ca/cbb0ef8818ce910d8b53ddbf41f7650fc1/2221/13991427/6/Honda-CR_V-2026.jpg'},{url:'https://imagescdn.d2cmedia.ca/cbb0ef8818ce910d8b53ddbf41f7650fc1/2221/13991427/7/Honda-CR_V-2026.jpg'},{url:'https://imagescdn.d2cmedia.ca/cbb0ef8818ce910d8b53ddbf41f7650fc1/2221/13991427/8/Honda-CR_V-2026.jpg'},{url:'https://imagescdn.d2cmedia.ca/cbb0ef8818ce910d8b53ddbf41f7650fc1/2221/13991427/9/Honda-CR_V-2026.jpg'}]",20,KM,https://www.number7honda.com/new/inventory/2026-Honda-CR_V-id13991427.html,2026 Honda CR-V 4dr Awd Lx at Number 7 Honda,43571 CAD,New,White,,2221,Number 7 Honda,+1-905-851-2258,"{addr1: '5555 Highway 7 W', city: 'Woodbridge', region: 'Ontario', postal_code: 'L4L 1T5', country: 'CA'}",43.7900000000,-79.5980000000,,,,,https://www.number7honda.com/privacy-policy.html,New,2221,In stock,,43571 CAD,Free,
2HKRS4H2XTH116831,2HKRS4H2XTH116831,261732-new,Honda,CR-V,4dr Awd Lx,2026,AUTOMATIC,SUV,GASOLINE,,"2026 Honda CR-V 4dr Awd Lx, White exterior","[{url:'https://imagescdn.d2cmedia.ca/cb177f366d9b58658bf6bb7c7fec5ba58c/2221/13991428/1/Honda-CR_V-2026.jpg'},{url:'https://imagescdn.d2cmedia.ca/s8177f366d9b58658bf6bb7c7fec5ba58c/2221/13991428/1/Honda-CR_V-2026.jpg'},{url:'https://imagescdn.d2cmedia.ca/cb177f366d9b58658bf6bb7c7fec5ba58c/2221/13991428/2/Honda-CR_V-2026.jpg'},{url:'https://imagescdn.d2cmedia.ca/cb177f366d9b58658bf6bb7c7fec5ba58c/2221/13991428/3/Honda-CR_V-2026.jpg'},{url:'https://imagescdn.d2cmedia.ca/cb177f366d9b58658bf6bb7c7fec5ba58c/2221/13991428/4/Honda-CR_V-2026.jpg'},{url:'https://imagescdn.d2cmedia.ca/cb177f366d9b58658bf6bb7c7fec5ba58c/2221/13991428/5/Honda-CR_V-2026.jpg'},{url:'https://imagescdn.d2cmedia.ca/cb177f366d9b58658bf6bb7c7fec5ba58c/2221/13991428/6/Honda-CR_V-2026.jpg'},{url:'https://imagescdn.d2cmedia.ca/cb177f366d9b58658bf6bb7c7fec5ba58c/2221/13991428/7/Honda-CR_V-2026.jpg'},{url:'https://imagescdn.d2cmedia.ca/cb177f366d9b58658bf6bb7c7fec5ba58c/2221/13991428/8/Honda-CR_V-2026.jpg'},{url:'https://imagescdn.d2cmedia.ca/cb177f366d9b58658bf6bb7c7fec5ba58c/2221/13991428/9/Honda-CR_V-2026.jpg'}]",20,KM,https://www.number7honda.com/new/inventory/2026-Honda-CR_V-id13991428.html,2026 Honda CR-V 4dr Awd Lx at Number 7 Honda,43571 CAD,New,White,,2221,Number 7 Honda,+1-905-851-2258,"{addr1: '5555 Highway 7 W', city: 'Woodbridge', region: 'Ontario', postal_code: 'L4L 1T5', country: 'CA'}",43.7900000000,-79.5980000000,,,,,https://www.number7honda.com/privacy-policy.html,New,2221,In stock,,43571 CAD,Free,
2HKRS4H24TH118137,2HKRS4H24TH118137,261846-new,Honda,CR-V,4dr Awd Lx,2026,AUTOMATIC,SUV,GASOLINE,,"2026 Honda CR-V 4dr Awd Lx, Red exterior","[{url:'https://imagescdn.d2cmedia.ca/cbb74d41fd78c1fd7ac8133114a6a6c0be/2221/14172369/1/Honda-CR_V-2026.jpg'},{url:'https://imagescdn.d2cmedia.ca/s8b74d41fd78c1fd7ac8133114a6a6c0be/2221/14172369/1/Honda-CR_V-2026.jpg'},{url:'https://imagescdn.d2cmedia.ca/cbb74d41fd78c1fd7ac8133114a6a6c0be/2221/14172369/2/Honda-CR_V-2026.jpg'},{url:'https://imagescdn.d2cmedia.ca/cbb74d41fd78c1fd7ac8133114a6a6c0be/2221/14172369/3/Honda-CR_V-2026.jpg'},{url:'https://imagescdn.d2cmedia.ca/cbb74d41fd78c1fd7ac8133114a6a6c0be/2221/14172369/4/Honda-CR_V-2026.jpg'},{url:'https://imagescdn.d2cmedia.ca/cbb74d41fd78c1fd7ac8133114a6a6c0be/2221/14172369/5/Honda-CR_V-2026.jpg'},{url:'https://imagescdn.d2cmedia.ca/cbb74d41fd78c1fd7ac8133114a6a6c0be/2221/14172369/6/Honda-CR_V-2026.jpg'},{url:'https://imagescdn.d2cmedia.ca/cbb74d41fd78c1fd7ac8133114a6a6c0be/2221/14172369/7/Honda-CR_V-2026.jpg'},{url:'https://imagescdn.d2cmedia.ca/cbb74d41fd78c1fd7ac8133114a6a6c0be/2221/14172369/8/Honda-CR_V-2026.jpg'},{url:'https://imagescdn.d2cmedia.ca/cbb74d41fd78c1fd7ac8133114a6a6c0be/2221/14172369/9/Honda-CR_V-2026.jpg'}]",20,KM,https://www.number7honda.com/new/inventory/2026-Honda-CR_V-id14172369.html,2026 Honda CR-V 4dr Awd Lx at Number 7 Honda,43571 CAD,New,Red,,2221,Number 7 Honda,+1-905-851-2258,"{addr1: '5555 Highway 7 W', city: 'Woodbridge', region: 'Ontario', postal_code: 'L4L 1T5', country: 'CA'}",43.7900000000,-79.5980000000,,,,,https://www.number7honda.com/privacy-policy.html,New,2221,In stock,,43571 CAD,Free,
2HKRS4H23TH119280,2HKRS4H23TH119280,261892-new,Honda,CR-V,4dr Awd Lx,2026,AUTOMATIC,SUV,GASOLINE,,"2026 Honda CR-V 4dr Awd Lx, White exterior","[{url:'https://imagescdn.d2cmedia.ca/cb1d67e99c990acb5aef13fd9e9bcde973/2221/14200347/1/Honda-CR_V-2026.jpg'},{url:'https://imagescdn.d2cmedia.ca/s81d67e99c990acb5aef13fd9e9bcde973/2221/14200347/1/Honda-CR_V-2026.jpg'},{url:'https://imagescdn.d2cmedia.ca/cb1d67e99c990acb5aef13fd9e9bcde973/2221/14200347/2/Honda-CR_V-2026.jpg'},{url:'https://imagescdn.d2cmedia.ca/cb1d67e99c990acb5aef13fd9e9bcde973/2221/14200347/3/Honda-CR_V-2026.jpg'},{url:'https://imagescdn.d2cmedia.ca/cb1d67e99c990acb5aef13fd9e9bcde973/2221/14200347/4/Honda-CR_V-2026.jpg'},{url:'https://imagescdn.d2cmedia.ca/cb1d67e99c990acb5aef13fd9e9bcde973/2221/14200347/5/Honda-CR_V-2026.jpg'},{url:'https://imagescdn.d2cmedia.ca/cb1d67e99c990acb5aef13fd9e9bcde973/2221/14200347/6/Honda-CR_V-2026.jpg'},{url:'https://imagescdn.d2cmedia.ca/cb1d67e99c990acb5aef13fd9e9bcde973/2221/14200347/7/Honda-CR_V-2026.jpg'},{url:'https://imagescdn.d2cmedia.ca/cb1d67e99c990acb5aef13fd9e9bcde973/2221/14200347/8/Honda-CR_V-2026.jpg'},{url:'https://imagescdn.d2cmedia.ca/cb1d67e99c990acb5aef13fd9e9bcde973/2221/14200347/9/Honda-CR_V-2026.jpg'}]",20,KM,https://www.number7honda.com/new/inventory/2026-Honda-CR_V-id14200347.html,2026 Honda CR-V 4dr Awd Lx at Number 7 Honda,43571 CAD,New,White,,2221,Number 7 Honda,+1-905-851-2258,"{addr1: '5555 Highway 7 W', city: 'Woodbridge', region: 'Ontario', postal_code: 'L4L 1T5', country: 'CA'}",43.7900000000,-79.5980000000,,,,,https://www.number7honda.com/privacy-policy.html,New,2221,In stock,,43571 CAD,Free,
2HKRS4H24TH119109,2HKRS4H24TH119109,261893-new,Honda,CR-V,4dr Awd Lx,2026,AUTOMATIC,SUV,GASOLINE,,"2026 Honda CR-V 4dr Awd Lx, Black exterior","[{url:'https://imagescdn.d2cmedia.ca/cbfd930aed5ca6a8f73e9d2f998d2ffd2a/2221/14200348/1/Honda-CR_V-2026.jpg'},{url:'https://imagescdn.d2cmedia.ca/s8fd930aed5ca6a8f73e9d2f998d2ffd2a/2221/14200348/1/Honda-CR_V-2026.jpg'},{url:'https://imagescdn.d2cmedia.ca/cbfd930aed5ca6a8f73e9d2f998d2ffd2a/2221/14200348/2/Honda-CR_V-2026.jpg'},{url:'https://imagescdn.d2cmedia.ca/cbfd930aed5ca6a8f73e9d2f998d2ffd2a/2221/14200348/3/Honda-CR_V-2026.jpg'},{url:'https://imagescdn.d2cmedia.ca/cbfd930aed5ca6a8f73e9d2f998d2ffd2a/2221/14200348/4/Honda-CR_V-2026.jpg'},{url:'https://imagescdn.d2cmedia.ca/cbfd930aed5ca6a8f73e9d2f998d2ffd2a/2221/14200348/5/Honda-CR_V-2026.jpg'},{url:'https://imagescdn.d2cmedia.ca/cbfd930aed5ca6a8f73e9d2f998d2ffd2a/2221/14200348/6/Honda-CR_V-2026.jpg'},{url:'https://imagescdn.d2cmedia.ca/cbfd930aed5ca6a8f73e9d2f998d2ffd2a/2221/14200348/7/Honda-CR_V-2026.jpg'},{url:'https://imagescdn.d2cmedia.ca/cbfd930aed5ca6a8f73e9d2f998d2ffd2a/2221/14200348/8/Honda-CR_V-2026.jpg'},{url:'https://imagescdn.d2cmedia.ca/cbfd930aed5ca6a8f73e9d2f998d2ffd2a/2221/14200348/9/Honda-CR_V-2026.jpg'}]",20,KM,https://www.number7honda.com/new/inventory/2026-Honda-CR_V-id14200348.html,2026 Honda CR-V 4dr Awd Lx at Number 7 Honda,43571 CAD,New,Black,,2221,Number 7 Honda,+1-905-851-2258,"{addr1: '5555 Highway 7 W', city: 'Woodbridge', region: 'Ontario', postal_code: 'L4L 1T5', country: 'CA'}",43.7900000000,-79.5980000000,,,,,https://www.number7honda.com/privacy-policy.html,New,2221,In stock,,43571 CAD,Free,
2HKRS4H22TH119108,2HKRS4H22TH119108,261894-new,Honda,CR-V,4dr Awd Lx,2026,AUTOMATIC,SUV,GASOLINE,,"2026 Honda CR-V 4dr Awd Lx, Black exterior","[{url:'https://imagescdn.d2cmedia.ca/cb9d64f4f41d65072818a3b05e79a17be7/2221/14200349/1/Honda-CR_V-2026.jpg'},{url:'https://imagescdn.d2cmedia.ca/s89d64f4f41d65072818a3b05e79a17be7/2221/14200349/1/Honda-CR_V-2026.jpg'},{url:'https://imagescdn.d2cmedia.ca/cb9d64f4f41d65072818a3b05e79a17be7/2221/14200349/2/Honda-CR_V-2026.jpg'},{url:'https://imagescdn.d2cmedia.ca/cb9d64f4f41d65072818a3b05e79a17be7/2221/14200349/3/Honda-CR_V-2026.jpg'},{url:'https://imagescdn.d2cmedia.ca/cb9d64f4f41d65072818a3b05e79a17be7/2221/14200349/4/Honda-CR_V-2026.jpg'},{url:'https://imagescdn.d2cmedia.ca/cb9d64f4f41d65072818a3b05e79a17be7/2221/14200349/5/Honda-CR_V-2026.jpg'},{url:'https://imagescdn.d2cmedia.ca/cb9d64f4f41d65072818a3b05e79a17be7/2221/14200349/6/Honda-CR_V-2026.jpg'},{url:'https://imagescdn.d2cmedia.ca/cb9d64f4f41d65072818a3b05e79a17be7/2221/14200349/7/Honda-CR_V-2026.jpg'},{url:'https://imagescdn.d2cmedia.ca/cb9d64f4f41d65072818a3b05e79a17be7/2221/14200349/8/Honda-CR_V-2026.jpg'},{url:'https://imagescdn.d2cmedia.ca/cb9d64f4f41d65072818a3b05e79a17be7/2221/14200349/9/Honda-CR_V-2026.jpg'}]",20,KM,https://www.number7honda.com/new/inventory/2026-Honda-CR_V-id14200349.html,2026 Honda CR-V 4dr Awd Lx at Number 7 Honda,43571 CAD,New,Black,,2221,Number 7 Honda,+1-905-851-2258,"{addr1: '5555 Highway 7 W', city: 'Woodbridge', region: 'Ontario', postal_code: 'L4L 1T5', country: 'CA'}",43.7900000000,-79.5980000000,,,,,https://www.number7honda.com/privacy-policy.html,New,2221,In stock,,43571 CAD,Free,
2HKRS4H27TH119704,2HKRS4H27TH119704,261940-new,Honda,CR-V,4dr Awd Lx,2026,AUTOMATIC,SUV,GASOLINE,,"2026 Honda CR-V 4dr Awd Lx, White exterior","[{url:'https://imagescdn.d2cmedia.ca/cb2b60df3ed9b9a0c4b9a7f3378f60b130/2221/14226048/1/Honda-CR_V-2026.jpg'},{url:'https://imagescdn.d2cmedia.ca/s82b60df3ed9b9a0c4b9a7f3378f60b130/2221/14226048/1/Honda-CR_V-2026.jpg'},{url:'https://imagescdn.d2cmedia.ca/cb2b60df3ed9b9a0c4b9a7f3378f60b130/2221/14226048/2/Honda-CR_V-2026.jpg'},{url:'https://imagescdn.d2cmedia.ca/cb2b60df3ed9b9a0c4b9a7f3378f60b130/2221/14226048/3/Honda-CR_V-2026.jpg'},{url:'https://imagescdn.d2cmedia.ca/cb2b60df3ed9b9a0c4b9a7f3378f60b130/2221/14226048/4/Honda-CR_V-2026.jpg'},{url:'https://imagescdn.d2cmedia.ca/cb2b60df3ed9b9a0c4b9a7f3378f60b130/2221/14226048/5/Honda-CR_V-2026.jpg'},{url:'https://imagescdn.d2cmedia.ca/cb2b60df3ed9b9a0c4b9a7f3378f60b130/2221/14226048/6/Honda-CR_V-2026.jpg'},{url:'https://imagescdn.d2cmedia.ca/cb2b60df3ed9b9a0c4b9a7f3378f60b130/2221/14226048/7/Honda-CR_V-2026.jpg'},{url:'https://imagescdn.d2cmedia.ca/cb2b60df3ed9b9a0c4b9a7f3378f60b130/2221/14226048/8/Honda-CR_V-2026.jpg'},{url:'https://imagescdn.d2cmedia.ca/cb2b60df3ed9b9a0c4b9a7f3378f60b130/2221/14226048/9/Honda-CR_V-2026.jpg'}]",20,KM,https://www.number7honda.com/new/inventory/2026-Honda-CR_V-id14226048.html,2026 Honda CR-V 4dr Awd Lx at Number 7 Honda,43571 CAD,New,White,,2221,Number 7 Honda,+1-905-851-2258,"{addr1: '5555 Highway 7 W', city: 'Woodbridge', region: 'Ontario', postal_code: 'L4L 1T5', country: 'CA'}",43.7900000000,-79.5980000000,,,,,https://www.number7honda.com/privacy-policy.html,New,2221,In stock,,43571 CAD,Free,
2HKRS4H27TH119959,2HKRS4H27TH119959,261948-new,Honda,CR-V,4dr Awd Lx,2026,AUTOMATIC,SUV,GASOLINE,,"2026 Honda CR-V 4dr Awd Lx, Black exterior","[{url:'https://imagescdn.d2cmedia.ca/cb68bd9023ddef837edeea111dcd8989a0/2221/14237389/1/Honda-CR_V-2026.jpg'},{url:'https://imagescdn.d2cmedia.ca/s868bd9023ddef837edeea111dcd8989a0/2221/14237389/1/Honda-CR_V-2026.jpg'},{url:'https://imagescdn.d2cmedia.ca/cb68bd9023ddef837edeea111dcd8989a0/2221/14237389/2/Honda-CR_V-2026.jpg'},{url:'https://imagescdn.d2cmedia.ca/cb68bd9023ddef837edeea111dcd8989a0/2221/14237389/3/Honda-CR_V-2026.jpg'},{url:'https://imagescdn.d2cmedia.ca/cb68bd9023ddef837edeea111dcd8989a0/2221/14237389/4/Honda-CR_V-2026.jpg'},{url:'https://imagescdn.d2cmedia.ca/cb68bd9023ddef837edeea111dcd8989a0/2221/14237389/5/Honda-CR_V-2026.jpg'},{url:'https://imagescdn.d2cmedia.ca/cb68bd9023ddef837edeea111dcd8989a0/2221/14237389/6/Honda-CR_V-2026.jpg'},{url:'https://imagescdn.d2cmedia.ca/cb68bd9023ddef837edeea111dcd8989a0/2221/14237389/7/Honda-CR_V-2026.jpg'},{url:'https://imagescdn.d2cmedia.ca/cb68bd9023ddef837edeea111dcd8989a0/2221/14237389/8/Honda-CR_V-2026.jpg'},{url:'https://imagescdn.d2cmedia.ca/cb68bd9023ddef837edeea111dcd8989a0/2221/14237389/9/Honda-CR_V-2026.jpg'}]",20,KM,https://www.number7honda.com/new/inventory/2026-Honda-CR_V-id14237389.html,2026 Honda CR-V 4dr Awd Lx at Number 7 Honda,43571 CAD,New,Black,,2221,Number 7 Honda,+1-905-851-2258,"{addr1: '5555 Highway 7 W', city: 'Woodbridge', region: 'Ontario', postal_code: 'L4L 1T5', country: 'CA'}",43.7900000000,-79.5980000000,,,,,https://www.number7honda.com/privacy-policy.html,New,2221,In stock,,43571 CAD,Free,
2HKRS4H28TH120294,2HKRS4H28TH120294,261972-new,Honda,CR-V,4dr Awd Lx,2026,AUTOMATIC,SUV,GASOLINE,,"2026 Honda CR-V 4dr Awd Lx, SOLAR REFLECTIO exterior","[{url:'https://imagescdn.d2cmedia.ca/cb3d04cebe07966d72cc322dde919650af/2221/14279873/1/Honda-CR_V-2026.jpg'},{url:'https://imagescdn.d2cmedia.ca/s83d04cebe07966d72cc322dde919650af/2221/14279873/1/Honda-CR_V-2026.jpg'},{url:'https://imagescdn.d2cmedia.ca/cb3d04cebe07966d72cc322dde919650af/2221/14279873/2/Honda-CR_V-2026.jpg'},{url:'https://imagescdn.d2cmedia.ca/cb3d04cebe07966d72cc322dde919650af/2221/14279873/3/Honda-CR_V-2026.jpg'},{url:'https://imagescdn.d2cmedia.ca/cb3d04cebe07966d72cc322dde919650af/2221/14279873/4/Honda-CR_V-2026.jpg'},{url:'https://imagescdn.d2cmedia.ca/cb3d04cebe07966d72cc322dde919650af/2221/14279873/5/Honda-CR_V-2026.jpg'},{url:'https://imagescdn.d2cmedia.ca/cb3d04cebe07966d72cc322dde919650af/2221/14279873/6/Honda-CR_V-2026.jpg'},{url:'https://imagescdn.d2cmedia.ca/cb3d04cebe07966d72cc322dde919650af/2221/14279873/7/Honda-CR_V-2026.jpg'},{url:'https://imagescdn.d2cmedia.ca/cb3d04cebe07966d72cc322dde919650af/2221/14279873/8/Honda-CR_V-2026.jpg'},{url:'https://imagescdn.d2cmedia.ca/cb3d04cebe07966d72cc322dde919650af/2221/14279873/9/Honda-CR_V-2026.jpg'}]",20,KM,https://www.number7honda.com/new/inventory/2026-Honda-CR_V-id14279873.html,2026 Honda CR-V 4dr Awd Lx at Number 7 Honda,43571 CAD,New,SOLAR REFLECTIO,,2221,Number 7 Honda,+1-905-851-2258,"{addr1: '5555 Highway 7 W', city: 'Woodbridge', region: 'Ontario', postal_code: 'L4L 1T5', country: 'CA'}",43.7900000000,-79.5980000000,,,,,https://www.number7honda.com/privacy-policy.html,New,2221,In stock,,43571 CAD,Free,
2HKRS4H20TH119947,2HKRS4H20TH119947,262035-new,Honda,CR-V,4dr Awd Lx,2026,AUTOMATIC,SUV,GASOLINE,,"2026 Honda CR-V 4dr Awd Lx, Black exterior","[{url:'https://imagescdn.d2cmedia.ca/cb29d78a38f9fe3557a55df1ff79418e2b/2221/14346618/1/Honda-CR_V-2026.jpg'},{url:'https://imagescdn.d2cmedia.ca/s829d78a38f9fe3557a55df1ff79418e2b/2221/14346618/1/Honda-CR_V-2026.jpg'},{url:'https://imagescdn.d2cmedia.ca/cb29d78a38f9fe3557a55df1ff79418e2b/2221/14346618/2/Honda-CR_V-2026.jpg'},{url:'https://imagescdn.d2cmedia.ca/cb29d78a38f9fe3557a55df1ff79418e2b/2221/14346618/3/Honda-CR_V-2026.jpg'},{url:'https://imagescdn.d2cmedia.ca/cb29d78a38f9fe3557a55df1ff79418e2b/2221/14346618/4/Honda-CR_V-2026.jpg'},{url:'https://imagescdn.d2cmedia.ca/cb29d78a38f9fe3557a55df1ff79418e2b/2221/14346618/5/Honda-CR_V-2026.jpg'},{url:'https://imagescdn.d2cmedia.ca/cb29d78a38f9fe3557a55df1ff79418e2b/2221/14346618/6/Honda-CR_V-2026.jpg'},{url:'https://imagescdn.d2cmedia.ca/cb29d78a38f9fe3557a55df1ff79418e2b/2221/14346618/7/Honda-CR_V-2026.jpg'},{url:'https://imagescdn.d2cmedia.ca/cb29d78a38f9fe3557a55df1ff79418e2b/2221/14346618/8/Honda-CR_V-2026.jpg'},{url:'https://imagescdn.d2cmedia.ca/cb29d78a38f9fe3557a55df1ff79418e2b/2221/14346618/9/Honda-CR_V-2026.jpg'}]",20,KM,https://www.number7honda.com/new/inventory/2026-Honda-CR_V-id14346618.html,2026 Honda CR-V 4dr Awd Lx at Number 7 Honda,43571 CAD,New,Black,,2221,Number 7 Honda,+1-905-851-2258,"{addr1: '5555 Highway 7 W', city: 'Woodbridge', region: 'Ontario', postal_code: 'L4L 1T5', country: 'CA'}",43.7900000000,-79.5980000000,,,,,https://www.number7honda.com/privacy-policy.html,New,2221,In stock,,43571 CAD,Free,
2HKRS4H52TH116929,2HKRS4H52TH116929,261737-new,Honda,CR-V,4dr Awd Sport,2026,AUTOMATIC,SUV,GASOLINE,,"2026 Honda CR-V 4dr Awd Sport, Black exterior","[{url:'https://imagescdn.d2cmedia.ca/cb33bef85a26eed5b5d506330f051c68bf/2221/14012842/1/Honda-CR_V-2026.jpg'},{url:'https://imagescdn.d2cmedia.ca/s833bef85a26eed5b5d506330f051c68bf/2221/14012842/1/Honda-CR_V-2026.jpg'},{url:'https://imagescdn.d2cmedia.ca/cb33bef85a26eed5b5d506330f051c68bf/2221/14012842/2/Honda-CR_V-2026.jpg'},{url:'https://imagescdn.d2cmedia.ca/cb33bef85a26eed5b5d506330f051c68bf/2221/14012842/3/Honda-CR_V-2026.jpg'},{url:'https://imagescdn.d2cmedia.ca/cb33bef85a26eed5b5d506330f051c68bf/2221/14012842/4/Honda-CR_V-2026.jpg'},{url:'https://imagescdn.d2cmedia.ca/cb33bef85a26eed5b5d506330f051c68bf/2221/14012842/5/Honda-CR_V-2026.jpg'},{url:'https://imagescdn.d2cmedia.ca/cb33bef85a26eed5b5d506330f051c68bf/2221/14012842/6/Honda-CR_V-2026.jpg'},{url:'https://imagescdn.d2cmedia.ca/cb33bef85a26eed5b5d506330f051c68bf/2221/14012842/7/Honda-CR_V-2026.jpg'},{url:'https://imagescdn.d2cmedia.ca/cb33bef85a26eed5b5d506330f051c68bf/2221/14012842/8/Honda-CR_V-2026.jpg'},{url:'https://imagescdn.d2cmedia.ca/cb33bef85a26eed5b5d506330f051c68bf/2221/14012842/9/Honda-CR_V-2026.jpg'}]",0,KM,https://www.number7honda.com/new/inventory/2026-Honda-CR_V-id14012842.html,2026 Honda CR-V 4dr Awd Sport at Number 7 Honda,47171 CAD,New,Black,,2221,Number 7 Honda,+1-905-851-2258,"{addr1: '5555 Highway 7 W', city: 'Woodbridge', region: 'Ontario', postal_code: 'L4L 1T5', country: 'CA'}",43.7900000000,-79.5980000000,,,,,https://www.number7honda.com/privacy-policy.html,New,2221,In stock,,47171 CAD,Free,
2HKRS4H59TH118564,2HKRS4H59TH118564,261848-new,Honda,CR-V,4dr Awd Sport,2026,AUTOMATIC,SUV,GASOLINE,,"2026 Honda CR-V 4dr Awd Sport, Red exterior","[{url:'https://imagescdn.d2cmedia.ca/cbcf5e8f80eb36d2ba52a89b7c56086e4a/2221/14172371/1/Honda-CR_V-2026.jpg'},{url:'https://imagescdn.d2cmedia.ca/s8cf5e8f80eb36d2ba52a89b7c56086e4a/2221/14172371/1/Honda-CR_V-2026.jpg'},{url:'https://imagescdn.d2cmedia.ca/cbcf5e8f80eb36d2ba52a89b7c56086e4a/2221/14172371/2/Honda-CR_V-2026.jpg'},{url:'https://imagescdn.d2cmedia.ca/cbcf5e8f80eb36d2ba52a89b7c56086e4a/2221/14172371/3/Honda-CR_V-2026.jpg'},{url:'https://imagescdn.d2cmedia.ca/cbcf5e8f80eb36d2ba52a89b7c56086e4a/2221/14172371/4/Honda-CR_V-2026.jpg'},{url:'https://imagescdn.d2cmedia.ca/cbcf5e8f80eb36d2ba52a89b7c56086e4a/2221/14172371/5/Honda-CR_V-2026.jpg'},{url:'https://imagescdn.d2cmedia.ca/cbcf5e8f80eb36d2ba52a89b7c56086e4a/2221/14172371/6/Honda-CR_V-2026.jpg'},{url:'https://imagescdn.d2cmedia.ca/cbcf5e8f80eb36d2ba52a89b7c56086e4a/2221/14172371/7/Honda-CR_V-2026.jpg'},{url:'https://imagescdn.d2cmedia.ca/cbcf5e8f80eb36d2ba52a89b7c56086e4a/2221/14172371/8/Honda-CR_V-2026.jpg'},{url:'https://imagescdn.d2cmedia.ca/cbcf5e8f80eb36d2ba52a89b7c56086e4a/2221/14172371/9/Honda-CR_V-2026.jpg'}]",20,KM,https://www.number7honda.com/new/inventory/2026-Honda-CR_V-id14172371.html,2026 Honda CR-V 4dr Awd Sport at Number 7 Honda,47171 CAD,New,Red,,2221,Number 7 Honda,+1-905-851-2258,"{addr1: '5555 Highway 7 W', city: 'Woodbridge', region: 'Ontario', postal_code: 'L4L 1T5', country: 'CA'}",43.7900000000,-79.5980000000,,,,,https://www.number7honda.com/privacy-policy.html,New,2221,In stock,,47171 CAD,Free,
2HKRS4H53TH119340,2HKRS4H53TH119340,261902-new,Honda,CR-V,4dr Awd Sport,2026,AUTOMATIC,SUV,GASOLINE,,"2026 Honda CR-V 4dr Awd Sport, Black exterior","[{url:'https://imagescdn.d2cmedia.ca/cb6745b30037319fe654e3f94f33cdf0d8/2221/14200357/1/Honda-CR_V-2026.jpg'},{url:'https://imagescdn.d2cmedia.ca/s86745b30037319fe654e3f94f33cdf0d8/2221/14200357/1/Honda-CR_V-2026.jpg'},{url:'https://imagescdn.d2cmedia.ca/cb6745b30037319fe654e3f94f33cdf0d8/2221/14200357/2/Honda-CR_V-2026.jpg'},{url:'https://imagescdn.d2cmedia.ca/cb6745b30037319fe654e3f94f33cdf0d8/2221/14200357/3/Honda-CR_V-2026.jpg'},{url:'https://imagescdn.d2cmedia.ca/cb6745b30037319fe654e3f94f33cdf0d8/2221/14200357/4/Honda-CR_V-2026.jpg'},{url:'https://imagescdn.d2cmedia.ca/cb6745b30037319fe654e3f94f33cdf0d8/2221/14200357/5/Honda-CR_V-2026.jpg'},{url:'https://imagescdn.d2cmedia.ca/cb6745b30037319fe654e3f94f33cdf0d8/2221/14200357/6/Honda-CR_V-2026.jpg'},{url:'https://imagescdn.d2cmedia.ca/cb6745b30037319fe654e3f94f33cdf0d8/2221/14200357/7/Honda-CR_V-2026.jpg'},{url:'https://imagescdn.d2cmedia.ca/cb6745b30037319fe654e3f94f33cdf0d8/2221/14200357/8/Honda-CR_V-2026.jpg'},{url:'https://imagescdn.d2cmedia.ca/cb6745b30037319fe654e3f94f33cdf0d8/2221/14200357/9/Honda-CR_V-2026.jpg'}]",20,KM,https://www.number7honda.com/new/inventory/2026-Honda-CR_V-id14200357.html,2026 Honda CR-V 4dr Awd Sport at Number 7 Honda,47171 CAD,New,Black,,2221,Number 7 Honda,+1-905-851-2258,"{addr1: '5555 Highway 7 W', city: 'Woodbridge', region: 'Ontario', postal_code: 'L4L 1T5', country: 'CA'}",43.7900000000,-79.5980000000,,,,,https://www.number7honda.com/privacy-policy.html,New,2221,In stock,,47171 CAD,Free,
2HKRS4H59TH119360,2HKRS4H59TH119360,261903-new,Honda,CR-V,4dr Awd Sport,2026,AUTOMATIC,SUV,GASOLINE,,"2026 Honda CR-V 4dr Awd Sport, Black exterior","[{url:'https://imagescdn.d2cmedia.ca/cb7307a27b65e029418545eaa67c900ecb/2221/14200358/1/Honda-CR_V-2026.jpg'},{url:'https://imagescdn.d2cmedia.ca/s87307a27b65e029418545eaa67c900ecb/2221/14200358/1/Honda-CR_V-2026.jpg'},{url:'https://imagescdn.d2cmedia.ca/cb7307a27b65e029418545eaa67c900ecb/2221/14200358/2/Honda-CR_V-2026.jpg'},{url:'https://imagescdn.d2cmedia.ca/cb7307a27b65e029418545eaa67c900ecb/2221/14200358/3/Honda-CR_V-2026.jpg'},{url:'https://imagescdn.d2cmedia.ca/cb7307a27b65e029418545eaa67c900ecb/2221/14200358/4/Honda-CR_V-2026.jpg'},{url:'https://imagescdn.d2cmedia.ca/cb7307a27b65e029418545eaa67c900ecb/2221/14200358/5/Honda-CR_V-2026.jpg'},{url:'https://imagescdn.d2cmedia.ca/cb7307a27b65e029418545eaa67c900ecb/2221/14200358/6/Honda-CR_V-2026.jpg'},{url:'https://imagescdn.d2cmedia.ca/cb7307a27b65e029418545eaa67c900ecb/2221/14200358/7/Honda-CR_V-2026.jpg'},{url:'https://imagescdn.d2cmedia.ca/cb7307a27b65e029418545eaa67c900ecb/2221/14200358/8/Honda-CR_V-2026.jpg'},{url:'https://imagescdn.d2cmedia.ca/cb7307a27b65e029418545eaa67c900ecb/2221/14200358/9/Honda-CR_V-2026.jpg'}]",20,KM,https://www.number7honda.com/new/inventory/2026-Honda-CR_V-id14200358.html,2026 Honda CR-V 4dr Awd Sport at Number 7 Honda,47171 CAD,New,Black,,2221,Number 7 Honda,+1-905-851-2258,"{addr1: '5555 Highway 7 W', city: 'Woodbridge', region: 'Ontario', postal_code: 'L4L 1T5', country: 'CA'}",43.7900000000,-79.5980000000,,,,,https://www.number7honda.com/privacy-policy.html,New,2221,In stock,,47171 CAD,Free,
2HKRS4H5XTH119786,2HKRS4H5XTH119786,261947-new,Honda,CR-V,4dr Awd Sport,2026,AUTOMATIC,SUV,GASOLINE,,"2026 Honda CR-V 4dr Awd Sport, Red exterior","[{url:'https://imagescdn.d2cmedia.ca/cb85838f59998e31ebed98171ca0fe2152/2221/14237388/1/Honda-CR_V-2026.jpg'},{url:'https://imagescdn.d2cmedia.ca/s885838f59998e31ebed98171ca0fe2152/2221/14237388/1/Honda-CR_V-2026.jpg'},{url:'https://imagescdn.d2cmedia.ca/cb85838f59998e31ebed98171ca0fe2152/2221/14237388/2/Honda-CR_V-2026.jpg'},{url:'https://imagescdn.d2cmedia.ca/cb85838f59998e31ebed98171ca0fe2152/2221/14237388/3/Honda-CR_V-2026.jpg'},{url:'https://imagescdn.d2cmedia.ca/cb85838f59998e31ebed98171ca0fe2152/2221/14237388/4/Honda-CR_V-2026.jpg'},{url:'https://imagescdn.d2cmedia.ca/cb85838f59998e31ebed98171ca0fe2152/2221/14237388/5/Honda-CR_V-2026.jpg'},{url:'https://imagescdn.d2cmedia.ca/cb85838f59998e31ebed98171ca0fe2152/2221/14237388/6/Honda-CR_V-2026.jpg'},{url:'https://imagescdn.d2cmedia.ca/cb85838f59998e31ebed98171ca0fe2152/2221/14237388/7/Honda-CR_V-2026.jpg'},{url:'https://imagescdn.d2cmedia.ca/cb85838f59998e31ebed98171ca0fe2152/2221/14237388/8/Honda-CR_V-2026.jpg'},{url:'https://imagescdn.d2cmedia.ca/cb85838f59998e31ebed98171ca0fe2152/2221/14237388/9/Honda-CR_V-2026.jpg'}]",20,KM,https://www.number7honda.com/new/inventory/2026-Honda-CR_V-id14237388.html,2026 Honda CR-V 4dr Awd Sport at Number 7 Honda,47171 CAD,New,Red,,2221,Number 7 Honda,+1-905-851-2258,"{addr1: '5555 Highway 7 W', city: 'Woodbridge', region: 'Ontario', postal_code: 'L4L 1T5', country: 'CA'}",43.7900000000,-79.5980000000,,,,,https://www.number7honda.com/privacy-policy.html,New,2221,In stock,,47171 CAD,Free,
2HKRS4H58TH120354,2HKRS4H58TH120354,261952-new,Honda,CR-V,4dr Awd Sport,2026,AUTOMATIC,SUV,GASOLINE,,"2026 Honda CR-V 4dr Awd Sport, Black exterior","[{url:'https://imagescdn.d2cmedia.ca/cbee087ba0f3ad8bb7ae8a3f251fd9451e/2221/14261896/1/Honda-CR_V-2026.jpg'},{url:'https://imagescdn.d2cmedia.ca/s8ee087ba0f3ad8bb7ae8a3f251fd9451e/2221/14261896/1/Honda-CR_V-2026.jpg'},{url:'https://imagescdn.d2cmedia.ca/cbee087ba0f3ad8bb7ae8a3f251fd9451e/2221/14261896/2/Honda-CR_V-2026.jpg'},{url:'https://imagescdn.d2cmedia.ca/cbee087ba0f3ad8bb7ae8a3f251fd9451e/2221/14261896/3/Honda-CR_V-2026.jpg'},{url:'https://imagescdn.d2cmedia.ca/cbee087ba0f3ad8bb7ae8a3f251fd9451e/2221/14261896/4/Honda-CR_V-2026.jpg'},{url:'https://imagescdn.d2cmedia.ca/cbee087ba0f3ad8bb7ae8a3f251fd9451e/2221/14261896/5/Honda-CR_V-2026.jpg'},{url:'https://imagescdn.d2cmedia.ca/cbee087ba0f3ad8bb7ae8a3f251fd9451e/2221/14261896/6/Honda-CR_V-2026.jpg'},{url:'https://imagescdn.d2cmedia.ca/cbee087ba0f3ad8bb7ae8a3f251fd9451e/2221/14261896/7/Honda-CR_V-2026.jpg'},{url:'https://imagescdn.d2cmedia.ca/cbee087ba0f3ad8bb7ae8a3f251fd9451e/2221/14261896/8/Honda-CR_V-2026.jpg'},{url:'https://imagescdn.d2cmedia.ca/cbee087ba0f3ad8bb7ae8a3f251fd9451e/2221/14261896/9/Honda-CR_V-2026.jpg'}]",20,KM,https://www.number7honda.com/new/inventory/2026-Honda-CR_V-id14261896.html,2026 Honda CR-V 4dr Awd Sport at Number 7 Honda,47171 CAD,New,Black,,2221,Number 7 Honda,+1-905-851-2258,"{addr1: '5555 Highway 7 W', city: 'Woodbridge', region: 'Ontario', postal_code: 'L4L 1T5', country: 'CA'}",43.7900000000,-79.5980000000,,,,,https://www.number7honda.com/privacy-policy.html,New,2221,In stock,,47171 CAD,Free,
2HKRS4H55TH120358,2HKRS4H55TH120358,261957-new,Honda,CR-V,4dr Awd Sport,2026,AUTOMATIC,SUV,GASOLINE,,"2026 Honda CR-V 4dr Awd Sport, Black exterior","[{url:'https://imagescdn.d2cmedia.ca/cbc5476c2d92033beaa3f24dbd2858e2aa/2221/14261901/1/Honda-CR_V-2026.jpg'},{url:'https://imagescdn.d2cmedia.ca/s8c5476c2d92033beaa3f24dbd2858e2aa/2221/14261901/1/Honda-CR_V-2026.jpg'},{url:'https://imagescdn.d2cmedia.ca/cbc5476c2d92033beaa3f24dbd2858e2aa/2221/14261901/2/Honda-CR_V-2026.jpg'},{url:'https://imagescdn.d2cmedia.ca/cbc5476c2d92033beaa3f24dbd2858e2aa/2221/14261901/3/Honda-CR_V-2026.jpg'},{url:'https://imagescdn.d2cmedia.ca/cbc5476c2d92033beaa3f24dbd2858e2aa/2221/14261901/4/Honda-CR_V-2026.jpg'},{url:'https://imagescdn.d2cmedia.ca/cbc5476c2d92033beaa3f24dbd2858e2aa/2221/14261901/5/Honda-CR_V-2026.jpg'},{url:'https://imagescdn.d2cmedia.ca/cbc5476c2d92033beaa3f24dbd2858e2aa/2221/14261901/6/Honda-CR_V-2026.jpg'},{url:'https://imagescdn.d2cmedia.ca/cbc5476c2d92033beaa3f24dbd2858e2aa/2221/14261901/7/Honda-CR_V-2026.jpg'},{url:'https://imagescdn.d2cmedia.ca/cbc5476c2d92033beaa3f24dbd2858e2aa/2221/14261901/8/Honda-CR_V-2026.jpg'},{url:'https://imagescdn.d2cmedia.ca/cbc5476c2d92033beaa3f24dbd2858e2aa/2221/14261901/9/Honda-CR_V-2026.jpg'}]",20,KM,https://www.number7honda.com/new/inventory/2026-Honda-CR_V-id14261901.html,2026 Honda CR-V 4dr Awd Sport at Number 7 Honda,47171 CAD,New,Black,,2221,Number 7 Honda,+1-905-851-2258,"{addr1: '5555 Highway 7 W', city: 'Woodbridge', region: 'Ontario', postal_code: 'L4L 1T5', country: 'CA'}",43.7900000000,-79.5980000000,,,,,https://www.number7honda.com/privacy-policy.html,New,2221,In stock,,47171 CAD,Free,
2HKRS4H57VH101698,2HKRS4H57VH101698,27129-new,Honda,CR-V,Sport AWD,2027,AUTOMATIC,SUV,GASOLINE,AWD,"2027 Honda CR-V Sport AWD, White exterior, All-wheel drive","[{url:'https://carimages.d2cmedia.ca/newcarimages/en/cb6abe815d16bd4/Honda/CR-V/2027/1200/490900-U3BvcnQgQVdE/white/front45.png'},{url:'https://carimages.d2cmedia.ca/newcarimages/fr/cb6abe815d16bd4/Honda/CR-V/2027/640/490900-U3BvcnQgQVdE/white/front_45_degree.png'},{url:'https://carimages.d2cmedia.ca/newcarimages/fr/cb6abe815d16bd4/Honda/CR-V/2027/2100/490900-U3BvcnQgQVdE/white/front_45_degree.png'}]",20,KM,https://www.number7honda.com/new/inventory/2027-Honda-CR_V-id14433016.html,2027 Honda CR-V Sport AWD at Number 7 Honda,47671 CAD,New,White,,2221,Number 7 Honda,+1-905-851-2258,"{addr1: '5555 Highway 7 W', city: 'Woodbridge', region: 'Ontario', postal_code: 'L4L 1T5', country: 'CA'}",43.7900000000,-79.5980000000,,,,,https://www.number7honda.com/privacy-policy.html,New,2221,In stock,,47671 CAD,Free,
1HGCY2F79TA801337,1HGCY2F79TA801337,261754-new,Honda,Accord Hybrid,4dr Sdn Ecvt Sport-L,2026,AUTOMATIC,SEDAN,HYBRID,,"2026 Honda Accord Hybrid 4dr Sdn Ecvt Sport-L, White exterior","[{url:'https://imagescdn.d2cmedia.ca/cbf50e24fe71e88a09cc0802cdd680e498/2221/14019846/1/Honda-Accord Hybrid-2026.jpg'},{url:'https://imagescdn.d2cmedia.ca/s8f50e24fe71e88a09cc0802cdd680e498/2221/14019846/1/Honda-Accord_Hybrid-2026.jpg'},{url:'https://imagescdn.d2cmedia.ca/cbf50e24fe71e88a09cc0802cdd680e498/2221/14019846/1/Honda-Accord_Hybrid-2026.jpg'},{url:'https://imagescdn.d2cmedia.ca/cbf50e24fe71e88a09cc0802cdd680e498/2221/14019846/2/Honda-Accord_Hybrid-2026.jpg'},{url:'https://imagescdn.d2cmedia.ca/cbf50e24fe71e88a09cc0802cdd680e498/2221/14019846/3/Honda-Accord_Hybrid-2026.jpg'},{url:'https://imagescdn.d2cmedia.ca/cbf50e24fe71e88a09cc0802cdd680e498/2221/14019846/4/Honda-Accord_Hybrid-2026.jpg'},{url:'https://imagescdn.d2cmedia.ca/cbf50e24fe71e88a09cc0802cdd680e498/2221/14019846/5/Honda-Accord_Hybrid-2026.jpg'},{url:'https://imagescdn.d2cmedia.ca/cbf50e24fe71e88a09cc0802cdd680e498/2221/14019846/6/Honda-Accord_Hybrid-2026.jpg'},{url:'https://imagescdn.d2cmedia.ca/cbf50e24fe71e88a09cc0802cdd680e498/2221/14019846/7/Honda-Accord_Hybrid-2026.jpg'},{url:'https://imagescdn.d2cmedia.ca/cbf50e24fe71e88a09cc0802cdd680e498/2221/14019846/8/Honda-Accord_Hybrid-2026.jpg'}]",0,KM,https://www.number7honda.com/new/inventory/2026-Honda-Accord_Hybrid-id14019846.html,2026 Honda Accord Hybrid 4dr Sdn Ecvt Sport-L at Number 7 Honda,47326 CAD,New,White,,2221,Number 7 Honda,+1-905-851-2258,"{addr1: '5555 Highway 7 W', city: 'Woodbridge', region: 'Ontario', postal_code: 'L4L 1T5', country: 'CA'}",43.7900000000,-79.5980000000,,,,,https://www.number7honda.com/privacy-policy.html,New,2221,In stock,,47326 CAD,Free,
1HGCY2F75TA801674,1HGCY2F75TA801674,261780-new,Honda,Accord Hybrid,4dr Ecvt Sport L,2026,AUTOMATIC,SEDAN,HYBRID,,"2026 Honda Accord Hybrid 4dr Ecvt Sport L, White exterior","[{url:'https://imagescdn.d2cmedia.ca/cb1c923c8511b60c906e883ed4feffe622/2221/14041431/1/Honda-Accord Hybrid-2026.jpg'},{url:'https://imagescdn.d2cmedia.ca/s81c923c8511b60c906e883ed4feffe622/2221/14041431/1/Honda-Accord_Hybrid-2026.jpg'},{url:'https://imagescdn.d2cmedia.ca/cb1c923c8511b60c906e883ed4feffe622/2221/14041431/1/Honda-Accord_Hybrid-2026.jpg'},{url:'https://imagescdn.d2cmedia.ca/cb1c923c8511b60c906e883ed4feffe622/2221/14041431/2/Honda-Accord_Hybrid-2026.jpg'},{url:'https://imagescdn.d2cmedia.ca/cb1c923c8511b60c906e883ed4feffe622/2221/14041431/3/Honda-Accord_Hybrid-2026.jpg'},{url:'https://imagescdn.d2cmedia.ca/cb1c923c8511b60c906e883ed4feffe622/2221/14041431/4/Honda-Accord_Hybrid-2026.jpg'},{url:'https://imagescdn.d2cmedia.ca/cb1c923c8511b60c906e883ed4feffe622/2221/14041431/5/Honda-Accord_Hybrid-2026.jpg'},{url:'https://imagescdn.d2cmedia.ca/cb1c923c8511b60c906e883ed4feffe622/2221/14041431/6/Honda-Accord_Hybrid-2026.jpg'},{url:'https://imagescdn.d2cmedia.ca/cb1c923c8511b60c906e883ed4feffe622/2221/14041431/7/Honda-Accord_Hybrid-2026.jpg'},{url:'https://imagescdn.d2cmedia.ca/cb1c923c8511b60c906e883ed4feffe622/2221/14041431/8/Honda-Accord_Hybrid-2026.jpg'}]",0,KM,https://www.number7honda.com/new/inventory/2026-Honda-Accord_Hybrid-id14041431.html,2026 Honda Accord Hybrid 4dr Ecvt Sport L at Number 7 Honda,47326 CAD,New,White,,2221,Number 7 Honda,+1-905-851-2258,"{addr1: '5555 Highway 7 W', city: 'Woodbridge', region: 'Ontario', postal_code: 'L4L 1T5', country: 'CA'}",43.7900000000,-79.5980000000,,,,,https://www.number7honda.com/privacy-policy.html,New,2221,In stock,,47326 CAD,Free,
1HGCY2F75TA801741,1HGCY2F75TA801741,261822-new,Honda,Accord Hybrid,4dr Sdn Ecvt Sport-L,2026,AUTOMATIC,SEDAN,HYBRID,,"2026 Honda Accord Hybrid 4dr Sdn Ecvt Sport-L, Black exterior","[{url:'https://imagescdn.d2cmedia.ca/cbde1859f5d561701a9ca4805ed942c928/2221/14116631/1/Honda-Accord Hybrid-2026.jpg'},{url:'https://imagescdn.d2cmedia.ca/s8de1859f5d561701a9ca4805ed942c928/2221/14116631/1/Honda-Accord_Hybrid-2026.jpg'},{url:'https://imagescdn.d2cmedia.ca/cbde1859f5d561701a9ca4805ed942c928/2221/14116631/1/Honda-Accord_Hybrid-2026.jpg'},{url:'https://imagescdn.d2cmedia.ca/cbde1859f5d561701a9ca4805ed942c928/2221/14116631/2/Honda-Accord_Hybrid-2026.jpg'},{url:'https://imagescdn.d2cmedia.ca/cbde1859f5d561701a9ca4805ed942c928/2221/14116631/3/Honda-Accord_Hybrid-2026.jpg'},{url:'https://imagescdn.d2cmedia.ca/cbde1859f5d561701a9ca4805ed942c928/2221/14116631/4/Honda-Accord_Hybrid-2026.jpg'},{url:'https://imagescdn.d2cmedia.ca/cbde1859f5d561701a9ca4805ed942c928/2221/14116631/5/Honda-Accord_Hybrid-2026.jpg'},{url:'https://imagescdn.d2cmedia.ca/cbde1859f5d561701a9ca4805ed942c928/2221/14116631/6/Honda-Accord_Hybrid-2026.jpg'},{url:'https://imagescdn.d2cmedia.ca/cbde1859f5d561701a9ca4805ed942c928/2221/14116631/7/Honda-Accord_Hybrid-2026.jpg'},{url:'https://imagescdn.d2cmedia.ca/cbde1859f5d561701a9ca4805ed942c928/2221/14116631/8/Honda-Accord_Hybrid-2026.jpg'}]",20,KM,https://www.number7honda.com/new/inventory/2026-Honda-Accord_Hybrid-id14116631.html,2026 Honda Accord Hybrid 4dr Sdn Ecvt Sport-L at Number 7 Honda,47326 CAD,New,Black,,2221,Number 7 Honda,+1-905-851-2258,"{addr1: '5555 Highway 7 W', city: 'Woodbridge', region: 'Ontario', postal_code: 'L4L 1T5', country: 'CA'}",43.7900000000,-79.5980000000,,,,,https://www.number7honda.com/privacy-policy.html,New,2221,In stock,,47326 CAD,Free,
1HGCY2F78TA802012,1HGCY2F78TA802012,261945-new,Honda,Accord Hybrid,4dr Sdn Ecvt Sport-L,2026,AUTOMATIC,SEDAN,HYBRID,,"2026 Honda Accord Hybrid 4dr Sdn Ecvt Sport-L, Black exterior","[{url:'https://imagescdn.d2cmedia.ca/cb0f481e801ed97285153a7700c673493f/2221/14237386/1/Honda-Accord Hybrid-2026.jpg'},{url:'https://imagescdn.d2cmedia.ca/s80f481e801ed97285153a7700c673493f/2221/14237386/1/Honda-Accord_Hybrid-2026.jpg'},{url:'https://imagescdn.d2cmedia.ca/cb0f481e801ed97285153a7700c673493f/2221/14237386/1/Honda-Accord_Hybrid-2026.jpg'},{url:'https://imagescdn.d2cmedia.ca/cb0f481e801ed97285153a7700c673493f/2221/14237386/2/Honda-Accord_Hybrid-2026.jpg'},{url:'https://imagescdn.d2cmedia.ca/cb0f481e801ed97285153a7700c673493f/2221/14237386/3/Honda-Accord_Hybrid-2026.jpg'},{url:'https://imagescdn.d2cmedia.ca/cb0f481e801ed97285153a7700c673493f/2221/14237386/4/Honda-Accord_Hybrid-2026.jpg'},{url:'https://imagescdn.d2cmedia.ca/cb0f481e801ed97285153a7700c673493f/2221/14237386/5/Honda-Accord_Hybrid-2026.jpg'},{url:'https://imagescdn.d2cmedia.ca/cb0f481e801ed97285153a7700c673493f/2221/14237386/6/Honda-Accord_Hybrid-2026.jpg'},{url:'https://imagescdn.d2cmedia.ca/cb0f481e801ed97285153a7700c673493f/2221/14237386/7/Honda-Accord_Hybrid-2026.jpg'},{url:'https://imagescdn.d2cmedia.ca/cb0f481e801ed97285153a7700c673493f/2221/14237386/8/Honda-Accord_Hybrid-2026.jpg'}]",20,KM,https://www.number7honda.com/new/inventory/2026-Honda-Accord_Hybrid-id14237386.html,2026 Honda Accord Hybrid 4dr Sdn Ecvt Sport-L at Number 7 Honda,47326 CAD,New,Black,,2221,Number 7 Honda,+1-905-851-2258,"{addr1: '5555 Highway 7 W', city: 'Woodbridge', region: 'Ontario', postal_code: 'L4L 1T5', country: 'CA'}",43.7900000000,-79.5980000000,,,,,https://www.number7honda.com/privacy-policy.html,New,2221,In stock,,47326 CAD,Free,
1HGCY2F72TA802121,1HGCY2F72TA802121,262041-new,Honda,Accord Hybrid,4dr Sdn Ecvt Sport-L,2026,AUTOMATIC,SEDAN,HYBRID,,"2026 Honda Accord Hybrid 4dr Sdn Ecvt Sport-L, White exterior","[{url:'https://imagescdn.d2cmedia.ca/cb41c64bcd0dc966bf21e21203499fdec3/2221/14379926/1/Honda-Accord Hybrid-2026.jpg'},{url:'https://imagescdn.d2cmedia.ca/s841c64bcd0dc966bf21e21203499fdec3/2221/14379926/1/Honda-Accord_Hybrid-2026.jpg'},{url:'https://imagescdn.d2cmedia.ca/cb41c64bcd0dc966bf21e21203499fdec3/2221/14379926/1/Honda-Accord_Hybrid-2026.jpg'},{url:'https://imagescdn.d2cmedia.ca/cb41c64bcd0dc966bf21e21203499fdec3/2221/14379926/2/Honda-Accord_Hybrid-2026.jpg'},{url:'https://imagescdn.d2cmedia.ca/cb41c64bcd0dc966bf21e21203499fdec3/2221/14379926/3/Honda-Accord_Hybrid-2026.jpg'},{url:'https://imagescdn.d2cmedia.ca/cb41c64bcd0dc966bf21e21203499fdec3/2221/14379926/4/Honda-Accord_Hybrid-2026.jpg'},{url:'https://imagescdn.d2cmedia.ca/cb41c64bcd0dc966bf21e21203499fdec3/2221/14379926/5/Honda-Accord_Hybrid-2026.jpg'},{url:'https://imagescdn.d2cmedia.ca/cb41c64bcd0dc966bf21e21203499fdec3/2221/14379926/6/Honda-Accord_Hybrid-2026.jpg'},{url:'https://imagescdn.d2cmedia.ca/cb41c64bcd0dc966bf21e21203499fdec3/2221/14379926/7/Honda-Accord_Hybrid-2026.jpg'},{url:'https://imagescdn.d2cmedia.ca/cb41c64bcd0dc966bf21e21203499fdec3/2221/14379926/8/Honda-Accord_Hybrid-2026.jpg'}]",20,KM,https://www.number7honda.com/new/inventory/2026-Honda-Accord_Hybrid-id14379926.html,2026 Honda Accord Hybrid 4dr Sdn Ecvt Sport-L at Number 7 Honda,47326 CAD,New,White,,2221,Number 7 Honda,+1-905-851-2258,"{addr1: '5555 Highway 7 W', city: 'Woodbridge', region: 'Ontario', postal_code: 'L4L 1T5', country: 'CA'}",43.7900000000,-79.5980000000,,,,,https://www.number7honda.com/privacy-policy.html,New,2221,In stock,,47326 CAD,Free,
1HGCY2F75TA802212,1HGCY2F75TA802212,262042-new,Honda,Accord Hybrid,4dr Sdn Ecvt Sport-L,2026,AUTOMATIC,SEDAN,HYBRID,,"2026 Honda Accord Hybrid 4dr Sdn Ecvt Sport-L, Black exterior","[{url:'https://imagescdn.d2cmedia.ca/cb17e042b538ddb5b4c30a3dc31b5850a9/2221/14379927/1/Honda-Accord Hybrid-2026.jpg'},{url:'https://imagescdn.d2cmedia.ca/s817e042b538ddb5b4c30a3dc31b5850a9/2221/14379927/1/Honda-Accord_Hybrid-2026.jpg'},{url:'https://imagescdn.d2cmedia.ca/cb17e042b538ddb5b4c30a3dc31b5850a9/2221/14379927/1/Honda-Accord_Hybrid-2026.jpg'},{url:'https://imagescdn.d2cmedia.ca/cb17e042b538ddb5b4c30a3dc31b5850a9/2221/14379927/2/Honda-Accord_Hybrid-2026.jpg'},{url:'https://imagescdn.d2cmedia.ca/cb17e042b538ddb5b4c30a3dc31b5850a9/2221/14379927/3/Honda-Accord_Hybrid-2026.jpg'},{url:'https://imagescdn.d2cmedia.ca/cb17e042b538ddb5b4c30a3dc31b5850a9/2221/14379927/4/Honda-Accord_Hybrid-2026.jpg'},{url:'https://imagescdn.d2cmedia.ca/cb17e042b538ddb5b4c30a3dc31b5850a9/2221/14379927/5/Honda-Accord_Hybrid-2026.jpg'},{url:'https://imagescdn.d2cmedia.ca/cb17e042b538ddb5b4c30a3dc31b5850a9/2221/14379927/6/Honda-Accord_Hybrid-2026.jpg'},{url:'https://imagescdn.d2cmedia.ca/cb17e042b538ddb5b4c30a3dc31b5850a9/2221/14379927/7/Honda-Accord_Hybrid-2026.jpg'},{url:'https://imagescdn.d2cmedia.ca/cb17e042b538ddb5b4c30a3dc31b5850a9/2221/14379927/8/Honda-Accord_Hybrid-2026.jpg'}]",20,KM,https://www.number7honda.com/new/inventory/2026-Honda-Accord_Hybrid-id14379927.html,2026 Honda Accord Hybrid 4dr Sdn Ecvt Sport-L at Number 7 Honda,47326 CAD,New,Black,,2221,Number 7 Honda,+1-905-851-2258,"{addr1: '5555 Highway 7 W', city: 'Woodbridge', region: 'Ontario', postal_code: 'L4L 1T5', country: 'CA'}",43.7900000000,-79.5980000000,,,,,https://www.number7honda.com/privacy-policy.html,New,2221,In stock,,47326 CAD,Free,
1HGCY2F70TA802229,1HGCY2F70TA802229,262061-new,Honda,Accord Hybrid,4dr Sdn Ecvt Sport-L,2026,AUTOMATIC,SEDAN,HYBRID,,"2026 Honda Accord Hybrid 4dr Sdn Ecvt Sport-L, Grey exterior","[{url:'https://carimages.d2cmedia.ca/newcarimages/en/cb6abe815d16bd4/Honda/Accord Hybrid/2026/1200/483347-NERSIFNETiBFQ1ZUIFNQT1JULUw/Gray/front45.png'},{url:'https://carimages.d2cmedia.ca/newcarimages/en/cb6abe815d16bd4/Honda/Accord Hybrid/2026/1280/483347/grey/front_45_degree.png'},{url:'https://carimages.d2cmedia.ca/newcarimages/en/cb6abe815d16bd4/Honda/Accord Hybrid/2026/2100/483347/grey/front_45_degree.png'},{url:'https://carimages.d2cmedia.ca/newcarimages/en/cb6abe815d16bd4/Honda/Accord Hybrid/2026/2100/483347/grey/profile.png'},{url:'https://carimages.d2cmedia.ca/newcarimages/en/cb6abe815d16bd4/Honda/Accord Hybrid/2026/2100/483347/grey/back_45_degree.png'},{url:'https://carimages.d2cmedia.ca/newcarimages/en/cb6abe815d16bd4/Honda/Accord Hybrid/2026/2100/483347/grey/driver_dashboard.png'},{url:'https://carimages.d2cmedia.ca/newcarimages/en/cb6abe815d16bd4/Honda/Accord Hybrid/2026/2100/483347/grey/full_dashboard.png'},{url:'https://carimages.d2cmedia.ca/newcarimages/en/cb6abe815d16bd4/Honda/Accord Hybrid/2026/2100/483347/grey/interior_driver_open_seat.png'},{url:'https://carimages.d2cmedia.ca/newcarimages/en/cb6abe815d16bd4/Honda/Accord Hybrid/2026/2100/483347/grey/interior_driver_stereo.png'},{url:'https://carimages.d2cmedia.ca/newcarimages/en/cb6abe815d16bd4/Honda/Accord Hybrid/2026/2100/483347/grey/interior_driver_reat_seats.png'}]",20,KM,https://www.number7honda.com/new/inventory/2026-Honda-Accord_Hybrid-id14392680.html,2026 Honda Accord Hybrid 4dr Sdn Ecvt Sport-L at Number 7 Honda,47326 CAD,New,Grey,,2221,Number 7 Honda,+1-905-851-2258,"{addr1: '5555 Highway 7 W', city: 'Woodbridge', region: 'Ontario', postal_code: 'L4L 1T5', country: 'CA'}",43.7900000000,-79.5980000000,,,,,https://www.number7honda.com/privacy-policy.html,New,2221,In stock,,47326 CAD,Free,
1HGCY2F85TA800405,1HGCY2F85TA800405,26953-new,Honda,Accord Hybrid,4dr Sdn Ecvt Touring,2026,AUTOMATIC,SEDAN,HYBRID,,"2026 Honda Accord Hybrid 4dr Sdn Ecvt Touring, White exterior","[{url:'https://imagescdn.d2cmedia.ca/cbc4076d1264982ba77683e9c6b6ee9910/2221/13468932/1/Honda-Accord Hybrid-2026.jpg'},{url:'https://imagescdn.d2cmedia.ca/s8c4076d1264982ba77683e9c6b6ee9910/2221/13468932/1/Honda-Accord_Hybrid-2026.jpg'},{url:'https://imagescdn.d2cmedia.ca/cbc4076d1264982ba77683e9c6b6ee9910/2221/13468932/1/Honda-Accord_Hybrid-2026.jpg'},{url:'https://imagescdn.d2cmedia.ca/cbc4076d1264982ba77683e9c6b6ee9910/2221/13468932/2/Honda-Accord_Hybrid-2026.jpg'},{url:'https://imagescdn.d2cmedia.ca/cbc4076d1264982ba77683e9c6b6ee9910/2221/13468932/3/Honda-Accord_Hybrid-2026.jpg'},{url:'https://imagescdn.d2cmedia.ca/cbc4076d1264982ba77683e9c6b6ee9910/2221/13468932/4/Honda-Accord_Hybrid-2026.jpg'},{url:'https://imagescdn.d2cmedia.ca/cbc4076d1264982ba77683e9c6b6ee9910/2221/13468932/5/Honda-Accord_Hybrid-2026.jpg'},{url:'https://imagescdn.d2cmedia.ca/cbc4076d1264982ba77683e9c6b6ee9910/2221/13468932/6/Honda-Accord_Hybrid-2026.jpg'},{url:'https://imagescdn.d2cmedia.ca/cbc4076d1264982ba77683e9c6b6ee9910/2221/13468932/7/Honda-Accord_Hybrid-2026.jpg'},{url:'https://imagescdn.d2cmedia.ca/cbc4076d1264982ba77683e9c6b6ee9910/2221/13468932/8/Honda-Accord_Hybrid-2026.jpg'}]",0,KM,https://www.number7honda.com/new/inventory/2026-Honda-Accord_Hybrid-id13468932.html,2026 Honda Accord Hybrid 4dr Sdn Ecvt Touring at Number 7 Honda,49826 CAD,New,White,,2221,Number 7 Honda,+1-905-851-2258,"{addr1: '5555 Highway 7 W', city: 'Woodbridge', region: 'Ontario', postal_code: 'L4L 1T5', country: 'CA'}",43.7900000000,-79.5980000000,,,,,https://www.number7honda.com/privacy-policy.html,New,2221,In stock,,49826 CAD,Free,
1HGCY2F89TA800410,1HGCY2F89TA800410,26954-new,Honda,Accord Hybrid,4dr Sdn Ecvt Touring,2026,AUTOMATIC,SEDAN,HYBRID,,"2026 Honda Accord Hybrid 4dr Sdn Ecvt Touring, White exterior","[{url:'https://imagescdn.d2cmedia.ca/cbbc7f8a9a225ede69ef4bfd1fc765345e/2221/13468933/1/Honda-Accord Hybrid-2026.jpg'},{url:'https://imagescdn.d2cmedia.ca/s8bc7f8a9a225ede69ef4bfd1fc765345e/2221/13468933/1/Honda-Accord_Hybrid-2026.jpg'},{url:'https://imagescdn.d2cmedia.ca/cbbc7f8a9a225ede69ef4bfd1fc765345e/2221/13468933/1/Honda-Accord_Hybrid-2026.jpg'},{url:'https://imagescdn.d2cmedia.ca/cbbc7f8a9a225ede69ef4bfd1fc765345e/2221/13468933/2/Honda-Accord_Hybrid-2026.jpg'},{url:'https://imagescdn.d2cmedia.ca/cbbc7f8a9a225ede69ef4bfd1fc765345e/2221/13468933/3/Honda-Accord_Hybrid-2026.jpg'},{url:'https://imagescdn.d2cmedia.ca/cbbc7f8a9a225ede69ef4bfd1fc765345e/2221/13468933/4/Honda-Accord_Hybrid-2026.jpg'},{url:'https://imagescdn.d2cmedia.ca/cbbc7f8a9a225ede69ef4bfd1fc765345e/2221/13468933/5/Honda-Accord_Hybrid-2026.jpg'},{url:'https://imagescdn.d2cmedia.ca/cbbc7f8a9a225ede69ef4bfd1fc765345e/2221/13468933/6/Honda-Accord_Hybrid-2026.jpg'},{url:'https://imagescdn.d2cmedia.ca/cbbc7f8a9a225ede69ef4bfd1fc765345e/2221/13468933/7/Honda-Accord_Hybrid-2026.jpg'},{url:'https://imagescdn.d2cmedia.ca/cbbc7f8a9a225ede69ef4bfd1fc765345e/2221/13468933/8/Honda-Accord_Hybrid-2026.jpg'}]",0,KM,https://www.number7honda.com/new/inventory/2026-Honda-Accord_Hybrid-id13468933.html,2026 Honda Accord Hybrid 4dr Sdn Ecvt Touring at Number 7 Honda,49826 CAD,New,White,,2221,Number 7 Honda,+1-905-851-2258,"{addr1: '5555 Highway 7 W', city: 'Woodbridge', region: 'Ontario', postal_code: 'L4L 1T5', country: 'CA'}",43.7900000000,-79.5980000000,,,,,https://www.number7honda.com/privacy-policy.html,New,2221,In stock,,49826 CAD,Free,
1HGCY2F84TA800136,1HGCY2F84TA800136,261091-new,Honda,Accord Hybrid,4dr Sdn Ecvt Touring,2026,AUTOMATIC,SEDAN,HYBRID,,"2026 Honda Accord Hybrid 4dr Sdn Ecvt Touring, White exterior","[{url:'https://imagescdn.d2cmedia.ca/cbf924ad5acdc92787fae76aa599e2a8f1/2221/13545959/1/Honda-Accord Hybrid-2026.jpg'},{url:'https://imagescdn.d2cmedia.ca/s8f924ad5acdc92787fae76aa599e2a8f1/2221/13545959/1/Honda-Accord_Hybrid-2026.jpg'},{url:'https://imagescdn.d2cmedia.ca/cbf924ad5acdc92787fae76aa599e2a8f1/2221/13545959/1/Honda-Accord_Hybrid-2026.jpg'},{url:'https://imagescdn.d2cmedia.ca/cbf924ad5acdc92787fae76aa599e2a8f1/2221/13545959/2/Honda-Accord_Hybrid-2026.jpg'},{url:'https://imagescdn.d2cmedia.ca/cbf924ad5acdc92787fae76aa599e2a8f1/2221/13545959/3/Honda-Accord_Hybrid-2026.jpg'},{url:'https://imagescdn.d2cmedia.ca/cbf924ad5acdc92787fae76aa599e2a8f1/2221/13545959/4/Honda-Accord_Hybrid-2026.jpg'},{url:'https://imagescdn.d2cmedia.ca/cbf924ad5acdc92787fae76aa599e2a8f1/2221/13545959/5/Honda-Accord_Hybrid-2026.jpg'},{url:'https://imagescdn.d2cmedia.ca/cbf924ad5acdc92787fae76aa599e2a8f1/2221/13545959/6/Honda-Accord_Hybrid-2026.jpg'},{url:'https://imagescdn.d2cmedia.ca/cbf924ad5acdc92787fae76aa599e2a8f1/2221/13545959/7/Honda-Accord_Hybrid-2026.jpg'},{url:'https://imagescdn.d2cmedia.ca/cbf924ad5acdc92787fae76aa599e2a8f1/2221/13545959/8/Honda-Accord_Hybrid-2026.jpg'}]",0,KM,https://www.number7honda.com/new/inventory/2026-Honda-Accord_Hybrid-id13545959.html,2026 Honda Accord Hybrid 4dr Sdn Ecvt Touring at Number 7 Honda,49826 CAD,New,White,,2221,Number 7 Honda,+1-905-851-2258,"{addr1: '5555 Highway 7 W', city: 'Woodbridge', region: 'Ontario', postal_code: 'L4L 1T5', country: 'CA'}",43.7900000000,-79.5980000000,,,,,https://www.number7honda.com/privacy-policy.html,New,2221,In stock,,49826 CAD,Free,
1HGCY2F89TA800679,1HGCY2F89TA800679,261256-new,Honda,Accord Hybrid,4dr Sdn Ecvt Touring,2026,AUTOMATIC,SEDAN,HYBRID,,"2026 Honda Accord Hybrid 4dr Sdn Ecvt Touring, White exterior","[{url:'https://imagescdn.d2cmedia.ca/cb1095823bb90c89c4a53b0c6eaf23d684/2221/13669479/1/Honda-Accord Hybrid-2026.jpg'},{url:'https://imagescdn.d2cmedia.ca/s81095823bb90c89c4a53b0c6eaf23d684/2221/13669479/1/Honda-Accord_Hybrid-2026.jpg'},{url:'https://imagescdn.d2cmedia.ca/cb1095823bb90c89c4a53b0c6eaf23d684/2221/13669479/1/Honda-Accord_Hybrid-2026.jpg'},{url:'https://imagescdn.d2cmedia.ca/cb1095823bb90c89c4a53b0c6eaf23d684/2221/13669479/2/Honda-Accord_Hybrid-2026.jpg'},{url:'https://imagescdn.d2cmedia.ca/cb1095823bb90c89c4a53b0c6eaf23d684/2221/13669479/3/Honda-Accord_Hybrid-2026.jpg'},{url:'https://imagescdn.d2cmedia.ca/cb1095823bb90c89c4a53b0c6eaf23d684/2221/13669479/4/Honda-Accord_Hybrid-2026.jpg'},{url:'https://imagescdn.d2cmedia.ca/cb1095823bb90c89c4a53b0c6eaf23d684/2221/13669479/5/Honda-Accord_Hybrid-2026.jpg'},{url:'https://imagescdn.d2cmedia.ca/cb1095823bb90c89c4a53b0c6eaf23d684/2221/13669479/6/Honda-Accord_Hybrid-2026.jpg'},{url:'https://imagescdn.d2cmedia.ca/cb1095823bb90c89c4a53b0c6eaf23d684/2221/13669479/7/Honda-Accord_Hybrid-2026.jpg'},{url:'https://imagescdn.d2cmedia.ca/cb1095823bb90c89c4a53b0c6eaf23d684/2221/13669479/8/Honda-Accord_Hybrid-2026.jpg'}]",0,KM,https://www.number7honda.com/new/inventory/2026-Honda-Accord_Hybrid-id13669479.html,2026 Honda Accord Hybrid 4dr Sdn Ecvt Touring at Number 7 Honda,49826 CAD,New,White,,2221,Number 7 Honda,+1-905-851-2258,"{addr1: '5555 Highway 7 W', city: 'Woodbridge', region: 'Ontario', postal_code: 'L4L 1T5', country: 'CA'}",43.7900000000,-79.5980000000,,,,,https://www.number7honda.com/privacy-policy.html,New,2221,In stock,,49826 CAD,Free,
1HGCY2F83TA800676,1HGCY2F83TA800676,261261-new,Honda,Accord Hybrid,4dr Sdn Ecvt Touring,2026,AUTOMATIC,SEDAN,HYBRID,,"2026 Honda Accord Hybrid 4dr Sdn Ecvt Touring, White exterior","[{url:'https://imagescdn.d2cmedia.ca/cb08a3bea959e1ef76c70a4bd53d730422/2221/13674419/1/Honda-Accord Hybrid-2026.jpg'},{url:'https://imagescdn.d2cmedia.ca/s808a3bea959e1ef76c70a4bd53d730422/2221/13674419/1/Honda-Accord_Hybrid-2026.jpg'},{url:'https://imagescdn.d2cmedia.ca/cb08a3bea959e1ef76c70a4bd53d730422/2221/13674419/1/Honda-Accord_Hybrid-2026.jpg'},{url:'https://imagescdn.d2cmedia.ca/cb08a3bea959e1ef76c70a4bd53d730422/2221/13674419/2/Honda-Accord_Hybrid-2026.jpg'},{url:'https://imagescdn.d2cmedia.ca/cb08a3bea959e1ef76c70a4bd53d730422/2221/13674419/3/Honda-Accord_Hybrid-2026.jpg'},{url:'https://imagescdn.d2cmedia.ca/cb08a3bea959e1ef76c70a4bd53d730422/2221/13674419/4/Honda-Accord_Hybrid-2026.jpg'},{url:'https://imagescdn.d2cmedia.ca/cb08a3bea959e1ef76c70a4bd53d730422/2221/13674419/5/Honda-Accord_Hybrid-2026.jpg'},{url:'https://imagescdn.d2cmedia.ca/cb08a3bea959e1ef76c70a4bd53d730422/2221/13674419/6/Honda-Accord_Hybrid-2026.jpg'},{url:'https://imagescdn.d2cmedia.ca/cb08a3bea959e1ef76c70a4bd53d730422/2221/13674419/7/Honda-Accord_Hybrid-2026.jpg'},{url:'https://imagescdn.d2cmedia.ca/cb08a3bea959e1ef76c70a4bd53d730422/2221/13674419/8/Honda-Accord_Hybrid-2026.jpg'}]",0,KM,https://www.number7honda.com/new/inventory/2026-Honda-Accord_Hybrid-id13674419.html,2026 Honda Accord Hybrid 4dr Sdn Ecvt Touring at Number 7 Honda,49826 CAD,New,White,,2221,Number 7 Honda,+1-905-851-2258,"{addr1: '5555 Highway 7 W', city: 'Woodbridge', region: 'Ontario', postal_code: 'L4L 1T5', country: 'CA'}",43.7900000000,-79.5980000000,,,,,https://www.number7honda.com/privacy-policy.html,New,2221,In stock,,49826 CAD,Free,
1HGCY2F85TA801487,1HGCY2F85TA801487,261779-new,Honda,Accord Hybrid,4dr Sdn Ecvt Touring,2026,AUTOMATIC,SEDAN,HYBRID,,"2026 Honda Accord Hybrid 4dr Sdn Ecvt Touring, Black exterior","[{url:'https://imagescdn.d2cmedia.ca/cbac7a4b4cc1817d4b11c4fa72c1d23ec5/2221/14041430/1/Honda-Accord Hybrid-2026.jpg'},{url:'https://imagescdn.d2cmedia.ca/s8ac7a4b4cc1817d4b11c4fa72c1d23ec5/2221/14041430/1/Honda-Accord_Hybrid-2026.jpg'},{url:'https://imagescdn.d2cmedia.ca/cbac7a4b4cc1817d4b11c4fa72c1d23ec5/2221/14041430/1/Honda-Accord_Hybrid-2026.jpg'},{url:'https://imagescdn.d2cmedia.ca/cbac7a4b4cc1817d4b11c4fa72c1d23ec5/2221/14041430/2/Honda-Accord_Hybrid-2026.jpg'},{url:'https://imagescdn.d2cmedia.ca/cbac7a4b4cc1817d4b11c4fa72c1d23ec5/2221/14041430/3/Honda-Accord_Hybrid-2026.jpg'},{url:'https://imagescdn.d2cmedia.ca/cbac7a4b4cc1817d4b11c4fa72c1d23ec5/2221/14041430/4/Honda-Accord_Hybrid-2026.jpg'},{url:'https://imagescdn.d2cmedia.ca/cbac7a4b4cc1817d4b11c4fa72c1d23ec5/2221/14041430/5/Honda-Accord_Hybrid-2026.jpg'},{url:'https://imagescdn.d2cmedia.ca/cbac7a4b4cc1817d4b11c4fa72c1d23ec5/2221/14041430/6/Honda-Accord_Hybrid-2026.jpg'},{url:'https://imagescdn.d2cmedia.ca/cbac7a4b4cc1817d4b11c4fa72c1d23ec5/2221/14041430/7/Honda-Accord_Hybrid-2026.jpg'},{url:'https://imagescdn.d2cmedia.ca/cbac7a4b4cc1817d4b11c4fa72c1d23ec5/2221/14041430/8/Honda-Accord_Hybrid-2026.jpg'}]",0,KM,https://www.number7honda.com/new/inventory/2026-Honda-Accord_Hybrid-id14041430.html,2026 Honda Accord Hybrid 4dr Sdn Ecvt Touring at Number 7 Honda,49826 CAD,New,Black,,2221,Number 7 Honda,+1-905-851-2258,"{addr1: '5555 Highway 7 W', city: 'Woodbridge', region: 'Ontario', postal_code: 'L4L 1T5', country: 'CA'}",43.7900000000,-79.5980000000,,,,,https://www.number7honda.com/privacy-policy.html,New,2221,In stock,,49826 CAD,Free,
1HGCY2F84TA801223,1HGCY2F84TA801223,261511-new,Honda,Accord Hybrid,4dr Sdn Ecvt Touring,2026,AUTOMATIC,SEDAN,HYBRID,,"2026 Honda Accord Hybrid 4dr Sdn Ecvt Touring, White exterior","[{url:'https://imagescdn.d2cmedia.ca/cb3aa1d67ebaaf1ef4a6081cb37cd9e91b/2221/13835022/1/Honda-Accord Hybrid-2026.jpg'},{url:'https://imagescdn.d2cmedia.ca/s83aa1d67ebaaf1ef4a6081cb37cd9e91b/2221/13835022/1/Honda-Accord_Hybrid-2026.jpg'},{url:'https://imagescdn.d2cmedia.ca/cb3aa1d67ebaaf1ef4a6081cb37cd9e91b/2221/13835022/1/Honda-Accord_Hybrid-2026.jpg'},{url:'https://imagescdn.d2cmedia.ca/cb3aa1d67ebaaf1ef4a6081cb37cd9e91b/2221/13835022/2/Honda-Accord_Hybrid-2026.jpg'},{url:'https://imagescdn.d2cmedia.ca/cb3aa1d67ebaaf1ef4a6081cb37cd9e91b/2221/13835022/3/Honda-Accord_Hybrid-2026.jpg'},{url:'https://imagescdn.d2cmedia.ca/cb3aa1d67ebaaf1ef4a6081cb37cd9e91b/2221/13835022/4/Honda-Accord_Hybrid-2026.jpg'},{url:'https://imagescdn.d2cmedia.ca/cb3aa1d67ebaaf1ef4a6081cb37cd9e91b/2221/13835022/5/Honda-Accord_Hybrid-2026.jpg'},{url:'https://imagescdn.d2cmedia.ca/cb3aa1d67ebaaf1ef4a6081cb37cd9e91b/2221/13835022/6/Honda-Accord_Hybrid-2026.jpg'},{url:'https://imagescdn.d2cmedia.ca/cb3aa1d67ebaaf1ef4a6081cb37cd9e91b/2221/13835022/7/Honda-Accord_Hybrid-2026.jpg'},{url:'https://imagescdn.d2cmedia.ca/cb3aa1d67ebaaf1ef4a6081cb37cd9e91b/2221/13835022/8/Honda-Accord_Hybrid-2026.jpg'}]",20,KM,https://www.number7honda.com/new/inventory/2026-Honda-Accord_Hybrid-id13835022.html,2026 Honda Accord Hybrid 4dr Sdn Ecvt Touring at Number 7 Honda,49826 CAD,New,White,,2221,Number 7 Honda,+1-905-851-2258,"{addr1: '5555 Highway 7 W', city: 'Woodbridge', region: 'Ontario', postal_code: 'L4L 1T5', country: 'CA'}",43.7900000000,-79.5980000000,,,,,https://www.number7honda.com/privacy-policy.html,New,2221,In stock,,49826 CAD,Free,
1HGCY2F85TA801229,1HGCY2F85TA801229,261512-new,Honda,Accord Hybrid,4dr Sdn Ecvt Touring,2026,AUTOMATIC,SEDAN,HYBRID,,"2026 Honda Accord Hybrid 4dr Sdn Ecvt Touring, White exterior","[{url:'https://imagescdn.d2cmedia.ca/cbd62c75bb988b2417feb8d9e9ef0cf386/2221/13835023/1/Honda-Accord Hybrid-2026.jpg'},{url:'https://imagescdn.d2cmedia.ca/s8d62c75bb988b2417feb8d9e9ef0cf386/2221/13835023/1/Honda-Accord_Hybrid-2026.jpg'},{url:'https://imagescdn.d2cmedia.ca/cbd62c75bb988b2417feb8d9e9ef0cf386/2221/13835023/1/Honda-Accord_Hybrid-2026.jpg'},{url:'https://imagescdn.d2cmedia.ca/cbd62c75bb988b2417feb8d9e9ef0cf386/2221/13835023/2/Honda-Accord_Hybrid-2026.jpg'},{url:'https://imagescdn.d2cmedia.ca/cbd62c75bb988b2417feb8d9e9ef0cf386/2221/13835023/3/Honda-Accord_Hybrid-2026.jpg'},{url:'https://imagescdn.d2cmedia.ca/cbd62c75bb988b2417feb8d9e9ef0cf386/2221/13835023/4/Honda-Accord_Hybrid-2026.jpg'},{url:'https://imagescdn.d2cmedia.ca/cbd62c75bb988b2417feb8d9e9ef0cf386/2221/13835023/5/Honda-Accord_Hybrid-2026.jpg'},{url:'https://imagescdn.d2cmedia.ca/cbd62c75bb988b2417feb8d9e9ef0cf386/2221/13835023/6/Honda-Accord_Hybrid-2026.jpg'},{url:'https://imagescdn.d2cmedia.ca/cbd62c75bb988b2417feb8d9e9ef0cf386/2221/13835023/7/Honda-Accord_Hybrid-2026.jpg'},{url:'https://imagescdn.d2cmedia.ca/cbd62c75bb988b2417feb8d9e9ef0cf386/2221/13835023/8/Honda-Accord_Hybrid-2026.jpg'}]",20,KM,https://www.number7honda.com/new/inventory/2026-Honda-Accord_Hybrid-id13835023.html,2026 Honda Accord Hybrid 4dr Sdn Ecvt Touring at Number 7 Honda,49826 CAD,New,White,,2221,Number 7 Honda,+1-905-851-2258,"{addr1: '5555 Highway 7 W', city: 'Woodbridge', region: 'Ontario', postal_code: 'L4L 1T5', country: 'CA'}",43.7900000000,-79.5980000000,,,,,https://www.number7honda.com/privacy-policy.html,New,2221,In stock,,49826 CAD,Free,
1HGCY2F87TA801152,1HGCY2F87TA801152,261667-new,Honda,Accord Hybrid,4dr Sdn Ecvt Touring,2026,AUTOMATIC,SEDAN,HYBRID,,"2026 Honda Accord Hybrid 4dr Sdn Ecvt Touring, Black exterior","[{url:'https://imagescdn.d2cmedia.ca/cb8a886a4b27640ec81d79872d90c6fa77/2221/13929607/1/Honda-Accord Hybrid-2026.jpg'},{url:'https://imagescdn.d2cmedia.ca/s88a886a4b27640ec81d79872d90c6fa77/2221/13929607/1/Honda-Accord_Hybrid-2026.jpg'},{url:'https://imagescdn.d2cmedia.ca/cb8a886a4b27640ec81d79872d90c6fa77/2221/13929607/1/Honda-Accord_Hybrid-2026.jpg'},{url:'https://imagescdn.d2cmedia.ca/cb8a886a4b27640ec81d79872d90c6fa77/2221/13929607/2/Honda-Accord_Hybrid-2026.jpg'},{url:'https://imagescdn.d2cmedia.ca/cb8a886a4b27640ec81d79872d90c6fa77/2221/13929607/3/Honda-Accord_Hybrid-2026.jpg'},{url:'https://imagescdn.d2cmedia.ca/cb8a886a4b27640ec81d79872d90c6fa77/2221/13929607/4/Honda-Accord_Hybrid-2026.jpg'},{url:'https://imagescdn.d2cmedia.ca/cb8a886a4b27640ec81d79872d90c6fa77/2221/13929607/5/Honda-Accord_Hybrid-2026.jpg'},{url:'https://imagescdn.d2cmedia.ca/cb8a886a4b27640ec81d79872d90c6fa77/2221/13929607/6/Honda-Accord_Hybrid-2026.jpg'},{url:'https://imagescdn.d2cmedia.ca/cb8a886a4b27640ec81d79872d90c6fa77/2221/13929607/7/Honda-Accord_Hybrid-2026.jpg'},{url:'https://imagescdn.d2cmedia.ca/cb8a886a4b27640ec81d79872d90c6fa77/2221/13929607/8/Honda-Accord_Hybrid-2026.jpg'}]",20,KM,https://www.number7honda.com/new/inventory/2026-Honda-Accord_Hybrid-id13929607.html,2026 Honda Accord Hybrid 4dr Sdn Ecvt Touring at Number 7 Honda,49826 CAD,New,Black,,2221,Number 7 Honda,+1-905-851-2258,"{addr1: '5555 Highway 7 W', city: 'Woodbridge', region: 'Ontario', postal_code: 'L4L 1T5', country: 'CA'}",43.7900000000,-79.5980000000,,,,,https://www.number7honda.com/privacy-policy.html,New,2221,In stock,,49826 CAD,Free,
1HGCY2F86TA801563,1HGCY2F86TA801563,261692-new,Honda,Accord Hybrid,4dr Sdn Ecvt Touring,2026,AUTOMATIC,SEDAN,HYBRID,,"2026 Honda Accord Hybrid 4dr Sdn Ecvt Touring, White exterior","[{url:'https://imagescdn.d2cmedia.ca/cb69fedabb115c3cdba1406d930e23d887/2221/13942541/1/Honda-Accord Hybrid-2026.jpg'},{url:'https://imagescdn.d2cmedia.ca/s869fedabb115c3cdba1406d930e23d887/2221/13942541/1/Honda-Accord_Hybrid-2026.jpg'},{url:'https://imagescdn.d2cmedia.ca/cb69fedabb115c3cdba1406d930e23d887/2221/13942541/1/Honda-Accord_Hybrid-2026.jpg'},{url:'https://imagescdn.d2cmedia.ca/cb69fedabb115c3cdba1406d930e23d887/2221/13942541/2/Honda-Accord_Hybrid-2026.jpg'},{url:'https://imagescdn.d2cmedia.ca/cb69fedabb115c3cdba1406d930e23d887/2221/13942541/3/Honda-Accord_Hybrid-2026.jpg'},{url:'https://imagescdn.d2cmedia.ca/cb69fedabb115c3cdba1406d930e23d887/2221/13942541/4/Honda-Accord_Hybrid-2026.jpg'},{url:'https://imagescdn.d2cmedia.ca/cb69fedabb115c3cdba1406d930e23d887/2221/13942541/5/Honda-Accord_Hybrid-2026.jpg'},{url:'https://imagescdn.d2cmedia.ca/cb69fedabb115c3cdba1406d930e23d887/2221/13942541/6/Honda-Accord_Hybrid-2026.jpg'},{url:'https://imagescdn.d2cmedia.ca/cb69fedabb115c3cdba1406d930e23d887/2221/13942541/7/Honda-Accord_Hybrid-2026.jpg'},{url:'https://imagescdn.d2cmedia.ca/cb69fedabb115c3cdba1406d930e23d887/2221/13942541/8/Honda-Accord_Hybrid-2026.jpg'}]",20,KM,https://www.number7honda.com/new/inventory/2026-Honda-Accord_Hybrid-id13942541.html,2026 Honda Accord Hybrid 4dr Sdn Ecvt Touring at Number 7 Honda,49826 CAD,New,White,,2221,Number 7 Honda,+1-905-851-2258,"{addr1: '5555 Highway 7 W', city: 'Woodbridge', region: 'Ontario', postal_code: 'L4L 1T5', country: 'CA'}",43.7900000000,-79.5980000000,,,,,https://www.number7honda.com/privacy-policy.html,New,2221,In stock,,49826 CAD,Free,
1HGCY2F86TA801160,1HGCY2F86TA801160,261716-new,Honda,Accord Hybrid,4dr Sdn Ecvt Touring,2026,AUTOMATIC,SEDAN,HYBRID,,"2026 Honda Accord Hybrid 4dr Sdn Ecvt Touring, Black exterior","[{url:'https://imagescdn.d2cmedia.ca/cb7075356e8b7de8057abcb98580d6cb43/2221/13979057/1/Honda-Accord Hybrid-2026.jpg'},{url:'https://imagescdn.d2cmedia.ca/s87075356e8b7de8057abcb98580d6cb43/2221/13979057/1/Honda-Accord_Hybrid-2026.jpg'},{url:'https://imagescdn.d2cmedia.ca/cb7075356e8b7de8057abcb98580d6cb43/2221/13979057/1/Honda-Accord_Hybrid-2026.jpg'},{url:'https://imagescdn.d2cmedia.ca/cb7075356e8b7de8057abcb98580d6cb43/2221/13979057/2/Honda-Accord_Hybrid-2026.jpg'},{url:'https://imagescdn.d2cmedia.ca/cb7075356e8b7de8057abcb98580d6cb43/2221/13979057/3/Honda-Accord_Hybrid-2026.jpg'},{url:'https://imagescdn.d2cmedia.ca/cb7075356e8b7de8057abcb98580d6cb43/2221/13979057/4/Honda-Accord_Hybrid-2026.jpg'},{url:'https://imagescdn.d2cmedia.ca/cb7075356e8b7de8057abcb98580d6cb43/2221/13979057/5/Honda-Accord_Hybrid-2026.jpg'},{url:'https://imagescdn.d2cmedia.ca/cb7075356e8b7de8057abcb98580d6cb43/2221/13979057/6/Honda-Accord_Hybrid-2026.jpg'},{url:'https://imagescdn.d2cmedia.ca/cb7075356e8b7de8057abcb98580d6cb43/2221/13979057/7/Honda-Accord_Hybrid-2026.jpg'},{url:'https://imagescdn.d2cmedia.ca/cb7075356e8b7de8057abcb98580d6cb43/2221/13979057/8/Honda-Accord_Hybrid-2026.jpg'}]",20,KM,https://www.number7honda.com/new/inventory/2026-Honda-Accord_Hybrid-id13979057.html,2026 Honda Accord Hybrid 4dr Sdn Ecvt Touring at Number 7 Honda,49826 CAD,New,Black,,2221,Number 7 Honda,+1-905-851-2258,"{addr1: '5555 Highway 7 W', city: 'Woodbridge', region: 'Ontario', postal_code: 'L4L 1T5', country: 'CA'}",43.7900000000,-79.5980000000,,,,,https://www.number7honda.com/privacy-policy.html,New,2221,In stock,,49826 CAD,Free,
1HGCY2F80TA801168,1HGCY2F80TA801168,261720-new,Honda,Accord Hybrid,4dr Sdn Ecvt Touring,2026,AUTOMATIC,SEDAN,HYBRID,,"2026 Honda Accord Hybrid 4dr Sdn Ecvt Touring, Black exterior","[{url:'https://imagescdn.d2cmedia.ca/cb63ca5033e36a6c58a385cfcb70ce18b6/2221/13985637/1/Honda-Accord Hybrid-2026.jpg'},{url:'https://imagescdn.d2cmedia.ca/s863ca5033e36a6c58a385cfcb70ce18b6/2221/13985637/1/Honda-Accord_Hybrid-2026.jpg'},{url:'https://imagescdn.d2cmedia.ca/cb63ca5033e36a6c58a385cfcb70ce18b6/2221/13985637/1/Honda-Accord_Hybrid-2026.jpg'},{url:'https://imagescdn.d2cmedia.ca/cb63ca5033e36a6c58a385cfcb70ce18b6/2221/13985637/2/Honda-Accord_Hybrid-2026.jpg'},{url:'https://imagescdn.d2cmedia.ca/cb63ca5033e36a6c58a385cfcb70ce18b6/2221/13985637/3/Honda-Accord_Hybrid-2026.jpg'},{url:'https://imagescdn.d2cmedia.ca/cb63ca5033e36a6c58a385cfcb70ce18b6/2221/13985637/4/Honda-Accord_Hybrid-2026.jpg'},{url:'https://imagescdn.d2cmedia.ca/cb63ca5033e36a6c58a385cfcb70ce18b6/2221/13985637/5/Honda-Accord_Hybrid-2026.jpg'},{url:'https://imagescdn.d2cmedia.ca/cb63ca5033e36a6c58a385cfcb70ce18b6/2221/13985637/6/Honda-Accord_Hybrid-2026.jpg'},{url:'https://imagescdn.d2cmedia.ca/cb63ca5033e36a6c58a385cfcb70ce18b6/2221/13985637/7/Honda-Accord_Hybrid-2026.jpg'},{url:'https://imagescdn.d2cmedia.ca/cb63ca5033e36a6c58a385cfcb70ce18b6/2221/13985637/8/Honda-Accord_Hybrid-2026.jpg'}]",20,KM,https://www.number7honda.com/new/inventory/2026-Honda-Accord_Hybrid-id13985637.html,2026 Honda Accord Hybrid 4dr Sdn Ecvt Touring at Number 7 Honda,49826 CAD,New,Black,,2221,Number 7 Honda,+1-905-851-2258,"{addr1: '5555 Highway 7 W', city: 'Woodbridge', region: 'Ontario', postal_code: 'L4L 1T5', country: 'CA'}",43.7900000000,-79.5980000000,,,,,https://www.number7honda.com/privacy-policy.html,New,2221,In stock,,49826 CAD,Free,
1HGCY2F86TA801837,1HGCY2F86TA801837,261787-new,Honda,Accord Hybrid,4dr Sdn Ecvt Touring,2026,AUTOMATIC,SEDAN,HYBRID,,"2026 Honda Accord Hybrid 4dr Sdn Ecvt Touring, Black exterior","[{url:'https://imagescdn.d2cmedia.ca/cb5291bdbd77f9590f8940191074a21221/2221/14093256/1/Honda-Accord Hybrid-2026.jpg'},{url:'https://imagescdn.d2cmedia.ca/s85291bdbd77f9590f8940191074a21221/2221/14093256/1/Honda-Accord_Hybrid-2026.jpg'},{url:'https://imagescdn.d2cmedia.ca/cb5291bdbd77f9590f8940191074a21221/2221/14093256/1/Honda-Accord_Hybrid-2026.jpg'},{url:'https://imagescdn.d2cmedia.ca/cb5291bdbd77f9590f8940191074a21221/2221/14093256/2/Honda-Accord_Hybrid-2026.jpg'},{url:'https://imagescdn.d2cmedia.ca/cb5291bdbd77f9590f8940191074a21221/2221/14093256/3/Honda-Accord_Hybrid-2026.jpg'},{url:'https://imagescdn.d2cmedia.ca/cb5291bdbd77f9590f8940191074a21221/2221/14093256/4/Honda-Accord_Hybrid-2026.jpg'},{url:'https://imagescdn.d2cmedia.ca/cb5291bdbd77f9590f8940191074a21221/2221/14093256/5/Honda-Accord_Hybrid-2026.jpg'},{url:'https://imagescdn.d2cmedia.ca/cb5291bdbd77f9590f8940191074a21221/2221/14093256/6/Honda-Accord_Hybrid-2026.jpg'},{url:'https://imagescdn.d2cmedia.ca/cb5291bdbd77f9590f8940191074a21221/2221/14093256/7/Honda-Accord_Hybrid-2026.jpg'},{url:'https://imagescdn.d2cmedia.ca/cb5291bdbd77f9590f8940191074a21221/2221/14093256/8/Honda-Accord_Hybrid-2026.jpg'}]",20,KM,https://www.number7honda.com/new/inventory/2026-Honda-Accord_Hybrid-id14093256.html,2026 Honda Accord Hybrid 4dr Sdn Ecvt Touring at Number 7 Honda,49826 CAD,New,Black,,2221,Number 7 Honda,+1-905-851-2258,"{addr1: '5555 Highway 7 W', city: 'Woodbridge', region: 'Ontario', postal_code: 'L4L 1T5', country: 'CA'}",43.7900000000,-79.5980000000,,,,,https://www.number7honda.com/privacy-policy.html,New,2221,In stock,,49826 CAD,Free,
1HGCY2F88TA801838,1HGCY2F88TA801838,261809-new,Honda,Accord Hybrid,4dr Sdn Ecvt Touring,2026,AUTOMATIC,SEDAN,HYBRID,,"2026 Honda Accord Hybrid 4dr Sdn Ecvt Touring, Black exterior","[{url:'https://imagescdn.d2cmedia.ca/cb09ad3166b8f5eddf274002ebf6bbeaf6/2221/14097625/1/Honda-Accord Hybrid-2026.jpg'},{url:'https://imagescdn.d2cmedia.ca/s809ad3166b8f5eddf274002ebf6bbeaf6/2221/14097625/1/Honda-Accord_Hybrid-2026.jpg'},{url:'https://imagescdn.d2cmedia.ca/cb09ad3166b8f5eddf274002ebf6bbeaf6/2221/14097625/1/Honda-Accord_Hybrid-2026.jpg'},{url:'https://imagescdn.d2cmedia.ca/cb09ad3166b8f5eddf274002ebf6bbeaf6/2221/14097625/2/Honda-Accord_Hybrid-2026.jpg'},{url:'https://imagescdn.d2cmedia.ca/cb09ad3166b8f5eddf274002ebf6bbeaf6/2221/14097625/3/Honda-Accord_Hybrid-2026.jpg'},{url:'https://imagescdn.d2cmedia.ca/cb09ad3166b8f5eddf274002ebf6bbeaf6/2221/14097625/4/Honda-Accord_Hybrid-2026.jpg'},{url:'https://imagescdn.d2cmedia.ca/cb09ad3166b8f5eddf274002ebf6bbeaf6/2221/14097625/5/Honda-Accord_Hybrid-2026.jpg'},{url:'https://imagescdn.d2cmedia.ca/cb09ad3166b8f5eddf274002ebf6bbeaf6/2221/14097625/6/Honda-Accord_Hybrid-2026.jpg'},{url:'https://imagescdn.d2cmedia.ca/cb09ad3166b8f5eddf274002ebf6bbeaf6/2221/14097625/7/Honda-Accord_Hybrid-2026.jpg'},{url:'https://imagescdn.d2cmedia.ca/cb09ad3166b8f5eddf274002ebf6bbeaf6/2221/14097625/8/Honda-Accord_Hybrid-2026.jpg'}]",20,KM,https://www.number7honda.com/new/inventory/2026-Honda-Accord_Hybrid-id14097625.html,2026 Honda Accord Hybrid 4dr Sdn Ecvt Touring at Number 7 Honda,49826 CAD,New,Black,,2221,Number 7 Honda,+1-905-851-2258,"{addr1: '5555 Highway 7 W', city: 'Woodbridge', region: 'Ontario', postal_code: 'L4L 1T5', country: 'CA'}",43.7900000000,-79.5980000000,,,,,https://www.number7honda.com/privacy-policy.html,New,2221,In stock,,49826 CAD,Free,
1HGCY2F88TA801841,1HGCY2F88TA801841,261810-new,Honda,Accord Hybrid,4dr Sdn Ecvt Touring,2026,AUTOMATIC,SEDAN,HYBRID,,"2026 Honda Accord Hybrid 4dr Sdn Ecvt Touring, Black exterior","[{url:'https://imagescdn.d2cmedia.ca/cb813b7756fc4976c6cec36532d3a34332/2221/14097626/1/Honda-Accord Hybrid-2026.jpg'},{url:'https://imagescdn.d2cmedia.ca/s8813b7756fc4976c6cec36532d3a34332/2221/14097626/1/Honda-Accord_Hybrid-2026.jpg'},{url:'https://imagescdn.d2cmedia.ca/cb813b7756fc4976c6cec36532d3a34332/2221/14097626/1/Honda-Accord_Hybrid-2026.jpg'},{url:'https://imagescdn.d2cmedia.ca/cb813b7756fc4976c6cec36532d3a34332/2221/14097626/2/Honda-Accord_Hybrid-2026.jpg'},{url:'https://imagescdn.d2cmedia.ca/cb813b7756fc4976c6cec36532d3a34332/2221/14097626/3/Honda-Accord_Hybrid-2026.jpg'},{url:'https://imagescdn.d2cmedia.ca/cb813b7756fc4976c6cec36532d3a34332/2221/14097626/4/Honda-Accord_Hybrid-2026.jpg'},{url:'https://imagescdn.d2cmedia.ca/cb813b7756fc4976c6cec36532d3a34332/2221/14097626/5/Honda-Accord_Hybrid-2026.jpg'},{url:'https://imagescdn.d2cmedia.ca/cb813b7756fc4976c6cec36532d3a34332/2221/14097626/6/Honda-Accord_Hybrid-2026.jpg'},{url:'https://imagescdn.d2cmedia.ca/cb813b7756fc4976c6cec36532d3a34332/2221/14097626/7/Honda-Accord_Hybrid-2026.jpg'},{url:'https://imagescdn.d2cmedia.ca/cb813b7756fc4976c6cec36532d3a34332/2221/14097626/8/Honda-Accord_Hybrid-2026.jpg'}]",20,KM,https://www.number7honda.com/new/inventory/2026-Honda-Accord_Hybrid-id14097626.html,2026 Honda Accord Hybrid 4dr Sdn Ecvt Touring at Number 7 Honda,49826 CAD,New,Black,,2221,Number 7 Honda,+1-905-851-2258,"{addr1: '5555 Highway 7 W', city: 'Woodbridge', region: 'Ontario', postal_code: 'L4L 1T5', country: 'CA'}",43.7900000000,-79.5980000000,,,,,https://www.number7honda.com/privacy-policy.html,New,2221,In stock,,49826 CAD,Free,
1HGCY2F81TA801826,1HGCY2F81TA801826,261811-new,Honda,Accord Hybrid,4dr Sdn Ecvt Touring,2026,AUTOMATIC,SEDAN,HYBRID,,"2026 Honda Accord Hybrid 4dr Sdn Ecvt Touring, Grey exterior","[{url:'https://imagescdn.d2cmedia.ca/cbda99fa13f9e122b49ffb91adf36ce631/2221/14097627/1/Honda-Accord Hybrid-2026.jpg'},{url:'https://imagescdn.d2cmedia.ca/s8da99fa13f9e122b49ffb91adf36ce631/2221/14097627/1/Honda-Accord_Hybrid-2026.jpg'},{url:'https://imagescdn.d2cmedia.ca/cbda99fa13f9e122b49ffb91adf36ce631/2221/14097627/1/Honda-Accord_Hybrid-2026.jpg'},{url:'https://imagescdn.d2cmedia.ca/cbda99fa13f9e122b49ffb91adf36ce631/2221/14097627/2/Honda-Accord_Hybrid-2026.jpg'},{url:'https://imagescdn.d2cmedia.ca/cbda99fa13f9e122b49ffb91adf36ce631/2221/14097627/3/Honda-Accord_Hybrid-2026.jpg'},{url:'https://imagescdn.d2cmedia.ca/cbda99fa13f9e122b49ffb91adf36ce631/2221/14097627/4/Honda-Accord_Hybrid-2026.jpg'},{url:'https://imagescdn.d2cmedia.ca/cbda99fa13f9e122b49ffb91adf36ce631/2221/14097627/5/Honda-Accord_Hybrid-2026.jpg'},{url:'https://imagescdn.d2cmedia.ca/cbda99fa13f9e122b49ffb91adf36ce631/2221/14097627/6/Honda-Accord_Hybrid-2026.jpg'},{url:'https://imagescdn.d2cmedia.ca/cbda99fa13f9e122b49ffb91adf36ce631/2221/14097627/7/Honda-Accord_Hybrid-2026.jpg'},{url:'https://imagescdn.d2cmedia.ca/cbda99fa13f9e122b49ffb91adf36ce631/2221/14097627/8/Honda-Accord_Hybrid-2026.jpg'}]",20,KM,https://www.number7honda.com/new/inventory/2026-Honda-Accord_Hybrid-id14097627.html,2026 Honda Accord Hybrid 4dr Sdn Ecvt Touring at Number 7 Honda,49826 CAD,New,Grey,,2221,Number 7 Honda,+1-905-851-2258,"{addr1: '5555 Highway 7 W', city: 'Woodbridge', region: 'Ontario', postal_code: 'L4L 1T5', country: 'CA'}",43.7900000000,-79.5980000000,,,,,https://www.number7honda.com/privacy-policy.html,New,2221,In stock,,49826 CAD,Free,
1HGCY2F86TA801840,1HGCY2F86TA801840,261812-new,Honda,Accord Hybrid,4dr Sdn Ecvt Touring,2026,AUTOMATIC,SEDAN,HYBRID,,"2026 Honda Accord Hybrid 4dr Sdn Ecvt Touring, Black exterior","[{url:'https://imagescdn.d2cmedia.ca/cbcb6c65bc4a739a43fd65a7ecf665d680/2221/14097628/1/Honda-Accord Hybrid-2026.jpg'},{url:'https://imagescdn.d2cmedia.ca/s8cb6c65bc4a739a43fd65a7ecf665d680/2221/14097628/1/Honda-Accord_Hybrid-2026.jpg'},{url:'https://imagescdn.d2cmedia.ca/cbcb6c65bc4a739a43fd65a7ecf665d680/2221/14097628/1/Honda-Accord_Hybrid-2026.jpg'},{url:'https://imagescdn.d2cmedia.ca/cbcb6c65bc4a739a43fd65a7ecf665d680/2221/14097628/2/Honda-Accord_Hybrid-2026.jpg'},{url:'https://imagescdn.d2cmedia.ca/cbcb6c65bc4a739a43fd65a7ecf665d680/2221/14097628/3/Honda-Accord_Hybrid-2026.jpg'},{url:'https://imagescdn.d2cmedia.ca/cbcb6c65bc4a739a43fd65a7ecf665d680/2221/14097628/4/Honda-Accord_Hybrid-2026.jpg'},{url:'https://imagescdn.d2cmedia.ca/cbcb6c65bc4a739a43fd65a7ecf665d680/2221/14097628/5/Honda-Accord_Hybrid-2026.jpg'},{url:'https://imagescdn.d2cmedia.ca/cbcb6c65bc4a739a43fd65a7ecf665d680/2221/14097628/6/Honda-Accord_Hybrid-2026.jpg'},{url:'https://imagescdn.d2cmedia.ca/cbcb6c65bc4a739a43fd65a7ecf665d680/2221/14097628/7/Honda-Accord_Hybrid-2026.jpg'},{url:'https://imagescdn.d2cmedia.ca/cbcb6c65bc4a739a43fd65a7ecf665d680/2221/14097628/8/Honda-Accord_Hybrid-2026.jpg'}]",20,KM,https://www.number7honda.com/new/inventory/2026-Honda-Accord_Hybrid-id14097628.html,2026 Honda Accord Hybrid 4dr Sdn Ecvt Touring at Number 7 Honda,49826 CAD,New,Black,,2221,Number 7 Honda,+1-905-851-2258,"{addr1: '5555 Highway 7 W', city: 'Woodbridge', region: 'Ontario', postal_code: 'L4L 1T5', country: 'CA'}",43.7900000000,-79.5980000000,,,,,https://www.number7honda.com/privacy-policy.html,New,2221,In stock,,49826 CAD,Free,
1HGCY2F82TA801835,1HGCY2F82TA801835,261813-new,Honda,Accord Hybrid,4dr Sdn Ecvt Touring,2026,AUTOMATIC,SEDAN,HYBRID,,"2026 Honda Accord Hybrid 4dr Sdn Ecvt Touring, Grey exterior","[{url:'https://imagescdn.d2cmedia.ca/cb5b9078d7de2ae7e27f88e98042857fbe/2221/14097629/1/Honda-Accord Hybrid-2026.jpg'},{url:'https://imagescdn.d2cmedia.ca/s85b9078d7de2ae7e27f88e98042857fbe/2221/14097629/1/Honda-Accord_Hybrid-2026.jpg'},{url:'https://imagescdn.d2cmedia.ca/cb5b9078d7de2ae7e27f88e98042857fbe/2221/14097629/1/Honda-Accord_Hybrid-2026.jpg'},{url:'https://imagescdn.d2cmedia.ca/cb5b9078d7de2ae7e27f88e98042857fbe/2221/14097629/2/Honda-Accord_Hybrid-2026.jpg'},{url:'https://imagescdn.d2cmedia.ca/cb5b9078d7de2ae7e27f88e98042857fbe/2221/14097629/3/Honda-Accord_Hybrid-2026.jpg'},{url:'https://imagescdn.d2cmedia.ca/cb5b9078d7de2ae7e27f88e98042857fbe/2221/14097629/4/Honda-Accord_Hybrid-2026.jpg'},{url:'https://imagescdn.d2cmedia.ca/cb5b9078d7de2ae7e27f88e98042857fbe/2221/14097629/5/Honda-Accord_Hybrid-2026.jpg'},{url:'https://imagescdn.d2cmedia.ca/cb5b9078d7de2ae7e27f88e98042857fbe/2221/14097629/6/Honda-Accord_Hybrid-2026.jpg'},{url:'https://imagescdn.d2cmedia.ca/cb5b9078d7de2ae7e27f88e98042857fbe/2221/14097629/7/Honda-Accord_Hybrid-2026.jpg'},{url:'https://imagescdn.d2cmedia.ca/cb5b9078d7de2ae7e27f88e98042857fbe/2221/14097629/8/Honda-Accord_Hybrid-2026.jpg'}]",20,KM,https://www.number7honda.com/new/inventory/2026-Honda-Accord_Hybrid-id14097629.html,2026 Honda Accord Hybrid 4dr Sdn Ecvt Touring at Number 7 Honda,49826 CAD,New,Grey,,2221,Number 7 Honda,+1-905-851-2258,"{addr1: '5555 Highway 7 W', city: 'Woodbridge', region: 'Ontario', postal_code: 'L4L 1T5', country: 'CA'}",43.7900000000,-79.5980000000,,,,,https://www.number7honda.com/privacy-policy.html,New,2221,In stock,,49826 CAD,Free,
1HGCY2F8XTA801842,1HGCY2F8XTA801842,261938-new,Honda,Accord Hybrid,4dr Sdn Ecvt Touring,2026,AUTOMATIC,SEDAN,HYBRID,,"2026 Honda Accord Hybrid 4dr Sdn Ecvt Touring, White exterior","[{url:'https://imagescdn.d2cmedia.ca/cbdb146a0839af519b30eba8ee5ad8ddd5/2221/14216586/1/Honda-Accord Hybrid-2026.jpg'},{url:'https://imagescdn.d2cmedia.ca/s8db146a0839af519b30eba8ee5ad8ddd5/2221/14216586/1/Honda-Accord_Hybrid-2026.jpg'},{url:'https://imagescdn.d2cmedia.ca/cbdb146a0839af519b30eba8ee5ad8ddd5/2221/14216586/1/Honda-Accord_Hybrid-2026.jpg'},{url:'https://imagescdn.d2cmedia.ca/cbdb146a0839af519b30eba8ee5ad8ddd5/2221/14216586/2/Honda-Accord_Hybrid-2026.jpg'},{url:'https://imagescdn.d2cmedia.ca/cbdb146a0839af519b30eba8ee5ad8ddd5/2221/14216586/3/Honda-Accord_Hybrid-2026.jpg'},{url:'https://imagescdn.d2cmedia.ca/cbdb146a0839af519b30eba8ee5ad8ddd5/2221/14216586/4/Honda-Accord_Hybrid-2026.jpg'},{url:'https://imagescdn.d2cmedia.ca/cbdb146a0839af519b30eba8ee5ad8ddd5/2221/14216586/5/Honda-Accord_Hybrid-2026.jpg'},{url:'https://imagescdn.d2cmedia.ca/cbdb146a0839af519b30eba8ee5ad8ddd5/2221/14216586/6/Honda-Accord_Hybrid-2026.jpg'},{url:'https://imagescdn.d2cmedia.ca/cbdb146a0839af519b30eba8ee5ad8ddd5/2221/14216586/7/Honda-Accord_Hybrid-2026.jpg'},{url:'https://imagescdn.d2cmedia.ca/cbdb146a0839af519b30eba8ee5ad8ddd5/2221/14216586/8/Honda-Accord_Hybrid-2026.jpg'}]",20,KM,https://www.number7honda.com/new/inventory/2026-Honda-Accord_Hybrid-id14216586.html,2026 Honda Accord Hybrid 4dr Sdn Ecvt Touring at Number 7 Honda,49826 CAD,New,White,,2221,Number 7 Honda,+1-905-851-2258,"{addr1: '5555 Highway 7 W', city: 'Woodbridge', region: 'Ontario', postal_code: 'L4L 1T5', country: 'CA'}",43.7900000000,-79.5980000000,,,,,https://www.number7honda.com/privacy-policy.html,New,2221,In stock,,49826 CAD,Free,
1HGCY2F83TA801844,1HGCY2F83TA801844,261939-new,Honda,Accord Hybrid,4dr Sdn Ecvt Touring,2026,AUTOMATIC,SEDAN,HYBRID,,"2026 Honda Accord Hybrid 4dr Sdn Ecvt Touring, White exterior","[{url:'https://imagescdn.d2cmedia.ca/cb2ae176352e2abbddce2b02d75f24f805/2221/14216587/1/Honda-Accord Hybrid-2026.jpg'},{url:'https://imagescdn.d2cmedia.ca/s82ae176352e2abbddce2b02d75f24f805/2221/14216587/1/Honda-Accord_Hybrid-2026.jpg'},{url:'https://imagescdn.d2cmedia.ca/cb2ae176352e2abbddce2b02d75f24f805/2221/14216587/1/Honda-Accord_Hybrid-2026.jpg'},{url:'https://imagescdn.d2cmedia.ca/cb2ae176352e2abbddce2b02d75f24f805/2221/14216587/2/Honda-Accord_Hybrid-2026.jpg'},{url:'https://imagescdn.d2cmedia.ca/cb2ae176352e2abbddce2b02d75f24f805/2221/14216587/3/Honda-Accord_Hybrid-2026.jpg'},{url:'https://imagescdn.d2cmedia.ca/cb2ae176352e2abbddce2b02d75f24f805/2221/14216587/4/Honda-Accord_Hybrid-2026.jpg'},{url:'https://imagescdn.d2cmedia.ca/cb2ae176352e2abbddce2b02d75f24f805/2221/14216587/5/Honda-Accord_Hybrid-2026.jpg'},{url:'https://imagescdn.d2cmedia.ca/cb2ae176352e2abbddce2b02d75f24f805/2221/14216587/6/Honda-Accord_Hybrid-2026.jpg'},{url:'https://imagescdn.d2cmedia.ca/cb2ae176352e2abbddce2b02d75f24f805/2221/14216587/7/Honda-Accord_Hybrid-2026.jpg'},{url:'https://imagescdn.d2cmedia.ca/cb2ae176352e2abbddce2b02d75f24f805/2221/14216587/8/Honda-Accord_Hybrid-2026.jpg'}]",20,KM,https://www.number7honda.com/new/inventory/2026-Honda-Accord_Hybrid-id14216587.html,2026 Honda Accord Hybrid 4dr Sdn Ecvt Touring at Number 7 Honda,49826 CAD,New,White,,2221,Number 7 Honda,+1-905-851-2258,"{addr1: '5555 Highway 7 W', city: 'Woodbridge', region: 'Ontario', postal_code: 'L4L 1T5', country: 'CA'}",43.7900000000,-79.5980000000,,,,,https://www.number7honda.com/privacy-policy.html,New,2221,In stock,,49826 CAD,Free,
1HGCY2F86TA802258,1HGCY2F86TA802258,262043-new,Honda,Accord Hybrid,4dr Sdn Ecvt Touring,2026,AUTOMATIC,SEDAN,HYBRID,,"2026 Honda Accord Hybrid 4dr Sdn Ecvt Touring, SOLAR REFLECTIO exterior","[{url:'https://imagescdn.d2cmedia.ca/cb9b79875bf558f9a2262236dc8081b7e5/2221/14379928/1/Honda-Accord Hybrid-2026.jpg'},{url:'https://imagescdn.d2cmedia.ca/s89b79875bf558f9a2262236dc8081b7e5/2221/14379928/1/Honda-Accord_Hybrid-2026.jpg'},{url:'https://imagescdn.d2cmedia.ca/cb9b79875bf558f9a2262236dc8081b7e5/2221/14379928/1/Honda-Accord_Hybrid-2026.jpg'},{url:'https://imagescdn.d2cmedia.ca/cb9b79875bf558f9a2262236dc8081b7e5/2221/14379928/2/Honda-Accord_Hybrid-2026.jpg'},{url:'https://imagescdn.d2cmedia.ca/cb9b79875bf558f9a2262236dc8081b7e5/2221/14379928/3/Honda-Accord_Hybrid-2026.jpg'},{url:'https://imagescdn.d2cmedia.ca/cb9b79875bf558f9a2262236dc8081b7e5/2221/14379928/4/Honda-Accord_Hybrid-2026.jpg'},{url:'https://imagescdn.d2cmedia.ca/cb9b79875bf558f9a2262236dc8081b7e5/2221/14379928/5/Honda-Accord_Hybrid-2026.jpg'},{url:'https://imagescdn.d2cmedia.ca/cb9b79875bf558f9a2262236dc8081b7e5/2221/14379928/6/Honda-Accord_Hybrid-2026.jpg'},{url:'https://imagescdn.d2cmedia.ca/cb9b79875bf558f9a2262236dc8081b7e5/2221/14379928/7/Honda-Accord_Hybrid-2026.jpg'},{url:'https://imagescdn.d2cmedia.ca/cb9b79875bf558f9a2262236dc8081b7e5/2221/14379928/8/Honda-Accord_Hybrid-2026.jpg'}]",20,KM,https://www.number7honda.com/new/inventory/2026-Honda-Accord_Hybrid-id14379928.html,2026 Honda Accord Hybrid 4dr Sdn Ecvt Touring at Number 7 Honda,49826 CAD,New,SOLAR REFLECTIO,,2221,Number 7 Honda,+1-905-851-2258,"{addr1: '5555 Highway 7 W', city: 'Woodbridge', region: 'Ontario', postal_code: 'L4L 1T5', country: 'CA'}",43.7900000000,-79.5980000000,,,,,https://www.number7honda.com/privacy-policy.html,New,2221,In stock,,49826 CAD,Free,
1HGCY2F86TA802132,1HGCY2F86TA802132,262044-new,Honda,Accord Hybrid,4dr Sdn Ecvt Touring,2026,AUTOMATIC,SEDAN,HYBRID,,"2026 Honda Accord Hybrid 4dr Sdn Ecvt Touring, Blue exterior","[{url:'https://imagescdn.d2cmedia.ca/cb30b3c7dfc74a45a4df48e4b717ffe68c/2221/14379929/1/Honda-Accord Hybrid-2026.jpg'},{url:'https://imagescdn.d2cmedia.ca/s830b3c7dfc74a45a4df48e4b717ffe68c/2221/14379929/1/Honda-Accord_Hybrid-2026.jpg'},{url:'https://imagescdn.d2cmedia.ca/cb30b3c7dfc74a45a4df48e4b717ffe68c/2221/14379929/1/Honda-Accord_Hybrid-2026.jpg'},{url:'https://imagescdn.d2cmedia.ca/cb30b3c7dfc74a45a4df48e4b717ffe68c/2221/14379929/2/Honda-Accord_Hybrid-2026.jpg'},{url:'https://imagescdn.d2cmedia.ca/cb30b3c7dfc74a45a4df48e4b717ffe68c/2221/14379929/3/Honda-Accord_Hybrid-2026.jpg'},{url:'https://imagescdn.d2cmedia.ca/cb30b3c7dfc74a45a4df48e4b717ffe68c/2221/14379929/4/Honda-Accord_Hybrid-2026.jpg'},{url:'https://imagescdn.d2cmedia.ca/cb30b3c7dfc74a45a4df48e4b717ffe68c/2221/14379929/5/Honda-Accord_Hybrid-2026.jpg'},{url:'https://imagescdn.d2cmedia.ca/cb30b3c7dfc74a45a4df48e4b717ffe68c/2221/14379929/6/Honda-Accord_Hybrid-2026.jpg'},{url:'https://imagescdn.d2cmedia.ca/cb30b3c7dfc74a45a4df48e4b717ffe68c/2221/14379929/7/Honda-Accord_Hybrid-2026.jpg'},{url:'https://imagescdn.d2cmedia.ca/cb30b3c7dfc74a45a4df48e4b717ffe68c/2221/14379929/8/Honda-Accord_Hybrid-2026.jpg'}]",20,KM,https://www.number7honda.com/new/inventory/2026-Honda-Accord_Hybrid-id14379929.html,2026 Honda Accord Hybrid 4dr Sdn Ecvt Touring at Number 7 Honda,49826 CAD,New,Blue,,2221,Number 7 Honda,+1-905-851-2258,"{addr1: '5555 Highway 7 W', city: 'Woodbridge', region: 'Ontario', postal_code: 'L4L 1T5', country: 'CA'}",43.7900000000,-79.5980000000,,,,,https://www.number7honda.com/privacy-policy.html,New,2221,In stock,,49826 CAD,Free,
1HGCY2F8XTA802277,1HGCY2F8XTA802277,262045-new,Honda,Accord Hybrid,4dr Sdn Ecvt Touring,2026,AUTOMATIC,SEDAN,HYBRID,,"2026 Honda Accord Hybrid 4dr Sdn Ecvt Touring, Grey exterior","[{url:'https://imagescdn.d2cmedia.ca/cb15f735e13c8af940e5c119c1157e6d99/2221/14379930/1/Honda-Accord Hybrid-2026.jpg'},{url:'https://imagescdn.d2cmedia.ca/s815f735e13c8af940e5c119c1157e6d99/2221/14379930/1/Honda-Accord_Hybrid-2026.jpg'},{url:'https://imagescdn.d2cmedia.ca/cb15f735e13c8af940e5c119c1157e6d99/2221/14379930/1/Honda-Accord_Hybrid-2026.jpg'},{url:'https://imagescdn.d2cmedia.ca/cb15f735e13c8af940e5c119c1157e6d99/2221/14379930/2/Honda-Accord_Hybrid-2026.jpg'},{url:'https://imagescdn.d2cmedia.ca/cb15f735e13c8af940e5c119c1157e6d99/2221/14379930/3/Honda-Accord_Hybrid-2026.jpg'},{url:'https://imagescdn.d2cmedia.ca/cb15f735e13c8af940e5c119c1157e6d99/2221/14379930/4/Honda-Accord_Hybrid-2026.jpg'},{url:'https://imagescdn.d2cmedia.ca/cb15f735e13c8af940e5c119c1157e6d99/2221/14379930/5/Honda-Accord_Hybrid-2026.jpg'},{url:'https://imagescdn.d2cmedia.ca/cb15f735e13c8af940e5c119c1157e6d99/2221/14379930/6/Honda-Accord_Hybrid-2026.jpg'},{url:'https://imagescdn.d2cmedia.ca/cb15f735e13c8af940e5c119c1157e6d99/2221/14379930/7/Honda-Accord_Hybrid-2026.jpg'},{url:'https://imagescdn.d2cmedia.ca/cb15f735e13c8af940e5c119c1157e6d99/2221/14379930/8/Honda-Accord_Hybrid-2026.jpg'}]",20,KM,https://www.number7honda.com/new/inventory/2026-Honda-Accord_Hybrid-id14379930.html,2026 Honda Accord Hybrid 4dr Sdn Ecvt Touring at Number 7 Honda,49826 CAD,New,Grey,,2221,Number 7 Honda,+1-905-851-2258,"{addr1: '5555 Highway 7 W', city: 'Woodbridge', region: 'Ontario', postal_code: 'L4L 1T5', country: 'CA'}",43.7900000000,-79.5980000000,,,,,https://www.number7honda.com/privacy-policy.html,New,2221,In stock,,49826 CAD,Free,
1HGCY2F81TA802300,1HGCY2F81TA802300,262060-new,Honda,Accord Hybrid,4dr Sdn Ecvt Touring,2026,AUTOMATIC,SEDAN,HYBRID,,"2026 Honda Accord Hybrid 4dr Sdn Ecvt Touring, Black exterior","[{url:'https://imagescdn.d2cmedia.ca/cb581beeb7f6862613f04b116f10359888/2221/14392679/1/Honda-Accord Hybrid-2026.jpg'},{url:'https://imagescdn.d2cmedia.ca/s8581beeb7f6862613f04b116f10359888/2221/14392679/1/Honda-Accord_Hybrid-2026.jpg'},{url:'https://imagescdn.d2cmedia.ca/cb581beeb7f6862613f04b116f10359888/2221/14392679/1/Honda-Accord_Hybrid-2026.jpg'},{url:'https://imagescdn.d2cmedia.ca/cb581beeb7f6862613f04b116f10359888/2221/14392679/2/Honda-Accord_Hybrid-2026.jpg'},{url:'https://imagescdn.d2cmedia.ca/cb581beeb7f6862613f04b116f10359888/2221/14392679/3/Honda-Accord_Hybrid-2026.jpg'},{url:'https://imagescdn.d2cmedia.ca/cb581beeb7f6862613f04b116f10359888/2221/14392679/4/Honda-Accord_Hybrid-2026.jpg'},{url:'https://imagescdn.d2cmedia.ca/cb581beeb7f6862613f04b116f10359888/2221/14392679/5/Honda-Accord_Hybrid-2026.jpg'},{url:'https://imagescdn.d2cmedia.ca/cb581beeb7f6862613f04b116f10359888/2221/14392679/6/Honda-Accord_Hybrid-2026.jpg'},{url:'https://imagescdn.d2cmedia.ca/cb581beeb7f6862613f04b116f10359888/2221/14392679/7/Honda-Accord_Hybrid-2026.jpg'},{url:'https://imagescdn.d2cmedia.ca/cb581beeb7f6862613f04b116f10359888/2221/14392679/8/Honda-Accord_Hybrid-2026.jpg'}]",20,KM,https://www.number7honda.com/new/inventory/2026-Honda-Accord_Hybrid-id14392679.html,2026 Honda Accord Hybrid 4dr Sdn Ecvt Touring at Number 7 Honda,49826 CAD,New,Black,,2221,Number 7 Honda,+1-905-851-2258,"{addr1: '5555 Highway 7 W', city: 'Woodbridge', region: 'Ontario', postal_code: 'L4L 1T5', country: 'CA'}",43.7900000000,-79.5980000000,,,,,https://www.number7honda.com/privacy-policy.html,New,2221,In stock,,49826 CAD,Free,
1HGCY2F8XTA802327,1HGCY2F8XTA802327,262079-new,Honda,Accord Hybrid,4dr Sdn Ecvt Touring,2026,AUTOMATIC,SEDAN,HYBRID,,"2026 Honda Accord Hybrid 4dr Sdn Ecvt Touring, Grey exterior","[{url:'https://carimages.d2cmedia.ca/newcarimages/en/cb6abe815d16bd4/Honda/Accord Hybrid/2026/1200/483348-NERSIFNETiBFQ1ZUIFRPVVJJTkc/Gray/front45.png'},{url:'https://carimages.d2cmedia.ca/newcarimages/en/cb6abe815d16bd4/Honda/Accord Hybrid/2026/1280/483348/grey/front_45_degree.png'},{url:'https://carimages.d2cmedia.ca/newcarimages/en/cb6abe815d16bd4/Honda/Accord Hybrid/2026/2100/483348/grey/front_45_degree.png'},{url:'https://carimages.d2cmedia.ca/newcarimages/en/cb6abe815d16bd4/Honda/Accord Hybrid/2026/2100/483348/grey/profile.png'},{url:'https://carimages.d2cmedia.ca/newcarimages/en/cb6abe815d16bd4/Honda/Accord Hybrid/2026/2100/483348/grey/back_45_degree.png'},{url:'https://carimages.d2cmedia.ca/newcarimages/en/cb6abe815d16bd4/Honda/Accord Hybrid/2026/2100/483348/grey/driver_dashboard.png'},{url:'https://carimages.d2cmedia.ca/newcarimages/en/cb6abe815d16bd4/Honda/Accord Hybrid/2026/2100/483348/grey/full_dashboard.png'},{url:'https://carimages.d2cmedia.ca/newcarimages/en/cb6abe815d16bd4/Honda/Accord Hybrid/2026/2100/483348/grey/interior_driver_open_seat.png'},{url:'https://carimages.d2cmedia.ca/newcarimages/en/cb6abe815d16bd4/Honda/Accord Hybrid/2026/2100/483348/grey/interior_driver_reat_seats.png'},{url:'https://carimages.d2cmedia.ca/newcarimages/en/cb6abe815d16bd4/Honda/Accord Hybrid/2026/2100/483348/grey/interior_driver_storage_console.png'}]",20,KM,https://www.number7honda.com/new/inventory/2026-Honda-Accord_Hybrid-id14454858.html,2026 Honda Accord Hybrid 4dr Sdn Ecvt Touring at Number 7 Honda,49826 CAD,New,Grey,,2221,Number 7 Honda,+1-905-851-2258,"{addr1: '5555 Highway 7 W', city: 'Woodbridge', region: 'Ontario', postal_code: 'L4L 1T5', country: 'CA'}",43.7900000000,-79.5980000000,,,,,https://www.number7honda.com/privacy-policy.html,New,2221,In stock,,49826 CAD,Free,
2HGFE4F89TH013752,2HGFE4F89TH013752,261450-new,Honda,Civic Hybrid,4dr Ecvt Sport,2026,AUTOMATIC,SEDAN,GASOLINE,,"2026 Honda Civic Hybrid 4dr Ecvt Sport, Black exterior","[{url:'https://imagescdn.d2cmedia.ca/cb6d7b9a79db18823977dae31c0da635ba/2221/13785645/1/Honda-Civic Sedan Hybrid-2026.jpg'},{url:'https://imagescdn.d2cmedia.ca/s86d7b9a79db18823977dae31c0da635ba/2221/13785645/1/Honda-Civic_Hybrid-2026.jpg'},{url:'https://imagescdn.d2cmedia.ca/cb6d7b9a79db18823977dae31c0da635ba/2221/13785645/1/Honda-Civic_Hybrid-2026.jpg'},{url:'https://imagescdn.d2cmedia.ca/cb6d7b9a79db18823977dae31c0da635ba/2221/13785645/2/Honda-Civic_Hybrid-2026.jpg'},{url:'https://imagescdn.d2cmedia.ca/cb6d7b9a79db18823977dae31c0da635ba/2221/13785645/3/Honda-Civic_Hybrid-2026.jpg'},{url:'https://imagescdn.d2cmedia.ca/cb6d7b9a79db18823977dae31c0da635ba/2221/13785645/4/Honda-Civic_Hybrid-2026.jpg'},{url:'https://imagescdn.d2cmedia.ca/cb6d7b9a79db18823977dae31c0da635ba/2221/13785645/5/Honda-Civic_Hybrid-2026.jpg'},{url:'https://imagescdn.d2cmedia.ca/cb6d7b9a79db18823977dae31c0da635ba/2221/13785645/6/Honda-Civic_Hybrid-2026.jpg'},{url:'https://imagescdn.d2cmedia.ca/cb6d7b9a79db18823977dae31c0da635ba/2221/13785645/7/Honda-Civic_Hybrid-2026.jpg'},{url:'https://imagescdn.d2cmedia.ca/cb6d7b9a79db18823977dae31c0da635ba/2221/13785645/8/Honda-Civic_Hybrid-2026.jpg'}]",0,KM,https://www.number7honda.com/new/inventory/2026-Honda-Civic_Hybrid-id13785645.html,2026 Honda Civic Hybrid 4dr Ecvt Sport at Number 7 Honda,37726 CAD,New,Black,,2221,Number 7 Honda,+1-905-851-2258,"{addr1: '5555 Highway 7 W', city: 'Woodbridge', region: 'Ontario', postal_code: 'L4L 1T5', country: 'CA'}",43.7900000000,-79.5980000000,,,,,https://www.number7honda.com/privacy-policy.html,New,2221,In stock,,37726 CAD,Free,
2HGFE4F88TH013905,2HGFE4F88TH013905,261456-new,Honda,Civic Hybrid,4dr Ecvt Sport,2026,AUTOMATIC,SEDAN,GASOLINE,,"2026 Honda Civic Hybrid 4dr Ecvt Sport, White exterior","[{url:'https://imagescdn.d2cmedia.ca/cb37c333138770e45c808b5f4a06dd1a93/2221/13785651/1/Honda-Civic Sedan Hybrid-2026.jpg'},{url:'https://imagescdn.d2cmedia.ca/s837c333138770e45c808b5f4a06dd1a93/2221/13785651/1/Honda-Civic_Hybrid-2026.jpg'},{url:'https://imagescdn.d2cmedia.ca/cb37c333138770e45c808b5f4a06dd1a93/2221/13785651/1/Honda-Civic_Hybrid-2026.jpg'},{url:'https://imagescdn.d2cmedia.ca/cb37c333138770e45c808b5f4a06dd1a93/2221/13785651/2/Honda-Civic_Hybrid-2026.jpg'},{url:'https://imagescdn.d2cmedia.ca/cb37c333138770e45c808b5f4a06dd1a93/2221/13785651/3/Honda-Civic_Hybrid-2026.jpg'},{url:'https://imagescdn.d2cmedia.ca/cb37c333138770e45c808b5f4a06dd1a93/2221/13785651/4/Honda-Civic_Hybrid-2026.jpg'},{url:'https://imagescdn.d2cmedia.ca/cb37c333138770e45c808b5f4a06dd1a93/2221/13785651/5/Honda-Civic_Hybrid-2026.jpg'},{url:'https://imagescdn.d2cmedia.ca/cb37c333138770e45c808b5f4a06dd1a93/2221/13785651/6/Honda-Civic_Hybrid-2026.jpg'},{url:'https://imagescdn.d2cmedia.ca/cb37c333138770e45c808b5f4a06dd1a93/2221/13785651/7/Honda-Civic_Hybrid-2026.jpg'},{url:'https://imagescdn.d2cmedia.ca/cb37c333138770e45c808b5f4a06dd1a93/2221/13785651/8/Honda-Civic_Hybrid-2026.jpg'}]",0,KM,https://www.number7honda.com/new/inventory/2026-Honda-Civic_Hybrid-id13785651.html,2026 Honda Civic Hybrid 4dr Ecvt Sport at Number 7 Honda,37726 CAD,New,White,,2221,Number 7 Honda,+1-905-851-2258,"{addr1: '5555 Highway 7 W', city: 'Woodbridge', region: 'Ontario', postal_code: 'L4L 1T5', country: 'CA'}",43.7900000000,-79.5980000000,,,,,https://www.number7honda.com/privacy-policy.html,New,2221,In stock,,37726 CAD,Free,
2HGFE4F84TH013920,2HGFE4F84TH013920,261458-new,Honda,Civic Hybrid,4dr Ecvt Sport,2026,AUTOMATIC,SEDAN,GASOLINE,,"2026 Honda Civic Hybrid 4dr Ecvt Sport, White exterior","[{url:'https://imagescdn.d2cmedia.ca/cb56d68031a6f515fcec43c9b85db284b2/2221/13785653/1/Honda-Civic Sedan Hybrid-2026.jpg'},{url:'https://imagescdn.d2cmedia.ca/s856d68031a6f515fcec43c9b85db284b2/2221/13785653/1/Honda-Civic_Hybrid-2026.jpg'},{url:'https://imagescdn.d2cmedia.ca/cb56d68031a6f515fcec43c9b85db284b2/2221/13785653/1/Honda-Civic_Hybrid-2026.jpg'},{url:'https://imagescdn.d2cmedia.ca/cb56d68031a6f515fcec43c9b85db284b2/2221/13785653/2/Honda-Civic_Hybrid-2026.jpg'},{url:'https://imagescdn.d2cmedia.ca/cb56d68031a6f515fcec43c9b85db284b2/2221/13785653/3/Honda-Civic_Hybrid-2026.jpg'},{url:'https://imagescdn.d2cmedia.ca/cb56d68031a6f515fcec43c9b85db284b2/2221/13785653/4/Honda-Civic_Hybrid-2026.jpg'},{url:'https://imagescdn.d2cmedia.ca/cb56d68031a6f515fcec43c9b85db284b2/2221/13785653/5/Honda-Civic_Hybrid-2026.jpg'},{url:'https://imagescdn.d2cmedia.ca/cb56d68031a6f515fcec43c9b85db284b2/2221/13785653/6/Honda-Civic_Hybrid-2026.jpg'},{url:'https://imagescdn.d2cmedia.ca/cb56d68031a6f515fcec43c9b85db284b2/2221/13785653/7/Honda-Civic_Hybrid-2026.jpg'},{url:'https://imagescdn.d2cmedia.ca/cb56d68031a6f515fcec43c9b85db284b2/2221/13785653/8/Honda-Civic_Hybrid-2026.jpg'}]",0,KM,https://www.number7honda.com/new/inventory/2026-Honda-Civic_Hybrid-id13785653.html,2026 Honda Civic Hybrid 4dr Ecvt Sport at Number 7 Honda,37726 CAD,New,White,,2221,Number 7 Honda,+1-905-851-2258,"{addr1: '5555 Highway 7 W', city: 'Woodbridge', region: 'Ontario', postal_code: 'L4L 1T5', country: 'CA'}",43.7900000000,-79.5980000000,,,,,https://www.number7honda.com/privacy-policy.html,New,2221,In stock,,37726 CAD,Free,
2HGFE4F84TH017627,2HGFE4F84TH017627,261837-new,Honda,Civic Hybrid,4dr Ecvt Sport,2026,AUTOMATIC,SEDAN,GASOLINE,,"2026 Honda Civic Hybrid 4dr Ecvt Sport, White exterior","[{url:'https://imagescdn.d2cmedia.ca/cb598ba170d21b84182eb622e95f4d2f6b/2221/14172360/1/Honda-Civic Sedan Hybrid-2026.jpg'},{url:'https://imagescdn.d2cmedia.ca/s8598ba170d21b84182eb622e95f4d2f6b/2221/14172360/1/Honda-Civic_Hybrid-2026.jpg'},{url:'https://imagescdn.d2cmedia.ca/cb598ba170d21b84182eb622e95f4d2f6b/2221/14172360/1/Honda-Civic_Hybrid-2026.jpg'},{url:'https://imagescdn.d2cmedia.ca/cb598ba170d21b84182eb622e95f4d2f6b/2221/14172360/2/Honda-Civic_Hybrid-2026.jpg'},{url:'https://imagescdn.d2cmedia.ca/cb598ba170d21b84182eb622e95f4d2f6b/2221/14172360/3/Honda-Civic_Hybrid-2026.jpg'},{url:'https://imagescdn.d2cmedia.ca/cb598ba170d21b84182eb622e95f4d2f6b/2221/14172360/4/Honda-Civic_Hybrid-2026.jpg'},{url:'https://imagescdn.d2cmedia.ca/cb598ba170d21b84182eb622e95f4d2f6b/2221/14172360/5/Honda-Civic_Hybrid-2026.jpg'},{url:'https://imagescdn.d2cmedia.ca/cb598ba170d21b84182eb622e95f4d2f6b/2221/14172360/6/Honda-Civic_Hybrid-2026.jpg'},{url:'https://imagescdn.d2cmedia.ca/cb598ba170d21b84182eb622e95f4d2f6b/2221/14172360/7/Honda-Civic_Hybrid-2026.jpg'},{url:'https://imagescdn.d2cmedia.ca/cb598ba170d21b84182eb622e95f4d2f6b/2221/14172360/8/Honda-Civic_Hybrid-2026.jpg'}]",0,KM,https://www.number7honda.com/new/inventory/2026-Honda-Civic_Hybrid-id14172360.html,2026 Honda Civic Hybrid 4dr Ecvt Sport at Number 7 Honda,37726 CAD,New,White,,2221,Number 7 Honda,+1-905-851-2258,"{addr1: '5555 Highway 7 W', city: 'Woodbridge', region: 'Ontario', postal_code: 'L4L 1T5', country: 'CA'}",43.7900000000,-79.5980000000,,,,,https://www.number7honda.com/privacy-policy.html,New,2221,In stock,,37726 CAD,Free,
2HGFE4F80TH018435,2HGFE4F80TH018435,261925-new,Honda,Civic Hybrid,4dr Ecvt Sport,2026,AUTOMATIC,SEDAN,HYBRID,,"2026 Honda Civic Hybrid 4dr Ecvt Sport, Red exterior","[{url:'https://imagescdn.d2cmedia.ca/cb38d4cbac64c81f8dde97278425f09035/2221/14211043/1/Honda-Civic Sedan Hybrid-2026.jpg'},{url:'https://imagescdn.d2cmedia.ca/s838d4cbac64c81f8dde97278425f09035/2221/14211043/1/Honda-Civic_Hybrid-2026.jpg'},{url:'https://imagescdn.d2cmedia.ca/cb38d4cbac64c81f8dde97278425f09035/2221/14211043/1/Honda-Civic_Hybrid-2026.jpg'},{url:'https://imagescdn.d2cmedia.ca/cb38d4cbac64c81f8dde97278425f09035/2221/14211043/2/Honda-Civic_Hybrid-2026.jpg'},{url:'https://imagescdn.d2cmedia.ca/cb38d4cbac64c81f8dde97278425f09035/2221/14211043/3/Honda-Civic_Hybrid-2026.jpg'},{url:'https://imagescdn.d2cmedia.ca/cb38d4cbac64c81f8dde97278425f09035/2221/14211043/4/Honda-Civic_Hybrid-2026.jpg'},{url:'https://imagescdn.d2cmedia.ca/cb38d4cbac64c81f8dde97278425f09035/2221/14211043/5/Honda-Civic_Hybrid-2026.jpg'},{url:'https://imagescdn.d2cmedia.ca/cb38d4cbac64c81f8dde97278425f09035/2221/14211043/6/Honda-Civic_Hybrid-2026.jpg'},{url:'https://imagescdn.d2cmedia.ca/cb38d4cbac64c81f8dde97278425f09035/2221/14211043/7/Honda-Civic_Hybrid-2026.jpg'},{url:'https://imagescdn.d2cmedia.ca/cb38d4cbac64c81f8dde97278425f09035/2221/14211043/8/Honda-Civic_Hybrid-2026.jpg'}]",0,KM,https://www.number7honda.com/new/inventory/2026-Honda-Civic_Hybrid-id14211043.html,2026 Honda Civic Hybrid 4dr Ecvt Sport at Number 7 Honda,37726 CAD,New,Red,,2221,Number 7 Honda,+1-905-851-2258,"{addr1: '5555 Highway 7 W', city: 'Woodbridge', region: 'Ontario', postal_code: 'L4L 1T5', country: 'CA'}",43.7900000000,-79.5980000000,,,,,https://www.number7honda.com/privacy-policy.html,New,2221,In stock,,37726 CAD,Free,
2HGFE4F85TH014851,2HGFE4F85TH014851,261547-new,Honda,Civic Hybrid,4dr Ecvt Sport,2026,AUTOMATIC,SEDAN,GASOLINE,,"2026 Honda Civic Hybrid 4dr Ecvt Sport, White exterior","[{url:'https://imagescdn.d2cmedia.ca/cb9eaec9a719de399d6d767e80d25374e9/2221/13857708/1/Honda-Civic Sedan Hybrid-2026.jpg'},{url:'https://imagescdn.d2cmedia.ca/s89eaec9a719de399d6d767e80d25374e9/2221/13857708/1/Honda-Civic_Hybrid-2026.jpg'},{url:'https://imagescdn.d2cmedia.ca/cb9eaec9a719de399d6d767e80d25374e9/2221/13857708/1/Honda-Civic_Hybrid-2026.jpg'},{url:'https://imagescdn.d2cmedia.ca/cb9eaec9a719de399d6d767e80d25374e9/2221/13857708/2/Honda-Civic_Hybrid-2026.jpg'},{url:'https://imagescdn.d2cmedia.ca/cb9eaec9a719de399d6d767e80d25374e9/2221/13857708/3/Honda-Civic_Hybrid-2026.jpg'},{url:'https://imagescdn.d2cmedia.ca/cb9eaec9a719de399d6d767e80d25374e9/2221/13857708/4/Honda-Civic_Hybrid-2026.jpg'},{url:'https://imagescdn.d2cmedia.ca/cb9eaec9a719de399d6d767e80d25374e9/2221/13857708/5/Honda-Civic_Hybrid-2026.jpg'},{url:'https://imagescdn.d2cmedia.ca/cb9eaec9a719de399d6d767e80d25374e9/2221/13857708/6/Honda-Civic_Hybrid-2026.jpg'},{url:'https://imagescdn.d2cmedia.ca/cb9eaec9a719de399d6d767e80d25374e9/2221/13857708/7/Honda-Civic_Hybrid-2026.jpg'},{url:'https://imagescdn.d2cmedia.ca/cb9eaec9a719de399d6d767e80d25374e9/2221/13857708/8/Honda-Civic_Hybrid-2026.jpg'}]",20,KM,https://www.number7honda.com/new/inventory/2026-Honda-Civic_Hybrid-id13857708.html,2026 Honda Civic Hybrid 4dr Ecvt Sport at Number 7 Honda,37726 CAD,New,White,,2221,Number 7 Honda,+1-905-851-2258,"{addr1: '5555 Highway 7 W', city: 'Woodbridge', region: 'Ontario', postal_code: 'L4L 1T5', country: 'CA'}",43.7900000000,-79.5980000000,,,,,https://www.number7honda.com/privacy-policy.html,New,2221,In stock,,37726 CAD,Free,
2HGFE4F87TH014477,2HGFE4F87TH014477,261562-new,Honda,Civic Hybrid,4dr Ecvt Sport,2026,AUTOMATIC,SEDAN,GASOLINE,,"2026 Honda Civic Hybrid 4dr Ecvt Sport, White exterior","[{url:'https://imagescdn.d2cmedia.ca/cb02adcbc7d455d0391564a1247573d620/2221/13863585/1/Honda-Civic Sedan Hybrid-2026.jpg'},{url:'https://imagescdn.d2cmedia.ca/s802adcbc7d455d0391564a1247573d620/2221/13863585/1/Honda-Civic_Hybrid-2026.jpg'},{url:'https://imagescdn.d2cmedia.ca/cb02adcbc7d455d0391564a1247573d620/2221/13863585/1/Honda-Civic_Hybrid-2026.jpg'},{url:'https://imagescdn.d2cmedia.ca/cb02adcbc7d455d0391564a1247573d620/2221/13863585/2/Honda-Civic_Hybrid-2026.jpg'},{url:'https://imagescdn.d2cmedia.ca/cb02adcbc7d455d0391564a1247573d620/2221/13863585/3/Honda-Civic_Hybrid-2026.jpg'},{url:'https://imagescdn.d2cmedia.ca/cb02adcbc7d455d0391564a1247573d620/2221/13863585/4/Honda-Civic_Hybrid-2026.jpg'},{url:'https://imagescdn.d2cmedia.ca/cb02adcbc7d455d0391564a1247573d620/2221/13863585/5/Honda-Civic_Hybrid-2026.jpg'},{url:'https://imagescdn.d2cmedia.ca/cb02adcbc7d455d0391564a1247573d620/2221/13863585/6/Honda-Civic_Hybrid-2026.jpg'},{url:'https://imagescdn.d2cmedia.ca/cb02adcbc7d455d0391564a1247573d620/2221/13863585/7/Honda-Civic_Hybrid-2026.jpg'},{url:'https://imagescdn.d2cmedia.ca/cb02adcbc7d455d0391564a1247573d620/2221/13863585/8/Honda-Civic_Hybrid-2026.jpg'}]",20,KM,https://www.number7honda.com/new/inventory/2026-Honda-Civic_Hybrid-id13863585.html,2026 Honda Civic Hybrid 4dr Ecvt Sport at Number 7 Honda,37726 CAD,New,White,,2221,Number 7 Honda,+1-905-851-2258,"{addr1: '5555 Highway 7 W', city: 'Woodbridge', region: 'Ontario', postal_code: 'L4L 1T5', country: 'CA'}",43.7900000000,-79.5980000000,,,,,https://www.number7honda.com/privacy-policy.html,New,2221,In stock,,37726 CAD,Free,
2HGFE4F80TH016216,2HGFE4F80TH016216,261724-new,Honda,Civic Hybrid,4dr Ecvt Sport,2026,AUTOMATIC,SEDAN,GASOLINE,,"2026 Honda Civic Hybrid 4dr Ecvt Sport, White exterior","[{url:'https://imagescdn.d2cmedia.ca/cb7b140c61fd4982281b89cfed7fd65ad9/2221/13985641/1/Honda-Civic Sedan Hybrid-2026.jpg'},{url:'https://imagescdn.d2cmedia.ca/s87b140c61fd4982281b89cfed7fd65ad9/2221/13985641/1/Honda-Civic_Hybrid-2026.jpg'},{url:'https://imagescdn.d2cmedia.ca/cb7b140c61fd4982281b89cfed7fd65ad9/2221/13985641/1/Honda-Civic_Hybrid-2026.jpg'},{url:'https://imagescdn.d2cmedia.ca/cb7b140c61fd4982281b89cfed7fd65ad9/2221/13985641/2/Honda-Civic_Hybrid-2026.jpg'},{url:'https://imagescdn.d2cmedia.ca/cb7b140c61fd4982281b89cfed7fd65ad9/2221/13985641/3/Honda-Civic_Hybrid-2026.jpg'},{url:'https://imagescdn.d2cmedia.ca/cb7b140c61fd4982281b89cfed7fd65ad9/2221/13985641/4/Honda-Civic_Hybrid-2026.jpg'},{url:'https://imagescdn.d2cmedia.ca/cb7b140c61fd4982281b89cfed7fd65ad9/2221/13985641/5/Honda-Civic_Hybrid-2026.jpg'},{url:'https://imagescdn.d2cmedia.ca/cb7b140c61fd4982281b89cfed7fd65ad9/2221/13985641/6/Honda-Civic_Hybrid-2026.jpg'},{url:'https://imagescdn.d2cmedia.ca/cb7b140c61fd4982281b89cfed7fd65ad9/2221/13985641/7/Honda-Civic_Hybrid-2026.jpg'},{url:'https://imagescdn.d2cmedia.ca/cb7b140c61fd4982281b89cfed7fd65ad9/2221/13985641/8/Honda-Civic_Hybrid-2026.jpg'}]",20,KM,https://www.number7honda.com/new/inventory/2026-Honda-Civic_Hybrid-id13985641.html,2026 Honda Civic Hybrid 4dr Ecvt Sport at Number 7 Honda,37726 CAD,New,White,,2221,Number 7 Honda,+1-905-851-2258,"{addr1: '5555 Highway 7 W', city: 'Woodbridge', region: 'Ontario', postal_code: 'L4L 1T5', country: 'CA'}",43.7900000000,-79.5980000000,,,,,https://www.number7honda.com/privacy-policy.html,New,2221,In stock,,37726 CAD,Free,
2HGFE4F86TH016236,2HGFE4F86TH016236,261725-new,Honda,Civic Hybrid,4dr Ecvt Sport,2026,AUTOMATIC,SEDAN,GASOLINE,,"2026 Honda Civic Hybrid 4dr Ecvt Sport, White exterior","[{url:'https://imagescdn.d2cmedia.ca/cbc2c3ae795bed1590bfdfd0a564f7e5be/2221/13985642/1/Honda-Civic Sedan Hybrid-2026.jpg'},{url:'https://imagescdn.d2cmedia.ca/s8c2c3ae795bed1590bfdfd0a564f7e5be/2221/13985642/1/Honda-Civic_Hybrid-2026.jpg'},{url:'https://imagescdn.d2cmedia.ca/cbc2c3ae795bed1590bfdfd0a564f7e5be/2221/13985642/1/Honda-Civic_Hybrid-2026.jpg'},{url:'https://imagescdn.d2cmedia.ca/cbc2c3ae795bed1590bfdfd0a564f7e5be/2221/13985642/2/Honda-Civic_Hybrid-2026.jpg'},{url:'https://imagescdn.d2cmedia.ca/cbc2c3ae795bed1590bfdfd0a564f7e5be/2221/13985642/3/Honda-Civic_Hybrid-2026.jpg'},{url:'https://imagescdn.d2cmedia.ca/cbc2c3ae795bed1590bfdfd0a564f7e5be/2221/13985642/4/Honda-Civic_Hybrid-2026.jpg'},{url:'https://imagescdn.d2cmedia.ca/cbc2c3ae795bed1590bfdfd0a564f7e5be/2221/13985642/5/Honda-Civic_Hybrid-2026.jpg'},{url:'https://imagescdn.d2cmedia.ca/cbc2c3ae795bed1590bfdfd0a564f7e5be/2221/13985642/6/Honda-Civic_Hybrid-2026.jpg'},{url:'https://imagescdn.d2cmedia.ca/cbc2c3ae795bed1590bfdfd0a564f7e5be/2221/13985642/7/Honda-Civic_Hybrid-2026.jpg'},{url:'https://imagescdn.d2cmedia.ca/cbc2c3ae795bed1590bfdfd0a564f7e5be/2221/13985642/8/Honda-Civic_Hybrid-2026.jpg'}]",20,KM,https://www.number7honda.com/new/inventory/2026-Honda-Civic_Hybrid-id13985642.html,2026 Honda Civic Hybrid 4dr Ecvt Sport at Number 7 Honda,37726 CAD,New,White,,2221,Number 7 Honda,+1-905-851-2258,"{addr1: '5555 Highway 7 W', city: 'Woodbridge', region: 'Ontario', postal_code: 'L4L 1T5', country: 'CA'}",43.7900000000,-79.5980000000,,,,,https://www.number7honda.com/privacy-policy.html,New,2221,In stock,,37726 CAD,Free,
2HGFE4F83TH016095,2HGFE4F83TH016095,261726-new,Honda,Civic Hybrid,4dr Ecvt Sport,2026,AUTOMATIC,SEDAN,GASOLINE,,"2026 Honda Civic Hybrid 4dr Ecvt Sport, White exterior","[{url:'https://imagescdn.d2cmedia.ca/cbcdce644cabac6d4bf853af7dce3ae30f/2221/13985643/1/Honda-Civic Sedan Hybrid-2026.jpg'},{url:'https://imagescdn.d2cmedia.ca/s8cdce644cabac6d4bf853af7dce3ae30f/2221/13985643/1/Honda-Civic_Hybrid-2026.jpg'},{url:'https://imagescdn.d2cmedia.ca/cbcdce644cabac6d4bf853af7dce3ae30f/2221/13985643/1/Honda-Civic_Hybrid-2026.jpg'},{url:'https://imagescdn.d2cmedia.ca/cbcdce644cabac6d4bf853af7dce3ae30f/2221/13985643/2/Honda-Civic_Hybrid-2026.jpg'},{url:'https://imagescdn.d2cmedia.ca/cbcdce644cabac6d4bf853af7dce3ae30f/2221/13985643/3/Honda-Civic_Hybrid-2026.jpg'},{url:'https://imagescdn.d2cmedia.ca/cbcdce644cabac6d4bf853af7dce3ae30f/2221/13985643/4/Honda-Civic_Hybrid-2026.jpg'},{url:'https://imagescdn.d2cmedia.ca/cbcdce644cabac6d4bf853af7dce3ae30f/2221/13985643/5/Honda-Civic_Hybrid-2026.jpg'},{url:'https://imagescdn.d2cmedia.ca/cbcdce644cabac6d4bf853af7dce3ae30f/2221/13985643/6/Honda-Civic_Hybrid-2026.jpg'},{url:'https://imagescdn.d2cmedia.ca/cbcdce644cabac6d4bf853af7dce3ae30f/2221/13985643/7/Honda-Civic_Hybrid-2026.jpg'},{url:'https://imagescdn.d2cmedia.ca/cbcdce644cabac6d4bf853af7dce3ae30f/2221/13985643/8/Honda-Civic_Hybrid-2026.jpg'}]",20,KM,https://www.number7honda.com/new/inventory/2026-Honda-Civic_Hybrid-id13985643.html,2026 Honda Civic Hybrid 4dr Ecvt Sport at Number 7 Honda,37726 CAD,New,White,,2221,Number 7 Honda,+1-905-851-2258,"{addr1: '5555 Highway 7 W', city: 'Woodbridge', region: 'Ontario', postal_code: 'L4L 1T5', country: 'CA'}",43.7900000000,-79.5980000000,,,,,https://www.number7honda.com/privacy-policy.html,New,2221,In stock,,37726 CAD,Free,
2HGFE4F85TH016213,2HGFE4F85TH016213,261730-new,Honda,Civic Hybrid,4dr Ecvt Sport,2026,AUTOMATIC,SEDAN,GASOLINE,,"2026 Honda Civic Hybrid 4dr Ecvt Sport, White exterior","[{url:'https://imagescdn.d2cmedia.ca/cb04d6b4e11ae65c4bd33c3fa7cc97c71b/2221/13991426/1/Honda-Civic Sedan Hybrid-2026.jpg'},{url:'https://imagescdn.d2cmedia.ca/s804d6b4e11ae65c4bd33c3fa7cc97c71b/2221/13991426/1/Honda-Civic_Hybrid-2026.jpg'},{url:'https://imagescdn.d2cmedia.ca/cb04d6b4e11ae65c4bd33c3fa7cc97c71b/2221/13991426/1/Honda-Civic_Hybrid-2026.jpg'},{url:'https://imagescdn.d2cmedia.ca/cb04d6b4e11ae65c4bd33c3fa7cc97c71b/2221/13991426/2/Honda-Civic_Hybrid-2026.jpg'},{url:'https://imagescdn.d2cmedia.ca/cb04d6b4e11ae65c4bd33c3fa7cc97c71b/2221/13991426/3/Honda-Civic_Hybrid-2026.jpg'},{url:'https://imagescdn.d2cmedia.ca/cb04d6b4e11ae65c4bd33c3fa7cc97c71b/2221/13991426/4/Honda-Civic_Hybrid-2026.jpg'},{url:'https://imagescdn.d2cmedia.ca/cb04d6b4e11ae65c4bd33c3fa7cc97c71b/2221/13991426/5/Honda-Civic_Hybrid-2026.jpg'},{url:'https://imagescdn.d2cmedia.ca/cb04d6b4e11ae65c4bd33c3fa7cc97c71b/2221/13991426/6/Honda-Civic_Hybrid-2026.jpg'},{url:'https://imagescdn.d2cmedia.ca/cb04d6b4e11ae65c4bd33c3fa7cc97c71b/2221/13991426/7/Honda-Civic_Hybrid-2026.jpg'},{url:'https://imagescdn.d2cmedia.ca/cb04d6b4e11ae65c4bd33c3fa7cc97c71b/2221/13991426/8/Honda-Civic_Hybrid-2026.jpg'}]",20,KM,https://www.number7honda.com/new/inventory/2026-Honda-Civic_Hybrid-id13991426.html,2026 Honda Civic Hybrid 4dr Ecvt Sport at Number 7 Honda,37726 CAD,New,White,,2221,Number 7 Honda,+1-905-851-2258,"{addr1: '5555 Highway 7 W', city: 'Woodbridge', region: 'Ontario', postal_code: 'L4L 1T5', country: 'CA'}",43.7900000000,-79.5980000000,,,,,https://www.number7honda.com/privacy-policy.html,New,2221,In stock,,37726 CAD,Free,
2HGFE4F89TH017610,2HGFE4F89TH017610,261836-new,Honda,Civic Hybrid,4dr Ecvt Sport,2026,AUTOMATIC,SEDAN,GASOLINE,,"2026 Honda Civic Hybrid 4dr Ecvt Sport, White exterior","[{url:'https://imagescdn.d2cmedia.ca/cbfbbcc6fbde8edb132a3701aa33a76f75/2221/14172359/1/Honda-Civic Sedan Hybrid-2026.jpg'},{url:'https://imagescdn.d2cmedia.ca/s8fbbcc6fbde8edb132a3701aa33a76f75/2221/14172359/1/Honda-Civic_Hybrid-2026.jpg'},{url:'https://imagescdn.d2cmedia.ca/cbfbbcc6fbde8edb132a3701aa33a76f75/2221/14172359/1/Honda-Civic_Hybrid-2026.jpg'},{url:'https://imagescdn.d2cmedia.ca/cbfbbcc6fbde8edb132a3701aa33a76f75/2221/14172359/2/Honda-Civic_Hybrid-2026.jpg'},{url:'https://imagescdn.d2cmedia.ca/cbfbbcc6fbde8edb132a3701aa33a76f75/2221/14172359/3/Honda-Civic_Hybrid-2026.jpg'},{url:'https://imagescdn.d2cmedia.ca/cbfbbcc6fbde8edb132a3701aa33a76f75/2221/14172359/4/Honda-Civic_Hybrid-2026.jpg'},{url:'https://imagescdn.d2cmedia.ca/cbfbbcc6fbde8edb132a3701aa33a76f75/2221/14172359/5/Honda-Civic_Hybrid-2026.jpg'},{url:'https://imagescdn.d2cmedia.ca/cbfbbcc6fbde8edb132a3701aa33a76f75/2221/14172359/6/Honda-Civic_Hybrid-2026.jpg'},{url:'https://imagescdn.d2cmedia.ca/cbfbbcc6fbde8edb132a3701aa33a76f75/2221/14172359/7/Honda-Civic_Hybrid-2026.jpg'},{url:'https://imagescdn.d2cmedia.ca/cbfbbcc6fbde8edb132a3701aa33a76f75/2221/14172359/8/Honda-Civic_Hybrid-2026.jpg'}]",20,KM,https://www.number7honda.com/new/inventory/2026-Honda-Civic_Hybrid-id14172359.html,2026 Honda Civic Hybrid 4dr Ecvt Sport at Number 7 Honda,37726 CAD,New,White,,2221,Number 7 Honda,+1-905-851-2258,"{addr1: '5555 Highway 7 W', city: 'Woodbridge', region: 'Ontario', postal_code: 'L4L 1T5', country: 'CA'}",43.7900000000,-79.5980000000,,,,,https://www.number7honda.com/privacy-policy.html,New,2221,In stock,,37726 CAD,Free,
2HGFE4F89TH017624,2HGFE4F89TH017624,261839-new,Honda,Civic Hybrid,4dr Ecvt Sport,2026,AUTOMATIC,SEDAN,GASOLINE,,"2026 Honda Civic Hybrid 4dr Ecvt Sport, White exterior","[{url:'https://imagescdn.d2cmedia.ca/cb3378881e73aa0a6e202026b051fceecf/2221/14172362/1/Honda-Civic Sedan Hybrid-2026.jpg'},{url:'https://imagescdn.d2cmedia.ca/s83378881e73aa0a6e202026b051fceecf/2221/14172362/1/Honda-Civic_Hybrid-2026.jpg'},{url:'https://imagescdn.d2cmedia.ca/cb3378881e73aa0a6e202026b051fceecf/2221/14172362/1/Honda-Civic_Hybrid-2026.jpg'},{url:'https://imagescdn.d2cmedia.ca/cb3378881e73aa0a6e202026b051fceecf/2221/14172362/2/Honda-Civic_Hybrid-2026.jpg'},{url:'https://imagescdn.d2cmedia.ca/cb3378881e73aa0a6e202026b051fceecf/2221/14172362/3/Honda-Civic_Hybrid-2026.jpg'},{url:'https://imagescdn.d2cmedia.ca/cb3378881e73aa0a6e202026b051fceecf/2221/14172362/4/Honda-Civic_Hybrid-2026.jpg'},{url:'https://imagescdn.d2cmedia.ca/cb3378881e73aa0a6e202026b051fceecf/2221/14172362/5/Honda-Civic_Hybrid-2026.jpg'},{url:'https://imagescdn.d2cmedia.ca/cb3378881e73aa0a6e202026b051fceecf/2221/14172362/6/Honda-Civic_Hybrid-2026.jpg'},{url:'https://imagescdn.d2cmedia.ca/cb3378881e73aa0a6e202026b051fceecf/2221/14172362/7/Honda-Civic_Hybrid-2026.jpg'},{url:'https://imagescdn.d2cmedia.ca/cb3378881e73aa0a6e202026b051fceecf/2221/14172362/8/Honda-Civic_Hybrid-2026.jpg'}]",20,KM,https://www.number7honda.com/new/inventory/2026-Honda-Civic_Hybrid-id14172362.html,2026 Honda Civic Hybrid 4dr Ecvt Sport at Number 7 Honda,37726 CAD,New,White,,2221,Number 7 Honda,+1-905-851-2258,"{addr1: '5555 Highway 7 W', city: 'Woodbridge', region: 'Ontario', postal_code: 'L4L 1T5', country: 'CA'}",43.7900000000,-79.5980000000,,,,,https://www.number7honda.com/privacy-policy.html,New,2221,In stock,,37726 CAD,Free,
2HGFE4F81TH017651,2HGFE4F81TH017651,261852-new,Honda,Civic Hybrid,4dr Ecvt Sport,2026,AUTOMATIC,SEDAN,GASOLINE,,"2026 Honda Civic Hybrid 4dr Ecvt Sport, White exterior","[{url:'https://imagescdn.d2cmedia.ca/cbf1639315718d98f94990fbb51c2a1f5b/2221/14172375/1/Honda-Civic Sedan Hybrid-2026.jpg'},{url:'https://imagescdn.d2cmedia.ca/s8f1639315718d98f94990fbb51c2a1f5b/2221/14172375/1/Honda-Civic_Hybrid-2026.jpg'},{url:'https://imagescdn.d2cmedia.ca/cbf1639315718d98f94990fbb51c2a1f5b/2221/14172375/1/Honda-Civic_Hybrid-2026.jpg'},{url:'https://imagescdn.d2cmedia.ca/cbf1639315718d98f94990fbb51c2a1f5b/2221/14172375/2/Honda-Civic_Hybrid-2026.jpg'},{url:'https://imagescdn.d2cmedia.ca/cbf1639315718d98f94990fbb51c2a1f5b/2221/14172375/3/Honda-Civic_Hybrid-2026.jpg'},{url:'https://imagescdn.d2cmedia.ca/cbf1639315718d98f94990fbb51c2a1f5b/2221/14172375/4/Honda-Civic_Hybrid-2026.jpg'},{url:'https://imagescdn.d2cmedia.ca/cbf1639315718d98f94990fbb51c2a1f5b/2221/14172375/5/Honda-Civic_Hybrid-2026.jpg'},{url:'https://imagescdn.d2cmedia.ca/cbf1639315718d98f94990fbb51c2a1f5b/2221/14172375/6/Honda-Civic_Hybrid-2026.jpg'},{url:'https://imagescdn.d2cmedia.ca/cbf1639315718d98f94990fbb51c2a1f5b/2221/14172375/7/Honda-Civic_Hybrid-2026.jpg'},{url:'https://imagescdn.d2cmedia.ca/cbf1639315718d98f94990fbb51c2a1f5b/2221/14172375/8/Honda-Civic_Hybrid-2026.jpg'}]",20,KM,https://www.number7honda.com/new/inventory/2026-Honda-Civic_Hybrid-id14172375.html,2026 Honda Civic Hybrid 4dr Ecvt Sport at Number 7 Honda,37726 CAD,New,White,,2221,Number 7 Honda,+1-905-851-2258,"{addr1: '5555 Highway 7 W', city: 'Woodbridge', region: 'Ontario', postal_code: 'L4L 1T5', country: 'CA'}",43.7900000000,-79.5980000000,,,,,https://www.number7honda.com/privacy-policy.html,New,2221,In stock,,37726 CAD,Free,
2HGFE4F82TH020509,2HGFE4F82TH020509,262072-new,Honda,Civic Hybrid,4dr Ecvt Sport,2026,AUTOMATIC,SEDAN,HYBRID,,"2026 Honda Civic Hybrid 4dr Ecvt Sport, White exterior","[{url:'https://imagescdn.d2cmedia.ca/cb2096963f1ee86ba447c6802c17f0bb63/2221/14433015/1/Honda-Civic Sedan Hybrid-2026.jpg'},{url:'https://imagescdn.d2cmedia.ca/s82096963f1ee86ba447c6802c17f0bb63/2221/14433015/1/Honda-Civic_Hybrid-2026.jpg'},{url:'https://imagescdn.d2cmedia.ca/cb2096963f1ee86ba447c6802c17f0bb63/2221/14433015/1/Honda-Civic_Hybrid-2026.jpg'},{url:'https://imagescdn.d2cmedia.ca/cb2096963f1ee86ba447c6802c17f0bb63/2221/14433015/2/Honda-Civic_Hybrid-2026.jpg'},{url:'https://imagescdn.d2cmedia.ca/cb2096963f1ee86ba447c6802c17f0bb63/2221/14433015/3/Honda-Civic_Hybrid-2026.jpg'},{url:'https://imagescdn.d2cmedia.ca/cb2096963f1ee86ba447c6802c17f0bb63/2221/14433015/4/Honda-Civic_Hybrid-2026.jpg'},{url:'https://imagescdn.d2cmedia.ca/cb2096963f1ee86ba447c6802c17f0bb63/2221/14433015/5/Honda-Civic_Hybrid-2026.jpg'},{url:'https://imagescdn.d2cmedia.ca/cb2096963f1ee86ba447c6802c17f0bb63/2221/14433015/6/Honda-Civic_Hybrid-2026.jpg'},{url:'https://imagescdn.d2cmedia.ca/cb2096963f1ee86ba447c6802c17f0bb63/2221/14433015/7/Honda-Civic_Hybrid-2026.jpg'},{url:'https://imagescdn.d2cmedia.ca/cb2096963f1ee86ba447c6802c17f0bb63/2221/14433015/8/Honda-Civic_Hybrid-2026.jpg'}]",20,KM,https://www.number7honda.com/new/inventory/2026-Honda-Civic_Hybrid-id14433015.html,2026 Honda Civic Hybrid 4dr Ecvt Sport at Number 7 Honda,37726 CAD,New,White,,2221,Number 7 Honda,+1-905-851-2258,"{addr1: '5555 Highway 7 W', city: 'Woodbridge', region: 'Ontario', postal_code: 'L4L 1T5', country: 'CA'}",43.7900000000,-79.5980000000,,,,,https://www.number7honda.com/privacy-policy.html,New,2221,In stock,,37726 CAD,Free,
2HGFE4F80TH020055,2HGFE4F80TH020055,262086-new,Honda,Civic Hybrid,4dr Ecvt Sport,2026,AUTOMATIC,SEDAN,GASOLINE,,"2026 Honda Civic Hybrid 4dr Ecvt Sport, SOLAR REFLECTIO exterior","[{url:'https://carimages.d2cmedia.ca/newcarimages/en/cb6abe815d16bd4/Honda/Civic Sedan Hybrid/2026/1200/478590-NERSIEVDVlQgU1BPUlQ/white/front45.png'},{url:'https://carimages.d2cmedia.ca/newcarimages/en/cb6abe815d16bd4/Honda/Civic Sedan Hybrid/2026/1280/478590/SOLAR REFLECTIO/front_45_degree.png'},{url:'https://carimages.d2cmedia.ca/newcarimages/en/cb6abe815d16bd4/Honda/Civic Sedan Hybrid/2026/2100/478590/SOLAR REFLECTIO/front_45_degree.png'},{url:'https://carimages.d2cmedia.ca/newcarimages/en/cb6abe815d16bd4/Honda/Civic Sedan Hybrid/2026/2100/478590/SOLAR REFLECTIO/profile.png'},{url:'https://carimages.d2cmedia.ca/newcarimages/en/cb6abe815d16bd4/Honda/Civic Sedan Hybrid/2026/2100/478590/SOLAR REFLECTIO/back_45_degree.png'},{url:'https://carimages.d2cmedia.ca/newcarimages/en/cb6abe815d16bd4/Honda/Civic Sedan Hybrid/2026/2100/478590/SOLAR REFLECTIO/driver_dashboard.png'},{url:'https://carimages.d2cmedia.ca/newcarimages/en/cb6abe815d16bd4/Honda/Civic Sedan Hybrid/2026/2100/478590/SOLAR REFLECTIO/full_dashboard.png'},{url:'https://carimages.d2cmedia.ca/newcarimages/en/cb6abe815d16bd4/Honda/Civic Sedan Hybrid/2026/2100/478590/SOLAR REFLECTIO/interior_driver_open_seat.png'},{url:'https://carimages.d2cmedia.ca/newcarimages/en/cb6abe815d16bd4/Honda/Civic Sedan Hybrid/2026/2100/478590/SOLAR REFLECTIO/interior_driver_reat_seats.png'},{url:'https://carimages.d2cmedia.ca/newcarimages/en/cb6abe815d16bd4/Honda/Civic Sedan Hybrid/2026/2100/478590/SOLAR REFLECTIO/interior_driver_storage_console.png'}]",20,KM,https://www.number7honda.com/new/inventory/2026-Honda-Civic_Hybrid-id14462073.html,2026 Honda Civic Hybrid 4dr Ecvt Sport at Number 7 Honda,37726 CAD,New,SOLAR REFLECTIO,,2221,Number 7 Honda,+1-905-851-2258,"{addr1: '5555 Highway 7 W', city: 'Woodbridge', region: 'Ontario', postal_code: 'L4L 1T5', country: 'CA'}",43.7900000000,-79.5980000000,,,,,https://www.number7honda.com/privacy-policy.html,New,2221,In stock,,37726 CAD,Free,
2HGFE4F86TH020190,2HGFE4F86TH020190,262047-new,Honda,Civic Hybrid,4dr Ecvt Sport,2026,AUTOMATIC,SEDAN,HYBRID,,"2026 Honda Civic Hybrid 4dr Ecvt Sport, SOLAR REFLECTIO exterior","[{url:'https://imagescdn.d2cmedia.ca/cb428ef631addfd8a91b4ed5d6a4a71e53/2221/14379932/1/Honda-Civic Sedan Hybrid-2026.jpg'},{url:'https://imagescdn.d2cmedia.ca/s8428ef631addfd8a91b4ed5d6a4a71e53/2221/14379932/1/Honda-Civic_Hybrid-2026.jpg'},{url:'https://imagescdn.d2cmedia.ca/cb428ef631addfd8a91b4ed5d6a4a71e53/2221/14379932/1/Honda-Civic_Hybrid-2026.jpg'},{url:'https://imagescdn.d2cmedia.ca/cb428ef631addfd8a91b4ed5d6a4a71e53/2221/14379932/2/Honda-Civic_Hybrid-2026.jpg'},{url:'https://imagescdn.d2cmedia.ca/cb428ef631addfd8a91b4ed5d6a4a71e53/2221/14379932/3/Honda-Civic_Hybrid-2026.jpg'},{url:'https://imagescdn.d2cmedia.ca/cb428ef631addfd8a91b4ed5d6a4a71e53/2221/14379932/4/Honda-Civic_Hybrid-2026.jpg'},{url:'https://imagescdn.d2cmedia.ca/cb428ef631addfd8a91b4ed5d6a4a71e53/2221/14379932/5/Honda-Civic_Hybrid-2026.jpg'},{url:'https://imagescdn.d2cmedia.ca/cb428ef631addfd8a91b4ed5d6a4a71e53/2221/14379932/6/Honda-Civic_Hybrid-2026.jpg'},{url:'https://imagescdn.d2cmedia.ca/cb428ef631addfd8a91b4ed5d6a4a71e53/2221/14379932/7/Honda-Civic_Hybrid-2026.jpg'},{url:'https://imagescdn.d2cmedia.ca/cb428ef631addfd8a91b4ed5d6a4a71e53/2221/14379932/8/Honda-Civic_Hybrid-2026.jpg'}]",20,KM,https://www.number7honda.com/new/inventory/2026-Honda-Civic_Hybrid-id14379932.html,2026 Honda Civic Hybrid 4dr Ecvt Sport at Number 7 Honda,39626 CAD,New,SOLAR REFLECTIO,,2221,Number 7 Honda,+1-905-851-2258,"{addr1: '5555 Highway 7 W', city: 'Woodbridge', region: 'Ontario', postal_code: 'L4L 1T5', country: 'CA'}",43.7900000000,-79.5980000000,,,,,https://www.number7honda.com/privacy-policy.html,New,2221,In stock,,39626 CAD,Free,
2HGFE4F87TH020697,2HGFE4F87TH020697,262080-new,Honda,Civic Hybrid,4dr Ecvt Sport,2026,AUTOMATIC,SEDAN,HYBRID,,"2026 Honda Civic Hybrid 4dr Ecvt Sport, Black exterior","[{url:'https://carimages.d2cmedia.ca/newcarimages/en/cb6abe815d16bd4/Honda/Civic Sedan Hybrid/2026/1200/478590-NERSIEVDVlQgU1BPUlQ/black/front45.png'},{url:'https://carimages.d2cmedia.ca/newcarimages/en/cb6abe815d16bd4/Honda/Civic Sedan Hybrid/2026/1280/478590/black/front_45_degree.png'},{url:'https://carimages.d2cmedia.ca/newcarimages/en/cb6abe815d16bd4/Honda/Civic Sedan Hybrid/2026/2100/478590/black/front_45_degree.png'},{url:'https://carimages.d2cmedia.ca/newcarimages/en/cb6abe815d16bd4/Honda/Civic Sedan Hybrid/2026/2100/478590/black/profile.png'},{url:'https://carimages.d2cmedia.ca/newcarimages/en/cb6abe815d16bd4/Honda/Civic Sedan Hybrid/2026/2100/478590/black/back_45_degree.png'},{url:'https://carimages.d2cmedia.ca/newcarimages/en/cb6abe815d16bd4/Honda/Civic Sedan Hybrid/2026/2100/478590/black/driver_dashboard.png'},{url:'https://carimages.d2cmedia.ca/newcarimages/en/cb6abe815d16bd4/Honda/Civic Sedan Hybrid/2026/2100/478590/black/full_dashboard.png'},{url:'https://carimages.d2cmedia.ca/newcarimages/en/cb6abe815d16bd4/Honda/Civic Sedan Hybrid/2026/2100/478590/black/interior_driver_open_seat.png'},{url:'https://carimages.d2cmedia.ca/newcarimages/en/cb6abe815d16bd4/Honda/Civic Sedan Hybrid/2026/2100/478590/black/interior_driver_reat_seats.png'},{url:'https://carimages.d2cmedia.ca/newcarimages/en/cb6abe815d16bd4/Honda/Civic Sedan Hybrid/2026/2100/478590/black/interior_driver_storage_console.png'}]",20,KM,https://www.number7honda.com/new/inventory/2026-Honda-Civic_Hybrid-id14454859.html,2026 Honda Civic Hybrid 4dr Ecvt Sport at Number 7 Honda,39626 CAD,New,Black,,2221,Number 7 Honda,+1-905-851-2258,"{addr1: '5555 Highway 7 W', city: 'Woodbridge', region: 'Ontario', postal_code: 'L4L 1T5', country: 'CA'}",43.7900000000,-79.5980000000,,,,,https://www.number7honda.com/privacy-policy.html,New,2221,In stock,,39626 CAD,Free,
2HGFE4F8XTH020533,2HGFE4F8XTH020533,262081-new,Honda,Civic Hybrid,4dr Ecvt Sport,2026,AUTOMATIC,SEDAN,HYBRID,,"2026 Honda Civic Hybrid 4dr Ecvt Sport, Black exterior","[{url:'https://carimages.d2cmedia.ca/newcarimages/en/cb6abe815d16bd4/Honda/Civic Sedan Hybrid/2026/1200/478590-NERSIEVDVlQgU1BPUlQ/black/front45.png'},{url:'https://carimages.d2cmedia.ca/newcarimages/en/cb6abe815d16bd4/Honda/Civic Sedan Hybrid/2026/1280/478590/black/front_45_degree.png'},{url:'https://carimages.d2cmedia.ca/newcarimages/en/cb6abe815d16bd4/Honda/Civic Sedan Hybrid/2026/2100/478590/black/front_45_degree.png'},{url:'https://carimages.d2cmedia.ca/newcarimages/en/cb6abe815d16bd4/Honda/Civic Sedan Hybrid/2026/2100/478590/black/profile.png'},{url:'https://carimages.d2cmedia.ca/newcarimages/en/cb6abe815d16bd4/Honda/Civic Sedan Hybrid/2026/2100/478590/black/back_45_degree.png'},{url:'https://carimages.d2cmedia.ca/newcarimages/en/cb6abe815d16bd4/Honda/Civic Sedan Hybrid/2026/2100/478590/black/driver_dashboard.png'},{url:'https://carimages.d2cmedia.ca/newcarimages/en/cb6abe815d16bd4/Honda/Civic Sedan Hybrid/2026/2100/478590/black/full_dashboard.png'},{url:'https://carimages.d2cmedia.ca/newcarimages/en/cb6abe815d16bd4/Honda/Civic Sedan Hybrid/2026/2100/478590/black/interior_driver_open_seat.png'},{url:'https://carimages.d2cmedia.ca/newcarimages/en/cb6abe815d16bd4/Honda/Civic Sedan Hybrid/2026/2100/478590/black/interior_driver_reat_seats.png'},{url:'https://carimages.d2cmedia.ca/newcarimages/en/cb6abe815d16bd4/Honda/Civic Sedan Hybrid/2026/2100/478590/black/interior_driver_storage_console.png'}]",20,KM,https://www.number7honda.com/new/inventory/2026-Honda-Civic_Hybrid-id14454860.html,2026 Honda Civic Hybrid 4dr Ecvt Sport at Number 7 Honda,39626 CAD,New,Black,,2221,Number 7 Honda,+1-905-851-2258,"{addr1: '5555 Highway 7 W', city: 'Woodbridge', region: 'Ontario', postal_code: 'L4L 1T5', country: 'CA'}",43.7900000000,-79.5980000000,,,,,https://www.number7honda.com/privacy-policy.html,New,2221,In stock,,39626 CAD,Free,
2HGFE4F85TH020696,2HGFE4F85TH020696,262083-new,Honda,Civic Hybrid,4dr Ecvt Sport,2026,AUTOMATIC,SEDAN,HYBRID,,"2026 Honda Civic Hybrid 4dr Ecvt Sport, Black exterior","[{url:'https://carimages.d2cmedia.ca/newcarimages/en/cb6abe815d16bd4/Honda/Civic Sedan Hybrid/2026/1200/478590-NERSIEVDVlQgU1BPUlQ/black/front45.png'},{url:'https://carimages.d2cmedia.ca/newcarimages/en/cb6abe815d16bd4/Honda/Civic Sedan Hybrid/2026/1280/478590/black/front_45_degree.png'},{url:'https://carimages.d2cmedia.ca/newcarimages/en/cb6abe815d16bd4/Honda/Civic Sedan Hybrid/2026/2100/478590/black/front_45_degree.png'},{url:'https://carimages.d2cmedia.ca/newcarimages/en/cb6abe815d16bd4/Honda/Civic Sedan Hybrid/2026/2100/478590/black/profile.png'},{url:'https://carimages.d2cmedia.ca/newcarimages/en/cb6abe815d16bd4/Honda/Civic Sedan Hybrid/2026/2100/478590/black/back_45_degree.png'},{url:'https://carimages.d2cmedia.ca/newcarimages/en/cb6abe815d16bd4/Honda/Civic Sedan Hybrid/2026/2100/478590/black/driver_dashboard.png'},{url:'https://carimages.d2cmedia.ca/newcarimages/en/cb6abe815d16bd4/Honda/Civic Sedan Hybrid/2026/2100/478590/black/full_dashboard.png'},{url:'https://carimages.d2cmedia.ca/newcarimages/en/cb6abe815d16bd4/Honda/Civic Sedan Hybrid/2026/2100/478590/black/interior_driver_open_seat.png'},{url:'https://carimages.d2cmedia.ca/newcarimages/en/cb6abe815d16bd4/Honda/Civic Sedan Hybrid/2026/2100/478590/black/interior_driver_reat_seats.png'},{url:'https://carimages.d2cmedia.ca/newcarimages/en/cb6abe815d16bd4/Honda/Civic Sedan Hybrid/2026/2100/478590/black/interior_driver_storage_console.png'}]",20,KM,https://www.number7honda.com/new/inventory/2026-Honda-Civic_Hybrid-id14454862.html,2026 Honda Civic Hybrid 4dr Ecvt Sport at Number 7 Honda,39626 CAD,New,Black,,2221,Number 7 Honda,+1-905-851-2258,"{addr1: '5555 Highway 7 W', city: 'Woodbridge', region: 'Ontario', postal_code: 'L4L 1T5', country: 'CA'}",43.7900000000,-79.5980000000,,,,,https://www.number7honda.com/privacy-policy.html,New,2221,In stock,,39626 CAD,Free,
2HGFE4F8XTH011461,2HGFE4F8XTH011461,261204-new,Honda,Civic Hybrid,4dr Ecvt Sport Touri,2026,AUTOMATIC,SEDAN,GASOLINE,,"2026 Honda Civic Hybrid 4dr Ecvt Sport Touri, Blue exterior","[{url:'https://imagescdn.d2cmedia.ca/cb1936a382fae6911d5ac121599e335cb0/2221/13643650/1/Honda-Civic Sedan Hybrid-2026.jpg'},{url:'https://imagescdn.d2cmedia.ca/s81936a382fae6911d5ac121599e335cb0/2221/13643650/1/Honda-Civic_Hybrid-2026.jpg'},{url:'https://imagescdn.d2cmedia.ca/cb1936a382fae6911d5ac121599e335cb0/2221/13643650/1/Honda-Civic_Hybrid-2026.jpg'},{url:'https://imagescdn.d2cmedia.ca/cb1936a382fae6911d5ac121599e335cb0/2221/13643650/2/Honda-Civic_Hybrid-2026.jpg'},{url:'https://imagescdn.d2cmedia.ca/cb1936a382fae6911d5ac121599e335cb0/2221/13643650/3/Honda-Civic_Hybrid-2026.jpg'},{url:'https://imagescdn.d2cmedia.ca/cb1936a382fae6911d5ac121599e335cb0/2221/13643650/4/Honda-Civic_Hybrid-2026.jpg'},{url:'https://imagescdn.d2cmedia.ca/cb1936a382fae6911d5ac121599e335cb0/2221/13643650/5/Honda-Civic_Hybrid-2026.jpg'},{url:'https://imagescdn.d2cmedia.ca/cb1936a382fae6911d5ac121599e335cb0/2221/13643650/6/Honda-Civic_Hybrid-2026.jpg'},{url:'https://imagescdn.d2cmedia.ca/cb1936a382fae6911d5ac121599e335cb0/2221/13643650/7/Honda-Civic_Hybrid-2026.jpg'},{url:'https://imagescdn.d2cmedia.ca/cb1936a382fae6911d5ac121599e335cb0/2221/13643650/8/Honda-Civic_Hybrid-2026.jpg'}]",0,KM,https://www.number7honda.com/new/inventory/2026-Honda-Civic_Hybrid-id13643650.html,2026 Honda Civic Hybrid 4dr Ecvt Sport Touri at Number 7 Honda,41226 CAD,New,Blue,Gray,2221,Number 7 Honda,+1-905-851-2258,"{addr1: '5555 Highway 7 W', city: 'Woodbridge', region: 'Ontario', postal_code: 'L4L 1T5', country: 'CA'}",43.7900000000,-79.5980000000,,,,,https://www.number7honda.com/privacy-policy.html,New,2221,In stock,,41226 CAD,Free,
2HGFE4F87TH016570,2HGFE4F87TH016570,261761-new,Honda,Civic Hybrid,4dr Ecvt Sport Touri,2026,AUTOMATIC,SEDAN,HYBRID,,"2026 Honda Civic Hybrid 4dr Ecvt Sport Touri, Blue exterior","[{url:'https://imagescdn.d2cmedia.ca/cbebe1ae7ee9da2ab3828b002078d0d182/2221/14019853/1/Honda-Civic Sedan Hybrid-2026.jpg'},{url:'https://imagescdn.d2cmedia.ca/s8ebe1ae7ee9da2ab3828b002078d0d182/2221/14019853/1/Honda-Civic_Hybrid-2026.jpg'},{url:'https://imagescdn.d2cmedia.ca/cbebe1ae7ee9da2ab3828b002078d0d182/2221/14019853/1/Honda-Civic_Hybrid-2026.jpg'},{url:'https://imagescdn.d2cmedia.ca/cbebe1ae7ee9da2ab3828b002078d0d182/2221/14019853/2/Honda-Civic_Hybrid-2026.jpg'},{url:'https://imagescdn.d2cmedia.ca/cbebe1ae7ee9da2ab3828b002078d0d182/2221/14019853/3/Honda-Civic_Hybrid-2026.jpg'},{url:'https://imagescdn.d2cmedia.ca/cbebe1ae7ee9da2ab3828b002078d0d182/2221/14019853/4/Honda-Civic_Hybrid-2026.jpg'},{url:'https://imagescdn.d2cmedia.ca/cbebe1ae7ee9da2ab3828b002078d0d182/2221/14019853/5/Honda-Civic_Hybrid-2026.jpg'},{url:'https://imagescdn.d2cmedia.ca/cbebe1ae7ee9da2ab3828b002078d0d182/2221/14019853/6/Honda-Civic_Hybrid-2026.jpg'},{url:'https://imagescdn.d2cmedia.ca/cbebe1ae7ee9da2ab3828b002078d0d182/2221/14019853/7/Honda-Civic_Hybrid-2026.jpg'},{url:'https://imagescdn.d2cmedia.ca/cbebe1ae7ee9da2ab3828b002078d0d182/2221/14019853/8/Honda-Civic_Hybrid-2026.jpg'}]",0,KM,https://www.number7honda.com/new/inventory/2026-Honda-Civic_Hybrid-id14019853.html,2026 Honda Civic Hybrid 4dr Ecvt Sport Touri at Number 7 Honda,41226 CAD,New,Blue,,2221,Number 7 Honda,+1-905-851-2258,"{addr1: '5555 Highway 7 W', city: 'Woodbridge', region: 'Ontario', postal_code: 'L4L 1T5', country: 'CA'}",43.7900000000,-79.5980000000,,,,,https://www.number7honda.com/privacy-policy.html,New,2221,In stock,,41226 CAD,Free,
2HGFE4F86TH016687,2HGFE4F86TH016687,261818-new,Honda,Civic Hybrid,4dr Ecvt Sport Touri,2026,AUTOMATIC,SEDAN,GASOLINE,,"2026 Honda Civic Hybrid 4dr Ecvt Sport Touri, SOLAR REFLECTIO exterior","[{url:'https://imagescdn.d2cmedia.ca/cb1fca3dacd3f5370969f688fccbefe401/2221/14104890/1/Honda-Civic Sedan Hybrid-2026.jpg'},{url:'https://imagescdn.d2cmedia.ca/s81fca3dacd3f5370969f688fccbefe401/2221/14104890/1/Honda-Civic_Hybrid-2026.jpg'},{url:'https://imagescdn.d2cmedia.ca/cb1fca3dacd3f5370969f688fccbefe401/2221/14104890/1/Honda-Civic_Hybrid-2026.jpg'},{url:'https://imagescdn.d2cmedia.ca/cb1fca3dacd3f5370969f688fccbefe401/2221/14104890/2/Honda-Civic_Hybrid-2026.jpg'},{url:'https://imagescdn.d2cmedia.ca/cb1fca3dacd3f5370969f688fccbefe401/2221/14104890/3/Honda-Civic_Hybrid-2026.jpg'},{url:'https://imagescdn.d2cmedia.ca/cb1fca3dacd3f5370969f688fccbefe401/2221/14104890/4/Honda-Civic_Hybrid-2026.jpg'},{url:'https://imagescdn.d2cmedia.ca/cb1fca3dacd3f5370969f688fccbefe401/2221/14104890/5/Honda-Civic_Hybrid-2026.jpg'},{url:'https://imagescdn.d2cmedia.ca/cb1fca3dacd3f5370969f688fccbefe401/2221/14104890/6/Honda-Civic_Hybrid-2026.jpg'},{url:'https://imagescdn.d2cmedia.ca/cb1fca3dacd3f5370969f688fccbefe401/2221/14104890/7/Honda-Civic_Hybrid-2026.jpg'},{url:'https://imagescdn.d2cmedia.ca/cb1fca3dacd3f5370969f688fccbefe401/2221/14104890/8/Honda-Civic_Hybrid-2026.jpg'}]",20,KM,https://www.number7honda.com/new/inventory/2026-Honda-Civic_Hybrid-id14104890.html,2026 Honda Civic Hybrid 4dr Ecvt Sport Touri at Number 7 Honda,41226 CAD,New,SOLAR REFLECTIO,,2221,Number 7 Honda,+1-905-851-2258,"{addr1: '5555 Highway 7 W', city: 'Woodbridge', region: 'Ontario', postal_code: 'L4L 1T5', country: 'CA'}",43.7900000000,-79.5980000000,,,,,https://www.number7honda.com/privacy-policy.html,New,2221,In stock,,41226 CAD,Free,
2HGFE4F8XTH018023,2HGFE4F8XTH018023,261875-new,Honda,Civic Hybrid,4dr Ecvt Sport Touri,2026,AUTOMATIC,SEDAN,GASOLINE,,"2026 Honda Civic Hybrid 4dr Ecvt Sport Touri, Blue exterior","[{url:'https://imagescdn.d2cmedia.ca/cb947f43244e50d25e02d7b0042975754a/2221/14184323/1/Honda-Civic Sedan Hybrid-2026.jpg'},{url:'https://imagescdn.d2cmedia.ca/s8947f43244e50d25e02d7b0042975754a/2221/14184323/1/Honda-Civic_Hybrid-2026.jpg'},{url:'https://imagescdn.d2cmedia.ca/cb947f43244e50d25e02d7b0042975754a/2221/14184323/1/Honda-Civic_Hybrid-2026.jpg'},{url:'https://imagescdn.d2cmedia.ca/cb947f43244e50d25e02d7b0042975754a/2221/14184323/2/Honda-Civic_Hybrid-2026.jpg'},{url:'https://imagescdn.d2cmedia.ca/cb947f43244e50d25e02d7b0042975754a/2221/14184323/3/Honda-Civic_Hybrid-2026.jpg'},{url:'https://imagescdn.d2cmedia.ca/cb947f43244e50d25e02d7b0042975754a/2221/14184323/4/Honda-Civic_Hybrid-2026.jpg'},{url:'https://imagescdn.d2cmedia.ca/cb947f43244e50d25e02d7b0042975754a/2221/14184323/5/Honda-Civic_Hybrid-2026.jpg'},{url:'https://imagescdn.d2cmedia.ca/cb947f43244e50d25e02d7b0042975754a/2221/14184323/6/Honda-Civic_Hybrid-2026.jpg'},{url:'https://imagescdn.d2cmedia.ca/cb947f43244e50d25e02d7b0042975754a/2221/14184323/7/Honda-Civic_Hybrid-2026.jpg'},{url:'https://imagescdn.d2cmedia.ca/cb947f43244e50d25e02d7b0042975754a/2221/14184323/8/Honda-Civic_Hybrid-2026.jpg'}]",20,KM,https://www.number7honda.com/new/inventory/2026-Honda-Civic_Hybrid-id14184323.html,2026 Honda Civic Hybrid 4dr Ecvt Sport Touri at Number 7 Honda,41226 CAD,New,Blue,,2221,Number 7 Honda,+1-905-851-2258,"{addr1: '5555 Highway 7 W', city: 'Woodbridge', region: 'Ontario', postal_code: 'L4L 1T5', country: 'CA'}",43.7900000000,-79.5980000000,,,,,https://www.number7honda.com/privacy-policy.html,New,2221,In stock,,41226 CAD,Free,
2HGFE4F89TH017994,2HGFE4F89TH017994,262030-new,Honda,Civic Hybrid,4dr Ecvt Sport Touri,2026,AUTOMATIC,SEDAN,GASOLINE,,"2026 Honda Civic Hybrid 4dr Ecvt Sport Touri, Black exterior","[{url:'https://imagescdn.d2cmedia.ca/cbdee49ed86bc5c7af8021dd2a669611d0/2221/14320809/1/Honda-Civic Sedan Hybrid-2026.jpg'},{url:'https://imagescdn.d2cmedia.ca/s8dee49ed86bc5c7af8021dd2a669611d0/2221/14320809/1/Honda-Civic_Hybrid-2026.jpg'},{url:'https://imagescdn.d2cmedia.ca/cbdee49ed86bc5c7af8021dd2a669611d0/2221/14320809/1/Honda-Civic_Hybrid-2026.jpg'},{url:'https://imagescdn.d2cmedia.ca/cbdee49ed86bc5c7af8021dd2a669611d0/2221/14320809/2/Honda-Civic_Hybrid-2026.jpg'},{url:'https://imagescdn.d2cmedia.ca/cbdee49ed86bc5c7af8021dd2a669611d0/2221/14320809/3/Honda-Civic_Hybrid-2026.jpg'},{url:'https://imagescdn.d2cmedia.ca/cbdee49ed86bc5c7af8021dd2a669611d0/2221/14320809/4/Honda-Civic_Hybrid-2026.jpg'},{url:'https://imagescdn.d2cmedia.ca/cbdee49ed86bc5c7af8021dd2a669611d0/2221/14320809/5/Honda-Civic_Hybrid-2026.jpg'},{url:'https://imagescdn.d2cmedia.ca/cbdee49ed86bc5c7af8021dd2a669611d0/2221/14320809/6/Honda-Civic_Hybrid-2026.jpg'},{url:'https://imagescdn.d2cmedia.ca/cbdee49ed86bc5c7af8021dd2a669611d0/2221/14320809/7/Honda-Civic_Hybrid-2026.jpg'},{url:'https://imagescdn.d2cmedia.ca/cbdee49ed86bc5c7af8021dd2a669611d0/2221/14320809/8/Honda-Civic_Hybrid-2026.jpg'}]",20,KM,https://www.number7honda.com/new/inventory/2026-Honda-Civic_Hybrid-id14320809.html,2026 Honda Civic Hybrid 4dr Ecvt Sport Touri at Number 7 Honda,41226 CAD,New,Black,,2221,Number 7 Honda,+1-905-851-2258,"{addr1: '5555 Highway 7 W', city: 'Woodbridge', region: 'Ontario', postal_code: 'L4L 1T5', country: 'CA'}",43.7900000000,-79.5980000000,,,,,https://www.number7honda.com/privacy-policy.html,New,2221,In stock,,41226 CAD,Free,
2HGFE4F8XTH019852,2HGFE4F8XTH019852,262036-new,Honda,Civic Hybrid,4dr Ecvt Sport Touri,2026,AUTOMATIC,SEDAN,HYBRID,,"2026 Honda Civic Hybrid 4dr Ecvt Sport Touri, SOLAR REFLECTIO exterior","[{url:'https://imagescdn.d2cmedia.ca/cbb719d4178ee53c7ac98f722b973bb4b2/2221/14346619/1/Honda-Civic Sedan Hybrid-2026.jpg'},{url:'https://imagescdn.d2cmedia.ca/s8b719d4178ee53c7ac98f722b973bb4b2/2221/14346619/1/Honda-Civic_Hybrid-2026.jpg'},{url:'https://imagescdn.d2cmedia.ca/cbb719d4178ee53c7ac98f722b973bb4b2/2221/14346619/1/Honda-Civic_Hybrid-2026.jpg'},{url:'https://imagescdn.d2cmedia.ca/cbb719d4178ee53c7ac98f722b973bb4b2/2221/14346619/2/Honda-Civic_Hybrid-2026.jpg'},{url:'https://imagescdn.d2cmedia.ca/cbb719d4178ee53c7ac98f722b973bb4b2/2221/14346619/3/Honda-Civic_Hybrid-2026.jpg'},{url:'https://imagescdn.d2cmedia.ca/cbb719d4178ee53c7ac98f722b973bb4b2/2221/14346619/4/Honda-Civic_Hybrid-2026.jpg'},{url:'https://imagescdn.d2cmedia.ca/cbb719d4178ee53c7ac98f722b973bb4b2/2221/14346619/5/Honda-Civic_Hybrid-2026.jpg'},{url:'https://imagescdn.d2cmedia.ca/cbb719d4178ee53c7ac98f722b973bb4b2/2221/14346619/6/Honda-Civic_Hybrid-2026.jpg'},{url:'https://imagescdn.d2cmedia.ca/cbb719d4178ee53c7ac98f722b973bb4b2/2221/14346619/7/Honda-Civic_Hybrid-2026.jpg'},{url:'https://imagescdn.d2cmedia.ca/cbb719d4178ee53c7ac98f722b973bb4b2/2221/14346619/8/Honda-Civic_Hybrid-2026.jpg'}]",20,KM,https://www.number7honda.com/new/inventory/2026-Honda-Civic_Hybrid-id14346619.html,2026 Honda Civic Hybrid 4dr Ecvt Sport Touri at Number 7 Honda,41226 CAD,New,SOLAR REFLECTIO,,2221,Number 7 Honda,+1-905-851-2258,"{addr1: '5555 Highway 7 W', city: 'Woodbridge', region: 'Ontario', postal_code: 'L4L 1T5', country: 'CA'}",43.7900000000,-79.5980000000,,,,,https://www.number7honda.com/privacy-policy.html,New,2221,In stock,,41226 CAD,Free,
2HGFE4F88TH020420,2HGFE4F88TH020420,262068-new,Honda,Civic Hybrid,4dr Ecvt Sport Touri,2026,AUTOMATIC,SEDAN,HYBRID,,"2026 Honda Civic Hybrid 4dr Ecvt Sport Touri, Black exterior","[{url:'https://imagescdn.d2cmedia.ca/cbf8a9e1a5077beb447514b19b6a3a5f90/2221/14413980/1/Honda-Civic Sedan Hybrid-2026.jpg'},{url:'https://imagescdn.d2cmedia.ca/s8f8a9e1a5077beb447514b19b6a3a5f90/2221/14413980/1/Honda-Civic_Hybrid-2026.jpg'},{url:'https://imagescdn.d2cmedia.ca/cbf8a9e1a5077beb447514b19b6a3a5f90/2221/14413980/1/Honda-Civic_Hybrid-2026.jpg'},{url:'https://imagescdn.d2cmedia.ca/cbf8a9e1a5077beb447514b19b6a3a5f90/2221/14413980/2/Honda-Civic_Hybrid-2026.jpg'},{url:'https://imagescdn.d2cmedia.ca/cbf8a9e1a5077beb447514b19b6a3a5f90/2221/14413980/3/Honda-Civic_Hybrid-2026.jpg'},{url:'https://imagescdn.d2cmedia.ca/cbf8a9e1a5077beb447514b19b6a3a5f90/2221/14413980/4/Honda-Civic_Hybrid-2026.jpg'},{url:'https://imagescdn.d2cmedia.ca/cbf8a9e1a5077beb447514b19b6a3a5f90/2221/14413980/5/Honda-Civic_Hybrid-2026.jpg'},{url:'https://imagescdn.d2cmedia.ca/cbf8a9e1a5077beb447514b19b6a3a5f90/2221/14413980/6/Honda-Civic_Hybrid-2026.jpg'},{url:'https://imagescdn.d2cmedia.ca/cbf8a9e1a5077beb447514b19b6a3a5f90/2221/14413980/7/Honda-Civic_Hybrid-2026.jpg'},{url:'https://imagescdn.d2cmedia.ca/cbf8a9e1a5077beb447514b19b6a3a5f90/2221/14413980/8/Honda-Civic_Hybrid-2026.jpg'}]",20,KM,https://www.number7honda.com/new/inventory/2026-Honda-Civic_Hybrid-id14413980.html,2026 Honda Civic Hybrid 4dr Ecvt Sport Touri at Number 7 Honda,41226 CAD,New,Black,,2221,Number 7 Honda,+1-905-851-2258,"{addr1: '5555 Highway 7 W', city: 'Woodbridge', region: 'Ontario', postal_code: 'L4L 1T5', country: 'CA'}",43.7900000000,-79.5980000000,,,,,https://www.number7honda.com/privacy-policy.html,New,2221,In stock,,41226 CAD,Free,
2HGFE4F81TH020615,2HGFE4F81TH020615,262082-new,Honda,Civic Hybrid,4dr Ecvt Sport Touri,2026,AUTOMATIC,SEDAN,HYBRID,,"2026 Honda Civic Hybrid 4dr Ecvt Sport Touri, Grey exterior","[{url:'https://carimages.d2cmedia.ca/newcarimages/en/cb6abe815d16bd4/Honda/Civic Sedan Hybrid/2026/1200/478590-NERSIEVDVlQgU1BPUlQgVE9VUkk/Gray/front45.png'},{url:'https://carimages.d2cmedia.ca/newcarimages/en/cb6abe815d16bd4/Honda/Civic Sedan Hybrid/2026/1280/478590/grey/front_45_degree.png'},{url:'https://carimages.d2cmedia.ca/newcarimages/en/cb6abe815d16bd4/Honda/Civic Sedan Hybrid/2026/2100/478590/grey/front_45_degree.png'},{url:'https://carimages.d2cmedia.ca/newcarimages/en/cb6abe815d16bd4/Honda/Civic Sedan Hybrid/2026/2100/478590/grey/profile.png'},{url:'https://carimages.d2cmedia.ca/newcarimages/en/cb6abe815d16bd4/Honda/Civic Sedan Hybrid/2026/2100/478590/grey/back_45_degree.png'},{url:'https://carimages.d2cmedia.ca/newcarimages/en/cb6abe815d16bd4/Honda/Civic Sedan Hybrid/2026/2100/478590/grey/driver_dashboard.png'},{url:'https://carimages.d2cmedia.ca/newcarimages/en/cb6abe815d16bd4/Honda/Civic Sedan Hybrid/2026/2100/478590/grey/full_dashboard.png'},{url:'https://carimages.d2cmedia.ca/newcarimages/en/cb6abe815d16bd4/Honda/Civic Sedan Hybrid/2026/2100/478590/grey/interior_driver_open_seat.png'},{url:'https://carimages.d2cmedia.ca/newcarimages/en/cb6abe815d16bd4/Honda/Civic Sedan Hybrid/2026/2100/478590/grey/interior_driver_reat_seats.png'},{url:'https://carimages.d2cmedia.ca/newcarimages/en/cb6abe815d16bd4/Honda/Civic Sedan Hybrid/2026/2100/478590/grey/interior_driver_storage_console.png'}]",20,KM,https://www.number7honda.com/new/inventory/2026-Honda-Civic_Hybrid-id14454861.html,2026 Honda Civic Hybrid 4dr Ecvt Sport Touri at Number 7 Honda,43126 CAD,New,Grey,,2221,Number 7 Honda,+1-905-851-2258,"{addr1: '5555 Highway 7 W', city: 'Woodbridge', region: 'Ontario', postal_code: 'L4L 1T5', country: 'CA'}",43.7900000000,-79.5980000000,,,,,https://www.number7honda.com/privacy-policy.html,New,2221,In stock,,43126 CAD,Free,
5FNRL6H4XTB503808,5FNRL6H4XTB503808,261750-new,Honda,Odyssey,4dr At Sport,2026,AUTOMATIC,SUV,GASOLINE,,"2026 Honda Odyssey 4dr At Sport, White exterior","[{url:'https://carimages.d2cmedia.ca/newcarimages/en/cb6abe815d16bd4/Honda/Odyssey/2026/1200/480143-NERSIEFUIFNQT1JU/white/front45.png'},{url:'https://carimages.d2cmedia.ca/newcarimages/en/cb6abe815d16bd4/Honda/Odyssey/2026/1280/480143/white/front_45_degree.png'},{url:'https://carimages.d2cmedia.ca/newcarimages/en/cb6abe815d16bd4/Honda/Odyssey/2026/2100/480143/white/front_45_degree.png'},{url:'https://carimages.d2cmedia.ca/newcarimages/en/cb6abe815d16bd4/Honda/Odyssey/2026/2100/480143/white/profile.png'},{url:'https://carimages.d2cmedia.ca/newcarimages/en/cb6abe815d16bd4/Honda/Odyssey/2026/2100/480143/white/back_45_degree.png'},{url:'https://carimages.d2cmedia.ca/newcarimages/en/cb6abe815d16bd4/Honda/Odyssey/2026/2100/480143/white/driver_dashboard.png'},{url:'https://carimages.d2cmedia.ca/newcarimages/en/cb6abe815d16bd4/Honda/Odyssey/2026/2100/480143/white/full_dashboard.png'},{url:'https://carimages.d2cmedia.ca/newcarimages/en/cb6abe815d16bd4/Honda/Odyssey/2026/2100/480143/white/interior_driver_open_seat.png'},{url:'https://carimages.d2cmedia.ca/newcarimages/en/cb6abe815d16bd4/Honda/Odyssey/2026/2100/480143/white/interior_driver_stereo.png'},{url:'https://carimages.d2cmedia.ca/newcarimages/en/cb6abe815d16bd4/Honda/Odyssey/2026/2100/480143/white/interior_driver_reat_seats.png'}]",0,KM,https://www.number7honda.com/new/inventory/2026-Honda-Odyssey-id14413978.html,2026 Honda Odyssey 4dr At Sport at Number 7 Honda,54946 CAD,New,White,,2221,Number 7 Honda,+1-905-851-2258,"{addr1: '5555 Highway 7 W', city: 'Woodbridge', region: 'Ontario', postal_code: 'L4L 1T5', country: 'CA'}",43.7900000000,-79.5980000000,,,,,https://www.number7honda.com/privacy-policy.html,New,2221,In stock,,54946 CAD,Free,
5FNRL6H4XVB500409,5FNRL6H4XVB500409,27103-new,Honda,Odyssey,4dr At Sport,2027,AUTOMATIC,SUV,GASOLINE,,"2027 Honda Odyssey 4dr At Sport, White exterior","[{url:'https://carimages.d2cmedia.ca/newcarimages/en/cb6abe815d16bd4/Honda/Odyssey/2027/1200/490409-NERSIEFUIFNQT1JU/white/front45.png'},{url:'https://carimages.d2cmedia.ca/newcarimages/fr/cb6abe815d16bd4/Honda/Odyssey/2027/640/490409-NERSIEFUIFNQT1JU/white/front_45_degree.png'},{url:'https://carimages.d2cmedia.ca/newcarimages/fr/cb6abe815d16bd4/Honda/Odyssey/2027/2100/490409-NERSIEFUIFNQT1JU/white/front_45_degree.png'}]",20,KM,https://www.number7honda.com/new/inventory/2027-Honda-Odyssey-id14386528.html,2027 Honda Odyssey 4dr At Sport at Number 7 Honda,56216 CAD,New,White,,2221,Number 7 Honda,+1-905-851-2258,"{addr1: '5555 Highway 7 W', city: 'Woodbridge', region: 'Ontario', postal_code: 'L4L 1T5', country: 'CA'}",43.7900000000,-79.5980000000,,,,,https://www.number7honda.com/privacy-policy.html,New,2221,In stock,,56216 CAD,Free,
5FNRL6H44VB500681,5FNRL6H44VB500681,27128-new,Honda,Odyssey,4dr At Sport,2027,AUTOMATIC,SUV,GASOLINE,,"2027 Honda Odyssey 4dr At Sport, Black exterior","[{url:'https://carimages.d2cmedia.ca/newcarimages/en/cb6abe815d16bd4/Honda/Odyssey/2027/1200/490409-NERSIEFUIFNQT1JU/black/front45.png'},{url:'https://carimages.d2cmedia.ca/newcarimages/fr/cb6abe815d16bd4/Honda/Odyssey/2027/640/490409-NERSIEFUIFNQT1JU/black/front_45_degree.png'},{url:'https://carimages.d2cmedia.ca/newcarimages/fr/cb6abe815d16bd4/Honda/Odyssey/2027/2100/490409-NERSIEFUIFNQT1JU/black/front_45_degree.png'}]",20,KM,https://www.number7honda.com/new/inventory/2027-Honda-Odyssey-id14427305.html,2027 Honda Odyssey 4dr At Sport at Number 7 Honda,56216 CAD,New,Black,,2221,Number 7 Honda,+1-905-851-2258,"{addr1: '5555 Highway 7 W', city: 'Woodbridge', region: 'Ontario', postal_code: 'L4L 1T5', country: 'CA'}",43.7900000000,-79.5980000000,,,,,https://www.number7honda.com/privacy-policy.html,New,2221,In stock,,56216 CAD,Free,
5FNRL6H48VB500666,5FNRL6H48VB500666,27144-new,Honda,Odyssey,4dr At Sport,2027,AUTOMATIC,SUV,GASOLINE,,"2027 Honda Odyssey 4dr At Sport, Black exterior","[{url:'https://carimages.d2cmedia.ca/newcarimages/en/cb6abe815d16bd4/Honda/Odyssey/2027/1200/490409-NERSIEFUIFNQT1JU/black/front45.png'},{url:'https://carimages.d2cmedia.ca/newcarimages/fr/cb6abe815d16bd4/Honda/Odyssey/2027/640/490409-NERSIEFUIFNQT1JU/black/front_45_degree.png'},{url:'https://carimages.d2cmedia.ca/newcarimages/fr/cb6abe815d16bd4/Honda/Odyssey/2027/2100/490409-NERSIEFUIFNQT1JU/black/front_45_degree.png'}]",20,KM,https://www.number7honda.com/new/inventory/2027-Honda-Odyssey-id14448486.html,2027 Honda Odyssey 4dr At Sport at Number 7 Honda,56216 CAD,New,Black,,2221,Number 7 Honda,+1-905-851-2258,"{addr1: '5555 Highway 7 W', city: 'Woodbridge', region: 'Ontario', postal_code: 'L4L 1T5', country: 'CA'}",43.7900000000,-79.5980000000,,,,,https://www.number7honda.com/privacy-policy.html,New,2221,In stock,,56216 CAD,Free,
5FNRL6H71TB503559,5FNRL6H71TB503559,261739-new,Honda,Odyssey,4dr At Sport-L,2026,AUTOMATIC,SUV,GASOLINE,,"2026 Honda Odyssey 4dr At Sport-L, White exterior","[{url:'https://imagescdn.d2cmedia.ca/cb7f32acf779faf907902b7840b06ff390/2221/14008113/1/Honda-Odyssey-2026.jpg'},{url:'https://imagescdn.d2cmedia.ca/s87f32acf779faf907902b7840b06ff390/2221/14008113/1/Honda-Odyssey-2026.jpg'},{url:'https://imagescdn.d2cmedia.ca/cb7f32acf779faf907902b7840b06ff390/2221/14008113/2/Honda-Odyssey-2026.jpg'},{url:'https://imagescdn.d2cmedia.ca/cb7f32acf779faf907902b7840b06ff390/2221/14008113/3/Honda-Odyssey-2026.jpg'},{url:'https://imagescdn.d2cmedia.ca/cb7f32acf779faf907902b7840b06ff390/2221/14008113/4/Honda-Odyssey-2026.jpg'},{url:'https://imagescdn.d2cmedia.ca/cb7f32acf779faf907902b7840b06ff390/2221/14008113/5/Honda-Odyssey-2026.jpg'},{url:'https://imagescdn.d2cmedia.ca/cb7f32acf779faf907902b7840b06ff390/2221/14008113/6/Honda-Odyssey-2026.jpg'},{url:'https://imagescdn.d2cmedia.ca/cb7f32acf779faf907902b7840b06ff390/2221/14008113/7/Honda-Odyssey-2026.jpg'},{url:'https://imagescdn.d2cmedia.ca/cb7f32acf779faf907902b7840b06ff390/2221/14008113/8/Honda-Odyssey-2026.jpg'},{url:'https://imagescdn.d2cmedia.ca/cb7f32acf779faf907902b7840b06ff390/2221/14008113/9/Honda-Odyssey-2026.jpg'}]",0,KM,https://www.number7honda.com/new/inventory/2026-Honda-Odyssey-id14008113.html,2026 Honda Odyssey 4dr At Sport-L at Number 7 Honda,58216 CAD,New,White,,2221,Number 7 Honda,+1-905-851-2258,"{addr1: '5555 Highway 7 W', city: 'Woodbridge', region: 'Ontario', postal_code: 'L4L 1T5', country: 'CA'}",43.7900000000,-79.5980000000,,,,,https://www.number7honda.com/privacy-policy.html,New,2221,In stock,,58216 CAD,Free,
5FNRL6H71VB500633,5FNRL6H71VB500633,27127-new,Honda,Odyssey,4dr At Sport-L,2027,AUTOMATIC,SUV,GASOLINE,,"2027 Honda Odyssey 4dr At Sport-L, Silver exterior","[{url:'https://carimages.d2cmedia.ca/newcarimages/en/cb6abe815d16bd4/Honda/Odyssey/2027/1200/490410-NERSIEFUIFNQT1JULUw/gray/front45.png'},{url:'https://carimages.d2cmedia.ca/newcarimages/fr/cb6abe815d16bd4/Honda/Odyssey/2027/640/490410-NERSIEFUIFNQT1JULUw/gray/front_45_degree.png'},{url:'https://carimages.d2cmedia.ca/newcarimages/fr/cb6abe815d16bd4/Honda/Odyssey/2027/2100/490410-NERSIEFUIFNQT1JULUw/gray/front_45_degree.png'}]",20,KM,https://www.number7honda.com/new/inventory/2027-Honda-Odyssey-id14427304.html,2027 Honda Odyssey 4dr At Sport-L at Number 7 Honda,59216 CAD,New,Silver,,2221,Number 7 Honda,+1-905-851-2258,"{addr1: '5555 Highway 7 W', city: 'Woodbridge', region: 'Ontario', postal_code: 'L4L 1T5', country: 'CA'}",43.7900000000,-79.5980000000,,,,,https://www.number7honda.com/privacy-policy.html,New,2221,In stock,,59216 CAD,Free,
5FNRL6H77VB500152,5FNRL6H77VB500152,27142-new,Honda,Odyssey,4dr At Sport-L,2027,AUTOMATIC,SUV,GASOLINE,,"2027 Honda Odyssey 4dr At Sport-L, White exterior","[{url:'https://carimages.d2cmedia.ca/newcarimages/en/cb6abe815d16bd4/Honda/Odyssey/2027/1200/490410-NERSIEFUIFNQT1JULUw/white/front45.png'},{url:'https://carimages.d2cmedia.ca/newcarimages/fr/cb6abe815d16bd4/Honda/Odyssey/2027/640/490410-NERSIEFUIFNQT1JULUw/white/front_45_degree.png'},{url:'https://carimages.d2cmedia.ca/newcarimages/fr/cb6abe815d16bd4/Honda/Odyssey/2027/2100/490410-NERSIEFUIFNQT1JULUw/white/front_45_degree.png'}]",20,KM,https://www.number7honda.com/new/inventory/2027-Honda-Odyssey-id14448485.html,2027 Honda Odyssey 4dr At Sport-L at Number 7 Honda,59216 CAD,New,White,,2221,Number 7 Honda,+1-905-851-2258,"{addr1: '5555 Highway 7 W', city: 'Woodbridge', region: 'Ontario', postal_code: 'L4L 1T5', country: 'CA'}",43.7900000000,-79.5980000000,,,,,https://www.number7honda.com/privacy-policy.html,New,2221,In stock,,59216 CAD,Free,
5FNRL6H82VB500424,5FNRL6H82VB500424,27094-new,Honda,Odyssey,4dr At Touring,2027,AUTOMATIC,SUV,GASOLINE,,"2027 Honda Odyssey 4dr At Touring, White exterior","[{url:'https://carimages.d2cmedia.ca/newcarimages/en/cb6abe815d16bd4/Honda/Odyssey/2027/1200/490411-NERSIEFUIFRPVVJJTkc/white/front45.png'},{url:'https://carimages.d2cmedia.ca/newcarimages/fr/cb6abe815d16bd4/Honda/Odyssey/2027/640/490411-NERSIEFUIFRPVVJJTkc/white/front_45_degree.png'},{url:'https://carimages.d2cmedia.ca/newcarimages/fr/cb6abe815d16bd4/Honda/Odyssey/2027/2100/490411-NERSIEFUIFRPVVJJTkc/white/front_45_degree.png'}]",20,KM,https://www.number7honda.com/new/inventory/2027-Honda-Odyssey-id14379940.html,2027 Honda Odyssey 4dr At Touring at Number 7 Honda,64616 CAD,New,White,,2221,Number 7 Honda,+1-905-851-2258,"{addr1: '5555 Highway 7 W', city: 'Woodbridge', region: 'Ontario', postal_code: 'L4L 1T5', country: 'CA'}",43.7900000000,-79.5980000000,,,,,https://www.number7honda.com/privacy-policy.html,New,2221,In stock,,64616 CAD,Free,
5FNRL6H82VB500276,5FNRL6H82VB500276,27102-new,Honda,Odyssey,4dr At Touring,2027,AUTOMATIC,SUV,GASOLINE,,"2027 Honda Odyssey 4dr At Touring, SOLAR SILV MET exterior","[{url:'https://carimages.d2cmedia.ca/newcarimages/en/cb6abe815d16bd4/Honda/Odyssey/2027/1200/490411-NERSIEFUIFRPVVJJTkc/white/front45.png'},{url:'https://carimages.d2cmedia.ca/newcarimages/fr/cb6abe815d16bd4/Honda/Odyssey/2027/640/490411-NERSIEFUIFRPVVJJTkc/SOLAR SILV MET/front_45_degree.png'},{url:'https://carimages.d2cmedia.ca/newcarimages/fr/cb6abe815d16bd4/Honda/Odyssey/2027/2100/490411-NERSIEFUIFRPVVJJTkc/SOLAR SILV MET/front_45_degree.png'}]",20,KM,https://www.number7honda.com/new/inventory/2027-Honda-Odyssey-id14386527.html,2027 Honda Odyssey 4dr At Touring at Number 7 Honda,64616 CAD,New,SOLAR SILV MET,,2221,Number 7 Honda,+1-905-851-2258,"{addr1: '5555 Highway 7 W', city: 'Woodbridge', region: 'Ontario', postal_code: 'L4L 1T5', country: 'CA'}",43.7900000000,-79.5980000000,,,,,https://www.number7honda.com/privacy-policy.html,New,2221,In stock,,64616 CAD,Free,
5FNRL6H81VB500561,5FNRL6H81VB500561,27108-new,Honda,Odyssey,4dr At Touring,2027,AUTOMATIC,SUV,GASOLINE,,"2027 Honda Odyssey 4dr At Touring, Silver exterior","[{url:'https://carimages.d2cmedia.ca/newcarimages/en/cb6abe815d16bd4/Honda/Odyssey/2027/1200/490411-NERSIEFUIFRPVVJJTkc/gray/front45.png'},{url:'https://carimages.d2cmedia.ca/newcarimages/fr/cb6abe815d16bd4/Honda/Odyssey/2027/640/490411-NERSIEFUIFRPVVJJTkc/gray/front_45_degree.png'},{url:'https://carimages.d2cmedia.ca/newcarimages/fr/cb6abe815d16bd4/Honda/Odyssey/2027/2100/490411-NERSIEFUIFRPVVJJTkc/gray/front_45_degree.png'}]",20,KM,https://www.number7honda.com/new/inventory/2027-Honda-Odyssey-id14392687.html,2027 Honda Odyssey 4dr At Touring at Number 7 Honda,64616 CAD,New,Silver,,2221,Number 7 Honda,+1-905-851-2258,"{addr1: '5555 Highway 7 W', city: 'Woodbridge', region: 'Ontario', postal_code: 'L4L 1T5', country: 'CA'}",43.7900000000,-79.5980000000,,,,,https://www.number7honda.com/privacy-policy.html,New,2221,In stock,,64616 CAD,Free,
5FNRL6H86VB500605,5FNRL6H86VB500605,27109-new,Honda,Odyssey,4dr At Touring,2027,AUTOMATIC,SUV,GASOLINE,,"2027 Honda Odyssey 4dr At Touring, Grey exterior","[{url:'https://carimages.d2cmedia.ca/newcarimages/en/cb6abe815d16bd4/Honda/Odyssey/2027/1200/490411-NERSIEFUIFRPVVJJTkc/Gray/front45.png'},{url:'https://carimages.d2cmedia.ca/newcarimages/fr/cb6abe815d16bd4/Honda/Odyssey/2027/640/490411-NERSIEFUIFRPVVJJTkc/grey/front_45_degree.png'},{url:'https://carimages.d2cmedia.ca/newcarimages/fr/cb6abe815d16bd4/Honda/Odyssey/2027/2100/490411-NERSIEFUIFRPVVJJTkc/grey/front_45_degree.png'}]",20,KM,https://www.number7honda.com/new/inventory/2027-Honda-Odyssey-id14392688.html,2027 Honda Odyssey 4dr At Touring at Number 7 Honda,64616 CAD,New,Grey,,2221,Number 7 Honda,+1-905-851-2258,"{addr1: '5555 Highway 7 W', city: 'Woodbridge', region: 'Ontario', postal_code: 'L4L 1T5', country: 'CA'}",43.7900000000,-79.5980000000,,,,,https://www.number7honda.com/privacy-policy.html,New,2221,In stock,,64616 CAD,Free,
5FNRL6H87VB500449,5FNRL6H87VB500449,27123-new,Honda,Odyssey,4dr At Touring,2027,AUTOMATIC,SUV,GASOLINE,,"2027 Honda Odyssey 4dr At Touring, White exterior","[{url:'https://carimages.d2cmedia.ca/newcarimages/en/cb6abe815d16bd4/Honda/Odyssey/2027/1200/490411-NERSIEFUIFRPVVJJTkc/white/front45.png'},{url:'https://carimages.d2cmedia.ca/newcarimages/fr/cb6abe815d16bd4/Honda/Odyssey/2027/640/490411-NERSIEFUIFRPVVJJTkc/white/front_45_degree.png'},{url:'https://carimages.d2cmedia.ca/newcarimages/fr/cb6abe815d16bd4/Honda/Odyssey/2027/2100/490411-NERSIEFUIFRPVVJJTkc/white/front_45_degree.png'}]",20,KM,https://www.number7honda.com/new/inventory/2027-Honda-Odyssey-id14413981.html,2027 Honda Odyssey 4dr At Touring at Number 7 Honda,64616 CAD,New,White,,2221,Number 7 Honda,+1-905-851-2258,"{addr1: '5555 Highway 7 W', city: 'Woodbridge', region: 'Ontario', postal_code: 'L4L 1T5', country: 'CA'}",43.7900000000,-79.5980000000,,,,,https://www.number7honda.com/privacy-policy.html,New,2221,In stock,,64616 CAD,Free,
5FNRL6H08VB500129,5FNRL6H08VB500129,27071-new,Honda,Odyssey,4dr At Black Edition,2027,AUTOMATIC,SUV,GASOLINE,,"2027 Honda Odyssey 4dr At Black Edition, Grey exterior","[{url:'https://carimages.d2cmedia.ca/newcarimages/en/cb6abe815d16bd4/Honda/Odyssey/2027/1200/490412-NERSIEFUIEJMQUNLIEVESVRJT04/Gray/front45.png'},{url:'https://carimages.d2cmedia.ca/newcarimages/fr/cb6abe815d16bd4/Honda/Odyssey/2027/640/490412-NERSIEFUIEJMQUNLIEVESVRJT04/grey/front_45_degree.png'},{url:'https://carimages.d2cmedia.ca/newcarimages/fr/cb6abe815d16bd4/Honda/Odyssey/2027/2100/490412-NERSIEFUIEJMQUNLIEVESVRJT04/grey/front_45_degree.png'}]",20,KM,https://www.number7honda.com/new/inventory/2027-Honda-Odyssey-id14334437.html,2027 Honda Odyssey 4dr At Black Edition at Number 7 Honda,66416 CAD,New,Grey,,2221,Number 7 Honda,+1-905-851-2258,"{addr1: '5555 Highway 7 W', city: 'Woodbridge', region: 'Ontario', postal_code: 'L4L 1T5', country: 'CA'}",43.7900000000,-79.5980000000,,,,,https://www.number7honda.com/privacy-policy.html,New,2221,In stock,,66416 CAD,Free,
5FNRL6H02VB500143,5FNRL6H02VB500143,27077-new,Honda,Odyssey,4dr At Black Edition,2027,AUTOMATIC,SUV,GASOLINE,,"2027 Honda Odyssey 4dr At Black Edition, Grey exterior","[{url:'https://carimages.d2cmedia.ca/newcarimages/en/cb6abe815d16bd4/Honda/Odyssey/2027/1200/490412-NERSIEFUIEJMQUNLIEVESVRJT04/Gray/front45.png'},{url:'https://carimages.d2cmedia.ca/newcarimages/fr/cb6abe815d16bd4/Honda/Odyssey/2027/640/490412-NERSIEFUIEJMQUNLIEVESVRJT04/grey/front_45_degree.png'},{url:'https://carimages.d2cmedia.ca/newcarimages/fr/cb6abe815d16bd4/Honda/Odyssey/2027/2100/490412-NERSIEFUIEJMQUNLIEVESVRJT04/grey/front_45_degree.png'}]",20,KM,https://www.number7honda.com/new/inventory/2027-Honda-Odyssey-id14354511.html,2027 Honda Odyssey 4dr At Black Edition at Number 7 Honda,66416 CAD,New,Grey,,2221,Number 7 Honda,+1-905-851-2258,"{addr1: '5555 Highway 7 W', city: 'Woodbridge', region: 'Ontario', postal_code: 'L4L 1T5', country: 'CA'}",43.7900000000,-79.5980000000,,,,,https://www.number7honda.com/privacy-policy.html,New,2221,In stock,,66416 CAD,Free,
5FNRL6H05VB500217,5FNRL6H05VB500217,27081-new,Honda,Odyssey,4dr At Black Edition,2027,AUTOMATIC,SUV,GASOLINE,,"2027 Honda Odyssey 4dr At Black Edition, Black exterior","[{url:'https://carimages.d2cmedia.ca/newcarimages/en/cb6abe815d16bd4/Honda/Odyssey/2027/1200/490412-NERSIEFUIEJMQUNLIEVESVRJT04/black/front45.png'},{url:'https://carimages.d2cmedia.ca/newcarimages/fr/cb6abe815d16bd4/Honda/Odyssey/2027/640/490412-NERSIEFUIEJMQUNLIEVESVRJT04/black/front_45_degree.png'},{url:'https://carimages.d2cmedia.ca/newcarimages/fr/cb6abe815d16bd4/Honda/Odyssey/2027/2100/490412-NERSIEFUIEJMQUNLIEVESVRJT04/black/front_45_degree.png'}]",20,KM,https://www.number7honda.com/new/inventory/2027-Honda-Odyssey-id14359931.html,2027 Honda Odyssey 4dr At Black Edition at Number 7 Honda,66416 CAD,New,Black,,2221,Number 7 Honda,+1-905-851-2258,"{addr1: '5555 Highway 7 W', city: 'Woodbridge', region: 'Ontario', postal_code: 'L4L 1T5', country: 'CA'}",43.7900000000,-79.5980000000,,,,,https://www.number7honda.com/privacy-policy.html,New,2221,In stock,,66416 CAD,Free,
5FNRL6H09VB500236,5FNRL6H09VB500236,27082-new,Honda,Odyssey,4dr At Black Edition,2027,AUTOMATIC,SUV,GASOLINE,,"2027 Honda Odyssey 4dr At Black Edition, Black exterior","[{url:'https://carimages.d2cmedia.ca/newcarimages/en/cb6abe815d16bd4/Honda/Odyssey/2027/1200/490412-NERSIEFUIEJMQUNLIEVESVRJT04/black/front45.png'},{url:'https://carimages.d2cmedia.ca/newcarimages/fr/cb6abe815d16bd4/Honda/Odyssey/2027/640/490412-NERSIEFUIEJMQUNLIEVESVRJT04/black/front_45_degree.png'},{url:'https://carimages.d2cmedia.ca/newcarimages/fr/cb6abe815d16bd4/Honda/Odyssey/2027/2100/490412-NERSIEFUIEJMQUNLIEVESVRJT04/black/front_45_degree.png'}]",20,KM,https://www.number7honda.com/new/inventory/2027-Honda-Odyssey-id14359932.html,2027 Honda Odyssey 4dr At Black Edition at Number 7 Honda,66416 CAD,New,Black,,2221,Number 7 Honda,+1-905-851-2258,"{addr1: '5555 Highway 7 W', city: 'Woodbridge', region: 'Ontario', postal_code: 'L4L 1T5', country: 'CA'}",43.7900000000,-79.5980000000,,,,,https://www.number7honda.com/privacy-policy.html,New,2221,In stock,,66416 CAD,Free,
5FNRL6H08VB500499,5FNRL6H08VB500499,27118-new,Honda,Odyssey,4dr At Black Edition,2027,AUTOMATIC,SUV,GASOLINE,,"2027 Honda Odyssey 4dr At Black Edition, White exterior","[{url:'https://carimages.d2cmedia.ca/newcarimages/en/cb6abe815d16bd4/Honda/Odyssey/2027/1200/490412-NERSIEFUIEJMQUNLIEVESVRJT04/white/front45.png'},{url:'https://carimages.d2cmedia.ca/newcarimages/fr/cb6abe815d16bd4/Honda/Odyssey/2027/640/490412-NERSIEFUIEJMQUNLIEVESVRJT04/white/front_45_degree.png'},{url:'https://carimages.d2cmedia.ca/newcarimages/fr/cb6abe815d16bd4/Honda/Odyssey/2027/2100/490412-NERSIEFUIEJMQUNLIEVESVRJT04/white/front_45_degree.png'}]",20,KM,https://www.number7honda.com/new/inventory/2027-Honda-Odyssey-id14405031.html,2027 Honda Odyssey 4dr At Black Edition at Number 7 Honda,66416 CAD,New,White,,2221,Number 7 Honda,+1-905-851-2258,"{addr1: '5555 Highway 7 W', city: 'Woodbridge', region: 'Ontario', postal_code: 'L4L 1T5', country: 'CA'}",43.7900000000,-79.5980000000,,,,,https://www.number7honda.com/privacy-policy.html,New,2221,In stock,,66416 CAD,Free,
5FNYG1H32TB504008,5FNYG1H32TB504008,261742-new,Honda,Pilot,4dr Awd Sport,2026,AUTOMATIC,SUV,GASOLINE,,"2026 Honda Pilot 4dr Awd Sport, White exterior","[{url:'https://carimages.d2cmedia.ca/newcarimages/en/cb6abe815d16bd4/Honda/Pilot/2026/1200/483162-NERSIEFXRCBTUE9SVA/white/front45.png'},{url:'https://carimages.d2cmedia.ca/newcarimages/en/cb6abe815d16bd4/Honda/Pilot/2026/1280/483162/white/front_45_degree.png'},{url:'https://carimages.d2cmedia.ca/newcarimages/en/cb6abe815d16bd4/Honda/Pilot/2026/2100/483162/white/front_45_degree.png'},{url:'https://carimages.d2cmedia.ca/newcarimages/en/cb6abe815d16bd4/Honda/Pilot/2026/2100/483162/white/profile.png'}]",0,KM,https://www.number7honda.com/new/inventory/2026-Honda-Pilot-id14008116.html,2026 Honda Pilot 4dr Awd Sport at Number 7 Honda,59346 CAD,New,White,,2221,Number 7 Honda,+1-905-851-2258,"{addr1: '5555 Highway 7 W', city: 'Woodbridge', region: 'Ontario', postal_code: 'L4L 1T5', country: 'CA'}",43.7900000000,-79.5980000000,,,,,https://www.number7honda.com/privacy-policy.html,New,2221,In stock,,59346 CAD,Free,
5FNYG1H60TB505720,5FNYG1H60TB505720,262084-new,Honda,Pilot,4dr Awd Trailsport,2026,AUTOMATIC,SUV,GASOLINE,,"2026 Honda Pilot 4dr Awd Trailsport, Black exterior","[{url:'https://carimages.d2cmedia.ca/newcarimages/en/cb6abe815d16bd4/Honda/Pilot/2026/1200/483164-NERSIEFXRCBUUkFJTFNQT1JU/black/front45.png'},{url:'https://carimages.d2cmedia.ca/newcarimages/en/cb6abe815d16bd4/Honda/Pilot/2026/1280/483164/black/front_45_degree.png'},{url:'https://carimages.d2cmedia.ca/newcarimages/en/cb6abe815d16bd4/Honda/Pilot/2026/2100/483164/black/front_45_degree.png'},{url:'https://carimages.d2cmedia.ca/newcarimages/en/cb6abe815d16bd4/Honda/Pilot/2026/2100/483164/black/profile.png'}]",20,KM,https://www.number7honda.com/new/inventory/2026-Honda-Pilot-id14462071.html,2026 Honda Pilot 4dr Awd Trailsport at Number 7 Honda,65446 CAD,New,Black,,2221,Number 7 Honda,+1-905-851-2258,"{addr1: '5555 Highway 7 W', city: 'Woodbridge', region: 'Ontario', postal_code: 'L4L 1T5', country: 'CA'}",43.7900000000,-79.5980000000,,,,,https://www.number7honda.com/privacy-policy.html,New,2221,In stock,,65446 CAD,Free,
5FNYG1H79TB504719,5FNYG1H79TB504719,261937-new,Honda,Pilot,4dr Awd Touring,2026,AUTOMATIC,SUV,GASOLINE,,"2026 Honda Pilot 4dr Awd Touring, White exterior","[{url:'https://imagescdn.d2cmedia.ca/cb498f5b11898c98e8ce6d0ae92f67d6dc/2221/14216585/1/Honda-Pilot-2026.jpg'},{url:'https://imagescdn.d2cmedia.ca/s8498f5b11898c98e8ce6d0ae92f67d6dc/2221/14216585/1/Honda-Pilot-2026.jpg'},{url:'https://imagescdn.d2cmedia.ca/cb498f5b11898c98e8ce6d0ae92f67d6dc/2221/14216585/2/Honda-Pilot-2026.jpg'},{url:'https://imagescdn.d2cmedia.ca/cb498f5b11898c98e8ce6d0ae92f67d6dc/2221/14216585/3/Honda-Pilot-2026.jpg'},{url:'https://imagescdn.d2cmedia.ca/cb498f5b11898c98e8ce6d0ae92f67d6dc/2221/14216585/4/Honda-Pilot-2026.jpg'},{url:'https://imagescdn.d2cmedia.ca/cb498f5b11898c98e8ce6d0ae92f67d6dc/2221/14216585/5/Honda-Pilot-2026.jpg'},{url:'https://imagescdn.d2cmedia.ca/cb498f5b11898c98e8ce6d0ae92f67d6dc/2221/14216585/6/Honda-Pilot-2026.jpg'},{url:'https://imagescdn.d2cmedia.ca/cb498f5b11898c98e8ce6d0ae92f67d6dc/2221/14216585/7/Honda-Pilot-2026.jpg'},{url:'https://imagescdn.d2cmedia.ca/cb498f5b11898c98e8ce6d0ae92f67d6dc/2221/14216585/8/Honda-Pilot-2026.jpg'},{url:'https://imagescdn.d2cmedia.ca/cb498f5b11898c98e8ce6d0ae92f67d6dc/2221/14216585/9/Honda-Pilot-2026.jpg'}]",0,KM,https://www.number7honda.com/new/inventory/2026-Honda-Pilot-id14216585.html,2026 Honda Pilot 4dr Awd Touring at Number 7 Honda,68696 CAD,New,White,,2221,Number 7 Honda,+1-905-851-2258,"{addr1: '5555 Highway 7 W', city: 'Woodbridge', region: 'Ontario', postal_code: 'L4L 1T5', country: 'CA'}",43.7900000000,-79.5980000000,,,,,https://www.number7honda.com/privacy-policy.html,New,2221,In stock,,68696 CAD,Free,
5FNYG1H7XTB505281,5FNYG1H7XTB505281,262055-new,Honda,Pilot,4dr Awd Touring,2026,AUTOMATIC,SUV,GASOLINE,,"2026 Honda Pilot 4dr Awd Touring, Silver exterior","[{url:'https://imagescdn.d2cmedia.ca/cbe9b0cd98d1f3fd25d7331b4a67804f4e/2221/14386517/1/Honda-Pilot-2026.jpg'},{url:'https://imagescdn.d2cmedia.ca/s8e9b0cd98d1f3fd25d7331b4a67804f4e/2221/14386517/1/Honda-Pilot-2026.jpg'},{url:'https://imagescdn.d2cmedia.ca/cbe9b0cd98d1f3fd25d7331b4a67804f4e/2221/14386517/2/Honda-Pilot-2026.jpg'},{url:'https://imagescdn.d2cmedia.ca/cbe9b0cd98d1f3fd25d7331b4a67804f4e/2221/14386517/3/Honda-Pilot-2026.jpg'},{url:'https://imagescdn.d2cmedia.ca/cbe9b0cd98d1f3fd25d7331b4a67804f4e/2221/14386517/4/Honda-Pilot-2026.jpg'},{url:'https://imagescdn.d2cmedia.ca/cbe9b0cd98d1f3fd25d7331b4a67804f4e/2221/14386517/5/Honda-Pilot-2026.jpg'},{url:'https://imagescdn.d2cmedia.ca/cbe9b0cd98d1f3fd25d7331b4a67804f4e/2221/14386517/6/Honda-Pilot-2026.jpg'},{url:'https://imagescdn.d2cmedia.ca/cbe9b0cd98d1f3fd25d7331b4a67804f4e/2221/14386517/7/Honda-Pilot-2026.jpg'},{url:'https://imagescdn.d2cmedia.ca/cbe9b0cd98d1f3fd25d7331b4a67804f4e/2221/14386517/8/Honda-Pilot-2026.jpg'},{url:'https://imagescdn.d2cmedia.ca/cbe9b0cd98d1f3fd25d7331b4a67804f4e/2221/14386517/9/Honda-Pilot-2026.jpg'}]",20,KM,https://www.number7honda.com/new/inventory/2026-Honda-Pilot-id14386517.html,2026 Honda Pilot 4dr Awd Touring at Number 7 Honda,68696 CAD,New,Silver,,2221,Number 7 Honda,+1-905-851-2258,"{addr1: '5555 Highway 7 W', city: 'Woodbridge', region: 'Ontario', postal_code: 'L4L 1T5', country: 'CA'}",43.7900000000,-79.5980000000,,,,,https://www.number7honda.com/privacy-policy.html,New,2221,In stock,,68696 CAD,Free,
5FNYG1H7XTB505412,5FNYG1H7XTB505412,262051-new,Honda,Pilot,4dr Awd Touring,2026,AUTOMATIC,SUV,GASOLINE,,"2026 Honda Pilot 4dr Awd Touring, Silver exterior","[{url:'https://imagescdn.d2cmedia.ca/cb435306e3f443f26e113f4da3af181032/2221/14386519/1/Honda-Pilot-2026.jpg'},{url:'https://imagescdn.d2cmedia.ca/s8435306e3f443f26e113f4da3af181032/2221/14386519/1/Honda-Pilot-2026.jpg'},{url:'https://imagescdn.d2cmedia.ca/cb435306e3f443f26e113f4da3af181032/2221/14386519/2/Honda-Pilot-2026.jpg'},{url:'https://imagescdn.d2cmedia.ca/cb435306e3f443f26e113f4da3af181032/2221/14386519/3/Honda-Pilot-2026.jpg'},{url:'https://imagescdn.d2cmedia.ca/cb435306e3f443f26e113f4da3af181032/2221/14386519/4/Honda-Pilot-2026.jpg'},{url:'https://imagescdn.d2cmedia.ca/cb435306e3f443f26e113f4da3af181032/2221/14386519/5/Honda-Pilot-2026.jpg'},{url:'https://imagescdn.d2cmedia.ca/cb435306e3f443f26e113f4da3af181032/2221/14386519/6/Honda-Pilot-2026.jpg'},{url:'https://imagescdn.d2cmedia.ca/cb435306e3f443f26e113f4da3af181032/2221/14386519/7/Honda-Pilot-2026.jpg'},{url:'https://imagescdn.d2cmedia.ca/cb435306e3f443f26e113f4da3af181032/2221/14386519/8/Honda-Pilot-2026.jpg'},{url:'https://imagescdn.d2cmedia.ca/cb435306e3f443f26e113f4da3af181032/2221/14386519/9/Honda-Pilot-2026.jpg'}]",20,KM,https://www.number7honda.com/new/inventory/2026-Honda-Pilot-id14386519.html,2026 Honda Pilot 4dr Awd Touring at Number 7 Honda,68696 CAD,New,Silver,,2221,Number 7 Honda,+1-905-851-2258,"{addr1: '5555 Highway 7 W', city: 'Woodbridge', region: 'Ontario', postal_code: 'L4L 1T5', country: 'CA'}",43.7900000000,-79.5980000000,,,,,https://www.number7honda.com/privacy-policy.html,New,2221,In stock,,68696 CAD,Free,
5FNYG1H78TB505411,5FNYG1H78TB505411,262054-new,Honda,Pilot,4dr Awd Touring,2026,AUTOMATIC,SUV,GASOLINE,,"2026 Honda Pilot 4dr Awd Touring, Silver exterior","[{url:'https://imagescdn.d2cmedia.ca/cb0f628323292d2016531829f821fc3267/2221/14386522/1/Honda-Pilot-2026.jpg'},{url:'https://imagescdn.d2cmedia.ca/s80f628323292d2016531829f821fc3267/2221/14386522/1/Honda-Pilot-2026.jpg'},{url:'https://imagescdn.d2cmedia.ca/cb0f628323292d2016531829f821fc3267/2221/14386522/2/Honda-Pilot-2026.jpg'},{url:'https://imagescdn.d2cmedia.ca/cb0f628323292d2016531829f821fc3267/2221/14386522/3/Honda-Pilot-2026.jpg'},{url:'https://imagescdn.d2cmedia.ca/cb0f628323292d2016531829f821fc3267/2221/14386522/4/Honda-Pilot-2026.jpg'},{url:'https://imagescdn.d2cmedia.ca/cb0f628323292d2016531829f821fc3267/2221/14386522/5/Honda-Pilot-2026.jpg'},{url:'https://imagescdn.d2cmedia.ca/cb0f628323292d2016531829f821fc3267/2221/14386522/6/Honda-Pilot-2026.jpg'},{url:'https://imagescdn.d2cmedia.ca/cb0f628323292d2016531829f821fc3267/2221/14386522/7/Honda-Pilot-2026.jpg'},{url:'https://imagescdn.d2cmedia.ca/cb0f628323292d2016531829f821fc3267/2221/14386522/8/Honda-Pilot-2026.jpg'},{url:'https://imagescdn.d2cmedia.ca/cb0f628323292d2016531829f821fc3267/2221/14386522/9/Honda-Pilot-2026.jpg'}]",20,KM,https://www.number7honda.com/new/inventory/2026-Honda-Pilot-id14386522.html,2026 Honda Pilot 4dr Awd Touring at Number 7 Honda,68696 CAD,New,Silver,,2221,Number 7 Honda,+1-905-851-2258,"{addr1: '5555 Highway 7 W', city: 'Woodbridge', region: 'Ontario', postal_code: 'L4L 1T5', country: 'CA'}",43.7900000000,-79.5980000000,,,,,https://www.number7honda.com/privacy-policy.html,New,2221,In stock,,68696 CAD,Free,
5FNYG1H70TB505497,5FNYG1H70TB505497,262066-new,Honda,Pilot,4dr Awd Touring,2026,AUTOMATIC,SUV,GASOLINE,,"2026 Honda Pilot 4dr Awd Touring, White exterior","[{url:'https://imagescdn.d2cmedia.ca/cb3445e7ae5a9e034944f01301c7aa81cd/2221/14405025/1/Honda-Pilot-2026.jpg'},{url:'https://imagescdn.d2cmedia.ca/s83445e7ae5a9e034944f01301c7aa81cd/2221/14405025/1/Honda-Pilot-2026.jpg'},{url:'https://imagescdn.d2cmedia.ca/cb3445e7ae5a9e034944f01301c7aa81cd/2221/14405025/2/Honda-Pilot-2026.jpg'},{url:'https://imagescdn.d2cmedia.ca/cb3445e7ae5a9e034944f01301c7aa81cd/2221/14405025/3/Honda-Pilot-2026.jpg'},{url:'https://imagescdn.d2cmedia.ca/cb3445e7ae5a9e034944f01301c7aa81cd/2221/14405025/4/Honda-Pilot-2026.jpg'},{url:'https://imagescdn.d2cmedia.ca/cb3445e7ae5a9e034944f01301c7aa81cd/2221/14405025/5/Honda-Pilot-2026.jpg'},{url:'https://imagescdn.d2cmedia.ca/cb3445e7ae5a9e034944f01301c7aa81cd/2221/14405025/6/Honda-Pilot-2026.jpg'},{url:'https://imagescdn.d2cmedia.ca/cb3445e7ae5a9e034944f01301c7aa81cd/2221/14405025/7/Honda-Pilot-2026.jpg'},{url:'https://imagescdn.d2cmedia.ca/cb3445e7ae5a9e034944f01301c7aa81cd/2221/14405025/8/Honda-Pilot-2026.jpg'},{url:'https://imagescdn.d2cmedia.ca/cb3445e7ae5a9e034944f01301c7aa81cd/2221/14405025/9/Honda-Pilot-2026.jpg'}]",20,KM,https://www.number7honda.com/new/inventory/2026-Honda-Pilot-id14405025.html,2026 Honda Pilot 4dr Awd Touring at Number 7 Honda,68696 CAD,New,White,,2221,Number 7 Honda,+1-905-851-2258,"{addr1: '5555 Highway 7 W', city: 'Woodbridge', region: 'Ontario', postal_code: 'L4L 1T5', country: 'CA'}",43.7900000000,-79.5980000000,,,,,https://www.number7honda.com/privacy-policy.html,New,2221,In stock,,68696 CAD,Free,
5FNYG1H97TB505532,5FNYG1H97TB505532,262052-new,Honda,Pilot,4dr Awd Black Editio,2026,AUTOMATIC,SUV,GASOLINE,,"2026 Honda Pilot 4dr Awd Black Editio, Black exterior","[{url:'https://imagescdn.d2cmedia.ca/cb3f23afdf16c2f99361fd6049388e2364/2221/14386520/1/Honda-Pilot-2026.jpg'},{url:'https://imagescdn.d2cmedia.ca/s83f23afdf16c2f99361fd6049388e2364/2221/14386520/1/Honda-Pilot-2026.jpg'},{url:'https://imagescdn.d2cmedia.ca/cb3f23afdf16c2f99361fd6049388e2364/2221/14386520/2/Honda-Pilot-2026.jpg'},{url:'https://imagescdn.d2cmedia.ca/cb3f23afdf16c2f99361fd6049388e2364/2221/14386520/3/Honda-Pilot-2026.jpg'},{url:'https://imagescdn.d2cmedia.ca/cb3f23afdf16c2f99361fd6049388e2364/2221/14386520/4/Honda-Pilot-2026.jpg'},{url:'https://imagescdn.d2cmedia.ca/cb3f23afdf16c2f99361fd6049388e2364/2221/14386520/5/Honda-Pilot-2026.jpg'},{url:'https://imagescdn.d2cmedia.ca/cb3f23afdf16c2f99361fd6049388e2364/2221/14386520/6/Honda-Pilot-2026.jpg'},{url:'https://imagescdn.d2cmedia.ca/cb3f23afdf16c2f99361fd6049388e2364/2221/14386520/7/Honda-Pilot-2026.jpg'},{url:'https://imagescdn.d2cmedia.ca/cb3f23afdf16c2f99361fd6049388e2364/2221/14386520/8/Honda-Pilot-2026.jpg'},{url:'https://imagescdn.d2cmedia.ca/cb3f23afdf16c2f99361fd6049388e2364/2221/14386520/9/Honda-Pilot-2026.jpg'}]",20,KM,https://www.number7honda.com/new/inventory/2026-Honda-Pilot-id14386520.html,2026 Honda Pilot 4dr Awd Black Editio at Number 7 Honda,70196 CAD,New,Black,,2221,Number 7 Honda,+1-905-851-2258,"{addr1: '5555 Highway 7 W', city: 'Woodbridge', region: 'Ontario', postal_code: 'L4L 1T5', country: 'CA'}",43.7900000000,-79.5980000000,,,,,https://www.number7honda.com/privacy-policy.html,New,2221,In stock,,70196 CAD,Free,
5FNYF9H58TB508034,5FNYF9H58TB508034,261969-new,Honda,Passport,4dr Awd Trailsport,2026,AUTOMATIC,SUV,GASOLINE,,"2026 Honda Passport 4dr Awd Trailsport, Black exterior","[{url:'https://imagescdn.d2cmedia.ca/cb44bbbcea8a024949e9cd16797817e344/2221/14273130/1/Honda-Passport-2026.jpg'},{url:'https://imagescdn.d2cmedia.ca/s844bbbcea8a024949e9cd16797817e344/2221/14273130/1/Honda-Passport-2026.jpg'},{url:'https://imagescdn.d2cmedia.ca/cb44bbbcea8a024949e9cd16797817e344/2221/14273130/2/Honda-Passport-2026.jpg'},{url:'https://imagescdn.d2cmedia.ca/cb44bbbcea8a024949e9cd16797817e344/2221/14273130/3/Honda-Passport-2026.jpg'},{url:'https://imagescdn.d2cmedia.ca/cb44bbbcea8a024949e9cd16797817e344/2221/14273130/4/Honda-Passport-2026.jpg'},{url:'https://imagescdn.d2cmedia.ca/cb44bbbcea8a024949e9cd16797817e344/2221/14273130/5/Honda-Passport-2026.jpg'},{url:'https://imagescdn.d2cmedia.ca/cb44bbbcea8a024949e9cd16797817e344/2221/14273130/6/Honda-Passport-2026.jpg'},{url:'https://imagescdn.d2cmedia.ca/cb44bbbcea8a024949e9cd16797817e344/2221/14273130/7/Honda-Passport-2026.jpg'},{url:'https://imagescdn.d2cmedia.ca/cb44bbbcea8a024949e9cd16797817e344/2221/14273130/8/Honda-Passport-2026.jpg'},{url:'https://imagescdn.d2cmedia.ca/cb44bbbcea8a024949e9cd16797817e344/2221/14273130/9/Honda-Passport-2026.jpg'}]",20,KM,https://www.number7honda.com/new/inventory/2026-Honda-Passport-id14273130.html,2026 Honda Passport 4dr Awd Trailsport at Number 7 Honda,60786 CAD,New,Black,,2221,Number 7 Honda,+1-905-851-2258,"{addr1: '5555 Highway 7 W', city: 'Woodbridge', region: 'Ontario', postal_code: 'L4L 1T5', country: 'CA'}",43.7900000000,-79.5980000000,,,,,https://www.number7honda.com/privacy-policy.html,New,2221,In stock,,60786 CAD,Free,
5FNYF9H58TB508664,5FNYF9H58TB508664,262075-new,Honda,Passport,4dr Awd Trailsport,2026,AUTOMATIC,SUV,GASOLINE,,"2026 Honda Passport 4dr Awd Trailsport, Black exterior","[{url:'https://imagescdn.d2cmedia.ca/cb756d412450e21931a12c5278a3e7ed7f/2221/14439676/1/Honda-Passport-2026.jpg'},{url:'https://imagescdn.d2cmedia.ca/s8756d412450e21931a12c5278a3e7ed7f/2221/14439676/1/Honda-Passport-2026.jpg'},{url:'https://imagescdn.d2cmedia.ca/cb756d412450e21931a12c5278a3e7ed7f/2221/14439676/2/Honda-Passport-2026.jpg'},{url:'https://imagescdn.d2cmedia.ca/cb756d412450e21931a12c5278a3e7ed7f/2221/14439676/3/Honda-Passport-2026.jpg'},{url:'https://imagescdn.d2cmedia.ca/cb756d412450e21931a12c5278a3e7ed7f/2221/14439676/4/Honda-Passport-2026.jpg'},{url:'https://imagescdn.d2cmedia.ca/cb756d412450e21931a12c5278a3e7ed7f/2221/14439676/5/Honda-Passport-2026.jpg'},{url:'https://imagescdn.d2cmedia.ca/cb756d412450e21931a12c5278a3e7ed7f/2221/14439676/6/Honda-Passport-2026.jpg'},{url:'https://imagescdn.d2cmedia.ca/cb756d412450e21931a12c5278a3e7ed7f/2221/14439676/7/Honda-Passport-2026.jpg'},{url:'https://imagescdn.d2cmedia.ca/cb756d412450e21931a12c5278a3e7ed7f/2221/14439676/8/Honda-Passport-2026.jpg'},{url:'https://imagescdn.d2cmedia.ca/cb756d412450e21931a12c5278a3e7ed7f/2221/14439676/9/Honda-Passport-2026.jpg'}]",20,KM,https://www.number7honda.com/new/inventory/2026-Honda-Passport-id14439676.html,2026 Honda Passport 4dr Awd Trailsport at Number 7 Honda,60786 CAD,New,Black,,2221,Number 7 Honda,+1-905-851-2258,"{addr1: '5555 Highway 7 W', city: 'Woodbridge', region: 'Ontario', postal_code: 'L4L 1T5', country: 'CA'}",43.7900000000,-79.5980000000,,,,,https://www.number7honda.com/privacy-policy.html,New,2221,In stock,,60786 CAD,Free,
5FNYF9H55TB508721,5FNYF9H55TB508721,262077-new,Honda,Passport,4dr Awd Trailsport,2026,AUTOMATIC,SUV,GASOLINE,,"2026 Honda Passport 4dr Awd Trailsport, Black exterior","[{url:'https://carimages.d2cmedia.ca/newcarimages/en/cb6abe815d16bd4/Honda/Passport/2026/1200/477730-NERSIEFXRCBUUkFJTFNQT1JU/black/front45.png'},{url:'https://carimages.d2cmedia.ca/newcarimages/en/cb6abe815d16bd4/Honda/Passport/2026/1280/477730/black/front_45_degree.png'},{url:'https://carimages.d2cmedia.ca/newcarimages/en/cb6abe815d16bd4/Honda/Passport/2026/2100/477730/black/front_45_degree.png'},{url:'https://carimages.d2cmedia.ca/newcarimages/en/cb6abe815d16bd4/Honda/Passport/2026/2100/477730/black/profile.png'},{url:'https://carimages.d2cmedia.ca/newcarimages/en/cb6abe815d16bd4/Honda/Passport/2026/2100/477730/black/back_45_degree.png'},{url:'https://carimages.d2cmedia.ca/newcarimages/en/cb6abe815d16bd4/Honda/Passport/2026/2100/477730/black/driver_dashboard.png'},{url:'https://carimages.d2cmedia.ca/newcarimages/en/cb6abe815d16bd4/Honda/Passport/2026/2100/477730/black/full_dashboard.png'},{url:'https://carimages.d2cmedia.ca/newcarimages/en/cb6abe815d16bd4/Honda/Passport/2026/2100/477730/black/interior_driver_open_seat.png'},{url:'https://carimages.d2cmedia.ca/newcarimages/en/cb6abe815d16bd4/Honda/Passport/2026/2100/477730/black/interior_driver_stereo.png'},{url:'https://carimages.d2cmedia.ca/newcarimages/en/cb6abe815d16bd4/Honda/Passport/2026/2100/477730/black/interior_driver_reat_seats.png'}]",20,KM,https://www.number7honda.com/new/inventory/2026-Honda-Passport-id14448483.html,2026 Honda Passport 4dr Awd Trailsport at Number 7 Honda,60786 CAD,New,Black,,2221,Number 7 Honda,+1-905-851-2258,"{addr1: '5555 Highway 7 W', city: 'Woodbridge', region: 'Ontario', postal_code: 'L4L 1T5', country: 'CA'}",43.7900000000,-79.5980000000,,,,,https://www.number7honda.com/privacy-policy.html,New,2221,In stock,,60786 CAD,Free,
5FNYF9H5XTB508620,5FNYF9H5XTB508620,262078-new,Honda,Passport,4dr Awd Trailsport,2026,AUTOMATIC,SUV,GASOLINE,,"2026 Honda Passport 4dr Awd Trailsport, Silver exterior","[{url:'https://carimages.d2cmedia.ca/newcarimages/en/cb6abe815d16bd4/Honda/Passport/2026/1200/477730-NERSIEFXRCBUUkFJTFNQT1JU/gray/front45.png'},{url:'https://carimages.d2cmedia.ca/newcarimages/en/cb6abe815d16bd4/Honda/Passport/2026/1280/477730/gray/front_45_degree.png'},{url:'https://carimages.d2cmedia.ca/newcarimages/en/cb6abe815d16bd4/Honda/Passport/2026/2100/477730/gray/front_45_degree.png'},{url:'https://carimages.d2cmedia.ca/newcarimages/en/cb6abe815d16bd4/Honda/Passport/2026/2100/477730/gray/profile.png'},{url:'https://carimages.d2cmedia.ca/newcarimages/en/cb6abe815d16bd4/Honda/Passport/2026/2100/477730/gray/back_45_degree.png'},{url:'https://carimages.d2cmedia.ca/newcarimages/en/cb6abe815d16bd4/Honda/Passport/2026/2100/477730/gray/driver_dashboard.png'},{url:'https://carimages.d2cmedia.ca/newcarimages/en/cb6abe815d16bd4/Honda/Passport/2026/2100/477730/gray/full_dashboard.png'},{url:'https://carimages.d2cmedia.ca/newcarimages/en/cb6abe815d16bd4/Honda/Passport/2026/2100/477730/gray/interior_driver_open_seat.png'},{url:'https://carimages.d2cmedia.ca/newcarimages/en/cb6abe815d16bd4/Honda/Passport/2026/2100/477730/gray/interior_driver_stereo.png'},{url:'https://carimages.d2cmedia.ca/newcarimages/en/cb6abe815d16bd4/Honda/Passport/2026/2100/477730/gray/interior_driver_reat_seats.png'}]",20,KM,https://www.number7honda.com/new/inventory/2026-Honda-Passport-id14448484.html,2026 Honda Passport 4dr Awd Trailsport at Number 7 Honda,60786 CAD,New,Silver,,2221,Number 7 Honda,+1-905-851-2258,"{addr1: '5555 Highway 7 W', city: 'Woodbridge', region: 'Ontario', postal_code: 'L4L 1T5', country: 'CA'}",43.7900000000,-79.5980000000,,,,,https://www.number7honda.com/privacy-policy.html,New,2221,In stock,,60786 CAD,Free,
5FNYF9H82TB508167,5FNYF9H82TB508167,261993-new,Honda,Passport,4dr Awd Trail Tour B,2026,AUTOMATIC,SUV,GASOLINE,,"2026 Honda Passport 4dr Awd Trail Tour B, Black exterior","[{url:'https://imagescdn.d2cmedia.ca/cb862654d32a8c9ff8c20c3925207b193a/2221/14287313/1/Honda-Passport-2026.jpg'},{url:'https://imagescdn.d2cmedia.ca/s8862654d32a8c9ff8c20c3925207b193a/2221/14287313/1/Honda-Passport-2026.jpg'},{url:'https://imagescdn.d2cmedia.ca/cb862654d32a8c9ff8c20c3925207b193a/2221/14287313/2/Honda-Passport-2026.jpg'},{url:'https://imagescdn.d2cmedia.ca/cb862654d32a8c9ff8c20c3925207b193a/2221/14287313/3/Honda-Passport-2026.jpg'},{url:'https://imagescdn.d2cmedia.ca/cb862654d32a8c9ff8c20c3925207b193a/2221/14287313/4/Honda-Passport-2026.jpg'},{url:'https://imagescdn.d2cmedia.ca/cb862654d32a8c9ff8c20c3925207b193a/2221/14287313/5/Honda-Passport-2026.jpg'},{url:'https://imagescdn.d2cmedia.ca/cb862654d32a8c9ff8c20c3925207b193a/2221/14287313/6/Honda-Passport-2026.jpg'},{url:'https://imagescdn.d2cmedia.ca/cb862654d32a8c9ff8c20c3925207b193a/2221/14287313/7/Honda-Passport-2026.jpg'},{url:'https://imagescdn.d2cmedia.ca/cb862654d32a8c9ff8c20c3925207b193a/2221/14287313/8/Honda-Passport-2026.jpg'},{url:'https://imagescdn.d2cmedia.ca/cb862654d32a8c9ff8c20c3925207b193a/2221/14287313/9/Honda-Passport-2026.jpg'}]",0,KM,https://www.number7honda.com/new/inventory/2026-Honda-Passport-id14287313.html,2026 Honda Passport 4dr Awd Trail Tour B at Number 7 Honda,65536 CAD,New,Black,,2221,Number 7 Honda,+1-905-851-2258,"{addr1: '5555 Highway 7 W', city: 'Woodbridge', region: 'Ontario', postal_code: 'L4L 1T5', country: 'CA'}",43.7900000000,-79.5980000000,,,,,https://www.number7honda.com/privacy-policy.html,New,2221,In stock,,65536 CAD,Free,
5FNYF9H83TB507450,5FNYF9H83TB507450,261785,Honda,Passport,TrailSport Touring Blackout AWD,2026,AUTOMATIC,SUV,GASOLINE,AWD,"2026 Honda Passport TrailSport Touring Blackout AWD, Black exterior, All-wheel drive","[{url:'https://imagescdn.d2cmedia.ca/cbe4089cc02e5dfb71c2d75f3f55a14b88/2221/14085457/1/Honda-Passport-2026.jpg'},{url:'https://imagescdn.d2cmedia.ca/s8e4089cc02e5dfb71c2d75f3f55a14b88/2221/14085457/1/Honda-Passport-2026.jpg'},{url:'https://imagescdn.d2cmedia.ca/cbe4089cc02e5dfb71c2d75f3f55a14b88/2221/14085457/2/Honda-Passport-2026.jpg'},{url:'https://imagescdn.d2cmedia.ca/cbe4089cc02e5dfb71c2d75f3f55a14b88/2221/14085457/3/Honda-Passport-2026.jpg'},{url:'https://imagescdn.d2cmedia.ca/cbe4089cc02e5dfb71c2d75f3f55a14b88/2221/14085457/4/Honda-Passport-2026.jpg'},{url:'https://imagescdn.d2cmedia.ca/cbe4089cc02e5dfb71c2d75f3f55a14b88/2221/14085457/5/Honda-Passport-2026.jpg'},{url:'https://imagescdn.d2cmedia.ca/cbe4089cc02e5dfb71c2d75f3f55a14b88/2221/14085457/6/Honda-Passport-2026.jpg'},{url:'https://imagescdn.d2cmedia.ca/cbe4089cc02e5dfb71c2d75f3f55a14b88/2221/14085457/7/Honda-Passport-2026.jpg'},{url:'https://imagescdn.d2cmedia.ca/cbe4089cc02e5dfb71c2d75f3f55a14b88/2221/14085457/8/Honda-Passport-2026.jpg'},{url:'https://imagescdn.d2cmedia.ca/cbe4089cc02e5dfb71c2d75f3f55a14b88/2221/14085457/9/Honda-Passport-2026.jpg'}]",10,KM,https://www.number7honda.com/new/inventory/2026-Honda-Passport-id14085457.html,2026 Honda Passport TrailSport Touring Blackout AWD at Number 7 Honda,65536 CAD,New,Black,,2221,Number 7 Honda,+1-905-851-2258,"{addr1: '5555 Highway 7 W', city: 'Woodbridge', region: 'Ontario', postal_code: 'L4L 1T5', country: 'CA'}",43.7900000000,-79.5980000000,,,,,https://www.number7honda.com/privacy-policy.html,New,2221,In stock,,65536 CAD,Free,
5FNYF9H89TB508554,5FNYF9H89TB508554,262074-new,Honda,Passport,4dr Awd Trail Tour B,2026,AUTOMATIC,SUV,GASOLINE,,"2026 Honda Passport 4dr Awd Trail Tour B, White exterior","[{url:'https://imagescdn.d2cmedia.ca/cb9d6556aae4eca7c48868acedbf78f8b7/2221/14439675/1/Honda-Passport-2026.jpg'},{url:'https://imagescdn.d2cmedia.ca/s89d6556aae4eca7c48868acedbf78f8b7/2221/14439675/1/Honda-Passport-2026.jpg'},{url:'https://imagescdn.d2cmedia.ca/cb9d6556aae4eca7c48868acedbf78f8b7/2221/14439675/2/Honda-Passport-2026.jpg'},{url:'https://imagescdn.d2cmedia.ca/cb9d6556aae4eca7c48868acedbf78f8b7/2221/14439675/3/Honda-Passport-2026.jpg'},{url:'https://imagescdn.d2cmedia.ca/cb9d6556aae4eca7c48868acedbf78f8b7/2221/14439675/4/Honda-Passport-2026.jpg'},{url:'https://imagescdn.d2cmedia.ca/cb9d6556aae4eca7c48868acedbf78f8b7/2221/14439675/5/Honda-Passport-2026.jpg'},{url:'https://imagescdn.d2cmedia.ca/cb9d6556aae4eca7c48868acedbf78f8b7/2221/14439675/6/Honda-Passport-2026.jpg'},{url:'https://imagescdn.d2cmedia.ca/cb9d6556aae4eca7c48868acedbf78f8b7/2221/14439675/7/Honda-Passport-2026.jpg'},{url:'https://imagescdn.d2cmedia.ca/cb9d6556aae4eca7c48868acedbf78f8b7/2221/14439675/8/Honda-Passport-2026.jpg'},{url:'https://imagescdn.d2cmedia.ca/cb9d6556aae4eca7c48868acedbf78f8b7/2221/14439675/9/Honda-Passport-2026.jpg'}]",20,KM,https://www.number7honda.com/new/inventory/2026-Honda-Passport-id14439675.html,2026 Honda Passport 4dr Awd Trail Tour B at Number 7 Honda,65536 CAD,New,White,,2221,Number 7 Honda,+1-905-851-2258,"{addr1: '5555 Highway 7 W', city: 'Woodbridge', region: 'Ontario', postal_code: 'L4L 1T5', country: 'CA'}",43.7900000000,-79.5980000000,,,,,https://www.number7honda.com/privacy-policy.html,New,2221,In stock,,65536 CAD,Free,
1HGCY1F49TA800205,1HGCY1F49TA800205,261495-new,Honda,Accord Sedan,4dr Sdn Cvt Se,2026,AUTOMATIC,SEDAN,GASOLINE,,"2026 Honda Accord Sedan 4dr Sdn Cvt Se, Black exterior","[{url:'https://imagescdn.d2cmedia.ca/cbac3bcd812a003a92395537f7e6b99bf4/2221/13823723/1/Honda-Accord Sedan-2026.jpg'},{url:'https://imagescdn.d2cmedia.ca/s8ac3bcd812a003a92395537f7e6b99bf4/2221/13823723/1/Honda-Accord_Sedan-2026.jpg'},{url:'https://imagescdn.d2cmedia.ca/cbac3bcd812a003a92395537f7e6b99bf4/2221/13823723/1/Honda-Accord_Sedan-2026.jpg'},{url:'https://imagescdn.d2cmedia.ca/cbac3bcd812a003a92395537f7e6b99bf4/2221/13823723/2/Honda-Accord_Sedan-2026.jpg'},{url:'https://imagescdn.d2cmedia.ca/cbac3bcd812a003a92395537f7e6b99bf4/2221/13823723/3/Honda-Accord_Sedan-2026.jpg'},{url:'https://imagescdn.d2cmedia.ca/cbac3bcd812a003a92395537f7e6b99bf4/2221/13823723/4/Honda-Accord_Sedan-2026.jpg'},{url:'https://imagescdn.d2cmedia.ca/cbac3bcd812a003a92395537f7e6b99bf4/2221/13823723/5/Honda-Accord_Sedan-2026.jpg'},{url:'https://imagescdn.d2cmedia.ca/cbac3bcd812a003a92395537f7e6b99bf4/2221/13823723/6/Honda-Accord_Sedan-2026.jpg'},{url:'https://imagescdn.d2cmedia.ca/cbac3bcd812a003a92395537f7e6b99bf4/2221/13823723/7/Honda-Accord_Sedan-2026.jpg'},{url:'https://imagescdn.d2cmedia.ca/cbac3bcd812a003a92395537f7e6b99bf4/2221/13823723/8/Honda-Accord_Sedan-2026.jpg'}]",20,KM,https://www.number7honda.com/new/inventory/2026-Honda-Accord_Sedan-id13823723.html,2026 Honda Accord Sedan 4dr Sdn Cvt Se at Number 7 Honda,42126 CAD,New,Black,,2221,Number 7 Honda,+1-905-851-2258,"{addr1: '5555 Highway 7 W', city: 'Woodbridge', region: 'Ontario', postal_code: 'L4L 1T5', country: 'CA'}",43.7900000000,-79.5980000000,,,,,https://www.number7honda.com/privacy-policy.html,New,2221,In stock,,42126 CAD,Free,
1HGCY1F43TA800281,1HGCY1F43TA800281,261577-new,Honda,Accord Sedan,4dr Sdn Cvt Se,2026,AUTOMATIC,SEDAN,GASOLINE,,"2026 Honda Accord Sedan 4dr Sdn Cvt Se, Black exterior","[{url:'https://imagescdn.d2cmedia.ca/cbfdf9e3d4c4e5414a76becdc1b53dca6f/2221/13890358/1/Honda-Accord Sedan-2026.jpg'},{url:'https://imagescdn.d2cmedia.ca/s8fdf9e3d4c4e5414a76becdc1b53dca6f/2221/13890358/1/Honda-Accord_Sedan-2026.jpg'},{url:'https://imagescdn.d2cmedia.ca/cbfdf9e3d4c4e5414a76becdc1b53dca6f/2221/13890358/1/Honda-Accord_Sedan-2026.jpg'},{url:'https://imagescdn.d2cmedia.ca/cbfdf9e3d4c4e5414a76becdc1b53dca6f/2221/13890358/2/Honda-Accord_Sedan-2026.jpg'},{url:'https://imagescdn.d2cmedia.ca/cbfdf9e3d4c4e5414a76becdc1b53dca6f/2221/13890358/3/Honda-Accord_Sedan-2026.jpg'},{url:'https://imagescdn.d2cmedia.ca/cbfdf9e3d4c4e5414a76becdc1b53dca6f/2221/13890358/4/Honda-Accord_Sedan-2026.jpg'},{url:'https://imagescdn.d2cmedia.ca/cbfdf9e3d4c4e5414a76becdc1b53dca6f/2221/13890358/5/Honda-Accord_Sedan-2026.jpg'},{url:'https://imagescdn.d2cmedia.ca/cbfdf9e3d4c4e5414a76becdc1b53dca6f/2221/13890358/6/Honda-Accord_Sedan-2026.jpg'},{url:'https://imagescdn.d2cmedia.ca/cbfdf9e3d4c4e5414a76becdc1b53dca6f/2221/13890358/7/Honda-Accord_Sedan-2026.jpg'},{url:'https://imagescdn.d2cmedia.ca/cbfdf9e3d4c4e5414a76becdc1b53dca6f/2221/13890358/8/Honda-Accord_Sedan-2026.jpg'}]",20,KM,https://www.number7honda.com/new/inventory/2026-Honda-Accord_Sedan-id13890358.html,2026 Honda Accord Sedan 4dr Sdn Cvt Se at Number 7 Honda,42126 CAD,New,Black,,2221,Number 7 Honda,+1-905-851-2258,"{addr1: '5555 Highway 7 W', city: 'Woodbridge', region: 'Ontario', postal_code: 'L4L 1T5', country: 'CA'}",43.7900000000,-79.5980000000,,,,,https://www.number7honda.com/privacy-policy.html,New,2221,In stock,,42126 CAD,Free,
1HGCY1F44TA800273,1HGCY1F44TA800273,261600-new,Honda,Accord Sedan,4dr Sdn Cvt Se,2026,AUTOMATIC,SEDAN,GASOLINE,,"2026 Honda Accord Sedan 4dr Sdn Cvt Se, Black exterior","[{url:'https://imagescdn.d2cmedia.ca/cbe9aac6a0b5df8f7fe988e515bf12df0f/2221/13905412/1/Honda-Accord Sedan-2026.jpg'},{url:'https://imagescdn.d2cmedia.ca/s8e9aac6a0b5df8f7fe988e515bf12df0f/2221/13905412/1/Honda-Accord_Sedan-2026.jpg'},{url:'https://imagescdn.d2cmedia.ca/cbe9aac6a0b5df8f7fe988e515bf12df0f/2221/13905412/1/Honda-Accord_Sedan-2026.jpg'},{url:'https://imagescdn.d2cmedia.ca/cbe9aac6a0b5df8f7fe988e515bf12df0f/2221/13905412/2/Honda-Accord_Sedan-2026.jpg'},{url:'https://imagescdn.d2cmedia.ca/cbe9aac6a0b5df8f7fe988e515bf12df0f/2221/13905412/3/Honda-Accord_Sedan-2026.jpg'},{url:'https://imagescdn.d2cmedia.ca/cbe9aac6a0b5df8f7fe988e515bf12df0f/2221/13905412/4/Honda-Accord_Sedan-2026.jpg'},{url:'https://imagescdn.d2cmedia.ca/cbe9aac6a0b5df8f7fe988e515bf12df0f/2221/13905412/5/Honda-Accord_Sedan-2026.jpg'},{url:'https://imagescdn.d2cmedia.ca/cbe9aac6a0b5df8f7fe988e515bf12df0f/2221/13905412/6/Honda-Accord_Sedan-2026.jpg'},{url:'https://imagescdn.d2cmedia.ca/cbe9aac6a0b5df8f7fe988e515bf12df0f/2221/13905412/7/Honda-Accord_Sedan-2026.jpg'},{url:'https://imagescdn.d2cmedia.ca/cbe9aac6a0b5df8f7fe988e515bf12df0f/2221/13905412/8/Honda-Accord_Sedan-2026.jpg'}]",20,KM,https://www.number7honda.com/new/inventory/2026-Honda-Accord_Sedan-id13905412.html,2026 Honda Accord Sedan 4dr Sdn Cvt Se at Number 7 Honda,42126 CAD,New,Black,,2221,Number 7 Honda,+1-905-851-2258,"{addr1: '5555 Highway 7 W', city: 'Woodbridge', region: 'Ontario', postal_code: 'L4L 1T5', country: 'CA'}",43.7900000000,-79.5980000000,,,,,https://www.number7honda.com/privacy-policy.html,New,2221,In stock,,42126 CAD,Free,
2HGFE1E56TH081240,2HGFE1E56TH081240,261678-new,Honda,Civic Sedan Si,4dr Sdn Mt,2026,AUTOMATIC,SEDAN,GASOLINE,,"2026 Honda Civic Sedan Si 4dr Sdn Mt, Grey exterior","[{url:'https://carimages.d2cmedia.ca/newcarimages/en/cb6abe815d16bd4/Honda/Civic Si Sedan/2026/1200/478811-NERSIFNETiBNVA/gray/front45.png'},{url:'https://carimages.d2cmedia.ca/newcarimages/en/cb6abe815d16bd4/Honda/Civic Si Sedan/2026/1280/478811/gray/front_45_degree.png'},{url:'https://carimages.d2cmedia.ca/newcarimages/en/cb6abe815d16bd4/Honda/Civic Si Sedan/2026/2100/478811/gray/front_45_degree.png'},{url:'https://carimages.d2cmedia.ca/newcarimages/en/cb6abe815d16bd4/Honda/Civic Si Sedan/2026/2100/478811/gray/profile.png'},{url:'https://carimages.d2cmedia.ca/newcarimages/en/cb6abe815d16bd4/Honda/Civic Si Sedan/2026/2100/478811/gray/back_45_degree.png'},{url:'https://carimages.d2cmedia.ca/newcarimages/en/cb6abe815d16bd4/Honda/Civic Si Sedan/2026/2100/478811/gray/driver_dashboard.png'},{url:'https://carimages.d2cmedia.ca/newcarimages/en/cb6abe815d16bd4/Honda/Civic Si Sedan/2026/2100/478811/gray/full_dashboard.png'},{url:'https://carimages.d2cmedia.ca/newcarimages/en/cb6abe815d16bd4/Honda/Civic Si Sedan/2026/2100/478811/gray/interior_driver_open_seat.png'},{url:'https://carimages.d2cmedia.ca/newcarimages/en/cb6abe815d16bd4/Honda/Civic Si Sedan/2026/2100/478811/gray/interior_driver_stereo.png'},{url:'https://carimages.d2cmedia.ca/newcarimages/en/cb6abe815d16bd4/Honda/Civic Si Sedan/2026/2100/478811/gray/interior_driver_reat_seats.png'}]",20,KM,https://www.number7honda.com/new/inventory/2026-Honda-Civic_Sedan_Si-id13936916.html,2026 Honda Civic Sedan Si 4dr Sdn Mt at Number 7 Honda,40226 CAD,New,Grey,,2221,Number 7 Honda,+1-905-851-2258,"{addr1: '5555 Highway 7 W', city: 'Woodbridge', region: 'Ontario', postal_code: 'L4L 1T5', country: 'CA'}",43.7900000000,-79.5980000000,,,,,https://www.number7honda.com/privacy-policy.html,New,2221,In stock,,40226 CAD,Free,
2HGFE1E55TH081181,2HGFE1E55TH081181,262085-new,Honda,Civic Sedan Si,4dr Sdn Mt,2026,AUTOMATIC,SEDAN,GASOLINE,,"2026 Honda Civic Sedan Si 4dr Sdn Mt, Black exterior","[{url:'https://carimages.d2cmedia.ca/newcarimages/en/cb6abe815d16bd4/Honda/Civic Si Sedan/2026/1200/478811-NERSIFNETiBNVA/black/front45.png'},{url:'https://carimages.d2cmedia.ca/newcarimages/en/cb6abe815d16bd4/Honda/Civic Si Sedan/2026/1280/478811/black/front_45_degree.png'},{url:'https://carimages.d2cmedia.ca/newcarimages/en/cb6abe815d16bd4/Honda/Civic Si Sedan/2026/2100/478811/black/front_45_degree.png'},{url:'https://carimages.d2cmedia.ca/newcarimages/en/cb6abe815d16bd4/Honda/Civic Si Sedan/2026/2100/478811/black/profile.png'},{url:'https://carimages.d2cmedia.ca/newcarimages/en/cb6abe815d16bd4/Honda/Civic Si Sedan/2026/2100/478811/black/back_45_degree.png'},{url:'https://carimages.d2cmedia.ca/newcarimages/en/cb6abe815d16bd4/Honda/Civic Si Sedan/2026/2100/478811/black/driver_dashboard.png'},{url:'https://carimages.d2cmedia.ca/newcarimages/en/cb6abe815d16bd4/Honda/Civic Si Sedan/2026/2100/478811/black/full_dashboard.png'},{url:'https://carimages.d2cmedia.ca/newcarimages/en/cb6abe815d16bd4/Honda/Civic Si Sedan/2026/2100/478811/black/interior_driver_open_seat.png'},{url:'https://carimages.d2cmedia.ca/newcarimages/en/cb6abe815d16bd4/Honda/Civic Si Sedan/2026/2100/478811/black/interior_driver_stereo.png'},{url:'https://carimages.d2cmedia.ca/newcarimages/en/cb6abe815d16bd4/Honda/Civic Si Sedan/2026/2100/478811/black/interior_driver_reat_seats.png'}]",20,KM,https://www.number7honda.com/new/inventory/2026-Honda-Civic_Sedan_Si-id14462072.html,2026 Honda Civic Sedan Si 4dr Sdn Mt at Number 7 Honda,40226 CAD,New,Black,,2221,Number 7 Honda,+1-905-851-2258,"{addr1: '5555 Highway 7 W', city: 'Woodbridge', region: 'Ontario', postal_code: 'L4L 1T5', country: 'CA'}",43.7900000000,-79.5980000000,,,,,https://www.number7honda.com/privacy-policy.html,New,2221,In stock,,40226 CAD,Free,
19XFL4H80TE400848,19XFL4H80TE400848,262071-new,Honda,Civic Hatchback Hybrid,5dr Ecvt Sport,2026,AUTOMATIC,SUV,HYBRID,,"2026 Honda Civic Hatchback Hybrid 5dr Ecvt Sport, Black exterior","[{url:'https://imagescdn.d2cmedia.ca/cb1e25fc7f4bcf6430882cb29d30816758/2221/14427302/1/Honda-Civic Hatchback Hybrid-2026.jpg'},{url:'https://imagescdn.d2cmedia.ca/s81e25fc7f4bcf6430882cb29d30816758/2221/14427302/1/Honda-Civic_Hatchback_Hybrid-2026.jpg'},{url:'https://imagescdn.d2cmedia.ca/cb1e25fc7f4bcf6430882cb29d30816758/2221/14427302/1/Honda-Civic_Hatchback_Hybrid-2026.jpg'},{url:'https://imagescdn.d2cmedia.ca/cb1e25fc7f4bcf6430882cb29d30816758/2221/14427302/2/Honda-Civic_Hatchback_Hybrid-2026.jpg'},{url:'https://imagescdn.d2cmedia.ca/cb1e25fc7f4bcf6430882cb29d30816758/2221/14427302/3/Honda-Civic_Hatchback_Hybrid-2026.jpg'},{url:'https://imagescdn.d2cmedia.ca/cb1e25fc7f4bcf6430882cb29d30816758/2221/14427302/4/Honda-Civic_Hatchback_Hybrid-2026.jpg'},{url:'https://imagescdn.d2cmedia.ca/cb1e25fc7f4bcf6430882cb29d30816758/2221/14427302/5/Honda-Civic_Hatchback_Hybrid-2026.jpg'},{url:'https://imagescdn.d2cmedia.ca/cb1e25fc7f4bcf6430882cb29d30816758/2221/14427302/6/Honda-Civic_Hatchback_Hybrid-2026.jpg'},{url:'https://imagescdn.d2cmedia.ca/cb1e25fc7f4bcf6430882cb29d30816758/2221/14427302/7/Honda-Civic_Hatchback_Hybrid-2026.jpg'},{url:'https://imagescdn.d2cmedia.ca/cb1e25fc7f4bcf6430882cb29d30816758/2221/14427302/8/Honda-Civic_Hatchback_Hybrid-2026.jpg'}]",20,KM,https://www.number7honda.com/new/inventory/2026-Honda-Civic_Hatchback_Hybrid-id14427302.html,2026 Honda Civic Hatchback Hybrid 5dr Ecvt Sport at Number 7 Honda,39626 CAD,New,Black,,2221,Number 7 Honda,+1-905-851-2258,"{addr1: '5555 Highway 7 W', city: 'Woodbridge', region: 'Ontario', postal_code: 'L4L 1T5', country: 'CA'}",43.7900000000,-79.5980000000,,,,,https://www.number7honda.com/privacy-policy.html,New,2221,In stock,,39626 CAD,Free,
5FPYK3F1XTB502767,5FPYK3F1XTB502767,262053-new,Honda,Ridgeline,4dr Awd Sport,2026,AUTOMATIC,TRUCK,GASOLINE,,"2026 Honda Ridgeline 4dr Awd Sport, Black exterior","[{url:'https://imagescdn.d2cmedia.ca/cb105ba218d3b129e3c1ac609125abf398/2221/14386521/1/Honda-Ridgeline-2026.jpg'},{url:'https://imagescdn.d2cmedia.ca/s8105ba218d3b129e3c1ac609125abf398/2221/14386521/1/Honda-Ridgeline-2026.jpg'},{url:'https://imagescdn.d2cmedia.ca/cb105ba218d3b129e3c1ac609125abf398/2221/14386521/2/Honda-Ridgeline-2026.jpg'},{url:'https://imagescdn.d2cmedia.ca/cb105ba218d3b129e3c1ac609125abf398/2221/14386521/3/Honda-Ridgeline-2026.jpg'},{url:'https://imagescdn.d2cmedia.ca/cb105ba218d3b129e3c1ac609125abf398/2221/14386521/4/Honda-Ridgeline-2026.jpg'},{url:'https://imagescdn.d2cmedia.ca/cb105ba218d3b129e3c1ac609125abf398/2221/14386521/5/Honda-Ridgeline-2026.jpg'},{url:'https://imagescdn.d2cmedia.ca/cb105ba218d3b129e3c1ac609125abf398/2221/14386521/6/Honda-Ridgeline-2026.jpg'},{url:'https://imagescdn.d2cmedia.ca/cb105ba218d3b129e3c1ac609125abf398/2221/14386521/7/Honda-Ridgeline-2026.jpg'},{url:'https://imagescdn.d2cmedia.ca/cb105ba218d3b129e3c1ac609125abf398/2221/14386521/8/Honda-Ridgeline-2026.jpg'},{url:'https://imagescdn.d2cmedia.ca/cb105ba218d3b129e3c1ac609125abf398/2221/14386521/9/Honda-Ridgeline-2026.jpg'}]",20,KM,https://www.number7honda.com/new/inventory/2026-Honda-Ridgeline-id14386521.html,2026 Honda Ridgeline 4dr Awd Sport at Number 7 Honda,56786 CAD,New,Black,,2221,Number 7 Honda,+1-905-851-2258,"{addr1: '5555 Highway 7 W', city: 'Woodbridge', region: 'Ontario', postal_code: 'L4L 1T5', country: 'CA'}",43.7900000000,-79.5980000000,,,,,https://www.number7honda.com/privacy-policy.html,New,2221,In stock,,56786 CAD,Free,
2HKRS6H72VH203598,2HKRS6H72VH203598,27134-new,Honda,CR-V Hybrid,EX-L AWD,2027,AUTOMATIC,SUV,HYBRID,AWD,"2027 Honda CR-V Hybrid EX-L AWD, White exterior, All-wheel drive","[{url:'https://carimages.d2cmedia.ca/newcarimages/en/cb6abe815d16bd4/Honda/CR-V Hybrid/2027/1200/491166-RVgtTCBBV0Q/white/front45.png'},{url:'https://carimages.d2cmedia.ca/newcarimages/fr/cb6abe815d16bd4/Honda/CR-V Hybrid/2027/640/491166-RVgtTCBBV0Q/white/front_45_degree.png'},{url:'https://carimages.d2cmedia.ca/newcarimages/fr/cb6abe815d16bd4/Honda/CR-V Hybrid/2027/2100/491166-RVgtTCBBV0Q/white/front_45_degree.png'}]",20,KM,https://www.number7honda.com/new/inventory/2027-Honda-CR_V_Hybrid-id14433021.html,2027 Honda CR-V Hybrid EX-L AWD at Number 7 Honda,56691 CAD,New,White,,2221,Number 7 Honda,+1-905-851-2258,"{addr1: '5555 Highway 7 W', city: 'Woodbridge', region: 'Ontario', postal_code: 'L4L 1T5', country: 'CA'}",43.7900000000,-79.5980000000,,,,,https://www.number7honda.com/privacy-policy.html,New,2221,In stock,,56691 CAD,Free,
2HKRS6H7XVH203591,2HKRS6H7XVH203591,27135-new,Honda,CR-V Hybrid,EX-L AWD,2027,AUTOMATIC,SUV,HYBRID,AWD,"2027 Honda CR-V Hybrid EX-L AWD, White exterior, All-wheel drive","[{url:'https://carimages.d2cmedia.ca/newcarimages/en/cb6abe815d16bd4/Honda/CR-V Hybrid/2027/1200/491166-RVgtTCBBV0Q/white/front45.png'},{url:'https://carimages.d2cmedia.ca/newcarimages/fr/cb6abe815d16bd4/Honda/CR-V Hybrid/2027/640/491166-RVgtTCBBV0Q/white/front_45_degree.png'},{url:'https://carimages.d2cmedia.ca/newcarimages/fr/cb6abe815d16bd4/Honda/CR-V Hybrid/2027/2100/491166-RVgtTCBBV0Q/white/front_45_degree.png'}]",20,KM,https://www.number7honda.com/new/inventory/2027-Honda-CR_V_Hybrid-id14433022.html,2027 Honda CR-V Hybrid EX-L AWD at Number 7 Honda,56691 CAD,New,White,,2221,Number 7 Honda,+1-905-851-2258,"{addr1: '5555 Highway 7 W', city: 'Woodbridge', region: 'Ontario', postal_code: 'L4L 1T5', country: 'CA'}",43.7900000000,-79.5980000000,,,,,https://www.number7honda.com/privacy-policy.html,New,2221,In stock,,56691 CAD,Free,
2HKRS6H72VH203956,2HKRS6H72VH203956,27141-new,Honda,CR-V Hybrid,EX-L AWD,2027,AUTOMATIC,SUV,HYBRID,AWD,"2027 Honda CR-V Hybrid EX-L AWD, Silver exterior, All-wheel drive","[{url:'https://carimages.d2cmedia.ca/newcarimages/en/cb6abe815d16bd4/Honda/CR-V Hybrid/2027/1200/491166-RVgtTCBBV0Q/Silver/front45.png'},{url:'https://carimages.d2cmedia.ca/newcarimages/fr/cb6abe815d16bd4/Honda/CR-V Hybrid/2027/640/491166-RVgtTCBBV0Q/Silver/front_45_degree.png'},{url:'https://carimages.d2cmedia.ca/newcarimages/fr/cb6abe815d16bd4/Honda/CR-V Hybrid/2027/2100/491166-RVgtTCBBV0Q/Silver/front_45_degree.png'}]",20,KM,https://www.number7honda.com/new/inventory/2027-Honda-CR_V_Hybrid-id14439679.html,2027 Honda CR-V Hybrid EX-L AWD at Number 7 Honda,56691 CAD,New,Silver,,2221,Number 7 Honda,+1-905-851-2258,"{addr1: '5555 Highway 7 W', city: 'Woodbridge', region: 'Ontario', postal_code: 'L4L 1T5', country: 'CA'}",43.7900000000,-79.5980000000,,,,,https://www.number7honda.com/privacy-policy.html,New,2221,In stock,,56691 CAD,Free,
2HKRS6H75VH203918,2HKRS6H75VH203918,27147-new,Honda,CR-V Hybrid,EX-L AWD,2027,AUTOMATIC,SUV,HYBRID,AWD,"2027 Honda CR-V Hybrid EX-L AWD, Blue exterior, All-wheel drive","[{url:'https://carimages.d2cmedia.ca/newcarimages/en/cb6abe815d16bd4/Honda/CR-V Hybrid/2027/1200/491166-RVgtTCBBV0Q/Blue/front45.png'},{url:'https://carimages.d2cmedia.ca/newcarimages/fr/cb6abe815d16bd4/Honda/CR-V Hybrid/2027/640/491166-RVgtTCBBV0Q/Blue/front_45_degree.png'},{url:'https://carimages.d2cmedia.ca/newcarimages/fr/cb6abe815d16bd4/Honda/CR-V Hybrid/2027/2100/491166-RVgtTCBBV0Q/Blue/front_45_degree.png'}]",20,KM,https://www.number7honda.com/new/inventory/2027-Honda-CR_V_Hybrid-id14454865.html,2027 Honda CR-V Hybrid EX-L AWD at Number 7 Honda,56691 CAD,New,Blue,,2221,Number 7 Honda,+1-905-851-2258,"{addr1: '5555 Highway 7 W', city: 'Woodbridge', region: 'Ontario', postal_code: 'L4L 1T5', country: 'CA'}",43.7900000000,-79.5980000000,,,,,https://www.number7honda.com/privacy-policy.html,New,2221,In stock,,56691 CAD,Free,
2HKRS6H99VH202806,2HKRS6H99VH202806,27119-new,Honda,CR-V Hybrid,Touring AWD,2027,AUTOMATIC,SUV,HYBRID,AWD,"2027 Honda CR-V Hybrid Touring AWD, White exterior, All-wheel drive","[{url:'https://carimages.d2cmedia.ca/newcarimages/en/cb6abe815d16bd4/Honda/CR-V Hybrid/2027/1200/491167-VG91cmluZyBBV0Q/white/front45.png'},{url:'https://carimages.d2cmedia.ca/newcarimages/fr/cb6abe815d16bd4/Honda/CR-V Hybrid/2027/640/491167-VG91cmluZyBBV0Q/white/front_45_degree.png'},{url:'https://carimages.d2cmedia.ca/newcarimages/fr/cb6abe815d16bd4/Honda/CR-V Hybrid/2027/2100/491167-VG91cmluZyBBV0Q/white/front_45_degree.png'}]",20,KM,https://www.number7honda.com/new/inventory/2027-Honda-CR_V_Hybrid-id14405032.html,2027 Honda CR-V Hybrid Touring AWD at Number 7 Honda,59191 CAD,New,White,,2221,Number 7 Honda,+1-905-851-2258,"{addr1: '5555 Highway 7 W', city: 'Woodbridge', region: 'Ontario', postal_code: 'L4L 1T5', country: 'CA'}",43.7900000000,-79.5980000000,,,,,https://www.number7honda.com/privacy-policy.html,New,2221,In stock,,59191 CAD,Free,
2HKRS6H99VH202823,2HKRS6H99VH202823,27120-new,Honda,CR-V Hybrid,Touring AWD,2027,AUTOMATIC,SUV,HYBRID,AWD,"2027 Honda CR-V Hybrid Touring AWD, White exterior, All-wheel drive","[{url:'https://carimages.d2cmedia.ca/newcarimages/en/cb6abe815d16bd4/Honda/CR-V Hybrid/2027/1200/491167-VG91cmluZyBBV0Q/white/front45.png'},{url:'https://carimages.d2cmedia.ca/newcarimages/fr/cb6abe815d16bd4/Honda/CR-V Hybrid/2027/640/491167-VG91cmluZyBBV0Q/white/front_45_degree.png'},{url:'https://carimages.d2cmedia.ca/newcarimages/fr/cb6abe815d16bd4/Honda/CR-V Hybrid/2027/2100/491167-VG91cmluZyBBV0Q/white/front_45_degree.png'}]",20,KM,https://www.number7honda.com/new/inventory/2027-Honda-CR_V_Hybrid-id14405033.html,2027 Honda CR-V Hybrid Touring AWD at Number 7 Honda,59191 CAD,New,White,,2221,Number 7 Honda,+1-905-851-2258,"{addr1: '5555 Highway 7 W', city: 'Woodbridge', region: 'Ontario', postal_code: 'L4L 1T5', country: 'CA'}",43.7900000000,-79.5980000000,,,,,https://www.number7honda.com/privacy-policy.html,New,2221,In stock,,59191 CAD,Free,
2HKRS6H98VH202389,2HKRS6H98VH202389,27122-new,Honda,CR-V Hybrid,Touring AWD,2027,AUTOMATIC,SUV,HYBRID,AWD,"2027 Honda CR-V Hybrid Touring AWD, White exterior, All-wheel drive","[{url:'https://carimages.d2cmedia.ca/newcarimages/en/cb6abe815d16bd4/Honda/CR-V Hybrid/2027/1200/491167-VG91cmluZyBBV0Q/white/front45.png'},{url:'https://carimages.d2cmedia.ca/newcarimages/fr/cb6abe815d16bd4/Honda/CR-V Hybrid/2027/640/491167-VG91cmluZyBBV0Q/white/front_45_degree.png'},{url:'https://carimages.d2cmedia.ca/newcarimages/fr/cb6abe815d16bd4/Honda/CR-V Hybrid/2027/2100/491167-VG91cmluZyBBV0Q/white/front_45_degree.png'}]",20,KM,https://www.number7honda.com/new/inventory/2027-Honda-CR_V_Hybrid-id14405035.html,2027 Honda CR-V Hybrid Touring AWD at Number 7 Honda,59191 CAD,New,White,,2221,Number 7 Honda,+1-905-851-2258,"{addr1: '5555 Highway 7 W', city: 'Woodbridge', region: 'Ontario', postal_code: 'L4L 1T5', country: 'CA'}",43.7900000000,-79.5980000000,,,,,https://www.number7honda.com/privacy-policy.html,New,2221,In stock,,59191 CAD,Free,
2HKRS6H93VH203692,2HKRS6H93VH203692,27130-new,Honda,CR-V Hybrid,Touring AWD,2027,AUTOMATIC,SUV,HYBRID,AWD,"2027 Honda CR-V Hybrid Touring AWD, Silver exterior, All-wheel drive","[{url:'https://carimages.d2cmedia.ca/newcarimages/en/cb6abe815d16bd4/Honda/CR-V Hybrid/2027/1200/491167-VG91cmluZyBBV0Q/Silver/front45.png'},{url:'https://carimages.d2cmedia.ca/newcarimages/fr/cb6abe815d16bd4/Honda/CR-V Hybrid/2027/640/491167-VG91cmluZyBBV0Q/Silver/front_45_degree.png'},{url:'https://carimages.d2cmedia.ca/newcarimages/fr/cb6abe815d16bd4/Honda/CR-V Hybrid/2027/2100/491167-VG91cmluZyBBV0Q/Silver/front_45_degree.png'}]",20,KM,https://www.number7honda.com/new/inventory/2027-Honda-CR_V_Hybrid-id14433017.html,2027 Honda CR-V Hybrid Touring AWD at Number 7 Honda,59191 CAD,New,Silver,,2221,Number 7 Honda,+1-905-851-2258,"{addr1: '5555 Highway 7 W', city: 'Woodbridge', region: 'Ontario', postal_code: 'L4L 1T5', country: 'CA'}",43.7900000000,-79.5980000000,,,,,https://www.number7honda.com/privacy-policy.html,New,2221,In stock,,59191 CAD,Free,
2HKRS6H91VH203691,2HKRS6H91VH203691,27131-new,Honda,CR-V Hybrid,Touring AWD,2027,AUTOMATIC,SUV,HYBRID,AWD,"2027 Honda CR-V Hybrid Touring AWD, Silver exterior, All-wheel drive","[{url:'https://carimages.d2cmedia.ca/newcarimages/en/cb6abe815d16bd4/Honda/CR-V Hybrid/2027/1200/491167-VG91cmluZyBBV0Q/Silver/front45.png'},{url:'https://carimages.d2cmedia.ca/newcarimages/fr/cb6abe815d16bd4/Honda/CR-V Hybrid/2027/640/491167-VG91cmluZyBBV0Q/Silver/front_45_degree.png'},{url:'https://carimages.d2cmedia.ca/newcarimages/fr/cb6abe815d16bd4/Honda/CR-V Hybrid/2027/2100/491167-VG91cmluZyBBV0Q/Silver/front_45_degree.png'}]",20,KM,https://www.number7honda.com/new/inventory/2027-Honda-CR_V_Hybrid-id14433018.html,2027 Honda CR-V Hybrid Touring AWD at Number 7 Honda,59191 CAD,New,Silver,,2221,Number 7 Honda,+1-905-851-2258,"{addr1: '5555 Highway 7 W', city: 'Woodbridge', region: 'Ontario', postal_code: 'L4L 1T5', country: 'CA'}",43.7900000000,-79.5980000000,,,,,https://www.number7honda.com/privacy-policy.html,New,2221,In stock,,59191 CAD,Free,
2HKRS6H9XVH203690,2HKRS6H9XVH203690,27132-new,Honda,CR-V Hybrid,Touring AWD,2027,AUTOMATIC,SUV,HYBRID,AWD,"2027 Honda CR-V Hybrid Touring AWD, Silver exterior, All-wheel drive","[{url:'https://carimages.d2cmedia.ca/newcarimages/en/cb6abe815d16bd4/Honda/CR-V Hybrid/2027/1200/491167-VG91cmluZyBBV0Q/Silver/front45.png'},{url:'https://carimages.d2cmedia.ca/newcarimages/fr/cb6abe815d16bd4/Honda/CR-V Hybrid/2027/640/491167-VG91cmluZyBBV0Q/Silver/front_45_degree.png'},{url:'https://carimages.d2cmedia.ca/newcarimages/fr/cb6abe815d16bd4/Honda/CR-V Hybrid/2027/2100/491167-VG91cmluZyBBV0Q/Silver/front_45_degree.png'}]",20,KM,https://www.number7honda.com/new/inventory/2027-Honda-CR_V_Hybrid-id14433019.html,2027 Honda CR-V Hybrid Touring AWD at Number 7 Honda,59191 CAD,New,Silver,,2221,Number 7 Honda,+1-905-851-2258,"{addr1: '5555 Highway 7 W', city: 'Woodbridge', region: 'Ontario', postal_code: 'L4L 1T5', country: 'CA'}",43.7900000000,-79.5980000000,,,,,https://www.number7honda.com/privacy-policy.html,New,2221,In stock,,59191 CAD,Free,
2HKRS6H99VH203681,2HKRS6H99VH203681,27136-new,Honda,CR-V Hybrid,Touring AWD,2027,AUTOMATIC,SUV,HYBRID,AWD,"2027 Honda CR-V Hybrid Touring AWD, Silver exterior, All-wheel drive","[{url:'https://carimages.d2cmedia.ca/newcarimages/en/cb6abe815d16bd4/Honda/CR-V Hybrid/2027/1200/491167-VG91cmluZyBBV0Q/Silver/front45.png'},{url:'https://carimages.d2cmedia.ca/newcarimages/fr/cb6abe815d16bd4/Honda/CR-V Hybrid/2027/640/491167-VG91cmluZyBBV0Q/Silver/front_45_degree.png'},{url:'https://carimages.d2cmedia.ca/newcarimages/fr/cb6abe815d16bd4/Honda/CR-V Hybrid/2027/2100/491167-VG91cmluZyBBV0Q/Silver/front_45_degree.png'}]",20,KM,https://www.number7honda.com/new/inventory/2027-Honda-CR_V_Hybrid-id14433023.html,2027 Honda CR-V Hybrid Touring AWD at Number 7 Honda,59191 CAD,New,Silver,,2221,Number 7 Honda,+1-905-851-2258,"{addr1: '5555 Highway 7 W', city: 'Woodbridge', region: 'Ontario', postal_code: 'L4L 1T5', country: 'CA'}",43.7900000000,-79.5980000000,,,,,https://www.number7honda.com/privacy-policy.html,New,2221,In stock,,59191 CAD,Free,
2HKRS4H59VH101699,2HKRS4H59VH101699,27137-new,Honda,CR-V,Sport AWD,2027,AUTOMATIC,SUV,GASOLINE,AWD,"2027 Honda CR-V Sport AWD, White exterior, All-wheel drive","[{url:'https://carimages.d2cmedia.ca/newcarimages/en/cb6abe815d16bd4/Honda/CR-V/2027/1200/490900-U3BvcnQgQVdE/white/front45.png'},{url:'https://carimages.d2cmedia.ca/newcarimages/fr/cb6abe815d16bd4/Honda/CR-V/2027/640/490900-U3BvcnQgQVdE/white/front_45_degree.png'},{url:'https://carimages.d2cmedia.ca/newcarimages/fr/cb6abe815d16bd4/Honda/CR-V/2027/2100/490900-U3BvcnQgQVdE/white/front_45_degree.png'}]",20,KM,https://www.number7honda.com/new/inventory/2027-Honda-CR_V-id14433024.html,2027 Honda CR-V Sport AWD at Number 7 Honda,47671 CAD,New,White,,2221,Number 7 Honda,+1-905-851-2258,"{addr1: '5555 Highway 7 W', city: 'Woodbridge', region: 'Ontario', postal_code: 'L4L 1T5', country: 'CA'}",43.7900000000,-79.5980000000,,,,,https://www.number7honda.com/privacy-policy.html,New,2221,In stock,,47671 CAD,Free,
2HKRS4H53VH101715,2HKRS4H53VH101715,27138-new,Honda,CR-V,Sport AWD,2027,AUTOMATIC,SUV,GASOLINE,AWD,"2027 Honda CR-V Sport AWD, White exterior, All-wheel drive","[{url:'https://carimages.d2cmedia.ca/newcarimages/en/cb6abe815d16bd4/Honda/CR-V/2027/1200/490900-U3BvcnQgQVdE/white/front45.png'},{url:'https://carimages.d2cmedia.ca/newcarimages/fr/cb6abe815d16bd4/Honda/CR-V/2027/640/490900-U3BvcnQgQVdE/white/front_45_degree.png'},{url:'https://carimages.d2cmedia.ca/newcarimages/fr/cb6abe815d16bd4/Honda/CR-V/2027/2100/490900-U3BvcnQgQVdE/white/front_45_degree.png'}]",20,KM,https://www.number7honda.com/new/inventory/2027-Honda-CR_V-id14433025.html,2027 Honda CR-V Sport AWD at Number 7 Honda,47671 CAD,New,White,,2221,Number 7 Honda,+1-905-851-2258,"{addr1: '5555 Highway 7 W', city: 'Woodbridge', region: 'Ontario', postal_code: 'L4L 1T5', country: 'CA'}",43.7900000000,-79.5980000000,,,,,https://www.number7honda.com/privacy-policy.html,New,2221,In stock,,47671 CAD,Free,
2HKRS4H51VH101700,2HKRS4H51VH101700,27139-new,Honda,CR-V,Sport AWD,2027,AUTOMATIC,SUV,GASOLINE,AWD,"2027 Honda CR-V Sport AWD, White exterior, All-wheel drive","[{url:'https://carimages.d2cmedia.ca/newcarimages/en/cb6abe815d16bd4/Honda/CR-V/2027/1200/490900-U3BvcnQgQVdE/white/front45.png'},{url:'https://carimages.d2cmedia.ca/newcarimages/fr/cb6abe815d16bd4/Honda/CR-V/2027/640/490900-U3BvcnQgQVdE/white/front_45_degree.png'},{url:'https://carimages.d2cmedia.ca/newcarimages/fr/cb6abe815d16bd4/Honda/CR-V/2027/2100/490900-U3BvcnQgQVdE/white/front_45_degree.png'}]",20,KM,https://www.number7honda.com/new/inventory/2027-Honda-CR_V-id14433026.html,2027 Honda CR-V Sport AWD at Number 7 Honda,47671 CAD,New,White,,2221,Number 7 Honda,+1-905-851-2258,"{addr1: '5555 Highway 7 W', city: 'Woodbridge', region: 'Ontario', postal_code: 'L4L 1T5', country: 'CA'}",43.7900000000,-79.5980000000,,,,,https://www.number7honda.com/privacy-policy.html,New,2221,In stock,,47671 CAD,Free,
2HKRS4H55VH101487,2HKRS4H55VH101487,27145-new,Honda,CR-V,4dr Awd Sport,2027,AUTOMATIC,SUV,GASOLINE,,"2027 Honda CR-V 4dr Awd Sport, Silver exterior","[{url:'https://carimages.d2cmedia.ca/newcarimages/en/cb6abe815d16bd4/Honda/CR-V/2027/1200/490900-NERSIEFXRCBTUE9SVA/silver/front45.png'},{url:'https://carimages.d2cmedia.ca/newcarimages/fr/cb6abe815d16bd4/Honda/CR-V/2027/640/490900-NERSIEFXRCBTUE9SVA/silver/front_45_degree.png'},{url:'https://carimages.d2cmedia.ca/newcarimages/fr/cb6abe815d16bd4/Honda/CR-V/2027/2100/490900-NERSIEFXRCBTUE9SVA/silver/front_45_degree.png'}]",20,KM,https://www.number7honda.com/new/inventory/2027-Honda-CR_V-id14454863.html,2027 Honda CR-V 4dr Awd Sport at Number 7 Honda,47671 CAD,New,Silver,,2221,Number 7 Honda,+1-905-851-2258,"{addr1: '5555 Highway 7 W', city: 'Woodbridge', region: 'Ontario', postal_code: 'L4L 1T5', country: 'CA'}",43.7900000000,-79.5980000000,,,,,https://www.number7honda.com/privacy-policy.html,New,2221,In stock,,47671 CAD,Free,
2HKRS4H57VH101488,2HKRS4H57VH101488,27146-new,Honda,CR-V,4dr Awd Sport,2027,AUTOMATIC,SUV,GASOLINE,,"2027 Honda CR-V 4dr Awd Sport, SOLAR REFLECTIO exterior","[{url:'https://carimages.d2cmedia.ca/newcarimages/en/cb6abe815d16bd4/Honda/CR-V/2027/1200/490900-NERSIEFXRCBTUE9SVA/white/front45.png'},{url:'https://carimages.d2cmedia.ca/newcarimages/fr/cb6abe815d16bd4/Honda/CR-V/2027/640/490900-NERSIEFXRCBTUE9SVA/SOLAR REFLECTIO/front_45_degree.png'},{url:'https://carimages.d2cmedia.ca/newcarimages/fr/cb6abe815d16bd4/Honda/CR-V/2027/2100/490900-NERSIEFXRCBTUE9SVA/SOLAR REFLECTIO/front_45_degree.png'}]",20,KM,https://www.number7honda.com/new/inventory/2027-Honda-CR_V-id14454864.html,2027 Honda CR-V 4dr Awd Sport at Number 7 Honda,47671 CAD,New,SOLAR REFLECTIO,,2221,Number 7 Honda,+1-905-851-2258,"{addr1: '5555 Highway 7 W', city: 'Woodbridge', region: 'Ontario', postal_code: 'L4L 1T5', country: 'CA'}",43.7900000000,-79.5980000000,,,,,https://www.number7honda.com/privacy-policy.html,New,2221,In stock,,47671 CAD,Free,
2HKRS4H58VH101497,2HKRS4H58VH101497,27148-new,Honda,CR-V,4dr Awd Sport,2027,AUTOMATIC,SUV,GASOLINE,,"2027 Honda CR-V 4dr Awd Sport, SOLAR REFLECTIO exterior","[{url:'https://carimages.d2cmedia.ca/newcarimages/en/cb6abe815d16bd4/Honda/CR-V/2027/1200/490900-NERSIEFXRCBTUE9SVA/white/front45.png'},{url:'https://carimages.d2cmedia.ca/newcarimages/fr/cb6abe815d16bd4/Honda/CR-V/2027/640/490900-NERSIEFXRCBTUE9SVA/SOLAR REFLECTIO/front_45_degree.png'},{url:'https://carimages.d2cmedia.ca/newcarimages/fr/cb6abe815d16bd4/Honda/CR-V/2027/2100/490900-NERSIEFXRCBTUE9SVA/SOLAR REFLECTIO/front_45_degree.png'}]",20,KM,https://www.number7honda.com/new/inventory/2027-Honda-CR_V-id14454866.html,2027 Honda CR-V 4dr Awd Sport at Number 7 Honda,47671 CAD,New,SOLAR REFLECTIO,,2221,Number 7 Honda,+1-905-851-2258,"{addr1: '5555 Highway 7 W', city: 'Woodbridge', region: 'Ontario', postal_code: 'L4L 1T5', country: 'CA'}",43.7900000000,-79.5980000000,,,,,https://www.number7honda.com/privacy-policy.html,New,2221,In stock,,47671 CAD,Free,
3CZRZ2H73VM103132,3CZRZ2H73VM103132,261791A,Honda,HR-V,EX-L *NO REPORTED ACCIDENTS*ONE OWNER,2027,AUTOMATIC,SUV,GASOLINE,AWD,"2027 Honda HR-V EX-L *NO REPORTED ACCIDENTS*ONE OWNER, White exterior, All-wheel drive","[{url:'https://imagescdn.d2cmedia.ca/cb448f3fec7eec3d39e12c5de3aa7b66c5/2221/14433028/1/Honda-HR_V-2027.jpg'},{url:'https://imagescdn.d2cmedia.ca/s8448f3fec7eec3d39e12c5de3aa7b66c5/2221/14433028/1/Honda-HR_V-2027.jpg'},{url:'https://imagescdn.d2cmedia.ca/cb448f3fec7eec3d39e12c5de3aa7b66c5/2221/14433028/2/Honda-HR_V-2027.jpg'},{url:'https://imagescdn.d2cmedia.ca/cb448f3fec7eec3d39e12c5de3aa7b66c5/2221/14433028/3/Honda-HR_V-2027.jpg'},{url:'https://imagescdn.d2cmedia.ca/cb448f3fec7eec3d39e12c5de3aa7b66c5/2221/14433028/4/Honda-HR_V-2027.jpg'},{url:'https://imagescdn.d2cmedia.ca/cb448f3fec7eec3d39e12c5de3aa7b66c5/2221/14433028/5/Honda-HR_V-2027.jpg'},{url:'https://imagescdn.d2cmedia.ca/cb448f3fec7eec3d39e12c5de3aa7b66c5/2221/14433028/6/Honda-HR_V-2027.jpg'},{url:'https://imagescdn.d2cmedia.ca/cb448f3fec7eec3d39e12c5de3aa7b66c5/2221/14433028/7/Honda-HR_V-2027.jpg'},{url:'https://imagescdn.d2cmedia.ca/cb448f3fec7eec3d39e12c5de3aa7b66c5/2221/14433028/8/Honda-HR_V-2027.jpg'},{url:'https://imagescdn.d2cmedia.ca/cb448f3fec7eec3d39e12c5de3aa7b66c5/2221/14433028/9/Honda-HR_V-2027.jpg'}]",857,KM,https://www.number7honda.com/used/2027-Honda-HR_V-id14433028.html,2027 Honda HR-V EX-L *NO REPORTED ACCIDENTS*ONE OWNER at Number 7 Honda,37995 CAD,Used,White,,2221,Number 7 Honda,+1-905-851-2258,"{addr1: '5555 Highway 7 W', city: 'Woodbridge', region: 'Ontario', postal_code: 'L4L 1T5', country: 'CA'}",43.7900000000,-79.5980000000,,,,,https://www.number7honda.com/privacy-policy.html,Used,2221,In stock,,37995 CAD,Free,
2HKRS6H51TH203295,2HKRS6H51TH203295,U10102,Honda,CR-V Hybrid,Sport *EXTENDED FACTORY WARRANTY*NO REPORTED ACCIDENTS*ONE OWNER,2026,AUTOMATIC,SUV,HYBRID,AWD,"2026 Honda CR-V Hybrid Sport *EXTENDED FACTORY WARRANTY*NO REPORTED ACCIDENTS*ONE OWNER, Black exterior, All-wheel drive","[{url:'https://imagescdn.d2cmedia.ca/cb080aaff8c0f7d4a1c57244ab3e2097c3/2221/14172393/1/Honda-CR_V Hybrid-2026.jpg'},{url:'https://imagescdn.d2cmedia.ca/s8080aaff8c0f7d4a1c57244ab3e2097c3/2221/14172393/1/Honda-CR_V_Hybrid-2026.jpg'},{url:'https://imagescdn.d2cmedia.ca/cb080aaff8c0f7d4a1c57244ab3e2097c3/2221/14172393/1/Honda-CR_V_Hybrid-2026.jpg'},{url:'https://imagescdn.d2cmedia.ca/cb080aaff8c0f7d4a1c57244ab3e2097c3/2221/14172393/2/Honda-CR_V_Hybrid-2026.jpg'},{url:'https://imagescdn.d2cmedia.ca/cb080aaff8c0f7d4a1c57244ab3e2097c3/2221/14172393/3/Honda-CR_V_Hybrid-2026.jpg'},{url:'https://imagescdn.d2cmedia.ca/cb080aaff8c0f7d4a1c57244ab3e2097c3/2221/14172393/4/Honda-CR_V_Hybrid-2026.jpg'},{url:'https://imagescdn.d2cmedia.ca/cb080aaff8c0f7d4a1c57244ab3e2097c3/2221/14172393/5/Honda-CR_V_Hybrid-2026.jpg'},{url:'https://imagescdn.d2cmedia.ca/cb080aaff8c0f7d4a1c57244ab3e2097c3/2221/14172393/6/Honda-CR_V_Hybrid-2026.jpg'},{url:'https://imagescdn.d2cmedia.ca/cb080aaff8c0f7d4a1c57244ab3e2097c3/2221/14172393/7/Honda-CR_V_Hybrid-2026.jpg'},{url:'https://imagescdn.d2cmedia.ca/cb080aaff8c0f7d4a1c57244ab3e2097c3/2221/14172393/8/Honda-CR_V_Hybrid-2026.jpg'}]",33475,KM,https://www.number7honda.com/used/2026-Honda-CR_V_Hybrid-id14172393.html,2026 Honda CR-V Hybrid Sport *EXTENDED FACTORY WARRANTY*NO REPORTED ACCIDENTS*ONE OWNER at Number 7 Honda,43495 CAD,CPO,Black,,2221,Number 7 Honda,+1-905-851-2258,"{addr1: '5555 Highway 7 W', city: 'Woodbridge', region: 'Ontario', postal_code: 'L4L 1T5', country: 'CA'}",43.7900000000,-79.5980000000,,,,,https://www.number7honda.com/privacy-policy.html,CPO,2221,In stock,,43495 CAD,Free,
2HKRS4H28TH108078,2HKRS4H28TH108078,261824A,Honda,CR-V,LX *EXTENDED FACTORY WARRANTY,2026,AUTOMATIC,SUV,GASOLINE,AWD,"2026 Honda CR-V LX *EXTENDED FACTORY WARRANTY, White exterior, All-wheel drive","[{url:'https://imagescdn.d2cmedia.ca/cbe3567c3a23f7577e3d6fa65f3e9c72b6/2221/14231729/1/Honda-CR_V-2026.jpg'},{url:'https://imagescdn.d2cmedia.ca/s8e3567c3a23f7577e3d6fa65f3e9c72b6/2221/14231729/1/Honda-CR_V-2026.jpg'},{url:'https://imagescdn.d2cmedia.ca/cbe3567c3a23f7577e3d6fa65f3e9c72b6/2221/14231729/2/Honda-CR_V-2026.jpg'},{url:'https://imagescdn.d2cmedia.ca/cbe3567c3a23f7577e3d6fa65f3e9c72b6/2221/14231729/3/Honda-CR_V-2026.jpg'},{url:'https://imagescdn.d2cmedia.ca/cbe3567c3a23f7577e3d6fa65f3e9c72b6/2221/14231729/4/Honda-CR_V-2026.jpg'},{url:'https://imagescdn.d2cmedia.ca/cbe3567c3a23f7577e3d6fa65f3e9c72b6/2221/14231729/5/Honda-CR_V-2026.jpg'},{url:'https://imagescdn.d2cmedia.ca/cbe3567c3a23f7577e3d6fa65f3e9c72b6/2221/14231729/6/Honda-CR_V-2026.jpg'},{url:'https://imagescdn.d2cmedia.ca/cbe3567c3a23f7577e3d6fa65f3e9c72b6/2221/14231729/7/Honda-CR_V-2026.jpg'},{url:'https://imagescdn.d2cmedia.ca/cbe3567c3a23f7577e3d6fa65f3e9c72b6/2221/14231729/8/Honda-CR_V-2026.jpg'},{url:'https://imagescdn.d2cmedia.ca/cbe3567c3a23f7577e3d6fa65f3e9c72b6/2221/14231729/9/Honda-CR_V-2026.jpg'}]",8194,KM,https://www.number7honda.com/used/2026-Honda-CR_V-id14231729.html,2026 Honda CR-V LX *EXTENDED FACTORY WARRANTY at Number 7 Honda,39995 CAD,CPO,White,,2221,Number 7 Honda,+1-905-851-2258,"{addr1: '5555 Highway 7 W', city: 'Woodbridge', region: 'Ontario', postal_code: 'L4L 1T5', country: 'CA'}",43.7900000000,-79.5980000000,,,,,https://www.number7honda.com/privacy-policy.html,CPO,2221,In stock,,39995 CAD,Free,
2HKRS6H63TH209558,2HKRS6H63TH209558,261663A,Honda,CR-V Hybrid,TrailSport *EXTENDED FACTORY WARRANTY*NO REPORTED ACCIDENTS*ONE OWNER,2026,AUTOMATIC,SUV,HYBRID,AWD,"2026 Honda CR-V Hybrid TrailSport *EXTENDED FACTORY WARRANTY*NO REPORTED ACCIDENTS*ONE OWNER, Black exterior, All-wheel drive","[{url:'https://imagescdn.d2cmedia.ca/cbeaa4640612c7854eac70d70db93e0cae/2221/14292850/1/Honda-CR_V Hybrid-2026.jpg'},{url:'https://imagescdn.d2cmedia.ca/s8eaa4640612c7854eac70d70db93e0cae/2221/14292850/1/Honda-CR_V_Hybrid-2026.jpg'},{url:'https://imagescdn.d2cmedia.ca/cbeaa4640612c7854eac70d70db93e0cae/2221/14292850/1/Honda-CR_V_Hybrid-2026.jpg'},{url:'https://imagescdn.d2cmedia.ca/cbeaa4640612c7854eac70d70db93e0cae/2221/14292850/2/Honda-CR_V_Hybrid-2026.jpg'},{url:'https://imagescdn.d2cmedia.ca/cbeaa4640612c7854eac70d70db93e0cae/2221/14292850/3/Honda-CR_V_Hybrid-2026.jpg'},{url:'https://imagescdn.d2cmedia.ca/cbeaa4640612c7854eac70d70db93e0cae/2221/14292850/4/Honda-CR_V_Hybrid-2026.jpg'},{url:'https://imagescdn.d2cmedia.ca/cbeaa4640612c7854eac70d70db93e0cae/2221/14292850/5/Honda-CR_V_Hybrid-2026.jpg'},{url:'https://imagescdn.d2cmedia.ca/cbeaa4640612c7854eac70d70db93e0cae/2221/14292850/6/Honda-CR_V_Hybrid-2026.jpg'},{url:'https://imagescdn.d2cmedia.ca/cbeaa4640612c7854eac70d70db93e0cae/2221/14292850/7/Honda-CR_V_Hybrid-2026.jpg'},{url:'https://imagescdn.d2cmedia.ca/cbeaa4640612c7854eac70d70db93e0cae/2221/14292850/8/Honda-CR_V_Hybrid-2026.jpg'}]",15606,KM,https://www.number7honda.com/used/2026-Honda-CR_V_Hybrid-id14292850.html,2026 Honda CR-V Hybrid TrailSport *EXTENDED FACTORY WARRANTY*NO REPORTED ACCIDENTS*ONE OWNER at Number 7 Honda,47995 CAD,CPO,Black,,2221,Number 7 Honda,+1-905-851-2258,"{addr1: '5555 Highway 7 W', city: 'Woodbridge', region: 'Ontario', postal_code: 'L4L 1T5', country: 'CA'}",43.7900000000,-79.5980000000,,,,,https://www.number7honda.com/privacy-policy.html,CPO,2221,In stock,,47995 CAD,Free,
2HKRS6H50TH207225,2HKRS6H50TH207225,U10118,Honda,CR-V Hybrid,Sport *EXTENDED FACTORY WARRANTY*NO REPORTED ACCIDENTS*ONE OWNER,2026,AUTOMATIC,SUV,HYBRID,AWD,"2026 Honda CR-V Hybrid Sport *EXTENDED FACTORY WARRANTY*NO REPORTED ACCIDENTS*ONE OWNER, Grey exterior, All-wheel drive","[{url:'https://imagescdn.d2cmedia.ca/cbe1750796f75e7ad9092a19f50916740e/2221/14292856/1/Honda-CR_V Hybrid-2026.jpg'},{url:'https://imagescdn.d2cmedia.ca/s8e1750796f75e7ad9092a19f50916740e/2221/14292856/1/Honda-CR_V_Hybrid-2026.jpg'},{url:'https://imagescdn.d2cmedia.ca/cbe1750796f75e7ad9092a19f50916740e/2221/14292856/1/Honda-CR_V_Hybrid-2026.jpg'},{url:'https://imagescdn.d2cmedia.ca/cbe1750796f75e7ad9092a19f50916740e/2221/14292856/2/Honda-CR_V_Hybrid-2026.jpg'},{url:'https://imagescdn.d2cmedia.ca/cbe1750796f75e7ad9092a19f50916740e/2221/14292856/3/Honda-CR_V_Hybrid-2026.jpg'},{url:'https://imagescdn.d2cmedia.ca/cbe1750796f75e7ad9092a19f50916740e/2221/14292856/4/Honda-CR_V_Hybrid-2026.jpg'},{url:'https://imagescdn.d2cmedia.ca/cbe1750796f75e7ad9092a19f50916740e/2221/14292856/5/Honda-CR_V_Hybrid-2026.jpg'},{url:'https://imagescdn.d2cmedia.ca/cbe1750796f75e7ad9092a19f50916740e/2221/14292856/6/Honda-CR_V_Hybrid-2026.jpg'},{url:'https://imagescdn.d2cmedia.ca/cbe1750796f75e7ad9092a19f50916740e/2221/14292856/7/Honda-CR_V_Hybrid-2026.jpg'},{url:'https://imagescdn.d2cmedia.ca/cbe1750796f75e7ad9092a19f50916740e/2221/14292856/8/Honda-CR_V_Hybrid-2026.jpg'}]",12571,KM,https://www.number7honda.com/used/2026-Honda-CR_V_Hybrid-id14292856.html,2026 Honda CR-V Hybrid Sport *EXTENDED FACTORY WARRANTY*NO REPORTED ACCIDENTS*ONE OWNER at Number 7 Honda,45995 CAD,CPO,Grey,,2221,Number 7 Honda,+1-905-851-2258,"{addr1: '5555 Highway 7 W', city: 'Woodbridge', region: 'Ontario', postal_code: 'L4L 1T5', country: 'CA'}",43.7900000000,-79.5980000000,,,,,https://www.number7honda.com/privacy-policy.html,CPO,2221,In stock,,45995 CAD,Free,
2HKRS6H92TH221551,2HKRS6H92TH221551,261861A,Honda,CR-V Hybrid,Touring *EXTENDED FCATORY WARRANTY*NO REPORTED ACCIDENTS*ONE OWNER,2026,AUTOMATIC,SUV,HYBRID,AWD,"2026 Honda CR-V Hybrid Touring *EXTENDED FCATORY WARRANTY*NO REPORTED ACCIDENTS*ONE OWNER, Black exterior, All-wheel drive","[{url:'https://imagescdn.d2cmedia.ca/cb7f0d917f04e47b57000b2cdc3627fbe1/2221/14346628/1/Honda-CR_V Hybrid-2026.jpg'},{url:'https://imagescdn.d2cmedia.ca/s87f0d917f04e47b57000b2cdc3627fbe1/2221/14346628/1/Honda-CR_V_Hybrid-2026.jpg'},{url:'https://imagescdn.d2cmedia.ca/cb7f0d917f04e47b57000b2cdc3627fbe1/2221/14346628/1/Honda-CR_V_Hybrid-2026.jpg'},{url:'https://imagescdn.d2cmedia.ca/cb7f0d917f04e47b57000b2cdc3627fbe1/2221/14346628/2/Honda-CR_V_Hybrid-2026.jpg'},{url:'https://imagescdn.d2cmedia.ca/cb7f0d917f04e47b57000b2cdc3627fbe1/2221/14346628/3/Honda-CR_V_Hybrid-2026.jpg'},{url:'https://imagescdn.d2cmedia.ca/cb7f0d917f04e47b57000b2cdc3627fbe1/2221/14346628/4/Honda-CR_V_Hybrid-2026.jpg'},{url:'https://imagescdn.d2cmedia.ca/cb7f0d917f04e47b57000b2cdc3627fbe1/2221/14346628/5/Honda-CR_V_Hybrid-2026.jpg'},{url:'https://imagescdn.d2cmedia.ca/cb7f0d917f04e47b57000b2cdc3627fbe1/2221/14346628/6/Honda-CR_V_Hybrid-2026.jpg'},{url:'https://imagescdn.d2cmedia.ca/cb7f0d917f04e47b57000b2cdc3627fbe1/2221/14346628/7/Honda-CR_V_Hybrid-2026.jpg'},{url:'https://imagescdn.d2cmedia.ca/cb7f0d917f04e47b57000b2cdc3627fbe1/2221/14346628/8/Honda-CR_V_Hybrid-2026.jpg'}]",16373,KM,https://www.number7honda.com/used/2026-Honda-CR_V_Hybrid-id14346628.html,2026 Honda CR-V Hybrid Touring *EXTENDED FCATORY WARRANTY*NO REPORTED ACCIDENTS*ONE OWNER at Number 7 Honda,50995 CAD,CPO,Black,,2221,Number 7 Honda,+1-905-851-2258,"{addr1: '5555 Highway 7 W', city: 'Woodbridge', region: 'Ontario', postal_code: 'L4L 1T5', country: 'CA'}",43.7900000000,-79.5980000000,,,,,https://www.number7honda.com/privacy-policy.html,CPO,2221,In stock,,50995 CAD,Free,
19XFL2H82TE400189,19XFL2H82TE400189,U10117A,Honda,Civic,Sport Hatchback *EXTENDED FATORY WARRANTY*NO REPORTED ACCIDENTS,2026,AUTOMATIC,SEDAN,GASOLINE,FWD,"2026 Honda Civic Sport Hatchback *EXTENDED FATORY WARRANTY*NO REPORTED ACCIDENTS, Black exterior, Front-wheel drive","[{url:'https://imagescdn.d2cmedia.ca/cbabe9688632d73efd7d38e11231968e86/2221/14348726/1/Honda-Civic Hatchback-2026.jpg'},{url:'https://imagescdn.d2cmedia.ca/s8abe9688632d73efd7d38e11231968e86/2221/14348726/1/Honda-Civic-2026.jpg'},{url:'https://imagescdn.d2cmedia.ca/cbabe9688632d73efd7d38e11231968e86/2221/14348726/1/Honda-Civic-2026.jpg'},{url:'https://imagescdn.d2cmedia.ca/cbabe9688632d73efd7d38e11231968e86/2221/14348726/2/Honda-Civic-2026.jpg'},{url:'https://imagescdn.d2cmedia.ca/cbabe9688632d73efd7d38e11231968e86/2221/14348726/3/Honda-Civic-2026.jpg'},{url:'https://imagescdn.d2cmedia.ca/cbabe9688632d73efd7d38e11231968e86/2221/14348726/4/Honda-Civic-2026.jpg'},{url:'https://imagescdn.d2cmedia.ca/cbabe9688632d73efd7d38e11231968e86/2221/14348726/5/Honda-Civic-2026.jpg'},{url:'https://imagescdn.d2cmedia.ca/cbabe9688632d73efd7d38e11231968e86/2221/14348726/6/Honda-Civic-2026.jpg'},{url:'https://imagescdn.d2cmedia.ca/cbabe9688632d73efd7d38e11231968e86/2221/14348726/7/Honda-Civic-2026.jpg'},{url:'https://imagescdn.d2cmedia.ca/cbabe9688632d73efd7d38e11231968e86/2221/14348726/8/Honda-Civic-2026.jpg'}]",4689,KM,https://www.number7honda.com/used/2026-Honda-Civic-id14348726.html,2026 Honda Civic Sport Hatchback *EXTENDED FATORY WARRANTY*NO REPORTED ACCIDENTS at Number 7 Honda,32995 CAD,CPO,Black,,2221,Number 7 Honda,+1-905-851-2258,"{addr1: '5555 Highway 7 W', city: 'Woodbridge', region: 'Ontario', postal_code: 'L4L 1T5', country: 'CA'}",43.7900000000,-79.5980000000,,,,,https://www.number7honda.com/privacy-policy.html,CPO,2221,In stock,,32995 CAD,Free,
2HKRS6H55TH209617,2HKRS6H55TH209617,261527A,Honda,CR-V Hybrid,Sport *EXTENDED FACTORY WARRANTY*NO REPORTED ACCIDENTS*ONE OWNER,2026,AUTOMATIC,SUV,HYBRID,AWD,"2026 Honda CR-V Hybrid Sport *EXTENDED FACTORY WARRANTY*NO REPORTED ACCIDENTS*ONE OWNER, Black exterior, All-wheel drive","[{url:'https://imagescdn.d2cmedia.ca/cb058bf82bd26e4ac18c8e19551fc24657/2221/14420112/1/Honda-CR_V Hybrid-2026.jpg'},{url:'https://imagescdn.d2cmedia.ca/s8058bf82bd26e4ac18c8e19551fc24657/2221/14420112/1/Honda-CR_V_Hybrid-2026.jpg'},{url:'https://imagescdn.d2cmedia.ca/cb058bf82bd26e4ac18c8e19551fc24657/2221/14420112/1/Honda-CR_V_Hybrid-2026.jpg'},{url:'https://imagescdn.d2cmedia.ca/cb058bf82bd26e4ac18c8e19551fc24657/2221/14420112/2/Honda-CR_V_Hybrid-2026.jpg'},{url:'https://imagescdn.d2cmedia.ca/cb058bf82bd26e4ac18c8e19551fc24657/2221/14420112/3/Honda-CR_V_Hybrid-2026.jpg'},{url:'https://imagescdn.d2cmedia.ca/cb058bf82bd26e4ac18c8e19551fc24657/2221/14420112/4/Honda-CR_V_Hybrid-2026.jpg'},{url:'https://imagescdn.d2cmedia.ca/cb058bf82bd26e4ac18c8e19551fc24657/2221/14420112/5/Honda-CR_V_Hybrid-2026.jpg'},{url:'https://imagescdn.d2cmedia.ca/cb058bf82bd26e4ac18c8e19551fc24657/2221/14420112/6/Honda-CR_V_Hybrid-2026.jpg'},{url:'https://imagescdn.d2cmedia.ca/cb058bf82bd26e4ac18c8e19551fc24657/2221/14420112/7/Honda-CR_V_Hybrid-2026.jpg'},{url:'https://imagescdn.d2cmedia.ca/cb058bf82bd26e4ac18c8e19551fc24657/2221/14420112/8/Honda-CR_V_Hybrid-2026.jpg'}]",54080,KM,https://www.number7honda.com/used/2026-Honda-CR_V_Hybrid-id14420112.html,2026 Honda CR-V Hybrid Sport *EXTENDED FACTORY WARRANTY*NO REPORTED ACCIDENTS*ONE OWNER at Number 7 Honda,42995 CAD,CPO,Black,,2221,Number 7 Honda,+1-905-851-2258,"{addr1: '5555 Highway 7 W', city: 'Woodbridge', region: 'Ontario', postal_code: 'L4L 1T5', country: 'CA'}",43.7900000000,-79.5980000000,,,,,https://www.number7honda.com/privacy-policy.html,CPO,2221,In stock,,42995 CAD,Free,
1HGCY2F78TA801300,1HGCY2F78TA801300,261783A,Honda,Accord Hybrid,Sport-L *EXTENDED FACTORY WARRANTY*NO REPORTED ACCIDENTS*ONE OWNER,2026,AUTOMATIC,SEDAN,HYBRID,FWD,"2026 Honda Accord Hybrid Sport-L *EXTENDED FACTORY WARRANTY*NO REPORTED ACCIDENTS*ONE OWNER, Grey exterior, Front-wheel drive","[{url:'https://imagescdn.d2cmedia.ca/cbba9f49c699c60b099c7299366e2d7319/2221/14448490/1/Honda-Accord Hybrid-2026.jpg'},{url:'https://imagescdn.d2cmedia.ca/s8ba9f49c699c60b099c7299366e2d7319/2221/14448490/1/Honda-Accord_Hybrid-2026.jpg'},{url:'https://imagescdn.d2cmedia.ca/cbba9f49c699c60b099c7299366e2d7319/2221/14448490/1/Honda-Accord_Hybrid-2026.jpg'}]",4201,KM,https://www.number7honda.com/used/2026-Honda-Accord_Hybrid-id14448490.html,2026 Honda Accord Hybrid Sport-L *EXTENDED FACTORY WARRANTY*NO REPORTED ACCIDENTS*ONE OWNER at Number 7 Honda,41995 CAD,CPO,Grey,,2221,Number 7 Honda,+1-905-851-2258,"{addr1: '5555 Highway 7 W', city: 'Woodbridge', region: 'Ontario', postal_code: 'L4L 1T5', country: 'CA'}",43.7900000000,-79.5980000000,,,,,https://www.number7honda.com/privacy-policy.html,CPO,2221,In stock,,41995 CAD,Free,
2HKRS6H73TH228720,2HKRS6H73TH228720,U10134,Honda,CR-V Hybrid,Ex-L Awd,2026,AUTOMATIC,SUV,HYBRID,,"2026 Honda CR-V Hybrid Ex-L Awd, Grey exterior","[{url:'https://imagescdn.d2cmedia.ca/cb3057e4630ac46519ee20d38c37f5fd5e/2221/14454872/1/Honda-CR_V Hybrid-2026.jpg'},{url:'https://imagescdn.d2cmedia.ca/s83057e4630ac46519ee20d38c37f5fd5e/2221/14454872/1/Honda-CR_V_Hybrid-2026.jpg'},{url:'https://imagescdn.d2cmedia.ca/cb3057e4630ac46519ee20d38c37f5fd5e/2221/14454872/1/Honda-CR_V_Hybrid-2026.jpg'},{url:'https://imagescdn.d2cmedia.ca/cb3057e4630ac46519ee20d38c37f5fd5e/2221/14454872/2/Honda-CR_V_Hybrid-2026.jpg'},{url:'https://imagescdn.d2cmedia.ca/cb3057e4630ac46519ee20d38c37f5fd5e/2221/14454872/3/Honda-CR_V_Hybrid-2026.jpg'},{url:'https://imagescdn.d2cmedia.ca/cb3057e4630ac46519ee20d38c37f5fd5e/2221/14454872/4/Honda-CR_V_Hybrid-2026.jpg'},{url:'https://imagescdn.d2cmedia.ca/cb3057e4630ac46519ee20d38c37f5fd5e/2221/14454872/5/Honda-CR_V_Hybrid-2026.jpg'},{url:'https://imagescdn.d2cmedia.ca/cb3057e4630ac46519ee20d38c37f5fd5e/2221/14454872/6/Honda-CR_V_Hybrid-2026.jpg'},{url:'https://imagescdn.d2cmedia.ca/cb3057e4630ac46519ee20d38c37f5fd5e/2221/14454872/7/Honda-CR_V_Hybrid-2026.jpg'},{url:'https://imagescdn.d2cmedia.ca/cb3057e4630ac46519ee20d38c37f5fd5e/2221/14454872/8/Honda-CR_V_Hybrid-2026.jpg'}]",27445,KM,https://www.number7honda.com/used/2026-Honda-CR_V_Hybrid-id14454872.html,2026 Honda CR-V Hybrid Ex-L Awd at Number 7 Honda,46995 CAD,Used,Grey,,2221,Number 7 Honda,+1-905-851-2258,"{addr1: '5555 Highway 7 W', city: 'Woodbridge', region: 'Ontario', postal_code: 'L4L 1T5', country: 'CA'}",43.7900000000,-79.5980000000,,,,,https://www.number7honda.com/privacy-policy.html,Used,2221,In stock,,46995 CAD,Free,
5FNRL6H76SB501269,5FNRL6H76SB501269,261247A,Honda,Odyssey,Sport-L *EXTENDED FACTORY WARRANTY*NO REPORTED ACCIDENTS,2025,AUTOMATIC,SUV,GASOLINE,FWD,"2025 Honda Odyssey Sport-L *EXTENDED FACTORY WARRANTY*NO REPORTED ACCIDENTS, White exterior, Front-wheel drive","[{url:'https://imagescdn.d2cmedia.ca/cb12baa3c7422e36305807a3fbb8da2f65/2221/13693990/1/Honda-Odyssey-2025.jpg'},{url:'https://imagescdn.d2cmedia.ca/s812baa3c7422e36305807a3fbb8da2f65/2221/13693990/1/Honda-Odyssey-2025.jpg'},{url:'https://imagescdn.d2cmedia.ca/cb12baa3c7422e36305807a3fbb8da2f65/2221/13693990/2/Honda-Odyssey-2025.jpg'},{url:'https://imagescdn.d2cmedia.ca/cb12baa3c7422e36305807a3fbb8da2f65/2221/13693990/3/Honda-Odyssey-2025.jpg'},{url:'https://imagescdn.d2cmedia.ca/cb12baa3c7422e36305807a3fbb8da2f65/2221/13693990/4/Honda-Odyssey-2025.jpg'},{url:'https://imagescdn.d2cmedia.ca/cb12baa3c7422e36305807a3fbb8da2f65/2221/13693990/5/Honda-Odyssey-2025.jpg'},{url:'https://imagescdn.d2cmedia.ca/cb12baa3c7422e36305807a3fbb8da2f65/2221/13693990/6/Honda-Odyssey-2025.jpg'},{url:'https://imagescdn.d2cmedia.ca/cb12baa3c7422e36305807a3fbb8da2f65/2221/13693990/7/Honda-Odyssey-2025.jpg'},{url:'https://imagescdn.d2cmedia.ca/cb12baa3c7422e36305807a3fbb8da2f65/2221/13693990/8/Honda-Odyssey-2025.jpg'},{url:'https://imagescdn.d2cmedia.ca/cb12baa3c7422e36305807a3fbb8da2f65/2221/13693990/9/Honda-Odyssey-2025.jpg'}]",63393,KM,https://www.number7honda.com/used/2025-Honda-Odyssey-id13693990.html,2025 Honda Odyssey Sport-L *EXTENDED FACTORY WARRANTY*NO REPORTED ACCIDENTS at Number 7 Honda,43995 CAD,CPO,White,,2221,Number 7 Honda,+1-905-851-2258,"{addr1: '5555 Highway 7 W', city: 'Woodbridge', region: 'Ontario', postal_code: 'L4L 1T5', country: 'CA'}",43.7900000000,-79.5980000000,,,,,https://www.number7honda.com/privacy-policy.html,CPO,2221,In stock,,43995 CAD,Free,
5FNYG1H60SB502797,5FNYG1H60SB502797,261413A,Honda,Pilot,Trailsport *EXTENDED FACTORY WARRANTY*NO REPORTED ACCIDENTS,2025,AUTOMATIC,SUV,GASOLINE,AWD,"2025 Honda Pilot Trailsport *EXTENDED FACTORY WARRANTY*NO REPORTED ACCIDENTS, Blue exterior, All-wheel drive","[{url:'https://imagescdn.d2cmedia.ca/cbe7a94ef6b4094d503bfdce2aad95c991/2221/13917791/1/Honda-Pilot-2025.jpg'},{url:'https://imagescdn.d2cmedia.ca/s8e7a94ef6b4094d503bfdce2aad95c991/2221/13917791/1/Honda-Pilot-2025.jpg'},{url:'https://imagescdn.d2cmedia.ca/cbe7a94ef6b4094d503bfdce2aad95c991/2221/13917791/2/Honda-Pilot-2025.jpg'},{url:'https://imagescdn.d2cmedia.ca/cbe7a94ef6b4094d503bfdce2aad95c991/2221/13917791/3/Honda-Pilot-2025.jpg'},{url:'https://imagescdn.d2cmedia.ca/cbe7a94ef6b4094d503bfdce2aad95c991/2221/13917791/4/Honda-Pilot-2025.jpg'},{url:'https://imagescdn.d2cmedia.ca/cbe7a94ef6b4094d503bfdce2aad95c991/2221/13917791/5/Honda-Pilot-2025.jpg'},{url:'https://imagescdn.d2cmedia.ca/cbe7a94ef6b4094d503bfdce2aad95c991/2221/13917791/6/Honda-Pilot-2025.jpg'},{url:'https://imagescdn.d2cmedia.ca/cbe7a94ef6b4094d503bfdce2aad95c991/2221/13917791/7/Honda-Pilot-2025.jpg'},{url:'https://imagescdn.d2cmedia.ca/cbe7a94ef6b4094d503bfdce2aad95c991/2221/13917791/8/Honda-Pilot-2025.jpg'},{url:'https://imagescdn.d2cmedia.ca/cbe7a94ef6b4094d503bfdce2aad95c991/2221/13917791/9/Honda-Pilot-2025.jpg'}]",63721,KM,https://www.number7honda.com/used/2025-Honda-Pilot-id13917791.html,2025 Honda Pilot Trailsport *EXTENDED FACTORY WARRANTY*NO REPORTED ACCIDENTS at Number 7 Honda,47835 CAD,CPO,Blue,,2221,Number 7 Honda,+1-905-851-2258,"{addr1: '5555 Highway 7 W', city: 'Woodbridge', region: 'Ontario', postal_code: 'L4L 1T5', country: 'CA'}",43.7900000000,-79.5980000000,,,,,https://www.number7honda.com/privacy-policy.html,CPO,2221,In stock,,47835 CAD,Free,
5FNRL6H8XSB504412,5FNRL6H8XSB504412,U10093,Honda,Odyssey,Touring *EXTENDED FACTORY WARRANTY*NO REPORTED ACCIDENTS,2025,AUTOMATIC,SUV,GASOLINE,FWD,"2025 Honda Odyssey Touring *EXTENDED FACTORY WARRANTY*NO REPORTED ACCIDENTS, Silver exterior, Front-wheel drive","[{url:'https://imagescdn.d2cmedia.ca/cb5db01c0a80efb23180fcf2494e619f00/2221/14080179/1/Honda-Odyssey-2025.jpg'},{url:'https://imagescdn.d2cmedia.ca/s85db01c0a80efb23180fcf2494e619f00/2221/14080179/1/Honda-Odyssey-2025.jpg'},{url:'https://imagescdn.d2cmedia.ca/cb5db01c0a80efb23180fcf2494e619f00/2221/14080179/2/Honda-Odyssey-2025.jpg'},{url:'https://imagescdn.d2cmedia.ca/cb5db01c0a80efb23180fcf2494e619f00/2221/14080179/3/Honda-Odyssey-2025.jpg'},{url:'https://imagescdn.d2cmedia.ca/cb5db01c0a80efb23180fcf2494e619f00/2221/14080179/4/Honda-Odyssey-2025.jpg'},{url:'https://imagescdn.d2cmedia.ca/cb5db01c0a80efb23180fcf2494e619f00/2221/14080179/5/Honda-Odyssey-2025.jpg'},{url:'https://imagescdn.d2cmedia.ca/cb5db01c0a80efb23180fcf2494e619f00/2221/14080179/6/Honda-Odyssey-2025.jpg'},{url:'https://imagescdn.d2cmedia.ca/cb5db01c0a80efb23180fcf2494e619f00/2221/14080179/7/Honda-Odyssey-2025.jpg'},{url:'https://imagescdn.d2cmedia.ca/cb5db01c0a80efb23180fcf2494e619f00/2221/14080179/8/Honda-Odyssey-2025.jpg'},{url:'https://imagescdn.d2cmedia.ca/cb5db01c0a80efb23180fcf2494e619f00/2221/14080179/9/Honda-Odyssey-2025.jpg'}]",23929,KM,https://www.number7honda.com/used/2025-Honda-Odyssey-id14080179.html,2025 Honda Odyssey Touring *EXTENDED FACTORY WARRANTY*NO REPORTED ACCIDENTS at Number 7 Honda,52995 CAD,CPO,Silver,,2221,Number 7 Honda,+1-905-851-2258,"{addr1: '5555 Highway 7 W', city: 'Woodbridge', region: 'Ontario', postal_code: 'L4L 1T5', country: 'CA'}",43.7900000000,-79.5980000000,,,,,https://www.number7honda.com/privacy-policy.html,CPO,2221,In stock,,52995 CAD,Free,
2HGFE2F57SH106827,2HGFE2F57SH106827,261448A,Honda,Civic,Sport *EXTENDED FACTORY WARRANTY*NO REPORTED ACCIDENTS*ONE OWNER,2025,AUTOMATIC,SEDAN,GASOLINE,FWD,"2025 Honda Civic Sport *EXTENDED FACTORY WARRANTY*NO REPORTED ACCIDENTS*ONE OWNER, Black exterior, Front-wheel drive","[{url:'https://imagescdn.d2cmedia.ca/cb86508e0beba62cdb5a4fd243c8009427/2221/14080189/1/Honda-Civic Sedan-2025.jpg'},{url:'https://imagescdn.d2cmedia.ca/s886508e0beba62cdb5a4fd243c8009427/2221/14080189/1/Honda-Civic-2025.jpg'},{url:'https://imagescdn.d2cmedia.ca/cb86508e0beba62cdb5a4fd243c8009427/2221/14080189/1/Honda-Civic-2025.jpg'},{url:'https://imagescdn.d2cmedia.ca/cb86508e0beba62cdb5a4fd243c8009427/2221/14080189/2/Honda-Civic-2025.jpg'},{url:'https://imagescdn.d2cmedia.ca/cb86508e0beba62cdb5a4fd243c8009427/2221/14080189/3/Honda-Civic-2025.jpg'},{url:'https://imagescdn.d2cmedia.ca/cb86508e0beba62cdb5a4fd243c8009427/2221/14080189/4/Honda-Civic-2025.jpg'},{url:'https://imagescdn.d2cmedia.ca/cb86508e0beba62cdb5a4fd243c8009427/2221/14080189/5/Honda-Civic-2025.jpg'},{url:'https://imagescdn.d2cmedia.ca/cb86508e0beba62cdb5a4fd243c8009427/2221/14080189/6/Honda-Civic-2025.jpg'},{url:'https://imagescdn.d2cmedia.ca/cb86508e0beba62cdb5a4fd243c8009427/2221/14080189/7/Honda-Civic-2025.jpg'},{url:'https://imagescdn.d2cmedia.ca/cb86508e0beba62cdb5a4fd243c8009427/2221/14080189/8/Honda-Civic-2025.jpg'}]",17617,KM,https://www.number7honda.com/used/2025-Honda-Civic-id14080189.html,2025 Honda Civic Sport *EXTENDED FACTORY WARRANTY*NO REPORTED ACCIDENTS*ONE OWNER at Number 7 Honda,30995 CAD,CPO,Black,,2221,Number 7 Honda,+1-905-851-2258,"{addr1: '5555 Highway 7 W', city: 'Woodbridge', region: 'Ontario', postal_code: 'L4L 1T5', country: 'CA'}",43.7900000000,-79.5980000000,,,,,https://www.number7honda.com/privacy-policy.html,CPO,2221,In stock,,30995 CAD,Free,
3CZRZ1H35SM100946,3CZRZ1H35SM100946,261452A,Honda,HR-V,Lx *EXTENDED FACTORY WARRANTY*ONE OWNER,2025,AUTOMATIC,SUV,GASOLINE,FWD,"2025 Honda HR-V Lx *EXTENDED FACTORY WARRANTY*ONE OWNER, White exterior, Front-wheel drive","[{url:'https://imagescdn.d2cmedia.ca/cb6437da2040e175a8130aedb1e6340ec4/2221/14104892/1/Honda-HR_V-2025.jpg'},{url:'https://imagescdn.d2cmedia.ca/s86437da2040e175a8130aedb1e6340ec4/2221/14104892/1/Honda-HR_V-2025.jpg'},{url:'https://imagescdn.d2cmedia.ca/cb6437da2040e175a8130aedb1e6340ec4/2221/14104892/2/Honda-HR_V-2025.jpg'},{url:'https://imagescdn.d2cmedia.ca/cb6437da2040e175a8130aedb1e6340ec4/2221/14104892/3/Honda-HR_V-2025.jpg'},{url:'https://imagescdn.d2cmedia.ca/cb6437da2040e175a8130aedb1e6340ec4/2221/14104892/4/Honda-HR_V-2025.jpg'},{url:'https://imagescdn.d2cmedia.ca/cb6437da2040e175a8130aedb1e6340ec4/2221/14104892/5/Honda-HR_V-2025.jpg'},{url:'https://imagescdn.d2cmedia.ca/cb6437da2040e175a8130aedb1e6340ec4/2221/14104892/6/Honda-HR_V-2025.jpg'},{url:'https://imagescdn.d2cmedia.ca/cb6437da2040e175a8130aedb1e6340ec4/2221/14104892/7/Honda-HR_V-2025.jpg'},{url:'https://imagescdn.d2cmedia.ca/cb6437da2040e175a8130aedb1e6340ec4/2221/14104892/8/Honda-HR_V-2025.jpg'},{url:'https://imagescdn.d2cmedia.ca/cb6437da2040e175a8130aedb1e6340ec4/2221/14104892/9/Honda-HR_V-2025.jpg'}]",70007,KM,https://www.number7honda.com/used/2025-Honda-HR_V-id14104892.html,2025 Honda HR-V Lx *EXTENDED FACTORY WARRANTY*ONE OWNER at Number 7 Honda,27516 CAD,CPO,White,,2221,Number 7 Honda,+1-905-851-2258,"{addr1: '5555 Highway 7 W', city: 'Woodbridge', region: 'Ontario', postal_code: 'L4L 1T5', country: 'CA'}",43.7900000000,-79.5980000000,,,,,https://www.number7honda.com/privacy-policy.html,CPO,2221,In stock,,27516 CAD,Free,
5FNYG1H67SB501405,5FNYG1H67SB501405,261807A,Honda,Pilot,TrailSport *EXTENDED FACTORY WARRANTY*NO REPORTED ACCIDENTS*ONE OWNER,2025,AUTOMATIC,SUV,GASOLINE,AWD,"2025 Honda Pilot TrailSport *EXTENDED FACTORY WARRANTY*NO REPORTED ACCIDENTS*ONE OWNER, Black exterior, All-wheel drive","[{url:'https://imagescdn.d2cmedia.ca/cb0286abb5c1602f25357c40335dcf4e78/2221/14172385/1/Honda-Pilot-2025.jpg'},{url:'https://imagescdn.d2cmedia.ca/s80286abb5c1602f25357c40335dcf4e78/2221/14172385/1/Honda-Pilot-2025.jpg'},{url:'https://imagescdn.d2cmedia.ca/cb0286abb5c1602f25357c40335dcf4e78/2221/14172385/2/Honda-Pilot-2025.jpg'},{url:'https://imagescdn.d2cmedia.ca/cb0286abb5c1602f25357c40335dcf4e78/2221/14172385/3/Honda-Pilot-2025.jpg'},{url:'https://imagescdn.d2cmedia.ca/cb0286abb5c1602f25357c40335dcf4e78/2221/14172385/4/Honda-Pilot-2025.jpg'},{url:'https://imagescdn.d2cmedia.ca/cb0286abb5c1602f25357c40335dcf4e78/2221/14172385/5/Honda-Pilot-2025.jpg'},{url:'https://imagescdn.d2cmedia.ca/cb0286abb5c1602f25357c40335dcf4e78/2221/14172385/6/Honda-Pilot-2025.jpg'},{url:'https://imagescdn.d2cmedia.ca/cb0286abb5c1602f25357c40335dcf4e78/2221/14172385/7/Honda-Pilot-2025.jpg'},{url:'https://imagescdn.d2cmedia.ca/cb0286abb5c1602f25357c40335dcf4e78/2221/14172385/8/Honda-Pilot-2025.jpg'},{url:'https://imagescdn.d2cmedia.ca/cb0286abb5c1602f25357c40335dcf4e78/2221/14172385/9/Honda-Pilot-2025.jpg'}]",49203,KM,https://www.number7honda.com/used/2025-Honda-Pilot-id14172385.html,2025 Honda Pilot TrailSport *EXTENDED FACTORY WARRANTY*NO REPORTED ACCIDENTS*ONE OWNER at Number 7 Honda,53776 CAD,CPO,Black,,2221,Number 7 Honda,+1-905-851-2258,"{addr1: '5555 Highway 7 W', city: 'Woodbridge', region: 'Ontario', postal_code: 'L4L 1T5', country: 'CA'}",43.7900000000,-79.5980000000,,,,,https://www.number7honda.com/privacy-policy.html,CPO,2221,In stock,,53776 CAD,Free,
2HGFE2F52SH104466,2HGFE2F52SH104466,U10112,Honda,Civic,Sport *EXTENDED FACTORY WARRANTY,2025,AUTOMATIC,SEDAN,GASOLINE,FWD,"2025 Honda Civic Sport *EXTENDED FACTORY WARRANTY, Black exterior, Front-wheel drive","[{url:'https://imagescdn.d2cmedia.ca/cb98279cf74930ad5a975b36a16ee29324/2221/14231730/1/Honda-Civic Sedan-2025.jpg'},{url:'https://imagescdn.d2cmedia.ca/s898279cf74930ad5a975b36a16ee29324/2221/14231730/1/Honda-Civic-2025.jpg'},{url:'https://imagescdn.d2cmedia.ca/cb98279cf74930ad5a975b36a16ee29324/2221/14231730/1/Honda-Civic-2025.jpg'},{url:'https://imagescdn.d2cmedia.ca/cb98279cf74930ad5a975b36a16ee29324/2221/14231730/2/Honda-Civic-2025.jpg'},{url:'https://imagescdn.d2cmedia.ca/cb98279cf74930ad5a975b36a16ee29324/2221/14231730/3/Honda-Civic-2025.jpg'},{url:'https://imagescdn.d2cmedia.ca/cb98279cf74930ad5a975b36a16ee29324/2221/14231730/4/Honda-Civic-2025.jpg'},{url:'https://imagescdn.d2cmedia.ca/cb98279cf74930ad5a975b36a16ee29324/2221/14231730/5/Honda-Civic-2025.jpg'},{url:'https://imagescdn.d2cmedia.ca/cb98279cf74930ad5a975b36a16ee29324/2221/14231730/6/Honda-Civic-2025.jpg'},{url:'https://imagescdn.d2cmedia.ca/cb98279cf74930ad5a975b36a16ee29324/2221/14231730/7/Honda-Civic-2025.jpg'},{url:'https://imagescdn.d2cmedia.ca/cb98279cf74930ad5a975b36a16ee29324/2221/14231730/8/Honda-Civic-2025.jpg'}]",28852,KM,https://www.number7honda.com/used/2025-Honda-Civic-id14231730.html,2025 Honda Civic Sport *EXTENDED FACTORY WARRANTY at Number 7 Honda,30995 CAD,CPO,Black,,2221,Number 7 Honda,+1-905-851-2258,"{addr1: '5555 Highway 7 W', city: 'Woodbridge', region: 'Ontario', postal_code: 'L4L 1T5', country: 'CA'}",43.7900000000,-79.5980000000,,,,,https://www.number7honda.com/privacy-policy.html,CPO,2221,In stock,,30995 CAD,Free,
2HGFE4F82SH017964,2HGFE4F82SH017964,261748A,Honda,Civic Hybrid,Sport Touring *EXTENDED FACTORY WARRANTY,2025,AUTOMATIC,SEDAN,HYBRID,FWD,"2025 Honda Civic Hybrid Sport Touring *EXTENDED FACTORY WARRANTY, Black exterior, Front-wheel drive","[{url:'https://imagescdn.d2cmedia.ca/cb80fa653156e4df337abd88c00c610231/2221/14281870/1/Honda-Civic Sedan Hybrid-2025.jpg'},{url:'https://imagescdn.d2cmedia.ca/s880fa653156e4df337abd88c00c610231/2221/14281870/1/Honda-Civic_Hybrid-2025.jpg'},{url:'https://imagescdn.d2cmedia.ca/cb80fa653156e4df337abd88c00c610231/2221/14281870/1/Honda-Civic_Hybrid-2025.jpg'},{url:'https://imagescdn.d2cmedia.ca/cb80fa653156e4df337abd88c00c610231/2221/14281870/2/Honda-Civic_Hybrid-2025.jpg'},{url:'https://imagescdn.d2cmedia.ca/cb80fa653156e4df337abd88c00c610231/2221/14281870/3/Honda-Civic_Hybrid-2025.jpg'},{url:'https://imagescdn.d2cmedia.ca/cb80fa653156e4df337abd88c00c610231/2221/14281870/4/Honda-Civic_Hybrid-2025.jpg'},{url:'https://imagescdn.d2cmedia.ca/cb80fa653156e4df337abd88c00c610231/2221/14281870/5/Honda-Civic_Hybrid-2025.jpg'},{url:'https://imagescdn.d2cmedia.ca/cb80fa653156e4df337abd88c00c610231/2221/14281870/6/Honda-Civic_Hybrid-2025.jpg'},{url:'https://imagescdn.d2cmedia.ca/cb80fa653156e4df337abd88c00c610231/2221/14281870/7/Honda-Civic_Hybrid-2025.jpg'},{url:'https://imagescdn.d2cmedia.ca/cb80fa653156e4df337abd88c00c610231/2221/14281870/8/Honda-Civic_Hybrid-2025.jpg'}]",44973,KM,https://www.number7honda.com/used/2025-Honda-Civic_Hybrid-id14281870.html,2025 Honda Civic Hybrid Sport Touring *EXTENDED FACTORY WARRANTY at Number 7 Honda,33995 CAD,CPO,Black,,2221,Number 7 Honda,+1-905-851-2258,"{addr1: '5555 Highway 7 W', city: 'Woodbridge', region: 'Ontario', postal_code: 'L4L 1T5', country: 'CA'}",43.7900000000,-79.5980000000,,,,,https://www.number7honda.com/privacy-policy.html,CPO,2221,In stock,,33995 CAD,Free,
2HKRS4H25SH106397,2HKRS4H25SH106397,U10116,Honda,CR-V,LX *EXTENDED FACTORY WARRANTY*NO REPORTED ACCIDENTS*ONE OWNER,2025,AUTOMATIC,SUV,GASOLINE,AWD,"2025 Honda CR-V LX *EXTENDED FACTORY WARRANTY*NO REPORTED ACCIDENTS*ONE OWNER, Black exterior, All-wheel drive","[{url:'https://imagescdn.d2cmedia.ca/cbed5043c8d6d1da28c518cf8d2591bde1/2221/14287328/1/Honda-CR_V-2025.jpg'},{url:'https://imagescdn.d2cmedia.ca/s8ed5043c8d6d1da28c518cf8d2591bde1/2221/14287328/1/Honda-CR_V-2025.jpg'},{url:'https://imagescdn.d2cmedia.ca/cbed5043c8d6d1da28c518cf8d2591bde1/2221/14287328/2/Honda-CR_V-2025.jpg'},{url:'https://imagescdn.d2cmedia.ca/cbed5043c8d6d1da28c518cf8d2591bde1/2221/14287328/3/Honda-CR_V-2025.jpg'},{url:'https://imagescdn.d2cmedia.ca/cbed5043c8d6d1da28c518cf8d2591bde1/2221/14287328/4/Honda-CR_V-2025.jpg'},{url:'https://imagescdn.d2cmedia.ca/cbed5043c8d6d1da28c518cf8d2591bde1/2221/14287328/5/Honda-CR_V-2025.jpg'},{url:'https://imagescdn.d2cmedia.ca/cbed5043c8d6d1da28c518cf8d2591bde1/2221/14287328/6/Honda-CR_V-2025.jpg'},{url:'https://imagescdn.d2cmedia.ca/cbed5043c8d6d1da28c518cf8d2591bde1/2221/14287328/7/Honda-CR_V-2025.jpg'},{url:'https://imagescdn.d2cmedia.ca/cbed5043c8d6d1da28c518cf8d2591bde1/2221/14287328/8/Honda-CR_V-2025.jpg'},{url:'https://imagescdn.d2cmedia.ca/cbed5043c8d6d1da28c518cf8d2591bde1/2221/14287328/9/Honda-CR_V-2025.jpg'}]",39682,KM,https://www.number7honda.com/used/2025-Honda-CR_V-id14287328.html,2025 Honda CR-V LX *EXTENDED FACTORY WARRANTY*NO REPORTED ACCIDENTS*ONE OWNER at Number 7 Honda,34995 CAD,CPO,Black,,2221,Number 7 Honda,+1-905-851-2258,"{addr1: '5555 Highway 7 W', city: 'Woodbridge', region: 'Ontario', postal_code: 'L4L 1T5', country: 'CA'}",43.7900000000,-79.5980000000,,,,,https://www.number7honda.com/privacy-policy.html,CPO,2221,In stock,,34995 CAD,Free,
2HKRS6H75SH218818,2HKRS6H75SH218818,261885A,Honda,CR-V Hybrid,EX-L *EXTENDED FACTRY WARRANTY*ONE OWNER,2025,AUTOMATIC,SUV,HYBRID,AWD,"2025 Honda CR-V Hybrid EX-L *EXTENDED FACTRY WARRANTY*ONE OWNER, Blue exterior, All-wheel drive","[{url:'https://imagescdn.d2cmedia.ca/cb38ed2a436fb797c8910d2e74efcf2d5e/2221/14292852/1/Honda-CR_V Hybrid-2025.jpg'},{url:'https://imagescdn.d2cmedia.ca/s838ed2a436fb797c8910d2e74efcf2d5e/2221/14292852/1/Honda-CR_V_Hybrid-2025.jpg'},{url:'https://imagescdn.d2cmedia.ca/cb38ed2a436fb797c8910d2e74efcf2d5e/2221/14292852/1/Honda-CR_V_Hybrid-2025.jpg'},{url:'https://imagescdn.d2cmedia.ca/cb38ed2a436fb797c8910d2e74efcf2d5e/2221/14292852/2/Honda-CR_V_Hybrid-2025.jpg'},{url:'https://imagescdn.d2cmedia.ca/cb38ed2a436fb797c8910d2e74efcf2d5e/2221/14292852/3/Honda-CR_V_Hybrid-2025.jpg'},{url:'https://imagescdn.d2cmedia.ca/cb38ed2a436fb797c8910d2e74efcf2d5e/2221/14292852/4/Honda-CR_V_Hybrid-2025.jpg'},{url:'https://imagescdn.d2cmedia.ca/cb38ed2a436fb797c8910d2e74efcf2d5e/2221/14292852/5/Honda-CR_V_Hybrid-2025.jpg'},{url:'https://imagescdn.d2cmedia.ca/cb38ed2a436fb797c8910d2e74efcf2d5e/2221/14292852/6/Honda-CR_V_Hybrid-2025.jpg'},{url:'https://imagescdn.d2cmedia.ca/cb38ed2a436fb797c8910d2e74efcf2d5e/2221/14292852/7/Honda-CR_V_Hybrid-2025.jpg'},{url:'https://imagescdn.d2cmedia.ca/cb38ed2a436fb797c8910d2e74efcf2d5e/2221/14292852/8/Honda-CR_V_Hybrid-2025.jpg'}]",68519,KM,https://www.number7honda.com/used/2025-Honda-CR_V_Hybrid-id14292852.html,2025 Honda CR-V Hybrid EX-L *EXTENDED FACTRY WARRANTY*ONE OWNER at Number 7 Honda,38995 CAD,CPO,Blue,,2221,Number 7 Honda,+1-905-851-2258,"{addr1: '5555 Highway 7 W', city: 'Woodbridge', region: 'Ontario', postal_code: 'L4L 1T5', country: 'CA'}",43.7900000000,-79.5980000000,,,,,https://www.number7honda.com/privacy-policy.html,CPO,2221,In stock,,38995 CAD,Free,
2HGFE2F29SH101134,2HGFE2F29SH101134,262003A,Honda,Civic,LX *EXTENDED FACTORY WARRANTY*ONE OWNER,2025,AUTOMATIC,SEDAN,GASOLINE,FWD,"2025 Honda Civic LX *EXTENDED FACTORY WARRANTY*ONE OWNER, Silver exterior, Front-wheel drive","[{url:'https://imagescdn.d2cmedia.ca/cb08963e5a7e75b3672365406f997aaf30/2221/14311457/1/Honda-Civic Sedan-2025.jpg'},{url:'https://imagescdn.d2cmedia.ca/s808963e5a7e75b3672365406f997aaf30/2221/14311457/1/Honda-Civic-2025.jpg'},{url:'https://imagescdn.d2cmedia.ca/cb08963e5a7e75b3672365406f997aaf30/2221/14311457/1/Honda-Civic-2025.jpg'},{url:'https://imagescdn.d2cmedia.ca/cb08963e5a7e75b3672365406f997aaf30/2221/14311457/2/Honda-Civic-2025.jpg'},{url:'https://imagescdn.d2cmedia.ca/cb08963e5a7e75b3672365406f997aaf30/2221/14311457/3/Honda-Civic-2025.jpg'},{url:'https://imagescdn.d2cmedia.ca/cb08963e5a7e75b3672365406f997aaf30/2221/14311457/4/Honda-Civic-2025.jpg'},{url:'https://imagescdn.d2cmedia.ca/cb08963e5a7e75b3672365406f997aaf30/2221/14311457/5/Honda-Civic-2025.jpg'},{url:'https://imagescdn.d2cmedia.ca/cb08963e5a7e75b3672365406f997aaf30/2221/14311457/6/Honda-Civic-2025.jpg'},{url:'https://imagescdn.d2cmedia.ca/cb08963e5a7e75b3672365406f997aaf30/2221/14311457/7/Honda-Civic-2025.jpg'},{url:'https://imagescdn.d2cmedia.ca/cb08963e5a7e75b3672365406f997aaf30/2221/14311457/8/Honda-Civic-2025.jpg'}]",53673,KM,https://www.number7honda.com/used/2025-Honda-Civic-id14311457.html,2025 Honda Civic LX *EXTENDED FACTORY WARRANTY*ONE OWNER at Number 7 Honda,26995 CAD,CPO,Silver,,2221,Number 7 Honda,+1-905-851-2258,"{addr1: '5555 Highway 7 W', city: 'Woodbridge', region: 'Ontario', postal_code: 'L4L 1T5', country: 'CA'}",43.7900000000,-79.5980000000,,,,,https://www.number7honda.com/privacy-policy.html,CPO,2221,In stock,,26995 CAD,Free,
2HKRS6H97SH214027,2HKRS6H97SH214027,261887A,Honda,CR-V Hybrid,Touring *EXTENDED FACTORY WARRANTY*NO REPORTED ACCIDENTS,2025,AUTOMATIC,SUV,HYBRID,AWD,"2025 Honda CR-V Hybrid Touring *EXTENDED FACTORY WARRANTY*NO REPORTED ACCIDENTS, Grey exterior, All-wheel drive","[{url:'https://imagescdn.d2cmedia.ca/cbc581353b6f17ae33b5828d0621919eb6/2221/14354516/1/Honda-CR_V Hybrid-2025.jpg'},{url:'https://imagescdn.d2cmedia.ca/s8c581353b6f17ae33b5828d0621919eb6/2221/14354516/1/Honda-CR_V_Hybrid-2025.jpg'},{url:'https://imagescdn.d2cmedia.ca/cbc581353b6f17ae33b5828d0621919eb6/2221/14354516/1/Honda-CR_V_Hybrid-2025.jpg'},{url:'https://imagescdn.d2cmedia.ca/cbc581353b6f17ae33b5828d0621919eb6/2221/14354516/2/Honda-CR_V_Hybrid-2025.jpg'},{url:'https://imagescdn.d2cmedia.ca/cbc581353b6f17ae33b5828d0621919eb6/2221/14354516/3/Honda-CR_V_Hybrid-2025.jpg'},{url:'https://imagescdn.d2cmedia.ca/cbc581353b6f17ae33b5828d0621919eb6/2221/14354516/4/Honda-CR_V_Hybrid-2025.jpg'},{url:'https://imagescdn.d2cmedia.ca/cbc581353b6f17ae33b5828d0621919eb6/2221/14354516/5/Honda-CR_V_Hybrid-2025.jpg'},{url:'https://imagescdn.d2cmedia.ca/cbc581353b6f17ae33b5828d0621919eb6/2221/14354516/6/Honda-CR_V_Hybrid-2025.jpg'},{url:'https://imagescdn.d2cmedia.ca/cbc581353b6f17ae33b5828d0621919eb6/2221/14354516/7/Honda-CR_V_Hybrid-2025.jpg'},{url:'https://imagescdn.d2cmedia.ca/cbc581353b6f17ae33b5828d0621919eb6/2221/14354516/8/Honda-CR_V_Hybrid-2025.jpg'}]",85819,KM,https://www.number7honda.com/used/2025-Honda-CR_V_Hybrid-id14354516.html,2025 Honda CR-V Hybrid Touring *EXTENDED FACTORY WARRANTY*NO REPORTED ACCIDENTS at Number 7 Honda,39995 CAD,CPO,Grey,,2221,Number 7 Honda,+1-905-851-2258,"{addr1: '5555 Highway 7 W', city: 'Woodbridge', region: 'Ontario', postal_code: 'L4L 1T5', country: 'CA'}",43.7900000000,-79.5980000000,,,,,https://www.number7honda.com/privacy-policy.html,CPO,2221,In stock,,39995 CAD,Free,
2HKRS4H21SH110141,2HKRS4H21SH110141,261426A,Honda,CR-V,LX *EXTENDED FACTORY WARRANTY*ONE OWNER,2025,AUTOMATIC,SUV,GASOLINE,AWD,"2025 Honda CR-V LX *EXTENDED FACTORY WARRANTY*ONE OWNER, Black exterior, All-wheel drive","[{url:'https://imagescdn.d2cmedia.ca/cb7195db540fc154bee90237bfdccacfa5/2221/14379948/1/Honda-CR_V-2025.jpg'},{url:'https://imagescdn.d2cmedia.ca/s87195db540fc154bee90237bfdccacfa5/2221/14379948/1/Honda-CR_V-2025.jpg'},{url:'https://imagescdn.d2cmedia.ca/cb7195db540fc154bee90237bfdccacfa5/2221/14379948/2/Honda-CR_V-2025.jpg'},{url:'https://imagescdn.d2cmedia.ca/cb7195db540fc154bee90237bfdccacfa5/2221/14379948/3/Honda-CR_V-2025.jpg'},{url:'https://imagescdn.d2cmedia.ca/cb7195db540fc154bee90237bfdccacfa5/2221/14379948/4/Honda-CR_V-2025.jpg'},{url:'https://imagescdn.d2cmedia.ca/cb7195db540fc154bee90237bfdccacfa5/2221/14379948/5/Honda-CR_V-2025.jpg'},{url:'https://imagescdn.d2cmedia.ca/cb7195db540fc154bee90237bfdccacfa5/2221/14379948/6/Honda-CR_V-2025.jpg'},{url:'https://imagescdn.d2cmedia.ca/cb7195db540fc154bee90237bfdccacfa5/2221/14379948/7/Honda-CR_V-2025.jpg'},{url:'https://imagescdn.d2cmedia.ca/cb7195db540fc154bee90237bfdccacfa5/2221/14379948/8/Honda-CR_V-2025.jpg'},{url:'https://imagescdn.d2cmedia.ca/cb7195db540fc154bee90237bfdccacfa5/2221/14379948/9/Honda-CR_V-2025.jpg'}]",52349,KM,https://www.number7honda.com/used/2025-Honda-CR_V-id14379948.html,2025 Honda CR-V LX *EXTENDED FACTORY WARRANTY*ONE OWNER at Number 7 Honda,33995 CAD,CPO,Black,,2221,Number 7 Honda,+1-905-851-2258,"{addr1: '5555 Highway 7 W', city: 'Woodbridge', region: 'Ontario', postal_code: 'L4L 1T5', country: 'CA'}",43.7900000000,-79.5980000000,,,,,https://www.number7honda.com/privacy-policy.html,CPO,2221,In stock,,33995 CAD,Free,
2HKRS6H93SH212565,2HKRS6H93SH212565,U10122,Honda,CR-V Hybrid,Touring *EXTENDED FACTORY WARRANTY*NO REPORTED ACCIDENTS,2025,AUTOMATIC,SUV,HYBRID,AWD,"2025 Honda CR-V Hybrid Touring *EXTENDED FACTORY WARRANTY*NO REPORTED ACCIDENTS, White exterior, All-wheel drive","[{url:'https://imagescdn.d2cmedia.ca/cbe88b023bba7a9eaf0a3d45dc45796d21/2221/14379951/1/Honda-CR_V Hybrid-2025.jpg'},{url:'https://imagescdn.d2cmedia.ca/s8e88b023bba7a9eaf0a3d45dc45796d21/2221/14379951/1/Honda-CR_V_Hybrid-2025.jpg'},{url:'https://imagescdn.d2cmedia.ca/cbe88b023bba7a9eaf0a3d45dc45796d21/2221/14379951/1/Honda-CR_V_Hybrid-2025.jpg'},{url:'https://imagescdn.d2cmedia.ca/cbe88b023bba7a9eaf0a3d45dc45796d21/2221/14379951/2/Honda-CR_V_Hybrid-2025.jpg'},{url:'https://imagescdn.d2cmedia.ca/cbe88b023bba7a9eaf0a3d45dc45796d21/2221/14379951/3/Honda-CR_V_Hybrid-2025.jpg'},{url:'https://imagescdn.d2cmedia.ca/cbe88b023bba7a9eaf0a3d45dc45796d21/2221/14379951/4/Honda-CR_V_Hybrid-2025.jpg'},{url:'https://imagescdn.d2cmedia.ca/cbe88b023bba7a9eaf0a3d45dc45796d21/2221/14379951/5/Honda-CR_V_Hybrid-2025.jpg'},{url:'https://imagescdn.d2cmedia.ca/cbe88b023bba7a9eaf0a3d45dc45796d21/2221/14379951/6/Honda-CR_V_Hybrid-2025.jpg'},{url:'https://imagescdn.d2cmedia.ca/cbe88b023bba7a9eaf0a3d45dc45796d21/2221/14379951/7/Honda-CR_V_Hybrid-2025.jpg'},{url:'https://imagescdn.d2cmedia.ca/cbe88b023bba7a9eaf0a3d45dc45796d21/2221/14379951/8/Honda-CR_V_Hybrid-2025.jpg'}]",43459,KM,https://www.number7honda.com/used/2025-Honda-CR_V_Hybrid-id14379951.html,2025 Honda CR-V Hybrid Touring *EXTENDED FACTORY WARRANTY*NO REPORTED ACCIDENTS at Number 7 Honda,44995 CAD,CPO,White,,2221,Number 7 Honda,+1-905-851-2258,"{addr1: '5555 Highway 7 W', city: 'Woodbridge', region: 'Ontario', postal_code: 'L4L 1T5', country: 'CA'}",43.7900000000,-79.5980000000,,,,,https://www.number7honda.com/privacy-policy.html,CPO,2221,In stock,,44995 CAD,Free,
2HKRS4H56SH105852,2HKRS4H56SH105852,U10123,Honda,CR-V,Sport *EXTENDED FACTORY WARRANTY*NO REPORTED ACCIDENTS,2025,AUTOMATIC,SUV,GASOLINE,AWD,"2025 Honda CR-V Sport *EXTENDED FACTORY WARRANTY*NO REPORTED ACCIDENTS, Black exterior, All-wheel drive","[{url:'https://imagescdn.d2cmedia.ca/cbd5201ae1ee16c8033781445457e0f1a3/2221/14379952/1/Honda-CR_V-2025.jpg'},{url:'https://imagescdn.d2cmedia.ca/s8d5201ae1ee16c8033781445457e0f1a3/2221/14379952/1/Honda-CR_V-2025.jpg'},{url:'https://imagescdn.d2cmedia.ca/cbd5201ae1ee16c8033781445457e0f1a3/2221/14379952/2/Honda-CR_V-2025.jpg'},{url:'https://imagescdn.d2cmedia.ca/cbd5201ae1ee16c8033781445457e0f1a3/2221/14379952/3/Honda-CR_V-2025.jpg'},{url:'https://imagescdn.d2cmedia.ca/cbd5201ae1ee16c8033781445457e0f1a3/2221/14379952/4/Honda-CR_V-2025.jpg'},{url:'https://imagescdn.d2cmedia.ca/cbd5201ae1ee16c8033781445457e0f1a3/2221/14379952/5/Honda-CR_V-2025.jpg'},{url:'https://imagescdn.d2cmedia.ca/cbd5201ae1ee16c8033781445457e0f1a3/2221/14379952/6/Honda-CR_V-2025.jpg'},{url:'https://imagescdn.d2cmedia.ca/cbd5201ae1ee16c8033781445457e0f1a3/2221/14379952/7/Honda-CR_V-2025.jpg'},{url:'https://imagescdn.d2cmedia.ca/cbd5201ae1ee16c8033781445457e0f1a3/2221/14379952/8/Honda-CR_V-2025.jpg'},{url:'https://imagescdn.d2cmedia.ca/cbd5201ae1ee16c8033781445457e0f1a3/2221/14379952/9/Honda-CR_V-2025.jpg'}]",41199,KM,https://www.number7honda.com/used/2025-Honda-CR_V-id14379952.html,2025 Honda CR-V Sport *EXTENDED FACTORY WARRANTY*NO REPORTED ACCIDENTS at Number 7 Honda,37995 CAD,CPO,Black,,2221,Number 7 Honda,+1-905-851-2258,"{addr1: '5555 Highway 7 W', city: 'Woodbridge', region: 'Ontario', postal_code: 'L4L 1T5', country: 'CA'}",43.7900000000,-79.5980000000,,,,,https://www.number7honda.com/privacy-policy.html,CPO,2221,In stock,,37995 CAD,Free,
2HKRS4H2XSH104693,2HKRS4H2XSH104693,U10125,Honda,CR-V,LX *EXTENDED FACTORY WARRANTY*ONE OWNER,2025,AUTOMATIC,SUV,GASOLINE,AWD,"2025 Honda CR-V LX *EXTENDED FACTORY WARRANTY*ONE OWNER, White exterior, All-wheel drive","[{url:'https://imagescdn.d2cmedia.ca/cb4ce3e5ceb7f218f4ebbe5a3f36daee8b/2221/14379954/1/Honda-CR_V-2025.jpg'},{url:'https://imagescdn.d2cmedia.ca/s84ce3e5ceb7f218f4ebbe5a3f36daee8b/2221/14379954/1/Honda-CR_V-2025.jpg'},{url:'https://imagescdn.d2cmedia.ca/cb4ce3e5ceb7f218f4ebbe5a3f36daee8b/2221/14379954/2/Honda-CR_V-2025.jpg'},{url:'https://imagescdn.d2cmedia.ca/cb4ce3e5ceb7f218f4ebbe5a3f36daee8b/2221/14379954/3/Honda-CR_V-2025.jpg'},{url:'https://imagescdn.d2cmedia.ca/cb4ce3e5ceb7f218f4ebbe5a3f36daee8b/2221/14379954/4/Honda-CR_V-2025.jpg'},{url:'https://imagescdn.d2cmedia.ca/cb4ce3e5ceb7f218f4ebbe5a3f36daee8b/2221/14379954/5/Honda-CR_V-2025.jpg'},{url:'https://imagescdn.d2cmedia.ca/cb4ce3e5ceb7f218f4ebbe5a3f36daee8b/2221/14379954/6/Honda-CR_V-2025.jpg'},{url:'https://imagescdn.d2cmedia.ca/cb4ce3e5ceb7f218f4ebbe5a3f36daee8b/2221/14379954/7/Honda-CR_V-2025.jpg'},{url:'https://imagescdn.d2cmedia.ca/cb4ce3e5ceb7f218f4ebbe5a3f36daee8b/2221/14379954/8/Honda-CR_V-2025.jpg'},{url:'https://imagescdn.d2cmedia.ca/cb4ce3e5ceb7f218f4ebbe5a3f36daee8b/2221/14379954/9/Honda-CR_V-2025.jpg'}]",35664,KM,https://www.number7honda.com/used/2025-Honda-CR_V-id14379954.html,2025 Honda CR-V LX *EXTENDED FACTORY WARRANTY*ONE OWNER at Number 7 Honda,34995 CAD,CPO,White,,2221,Number 7 Honda,+1-905-851-2258,"{addr1: '5555 Highway 7 W', city: 'Woodbridge', region: 'Ontario', postal_code: 'L4L 1T5', country: 'CA'}",43.7900000000,-79.5980000000,,,,,https://www.number7honda.com/privacy-policy.html,CPO,2221,In stock,,34995 CAD,Free,
3CZRZ2H53SM112150,3CZRZ2H53SM112150,U10126,Honda,HR-V,Sport *EXTENDED FACTORY WARRANTY*NO REPORTED ACCIDENTS*ONE OWNER,2025,AUTOMATIC,SUV,GASOLINE,AWD,"2025 Honda HR-V Sport *EXTENDED FACTORY WARRANTY*NO REPORTED ACCIDENTS*ONE OWNER, Silver exterior, All-wheel drive","[{url:'https://imagescdn.d2cmedia.ca/cbdffc7ae37013990b2455921947791d0e/2221/14379955/1/Honda-HR_V-2025.jpg'},{url:'https://imagescdn.d2cmedia.ca/s8dffc7ae37013990b2455921947791d0e/2221/14379955/1/Honda-HR_V-2025.jpg'},{url:'https://imagescdn.d2cmedia.ca/cbdffc7ae37013990b2455921947791d0e/2221/14379955/2/Honda-HR_V-2025.jpg'},{url:'https://imagescdn.d2cmedia.ca/cbdffc7ae37013990b2455921947791d0e/2221/14379955/3/Honda-HR_V-2025.jpg'},{url:'https://imagescdn.d2cmedia.ca/cbdffc7ae37013990b2455921947791d0e/2221/14379955/4/Honda-HR_V-2025.jpg'},{url:'https://imagescdn.d2cmedia.ca/cbdffc7ae37013990b2455921947791d0e/2221/14379955/5/Honda-HR_V-2025.jpg'},{url:'https://imagescdn.d2cmedia.ca/cbdffc7ae37013990b2455921947791d0e/2221/14379955/6/Honda-HR_V-2025.jpg'},{url:'https://imagescdn.d2cmedia.ca/cbdffc7ae37013990b2455921947791d0e/2221/14379955/7/Honda-HR_V-2025.jpg'},{url:'https://imagescdn.d2cmedia.ca/cbdffc7ae37013990b2455921947791d0e/2221/14379955/8/Honda-HR_V-2025.jpg'},{url:'https://imagescdn.d2cmedia.ca/cbdffc7ae37013990b2455921947791d0e/2221/14379955/9/Honda-HR_V-2025.jpg'}]",47084,KM,https://www.number7honda.com/used/2025-Honda-HR_V-id14379955.html,2025 Honda HR-V Sport *EXTENDED FACTORY WARRANTY*NO REPORTED ACCIDENTS*ONE OWNER at Number 7 Honda,33611 CAD,CPO,Silver,,2221,Number 7 Honda,+1-905-851-2258,"{addr1: '5555 Highway 7 W', city: 'Woodbridge', region: 'Ontario', postal_code: 'L4L 1T5', country: 'CA'}",43.7900000000,-79.5980000000,,,,,https://www.number7honda.com/privacy-policy.html,CPO,2221,In stock,,33611 CAD,Free,
2HGFE4F84SH015164,2HGFE4F84SH015164,U10127,Honda,Civic Hybrid,Sport *EXTENDED FACTORY WARRANTY*NO REPORTED ACCIDENTS*ONE OWNER,2025,AUTOMATIC,SEDAN,HYBRID,FWD,"2025 Honda Civic Hybrid Sport *EXTENDED FACTORY WARRANTY*NO REPORTED ACCIDENTS*ONE OWNER, Silver exterior, Front-wheel drive","[{url:'https://imagescdn.d2cmedia.ca/cbfcb81ca1b5686b9a614a8c1bb519f3ed/2221/14413987/1/Honda-Civic Sedan Hybrid-2025.jpg'},{url:'https://imagescdn.d2cmedia.ca/s8fcb81ca1b5686b9a614a8c1bb519f3ed/2221/14413987/1/Honda-Civic_Hybrid-2025.jpg'},{url:'https://imagescdn.d2cmedia.ca/cbfcb81ca1b5686b9a614a8c1bb519f3ed/2221/14413987/1/Honda-Civic_Hybrid-2025.jpg'},{url:'https://imagescdn.d2cmedia.ca/cbfcb81ca1b5686b9a614a8c1bb519f3ed/2221/14413987/2/Honda-Civic_Hybrid-2025.jpg'},{url:'https://imagescdn.d2cmedia.ca/cbfcb81ca1b5686b9a614a8c1bb519f3ed/2221/14413987/3/Honda-Civic_Hybrid-2025.jpg'},{url:'https://imagescdn.d2cmedia.ca/cbfcb81ca1b5686b9a614a8c1bb519f3ed/2221/14413987/4/Honda-Civic_Hybrid-2025.jpg'},{url:'https://imagescdn.d2cmedia.ca/cbfcb81ca1b5686b9a614a8c1bb519f3ed/2221/14413987/5/Honda-Civic_Hybrid-2025.jpg'},{url:'https://imagescdn.d2cmedia.ca/cbfcb81ca1b5686b9a614a8c1bb519f3ed/2221/14413987/6/Honda-Civic_Hybrid-2025.jpg'},{url:'https://imagescdn.d2cmedia.ca/cbfcb81ca1b5686b9a614a8c1bb519f3ed/2221/14413987/7/Honda-Civic_Hybrid-2025.jpg'},{url:'https://imagescdn.d2cmedia.ca/cbfcb81ca1b5686b9a614a8c1bb519f3ed/2221/14413987/8/Honda-Civic_Hybrid-2025.jpg'}]",45383,KM,https://www.number7honda.com/used/2025-Honda-Civic_Hybrid-id14413987.html,2025 Honda Civic Hybrid Sport *EXTENDED FACTORY WARRANTY*NO REPORTED ACCIDENTS*ONE OWNER at Number 7 Honda,33995 CAD,CPO,Silver,,2221,Number 7 Honda,+1-905-851-2258,"{addr1: '5555 Highway 7 W', city: 'Woodbridge', region: 'Ontario', postal_code: 'L4L 1T5', country: 'CA'}",43.7900000000,-79.5980000000,,,,,https://www.number7honda.com/privacy-policy.html,CPO,2221,In stock,,33995 CAD,Free,
1HGCY2F83SA800160,1HGCY2F83SA800160,261834A,Honda,Accord Hybrid,Touring *EXTENDED FACTORY WARRANTY*NO REPORTED ACCIDENTS*ONE OWNER,2025,AUTOMATIC,SEDAN,HYBRID,FWD,"2025 Honda Accord Hybrid Touring *EXTENDED FACTORY WARRANTY*NO REPORTED ACCIDENTS*ONE OWNER, Blue exterior, Front-wheel drive","[{url:'https://imagescdn.d2cmedia.ca/cb5249946672efee3f61098fc4d612ecf6/2221/14420113/1/Honda-Accord Hybrid-2025.jpg'},{url:'https://imagescdn.d2cmedia.ca/s85249946672efee3f61098fc4d612ecf6/2221/14420113/1/Honda-Accord_Hybrid-2025.jpg'},{url:'https://imagescdn.d2cmedia.ca/cb5249946672efee3f61098fc4d612ecf6/2221/14420113/1/Honda-Accord_Hybrid-2025.jpg'},{url:'https://imagescdn.d2cmedia.ca/cb5249946672efee3f61098fc4d612ecf6/2221/14420113/2/Honda-Accord_Hybrid-2025.jpg'},{url:'https://imagescdn.d2cmedia.ca/cb5249946672efee3f61098fc4d612ecf6/2221/14420113/3/Honda-Accord_Hybrid-2025.jpg'},{url:'https://imagescdn.d2cmedia.ca/cb5249946672efee3f61098fc4d612ecf6/2221/14420113/4/Honda-Accord_Hybrid-2025.jpg'},{url:'https://imagescdn.d2cmedia.ca/cb5249946672efee3f61098fc4d612ecf6/2221/14420113/5/Honda-Accord_Hybrid-2025.jpg'},{url:'https://imagescdn.d2cmedia.ca/cb5249946672efee3f61098fc4d612ecf6/2221/14420113/6/Honda-Accord_Hybrid-2025.jpg'},{url:'https://imagescdn.d2cmedia.ca/cb5249946672efee3f61098fc4d612ecf6/2221/14420113/7/Honda-Accord_Hybrid-2025.jpg'},{url:'https://imagescdn.d2cmedia.ca/cb5249946672efee3f61098fc4d612ecf6/2221/14420113/8/Honda-Accord_Hybrid-2025.jpg'}]",105596,KM,https://www.number7honda.com/used/2025-Honda-Accord_Hybrid-id14420113.html,2025 Honda Accord Hybrid Touring *EXTENDED FACTORY WARRANTY*NO REPORTED ACCIDENTS*ONE OWNER at Number 7 Honda,35995 CAD,CPO,Blue,,2221,Number 7 Honda,+1-905-851-2258,"{addr1: '5555 Highway 7 W', city: 'Woodbridge', region: 'Ontario', postal_code: 'L4L 1T5', country: 'CA'}",43.7900000000,-79.5980000000,,,,,https://www.number7honda.com/privacy-policy.html,CPO,2221,In stock,,35995 CAD,Free,
5FNRL6H78SB500432,5FNRL6H78SB500432,262064A,Honda,Odyssey,Sport-L *EXTENDED FACTORY WARRANTY*NO REPORTED ACCIDENTS*ONE OWNER,2025,AUTOMATIC,SUV,GASOLINE,FWD,"2025 Honda Odyssey Sport-L *EXTENDED FACTORY WARRANTY*NO REPORTED ACCIDENTS*ONE OWNER, White exterior, Front-wheel drive","[{url:'https://imagescdn.d2cmedia.ca/cbfc4aff751ee3d36bdb31dd767915bc50/2221/14420117/1/Honda-Odyssey-2025.jpg'},{url:'https://imagescdn.d2cmedia.ca/s8fc4aff751ee3d36bdb31dd767915bc50/2221/14420117/1/Honda-Odyssey-2025.jpg'},{url:'https://imagescdn.d2cmedia.ca/cbfc4aff751ee3d36bdb31dd767915bc50/2221/14420117/2/Honda-Odyssey-2025.jpg'},{url:'https://imagescdn.d2cmedia.ca/cbfc4aff751ee3d36bdb31dd767915bc50/2221/14420117/3/Honda-Odyssey-2025.jpg'},{url:'https://imagescdn.d2cmedia.ca/cbfc4aff751ee3d36bdb31dd767915bc50/2221/14420117/4/Honda-Odyssey-2025.jpg'},{url:'https://imagescdn.d2cmedia.ca/cbfc4aff751ee3d36bdb31dd767915bc50/2221/14420117/5/Honda-Odyssey-2025.jpg'},{url:'https://imagescdn.d2cmedia.ca/cbfc4aff751ee3d36bdb31dd767915bc50/2221/14420117/6/Honda-Odyssey-2025.jpg'},{url:'https://imagescdn.d2cmedia.ca/cbfc4aff751ee3d36bdb31dd767915bc50/2221/14420117/7/Honda-Odyssey-2025.jpg'},{url:'https://imagescdn.d2cmedia.ca/cbfc4aff751ee3d36bdb31dd767915bc50/2221/14420117/8/Honda-Odyssey-2025.jpg'},{url:'https://imagescdn.d2cmedia.ca/cbfc4aff751ee3d36bdb31dd767915bc50/2221/14420117/9/Honda-Odyssey-2025.jpg'}]",27579,KM,https://www.number7honda.com/used/2025-Honda-Odyssey-id14420117.html,2025 Honda Odyssey Sport-L *EXTENDED FACTORY WARRANTY*NO REPORTED ACCIDENTS*ONE OWNER at Number 7 Honda,46995 CAD,CPO,White,,2221,Number 7 Honda,+1-905-851-2258,"{addr1: '5555 Highway 7 W', city: 'Woodbridge', region: 'Ontario', postal_code: 'L4L 1T5', country: 'CA'}",43.7900000000,-79.5980000000,,,,,https://www.number7honda.com/privacy-policy.html,CPO,2221,In stock,,46995 CAD,Free,
3CZRZ2H56SM101031,3CZRZ2H56SM101031,U10129,Honda,HR-V,Sport *EXTENDED FACTORY WARRANTY*NO REPORTED ACCIDENTS,2025,AUTOMATIC,SUV,GASOLINE,AWD,"2025 Honda HR-V Sport *EXTENDED FACTORY WARRANTY*NO REPORTED ACCIDENTS, Black exterior, All-wheel drive","[{url:'https://imagescdn.d2cmedia.ca/cbcdda4eced26f63b8983ff04d43e3bb40/2221/14439682/1/Honda-HR_V-2025.jpg'},{url:'https://imagescdn.d2cmedia.ca/s8cdda4eced26f63b8983ff04d43e3bb40/2221/14439682/1/Honda-HR_V-2025.jpg'}]",31545,KM,https://www.number7honda.com/used/2025-Honda-HR_V-id14439682.html,2025 Honda HR-V Sport *EXTENDED FACTORY WARRANTY*NO REPORTED ACCIDENTS at Number 7 Honda,34995 CAD,CPO,Black,,2221,Number 7 Honda,+1-905-851-2258,"{addr1: '5555 Highway 7 W', city: 'Woodbridge', region: 'Ontario', postal_code: 'L4L 1T5', country: 'CA'}",43.7900000000,-79.5980000000,,,,,https://www.number7honda.com/privacy-policy.html,CPO,2221,In stock,,34995 CAD,Free,
2HKRS4H58SH110762,2HKRS4H58SH110762,261585A,Honda,CR-V,Sport *EXTENDED FACTORY WARRANTY*ONE OWNER,2025,AUTOMATIC,SUV,GASOLINE,AWD,"2025 Honda CR-V Sport *EXTENDED FACTORY WARRANTY*ONE OWNER, Grey exterior, All-wheel drive","[{url:'https://imagescdn.d2cmedia.ca/cbd52dc8583c5f51c9b099f19b00b1e780/2221/14448488/1/Honda-CR_V-2025.jpg'},{url:'https://imagescdn.d2cmedia.ca/s8d52dc8583c5f51c9b099f19b00b1e780/2221/14448488/1/Honda-CR_V-2025.jpg'}]",35072,KM,https://www.number7honda.com/used/2025-Honda-CR_V-id14448488.html,2025 Honda CR-V Sport *EXTENDED FACTORY WARRANTY*ONE OWNER at Number 7 Honda,37995 CAD,CPO,Grey,,2221,Number 7 Honda,+1-905-851-2258,"{addr1: '5555 Highway 7 W', city: 'Woodbridge', region: 'Ontario', postal_code: 'L4L 1T5', country: 'CA'}",43.7900000000,-79.5980000000,,,,,https://www.number7honda.com/privacy-policy.html,CPO,2221,In stock,,37995 CAD,Free,
5FNYG1H65SB513018,5FNYG1H65SB513018,261901A,Honda,Pilot,TrailSport AWD,2025,AUTOMATIC,SUV,GASOLINE,AWD,"2025 Honda Pilot TrailSport AWD, Black exterior, All-wheel drive","[{url:'https://imagescdn.d2cmedia.ca/cb981275f3890d78b12bf23822b05bf127/2221/14448492/1/Honda-Pilot-2025.jpg'},{url:'https://imagescdn.d2cmedia.ca/s8981275f3890d78b12bf23822b05bf127/2221/14448492/1/Honda-Pilot-2025.jpg'},{url:'https://imagescdn.d2cmedia.ca/cb981275f3890d78b12bf23822b05bf127/2221/14448492/2/Honda-Pilot-2025.jpg'},{url:'https://imagescdn.d2cmedia.ca/cb981275f3890d78b12bf23822b05bf127/2221/14448492/3/Honda-Pilot-2025.jpg'},{url:'https://imagescdn.d2cmedia.ca/cb981275f3890d78b12bf23822b05bf127/2221/14448492/4/Honda-Pilot-2025.jpg'},{url:'https://imagescdn.d2cmedia.ca/cb981275f3890d78b12bf23822b05bf127/2221/14448492/5/Honda-Pilot-2025.jpg'},{url:'https://imagescdn.d2cmedia.ca/cb981275f3890d78b12bf23822b05bf127/2221/14448492/6/Honda-Pilot-2025.jpg'},{url:'https://imagescdn.d2cmedia.ca/cb981275f3890d78b12bf23822b05bf127/2221/14448492/7/Honda-Pilot-2025.jpg'},{url:'https://imagescdn.d2cmedia.ca/cb981275f3890d78b12bf23822b05bf127/2221/14448492/8/Honda-Pilot-2025.jpg'},{url:'https://imagescdn.d2cmedia.ca/cb981275f3890d78b12bf23822b05bf127/2221/14448492/9/Honda-Pilot-2025.jpg'}]",17600,KM,https://www.number7honda.com/used/2025-Honda-Pilot-id14448492.html,2025 Honda Pilot TrailSport AWD at Number 7 Honda,54995 CAD,Used,Black,,2221,Number 7 Honda,+1-905-851-2258,"{addr1: '5555 Highway 7 W', city: 'Woodbridge', region: 'Ontario', postal_code: 'L4L 1T5', country: 'CA'}",43.7900000000,-79.5980000000,,,,,https://www.number7honda.com/privacy-policy.html,Used,2221,In stock,,54995 CAD,Free,
1HGCY1F47SA801139,1HGCY1F47SA801139,27111A,Honda,Accord Sedan,SE *EXTENDED FACTORY WARRANTY*ONE OWNER,2025,AUTOMATIC,SEDAN,GASOLINE,FWD,"2025 Honda Accord Sedan SE *EXTENDED FACTORY WARRANTY*ONE OWNER, Black exterior, Front-wheel drive","[{url:'https://imagescdn.d2cmedia.ca/cb6f795ae5bea7f6385e96a400507ea625/2221/14448495/1/Honda-Accord Sedan-2025.jpg'},{url:'https://imagescdn.d2cmedia.ca/s86f795ae5bea7f6385e96a400507ea625/2221/14448495/1/Honda-Accord_Sedan-2025.jpg'},{url:'https://imagescdn.d2cmedia.ca/cb6f795ae5bea7f6385e96a400507ea625/2221/14448495/1/Honda-Accord_Sedan-2025.jpg'}]",15683,KM,https://www.number7honda.com/used/2025-Honda-Accord_Sedan-id14448495.html,2025 Honda Accord Sedan SE *EXTENDED FACTORY WARRANTY*ONE OWNER at Number 7 Honda,34995 CAD,CPO,Black,,2221,Number 7 Honda,+1-905-851-2258,"{addr1: '5555 Highway 7 W', city: 'Woodbridge', region: 'Ontario', postal_code: 'L4L 1T5', country: 'CA'}",43.7900000000,-79.5980000000,,,,,https://www.number7honda.com/privacy-policy.html,CPO,2221,In stock,,34995 CAD,Free,
5FPYK3F68SB503958,5FPYK3F68SB503958,U10132,Honda,Ridgeline,TrailSport *EXTENDED FACTORY WARRANTY*NO REPORTED ACCIDENTS*ONE OWNER,2025,AUTOMATIC,TRUCK,GASOLINE,AWD,"2025 Honda Ridgeline TrailSport *EXTENDED FACTORY WARRANTY*NO REPORTED ACCIDENTS*ONE OWNER, White exterior, All-wheel drive","[{url:'https://imagescdn.d2cmedia.ca/cb7556c189b8d47eadf328593a134f9cea/2221/14448498/1/Honda-Ridgeline-2025.jpg'},{url:'https://imagescdn.d2cmedia.ca/s87556c189b8d47eadf328593a134f9cea/2221/14448498/1/Honda-Ridgeline-2025.jpg'}]",22266,KM,https://www.number7honda.com/used/2025-Honda-Ridgeline-id14448498.html,2025 Honda Ridgeline TrailSport *EXTENDED FACTORY WARRANTY*NO REPORTED ACCIDENTS*ONE OWNER at Number 7 Honda,54995 CAD,CPO,White,,2221,Number 7 Honda,+1-905-851-2258,"{addr1: '5555 Highway 7 W', city: 'Woodbridge', region: 'Ontario', postal_code: 'L4L 1T5', country: 'CA'}",43.7900000000,-79.5980000000,,,,,https://www.number7honda.com/privacy-policy.html,CPO,2221,In stock,,54995 CAD,Free,
2HGFE4F83SH012840,2HGFE4F83SH012840,262073A,Honda,Civic Hybrid,Sport *EXTENDED FACTORY WARRANTY*NO REPORTED ACCIDENTS*ONE OWNER,2025,AUTOMATIC,SEDAN,HYBRID,FWD,"2025 Honda Civic Hybrid Sport *EXTENDED FACTORY WARRANTY*NO REPORTED ACCIDENTS*ONE OWNER, Black exterior, Front-wheel drive","[{url:'https://imagescdn.d2cmedia.ca/cb47df095b815b81178cc76070e97b6d62/2221/14454869/1/Honda-Civic Sedan Hybrid-2025.jpg'},{url:'https://imagescdn.d2cmedia.ca/s847df095b815b81178cc76070e97b6d62/2221/14454869/1/Honda-Civic_Hybrid-2025.jpg'},{url:'https://imagescdn.d2cmedia.ca/cb47df095b815b81178cc76070e97b6d62/2221/14454869/1/Honda-Civic_Hybrid-2025.jpg'}]",63086,KM,https://www.number7honda.com/used/2025-Honda-Civic_Hybrid-id14454869.html,2025 Honda Civic Hybrid Sport *EXTENDED FACTORY WARRANTY*NO REPORTED ACCIDENTS*ONE OWNER at Number 7 Honda,30995 CAD,CPO,Black,,2221,Number 7 Honda,+1-905-851-2258,"{addr1: '5555 Highway 7 W', city: 'Woodbridge', region: 'Ontario', postal_code: 'L4L 1T5', country: 'CA'}",43.7900000000,-79.5980000000,,,,,https://www.number7honda.com/privacy-policy.html,CPO,2221,In stock,,30995 CAD,Free,
3CZRZ2H53PM110311,3CZRZ2H53PM110311,261959A,Honda,HR-V,Sport *EXTENDED FACTORY WARRANTY*NO REPORTED ACCIDENTS*ONE OWNER,2023,AUTOMATIC,SUV,GASOLINE,AWD,"2023 Honda HR-V Sport *EXTENDED FACTORY WARRANTY*NO REPORTED ACCIDENTS*ONE OWNER, Black exterior, All-wheel drive","[{url:'https://imagescdn.d2cmedia.ca/cbbab5f8ea0feae81ebab645f964e33bd1/2221/14292854/1/Honda-HR_V-2023.jpg'},{url:'https://imagescdn.d2cmedia.ca/s8bab5f8ea0feae81ebab645f964e33bd1/2221/14292854/1/Honda-HR_V-2023.jpg'},{url:'https://imagescdn.d2cmedia.ca/cbbab5f8ea0feae81ebab645f964e33bd1/2221/14292854/2/Honda-HR_V-2023.jpg'},{url:'https://imagescdn.d2cmedia.ca/cbbab5f8ea0feae81ebab645f964e33bd1/2221/14292854/3/Honda-HR_V-2023.jpg'},{url:'https://imagescdn.d2cmedia.ca/cbbab5f8ea0feae81ebab645f964e33bd1/2221/14292854/4/Honda-HR_V-2023.jpg'},{url:'https://imagescdn.d2cmedia.ca/cbbab5f8ea0feae81ebab645f964e33bd1/2221/14292854/5/Honda-HR_V-2023.jpg'},{url:'https://imagescdn.d2cmedia.ca/cbbab5f8ea0feae81ebab645f964e33bd1/2221/14292854/6/Honda-HR_V-2023.jpg'},{url:'https://imagescdn.d2cmedia.ca/cbbab5f8ea0feae81ebab645f964e33bd1/2221/14292854/7/Honda-HR_V-2023.jpg'},{url:'https://imagescdn.d2cmedia.ca/cbbab5f8ea0feae81ebab645f964e33bd1/2221/14292854/8/Honda-HR_V-2023.jpg'},{url:'https://imagescdn.d2cmedia.ca/cbbab5f8ea0feae81ebab645f964e33bd1/2221/14292854/9/Honda-HR_V-2023.jpg'}]",55941,KM,https://www.number7honda.com/used/2023-Honda-HR_V-id14292854.html,2023 Honda HR-V Sport *EXTENDED FACTORY WARRANTY*NO REPORTED ACCIDENTS*ONE OWNER at Number 7 Honda,29995 CAD,Used,Black,,2221,Number 7 Honda,+1-905-851-2258,"{addr1: '5555 Highway 7 W', city: 'Woodbridge', region: 'Ontario', postal_code: 'L4L 1T5', country: 'CA'}",43.7900000000,-79.5980000000,,,,,https://www.number7honda.com/privacy-policy.html,Used,2221,In stock,,29995 CAD,Free,
3CZRZ1H35PM100095,3CZRZ1H35PM100095,U10124,Honda,HR-V,LX *EXTENDED FACTORY WARRANTY*NO REPORTED ACCIDENTS*ONE OWNER,2023,AUTOMATIC,SUV,GASOLINE,FWD,"2023 Honda HR-V LX *EXTENDED FACTORY WARRANTY*NO REPORTED ACCIDENTS*ONE OWNER, White exterior, Front-wheel drive","[{url:'https://imagescdn.d2cmedia.ca/cbda013aa108fc926865affa2ccb466d97/2221/14379953/1/Honda-HR_V-2023.jpg'},{url:'https://imagescdn.d2cmedia.ca/s8da013aa108fc926865affa2ccb466d97/2221/14379953/1/Honda-HR_V-2023.jpg'},{url:'https://imagescdn.d2cmedia.ca/cbda013aa108fc926865affa2ccb466d97/2221/14379953/2/Honda-HR_V-2023.jpg'},{url:'https://imagescdn.d2cmedia.ca/cbda013aa108fc926865affa2ccb466d97/2221/14379953/3/Honda-HR_V-2023.jpg'},{url:'https://imagescdn.d2cmedia.ca/cbda013aa108fc926865affa2ccb466d97/2221/14379953/4/Honda-HR_V-2023.jpg'},{url:'https://imagescdn.d2cmedia.ca/cbda013aa108fc926865affa2ccb466d97/2221/14379953/5/Honda-HR_V-2023.jpg'},{url:'https://imagescdn.d2cmedia.ca/cbda013aa108fc926865affa2ccb466d97/2221/14379953/6/Honda-HR_V-2023.jpg'},{url:'https://imagescdn.d2cmedia.ca/cbda013aa108fc926865affa2ccb466d97/2221/14379953/7/Honda-HR_V-2023.jpg'},{url:'https://imagescdn.d2cmedia.ca/cbda013aa108fc926865affa2ccb466d97/2221/14379953/8/Honda-HR_V-2023.jpg'},{url:'https://imagescdn.d2cmedia.ca/cbda013aa108fc926865affa2ccb466d97/2221/14379953/9/Honda-HR_V-2023.jpg'}]",102401,KM,https://www.number7honda.com/used/2023-Honda-HR_V-id14379953.html,2023 Honda HR-V LX *EXTENDED FACTORY WARRANTY*NO REPORTED ACCIDENTS*ONE OWNER at Number 7 Honda,24995 CAD,Used,White,,2221,Number 7 Honda,+1-905-851-2258,"{addr1: '5555 Highway 7 W', city: 'Woodbridge', region: 'Ontario', postal_code: 'L4L 1T5', country: 'CA'}",43.7900000000,-79.5980000000,,,,,https://www.number7honda.com/privacy-policy.html,Used,2221,In stock,,24995 CAD,Free,
3CZRZ2H37PM109953,3CZRZ2H37PM109953,261842A,Honda,HR-V,LX *EXTENDED FACTORY WARRANTY*NO REPORTED ACCIDENTS*ONE OWNER,2023,AUTOMATIC,SUV,GASOLINE,AWD,"2023 Honda HR-V LX *EXTENDED FACTORY WARRANTY*NO REPORTED ACCIDENTS*ONE OWNER, Black exterior, All-wheel drive","[{url:'https://imagescdn.d2cmedia.ca/cbbcf0854916e460f1491133a136a8dc16/2221/14405039/1/Honda-HR_V-2023.jpg'},{url:'https://imagescdn.d2cmedia.ca/s8bcf0854916e460f1491133a136a8dc16/2221/14405039/1/Honda-HR_V-2023.jpg'},{url:'https://imagescdn.d2cmedia.ca/cbbcf0854916e460f1491133a136a8dc16/2221/14405039/2/Honda-HR_V-2023.jpg'},{url:'https://imagescdn.d2cmedia.ca/cbbcf0854916e460f1491133a136a8dc16/2221/14405039/3/Honda-HR_V-2023.jpg'},{url:'https://imagescdn.d2cmedia.ca/cbbcf0854916e460f1491133a136a8dc16/2221/14405039/4/Honda-HR_V-2023.jpg'},{url:'https://imagescdn.d2cmedia.ca/cbbcf0854916e460f1491133a136a8dc16/2221/14405039/5/Honda-HR_V-2023.jpg'},{url:'https://imagescdn.d2cmedia.ca/cbbcf0854916e460f1491133a136a8dc16/2221/14405039/6/Honda-HR_V-2023.jpg'},{url:'https://imagescdn.d2cmedia.ca/cbbcf0854916e460f1491133a136a8dc16/2221/14405039/7/Honda-HR_V-2023.jpg'},{url:'https://imagescdn.d2cmedia.ca/cbbcf0854916e460f1491133a136a8dc16/2221/14405039/8/Honda-HR_V-2023.jpg'},{url:'https://imagescdn.d2cmedia.ca/cbbcf0854916e460f1491133a136a8dc16/2221/14405039/9/Honda-HR_V-2023.jpg'}]",51000,KM,https://www.number7honda.com/used/2023-Honda-HR_V-id14405039.html,2023 Honda HR-V LX *EXTENDED FACTORY WARRANTY*NO REPORTED ACCIDENTS*ONE OWNER at Number 7 Honda,28995 CAD,Used,Black,,2221,Number 7 Honda,+1-905-851-2258,"{addr1: '5555 Highway 7 W', city: 'Woodbridge', region: 'Ontario', postal_code: 'L4L 1T5', country: 'CA'}",43.7900000000,-79.5980000000,,,,,https://www.number7honda.com/privacy-policy.html,Used,2221,In stock,,28995 CAD,Free,
2HKRS6H95SH213149,2HKRS6H95SH213149,U10133,Honda,CR-V Hybrid,Touring *ETENDED FACTORY WARRANTY*NO REPORTED ACCIDENTS*ONE OWNER,2025,AUTOMATIC,SUV,HYBRID,AWD,"2025 Honda CR-V Hybrid Touring *ETENDED FACTORY WARRANTY*NO REPORTED ACCIDENTS*ONE OWNER, Black exterior, All-wheel drive","[{url:'https://imagescdn.d2cmedia.ca/cbe19b35e7998a7f02bcb088bffaa6751a/2221/14454871/1/Honda-CR_V Hybrid-2025.jpg'},{url:'https://imagescdn.d2cmedia.ca/s8e19b35e7998a7f02bcb088bffaa6751a/2221/14454871/1/Honda-CR_V_Hybrid-2025.jpg'},{url:'https://imagescdn.d2cmedia.ca/cbe19b35e7998a7f02bcb088bffaa6751a/2221/14454871/1/Honda-CR_V_Hybrid-2025.jpg'}]",39531,KM,https://www.number7honda.com/used/2025-Honda-CR_V_Hybrid-id14454871.html,2025 Honda CR-V Hybrid Touring *ETENDED FACTORY WARRANTY*NO REPORTED ACCIDENTS*ONE OWNER at Number 7 Honda,44995 CAD,CPO,Black,,2221,Number 7 Honda,+1-905-851-2258,"{addr1: '5555 Highway 7 W', city: 'Woodbridge', region: 'Ontario', postal_code: 'L4L 1T5', country: 'CA'}",43.7900000000,-79.5980000000,,,,,https://www.number7honda.com/privacy-policy.html,CPO,2221,In stock,,44995 CAD,Free,
2HKRS4H53RH116172,2HKRS4H53RH116172,261895A,Honda,CR-V,Sport *NO REPORTED ACCIDENTS*ONE OWNER,2024,AUTOMATIC,SUV,GASOLINE,AWD,"2024 Honda CR-V Sport *NO REPORTED ACCIDENTS*ONE OWNER, Grey exterior, All-wheel drive","[{url:'https://imagescdn.d2cmedia.ca/cbe6f0a9a59e44dff4a6151d352eff5498/2221/14433029/1/Honda-CR_V-2024.jpg'},{url:'https://imagescdn.d2cmedia.ca/s8e6f0a9a59e44dff4a6151d352eff5498/2221/14433029/1/Honda-CR_V-2024.jpg'}]",23368,KM,https://www.number7honda.com/used/2024-Honda-CR_V-id14433029.html,2024 Honda CR-V Sport *NO REPORTED ACCIDENTS*ONE OWNER at Number 7 Honda,36995 CAD,Used,Grey,,2221,Number 7 Honda,+1-905-851-2258,"{addr1: '5555 Highway 7 W', city: 'Woodbridge', region: 'Ontario', postal_code: 'L4L 1T5', country: 'CA'}",43.7900000000,-79.5980000000,,,,,https://www.number7honda.com/privacy-policy.html,Used,2221,In stock,,36995 CAD,Free,
2HKRS4H59PH105870,2HKRS4H59PH105870,U10101,Honda,CR-V,Sport *NO REPORTED ACCIDENTS*ONE OWNER,2023,AUTOMATIC,SUV,GASOLINE,AWD,"2023 Honda CR-V Sport *NO REPORTED ACCIDENTS*ONE OWNER, Silver exterior, All-wheel drive","[{url:'https://imagescdn.d2cmedia.ca/cb2c84ce610b035d22e5027769d1468725/2221/14129491/1/Honda-CR_V-2023.jpg'},{url:'https://imagescdn.d2cmedia.ca/s82c84ce610b035d22e5027769d1468725/2221/14129491/1/Honda-CR_V-2023.jpg'},{url:'https://imagescdn.d2cmedia.ca/cb2c84ce610b035d22e5027769d1468725/2221/14129491/2/Honda-CR_V-2023.jpg'},{url:'https://imagescdn.d2cmedia.ca/cb2c84ce610b035d22e5027769d1468725/2221/14129491/3/Honda-CR_V-2023.jpg'},{url:'https://imagescdn.d2cmedia.ca/cb2c84ce610b035d22e5027769d1468725/2221/14129491/4/Honda-CR_V-2023.jpg'},{url:'https://imagescdn.d2cmedia.ca/cb2c84ce610b035d22e5027769d1468725/2221/14129491/5/Honda-CR_V-2023.jpg'},{url:'https://imagescdn.d2cmedia.ca/cb2c84ce610b035d22e5027769d1468725/2221/14129491/6/Honda-CR_V-2023.jpg'},{url:'https://imagescdn.d2cmedia.ca/cb2c84ce610b035d22e5027769d1468725/2221/14129491/7/Honda-CR_V-2023.jpg'},{url:'https://imagescdn.d2cmedia.ca/cb2c84ce610b035d22e5027769d1468725/2221/14129491/8/Honda-CR_V-2023.jpg'},{url:'https://imagescdn.d2cmedia.ca/cb2c84ce610b035d22e5027769d1468725/2221/14129491/9/Honda-CR_V-2023.jpg'}]",171109,KM,https://www.number7honda.com/used/2023-Honda-CR_V-id14129491.html,2023 Honda CR-V Sport *NO REPORTED ACCIDENTS*ONE OWNER at Number 7 Honda,26880 CAD,Used,Silver,,2221,Number 7 Honda,+1-905-851-2258,"{addr1: '5555 Highway 7 W', city: 'Woodbridge', region: 'Ontario', postal_code: 'L4L 1T5', country: 'CA'}",43.7900000000,-79.5980000000,,,,,https://www.number7honda.com/privacy-policy.html,Used,2221,In stock,,26880 CAD,Free,
2HKRS3H22PH001656,2HKRS3H22PH001656,27116A,Honda,CR-V,LX *EXTENDED FACTORY WARRANTY*NO REPORTED ACCIDENTS*ONE OWNER,2023,AUTOMATIC,SUV,GASOLINE,FWD,"2023 Honda CR-V LX *EXTENDED FACTORY WARRANTY*NO REPORTED ACCIDENTS*ONE OWNER, Black exterior, Front-wheel drive","[{url:'https://imagescdn.d2cmedia.ca/cb3bd93f5a4cf5c13b8935f0c759ab2b95/2221/14442030/1/Honda-CR_V-2023.jpg'},{url:'https://imagescdn.d2cmedia.ca/s83bd93f5a4cf5c13b8935f0c759ab2b95/2221/14442030/1/Honda-CR_V-2023.jpg'}]",54158,KM,https://www.number7honda.com/used/2023-Honda-CR_V-id14442030.html,2023 Honda CR-V LX *EXTENDED FACTORY WARRANTY*NO REPORTED ACCIDENTS*ONE OWNER at Number 7 Honda,28995 CAD,Used,Black,,2221,Number 7 Honda,+1-905-851-2258,"{addr1: '5555 Highway 7 W', city: 'Woodbridge', region: 'Ontario', postal_code: 'L4L 1T5', country: 'CA'}",43.7900000000,-79.5980000000,,,,,https://www.number7honda.com/privacy-policy.html,Used,2221,In stock,,28995 CAD,Free,
2HKRS4H52PH122722,2HKRS4H52PH122722,261896A,Honda,CR-V,Sport-B *EXTENDED FACTORY WARRANTY*NO REPORTED ACCIDENTS*ONE OWNER,2023,AUTOMATIC,SUV,GASOLINE,AWD,"2023 Honda CR-V Sport-B *EXTENDED FACTORY WARRANTY*NO REPORTED ACCIDENTS*ONE OWNER, Red exterior, All-wheel drive","[{url:'https://imagescdn.d2cmedia.ca/cb9fbaac13caffedab62f6cd4ce80d97e1/2221/14448491/1/Honda-CR_V-2023.jpg'},{url:'https://imagescdn.d2cmedia.ca/s89fbaac13caffedab62f6cd4ce80d97e1/2221/14448491/1/Honda-CR_V-2023.jpg'}]",26654,KM,https://www.number7honda.com/used/2023-Honda-CR_V-id14448491.html,2023 Honda CR-V Sport-B *EXTENDED FACTORY WARRANTY*NO REPORTED ACCIDENTS*ONE OWNER at Number 7 Honda,34995 CAD,Used,Red,,2221,Number 7 Honda,+1-905-851-2258,"{addr1: '5555 Highway 7 W', city: 'Woodbridge', region: 'Ontario', postal_code: 'L4L 1T5', country: 'CA'}",43.7900000000,-79.5980000000,,,,,https://www.number7honda.com/privacy-policy.html,Used,2221,In stock,,34995 CAD,Free,
2HKRS4H22PH119051,2HKRS4H22PH119051,261958A,Honda,CR-V,LX *EXTENDED FACTORY WARRANTY,2023,AUTOMATIC,SUV,GASOLINE,AWD,"2023 Honda CR-V LX *EXTENDED FACTORY WARRANTY, White exterior, All-wheel drive","[{url:'https://imagescdn.d2cmedia.ca/cbede72df5e247c0d80a28f5cf6236b69f/2221/14448494/1/Honda-CR_V-2023.jpg'},{url:'https://imagescdn.d2cmedia.ca/s8ede72df5e247c0d80a28f5cf6236b69f/2221/14448494/1/Honda-CR_V-2023.jpg'}]",55605,KM,https://www.number7honda.com/used/2023-Honda-CR_V-id14448494.html,2023 Honda CR-V LX *EXTENDED FACTORY WARRANTY at Number 7 Honda,29995 CAD,Used,White,,2221,Number 7 Honda,+1-905-851-2258,"{addr1: '5555 Highway 7 W', city: 'Woodbridge', region: 'Ontario', postal_code: 'L4L 1T5', country: 'CA'}",43.7900000000,-79.5980000000,,,,,https://www.number7honda.com/privacy-policy.html,Used,2221,In stock,,29995 CAD,Free,
2HKRW2H83NH225292,2HKRW2H83NH225292,261845A,Honda,CR-V,EX-L *EXTENDED FACTORY WARRANTY,2022,AUTOMATIC,SUV,GASOLINE,AWD,"2022 Honda CR-V EX-L *EXTENDED FACTORY WARRANTY, Silver exterior, All-wheel drive","[{url:'https://imagescdn.d2cmedia.ca/cb26589faa8b798d052e5f92da46105c26/2221/14348723/1/Honda-CR_V-2022.jpg'},{url:'https://imagescdn.d2cmedia.ca/s826589faa8b798d052e5f92da46105c26/2221/14348723/1/Honda-CR_V-2022.jpg'},{url:'https://imagescdn.d2cmedia.ca/cb26589faa8b798d052e5f92da46105c26/2221/14348723/2/Honda-CR_V-2022.jpg'},{url:'https://imagescdn.d2cmedia.ca/cb26589faa8b798d052e5f92da46105c26/2221/14348723/3/Honda-CR_V-2022.jpg'},{url:'https://imagescdn.d2cmedia.ca/cb26589faa8b798d052e5f92da46105c26/2221/14348723/4/Honda-CR_V-2022.jpg'},{url:'https://imagescdn.d2cmedia.ca/cb26589faa8b798d052e5f92da46105c26/2221/14348723/5/Honda-CR_V-2022.jpg'},{url:'https://imagescdn.d2cmedia.ca/cb26589faa8b798d052e5f92da46105c26/2221/14348723/6/Honda-CR_V-2022.jpg'},{url:'https://imagescdn.d2cmedia.ca/cb26589faa8b798d052e5f92da46105c26/2221/14348723/7/Honda-CR_V-2022.jpg'},{url:'https://imagescdn.d2cmedia.ca/cb26589faa8b798d052e5f92da46105c26/2221/14348723/8/Honda-CR_V-2022.jpg'},{url:'https://imagescdn.d2cmedia.ca/cb26589faa8b798d052e5f92da46105c26/2221/14348723/9/Honda-CR_V-2022.jpg'}]",68243,KM,https://www.number7honda.com/used/2022-Honda-CR_V-id14348723.html,2022 Honda CR-V EX-L *EXTENDED FACTORY WARRANTY at Number 7 Honda,30995 CAD,Used,Silver,,2221,Number 7 Honda,+1-905-851-2258,"{addr1: '5555 Highway 7 W', city: 'Woodbridge', region: 'Ontario', postal_code: 'L4L 1T5', country: 'CA'}",43.7900000000,-79.5980000000,,,,,https://www.number7honda.com/privacy-policy.html,Used,2221,In stock,,30995 CAD,Free,
2HKRW2H98LH214343,2HKRW2H98LH214343,27067A,Honda,CR-V,Touring *NO REPORTED ACCIDENTS,2020,AUTOMATIC,SUV,GASOLINE,AWD,"2020 Honda CR-V Touring *NO REPORTED ACCIDENTS, White exterior, All-wheel drive","[{url:'https://imagescdn.d2cmedia.ca/cb4584e219d33fe8fdd85f4f0370a51333/2221/14405041/1/Honda-CR_V-2020.jpg'},{url:'https://imagescdn.d2cmedia.ca/s84584e219d33fe8fdd85f4f0370a51333/2221/14405041/1/Honda-CR_V-2020.jpg'},{url:'https://imagescdn.d2cmedia.ca/cb4584e219d33fe8fdd85f4f0370a51333/2221/14405041/2/Honda-CR_V-2020.jpg'},{url:'https://imagescdn.d2cmedia.ca/cb4584e219d33fe8fdd85f4f0370a51333/2221/14405041/3/Honda-CR_V-2020.jpg'},{url:'https://imagescdn.d2cmedia.ca/cb4584e219d33fe8fdd85f4f0370a51333/2221/14405041/4/Honda-CR_V-2020.jpg'},{url:'https://imagescdn.d2cmedia.ca/cb4584e219d33fe8fdd85f4f0370a51333/2221/14405041/5/Honda-CR_V-2020.jpg'},{url:'https://imagescdn.d2cmedia.ca/cb4584e219d33fe8fdd85f4f0370a51333/2221/14405041/6/Honda-CR_V-2020.jpg'},{url:'https://imagescdn.d2cmedia.ca/cb4584e219d33fe8fdd85f4f0370a51333/2221/14405041/7/Honda-CR_V-2020.jpg'},{url:'https://imagescdn.d2cmedia.ca/cb4584e219d33fe8fdd85f4f0370a51333/2221/14405041/8/Honda-CR_V-2020.jpg'},{url:'https://imagescdn.d2cmedia.ca/cb4584e219d33fe8fdd85f4f0370a51333/2221/14405041/9/Honda-CR_V-2020.jpg'}]",132826,KM,https://www.number7honda.com/used/2020-Honda-CR_V-id14405041.html,2020 Honda CR-V Touring *NO REPORTED ACCIDENTS at Number 7 Honda,25995 CAD,Used,White,,2221,Number 7 Honda,+1-905-851-2258,"{addr1: '5555 Highway 7 W', city: 'Woodbridge', region: 'Ontario', postal_code: 'L4L 1T5', country: 'CA'}",43.7900000000,-79.5980000000,,,,,https://www.number7honda.com/privacy-policy.html,Used,2221,In stock,,25995 CAD,Free,
2HKRW2H85JH112423,2HKRW2H85JH112423,261708A,Honda,CR-V,EX-L AWD,2018,AUTOMATIC,SUV,GASOLINE,AWD,"2018 Honda CR-V EX-L AWD, Red exterior, All-wheel drive","[{url:'https://imagescdn.d2cmedia.ca/cba144d0c6f9d915a6494b1f88808a96c8/2221/14346627/1/Honda-CR_V-2018.jpg'},{url:'https://imagescdn.d2cmedia.ca/s8a144d0c6f9d915a6494b1f88808a96c8/2221/14346627/1/Honda-CR_V-2018.jpg'},{url:'https://imagescdn.d2cmedia.ca/cba144d0c6f9d915a6494b1f88808a96c8/2221/14346627/2/Honda-CR_V-2018.jpg'},{url:'https://imagescdn.d2cmedia.ca/cba144d0c6f9d915a6494b1f88808a96c8/2221/14346627/3/Honda-CR_V-2018.jpg'},{url:'https://imagescdn.d2cmedia.ca/cba144d0c6f9d915a6494b1f88808a96c8/2221/14346627/4/Honda-CR_V-2018.jpg'},{url:'https://imagescdn.d2cmedia.ca/cba144d0c6f9d915a6494b1f88808a96c8/2221/14346627/5/Honda-CR_V-2018.jpg'},{url:'https://imagescdn.d2cmedia.ca/cba144d0c6f9d915a6494b1f88808a96c8/2221/14346627/6/Honda-CR_V-2018.jpg'},{url:'https://imagescdn.d2cmedia.ca/cba144d0c6f9d915a6494b1f88808a96c8/2221/14346627/7/Honda-CR_V-2018.jpg'},{url:'https://imagescdn.d2cmedia.ca/cba144d0c6f9d915a6494b1f88808a96c8/2221/14346627/8/Honda-CR_V-2018.jpg'},{url:'https://imagescdn.d2cmedia.ca/cba144d0c6f9d915a6494b1f88808a96c8/2221/14346627/9/Honda-CR_V-2018.jpg'}]",169591,KM,https://www.number7honda.com/used/2018-Honda-CR_V-id14346627.html,2018 Honda CR-V EX-L AWD at Number 7 Honda,17995 CAD,Used,Red,,2221,Number 7 Honda,+1-905-851-2258,"{addr1: '5555 Highway 7 W', city: 'Woodbridge', region: 'Ontario', postal_code: 'L4L 1T5', country: 'CA'}",43.7900000000,-79.5980000000,,,,,https://www.number7honda.com/privacy-policy.html,Used,2221,In stock,,17995 CAD,Free,
2HKRW2H57HH112133,2HKRW2H57HH112133,U10121,Honda,CR-V,,2017,AUTOMATIC,SUV,GASOLINE,AWD,"2017 Honda CR-V, White exterior, All-wheel drive","[{url:'https://imagescdn.d2cmedia.ca/cb3994333356c98849f0ce83cf1f1e4094/2221/14346629/1/Honda-CR_V-2017.jpg'},{url:'https://imagescdn.d2cmedia.ca/s83994333356c98849f0ce83cf1f1e4094/2221/14346629/1/Honda-CR_V-2017.jpg'},{url:'https://imagescdn.d2cmedia.ca/cb3994333356c98849f0ce83cf1f1e4094/2221/14346629/2/Honda-CR_V-2017.jpg'},{url:'https://imagescdn.d2cmedia.ca/cb3994333356c98849f0ce83cf1f1e4094/2221/14346629/3/Honda-CR_V-2017.jpg'},{url:'https://imagescdn.d2cmedia.ca/cb3994333356c98849f0ce83cf1f1e4094/2221/14346629/4/Honda-CR_V-2017.jpg'},{url:'https://imagescdn.d2cmedia.ca/cb3994333356c98849f0ce83cf1f1e4094/2221/14346629/5/Honda-CR_V-2017.jpg'},{url:'https://imagescdn.d2cmedia.ca/cb3994333356c98849f0ce83cf1f1e4094/2221/14346629/6/Honda-CR_V-2017.jpg'},{url:'https://imagescdn.d2cmedia.ca/cb3994333356c98849f0ce83cf1f1e4094/2221/14346629/7/Honda-CR_V-2017.jpg'},{url:'https://imagescdn.d2cmedia.ca/cb3994333356c98849f0ce83cf1f1e4094/2221/14346629/8/Honda-CR_V-2017.jpg'},{url:'https://imagescdn.d2cmedia.ca/cb3994333356c98849f0ce83cf1f1e4094/2221/14346629/9/Honda-CR_V-2017.jpg'}]",236116,KM,https://www.number7honda.com/used/2017-Honda-CR_V-id14346629.html,2017 Honda CR-V at Number 7 Honda,12888 CAD,Used,White,,2221,Number 7 Honda,+1-905-851-2258,"{addr1: '5555 Highway 7 W', city: 'Woodbridge', region: 'Ontario', postal_code: 'L4L 1T5', country: 'CA'}",43.7900000000,-79.5980000000,,,,,https://www.number7honda.com/privacy-policy.html,Used,2221,In stock,,12888 CAD,Free,
2HGFE1F98RH003455,2HGFE1F98RH003455,U10109,Honda,Civic,Touring *EXTENDED FACTORY WARRANTY,2024,AUTOMATIC,SEDAN,GASOLINE,FWD,"2024 Honda Civic Touring *EXTENDED FACTORY WARRANTY, Black exterior, Front-wheel drive","[{url:'https://imagescdn.d2cmedia.ca/cb3a3775dd83ad0944cdf390eefee3950a/2221/14189733/1/Honda-Civic Sedan-2024.jpg'},{url:'https://imagescdn.d2cmedia.ca/s83a3775dd83ad0944cdf390eefee3950a/2221/14189733/1/Honda-Civic-2024.jpg'},{url:'https://imagescdn.d2cmedia.ca/cb3a3775dd83ad0944cdf390eefee3950a/2221/14189733/1/Honda-Civic-2024.jpg'},{url:'https://imagescdn.d2cmedia.ca/cb3a3775dd83ad0944cdf390eefee3950a/2221/14189733/2/Honda-Civic-2024.jpg'},{url:'https://imagescdn.d2cmedia.ca/cb3a3775dd83ad0944cdf390eefee3950a/2221/14189733/3/Honda-Civic-2024.jpg'},{url:'https://imagescdn.d2cmedia.ca/cb3a3775dd83ad0944cdf390eefee3950a/2221/14189733/4/Honda-Civic-2024.jpg'},{url:'https://imagescdn.d2cmedia.ca/cb3a3775dd83ad0944cdf390eefee3950a/2221/14189733/5/Honda-Civic-2024.jpg'},{url:'https://imagescdn.d2cmedia.ca/cb3a3775dd83ad0944cdf390eefee3950a/2221/14189733/6/Honda-Civic-2024.jpg'},{url:'https://imagescdn.d2cmedia.ca/cb3a3775dd83ad0944cdf390eefee3950a/2221/14189733/7/Honda-Civic-2024.jpg'},{url:'https://imagescdn.d2cmedia.ca/cb3a3775dd83ad0944cdf390eefee3950a/2221/14189733/8/Honda-Civic-2024.jpg'}]",26930,KM,https://www.number7honda.com/used/2024-Honda-Civic-id14189733.html,2024 Honda Civic Touring *EXTENDED FACTORY WARRANTY at Number 7 Honda,31932 CAD,CPO,Black,,2221,Number 7 Honda,+1-905-851-2258,"{addr1: '5555 Highway 7 W', city: 'Woodbridge', region: 'Ontario', postal_code: 'L4L 1T5', country: 'CA'}",43.7900000000,-79.5980000000,,,,,https://www.number7honda.com/privacy-policy.html,CPO,2221,In stock,,31932 CAD,Free,
2HGFE2F22RH111630,2HGFE2F22RH111630,261863B,Honda,Civic,LX-B *EXTENDED FACTORY WARRANTY*NO REPORTED ACCIDENTS,2024,AUTOMATIC,SEDAN,GASOLINE,FWD,"2024 Honda Civic LX-B *EXTENDED FACTORY WARRANTY*NO REPORTED ACCIDENTS, Grey exterior, Front-wheel drive","[{url:'https://imagescdn.d2cmedia.ca/cb0caca48e822540e9782de3f8a677697a/2221/14392691/1/Honda-Civic Sedan-2024.jpg'},{url:'https://imagescdn.d2cmedia.ca/s80caca48e822540e9782de3f8a677697a/2221/14392691/1/Honda-Civic-2024.jpg'},{url:'https://imagescdn.d2cmedia.ca/cb0caca48e822540e9782de3f8a677697a/2221/14392691/1/Honda-Civic-2024.jpg'},{url:'https://imagescdn.d2cmedia.ca/cb0caca48e822540e9782de3f8a677697a/2221/14392691/2/Honda-Civic-2024.jpg'},{url:'https://imagescdn.d2cmedia.ca/cb0caca48e822540e9782de3f8a677697a/2221/14392691/3/Honda-Civic-2024.jpg'},{url:'https://imagescdn.d2cmedia.ca/cb0caca48e822540e9782de3f8a677697a/2221/14392691/4/Honda-Civic-2024.jpg'},{url:'https://imagescdn.d2cmedia.ca/cb0caca48e822540e9782de3f8a677697a/2221/14392691/5/Honda-Civic-2024.jpg'},{url:'https://imagescdn.d2cmedia.ca/cb0caca48e822540e9782de3f8a677697a/2221/14392691/6/Honda-Civic-2024.jpg'},{url:'https://imagescdn.d2cmedia.ca/cb0caca48e822540e9782de3f8a677697a/2221/14392691/7/Honda-Civic-2024.jpg'},{url:'https://imagescdn.d2cmedia.ca/cb0caca48e822540e9782de3f8a677697a/2221/14392691/8/Honda-Civic-2024.jpg'}]",25213,KM,https://www.number7honda.com/used/2024-Honda-Civic-id14392691.html,2024 Honda Civic LX-B *EXTENDED FACTORY WARRANTY*NO REPORTED ACCIDENTS at Number 7 Honda,26995 CAD,Used,Grey,,2221,Number 7 Honda,+1-905-851-2258,"{addr1: '5555 Highway 7 W', city: 'Woodbridge', region: 'Ontario', postal_code: 'L4L 1T5', country: 'CA'}",43.7900000000,-79.5980000000,,,,,https://www.number7honda.com/privacy-policy.html,Used,2221,In stock,,26995 CAD,Free,
2HGFE2F29RH118090,2HGFE2F29RH118090,261305A,Honda,Civic,LX-B *EXTENDED FACTORY WARRANTY*NO REPORTED ACCIDENTS*ONE OWNER,2024,AUTOMATIC,SEDAN,GASOLINE,FWD,"2024 Honda Civic LX-B *EXTENDED FACTORY WARRANTY*NO REPORTED ACCIDENTS*ONE OWNER, Black exterior, Front-wheel drive","[{url:'https://imagescdn.d2cmedia.ca/cb5bd97fcdb300cc90c3dcbd895fd88fc7/2221/14405036/1/Honda-Civic Sedan-2024.jpg'},{url:'https://imagescdn.d2cmedia.ca/s85bd97fcdb300cc90c3dcbd895fd88fc7/2221/14405036/1/Honda-Civic-2024.jpg'},{url:'https://imagescdn.d2cmedia.ca/cb5bd97fcdb300cc90c3dcbd895fd88fc7/2221/14405036/1/Honda-Civic-2024.jpg'},{url:'https://imagescdn.d2cmedia.ca/cb5bd97fcdb300cc90c3dcbd895fd88fc7/2221/14405036/2/Honda-Civic-2024.jpg'},{url:'https://imagescdn.d2cmedia.ca/cb5bd97fcdb300cc90c3dcbd895fd88fc7/2221/14405036/3/Honda-Civic-2024.jpg'},{url:'https://imagescdn.d2cmedia.ca/cb5bd97fcdb300cc90c3dcbd895fd88fc7/2221/14405036/4/Honda-Civic-2024.jpg'},{url:'https://imagescdn.d2cmedia.ca/cb5bd97fcdb300cc90c3dcbd895fd88fc7/2221/14405036/5/Honda-Civic-2024.jpg'},{url:'https://imagescdn.d2cmedia.ca/cb5bd97fcdb300cc90c3dcbd895fd88fc7/2221/14405036/6/Honda-Civic-2024.jpg'},{url:'https://imagescdn.d2cmedia.ca/cb5bd97fcdb300cc90c3dcbd895fd88fc7/2221/14405036/7/Honda-Civic-2024.jpg'},{url:'https://imagescdn.d2cmedia.ca/cb5bd97fcdb300cc90c3dcbd895fd88fc7/2221/14405036/8/Honda-Civic-2024.jpg'}]",41649,KM,https://www.number7honda.com/used/2024-Honda-Civic-id14405036.html,2024 Honda Civic LX-B *EXTENDED FACTORY WARRANTY*NO REPORTED ACCIDENTS*ONE OWNER at Number 7 Honda,25995 CAD,Used,Black,,2221,Number 7 Honda,+1-905-851-2258,"{addr1: '5555 Highway 7 W', city: 'Woodbridge', region: 'Ontario', postal_code: 'L4L 1T5', country: 'CA'}",43.7900000000,-79.5980000000,,,,,https://www.number7honda.com/privacy-policy.html,Used,2221,In stock,,25995 CAD,Free,
2HGFE2F54RH106357,2HGFE2F54RH106357,261429B,Honda,Civic,Sport *EXTENDED FACTORY WARRANTY*NO REPORTED ACCIDENTS,2024,AUTOMATIC,SEDAN,GASOLINE,FWD,"2024 Honda Civic Sport *EXTENDED FACTORY WARRANTY*NO REPORTED ACCIDENTS, Blue exterior, Front-wheel drive","[{url:'https://imagescdn.d2cmedia.ca/cbce00c11ef52fc67af33b6cc60d0dc7e4/2221/14427306/1/Honda-Civic Sedan-2024.jpg'},{url:'https://imagescdn.d2cmedia.ca/s8ce00c11ef52fc67af33b6cc60d0dc7e4/2221/14427306/1/Honda-Civic-2024.jpg'},{url:'https://imagescdn.d2cmedia.ca/cbce00c11ef52fc67af33b6cc60d0dc7e4/2221/14427306/1/Honda-Civic-2024.jpg'},{url:'https://imagescdn.d2cmedia.ca/cbce00c11ef52fc67af33b6cc60d0dc7e4/2221/14427306/2/Honda-Civic-2024.jpg'},{url:'https://imagescdn.d2cmedia.ca/cbce00c11ef52fc67af33b6cc60d0dc7e4/2221/14427306/3/Honda-Civic-2024.jpg'},{url:'https://imagescdn.d2cmedia.ca/cbce00c11ef52fc67af33b6cc60d0dc7e4/2221/14427306/4/Honda-Civic-2024.jpg'},{url:'https://imagescdn.d2cmedia.ca/cbce00c11ef52fc67af33b6cc60d0dc7e4/2221/14427306/5/Honda-Civic-2024.jpg'},{url:'https://imagescdn.d2cmedia.ca/cbce00c11ef52fc67af33b6cc60d0dc7e4/2221/14427306/6/Honda-Civic-2024.jpg'},{url:'https://imagescdn.d2cmedia.ca/cbce00c11ef52fc67af33b6cc60d0dc7e4/2221/14427306/7/Honda-Civic-2024.jpg'},{url:'https://imagescdn.d2cmedia.ca/cbce00c11ef52fc67af33b6cc60d0dc7e4/2221/14427306/8/Honda-Civic-2024.jpg'}]",63109,KM,https://www.number7honda.com/used/2024-Honda-Civic-id14427306.html,2024 Honda Civic Sport *EXTENDED FACTORY WARRANTY*NO REPORTED ACCIDENTS at Number 7 Honda,27995 CAD,Used,Blue,,2221,Number 7 Honda,+1-905-851-2258,"{addr1: '5555 Highway 7 W', city: 'Woodbridge', region: 'Ontario', postal_code: 'L4L 1T5', country: 'CA'}",43.7900000000,-79.5980000000,,,,,https://www.number7honda.com/privacy-policy.html,Used,2221,In stock,,27995 CAD,Free,
2HGFE1E54RH081052,2HGFE1E54RH081052,U10131,Honda,Civic,Si *EXTENDED FACTORY WARRANTY*ONE OWNER,2024,MANUAL,SEDAN,GASOLINE,FWD,"2024 Honda Civic Si *EXTENDED FACTORY WARRANTY*ONE OWNER, Black exterior, Front-wheel drive","[{url:'https://imagescdn.d2cmedia.ca/cb0e0da2bad3434b92fd7898e162bef226/2221/14448497/1/Honda-Civic Si Sedan-2024.jpg'},{url:'https://imagescdn.d2cmedia.ca/s80e0da2bad3434b92fd7898e162bef226/2221/14448497/1/Honda-Civic-2024.jpg'},{url:'https://imagescdn.d2cmedia.ca/cb0e0da2bad3434b92fd7898e162bef226/2221/14448497/1/Honda-Civic-2024.jpg'}]",72280,KM,https://www.number7honda.com/used/2024-Honda-Civic-id14448497.html,2024 Honda Civic Si *EXTENDED FACTORY WARRANTY*ONE OWNER at Number 7 Honda,31032 CAD,Used,Black,,2221,Number 7 Honda,+1-905-851-2258,"{addr1: '5555 Highway 7 W', city: 'Woodbridge', region: 'Ontario', postal_code: 'L4L 1T5', country: 'CA'}",43.7900000000,-79.5980000000,,,,,https://www.number7honda.com/privacy-policy.html,Used,2221,In stock,,31032 CAD,Free,
2HGFC2F85LH002595,2HGFC2F85LH002595,261696B,Honda,Civic,Sport *NO REPORTED ACCIDENTS,2020,AUTOMATIC,SEDAN,GASOLINE,FWD,"2020 Honda Civic Sport *NO REPORTED ACCIDENTS, Black exterior, Front-wheel drive","[{url:'https://imagescdn.d2cmedia.ca/cb154651880183432b9c42ba59bd3fd050/2221/14279890/1/Honda-Civic Sedan-2020.jpg'},{url:'https://imagescdn.d2cmedia.ca/s8154651880183432b9c42ba59bd3fd050/2221/14279890/1/Honda-Civic-2020.jpg'},{url:'https://imagescdn.d2cmedia.ca/cb154651880183432b9c42ba59bd3fd050/2221/14279890/1/Honda-Civic-2020.jpg'},{url:'https://imagescdn.d2cmedia.ca/cb154651880183432b9c42ba59bd3fd050/2221/14279890/2/Honda-Civic-2020.jpg'},{url:'https://imagescdn.d2cmedia.ca/cb154651880183432b9c42ba59bd3fd050/2221/14279890/3/Honda-Civic-2020.jpg'},{url:'https://imagescdn.d2cmedia.ca/cb154651880183432b9c42ba59bd3fd050/2221/14279890/4/Honda-Civic-2020.jpg'},{url:'https://imagescdn.d2cmedia.ca/cb154651880183432b9c42ba59bd3fd050/2221/14279890/5/Honda-Civic-2020.jpg'},{url:'https://imagescdn.d2cmedia.ca/cb154651880183432b9c42ba59bd3fd050/2221/14279890/6/Honda-Civic-2020.jpg'},{url:'https://imagescdn.d2cmedia.ca/cb154651880183432b9c42ba59bd3fd050/2221/14279890/7/Honda-Civic-2020.jpg'},{url:'https://imagescdn.d2cmedia.ca/cb154651880183432b9c42ba59bd3fd050/2221/14279890/8/Honda-Civic-2020.jpg'}]",214137,KM,https://www.number7honda.com/used/2020-Honda-Civic-id14279890.html,2020 Honda Civic Sport *NO REPORTED ACCIDENTS at Number 7 Honda,12995 CAD,Used,Black,,2221,Number 7 Honda,+1-905-851-2258,"{addr1: '5555 Highway 7 W', city: 'Woodbridge', region: 'Ontario', postal_code: 'L4L 1T5', country: 'CA'}",43.7900000000,-79.5980000000,,,,,https://www.number7honda.com/privacy-policy.html,Used,2221,In stock,,12995 CAD,Free,
2HGFC2F73LH023565,2HGFC2F73LH023565,261961A,Honda,Civic,EX *NO REPORTED ACCIDENTS*ONE OWNER,2020,AUTOMATIC,SEDAN,GASOLINE,FWD,"2020 Honda Civic EX *NO REPORTED ACCIDENTS*ONE OWNER, Silver exterior, Front-wheel drive","[{url:'https://imagescdn.d2cmedia.ca/cbde10e647ebed7fb6d248841fe64ca367/2221/14341514/1/Honda-Civic Sedan-2020.jpg'},{url:'https://imagescdn.d2cmedia.ca/s8de10e647ebed7fb6d248841fe64ca367/2221/14341514/1/Honda-Civic-2020.jpg'},{url:'https://imagescdn.d2cmedia.ca/cbde10e647ebed7fb6d248841fe64ca367/2221/14341514/1/Honda-Civic-2020.jpg'},{url:'https://imagescdn.d2cmedia.ca/cbde10e647ebed7fb6d248841fe64ca367/2221/14341514/2/Honda-Civic-2020.jpg'},{url:'https://imagescdn.d2cmedia.ca/cbde10e647ebed7fb6d248841fe64ca367/2221/14341514/3/Honda-Civic-2020.jpg'},{url:'https://imagescdn.d2cmedia.ca/cbde10e647ebed7fb6d248841fe64ca367/2221/14341514/4/Honda-Civic-2020.jpg'},{url:'https://imagescdn.d2cmedia.ca/cbde10e647ebed7fb6d248841fe64ca367/2221/14341514/5/Honda-Civic-2020.jpg'},{url:'https://imagescdn.d2cmedia.ca/cbde10e647ebed7fb6d248841fe64ca367/2221/14341514/6/Honda-Civic-2020.jpg'},{url:'https://imagescdn.d2cmedia.ca/cbde10e647ebed7fb6d248841fe64ca367/2221/14341514/7/Honda-Civic-2020.jpg'},{url:'https://imagescdn.d2cmedia.ca/cbde10e647ebed7fb6d248841fe64ca367/2221/14341514/8/Honda-Civic-2020.jpg'}]",300927,KM,https://www.number7honda.com/used/2020-Honda-Civic-id14341514.html,2020 Honda Civic EX *NO REPORTED ACCIDENTS*ONE OWNER at Number 7 Honda,10995 CAD,Used,Silver,,2221,Number 7 Honda,+1-905-851-2258,"{addr1: '5555 Highway 7 W', city: 'Woodbridge', region: 'Ontario', postal_code: 'L4L 1T5', country: 'CA'}",43.7900000000,-79.5980000000,,,,,https://www.number7honda.com/privacy-policy.html,Used,2221,In stock,,10995 CAD,Free,
2HGFC2F53KH029797,2HGFC2F53KH029797,261866C,Honda,Civic,,2019,AUTOMATIC,SEDAN,GASOLINE,FWD,"2019 Honda Civic, Silver exterior, Front-wheel drive","[{url:'https://imagescdn.d2cmedia.ca/cb88a4f22fc253888d842178d88091d628/2221/14442027/1/Honda-Civic Sedan-2019.jpg'},{url:'https://imagescdn.d2cmedia.ca/s888a4f22fc253888d842178d88091d628/2221/14442027/1/Honda-Civic-2019.jpg'},{url:'https://imagescdn.d2cmedia.ca/cb88a4f22fc253888d842178d88091d628/2221/14442027/1/Honda-Civic-2019.jpg'}]",201827,KM,https://www.number7honda.com/used/2019-Honda-Civic-id14442027.html,2019 Honda Civic at Number 7 Honda,11995 CAD,Used,Silver,,2221,Number 7 Honda,+1-905-851-2258,"{addr1: '5555 Highway 7 W', city: 'Woodbridge', region: 'Ontario', postal_code: 'L4L 1T5', country: 'CA'}",43.7900000000,-79.5980000000,,,,,https://www.number7honda.com/privacy-policy.html,Used,2221,In stock,,11995 CAD,Free,
2HGFB6E56DH200508,2HGFB6E56DH200508,261707A,Honda,Civic,Si Manual *NO REPORTED ACCIDENTS,2013,MANUAL,SEDAN,GASOLINE,FWD,"2013 Honda Civic Si Manual *NO REPORTED ACCIDENTS, White exterior, Front-wheel drive","[{url:'https://imagescdn.d2cmedia.ca/cb6d4fff7ccdc65b25f52071d69a9ea40d/2221/14392689/1/Honda-Civic Sdn-2013.jpg'},{url:'https://imagescdn.d2cmedia.ca/s86d4fff7ccdc65b25f52071d69a9ea40d/2221/14392689/1/Honda-Civic-2013.jpg'},{url:'https://imagescdn.d2cmedia.ca/cb6d4fff7ccdc65b25f52071d69a9ea40d/2221/14392689/1/Honda-Civic-2013.jpg'},{url:'https://imagescdn.d2cmedia.ca/cb6d4fff7ccdc65b25f52071d69a9ea40d/2221/14392689/2/Honda-Civic-2013.jpg'},{url:'https://imagescdn.d2cmedia.ca/cb6d4fff7ccdc65b25f52071d69a9ea40d/2221/14392689/3/Honda-Civic-2013.jpg'},{url:'https://imagescdn.d2cmedia.ca/cb6d4fff7ccdc65b25f52071d69a9ea40d/2221/14392689/4/Honda-Civic-2013.jpg'},{url:'https://imagescdn.d2cmedia.ca/cb6d4fff7ccdc65b25f52071d69a9ea40d/2221/14392689/5/Honda-Civic-2013.jpg'},{url:'https://imagescdn.d2cmedia.ca/cb6d4fff7ccdc65b25f52071d69a9ea40d/2221/14392689/6/Honda-Civic-2013.jpg'},{url:'https://imagescdn.d2cmedia.ca/cb6d4fff7ccdc65b25f52071d69a9ea40d/2221/14392689/7/Honda-Civic-2013.jpg'},{url:'https://imagescdn.d2cmedia.ca/cb6d4fff7ccdc65b25f52071d69a9ea40d/2221/14392689/8/Honda-Civic-2013.jpg'}]",220633,KM,https://www.number7honda.com/used/2013-Honda-Civic-id14392689.html,2013 Honda Civic Si Manual *NO REPORTED ACCIDENTS at Number 7 Honda,9995 CAD,Used,White,,2221,Number 7 Honda,+1-905-851-2258,"{addr1: '5555 Highway 7 W', city: 'Woodbridge', region: 'Ontario', postal_code: 'L4L 1T5', country: 'CA'}",43.7900000000,-79.5980000000,,,,,https://www.number7honda.com/privacy-policy.html,Used,2221,In stock,,9995 CAD,Free,
5FNRL6H8XRB504243,5FNRL6H8XRB504243,261740A,Honda,Odyssey,Touring *EXTENDED FACTORY WARRANTY*NO REPORTED ACCIDENTS*ONE OWNER,2024,AUTOMATIC,SUV,GASOLINE,FWD,"2024 Honda Odyssey Touring *EXTENDED FACTORY WARRANTY*NO REPORTED ACCIDENTS*ONE OWNER, White exterior, Front-wheel drive","[{url:'https://imagescdn.d2cmedia.ca/cb40bb8e3d50adcd18f2fde9d2c9be73c4/2221/14373731/1/Honda-Odyssey-2024.jpg'},{url:'https://imagescdn.d2cmedia.ca/s840bb8e3d50adcd18f2fde9d2c9be73c4/2221/14373731/1/Honda-Odyssey-2024.jpg'},{url:'https://imagescdn.d2cmedia.ca/cb40bb8e3d50adcd18f2fde9d2c9be73c4/2221/14373731/2/Honda-Odyssey-2024.jpg'},{url:'https://imagescdn.d2cmedia.ca/cb40bb8e3d50adcd18f2fde9d2c9be73c4/2221/14373731/3/Honda-Odyssey-2024.jpg'},{url:'https://imagescdn.d2cmedia.ca/cb40bb8e3d50adcd18f2fde9d2c9be73c4/2221/14373731/4/Honda-Odyssey-2024.jpg'},{url:'https://imagescdn.d2cmedia.ca/cb40bb8e3d50adcd18f2fde9d2c9be73c4/2221/14373731/5/Honda-Odyssey-2024.jpg'},{url:'https://imagescdn.d2cmedia.ca/cb40bb8e3d50adcd18f2fde9d2c9be73c4/2221/14373731/6/Honda-Odyssey-2024.jpg'},{url:'https://imagescdn.d2cmedia.ca/cb40bb8e3d50adcd18f2fde9d2c9be73c4/2221/14373731/7/Honda-Odyssey-2024.jpg'},{url:'https://imagescdn.d2cmedia.ca/cb40bb8e3d50adcd18f2fde9d2c9be73c4/2221/14373731/8/Honda-Odyssey-2024.jpg'},{url:'https://imagescdn.d2cmedia.ca/cb40bb8e3d50adcd18f2fde9d2c9be73c4/2221/14373731/9/Honda-Odyssey-2024.jpg'}]",22168,KM,https://www.number7honda.com/used/2024-Honda-Odyssey-id14373731.html,2024 Honda Odyssey Touring *EXTENDED FACTORY WARRANTY*NO REPORTED ACCIDENTS*ONE OWNER at Number 7 Honda,49995 CAD,Used,White,,2221,Number 7 Honda,+1-905-851-2258,"{addr1: '5555 Highway 7 W', city: 'Woodbridge', region: 'Ontario', postal_code: 'L4L 1T5', country: 'CA'}",43.7900000000,-79.5980000000,,,,,https://www.number7honda.com/privacy-policy.html,Used,2221,In stock,,49995 CAD,Free,
5FNRL6H05PB502195,5FNRL6H05PB502195,261721A,Honda,Odyssey,Black Edition,2023,AUTOMATIC,SUV,GASOLINE,FWD,"2023 Honda Odyssey Black Edition, Black exterior, Front-wheel drive","[{url:'https://imagescdn.d2cmedia.ca/cbf0e2bdb93998fcb1c10da0f423b02f28/2221/14147478/1/Honda-Odyssey-2023.jpg'},{url:'https://imagescdn.d2cmedia.ca/s8f0e2bdb93998fcb1c10da0f423b02f28/2221/14147478/1/Honda-Odyssey-2023.jpg'},{url:'https://imagescdn.d2cmedia.ca/cbf0e2bdb93998fcb1c10da0f423b02f28/2221/14147478/2/Honda-Odyssey-2023.jpg'},{url:'https://imagescdn.d2cmedia.ca/cbf0e2bdb93998fcb1c10da0f423b02f28/2221/14147478/3/Honda-Odyssey-2023.jpg'},{url:'https://imagescdn.d2cmedia.ca/cbf0e2bdb93998fcb1c10da0f423b02f28/2221/14147478/4/Honda-Odyssey-2023.jpg'},{url:'https://imagescdn.d2cmedia.ca/cbf0e2bdb93998fcb1c10da0f423b02f28/2221/14147478/5/Honda-Odyssey-2023.jpg'},{url:'https://imagescdn.d2cmedia.ca/cbf0e2bdb93998fcb1c10da0f423b02f28/2221/14147478/6/Honda-Odyssey-2023.jpg'},{url:'https://imagescdn.d2cmedia.ca/cbf0e2bdb93998fcb1c10da0f423b02f28/2221/14147478/7/Honda-Odyssey-2023.jpg'},{url:'https://imagescdn.d2cmedia.ca/cbf0e2bdb93998fcb1c10da0f423b02f28/2221/14147478/8/Honda-Odyssey-2023.jpg'},{url:'https://imagescdn.d2cmedia.ca/cbf0e2bdb93998fcb1c10da0f423b02f28/2221/14147478/9/Honda-Odyssey-2023.jpg'}]",153775,KM,https://www.number7honda.com/used/2023-Honda-Odyssey-id14147478.html,2023 Honda Odyssey Black Edition at Number 7 Honda,36373 CAD,Used,Black,,2221,Number 7 Honda,+1-905-851-2258,"{addr1: '5555 Highway 7 W', city: 'Woodbridge', region: 'Ontario', postal_code: 'L4L 1T5', country: 'CA'}",43.7900000000,-79.5980000000,,,,,https://www.number7honda.com/privacy-policy.html,Used,2221,In stock,,36373 CAD,Free,
5FNRL6H07PB503185,5FNRL6H07PB503185,261835A,Honda,Odyssey,Black Edition *EXTENDED FACTORY WARRANTY*NO REPORTED ACCIDENTS*ONE OWNER,2023,AUTOMATIC,SUV,GASOLINE,FWD,"2023 Honda Odyssey Black Edition *EXTENDED FACTORY WARRANTY*NO REPORTED ACCIDENTS*ONE OWNER, Black exterior, Front-wheel drive","[{url:'https://imagescdn.d2cmedia.ca/cb8c2ad40079b86d8c8cdeeb6aa04ee35e/2221/14311456/1/Honda-Odyssey-2023.jpg'},{url:'https://imagescdn.d2cmedia.ca/s88c2ad40079b86d8c8cdeeb6aa04ee35e/2221/14311456/1/Honda-Odyssey-2023.jpg'},{url:'https://imagescdn.d2cmedia.ca/cb8c2ad40079b86d8c8cdeeb6aa04ee35e/2221/14311456/2/Honda-Odyssey-2023.jpg'},{url:'https://imagescdn.d2cmedia.ca/cb8c2ad40079b86d8c8cdeeb6aa04ee35e/2221/14311456/3/Honda-Odyssey-2023.jpg'},{url:'https://imagescdn.d2cmedia.ca/cb8c2ad40079b86d8c8cdeeb6aa04ee35e/2221/14311456/4/Honda-Odyssey-2023.jpg'},{url:'https://imagescdn.d2cmedia.ca/cb8c2ad40079b86d8c8cdeeb6aa04ee35e/2221/14311456/5/Honda-Odyssey-2023.jpg'},{url:'https://imagescdn.d2cmedia.ca/cb8c2ad40079b86d8c8cdeeb6aa04ee35e/2221/14311456/6/Honda-Odyssey-2023.jpg'},{url:'https://imagescdn.d2cmedia.ca/cb8c2ad40079b86d8c8cdeeb6aa04ee35e/2221/14311456/7/Honda-Odyssey-2023.jpg'},{url:'https://imagescdn.d2cmedia.ca/cb8c2ad40079b86d8c8cdeeb6aa04ee35e/2221/14311456/8/Honda-Odyssey-2023.jpg'},{url:'https://imagescdn.d2cmedia.ca/cb8c2ad40079b86d8c8cdeeb6aa04ee35e/2221/14311456/9/Honda-Odyssey-2023.jpg'}]",84948,KM,https://www.number7honda.com/used/2023-Honda-Odyssey-id14311456.html,2023 Honda Odyssey Black Edition *EXTENDED FACTORY WARRANTY*NO REPORTED ACCIDENTS*ONE OWNER at Number 7 Honda,42995 CAD,Used,Black,,2221,Number 7 Honda,+1-905-851-2258,"{addr1: '5555 Highway 7 W', city: 'Woodbridge', region: 'Ontario', postal_code: 'L4L 1T5', country: 'CA'}",43.7900000000,-79.5980000000,,,,,https://www.number7honda.com/privacy-policy.html,Used,2221,In stock,,42995 CAD,Free,
5FNRL6H67PB500565,5FNRL6H67PB500565,262062A,Honda,Odyssey,EX-L *EXTENDED FACTORY WARRANTY*NO REPORTED ACCIDENTS*ONE OWNER,2023,AUTOMATIC,SUV,GASOLINE,FWD,"2023 Honda Odyssey EX-L *EXTENDED FACTORY WARRANTY*NO REPORTED ACCIDENTS*ONE OWNER, Black exterior, Front-wheel drive","[{url:'https://imagescdn.d2cmedia.ca/cb7c24b6f335ebb992ec4b8e3401a15bb2/2221/14439681/1/Honda-Odyssey-2023.jpg'},{url:'https://imagescdn.d2cmedia.ca/s87c24b6f335ebb992ec4b8e3401a15bb2/2221/14439681/1/Honda-Odyssey-2023.jpg'}]",41030,KM,https://www.number7honda.com/used/2023-Honda-Odyssey-id14439681.html,2023 Honda Odyssey EX-L *EXTENDED FACTORY WARRANTY*NO REPORTED ACCIDENTS*ONE OWNER at Number 7 Honda,43995 CAD,Used,Black,,2221,Number 7 Honda,+1-905-851-2258,"{addr1: '5555 Highway 7 W', city: 'Woodbridge', region: 'Ontario', postal_code: 'L4L 1T5', country: 'CA'}",43.7900000000,-79.5980000000,,,,,https://www.number7honda.com/privacy-policy.html,Used,2221,In stock,,43995 CAD,Free,
5FNRL5H65HB501564,5FNRL5H65HB501564,261275A,Honda,Odyssey,EX-L with Rear Entertainment System,2017,AUTOMATIC,SUV,GASOLINE,FWD,"2017 Honda Odyssey EX-L with Rear Entertainment System, Silver exterior, Front-wheel drive","[{url:'https://imagescdn.d2cmedia.ca/cb1ba29adb5cc0d3895c1b9d4f142de466/2221/14320813/1/Honda-Odyssey-2017.jpg'},{url:'https://imagescdn.d2cmedia.ca/s81ba29adb5cc0d3895c1b9d4f142de466/2221/14320813/1/Honda-Odyssey-2017.jpg'},{url:'https://imagescdn.d2cmedia.ca/cb1ba29adb5cc0d3895c1b9d4f142de466/2221/14320813/2/Honda-Odyssey-2017.jpg'},{url:'https://imagescdn.d2cmedia.ca/cb1ba29adb5cc0d3895c1b9d4f142de466/2221/14320813/3/Honda-Odyssey-2017.jpg'},{url:'https://imagescdn.d2cmedia.ca/cb1ba29adb5cc0d3895c1b9d4f142de466/2221/14320813/4/Honda-Odyssey-2017.jpg'},{url:'https://imagescdn.d2cmedia.ca/cb1ba29adb5cc0d3895c1b9d4f142de466/2221/14320813/5/Honda-Odyssey-2017.jpg'},{url:'https://imagescdn.d2cmedia.ca/cb1ba29adb5cc0d3895c1b9d4f142de466/2221/14320813/6/Honda-Odyssey-2017.jpg'},{url:'https://imagescdn.d2cmedia.ca/cb1ba29adb5cc0d3895c1b9d4f142de466/2221/14320813/7/Honda-Odyssey-2017.jpg'},{url:'https://imagescdn.d2cmedia.ca/cb1ba29adb5cc0d3895c1b9d4f142de466/2221/14320813/8/Honda-Odyssey-2017.jpg'},{url:'https://imagescdn.d2cmedia.ca/cb1ba29adb5cc0d3895c1b9d4f142de466/2221/14320813/9/Honda-Odyssey-2017.jpg'}]",157956,KM,https://www.number7honda.com/used/2017-Honda-Odyssey-id14320813.html,2017 Honda Odyssey EX-L with Rear Entertainment System at Number 7 Honda,19995 CAD,Used,Silver,,2221,Number 7 Honda,+1-905-851-2258,"{addr1: '5555 Highway 7 W', city: 'Woodbridge', region: 'Ontario', postal_code: 'L4L 1T5', country: 'CA'}",43.7900000000,-79.5980000000,,,,,https://www.number7honda.com/privacy-policy.html,Used,2221,In stock,,19995 CAD,Free,
5FNYF6H75MB505190,5FNYF6H75MB505190,261854A,Honda,Pilot,EX-L Navi AWD,2021,AUTOMATIC,SUV,GASOLINE,AWD,"2021 Honda Pilot EX-L Navi AWD, White exterior, All-wheel drive","[{url:'https://imagescdn.d2cmedia.ca/cb2874b0fc1908eee025f684d7d7f1e799/2221/14413986/1/Honda-Pilot-2021.jpg'},{url:'https://imagescdn.d2cmedia.ca/s82874b0fc1908eee025f684d7d7f1e799/2221/14413986/1/Honda-Pilot-2021.jpg'},{url:'https://imagescdn.d2cmedia.ca/cb2874b0fc1908eee025f684d7d7f1e799/2221/14413986/2/Honda-Pilot-2021.jpg'},{url:'https://imagescdn.d2cmedia.ca/cb2874b0fc1908eee025f684d7d7f1e799/2221/14413986/3/Honda-Pilot-2021.jpg'},{url:'https://imagescdn.d2cmedia.ca/cb2874b0fc1908eee025f684d7d7f1e799/2221/14413986/4/Honda-Pilot-2021.jpg'},{url:'https://imagescdn.d2cmedia.ca/cb2874b0fc1908eee025f684d7d7f1e799/2221/14413986/5/Honda-Pilot-2021.jpg'},{url:'https://imagescdn.d2cmedia.ca/cb2874b0fc1908eee025f684d7d7f1e799/2221/14413986/6/Honda-Pilot-2021.jpg'},{url:'https://imagescdn.d2cmedia.ca/cb2874b0fc1908eee025f684d7d7f1e799/2221/14413986/7/Honda-Pilot-2021.jpg'},{url:'https://imagescdn.d2cmedia.ca/cb2874b0fc1908eee025f684d7d7f1e799/2221/14413986/8/Honda-Pilot-2021.jpg'},{url:'https://imagescdn.d2cmedia.ca/cb2874b0fc1908eee025f684d7d7f1e799/2221/14413986/9/Honda-Pilot-2021.jpg'}]",252879,KM,https://www.number7honda.com/used/2021-Honda-Pilot-id14413986.html,2021 Honda Pilot EX-L Navi AWD at Number 7 Honda,16995 CAD,Used,White,,2221,Number 7 Honda,+1-905-851-2258,"{addr1: '5555 Highway 7 W', city: 'Woodbridge', region: 'Ontario', postal_code: 'L4L 1T5', country: 'CA'}",43.7900000000,-79.5980000000,,,,,https://www.number7honda.com/privacy-policy.html,Used,2221,In stock,,16995 CAD,Free,
1HGCV1F34NA800406,1HGCV1F34NA800406,U10128,Honda,Accord Sedan,Sport,2022,AUTOMATIC,SEDAN,GASOLINE,FWD,"2022 Honda Accord Sedan Sport, White exterior, Front-wheel drive","[{url:'https://imagescdn.d2cmedia.ca/cb50089e38db697a498f60c212718da2f3/2221/14413988/1/Honda-Accord Sedan-2022.jpg'},{url:'https://imagescdn.d2cmedia.ca/s850089e38db697a498f60c212718da2f3/2221/14413988/1/Honda-Accord_Sedan-2022.jpg'},{url:'https://imagescdn.d2cmedia.ca/cb50089e38db697a498f60c212718da2f3/2221/14413988/1/Honda-Accord_Sedan-2022.jpg'},{url:'https://imagescdn.d2cmedia.ca/cb50089e38db697a498f60c212718da2f3/2221/14413988/2/Honda-Accord_Sedan-2022.jpg'},{url:'https://imagescdn.d2cmedia.ca/cb50089e38db697a498f60c212718da2f3/2221/14413988/3/Honda-Accord_Sedan-2022.jpg'},{url:'https://imagescdn.d2cmedia.ca/cb50089e38db697a498f60c212718da2f3/2221/14413988/4/Honda-Accord_Sedan-2022.jpg'},{url:'https://imagescdn.d2cmedia.ca/cb50089e38db697a498f60c212718da2f3/2221/14413988/5/Honda-Accord_Sedan-2022.jpg'},{url:'https://imagescdn.d2cmedia.ca/cb50089e38db697a498f60c212718da2f3/2221/14413988/6/Honda-Accord_Sedan-2022.jpg'},{url:'https://imagescdn.d2cmedia.ca/cb50089e38db697a498f60c212718da2f3/2221/14413988/7/Honda-Accord_Sedan-2022.jpg'},{url:'https://imagescdn.d2cmedia.ca/cb50089e38db697a498f60c212718da2f3/2221/14413988/8/Honda-Accord_Sedan-2022.jpg'}]",135788,KM,https://www.number7honda.com/used/2022-Honda-Accord_Sedan-id14413988.html,2022 Honda Accord Sedan Sport at Number 7 Honda,25656 CAD,Used,White,,2221,Number 7 Honda,+1-905-851-2258,"{addr1: '5555 Highway 7 W', city: 'Woodbridge', region: 'Ontario', postal_code: 'L4L 1T5', country: 'CA'}",43.7900000000,-79.5980000000,,,,,https://www.number7honda.com/privacy-policy.html,Used,2221,In stock,,25656 CAD,Free,
5FPYK3F88RB501512,5FPYK3F88RB501512,U10107,Honda,Ridgeline,Black Edition *EXTENDED FACTORY WARRANTY*NO REPORTED ACCIDENTS*ONE OWNER,2024,AUTOMATIC,TRUCK,GASOLINE,AWD,"2024 Honda Ridgeline Black Edition *EXTENDED FACTORY WARRANTY*NO REPORTED ACCIDENTS*ONE OWNER, White exterior, All-wheel drive","[{url:'https://imagescdn.d2cmedia.ca/cbbe8d57dc67549a14d79159ac45cdbe36/2221/14189731/1/Honda-Ridgeline-2024.jpg'},{url:'https://imagescdn.d2cmedia.ca/s8be8d57dc67549a14d79159ac45cdbe36/2221/14189731/1/Honda-Ridgeline-2024.jpg'},{url:'https://imagescdn.d2cmedia.ca/cbbe8d57dc67549a14d79159ac45cdbe36/2221/14189731/2/Honda-Ridgeline-2024.jpg'},{url:'https://imagescdn.d2cmedia.ca/cbbe8d57dc67549a14d79159ac45cdbe36/2221/14189731/3/Honda-Ridgeline-2024.jpg'},{url:'https://imagescdn.d2cmedia.ca/cbbe8d57dc67549a14d79159ac45cdbe36/2221/14189731/4/Honda-Ridgeline-2024.jpg'},{url:'https://imagescdn.d2cmedia.ca/cbbe8d57dc67549a14d79159ac45cdbe36/2221/14189731/5/Honda-Ridgeline-2024.jpg'},{url:'https://imagescdn.d2cmedia.ca/cbbe8d57dc67549a14d79159ac45cdbe36/2221/14189731/6/Honda-Ridgeline-2024.jpg'},{url:'https://imagescdn.d2cmedia.ca/cbbe8d57dc67549a14d79159ac45cdbe36/2221/14189731/7/Honda-Ridgeline-2024.jpg'},{url:'https://imagescdn.d2cmedia.ca/cbbe8d57dc67549a14d79159ac45cdbe36/2221/14189731/8/Honda-Ridgeline-2024.jpg'},{url:'https://imagescdn.d2cmedia.ca/cbbe8d57dc67549a14d79159ac45cdbe36/2221/14189731/9/Honda-Ridgeline-2024.jpg'}]",42318,KM,https://www.number7honda.com/used/2024-Honda-Ridgeline-id14189731.html,2024 Honda Ridgeline Black Edition *EXTENDED FACTORY WARRANTY*NO REPORTED ACCIDENTS*ONE OWNER at Number 7 Honda,52341 CAD,CPO,White,,2221,Number 7 Honda,+1-905-851-2258,"{addr1: '5555 Highway 7 W', city: 'Woodbridge', region: 'Ontario', postal_code: 'L4L 1T5', country: 'CA'}",43.7900000000,-79.5980000000,,,,,https://www.number7honda.com/privacy-policy.html,CPO,2221,In stock,,52341 CAD,Free,
5FPYK3F14PB500079,5FPYK3F14PB500079,261946A,Honda,Ridgeline,Sport *EXTENDED FACTORY WARRANTY*NO REPORTED ACCIDENTS*ONE OWNER,2023,AUTOMATIC,TRUCK,GASOLINE,AWD,"2023 Honda Ridgeline Sport *EXTENDED FACTORY WARRANTY*NO REPORTED ACCIDENTS*ONE OWNER, Black exterior, All-wheel drive","[{url:'https://imagescdn.d2cmedia.ca/cb36956a70ef336e1f378b243f2018bff8/2221/14281872/1/Honda-Ridgeline-2023.jpg'},{url:'https://imagescdn.d2cmedia.ca/s836956a70ef336e1f378b243f2018bff8/2221/14281872/1/Honda-Ridgeline-2023.jpg'},{url:'https://imagescdn.d2cmedia.ca/cb36956a70ef336e1f378b243f2018bff8/2221/14281872/2/Honda-Ridgeline-2023.jpg'},{url:'https://imagescdn.d2cmedia.ca/cb36956a70ef336e1f378b243f2018bff8/2221/14281872/3/Honda-Ridgeline-2023.jpg'},{url:'https://imagescdn.d2cmedia.ca/cb36956a70ef336e1f378b243f2018bff8/2221/14281872/4/Honda-Ridgeline-2023.jpg'},{url:'https://imagescdn.d2cmedia.ca/cb36956a70ef336e1f378b243f2018bff8/2221/14281872/5/Honda-Ridgeline-2023.jpg'},{url:'https://imagescdn.d2cmedia.ca/cb36956a70ef336e1f378b243f2018bff8/2221/14281872/6/Honda-Ridgeline-2023.jpg'},{url:'https://imagescdn.d2cmedia.ca/cb36956a70ef336e1f378b243f2018bff8/2221/14281872/7/Honda-Ridgeline-2023.jpg'},{url:'https://imagescdn.d2cmedia.ca/cb36956a70ef336e1f378b243f2018bff8/2221/14281872/8/Honda-Ridgeline-2023.jpg'},{url:'https://imagescdn.d2cmedia.ca/cb36956a70ef336e1f378b243f2018bff8/2221/14281872/9/Honda-Ridgeline-2023.jpg'}]",115266,KM,https://www.number7honda.com/used/2023-Honda-Ridgeline-id14281872.html,2023 Honda Ridgeline Sport *EXTENDED FACTORY WARRANTY*NO REPORTED ACCIDENTS*ONE OWNER at Number 7 Honda,38995 CAD,Used,Black,,2221,Number 7 Honda,+1-905-851-2258,"{addr1: '5555 Highway 7 W', city: 'Woodbridge', region: 'Ontario', postal_code: 'L4L 1T5', country: 'CA'}",43.7900000000,-79.5980000000,,,,,https://www.number7honda.com/privacy-policy.html,Used,2221,In stock,,38995 CAD,Free,
5FPYK3F51MB501690,5FPYK3F51MB501690,261820A,Honda,Ridgeline,EX-L *NO REPORTED ACCIDENTS,2021,AUTOMATIC,TRUCK,GASOLINE,AWD,"2021 Honda Ridgeline EX-L *NO REPORTED ACCIDENTS, Red exterior, All-wheel drive","[{url:'https://imagescdn.d2cmedia.ca/cb317cf99232d0d910bd9b8e8f3a66e45d/2221/14153255/1/Honda-Ridgeline-2021.jpg'},{url:'https://imagescdn.d2cmedia.ca/s8317cf99232d0d910bd9b8e8f3a66e45d/2221/14153255/1/Honda-Ridgeline-2021.jpg'},{url:'https://imagescdn.d2cmedia.ca/cb317cf99232d0d910bd9b8e8f3a66e45d/2221/14153255/2/Honda-Ridgeline-2021.jpg'},{url:'https://imagescdn.d2cmedia.ca/cb317cf99232d0d910bd9b8e8f3a66e45d/2221/14153255/3/Honda-Ridgeline-2021.jpg'},{url:'https://imagescdn.d2cmedia.ca/cb317cf99232d0d910bd9b8e8f3a66e45d/2221/14153255/4/Honda-Ridgeline-2021.jpg'},{url:'https://imagescdn.d2cmedia.ca/cb317cf99232d0d910bd9b8e8f3a66e45d/2221/14153255/5/Honda-Ridgeline-2021.jpg'},{url:'https://imagescdn.d2cmedia.ca/cb317cf99232d0d910bd9b8e8f3a66e45d/2221/14153255/6/Honda-Ridgeline-2021.jpg'},{url:'https://imagescdn.d2cmedia.ca/cb317cf99232d0d910bd9b8e8f3a66e45d/2221/14153255/7/Honda-Ridgeline-2021.jpg'},{url:'https://imagescdn.d2cmedia.ca/cb317cf99232d0d910bd9b8e8f3a66e45d/2221/14153255/8/Honda-Ridgeline-2021.jpg'},{url:'https://imagescdn.d2cmedia.ca/cb317cf99232d0d910bd9b8e8f3a66e45d/2221/14153255/9/Honda-Ridgeline-2021.jpg'}]",175258,KM,https://www.number7honda.com/used/2021-Honda-Ridgeline-id14153255.html,2021 Honda Ridgeline EX-L *NO REPORTED ACCIDENTS at Number 7 Honda,28546 CAD,Used,Red,,2221,Number 7 Honda,+1-905-851-2258,"{addr1: '5555 Highway 7 W', city: 'Woodbridge', region: 'Ontario', postal_code: 'L4L 1T5', country: 'CA'}",43.7900000000,-79.5980000000,,,,,https://www.number7honda.com/privacy-policy.html,Used,2221,In stock,,28546 CAD,Free,
5FPYK3F11LB500745,5FPYK3F11LB500745,U10113,Honda,Ridgeline,Sport *EXTENDED FACTORY WARRANTY*NO REPORTED ACCIDENTS,2020,AUTOMATIC,TRUCK,GASOLINE,AWD,"2020 Honda Ridgeline Sport *EXTENDED FACTORY WARRANTY*NO REPORTED ACCIDENTS, Silver exterior, All-wheel drive","[{url:'https://imagescdn.d2cmedia.ca/cb832b034dd5003f428bdb0926c4eed9cb/2221/14243521/1/Honda-Ridgeline-2020.jpg'},{url:'https://imagescdn.d2cmedia.ca/s8832b034dd5003f428bdb0926c4eed9cb/2221/14243521/1/Honda-Ridgeline-2020.jpg'},{url:'https://imagescdn.d2cmedia.ca/cb832b034dd5003f428bdb0926c4eed9cb/2221/14243521/2/Honda-Ridgeline-2020.jpg'},{url:'https://imagescdn.d2cmedia.ca/cb832b034dd5003f428bdb0926c4eed9cb/2221/14243521/3/Honda-Ridgeline-2020.jpg'},{url:'https://imagescdn.d2cmedia.ca/cb832b034dd5003f428bdb0926c4eed9cb/2221/14243521/4/Honda-Ridgeline-2020.jpg'},{url:'https://imagescdn.d2cmedia.ca/cb832b034dd5003f428bdb0926c4eed9cb/2221/14243521/5/Honda-Ridgeline-2020.jpg'},{url:'https://imagescdn.d2cmedia.ca/cb832b034dd5003f428bdb0926c4eed9cb/2221/14243521/6/Honda-Ridgeline-2020.jpg'},{url:'https://imagescdn.d2cmedia.ca/cb832b034dd5003f428bdb0926c4eed9cb/2221/14243521/7/Honda-Ridgeline-2020.jpg'},{url:'https://imagescdn.d2cmedia.ca/cb832b034dd5003f428bdb0926c4eed9cb/2221/14243521/8/Honda-Ridgeline-2020.jpg'},{url:'https://imagescdn.d2cmedia.ca/cb832b034dd5003f428bdb0926c4eed9cb/2221/14243521/9/Honda-Ridgeline-2020.jpg'}]",73087,KM,https://www.number7honda.com/used/2020-Honda-Ridgeline-id14243521.html,2020 Honda Ridgeline Sport *EXTENDED FACTORY WARRANTY*NO REPORTED ACCIDENTS at Number 7 Honda,36995 CAD,Used,Silver,,2221,Number 7 Honda,+1-905-851-2258,"{addr1: '5555 Highway 7 W', city: 'Woodbridge', region: 'Ontario', postal_code: 'L4L 1T5', country: 'CA'}",43.7900000000,-79.5980000000,,,,,https://www.number7honda.com/privacy-policy.html,Used,2221,In stock,,36995 CAD,Free,
2C4RC1GG9KR630325,2C4RC1GG9KR630325,261798B,Chrysler,Pacifica,Limited,2019,AUTOMATIC,SUV,GASOLINE,FWD,"2019 Chrysler Pacifica Limited, Black exterior, Front-wheel drive","[{url:'https://imagescdn.d2cmedia.ca/cbfcf89b6398f28f40c5479090f3f89e81/2221/14427307/1/Chrysler-Pacifica-2019.jpg'},{url:'https://imagescdn.d2cmedia.ca/s8fcf89b6398f28f40c5479090f3f89e81/2221/14427307/1/Chrysler-Pacifica-2019.jpg'}]",172214,KM,https://www.number7honda.com/used/2019-Chrysler-Pacifica-id14427307.html,2019 Chrysler Pacifica Limited at Number 7 Honda,17995 CAD,Used,Black,,2221,Number 7 Honda,+1-905-851-2258,"{addr1: '5555 Highway 7 W', city: 'Woodbridge', region: 'Ontario', postal_code: 'L4L 1T5', country: 'CA'}",43.7900000000,-79.5980000000,,,,,https://www.number7honda.com/privacy-policy.html,Used,2221,In stock,,17995 CAD,Free,
1FMCU9J96KUB39981,1FMCU9J96KUB39981,261743B,Ford,Escape,Titanium *NO REPORTED ACCIDENTS,2019,AUTOMATIC,SUV,GASOLINE,FOUR_WHEEL_DRIVE,"2019 Ford Escape Titanium *NO REPORTED ACCIDENTS, Grey exterior, Four-wheel drive","[{url:'https://imagescdn.d2cmedia.ca/cbfbe492728f89e93576e02d553a600eea/2221/14448489/1/Ford-Escape-2019.jpg'},{url:'https://imagescdn.d2cmedia.ca/s8fbe492728f89e93576e02d553a600eea/2221/14448489/1/Ford-Escape-2019.jpg'}]",177704,KM,https://www.number7honda.com/used/2019-Ford-Escape-id14448489.html,2019 Ford Escape Titanium *NO REPORTED ACCIDENTS at Number 7 Honda,9995 CAD,Used,Grey,,2221,Number 7 Honda,+1-905-851-2258,"{addr1: '5555 Highway 7 W', city: 'Woodbridge', region: 'Ontario', postal_code: 'L4L 1T5', country: 'CA'}",43.7900000000,-79.5980000000,,,,,https://www.number7honda.com/privacy-policy.html,Used,2221,In stock,,9995 CAD,Free,
3VV4B7AX4JM129813,3VV4B7AX4JM129813,261918A,Volkswagen,Tiguan,Highline *ONE OWNER,2018,AUTOMATIC,SUV,GASOLINE,AWD,"2018 Volkswagen Tiguan Highline *ONE OWNER, Black exterior, All-wheel drive","[{url:'https://imagescdn.d2cmedia.ca/cbacbd6c37f24bfa0a4446c70f0d35ee65/2221/14448493/1/Volkswagen-Tiguan-2018.jpg'},{url:'https://imagescdn.d2cmedia.ca/s8acbd6c37f24bfa0a4446c70f0d35ee65/2221/14448493/1/Volkswagen-Tiguan-2018.jpg'}]",70219,KM,https://www.number7honda.com/used/2018-Volkswagen-Tiguan-id14448493.html,2018 Volkswagen Tiguan Highline *ONE OWNER at Number 7 Honda,19995 CAD,Used,Black,,2221,Number 7 Honda,+1-905-851-2258,"{addr1: '5555 Highway 7 W', city: 'Woodbridge', region: 'Ontario', postal_code: 'L4L 1T5', country: 'CA'}",43.7900000000,-79.5980000000,,,,,https://www.number7honda.com/privacy-policy.html,Used,2221,In stock,,19995 CAD,Free,
5N1DL0MM0HC555753,5N1DL0MM0HC555753,261950A,Infiniti,QX60,,2017,AUTOMATIC,SUV,GASOLINE,AWD,"2017 Infiniti QX60, Black exterior, All-wheel drive","[{url:'https://imagescdn.d2cmedia.ca/cb32c54c676ad90345e2d9d2c1b253b1f7/2221/14279892/1/Infiniti-QX60-2017.jpg'},{url:'https://imagescdn.d2cmedia.ca/s832c54c676ad90345e2d9d2c1b253b1f7/2221/14279892/1/INFINITI-QX60-2017.jpg'},{url:'https://imagescdn.d2cmedia.ca/cb32c54c676ad90345e2d9d2c1b253b1f7/2221/14279892/1/INFINITI-QX60-2017.jpg'},{url:'https://imagescdn.d2cmedia.ca/cb32c54c676ad90345e2d9d2c1b253b1f7/2221/14279892/2/INFINITI-QX60-2017.jpg'},{url:'https://imagescdn.d2cmedia.ca/cb32c54c676ad90345e2d9d2c1b253b1f7/2221/14279892/3/INFINITI-QX60-2017.jpg'},{url:'https://imagescdn.d2cmedia.ca/cb32c54c676ad90345e2d9d2c1b253b1f7/2221/14279892/4/INFINITI-QX60-2017.jpg'},{url:'https://imagescdn.d2cmedia.ca/cb32c54c676ad90345e2d9d2c1b253b1f7/2221/14279892/5/INFINITI-QX60-2017.jpg'},{url:'https://imagescdn.d2cmedia.ca/cb32c54c676ad90345e2d9d2c1b253b1f7/2221/14279892/6/INFINITI-QX60-2017.jpg'},{url:'https://imagescdn.d2cmedia.ca/cb32c54c676ad90345e2d9d2c1b253b1f7/2221/14279892/7/INFINITI-QX60-2017.jpg'},{url:'https://imagescdn.d2cmedia.ca/cb32c54c676ad90345e2d9d2c1b253b1f7/2221/14279892/8/INFINITI-QX60-2017.jpg'}]",113073,KM,https://www.number7honda.com/used/2017-Infiniti-QX60-id14279892.html,2017 Infiniti QX60 at Number 7 Honda,12995 CAD,Used,Black,,2221,Number 7 Honda,+1-905-851-2258,"{addr1: '5555 Highway 7 W', city: 'Woodbridge', region: 'Ontario', postal_code: 'L4L 1T5', country: 'CA'}",43.7900000000,-79.5980000000,,,,,https://www.number7honda.com/privacy-policy.html,Used,2221,In stock,,12995 CAD,Free,
2T1BU4EE7BC598105,2T1BU4EE7BC598105,26927A,Toyota,Corolla,,2011,MANUAL,SEDAN,GASOLINE,FWD,"2011 Toyota Corolla, White exterior, Front-wheel drive","[{url:'https://imagescdn.d2cmedia.ca/cb90bf4b1d50bfa5861c9ad5961859ca55/2221/14405040/1/Toyota-Corolla-2011.jpg'},{url:'https://imagescdn.d2cmedia.ca/s890bf4b1d50bfa5861c9ad5961859ca55/2221/14405040/1/Toyota-Corolla-2011.jpg'},{url:'https://imagescdn.d2cmedia.ca/cb90bf4b1d50bfa5861c9ad5961859ca55/2221/14405040/2/Toyota-Corolla-2011.jpg'},{url:'https://imagescdn.d2cmedia.ca/cb90bf4b1d50bfa5861c9ad5961859ca55/2221/14405040/3/Toyota-Corolla-2011.jpg'},{url:'https://imagescdn.d2cmedia.ca/cb90bf4b1d50bfa5861c9ad5961859ca55/2221/14405040/4/Toyota-Corolla-2011.jpg'},{url:'https://imagescdn.d2cmedia.ca/cb90bf4b1d50bfa5861c9ad5961859ca55/2221/14405040/5/Toyota-Corolla-2011.jpg'},{url:'https://imagescdn.d2cmedia.ca/cb90bf4b1d50bfa5861c9ad5961859ca55/2221/14405040/6/Toyota-Corolla-2011.jpg'},{url:'https://imagescdn.d2cmedia.ca/cb90bf4b1d50bfa5861c9ad5961859ca55/2221/14405040/7/Toyota-Corolla-2011.jpg'},{url:'https://imagescdn.d2cmedia.ca/cb90bf4b1d50bfa5861c9ad5961859ca55/2221/14405040/8/Toyota-Corolla-2011.jpg'},{url:'https://imagescdn.d2cmedia.ca/cb90bf4b1d50bfa5861c9ad5961859ca55/2221/14405040/9/Toyota-Corolla-2011.jpg'}]",250000,KM,https://www.number7honda.com/used/2011-Toyota-Corolla-id14405040.html,2011 Toyota Corolla at Number 7 Honda,5995 CAD,Used,White,,2221,Number 7 Honda,+1-905-851-2258,"{addr1: '5555 Highway 7 W', city: 'Woodbridge', region: 'Ontario', postal_code: 'L4L 1T5', country: 'CA'}",43.7900000000,-79.5980000000,,,,,https://www.number7honda.com/privacy-policy.html,Used,2221,In stock,,5995 CAD,Free,
2T3RWRFV9MW123083,2T3RWRFV9MW123083,261843A,Toyota,RAV4,Hybrid XLE AWD *NO REPORTED ACCIDENTS*ONE OWNER,2021,AUTOMATIC,SUV,HYBRID,AWD,"2021 Toyota RAV4 Hybrid XLE AWD *NO REPORTED ACCIDENTS*ONE OWNER, Black exterior, All-wheel drive","[{url:'https://imagescdn.d2cmedia.ca/cb817d579611ae37eb3f8de785196f396c/2221/14420114/1/Toyota-RAV4-2021.jpg'},{url:'https://imagescdn.d2cmedia.ca/s8817d579611ae37eb3f8de785196f396c/2221/14420114/1/Toyota-RAV4-2021.jpg'},{url:'https://imagescdn.d2cmedia.ca/cb817d579611ae37eb3f8de785196f396c/2221/14420114/2/Toyota-RAV4-2021.jpg'},{url:'https://imagescdn.d2cmedia.ca/cb817d579611ae37eb3f8de785196f396c/2221/14420114/3/Toyota-RAV4-2021.jpg'},{url:'https://imagescdn.d2cmedia.ca/cb817d579611ae37eb3f8de785196f396c/2221/14420114/4/Toyota-RAV4-2021.jpg'},{url:'https://imagescdn.d2cmedia.ca/cb817d579611ae37eb3f8de785196f396c/2221/14420114/5/Toyota-RAV4-2021.jpg'},{url:'https://imagescdn.d2cmedia.ca/cb817d579611ae37eb3f8de785196f396c/2221/14420114/6/Toyota-RAV4-2021.jpg'},{url:'https://imagescdn.d2cmedia.ca/cb817d579611ae37eb3f8de785196f396c/2221/14420114/7/Toyota-RAV4-2021.jpg'},{url:'https://imagescdn.d2cmedia.ca/cb817d579611ae37eb3f8de785196f396c/2221/14420114/8/Toyota-RAV4-2021.jpg'},{url:'https://imagescdn.d2cmedia.ca/cb817d579611ae37eb3f8de785196f396c/2221/14420114/9/Toyota-RAV4-2021.jpg'}]",157732,KM,https://www.number7honda.com/used/2021-Toyota-RAV4-id14420114.html,2021 Toyota RAV4 Hybrid XLE AWD *NO REPORTED ACCIDENTS*ONE OWNER at Number 7 Honda,28995 CAD,Used,Black,,2221,Number 7 Honda,+1-905-851-2258,"{addr1: '5555 Highway 7 W', city: 'Woodbridge', region: 'Ontario', postal_code: 'L4L 1T5', country: 'CA'}",43.7900000000,-79.5980000000,,,,,https://www.number7honda.com/privacy-policy.html,Used,2221,In stock,,28995 CAD,Free,
5YFB4MBEXPP140196,5YFB4MBEXPP140196,261996A,Toyota,Corolla,SE *NO REPORTED ACCIDENTS*ONE OWNER,2023,AUTOMATIC,SEDAN,GASOLINE,FWD,"2023 Toyota Corolla SE *NO REPORTED ACCIDENTS*ONE OWNER, White exterior, Front-wheel drive","[{url:'https://imagescdn.d2cmedia.ca/cb97fe768c11c1a81c5be6e6d91aca3e6c/2221/14298472/1/Toyota-Corolla-2023.jpg'},{url:'https://imagescdn.d2cmedia.ca/s897fe768c11c1a81c5be6e6d91aca3e6c/2221/14298472/1/Toyota-Corolla-2023.jpg'},{url:'https://imagescdn.d2cmedia.ca/cb97fe768c11c1a81c5be6e6d91aca3e6c/2221/14298472/2/Toyota-Corolla-2023.jpg'},{url:'https://imagescdn.d2cmedia.ca/cb97fe768c11c1a81c5be6e6d91aca3e6c/2221/14298472/3/Toyota-Corolla-2023.jpg'},{url:'https://imagescdn.d2cmedia.ca/cb97fe768c11c1a81c5be6e6d91aca3e6c/2221/14298472/4/Toyota-Corolla-2023.jpg'},{url:'https://imagescdn.d2cmedia.ca/cb97fe768c11c1a81c5be6e6d91aca3e6c/2221/14298472/5/Toyota-Corolla-2023.jpg'},{url:'https://imagescdn.d2cmedia.ca/cb97fe768c11c1a81c5be6e6d91aca3e6c/2221/14298472/6/Toyota-Corolla-2023.jpg'},{url:'https://imagescdn.d2cmedia.ca/cb97fe768c11c1a81c5be6e6d91aca3e6c/2221/14298472/7/Toyota-Corolla-2023.jpg'},{url:'https://imagescdn.d2cmedia.ca/cb97fe768c11c1a81c5be6e6d91aca3e6c/2221/14298472/8/Toyota-Corolla-2023.jpg'},{url:'https://imagescdn.d2cmedia.ca/cb97fe768c11c1a81c5be6e6d91aca3e6c/2221/14298472/9/Toyota-Corolla-2023.jpg'}]",113951,KM,https://www.number7honda.com/used/2023-Toyota-Corolla-id14298472.html,2023 Toyota Corolla SE *NO REPORTED ACCIDENTS*ONE OWNER at Number 7 Honda,25995 CAD,Used,White,,2221,Number 7 Honda,+1-905-851-2258,"{addr1: '5555 Highway 7 W', city: 'Woodbridge', region: 'Ontario', postal_code: 'L4L 1T5', country: 'CA'}",43.7900000000,-79.5980000000,,,,,https://www.number7honda.com/privacy-policy.html,Used,2221,In stock,,25995 CAD,Free,
2T3R1RFV1LW084812,2T3R1RFV1LW084812,26536B,Toyota,RAV4,XLE AWD,2020,AUTOMATIC,SUV,GASOLINE,AWD,"2020 Toyota RAV4 XLE AWD, Grey exterior, All-wheel drive","[{url:'https://imagescdn.d2cmedia.ca/cb9fb6e6e12daf801877f5113de6ad542a/2221/14218670/1/Toyota-RAV4-2020.jpg'},{url:'https://imagescdn.d2cmedia.ca/s89fb6e6e12daf801877f5113de6ad542a/2221/14218670/1/Toyota-RAV4-2020.jpg'},{url:'https://imagescdn.d2cmedia.ca/cb9fb6e6e12daf801877f5113de6ad542a/2221/14218670/2/Toyota-RAV4-2020.jpg'},{url:'https://imagescdn.d2cmedia.ca/cb9fb6e6e12daf801877f5113de6ad542a/2221/14218670/3/Toyota-RAV4-2020.jpg'},{url:'https://imagescdn.d2cmedia.ca/cb9fb6e6e12daf801877f5113de6ad542a/2221/14218670/4/Toyota-RAV4-2020.jpg'},{url:'https://imagescdn.d2cmedia.ca/cb9fb6e6e12daf801877f5113de6ad542a/2221/14218670/5/Toyota-RAV4-2020.jpg'},{url:'https://imagescdn.d2cmedia.ca/cb9fb6e6e12daf801877f5113de6ad542a/2221/14218670/6/Toyota-RAV4-2020.jpg'},{url:'https://imagescdn.d2cmedia.ca/cb9fb6e6e12daf801877f5113de6ad542a/2221/14218670/7/Toyota-RAV4-2020.jpg'},{url:'https://imagescdn.d2cmedia.ca/cb9fb6e6e12daf801877f5113de6ad542a/2221/14218670/8/Toyota-RAV4-2020.jpg'},{url:'https://imagescdn.d2cmedia.ca/cb9fb6e6e12daf801877f5113de6ad542a/2221/14218670/9/Toyota-RAV4-2020.jpg'}]",140518,KM,https://www.number7honda.com/used/2020-Toyota-RAV4-id14218670.html,2020 Toyota RAV4 XLE AWD at Number 7 Honda,26995 CAD,Used,Grey,,2221,Number 7 Honda,+1-905-851-2258,"{addr1: '5555 Highway 7 W', city: 'Woodbridge', region: 'Ontario', postal_code: 'L4L 1T5', country: 'CA'}",43.7900000000,-79.5980000000,,,,,https://www.number7honda.com/privacy-policy.html,Used,2221,In stock,,26995 CAD,Free,
5NMS3DAL4PH513987,5NMS3DAL4PH513987,262038A,Hyundai,Santa Fe,Urban AWD *NO REPORTED ACCIDENTS*ONE OWNER,2023,AUTOMATIC,SUV,GASOLINE,AWD,"2023 Hyundai Santa Fe Urban AWD *NO REPORTED ACCIDENTS*ONE OWNER, Grey exterior, All-wheel drive","[{url:'https://imagescdn.d2cmedia.ca/cbd16d0efb177295f4980f9716dce249e6/2221/14420116/1/Hyundai-Santa Fe-2023.jpg'},{url:'https://imagescdn.d2cmedia.ca/s8d16d0efb177295f4980f9716dce249e6/2221/14420116/1/Hyundai-Santa_Fe-2023.jpg'},{url:'https://imagescdn.d2cmedia.ca/cbd16d0efb177295f4980f9716dce249e6/2221/14420116/1/Hyundai-Santa_Fe-2023.jpg'},{url:'https://imagescdn.d2cmedia.ca/cbd16d0efb177295f4980f9716dce249e6/2221/14420116/2/Hyundai-Santa_Fe-2023.jpg'},{url:'https://imagescdn.d2cmedia.ca/cbd16d0efb177295f4980f9716dce249e6/2221/14420116/3/Hyundai-Santa_Fe-2023.jpg'},{url:'https://imagescdn.d2cmedia.ca/cbd16d0efb177295f4980f9716dce249e6/2221/14420116/4/Hyundai-Santa_Fe-2023.jpg'},{url:'https://imagescdn.d2cmedia.ca/cbd16d0efb177295f4980f9716dce249e6/2221/14420116/5/Hyundai-Santa_Fe-2023.jpg'},{url:'https://imagescdn.d2cmedia.ca/cbd16d0efb177295f4980f9716dce249e6/2221/14420116/6/Hyundai-Santa_Fe-2023.jpg'},{url:'https://imagescdn.d2cmedia.ca/cbd16d0efb177295f4980f9716dce249e6/2221/14420116/7/Hyundai-Santa_Fe-2023.jpg'},{url:'https://imagescdn.d2cmedia.ca/cbd16d0efb177295f4980f9716dce249e6/2221/14420116/8/Hyundai-Santa_Fe-2023.jpg'}]",39250,KM,https://www.number7honda.com/used/2023-Hyundai-Santa_Fe-id14420116.html,2023 Hyundai Santa Fe Urban AWD *NO REPORTED ACCIDENTS*ONE OWNER at Number 7 Honda,30995 CAD,Used,Grey,,2221,Number 7 Honda,+1-905-851-2258,"{addr1: '5555 Highway 7 W', city: 'Woodbridge', region: 'Ontario', postal_code: 'L4L 1T5', country: 'CA'}",43.7900000000,-79.5980000000,,,,,https://www.number7honda.com/privacy-policy.html,Used,2221,In stock,,30995 CAD,Free,
W1K5J4HB5MN195141,W1K5J4HB5MN195141,261626B,Mercedes-Benz,CLA 250,4MATIC Coupe,2021,AUTOMATIC,SEDAN,GASOLINE,AWD,"2021 Mercedes-Benz CLA 250 4MATIC Coupe, White exterior, All-wheel drive","[{url:'https://imagescdn.d2cmedia.ca/cb77fdb5d2ecbf9988673d8bf6fbf1a416/2221/14413985/1/Mercedes_Benz-CLA-2021.jpg'},{url:'https://imagescdn.d2cmedia.ca/s877fdb5d2ecbf9988673d8bf6fbf1a416/2221/14413985/1/Mercedes_Benz-CLA_250-2021.jpg'},{url:'https://imagescdn.d2cmedia.ca/cb77fdb5d2ecbf9988673d8bf6fbf1a416/2221/14413985/1/Mercedes_Benz-CLA_250-2021.jpg'},{url:'https://imagescdn.d2cmedia.ca/cb77fdb5d2ecbf9988673d8bf6fbf1a416/2221/14413985/2/Mercedes_Benz-CLA_250-2021.jpg'},{url:'https://imagescdn.d2cmedia.ca/cb77fdb5d2ecbf9988673d8bf6fbf1a416/2221/14413985/3/Mercedes_Benz-CLA_250-2021.jpg'},{url:'https://imagescdn.d2cmedia.ca/cb77fdb5d2ecbf9988673d8bf6fbf1a416/2221/14413985/4/Mercedes_Benz-CLA_250-2021.jpg'},{url:'https://imagescdn.d2cmedia.ca/cb77fdb5d2ecbf9988673d8bf6fbf1a416/2221/14413985/5/Mercedes_Benz-CLA_250-2021.jpg'},{url:'https://imagescdn.d2cmedia.ca/cb77fdb5d2ecbf9988673d8bf6fbf1a416/2221/14413985/6/Mercedes_Benz-CLA_250-2021.jpg'},{url:'https://imagescdn.d2cmedia.ca/cb77fdb5d2ecbf9988673d8bf6fbf1a416/2221/14413985/7/Mercedes_Benz-CLA_250-2021.jpg'},{url:'https://imagescdn.d2cmedia.ca/cb77fdb5d2ecbf9988673d8bf6fbf1a416/2221/14413985/8/Mercedes_Benz-CLA_250-2021.jpg'}]",145184,KM,https://www.number7honda.com/used/2021-Mercedes_Benz-CLA_250-id14413985.html,2021 Mercedes-Benz CLA 250 4MATIC Coupe at Number 7 Honda,26995 CAD,Used,White,,2221,Number 7 Honda,+1-905-851-2258,"{addr1: '5555 Highway 7 W', city: 'Woodbridge', region: 'Ontario', postal_code: 'L4L 1T5', country: 'CA'}",43.7900000000,-79.5980000000,,,,,https://www.number7honda.com/privacy-policy.html,Used,2221,In stock,,26995 CAD,Free,
W1NKM4HB9RF157023,W1NKM4HB9RF157023,261555B,Mercedes-Benz,GLC,300 *NO REPORTED ACCIDENTS*ONE OWNER,2024,AUTOMATIC,SUV,GASOLINE,AWD,"2024 Mercedes-Benz GLC 300 *NO REPORTED ACCIDENTS*ONE OWNER, Black exterior, All-wheel drive","[{url:'https://imagescdn.d2cmedia.ca/cb9f70c3cbec9a95ee8b7fff1cd12f438c/2221/14442026/1/Mercedes_Benz-GLC-2024.jpg'},{url:'https://imagescdn.d2cmedia.ca/s89f70c3cbec9a95ee8b7fff1cd12f438c/2221/14442026/1/Mercedes_Benz-GLC-2024.jpg'}]",34102,KM,https://www.number7honda.com/used/2024-Mercedes_Benz-GLC-id14442026.html,2024 Mercedes-Benz GLC 300 *NO REPORTED ACCIDENTS*ONE OWNER at Number 7 Honda,49995 CAD,Used,Black,,2221,Number 7 Honda,+1-905-851-2258,"{addr1: '5555 Highway 7 W', city: 'Woodbridge', region: 'Ontario', postal_code: 'L4L 1T5', country: 'CA'}",43.7900000000,-79.5980000000,,,,,https://www.number7honda.com/privacy-policy.html,Used,2221,In stock,,49995 CAD,Free,
1N6AA1E5XJN534149,1N6AA1E5XJN534149,262056A,Nissan,Titan,PRO-4X *NO REPORTED ACCIDENTS*ONE OWNER,2018,AUTOMATIC,TRUCK,GASOLINE,FOUR_WHEEL_DRIVE,"2018 Nissan Titan PRO-4X *NO REPORTED ACCIDENTS*ONE OWNER, Black exterior, Four-wheel drive","[{url:'https://imagescdn.d2cmedia.ca/cb858647077be9696ca50b324c1bd0cdfb/2221/14442029/1/Nissan-Titan-2018.jpg'},{url:'https://imagescdn.d2cmedia.ca/s8858647077be9696ca50b324c1bd0cdfb/2221/14442029/1/Nissan-Titan-2018.jpg'}]",146585,KM,https://www.number7honda.com/used/2018-Nissan-Titan-id14442029.html,2018 Nissan Titan PRO-4X *NO REPORTED ACCIDENTS*ONE OWNER at Number 7 Honda,23995 CAD,Used,Black,,2221,Number 7 Honda,+1-905-851-2258,"{addr1: '5555 Highway 7 W', city: 'Woodbridge', region: 'Ontario', postal_code: 'L4L 1T5', country: 'CA'}",43.7900000000,-79.5980000000,,,,,https://www.number7honda.com/privacy-policy.html,Used,2221,In stock,,23995 CAD,Free,
5TFLA5DA9RX175782,5TFLA5DA9RX175782,U10130,Toyota,Tundra,SR *NO REPORTED ACCIDENTS,2024,AUTOMATIC,TRUCK,GASOLINE,FOUR_WHEEL_DRIVE,"2024 Toyota Tundra SR *NO REPORTED ACCIDENTS, White exterior, Four-wheel drive","[{url:'https://imagescdn.d2cmedia.ca/cbbf9c6ce7a0bc7aee4d88d7d301351b29/2221/14439683/1/Toyota-Tundra-2024.jpg'},{url:'https://imagescdn.d2cmedia.ca/s8bf9c6ce7a0bc7aee4d88d7d301351b29/2221/14439683/1/Toyota-Tundra-2024.jpg'}]",48339,KM,https://www.number7honda.com/used/2024-Toyota-Tundra-id14439683.html,2024 Toyota Tundra SR *NO REPORTED ACCIDENTS at Number 7 Honda,44995 CAD,Used,White,,2221,Number 7 Honda,+1-905-851-2258,"{addr1: '5555 Highway 7 W', city: 'Woodbridge', region: 'Ontario', postal_code: 'L4L 1T5', country: 'CA'}",43.7900000000,-79.5980000000,,,,,https://www.number7honda.com/privacy-policy.html,Used,2221,In stock,,44995 CAD,Free,
2HGFE2F54TH116619,2HGFE2F54TH116619,261924-new,Honda,Civic Sedan,4dr Cvt Sport,2026,AUTOMATIC,SEDAN,GASOLINE,,"2026 Honda Civic Sedan 4dr Cvt Sport, White exterior","[{url:'https://imagescdn.d2cmedia.ca/cb292cc20e8fd51af58af4c60d62f32b48/2221/14211042/1/Honda-Civic Sedan-2026.jpg'},{url:'https://imagescdn.d2cmedia.ca/s8292cc20e8fd51af58af4c60d62f32b48/2221/14211042/1/Honda-Civic_Sedan-2026.jpg'},{url:'https://imagescdn.d2cmedia.ca/cb292cc20e8fd51af58af4c60d62f32b48/2221/14211042/1/Honda-Civic_Sedan-2026.jpg'},{url:'https://imagescdn.d2cmedia.ca/cb292cc20e8fd51af58af4c60d62f32b48/2221/14211042/2/Honda-Civic_Sedan-2026.jpg'},{url:'https://imagescdn.d2cmedia.ca/cb292cc20e8fd51af58af4c60d62f32b48/2221/14211042/3/Honda-Civic_Sedan-2026.jpg'},{url:'https://imagescdn.d2cmedia.ca/cb292cc20e8fd51af58af4c60d62f32b48/2221/14211042/4/Honda-Civic_Sedan-2026.jpg'},{url:'https://imagescdn.d2cmedia.ca/cb292cc20e8fd51af58af4c60d62f32b48/2221/14211042/5/Honda-Civic_Sedan-2026.jpg'},{url:'https://imagescdn.d2cmedia.ca/cb292cc20e8fd51af58af4c60d62f32b48/2221/14211042/6/Honda-Civic_Sedan-2026.jpg'},{url:'https://imagescdn.d2cmedia.ca/cb292cc20e8fd51af58af4c60d62f32b48/2221/14211042/7/Honda-Civic_Sedan-2026.jpg'},{url:'https://imagescdn.d2cmedia.ca/cb292cc20e8fd51af58af4c60d62f32b48/2221/14211042/8/Honda-Civic_Sedan-2026.jpg'}]",0,KM,https://www.number7honda.com/new/inventory/2026-Honda-Civic_Sedan-id14211042.html,2026 Honda Civic Sedan 4dr Cvt Sport at Number 7 Honda,35826 CAD,New,White,,2221,Number 7 Honda,+1-905-851-2258,"{addr1: '5555 Highway 7 W', city: 'Woodbridge', region: 'Ontario', postal_code: 'L4L 1T5', country: 'CA'}",43.7900000000,-79.5980000000,,,,,https://www.number7honda.com/privacy-policy.html,New,2221,In stock,,35826 CAD,Free,
2HGFE2F58TH116641,2HGFE2F58TH116641,261926-new,Honda,Civic Sedan,4dr Cvt Sport,2026,AUTOMATIC,SEDAN,GASOLINE,,"2026 Honda Civic Sedan 4dr Cvt Sport, White exterior","[{url:'https://imagescdn.d2cmedia.ca/cb7e1caa345dd1277b517f1cc1391edbe9/2221/14211044/1/Honda-Civic Sedan-2026.jpg'},{url:'https://imagescdn.d2cmedia.ca/s87e1caa345dd1277b517f1cc1391edbe9/2221/14211044/1/Honda-Civic_Sedan-2026.jpg'},{url:'https://imagescdn.d2cmedia.ca/cb7e1caa345dd1277b517f1cc1391edbe9/2221/14211044/1/Honda-Civic_Sedan-2026.jpg'},{url:'https://imagescdn.d2cmedia.ca/cb7e1caa345dd1277b517f1cc1391edbe9/2221/14211044/2/Honda-Civic_Sedan-2026.jpg'},{url:'https://imagescdn.d2cmedia.ca/cb7e1caa345dd1277b517f1cc1391edbe9/2221/14211044/3/Honda-Civic_Sedan-2026.jpg'},{url:'https://imagescdn.d2cmedia.ca/cb7e1caa345dd1277b517f1cc1391edbe9/2221/14211044/4/Honda-Civic_Sedan-2026.jpg'},{url:'https://imagescdn.d2cmedia.ca/cb7e1caa345dd1277b517f1cc1391edbe9/2221/14211044/5/Honda-Civic_Sedan-2026.jpg'},{url:'https://imagescdn.d2cmedia.ca/cb7e1caa345dd1277b517f1cc1391edbe9/2221/14211044/6/Honda-Civic_Sedan-2026.jpg'},{url:'https://imagescdn.d2cmedia.ca/cb7e1caa345dd1277b517f1cc1391edbe9/2221/14211044/7/Honda-Civic_Sedan-2026.jpg'},{url:'https://imagescdn.d2cmedia.ca/cb7e1caa345dd1277b517f1cc1391edbe9/2221/14211044/8/Honda-Civic_Sedan-2026.jpg'}]",0,KM,https://www.number7honda.com/new/inventory/2026-Honda-Civic_Sedan-id14211044.html,2026 Honda Civic Sedan 4dr Cvt Sport at Number 7 Honda,35826 CAD,New,White,,2221,Number 7 Honda,+1-905-851-2258,"{addr1: '5555 Highway 7 W', city: 'Woodbridge', region: 'Ontario', postal_code: 'L4L 1T5', country: 'CA'}",43.7900000000,-79.5980000000,,,,,https://www.number7honda.com/privacy-policy.html,New,2221,In stock,,35826 CAD,Free,
2HGFE2F51TH113886,2HGFE2F51TH113886,261679-new,Honda,Civic Sedan,4dr Cvt Sport,2026,AUTOMATIC,SEDAN,GASOLINE,,"2026 Honda Civic Sedan 4dr Cvt Sport, White exterior","[{url:'https://imagescdn.d2cmedia.ca/cbf60ec6854f780a90bfdc7c2a47633c85/2221/13936917/1/Honda-Civic Sedan-2026.jpg'},{url:'https://imagescdn.d2cmedia.ca/s8f60ec6854f780a90bfdc7c2a47633c85/2221/13936917/1/Honda-Civic_Sedan-2026.jpg'},{url:'https://imagescdn.d2cmedia.ca/cbf60ec6854f780a90bfdc7c2a47633c85/2221/13936917/1/Honda-Civic_Sedan-2026.jpg'},{url:'https://imagescdn.d2cmedia.ca/cbf60ec6854f780a90bfdc7c2a47633c85/2221/13936917/2/Honda-Civic_Sedan-2026.jpg'},{url:'https://imagescdn.d2cmedia.ca/cbf60ec6854f780a90bfdc7c2a47633c85/2221/13936917/3/Honda-Civic_Sedan-2026.jpg'},{url:'https://imagescdn.d2cmedia.ca/cbf60ec6854f780a90bfdc7c2a47633c85/2221/13936917/4/Honda-Civic_Sedan-2026.jpg'},{url:'https://imagescdn.d2cmedia.ca/cbf60ec6854f780a90bfdc7c2a47633c85/2221/13936917/5/Honda-Civic_Sedan-2026.jpg'},{url:'https://imagescdn.d2cmedia.ca/cbf60ec6854f780a90bfdc7c2a47633c85/2221/13936917/6/Honda-Civic_Sedan-2026.jpg'},{url:'https://imagescdn.d2cmedia.ca/cbf60ec6854f780a90bfdc7c2a47633c85/2221/13936917/7/Honda-Civic_Sedan-2026.jpg'},{url:'https://imagescdn.d2cmedia.ca/cbf60ec6854f780a90bfdc7c2a47633c85/2221/13936917/8/Honda-Civic_Sedan-2026.jpg'}]",20,KM,https://www.number7honda.com/new/inventory/2026-Honda-Civic_Sedan-id13936917.html,2026 Honda Civic Sedan 4dr Cvt Sport at Number 7 Honda,35826 CAD,New,White,,2221,Number 7 Honda,+1-905-851-2258,"{addr1: '5555 Highway 7 W', city: 'Woodbridge', region: 'Ontario', postal_code: 'L4L 1T5', country: 'CA'}",43.7900000000,-79.5980000000,,,,,https://www.number7honda.com/privacy-policy.html,New,2221,In stock,,35826 CAD,Free,
2HGFE2F53TH116837,2HGFE2F53TH116837,261942-new,Honda,Civic Sedan,4dr Cvt Sport,2026,AUTOMATIC,SEDAN,GASOLINE,,"2026 Honda Civic Sedan 4dr Cvt Sport, Grey exterior","[{url:'https://carimages.d2cmedia.ca/newcarimages/en/cb6abe815d16bd4/Honda/Civic Sedan/2026/1200/478589-NERSIENWVCBTUE9SVA/Gray/front45.png'},{url:'https://carimages.d2cmedia.ca/newcarimages/en/cb6abe815d16bd4/Honda/Civic Sedan/2026/1280/478589/grey/front_45_degree.png'},{url:'https://carimages.d2cmedia.ca/newcarimages/en/cb6abe815d16bd4/Honda/Civic Sedan/2026/2100/478589/grey/front_45_degree.png'},{url:'https://carimages.d2cmedia.ca/newcarimages/en/cb6abe815d16bd4/Honda/Civic Sedan/2026/2100/478589/grey/profile.png'},{url:'https://carimages.d2cmedia.ca/newcarimages/en/cb6abe815d16bd4/Honda/Civic Sedan/2026/2100/478589/grey/back_45_degree.png'},{url:'https://carimages.d2cmedia.ca/newcarimages/en/cb6abe815d16bd4/Honda/Civic Sedan/2026/2100/478589/grey/driver_dashboard.png'},{url:'https://carimages.d2cmedia.ca/newcarimages/en/cb6abe815d16bd4/Honda/Civic Sedan/2026/2100/478589/grey/full_dashboard.png'},{url:'https://carimages.d2cmedia.ca/newcarimages/en/cb6abe815d16bd4/Honda/Civic Sedan/2026/2100/478589/grey/interior_driver_open_seat.png'},{url:'https://carimages.d2cmedia.ca/newcarimages/en/cb6abe815d16bd4/Honda/Civic Sedan/2026/2100/478589/grey/interior_driver_stereo.png'},{url:'https://carimages.d2cmedia.ca/newcarimages/en/cb6abe815d16bd4/Honda/Civic Sedan/2026/2100/478589/grey/interior_driver_reat_seats.png'}]",20,KM,https://www.number7honda.com/new/inventory/2026-Honda-Civic_Sedan-id14237383.html,2026 Honda Civic Sedan 4dr Cvt Sport at Number 7 Honda,35826 CAD,New,Grey,,2221,Number 7 Honda,+1-905-851-2258,"{addr1: '5555 Highway 7 W', city: 'Woodbridge', region: 'Ontario', postal_code: 'L4L 1T5', country: 'CA'}",43.7900000000,-79.5980000000,,,,,https://www.number7honda.com/privacy-policy.html,New,2221,In stock,,35826 CAD,Free,
3CZRZ2H74VM106752,3CZRZ2H74VM106752,27104-new,Honda,HR-V,4dr Awd Ex-L,2027,AUTOMATIC,SUV,GASOLINE,,"2027 Honda HR-V 4dr Awd Ex-L, White exterior","[{url:'https://imagescdn.d2cmedia.ca/cb30b0bcbffadeb1fb9e0e5ff33b31a2d6/2221/14386529/1/Honda-HR_V-2027.jpg'},{url:'https://imagescdn.d2cmedia.ca/s830b0bcbffadeb1fb9e0e5ff33b31a2d6/2221/14386529/1/Honda-HR_V-2027.jpg'},{url:'https://imagescdn.d2cmedia.ca/cb30b0bcbffadeb1fb9e0e5ff33b31a2d6/2221/14386529/2/Honda-HR_V-2027.jpg'},{url:'https://imagescdn.d2cmedia.ca/cb30b0bcbffadeb1fb9e0e5ff33b31a2d6/2221/14386529/3/Honda-HR_V-2027.jpg'},{url:'https://imagescdn.d2cmedia.ca/cb30b0bcbffadeb1fb9e0e5ff33b31a2d6/2221/14386529/4/Honda-HR_V-2027.jpg'},{url:'https://imagescdn.d2cmedia.ca/cb30b0bcbffadeb1fb9e0e5ff33b31a2d6/2221/14386529/5/Honda-HR_V-2027.jpg'},{url:'https://imagescdn.d2cmedia.ca/cb30b0bcbffadeb1fb9e0e5ff33b31a2d6/2221/14386529/6/Honda-HR_V-2027.jpg'},{url:'https://imagescdn.d2cmedia.ca/cb30b0bcbffadeb1fb9e0e5ff33b31a2d6/2221/14386529/7/Honda-HR_V-2027.jpg'},{url:'https://imagescdn.d2cmedia.ca/cb30b0bcbffadeb1fb9e0e5ff33b31a2d6/2221/14386529/8/Honda-HR_V-2027.jpg'},{url:'https://imagescdn.d2cmedia.ca/cb30b0bcbffadeb1fb9e0e5ff33b31a2d6/2221/14386529/9/Honda-HR_V-2027.jpg'}]",20,KM,https://www.number7honda.com/new/inventory/2027-Honda-HR_V-id14386529.html,2027 Honda HR-V 4dr Awd Ex-L at Number 7 Honda,42896 CAD,New,White,,2221,Number 7 Honda,+1-905-851-2258,"{addr1: '5555 Highway 7 W', city: 'Woodbridge', region: 'Ontario', postal_code: 'L4L 1T5', country: 'CA'}",43.7900000000,-79.5980000000,,,,,https://www.number7honda.com/privacy-policy.html,New,2221,In stock,,42896 CAD,Free,
3CZRZ2H79VM106844,3CZRZ2H79VM106844,27110-new,Honda,HR-V,4dr Awd Ex-L,2027,AUTOMATIC,SUV,GASOLINE,,"2027 Honda HR-V 4dr Awd Ex-L, Black exterior","[{url:'https://imagescdn.d2cmedia.ca/cb775b972f906c5bb890058c8eebdae89e/2221/14399138/1/Honda-HR_V-2027.jpg'},{url:'https://imagescdn.d2cmedia.ca/s8775b972f906c5bb890058c8eebdae89e/2221/14399138/1/Honda-HR_V-2027.jpg'},{url:'https://imagescdn.d2cmedia.ca/cb775b972f906c5bb890058c8eebdae89e/2221/14399138/2/Honda-HR_V-2027.jpg'},{url:'https://imagescdn.d2cmedia.ca/cb775b972f906c5bb890058c8eebdae89e/2221/14399138/3/Honda-HR_V-2027.jpg'},{url:'https://imagescdn.d2cmedia.ca/cb775b972f906c5bb890058c8eebdae89e/2221/14399138/4/Honda-HR_V-2027.jpg'},{url:'https://imagescdn.d2cmedia.ca/cb775b972f906c5bb890058c8eebdae89e/2221/14399138/5/Honda-HR_V-2027.jpg'},{url:'https://imagescdn.d2cmedia.ca/cb775b972f906c5bb890058c8eebdae89e/2221/14399138/6/Honda-HR_V-2027.jpg'},{url:'https://imagescdn.d2cmedia.ca/cb775b972f906c5bb890058c8eebdae89e/2221/14399138/7/Honda-HR_V-2027.jpg'},{url:'https://imagescdn.d2cmedia.ca/cb775b972f906c5bb890058c8eebdae89e/2221/14399138/8/Honda-HR_V-2027.jpg'},{url:'https://imagescdn.d2cmedia.ca/cb775b972f906c5bb890058c8eebdae89e/2221/14399138/9/Honda-HR_V-2027.jpg'}]",20,KM,https://www.number7honda.com/new/inventory/2027-Honda-HR_V-id14399138.html,2027 Honda HR-V 4dr Awd Ex-L at Number 7 Honda,42896 CAD,New,Black,,2221,Number 7 Honda,+1-905-851-2258,"{addr1: '5555 Highway 7 W', city: 'Woodbridge', region: 'Ontario', postal_code: 'L4L 1T5', country: 'CA'}",43.7900000000,-79.5980000000,,,,,https://www.number7honda.com/privacy-policy.html,New,2221,In stock,,42896 CAD,Free,
3CZRZ2H79VM106861,3CZRZ2H79VM106861,27112-new,Honda,HR-V,4dr Awd Ex-L,2027,AUTOMATIC,SUV,GASOLINE,,"2027 Honda HR-V 4dr Awd Ex-L, Black exterior","[{url:'https://imagescdn.d2cmedia.ca/cb494072baae2e6d40b7bcc900b6a14904/2221/14399140/1/Honda-HR_V-2027.jpg'},{url:'https://imagescdn.d2cmedia.ca/s8494072baae2e6d40b7bcc900b6a14904/2221/14399140/1/Honda-HR_V-2027.jpg'},{url:'https://imagescdn.d2cmedia.ca/cb494072baae2e6d40b7bcc900b6a14904/2221/14399140/2/Honda-HR_V-2027.jpg'},{url:'https://imagescdn.d2cmedia.ca/cb494072baae2e6d40b7bcc900b6a14904/2221/14399140/3/Honda-HR_V-2027.jpg'},{url:'https://imagescdn.d2cmedia.ca/cb494072baae2e6d40b7bcc900b6a14904/2221/14399140/4/Honda-HR_V-2027.jpg'},{url:'https://imagescdn.d2cmedia.ca/cb494072baae2e6d40b7bcc900b6a14904/2221/14399140/5/Honda-HR_V-2027.jpg'},{url:'https://imagescdn.d2cmedia.ca/cb494072baae2e6d40b7bcc900b6a14904/2221/14399140/6/Honda-HR_V-2027.jpg'},{url:'https://imagescdn.d2cmedia.ca/cb494072baae2e6d40b7bcc900b6a14904/2221/14399140/7/Honda-HR_V-2027.jpg'},{url:'https://imagescdn.d2cmedia.ca/cb494072baae2e6d40b7bcc900b6a14904/2221/14399140/8/Honda-HR_V-2027.jpg'},{url:'https://imagescdn.d2cmedia.ca/cb494072baae2e6d40b7bcc900b6a14904/2221/14399140/9/Honda-HR_V-2027.jpg'}]",20,KM,https://www.number7honda.com/new/inventory/2027-Honda-HR_V-id14399140.html,2027 Honda HR-V 4dr Awd Ex-L at Number 7 Honda,42896 CAD,New,Black,,2221,Number 7 Honda,+1-905-851-2258,"{addr1: '5555 Highway 7 W', city: 'Woodbridge', region: 'Ontario', postal_code: 'L4L 1T5', country: 'CA'}",43.7900000000,-79.5980000000,,,,,https://www.number7honda.com/privacy-policy.html,New,2221,In stock,,42896 CAD,Free,
