vehicle_id,vin,stock_number,make,model,trim,year,transmission,body_style,fuel_type,drivetrain,description,image,mileage.value,mileage.unit,url,title,price,state_of_vehicle,exterior_color,interior_color,dealer_id,dealer_name,dealer_phone,address,latitude,longitude,fb_page_id,features,vehicle_specifications,dealer_communication_channel,dealer_privacy_policy_url,custom_label_0,custom_label_1,custom_label_3,days_on_lot,sale_price,Sponsor,Range
JM1BPAKL2T1885074,JM1BPAKL2T1885074,26-257-new,Mazda,Mazda3 Sport,4dr Fwd Gx At,2026,AUTOMATIC,HATCHBACK,GASOLINE,,"2026 Mazda Mazda3 Sport 4dr Fwd Gx At, Blue exterior","[{url:'https://imagescdn.d2cmedia.ca/cbf974ec7e7a916081c5b5ca8d3e3c8325/4768/13942590/1/Mazda-Mazda3 Sport-2026.jpg'},{url:'https://imagescdn.d2cmedia.ca/s8f974ec7e7a916081c5b5ca8d3e3c8325/4768/13942590/1/Mazda-Mazda3_Sport-2026.jpg'},{url:'https://imagescdn.d2cmedia.ca/cbf974ec7e7a916081c5b5ca8d3e3c8325/4768/13942590/1/Mazda-Mazda3_Sport-2026.jpg'},{url:'https://imagescdn.d2cmedia.ca/cbf974ec7e7a916081c5b5ca8d3e3c8325/4768/13942590/2/Mazda-Mazda3_Sport-2026.jpg'},{url:'https://imagescdn.d2cmedia.ca/cbf974ec7e7a916081c5b5ca8d3e3c8325/4768/13942590/3/Mazda-Mazda3_Sport-2026.jpg'},{url:'https://imagescdn.d2cmedia.ca/cbf974ec7e7a916081c5b5ca8d3e3c8325/4768/13942590/4/Mazda-Mazda3_Sport-2026.jpg'},{url:'https://imagescdn.d2cmedia.ca/cbf974ec7e7a916081c5b5ca8d3e3c8325/4768/13942590/5/Mazda-Mazda3_Sport-2026.jpg'},{url:'https://imagescdn.d2cmedia.ca/cbf974ec7e7a916081c5b5ca8d3e3c8325/4768/13942590/6/Mazda-Mazda3_Sport-2026.jpg'},{url:'https://imagescdn.d2cmedia.ca/cbf974ec7e7a916081c5b5ca8d3e3c8325/4768/13942590/7/Mazda-Mazda3_Sport-2026.jpg'},{url:'https://imagescdn.d2cmedia.ca/cbf974ec7e7a916081c5b5ca8d3e3c8325/4768/13942590/8/Mazda-Mazda3_Sport-2026.jpg'}]",150,KM,https://www.primamazda.com/new/inventory/2026-Mazda-Mazda3_Sport-id13942590.html,2026 Mazda Mazda3 Sport 4dr Fwd Gx At at Prima Mazda,29455 CAD,New,Blue,,4768,Prima Mazda,+1-905-850-8111,"{addr1: '7635 Martin Grove Road', city: 'Woodbridge', region: 'Ontario', postal_code: 'L4L 2C5', country: 'CA'}",43.7739677000,-79.6083755000,,,,,https://www.primamazda.com/privacy-policy.html,New,4768,In stock,,29455 CAD,Free,
JM1BPALL4T1896558,JM1BPALL4T1896558,26-476-new,Mazda,Mazda3 Sport,4dr Fwd Gs At,2026,AUTOMATIC,HATCHBACK,GASOLINE,,"2026 Mazda Mazda3 Sport 4dr Fwd Gs At, Black exterior","[{url:'https://imagescdn.d2cmedia.ca/cb1ff95579f2a3008b1806cd4a07671efa/4768/14267475/1/Mazda-Mazda3 Sport-2026.jpg'},{url:'https://imagescdn.d2cmedia.ca/s81ff95579f2a3008b1806cd4a07671efa/4768/14267475/1/Mazda-Mazda3_Sport-2026.jpg'},{url:'https://imagescdn.d2cmedia.ca/cb1ff95579f2a3008b1806cd4a07671efa/4768/14267475/1/Mazda-Mazda3_Sport-2026.jpg'},{url:'https://imagescdn.d2cmedia.ca/cb1ff95579f2a3008b1806cd4a07671efa/4768/14267475/2/Mazda-Mazda3_Sport-2026.jpg'},{url:'https://imagescdn.d2cmedia.ca/cb1ff95579f2a3008b1806cd4a07671efa/4768/14267475/3/Mazda-Mazda3_Sport-2026.jpg'},{url:'https://imagescdn.d2cmedia.ca/cb1ff95579f2a3008b1806cd4a07671efa/4768/14267475/4/Mazda-Mazda3_Sport-2026.jpg'},{url:'https://imagescdn.d2cmedia.ca/cb1ff95579f2a3008b1806cd4a07671efa/4768/14267475/5/Mazda-Mazda3_Sport-2026.jpg'},{url:'https://imagescdn.d2cmedia.ca/cb1ff95579f2a3008b1806cd4a07671efa/4768/14267475/6/Mazda-Mazda3_Sport-2026.jpg'},{url:'https://imagescdn.d2cmedia.ca/cb1ff95579f2a3008b1806cd4a07671efa/4768/14267475/7/Mazda-Mazda3_Sport-2026.jpg'},{url:'https://imagescdn.d2cmedia.ca/cb1ff95579f2a3008b1806cd4a07671efa/4768/14267475/8/Mazda-Mazda3_Sport-2026.jpg'}]",150,KM,https://www.primamazda.com/new/inventory/2026-Mazda-Mazda3_Sport-id14267475.html,2026 Mazda Mazda3 Sport 4dr Fwd Gs At at Prima Mazda,32055 CAD,New,Black,,4768,Prima Mazda,+1-905-850-8111,"{addr1: '7635 Martin Grove Road', city: 'Woodbridge', region: 'Ontario', postal_code: 'L4L 2C5', country: 'CA'}",43.7739677000,-79.6083755000,,,,,https://www.primamazda.com/privacy-policy.html,New,4768,In stock,,32055 CAD,Free,
3MVDMBBL8TM212945,3MVDMBBL8TM212945,26-389-new,Mazda,CX-30,4dr Awd Gx,2026,AUTOMATIC,SUV,GASOLINE,,"2026 Mazda CX-30 4dr Awd Gx, Black exterior","[{url:'https://imagescdn.d2cmedia.ca/cbf38bb8d271da50e56338cf7bd9b19d8a/4768/14093372/1/Mazda-CX_30-2026.jpg'},{url:'https://imagescdn.d2cmedia.ca/s8f38bb8d271da50e56338cf7bd9b19d8a/4768/14093372/1/Mazda-CX_30-2026.jpg'},{url:'https://imagescdn.d2cmedia.ca/cbf38bb8d271da50e56338cf7bd9b19d8a/4768/14093372/2/Mazda-CX_30-2026.jpg'},{url:'https://imagescdn.d2cmedia.ca/cbf38bb8d271da50e56338cf7bd9b19d8a/4768/14093372/3/Mazda-CX_30-2026.jpg'},{url:'https://imagescdn.d2cmedia.ca/cbf38bb8d271da50e56338cf7bd9b19d8a/4768/14093372/4/Mazda-CX_30-2026.jpg'},{url:'https://imagescdn.d2cmedia.ca/cbf38bb8d271da50e56338cf7bd9b19d8a/4768/14093372/5/Mazda-CX_30-2026.jpg'},{url:'https://imagescdn.d2cmedia.ca/cbf38bb8d271da50e56338cf7bd9b19d8a/4768/14093372/6/Mazda-CX_30-2026.jpg'},{url:'https://imagescdn.d2cmedia.ca/cbf38bb8d271da50e56338cf7bd9b19d8a/4768/14093372/7/Mazda-CX_30-2026.jpg'},{url:'https://imagescdn.d2cmedia.ca/cbf38bb8d271da50e56338cf7bd9b19d8a/4768/14093372/8/Mazda-CX_30-2026.jpg'},{url:'https://imagescdn.d2cmedia.ca/cbf38bb8d271da50e56338cf7bd9b19d8a/4768/14093372/9/Mazda-CX_30-2026.jpg'}]",150,KM,https://www.primamazda.com/new/inventory/2026-Mazda-CX_30-id14093372.html,2026 Mazda CX-30 4dr Awd Gx at Prima Mazda,32855 CAD,New,Black,,4768,Prima Mazda,+1-905-850-8111,"{addr1: '7635 Martin Grove Road', city: 'Woodbridge', region: 'Ontario', postal_code: 'L4L 2C5', country: 'CA'}",43.7739677000,-79.6083755000,,,,,https://www.primamazda.com/privacy-policy.html,New,4768,In stock,,32855 CAD,Free,
3MVDMBBL7TM220633,3MVDMBBL7TM220633,26-452-new,Mazda,CX-30,4dr Awd Gx,2026,AUTOMATIC,SUV,GASOLINE,,"2026 Mazda CX-30 4dr Awd Gx, White exterior","[{url:'https://imagescdn.d2cmedia.ca/cba09508038dbc0d7611ccd2c202d2570c/4768/14237401/1/Mazda-CX_30-2026.jpg'},{url:'https://imagescdn.d2cmedia.ca/s8a09508038dbc0d7611ccd2c202d2570c/4768/14237401/1/Mazda-CX_30-2026.jpg'},{url:'https://imagescdn.d2cmedia.ca/cba09508038dbc0d7611ccd2c202d2570c/4768/14237401/2/Mazda-CX_30-2026.jpg'},{url:'https://imagescdn.d2cmedia.ca/cba09508038dbc0d7611ccd2c202d2570c/4768/14237401/3/Mazda-CX_30-2026.jpg'},{url:'https://imagescdn.d2cmedia.ca/cba09508038dbc0d7611ccd2c202d2570c/4768/14237401/4/Mazda-CX_30-2026.jpg'},{url:'https://imagescdn.d2cmedia.ca/cba09508038dbc0d7611ccd2c202d2570c/4768/14237401/5/Mazda-CX_30-2026.jpg'},{url:'https://imagescdn.d2cmedia.ca/cba09508038dbc0d7611ccd2c202d2570c/4768/14237401/6/Mazda-CX_30-2026.jpg'},{url:'https://imagescdn.d2cmedia.ca/cba09508038dbc0d7611ccd2c202d2570c/4768/14237401/7/Mazda-CX_30-2026.jpg'},{url:'https://imagescdn.d2cmedia.ca/cba09508038dbc0d7611ccd2c202d2570c/4768/14237401/8/Mazda-CX_30-2026.jpg'},{url:'https://imagescdn.d2cmedia.ca/cba09508038dbc0d7611ccd2c202d2570c/4768/14237401/9/Mazda-CX_30-2026.jpg'}]",150,KM,https://www.primamazda.com/new/inventory/2026-Mazda-CX_30-id14237401.html,2026 Mazda CX-30 4dr Awd Gx at Prima Mazda,33155 CAD,New,White,,4768,Prima Mazda,+1-905-850-8111,"{addr1: '7635 Martin Grove Road', city: 'Woodbridge', region: 'Ontario', postal_code: 'L4L 2C5', country: 'CA'}",43.7739677000,-79.6083755000,,,,,https://www.primamazda.com/privacy-policy.html,New,4768,In stock,,33155 CAD,Free,
JM1BPALL0T1885119,JM1BPALL0T1885119,26-258-new,Mazda,Mazda3 Sport,4dr Fwd Gs At,2026,AUTOMATIC,HATCHBACK,GASOLINE,,"2026 Mazda Mazda3 Sport 4dr Fwd Gs At, Grey exterior","[{url:'https://imagescdn.d2cmedia.ca/cba758bdb2d13f8f62af20dd3496714931/4768/13942591/1/Mazda-Mazda3 Sport-2026.jpg'},{url:'https://imagescdn.d2cmedia.ca/s8a758bdb2d13f8f62af20dd3496714931/4768/13942591/1/Mazda-Mazda3_Sport-2026.jpg'},{url:'https://imagescdn.d2cmedia.ca/cba758bdb2d13f8f62af20dd3496714931/4768/13942591/1/Mazda-Mazda3_Sport-2026.jpg'},{url:'https://imagescdn.d2cmedia.ca/cba758bdb2d13f8f62af20dd3496714931/4768/13942591/2/Mazda-Mazda3_Sport-2026.jpg'},{url:'https://imagescdn.d2cmedia.ca/cba758bdb2d13f8f62af20dd3496714931/4768/13942591/3/Mazda-Mazda3_Sport-2026.jpg'},{url:'https://imagescdn.d2cmedia.ca/cba758bdb2d13f8f62af20dd3496714931/4768/13942591/4/Mazda-Mazda3_Sport-2026.jpg'},{url:'https://imagescdn.d2cmedia.ca/cba758bdb2d13f8f62af20dd3496714931/4768/13942591/5/Mazda-Mazda3_Sport-2026.jpg'},{url:'https://imagescdn.d2cmedia.ca/cba758bdb2d13f8f62af20dd3496714931/4768/13942591/6/Mazda-Mazda3_Sport-2026.jpg'},{url:'https://imagescdn.d2cmedia.ca/cba758bdb2d13f8f62af20dd3496714931/4768/13942591/7/Mazda-Mazda3_Sport-2026.jpg'},{url:'https://imagescdn.d2cmedia.ca/cba758bdb2d13f8f62af20dd3496714931/4768/13942591/8/Mazda-Mazda3_Sport-2026.jpg'}]",150,KM,https://www.primamazda.com/new/inventory/2026-Mazda-Mazda3_Sport-id13942591.html,2026 Mazda Mazda3 Sport 4dr Fwd Gs At at Prima Mazda,34655 CAD,New,Grey,,4768,Prima Mazda,+1-905-850-8111,"{addr1: '7635 Martin Grove Road', city: 'Woodbridge', region: 'Ontario', postal_code: 'L4L 2C5', country: 'CA'}",43.7739677000,-79.6083755000,,,,,https://www.primamazda.com/privacy-policy.html,New,4768,In stock,,34655 CAD,Free,
3MVDMBCL0TM233142,3MVDMBCL0TM233142,26-562-new,Mazda,CX-30,4dr Awd Gs,2026,AUTOMATIC,SUV,GASOLINE,,"2026 Mazda CX-30 4dr Awd Gs, Blue exterior","[{url:'https://imagescdn.d2cmedia.ca/cba690ff688ba76eb5ace18b56c215cb2c/4768/14427329/1/Mazda-CX_30-2026.jpg'},{url:'https://imagescdn.d2cmedia.ca/s8a690ff688ba76eb5ace18b56c215cb2c/4768/14427329/1/Mazda-CX_30-2026.jpg'},{url:'https://imagescdn.d2cmedia.ca/cba690ff688ba76eb5ace18b56c215cb2c/4768/14427329/2/Mazda-CX_30-2026.jpg'},{url:'https://imagescdn.d2cmedia.ca/cba690ff688ba76eb5ace18b56c215cb2c/4768/14427329/3/Mazda-CX_30-2026.jpg'},{url:'https://imagescdn.d2cmedia.ca/cba690ff688ba76eb5ace18b56c215cb2c/4768/14427329/4/Mazda-CX_30-2026.jpg'},{url:'https://imagescdn.d2cmedia.ca/cba690ff688ba76eb5ace18b56c215cb2c/4768/14427329/5/Mazda-CX_30-2026.jpg'},{url:'https://imagescdn.d2cmedia.ca/cba690ff688ba76eb5ace18b56c215cb2c/4768/14427329/6/Mazda-CX_30-2026.jpg'},{url:'https://imagescdn.d2cmedia.ca/cba690ff688ba76eb5ace18b56c215cb2c/4768/14427329/7/Mazda-CX_30-2026.jpg'},{url:'https://imagescdn.d2cmedia.ca/cba690ff688ba76eb5ace18b56c215cb2c/4768/14427329/8/Mazda-CX_30-2026.jpg'},{url:'https://imagescdn.d2cmedia.ca/cba690ff688ba76eb5ace18b56c215cb2c/4768/14427329/9/Mazda-CX_30-2026.jpg'}]",150,KM,https://www.primamazda.com/new/inventory/2026-Mazda-CX_30-id14427329.html,2026 Mazda CX-30 4dr Awd Gs at Prima Mazda,35755 CAD,New,Blue,,4768,Prima Mazda,+1-905-850-8111,"{addr1: '7635 Martin Grove Road', city: 'Woodbridge', region: 'Ontario', postal_code: 'L4L 2C5', country: 'CA'}",43.7739677000,-79.6083755000,,,,,https://www.primamazda.com/privacy-policy.html,New,4768,In stock,,35755 CAD,Free,
3MVDMBCL8TM231784,3MVDMBCL8TM231784,26-538-new,Mazda,CX-30,4dr Awd Gs,2026,AUTOMATIC,SUV,GASOLINE,,"2026 Mazda CX-30 4dr Awd Gs, White exterior","[{url:'https://imagescdn.d2cmedia.ca/cbbebe01771834a1a5fc47e2c933571790/4768/14379975/1/Mazda-CX_30-2026.jpg'},{url:'https://imagescdn.d2cmedia.ca/s8bebe01771834a1a5fc47e2c933571790/4768/14379975/1/Mazda-CX_30-2026.jpg'},{url:'https://imagescdn.d2cmedia.ca/cbbebe01771834a1a5fc47e2c933571790/4768/14379975/2/Mazda-CX_30-2026.jpg'},{url:'https://imagescdn.d2cmedia.ca/cbbebe01771834a1a5fc47e2c933571790/4768/14379975/3/Mazda-CX_30-2026.jpg'},{url:'https://imagescdn.d2cmedia.ca/cbbebe01771834a1a5fc47e2c933571790/4768/14379975/4/Mazda-CX_30-2026.jpg'},{url:'https://imagescdn.d2cmedia.ca/cbbebe01771834a1a5fc47e2c933571790/4768/14379975/5/Mazda-CX_30-2026.jpg'},{url:'https://imagescdn.d2cmedia.ca/cbbebe01771834a1a5fc47e2c933571790/4768/14379975/6/Mazda-CX_30-2026.jpg'},{url:'https://imagescdn.d2cmedia.ca/cbbebe01771834a1a5fc47e2c933571790/4768/14379975/7/Mazda-CX_30-2026.jpg'},{url:'https://imagescdn.d2cmedia.ca/cbbebe01771834a1a5fc47e2c933571790/4768/14379975/8/Mazda-CX_30-2026.jpg'},{url:'https://imagescdn.d2cmedia.ca/cbbebe01771834a1a5fc47e2c933571790/4768/14379975/9/Mazda-CX_30-2026.jpg'}]",150,KM,https://www.primamazda.com/new/inventory/2026-Mazda-CX_30-id14379975.html,2026 Mazda CX-30 4dr Awd Gs at Prima Mazda,36055 CAD,New,White,,4768,Prima Mazda,+1-905-850-8111,"{addr1: '7635 Martin Grove Road', city: 'Woodbridge', region: 'Ontario', postal_code: 'L4L 2C5', country: 'CA'}",43.7739677000,-79.6083755000,,,,,https://www.primamazda.com/privacy-policy.html,New,4768,In stock,,36055 CAD,Free,
3MVDMBCL5TM230639,3MVDMBCL5TM230639,26-515-new,Mazda,CX-30,4dr Awd Gs,2026,AUTOMATIC,SUV,GASOLINE,,"2026 Mazda CX-30 4dr Awd Gs, Black exterior","[{url:'https://imagescdn.d2cmedia.ca/cb5de674ccc2691e1ffd6925b80a9641e7/4768/14359947/1/Mazda-CX_30-2026.jpg'},{url:'https://imagescdn.d2cmedia.ca/s85de674ccc2691e1ffd6925b80a9641e7/4768/14359947/1/Mazda-CX_30-2026.jpg'},{url:'https://imagescdn.d2cmedia.ca/cb5de674ccc2691e1ffd6925b80a9641e7/4768/14359947/2/Mazda-CX_30-2026.jpg'},{url:'https://imagescdn.d2cmedia.ca/cb5de674ccc2691e1ffd6925b80a9641e7/4768/14359947/3/Mazda-CX_30-2026.jpg'},{url:'https://imagescdn.d2cmedia.ca/cb5de674ccc2691e1ffd6925b80a9641e7/4768/14359947/4/Mazda-CX_30-2026.jpg'},{url:'https://imagescdn.d2cmedia.ca/cb5de674ccc2691e1ffd6925b80a9641e7/4768/14359947/5/Mazda-CX_30-2026.jpg'},{url:'https://imagescdn.d2cmedia.ca/cb5de674ccc2691e1ffd6925b80a9641e7/4768/14359947/6/Mazda-CX_30-2026.jpg'},{url:'https://imagescdn.d2cmedia.ca/cb5de674ccc2691e1ffd6925b80a9641e7/4768/14359947/7/Mazda-CX_30-2026.jpg'},{url:'https://imagescdn.d2cmedia.ca/cb5de674ccc2691e1ffd6925b80a9641e7/4768/14359947/8/Mazda-CX_30-2026.jpg'},{url:'https://imagescdn.d2cmedia.ca/cb5de674ccc2691e1ffd6925b80a9641e7/4768/14359947/9/Mazda-CX_30-2026.jpg'}]",150,KM,https://www.primamazda.com/new/inventory/2026-Mazda-CX_30-id14359947.html,2026 Mazda CX-30 4dr Awd Gs at Prima Mazda,37955 CAD,New,Black,,4768,Prima Mazda,+1-905-850-8111,"{addr1: '7635 Martin Grove Road', city: 'Woodbridge', region: 'Ontario', postal_code: 'L4L 2C5', country: 'CA'}",43.7739677000,-79.6083755000,,,,,https://www.primamazda.com/privacy-policy.html,New,4768,In stock,,37955 CAD,Free,
3MVDMBCL5TM232276,3MVDMBCL5TM232276,26-537-new,Mazda,CX-30,4dr Awd Gs,2026,AUTOMATIC,SUV,GASOLINE,,"2026 Mazda CX-30 4dr Awd Gs, Grey exterior","[{url:'https://imagescdn.d2cmedia.ca/cb4f1648f046900db50a878826a28cc7ce/4768/14379974/1/Mazda-CX_30-2026.jpg'},{url:'https://imagescdn.d2cmedia.ca/s84f1648f046900db50a878826a28cc7ce/4768/14379974/1/Mazda-CX_30-2026.jpg'},{url:'https://imagescdn.d2cmedia.ca/cb4f1648f046900db50a878826a28cc7ce/4768/14379974/2/Mazda-CX_30-2026.jpg'},{url:'https://imagescdn.d2cmedia.ca/cb4f1648f046900db50a878826a28cc7ce/4768/14379974/3/Mazda-CX_30-2026.jpg'},{url:'https://imagescdn.d2cmedia.ca/cb4f1648f046900db50a878826a28cc7ce/4768/14379974/4/Mazda-CX_30-2026.jpg'},{url:'https://imagescdn.d2cmedia.ca/cb4f1648f046900db50a878826a28cc7ce/4768/14379974/5/Mazda-CX_30-2026.jpg'},{url:'https://imagescdn.d2cmedia.ca/cb4f1648f046900db50a878826a28cc7ce/4768/14379974/6/Mazda-CX_30-2026.jpg'},{url:'https://imagescdn.d2cmedia.ca/cb4f1648f046900db50a878826a28cc7ce/4768/14379974/7/Mazda-CX_30-2026.jpg'},{url:'https://imagescdn.d2cmedia.ca/cb4f1648f046900db50a878826a28cc7ce/4768/14379974/8/Mazda-CX_30-2026.jpg'},{url:'https://imagescdn.d2cmedia.ca/cb4f1648f046900db50a878826a28cc7ce/4768/14379974/9/Mazda-CX_30-2026.jpg'}]",150,KM,https://www.primamazda.com/new/inventory/2026-Mazda-CX_30-id14379974.html,2026 Mazda CX-30 4dr Awd Gs at Prima Mazda,38255 CAD,New,Grey,,4768,Prima Mazda,+1-905-850-8111,"{addr1: '7635 Martin Grove Road', city: 'Woodbridge', region: 'Ontario', postal_code: 'L4L 2C5', country: 'CA'}",43.7739677000,-79.6083755000,,,,,https://www.primamazda.com/privacy-policy.html,New,4768,In stock,,38255 CAD,Free,
JM3KMAHA3T0109936,JM3KMAHA3T0109936,26-120-new,Mazda,CX-5,4dr Awd Gx,2026,AUTOMATIC,SUV,GASOLINE,,"2026 Mazda CX-5 4dr Awd Gx, Black exterior","[{url:'https://imagescdn.d2cmedia.ca/cbbfe6958bef381500152087f557d232a2/4768/13614347/1/Mazda-CX_5-2026.jpg'},{url:'https://imagescdn.d2cmedia.ca/s8bfe6958bef381500152087f557d232a2/4768/13614347/1/Mazda-CX_5-2026.jpg'},{url:'https://imagescdn.d2cmedia.ca/cbbfe6958bef381500152087f557d232a2/4768/13614347/2/Mazda-CX_5-2026.jpg'},{url:'https://imagescdn.d2cmedia.ca/cbbfe6958bef381500152087f557d232a2/4768/13614347/3/Mazda-CX_5-2026.jpg'},{url:'https://imagescdn.d2cmedia.ca/cbbfe6958bef381500152087f557d232a2/4768/13614347/4/Mazda-CX_5-2026.jpg'},{url:'https://imagescdn.d2cmedia.ca/cbbfe6958bef381500152087f557d232a2/4768/13614347/5/Mazda-CX_5-2026.jpg'},{url:'https://imagescdn.d2cmedia.ca/cbbfe6958bef381500152087f557d232a2/4768/13614347/6/Mazda-CX_5-2026.jpg'},{url:'https://imagescdn.d2cmedia.ca/cbbfe6958bef381500152087f557d232a2/4768/13614347/7/Mazda-CX_5-2026.jpg'},{url:'https://imagescdn.d2cmedia.ca/cbbfe6958bef381500152087f557d232a2/4768/13614347/8/Mazda-CX_5-2026.jpg'},{url:'https://imagescdn.d2cmedia.ca/cbbfe6958bef381500152087f557d232a2/4768/13614347/9/Mazda-CX_5-2026.jpg'}]",150,KM,https://www.primamazda.com/new/inventory/2026-Mazda-CX_5-id13614347.html,2026 Mazda CX-5 4dr Awd Gx at Prima Mazda,39855 CAD,New,Black,,4768,Prima Mazda,+1-905-850-8111,"{addr1: '7635 Martin Grove Road', city: 'Woodbridge', region: 'Ontario', postal_code: 'L4L 2C5', country: 'CA'}",43.7739677000,-79.6083755000,,,,,https://www.primamazda.com/privacy-policy.html,New,4768,In stock,,39855 CAD,Free,
JM3KMAHAXT0163072,JM3KMAHAXT0163072,26-376-new,Mazda,CX-5,4dr Awd Gx,2026,AUTOMATIC,SUV,GASOLINE,,"2026 Mazda CX-5 4dr Awd Gx, Black exterior","[{url:'https://imagescdn.d2cmedia.ca/cb7bdf7e2b1c38695c96b35146a8c65e3d/4768/14093363/1/Mazda-CX_5-2026.jpg'},{url:'https://imagescdn.d2cmedia.ca/s87bdf7e2b1c38695c96b35146a8c65e3d/4768/14093363/1/Mazda-CX_5-2026.jpg'},{url:'https://imagescdn.d2cmedia.ca/cb7bdf7e2b1c38695c96b35146a8c65e3d/4768/14093363/2/Mazda-CX_5-2026.jpg'},{url:'https://imagescdn.d2cmedia.ca/cb7bdf7e2b1c38695c96b35146a8c65e3d/4768/14093363/3/Mazda-CX_5-2026.jpg'},{url:'https://imagescdn.d2cmedia.ca/cb7bdf7e2b1c38695c96b35146a8c65e3d/4768/14093363/4/Mazda-CX_5-2026.jpg'},{url:'https://imagescdn.d2cmedia.ca/cb7bdf7e2b1c38695c96b35146a8c65e3d/4768/14093363/5/Mazda-CX_5-2026.jpg'},{url:'https://imagescdn.d2cmedia.ca/cb7bdf7e2b1c38695c96b35146a8c65e3d/4768/14093363/6/Mazda-CX_5-2026.jpg'},{url:'https://imagescdn.d2cmedia.ca/cb7bdf7e2b1c38695c96b35146a8c65e3d/4768/14093363/7/Mazda-CX_5-2026.jpg'},{url:'https://imagescdn.d2cmedia.ca/cb7bdf7e2b1c38695c96b35146a8c65e3d/4768/14093363/8/Mazda-CX_5-2026.jpg'},{url:'https://imagescdn.d2cmedia.ca/cb7bdf7e2b1c38695c96b35146a8c65e3d/4768/14093363/9/Mazda-CX_5-2026.jpg'}]",150,KM,https://www.primamazda.com/new/inventory/2026-Mazda-CX_5-id14093363.html,2026 Mazda CX-5 4dr Awd Gx at Prima Mazda,39855 CAD,New,Black,,4768,Prima Mazda,+1-905-850-8111,"{addr1: '7635 Martin Grove Road', city: 'Woodbridge', region: 'Ontario', postal_code: 'L4L 2C5', country: 'CA'}",43.7739677000,-79.6083755000,,,,,https://www.primamazda.com/privacy-policy.html,New,4768,In stock,,39855 CAD,Free,
JM3KMAHA2T0190038,JM3KMAHA2T0190038,26-438-new,Mazda,CX-5,4dr Awd Gx,2026,AUTOMATIC,SUV,GASOLINE,,"2026 Mazda CX-5 4dr Awd Gx, Black exterior","[{url:'https://imagescdn.d2cmedia.ca/cb21920f7059b68094c046c3c41666304b/4768/14226074/1/Mazda-CX_5-2026.jpg'},{url:'https://imagescdn.d2cmedia.ca/s821920f7059b68094c046c3c41666304b/4768/14226074/1/Mazda-CX_5-2026.jpg'},{url:'https://imagescdn.d2cmedia.ca/cb21920f7059b68094c046c3c41666304b/4768/14226074/2/Mazda-CX_5-2026.jpg'},{url:'https://imagescdn.d2cmedia.ca/cb21920f7059b68094c046c3c41666304b/4768/14226074/3/Mazda-CX_5-2026.jpg'},{url:'https://imagescdn.d2cmedia.ca/cb21920f7059b68094c046c3c41666304b/4768/14226074/4/Mazda-CX_5-2026.jpg'},{url:'https://imagescdn.d2cmedia.ca/cb21920f7059b68094c046c3c41666304b/4768/14226074/5/Mazda-CX_5-2026.jpg'},{url:'https://imagescdn.d2cmedia.ca/cb21920f7059b68094c046c3c41666304b/4768/14226074/6/Mazda-CX_5-2026.jpg'},{url:'https://imagescdn.d2cmedia.ca/cb21920f7059b68094c046c3c41666304b/4768/14226074/7/Mazda-CX_5-2026.jpg'},{url:'https://imagescdn.d2cmedia.ca/cb21920f7059b68094c046c3c41666304b/4768/14226074/8/Mazda-CX_5-2026.jpg'},{url:'https://imagescdn.d2cmedia.ca/cb21920f7059b68094c046c3c41666304b/4768/14226074/9/Mazda-CX_5-2026.jpg'}]",150,KM,https://www.primamazda.com/new/inventory/2026-Mazda-CX_5-id14226074.html,2026 Mazda CX-5 4dr Awd Gx at Prima Mazda,39855 CAD,New,Black,,4768,Prima Mazda,+1-905-850-8111,"{addr1: '7635 Martin Grove Road', city: 'Woodbridge', region: 'Ontario', postal_code: 'L4L 2C5', country: 'CA'}",43.7739677000,-79.6083755000,,,,,https://www.primamazda.com/privacy-policy.html,New,4768,In stock,,39855 CAD,Free,
JM3KMAHA7T0157231,JM3KMAHA7T0157231,26-300-new,Mazda,CX-5,4dr Awd Gx,2026,AUTOMATIC,SUV,GASOLINE,,"2026 Mazda CX-5 4dr Awd Gx, Grey exterior","[{url:'https://imagescdn.d2cmedia.ca/cb81ad0da76bf39a51128a43b4e8eb516c/4768/13911745/1/Mazda-CX_5-2026.jpg'},{url:'https://imagescdn.d2cmedia.ca/s881ad0da76bf39a51128a43b4e8eb516c/4768/13911745/1/Mazda-CX_5-2026.jpg'},{url:'https://imagescdn.d2cmedia.ca/cb81ad0da76bf39a51128a43b4e8eb516c/4768/13911745/2/Mazda-CX_5-2026.jpg'},{url:'https://imagescdn.d2cmedia.ca/cb81ad0da76bf39a51128a43b4e8eb516c/4768/13911745/3/Mazda-CX_5-2026.jpg'},{url:'https://imagescdn.d2cmedia.ca/cb81ad0da76bf39a51128a43b4e8eb516c/4768/13911745/4/Mazda-CX_5-2026.jpg'},{url:'https://imagescdn.d2cmedia.ca/cb81ad0da76bf39a51128a43b4e8eb516c/4768/13911745/5/Mazda-CX_5-2026.jpg'},{url:'https://imagescdn.d2cmedia.ca/cb81ad0da76bf39a51128a43b4e8eb516c/4768/13911745/6/Mazda-CX_5-2026.jpg'},{url:'https://imagescdn.d2cmedia.ca/cb81ad0da76bf39a51128a43b4e8eb516c/4768/13911745/7/Mazda-CX_5-2026.jpg'},{url:'https://imagescdn.d2cmedia.ca/cb81ad0da76bf39a51128a43b4e8eb516c/4768/13911745/8/Mazda-CX_5-2026.jpg'},{url:'https://imagescdn.d2cmedia.ca/cb81ad0da76bf39a51128a43b4e8eb516c/4768/13911745/9/Mazda-CX_5-2026.jpg'}]",0,KM,https://www.primamazda.com/new/inventory/2026-Mazda-CX_5-id13911745.html,2026 Mazda CX-5 4dr Awd Gx at Prima Mazda,40255 CAD,New,Grey,,4768,Prima Mazda,+1-905-850-8111,"{addr1: '7635 Martin Grove Road', city: 'Woodbridge', region: 'Ontario', postal_code: 'L4L 2C5', country: 'CA'}",43.7739677000,-79.6083755000,,,,,https://www.primamazda.com/privacy-policy.html,New,4768,In stock,,40255 CAD,Free,
JM3KMAHA3T0150129,JM3KMAHA3T0150129,26-292-new,Mazda,CX-5,4dr Awd Gx,2026,AUTOMATIC,SUV,GASOLINE,,"2026 Mazda CX-5 4dr Awd Gx, White exterior","[{url:'https://imagescdn.d2cmedia.ca/cbe58dbc96c0d093d09e657522864fec2b/4768/13999960/1/Mazda-CX_5-2026.jpg'},{url:'https://imagescdn.d2cmedia.ca/s8e58dbc96c0d093d09e657522864fec2b/4768/13999960/1/Mazda-CX_5-2026.jpg'},{url:'https://imagescdn.d2cmedia.ca/cbe58dbc96c0d093d09e657522864fec2b/4768/13999960/2/Mazda-CX_5-2026.jpg'},{url:'https://imagescdn.d2cmedia.ca/cbe58dbc96c0d093d09e657522864fec2b/4768/13999960/3/Mazda-CX_5-2026.jpg'},{url:'https://imagescdn.d2cmedia.ca/cbe58dbc96c0d093d09e657522864fec2b/4768/13999960/4/Mazda-CX_5-2026.jpg'},{url:'https://imagescdn.d2cmedia.ca/cbe58dbc96c0d093d09e657522864fec2b/4768/13999960/5/Mazda-CX_5-2026.jpg'},{url:'https://imagescdn.d2cmedia.ca/cbe58dbc96c0d093d09e657522864fec2b/4768/13999960/6/Mazda-CX_5-2026.jpg'},{url:'https://imagescdn.d2cmedia.ca/cbe58dbc96c0d093d09e657522864fec2b/4768/13999960/7/Mazda-CX_5-2026.jpg'},{url:'https://imagescdn.d2cmedia.ca/cbe58dbc96c0d093d09e657522864fec2b/4768/13999960/8/Mazda-CX_5-2026.jpg'},{url:'https://imagescdn.d2cmedia.ca/cbe58dbc96c0d093d09e657522864fec2b/4768/13999960/9/Mazda-CX_5-2026.jpg'}]",150,KM,https://www.primamazda.com/new/inventory/2026-Mazda-CX_5-id13999960.html,2026 Mazda CX-5 4dr Awd Gx at Prima Mazda,40255 CAD,New,White,,4768,Prima Mazda,+1-905-850-8111,"{addr1: '7635 Martin Grove Road', city: 'Woodbridge', region: 'Ontario', postal_code: 'L4L 2C5', country: 'CA'}",43.7739677000,-79.6083755000,,,,,https://www.primamazda.com/privacy-policy.html,New,4768,In stock,,40255 CAD,Free,
JM3KMAHA1T0178835,JM3KMAHA1T0178835,26-434-new,Mazda,CX-5,4dr Awd Gx,2026,AUTOMATIC,SUV,GASOLINE,,"2026 Mazda CX-5 4dr Awd Gx, White exterior","[{url:'https://imagescdn.d2cmedia.ca/cbd17b2317fb3deac689814ab5cbda8ecc/4768/14178601/1/Mazda-CX_5-2026.jpg'},{url:'https://imagescdn.d2cmedia.ca/s8d17b2317fb3deac689814ab5cbda8ecc/4768/14178601/1/Mazda-CX_5-2026.jpg'},{url:'https://imagescdn.d2cmedia.ca/cbd17b2317fb3deac689814ab5cbda8ecc/4768/14178601/2/Mazda-CX_5-2026.jpg'},{url:'https://imagescdn.d2cmedia.ca/cbd17b2317fb3deac689814ab5cbda8ecc/4768/14178601/3/Mazda-CX_5-2026.jpg'},{url:'https://imagescdn.d2cmedia.ca/cbd17b2317fb3deac689814ab5cbda8ecc/4768/14178601/4/Mazda-CX_5-2026.jpg'},{url:'https://imagescdn.d2cmedia.ca/cbd17b2317fb3deac689814ab5cbda8ecc/4768/14178601/5/Mazda-CX_5-2026.jpg'},{url:'https://imagescdn.d2cmedia.ca/cbd17b2317fb3deac689814ab5cbda8ecc/4768/14178601/6/Mazda-CX_5-2026.jpg'},{url:'https://imagescdn.d2cmedia.ca/cbd17b2317fb3deac689814ab5cbda8ecc/4768/14178601/7/Mazda-CX_5-2026.jpg'},{url:'https://imagescdn.d2cmedia.ca/cbd17b2317fb3deac689814ab5cbda8ecc/4768/14178601/8/Mazda-CX_5-2026.jpg'},{url:'https://imagescdn.d2cmedia.ca/cbd17b2317fb3deac689814ab5cbda8ecc/4768/14178601/9/Mazda-CX_5-2026.jpg'}]",150,KM,https://www.primamazda.com/new/inventory/2026-Mazda-CX_5-id14178601.html,2026 Mazda CX-5 4dr Awd Gx at Prima Mazda,40255 CAD,New,White,,4768,Prima Mazda,+1-905-850-8111,"{addr1: '7635 Martin Grove Road', city: 'Woodbridge', region: 'Ontario', postal_code: 'L4L 2C5', country: 'CA'}",43.7739677000,-79.6083755000,,,,,https://www.primamazda.com/privacy-policy.html,New,4768,In stock,,40255 CAD,Free,
JM3KMAHAXT0183788,JM3KMAHAXT0183788,26-454-new,Mazda,CX-5,4dr Awd Gx,2026,AUTOMATIC,SUV,GASOLINE,,"2026 Mazda CX-5 4dr Awd Gx, Grey exterior","[{url:'https://imagescdn.d2cmedia.ca/cbfcee5e716971bed308a39c0be74678c7/4768/14237403/1/Mazda-CX_5-2026.jpg'},{url:'https://imagescdn.d2cmedia.ca/s8fcee5e716971bed308a39c0be74678c7/4768/14237403/1/Mazda-CX_5-2026.jpg'},{url:'https://imagescdn.d2cmedia.ca/cbfcee5e716971bed308a39c0be74678c7/4768/14237403/2/Mazda-CX_5-2026.jpg'},{url:'https://imagescdn.d2cmedia.ca/cbfcee5e716971bed308a39c0be74678c7/4768/14237403/3/Mazda-CX_5-2026.jpg'},{url:'https://imagescdn.d2cmedia.ca/cbfcee5e716971bed308a39c0be74678c7/4768/14237403/4/Mazda-CX_5-2026.jpg'},{url:'https://imagescdn.d2cmedia.ca/cbfcee5e716971bed308a39c0be74678c7/4768/14237403/5/Mazda-CX_5-2026.jpg'},{url:'https://imagescdn.d2cmedia.ca/cbfcee5e716971bed308a39c0be74678c7/4768/14237403/6/Mazda-CX_5-2026.jpg'},{url:'https://imagescdn.d2cmedia.ca/cbfcee5e716971bed308a39c0be74678c7/4768/14237403/7/Mazda-CX_5-2026.jpg'},{url:'https://imagescdn.d2cmedia.ca/cbfcee5e716971bed308a39c0be74678c7/4768/14237403/8/Mazda-CX_5-2026.jpg'},{url:'https://imagescdn.d2cmedia.ca/cbfcee5e716971bed308a39c0be74678c7/4768/14237403/9/Mazda-CX_5-2026.jpg'}]",150,KM,https://www.primamazda.com/new/inventory/2026-Mazda-CX_5-id14237403.html,2026 Mazda CX-5 4dr Awd Gx at Prima Mazda,40255 CAD,New,Grey,,4768,Prima Mazda,+1-905-850-8111,"{addr1: '7635 Martin Grove Road', city: 'Woodbridge', region: 'Ontario', postal_code: 'L4L 2C5', country: 'CA'}",43.7739677000,-79.6083755000,,,,,https://www.primamazda.com/privacy-policy.html,New,4768,In stock,,40255 CAD,Free,
JM3KMAHA0T0185713,JM3KMAHA0T0185713,26-455-new,Mazda,CX-5,4dr Awd Gx,2026,AUTOMATIC,SUV,GASOLINE,,"2026 Mazda CX-5 4dr Awd Gx, Grey exterior","[{url:'https://imagescdn.d2cmedia.ca/cb9a0076bf4618c06bdf8af9ec424f8138/4768/14237404/1/Mazda-CX_5-2026.jpg'},{url:'https://imagescdn.d2cmedia.ca/s89a0076bf4618c06bdf8af9ec424f8138/4768/14237404/1/Mazda-CX_5-2026.jpg'},{url:'https://imagescdn.d2cmedia.ca/cb9a0076bf4618c06bdf8af9ec424f8138/4768/14237404/2/Mazda-CX_5-2026.jpg'},{url:'https://imagescdn.d2cmedia.ca/cb9a0076bf4618c06bdf8af9ec424f8138/4768/14237404/3/Mazda-CX_5-2026.jpg'},{url:'https://imagescdn.d2cmedia.ca/cb9a0076bf4618c06bdf8af9ec424f8138/4768/14237404/4/Mazda-CX_5-2026.jpg'},{url:'https://imagescdn.d2cmedia.ca/cb9a0076bf4618c06bdf8af9ec424f8138/4768/14237404/5/Mazda-CX_5-2026.jpg'},{url:'https://imagescdn.d2cmedia.ca/cb9a0076bf4618c06bdf8af9ec424f8138/4768/14237404/6/Mazda-CX_5-2026.jpg'},{url:'https://imagescdn.d2cmedia.ca/cb9a0076bf4618c06bdf8af9ec424f8138/4768/14237404/7/Mazda-CX_5-2026.jpg'},{url:'https://imagescdn.d2cmedia.ca/cb9a0076bf4618c06bdf8af9ec424f8138/4768/14237404/8/Mazda-CX_5-2026.jpg'},{url:'https://imagescdn.d2cmedia.ca/cb9a0076bf4618c06bdf8af9ec424f8138/4768/14237404/9/Mazda-CX_5-2026.jpg'}]",150,KM,https://www.primamazda.com/new/inventory/2026-Mazda-CX_5-id14237404.html,2026 Mazda CX-5 4dr Awd Gx at Prima Mazda,40255 CAD,New,Grey,,4768,Prima Mazda,+1-905-850-8111,"{addr1: '7635 Martin Grove Road', city: 'Woodbridge', region: 'Ontario', postal_code: 'L4L 2C5', country: 'CA'}",43.7739677000,-79.6083755000,,,,,https://www.primamazda.com/privacy-policy.html,New,4768,In stock,,40255 CAD,Free,
JM3KMAHA5T0159348,JM3KMAHA5T0159348,26-305-new,Mazda,CX-5,4dr Awd Gx,2026,AUTOMATIC,SUV,GASOLINE,,"2026 Mazda CX-5 4dr Awd Gx, Red exterior","[{url:'https://imagescdn.d2cmedia.ca/cbbc2ec548035bb455aabad99489f10f0c/4768/13972591/1/Mazda-CX_5-2026.jpg'},{url:'https://imagescdn.d2cmedia.ca/s8bc2ec548035bb455aabad99489f10f0c/4768/13972591/1/Mazda-CX_5-2026.jpg'},{url:'https://imagescdn.d2cmedia.ca/cbbc2ec548035bb455aabad99489f10f0c/4768/13972591/2/Mazda-CX_5-2026.jpg'},{url:'https://imagescdn.d2cmedia.ca/cbbc2ec548035bb455aabad99489f10f0c/4768/13972591/3/Mazda-CX_5-2026.jpg'},{url:'https://imagescdn.d2cmedia.ca/cbbc2ec548035bb455aabad99489f10f0c/4768/13972591/4/Mazda-CX_5-2026.jpg'},{url:'https://imagescdn.d2cmedia.ca/cbbc2ec548035bb455aabad99489f10f0c/4768/13972591/5/Mazda-CX_5-2026.jpg'},{url:'https://imagescdn.d2cmedia.ca/cbbc2ec548035bb455aabad99489f10f0c/4768/13972591/6/Mazda-CX_5-2026.jpg'},{url:'https://imagescdn.d2cmedia.ca/cbbc2ec548035bb455aabad99489f10f0c/4768/13972591/7/Mazda-CX_5-2026.jpg'},{url:'https://imagescdn.d2cmedia.ca/cbbc2ec548035bb455aabad99489f10f0c/4768/13972591/8/Mazda-CX_5-2026.jpg'},{url:'https://imagescdn.d2cmedia.ca/cbbc2ec548035bb455aabad99489f10f0c/4768/13972591/9/Mazda-CX_5-2026.jpg'}]",150,KM,https://www.primamazda.com/new/inventory/2026-Mazda-CX_5-id13972591.html,2026 Mazda CX-5 4dr Awd Gx at Prima Mazda,40355 CAD,New,Red,,4768,Prima Mazda,+1-905-850-8111,"{addr1: '7635 Martin Grove Road', city: 'Woodbridge', region: 'Ontario', postal_code: 'L4L 2C5', country: 'CA'}",43.7739677000,-79.6083755000,,,,,https://www.primamazda.com/privacy-policy.html,New,4768,In stock,,40355 CAD,Free,
JM1BPBML2T1888186,JM1BPBML2T1888186,26-379-new,Mazda,Mazda3 Sport,4dr Awd At Gt I-Acti,2026,AUTOMATIC,HATCHBACK,GASOLINE,,"2026 Mazda Mazda3 Sport 4dr Awd At Gt I-Acti, Grey exterior","[{url:'https://imagescdn.d2cmedia.ca/cbfa0ba4e36c50fdcb9bcb784144e7dd61/4768/14093365/1/Mazda-Mazda3 Sport-2026.jpg'},{url:'https://imagescdn.d2cmedia.ca/s8fa0ba4e36c50fdcb9bcb784144e7dd61/4768/14093365/1/Mazda-Mazda3_Sport-2026.jpg'},{url:'https://imagescdn.d2cmedia.ca/cbfa0ba4e36c50fdcb9bcb784144e7dd61/4768/14093365/1/Mazda-Mazda3_Sport-2026.jpg'},{url:'https://imagescdn.d2cmedia.ca/cbfa0ba4e36c50fdcb9bcb784144e7dd61/4768/14093365/2/Mazda-Mazda3_Sport-2026.jpg'},{url:'https://imagescdn.d2cmedia.ca/cbfa0ba4e36c50fdcb9bcb784144e7dd61/4768/14093365/3/Mazda-Mazda3_Sport-2026.jpg'},{url:'https://imagescdn.d2cmedia.ca/cbfa0ba4e36c50fdcb9bcb784144e7dd61/4768/14093365/4/Mazda-Mazda3_Sport-2026.jpg'},{url:'https://imagescdn.d2cmedia.ca/cbfa0ba4e36c50fdcb9bcb784144e7dd61/4768/14093365/5/Mazda-Mazda3_Sport-2026.jpg'},{url:'https://imagescdn.d2cmedia.ca/cbfa0ba4e36c50fdcb9bcb784144e7dd61/4768/14093365/6/Mazda-Mazda3_Sport-2026.jpg'},{url:'https://imagescdn.d2cmedia.ca/cbfa0ba4e36c50fdcb9bcb784144e7dd61/4768/14093365/7/Mazda-Mazda3_Sport-2026.jpg'},{url:'https://imagescdn.d2cmedia.ca/cbfa0ba4e36c50fdcb9bcb784144e7dd61/4768/14093365/8/Mazda-Mazda3_Sport-2026.jpg'}]",150,KM,https://www.primamazda.com/new/inventory/2026-Mazda-Mazda3_Sport-id14093365.html,2026 Mazda Mazda3 Sport 4dr Awd At Gt I-Acti at Prima Mazda,40655 CAD,New,Grey,,4768,Prima Mazda,+1-905-850-8111,"{addr1: '7635 Martin Grove Road', city: 'Woodbridge', region: 'Ontario', postal_code: 'L4L 2C5', country: 'CA'}",43.7739677000,-79.6083755000,,,,,https://www.primamazda.com/privacy-policy.html,New,4768,In stock,,40655 CAD,Free,
JM3KMBHA7T0208748,JM3KMBHA7T0208748,26-509-new,Mazda,CX-5,4dr Awd Gs,2026,AUTOMATIC,SUV,GASOLINE,,"2026 Mazda CX-5 4dr Awd Gs, Grey exterior","[{url:'https://imagescdn.d2cmedia.ca/cb7adb3197e602c1aa9398da4b796ad4c3/4768/14359946/1/Mazda-CX_5-2026.jpg'},{url:'https://imagescdn.d2cmedia.ca/s87adb3197e602c1aa9398da4b796ad4c3/4768/14359946/1/Mazda-CX_5-2026.jpg'},{url:'https://imagescdn.d2cmedia.ca/cb7adb3197e602c1aa9398da4b796ad4c3/4768/14359946/2/Mazda-CX_5-2026.jpg'},{url:'https://imagescdn.d2cmedia.ca/cb7adb3197e602c1aa9398da4b796ad4c3/4768/14359946/3/Mazda-CX_5-2026.jpg'},{url:'https://imagescdn.d2cmedia.ca/cb7adb3197e602c1aa9398da4b796ad4c3/4768/14359946/4/Mazda-CX_5-2026.jpg'},{url:'https://imagescdn.d2cmedia.ca/cb7adb3197e602c1aa9398da4b796ad4c3/4768/14359946/5/Mazda-CX_5-2026.jpg'},{url:'https://imagescdn.d2cmedia.ca/cb7adb3197e602c1aa9398da4b796ad4c3/4768/14359946/6/Mazda-CX_5-2026.jpg'},{url:'https://imagescdn.d2cmedia.ca/cb7adb3197e602c1aa9398da4b796ad4c3/4768/14359946/7/Mazda-CX_5-2026.jpg'},{url:'https://imagescdn.d2cmedia.ca/cb7adb3197e602c1aa9398da4b796ad4c3/4768/14359946/8/Mazda-CX_5-2026.jpg'},{url:'https://imagescdn.d2cmedia.ca/cb7adb3197e602c1aa9398da4b796ad4c3/4768/14359946/9/Mazda-CX_5-2026.jpg'}]",150,KM,https://www.primamazda.com/new/inventory/2026-Mazda-CX_5-id14359946.html,2026 Mazda CX-5 4dr Awd Gs at Prima Mazda,41075 CAD,New,Grey,,4768,Prima Mazda,+1-905-850-8111,"{addr1: '7635 Martin Grove Road', city: 'Woodbridge', region: 'Ontario', postal_code: 'L4L 2C5', country: 'CA'}",43.7739677000,-79.6083755000,,,,,https://www.primamazda.com/privacy-policy.html,New,4768,In stock,,41075 CAD,Free,
3MVDMBDL9TM229444,3MVDMBDL9TM229444,26-529-new,Mazda,CX-30,4rd Awd Gt,2026,AUTOMATIC,SUV,GASOLINE,,"2026 Mazda CX-30 4rd Awd Gt, Grey exterior","[{url:'https://imagescdn.d2cmedia.ca/cb4c670be75ea5bdafa95edc195c1c62ae/4768/14359949/1/Mazda-CX_30-2026.jpg'},{url:'https://imagescdn.d2cmedia.ca/s84c670be75ea5bdafa95edc195c1c62ae/4768/14359949/1/Mazda-CX_30-2026.jpg'},{url:'https://imagescdn.d2cmedia.ca/cb4c670be75ea5bdafa95edc195c1c62ae/4768/14359949/2/Mazda-CX_30-2026.jpg'},{url:'https://imagescdn.d2cmedia.ca/cb4c670be75ea5bdafa95edc195c1c62ae/4768/14359949/3/Mazda-CX_30-2026.jpg'},{url:'https://imagescdn.d2cmedia.ca/cb4c670be75ea5bdafa95edc195c1c62ae/4768/14359949/4/Mazda-CX_30-2026.jpg'},{url:'https://imagescdn.d2cmedia.ca/cb4c670be75ea5bdafa95edc195c1c62ae/4768/14359949/5/Mazda-CX_30-2026.jpg'},{url:'https://imagescdn.d2cmedia.ca/cb4c670be75ea5bdafa95edc195c1c62ae/4768/14359949/6/Mazda-CX_30-2026.jpg'},{url:'https://imagescdn.d2cmedia.ca/cb4c670be75ea5bdafa95edc195c1c62ae/4768/14359949/7/Mazda-CX_30-2026.jpg'},{url:'https://imagescdn.d2cmedia.ca/cb4c670be75ea5bdafa95edc195c1c62ae/4768/14359949/8/Mazda-CX_30-2026.jpg'},{url:'https://imagescdn.d2cmedia.ca/cb4c670be75ea5bdafa95edc195c1c62ae/4768/14359949/9/Mazda-CX_30-2026.jpg'}]",150,KM,https://www.primamazda.com/new/inventory/2026-Mazda-CX_30-id14359949.html,2026 Mazda CX-30 4rd Awd Gt at Prima Mazda,42055 CAD,New,Grey,,4768,Prima Mazda,+1-905-850-8111,"{addr1: '7635 Martin Grove Road', city: 'Woodbridge', region: 'Ontario', postal_code: 'L4L 2C5', country: 'CA'}",43.7739677000,-79.6083755000,,,,,https://www.primamazda.com/privacy-policy.html,New,4768,In stock,,42055 CAD,Free,
3MVDMBDL0TM226450,3MVDMBDL0TM226450,26-502-new,Mazda,CX-30,4rd Awd Gt,2026,AUTOMATIC,SUV,GASOLINE,,"2026 Mazda CX-30 4rd Awd Gt, Grey exterior","[{url:'https://imagescdn.d2cmedia.ca/cb3bb1fe8e9ddd7401af872a0bee9d82cf/4768/14334473/1/Mazda-CX_30-2026.jpg'},{url:'https://imagescdn.d2cmedia.ca/s83bb1fe8e9ddd7401af872a0bee9d82cf/4768/14334473/1/Mazda-CX_30-2026.jpg'},{url:'https://imagescdn.d2cmedia.ca/cb3bb1fe8e9ddd7401af872a0bee9d82cf/4768/14334473/2/Mazda-CX_30-2026.jpg'},{url:'https://imagescdn.d2cmedia.ca/cb3bb1fe8e9ddd7401af872a0bee9d82cf/4768/14334473/3/Mazda-CX_30-2026.jpg'},{url:'https://imagescdn.d2cmedia.ca/cb3bb1fe8e9ddd7401af872a0bee9d82cf/4768/14334473/4/Mazda-CX_30-2026.jpg'},{url:'https://imagescdn.d2cmedia.ca/cb3bb1fe8e9ddd7401af872a0bee9d82cf/4768/14334473/5/Mazda-CX_30-2026.jpg'},{url:'https://imagescdn.d2cmedia.ca/cb3bb1fe8e9ddd7401af872a0bee9d82cf/4768/14334473/6/Mazda-CX_30-2026.jpg'},{url:'https://imagescdn.d2cmedia.ca/cb3bb1fe8e9ddd7401af872a0bee9d82cf/4768/14334473/7/Mazda-CX_30-2026.jpg'},{url:'https://imagescdn.d2cmedia.ca/cb3bb1fe8e9ddd7401af872a0bee9d82cf/4768/14334473/8/Mazda-CX_30-2026.jpg'},{url:'https://imagescdn.d2cmedia.ca/cb3bb1fe8e9ddd7401af872a0bee9d82cf/4768/14334473/9/Mazda-CX_30-2026.jpg'}]",150,KM,https://www.primamazda.com/new/inventory/2026-Mazda-CX_30-id14334473.html,2026 Mazda CX-30 4rd Awd Gt at Prima Mazda,42155 CAD,New,Grey,,4768,Prima Mazda,+1-905-850-8111,"{addr1: '7635 Martin Grove Road', city: 'Woodbridge', region: 'Ontario', postal_code: 'L4L 2C5', country: 'CA'}",43.7739677000,-79.6083755000,,,,,https://www.primamazda.com/privacy-policy.html,New,4768,In stock,,42155 CAD,Free,
JM3KMBHA9T0175672,JM3KMBHA9T0175672,26-395-new,Mazda,CX-5,4dr Awd Gs,2026,AUTOMATIC,SUV,GASOLINE,,"2026 Mazda CX-5 4dr Awd Gs, Black exterior","[{url:'https://imagescdn.d2cmedia.ca/cbbeae6cea98ca1605d74a4fc2d72f6e6a/4768/14041479/1/Mazda-CX_5-2026.jpg'},{url:'https://imagescdn.d2cmedia.ca/s8beae6cea98ca1605d74a4fc2d72f6e6a/4768/14041479/1/Mazda-CX_5-2026.jpg'},{url:'https://imagescdn.d2cmedia.ca/cbbeae6cea98ca1605d74a4fc2d72f6e6a/4768/14041479/2/Mazda-CX_5-2026.jpg'},{url:'https://imagescdn.d2cmedia.ca/cbbeae6cea98ca1605d74a4fc2d72f6e6a/4768/14041479/3/Mazda-CX_5-2026.jpg'},{url:'https://imagescdn.d2cmedia.ca/cbbeae6cea98ca1605d74a4fc2d72f6e6a/4768/14041479/4/Mazda-CX_5-2026.jpg'},{url:'https://imagescdn.d2cmedia.ca/cbbeae6cea98ca1605d74a4fc2d72f6e6a/4768/14041479/5/Mazda-CX_5-2026.jpg'},{url:'https://imagescdn.d2cmedia.ca/cbbeae6cea98ca1605d74a4fc2d72f6e6a/4768/14041479/6/Mazda-CX_5-2026.jpg'},{url:'https://imagescdn.d2cmedia.ca/cbbeae6cea98ca1605d74a4fc2d72f6e6a/4768/14041479/7/Mazda-CX_5-2026.jpg'},{url:'https://imagescdn.d2cmedia.ca/cbbeae6cea98ca1605d74a4fc2d72f6e6a/4768/14041479/8/Mazda-CX_5-2026.jpg'},{url:'https://imagescdn.d2cmedia.ca/cbbeae6cea98ca1605d74a4fc2d72f6e6a/4768/14041479/9/Mazda-CX_5-2026.jpg'}]",150,KM,https://www.primamazda.com/new/inventory/2026-Mazda-CX_5-id14041479.html,2026 Mazda CX-5 4dr Awd Gs at Prima Mazda,42755 CAD,New,Black,,4768,Prima Mazda,+1-905-850-8111,"{addr1: '7635 Martin Grove Road', city: 'Woodbridge', region: 'Ontario', postal_code: 'L4L 2C5', country: 'CA'}",43.7739677000,-79.6083755000,,,,,https://www.primamazda.com/privacy-policy.html,New,4768,In stock,,42755 CAD,Free,
JM3KMBHA5T0162045,JM3KMBHA5T0162045,26-344-new,Mazda,CX-5,4dr Awd Gs,2026,AUTOMATIC,SUV,GASOLINE,,"2026 Mazda CX-5 4dr Awd Gs, Blue exterior","[{url:'https://imagescdn.d2cmedia.ca/cb3d8d54304b6fb8aa769568d291a6c58a/4768/14054645/1/Mazda-CX_5-2026.jpg'},{url:'https://imagescdn.d2cmedia.ca/s83d8d54304b6fb8aa769568d291a6c58a/4768/14054645/1/Mazda-CX_5-2026.jpg'},{url:'https://imagescdn.d2cmedia.ca/cb3d8d54304b6fb8aa769568d291a6c58a/4768/14054645/2/Mazda-CX_5-2026.jpg'},{url:'https://imagescdn.d2cmedia.ca/cb3d8d54304b6fb8aa769568d291a6c58a/4768/14054645/3/Mazda-CX_5-2026.jpg'},{url:'https://imagescdn.d2cmedia.ca/cb3d8d54304b6fb8aa769568d291a6c58a/4768/14054645/4/Mazda-CX_5-2026.jpg'},{url:'https://imagescdn.d2cmedia.ca/cb3d8d54304b6fb8aa769568d291a6c58a/4768/14054645/5/Mazda-CX_5-2026.jpg'},{url:'https://imagescdn.d2cmedia.ca/cb3d8d54304b6fb8aa769568d291a6c58a/4768/14054645/6/Mazda-CX_5-2026.jpg'},{url:'https://imagescdn.d2cmedia.ca/cb3d8d54304b6fb8aa769568d291a6c58a/4768/14054645/7/Mazda-CX_5-2026.jpg'},{url:'https://imagescdn.d2cmedia.ca/cb3d8d54304b6fb8aa769568d291a6c58a/4768/14054645/8/Mazda-CX_5-2026.jpg'},{url:'https://imagescdn.d2cmedia.ca/cb3d8d54304b6fb8aa769568d291a6c58a/4768/14054645/9/Mazda-CX_5-2026.jpg'}]",150,KM,https://www.primamazda.com/new/inventory/2026-Mazda-CX_5-id14054645.html,2026 Mazda CX-5 4dr Awd Gs at Prima Mazda,42755 CAD,New,Blue,,4768,Prima Mazda,+1-905-850-8111,"{addr1: '7635 Martin Grove Road', city: 'Woodbridge', region: 'Ontario', postal_code: 'L4L 2C5', country: 'CA'}",43.7739677000,-79.6083755000,,,,,https://www.primamazda.com/privacy-policy.html,New,4768,In stock,,42755 CAD,Free,
JM3KMBHA9T0175283,JM3KMBHA9T0175283,26-369-new,Mazda,CX-5,4dr Awd Gs,2026,AUTOMATIC,SUV,GASOLINE,,"2026 Mazda CX-5 4dr Awd Gs, Black exterior","[{url:'https://imagescdn.d2cmedia.ca/cb51f4e7175a6184dc1df4abb4aca36731/4768/14129530/1/Mazda-CX_5-2026.jpg'},{url:'https://imagescdn.d2cmedia.ca/s851f4e7175a6184dc1df4abb4aca36731/4768/14129530/1/Mazda-CX_5-2026.jpg'},{url:'https://imagescdn.d2cmedia.ca/cb51f4e7175a6184dc1df4abb4aca36731/4768/14129530/2/Mazda-CX_5-2026.jpg'},{url:'https://imagescdn.d2cmedia.ca/cb51f4e7175a6184dc1df4abb4aca36731/4768/14129530/3/Mazda-CX_5-2026.jpg'},{url:'https://imagescdn.d2cmedia.ca/cb51f4e7175a6184dc1df4abb4aca36731/4768/14129530/4/Mazda-CX_5-2026.jpg'},{url:'https://imagescdn.d2cmedia.ca/cb51f4e7175a6184dc1df4abb4aca36731/4768/14129530/5/Mazda-CX_5-2026.jpg'},{url:'https://imagescdn.d2cmedia.ca/cb51f4e7175a6184dc1df4abb4aca36731/4768/14129530/6/Mazda-CX_5-2026.jpg'},{url:'https://imagescdn.d2cmedia.ca/cb51f4e7175a6184dc1df4abb4aca36731/4768/14129530/7/Mazda-CX_5-2026.jpg'},{url:'https://imagescdn.d2cmedia.ca/cb51f4e7175a6184dc1df4abb4aca36731/4768/14129530/8/Mazda-CX_5-2026.jpg'},{url:'https://imagescdn.d2cmedia.ca/cb51f4e7175a6184dc1df4abb4aca36731/4768/14129530/9/Mazda-CX_5-2026.jpg'}]",150,KM,https://www.primamazda.com/new/inventory/2026-Mazda-CX_5-id14129530.html,2026 Mazda CX-5 4dr Awd Gs at Prima Mazda,42755 CAD,New,Black,,4768,Prima Mazda,+1-905-850-8111,"{addr1: '7635 Martin Grove Road', city: 'Woodbridge', region: 'Ontario', postal_code: 'L4L 2C5', country: 'CA'}",43.7739677000,-79.6083755000,,,,,https://www.primamazda.com/privacy-policy.html,New,4768,In stock,,42755 CAD,Free,
JM3KMBHA2T0190711,JM3KMBHA2T0190711,26-439-new,Mazda,CX-5,4dr Awd Gs,2026,AUTOMATIC,SUV,GASOLINE,,"2026 Mazda CX-5 4dr Awd Gs, Black exterior","[{url:'https://imagescdn.d2cmedia.ca/cb1cbd8d6e118b9d175a28bed61c0e9228/4768/14226075/1/Mazda-CX_5-2026.jpg'},{url:'https://imagescdn.d2cmedia.ca/s81cbd8d6e118b9d175a28bed61c0e9228/4768/14226075/1/Mazda-CX_5-2026.jpg'},{url:'https://imagescdn.d2cmedia.ca/cb1cbd8d6e118b9d175a28bed61c0e9228/4768/14226075/2/Mazda-CX_5-2026.jpg'},{url:'https://imagescdn.d2cmedia.ca/cb1cbd8d6e118b9d175a28bed61c0e9228/4768/14226075/3/Mazda-CX_5-2026.jpg'},{url:'https://imagescdn.d2cmedia.ca/cb1cbd8d6e118b9d175a28bed61c0e9228/4768/14226075/4/Mazda-CX_5-2026.jpg'},{url:'https://imagescdn.d2cmedia.ca/cb1cbd8d6e118b9d175a28bed61c0e9228/4768/14226075/5/Mazda-CX_5-2026.jpg'},{url:'https://imagescdn.d2cmedia.ca/cb1cbd8d6e118b9d175a28bed61c0e9228/4768/14226075/6/Mazda-CX_5-2026.jpg'},{url:'https://imagescdn.d2cmedia.ca/cb1cbd8d6e118b9d175a28bed61c0e9228/4768/14226075/7/Mazda-CX_5-2026.jpg'},{url:'https://imagescdn.d2cmedia.ca/cb1cbd8d6e118b9d175a28bed61c0e9228/4768/14226075/8/Mazda-CX_5-2026.jpg'},{url:'https://imagescdn.d2cmedia.ca/cb1cbd8d6e118b9d175a28bed61c0e9228/4768/14226075/9/Mazda-CX_5-2026.jpg'}]",150,KM,https://www.primamazda.com/new/inventory/2026-Mazda-CX_5-id14226075.html,2026 Mazda CX-5 4dr Awd Gs at Prima Mazda,42755 CAD,New,Black,,4768,Prima Mazda,+1-905-850-8111,"{addr1: '7635 Martin Grove Road', city: 'Woodbridge', region: 'Ontario', postal_code: 'L4L 2C5', country: 'CA'}",43.7739677000,-79.6083755000,,,,,https://www.primamazda.com/privacy-policy.html,New,4768,In stock,,42755 CAD,Free,
JM3KMBHA4T0195277,JM3KMBHA4T0195277,26-474-new,Mazda,CX-5,4dr Awd Gs,2026,AUTOMATIC,SUV,GASOLINE,,"2026 Mazda CX-5 4dr Awd Gs, Black exterior","[{url:'https://imagescdn.d2cmedia.ca/cb706ebdb0c3c5dea7ba15256b7a924f34/4768/14287346/1/Mazda-CX_5-2026.jpg'},{url:'https://imagescdn.d2cmedia.ca/s8706ebdb0c3c5dea7ba15256b7a924f34/4768/14287346/1/Mazda-CX_5-2026.jpg'},{url:'https://imagescdn.d2cmedia.ca/cb706ebdb0c3c5dea7ba15256b7a924f34/4768/14287346/2/Mazda-CX_5-2026.jpg'},{url:'https://imagescdn.d2cmedia.ca/cb706ebdb0c3c5dea7ba15256b7a924f34/4768/14287346/3/Mazda-CX_5-2026.jpg'},{url:'https://imagescdn.d2cmedia.ca/cb706ebdb0c3c5dea7ba15256b7a924f34/4768/14287346/4/Mazda-CX_5-2026.jpg'},{url:'https://imagescdn.d2cmedia.ca/cb706ebdb0c3c5dea7ba15256b7a924f34/4768/14287346/5/Mazda-CX_5-2026.jpg'},{url:'https://imagescdn.d2cmedia.ca/cb706ebdb0c3c5dea7ba15256b7a924f34/4768/14287346/6/Mazda-CX_5-2026.jpg'},{url:'https://imagescdn.d2cmedia.ca/cb706ebdb0c3c5dea7ba15256b7a924f34/4768/14287346/7/Mazda-CX_5-2026.jpg'},{url:'https://imagescdn.d2cmedia.ca/cb706ebdb0c3c5dea7ba15256b7a924f34/4768/14287346/8/Mazda-CX_5-2026.jpg'},{url:'https://imagescdn.d2cmedia.ca/cb706ebdb0c3c5dea7ba15256b7a924f34/4768/14287346/9/Mazda-CX_5-2026.jpg'}]",150,KM,https://www.primamazda.com/new/inventory/2026-Mazda-CX_5-id14287346.html,2026 Mazda CX-5 4dr Awd Gs at Prima Mazda,42755 CAD,New,Black,,4768,Prima Mazda,+1-905-850-8111,"{addr1: '7635 Martin Grove Road', city: 'Woodbridge', region: 'Ontario', postal_code: 'L4L 2C5', country: 'CA'}",43.7739677000,-79.6083755000,,,,,https://www.primamazda.com/privacy-policy.html,New,4768,In stock,,42755 CAD,Free,
JM3KMBHA5T0210370,JM3KMBHA5T0210370,26-510-new,Mazda,CX-5,4dr Awd Gs,2026,AUTOMATIC,SUV,GASOLINE,,"2026 Mazda CX-5 4dr Awd Gs, Blue exterior","[{url:'https://imagescdn.d2cmedia.ca/cb1d9aa6e576227135ce6b1bc5f4eccb2f/4768/14365684/1/Mazda-CX_5-2026.jpg'},{url:'https://imagescdn.d2cmedia.ca/s81d9aa6e576227135ce6b1bc5f4eccb2f/4768/14365684/1/Mazda-CX_5-2026.jpg'},{url:'https://imagescdn.d2cmedia.ca/cb1d9aa6e576227135ce6b1bc5f4eccb2f/4768/14365684/2/Mazda-CX_5-2026.jpg'},{url:'https://imagescdn.d2cmedia.ca/cb1d9aa6e576227135ce6b1bc5f4eccb2f/4768/14365684/3/Mazda-CX_5-2026.jpg'},{url:'https://imagescdn.d2cmedia.ca/cb1d9aa6e576227135ce6b1bc5f4eccb2f/4768/14365684/4/Mazda-CX_5-2026.jpg'},{url:'https://imagescdn.d2cmedia.ca/cb1d9aa6e576227135ce6b1bc5f4eccb2f/4768/14365684/5/Mazda-CX_5-2026.jpg'},{url:'https://imagescdn.d2cmedia.ca/cb1d9aa6e576227135ce6b1bc5f4eccb2f/4768/14365684/6/Mazda-CX_5-2026.jpg'},{url:'https://imagescdn.d2cmedia.ca/cb1d9aa6e576227135ce6b1bc5f4eccb2f/4768/14365684/7/Mazda-CX_5-2026.jpg'},{url:'https://imagescdn.d2cmedia.ca/cb1d9aa6e576227135ce6b1bc5f4eccb2f/4768/14365684/8/Mazda-CX_5-2026.jpg'},{url:'https://imagescdn.d2cmedia.ca/cb1d9aa6e576227135ce6b1bc5f4eccb2f/4768/14365684/9/Mazda-CX_5-2026.jpg'}]",150,KM,https://www.primamazda.com/new/inventory/2026-Mazda-CX_5-id14365684.html,2026 Mazda CX-5 4dr Awd Gs at Prima Mazda,42755 CAD,New,Blue,,4768,Prima Mazda,+1-905-850-8111,"{addr1: '7635 Martin Grove Road', city: 'Woodbridge', region: 'Ontario', postal_code: 'L4L 2C5', country: 'CA'}",43.7739677000,-79.6083755000,,,,,https://www.primamazda.com/privacy-policy.html,New,4768,In stock,,42755 CAD,Free,
JM3KMBHA7T0210208,JM3KMBHA7T0210208,26-512-new,Mazda,CX-5,4dr Awd Gs,2026,AUTOMATIC,SUV,GASOLINE,,"2026 Mazda CX-5 4dr Awd Gs, Black exterior","[{url:'https://imagescdn.d2cmedia.ca/cbf409ca44ca271ae88e2d815b6b8fde84/4768/14392713/1/Mazda-CX_5-2026.jpg'},{url:'https://imagescdn.d2cmedia.ca/s8f409ca44ca271ae88e2d815b6b8fde84/4768/14392713/1/Mazda-CX_5-2026.jpg'},{url:'https://imagescdn.d2cmedia.ca/cbf409ca44ca271ae88e2d815b6b8fde84/4768/14392713/2/Mazda-CX_5-2026.jpg'},{url:'https://imagescdn.d2cmedia.ca/cbf409ca44ca271ae88e2d815b6b8fde84/4768/14392713/3/Mazda-CX_5-2026.jpg'},{url:'https://imagescdn.d2cmedia.ca/cbf409ca44ca271ae88e2d815b6b8fde84/4768/14392713/4/Mazda-CX_5-2026.jpg'},{url:'https://imagescdn.d2cmedia.ca/cbf409ca44ca271ae88e2d815b6b8fde84/4768/14392713/5/Mazda-CX_5-2026.jpg'},{url:'https://imagescdn.d2cmedia.ca/cbf409ca44ca271ae88e2d815b6b8fde84/4768/14392713/6/Mazda-CX_5-2026.jpg'},{url:'https://imagescdn.d2cmedia.ca/cbf409ca44ca271ae88e2d815b6b8fde84/4768/14392713/7/Mazda-CX_5-2026.jpg'},{url:'https://imagescdn.d2cmedia.ca/cbf409ca44ca271ae88e2d815b6b8fde84/4768/14392713/8/Mazda-CX_5-2026.jpg'},{url:'https://imagescdn.d2cmedia.ca/cbf409ca44ca271ae88e2d815b6b8fde84/4768/14392713/9/Mazda-CX_5-2026.jpg'}]",150,KM,https://www.primamazda.com/new/inventory/2026-Mazda-CX_5-id14392713.html,2026 Mazda CX-5 4dr Awd Gs at Prima Mazda,42755 CAD,New,Black,,4768,Prima Mazda,+1-905-850-8111,"{addr1: '7635 Martin Grove Road', city: 'Woodbridge', region: 'Ontario', postal_code: 'L4L 2C5', country: 'CA'}",43.7739677000,-79.6083755000,,,,,https://www.primamazda.com/privacy-policy.html,New,4768,In stock,,42755 CAD,Free,
JM3KMBHA3T0123907,JM3KMBHA3T0123907,26-140-new,Mazda,CX-5,4dr Awd Gs,2026,AUTOMATIC,SUV,GASOLINE,,"2026 Mazda CX-5 4dr Awd Gs, Grey exterior","[{url:'https://imagescdn.d2cmedia.ca/cbfbd34c35c1e65c0136e34ed2e907b8d9/4768/13747150/1/Mazda-CX_5-2026.jpg'},{url:'https://imagescdn.d2cmedia.ca/s8fbd34c35c1e65c0136e34ed2e907b8d9/4768/13747150/1/Mazda-CX_5-2026.jpg'},{url:'https://imagescdn.d2cmedia.ca/cbfbd34c35c1e65c0136e34ed2e907b8d9/4768/13747150/2/Mazda-CX_5-2026.jpg'},{url:'https://imagescdn.d2cmedia.ca/cbfbd34c35c1e65c0136e34ed2e907b8d9/4768/13747150/3/Mazda-CX_5-2026.jpg'},{url:'https://imagescdn.d2cmedia.ca/cbfbd34c35c1e65c0136e34ed2e907b8d9/4768/13747150/4/Mazda-CX_5-2026.jpg'},{url:'https://imagescdn.d2cmedia.ca/cbfbd34c35c1e65c0136e34ed2e907b8d9/4768/13747150/5/Mazda-CX_5-2026.jpg'},{url:'https://imagescdn.d2cmedia.ca/cbfbd34c35c1e65c0136e34ed2e907b8d9/4768/13747150/6/Mazda-CX_5-2026.jpg'},{url:'https://imagescdn.d2cmedia.ca/cbfbd34c35c1e65c0136e34ed2e907b8d9/4768/13747150/7/Mazda-CX_5-2026.jpg'},{url:'https://imagescdn.d2cmedia.ca/cbfbd34c35c1e65c0136e34ed2e907b8d9/4768/13747150/8/Mazda-CX_5-2026.jpg'},{url:'https://imagescdn.d2cmedia.ca/cbfbd34c35c1e65c0136e34ed2e907b8d9/4768/13747150/9/Mazda-CX_5-2026.jpg'}]",150,KM,https://www.primamazda.com/new/inventory/2026-Mazda-CX_5-id13747150.html,2026 Mazda CX-5 4dr Awd Gs at Prima Mazda,43055 CAD,New,Grey,,4768,Prima Mazda,+1-905-850-8111,"{addr1: '7635 Martin Grove Road', city: 'Woodbridge', region: 'Ontario', postal_code: 'L4L 2C5', country: 'CA'}",43.7739677000,-79.6083755000,,,,,https://www.primamazda.com/privacy-policy.html,New,4768,In stock,,43055 CAD,Free,
JM3KMBHA4T0175238,JM3KMBHA4T0175238,26-367-new,Mazda,CX-5,4dr Awd Gs,2026,AUTOMATIC,SUV,GASOLINE,,"2026 Mazda CX-5 4dr Awd Gs, Grey exterior","[{url:'https://imagescdn.d2cmedia.ca/cb3dd2a63122e8279ee9802f10a2d0c0ba/4768/14093359/1/Mazda-CX_5-2026.jpg'},{url:'https://imagescdn.d2cmedia.ca/s83dd2a63122e8279ee9802f10a2d0c0ba/4768/14093359/1/Mazda-CX_5-2026.jpg'},{url:'https://imagescdn.d2cmedia.ca/cb3dd2a63122e8279ee9802f10a2d0c0ba/4768/14093359/2/Mazda-CX_5-2026.jpg'},{url:'https://imagescdn.d2cmedia.ca/cb3dd2a63122e8279ee9802f10a2d0c0ba/4768/14093359/3/Mazda-CX_5-2026.jpg'},{url:'https://imagescdn.d2cmedia.ca/cb3dd2a63122e8279ee9802f10a2d0c0ba/4768/14093359/4/Mazda-CX_5-2026.jpg'},{url:'https://imagescdn.d2cmedia.ca/cb3dd2a63122e8279ee9802f10a2d0c0ba/4768/14093359/5/Mazda-CX_5-2026.jpg'},{url:'https://imagescdn.d2cmedia.ca/cb3dd2a63122e8279ee9802f10a2d0c0ba/4768/14093359/6/Mazda-CX_5-2026.jpg'},{url:'https://imagescdn.d2cmedia.ca/cb3dd2a63122e8279ee9802f10a2d0c0ba/4768/14093359/7/Mazda-CX_5-2026.jpg'},{url:'https://imagescdn.d2cmedia.ca/cb3dd2a63122e8279ee9802f10a2d0c0ba/4768/14093359/8/Mazda-CX_5-2026.jpg'},{url:'https://imagescdn.d2cmedia.ca/cb3dd2a63122e8279ee9802f10a2d0c0ba/4768/14093359/9/Mazda-CX_5-2026.jpg'}]",150,KM,https://www.primamazda.com/new/inventory/2026-Mazda-CX_5-id14093359.html,2026 Mazda CX-5 4dr Awd Gs at Prima Mazda,43055 CAD,New,Grey,,4768,Prima Mazda,+1-905-850-8111,"{addr1: '7635 Martin Grove Road', city: 'Woodbridge', region: 'Ontario', postal_code: 'L4L 2C5', country: 'CA'}",43.7739677000,-79.6083755000,,,,,https://www.primamazda.com/privacy-policy.html,New,4768,In stock,,43055 CAD,Free,
JM3KMBHA2T0163573,JM3KMBHA2T0163573,26-385-new,Mazda,CX-5,4dr Awd Gs,2026,AUTOMATIC,SUV,GASOLINE,,"2026 Mazda CX-5 4dr Awd Gs, Grey exterior","[{url:'https://imagescdn.d2cmedia.ca/cb479250602a046771990cea100997c6b0/4768/14093370/1/Mazda-CX_5-2026.jpg'},{url:'https://imagescdn.d2cmedia.ca/s8479250602a046771990cea100997c6b0/4768/14093370/1/Mazda-CX_5-2026.jpg'},{url:'https://imagescdn.d2cmedia.ca/cb479250602a046771990cea100997c6b0/4768/14093370/2/Mazda-CX_5-2026.jpg'},{url:'https://imagescdn.d2cmedia.ca/cb479250602a046771990cea100997c6b0/4768/14093370/3/Mazda-CX_5-2026.jpg'},{url:'https://imagescdn.d2cmedia.ca/cb479250602a046771990cea100997c6b0/4768/14093370/4/Mazda-CX_5-2026.jpg'},{url:'https://imagescdn.d2cmedia.ca/cb479250602a046771990cea100997c6b0/4768/14093370/5/Mazda-CX_5-2026.jpg'},{url:'https://imagescdn.d2cmedia.ca/cb479250602a046771990cea100997c6b0/4768/14093370/6/Mazda-CX_5-2026.jpg'},{url:'https://imagescdn.d2cmedia.ca/cb479250602a046771990cea100997c6b0/4768/14093370/7/Mazda-CX_5-2026.jpg'},{url:'https://imagescdn.d2cmedia.ca/cb479250602a046771990cea100997c6b0/4768/14093370/8/Mazda-CX_5-2026.jpg'},{url:'https://imagescdn.d2cmedia.ca/cb479250602a046771990cea100997c6b0/4768/14093370/9/Mazda-CX_5-2026.jpg'}]",150,KM,https://www.primamazda.com/new/inventory/2026-Mazda-CX_5-id14093370.html,2026 Mazda CX-5 4dr Awd Gs at Prima Mazda,43055 CAD,New,Grey,,4768,Prima Mazda,+1-905-850-8111,"{addr1: '7635 Martin Grove Road', city: 'Woodbridge', region: 'Ontario', postal_code: 'L4L 2C5', country: 'CA'}",43.7739677000,-79.6083755000,,,,,https://www.primamazda.com/privacy-policy.html,New,4768,In stock,,43055 CAD,Free,
JM3KMBHA1T0175276,JM3KMBHA1T0175276,26-363-new,Mazda,CX-5,4dr Awd Gs,2026,AUTOMATIC,SUV,GASOLINE,,"2026 Mazda CX-5 4dr Awd Gs, Grey exterior","[{url:'https://imagescdn.d2cmedia.ca/cb793ddcfbbd42291376236d23676cba60/4768/14129528/1/Mazda-CX_5-2026.jpg'},{url:'https://imagescdn.d2cmedia.ca/s8793ddcfbbd42291376236d23676cba60/4768/14129528/1/Mazda-CX_5-2026.jpg'},{url:'https://imagescdn.d2cmedia.ca/cb793ddcfbbd42291376236d23676cba60/4768/14129528/2/Mazda-CX_5-2026.jpg'},{url:'https://imagescdn.d2cmedia.ca/cb793ddcfbbd42291376236d23676cba60/4768/14129528/3/Mazda-CX_5-2026.jpg'},{url:'https://imagescdn.d2cmedia.ca/cb793ddcfbbd42291376236d23676cba60/4768/14129528/4/Mazda-CX_5-2026.jpg'},{url:'https://imagescdn.d2cmedia.ca/cb793ddcfbbd42291376236d23676cba60/4768/14129528/5/Mazda-CX_5-2026.jpg'},{url:'https://imagescdn.d2cmedia.ca/cb793ddcfbbd42291376236d23676cba60/4768/14129528/6/Mazda-CX_5-2026.jpg'},{url:'https://imagescdn.d2cmedia.ca/cb793ddcfbbd42291376236d23676cba60/4768/14129528/7/Mazda-CX_5-2026.jpg'},{url:'https://imagescdn.d2cmedia.ca/cb793ddcfbbd42291376236d23676cba60/4768/14129528/8/Mazda-CX_5-2026.jpg'},{url:'https://imagescdn.d2cmedia.ca/cb793ddcfbbd42291376236d23676cba60/4768/14129528/9/Mazda-CX_5-2026.jpg'}]",150,KM,https://www.primamazda.com/new/inventory/2026-Mazda-CX_5-id14129528.html,2026 Mazda CX-5 4dr Awd Gs at Prima Mazda,43055 CAD,New,Grey,,4768,Prima Mazda,+1-905-850-8111,"{addr1: '7635 Martin Grove Road', city: 'Woodbridge', region: 'Ontario', postal_code: 'L4L 2C5', country: 'CA'}",43.7739677000,-79.6083755000,,,,,https://www.primamazda.com/privacy-policy.html,New,4768,In stock,,43055 CAD,Free,
JM3KMBHA8T0174772,JM3KMBHA8T0174772,26-368-new,Mazda,CX-5,4dr Awd Gs,2026,AUTOMATIC,SUV,GASOLINE,,"2026 Mazda CX-5 4dr Awd Gs, Grey exterior","[{url:'https://imagescdn.d2cmedia.ca/cb643c3633b90bb5c65fe9a2e0410d9734/4768/14129529/1/Mazda-CX_5-2026.jpg'},{url:'https://imagescdn.d2cmedia.ca/s8643c3633b90bb5c65fe9a2e0410d9734/4768/14129529/1/Mazda-CX_5-2026.jpg'},{url:'https://imagescdn.d2cmedia.ca/cb643c3633b90bb5c65fe9a2e0410d9734/4768/14129529/2/Mazda-CX_5-2026.jpg'},{url:'https://imagescdn.d2cmedia.ca/cb643c3633b90bb5c65fe9a2e0410d9734/4768/14129529/3/Mazda-CX_5-2026.jpg'},{url:'https://imagescdn.d2cmedia.ca/cb643c3633b90bb5c65fe9a2e0410d9734/4768/14129529/4/Mazda-CX_5-2026.jpg'},{url:'https://imagescdn.d2cmedia.ca/cb643c3633b90bb5c65fe9a2e0410d9734/4768/14129529/5/Mazda-CX_5-2026.jpg'},{url:'https://imagescdn.d2cmedia.ca/cb643c3633b90bb5c65fe9a2e0410d9734/4768/14129529/6/Mazda-CX_5-2026.jpg'},{url:'https://imagescdn.d2cmedia.ca/cb643c3633b90bb5c65fe9a2e0410d9734/4768/14129529/7/Mazda-CX_5-2026.jpg'},{url:'https://imagescdn.d2cmedia.ca/cb643c3633b90bb5c65fe9a2e0410d9734/4768/14129529/8/Mazda-CX_5-2026.jpg'},{url:'https://imagescdn.d2cmedia.ca/cb643c3633b90bb5c65fe9a2e0410d9734/4768/14129529/9/Mazda-CX_5-2026.jpg'}]",150,KM,https://www.primamazda.com/new/inventory/2026-Mazda-CX_5-id14129529.html,2026 Mazda CX-5 4dr Awd Gs at Prima Mazda,43055 CAD,New,Grey,,4768,Prima Mazda,+1-905-850-8111,"{addr1: '7635 Martin Grove Road', city: 'Woodbridge', region: 'Ontario', postal_code: 'L4L 2C5', country: 'CA'}",43.7739677000,-79.6083755000,,,,,https://www.primamazda.com/privacy-policy.html,New,4768,In stock,,43055 CAD,Free,
JM3KMBHA0T0175348,JM3KMBHA0T0175348,26-399-new,Mazda,CX-5,4dr Awd Gs,2026,AUTOMATIC,SUV,GASOLINE,,"2026 Mazda CX-5 4dr Awd Gs, Grey exterior","[{url:'https://imagescdn.d2cmedia.ca/cb93cdff183b66aefa3ca50eab75545ed2/4768/14141342/1/Mazda-CX_5-2026.jpg'},{url:'https://imagescdn.d2cmedia.ca/s893cdff183b66aefa3ca50eab75545ed2/4768/14141342/1/Mazda-CX_5-2026.jpg'},{url:'https://imagescdn.d2cmedia.ca/cb93cdff183b66aefa3ca50eab75545ed2/4768/14141342/2/Mazda-CX_5-2026.jpg'},{url:'https://imagescdn.d2cmedia.ca/cb93cdff183b66aefa3ca50eab75545ed2/4768/14141342/3/Mazda-CX_5-2026.jpg'},{url:'https://imagescdn.d2cmedia.ca/cb93cdff183b66aefa3ca50eab75545ed2/4768/14141342/4/Mazda-CX_5-2026.jpg'},{url:'https://imagescdn.d2cmedia.ca/cb93cdff183b66aefa3ca50eab75545ed2/4768/14141342/5/Mazda-CX_5-2026.jpg'},{url:'https://imagescdn.d2cmedia.ca/cb93cdff183b66aefa3ca50eab75545ed2/4768/14141342/6/Mazda-CX_5-2026.jpg'},{url:'https://imagescdn.d2cmedia.ca/cb93cdff183b66aefa3ca50eab75545ed2/4768/14141342/7/Mazda-CX_5-2026.jpg'},{url:'https://imagescdn.d2cmedia.ca/cb93cdff183b66aefa3ca50eab75545ed2/4768/14141342/8/Mazda-CX_5-2026.jpg'},{url:'https://imagescdn.d2cmedia.ca/cb93cdff183b66aefa3ca50eab75545ed2/4768/14141342/9/Mazda-CX_5-2026.jpg'}]",150,KM,https://www.primamazda.com/new/inventory/2026-Mazda-CX_5-id14141342.html,2026 Mazda CX-5 4dr Awd Gs at Prima Mazda,43055 CAD,New,Grey,,4768,Prima Mazda,+1-905-850-8111,"{addr1: '7635 Martin Grove Road', city: 'Woodbridge', region: 'Ontario', postal_code: 'L4L 2C5', country: 'CA'}",43.7739677000,-79.6083755000,,,,,https://www.primamazda.com/privacy-policy.html,New,4768,In stock,,43055 CAD,Free,
JM3KMBHA6T0187195,JM3KMBHA6T0187195,26-418-new,Mazda,CX-5,4dr Awd Gs,2026,AUTOMATIC,SUV,GASOLINE,,"2026 Mazda CX-5 4dr Awd Gs, Grey exterior","[{url:'https://imagescdn.d2cmedia.ca/cb7d5bf998fcdd7a80d270d64f41b3579f/4768/14178599/1/Mazda-CX_5-2026.jpg'},{url:'https://imagescdn.d2cmedia.ca/s87d5bf998fcdd7a80d270d64f41b3579f/4768/14178599/1/Mazda-CX_5-2026.jpg'},{url:'https://imagescdn.d2cmedia.ca/cb7d5bf998fcdd7a80d270d64f41b3579f/4768/14178599/2/Mazda-CX_5-2026.jpg'},{url:'https://imagescdn.d2cmedia.ca/cb7d5bf998fcdd7a80d270d64f41b3579f/4768/14178599/3/Mazda-CX_5-2026.jpg'},{url:'https://imagescdn.d2cmedia.ca/cb7d5bf998fcdd7a80d270d64f41b3579f/4768/14178599/4/Mazda-CX_5-2026.jpg'},{url:'https://imagescdn.d2cmedia.ca/cb7d5bf998fcdd7a80d270d64f41b3579f/4768/14178599/5/Mazda-CX_5-2026.jpg'},{url:'https://imagescdn.d2cmedia.ca/cb7d5bf998fcdd7a80d270d64f41b3579f/4768/14178599/6/Mazda-CX_5-2026.jpg'},{url:'https://imagescdn.d2cmedia.ca/cb7d5bf998fcdd7a80d270d64f41b3579f/4768/14178599/7/Mazda-CX_5-2026.jpg'},{url:'https://imagescdn.d2cmedia.ca/cb7d5bf998fcdd7a80d270d64f41b3579f/4768/14178599/8/Mazda-CX_5-2026.jpg'},{url:'https://imagescdn.d2cmedia.ca/cb7d5bf998fcdd7a80d270d64f41b3579f/4768/14178599/9/Mazda-CX_5-2026.jpg'}]",150,KM,https://www.primamazda.com/new/inventory/2026-Mazda-CX_5-id14178599.html,2026 Mazda CX-5 4dr Awd Gs at Prima Mazda,43055 CAD,New,Grey,,4768,Prima Mazda,+1-905-850-8111,"{addr1: '7635 Martin Grove Road', city: 'Woodbridge', region: 'Ontario', postal_code: 'L4L 2C5', country: 'CA'}",43.7739677000,-79.6083755000,,,,,https://www.primamazda.com/privacy-policy.html,New,4768,In stock,,43055 CAD,Free,
JM1BPBMY9T1898922,JM1BPBMY9T1898922,26-540-new,Mazda,Mazda3 Sport,4dr Awd At Gt Trbo I,2026,AUTOMATIC,HATCHBACK,GASOLINE,,"2026 Mazda Mazda3 Sport 4dr Awd At Gt Trbo I, Grey exterior","[{url:'https://carimages.d2cmedia.ca/newcarimages/en/cb6abaa6778d6e1/Mazda/Mazda3 Sport/2026/1200/483033-NERSIEFXRCBBVCBHVCBUUkJPIEk/Gray/front45.png'},{url:'https://carimages.d2cmedia.ca/newcarimages/en/cb6abaa6778d6e1/Mazda/Mazda3 Sport/2026/1280/483033/grey/front_45_degree.png'},{url:'https://carimages.d2cmedia.ca/newcarimages/en/cb6abaa6778d6e1/Mazda/Mazda3 Sport/2026/2100/483033/grey/front_45_degree.png'},{url:'https://carimages.d2cmedia.ca/newcarimages/en/cb6abaa6778d6e1/Mazda/Mazda3 Sport/2026/2100/483033/grey/profile.png'},{url:'https://carimages.d2cmedia.ca/newcarimages/en/cb6abaa6778d6e1/Mazda/Mazda3 Sport/2026/2100/483033/grey/back_45_degree.png'},{url:'https://carimages.d2cmedia.ca/newcarimages/en/cb6abaa6778d6e1/Mazda/Mazda3 Sport/2026/2100/483033/grey/driver_dashboard.png'},{url:'https://carimages.d2cmedia.ca/newcarimages/en/cb6abaa6778d6e1/Mazda/Mazda3 Sport/2026/2100/483033/grey/full_dashboard.png'},{url:'https://carimages.d2cmedia.ca/newcarimages/en/cb6abaa6778d6e1/Mazda/Mazda3 Sport/2026/2100/483033/grey/interior_driver_open_seat.png'},{url:'https://carimages.d2cmedia.ca/newcarimages/en/cb6abaa6778d6e1/Mazda/Mazda3 Sport/2026/2100/483033/grey/interior_driver_stereo.png'},{url:'https://carimages.d2cmedia.ca/newcarimages/en/cb6abaa6778d6e1/Mazda/Mazda3 Sport/2026/2100/483033/grey/interior_driver_reat_seats.png'}]",150,KM,https://www.primamazda.com/new/inventory/2026-Mazda-Mazda3_Sport-id14414003.html,2026 Mazda Mazda3 Sport 4dr Awd At Gt Trbo I at Prima Mazda,43055 CAD,New,Grey,,4768,Prima Mazda,+1-905-850-8111,"{addr1: '7635 Martin Grove Road', city: 'Woodbridge', region: 'Ontario', postal_code: 'L4L 2C5', country: 'CA'}",43.7739677000,-79.6083755000,,,,,https://www.primamazda.com/privacy-policy.html,New,4768,In stock,,43055 CAD,Free,
JM3KMBHA0T0203598,JM3KMBHA0T0203598,26-500-new,Mazda,CX-5,4dr Awd Gs,2026,AUTOMATIC,SUV,GASOLINE,,"2026 Mazda CX-5 4dr Awd Gs, Grey exterior","[{url:'https://imagescdn.d2cmedia.ca/cbe89d2b7e4ea58af5aa71f6719b16125d/4768/14334471/1/Mazda-CX_5-2026.jpg'},{url:'https://imagescdn.d2cmedia.ca/s8e89d2b7e4ea58af5aa71f6719b16125d/4768/14334471/1/Mazda-CX_5-2026.jpg'},{url:'https://imagescdn.d2cmedia.ca/cbe89d2b7e4ea58af5aa71f6719b16125d/4768/14334471/2/Mazda-CX_5-2026.jpg'},{url:'https://imagescdn.d2cmedia.ca/cbe89d2b7e4ea58af5aa71f6719b16125d/4768/14334471/3/Mazda-CX_5-2026.jpg'},{url:'https://imagescdn.d2cmedia.ca/cbe89d2b7e4ea58af5aa71f6719b16125d/4768/14334471/4/Mazda-CX_5-2026.jpg'},{url:'https://imagescdn.d2cmedia.ca/cbe89d2b7e4ea58af5aa71f6719b16125d/4768/14334471/5/Mazda-CX_5-2026.jpg'},{url:'https://imagescdn.d2cmedia.ca/cbe89d2b7e4ea58af5aa71f6719b16125d/4768/14334471/6/Mazda-CX_5-2026.jpg'},{url:'https://imagescdn.d2cmedia.ca/cbe89d2b7e4ea58af5aa71f6719b16125d/4768/14334471/7/Mazda-CX_5-2026.jpg'},{url:'https://imagescdn.d2cmedia.ca/cbe89d2b7e4ea58af5aa71f6719b16125d/4768/14334471/8/Mazda-CX_5-2026.jpg'},{url:'https://imagescdn.d2cmedia.ca/cbe89d2b7e4ea58af5aa71f6719b16125d/4768/14334471/9/Mazda-CX_5-2026.jpg'}]",150,KM,https://www.primamazda.com/new/inventory/2026-Mazda-CX_5-id14334471.html,2026 Mazda CX-5 4dr Awd Gs at Prima Mazda,43055 CAD,New,Grey,,4768,Prima Mazda,+1-905-850-8111,"{addr1: '7635 Martin Grove Road', city: 'Woodbridge', region: 'Ontario', postal_code: 'L4L 2C5', country: 'CA'}",43.7739677000,-79.6083755000,,,,,https://www.primamazda.com/privacy-policy.html,New,4768,In stock,,43055 CAD,Free,
JM3KMBHA8T0204174,JM3KMBHA8T0204174,26-501-new,Mazda,CX-5,4dr Awd Gs,2026,AUTOMATIC,SUV,GASOLINE,,"2026 Mazda CX-5 4dr Awd Gs, Grey exterior","[{url:'https://imagescdn.d2cmedia.ca/cb419337545e323316ea2579b73431b1d0/4768/14334472/1/Mazda-CX_5-2026.jpg'},{url:'https://imagescdn.d2cmedia.ca/s8419337545e323316ea2579b73431b1d0/4768/14334472/1/Mazda-CX_5-2026.jpg'},{url:'https://imagescdn.d2cmedia.ca/cb419337545e323316ea2579b73431b1d0/4768/14334472/2/Mazda-CX_5-2026.jpg'},{url:'https://imagescdn.d2cmedia.ca/cb419337545e323316ea2579b73431b1d0/4768/14334472/3/Mazda-CX_5-2026.jpg'},{url:'https://imagescdn.d2cmedia.ca/cb419337545e323316ea2579b73431b1d0/4768/14334472/4/Mazda-CX_5-2026.jpg'},{url:'https://imagescdn.d2cmedia.ca/cb419337545e323316ea2579b73431b1d0/4768/14334472/5/Mazda-CX_5-2026.jpg'},{url:'https://imagescdn.d2cmedia.ca/cb419337545e323316ea2579b73431b1d0/4768/14334472/6/Mazda-CX_5-2026.jpg'},{url:'https://imagescdn.d2cmedia.ca/cb419337545e323316ea2579b73431b1d0/4768/14334472/7/Mazda-CX_5-2026.jpg'},{url:'https://imagescdn.d2cmedia.ca/cb419337545e323316ea2579b73431b1d0/4768/14334472/8/Mazda-CX_5-2026.jpg'},{url:'https://imagescdn.d2cmedia.ca/cb419337545e323316ea2579b73431b1d0/4768/14334472/9/Mazda-CX_5-2026.jpg'}]",150,KM,https://www.primamazda.com/new/inventory/2026-Mazda-CX_5-id14334472.html,2026 Mazda CX-5 4dr Awd Gs at Prima Mazda,43055 CAD,New,Grey,,4768,Prima Mazda,+1-905-850-8111,"{addr1: '7635 Martin Grove Road', city: 'Woodbridge', region: 'Ontario', postal_code: 'L4L 2C5', country: 'CA'}",43.7739677000,-79.6083755000,,,,,https://www.primamazda.com/privacy-policy.html,New,4768,In stock,,43055 CAD,Free,
JM3KMBHA3T0210223,JM3KMBHA3T0210223,26-507-new,Mazda,CX-5,4dr Awd Gs,2026,AUTOMATIC,SUV,GASOLINE,,"2026 Mazda CX-5 4dr Awd Gs, Grey exterior","[{url:'https://imagescdn.d2cmedia.ca/cbcee9bb2f1e9c7ae6297d38f129bfcce1/4768/14359944/1/Mazda-CX_5-2026.jpg'},{url:'https://imagescdn.d2cmedia.ca/s8cee9bb2f1e9c7ae6297d38f129bfcce1/4768/14359944/1/Mazda-CX_5-2026.jpg'},{url:'https://imagescdn.d2cmedia.ca/cbcee9bb2f1e9c7ae6297d38f129bfcce1/4768/14359944/2/Mazda-CX_5-2026.jpg'},{url:'https://imagescdn.d2cmedia.ca/cbcee9bb2f1e9c7ae6297d38f129bfcce1/4768/14359944/3/Mazda-CX_5-2026.jpg'},{url:'https://imagescdn.d2cmedia.ca/cbcee9bb2f1e9c7ae6297d38f129bfcce1/4768/14359944/4/Mazda-CX_5-2026.jpg'},{url:'https://imagescdn.d2cmedia.ca/cbcee9bb2f1e9c7ae6297d38f129bfcce1/4768/14359944/5/Mazda-CX_5-2026.jpg'},{url:'https://imagescdn.d2cmedia.ca/cbcee9bb2f1e9c7ae6297d38f129bfcce1/4768/14359944/6/Mazda-CX_5-2026.jpg'},{url:'https://imagescdn.d2cmedia.ca/cbcee9bb2f1e9c7ae6297d38f129bfcce1/4768/14359944/7/Mazda-CX_5-2026.jpg'},{url:'https://imagescdn.d2cmedia.ca/cbcee9bb2f1e9c7ae6297d38f129bfcce1/4768/14359944/8/Mazda-CX_5-2026.jpg'},{url:'https://imagescdn.d2cmedia.ca/cbcee9bb2f1e9c7ae6297d38f129bfcce1/4768/14359944/9/Mazda-CX_5-2026.jpg'}]",150,KM,https://www.primamazda.com/new/inventory/2026-Mazda-CX_5-id14359944.html,2026 Mazda CX-5 4dr Awd Gs at Prima Mazda,43055 CAD,New,Grey,,4768,Prima Mazda,+1-905-850-8111,"{addr1: '7635 Martin Grove Road', city: 'Woodbridge', region: 'Ontario', postal_code: 'L4L 2C5', country: 'CA'}",43.7739677000,-79.6083755000,,,,,https://www.primamazda.com/privacy-policy.html,New,4768,In stock,,43055 CAD,Free,
JM3KMBHA6T0210443,JM3KMBHA6T0210443,26-511-new,Mazda,CX-5,4dr Awd Gs,2026,AUTOMATIC,SUV,GASOLINE,,"2026 Mazda CX-5 4dr Awd Gs, Grey exterior","[{url:'https://imagescdn.d2cmedia.ca/cb96258e35e4a3c37fa79690c211edb724/4768/14365685/1/Mazda-CX_5-2026.jpg'},{url:'https://imagescdn.d2cmedia.ca/s896258e35e4a3c37fa79690c211edb724/4768/14365685/1/Mazda-CX_5-2026.jpg'},{url:'https://imagescdn.d2cmedia.ca/cb96258e35e4a3c37fa79690c211edb724/4768/14365685/2/Mazda-CX_5-2026.jpg'},{url:'https://imagescdn.d2cmedia.ca/cb96258e35e4a3c37fa79690c211edb724/4768/14365685/3/Mazda-CX_5-2026.jpg'},{url:'https://imagescdn.d2cmedia.ca/cb96258e35e4a3c37fa79690c211edb724/4768/14365685/4/Mazda-CX_5-2026.jpg'},{url:'https://imagescdn.d2cmedia.ca/cb96258e35e4a3c37fa79690c211edb724/4768/14365685/5/Mazda-CX_5-2026.jpg'},{url:'https://imagescdn.d2cmedia.ca/cb96258e35e4a3c37fa79690c211edb724/4768/14365685/6/Mazda-CX_5-2026.jpg'},{url:'https://imagescdn.d2cmedia.ca/cb96258e35e4a3c37fa79690c211edb724/4768/14365685/7/Mazda-CX_5-2026.jpg'},{url:'https://imagescdn.d2cmedia.ca/cb96258e35e4a3c37fa79690c211edb724/4768/14365685/8/Mazda-CX_5-2026.jpg'},{url:'https://imagescdn.d2cmedia.ca/cb96258e35e4a3c37fa79690c211edb724/4768/14365685/9/Mazda-CX_5-2026.jpg'}]",150,KM,https://www.primamazda.com/new/inventory/2026-Mazda-CX_5-id14365685.html,2026 Mazda CX-5 4dr Awd Gs at Prima Mazda,43055 CAD,New,Grey,,4768,Prima Mazda,+1-905-850-8111,"{addr1: '7635 Martin Grove Road', city: 'Woodbridge', region: 'Ontario', postal_code: 'L4L 2C5', country: 'CA'}",43.7739677000,-79.6083755000,,,,,https://www.primamazda.com/privacy-policy.html,New,4768,In stock,,43055 CAD,Free,
JM3KMBHA7T0195399,JM3KMBHA7T0195399,26-483-new,Mazda,CX-5,4dr Awd Gs,2026,AUTOMATIC,SUV,GASOLINE,,"2026 Mazda CX-5 4dr Awd Gs, Grey exterior","[{url:'https://imagescdn.d2cmedia.ca/cb170719c2c25b65497414a61a9eb64da2/4768/14226079/1/Mazda-CX_5-2026.jpg'},{url:'https://imagescdn.d2cmedia.ca/s8170719c2c25b65497414a61a9eb64da2/4768/14226079/1/Mazda-CX_5-2026.jpg'},{url:'https://imagescdn.d2cmedia.ca/cb170719c2c25b65497414a61a9eb64da2/4768/14226079/2/Mazda-CX_5-2026.jpg'},{url:'https://imagescdn.d2cmedia.ca/cb170719c2c25b65497414a61a9eb64da2/4768/14226079/3/Mazda-CX_5-2026.jpg'},{url:'https://imagescdn.d2cmedia.ca/cb170719c2c25b65497414a61a9eb64da2/4768/14226079/4/Mazda-CX_5-2026.jpg'},{url:'https://imagescdn.d2cmedia.ca/cb170719c2c25b65497414a61a9eb64da2/4768/14226079/5/Mazda-CX_5-2026.jpg'},{url:'https://imagescdn.d2cmedia.ca/cb170719c2c25b65497414a61a9eb64da2/4768/14226079/6/Mazda-CX_5-2026.jpg'},{url:'https://imagescdn.d2cmedia.ca/cb170719c2c25b65497414a61a9eb64da2/4768/14226079/7/Mazda-CX_5-2026.jpg'},{url:'https://imagescdn.d2cmedia.ca/cb170719c2c25b65497414a61a9eb64da2/4768/14226079/8/Mazda-CX_5-2026.jpg'},{url:'https://imagescdn.d2cmedia.ca/cb170719c2c25b65497414a61a9eb64da2/4768/14226079/9/Mazda-CX_5-2026.jpg'}]",150,KM,https://www.primamazda.com/new/inventory/2026-Mazda-CX_5-id14226079.html,2026 Mazda CX-5 4dr Awd Gs at Prima Mazda,43155 CAD,New,Grey,,4768,Prima Mazda,+1-905-850-8111,"{addr1: '7635 Martin Grove Road', city: 'Woodbridge', region: 'Ontario', postal_code: 'L4L 2C5', country: 'CA'}",43.7739677000,-79.6083755000,,,,,https://www.primamazda.com/privacy-policy.html,New,4768,In stock,,43155 CAD,Free,
JM3KMBHA0T0195275,JM3KMBHA0T0195275,26-450-new,Mazda,CX-5,4dr Awd Gs,2026,AUTOMATIC,SUV,GASOLINE,,"2026 Mazda CX-5 4dr Awd Gs, Grey exterior","[{url:'https://imagescdn.d2cmedia.ca/cb65032ed7ff8214e484ded3d8a74f6221/4768/14256025/1/Mazda-CX_5-2026.jpg'},{url:'https://imagescdn.d2cmedia.ca/s865032ed7ff8214e484ded3d8a74f6221/4768/14256025/1/Mazda-CX_5-2026.jpg'},{url:'https://imagescdn.d2cmedia.ca/cb65032ed7ff8214e484ded3d8a74f6221/4768/14256025/2/Mazda-CX_5-2026.jpg'},{url:'https://imagescdn.d2cmedia.ca/cb65032ed7ff8214e484ded3d8a74f6221/4768/14256025/3/Mazda-CX_5-2026.jpg'},{url:'https://imagescdn.d2cmedia.ca/cb65032ed7ff8214e484ded3d8a74f6221/4768/14256025/4/Mazda-CX_5-2026.jpg'},{url:'https://imagescdn.d2cmedia.ca/cb65032ed7ff8214e484ded3d8a74f6221/4768/14256025/5/Mazda-CX_5-2026.jpg'},{url:'https://imagescdn.d2cmedia.ca/cb65032ed7ff8214e484ded3d8a74f6221/4768/14256025/6/Mazda-CX_5-2026.jpg'},{url:'https://imagescdn.d2cmedia.ca/cb65032ed7ff8214e484ded3d8a74f6221/4768/14256025/7/Mazda-CX_5-2026.jpg'},{url:'https://imagescdn.d2cmedia.ca/cb65032ed7ff8214e484ded3d8a74f6221/4768/14256025/8/Mazda-CX_5-2026.jpg'},{url:'https://imagescdn.d2cmedia.ca/cb65032ed7ff8214e484ded3d8a74f6221/4768/14256025/9/Mazda-CX_5-2026.jpg'}]",150,KM,https://www.primamazda.com/new/inventory/2026-Mazda-CX_5-id14256025.html,2026 Mazda CX-5 4dr Awd Gs at Prima Mazda,43155 CAD,New,Grey,,4768,Prima Mazda,+1-905-850-8111,"{addr1: '7635 Martin Grove Road', city: 'Woodbridge', region: 'Ontario', postal_code: 'L4L 2C5', country: 'CA'}",43.7739677000,-79.6083755000,,,,,https://www.primamazda.com/privacy-policy.html,New,4768,In stock,,43155 CAD,Free,
JM3KMBHA5T0210403,JM3KMBHA5T0210403,26-508-new,Mazda,CX-5,4dr Awd Gs,2026,AUTOMATIC,SUV,GASOLINE,,"2026 Mazda CX-5 4dr Awd Gs, White exterior","[{url:'https://imagescdn.d2cmedia.ca/cbdaf4834263859166868779c226aa8d8d/4768/14359945/1/Mazda-CX_5-2026.jpg'},{url:'https://imagescdn.d2cmedia.ca/s8daf4834263859166868779c226aa8d8d/4768/14359945/1/Mazda-CX_5-2026.jpg'},{url:'https://imagescdn.d2cmedia.ca/cbdaf4834263859166868779c226aa8d8d/4768/14359945/2/Mazda-CX_5-2026.jpg'},{url:'https://imagescdn.d2cmedia.ca/cbdaf4834263859166868779c226aa8d8d/4768/14359945/3/Mazda-CX_5-2026.jpg'},{url:'https://imagescdn.d2cmedia.ca/cbdaf4834263859166868779c226aa8d8d/4768/14359945/4/Mazda-CX_5-2026.jpg'},{url:'https://imagescdn.d2cmedia.ca/cbdaf4834263859166868779c226aa8d8d/4768/14359945/5/Mazda-CX_5-2026.jpg'},{url:'https://imagescdn.d2cmedia.ca/cbdaf4834263859166868779c226aa8d8d/4768/14359945/6/Mazda-CX_5-2026.jpg'},{url:'https://imagescdn.d2cmedia.ca/cbdaf4834263859166868779c226aa8d8d/4768/14359945/7/Mazda-CX_5-2026.jpg'},{url:'https://imagescdn.d2cmedia.ca/cbdaf4834263859166868779c226aa8d8d/4768/14359945/8/Mazda-CX_5-2026.jpg'},{url:'https://imagescdn.d2cmedia.ca/cbdaf4834263859166868779c226aa8d8d/4768/14359945/9/Mazda-CX_5-2026.jpg'}]",150,KM,https://www.primamazda.com/new/inventory/2026-Mazda-CX_5-id14359945.html,2026 Mazda CX-5 4dr Awd Gs at Prima Mazda,43155 CAD,New,White,,4768,Prima Mazda,+1-905-850-8111,"{addr1: '7635 Martin Grove Road', city: 'Woodbridge', region: 'Ontario', postal_code: 'L4L 2C5', country: 'CA'}",43.7739677000,-79.6083755000,,,,,https://www.primamazda.com/privacy-policy.html,New,4768,In stock,,43155 CAD,Free,
JM3KMBHAXT0211174,JM3KMBHAXT0211174,26-527-new,Mazda,CX-5,4dr Awd Gs,2026,AUTOMATIC,SUV,GASOLINE,,"2026 Mazda CX-5 4dr Awd Gs, White exterior","[{url:'https://imagescdn.d2cmedia.ca/cb66499c10b7e1c04d048376b870c88501/4768/14427325/1/Mazda-CX_5-2026.jpg'},{url:'https://imagescdn.d2cmedia.ca/s866499c10b7e1c04d048376b870c88501/4768/14427325/1/Mazda-CX_5-2026.jpg'},{url:'https://imagescdn.d2cmedia.ca/cb66499c10b7e1c04d048376b870c88501/4768/14427325/2/Mazda-CX_5-2026.jpg'},{url:'https://imagescdn.d2cmedia.ca/cb66499c10b7e1c04d048376b870c88501/4768/14427325/3/Mazda-CX_5-2026.jpg'},{url:'https://imagescdn.d2cmedia.ca/cb66499c10b7e1c04d048376b870c88501/4768/14427325/4/Mazda-CX_5-2026.jpg'},{url:'https://imagescdn.d2cmedia.ca/cb66499c10b7e1c04d048376b870c88501/4768/14427325/5/Mazda-CX_5-2026.jpg'},{url:'https://imagescdn.d2cmedia.ca/cb66499c10b7e1c04d048376b870c88501/4768/14427325/6/Mazda-CX_5-2026.jpg'},{url:'https://imagescdn.d2cmedia.ca/cb66499c10b7e1c04d048376b870c88501/4768/14427325/7/Mazda-CX_5-2026.jpg'},{url:'https://imagescdn.d2cmedia.ca/cb66499c10b7e1c04d048376b870c88501/4768/14427325/8/Mazda-CX_5-2026.jpg'},{url:'https://imagescdn.d2cmedia.ca/cb66499c10b7e1c04d048376b870c88501/4768/14427325/9/Mazda-CX_5-2026.jpg'}]",150,KM,https://www.primamazda.com/new/inventory/2026-Mazda-CX_5-id14427325.html,2026 Mazda CX-5 4dr Awd Gs at Prima Mazda,43155 CAD,New,White,,4768,Prima Mazda,+1-905-850-8111,"{addr1: '7635 Martin Grove Road', city: 'Woodbridge', region: 'Ontario', postal_code: 'L4L 2C5', country: 'CA'}",43.7739677000,-79.6083755000,,,,,https://www.primamazda.com/privacy-policy.html,New,4768,In stock,,43155 CAD,Free,
JM3KMBHAXT0211949,JM3KMBHAXT0211949,26-528-new,Mazda,CX-5,4dr Awd Gs,2026,AUTOMATIC,SUV,GASOLINE,,"2026 Mazda CX-5 4dr Awd Gs, Grey exterior","[{url:'https://imagescdn.d2cmedia.ca/cb2556d183d3f3465178e3ada0fda7ba57/4768/14427326/1/Mazda-CX_5-2026.jpg'},{url:'https://imagescdn.d2cmedia.ca/s82556d183d3f3465178e3ada0fda7ba57/4768/14427326/1/Mazda-CX_5-2026.jpg'},{url:'https://imagescdn.d2cmedia.ca/cb2556d183d3f3465178e3ada0fda7ba57/4768/14427326/2/Mazda-CX_5-2026.jpg'},{url:'https://imagescdn.d2cmedia.ca/cb2556d183d3f3465178e3ada0fda7ba57/4768/14427326/3/Mazda-CX_5-2026.jpg'},{url:'https://imagescdn.d2cmedia.ca/cb2556d183d3f3465178e3ada0fda7ba57/4768/14427326/4/Mazda-CX_5-2026.jpg'},{url:'https://imagescdn.d2cmedia.ca/cb2556d183d3f3465178e3ada0fda7ba57/4768/14427326/5/Mazda-CX_5-2026.jpg'},{url:'https://imagescdn.d2cmedia.ca/cb2556d183d3f3465178e3ada0fda7ba57/4768/14427326/6/Mazda-CX_5-2026.jpg'},{url:'https://imagescdn.d2cmedia.ca/cb2556d183d3f3465178e3ada0fda7ba57/4768/14427326/7/Mazda-CX_5-2026.jpg'},{url:'https://imagescdn.d2cmedia.ca/cb2556d183d3f3465178e3ada0fda7ba57/4768/14427326/8/Mazda-CX_5-2026.jpg'},{url:'https://imagescdn.d2cmedia.ca/cb2556d183d3f3465178e3ada0fda7ba57/4768/14427326/9/Mazda-CX_5-2026.jpg'}]",150,KM,https://www.primamazda.com/new/inventory/2026-Mazda-CX_5-id14427326.html,2026 Mazda CX-5 4dr Awd Gs at Prima Mazda,43155 CAD,New,Grey,,4768,Prima Mazda,+1-905-850-8111,"{addr1: '7635 Martin Grove Road', city: 'Woodbridge', region: 'Ontario', postal_code: 'L4L 2C5', country: 'CA'}",43.7739677000,-79.6083755000,,,,,https://www.primamazda.com/privacy-policy.html,New,4768,In stock,,43155 CAD,Free,
JM3KMCHA3T0191906,JM3KMCHA3T0191906,26-440-new,Mazda,CX-5,4dr Awd Gt,2026,AUTOMATIC,SUV,GASOLINE,,"2026 Mazda CX-5 4dr Awd Gt, Black exterior","[{url:'https://imagescdn.d2cmedia.ca/cbee17f1b4b5236d8289ebd25b76af82ea/4768/14226076/1/Mazda-CX_5-2026.jpg'},{url:'https://imagescdn.d2cmedia.ca/s8ee17f1b4b5236d8289ebd25b76af82ea/4768/14226076/1/Mazda-CX_5-2026.jpg'},{url:'https://imagescdn.d2cmedia.ca/cbee17f1b4b5236d8289ebd25b76af82ea/4768/14226076/2/Mazda-CX_5-2026.jpg'},{url:'https://imagescdn.d2cmedia.ca/cbee17f1b4b5236d8289ebd25b76af82ea/4768/14226076/3/Mazda-CX_5-2026.jpg'},{url:'https://imagescdn.d2cmedia.ca/cbee17f1b4b5236d8289ebd25b76af82ea/4768/14226076/4/Mazda-CX_5-2026.jpg'},{url:'https://imagescdn.d2cmedia.ca/cbee17f1b4b5236d8289ebd25b76af82ea/4768/14226076/5/Mazda-CX_5-2026.jpg'},{url:'https://imagescdn.d2cmedia.ca/cbee17f1b4b5236d8289ebd25b76af82ea/4768/14226076/6/Mazda-CX_5-2026.jpg'},{url:'https://imagescdn.d2cmedia.ca/cbee17f1b4b5236d8289ebd25b76af82ea/4768/14226076/7/Mazda-CX_5-2026.jpg'},{url:'https://imagescdn.d2cmedia.ca/cbee17f1b4b5236d8289ebd25b76af82ea/4768/14226076/8/Mazda-CX_5-2026.jpg'},{url:'https://imagescdn.d2cmedia.ca/cbee17f1b4b5236d8289ebd25b76af82ea/4768/14226076/9/Mazda-CX_5-2026.jpg'}]",150,KM,https://www.primamazda.com/new/inventory/2026-Mazda-CX_5-id14226076.html,2026 Mazda CX-5 4dr Awd Gt at Prima Mazda,45755 CAD,New,Black,,4768,Prima Mazda,+1-905-850-8111,"{addr1: '7635 Martin Grove Road', city: 'Woodbridge', region: 'Ontario', postal_code: 'L4L 2C5', country: 'CA'}",43.7739677000,-79.6083755000,,,,,https://www.primamazda.com/privacy-policy.html,New,4768,In stock,,45755 CAD,Free,
JM3KMCHA3T0185376,JM3KMCHA3T0185376,26-458-new,Mazda,CX-5,4dr Awd Gt,2026,AUTOMATIC,SUV,GASOLINE,,"2026 Mazda CX-5 4dr Awd Gt, Blue exterior","[{url:'https://imagescdn.d2cmedia.ca/cb291ee7eff329a058bea7979a6bb70850/4768/14237407/1/Mazda-CX_5-2026.jpg'},{url:'https://imagescdn.d2cmedia.ca/s8291ee7eff329a058bea7979a6bb70850/4768/14237407/1/Mazda-CX_5-2026.jpg'},{url:'https://imagescdn.d2cmedia.ca/cb291ee7eff329a058bea7979a6bb70850/4768/14237407/2/Mazda-CX_5-2026.jpg'},{url:'https://imagescdn.d2cmedia.ca/cb291ee7eff329a058bea7979a6bb70850/4768/14237407/3/Mazda-CX_5-2026.jpg'},{url:'https://imagescdn.d2cmedia.ca/cb291ee7eff329a058bea7979a6bb70850/4768/14237407/4/Mazda-CX_5-2026.jpg'},{url:'https://imagescdn.d2cmedia.ca/cb291ee7eff329a058bea7979a6bb70850/4768/14237407/5/Mazda-CX_5-2026.jpg'},{url:'https://imagescdn.d2cmedia.ca/cb291ee7eff329a058bea7979a6bb70850/4768/14237407/6/Mazda-CX_5-2026.jpg'},{url:'https://imagescdn.d2cmedia.ca/cb291ee7eff329a058bea7979a6bb70850/4768/14237407/7/Mazda-CX_5-2026.jpg'},{url:'https://imagescdn.d2cmedia.ca/cb291ee7eff329a058bea7979a6bb70850/4768/14237407/8/Mazda-CX_5-2026.jpg'},{url:'https://imagescdn.d2cmedia.ca/cb291ee7eff329a058bea7979a6bb70850/4768/14237407/9/Mazda-CX_5-2026.jpg'}]",150,KM,https://www.primamazda.com/new/inventory/2026-Mazda-CX_5-id14237407.html,2026 Mazda CX-5 4dr Awd Gt at Prima Mazda,45755 CAD,New,Blue,,4768,Prima Mazda,+1-905-850-8111,"{addr1: '7635 Martin Grove Road', city: 'Woodbridge', region: 'Ontario', postal_code: 'L4L 2C5', country: 'CA'}",43.7739677000,-79.6083755000,,,,,https://www.primamazda.com/privacy-policy.html,New,4768,In stock,,45755 CAD,Free,
JM3KMCHA1T0200649,JM3KMCHA1T0200649,26-478-new,Mazda,CX-5,4dr Awd Gt,2026,AUTOMATIC,SUV,GASOLINE,,"2026 Mazda CX-5 4dr Awd Gt, Black exterior","[{url:'https://imagescdn.d2cmedia.ca/cb99fe11694e087824d1b6c96f5141b12a/4768/14267476/1/Mazda-CX_5-2026.jpg'},{url:'https://imagescdn.d2cmedia.ca/s899fe11694e087824d1b6c96f5141b12a/4768/14267476/1/Mazda-CX_5-2026.jpg'},{url:'https://imagescdn.d2cmedia.ca/cb99fe11694e087824d1b6c96f5141b12a/4768/14267476/2/Mazda-CX_5-2026.jpg'},{url:'https://imagescdn.d2cmedia.ca/cb99fe11694e087824d1b6c96f5141b12a/4768/14267476/3/Mazda-CX_5-2026.jpg'},{url:'https://imagescdn.d2cmedia.ca/cb99fe11694e087824d1b6c96f5141b12a/4768/14267476/4/Mazda-CX_5-2026.jpg'},{url:'https://imagescdn.d2cmedia.ca/cb99fe11694e087824d1b6c96f5141b12a/4768/14267476/5/Mazda-CX_5-2026.jpg'},{url:'https://imagescdn.d2cmedia.ca/cb99fe11694e087824d1b6c96f5141b12a/4768/14267476/6/Mazda-CX_5-2026.jpg'},{url:'https://imagescdn.d2cmedia.ca/cb99fe11694e087824d1b6c96f5141b12a/4768/14267476/7/Mazda-CX_5-2026.jpg'},{url:'https://imagescdn.d2cmedia.ca/cb99fe11694e087824d1b6c96f5141b12a/4768/14267476/8/Mazda-CX_5-2026.jpg'},{url:'https://imagescdn.d2cmedia.ca/cb99fe11694e087824d1b6c96f5141b12a/4768/14267476/9/Mazda-CX_5-2026.jpg'}]",150,KM,https://www.primamazda.com/new/inventory/2026-Mazda-CX_5-id14267476.html,2026 Mazda CX-5 4dr Awd Gt at Prima Mazda,45755 CAD,New,Black,,4768,Prima Mazda,+1-905-850-8111,"{addr1: '7635 Martin Grove Road', city: 'Woodbridge', region: 'Ontario', postal_code: 'L4L 2C5', country: 'CA'}",43.7739677000,-79.6083755000,,,,,https://www.primamazda.com/privacy-policy.html,New,4768,In stock,,45755 CAD,Free,
JM3KKBHD1T1403688,JM3KKBHD1T1403688,26-392-new,Mazda,CX-90 MHEV,4dr Awd Gs,2026,AUTOMATIC,SUV,GASOLINE,,"2026 Mazda CX-90 MHEV 4dr Awd Gs, Blue exterior","[{url:'https://imagescdn.d2cmedia.ca/cb26b09ea417f0a334ee347a9d5b570c18/4768/14041476/1/Mazda-CX_90 MHEV-2026.jpg'},{url:'https://imagescdn.d2cmedia.ca/s826b09ea417f0a334ee347a9d5b570c18/4768/14041476/1/Mazda-CX_90_MHEV-2026.jpg'},{url:'https://imagescdn.d2cmedia.ca/cb26b09ea417f0a334ee347a9d5b570c18/4768/14041476/1/Mazda-CX_90_MHEV-2026.jpg'},{url:'https://imagescdn.d2cmedia.ca/cb26b09ea417f0a334ee347a9d5b570c18/4768/14041476/2/Mazda-CX_90_MHEV-2026.jpg'},{url:'https://imagescdn.d2cmedia.ca/cb26b09ea417f0a334ee347a9d5b570c18/4768/14041476/3/Mazda-CX_90_MHEV-2026.jpg'},{url:'https://imagescdn.d2cmedia.ca/cb26b09ea417f0a334ee347a9d5b570c18/4768/14041476/4/Mazda-CX_90_MHEV-2026.jpg'},{url:'https://imagescdn.d2cmedia.ca/cb26b09ea417f0a334ee347a9d5b570c18/4768/14041476/5/Mazda-CX_90_MHEV-2026.jpg'},{url:'https://imagescdn.d2cmedia.ca/cb26b09ea417f0a334ee347a9d5b570c18/4768/14041476/6/Mazda-CX_90_MHEV-2026.jpg'},{url:'https://imagescdn.d2cmedia.ca/cb26b09ea417f0a334ee347a9d5b570c18/4768/14041476/7/Mazda-CX_90_MHEV-2026.jpg'},{url:'https://imagescdn.d2cmedia.ca/cb26b09ea417f0a334ee347a9d5b570c18/4768/14041476/8/Mazda-CX_90_MHEV-2026.jpg'}]",150,KM,https://www.primamazda.com/new/inventory/2026-Mazda-CX_90_MHEV-id14041476.html,2026 Mazda CX-90 MHEV 4dr Awd Gs at Prima Mazda,50655 CAD,New,Blue,,4768,Prima Mazda,+1-905-850-8111,"{addr1: '7635 Martin Grove Road', city: 'Woodbridge', region: 'Ontario', postal_code: 'L4L 2C5', country: 'CA'}",43.7739677000,-79.6083755000,,,,,https://www.primamazda.com/privacy-policy.html,New,4768,In stock,,50655 CAD,Free,
JM3KKBHDXT1400711,JM3KKBHDXT1400711,26-384-new,Mazda,CX-90 MHEV,4dr Awd Gs,2026,AUTOMATIC,SUV,GASOLINE,,"2026 Mazda CX-90 MHEV 4dr Awd Gs, Grey exterior","[{url:'https://carimages.d2cmedia.ca/newcarimages/en/cb6abaa6778d6e1/Mazda/CX-90 MHEV/2026/1200/483114-NERSIEFXRCBHUw/Gray/front45.png'},{url:'https://carimages.d2cmedia.ca/newcarimages/en/cb6abaa6778d6e1/Mazda/CX-90 MHEV/2026/1280/483114/grey/front_45_degree.png'},{url:'https://carimages.d2cmedia.ca/newcarimages/en/cb6abaa6778d6e1/Mazda/CX-90 MHEV/2026/2100/483114/grey/front_45_degree.png'},{url:'https://carimages.d2cmedia.ca/newcarimages/en/cb6abaa6778d6e1/Mazda/CX-90 MHEV/2026/2100/483114/grey/profile.png'},{url:'https://carimages.d2cmedia.ca/newcarimages/en/cb6abaa6778d6e1/Mazda/CX-90 MHEV/2026/2100/483114/grey/full_dashboard.png'}]",150,KM,https://www.primamazda.com/new/inventory/2026-Mazda-CX_90_MHEV-id14093369.html,2026 Mazda CX-90 MHEV 4dr Awd Gs at Prima Mazda,51055 CAD,New,Grey,,4768,Prima Mazda,+1-905-850-8111,"{addr1: '7635 Martin Grove Road', city: 'Woodbridge', region: 'Ontario', postal_code: 'L4L 2C5', country: 'CA'}",43.7739677000,-79.6083755000,,,,,https://www.primamazda.com/privacy-policy.html,New,4768,In stock,,51055 CAD,Free,
JM3KKCHD4T1390926,JM3KKCHD4T1390926,26-194-new,Mazda,CX-90 MHEV,4dr Awd Gs-L,2026,AUTOMATIC,SUV,GASOLINE,,"2026 Mazda CX-90 MHEV 4dr Awd Gs-L, White exterior","[{url:'https://imagescdn.d2cmedia.ca/cbfbcdcd1dec973e6634981db5a741e41d/4768/13791680/1/Mazda-CX_90 MHEV-2026.jpg'},{url:'https://imagescdn.d2cmedia.ca/s8fbcdcd1dec973e6634981db5a741e41d/4768/13791680/1/Mazda-CX_90_MHEV-2026.jpg'},{url:'https://imagescdn.d2cmedia.ca/cbfbcdcd1dec973e6634981db5a741e41d/4768/13791680/1/Mazda-CX_90_MHEV-2026.jpg'},{url:'https://imagescdn.d2cmedia.ca/cbfbcdcd1dec973e6634981db5a741e41d/4768/13791680/2/Mazda-CX_90_MHEV-2026.jpg'},{url:'https://imagescdn.d2cmedia.ca/cbfbcdcd1dec973e6634981db5a741e41d/4768/13791680/3/Mazda-CX_90_MHEV-2026.jpg'},{url:'https://imagescdn.d2cmedia.ca/cbfbcdcd1dec973e6634981db5a741e41d/4768/13791680/4/Mazda-CX_90_MHEV-2026.jpg'},{url:'https://imagescdn.d2cmedia.ca/cbfbcdcd1dec973e6634981db5a741e41d/4768/13791680/5/Mazda-CX_90_MHEV-2026.jpg'},{url:'https://imagescdn.d2cmedia.ca/cbfbcdcd1dec973e6634981db5a741e41d/4768/13791680/6/Mazda-CX_90_MHEV-2026.jpg'},{url:'https://imagescdn.d2cmedia.ca/cbfbcdcd1dec973e6634981db5a741e41d/4768/13791680/7/Mazda-CX_90_MHEV-2026.jpg'},{url:'https://imagescdn.d2cmedia.ca/cbfbcdcd1dec973e6634981db5a741e41d/4768/13791680/8/Mazda-CX_90_MHEV-2026.jpg'}]",150,KM,https://www.primamazda.com/new/inventory/2026-Mazda-CX_90_MHEV-id13791680.html,2026 Mazda CX-90 MHEV 4dr Awd Gs-L at Prima Mazda,55055 CAD,New,White,,4768,Prima Mazda,+1-905-850-8111,"{addr1: '7635 Martin Grove Road', city: 'Woodbridge', region: 'Ontario', postal_code: 'L4L 2C5', country: 'CA'}",43.7739677000,-79.6083755000,,,,,https://www.primamazda.com/privacy-policy.html,New,4768,In stock,,55055 CAD,Free,
JM3KKCHD4T1391560,JM3KKCHD4T1391560,26-217-new,Mazda,CX-90 MHEV,4dr Awd Gs-L,2026,AUTOMATIC,SUV,GASOLINE,,"2026 Mazda CX-90 MHEV 4dr Awd Gs-L, Grey exterior","[{url:'https://imagescdn.d2cmedia.ca/cbbc4cfa33af700a39020d1aeee253a3a0/4768/13823757/1/Mazda-CX_90 MHEV-2026.jpg'},{url:'https://imagescdn.d2cmedia.ca/s8bc4cfa33af700a39020d1aeee253a3a0/4768/13823757/1/Mazda-CX_90_MHEV-2026.jpg'},{url:'https://imagescdn.d2cmedia.ca/cbbc4cfa33af700a39020d1aeee253a3a0/4768/13823757/1/Mazda-CX_90_MHEV-2026.jpg'},{url:'https://imagescdn.d2cmedia.ca/cbbc4cfa33af700a39020d1aeee253a3a0/4768/13823757/2/Mazda-CX_90_MHEV-2026.jpg'},{url:'https://imagescdn.d2cmedia.ca/cbbc4cfa33af700a39020d1aeee253a3a0/4768/13823757/3/Mazda-CX_90_MHEV-2026.jpg'},{url:'https://imagescdn.d2cmedia.ca/cbbc4cfa33af700a39020d1aeee253a3a0/4768/13823757/4/Mazda-CX_90_MHEV-2026.jpg'},{url:'https://imagescdn.d2cmedia.ca/cbbc4cfa33af700a39020d1aeee253a3a0/4768/13823757/5/Mazda-CX_90_MHEV-2026.jpg'},{url:'https://imagescdn.d2cmedia.ca/cbbc4cfa33af700a39020d1aeee253a3a0/4768/13823757/6/Mazda-CX_90_MHEV-2026.jpg'},{url:'https://imagescdn.d2cmedia.ca/cbbc4cfa33af700a39020d1aeee253a3a0/4768/13823757/7/Mazda-CX_90_MHEV-2026.jpg'},{url:'https://imagescdn.d2cmedia.ca/cbbc4cfa33af700a39020d1aeee253a3a0/4768/13823757/8/Mazda-CX_90_MHEV-2026.jpg'}]",150,KM,https://www.primamazda.com/new/inventory/2026-Mazda-CX_90_MHEV-id13823757.html,2026 Mazda CX-90 MHEV 4dr Awd Gs-L at Prima Mazda,55055 CAD,New,Grey,,4768,Prima Mazda,+1-905-850-8111,"{addr1: '7635 Martin Grove Road', city: 'Woodbridge', region: 'Ontario', postal_code: 'L4L 2C5', country: 'CA'}",43.7739677000,-79.6083755000,,,,,https://www.primamazda.com/privacy-policy.html,New,4768,In stock,,55055 CAD,Free,
JM3KKCHD2T1391847,JM3KKCHD2T1391847,26-211-new,Mazda,CX-90 MHEV,4dr Awd Gs-L,2026,AUTOMATIC,SUV,GASOLINE,,"2026 Mazda CX-90 MHEV 4dr Awd Gs-L, Grey exterior","[{url:'https://imagescdn.d2cmedia.ca/cbbac2332a00b14494efa508681facd7d9/4768/13851363/1/Mazda-CX_90 MHEV-2026.jpg'},{url:'https://imagescdn.d2cmedia.ca/s8bac2332a00b14494efa508681facd7d9/4768/13851363/1/Mazda-CX_90_MHEV-2026.jpg'},{url:'https://imagescdn.d2cmedia.ca/cbbac2332a00b14494efa508681facd7d9/4768/13851363/1/Mazda-CX_90_MHEV-2026.jpg'},{url:'https://imagescdn.d2cmedia.ca/cbbac2332a00b14494efa508681facd7d9/4768/13851363/2/Mazda-CX_90_MHEV-2026.jpg'},{url:'https://imagescdn.d2cmedia.ca/cbbac2332a00b14494efa508681facd7d9/4768/13851363/3/Mazda-CX_90_MHEV-2026.jpg'},{url:'https://imagescdn.d2cmedia.ca/cbbac2332a00b14494efa508681facd7d9/4768/13851363/4/Mazda-CX_90_MHEV-2026.jpg'},{url:'https://imagescdn.d2cmedia.ca/cbbac2332a00b14494efa508681facd7d9/4768/13851363/5/Mazda-CX_90_MHEV-2026.jpg'},{url:'https://imagescdn.d2cmedia.ca/cbbac2332a00b14494efa508681facd7d9/4768/13851363/6/Mazda-CX_90_MHEV-2026.jpg'},{url:'https://imagescdn.d2cmedia.ca/cbbac2332a00b14494efa508681facd7d9/4768/13851363/7/Mazda-CX_90_MHEV-2026.jpg'},{url:'https://imagescdn.d2cmedia.ca/cbbac2332a00b14494efa508681facd7d9/4768/13851363/8/Mazda-CX_90_MHEV-2026.jpg'}]",150,KM,https://www.primamazda.com/new/inventory/2026-Mazda-CX_90_MHEV-id13851363.html,2026 Mazda CX-90 MHEV 4dr Awd Gs-L at Prima Mazda,55055 CAD,New,Grey,,4768,Prima Mazda,+1-905-850-8111,"{addr1: '7635 Martin Grove Road', city: 'Woodbridge', region: 'Ontario', postal_code: 'L4L 2C5', country: 'CA'}",43.7739677000,-79.6083755000,,,,,https://www.primamazda.com/privacy-policy.html,New,4768,In stock,,55055 CAD,Free,
JM3KKDHD8T1407345,JM3KKDHD8T1407345,26-433-new,Mazda,CX-90 MHEV,4dr Awd Gt,2026,AUTOMATIC,SUV,GASOLINE,,"2026 Mazda CX-90 MHEV 4dr Awd Gt, Black exterior","[{url:'https://imagescdn.d2cmedia.ca/cbf26f48cae6e558dae092df548a85b466/4768/14200380/1/Mazda-CX_90 MHEV-2026.jpg'},{url:'https://imagescdn.d2cmedia.ca/s8f26f48cae6e558dae092df548a85b466/4768/14200380/1/Mazda-CX_90_MHEV-2026.jpg'},{url:'https://imagescdn.d2cmedia.ca/cbf26f48cae6e558dae092df548a85b466/4768/14200380/1/Mazda-CX_90_MHEV-2026.jpg'},{url:'https://imagescdn.d2cmedia.ca/cbf26f48cae6e558dae092df548a85b466/4768/14200380/2/Mazda-CX_90_MHEV-2026.jpg'},{url:'https://imagescdn.d2cmedia.ca/cbf26f48cae6e558dae092df548a85b466/4768/14200380/3/Mazda-CX_90_MHEV-2026.jpg'},{url:'https://imagescdn.d2cmedia.ca/cbf26f48cae6e558dae092df548a85b466/4768/14200380/4/Mazda-CX_90_MHEV-2026.jpg'},{url:'https://imagescdn.d2cmedia.ca/cbf26f48cae6e558dae092df548a85b466/4768/14200380/5/Mazda-CX_90_MHEV-2026.jpg'},{url:'https://imagescdn.d2cmedia.ca/cbf26f48cae6e558dae092df548a85b466/4768/14200380/6/Mazda-CX_90_MHEV-2026.jpg'},{url:'https://imagescdn.d2cmedia.ca/cbf26f48cae6e558dae092df548a85b466/4768/14200380/7/Mazda-CX_90_MHEV-2026.jpg'},{url:'https://imagescdn.d2cmedia.ca/cbf26f48cae6e558dae092df548a85b466/4768/14200380/8/Mazda-CX_90_MHEV-2026.jpg'}]",150,KM,https://www.primamazda.com/new/inventory/2026-Mazda-CX_90_MHEV-id14200380.html,2026 Mazda CX-90 MHEV 4dr Awd Gt at Prima Mazda,59255 CAD,New,Black,,4768,Prima Mazda,+1-905-850-8111,"{addr1: '7635 Martin Grove Road', city: 'Woodbridge', region: 'Ontario', postal_code: 'L4L 2C5', country: 'CA'}",43.7739677000,-79.6083755000,,,,,https://www.primamazda.com/privacy-policy.html,New,4768,In stock,,59255 CAD,Free,
JM3KKDHD3T1409262,JM3KKDHD3T1409262,26-548-new,Mazda,CX-90 MHEV,4dr Awd Gt,2026,AUTOMATIC,SUV,GASOLINE,,"2026 Mazda CX-90 MHEV 4dr Awd Gt, Black exterior","[{url:'https://imagescdn.d2cmedia.ca/cb29c772612fcb1eba1a79169a5001f661/4768/14414010/1/Mazda-CX_90 MHEV-2026.jpg'},{url:'https://imagescdn.d2cmedia.ca/s829c772612fcb1eba1a79169a5001f661/4768/14414010/1/Mazda-CX_90_MHEV-2026.jpg'},{url:'https://imagescdn.d2cmedia.ca/cb29c772612fcb1eba1a79169a5001f661/4768/14414010/1/Mazda-CX_90_MHEV-2026.jpg'},{url:'https://imagescdn.d2cmedia.ca/cb29c772612fcb1eba1a79169a5001f661/4768/14414010/2/Mazda-CX_90_MHEV-2026.jpg'},{url:'https://imagescdn.d2cmedia.ca/cb29c772612fcb1eba1a79169a5001f661/4768/14414010/3/Mazda-CX_90_MHEV-2026.jpg'},{url:'https://imagescdn.d2cmedia.ca/cb29c772612fcb1eba1a79169a5001f661/4768/14414010/4/Mazda-CX_90_MHEV-2026.jpg'},{url:'https://imagescdn.d2cmedia.ca/cb29c772612fcb1eba1a79169a5001f661/4768/14414010/5/Mazda-CX_90_MHEV-2026.jpg'},{url:'https://imagescdn.d2cmedia.ca/cb29c772612fcb1eba1a79169a5001f661/4768/14414010/6/Mazda-CX_90_MHEV-2026.jpg'},{url:'https://imagescdn.d2cmedia.ca/cb29c772612fcb1eba1a79169a5001f661/4768/14414010/7/Mazda-CX_90_MHEV-2026.jpg'},{url:'https://imagescdn.d2cmedia.ca/cb29c772612fcb1eba1a79169a5001f661/4768/14414010/8/Mazda-CX_90_MHEV-2026.jpg'}]",150,KM,https://www.primamazda.com/new/inventory/2026-Mazda-CX_90_MHEV-id14414010.html,2026 Mazda CX-90 MHEV 4dr Awd Gt at Prima Mazda,59255 CAD,New,Black,,4768,Prima Mazda,+1-905-850-8111,"{addr1: '7635 Martin Grove Road', city: 'Woodbridge', region: 'Ontario', postal_code: 'L4L 2C5', country: 'CA'}",43.7739677000,-79.6083755000,,,,,https://www.primamazda.com/privacy-policy.html,New,4768,In stock,,59255 CAD,Free,
JM3KKDHD0T1390184,JM3KKDHD0T1390184,26-197-new,Mazda,CX-90 MHEV,4dr Awd Gt,2026,AUTOMATIC,SUV,GASOLINE,,"2026 Mazda CX-90 MHEV 4dr Awd Gt, Grey exterior","[{url:'https://imagescdn.d2cmedia.ca/cb3eb9f99b5549564767fb4e84b8a7daf1/4768/13803089/1/Mazda-CX_90 MHEV-2026.jpg'},{url:'https://imagescdn.d2cmedia.ca/s83eb9f99b5549564767fb4e84b8a7daf1/4768/13803089/1/Mazda-CX_90_MHEV-2026.jpg'},{url:'https://imagescdn.d2cmedia.ca/cb3eb9f99b5549564767fb4e84b8a7daf1/4768/13803089/1/Mazda-CX_90_MHEV-2026.jpg'},{url:'https://imagescdn.d2cmedia.ca/cb3eb9f99b5549564767fb4e84b8a7daf1/4768/13803089/2/Mazda-CX_90_MHEV-2026.jpg'},{url:'https://imagescdn.d2cmedia.ca/cb3eb9f99b5549564767fb4e84b8a7daf1/4768/13803089/3/Mazda-CX_90_MHEV-2026.jpg'},{url:'https://imagescdn.d2cmedia.ca/cb3eb9f99b5549564767fb4e84b8a7daf1/4768/13803089/4/Mazda-CX_90_MHEV-2026.jpg'},{url:'https://imagescdn.d2cmedia.ca/cb3eb9f99b5549564767fb4e84b8a7daf1/4768/13803089/5/Mazda-CX_90_MHEV-2026.jpg'},{url:'https://imagescdn.d2cmedia.ca/cb3eb9f99b5549564767fb4e84b8a7daf1/4768/13803089/6/Mazda-CX_90_MHEV-2026.jpg'},{url:'https://imagescdn.d2cmedia.ca/cb3eb9f99b5549564767fb4e84b8a7daf1/4768/13803089/7/Mazda-CX_90_MHEV-2026.jpg'},{url:'https://imagescdn.d2cmedia.ca/cb3eb9f99b5549564767fb4e84b8a7daf1/4768/13803089/8/Mazda-CX_90_MHEV-2026.jpg'}]",150,KM,https://www.primamazda.com/new/inventory/2026-Mazda-CX_90_MHEV-id13803089.html,2026 Mazda CX-90 MHEV 4dr Awd Gt at Prima Mazda,59655 CAD,New,Grey,,4768,Prima Mazda,+1-905-850-8111,"{addr1: '7635 Martin Grove Road', city: 'Woodbridge', region: 'Ontario', postal_code: 'L4L 2C5', country: 'CA'}",43.7739677000,-79.6083755000,,,,,https://www.primamazda.com/privacy-policy.html,New,4768,In stock,,59655 CAD,Free,
JM3KKDHD4T1396070,JM3KKDHD4T1396070,26-275-new,Mazda,CX-90 MHEV,4dr Awd Gt,2026,AUTOMATIC,SUV,GASOLINE,,"2026 Mazda CX-90 MHEV 4dr Awd Gt, White exterior","[{url:'https://imagescdn.d2cmedia.ca/cb0dfa301f2862dcff132a3fbf7e557719/4768/13942596/1/Mazda-CX_90 MHEV-2026.jpg'},{url:'https://imagescdn.d2cmedia.ca/s80dfa301f2862dcff132a3fbf7e557719/4768/13942596/1/Mazda-CX_90_MHEV-2026.jpg'},{url:'https://imagescdn.d2cmedia.ca/cb0dfa301f2862dcff132a3fbf7e557719/4768/13942596/1/Mazda-CX_90_MHEV-2026.jpg'},{url:'https://imagescdn.d2cmedia.ca/cb0dfa301f2862dcff132a3fbf7e557719/4768/13942596/2/Mazda-CX_90_MHEV-2026.jpg'},{url:'https://imagescdn.d2cmedia.ca/cb0dfa301f2862dcff132a3fbf7e557719/4768/13942596/3/Mazda-CX_90_MHEV-2026.jpg'},{url:'https://imagescdn.d2cmedia.ca/cb0dfa301f2862dcff132a3fbf7e557719/4768/13942596/4/Mazda-CX_90_MHEV-2026.jpg'},{url:'https://imagescdn.d2cmedia.ca/cb0dfa301f2862dcff132a3fbf7e557719/4768/13942596/5/Mazda-CX_90_MHEV-2026.jpg'},{url:'https://imagescdn.d2cmedia.ca/cb0dfa301f2862dcff132a3fbf7e557719/4768/13942596/6/Mazda-CX_90_MHEV-2026.jpg'},{url:'https://imagescdn.d2cmedia.ca/cb0dfa301f2862dcff132a3fbf7e557719/4768/13942596/7/Mazda-CX_90_MHEV-2026.jpg'},{url:'https://imagescdn.d2cmedia.ca/cb0dfa301f2862dcff132a3fbf7e557719/4768/13942596/8/Mazda-CX_90_MHEV-2026.jpg'}]",150,KM,https://www.primamazda.com/new/inventory/2026-Mazda-CX_90_MHEV-id13942596.html,2026 Mazda CX-90 MHEV 4dr Awd Gt at Prima Mazda,59655 CAD,New,White,,4768,Prima Mazda,+1-905-850-8111,"{addr1: '7635 Martin Grove Road', city: 'Woodbridge', region: 'Ontario', postal_code: 'L4L 2C5', country: 'CA'}",43.7739677000,-79.6083755000,,,,,https://www.primamazda.com/privacy-policy.html,New,4768,In stock,,59655 CAD,Free,
JM3KKDHD4T1398918,JM3KKDHD4T1398918,26-329-new,Mazda,CX-90 MHEV,4dr Awd Gt,2026,AUTOMATIC,SUV,GASOLINE,,"2026 Mazda CX-90 MHEV 4dr Awd Gt, Grey exterior","[{url:'https://imagescdn.d2cmedia.ca/cb808ceb56ab65b10e470195553f1b27e3/4768/14041471/1/Mazda-CX_90 MHEV-2026.jpg'},{url:'https://imagescdn.d2cmedia.ca/s8808ceb56ab65b10e470195553f1b27e3/4768/14041471/1/Mazda-CX_90_MHEV-2026.jpg'},{url:'https://imagescdn.d2cmedia.ca/cb808ceb56ab65b10e470195553f1b27e3/4768/14041471/1/Mazda-CX_90_MHEV-2026.jpg'},{url:'https://imagescdn.d2cmedia.ca/cb808ceb56ab65b10e470195553f1b27e3/4768/14041471/2/Mazda-CX_90_MHEV-2026.jpg'},{url:'https://imagescdn.d2cmedia.ca/cb808ceb56ab65b10e470195553f1b27e3/4768/14041471/3/Mazda-CX_90_MHEV-2026.jpg'},{url:'https://imagescdn.d2cmedia.ca/cb808ceb56ab65b10e470195553f1b27e3/4768/14041471/4/Mazda-CX_90_MHEV-2026.jpg'},{url:'https://imagescdn.d2cmedia.ca/cb808ceb56ab65b10e470195553f1b27e3/4768/14041471/5/Mazda-CX_90_MHEV-2026.jpg'},{url:'https://imagescdn.d2cmedia.ca/cb808ceb56ab65b10e470195553f1b27e3/4768/14041471/6/Mazda-CX_90_MHEV-2026.jpg'},{url:'https://imagescdn.d2cmedia.ca/cb808ceb56ab65b10e470195553f1b27e3/4768/14041471/7/Mazda-CX_90_MHEV-2026.jpg'},{url:'https://imagescdn.d2cmedia.ca/cb808ceb56ab65b10e470195553f1b27e3/4768/14041471/8/Mazda-CX_90_MHEV-2026.jpg'}]",150,KM,https://www.primamazda.com/new/inventory/2026-Mazda-CX_90_MHEV-id14041471.html,2026 Mazda CX-90 MHEV 4dr Awd Gt at Prima Mazda,59655 CAD,New,Grey,,4768,Prima Mazda,+1-905-850-8111,"{addr1: '7635 Martin Grove Road', city: 'Woodbridge', region: 'Ontario', postal_code: 'L4L 2C5', country: 'CA'}",43.7739677000,-79.6083755000,,,,,https://www.primamazda.com/privacy-policy.html,New,4768,In stock,,59655 CAD,Free,
JM3KKDHD4T1407505,JM3KKDHD4T1407505,26-416-new,Mazda,CX-90 MHEV,4dr Awd Gt,2026,AUTOMATIC,SUV,GASOLINE,,"2026 Mazda CX-90 MHEV 4dr Awd Gt, White exterior","[{url:'https://imagescdn.d2cmedia.ca/cb82c0d02431a006bae881704e205b4bf5/4768/14178598/1/Mazda-CX_90 MHEV-2026.jpg'},{url:'https://imagescdn.d2cmedia.ca/s882c0d02431a006bae881704e205b4bf5/4768/14178598/1/Mazda-CX_90_MHEV-2026.jpg'},{url:'https://imagescdn.d2cmedia.ca/cb82c0d02431a006bae881704e205b4bf5/4768/14178598/1/Mazda-CX_90_MHEV-2026.jpg'},{url:'https://imagescdn.d2cmedia.ca/cb82c0d02431a006bae881704e205b4bf5/4768/14178598/2/Mazda-CX_90_MHEV-2026.jpg'},{url:'https://imagescdn.d2cmedia.ca/cb82c0d02431a006bae881704e205b4bf5/4768/14178598/3/Mazda-CX_90_MHEV-2026.jpg'},{url:'https://imagescdn.d2cmedia.ca/cb82c0d02431a006bae881704e205b4bf5/4768/14178598/4/Mazda-CX_90_MHEV-2026.jpg'},{url:'https://imagescdn.d2cmedia.ca/cb82c0d02431a006bae881704e205b4bf5/4768/14178598/5/Mazda-CX_90_MHEV-2026.jpg'},{url:'https://imagescdn.d2cmedia.ca/cb82c0d02431a006bae881704e205b4bf5/4768/14178598/6/Mazda-CX_90_MHEV-2026.jpg'},{url:'https://imagescdn.d2cmedia.ca/cb82c0d02431a006bae881704e205b4bf5/4768/14178598/7/Mazda-CX_90_MHEV-2026.jpg'},{url:'https://imagescdn.d2cmedia.ca/cb82c0d02431a006bae881704e205b4bf5/4768/14178598/8/Mazda-CX_90_MHEV-2026.jpg'}]",150,KM,https://www.primamazda.com/new/inventory/2026-Mazda-CX_90_MHEV-id14178598.html,2026 Mazda CX-90 MHEV 4dr Awd Gt at Prima Mazda,59655 CAD,New,White,,4768,Prima Mazda,+1-905-850-8111,"{addr1: '7635 Martin Grove Road', city: 'Woodbridge', region: 'Ontario', postal_code: 'L4L 2C5', country: 'CA'}",43.7739677000,-79.6083755000,,,,,https://www.primamazda.com/privacy-policy.html,New,4768,In stock,,59655 CAD,Free,
JM3KKDHD2T1407082,JM3KKDHD2T1407082,26-432-new,Mazda,CX-90 MHEV,4dr Awd Gt,2026,AUTOMATIC,SUV,GASOLINE,,"2026 Mazda CX-90 MHEV 4dr Awd Gt, Grey exterior","[{url:'https://imagescdn.d2cmedia.ca/cb1c43394af32187fe9c51fcb5b895b012/4768/14189767/1/Mazda-CX_90 MHEV-2026.jpg'},{url:'https://imagescdn.d2cmedia.ca/s81c43394af32187fe9c51fcb5b895b012/4768/14189767/1/Mazda-CX_90_MHEV-2026.jpg'},{url:'https://imagescdn.d2cmedia.ca/cb1c43394af32187fe9c51fcb5b895b012/4768/14189767/1/Mazda-CX_90_MHEV-2026.jpg'},{url:'https://imagescdn.d2cmedia.ca/cb1c43394af32187fe9c51fcb5b895b012/4768/14189767/2/Mazda-CX_90_MHEV-2026.jpg'},{url:'https://imagescdn.d2cmedia.ca/cb1c43394af32187fe9c51fcb5b895b012/4768/14189767/3/Mazda-CX_90_MHEV-2026.jpg'},{url:'https://imagescdn.d2cmedia.ca/cb1c43394af32187fe9c51fcb5b895b012/4768/14189767/4/Mazda-CX_90_MHEV-2026.jpg'},{url:'https://imagescdn.d2cmedia.ca/cb1c43394af32187fe9c51fcb5b895b012/4768/14189767/5/Mazda-CX_90_MHEV-2026.jpg'},{url:'https://imagescdn.d2cmedia.ca/cb1c43394af32187fe9c51fcb5b895b012/4768/14189767/6/Mazda-CX_90_MHEV-2026.jpg'},{url:'https://imagescdn.d2cmedia.ca/cb1c43394af32187fe9c51fcb5b895b012/4768/14189767/7/Mazda-CX_90_MHEV-2026.jpg'},{url:'https://imagescdn.d2cmedia.ca/cb1c43394af32187fe9c51fcb5b895b012/4768/14189767/8/Mazda-CX_90_MHEV-2026.jpg'}]",150,KM,https://www.primamazda.com/new/inventory/2026-Mazda-CX_90_MHEV-id14189767.html,2026 Mazda CX-90 MHEV 4dr Awd Gt at Prima Mazda,59655 CAD,New,Grey,,4768,Prima Mazda,+1-905-850-8111,"{addr1: '7635 Martin Grove Road', city: 'Woodbridge', region: 'Ontario', postal_code: 'L4L 2C5', country: 'CA'}",43.7739677000,-79.6083755000,,,,,https://www.primamazda.com/privacy-policy.html,New,4768,In stock,,59655 CAD,Free,
JM3KKDHC0T1397093,JM3KKDHC0T1397093,26-261-new,Mazda,CX-90 MHEV,4dr Awd Gt-P,2026,AUTOMATIC,SUV,GASOLINE,,"2026 Mazda CX-90 MHEV 4dr Awd Gt-P, Black exterior","[{url:'https://imagescdn.d2cmedia.ca/cb80049cae26408bc6e91c56c85775b37e/4768/13923929/1/Mazda-CX_90 MHEV-2026.jpg'},{url:'https://imagescdn.d2cmedia.ca/s880049cae26408bc6e91c56c85775b37e/4768/13923929/1/Mazda-CX_90_MHEV-2026.jpg'},{url:'https://imagescdn.d2cmedia.ca/cb80049cae26408bc6e91c56c85775b37e/4768/13923929/1/Mazda-CX_90_MHEV-2026.jpg'},{url:'https://imagescdn.d2cmedia.ca/cb80049cae26408bc6e91c56c85775b37e/4768/13923929/2/Mazda-CX_90_MHEV-2026.jpg'},{url:'https://imagescdn.d2cmedia.ca/cb80049cae26408bc6e91c56c85775b37e/4768/13923929/3/Mazda-CX_90_MHEV-2026.jpg'},{url:'https://imagescdn.d2cmedia.ca/cb80049cae26408bc6e91c56c85775b37e/4768/13923929/4/Mazda-CX_90_MHEV-2026.jpg'},{url:'https://imagescdn.d2cmedia.ca/cb80049cae26408bc6e91c56c85775b37e/4768/13923929/5/Mazda-CX_90_MHEV-2026.jpg'},{url:'https://imagescdn.d2cmedia.ca/cb80049cae26408bc6e91c56c85775b37e/4768/13923929/6/Mazda-CX_90_MHEV-2026.jpg'},{url:'https://imagescdn.d2cmedia.ca/cb80049cae26408bc6e91c56c85775b37e/4768/13923929/7/Mazda-CX_90_MHEV-2026.jpg'},{url:'https://imagescdn.d2cmedia.ca/cb80049cae26408bc6e91c56c85775b37e/4768/13923929/8/Mazda-CX_90_MHEV-2026.jpg'}]",150,KM,https://www.primamazda.com/new/inventory/2026-Mazda-CX_90_MHEV-id13923929.html,2026 Mazda CX-90 MHEV 4dr Awd Gt-P at Prima Mazda,63205 CAD,New,Black,,4768,Prima Mazda,+1-905-850-8111,"{addr1: '7635 Martin Grove Road', city: 'Woodbridge', region: 'Ontario', postal_code: 'L4L 2C5', country: 'CA'}",43.7739677000,-79.6083755000,,,,,https://www.primamazda.com/privacy-policy.html,New,4768,In stock,,63205 CAD,Free,
JM3KKDHC1T1415195,JM3KKDHC1T1415195,26-492-new,Mazda,CX-90 MHEV,4dr Awd Gt-P,2026,AUTOMATIC,SUV,GASOLINE,,"2026 Mazda CX-90 MHEV 4dr Awd Gt-P, Black exterior","[{url:'https://imagescdn.d2cmedia.ca/cbb91dc85638c51ec18d8b6243dea254cd/4768/14334467/1/Mazda-CX_90 MHEV-2026.jpg'},{url:'https://imagescdn.d2cmedia.ca/s8b91dc85638c51ec18d8b6243dea254cd/4768/14334467/1/Mazda-CX_90_MHEV-2026.jpg'},{url:'https://imagescdn.d2cmedia.ca/cbb91dc85638c51ec18d8b6243dea254cd/4768/14334467/1/Mazda-CX_90_MHEV-2026.jpg'},{url:'https://imagescdn.d2cmedia.ca/cbb91dc85638c51ec18d8b6243dea254cd/4768/14334467/2/Mazda-CX_90_MHEV-2026.jpg'},{url:'https://imagescdn.d2cmedia.ca/cbb91dc85638c51ec18d8b6243dea254cd/4768/14334467/3/Mazda-CX_90_MHEV-2026.jpg'},{url:'https://imagescdn.d2cmedia.ca/cbb91dc85638c51ec18d8b6243dea254cd/4768/14334467/4/Mazda-CX_90_MHEV-2026.jpg'},{url:'https://imagescdn.d2cmedia.ca/cbb91dc85638c51ec18d8b6243dea254cd/4768/14334467/5/Mazda-CX_90_MHEV-2026.jpg'},{url:'https://imagescdn.d2cmedia.ca/cbb91dc85638c51ec18d8b6243dea254cd/4768/14334467/6/Mazda-CX_90_MHEV-2026.jpg'},{url:'https://imagescdn.d2cmedia.ca/cbb91dc85638c51ec18d8b6243dea254cd/4768/14334467/7/Mazda-CX_90_MHEV-2026.jpg'},{url:'https://imagescdn.d2cmedia.ca/cbb91dc85638c51ec18d8b6243dea254cd/4768/14334467/8/Mazda-CX_90_MHEV-2026.jpg'}]",150,KM,https://www.primamazda.com/new/inventory/2026-Mazda-CX_90_MHEV-id14334467.html,2026 Mazda CX-90 MHEV 4dr Awd Gt-P at Prima Mazda,63205 CAD,New,Black,,4768,Prima Mazda,+1-905-850-8111,"{addr1: '7635 Martin Grove Road', city: 'Woodbridge', region: 'Ontario', postal_code: 'L4L 2C5', country: 'CA'}",43.7739677000,-79.6083755000,,,,,https://www.primamazda.com/privacy-policy.html,New,4768,In stock,,63205 CAD,Free,
JM3KKDHCXT1395173,JM3KKDHCXT1395173,26-268-new,Mazda,CX-90 MHEV,4dr Awd Gt-P,2026,AUTOMATIC,SUV,GASOLINE,,"2026 Mazda CX-90 MHEV 4dr Awd Gt-P, Grey exterior","[{url:'https://imagescdn.d2cmedia.ca/cb5dbe83817eb0bd36a114700872015c71/4768/13929658/1/Mazda-CX_90 MHEV-2026.jpg'},{url:'https://imagescdn.d2cmedia.ca/s85dbe83817eb0bd36a114700872015c71/4768/13929658/1/Mazda-CX_90_MHEV-2026.jpg'},{url:'https://imagescdn.d2cmedia.ca/cb5dbe83817eb0bd36a114700872015c71/4768/13929658/1/Mazda-CX_90_MHEV-2026.jpg'},{url:'https://imagescdn.d2cmedia.ca/cb5dbe83817eb0bd36a114700872015c71/4768/13929658/2/Mazda-CX_90_MHEV-2026.jpg'},{url:'https://imagescdn.d2cmedia.ca/cb5dbe83817eb0bd36a114700872015c71/4768/13929658/3/Mazda-CX_90_MHEV-2026.jpg'},{url:'https://imagescdn.d2cmedia.ca/cb5dbe83817eb0bd36a114700872015c71/4768/13929658/4/Mazda-CX_90_MHEV-2026.jpg'},{url:'https://imagescdn.d2cmedia.ca/cb5dbe83817eb0bd36a114700872015c71/4768/13929658/5/Mazda-CX_90_MHEV-2026.jpg'},{url:'https://imagescdn.d2cmedia.ca/cb5dbe83817eb0bd36a114700872015c71/4768/13929658/6/Mazda-CX_90_MHEV-2026.jpg'},{url:'https://imagescdn.d2cmedia.ca/cb5dbe83817eb0bd36a114700872015c71/4768/13929658/7/Mazda-CX_90_MHEV-2026.jpg'},{url:'https://imagescdn.d2cmedia.ca/cb5dbe83817eb0bd36a114700872015c71/4768/13929658/8/Mazda-CX_90_MHEV-2026.jpg'}]",150,KM,https://www.primamazda.com/new/inventory/2026-Mazda-CX_90_MHEV-id13929658.html,2026 Mazda CX-90 MHEV 4dr Awd Gt-P at Prima Mazda,63605 CAD,New,Grey,,4768,Prima Mazda,+1-905-850-8111,"{addr1: '7635 Martin Grove Road', city: 'Woodbridge', region: 'Ontario', postal_code: 'L4L 2C5', country: 'CA'}",43.7739677000,-79.6083755000,,,,,https://www.primamazda.com/privacy-policy.html,New,4768,In stock,,63605 CAD,Free,
JM3KKDHC1T1395580,JM3KKDHC1T1395580,26-247-new,Mazda,CX-90 MHEV,4dr Awd Gt-P,2026,AUTOMATIC,SUV,GASOLINE,,"2026 Mazda CX-90 MHEV 4dr Awd Gt-P, White exterior","[{url:'https://imagescdn.d2cmedia.ca/cb9adf2dd3e2feb41b885afcb56f0e8c6a/4768/13942587/1/Mazda-CX_90 MHEV-2026.jpg'},{url:'https://imagescdn.d2cmedia.ca/s89adf2dd3e2feb41b885afcb56f0e8c6a/4768/13942587/1/Mazda-CX_90_MHEV-2026.jpg'},{url:'https://imagescdn.d2cmedia.ca/cb9adf2dd3e2feb41b885afcb56f0e8c6a/4768/13942587/1/Mazda-CX_90_MHEV-2026.jpg'},{url:'https://imagescdn.d2cmedia.ca/cb9adf2dd3e2feb41b885afcb56f0e8c6a/4768/13942587/2/Mazda-CX_90_MHEV-2026.jpg'},{url:'https://imagescdn.d2cmedia.ca/cb9adf2dd3e2feb41b885afcb56f0e8c6a/4768/13942587/3/Mazda-CX_90_MHEV-2026.jpg'},{url:'https://imagescdn.d2cmedia.ca/cb9adf2dd3e2feb41b885afcb56f0e8c6a/4768/13942587/4/Mazda-CX_90_MHEV-2026.jpg'},{url:'https://imagescdn.d2cmedia.ca/cb9adf2dd3e2feb41b885afcb56f0e8c6a/4768/13942587/5/Mazda-CX_90_MHEV-2026.jpg'},{url:'https://imagescdn.d2cmedia.ca/cb9adf2dd3e2feb41b885afcb56f0e8c6a/4768/13942587/6/Mazda-CX_90_MHEV-2026.jpg'},{url:'https://imagescdn.d2cmedia.ca/cb9adf2dd3e2feb41b885afcb56f0e8c6a/4768/13942587/7/Mazda-CX_90_MHEV-2026.jpg'},{url:'https://imagescdn.d2cmedia.ca/cb9adf2dd3e2feb41b885afcb56f0e8c6a/4768/13942587/8/Mazda-CX_90_MHEV-2026.jpg'}]",150,KM,https://www.primamazda.com/new/inventory/2026-Mazda-CX_90_MHEV-id13942587.html,2026 Mazda CX-90 MHEV 4dr Awd Gt-P at Prima Mazda,63605 CAD,New,White,,4768,Prima Mazda,+1-905-850-8111,"{addr1: '7635 Martin Grove Road', city: 'Woodbridge', region: 'Ontario', postal_code: 'L4L 2C5', country: 'CA'}",43.7739677000,-79.6083755000,,,,,https://www.primamazda.com/privacy-policy.html,New,4768,In stock,,63605 CAD,Free,
JM3KKDHC9T1396220,JM3KKDHC9T1396220,26-273-new,Mazda,CX-90 MHEV,4dr Awd Gt-P,2026,AUTOMATIC,SUV,GASOLINE,,"2026 Mazda CX-90 MHEV 4dr Awd Gt-P, Grey exterior","[{url:'https://imagescdn.d2cmedia.ca/cba662c0b0a5bffa08d5f693b8fddf87e2/4768/13942594/1/Mazda-CX_90 MHEV-2026.jpg'},{url:'https://imagescdn.d2cmedia.ca/s8a662c0b0a5bffa08d5f693b8fddf87e2/4768/13942594/1/Mazda-CX_90_MHEV-2026.jpg'},{url:'https://imagescdn.d2cmedia.ca/cba662c0b0a5bffa08d5f693b8fddf87e2/4768/13942594/1/Mazda-CX_90_MHEV-2026.jpg'},{url:'https://imagescdn.d2cmedia.ca/cba662c0b0a5bffa08d5f693b8fddf87e2/4768/13942594/2/Mazda-CX_90_MHEV-2026.jpg'},{url:'https://imagescdn.d2cmedia.ca/cba662c0b0a5bffa08d5f693b8fddf87e2/4768/13942594/3/Mazda-CX_90_MHEV-2026.jpg'},{url:'https://imagescdn.d2cmedia.ca/cba662c0b0a5bffa08d5f693b8fddf87e2/4768/13942594/4/Mazda-CX_90_MHEV-2026.jpg'},{url:'https://imagescdn.d2cmedia.ca/cba662c0b0a5bffa08d5f693b8fddf87e2/4768/13942594/5/Mazda-CX_90_MHEV-2026.jpg'},{url:'https://imagescdn.d2cmedia.ca/cba662c0b0a5bffa08d5f693b8fddf87e2/4768/13942594/6/Mazda-CX_90_MHEV-2026.jpg'},{url:'https://imagescdn.d2cmedia.ca/cba662c0b0a5bffa08d5f693b8fddf87e2/4768/13942594/7/Mazda-CX_90_MHEV-2026.jpg'},{url:'https://imagescdn.d2cmedia.ca/cba662c0b0a5bffa08d5f693b8fddf87e2/4768/13942594/8/Mazda-CX_90_MHEV-2026.jpg'}]",150,KM,https://www.primamazda.com/new/inventory/2026-Mazda-CX_90_MHEV-id13942594.html,2026 Mazda CX-90 MHEV 4dr Awd Gt-P at Prima Mazda,63605 CAD,New,Grey,,4768,Prima Mazda,+1-905-850-8111,"{addr1: '7635 Martin Grove Road', city: 'Woodbridge', region: 'Ontario', postal_code: 'L4L 2C5', country: 'CA'}",43.7739677000,-79.6083755000,,,,,https://www.primamazda.com/privacy-policy.html,New,4768,In stock,,63605 CAD,Free,
JM3KKDHCXT1394606,JM3KKDHCXT1394606,26-266-new,Mazda,CX-90 MHEV,4dr Awd Gt-P,2026,AUTOMATIC,SUV,GASOLINE,,"2026 Mazda CX-90 MHEV 4dr Awd Gt-P, Grey exterior","[{url:'https://imagescdn.d2cmedia.ca/cb1f4b9fc2151cdee392439a249574f92a/4768/13953864/1/Mazda-CX_90 MHEV-2026.jpg'},{url:'https://imagescdn.d2cmedia.ca/s81f4b9fc2151cdee392439a249574f92a/4768/13953864/1/Mazda-CX_90_MHEV-2026.jpg'},{url:'https://imagescdn.d2cmedia.ca/cb1f4b9fc2151cdee392439a249574f92a/4768/13953864/1/Mazda-CX_90_MHEV-2026.jpg'},{url:'https://imagescdn.d2cmedia.ca/cb1f4b9fc2151cdee392439a249574f92a/4768/13953864/2/Mazda-CX_90_MHEV-2026.jpg'},{url:'https://imagescdn.d2cmedia.ca/cb1f4b9fc2151cdee392439a249574f92a/4768/13953864/3/Mazda-CX_90_MHEV-2026.jpg'},{url:'https://imagescdn.d2cmedia.ca/cb1f4b9fc2151cdee392439a249574f92a/4768/13953864/4/Mazda-CX_90_MHEV-2026.jpg'},{url:'https://imagescdn.d2cmedia.ca/cb1f4b9fc2151cdee392439a249574f92a/4768/13953864/5/Mazda-CX_90_MHEV-2026.jpg'},{url:'https://imagescdn.d2cmedia.ca/cb1f4b9fc2151cdee392439a249574f92a/4768/13953864/6/Mazda-CX_90_MHEV-2026.jpg'},{url:'https://imagescdn.d2cmedia.ca/cb1f4b9fc2151cdee392439a249574f92a/4768/13953864/7/Mazda-CX_90_MHEV-2026.jpg'},{url:'https://imagescdn.d2cmedia.ca/cb1f4b9fc2151cdee392439a249574f92a/4768/13953864/8/Mazda-CX_90_MHEV-2026.jpg'}]",150,KM,https://www.primamazda.com/new/inventory/2026-Mazda-CX_90_MHEV-id13953864.html,2026 Mazda CX-90 MHEV 4dr Awd Gt-P at Prima Mazda,63605 CAD,New,Grey,,4768,Prima Mazda,+1-905-850-8111,"{addr1: '7635 Martin Grove Road', city: 'Woodbridge', region: 'Ontario', postal_code: 'L4L 2C5', country: 'CA'}",43.7739677000,-79.6083755000,,,,,https://www.primamazda.com/privacy-policy.html,New,4768,In stock,,63605 CAD,Free,
JM3KKDHC0T1406326,JM3KKDHC0T1406326,26-424-new,Mazda,CX-90 MHEV,4dr Awd Gt-P,2026,AUTOMATIC,SUV,GASOLINE,,"2026 Mazda CX-90 MHEV 4dr Awd Gt-P, Red exterior","[{url:'https://imagescdn.d2cmedia.ca/cb8c2696df0093dc756c1677aa99dff50b/4768/14189764/1/Mazda-CX_90 MHEV-2026.jpg'},{url:'https://imagescdn.d2cmedia.ca/s88c2696df0093dc756c1677aa99dff50b/4768/14189764/1/Mazda-CX_90_MHEV-2026.jpg'},{url:'https://imagescdn.d2cmedia.ca/cb8c2696df0093dc756c1677aa99dff50b/4768/14189764/1/Mazda-CX_90_MHEV-2026.jpg'},{url:'https://imagescdn.d2cmedia.ca/cb8c2696df0093dc756c1677aa99dff50b/4768/14189764/2/Mazda-CX_90_MHEV-2026.jpg'},{url:'https://imagescdn.d2cmedia.ca/cb8c2696df0093dc756c1677aa99dff50b/4768/14189764/3/Mazda-CX_90_MHEV-2026.jpg'},{url:'https://imagescdn.d2cmedia.ca/cb8c2696df0093dc756c1677aa99dff50b/4768/14189764/4/Mazda-CX_90_MHEV-2026.jpg'},{url:'https://imagescdn.d2cmedia.ca/cb8c2696df0093dc756c1677aa99dff50b/4768/14189764/5/Mazda-CX_90_MHEV-2026.jpg'},{url:'https://imagescdn.d2cmedia.ca/cb8c2696df0093dc756c1677aa99dff50b/4768/14189764/6/Mazda-CX_90_MHEV-2026.jpg'},{url:'https://imagescdn.d2cmedia.ca/cb8c2696df0093dc756c1677aa99dff50b/4768/14189764/7/Mazda-CX_90_MHEV-2026.jpg'},{url:'https://imagescdn.d2cmedia.ca/cb8c2696df0093dc756c1677aa99dff50b/4768/14189764/8/Mazda-CX_90_MHEV-2026.jpg'}]",150,KM,https://www.primamazda.com/new/inventory/2026-Mazda-CX_90_MHEV-id14189764.html,2026 Mazda CX-90 MHEV 4dr Awd Gt-P at Prima Mazda,63705 CAD,New,Red,,4768,Prima Mazda,+1-905-850-8111,"{addr1: '7635 Martin Grove Road', city: 'Woodbridge', region: 'Ontario', postal_code: 'L4L 2C5', country: 'CA'}",43.7739677000,-79.6083755000,,,,,https://www.primamazda.com/privacy-policy.html,New,4768,In stock,,63705 CAD,Free,
JM3KKEHC0T1388772,JM3KKEHC0T1388772,26-184-new,Mazda,CX-90 MHEV,4dr Awd Signature,2026,AUTOMATIC,SUV,GASOLINE,,"2026 Mazda CX-90 MHEV 4dr Awd Signature, Black exterior","[{url:'https://imagescdn.d2cmedia.ca/cb4cff0107e7c28f0f11ff7fbb45a5afe3/4768/13765621/1/Mazda-CX_90 MHEV-2026.jpg'},{url:'https://imagescdn.d2cmedia.ca/s84cff0107e7c28f0f11ff7fbb45a5afe3/4768/13765621/1/Mazda-CX_90_MHEV-2026.jpg'},{url:'https://imagescdn.d2cmedia.ca/cb4cff0107e7c28f0f11ff7fbb45a5afe3/4768/13765621/1/Mazda-CX_90_MHEV-2026.jpg'},{url:'https://imagescdn.d2cmedia.ca/cb4cff0107e7c28f0f11ff7fbb45a5afe3/4768/13765621/2/Mazda-CX_90_MHEV-2026.jpg'},{url:'https://imagescdn.d2cmedia.ca/cb4cff0107e7c28f0f11ff7fbb45a5afe3/4768/13765621/3/Mazda-CX_90_MHEV-2026.jpg'},{url:'https://imagescdn.d2cmedia.ca/cb4cff0107e7c28f0f11ff7fbb45a5afe3/4768/13765621/4/Mazda-CX_90_MHEV-2026.jpg'},{url:'https://imagescdn.d2cmedia.ca/cb4cff0107e7c28f0f11ff7fbb45a5afe3/4768/13765621/5/Mazda-CX_90_MHEV-2026.jpg'},{url:'https://imagescdn.d2cmedia.ca/cb4cff0107e7c28f0f11ff7fbb45a5afe3/4768/13765621/6/Mazda-CX_90_MHEV-2026.jpg'},{url:'https://imagescdn.d2cmedia.ca/cb4cff0107e7c28f0f11ff7fbb45a5afe3/4768/13765621/7/Mazda-CX_90_MHEV-2026.jpg'},{url:'https://imagescdn.d2cmedia.ca/cb4cff0107e7c28f0f11ff7fbb45a5afe3/4768/13765621/8/Mazda-CX_90_MHEV-2026.jpg'}]",150,KM,https://www.primamazda.com/new/inventory/2026-Mazda-CX_90_MHEV-id13765621.html,2026 Mazda CX-90 MHEV 4dr Awd Signature at Prima Mazda,67205 CAD,New,Black,,4768,Prima Mazda,+1-905-850-8111,"{addr1: '7635 Martin Grove Road', city: 'Woodbridge', region: 'Ontario', postal_code: 'L4L 2C5', country: 'CA'}",43.7739677000,-79.6083755000,,,,,https://www.primamazda.com/privacy-policy.html,New,4768,In stock,,67205 CAD,Free,
JM3KKEHC7T1398246,JM3KKEHC7T1398246,26-304-new,Mazda,CX-90 MHEV,4dr Awd Signature,2026,AUTOMATIC,SUV,GASOLINE,,"2026 Mazda CX-90 MHEV 4dr Awd Signature, Black exterior","[{url:'https://imagescdn.d2cmedia.ca/cb98e9513836ffa25b80bb52efcbf632a9/4768/13979089/1/Mazda-CX_90 MHEV-2026.jpg'},{url:'https://imagescdn.d2cmedia.ca/s898e9513836ffa25b80bb52efcbf632a9/4768/13979089/1/Mazda-CX_90_MHEV-2026.jpg'},{url:'https://imagescdn.d2cmedia.ca/cb98e9513836ffa25b80bb52efcbf632a9/4768/13979089/1/Mazda-CX_90_MHEV-2026.jpg'},{url:'https://imagescdn.d2cmedia.ca/cb98e9513836ffa25b80bb52efcbf632a9/4768/13979089/2/Mazda-CX_90_MHEV-2026.jpg'},{url:'https://imagescdn.d2cmedia.ca/cb98e9513836ffa25b80bb52efcbf632a9/4768/13979089/3/Mazda-CX_90_MHEV-2026.jpg'},{url:'https://imagescdn.d2cmedia.ca/cb98e9513836ffa25b80bb52efcbf632a9/4768/13979089/4/Mazda-CX_90_MHEV-2026.jpg'},{url:'https://imagescdn.d2cmedia.ca/cb98e9513836ffa25b80bb52efcbf632a9/4768/13979089/5/Mazda-CX_90_MHEV-2026.jpg'},{url:'https://imagescdn.d2cmedia.ca/cb98e9513836ffa25b80bb52efcbf632a9/4768/13979089/6/Mazda-CX_90_MHEV-2026.jpg'},{url:'https://imagescdn.d2cmedia.ca/cb98e9513836ffa25b80bb52efcbf632a9/4768/13979089/7/Mazda-CX_90_MHEV-2026.jpg'},{url:'https://imagescdn.d2cmedia.ca/cb98e9513836ffa25b80bb52efcbf632a9/4768/13979089/8/Mazda-CX_90_MHEV-2026.jpg'}]",150,KM,https://www.primamazda.com/new/inventory/2026-Mazda-CX_90_MHEV-id13979089.html,2026 Mazda CX-90 MHEV 4dr Awd Signature at Prima Mazda,67205 CAD,New,Black,,4768,Prima Mazda,+1-905-850-8111,"{addr1: '7635 Martin Grove Road', city: 'Woodbridge', region: 'Ontario', postal_code: 'L4L 2C5', country: 'CA'}",43.7739677000,-79.6083755000,,,,,https://www.primamazda.com/privacy-policy.html,New,4768,In stock,,67205 CAD,Free,
JM3KKEHC1T1403036,JM3KKEHC1T1403036,26-393-new,Mazda,CX-90 MHEV,4dr Awd Signature,2026,AUTOMATIC,SUV,GASOLINE,,"2026 Mazda CX-90 MHEV 4dr Awd Signature, Black exterior","[{url:'https://imagescdn.d2cmedia.ca/cb4017aa0b24d9d29729dba84f724c6859/4768/14041477/1/Mazda-CX_90 MHEV-2026.jpg'},{url:'https://imagescdn.d2cmedia.ca/s84017aa0b24d9d29729dba84f724c6859/4768/14041477/1/Mazda-CX_90_MHEV-2026.jpg'},{url:'https://imagescdn.d2cmedia.ca/cb4017aa0b24d9d29729dba84f724c6859/4768/14041477/1/Mazda-CX_90_MHEV-2026.jpg'},{url:'https://imagescdn.d2cmedia.ca/cb4017aa0b24d9d29729dba84f724c6859/4768/14041477/2/Mazda-CX_90_MHEV-2026.jpg'},{url:'https://imagescdn.d2cmedia.ca/cb4017aa0b24d9d29729dba84f724c6859/4768/14041477/3/Mazda-CX_90_MHEV-2026.jpg'},{url:'https://imagescdn.d2cmedia.ca/cb4017aa0b24d9d29729dba84f724c6859/4768/14041477/4/Mazda-CX_90_MHEV-2026.jpg'},{url:'https://imagescdn.d2cmedia.ca/cb4017aa0b24d9d29729dba84f724c6859/4768/14041477/5/Mazda-CX_90_MHEV-2026.jpg'},{url:'https://imagescdn.d2cmedia.ca/cb4017aa0b24d9d29729dba84f724c6859/4768/14041477/6/Mazda-CX_90_MHEV-2026.jpg'},{url:'https://imagescdn.d2cmedia.ca/cb4017aa0b24d9d29729dba84f724c6859/4768/14041477/7/Mazda-CX_90_MHEV-2026.jpg'},{url:'https://imagescdn.d2cmedia.ca/cb4017aa0b24d9d29729dba84f724c6859/4768/14041477/8/Mazda-CX_90_MHEV-2026.jpg'}]",150,KM,https://www.primamazda.com/new/inventory/2026-Mazda-CX_90_MHEV-id14041477.html,2026 Mazda CX-90 MHEV 4dr Awd Signature at Prima Mazda,67205 CAD,New,Black,,4768,Prima Mazda,+1-905-850-8111,"{addr1: '7635 Martin Grove Road', city: 'Woodbridge', region: 'Ontario', postal_code: 'L4L 2C5', country: 'CA'}",43.7739677000,-79.6083755000,,,,,https://www.primamazda.com/privacy-policy.html,New,4768,In stock,,67205 CAD,Free,
JM3KKEHCXT1385376,JM3KKEHCXT1385376,26-139-new,Mazda,CX-90 MHEV,4dr Awd Signature,2026,AUTOMATIC,SUV,GASOLINE,,"2026 Mazda CX-90 MHEV 4dr Awd Signature, White exterior","[{url:'https://imagescdn.d2cmedia.ca/cbde05e94eaba51c41ae1bfd22e18fe3d2/4768/13683206/1/Mazda-CX_90 MHEV-2026.jpg'},{url:'https://imagescdn.d2cmedia.ca/s8de05e94eaba51c41ae1bfd22e18fe3d2/4768/13683206/1/Mazda-CX_90_MHEV-2026.jpg'},{url:'https://imagescdn.d2cmedia.ca/cbde05e94eaba51c41ae1bfd22e18fe3d2/4768/13683206/1/Mazda-CX_90_MHEV-2026.jpg'},{url:'https://imagescdn.d2cmedia.ca/cbde05e94eaba51c41ae1bfd22e18fe3d2/4768/13683206/2/Mazda-CX_90_MHEV-2026.jpg'},{url:'https://imagescdn.d2cmedia.ca/cbde05e94eaba51c41ae1bfd22e18fe3d2/4768/13683206/3/Mazda-CX_90_MHEV-2026.jpg'},{url:'https://imagescdn.d2cmedia.ca/cbde05e94eaba51c41ae1bfd22e18fe3d2/4768/13683206/4/Mazda-CX_90_MHEV-2026.jpg'},{url:'https://imagescdn.d2cmedia.ca/cbde05e94eaba51c41ae1bfd22e18fe3d2/4768/13683206/5/Mazda-CX_90_MHEV-2026.jpg'},{url:'https://imagescdn.d2cmedia.ca/cbde05e94eaba51c41ae1bfd22e18fe3d2/4768/13683206/6/Mazda-CX_90_MHEV-2026.jpg'},{url:'https://imagescdn.d2cmedia.ca/cbde05e94eaba51c41ae1bfd22e18fe3d2/4768/13683206/7/Mazda-CX_90_MHEV-2026.jpg'},{url:'https://imagescdn.d2cmedia.ca/cbde05e94eaba51c41ae1bfd22e18fe3d2/4768/13683206/8/Mazda-CX_90_MHEV-2026.jpg'}]",150,KM,https://www.primamazda.com/new/inventory/2026-Mazda-CX_90_MHEV-id13683206.html,2026 Mazda CX-90 MHEV 4dr Awd Signature at Prima Mazda,67605 CAD,New,White,,4768,Prima Mazda,+1-905-850-8111,"{addr1: '7635 Martin Grove Road', city: 'Woodbridge', region: 'Ontario', postal_code: 'L4L 2C5', country: 'CA'}",43.7739677000,-79.6083755000,,,,,https://www.primamazda.com/privacy-policy.html,New,4768,In stock,,67605 CAD,Free,
JM3KKEHC8T1396604,JM3KKEHC8T1396604,26-276-new,Mazda,CX-90 MHEV,4dr Awd Signature,2026,AUTOMATIC,SUV,GASOLINE,,"2026 Mazda CX-90 MHEV 4dr Awd Signature, Grey exterior","[{url:'https://imagescdn.d2cmedia.ca/cb851258dc02da5fa9685b71a13750c633/4768/13953867/1/Mazda-CX_90 MHEV-2026.jpg'},{url:'https://imagescdn.d2cmedia.ca/s8851258dc02da5fa9685b71a13750c633/4768/13953867/1/Mazda-CX_90_MHEV-2026.jpg'},{url:'https://imagescdn.d2cmedia.ca/cb851258dc02da5fa9685b71a13750c633/4768/13953867/1/Mazda-CX_90_MHEV-2026.jpg'},{url:'https://imagescdn.d2cmedia.ca/cb851258dc02da5fa9685b71a13750c633/4768/13953867/2/Mazda-CX_90_MHEV-2026.jpg'},{url:'https://imagescdn.d2cmedia.ca/cb851258dc02da5fa9685b71a13750c633/4768/13953867/3/Mazda-CX_90_MHEV-2026.jpg'},{url:'https://imagescdn.d2cmedia.ca/cb851258dc02da5fa9685b71a13750c633/4768/13953867/4/Mazda-CX_90_MHEV-2026.jpg'},{url:'https://imagescdn.d2cmedia.ca/cb851258dc02da5fa9685b71a13750c633/4768/13953867/5/Mazda-CX_90_MHEV-2026.jpg'},{url:'https://imagescdn.d2cmedia.ca/cb851258dc02da5fa9685b71a13750c633/4768/13953867/6/Mazda-CX_90_MHEV-2026.jpg'},{url:'https://imagescdn.d2cmedia.ca/cb851258dc02da5fa9685b71a13750c633/4768/13953867/7/Mazda-CX_90_MHEV-2026.jpg'},{url:'https://imagescdn.d2cmedia.ca/cb851258dc02da5fa9685b71a13750c633/4768/13953867/8/Mazda-CX_90_MHEV-2026.jpg'}]",150,KM,https://www.primamazda.com/new/inventory/2026-Mazda-CX_90_MHEV-id13953867.html,2026 Mazda CX-90 MHEV 4dr Awd Signature at Prima Mazda,67605 CAD,New,Grey,,4768,Prima Mazda,+1-905-850-8111,"{addr1: '7635 Martin Grove Road', city: 'Woodbridge', region: 'Ontario', postal_code: 'L4L 2C5', country: 'CA'}",43.7739677000,-79.6083755000,,,,,https://www.primamazda.com/privacy-policy.html,New,4768,In stock,,67605 CAD,Free,
JM3KKEHC6T1398819,JM3KKEHC6T1398819,26-330-new,Mazda,CX-90 MHEV,4dr Awd Signature,2026,AUTOMATIC,SUV,GASOLINE,,"2026 Mazda CX-90 MHEV 4dr Awd Signature, White exterior","[{url:'https://imagescdn.d2cmedia.ca/cbc229547364e040b807dceed5e78ebb23/4768/14041472/1/Mazda-CX_90 MHEV-2026.jpg'},{url:'https://imagescdn.d2cmedia.ca/s8c229547364e040b807dceed5e78ebb23/4768/14041472/1/Mazda-CX_90_MHEV-2026.jpg'},{url:'https://imagescdn.d2cmedia.ca/cbc229547364e040b807dceed5e78ebb23/4768/14041472/1/Mazda-CX_90_MHEV-2026.jpg'},{url:'https://imagescdn.d2cmedia.ca/cbc229547364e040b807dceed5e78ebb23/4768/14041472/2/Mazda-CX_90_MHEV-2026.jpg'},{url:'https://imagescdn.d2cmedia.ca/cbc229547364e040b807dceed5e78ebb23/4768/14041472/3/Mazda-CX_90_MHEV-2026.jpg'},{url:'https://imagescdn.d2cmedia.ca/cbc229547364e040b807dceed5e78ebb23/4768/14041472/4/Mazda-CX_90_MHEV-2026.jpg'},{url:'https://imagescdn.d2cmedia.ca/cbc229547364e040b807dceed5e78ebb23/4768/14041472/5/Mazda-CX_90_MHEV-2026.jpg'},{url:'https://imagescdn.d2cmedia.ca/cbc229547364e040b807dceed5e78ebb23/4768/14041472/6/Mazda-CX_90_MHEV-2026.jpg'},{url:'https://imagescdn.d2cmedia.ca/cbc229547364e040b807dceed5e78ebb23/4768/14041472/7/Mazda-CX_90_MHEV-2026.jpg'},{url:'https://imagescdn.d2cmedia.ca/cbc229547364e040b807dceed5e78ebb23/4768/14041472/8/Mazda-CX_90_MHEV-2026.jpg'}]",150,KM,https://www.primamazda.com/new/inventory/2026-Mazda-CX_90_MHEV-id14041472.html,2026 Mazda CX-90 MHEV 4dr Awd Signature at Prima Mazda,67605 CAD,New,White,,4768,Prima Mazda,+1-905-850-8111,"{addr1: '7635 Martin Grove Road', city: 'Woodbridge', region: 'Ontario', postal_code: 'L4L 2C5', country: 'CA'}",43.7739677000,-79.6083755000,,,,,https://www.primamazda.com/privacy-policy.html,New,4768,In stock,,67605 CAD,Free,
JM3KKEHC8T1402613,JM3KKEHC8T1402613,26-398-new,Mazda,CX-90 MHEV,4dr Awd Signature,2026,AUTOMATIC,SUV,GASOLINE,,"2026 Mazda CX-90 MHEV 4dr Awd Signature, White exterior","[{url:'https://imagescdn.d2cmedia.ca/cb0e9b1b474138e85baf4924adaa562105/4768/14166963/1/Mazda-CX_90 MHEV-2026.jpg'},{url:'https://imagescdn.d2cmedia.ca/s80e9b1b474138e85baf4924adaa562105/4768/14166963/1/Mazda-CX_90_MHEV-2026.jpg'},{url:'https://imagescdn.d2cmedia.ca/cb0e9b1b474138e85baf4924adaa562105/4768/14166963/1/Mazda-CX_90_MHEV-2026.jpg'},{url:'https://imagescdn.d2cmedia.ca/cb0e9b1b474138e85baf4924adaa562105/4768/14166963/2/Mazda-CX_90_MHEV-2026.jpg'},{url:'https://imagescdn.d2cmedia.ca/cb0e9b1b474138e85baf4924adaa562105/4768/14166963/3/Mazda-CX_90_MHEV-2026.jpg'},{url:'https://imagescdn.d2cmedia.ca/cb0e9b1b474138e85baf4924adaa562105/4768/14166963/4/Mazda-CX_90_MHEV-2026.jpg'},{url:'https://imagescdn.d2cmedia.ca/cb0e9b1b474138e85baf4924adaa562105/4768/14166963/5/Mazda-CX_90_MHEV-2026.jpg'},{url:'https://imagescdn.d2cmedia.ca/cb0e9b1b474138e85baf4924adaa562105/4768/14166963/6/Mazda-CX_90_MHEV-2026.jpg'},{url:'https://imagescdn.d2cmedia.ca/cb0e9b1b474138e85baf4924adaa562105/4768/14166963/7/Mazda-CX_90_MHEV-2026.jpg'},{url:'https://imagescdn.d2cmedia.ca/cb0e9b1b474138e85baf4924adaa562105/4768/14166963/8/Mazda-CX_90_MHEV-2026.jpg'}]",150,KM,https://www.primamazda.com/new/inventory/2026-Mazda-CX_90_MHEV-id14166963.html,2026 Mazda CX-90 MHEV 4dr Awd Signature at Prima Mazda,67605 CAD,New,White,,4768,Prima Mazda,+1-905-850-8111,"{addr1: '7635 Martin Grove Road', city: 'Woodbridge', region: 'Ontario', postal_code: 'L4L 2C5', country: 'CA'}",43.7739677000,-79.6083755000,,,,,https://www.primamazda.com/privacy-policy.html,New,4768,In stock,,67605 CAD,Free,
JM3KJDHD4T1207436,JM3KJDHD4T1207436,26-110-new,Mazda,CX-70 MHEV,4dr Awd Gt,2026,AUTOMATIC,SUV,GASOLINE,,"2026 Mazda CX-70 MHEV 4dr Awd Gt, Beige exterior","[{url:'https://imagescdn.d2cmedia.ca/cbca84d9c4f064a018f96c1a4debb57418/4768/13669536/1/Mazda-CX_70 MHEV-2026.jpg'},{url:'https://imagescdn.d2cmedia.ca/s8ca84d9c4f064a018f96c1a4debb57418/4768/13669536/1/Mazda-CX_70_MHEV-2026.jpg'},{url:'https://imagescdn.d2cmedia.ca/cbca84d9c4f064a018f96c1a4debb57418/4768/13669536/1/Mazda-CX_70_MHEV-2026.jpg'},{url:'https://imagescdn.d2cmedia.ca/cbca84d9c4f064a018f96c1a4debb57418/4768/13669536/2/Mazda-CX_70_MHEV-2026.jpg'},{url:'https://imagescdn.d2cmedia.ca/cbca84d9c4f064a018f96c1a4debb57418/4768/13669536/3/Mazda-CX_70_MHEV-2026.jpg'},{url:'https://imagescdn.d2cmedia.ca/cbca84d9c4f064a018f96c1a4debb57418/4768/13669536/4/Mazda-CX_70_MHEV-2026.jpg'},{url:'https://imagescdn.d2cmedia.ca/cbca84d9c4f064a018f96c1a4debb57418/4768/13669536/5/Mazda-CX_70_MHEV-2026.jpg'},{url:'https://imagescdn.d2cmedia.ca/cbca84d9c4f064a018f96c1a4debb57418/4768/13669536/6/Mazda-CX_70_MHEV-2026.jpg'},{url:'https://imagescdn.d2cmedia.ca/cbca84d9c4f064a018f96c1a4debb57418/4768/13669536/7/Mazda-CX_70_MHEV-2026.jpg'},{url:'https://imagescdn.d2cmedia.ca/cbca84d9c4f064a018f96c1a4debb57418/4768/13669536/8/Mazda-CX_70_MHEV-2026.jpg'}]",150,KM,https://www.primamazda.com/new/inventory/2026-Mazda-CX_70_MHEV-id13669536.html,2026 Mazda CX-70 MHEV 4dr Awd Gt at Prima Mazda,58205 CAD,New,Beige,,4768,Prima Mazda,+1-905-850-8111,"{addr1: '7635 Martin Grove Road', city: 'Woodbridge', region: 'Ontario', postal_code: 'L4L 2C5', country: 'CA'}",43.7739677000,-79.6083755000,,,,,https://www.primamazda.com/privacy-policy.html,New,4768,In stock,,58205 CAD,Free,
JM3KJDHD8T1209531,JM3KJDHD8T1209531,26-255-new,Mazda,CX-70 MHEV,4dr Awd Gt,2026,AUTOMATIC,SUV,GASOLINE,,"2026 Mazda CX-70 MHEV 4dr Awd Gt, Copper exterior","[{url:'https://imagescdn.d2cmedia.ca/cb27e778bd98d55c08d77cf9e49c8ebd7e/4768/13851370/1/Mazda-CX_70 MHEV-2026.jpg'},{url:'https://imagescdn.d2cmedia.ca/s827e778bd98d55c08d77cf9e49c8ebd7e/4768/13851370/1/Mazda-CX_70_MHEV-2026.jpg'},{url:'https://imagescdn.d2cmedia.ca/cb27e778bd98d55c08d77cf9e49c8ebd7e/4768/13851370/1/Mazda-CX_70_MHEV-2026.jpg'},{url:'https://imagescdn.d2cmedia.ca/cb27e778bd98d55c08d77cf9e49c8ebd7e/4768/13851370/2/Mazda-CX_70_MHEV-2026.jpg'},{url:'https://imagescdn.d2cmedia.ca/cb27e778bd98d55c08d77cf9e49c8ebd7e/4768/13851370/3/Mazda-CX_70_MHEV-2026.jpg'},{url:'https://imagescdn.d2cmedia.ca/cb27e778bd98d55c08d77cf9e49c8ebd7e/4768/13851370/4/Mazda-CX_70_MHEV-2026.jpg'},{url:'https://imagescdn.d2cmedia.ca/cb27e778bd98d55c08d77cf9e49c8ebd7e/4768/13851370/5/Mazda-CX_70_MHEV-2026.jpg'},{url:'https://imagescdn.d2cmedia.ca/cb27e778bd98d55c08d77cf9e49c8ebd7e/4768/13851370/6/Mazda-CX_70_MHEV-2026.jpg'},{url:'https://imagescdn.d2cmedia.ca/cb27e778bd98d55c08d77cf9e49c8ebd7e/4768/13851370/7/Mazda-CX_70_MHEV-2026.jpg'},{url:'https://imagescdn.d2cmedia.ca/cb27e778bd98d55c08d77cf9e49c8ebd7e/4768/13851370/8/Mazda-CX_70_MHEV-2026.jpg'}]",150,KM,https://www.primamazda.com/new/inventory/2026-Mazda-CX_70_MHEV-id13851370.html,2026 Mazda CX-70 MHEV 4dr Awd Gt at Prima Mazda,58205 CAD,New,Copper,,4768,Prima Mazda,+1-905-850-8111,"{addr1: '7635 Martin Grove Road', city: 'Woodbridge', region: 'Ontario', postal_code: 'L4L 2C5', country: 'CA'}",43.7739677000,-79.6083755000,,,,,https://www.primamazda.com/privacy-policy.html,New,4768,In stock,,58205 CAD,Free,
JM3KJDHD1T1210536,JM3KJDHD1T1210536,26-270-new,Mazda,CX-70 MHEV,4dr Awd Gt,2026,AUTOMATIC,SUV,GASOLINE,,"2026 Mazda CX-70 MHEV 4dr Awd Gt, Grey exterior","[{url:'https://imagescdn.d2cmedia.ca/cb514ecd34e46e0516aa60cca913f3bc05/4768/13917820/1/Mazda-CX_70 MHEV-2026.jpg'},{url:'https://imagescdn.d2cmedia.ca/s8514ecd34e46e0516aa60cca913f3bc05/4768/13917820/1/Mazda-CX_70_MHEV-2026.jpg'},{url:'https://imagescdn.d2cmedia.ca/cb514ecd34e46e0516aa60cca913f3bc05/4768/13917820/1/Mazda-CX_70_MHEV-2026.jpg'},{url:'https://imagescdn.d2cmedia.ca/cb514ecd34e46e0516aa60cca913f3bc05/4768/13917820/2/Mazda-CX_70_MHEV-2026.jpg'},{url:'https://imagescdn.d2cmedia.ca/cb514ecd34e46e0516aa60cca913f3bc05/4768/13917820/3/Mazda-CX_70_MHEV-2026.jpg'},{url:'https://imagescdn.d2cmedia.ca/cb514ecd34e46e0516aa60cca913f3bc05/4768/13917820/4/Mazda-CX_70_MHEV-2026.jpg'},{url:'https://imagescdn.d2cmedia.ca/cb514ecd34e46e0516aa60cca913f3bc05/4768/13917820/5/Mazda-CX_70_MHEV-2026.jpg'},{url:'https://imagescdn.d2cmedia.ca/cb514ecd34e46e0516aa60cca913f3bc05/4768/13917820/6/Mazda-CX_70_MHEV-2026.jpg'},{url:'https://imagescdn.d2cmedia.ca/cb514ecd34e46e0516aa60cca913f3bc05/4768/13917820/7/Mazda-CX_70_MHEV-2026.jpg'},{url:'https://imagescdn.d2cmedia.ca/cb514ecd34e46e0516aa60cca913f3bc05/4768/13917820/8/Mazda-CX_70_MHEV-2026.jpg'}]",150,KM,https://www.primamazda.com/new/inventory/2026-Mazda-CX_70_MHEV-id13917820.html,2026 Mazda CX-70 MHEV 4dr Awd Gt at Prima Mazda,58205 CAD,New,Grey,,4768,Prima Mazda,+1-905-850-8111,"{addr1: '7635 Martin Grove Road', city: 'Woodbridge', region: 'Ontario', postal_code: 'L4L 2C5', country: 'CA'}",43.7739677000,-79.6083755000,,,,,https://www.primamazda.com/privacy-policy.html,New,4768,In stock,,58205 CAD,Free,
JM3KJDHD9T1210624,JM3KJDHD9T1210624,26-271-new,Mazda,CX-70 MHEV,4dr Awd Gt,2026,AUTOMATIC,SUV,GASOLINE,,"2026 Mazda CX-70 MHEV 4dr Awd Gt, Copper exterior","[{url:'https://imagescdn.d2cmedia.ca/cbc90bb947a2e2a4be14995952a2403673/4768/13953866/1/Mazda-CX_70 MHEV-2026.jpg'},{url:'https://imagescdn.d2cmedia.ca/s8c90bb947a2e2a4be14995952a2403673/4768/13953866/1/Mazda-CX_70_MHEV-2026.jpg'},{url:'https://imagescdn.d2cmedia.ca/cbc90bb947a2e2a4be14995952a2403673/4768/13953866/1/Mazda-CX_70_MHEV-2026.jpg'},{url:'https://imagescdn.d2cmedia.ca/cbc90bb947a2e2a4be14995952a2403673/4768/13953866/2/Mazda-CX_70_MHEV-2026.jpg'},{url:'https://imagescdn.d2cmedia.ca/cbc90bb947a2e2a4be14995952a2403673/4768/13953866/3/Mazda-CX_70_MHEV-2026.jpg'},{url:'https://imagescdn.d2cmedia.ca/cbc90bb947a2e2a4be14995952a2403673/4768/13953866/4/Mazda-CX_70_MHEV-2026.jpg'},{url:'https://imagescdn.d2cmedia.ca/cbc90bb947a2e2a4be14995952a2403673/4768/13953866/5/Mazda-CX_70_MHEV-2026.jpg'},{url:'https://imagescdn.d2cmedia.ca/cbc90bb947a2e2a4be14995952a2403673/4768/13953866/6/Mazda-CX_70_MHEV-2026.jpg'},{url:'https://imagescdn.d2cmedia.ca/cbc90bb947a2e2a4be14995952a2403673/4768/13953866/7/Mazda-CX_70_MHEV-2026.jpg'},{url:'https://imagescdn.d2cmedia.ca/cbc90bb947a2e2a4be14995952a2403673/4768/13953866/8/Mazda-CX_70_MHEV-2026.jpg'}]",150,KM,https://www.primamazda.com/new/inventory/2026-Mazda-CX_70_MHEV-id13953866.html,2026 Mazda CX-70 MHEV 4dr Awd Gt at Prima Mazda,58205 CAD,New,Copper,,4768,Prima Mazda,+1-905-850-8111,"{addr1: '7635 Martin Grove Road', city: 'Woodbridge', region: 'Ontario', postal_code: 'L4L 2C5', country: 'CA'}",43.7739677000,-79.6083755000,,,,,https://www.primamazda.com/privacy-policy.html,New,4768,In stock,,58205 CAD,Free,
JM3KJDHD0T1212567,JM3KJDHD0T1212567,26-415-new,Mazda,CX-70 MHEV,4dr Awd Gt,2026,AUTOMATIC,SUV,GASOLINE,,"2026 Mazda CX-70 MHEV 4dr Awd Gt, Grey exterior","[{url:'https://imagescdn.d2cmedia.ca/cba4c1a4640304e412de2a10e0534cb8c4/4768/14178597/1/Mazda-CX_70 MHEV-2026.jpg'},{url:'https://imagescdn.d2cmedia.ca/s8a4c1a4640304e412de2a10e0534cb8c4/4768/14178597/1/Mazda-CX_70_MHEV-2026.jpg'},{url:'https://imagescdn.d2cmedia.ca/cba4c1a4640304e412de2a10e0534cb8c4/4768/14178597/1/Mazda-CX_70_MHEV-2026.jpg'},{url:'https://imagescdn.d2cmedia.ca/cba4c1a4640304e412de2a10e0534cb8c4/4768/14178597/2/Mazda-CX_70_MHEV-2026.jpg'},{url:'https://imagescdn.d2cmedia.ca/cba4c1a4640304e412de2a10e0534cb8c4/4768/14178597/3/Mazda-CX_70_MHEV-2026.jpg'},{url:'https://imagescdn.d2cmedia.ca/cba4c1a4640304e412de2a10e0534cb8c4/4768/14178597/4/Mazda-CX_70_MHEV-2026.jpg'},{url:'https://imagescdn.d2cmedia.ca/cba4c1a4640304e412de2a10e0534cb8c4/4768/14178597/5/Mazda-CX_70_MHEV-2026.jpg'},{url:'https://imagescdn.d2cmedia.ca/cba4c1a4640304e412de2a10e0534cb8c4/4768/14178597/6/Mazda-CX_70_MHEV-2026.jpg'},{url:'https://imagescdn.d2cmedia.ca/cba4c1a4640304e412de2a10e0534cb8c4/4768/14178597/7/Mazda-CX_70_MHEV-2026.jpg'},{url:'https://imagescdn.d2cmedia.ca/cba4c1a4640304e412de2a10e0534cb8c4/4768/14178597/8/Mazda-CX_70_MHEV-2026.jpg'}]",150,KM,https://www.primamazda.com/new/inventory/2026-Mazda-CX_70_MHEV-id14178597.html,2026 Mazda CX-70 MHEV 4dr Awd Gt at Prima Mazda,58205 CAD,New,Grey,,4768,Prima Mazda,+1-905-850-8111,"{addr1: '7635 Martin Grove Road', city: 'Woodbridge', region: 'Ontario', postal_code: 'L4L 2C5', country: 'CA'}",43.7739677000,-79.6083755000,,,,,https://www.primamazda.com/privacy-policy.html,New,4768,In stock,,58205 CAD,Free,
JM3KJDHD3T1209503,JM3KJDHD3T1209503,26-226-new,Mazda,CX-70 MHEV,4dr Awd Gt,2026,AUTOMATIC,SUV,GASOLINE,,"2026 Mazda CX-70 MHEV 4dr Awd Gt, Grey exterior","[{url:'https://imagescdn.d2cmedia.ca/cbd3d4eca7adc5e60ba3a7c3468a68b844/4768/13851365/1/Mazda-CX_70 MHEV-2026.jpg'},{url:'https://imagescdn.d2cmedia.ca/s8d3d4eca7adc5e60ba3a7c3468a68b844/4768/13851365/1/Mazda-CX_70_MHEV-2026.jpg'},{url:'https://imagescdn.d2cmedia.ca/cbd3d4eca7adc5e60ba3a7c3468a68b844/4768/13851365/1/Mazda-CX_70_MHEV-2026.jpg'},{url:'https://imagescdn.d2cmedia.ca/cbd3d4eca7adc5e60ba3a7c3468a68b844/4768/13851365/2/Mazda-CX_70_MHEV-2026.jpg'},{url:'https://imagescdn.d2cmedia.ca/cbd3d4eca7adc5e60ba3a7c3468a68b844/4768/13851365/3/Mazda-CX_70_MHEV-2026.jpg'},{url:'https://imagescdn.d2cmedia.ca/cbd3d4eca7adc5e60ba3a7c3468a68b844/4768/13851365/4/Mazda-CX_70_MHEV-2026.jpg'},{url:'https://imagescdn.d2cmedia.ca/cbd3d4eca7adc5e60ba3a7c3468a68b844/4768/13851365/5/Mazda-CX_70_MHEV-2026.jpg'},{url:'https://imagescdn.d2cmedia.ca/cbd3d4eca7adc5e60ba3a7c3468a68b844/4768/13851365/6/Mazda-CX_70_MHEV-2026.jpg'},{url:'https://imagescdn.d2cmedia.ca/cbd3d4eca7adc5e60ba3a7c3468a68b844/4768/13851365/7/Mazda-CX_70_MHEV-2026.jpg'},{url:'https://imagescdn.d2cmedia.ca/cbd3d4eca7adc5e60ba3a7c3468a68b844/4768/13851365/8/Mazda-CX_70_MHEV-2026.jpg'}]",150,KM,https://www.primamazda.com/new/inventory/2026-Mazda-CX_70_MHEV-id13851365.html,2026 Mazda CX-70 MHEV 4dr Awd Gt at Prima Mazda,58305 CAD,New,Grey,,4768,Prima Mazda,+1-905-850-8111,"{addr1: '7635 Martin Grove Road', city: 'Woodbridge', region: 'Ontario', postal_code: 'L4L 2C5', country: 'CA'}",43.7739677000,-79.6083755000,,,,,https://www.primamazda.com/privacy-policy.html,New,4768,In stock,,58305 CAD,Free,
JM3KJDHDXT1211071,JM3KJDHDXT1211071,26-334-new,Mazda,CX-70 MHEV,4dr Awd Gt,2026,AUTOMATIC,SUV,GASOLINE,,"2026 Mazda CX-70 MHEV 4dr Awd Gt, White exterior","[{url:'https://imagescdn.d2cmedia.ca/cb545390198b17a8cc9af2b83101fcbe9e/4768/14059637/1/Mazda-CX_70 MHEV-2026.jpg'},{url:'https://imagescdn.d2cmedia.ca/s8545390198b17a8cc9af2b83101fcbe9e/4768/14059637/1/Mazda-CX_70_MHEV-2026.jpg'},{url:'https://imagescdn.d2cmedia.ca/cb545390198b17a8cc9af2b83101fcbe9e/4768/14059637/1/Mazda-CX_70_MHEV-2026.jpg'},{url:'https://imagescdn.d2cmedia.ca/cb545390198b17a8cc9af2b83101fcbe9e/4768/14059637/2/Mazda-CX_70_MHEV-2026.jpg'},{url:'https://imagescdn.d2cmedia.ca/cb545390198b17a8cc9af2b83101fcbe9e/4768/14059637/3/Mazda-CX_70_MHEV-2026.jpg'},{url:'https://imagescdn.d2cmedia.ca/cb545390198b17a8cc9af2b83101fcbe9e/4768/14059637/4/Mazda-CX_70_MHEV-2026.jpg'},{url:'https://imagescdn.d2cmedia.ca/cb545390198b17a8cc9af2b83101fcbe9e/4768/14059637/5/Mazda-CX_70_MHEV-2026.jpg'},{url:'https://imagescdn.d2cmedia.ca/cb545390198b17a8cc9af2b83101fcbe9e/4768/14059637/6/Mazda-CX_70_MHEV-2026.jpg'},{url:'https://imagescdn.d2cmedia.ca/cb545390198b17a8cc9af2b83101fcbe9e/4768/14059637/7/Mazda-CX_70_MHEV-2026.jpg'},{url:'https://imagescdn.d2cmedia.ca/cb545390198b17a8cc9af2b83101fcbe9e/4768/14059637/8/Mazda-CX_70_MHEV-2026.jpg'}]",150,KM,https://www.primamazda.com/new/inventory/2026-Mazda-CX_70_MHEV-id14059637.html,2026 Mazda CX-70 MHEV 4dr Awd Gt at Prima Mazda,58305 CAD,New,White,,4768,Prima Mazda,+1-905-850-8111,"{addr1: '7635 Martin Grove Road', city: 'Woodbridge', region: 'Ontario', postal_code: 'L4L 2C5', country: 'CA'}",43.7739677000,-79.6083755000,,,,,https://www.primamazda.com/privacy-policy.html,New,4768,In stock,,58305 CAD,Free,
JM3KJDHD1T1211279,JM3KJDHD1T1211279,26-383-new,Mazda,CX-70 MHEV,4dr Awd Gt,2026,AUTOMATIC,SUV,GASOLINE,,"2026 Mazda CX-70 MHEV 4dr Awd Gt, Grey exterior","[{url:'https://imagescdn.d2cmedia.ca/cb294ac710aff970a0aa528f4d84a9f886/4768/14129531/1/Mazda-CX_70 MHEV-2026.jpg'},{url:'https://imagescdn.d2cmedia.ca/s8294ac710aff970a0aa528f4d84a9f886/4768/14129531/1/Mazda-CX_70_MHEV-2026.jpg'},{url:'https://imagescdn.d2cmedia.ca/cb294ac710aff970a0aa528f4d84a9f886/4768/14129531/1/Mazda-CX_70_MHEV-2026.jpg'},{url:'https://imagescdn.d2cmedia.ca/cb294ac710aff970a0aa528f4d84a9f886/4768/14129531/2/Mazda-CX_70_MHEV-2026.jpg'},{url:'https://imagescdn.d2cmedia.ca/cb294ac710aff970a0aa528f4d84a9f886/4768/14129531/3/Mazda-CX_70_MHEV-2026.jpg'},{url:'https://imagescdn.d2cmedia.ca/cb294ac710aff970a0aa528f4d84a9f886/4768/14129531/4/Mazda-CX_70_MHEV-2026.jpg'},{url:'https://imagescdn.d2cmedia.ca/cb294ac710aff970a0aa528f4d84a9f886/4768/14129531/5/Mazda-CX_70_MHEV-2026.jpg'},{url:'https://imagescdn.d2cmedia.ca/cb294ac710aff970a0aa528f4d84a9f886/4768/14129531/6/Mazda-CX_70_MHEV-2026.jpg'},{url:'https://imagescdn.d2cmedia.ca/cb294ac710aff970a0aa528f4d84a9f886/4768/14129531/7/Mazda-CX_70_MHEV-2026.jpg'},{url:'https://imagescdn.d2cmedia.ca/cb294ac710aff970a0aa528f4d84a9f886/4768/14129531/8/Mazda-CX_70_MHEV-2026.jpg'}]",150,KM,https://www.primamazda.com/new/inventory/2026-Mazda-CX_70_MHEV-id14129531.html,2026 Mazda CX-70 MHEV 4dr Awd Gt at Prima Mazda,58305 CAD,New,Grey,,4768,Prima Mazda,+1-905-850-8111,"{addr1: '7635 Martin Grove Road', city: 'Woodbridge', region: 'Ontario', postal_code: 'L4L 2C5', country: 'CA'}",43.7739677000,-79.6083755000,,,,,https://www.primamazda.com/privacy-policy.html,New,4768,In stock,,58305 CAD,Free,
JM3KJDHC5T1211048,JM3KJDHC5T1211048,26-323-new,Mazda,CX-70 MHEV,4dr Awd Gt-P,2026,AUTOMATIC,SUV,GASOLINE,,"2026 Mazda CX-70 MHEV 4dr Awd Gt-P, Black exterior","[{url:'https://carimages.d2cmedia.ca/newcarimages/en/cb6abaa6778d6e1/Mazda/CX-70 MHEV/2026/1200/483077-NERSIEFXRCBHVC1Q/black/front45.png'},{url:'https://carimages.d2cmedia.ca/newcarimages/en/cb6abaa6778d6e1/Mazda/CX-70 MHEV/2026/1280/483077/black/front_45_degree.png'},{url:'https://carimages.d2cmedia.ca/newcarimages/en/cb6abaa6778d6e1/Mazda/CX-70 MHEV/2026/2100/483077/black/front_45_degree.png'},{url:'https://carimages.d2cmedia.ca/newcarimages/en/cb6abaa6778d6e1/Mazda/CX-70 MHEV/2026/2100/483077/black/profile.png'},{url:'https://carimages.d2cmedia.ca/newcarimages/en/cb6abaa6778d6e1/Mazda/CX-70 MHEV/2026/2100/483077/black/full_dashboard.png'}]",150,KM,https://www.primamazda.com/new/inventory/2026-Mazda-CX_70_MHEV-id14059636.html,2026 Mazda CX-70 MHEV 4dr Awd Gt-P at Prima Mazda,61855 CAD,New,Black,,4768,Prima Mazda,+1-905-850-8111,"{addr1: '7635 Martin Grove Road', city: 'Woodbridge', region: 'Ontario', postal_code: 'L4L 2C5', country: 'CA'}",43.7739677000,-79.6083755000,,,,,https://www.primamazda.com/privacy-policy.html,New,4768,In stock,,61855 CAD,Free,
JM3KJDHC1T1211368,JM3KJDHC1T1211368,26-375-new,Mazda,CX-70 MHEV,4dr Awd Gt-P,2026,AUTOMATIC,SUV,GASOLINE,,"2026 Mazda CX-70 MHEV 4dr Awd Gt-P, Black exterior","[{url:'https://carimages.d2cmedia.ca/newcarimages/en/cb6abaa6778d6e1/Mazda/CX-70 MHEV/2026/1200/483077-NERSIEFXRCBHVC1Q/black/front45.png'},{url:'https://carimages.d2cmedia.ca/newcarimages/en/cb6abaa6778d6e1/Mazda/CX-70 MHEV/2026/1280/483077/black/front_45_degree.png'},{url:'https://carimages.d2cmedia.ca/newcarimages/en/cb6abaa6778d6e1/Mazda/CX-70 MHEV/2026/2100/483077/black/front_45_degree.png'},{url:'https://carimages.d2cmedia.ca/newcarimages/en/cb6abaa6778d6e1/Mazda/CX-70 MHEV/2026/2100/483077/black/profile.png'},{url:'https://carimages.d2cmedia.ca/newcarimages/en/cb6abaa6778d6e1/Mazda/CX-70 MHEV/2026/2100/483077/black/full_dashboard.png'}]",150,KM,https://www.primamazda.com/new/inventory/2026-Mazda-CX_70_MHEV-id14093362.html,2026 Mazda CX-70 MHEV 4dr Awd Gt-P at Prima Mazda,61855 CAD,New,Black,,4768,Prima Mazda,+1-905-850-8111,"{addr1: '7635 Martin Grove Road', city: 'Woodbridge', region: 'Ontario', postal_code: 'L4L 2C5', country: 'CA'}",43.7739677000,-79.6083755000,,,,,https://www.primamazda.com/privacy-policy.html,New,4768,In stock,,61855 CAD,Free,
JM3KJDHC6T1216307,JM3KJDHC6T1216307,26-544-new,Mazda,CX-70 MHEV,4dr Awd Gt-P,2026,AUTOMATIC,SUV,GASOLINE,,"2026 Mazda CX-70 MHEV 4dr Awd Gt-P, Blue exterior","[{url:'https://carimages.d2cmedia.ca/newcarimages/en/cb6abaa6778d6e1/Mazda/CX-70 MHEV/2026/1200/483077-NERSIEFXRCBHVC1Q/blue/front45.png'},{url:'https://carimages.d2cmedia.ca/newcarimages/en/cb6abaa6778d6e1/Mazda/CX-70 MHEV/2026/1280/483077/blue/front_45_degree.png'},{url:'https://carimages.d2cmedia.ca/newcarimages/en/cb6abaa6778d6e1/Mazda/CX-70 MHEV/2026/2100/483077/blue/front_45_degree.png'},{url:'https://carimages.d2cmedia.ca/newcarimages/en/cb6abaa6778d6e1/Mazda/CX-70 MHEV/2026/2100/483077/blue/profile.png'},{url:'https://carimages.d2cmedia.ca/newcarimages/en/cb6abaa6778d6e1/Mazda/CX-70 MHEV/2026/2100/483077/blue/full_dashboard.png'}]",150,KM,https://www.primamazda.com/new/inventory/2026-Mazda-CX_70_MHEV-id14414006.html,2026 Mazda CX-70 MHEV 4dr Awd Gt-P at Prima Mazda,61855 CAD,New,Blue,,4768,Prima Mazda,+1-905-850-8111,"{addr1: '7635 Martin Grove Road', city: 'Woodbridge', region: 'Ontario', postal_code: 'L4L 2C5', country: 'CA'}",43.7739677000,-79.6083755000,,,,,https://www.primamazda.com/privacy-policy.html,New,4768,In stock,,61855 CAD,Free,
JM3KJDHC6T1212578,JM3KJDHC6T1212578,26-414-new,Mazda,CX-70 MHEV,4dr Awd Gt-P,2026,AUTOMATIC,SUV,GASOLINE,,"2026 Mazda CX-70 MHEV 4dr Awd Gt-P, Copper exterior","[{url:'https://carimages.d2cmedia.ca/newcarimages/en/cb6abaa6778d6e1/Mazda/CX-70 MHEV/2026/1200/483077-NERSIEFXRCBHVC1Q/brown/front45.png'},{url:'https://carimages.d2cmedia.ca/newcarimages/en/cb6abaa6778d6e1/Mazda/CX-70 MHEV/2026/1280/483077/brown/front_45_degree.png'},{url:'https://carimages.d2cmedia.ca/newcarimages/en/cb6abaa6778d6e1/Mazda/CX-70 MHEV/2026/2100/483077/brown/front_45_degree.png'},{url:'https://carimages.d2cmedia.ca/newcarimages/en/cb6abaa6778d6e1/Mazda/CX-70 MHEV/2026/2100/483077/brown/profile.png'},{url:'https://carimages.d2cmedia.ca/newcarimages/en/cb6abaa6778d6e1/Mazda/CX-70 MHEV/2026/2100/483077/brown/full_dashboard.png'}]",150,KM,https://www.primamazda.com/new/inventory/2026-Mazda-CX_70_MHEV-id14172458.html,2026 Mazda CX-70 MHEV 4dr Awd Gt-P at Prima Mazda,62155 CAD,New,Copper,,4768,Prima Mazda,+1-905-850-8111,"{addr1: '7635 Martin Grove Road', city: 'Woodbridge', region: 'Ontario', postal_code: 'L4L 2C5', country: 'CA'}",43.7739677000,-79.6083755000,,,,,https://www.primamazda.com/privacy-policy.html,New,4768,In stock,,62155 CAD,Free,
JM3KJDHC9T1212395,JM3KJDHC9T1212395,26-431-new,Mazda,CX-70 MHEV,4dr Awd Gt-P,2026,AUTOMATIC,SUV,GASOLINE,,"2026 Mazda CX-70 MHEV 4dr Awd Gt-P, Grey exterior","[{url:'https://carimages.d2cmedia.ca/newcarimages/en/cb6abaa6778d6e1/Mazda/CX-70 MHEV/2026/1200/483077-NERSIEFXRCBHVC1Q/Gray/front45.png'},{url:'https://carimages.d2cmedia.ca/newcarimages/en/cb6abaa6778d6e1/Mazda/CX-70 MHEV/2026/1280/483077/grey/front_45_degree.png'},{url:'https://carimages.d2cmedia.ca/newcarimages/en/cb6abaa6778d6e1/Mazda/CX-70 MHEV/2026/2100/483077/grey/front_45_degree.png'},{url:'https://carimages.d2cmedia.ca/newcarimages/en/cb6abaa6778d6e1/Mazda/CX-70 MHEV/2026/2100/483077/grey/profile.png'},{url:'https://carimages.d2cmedia.ca/newcarimages/en/cb6abaa6778d6e1/Mazda/CX-70 MHEV/2026/2100/483077/grey/full_dashboard.png'}]",150,KM,https://www.primamazda.com/new/inventory/2026-Mazda-CX_70_MHEV-id14200379.html,2026 Mazda CX-70 MHEV 4dr Awd Gt-P at Prima Mazda,62155 CAD,New,Grey,,4768,Prima Mazda,+1-905-850-8111,"{addr1: '7635 Martin Grove Road', city: 'Woodbridge', region: 'Ontario', postal_code: 'L4L 2C5', country: 'CA'}",43.7739677000,-79.6083755000,,,,,https://www.primamazda.com/privacy-policy.html,New,4768,In stock,,62155 CAD,Free,
JM3KJDHC5T1211955,JM3KJDHC5T1211955,26-391-new,Mazda,CX-70 MHEV,4dr Awd Gt-P,2026,AUTOMATIC,SUV,GASOLINE,,"2026 Mazda CX-70 MHEV 4dr Awd Gt-P, White exterior","[{url:'https://carimages.d2cmedia.ca/newcarimages/en/cb6abaa6778d6e1/Mazda/CX-70 MHEV/2026/1200/483077-NERSIEFXRCBHVC1Q/white/front45.png'},{url:'https://carimages.d2cmedia.ca/newcarimages/en/cb6abaa6778d6e1/Mazda/CX-70 MHEV/2026/1280/483077/white/front_45_degree.png'},{url:'https://carimages.d2cmedia.ca/newcarimages/en/cb6abaa6778d6e1/Mazda/CX-70 MHEV/2026/2100/483077/white/front_45_degree.png'},{url:'https://carimages.d2cmedia.ca/newcarimages/en/cb6abaa6778d6e1/Mazda/CX-70 MHEV/2026/2100/483077/white/profile.png'},{url:'https://carimages.d2cmedia.ca/newcarimages/en/cb6abaa6778d6e1/Mazda/CX-70 MHEV/2026/2100/483077/white/full_dashboard.png'}]",150,KM,https://www.primamazda.com/new/inventory/2026-Mazda-CX_70_MHEV-id14041475.html,2026 Mazda CX-70 MHEV 4dr Awd Gt-P at Prima Mazda,62255 CAD,New,White,,4768,Prima Mazda,+1-905-850-8111,"{addr1: '7635 Martin Grove Road', city: 'Woodbridge', region: 'Ontario', postal_code: 'L4L 2C5', country: 'CA'}",43.7739677000,-79.6083755000,,,,,https://www.primamazda.com/privacy-policy.html,New,4768,In stock,,62255 CAD,Free,
JM3KJDHC6T1216131,JM3KJDHC6T1216131,26-543-new,Mazda,CX-70 MHEV,4dr Awd Gt-P,2026,AUTOMATIC,SUV,GASOLINE,,"2026 Mazda CX-70 MHEV 4dr Awd Gt-P, Grey exterior","[{url:'https://imagescdn.d2cmedia.ca/cb12f0154de20f8aad74aed2ae59c1d157/4768/14414005/1/Mazda-CX_70 MHEV-2026.jpg'},{url:'https://imagescdn.d2cmedia.ca/s812f0154de20f8aad74aed2ae59c1d157/4768/14414005/1/Mazda-CX_70_MHEV-2026.jpg'},{url:'https://imagescdn.d2cmedia.ca/cb12f0154de20f8aad74aed2ae59c1d157/4768/14414005/1/Mazda-CX_70_MHEV-2026.jpg'},{url:'https://imagescdn.d2cmedia.ca/cb12f0154de20f8aad74aed2ae59c1d157/4768/14414005/2/Mazda-CX_70_MHEV-2026.jpg'},{url:'https://imagescdn.d2cmedia.ca/cb12f0154de20f8aad74aed2ae59c1d157/4768/14414005/3/Mazda-CX_70_MHEV-2026.jpg'},{url:'https://imagescdn.d2cmedia.ca/cb12f0154de20f8aad74aed2ae59c1d157/4768/14414005/4/Mazda-CX_70_MHEV-2026.jpg'},{url:'https://imagescdn.d2cmedia.ca/cb12f0154de20f8aad74aed2ae59c1d157/4768/14414005/5/Mazda-CX_70_MHEV-2026.jpg'},{url:'https://imagescdn.d2cmedia.ca/cb12f0154de20f8aad74aed2ae59c1d157/4768/14414005/6/Mazda-CX_70_MHEV-2026.jpg'},{url:'https://imagescdn.d2cmedia.ca/cb12f0154de20f8aad74aed2ae59c1d157/4768/14414005/7/Mazda-CX_70_MHEV-2026.jpg'},{url:'https://imagescdn.d2cmedia.ca/cb12f0154de20f8aad74aed2ae59c1d157/4768/14414005/8/Mazda-CX_70_MHEV-2026.jpg'}]",150,KM,https://www.primamazda.com/new/inventory/2026-Mazda-CX_70_MHEV-id14414005.html,2026 Mazda CX-70 MHEV 4dr Awd Gt-P at Prima Mazda,62255 CAD,New,Grey,,4768,Prima Mazda,+1-905-850-8111,"{addr1: '7635 Martin Grove Road', city: 'Woodbridge', region: 'Ontario', postal_code: 'L4L 2C5', country: 'CA'}",43.7739677000,-79.6083755000,,,,,https://www.primamazda.com/privacy-policy.html,New,4768,In stock,,62255 CAD,Free,
JM3KKBHA2T1418285,JM3KKBHA2T1418285,26-533-new,Mazda,CX-90 PHEV,4dr Awd Gs,2026,AUTOMATIC,SUV,HYBRID,,"2026 Mazda CX-90 PHEV 4dr Awd Gs, Grey exterior","[{url:'https://imagescdn.d2cmedia.ca/cba4b22ecdeddf273207a20cb8e7181ba3/4768/14427327/1/Mazda-CX_90 PHEV-2026.jpg'},{url:'https://imagescdn.d2cmedia.ca/s8a4b22ecdeddf273207a20cb8e7181ba3/4768/14427327/1/Mazda-CX_90_PHEV-2026.jpg'},{url:'https://imagescdn.d2cmedia.ca/cba4b22ecdeddf273207a20cb8e7181ba3/4768/14427327/1/Mazda-CX_90_PHEV-2026.jpg'},{url:'https://imagescdn.d2cmedia.ca/cba4b22ecdeddf273207a20cb8e7181ba3/4768/14427327/2/Mazda-CX_90_PHEV-2026.jpg'},{url:'https://imagescdn.d2cmedia.ca/cba4b22ecdeddf273207a20cb8e7181ba3/4768/14427327/3/Mazda-CX_90_PHEV-2026.jpg'},{url:'https://imagescdn.d2cmedia.ca/cba4b22ecdeddf273207a20cb8e7181ba3/4768/14427327/4/Mazda-CX_90_PHEV-2026.jpg'},{url:'https://imagescdn.d2cmedia.ca/cba4b22ecdeddf273207a20cb8e7181ba3/4768/14427327/5/Mazda-CX_90_PHEV-2026.jpg'},{url:'https://imagescdn.d2cmedia.ca/cba4b22ecdeddf273207a20cb8e7181ba3/4768/14427327/6/Mazda-CX_90_PHEV-2026.jpg'},{url:'https://imagescdn.d2cmedia.ca/cba4b22ecdeddf273207a20cb8e7181ba3/4768/14427327/7/Mazda-CX_90_PHEV-2026.jpg'},{url:'https://imagescdn.d2cmedia.ca/cba4b22ecdeddf273207a20cb8e7181ba3/4768/14427327/8/Mazda-CX_90_PHEV-2026.jpg'}]",150,KM,https://www.primamazda.com/new/inventory/2026-Mazda-CX_90_PHEV-id14427327.html,2026 Mazda CX-90 PHEV 4dr Awd Gs at Prima Mazda,53954 CAD,New,Grey,,4768,Prima Mazda,+1-905-850-8111,"{addr1: '7635 Martin Grove Road', city: 'Woodbridge', region: 'Ontario', postal_code: 'L4L 2C5', country: 'CA'}",43.7739677000,-79.6083755000,,,,,https://www.primamazda.com/privacy-policy.html,New,4768,In stock,,53954 CAD,Free,
JM3KKDHA3T1377113,JM3KKDHA3T1377113,26-067-new,Mazda,CX-90 PHEV,4dr Awd Gt,2026,AUTOMATIC,SUV,HYBRID,,"2026 Mazda CX-90 PHEV 4dr Awd Gt, Blue exterior","[{url:'https://imagescdn.d2cmedia.ca/cbb1f9971bcc09492fdbbd704126f59c7d/4768/13528578/1/Mazda-CX_90 PHEV-2026.jpg'},{url:'https://imagescdn.d2cmedia.ca/s8b1f9971bcc09492fdbbd704126f59c7d/4768/13528578/1/Mazda-CX_90_PHEV-2026.jpg'},{url:'https://imagescdn.d2cmedia.ca/cbb1f9971bcc09492fdbbd704126f59c7d/4768/13528578/1/Mazda-CX_90_PHEV-2026.jpg'},{url:'https://imagescdn.d2cmedia.ca/cbb1f9971bcc09492fdbbd704126f59c7d/4768/13528578/2/Mazda-CX_90_PHEV-2026.jpg'},{url:'https://imagescdn.d2cmedia.ca/cbb1f9971bcc09492fdbbd704126f59c7d/4768/13528578/3/Mazda-CX_90_PHEV-2026.jpg'},{url:'https://imagescdn.d2cmedia.ca/cbb1f9971bcc09492fdbbd704126f59c7d/4768/13528578/4/Mazda-CX_90_PHEV-2026.jpg'},{url:'https://imagescdn.d2cmedia.ca/cbb1f9971bcc09492fdbbd704126f59c7d/4768/13528578/5/Mazda-CX_90_PHEV-2026.jpg'},{url:'https://imagescdn.d2cmedia.ca/cbb1f9971bcc09492fdbbd704126f59c7d/4768/13528578/6/Mazda-CX_90_PHEV-2026.jpg'},{url:'https://imagescdn.d2cmedia.ca/cbb1f9971bcc09492fdbbd704126f59c7d/4768/13528578/7/Mazda-CX_90_PHEV-2026.jpg'},{url:'https://imagescdn.d2cmedia.ca/cbb1f9971bcc09492fdbbd704126f59c7d/4768/13528578/8/Mazda-CX_90_PHEV-2026.jpg'}]",150,KM,https://www.primamazda.com/new/inventory/2026-Mazda-CX_90_PHEV-id13528578.html,2026 Mazda CX-90 PHEV 4dr Awd Gt at Prima Mazda,65905 CAD,New,Blue,,4768,Prima Mazda,+1-905-850-8111,"{addr1: '7635 Martin Grove Road', city: 'Woodbridge', region: 'Ontario', postal_code: 'L4L 2C5', country: 'CA'}",43.7739677000,-79.6083755000,,,,,https://www.primamazda.com/privacy-policy.html,New,4768,In stock,,65905 CAD,Free,
JM3KKDHA9T1408736,JM3KKDHA9T1408736,26-411-new,Mazda,CX-90 PHEV,4dr Awd Gt,2026,AUTOMATIC,SUV,HYBRID,,"2026 Mazda CX-90 PHEV 4dr Awd Gt, Blue exterior","[{url:'https://imagescdn.d2cmedia.ca/cb28cdb17648edb8d328a664eed2c0d432/4768/14172457/1/Mazda-CX_90 PHEV-2026.jpg'},{url:'https://imagescdn.d2cmedia.ca/s828cdb17648edb8d328a664eed2c0d432/4768/14172457/1/Mazda-CX_90_PHEV-2026.jpg'},{url:'https://imagescdn.d2cmedia.ca/cb28cdb17648edb8d328a664eed2c0d432/4768/14172457/1/Mazda-CX_90_PHEV-2026.jpg'},{url:'https://imagescdn.d2cmedia.ca/cb28cdb17648edb8d328a664eed2c0d432/4768/14172457/2/Mazda-CX_90_PHEV-2026.jpg'},{url:'https://imagescdn.d2cmedia.ca/cb28cdb17648edb8d328a664eed2c0d432/4768/14172457/3/Mazda-CX_90_PHEV-2026.jpg'},{url:'https://imagescdn.d2cmedia.ca/cb28cdb17648edb8d328a664eed2c0d432/4768/14172457/4/Mazda-CX_90_PHEV-2026.jpg'},{url:'https://imagescdn.d2cmedia.ca/cb28cdb17648edb8d328a664eed2c0d432/4768/14172457/5/Mazda-CX_90_PHEV-2026.jpg'},{url:'https://imagescdn.d2cmedia.ca/cb28cdb17648edb8d328a664eed2c0d432/4768/14172457/6/Mazda-CX_90_PHEV-2026.jpg'},{url:'https://imagescdn.d2cmedia.ca/cb28cdb17648edb8d328a664eed2c0d432/4768/14172457/7/Mazda-CX_90_PHEV-2026.jpg'},{url:'https://imagescdn.d2cmedia.ca/cb28cdb17648edb8d328a664eed2c0d432/4768/14172457/8/Mazda-CX_90_PHEV-2026.jpg'}]",150,KM,https://www.primamazda.com/new/inventory/2026-Mazda-CX_90_PHEV-id14172457.html,2026 Mazda CX-90 PHEV 4dr Awd Gt at Prima Mazda,65905 CAD,New,Blue,,4768,Prima Mazda,+1-905-850-8111,"{addr1: '7635 Martin Grove Road', city: 'Woodbridge', region: 'Ontario', postal_code: 'L4L 2C5', country: 'CA'}",43.7739677000,-79.6083755000,,,,,https://www.primamazda.com/privacy-policy.html,New,4768,In stock,,65905 CAD,Free,
JM3KKDHA3T1395398,JM3KKDHA3T1395398,26-243-new,Mazda,CX-90 PHEV,4dr Awd Gt,2026,AUTOMATIC,SUV,HYBRID,,"2026 Mazda CX-90 PHEV 4dr Awd Gt, Grey exterior","[{url:'https://imagescdn.d2cmedia.ca/cba1ec1f93ca2e1befba0c0c420187cf7e/4768/13877537/1/Mazda-CX_90 PHEV-2026.jpg'},{url:'https://imagescdn.d2cmedia.ca/s8a1ec1f93ca2e1befba0c0c420187cf7e/4768/13877537/1/Mazda-CX_90_PHEV-2026.jpg'},{url:'https://imagescdn.d2cmedia.ca/cba1ec1f93ca2e1befba0c0c420187cf7e/4768/13877537/1/Mazda-CX_90_PHEV-2026.jpg'},{url:'https://imagescdn.d2cmedia.ca/cba1ec1f93ca2e1befba0c0c420187cf7e/4768/13877537/2/Mazda-CX_90_PHEV-2026.jpg'},{url:'https://imagescdn.d2cmedia.ca/cba1ec1f93ca2e1befba0c0c420187cf7e/4768/13877537/3/Mazda-CX_90_PHEV-2026.jpg'},{url:'https://imagescdn.d2cmedia.ca/cba1ec1f93ca2e1befba0c0c420187cf7e/4768/13877537/4/Mazda-CX_90_PHEV-2026.jpg'},{url:'https://imagescdn.d2cmedia.ca/cba1ec1f93ca2e1befba0c0c420187cf7e/4768/13877537/5/Mazda-CX_90_PHEV-2026.jpg'},{url:'https://imagescdn.d2cmedia.ca/cba1ec1f93ca2e1befba0c0c420187cf7e/4768/13877537/6/Mazda-CX_90_PHEV-2026.jpg'},{url:'https://imagescdn.d2cmedia.ca/cba1ec1f93ca2e1befba0c0c420187cf7e/4768/13877537/7/Mazda-CX_90_PHEV-2026.jpg'},{url:'https://imagescdn.d2cmedia.ca/cba1ec1f93ca2e1befba0c0c420187cf7e/4768/13877537/8/Mazda-CX_90_PHEV-2026.jpg'}]",150,KM,https://www.primamazda.com/new/inventory/2026-Mazda-CX_90_PHEV-id13877537.html,2026 Mazda CX-90 PHEV 4dr Awd Gt at Prima Mazda,66305 CAD,New,Grey,,4768,Prima Mazda,+1-905-850-8111,"{addr1: '7635 Martin Grove Road', city: 'Woodbridge', region: 'Ontario', postal_code: 'L4L 2C5', country: 'CA'}",43.7739677000,-79.6083755000,,,,,https://www.primamazda.com/privacy-policy.html,New,4768,In stock,,66305 CAD,Free,
JM3KKDHA8T1396384,JM3KKDHA8T1396384,26-272-new,Mazda,CX-90 PHEV,4dr Awd Gt,2026,AUTOMATIC,SUV,HYBRID,,"2026 Mazda CX-90 PHEV 4dr Awd Gt, White exterior","[{url:'https://imagescdn.d2cmedia.ca/cb91a0a21774647e6dadc25af1f5c4d89b/4768/13942593/1/Mazda-CX_90 PHEV-2026.jpg'},{url:'https://imagescdn.d2cmedia.ca/s891a0a21774647e6dadc25af1f5c4d89b/4768/13942593/1/Mazda-CX_90_PHEV-2026.jpg'},{url:'https://imagescdn.d2cmedia.ca/cb91a0a21774647e6dadc25af1f5c4d89b/4768/13942593/1/Mazda-CX_90_PHEV-2026.jpg'},{url:'https://imagescdn.d2cmedia.ca/cb91a0a21774647e6dadc25af1f5c4d89b/4768/13942593/2/Mazda-CX_90_PHEV-2026.jpg'},{url:'https://imagescdn.d2cmedia.ca/cb91a0a21774647e6dadc25af1f5c4d89b/4768/13942593/3/Mazda-CX_90_PHEV-2026.jpg'},{url:'https://imagescdn.d2cmedia.ca/cb91a0a21774647e6dadc25af1f5c4d89b/4768/13942593/4/Mazda-CX_90_PHEV-2026.jpg'},{url:'https://imagescdn.d2cmedia.ca/cb91a0a21774647e6dadc25af1f5c4d89b/4768/13942593/5/Mazda-CX_90_PHEV-2026.jpg'},{url:'https://imagescdn.d2cmedia.ca/cb91a0a21774647e6dadc25af1f5c4d89b/4768/13942593/6/Mazda-CX_90_PHEV-2026.jpg'},{url:'https://imagescdn.d2cmedia.ca/cb91a0a21774647e6dadc25af1f5c4d89b/4768/13942593/7/Mazda-CX_90_PHEV-2026.jpg'},{url:'https://imagescdn.d2cmedia.ca/cb91a0a21774647e6dadc25af1f5c4d89b/4768/13942593/8/Mazda-CX_90_PHEV-2026.jpg'}]",150,KM,https://www.primamazda.com/new/inventory/2026-Mazda-CX_90_PHEV-id13942593.html,2026 Mazda CX-90 PHEV 4dr Awd Gt at Prima Mazda,66305 CAD,New,White,,4768,Prima Mazda,+1-905-850-8111,"{addr1: '7635 Martin Grove Road', city: 'Woodbridge', region: 'Ontario', postal_code: 'L4L 2C5', country: 'CA'}",43.7739677000,-79.6083755000,,,,,https://www.primamazda.com/privacy-policy.html,New,4768,In stock,,66305 CAD,Free,
JM3KKDHA6T1389353,JM3KKDHA6T1389353,26-182-new,Mazda,CX-90 PHEV,4dr Awd Gt,2026,AUTOMATIC,SUV,HYBRID,,"2026 Mazda CX-90 PHEV 4dr Awd Gt, Red exterior","[{url:'https://imagescdn.d2cmedia.ca/cb077dddb93a47e9776599d56ef1665cac/4768/13758874/1/Mazda-CX_90 PHEV-2026.jpg'},{url:'https://imagescdn.d2cmedia.ca/s8077dddb93a47e9776599d56ef1665cac/4768/13758874/1/Mazda-CX_90_PHEV-2026.jpg'},{url:'https://imagescdn.d2cmedia.ca/cb077dddb93a47e9776599d56ef1665cac/4768/13758874/1/Mazda-CX_90_PHEV-2026.jpg'},{url:'https://imagescdn.d2cmedia.ca/cb077dddb93a47e9776599d56ef1665cac/4768/13758874/2/Mazda-CX_90_PHEV-2026.jpg'},{url:'https://imagescdn.d2cmedia.ca/cb077dddb93a47e9776599d56ef1665cac/4768/13758874/3/Mazda-CX_90_PHEV-2026.jpg'},{url:'https://imagescdn.d2cmedia.ca/cb077dddb93a47e9776599d56ef1665cac/4768/13758874/4/Mazda-CX_90_PHEV-2026.jpg'},{url:'https://imagescdn.d2cmedia.ca/cb077dddb93a47e9776599d56ef1665cac/4768/13758874/5/Mazda-CX_90_PHEV-2026.jpg'},{url:'https://imagescdn.d2cmedia.ca/cb077dddb93a47e9776599d56ef1665cac/4768/13758874/6/Mazda-CX_90_PHEV-2026.jpg'},{url:'https://imagescdn.d2cmedia.ca/cb077dddb93a47e9776599d56ef1665cac/4768/13758874/7/Mazda-CX_90_PHEV-2026.jpg'},{url:'https://imagescdn.d2cmedia.ca/cb077dddb93a47e9776599d56ef1665cac/4768/13758874/8/Mazda-CX_90_PHEV-2026.jpg'}]",150,KM,https://www.primamazda.com/new/inventory/2026-Mazda-CX_90_PHEV-id13758874.html,2026 Mazda CX-90 PHEV 4dr Awd Gt at Prima Mazda,66405 CAD,New,Red,,4768,Prima Mazda,+1-905-850-8111,"{addr1: '7635 Martin Grove Road', city: 'Woodbridge', region: 'Ontario', postal_code: 'L4L 2C5', country: 'CA'}",43.7739677000,-79.6083755000,,,,,https://www.primamazda.com/privacy-policy.html,New,4768,In stock,,66405 CAD,Free,
JM3KKEHA4T1375568,JM3KKEHA4T1375568,26-040-new,Mazda,CX-90 PHEV,4dr Awd Signature,2026,AUTOMATIC,SUV,HYBRID,,"2026 Mazda CX-90 PHEV 4dr Awd Signature, White exterior","[{url:'https://imagescdn.d2cmedia.ca/cbc939600c76e41f59da923ebb1f5cf081/4768/13449929/1/Mazda-CX_90 PHEV-2026.jpg'},{url:'https://imagescdn.d2cmedia.ca/s8c939600c76e41f59da923ebb1f5cf081/4768/13449929/1/Mazda-CX_90_PHEV-2026.jpg'},{url:'https://imagescdn.d2cmedia.ca/cbc939600c76e41f59da923ebb1f5cf081/4768/13449929/1/Mazda-CX_90_PHEV-2026.jpg'},{url:'https://imagescdn.d2cmedia.ca/cbc939600c76e41f59da923ebb1f5cf081/4768/13449929/2/Mazda-CX_90_PHEV-2026.jpg'},{url:'https://imagescdn.d2cmedia.ca/cbc939600c76e41f59da923ebb1f5cf081/4768/13449929/3/Mazda-CX_90_PHEV-2026.jpg'},{url:'https://imagescdn.d2cmedia.ca/cbc939600c76e41f59da923ebb1f5cf081/4768/13449929/4/Mazda-CX_90_PHEV-2026.jpg'},{url:'https://imagescdn.d2cmedia.ca/cbc939600c76e41f59da923ebb1f5cf081/4768/13449929/5/Mazda-CX_90_PHEV-2026.jpg'},{url:'https://imagescdn.d2cmedia.ca/cbc939600c76e41f59da923ebb1f5cf081/4768/13449929/6/Mazda-CX_90_PHEV-2026.jpg'},{url:'https://imagescdn.d2cmedia.ca/cbc939600c76e41f59da923ebb1f5cf081/4768/13449929/7/Mazda-CX_90_PHEV-2026.jpg'},{url:'https://imagescdn.d2cmedia.ca/cbc939600c76e41f59da923ebb1f5cf081/4768/13449929/8/Mazda-CX_90_PHEV-2026.jpg'}]",150,KM,https://www.primamazda.com/new/inventory/2026-Mazda-CX_90_PHEV-id13449929.html,2026 Mazda CX-90 PHEV 4dr Awd Signature at Prima Mazda,73605 CAD,New,White,,4768,Prima Mazda,+1-905-850-8111,"{addr1: '7635 Martin Grove Road', city: 'Woodbridge', region: 'Ontario', postal_code: 'L4L 2C5', country: 'CA'}",43.7739677000,-79.6083755000,,,,,https://www.primamazda.com/privacy-policy.html,New,4768,In stock,,73605 CAD,Free,
JM3KKEHA6T1379458,JM3KKEHA6T1379458,26-069-new,Mazda,CX-90 PHEV,4dr Awd Signature,2026,AUTOMATIC,SUV,HYBRID,,"2026 Mazda CX-90 PHEV 4dr Awd Signature, White exterior","[{url:'https://imagescdn.d2cmedia.ca/cb52f589e610244153595c664b0516ea45/4768/13520041/1/Mazda-CX_90 PHEV-2026.jpg'},{url:'https://imagescdn.d2cmedia.ca/s852f589e610244153595c664b0516ea45/4768/13520041/1/Mazda-CX_90_PHEV-2026.jpg'},{url:'https://imagescdn.d2cmedia.ca/cb52f589e610244153595c664b0516ea45/4768/13520041/1/Mazda-CX_90_PHEV-2026.jpg'},{url:'https://imagescdn.d2cmedia.ca/cb52f589e610244153595c664b0516ea45/4768/13520041/2/Mazda-CX_90_PHEV-2026.jpg'},{url:'https://imagescdn.d2cmedia.ca/cb52f589e610244153595c664b0516ea45/4768/13520041/3/Mazda-CX_90_PHEV-2026.jpg'},{url:'https://imagescdn.d2cmedia.ca/cb52f589e610244153595c664b0516ea45/4768/13520041/4/Mazda-CX_90_PHEV-2026.jpg'},{url:'https://imagescdn.d2cmedia.ca/cb52f589e610244153595c664b0516ea45/4768/13520041/5/Mazda-CX_90_PHEV-2026.jpg'},{url:'https://imagescdn.d2cmedia.ca/cb52f589e610244153595c664b0516ea45/4768/13520041/6/Mazda-CX_90_PHEV-2026.jpg'},{url:'https://imagescdn.d2cmedia.ca/cb52f589e610244153595c664b0516ea45/4768/13520041/7/Mazda-CX_90_PHEV-2026.jpg'},{url:'https://imagescdn.d2cmedia.ca/cb52f589e610244153595c664b0516ea45/4768/13520041/8/Mazda-CX_90_PHEV-2026.jpg'}]",150,KM,https://www.primamazda.com/new/inventory/2026-Mazda-CX_90_PHEV-id13520041.html,2026 Mazda CX-90 PHEV 4dr Awd Signature at Prima Mazda,73605 CAD,New,White,,4768,Prima Mazda,+1-905-850-8111,"{addr1: '7635 Martin Grove Road', city: 'Woodbridge', region: 'Ontario', postal_code: 'L4L 2C5', country: 'CA'}",43.7739677000,-79.6083755000,,,,,https://www.primamazda.com/privacy-policy.html,New,4768,In stock,,73605 CAD,Free,
JM3KKEHA2T1379909,JM3KKEHA2T1379909,26-084-new,Mazda,CX-90 PHEV,4dr Awd Signature,2026,AUTOMATIC,SUV,HYBRID,,"2026 Mazda CX-90 PHEV 4dr Awd Signature, Red exterior","[{url:'https://imagescdn.d2cmedia.ca/cb4561321086cfb37f05e3814fdec514bb/4768/13528579/1/Mazda-CX_90 PHEV-2026.jpg'},{url:'https://imagescdn.d2cmedia.ca/s84561321086cfb37f05e3814fdec514bb/4768/13528579/1/Mazda-CX_90_PHEV-2026.jpg'},{url:'https://imagescdn.d2cmedia.ca/cb4561321086cfb37f05e3814fdec514bb/4768/13528579/1/Mazda-CX_90_PHEV-2026.jpg'},{url:'https://imagescdn.d2cmedia.ca/cb4561321086cfb37f05e3814fdec514bb/4768/13528579/2/Mazda-CX_90_PHEV-2026.jpg'},{url:'https://imagescdn.d2cmedia.ca/cb4561321086cfb37f05e3814fdec514bb/4768/13528579/3/Mazda-CX_90_PHEV-2026.jpg'},{url:'https://imagescdn.d2cmedia.ca/cb4561321086cfb37f05e3814fdec514bb/4768/13528579/4/Mazda-CX_90_PHEV-2026.jpg'},{url:'https://imagescdn.d2cmedia.ca/cb4561321086cfb37f05e3814fdec514bb/4768/13528579/5/Mazda-CX_90_PHEV-2026.jpg'},{url:'https://imagescdn.d2cmedia.ca/cb4561321086cfb37f05e3814fdec514bb/4768/13528579/6/Mazda-CX_90_PHEV-2026.jpg'},{url:'https://imagescdn.d2cmedia.ca/cb4561321086cfb37f05e3814fdec514bb/4768/13528579/7/Mazda-CX_90_PHEV-2026.jpg'},{url:'https://imagescdn.d2cmedia.ca/cb4561321086cfb37f05e3814fdec514bb/4768/13528579/8/Mazda-CX_90_PHEV-2026.jpg'}]",150,KM,https://www.primamazda.com/new/inventory/2026-Mazda-CX_90_PHEV-id13528579.html,2026 Mazda CX-90 PHEV 4dr Awd Signature at Prima Mazda,73705 CAD,New,Red,,4768,Prima Mazda,+1-905-850-8111,"{addr1: '7635 Martin Grove Road', city: 'Woodbridge', region: 'Ontario', postal_code: 'L4L 2C5', country: 'CA'}",43.7739677000,-79.6083755000,,,,,https://www.primamazda.com/privacy-policy.html,New,4768,In stock,,73705 CAD,Free,
JM3KJDHA4T1204798,JM3KJDHA4T1204798,26-036-new,Mazda,CX-70 PHEV,4dr Awd Gt,2026,AUTOMATIC,SUV,HYBRID,,"2026 Mazda CX-70 PHEV 4dr Awd Gt, Black exterior","[{url:'https://imagescdn.d2cmedia.ca/cb3588a637106f905b290d136356012008/4768/13439417/1/Mazda-CX_70 PHEV-2026.jpg'},{url:'https://imagescdn.d2cmedia.ca/s83588a637106f905b290d136356012008/4768/13439417/1/Mazda-CX_70_PHEV-2026.jpg'},{url:'https://imagescdn.d2cmedia.ca/cb3588a637106f905b290d136356012008/4768/13439417/1/Mazda-CX_70_PHEV-2026.jpg'},{url:'https://imagescdn.d2cmedia.ca/cb3588a637106f905b290d136356012008/4768/13439417/2/Mazda-CX_70_PHEV-2026.jpg'},{url:'https://imagescdn.d2cmedia.ca/cb3588a637106f905b290d136356012008/4768/13439417/3/Mazda-CX_70_PHEV-2026.jpg'},{url:'https://imagescdn.d2cmedia.ca/cb3588a637106f905b290d136356012008/4768/13439417/4/Mazda-CX_70_PHEV-2026.jpg'},{url:'https://imagescdn.d2cmedia.ca/cb3588a637106f905b290d136356012008/4768/13439417/5/Mazda-CX_70_PHEV-2026.jpg'},{url:'https://imagescdn.d2cmedia.ca/cb3588a637106f905b290d136356012008/4768/13439417/6/Mazda-CX_70_PHEV-2026.jpg'},{url:'https://imagescdn.d2cmedia.ca/cb3588a637106f905b290d136356012008/4768/13439417/7/Mazda-CX_70_PHEV-2026.jpg'},{url:'https://imagescdn.d2cmedia.ca/cb3588a637106f905b290d136356012008/4768/13439417/8/Mazda-CX_70_PHEV-2026.jpg'}]",150,KM,https://www.primamazda.com/new/inventory/2026-Mazda-CX_70_PHEV-id13439417.html,2026 Mazda CX-70 PHEV 4dr Awd Gt at Prima Mazda,64905 CAD,New,Black,,4768,Prima Mazda,+1-905-850-8111,"{addr1: '7635 Martin Grove Road', city: 'Woodbridge', region: 'Ontario', postal_code: 'L4L 2C5', country: 'CA'}",43.7739677000,-79.6083755000,,,,,https://www.primamazda.com/privacy-policy.html,New,4768,In stock,,64905 CAD,Free,
JM3KJDHA8T1211690,JM3KJDHA8T1211690,26-359-new,Mazda,CX-70 PHEV,4dr Awd Gt,2026,AUTOMATIC,SUV,HYBRID,,"2026 Mazda CX-70 PHEV 4dr Awd Gt, Black exterior","[{url:'https://imagescdn.d2cmedia.ca/cbe1e1038e60108c6c80662046b7d43b60/4768/14129526/1/Mazda-CX_70 PHEV-2026.jpg'},{url:'https://imagescdn.d2cmedia.ca/s8e1e1038e60108c6c80662046b7d43b60/4768/14129526/1/Mazda-CX_70_PHEV-2026.jpg'},{url:'https://imagescdn.d2cmedia.ca/cbe1e1038e60108c6c80662046b7d43b60/4768/14129526/1/Mazda-CX_70_PHEV-2026.jpg'},{url:'https://imagescdn.d2cmedia.ca/cbe1e1038e60108c6c80662046b7d43b60/4768/14129526/2/Mazda-CX_70_PHEV-2026.jpg'},{url:'https://imagescdn.d2cmedia.ca/cbe1e1038e60108c6c80662046b7d43b60/4768/14129526/3/Mazda-CX_70_PHEV-2026.jpg'},{url:'https://imagescdn.d2cmedia.ca/cbe1e1038e60108c6c80662046b7d43b60/4768/14129526/4/Mazda-CX_70_PHEV-2026.jpg'},{url:'https://imagescdn.d2cmedia.ca/cbe1e1038e60108c6c80662046b7d43b60/4768/14129526/5/Mazda-CX_70_PHEV-2026.jpg'},{url:'https://imagescdn.d2cmedia.ca/cbe1e1038e60108c6c80662046b7d43b60/4768/14129526/6/Mazda-CX_70_PHEV-2026.jpg'},{url:'https://imagescdn.d2cmedia.ca/cbe1e1038e60108c6c80662046b7d43b60/4768/14129526/7/Mazda-CX_70_PHEV-2026.jpg'},{url:'https://imagescdn.d2cmedia.ca/cbe1e1038e60108c6c80662046b7d43b60/4768/14129526/8/Mazda-CX_70_PHEV-2026.jpg'}]",150,KM,https://www.primamazda.com/new/inventory/2026-Mazda-CX_70_PHEV-id14129526.html,2026 Mazda CX-70 PHEV 4dr Awd Gt at Prima Mazda,64905 CAD,New,Black,,4768,Prima Mazda,+1-905-850-8111,"{addr1: '7635 Martin Grove Road', city: 'Woodbridge', region: 'Ontario', postal_code: 'L4L 2C5', country: 'CA'}",43.7739677000,-79.6083755000,,,,,https://www.primamazda.com/privacy-policy.html,New,4768,In stock,,64905 CAD,Free,
JM3KJDHA9T1214050,JM3KJDHA9T1214050,26-491-new,Mazda,CX-70 PHEV,4dr Awd Gt,2026,AUTOMATIC,SUV,HYBRID,,"2026 Mazda CX-70 PHEV 4dr Awd Gt, Blue exterior","[{url:'https://imagescdn.d2cmedia.ca/cb50e4deff72568ff12f5e1d38059cd500/4768/14334466/1/Mazda-CX_70 PHEV-2026.jpg'},{url:'https://imagescdn.d2cmedia.ca/s850e4deff72568ff12f5e1d38059cd500/4768/14334466/1/Mazda-CX_70_PHEV-2026.jpg'},{url:'https://imagescdn.d2cmedia.ca/cb50e4deff72568ff12f5e1d38059cd500/4768/14334466/1/Mazda-CX_70_PHEV-2026.jpg'},{url:'https://imagescdn.d2cmedia.ca/cb50e4deff72568ff12f5e1d38059cd500/4768/14334466/2/Mazda-CX_70_PHEV-2026.jpg'},{url:'https://imagescdn.d2cmedia.ca/cb50e4deff72568ff12f5e1d38059cd500/4768/14334466/3/Mazda-CX_70_PHEV-2026.jpg'},{url:'https://imagescdn.d2cmedia.ca/cb50e4deff72568ff12f5e1d38059cd500/4768/14334466/4/Mazda-CX_70_PHEV-2026.jpg'},{url:'https://imagescdn.d2cmedia.ca/cb50e4deff72568ff12f5e1d38059cd500/4768/14334466/5/Mazda-CX_70_PHEV-2026.jpg'},{url:'https://imagescdn.d2cmedia.ca/cb50e4deff72568ff12f5e1d38059cd500/4768/14334466/6/Mazda-CX_70_PHEV-2026.jpg'},{url:'https://imagescdn.d2cmedia.ca/cb50e4deff72568ff12f5e1d38059cd500/4768/14334466/7/Mazda-CX_70_PHEV-2026.jpg'},{url:'https://imagescdn.d2cmedia.ca/cb50e4deff72568ff12f5e1d38059cd500/4768/14334466/8/Mazda-CX_70_PHEV-2026.jpg'}]",150,KM,https://www.primamazda.com/new/inventory/2026-Mazda-CX_70_PHEV-id14334466.html,2026 Mazda CX-70 PHEV 4dr Awd Gt at Prima Mazda,64905 CAD,New,Blue,,4768,Prima Mazda,+1-905-850-8111,"{addr1: '7635 Martin Grove Road', city: 'Woodbridge', region: 'Ontario', postal_code: 'L4L 2C5', country: 'CA'}",43.7739677000,-79.6083755000,,,,,https://www.primamazda.com/privacy-policy.html,New,4768,In stock,,64905 CAD,Free,
JM3KJDHA8T1208546,JM3KJDHA8T1208546,26-169-new,Mazda,CX-70 PHEV,4dr Awd Gt,2026,AUTOMATIC,SUV,HYBRID,,"2026 Mazda CX-70 PHEV 4dr Awd Gt, Grey exterior","[{url:'https://imagescdn.d2cmedia.ca/cb17ec1b96fc3814adf61bc709f548b354/4768/13752969/1/Mazda-CX_70 PHEV-2026.jpg'},{url:'https://imagescdn.d2cmedia.ca/s817ec1b96fc3814adf61bc709f548b354/4768/13752969/1/Mazda-CX_70_PHEV-2026.jpg'},{url:'https://imagescdn.d2cmedia.ca/cb17ec1b96fc3814adf61bc709f548b354/4768/13752969/1/Mazda-CX_70_PHEV-2026.jpg'},{url:'https://imagescdn.d2cmedia.ca/cb17ec1b96fc3814adf61bc709f548b354/4768/13752969/2/Mazda-CX_70_PHEV-2026.jpg'},{url:'https://imagescdn.d2cmedia.ca/cb17ec1b96fc3814adf61bc709f548b354/4768/13752969/3/Mazda-CX_70_PHEV-2026.jpg'},{url:'https://imagescdn.d2cmedia.ca/cb17ec1b96fc3814adf61bc709f548b354/4768/13752969/4/Mazda-CX_70_PHEV-2026.jpg'},{url:'https://imagescdn.d2cmedia.ca/cb17ec1b96fc3814adf61bc709f548b354/4768/13752969/5/Mazda-CX_70_PHEV-2026.jpg'},{url:'https://imagescdn.d2cmedia.ca/cb17ec1b96fc3814adf61bc709f548b354/4768/13752969/6/Mazda-CX_70_PHEV-2026.jpg'},{url:'https://imagescdn.d2cmedia.ca/cb17ec1b96fc3814adf61bc709f548b354/4768/13752969/7/Mazda-CX_70_PHEV-2026.jpg'},{url:'https://imagescdn.d2cmedia.ca/cb17ec1b96fc3814adf61bc709f548b354/4768/13752969/8/Mazda-CX_70_PHEV-2026.jpg'}]",150,KM,https://www.primamazda.com/new/inventory/2026-Mazda-CX_70_PHEV-id13752969.html,2026 Mazda CX-70 PHEV 4dr Awd Gt at Prima Mazda,65205 CAD,New,Grey,,4768,Prima Mazda,+1-905-850-8111,"{addr1: '7635 Martin Grove Road', city: 'Woodbridge', region: 'Ontario', postal_code: 'L4L 2C5', country: 'CA'}",43.7739677000,-79.6083755000,,,,,https://www.primamazda.com/privacy-policy.html,New,4768,In stock,,65205 CAD,Free,
JM3KJDHAXT1208208,JM3KJDHAXT1208208,26-181-new,Mazda,CX-70 PHEV,4dr Awd Gt,2026,AUTOMATIC,SUV,HYBRID,,"2026 Mazda CX-70 PHEV 4dr Awd Gt, Grey exterior","[{url:'https://imagescdn.d2cmedia.ca/cb1b27a53a329e7b248695ebddc1a0bafb/4768/13780019/1/Mazda-CX_70 PHEV-2026.jpg'},{url:'https://imagescdn.d2cmedia.ca/s81b27a53a329e7b248695ebddc1a0bafb/4768/13780019/1/Mazda-CX_70_PHEV-2026.jpg'},{url:'https://imagescdn.d2cmedia.ca/cb1b27a53a329e7b248695ebddc1a0bafb/4768/13780019/1/Mazda-CX_70_PHEV-2026.jpg'},{url:'https://imagescdn.d2cmedia.ca/cb1b27a53a329e7b248695ebddc1a0bafb/4768/13780019/2/Mazda-CX_70_PHEV-2026.jpg'},{url:'https://imagescdn.d2cmedia.ca/cb1b27a53a329e7b248695ebddc1a0bafb/4768/13780019/3/Mazda-CX_70_PHEV-2026.jpg'},{url:'https://imagescdn.d2cmedia.ca/cb1b27a53a329e7b248695ebddc1a0bafb/4768/13780019/4/Mazda-CX_70_PHEV-2026.jpg'},{url:'https://imagescdn.d2cmedia.ca/cb1b27a53a329e7b248695ebddc1a0bafb/4768/13780019/5/Mazda-CX_70_PHEV-2026.jpg'},{url:'https://imagescdn.d2cmedia.ca/cb1b27a53a329e7b248695ebddc1a0bafb/4768/13780019/6/Mazda-CX_70_PHEV-2026.jpg'},{url:'https://imagescdn.d2cmedia.ca/cb1b27a53a329e7b248695ebddc1a0bafb/4768/13780019/7/Mazda-CX_70_PHEV-2026.jpg'},{url:'https://imagescdn.d2cmedia.ca/cb1b27a53a329e7b248695ebddc1a0bafb/4768/13780019/8/Mazda-CX_70_PHEV-2026.jpg'}]",150,KM,https://www.primamazda.com/new/inventory/2026-Mazda-CX_70_PHEV-id13780019.html,2026 Mazda CX-70 PHEV 4dr Awd Gt at Prima Mazda,65305 CAD,New,Grey,,4768,Prima Mazda,+1-905-850-8111,"{addr1: '7635 Martin Grove Road', city: 'Woodbridge', region: 'Ontario', postal_code: 'L4L 2C5', country: 'CA'}",43.7739677000,-79.6083755000,,,,,https://www.primamazda.com/privacy-policy.html,New,4768,In stock,,65305 CAD,Free,
JM3KJEHAXT1205881,JM3KJEHAXT1205881,26-073-new,Mazda,CX-70 PHEV,4dr Awd Signature,2026,AUTOMATIC,SUV,HYBRID,,"2026 Mazda CX-70 PHEV 4dr Awd Signature, Black exterior","[{url:'https://imagescdn.d2cmedia.ca/cb477d83e70bfa77d1132db66c97d6b8d7/4768/13545987/1/Mazda-CX_70 PHEV-2026.jpg'},{url:'https://imagescdn.d2cmedia.ca/s8477d83e70bfa77d1132db66c97d6b8d7/4768/13545987/1/Mazda-CX_70_PHEV-2026.jpg'},{url:'https://imagescdn.d2cmedia.ca/cb477d83e70bfa77d1132db66c97d6b8d7/4768/13545987/1/Mazda-CX_70_PHEV-2026.jpg'},{url:'https://imagescdn.d2cmedia.ca/cb477d83e70bfa77d1132db66c97d6b8d7/4768/13545987/2/Mazda-CX_70_PHEV-2026.jpg'},{url:'https://imagescdn.d2cmedia.ca/cb477d83e70bfa77d1132db66c97d6b8d7/4768/13545987/3/Mazda-CX_70_PHEV-2026.jpg'},{url:'https://imagescdn.d2cmedia.ca/cb477d83e70bfa77d1132db66c97d6b8d7/4768/13545987/4/Mazda-CX_70_PHEV-2026.jpg'},{url:'https://imagescdn.d2cmedia.ca/cb477d83e70bfa77d1132db66c97d6b8d7/4768/13545987/5/Mazda-CX_70_PHEV-2026.jpg'},{url:'https://imagescdn.d2cmedia.ca/cb477d83e70bfa77d1132db66c97d6b8d7/4768/13545987/6/Mazda-CX_70_PHEV-2026.jpg'},{url:'https://imagescdn.d2cmedia.ca/cb477d83e70bfa77d1132db66c97d6b8d7/4768/13545987/7/Mazda-CX_70_PHEV-2026.jpg'},{url:'https://imagescdn.d2cmedia.ca/cb477d83e70bfa77d1132db66c97d6b8d7/4768/13545987/8/Mazda-CX_70_PHEV-2026.jpg'}]",150,KM,https://www.primamazda.com/new/inventory/2026-Mazda-CX_70_PHEV-id13545987.html,2026 Mazda CX-70 PHEV 4dr Awd Signature at Prima Mazda,71855 CAD,New,Black,,4768,Prima Mazda,+1-905-850-8111,"{addr1: '7635 Martin Grove Road', city: 'Woodbridge', region: 'Ontario', postal_code: 'L4L 2C5', country: 'CA'}",43.7739677000,-79.6083755000,,,,,https://www.primamazda.com/privacy-policy.html,New,4768,In stock,,71855 CAD,Free,
JM3KJEHA2T1206006,JM3KJEHA2T1206006,26-074-new,Mazda,CX-70 PHEV,4dr Awd Signature,2026,AUTOMATIC,SUV,HYBRID,,"2026 Mazda CX-70 PHEV 4dr Awd Signature, Black exterior","[{url:'https://imagescdn.d2cmedia.ca/cb36322fc89dc8a45c2df177aea0325f33/4768/13545988/1/Mazda-CX_70 PHEV-2026.jpg'},{url:'https://imagescdn.d2cmedia.ca/s836322fc89dc8a45c2df177aea0325f33/4768/13545988/1/Mazda-CX_70_PHEV-2026.jpg'},{url:'https://imagescdn.d2cmedia.ca/cb36322fc89dc8a45c2df177aea0325f33/4768/13545988/1/Mazda-CX_70_PHEV-2026.jpg'},{url:'https://imagescdn.d2cmedia.ca/cb36322fc89dc8a45c2df177aea0325f33/4768/13545988/2/Mazda-CX_70_PHEV-2026.jpg'},{url:'https://imagescdn.d2cmedia.ca/cb36322fc89dc8a45c2df177aea0325f33/4768/13545988/3/Mazda-CX_70_PHEV-2026.jpg'},{url:'https://imagescdn.d2cmedia.ca/cb36322fc89dc8a45c2df177aea0325f33/4768/13545988/4/Mazda-CX_70_PHEV-2026.jpg'},{url:'https://imagescdn.d2cmedia.ca/cb36322fc89dc8a45c2df177aea0325f33/4768/13545988/5/Mazda-CX_70_PHEV-2026.jpg'},{url:'https://imagescdn.d2cmedia.ca/cb36322fc89dc8a45c2df177aea0325f33/4768/13545988/6/Mazda-CX_70_PHEV-2026.jpg'},{url:'https://imagescdn.d2cmedia.ca/cb36322fc89dc8a45c2df177aea0325f33/4768/13545988/7/Mazda-CX_70_PHEV-2026.jpg'},{url:'https://imagescdn.d2cmedia.ca/cb36322fc89dc8a45c2df177aea0325f33/4768/13545988/8/Mazda-CX_70_PHEV-2026.jpg'}]",150,KM,https://www.primamazda.com/new/inventory/2026-Mazda-CX_70_PHEV-id13545988.html,2026 Mazda CX-70 PHEV 4dr Awd Signature at Prima Mazda,71855 CAD,New,Black,,4768,Prima Mazda,+1-905-850-8111,"{addr1: '7635 Martin Grove Road', city: 'Woodbridge', region: 'Ontario', postal_code: 'L4L 2C5', country: 'CA'}",43.7739677000,-79.6083755000,,,,,https://www.primamazda.com/privacy-policy.html,New,4768,In stock,,71855 CAD,Free,
JM1NDAD72T0707192,JM1NDAD72T0707192,26-381-new,Mazda,MX-5,2dr Mt Gt,2026,AUTOMATIC,SUV,GASOLINE,,"2026 Mazda MX-5 2dr Mt Gt, Blue exterior","[{url:'https://imagescdn.d2cmedia.ca/cb65081f200ad933d3ed26bb2085a397fb/4768/14093367/1/Mazda-MX_5-2026.jpg'},{url:'https://imagescdn.d2cmedia.ca/s865081f200ad933d3ed26bb2085a397fb/4768/14093367/1/Mazda-MX_5-2026.jpg'},{url:'https://imagescdn.d2cmedia.ca/cb65081f200ad933d3ed26bb2085a397fb/4768/14093367/2/Mazda-MX_5-2026.jpg'},{url:'https://imagescdn.d2cmedia.ca/cb65081f200ad933d3ed26bb2085a397fb/4768/14093367/3/Mazda-MX_5-2026.jpg'},{url:'https://imagescdn.d2cmedia.ca/cb65081f200ad933d3ed26bb2085a397fb/4768/14093367/4/Mazda-MX_5-2026.jpg'},{url:'https://imagescdn.d2cmedia.ca/cb65081f200ad933d3ed26bb2085a397fb/4768/14093367/5/Mazda-MX_5-2026.jpg'},{url:'https://imagescdn.d2cmedia.ca/cb65081f200ad933d3ed26bb2085a397fb/4768/14093367/6/Mazda-MX_5-2026.jpg'},{url:'https://imagescdn.d2cmedia.ca/cb65081f200ad933d3ed26bb2085a397fb/4768/14093367/7/Mazda-MX_5-2026.jpg'},{url:'https://imagescdn.d2cmedia.ca/cb65081f200ad933d3ed26bb2085a397fb/4768/14093367/8/Mazda-MX_5-2026.jpg'},{url:'https://imagescdn.d2cmedia.ca/cb65081f200ad933d3ed26bb2085a397fb/4768/14093367/9/Mazda-MX_5-2026.jpg'}]",150,KM,https://www.primamazda.com/new/inventory/2026-Mazda-MX_5-id14093367.html,2026 Mazda MX-5 2dr Mt Gt at Prima Mazda,46255 CAD,New,Blue,,4768,Prima Mazda,+1-905-850-8111,"{addr1: '7635 Martin Grove Road', city: 'Woodbridge', region: 'Ontario', postal_code: 'L4L 2C5', country: 'CA'}",43.7739677000,-79.6083755000,,,,,https://www.primamazda.com/privacy-policy.html,New,4768,In stock,,46255 CAD,Free,
KMHD84LF1HU399714,KMHD84LF1HU399714,26-562A,Hyundai,Elantra,AUTO GL/ CARFAX CLEAN/ CERTIFIED/ GREAT VALUE,2017,AUTOMATIC,SEDAN,GASOLINE,FWD,"2017 Hyundai Elantra AUTO GL/ CARFAX CLEAN/ CERTIFIED/ GREAT VALUE, Grey exterior, Front-wheel drive","[{url:'https://imagescdn.d2cmedia.ca/cb92878b54968841e67e945b0bbae076f8/4768/14442034/1/Hyundai-Elantra-2017.jpg'},{url:'https://imagescdn.d2cmedia.ca/s892878b54968841e67e945b0bbae076f8/4768/14442034/1/Hyundai-Elantra-2017.jpg'},{url:'https://imagescdn.d2cmedia.ca/cb92878b54968841e67e945b0bbae076f8/4768/14442034/2/Hyundai-Elantra-2017.jpg'},{url:'https://imagescdn.d2cmedia.ca/cb92878b54968841e67e945b0bbae076f8/4768/14442034/3/Hyundai-Elantra-2017.jpg'},{url:'https://imagescdn.d2cmedia.ca/cb92878b54968841e67e945b0bbae076f8/4768/14442034/4/Hyundai-Elantra-2017.jpg'},{url:'https://imagescdn.d2cmedia.ca/cb92878b54968841e67e945b0bbae076f8/4768/14442034/5/Hyundai-Elantra-2017.jpg'},{url:'https://imagescdn.d2cmedia.ca/cb92878b54968841e67e945b0bbae076f8/4768/14442034/6/Hyundai-Elantra-2017.jpg'},{url:'https://imagescdn.d2cmedia.ca/cb92878b54968841e67e945b0bbae076f8/4768/14442034/7/Hyundai-Elantra-2017.jpg'},{url:'https://imagescdn.d2cmedia.ca/cb92878b54968841e67e945b0bbae076f8/4768/14442034/8/Hyundai-Elantra-2017.jpg'},{url:'https://imagescdn.d2cmedia.ca/cb92878b54968841e67e945b0bbae076f8/4768/14442034/9/Hyundai-Elantra-2017.jpg'}]",172457,KM,https://www.primamazda.com/used/2017-Hyundai-Elantra-id14442034.html,2017 Hyundai Elantra AUTO GL/ CARFAX CLEAN/ CERTIFIED/ GREAT VALUE at Prima Mazda,9999 CAD,Used,Grey,Black,4768,Prima Mazda,+1-905-850-8111,"{addr1: '7635 Martin Grove Road', city: 'Woodbridge', region: 'Ontario', postal_code: 'L4L 2C5', country: 'CA'}",43.7739677000,-79.6083755000,,,,,https://www.primamazda.com/privacy-policy.html,Used,4768,In stock,,9999 CAD,Free,
JM3KE2BE1G0904553,JM3KE2BE1G0904553,P-6093,Mazda,CX-5,MANUAL/ SOLD/ PENDING DELIVERY,2016,MANUAL,SUV,GASOLINE,FWD,"2016 Mazda CX-5 MANUAL/ SOLD/ PENDING DELIVERY, Grey exterior, Front-wheel drive","[{url:'https://imagescdn.d2cmedia.ca/cbeaba88ce4bb9b31b461a1fdf8e0a0e5d/4768/14373748/1/Mazda-CX_5-2016.jpg'},{url:'https://imagescdn.d2cmedia.ca/s8eaba88ce4bb9b31b461a1fdf8e0a0e5d/4768/14373748/1/Mazda-CX_5-2016.jpg'},{url:'https://imagescdn.d2cmedia.ca/cbeaba88ce4bb9b31b461a1fdf8e0a0e5d/4768/14373748/2/Mazda-CX_5-2016.jpg'},{url:'https://imagescdn.d2cmedia.ca/cbeaba88ce4bb9b31b461a1fdf8e0a0e5d/4768/14373748/3/Mazda-CX_5-2016.jpg'},{url:'https://imagescdn.d2cmedia.ca/cbeaba88ce4bb9b31b461a1fdf8e0a0e5d/4768/14373748/4/Mazda-CX_5-2016.jpg'},{url:'https://imagescdn.d2cmedia.ca/cbeaba88ce4bb9b31b461a1fdf8e0a0e5d/4768/14373748/5/Mazda-CX_5-2016.jpg'},{url:'https://imagescdn.d2cmedia.ca/cbeaba88ce4bb9b31b461a1fdf8e0a0e5d/4768/14373748/6/Mazda-CX_5-2016.jpg'},{url:'https://imagescdn.d2cmedia.ca/cbeaba88ce4bb9b31b461a1fdf8e0a0e5d/4768/14373748/7/Mazda-CX_5-2016.jpg'},{url:'https://imagescdn.d2cmedia.ca/cbeaba88ce4bb9b31b461a1fdf8e0a0e5d/4768/14373748/8/Mazda-CX_5-2016.jpg'},{url:'https://imagescdn.d2cmedia.ca/cbeaba88ce4bb9b31b461a1fdf8e0a0e5d/4768/14373748/9/Mazda-CX_5-2016.jpg'}]",112350,KM,https://www.primamazda.com/used/2016-Mazda-CX_5-id14373748.html,2016 Mazda CX-5 MANUAL/ SOLD/ PENDING DELIVERY at Prima Mazda,13999 CAD,Used,Grey,Black,4768,Prima Mazda,+1-905-850-8111,"{addr1: '7635 Martin Grove Road', city: 'Woodbridge', region: 'Ontario', postal_code: 'L4L 2C5', country: 'CA'}",43.7739677000,-79.6083755000,,,,,https://www.primamazda.com/privacy-policy.html,Used,4768,In stock,,13999 CAD,Free,
JM1GL1VY2J1303707,JM1GL1VY2J1303707,P-6066,Mazda,Mazda6,GS-L TURBO/ CARFAX CLEAN/ ULTRA LOW KMS/ MUST SEE,2018,AUTOMATIC,SEDAN,GASOLINE,FWD,"2018 Mazda Mazda6 GS-L TURBO/ CARFAX CLEAN/ ULTRA LOW KMS/ MUST SEE, White exterior, Front-wheel drive","[{url:'https://imagescdn.d2cmedia.ca/cb157a95262efbdc5866385503646e5237/4768/14256030/1/Mazda-Mazda6-2018.jpg'},{url:'https://imagescdn.d2cmedia.ca/s8157a95262efbdc5866385503646e5237/4768/14256030/1/Mazda-Mazda6-2018.jpg'},{url:'https://imagescdn.d2cmedia.ca/cb157a95262efbdc5866385503646e5237/4768/14256030/2/Mazda-Mazda6-2018.jpg'},{url:'https://imagescdn.d2cmedia.ca/cb157a95262efbdc5866385503646e5237/4768/14256030/3/Mazda-Mazda6-2018.jpg'},{url:'https://imagescdn.d2cmedia.ca/cb157a95262efbdc5866385503646e5237/4768/14256030/4/Mazda-Mazda6-2018.jpg'},{url:'https://imagescdn.d2cmedia.ca/cb157a95262efbdc5866385503646e5237/4768/14256030/5/Mazda-Mazda6-2018.jpg'},{url:'https://imagescdn.d2cmedia.ca/cb157a95262efbdc5866385503646e5237/4768/14256030/6/Mazda-Mazda6-2018.jpg'},{url:'https://imagescdn.d2cmedia.ca/cb157a95262efbdc5866385503646e5237/4768/14256030/7/Mazda-Mazda6-2018.jpg'},{url:'https://imagescdn.d2cmedia.ca/cb157a95262efbdc5866385503646e5237/4768/14256030/8/Mazda-Mazda6-2018.jpg'},{url:'https://imagescdn.d2cmedia.ca/cb157a95262efbdc5866385503646e5237/4768/14256030/9/Mazda-Mazda6-2018.jpg'}]",20033,KM,https://www.primamazda.com/used/2018-Mazda-Mazda6-id14256030.html,2018 Mazda Mazda6 GS-L TURBO/ CARFAX CLEAN/ ULTRA LOW KMS/ MUST SEE at Prima Mazda,24999 CAD,Used,White,Black,4768,Prima Mazda,+1-905-850-8111,"{addr1: '7635 Martin Grove Road', city: 'Woodbridge', region: 'Ontario', postal_code: 'L4L 2C5', country: 'CA'}",43.7739677000,-79.6083755000,,,,,https://www.primamazda.com/privacy-policy.html,Used,4768,In stock,,24999 CAD,Free,
JM1BPBDY6R1657876,JM1BPBDY6R1657876,P-5896,Mazda,Mazda3,GT TURBO AWD/ NEW TIRES/ NEW BRAKES/ MUST SEE,2024,AUTOMATIC,SEDAN,GASOLINE,AWD,"2024 Mazda Mazda3 GT TURBO AWD/ NEW TIRES/ NEW BRAKES/ MUST SEE, Silver exterior, All-wheel drive","[{url:'https://imagescdn.d2cmedia.ca/cb9125a822f0ccde1ae5a838a6b7cbf85a/4768/14211103/1/Mazda-Mazda3-2024.jpg'},{url:'https://imagescdn.d2cmedia.ca/s89125a822f0ccde1ae5a838a6b7cbf85a/4768/14211103/1/Mazda-Mazda3-2024.jpg'},{url:'https://imagescdn.d2cmedia.ca/cb9125a822f0ccde1ae5a838a6b7cbf85a/4768/14211103/2/Mazda-Mazda3-2024.jpg'},{url:'https://imagescdn.d2cmedia.ca/cb9125a822f0ccde1ae5a838a6b7cbf85a/4768/14211103/3/Mazda-Mazda3-2024.jpg'},{url:'https://imagescdn.d2cmedia.ca/cb9125a822f0ccde1ae5a838a6b7cbf85a/4768/14211103/4/Mazda-Mazda3-2024.jpg'},{url:'https://imagescdn.d2cmedia.ca/cb9125a822f0ccde1ae5a838a6b7cbf85a/4768/14211103/5/Mazda-Mazda3-2024.jpg'},{url:'https://imagescdn.d2cmedia.ca/cb9125a822f0ccde1ae5a838a6b7cbf85a/4768/14211103/6/Mazda-Mazda3-2024.jpg'},{url:'https://imagescdn.d2cmedia.ca/cb9125a822f0ccde1ae5a838a6b7cbf85a/4768/14211103/7/Mazda-Mazda3-2024.jpg'},{url:'https://imagescdn.d2cmedia.ca/cb9125a822f0ccde1ae5a838a6b7cbf85a/4768/14211103/8/Mazda-Mazda3-2024.jpg'},{url:'https://imagescdn.d2cmedia.ca/cb9125a822f0ccde1ae5a838a6b7cbf85a/4768/14211103/9/Mazda-Mazda3-2024.jpg'}]",95650,KM,https://www.primamazda.com/used/2024-Mazda-Mazda3-id14211103.html,2024 Mazda Mazda3 GT TURBO AWD/ NEW TIRES/ NEW BRAKES/ MUST SEE at Prima Mazda,25999 CAD,CPO,Silver,Black,4768,Prima Mazda,+1-905-850-8111,"{addr1: '7635 Martin Grove Road', city: 'Woodbridge', region: 'Ontario', postal_code: 'L4L 2C5', country: 'CA'}",43.7739677000,-79.6083755000,,,,,https://www.primamazda.com/privacy-policy.html,CPO,4768,In stock,,25999 CAD,Free,
3MVDMBCM6SM852867,3MVDMBCM6SM852867,P-6022,Mazda,CX-30,GS AWD/ CARFAX CLEAN/ 2.99% RATE/ MUST SEE,2025,AUTOMATIC,SUV,GASOLINE,AWD,"2025 Mazda CX-30 GS AWD/ CARFAX CLEAN/ 2.99% RATE/ MUST SEE, Black exterior, All-wheel drive","[{url:'https://imagescdn.d2cmedia.ca/cbc9dbb16c3cc251b229c3cb11780f575f/4768/14104928/1/Mazda-CX_30-2025.jpg'},{url:'https://imagescdn.d2cmedia.ca/s8c9dbb16c3cc251b229c3cb11780f575f/4768/14104928/1/Mazda-CX_30-2025.jpg'},{url:'https://imagescdn.d2cmedia.ca/cbc9dbb16c3cc251b229c3cb11780f575f/4768/14104928/2/Mazda-CX_30-2025.jpg'},{url:'https://imagescdn.d2cmedia.ca/cbc9dbb16c3cc251b229c3cb11780f575f/4768/14104928/3/Mazda-CX_30-2025.jpg'},{url:'https://imagescdn.d2cmedia.ca/cbc9dbb16c3cc251b229c3cb11780f575f/4768/14104928/4/Mazda-CX_30-2025.jpg'},{url:'https://imagescdn.d2cmedia.ca/cbc9dbb16c3cc251b229c3cb11780f575f/4768/14104928/5/Mazda-CX_30-2025.jpg'},{url:'https://imagescdn.d2cmedia.ca/cbc9dbb16c3cc251b229c3cb11780f575f/4768/14104928/6/Mazda-CX_30-2025.jpg'},{url:'https://imagescdn.d2cmedia.ca/cbc9dbb16c3cc251b229c3cb11780f575f/4768/14104928/7/Mazda-CX_30-2025.jpg'},{url:'https://imagescdn.d2cmedia.ca/cbc9dbb16c3cc251b229c3cb11780f575f/4768/14104928/8/Mazda-CX_30-2025.jpg'},{url:'https://imagescdn.d2cmedia.ca/cbc9dbb16c3cc251b229c3cb11780f575f/4768/14104928/9/Mazda-CX_30-2025.jpg'}]",45218,KM,https://www.primamazda.com/used/2025-Mazda-CX_30-id14104928.html,2025 Mazda CX-30 GS AWD/ CARFAX CLEAN/ 2.99% RATE/ MUST SEE at Prima Mazda,28999 CAD,CPO,Black,Black,4768,Prima Mazda,+1-905-850-8111,"{addr1: '7635 Martin Grove Road', city: 'Woodbridge', region: 'Ontario', postal_code: 'L4L 2C5', country: 'CA'}",43.7739677000,-79.6083755000,,,,,https://www.primamazda.com/privacy-policy.html,CPO,4768,In stock,,28999 CAD,Free,
3MVDMBCM3SM852907,3MVDMBCM3SM852907,P-6023,Mazda,CX-30,GS AWD/ CARFAX CLEAN/ 2.99% RATE/ MUST SEE,2025,AUTOMATIC,SUV,GASOLINE,AWD,"2025 Mazda CX-30 GS AWD/ CARFAX CLEAN/ 2.99% RATE/ MUST SEE, Red exterior, All-wheel drive","[{url:'https://imagescdn.d2cmedia.ca/cb7ba026ad7e5cc5697ebee02e53c1d251/4768/14104929/1/Mazda-CX_30-2025.jpg'},{url:'https://imagescdn.d2cmedia.ca/s87ba026ad7e5cc5697ebee02e53c1d251/4768/14104929/1/Mazda-CX_30-2025.jpg'},{url:'https://imagescdn.d2cmedia.ca/cb7ba026ad7e5cc5697ebee02e53c1d251/4768/14104929/2/Mazda-CX_30-2025.jpg'},{url:'https://imagescdn.d2cmedia.ca/cb7ba026ad7e5cc5697ebee02e53c1d251/4768/14104929/3/Mazda-CX_30-2025.jpg'},{url:'https://imagescdn.d2cmedia.ca/cb7ba026ad7e5cc5697ebee02e53c1d251/4768/14104929/4/Mazda-CX_30-2025.jpg'},{url:'https://imagescdn.d2cmedia.ca/cb7ba026ad7e5cc5697ebee02e53c1d251/4768/14104929/5/Mazda-CX_30-2025.jpg'},{url:'https://imagescdn.d2cmedia.ca/cb7ba026ad7e5cc5697ebee02e53c1d251/4768/14104929/6/Mazda-CX_30-2025.jpg'},{url:'https://imagescdn.d2cmedia.ca/cb7ba026ad7e5cc5697ebee02e53c1d251/4768/14104929/7/Mazda-CX_30-2025.jpg'},{url:'https://imagescdn.d2cmedia.ca/cb7ba026ad7e5cc5697ebee02e53c1d251/4768/14104929/8/Mazda-CX_30-2025.jpg'},{url:'https://imagescdn.d2cmedia.ca/cb7ba026ad7e5cc5697ebee02e53c1d251/4768/14104929/9/Mazda-CX_30-2025.jpg'}]",48318,KM,https://www.primamazda.com/used/2025-Mazda-CX_30-id14104929.html,2025 Mazda CX-30 GS AWD/ CARFAX CLEAN/ 2.99% RATE/ MUST SEE at Prima Mazda,28999 CAD,CPO,Red,Black,4768,Prima Mazda,+1-905-850-8111,"{addr1: '7635 Martin Grove Road', city: 'Woodbridge', region: 'Ontario', postal_code: 'L4L 2C5', country: 'CA'}",43.7739677000,-79.6083755000,,,,,https://www.primamazda.com/privacy-policy.html,CPO,4768,In stock,,28999 CAD,Free,
JM3TCBBY1N0624004,JM3TCBBY1N0624004,P-6041,Mazda,CX-9,GS AWD/CARFAX CLEAN/ 2.99% RATE/ 7 SEATER,2022,AUTOMATIC,SUV,GASOLINE,AWD,"2022 Mazda CX-9 GS AWD/CARFAX CLEAN/ 2.99% RATE/ 7 SEATER, Blue exterior, All-wheel drive","[{url:'https://imagescdn.d2cmedia.ca/cb0281e3bef52448233898fcb782d5927c/4768/14178605/1/Mazda-CX_9-2022.jpg'},{url:'https://imagescdn.d2cmedia.ca/s80281e3bef52448233898fcb782d5927c/4768/14178605/1/Mazda-CX_9-2022.jpg'},{url:'https://imagescdn.d2cmedia.ca/cb0281e3bef52448233898fcb782d5927c/4768/14178605/2/Mazda-CX_9-2022.jpg'},{url:'https://imagescdn.d2cmedia.ca/cb0281e3bef52448233898fcb782d5927c/4768/14178605/3/Mazda-CX_9-2022.jpg'},{url:'https://imagescdn.d2cmedia.ca/cb0281e3bef52448233898fcb782d5927c/4768/14178605/4/Mazda-CX_9-2022.jpg'},{url:'https://imagescdn.d2cmedia.ca/cb0281e3bef52448233898fcb782d5927c/4768/14178605/5/Mazda-CX_9-2022.jpg'},{url:'https://imagescdn.d2cmedia.ca/cb0281e3bef52448233898fcb782d5927c/4768/14178605/6/Mazda-CX_9-2022.jpg'},{url:'https://imagescdn.d2cmedia.ca/cb0281e3bef52448233898fcb782d5927c/4768/14178605/7/Mazda-CX_9-2022.jpg'},{url:'https://imagescdn.d2cmedia.ca/cb0281e3bef52448233898fcb782d5927c/4768/14178605/8/Mazda-CX_9-2022.jpg'},{url:'https://imagescdn.d2cmedia.ca/cb0281e3bef52448233898fcb782d5927c/4768/14178605/9/Mazda-CX_9-2022.jpg'}]",81285,KM,https://www.primamazda.com/used/2022-Mazda-CX_9-id14178605.html,2022 Mazda CX-9 GS AWD/CARFAX CLEAN/ 2.99% RATE/ 7 SEATER at Prima Mazda,29999 CAD,CPO,Blue,Black,4768,Prima Mazda,+1-905-850-8111,"{addr1: '7635 Martin Grove Road', city: 'Woodbridge', region: 'Ontario', postal_code: 'L4L 2C5', country: 'CA'}",43.7739677000,-79.6083755000,,,,,https://www.primamazda.com/privacy-policy.html,CPO,4768,In stock,,29999 CAD,Free,
JM3KFBDM1P0124683,JM3KFBDM1P0124683,P-6089,Mazda,CX-5,GT AWD/ 2.99% RATE/ NEW TIRES AND BRAKES/ MUST SEE,2023,AUTOMATIC,SUV,GASOLINE,AWD,"2023 Mazda CX-5 GT AWD/ 2.99% RATE/ NEW TIRES AND BRAKES/ MUST SEE, Grey exterior, All-wheel drive","[{url:'https://imagescdn.d2cmedia.ca/cb6bcb3517f123060266cd12fe1279a2f9/4768/14360828/1/Mazda-CX_5-2023.jpg'},{url:'https://imagescdn.d2cmedia.ca/s86bcb3517f123060266cd12fe1279a2f9/4768/14360828/1/Mazda-CX_5-2023.jpg'},{url:'https://imagescdn.d2cmedia.ca/cb6bcb3517f123060266cd12fe1279a2f9/4768/14360828/2/Mazda-CX_5-2023.jpg'},{url:'https://imagescdn.d2cmedia.ca/cb6bcb3517f123060266cd12fe1279a2f9/4768/14360828/3/Mazda-CX_5-2023.jpg'},{url:'https://imagescdn.d2cmedia.ca/cb6bcb3517f123060266cd12fe1279a2f9/4768/14360828/4/Mazda-CX_5-2023.jpg'},{url:'https://imagescdn.d2cmedia.ca/cb6bcb3517f123060266cd12fe1279a2f9/4768/14360828/5/Mazda-CX_5-2023.jpg'},{url:'https://imagescdn.d2cmedia.ca/cb6bcb3517f123060266cd12fe1279a2f9/4768/14360828/6/Mazda-CX_5-2023.jpg'},{url:'https://imagescdn.d2cmedia.ca/cb6bcb3517f123060266cd12fe1279a2f9/4768/14360828/7/Mazda-CX_5-2023.jpg'},{url:'https://imagescdn.d2cmedia.ca/cb6bcb3517f123060266cd12fe1279a2f9/4768/14360828/8/Mazda-CX_5-2023.jpg'},{url:'https://imagescdn.d2cmedia.ca/cb6bcb3517f123060266cd12fe1279a2f9/4768/14360828/9/Mazda-CX_5-2023.jpg'}]",103313,KM,https://www.primamazda.com/used/2023-Mazda-CX_5-id14360828.html,2023 Mazda CX-5 GT AWD/ 2.99% RATE/ NEW TIRES AND BRAKES/ MUST SEE at Prima Mazda,29999 CAD,CPO,Grey,Black,4768,Prima Mazda,+1-905-850-8111,"{addr1: '7635 Martin Grove Road', city: 'Woodbridge', region: 'Ontario', postal_code: 'L4L 2C5', country: 'CA'}",43.7739677000,-79.6083755000,,,,,https://www.primamazda.com/privacy-policy.html,CPO,4768,In stock,,29999 CAD,Free,
3VW8T7BU3RM079514,3VW8T7BU3RM079514,P-6064,Volkswagen,Jetta GLI,40TH ANNIVERSARY EDITION/ SOLD/ PENDING DELIVERY,2024,MANUAL,SEDAN,GASOLINE,FWD,"2024 Volkswagen Jetta GLI 40TH ANNIVERSARY EDITION/ SOLD/ PENDING DELIVERY, Grey exterior, Front-wheel drive","[{url:'https://imagescdn.d2cmedia.ca/cbfd0ad6336bd31441f63d7335259cb214/4768/14250864/1/Volkswagen-Jetta GLI-2024.jpg'},{url:'https://imagescdn.d2cmedia.ca/s8fd0ad6336bd31441f63d7335259cb214/4768/14250864/1/Volkswagen-Jetta_GLI-2024.jpg'},{url:'https://imagescdn.d2cmedia.ca/cbfd0ad6336bd31441f63d7335259cb214/4768/14250864/1/Volkswagen-Jetta_GLI-2024.jpg'},{url:'https://imagescdn.d2cmedia.ca/cbfd0ad6336bd31441f63d7335259cb214/4768/14250864/2/Volkswagen-Jetta_GLI-2024.jpg'},{url:'https://imagescdn.d2cmedia.ca/cbfd0ad6336bd31441f63d7335259cb214/4768/14250864/3/Volkswagen-Jetta_GLI-2024.jpg'},{url:'https://imagescdn.d2cmedia.ca/cbfd0ad6336bd31441f63d7335259cb214/4768/14250864/4/Volkswagen-Jetta_GLI-2024.jpg'},{url:'https://imagescdn.d2cmedia.ca/cbfd0ad6336bd31441f63d7335259cb214/4768/14250864/5/Volkswagen-Jetta_GLI-2024.jpg'},{url:'https://imagescdn.d2cmedia.ca/cbfd0ad6336bd31441f63d7335259cb214/4768/14250864/6/Volkswagen-Jetta_GLI-2024.jpg'},{url:'https://imagescdn.d2cmedia.ca/cbfd0ad6336bd31441f63d7335259cb214/4768/14250864/7/Volkswagen-Jetta_GLI-2024.jpg'},{url:'https://imagescdn.d2cmedia.ca/cbfd0ad6336bd31441f63d7335259cb214/4768/14250864/8/Volkswagen-Jetta_GLI-2024.jpg'}]",14671,KM,https://www.primamazda.com/used/2024-Volkswagen-Jetta_GLI-id14250864.html,2024 Volkswagen Jetta GLI 40TH ANNIVERSARY EDITION/ SOLD/ PENDING DELIVERY at Prima Mazda,30999 CAD,Used,Grey,,4768,Prima Mazda,+1-905-850-8111,"{addr1: '7635 Martin Grove Road', city: 'Woodbridge', region: 'Ontario', postal_code: 'L4L 2C5', country: 'CA'}",43.7739677000,-79.6083755000,,,,,https://www.primamazda.com/privacy-policy.html,Used,4768,In stock,,30999 CAD,Free,
3MVDMBDM1RM692986,3MVDMBDM1RM692986,26-529A,Mazda,CX-30,GT AWD/ CARFAX CLEAN/ 2.99% RATE/ MUST SEE/ CPO,2024,AUTOMATIC,SUV,GASOLINE,AWD,"2024 Mazda CX-30 GT AWD/ CARFAX CLEAN/ 2.99% RATE/ MUST SEE/ CPO, White exterior, All-wheel drive","[{url:'https://imagescdn.d2cmedia.ca/cbdcd6eb561ce2fab930f5f2c98fd21df7/4768/14421263/1/Mazda-CX_30-2024.jpg'},{url:'https://imagescdn.d2cmedia.ca/s8dcd6eb561ce2fab930f5f2c98fd21df7/4768/14421263/1/Mazda-CX_30-2024.jpg'},{url:'https://imagescdn.d2cmedia.ca/cbdcd6eb561ce2fab930f5f2c98fd21df7/4768/14421263/2/Mazda-CX_30-2024.jpg'},{url:'https://imagescdn.d2cmedia.ca/cbdcd6eb561ce2fab930f5f2c98fd21df7/4768/14421263/3/Mazda-CX_30-2024.jpg'},{url:'https://imagescdn.d2cmedia.ca/cbdcd6eb561ce2fab930f5f2c98fd21df7/4768/14421263/4/Mazda-CX_30-2024.jpg'},{url:'https://imagescdn.d2cmedia.ca/cbdcd6eb561ce2fab930f5f2c98fd21df7/4768/14421263/5/Mazda-CX_30-2024.jpg'},{url:'https://imagescdn.d2cmedia.ca/cbdcd6eb561ce2fab930f5f2c98fd21df7/4768/14421263/6/Mazda-CX_30-2024.jpg'},{url:'https://imagescdn.d2cmedia.ca/cbdcd6eb561ce2fab930f5f2c98fd21df7/4768/14421263/7/Mazda-CX_30-2024.jpg'},{url:'https://imagescdn.d2cmedia.ca/cbdcd6eb561ce2fab930f5f2c98fd21df7/4768/14421263/8/Mazda-CX_30-2024.jpg'},{url:'https://imagescdn.d2cmedia.ca/cbdcd6eb561ce2fab930f5f2c98fd21df7/4768/14421263/9/Mazda-CX_30-2024.jpg'}]",48196,KM,https://www.primamazda.com/used/2024-Mazda-CX_30-id14421263.html,2024 Mazda CX-30 GT AWD/ CARFAX CLEAN/ 2.99% RATE/ MUST SEE/ CPO at Prima Mazda,31999 CAD,CPO,White,Black,4768,Prima Mazda,+1-905-850-8111,"{addr1: '7635 Martin Grove Road', city: 'Woodbridge', region: 'Ontario', postal_code: 'L4L 2C5', country: 'CA'}",43.7739677000,-79.6083755000,,,,,https://www.primamazda.com/privacy-policy.html,CPO,4768,In stock,,31999 CAD,Free,
3MVDMBDY0RM607154,3MVDMBDY0RM607154,P-6008,Mazda,CX-30,GT TURBO/ LEATHER/ 2.99% RATE/ BOSE SOUND/ CPO,2024,AUTOMATIC,SUV,GASOLINE,AWD,"2024 Mazda CX-30 GT TURBO/ LEATHER/ 2.99% RATE/ BOSE SOUND/ CPO, Red exterior, All-wheel drive","[{url:'https://imagescdn.d2cmedia.ca/cb2d86a388b114091d3f3308e39c7da525/4768/14055711/1/Mazda-CX_30-2024.jpg'},{url:'https://imagescdn.d2cmedia.ca/s82d86a388b114091d3f3308e39c7da525/4768/14055711/1/Mazda-CX_30-2024.jpg'},{url:'https://imagescdn.d2cmedia.ca/cb2d86a388b114091d3f3308e39c7da525/4768/14055711/2/Mazda-CX_30-2024.jpg'},{url:'https://imagescdn.d2cmedia.ca/cb2d86a388b114091d3f3308e39c7da525/4768/14055711/3/Mazda-CX_30-2024.jpg'},{url:'https://imagescdn.d2cmedia.ca/cb2d86a388b114091d3f3308e39c7da525/4768/14055711/4/Mazda-CX_30-2024.jpg'},{url:'https://imagescdn.d2cmedia.ca/cb2d86a388b114091d3f3308e39c7da525/4768/14055711/5/Mazda-CX_30-2024.jpg'},{url:'https://imagescdn.d2cmedia.ca/cb2d86a388b114091d3f3308e39c7da525/4768/14055711/6/Mazda-CX_30-2024.jpg'},{url:'https://imagescdn.d2cmedia.ca/cb2d86a388b114091d3f3308e39c7da525/4768/14055711/7/Mazda-CX_30-2024.jpg'},{url:'https://imagescdn.d2cmedia.ca/cb2d86a388b114091d3f3308e39c7da525/4768/14055711/8/Mazda-CX_30-2024.jpg'},{url:'https://imagescdn.d2cmedia.ca/cb2d86a388b114091d3f3308e39c7da525/4768/14055711/9/Mazda-CX_30-2024.jpg'}]",36269,KM,https://www.primamazda.com/used/2024-Mazda-CX_30-id14055711.html,2024 Mazda CX-30 GT TURBO/ LEATHER/ 2.99% RATE/ BOSE SOUND/ CPO at Prima Mazda,32999 CAD,CPO,Red,Black,4768,Prima Mazda,+1-905-850-8111,"{addr1: '7635 Martin Grove Road', city: 'Woodbridge', region: 'Ontario', postal_code: 'L4L 2C5', country: 'CA'}",43.7739677000,-79.6083755000,,,,,https://www.primamazda.com/privacy-policy.html,CPO,4768,In stock,,32999 CAD,Free,
3MVDMBDM6PM560688,3MVDMBDM6PM560688,P-6054,Mazda,CX-30,GT AWD/ ONLY 15K/ CARFAX CLEAN/2.99% RATE/MUST SEE,2023,AUTOMATIC,SUV,GASOLINE,AWD,"2023 Mazda CX-30 GT AWD/ ONLY 15K/ CARFAX CLEAN/2.99% RATE/MUST SEE, Red exterior, All-wheel drive","[{url:'https://imagescdn.d2cmedia.ca/cb3e436c32b30aabfdd2581b90ed64ac78/4768/14226085/1/Mazda-CX_30-2023.jpg'},{url:'https://imagescdn.d2cmedia.ca/s83e436c32b30aabfdd2581b90ed64ac78/4768/14226085/1/Mazda-CX_30-2023.jpg'},{url:'https://imagescdn.d2cmedia.ca/cb3e436c32b30aabfdd2581b90ed64ac78/4768/14226085/2/Mazda-CX_30-2023.jpg'},{url:'https://imagescdn.d2cmedia.ca/cb3e436c32b30aabfdd2581b90ed64ac78/4768/14226085/3/Mazda-CX_30-2023.jpg'},{url:'https://imagescdn.d2cmedia.ca/cb3e436c32b30aabfdd2581b90ed64ac78/4768/14226085/4/Mazda-CX_30-2023.jpg'},{url:'https://imagescdn.d2cmedia.ca/cb3e436c32b30aabfdd2581b90ed64ac78/4768/14226085/5/Mazda-CX_30-2023.jpg'},{url:'https://imagescdn.d2cmedia.ca/cb3e436c32b30aabfdd2581b90ed64ac78/4768/14226085/6/Mazda-CX_30-2023.jpg'},{url:'https://imagescdn.d2cmedia.ca/cb3e436c32b30aabfdd2581b90ed64ac78/4768/14226085/7/Mazda-CX_30-2023.jpg'},{url:'https://imagescdn.d2cmedia.ca/cb3e436c32b30aabfdd2581b90ed64ac78/4768/14226085/8/Mazda-CX_30-2023.jpg'},{url:'https://imagescdn.d2cmedia.ca/cb3e436c32b30aabfdd2581b90ed64ac78/4768/14226085/9/Mazda-CX_30-2023.jpg'}]",15124,KM,https://www.primamazda.com/used/2023-Mazda-CX_30-id14226085.html,2023 Mazda CX-30 GT AWD/ ONLY 15K/ CARFAX CLEAN/2.99% RATE/MUST SEE at Prima Mazda,32999 CAD,CPO,Red,Black,4768,Prima Mazda,+1-905-850-8111,"{addr1: '7635 Martin Grove Road', city: 'Woodbridge', region: 'Ontario', postal_code: 'L4L 2C5', country: 'CA'}",43.7739677000,-79.6083755000,,,,,https://www.primamazda.com/privacy-policy.html,CPO,4768,In stock,,32999 CAD,Free,
JM3TCBDYXN0626234,JM3TCBDYXN0626234,P-6059,Mazda,CX-9,KURO AWD/ BOSE SOUND/ RED LEATHER INTERIOR/ 2.99%,2022,AUTOMATIC,SUV,GASOLINE,AWD,"2022 Mazda CX-9 KURO AWD/ BOSE SOUND/ RED LEATHER INTERIOR/ 2.99%, Grey exterior, All-wheel drive","[{url:'https://imagescdn.d2cmedia.ca/cba2bdd285ad935eaeec2934a113d22c71/4768/14237748/1/Mazda-CX_9-2022.jpg'},{url:'https://imagescdn.d2cmedia.ca/s8a2bdd285ad935eaeec2934a113d22c71/4768/14237748/1/Mazda-CX_9-2022.jpg'},{url:'https://imagescdn.d2cmedia.ca/cba2bdd285ad935eaeec2934a113d22c71/4768/14237748/2/Mazda-CX_9-2022.jpg'},{url:'https://imagescdn.d2cmedia.ca/cba2bdd285ad935eaeec2934a113d22c71/4768/14237748/3/Mazda-CX_9-2022.jpg'},{url:'https://imagescdn.d2cmedia.ca/cba2bdd285ad935eaeec2934a113d22c71/4768/14237748/4/Mazda-CX_9-2022.jpg'},{url:'https://imagescdn.d2cmedia.ca/cba2bdd285ad935eaeec2934a113d22c71/4768/14237748/5/Mazda-CX_9-2022.jpg'},{url:'https://imagescdn.d2cmedia.ca/cba2bdd285ad935eaeec2934a113d22c71/4768/14237748/6/Mazda-CX_9-2022.jpg'},{url:'https://imagescdn.d2cmedia.ca/cba2bdd285ad935eaeec2934a113d22c71/4768/14237748/7/Mazda-CX_9-2022.jpg'},{url:'https://imagescdn.d2cmedia.ca/cba2bdd285ad935eaeec2934a113d22c71/4768/14237748/8/Mazda-CX_9-2022.jpg'},{url:'https://imagescdn.d2cmedia.ca/cba2bdd285ad935eaeec2934a113d22c71/4768/14237748/9/Mazda-CX_9-2022.jpg'}]",94064,KM,https://www.primamazda.com/used/2022-Mazda-CX_9-id14237748.html,2022 Mazda CX-9 KURO AWD/ BOSE SOUND/ RED LEATHER INTERIOR/ 2.99% at Prima Mazda,32999 CAD,CPO,Grey,Red,4768,Prima Mazda,+1-905-850-8111,"{addr1: '7635 Martin Grove Road', city: 'Woodbridge', region: 'Ontario', postal_code: 'L4L 2C5', country: 'CA'}",43.7739677000,-79.6083755000,,,,,https://www.primamazda.com/privacy-policy.html,CPO,4768,In stock,,32999 CAD,Free,
JM3KFBEY8P0230761,JM3KFBEY8P0230761,P-6103,Mazda,CX-5,SIGNATURE/ 2.99% RATE/ CARFAX CLEAN/ MUST SEE,2023,AUTOMATIC,SUV,GASOLINE,AWD,"2023 Mazda CX-5 SIGNATURE/ 2.99% RATE/ CARFAX CLEAN/ MUST SEE, Grey exterior, All-wheel drive","[{url:'https://imagescdn.d2cmedia.ca/cbfeeb6ca4da7da087b0217d9199cb1eff/4768/14440006/1/Mazda-CX_5-2023.jpg'},{url:'https://imagescdn.d2cmedia.ca/s8feeb6ca4da7da087b0217d9199cb1eff/4768/14440006/1/Mazda-CX_5-2023.jpg'},{url:'https://imagescdn.d2cmedia.ca/cbfeeb6ca4da7da087b0217d9199cb1eff/4768/14440006/2/Mazda-CX_5-2023.jpg'},{url:'https://imagescdn.d2cmedia.ca/cbfeeb6ca4da7da087b0217d9199cb1eff/4768/14440006/3/Mazda-CX_5-2023.jpg'},{url:'https://imagescdn.d2cmedia.ca/cbfeeb6ca4da7da087b0217d9199cb1eff/4768/14440006/4/Mazda-CX_5-2023.jpg'}]",67786,KM,https://www.primamazda.com/used/2023-Mazda-CX_5-id14440006.html,2023 Mazda CX-5 SIGNATURE/ 2.99% RATE/ CARFAX CLEAN/ MUST SEE at Prima Mazda,32999 CAD,CPO,Grey,Brown,4768,Prima Mazda,+1-905-850-8111,"{addr1: '7635 Martin Grove Road', city: 'Woodbridge', region: 'Ontario', postal_code: 'L4L 2C5', country: 'CA'}",43.7739677000,-79.6083755000,,,,,https://www.primamazda.com/privacy-policy.html,CPO,4768,In stock,,32999 CAD,Free,
JM3KFBBL8S0549160,JM3KFBBL8S0549160,P-6098,Mazda,CX-5,GX AWD/ 2.99% RATE/ CARFAX CLEAN/ MUST SEE,2025,AUTOMATIC,SUV,GASOLINE,AWD,"2025 Mazda CX-5 GX AWD/ 2.99% RATE/ CARFAX CLEAN/ MUST SEE, Blue exterior, All-wheel drive","[{url:'https://imagescdn.d2cmedia.ca/cb5e0ab3ab8cc021a63055314fb14de6d6/4768/14409532/1/Mazda-CX_5-2025.jpg'},{url:'https://imagescdn.d2cmedia.ca/s85e0ab3ab8cc021a63055314fb14de6d6/4768/14409532/1/Mazda-CX_5-2025.jpg'},{url:'https://imagescdn.d2cmedia.ca/cb5e0ab3ab8cc021a63055314fb14de6d6/4768/14409532/2/Mazda-CX_5-2025.jpg'},{url:'https://imagescdn.d2cmedia.ca/cb5e0ab3ab8cc021a63055314fb14de6d6/4768/14409532/3/Mazda-CX_5-2025.jpg'},{url:'https://imagescdn.d2cmedia.ca/cb5e0ab3ab8cc021a63055314fb14de6d6/4768/14409532/4/Mazda-CX_5-2025.jpg'},{url:'https://imagescdn.d2cmedia.ca/cb5e0ab3ab8cc021a63055314fb14de6d6/4768/14409532/5/Mazda-CX_5-2025.jpg'},{url:'https://imagescdn.d2cmedia.ca/cb5e0ab3ab8cc021a63055314fb14de6d6/4768/14409532/6/Mazda-CX_5-2025.jpg'},{url:'https://imagescdn.d2cmedia.ca/cb5e0ab3ab8cc021a63055314fb14de6d6/4768/14409532/7/Mazda-CX_5-2025.jpg'},{url:'https://imagescdn.d2cmedia.ca/cb5e0ab3ab8cc021a63055314fb14de6d6/4768/14409532/8/Mazda-CX_5-2025.jpg'},{url:'https://imagescdn.d2cmedia.ca/cb5e0ab3ab8cc021a63055314fb14de6d6/4768/14409532/9/Mazda-CX_5-2025.jpg'}]",27504,KM,https://www.primamazda.com/used/2025-Mazda-CX_5-id14409532.html,2025 Mazda CX-5 GX AWD/ 2.99% RATE/ CARFAX CLEAN/ MUST SEE at Prima Mazda,33999 CAD,CPO,Blue,Black,4768,Prima Mazda,+1-905-850-8111,"{addr1: '7635 Martin Grove Road', city: 'Woodbridge', region: 'Ontario', postal_code: 'L4L 2C5', country: 'CA'}",43.7739677000,-79.6083755000,,,,,https://www.primamazda.com/privacy-policy.html,CPO,4768,In stock,,33999 CAD,Free,
JM3KKDHD7R1104565,JM3KKDHD7R1104565,P-6081,Mazda,CX-90 MHEV,GT AWD CAPTAINS CHAIRS/ 2.99% RATE/ MUST SEE,2024,AUTOMATIC,SUV,GASOLINE,AWD,"2024 Mazda CX-90 MHEV GT AWD CAPTAINS CHAIRS/ 2.99% RATE/ MUST SEE, Red exterior, All-wheel drive","[{url:'https://imagescdn.d2cmedia.ca/cbadea603204e54269772da9ef2152644b/4768/14313852/1/Mazda-CX_90 MHEV-2024.jpg'},{url:'https://imagescdn.d2cmedia.ca/s8adea603204e54269772da9ef2152644b/4768/14313852/1/Mazda-CX_90_MHEV-2024.jpg'},{url:'https://imagescdn.d2cmedia.ca/cbadea603204e54269772da9ef2152644b/4768/14313852/1/Mazda-CX_90_MHEV-2024.jpg'},{url:'https://imagescdn.d2cmedia.ca/cbadea603204e54269772da9ef2152644b/4768/14313852/2/Mazda-CX_90_MHEV-2024.jpg'},{url:'https://imagescdn.d2cmedia.ca/cbadea603204e54269772da9ef2152644b/4768/14313852/3/Mazda-CX_90_MHEV-2024.jpg'},{url:'https://imagescdn.d2cmedia.ca/cbadea603204e54269772da9ef2152644b/4768/14313852/4/Mazda-CX_90_MHEV-2024.jpg'}]",111991,KM,https://www.primamazda.com/used/2024-Mazda-CX_90_MHEV-id14313852.html,2024 Mazda CX-90 MHEV GT AWD CAPTAINS CHAIRS/ 2.99% RATE/ MUST SEE at Prima Mazda,35999 CAD,CPO,Red,Black,4768,Prima Mazda,+1-905-850-8111,"{addr1: '7635 Martin Grove Road', city: 'Woodbridge', region: 'Ontario', postal_code: 'L4L 2C5', country: 'CA'}",43.7739677000,-79.6083755000,,,,,https://www.primamazda.com/privacy-policy.html,CPO,4768,In stock,,35999 CAD,Free,
JM3KFBEY4P0143293,JM3KFBEY4P0143293,P-6099,Mazda,CX-5,SIGNATURE/ 2.99% RATE/ ONLY 33K/ MUST SEE/ CPO,2023,AUTOMATIC,SUV,GASOLINE,AWD,"2023 Mazda CX-5 SIGNATURE/ 2.99% RATE/ ONLY 33K/ MUST SEE/ CPO, Black exterior, All-wheel drive","[{url:'https://imagescdn.d2cmedia.ca/cbfcf6122bca43deff325f92f7dba891b4/4768/14415397/1/Mazda-CX_5-2023.jpg'},{url:'https://imagescdn.d2cmedia.ca/s8fcf6122bca43deff325f92f7dba891b4/4768/14415397/1/Mazda-CX_5-2023.jpg'},{url:'https://imagescdn.d2cmedia.ca/cbfcf6122bca43deff325f92f7dba891b4/4768/14415397/2/Mazda-CX_5-2023.jpg'},{url:'https://imagescdn.d2cmedia.ca/cbfcf6122bca43deff325f92f7dba891b4/4768/14415397/3/Mazda-CX_5-2023.jpg'},{url:'https://imagescdn.d2cmedia.ca/cbfcf6122bca43deff325f92f7dba891b4/4768/14415397/4/Mazda-CX_5-2023.jpg'},{url:'https://imagescdn.d2cmedia.ca/cbfcf6122bca43deff325f92f7dba891b4/4768/14415397/5/Mazda-CX_5-2023.jpg'},{url:'https://imagescdn.d2cmedia.ca/cbfcf6122bca43deff325f92f7dba891b4/4768/14415397/6/Mazda-CX_5-2023.jpg'},{url:'https://imagescdn.d2cmedia.ca/cbfcf6122bca43deff325f92f7dba891b4/4768/14415397/7/Mazda-CX_5-2023.jpg'},{url:'https://imagescdn.d2cmedia.ca/cbfcf6122bca43deff325f92f7dba891b4/4768/14415397/8/Mazda-CX_5-2023.jpg'},{url:'https://imagescdn.d2cmedia.ca/cbfcf6122bca43deff325f92f7dba891b4/4768/14415397/9/Mazda-CX_5-2023.jpg'}]",33660,KM,https://www.primamazda.com/used/2023-Mazda-CX_5-id14415397.html,2023 Mazda CX-5 SIGNATURE/ 2.99% RATE/ ONLY 33K/ MUST SEE/ CPO at Prima Mazda,35999 CAD,CPO,Black,Brown,4768,Prima Mazda,+1-905-850-8111,"{addr1: '7635 Martin Grove Road', city: 'Woodbridge', region: 'Ontario', postal_code: 'L4L 2C5', country: 'CA'}",43.7739677000,-79.6083755000,,,,,https://www.primamazda.com/privacy-policy.html,CPO,4768,In stock,,35999 CAD,Free,
7MMVABDY4RN165628,7MMVABDY4RN165628,P-6086,Mazda,CX-50,GT TURBO/ 2.99% RATE/ CARFAX CLEAN/ MUST SEE,2024,AUTOMATIC,SUV,GASOLINE,AWD,"2024 Mazda CX-50 GT TURBO/ 2.99% RATE/ CARFAX CLEAN/ MUST SEE, Grey exterior, All-wheel drive","[{url:'https://imagescdn.d2cmedia.ca/cb46ac0b1828b7d58248e60ab1c9a1b795/4768/14350944/1/Mazda-CX_50-2024.jpg'},{url:'https://imagescdn.d2cmedia.ca/s846ac0b1828b7d58248e60ab1c9a1b795/4768/14350944/1/Mazda-CX_50-2024.jpg'},{url:'https://imagescdn.d2cmedia.ca/cb46ac0b1828b7d58248e60ab1c9a1b795/4768/14350944/2/Mazda-CX_50-2024.jpg'},{url:'https://imagescdn.d2cmedia.ca/cb46ac0b1828b7d58248e60ab1c9a1b795/4768/14350944/3/Mazda-CX_50-2024.jpg'},{url:'https://imagescdn.d2cmedia.ca/cb46ac0b1828b7d58248e60ab1c9a1b795/4768/14350944/4/Mazda-CX_50-2024.jpg'},{url:'https://imagescdn.d2cmedia.ca/cb46ac0b1828b7d58248e60ab1c9a1b795/4768/14350944/5/Mazda-CX_50-2024.jpg'},{url:'https://imagescdn.d2cmedia.ca/cb46ac0b1828b7d58248e60ab1c9a1b795/4768/14350944/6/Mazda-CX_50-2024.jpg'},{url:'https://imagescdn.d2cmedia.ca/cb46ac0b1828b7d58248e60ab1c9a1b795/4768/14350944/7/Mazda-CX_50-2024.jpg'},{url:'https://imagescdn.d2cmedia.ca/cb46ac0b1828b7d58248e60ab1c9a1b795/4768/14350944/8/Mazda-CX_50-2024.jpg'},{url:'https://imagescdn.d2cmedia.ca/cb46ac0b1828b7d58248e60ab1c9a1b795/4768/14350944/9/Mazda-CX_50-2024.jpg'}]",71896,KM,https://www.primamazda.com/used/2024-Mazda-CX_50-id14350944.html,2024 Mazda CX-50 GT TURBO/ 2.99% RATE/ CARFAX CLEAN/ MUST SEE at Prima Mazda,36999 CAD,CPO,Grey,Orange,4768,Prima Mazda,+1-905-850-8111,"{addr1: '7635 Martin Grove Road', city: 'Woodbridge', region: 'Ontario', postal_code: 'L4L 2C5', country: 'CA'}",43.7739677000,-79.6083755000,,,,,https://www.primamazda.com/privacy-policy.html,CPO,4768,In stock,,36999 CAD,Free,
7MMVAACW9SN103433,7MMVAACW9SN103433,P-6038,Mazda,CX-50 Hybrid,KURO AWD/ 2.99% RATE/ MUST SEE/ CPO,2025,AUTOMATIC,SEDAN,HYBRID,AWD,"2025 Mazda CX-50 Hybrid KURO AWD/ 2.99% RATE/ MUST SEE/ CPO, Grey exterior, All-wheel drive","[{url:'https://imagescdn.d2cmedia.ca/cbb4cb675b97b4d5d1192ca8aa774cff28/4768/14162166/1/Mazda-CX_50 Hybrid-2025.jpg'},{url:'https://imagescdn.d2cmedia.ca/s8b4cb675b97b4d5d1192ca8aa774cff28/4768/14162166/1/Mazda-CX_50_Hybrid-2025.jpg'},{url:'https://imagescdn.d2cmedia.ca/cbb4cb675b97b4d5d1192ca8aa774cff28/4768/14162166/1/Mazda-CX_50_Hybrid-2025.jpg'},{url:'https://imagescdn.d2cmedia.ca/cbb4cb675b97b4d5d1192ca8aa774cff28/4768/14162166/2/Mazda-CX_50_Hybrid-2025.jpg'},{url:'https://imagescdn.d2cmedia.ca/cbb4cb675b97b4d5d1192ca8aa774cff28/4768/14162166/3/Mazda-CX_50_Hybrid-2025.jpg'},{url:'https://imagescdn.d2cmedia.ca/cbb4cb675b97b4d5d1192ca8aa774cff28/4768/14162166/4/Mazda-CX_50_Hybrid-2025.jpg'},{url:'https://imagescdn.d2cmedia.ca/cbb4cb675b97b4d5d1192ca8aa774cff28/4768/14162166/5/Mazda-CX_50_Hybrid-2025.jpg'},{url:'https://imagescdn.d2cmedia.ca/cbb4cb675b97b4d5d1192ca8aa774cff28/4768/14162166/6/Mazda-CX_50_Hybrid-2025.jpg'},{url:'https://imagescdn.d2cmedia.ca/cbb4cb675b97b4d5d1192ca8aa774cff28/4768/14162166/7/Mazda-CX_50_Hybrid-2025.jpg'},{url:'https://imagescdn.d2cmedia.ca/cbb4cb675b97b4d5d1192ca8aa774cff28/4768/14162166/8/Mazda-CX_50_Hybrid-2025.jpg'}]",76671,KM,https://www.primamazda.com/used/2025-Mazda-CX_50_Hybrid-id14162166.html,2025 Mazda CX-50 Hybrid KURO AWD/ 2.99% RATE/ MUST SEE/ CPO at Prima Mazda,37999 CAD,CPO,Grey,Red,4768,Prima Mazda,+1-905-850-8111,"{addr1: '7635 Martin Grove Road', city: 'Woodbridge', region: 'Ontario', postal_code: 'L4L 2C5', country: 'CA'}",43.7739677000,-79.6083755000,,,,,https://www.primamazda.com/privacy-policy.html,CPO,4768,In stock,,37999 CAD,Free,
7MMVABDM3RN188847,7MMVABDM3RN188847,P-6085,Mazda,CX-50,GT AWD/ 2.99% RATE/ CARFAX CLEAN/ CPO/ MUST SEE,2024,AUTOMATIC,SUV,GASOLINE,AWD,"2024 Mazda CX-50 GT AWD/ 2.99% RATE/ CARFAX CLEAN/ CPO/ MUST SEE, Grey exterior, All-wheel drive","[{url:'https://imagescdn.d2cmedia.ca/cb5875e20073ec038d3bc06f93ccbc04d5/4768/14348735/1/Mazda-CX_50-2024.jpg'},{url:'https://imagescdn.d2cmedia.ca/s85875e20073ec038d3bc06f93ccbc04d5/4768/14348735/1/Mazda-CX_50-2024.jpg'},{url:'https://imagescdn.d2cmedia.ca/cb5875e20073ec038d3bc06f93ccbc04d5/4768/14348735/2/Mazda-CX_50-2024.jpg'},{url:'https://imagescdn.d2cmedia.ca/cb5875e20073ec038d3bc06f93ccbc04d5/4768/14348735/3/Mazda-CX_50-2024.jpg'},{url:'https://imagescdn.d2cmedia.ca/cb5875e20073ec038d3bc06f93ccbc04d5/4768/14348735/4/Mazda-CX_50-2024.jpg'},{url:'https://imagescdn.d2cmedia.ca/cb5875e20073ec038d3bc06f93ccbc04d5/4768/14348735/5/Mazda-CX_50-2024.jpg'},{url:'https://imagescdn.d2cmedia.ca/cb5875e20073ec038d3bc06f93ccbc04d5/4768/14348735/6/Mazda-CX_50-2024.jpg'},{url:'https://imagescdn.d2cmedia.ca/cb5875e20073ec038d3bc06f93ccbc04d5/4768/14348735/7/Mazda-CX_50-2024.jpg'},{url:'https://imagescdn.d2cmedia.ca/cb5875e20073ec038d3bc06f93ccbc04d5/4768/14348735/8/Mazda-CX_50-2024.jpg'},{url:'https://imagescdn.d2cmedia.ca/cb5875e20073ec038d3bc06f93ccbc04d5/4768/14348735/9/Mazda-CX_50-2024.jpg'}]",40050,KM,https://www.primamazda.com/used/2024-Mazda-CX_50-id14348735.html,2024 Mazda CX-50 GT AWD/ 2.99% RATE/ CARFAX CLEAN/ CPO/ MUST SEE at Prima Mazda,37999 CAD,CPO,Grey,Black,4768,Prima Mazda,+1-905-850-8111,"{addr1: '7635 Martin Grove Road', city: 'Woodbridge', region: 'Ontario', postal_code: 'L4L 2C5', country: 'CA'}",43.7739677000,-79.6083755000,,,,,https://www.primamazda.com/privacy-policy.html,CPO,4768,In stock,,37999 CAD,Free,
2T2KGCEZ9NC006031,2T2KGCEZ9NC006031,P-6079A,Lexus,NX 350,AWD F SPORT 2/ RED INTERIOR/ FULLY LOADED,2022,AUTOMATIC,SUV,GASOLINE,AWD,"2022 Lexus NX 350 AWD F SPORT 2/ RED INTERIOR/ FULLY LOADED, White exterior, All-wheel drive","[{url:'https://imagescdn.d2cmedia.ca/cba682ee63977f2049d3d5a3e606cbb708/4768/14359951/1/Lexus-NX-2022.jpg'},{url:'https://imagescdn.d2cmedia.ca/s8a682ee63977f2049d3d5a3e606cbb708/4768/14359951/1/Lexus-NX_350-2022.jpg'},{url:'https://imagescdn.d2cmedia.ca/cba682ee63977f2049d3d5a3e606cbb708/4768/14359951/1/Lexus-NX_350-2022.jpg'},{url:'https://imagescdn.d2cmedia.ca/cba682ee63977f2049d3d5a3e606cbb708/4768/14359951/2/Lexus-NX_350-2022.jpg'},{url:'https://imagescdn.d2cmedia.ca/cba682ee63977f2049d3d5a3e606cbb708/4768/14359951/3/Lexus-NX_350-2022.jpg'},{url:'https://imagescdn.d2cmedia.ca/cba682ee63977f2049d3d5a3e606cbb708/4768/14359951/4/Lexus-NX_350-2022.jpg'},{url:'https://imagescdn.d2cmedia.ca/cba682ee63977f2049d3d5a3e606cbb708/4768/14359951/5/Lexus-NX_350-2022.jpg'},{url:'https://imagescdn.d2cmedia.ca/cba682ee63977f2049d3d5a3e606cbb708/4768/14359951/6/Lexus-NX_350-2022.jpg'},{url:'https://imagescdn.d2cmedia.ca/cba682ee63977f2049d3d5a3e606cbb708/4768/14359951/7/Lexus-NX_350-2022.jpg'},{url:'https://imagescdn.d2cmedia.ca/cba682ee63977f2049d3d5a3e606cbb708/4768/14359951/8/Lexus-NX_350-2022.jpg'}]",75676,KM,https://www.primamazda.com/used/2022-Lexus-NX_350-id14359951.html,2022 Lexus NX 350 AWD F SPORT 2/ RED INTERIOR/ FULLY LOADED at Prima Mazda,37999 CAD,Used,White,Red,4768,Prima Mazda,+1-905-850-8111,"{addr1: '7635 Martin Grove Road', city: 'Woodbridge', region: 'Ontario', postal_code: 'L4L 2C5', country: 'CA'}",43.7739677000,-79.6083755000,,,,,https://www.primamazda.com/privacy-policy.html,Used,4768,In stock,,37999 CAD,Free,
7MMVABDY0SN348014,7MMVABDY0SN348014,P-5977,Mazda,CX-50,GT TURBO/ CARFAX CLEAN/ 2.99% RATE/ MUST SEE,2025,AUTOMATIC,SUV,GASOLINE,AWD,"2025 Mazda CX-50 GT TURBO/ CARFAX CLEAN/ 2.99% RATE/ MUST SEE, Blue exterior, All-wheel drive","[{url:'https://imagescdn.d2cmedia.ca/cb1aec4a0235a02b57732fcee7a8eaccb8/4768/13879152/1/Mazda-CX_50-2025.jpg'},{url:'https://imagescdn.d2cmedia.ca/s81aec4a0235a02b57732fcee7a8eaccb8/4768/13879152/1/Mazda-CX_50-2025.jpg'},{url:'https://imagescdn.d2cmedia.ca/cb1aec4a0235a02b57732fcee7a8eaccb8/4768/13879152/2/Mazda-CX_50-2025.jpg'},{url:'https://imagescdn.d2cmedia.ca/cb1aec4a0235a02b57732fcee7a8eaccb8/4768/13879152/3/Mazda-CX_50-2025.jpg'},{url:'https://imagescdn.d2cmedia.ca/cb1aec4a0235a02b57732fcee7a8eaccb8/4768/13879152/4/Mazda-CX_50-2025.jpg'},{url:'https://imagescdn.d2cmedia.ca/cb1aec4a0235a02b57732fcee7a8eaccb8/4768/13879152/5/Mazda-CX_50-2025.jpg'},{url:'https://imagescdn.d2cmedia.ca/cb1aec4a0235a02b57732fcee7a8eaccb8/4768/13879152/6/Mazda-CX_50-2025.jpg'},{url:'https://imagescdn.d2cmedia.ca/cb1aec4a0235a02b57732fcee7a8eaccb8/4768/13879152/7/Mazda-CX_50-2025.jpg'},{url:'https://imagescdn.d2cmedia.ca/cb1aec4a0235a02b57732fcee7a8eaccb8/4768/13879152/8/Mazda-CX_50-2025.jpg'},{url:'https://imagescdn.d2cmedia.ca/cb1aec4a0235a02b57732fcee7a8eaccb8/4768/13879152/9/Mazda-CX_50-2025.jpg'}]",40119,KM,https://www.primamazda.com/used/2025-Mazda-CX_50-id13879152.html,2025 Mazda CX-50 GT TURBO/ CARFAX CLEAN/ 2.99% RATE/ MUST SEE at Prima Mazda,39999 CAD,CPO,Blue,Black,4768,Prima Mazda,+1-905-850-8111,"{addr1: '7635 Martin Grove Road', city: 'Woodbridge', region: 'Ontario', postal_code: 'L4L 2C5', country: 'CA'}",43.7739677000,-79.6083755000,,,,,https://www.primamazda.com/privacy-policy.html,CPO,4768,In stock,,39999 CAD,Free,
JM3KKDHA1R1123876,JM3KKDHA1R1123876,P-6100,Mazda,CX-90 PHEV,GT AWD/ CARFAX CLEAN/ 2.99% RATE/ MUST SEE/ CPO,2024,AUTOMATIC,SUV,HYBRID,AWD,"2024 Mazda CX-90 PHEV GT AWD/ CARFAX CLEAN/ 2.99% RATE/ MUST SEE/ CPO, Blue exterior, All-wheel drive","[{url:'https://imagescdn.d2cmedia.ca/cb1d66970b59dd115e38aa0d64e191bae6/4768/14415354/1/Mazda-CX_90 PHEV-2024.jpg'},{url:'https://imagescdn.d2cmedia.ca/s81d66970b59dd115e38aa0d64e191bae6/4768/14415354/1/Mazda-CX_90_PHEV-2024.jpg'},{url:'https://imagescdn.d2cmedia.ca/cb1d66970b59dd115e38aa0d64e191bae6/4768/14415354/1/Mazda-CX_90_PHEV-2024.jpg'},{url:'https://imagescdn.d2cmedia.ca/cb1d66970b59dd115e38aa0d64e191bae6/4768/14415354/2/Mazda-CX_90_PHEV-2024.jpg'},{url:'https://imagescdn.d2cmedia.ca/cb1d66970b59dd115e38aa0d64e191bae6/4768/14415354/3/Mazda-CX_90_PHEV-2024.jpg'},{url:'https://imagescdn.d2cmedia.ca/cb1d66970b59dd115e38aa0d64e191bae6/4768/14415354/4/Mazda-CX_90_PHEV-2024.jpg'}]",53149,KM,https://www.primamazda.com/used/2024-Mazda-CX_90_PHEV-id14415354.html,2024 Mazda CX-90 PHEV GT AWD/ CARFAX CLEAN/ 2.99% RATE/ MUST SEE/ CPO at Prima Mazda,42999 CAD,CPO,Blue,Black,4768,Prima Mazda,+1-905-850-8111,"{addr1: '7635 Martin Grove Road', city: 'Woodbridge', region: 'Ontario', postal_code: 'L4L 2C5', country: 'CA'}",43.7739677000,-79.6083755000,,,,,https://www.primamazda.com/privacy-policy.html,CPO,4768,In stock,,42999 CAD,Free,
7MMVABDY2SN300109,7MMVABDY2SN300109,P-6088,Mazda,CX-50,GT TURBO/ CARFAX CLEAN/ 2.99% RATE/ MUST SEE,2025,AUTOMATIC,SUV,GASOLINE,AWD,"2025 Mazda CX-50 GT TURBO/ CARFAX CLEAN/ 2.99% RATE/ MUST SEE, Black exterior, All-wheel drive","[{url:'https://imagescdn.d2cmedia.ca/cb3e61aec06c7f7c1b7cbe2c6673c47ab7/4768/14359952/1/Mazda-CX_50-2025.jpg'},{url:'https://imagescdn.d2cmedia.ca/s83e61aec06c7f7c1b7cbe2c6673c47ab7/4768/14359952/1/Mazda-CX_50-2025.jpg'},{url:'https://imagescdn.d2cmedia.ca/cb3e61aec06c7f7c1b7cbe2c6673c47ab7/4768/14359952/2/Mazda-CX_50-2025.jpg'},{url:'https://imagescdn.d2cmedia.ca/cb3e61aec06c7f7c1b7cbe2c6673c47ab7/4768/14359952/3/Mazda-CX_50-2025.jpg'},{url:'https://imagescdn.d2cmedia.ca/cb3e61aec06c7f7c1b7cbe2c6673c47ab7/4768/14359952/4/Mazda-CX_50-2025.jpg'},{url:'https://imagescdn.d2cmedia.ca/cb3e61aec06c7f7c1b7cbe2c6673c47ab7/4768/14359952/5/Mazda-CX_50-2025.jpg'},{url:'https://imagescdn.d2cmedia.ca/cb3e61aec06c7f7c1b7cbe2c6673c47ab7/4768/14359952/6/Mazda-CX_50-2025.jpg'},{url:'https://imagescdn.d2cmedia.ca/cb3e61aec06c7f7c1b7cbe2c6673c47ab7/4768/14359952/7/Mazda-CX_50-2025.jpg'},{url:'https://imagescdn.d2cmedia.ca/cb3e61aec06c7f7c1b7cbe2c6673c47ab7/4768/14359952/8/Mazda-CX_50-2025.jpg'},{url:'https://imagescdn.d2cmedia.ca/cb3e61aec06c7f7c1b7cbe2c6673c47ab7/4768/14359952/9/Mazda-CX_50-2025.jpg'}]",32914,KM,https://www.primamazda.com/used/2025-Mazda-CX_50-id14359952.html,2025 Mazda CX-50 GT TURBO/ CARFAX CLEAN/ 2.99% RATE/ MUST SEE at Prima Mazda,43499 CAD,CPO,Black,Black,4768,Prima Mazda,+1-905-850-8111,"{addr1: '7635 Martin Grove Road', city: 'Woodbridge', region: 'Ontario', postal_code: 'L4L 2C5', country: 'CA'}",43.7739677000,-79.6083755000,,,,,https://www.primamazda.com/privacy-policy.html,CPO,4768,In stock,,43499 CAD,Free,
JM3KJEHC9S1110356,JM3KJEHC9S1110356,P-6051,Mazda,CX-70 MHEV,SIGNATURE/ 2.99% RATE/ MUST SEE/ CARFAX CLEAN,2025,AUTOMATIC,SUV,GASOLINE,AWD,"2025 Mazda CX-70 MHEV SIGNATURE/ 2.99% RATE/ MUST SEE/ CARFAX CLEAN, Black exterior, All-wheel drive","[{url:'https://imagescdn.d2cmedia.ca/cbe06cac0911b2bc544ca5a60575f0c162/4768/14216610/1/Mazda-CX_70 MHEV-2025.jpg'},{url:'https://imagescdn.d2cmedia.ca/s8e06cac0911b2bc544ca5a60575f0c162/4768/14216610/1/Mazda-CX_70_MHEV-2025.jpg'},{url:'https://imagescdn.d2cmedia.ca/cbe06cac0911b2bc544ca5a60575f0c162/4768/14216610/1/Mazda-CX_70_MHEV-2025.jpg'},{url:'https://imagescdn.d2cmedia.ca/cbe06cac0911b2bc544ca5a60575f0c162/4768/14216610/2/Mazda-CX_70_MHEV-2025.jpg'},{url:'https://imagescdn.d2cmedia.ca/cbe06cac0911b2bc544ca5a60575f0c162/4768/14216610/3/Mazda-CX_70_MHEV-2025.jpg'},{url:'https://imagescdn.d2cmedia.ca/cbe06cac0911b2bc544ca5a60575f0c162/4768/14216610/4/Mazda-CX_70_MHEV-2025.jpg'},{url:'https://imagescdn.d2cmedia.ca/cbe06cac0911b2bc544ca5a60575f0c162/4768/14216610/5/Mazda-CX_70_MHEV-2025.jpg'},{url:'https://imagescdn.d2cmedia.ca/cbe06cac0911b2bc544ca5a60575f0c162/4768/14216610/6/Mazda-CX_70_MHEV-2025.jpg'},{url:'https://imagescdn.d2cmedia.ca/cbe06cac0911b2bc544ca5a60575f0c162/4768/14216610/7/Mazda-CX_70_MHEV-2025.jpg'},{url:'https://imagescdn.d2cmedia.ca/cbe06cac0911b2bc544ca5a60575f0c162/4768/14216610/8/Mazda-CX_70_MHEV-2025.jpg'}]",37646,KM,https://www.primamazda.com/used/2025-Mazda-CX_70_MHEV-id14216610.html,2025 Mazda CX-70 MHEV SIGNATURE/ 2.99% RATE/ MUST SEE/ CARFAX CLEAN at Prima Mazda,50999 CAD,CPO,Black,Brown,4768,Prima Mazda,+1-905-850-8111,"{addr1: '7635 Martin Grove Road', city: 'Woodbridge', region: 'Ontario', postal_code: 'L4L 2C5', country: 'CA'}",43.7739677000,-79.6083755000,,,,,https://www.primamazda.com/privacy-policy.html,CPO,4768,In stock,,50999 CAD,Free,
JM3KJEHC9S1131501,JM3KJEHC9S1131501,D25-1188,Mazda,CX-70 MHEV,SIGNATURE/ 2.99% RATE/ CARFAX CLEAN/ MUST SEE/ CPO,2025,AUTOMATIC,SUV,GASOLINE,AWD,"2025 Mazda CX-70 MHEV SIGNATURE/ 2.99% RATE/ CARFAX CLEAN/ MUST SEE/ CPO, Red exterior, All-wheel drive","[{url:'https://imagescdn.d2cmedia.ca/cb0068223326dfc705445a89cee29b8566/4768/14433981/1/Mazda-CX_70 MHEV-2025.jpg'},{url:'https://imagescdn.d2cmedia.ca/s80068223326dfc705445a89cee29b8566/4768/14433981/1/Mazda-CX_70_MHEV-2025.jpg'},{url:'https://imagescdn.d2cmedia.ca/cb0068223326dfc705445a89cee29b8566/4768/14433981/1/Mazda-CX_70_MHEV-2025.jpg'},{url:'https://imagescdn.d2cmedia.ca/cb0068223326dfc705445a89cee29b8566/4768/14433981/2/Mazda-CX_70_MHEV-2025.jpg'},{url:'https://imagescdn.d2cmedia.ca/cb0068223326dfc705445a89cee29b8566/4768/14433981/3/Mazda-CX_70_MHEV-2025.jpg'},{url:'https://imagescdn.d2cmedia.ca/cb0068223326dfc705445a89cee29b8566/4768/14433981/4/Mazda-CX_70_MHEV-2025.jpg'}]",14658,KM,https://www.primamazda.com/used/2025-Mazda-CX_70_MHEV-id14433981.html,2025 Mazda CX-70 MHEV SIGNATURE/ 2.99% RATE/ CARFAX CLEAN/ MUST SEE/ CPO at Prima Mazda,52999 CAD,CPO,Red,Brown,4768,Prima Mazda,+1-905-850-8111,"{addr1: '7635 Martin Grove Road', city: 'Woodbridge', region: 'Ontario', postal_code: 'L4L 2C5', country: 'CA'}",43.7739677000,-79.6083755000,,,,,https://www.primamazda.com/privacy-policy.html,CPO,4768,In stock,,52999 CAD,Free,
JM3KKDHA2S1251730,JM3KKDHA2S1251730,D25-1189,Mazda,CX-90 PHEV,GT AWD PHEV/ 2.99% RATE/ CARFAX CLEAN/ MUST SEE,2025,AUTOMATIC,SUV,HYBRID,AWD,"2025 Mazda CX-90 PHEV GT AWD PHEV/ 2.99% RATE/ CARFAX CLEAN/ MUST SEE, Blue exterior, All-wheel drive","[{url:'https://imagescdn.d2cmedia.ca/cb909a9bd77d01ec578ef26f5cc67c71b7/4768/14434030/1/Mazda-CX_90 PHEV-2025.jpg'},{url:'https://imagescdn.d2cmedia.ca/s8909a9bd77d01ec578ef26f5cc67c71b7/4768/14434030/1/Mazda-CX_90_PHEV-2025.jpg'},{url:'https://imagescdn.d2cmedia.ca/cb909a9bd77d01ec578ef26f5cc67c71b7/4768/14434030/1/Mazda-CX_90_PHEV-2025.jpg'},{url:'https://imagescdn.d2cmedia.ca/cb909a9bd77d01ec578ef26f5cc67c71b7/4768/14434030/2/Mazda-CX_90_PHEV-2025.jpg'},{url:'https://imagescdn.d2cmedia.ca/cb909a9bd77d01ec578ef26f5cc67c71b7/4768/14434030/3/Mazda-CX_90_PHEV-2025.jpg'},{url:'https://imagescdn.d2cmedia.ca/cb909a9bd77d01ec578ef26f5cc67c71b7/4768/14434030/4/Mazda-CX_90_PHEV-2025.jpg'}]",12611,KM,https://www.primamazda.com/used/2025-Mazda-CX_90_PHEV-id14434030.html,2025 Mazda CX-90 PHEV GT AWD PHEV/ 2.99% RATE/ CARFAX CLEAN/ MUST SEE at Prima Mazda,52999 CAD,CPO,Blue,Black,4768,Prima Mazda,+1-905-850-8111,"{addr1: '7635 Martin Grove Road', city: 'Woodbridge', region: 'Ontario', postal_code: 'L4L 2C5', country: 'CA'}",43.7739677000,-79.6083755000,,,,,https://www.primamazda.com/privacy-policy.html,CPO,4768,In stock,,52999 CAD,Free,
JM3KKEHC6S1260860,JM3KKEHC6S1260860,P-6065,Mazda,CX-90 MHEV,SIGNATURE/ LIKE NEW/ CARFAX CLEAN/ 2.99% RATE/ CPO,2025,AUTOMATIC,SUV,GASOLINE,AWD,"2025 Mazda CX-90 MHEV SIGNATURE/ LIKE NEW/ CARFAX CLEAN/ 2.99% RATE/ CPO, Blue exterior, All-wheel drive","[{url:'https://imagescdn.d2cmedia.ca/cb67f42f4881c66ce95632fd1ceb8d4ebb/4768/14256029/1/Mazda-CX_90 MHEV-2025.jpg'},{url:'https://imagescdn.d2cmedia.ca/s867f42f4881c66ce95632fd1ceb8d4ebb/4768/14256029/1/Mazda-CX_90_MHEV-2025.jpg'},{url:'https://imagescdn.d2cmedia.ca/cb67f42f4881c66ce95632fd1ceb8d4ebb/4768/14256029/1/Mazda-CX_90_MHEV-2025.jpg'},{url:'https://imagescdn.d2cmedia.ca/cb67f42f4881c66ce95632fd1ceb8d4ebb/4768/14256029/2/Mazda-CX_90_MHEV-2025.jpg'},{url:'https://imagescdn.d2cmedia.ca/cb67f42f4881c66ce95632fd1ceb8d4ebb/4768/14256029/3/Mazda-CX_90_MHEV-2025.jpg'},{url:'https://imagescdn.d2cmedia.ca/cb67f42f4881c66ce95632fd1ceb8d4ebb/4768/14256029/4/Mazda-CX_90_MHEV-2025.jpg'},{url:'https://imagescdn.d2cmedia.ca/cb67f42f4881c66ce95632fd1ceb8d4ebb/4768/14256029/5/Mazda-CX_90_MHEV-2025.jpg'},{url:'https://imagescdn.d2cmedia.ca/cb67f42f4881c66ce95632fd1ceb8d4ebb/4768/14256029/6/Mazda-CX_90_MHEV-2025.jpg'},{url:'https://imagescdn.d2cmedia.ca/cb67f42f4881c66ce95632fd1ceb8d4ebb/4768/14256029/7/Mazda-CX_90_MHEV-2025.jpg'},{url:'https://imagescdn.d2cmedia.ca/cb67f42f4881c66ce95632fd1ceb8d4ebb/4768/14256029/8/Mazda-CX_90_MHEV-2025.jpg'}]",10689,KM,https://www.primamazda.com/used/2025-Mazda-CX_90_MHEV-id14256029.html,2025 Mazda CX-90 MHEV SIGNATURE/ LIKE NEW/ CARFAX CLEAN/ 2.99% RATE/ CPO at Prima Mazda,54888 CAD,CPO,Blue,White,4768,Prima Mazda,+1-905-850-8111,"{addr1: '7635 Martin Grove Road', city: 'Woodbridge', region: 'Ontario', postal_code: 'L4L 2C5', country: 'CA'}",43.7739677000,-79.6083755000,,,,,https://www.primamazda.com/privacy-policy.html,CPO,4768,In stock,,54888 CAD,Free,
JM3KMDHA2T0195984,JM3KMDHA2T0195984,26-482-new,Mazda,CX-5,4dr Awd Gt,2026,AUTOMATIC,SUV,GASOLINE,,"2026 Mazda CX-5 4dr Awd Gt, Red exterior","[{url:'https://imagescdn.d2cmedia.ca/cb2d5dfb3fa71d23cb2bf7b2c5cefc2f38/4768/14287347/1/Mazda-CX_5-2026.jpg'},{url:'https://imagescdn.d2cmedia.ca/s82d5dfb3fa71d23cb2bf7b2c5cefc2f38/4768/14287347/1/Mazda-CX_5-2026.jpg'},{url:'https://imagescdn.d2cmedia.ca/cb2d5dfb3fa71d23cb2bf7b2c5cefc2f38/4768/14287347/2/Mazda-CX_5-2026.jpg'},{url:'https://imagescdn.d2cmedia.ca/cb2d5dfb3fa71d23cb2bf7b2c5cefc2f38/4768/14287347/3/Mazda-CX_5-2026.jpg'},{url:'https://imagescdn.d2cmedia.ca/cb2d5dfb3fa71d23cb2bf7b2c5cefc2f38/4768/14287347/4/Mazda-CX_5-2026.jpg'},{url:'https://imagescdn.d2cmedia.ca/cb2d5dfb3fa71d23cb2bf7b2c5cefc2f38/4768/14287347/5/Mazda-CX_5-2026.jpg'},{url:'https://imagescdn.d2cmedia.ca/cb2d5dfb3fa71d23cb2bf7b2c5cefc2f38/4768/14287347/6/Mazda-CX_5-2026.jpg'},{url:'https://imagescdn.d2cmedia.ca/cb2d5dfb3fa71d23cb2bf7b2c5cefc2f38/4768/14287347/7/Mazda-CX_5-2026.jpg'},{url:'https://imagescdn.d2cmedia.ca/cb2d5dfb3fa71d23cb2bf7b2c5cefc2f38/4768/14287347/8/Mazda-CX_5-2026.jpg'},{url:'https://imagescdn.d2cmedia.ca/cb2d5dfb3fa71d23cb2bf7b2c5cefc2f38/4768/14287347/9/Mazda-CX_5-2026.jpg'}]",150,KM,https://www.primamazda.com/new/inventory/2026-Mazda-CX_5-id14287347.html,2026 Mazda CX-5 4dr Awd Gt at Prima Mazda,50755 CAD,New,Red,,4768,Prima Mazda,+1-905-850-8111,"{addr1: '7635 Martin Grove Road', city: 'Woodbridge', region: 'Ontario', postal_code: 'L4L 2C5', country: 'CA'}",43.7739677000,-79.6083755000,,,,,https://www.primamazda.com/privacy-policy.html,New,4768,In stock,,50755 CAD,Free,
JM3KMDHA4T0209707,JM3KMDHA4T0209707,26-525-new,Mazda,CX-5,4dr Awd Gt,2026,AUTOMATIC,SUV,GASOLINE,,"2026 Mazda CX-5 4dr Awd Gt, Red exterior","[{url:'https://imagescdn.d2cmedia.ca/cb56e181f8d86188dc51dfad06f9ad3c61/4768/14359948/1/Mazda-CX_5-2026.jpg'},{url:'https://imagescdn.d2cmedia.ca/s856e181f8d86188dc51dfad06f9ad3c61/4768/14359948/1/Mazda-CX_5-2026.jpg'},{url:'https://imagescdn.d2cmedia.ca/cb56e181f8d86188dc51dfad06f9ad3c61/4768/14359948/2/Mazda-CX_5-2026.jpg'},{url:'https://imagescdn.d2cmedia.ca/cb56e181f8d86188dc51dfad06f9ad3c61/4768/14359948/3/Mazda-CX_5-2026.jpg'},{url:'https://imagescdn.d2cmedia.ca/cb56e181f8d86188dc51dfad06f9ad3c61/4768/14359948/4/Mazda-CX_5-2026.jpg'},{url:'https://imagescdn.d2cmedia.ca/cb56e181f8d86188dc51dfad06f9ad3c61/4768/14359948/5/Mazda-CX_5-2026.jpg'},{url:'https://imagescdn.d2cmedia.ca/cb56e181f8d86188dc51dfad06f9ad3c61/4768/14359948/6/Mazda-CX_5-2026.jpg'},{url:'https://imagescdn.d2cmedia.ca/cb56e181f8d86188dc51dfad06f9ad3c61/4768/14359948/7/Mazda-CX_5-2026.jpg'},{url:'https://imagescdn.d2cmedia.ca/cb56e181f8d86188dc51dfad06f9ad3c61/4768/14359948/8/Mazda-CX_5-2026.jpg'},{url:'https://imagescdn.d2cmedia.ca/cb56e181f8d86188dc51dfad06f9ad3c61/4768/14359948/9/Mazda-CX_5-2026.jpg'}]",150,KM,https://www.primamazda.com/new/inventory/2026-Mazda-CX_5-id14359948.html,2026 Mazda CX-5 4dr Awd Gt at Prima Mazda,50755 CAD,New,Red,,4768,Prima Mazda,+1-905-850-8111,"{addr1: '7635 Martin Grove Road', city: 'Woodbridge', region: 'Ontario', postal_code: 'L4L 2C5', country: 'CA'}",43.7739677000,-79.6083755000,,,,,https://www.primamazda.com/privacy-policy.html,New,4768,In stock,,50755 CAD,Free,
JM3KMDHA9T0152338,JM3KMDHA9T0152338,26-288-new,Mazda,CX-5,4dr Awd Gt,2026,AUTOMATIC,SUV,GASOLINE,,"2026 Mazda CX-5 4dr Awd Gt, Grey exterior","[{url:'https://imagescdn.d2cmedia.ca/cb1f82f74c0e089c8394678a03c2ca6f17/4768/13959642/1/Mazda-CX_5-2026.jpg'},{url:'https://imagescdn.d2cmedia.ca/s81f82f74c0e089c8394678a03c2ca6f17/4768/13959642/1/Mazda-CX_5-2026.jpg'},{url:'https://imagescdn.d2cmedia.ca/cb1f82f74c0e089c8394678a03c2ca6f17/4768/13959642/2/Mazda-CX_5-2026.jpg'},{url:'https://imagescdn.d2cmedia.ca/cb1f82f74c0e089c8394678a03c2ca6f17/4768/13959642/3/Mazda-CX_5-2026.jpg'},{url:'https://imagescdn.d2cmedia.ca/cb1f82f74c0e089c8394678a03c2ca6f17/4768/13959642/4/Mazda-CX_5-2026.jpg'},{url:'https://imagescdn.d2cmedia.ca/cb1f82f74c0e089c8394678a03c2ca6f17/4768/13959642/5/Mazda-CX_5-2026.jpg'},{url:'https://imagescdn.d2cmedia.ca/cb1f82f74c0e089c8394678a03c2ca6f17/4768/13959642/6/Mazda-CX_5-2026.jpg'},{url:'https://imagescdn.d2cmedia.ca/cb1f82f74c0e089c8394678a03c2ca6f17/4768/13959642/7/Mazda-CX_5-2026.jpg'},{url:'https://imagescdn.d2cmedia.ca/cb1f82f74c0e089c8394678a03c2ca6f17/4768/13959642/8/Mazda-CX_5-2026.jpg'},{url:'https://imagescdn.d2cmedia.ca/cb1f82f74c0e089c8394678a03c2ca6f17/4768/13959642/9/Mazda-CX_5-2026.jpg'}]",150,KM,https://www.primamazda.com/new/inventory/2026-Mazda-CX_5-id13959642.html,2026 Mazda CX-5 4dr Awd Gt at Prima Mazda,50655 CAD,New,Grey,,4768,Prima Mazda,+1-905-850-8111,"{addr1: '7635 Martin Grove Road', city: 'Woodbridge', region: 'Ontario', postal_code: 'L4L 2C5', country: 'CA'}",43.7739677000,-79.6083755000,,,,,https://www.primamazda.com/privacy-policy.html,New,4768,In stock,,50655 CAD,Free,
JM3KMDHA1T0174298,JM3KMDHA1T0174298,26-373-new,Mazda,CX-5,4dr Awd Gt,2026,AUTOMATIC,SUV,GASOLINE,,"2026 Mazda CX-5 4dr Awd Gt, White exterior","[{url:'https://imagescdn.d2cmedia.ca/cba9897cf1277b71e8d4ba4d044dbb041a/4768/14093361/1/Mazda-CX_5-2026.jpg'},{url:'https://imagescdn.d2cmedia.ca/s8a9897cf1277b71e8d4ba4d044dbb041a/4768/14093361/1/Mazda-CX_5-2026.jpg'},{url:'https://imagescdn.d2cmedia.ca/cba9897cf1277b71e8d4ba4d044dbb041a/4768/14093361/2/Mazda-CX_5-2026.jpg'},{url:'https://imagescdn.d2cmedia.ca/cba9897cf1277b71e8d4ba4d044dbb041a/4768/14093361/3/Mazda-CX_5-2026.jpg'},{url:'https://imagescdn.d2cmedia.ca/cba9897cf1277b71e8d4ba4d044dbb041a/4768/14093361/4/Mazda-CX_5-2026.jpg'},{url:'https://imagescdn.d2cmedia.ca/cba9897cf1277b71e8d4ba4d044dbb041a/4768/14093361/5/Mazda-CX_5-2026.jpg'},{url:'https://imagescdn.d2cmedia.ca/cba9897cf1277b71e8d4ba4d044dbb041a/4768/14093361/6/Mazda-CX_5-2026.jpg'},{url:'https://imagescdn.d2cmedia.ca/cba9897cf1277b71e8d4ba4d044dbb041a/4768/14093361/7/Mazda-CX_5-2026.jpg'},{url:'https://imagescdn.d2cmedia.ca/cba9897cf1277b71e8d4ba4d044dbb041a/4768/14093361/8/Mazda-CX_5-2026.jpg'},{url:'https://imagescdn.d2cmedia.ca/cba9897cf1277b71e8d4ba4d044dbb041a/4768/14093361/9/Mazda-CX_5-2026.jpg'}]",150,KM,https://www.primamazda.com/new/inventory/2026-Mazda-CX_5-id14093361.html,2026 Mazda CX-5 4dr Awd Gt at Prima Mazda,50655 CAD,New,White,,4768,Prima Mazda,+1-905-850-8111,"{addr1: '7635 Martin Grove Road', city: 'Woodbridge', region: 'Ontario', postal_code: 'L4L 2C5', country: 'CA'}",43.7739677000,-79.6083755000,,,,,https://www.primamazda.com/privacy-policy.html,New,4768,In stock,,50655 CAD,Free,
JM3KMDHA5T0170920,JM3KMDHA5T0170920,26-352-new,Mazda,CX-5,4dr Awd Gt,2026,AUTOMATIC,SUV,GASOLINE,,"2026 Mazda CX-5 4dr Awd Gt, Grey exterior","[{url:'https://imagescdn.d2cmedia.ca/cbbe9e0f9e24854a8e791d210a2fa49f73/4768/14129524/1/Mazda-CX_5-2026.jpg'},{url:'https://imagescdn.d2cmedia.ca/s8be9e0f9e24854a8e791d210a2fa49f73/4768/14129524/1/Mazda-CX_5-2026.jpg'},{url:'https://imagescdn.d2cmedia.ca/cbbe9e0f9e24854a8e791d210a2fa49f73/4768/14129524/2/Mazda-CX_5-2026.jpg'},{url:'https://imagescdn.d2cmedia.ca/cbbe9e0f9e24854a8e791d210a2fa49f73/4768/14129524/3/Mazda-CX_5-2026.jpg'},{url:'https://imagescdn.d2cmedia.ca/cbbe9e0f9e24854a8e791d210a2fa49f73/4768/14129524/4/Mazda-CX_5-2026.jpg'},{url:'https://imagescdn.d2cmedia.ca/cbbe9e0f9e24854a8e791d210a2fa49f73/4768/14129524/5/Mazda-CX_5-2026.jpg'},{url:'https://imagescdn.d2cmedia.ca/cbbe9e0f9e24854a8e791d210a2fa49f73/4768/14129524/6/Mazda-CX_5-2026.jpg'},{url:'https://imagescdn.d2cmedia.ca/cbbe9e0f9e24854a8e791d210a2fa49f73/4768/14129524/7/Mazda-CX_5-2026.jpg'},{url:'https://imagescdn.d2cmedia.ca/cbbe9e0f9e24854a8e791d210a2fa49f73/4768/14129524/8/Mazda-CX_5-2026.jpg'},{url:'https://imagescdn.d2cmedia.ca/cbbe9e0f9e24854a8e791d210a2fa49f73/4768/14129524/9/Mazda-CX_5-2026.jpg'}]",150,KM,https://www.primamazda.com/new/inventory/2026-Mazda-CX_5-id14129524.html,2026 Mazda CX-5 4dr Awd Gt at Prima Mazda,50655 CAD,New,Grey,,4768,Prima Mazda,+1-905-850-8111,"{addr1: '7635 Martin Grove Road', city: 'Woodbridge', region: 'Ontario', postal_code: 'L4L 2C5', country: 'CA'}",43.7739677000,-79.6083755000,,,,,https://www.primamazda.com/privacy-policy.html,New,4768,In stock,,50655 CAD,Free,
JM3KMDHA6T0192988,JM3KMDHA6T0192988,26-465-new,Mazda,CX-5,4dr Awd Gt,2026,AUTOMATIC,SUV,GASOLINE,,"2026 Mazda CX-5 4dr Awd Gt, White exterior","[{url:'https://imagescdn.d2cmedia.ca/cb311eb2fc1b0b1423055ce6175ef6b20a/4768/14248615/1/Mazda-CX_5-2026.jpg'},{url:'https://imagescdn.d2cmedia.ca/s8311eb2fc1b0b1423055ce6175ef6b20a/4768/14248615/1/Mazda-CX_5-2026.jpg'},{url:'https://imagescdn.d2cmedia.ca/cb311eb2fc1b0b1423055ce6175ef6b20a/4768/14248615/2/Mazda-CX_5-2026.jpg'},{url:'https://imagescdn.d2cmedia.ca/cb311eb2fc1b0b1423055ce6175ef6b20a/4768/14248615/3/Mazda-CX_5-2026.jpg'},{url:'https://imagescdn.d2cmedia.ca/cb311eb2fc1b0b1423055ce6175ef6b20a/4768/14248615/4/Mazda-CX_5-2026.jpg'},{url:'https://imagescdn.d2cmedia.ca/cb311eb2fc1b0b1423055ce6175ef6b20a/4768/14248615/5/Mazda-CX_5-2026.jpg'},{url:'https://imagescdn.d2cmedia.ca/cb311eb2fc1b0b1423055ce6175ef6b20a/4768/14248615/6/Mazda-CX_5-2026.jpg'},{url:'https://imagescdn.d2cmedia.ca/cb311eb2fc1b0b1423055ce6175ef6b20a/4768/14248615/7/Mazda-CX_5-2026.jpg'},{url:'https://imagescdn.d2cmedia.ca/cb311eb2fc1b0b1423055ce6175ef6b20a/4768/14248615/8/Mazda-CX_5-2026.jpg'},{url:'https://imagescdn.d2cmedia.ca/cb311eb2fc1b0b1423055ce6175ef6b20a/4768/14248615/9/Mazda-CX_5-2026.jpg'}]",150,KM,https://www.primamazda.com/new/inventory/2026-Mazda-CX_5-id14248615.html,2026 Mazda CX-5 4dr Awd Gt at Prima Mazda,50655 CAD,New,White,,4768,Prima Mazda,+1-905-850-8111,"{addr1: '7635 Martin Grove Road', city: 'Woodbridge', region: 'Ontario', postal_code: 'L4L 2C5', country: 'CA'}",43.7739677000,-79.6083755000,,,,,https://www.primamazda.com/privacy-policy.html,New,4768,In stock,,50655 CAD,Free,
JM3KMDHA1T0218865,JM3KMDHA1T0218865,26-546-new,Mazda,CX-5,4dr Awd Gt,2026,AUTOMATIC,SUV,GASOLINE,,"2026 Mazda CX-5 4dr Awd Gt, White exterior","[{url:'https://imagescdn.d2cmedia.ca/cb62cb2d7cb5faf1fbd30076a711d0ec6c/4768/14414008/1/Mazda-CX_5-2026.jpg'},{url:'https://imagescdn.d2cmedia.ca/s862cb2d7cb5faf1fbd30076a711d0ec6c/4768/14414008/1/Mazda-CX_5-2026.jpg'},{url:'https://imagescdn.d2cmedia.ca/cb62cb2d7cb5faf1fbd30076a711d0ec6c/4768/14414008/2/Mazda-CX_5-2026.jpg'},{url:'https://imagescdn.d2cmedia.ca/cb62cb2d7cb5faf1fbd30076a711d0ec6c/4768/14414008/3/Mazda-CX_5-2026.jpg'},{url:'https://imagescdn.d2cmedia.ca/cb62cb2d7cb5faf1fbd30076a711d0ec6c/4768/14414008/4/Mazda-CX_5-2026.jpg'},{url:'https://imagescdn.d2cmedia.ca/cb62cb2d7cb5faf1fbd30076a711d0ec6c/4768/14414008/5/Mazda-CX_5-2026.jpg'},{url:'https://imagescdn.d2cmedia.ca/cb62cb2d7cb5faf1fbd30076a711d0ec6c/4768/14414008/6/Mazda-CX_5-2026.jpg'},{url:'https://imagescdn.d2cmedia.ca/cb62cb2d7cb5faf1fbd30076a711d0ec6c/4768/14414008/7/Mazda-CX_5-2026.jpg'},{url:'https://imagescdn.d2cmedia.ca/cb62cb2d7cb5faf1fbd30076a711d0ec6c/4768/14414008/8/Mazda-CX_5-2026.jpg'},{url:'https://imagescdn.d2cmedia.ca/cb62cb2d7cb5faf1fbd30076a711d0ec6c/4768/14414008/9/Mazda-CX_5-2026.jpg'}]",150,KM,https://www.primamazda.com/new/inventory/2026-Mazda-CX_5-id14414008.html,2026 Mazda CX-5 4dr Awd Gt at Prima Mazda,50655 CAD,New,White,,4768,Prima Mazda,+1-905-850-8111,"{addr1: '7635 Martin Grove Road', city: 'Woodbridge', region: 'Ontario', postal_code: 'L4L 2C5', country: 'CA'}",43.7739677000,-79.6083755000,,,,,https://www.primamazda.com/privacy-policy.html,New,4768,In stock,,50655 CAD,Free,
JM3KMDHA5T0192030,JM3KMDHA5T0192030,26-443-new,Mazda,CX-5,4dr Awd Gt,2026,AUTOMATIC,SUV,GASOLINE,,"2026 Mazda CX-5 4dr Awd Gt, Grey exterior","[{url:'https://imagescdn.d2cmedia.ca/cbb639c0b1791830f3a14eb60d13e994eb/4768/14216608/1/Mazda-CX_5-2026.jpg'},{url:'https://imagescdn.d2cmedia.ca/s8b639c0b1791830f3a14eb60d13e994eb/4768/14216608/1/Mazda-CX_5-2026.jpg'},{url:'https://imagescdn.d2cmedia.ca/cbb639c0b1791830f3a14eb60d13e994eb/4768/14216608/2/Mazda-CX_5-2026.jpg'},{url:'https://imagescdn.d2cmedia.ca/cbb639c0b1791830f3a14eb60d13e994eb/4768/14216608/3/Mazda-CX_5-2026.jpg'},{url:'https://imagescdn.d2cmedia.ca/cbb639c0b1791830f3a14eb60d13e994eb/4768/14216608/4/Mazda-CX_5-2026.jpg'},{url:'https://imagescdn.d2cmedia.ca/cbb639c0b1791830f3a14eb60d13e994eb/4768/14216608/5/Mazda-CX_5-2026.jpg'},{url:'https://imagescdn.d2cmedia.ca/cbb639c0b1791830f3a14eb60d13e994eb/4768/14216608/6/Mazda-CX_5-2026.jpg'},{url:'https://imagescdn.d2cmedia.ca/cbb639c0b1791830f3a14eb60d13e994eb/4768/14216608/7/Mazda-CX_5-2026.jpg'},{url:'https://imagescdn.d2cmedia.ca/cbb639c0b1791830f3a14eb60d13e994eb/4768/14216608/8/Mazda-CX_5-2026.jpg'},{url:'https://imagescdn.d2cmedia.ca/cbb639c0b1791830f3a14eb60d13e994eb/4768/14216608/9/Mazda-CX_5-2026.jpg'}]",150,KM,https://www.primamazda.com/new/inventory/2026-Mazda-CX_5-id14216608.html,2026 Mazda CX-5 4dr Awd Gt at Prima Mazda,50555 CAD,New,Grey,,4768,Prima Mazda,+1-905-850-8111,"{addr1: '7635 Martin Grove Road', city: 'Woodbridge', region: 'Ontario', postal_code: 'L4L 2C5', country: 'CA'}",43.7739677000,-79.6083755000,,,,,https://www.primamazda.com/privacy-policy.html,New,4768,In stock,,50555 CAD,Free,
JM3KMDHA5T0185238,JM3KMDHA5T0185238,26-464-new,Mazda,CX-5,4dr Awd Gt,2026,AUTOMATIC,SUV,GASOLINE,,"2026 Mazda CX-5 4dr Awd Gt, Grey exterior","[{url:'https://imagescdn.d2cmedia.ca/cb2e50537938c1fe4dec40ad47c3753c60/4768/14231749/1/Mazda-CX_5-2026.jpg'},{url:'https://imagescdn.d2cmedia.ca/s82e50537938c1fe4dec40ad47c3753c60/4768/14231749/1/Mazda-CX_5-2026.jpg'},{url:'https://imagescdn.d2cmedia.ca/cb2e50537938c1fe4dec40ad47c3753c60/4768/14231749/2/Mazda-CX_5-2026.jpg'},{url:'https://imagescdn.d2cmedia.ca/cb2e50537938c1fe4dec40ad47c3753c60/4768/14231749/3/Mazda-CX_5-2026.jpg'},{url:'https://imagescdn.d2cmedia.ca/cb2e50537938c1fe4dec40ad47c3753c60/4768/14231749/4/Mazda-CX_5-2026.jpg'},{url:'https://imagescdn.d2cmedia.ca/cb2e50537938c1fe4dec40ad47c3753c60/4768/14231749/5/Mazda-CX_5-2026.jpg'},{url:'https://imagescdn.d2cmedia.ca/cb2e50537938c1fe4dec40ad47c3753c60/4768/14231749/6/Mazda-CX_5-2026.jpg'},{url:'https://imagescdn.d2cmedia.ca/cb2e50537938c1fe4dec40ad47c3753c60/4768/14231749/7/Mazda-CX_5-2026.jpg'},{url:'https://imagescdn.d2cmedia.ca/cb2e50537938c1fe4dec40ad47c3753c60/4768/14231749/8/Mazda-CX_5-2026.jpg'},{url:'https://imagescdn.d2cmedia.ca/cb2e50537938c1fe4dec40ad47c3753c60/4768/14231749/9/Mazda-CX_5-2026.jpg'}]",150,KM,https://www.primamazda.com/new/inventory/2026-Mazda-CX_5-id14231749.html,2026 Mazda CX-5 4dr Awd Gt at Prima Mazda,50555 CAD,New,Grey,,4768,Prima Mazda,+1-905-850-8111,"{addr1: '7635 Martin Grove Road', city: 'Woodbridge', region: 'Ontario', postal_code: 'L4L 2C5', country: 'CA'}",43.7739677000,-79.6083755000,,,,,https://www.primamazda.com/privacy-policy.html,New,4768,In stock,,50555 CAD,Free,
JM3KMDHA5T0210798,JM3KMDHA5T0210798,26-560-new,Mazda,CX-5,4dr Awd Gt,2026,AUTOMATIC,SUV,GASOLINE,,"2026 Mazda CX-5 4dr Awd Gt, Grey exterior","[{url:'https://imagescdn.d2cmedia.ca/cb0244556aeda605bf58505a4b4ce39c0c/4768/14427328/1/Mazda-CX_5-2026.jpg'},{url:'https://imagescdn.d2cmedia.ca/s80244556aeda605bf58505a4b4ce39c0c/4768/14427328/1/Mazda-CX_5-2026.jpg'},{url:'https://imagescdn.d2cmedia.ca/cb0244556aeda605bf58505a4b4ce39c0c/4768/14427328/2/Mazda-CX_5-2026.jpg'},{url:'https://imagescdn.d2cmedia.ca/cb0244556aeda605bf58505a4b4ce39c0c/4768/14427328/3/Mazda-CX_5-2026.jpg'},{url:'https://imagescdn.d2cmedia.ca/cb0244556aeda605bf58505a4b4ce39c0c/4768/14427328/4/Mazda-CX_5-2026.jpg'},{url:'https://imagescdn.d2cmedia.ca/cb0244556aeda605bf58505a4b4ce39c0c/4768/14427328/5/Mazda-CX_5-2026.jpg'},{url:'https://imagescdn.d2cmedia.ca/cb0244556aeda605bf58505a4b4ce39c0c/4768/14427328/6/Mazda-CX_5-2026.jpg'},{url:'https://imagescdn.d2cmedia.ca/cb0244556aeda605bf58505a4b4ce39c0c/4768/14427328/7/Mazda-CX_5-2026.jpg'},{url:'https://imagescdn.d2cmedia.ca/cb0244556aeda605bf58505a4b4ce39c0c/4768/14427328/8/Mazda-CX_5-2026.jpg'},{url:'https://imagescdn.d2cmedia.ca/cb0244556aeda605bf58505a4b4ce39c0c/4768/14427328/9/Mazda-CX_5-2026.jpg'}]",150,KM,https://www.primamazda.com/new/inventory/2026-Mazda-CX_5-id14427328.html,2026 Mazda CX-5 4dr Awd Gt at Prima Mazda,50555 CAD,New,Grey,,4768,Prima Mazda,+1-905-850-8111,"{addr1: '7635 Martin Grove Road', city: 'Woodbridge', region: 'Ontario', postal_code: 'L4L 2C5', country: 'CA'}",43.7739677000,-79.6083755000,,,,,https://www.primamazda.com/privacy-policy.html,New,4768,In stock,,50555 CAD,Free,
JM3KMDHA3T0186288,JM3KMDHA3T0186288,26-420-new,Mazda,CX-5,4dr Awd Gt,2026,AUTOMATIC,SUV,GASOLINE,,"2026 Mazda CX-5 4dr Awd Gt, Blue exterior","[{url:'https://imagescdn.d2cmedia.ca/cb367ca2da6249ced0844955954972008e/4768/14172460/1/Mazda-CX_5-2026.jpg'},{url:'https://imagescdn.d2cmedia.ca/s8367ca2da6249ced0844955954972008e/4768/14172460/1/Mazda-CX_5-2026.jpg'},{url:'https://imagescdn.d2cmedia.ca/cb367ca2da6249ced0844955954972008e/4768/14172460/2/Mazda-CX_5-2026.jpg'},{url:'https://imagescdn.d2cmedia.ca/cb367ca2da6249ced0844955954972008e/4768/14172460/3/Mazda-CX_5-2026.jpg'},{url:'https://imagescdn.d2cmedia.ca/cb367ca2da6249ced0844955954972008e/4768/14172460/4/Mazda-CX_5-2026.jpg'},{url:'https://imagescdn.d2cmedia.ca/cb367ca2da6249ced0844955954972008e/4768/14172460/5/Mazda-CX_5-2026.jpg'},{url:'https://imagescdn.d2cmedia.ca/cb367ca2da6249ced0844955954972008e/4768/14172460/6/Mazda-CX_5-2026.jpg'},{url:'https://imagescdn.d2cmedia.ca/cb367ca2da6249ced0844955954972008e/4768/14172460/7/Mazda-CX_5-2026.jpg'},{url:'https://imagescdn.d2cmedia.ca/cb367ca2da6249ced0844955954972008e/4768/14172460/8/Mazda-CX_5-2026.jpg'},{url:'https://imagescdn.d2cmedia.ca/cb367ca2da6249ced0844955954972008e/4768/14172460/9/Mazda-CX_5-2026.jpg'}]",150,KM,https://www.primamazda.com/new/inventory/2026-Mazda-CX_5-id14172460.html,2026 Mazda CX-5 4dr Awd Gt at Prima Mazda,50255 CAD,New,Blue,,4768,Prima Mazda,+1-905-850-8111,"{addr1: '7635 Martin Grove Road', city: 'Woodbridge', region: 'Ontario', postal_code: 'L4L 2C5', country: 'CA'}",43.7739677000,-79.6083755000,,,,,https://www.primamazda.com/privacy-policy.html,New,4768,In stock,,50255 CAD,Free,
JM3KMDHA8T0201996,JM3KMDHA8T0201996,26-499-new,Mazda,CX-5,4dr Awd Gt,2026,AUTOMATIC,SUV,GASOLINE,,"2026 Mazda CX-5 4dr Awd Gt, Black exterior","[{url:'https://imagescdn.d2cmedia.ca/cbfacd630af1c3352e5ff499094d335039/4768/14334470/1/Mazda-CX_5-2026.jpg'},{url:'https://imagescdn.d2cmedia.ca/s8facd630af1c3352e5ff499094d335039/4768/14334470/1/Mazda-CX_5-2026.jpg'},{url:'https://imagescdn.d2cmedia.ca/cbfacd630af1c3352e5ff499094d335039/4768/14334470/2/Mazda-CX_5-2026.jpg'},{url:'https://imagescdn.d2cmedia.ca/cbfacd630af1c3352e5ff499094d335039/4768/14334470/3/Mazda-CX_5-2026.jpg'},{url:'https://imagescdn.d2cmedia.ca/cbfacd630af1c3352e5ff499094d335039/4768/14334470/4/Mazda-CX_5-2026.jpg'},{url:'https://imagescdn.d2cmedia.ca/cbfacd630af1c3352e5ff499094d335039/4768/14334470/5/Mazda-CX_5-2026.jpg'},{url:'https://imagescdn.d2cmedia.ca/cbfacd630af1c3352e5ff499094d335039/4768/14334470/6/Mazda-CX_5-2026.jpg'},{url:'https://imagescdn.d2cmedia.ca/cbfacd630af1c3352e5ff499094d335039/4768/14334470/7/Mazda-CX_5-2026.jpg'},{url:'https://imagescdn.d2cmedia.ca/cbfacd630af1c3352e5ff499094d335039/4768/14334470/8/Mazda-CX_5-2026.jpg'},{url:'https://imagescdn.d2cmedia.ca/cbfacd630af1c3352e5ff499094d335039/4768/14334470/9/Mazda-CX_5-2026.jpg'}]",150,KM,https://www.primamazda.com/new/inventory/2026-Mazda-CX_5-id14334470.html,2026 Mazda CX-5 4dr Awd Gt at Prima Mazda,50255 CAD,New,Black,,4768,Prima Mazda,+1-905-850-8111,"{addr1: '7635 Martin Grove Road', city: 'Woodbridge', region: 'Ontario', postal_code: 'L4L 2C5', country: 'CA'}",43.7739677000,-79.6083755000,,,,,https://www.primamazda.com/privacy-policy.html,New,4768,In stock,,50255 CAD,Free,
JM3KMDHA2T0209589,JM3KMDHA2T0209589,26-531-new,Mazda,CX-5,4dr Awd Gt,2026,AUTOMATIC,SUV,GASOLINE,,"2026 Mazda CX-5 4dr Awd Gt, Blue exterior","[{url:'https://imagescdn.d2cmedia.ca/cb1b7e22de43e617b9253fa1f504f01da0/4768/14379973/1/Mazda-CX_5-2026.jpg'},{url:'https://imagescdn.d2cmedia.ca/s81b7e22de43e617b9253fa1f504f01da0/4768/14379973/1/Mazda-CX_5-2026.jpg'},{url:'https://imagescdn.d2cmedia.ca/cb1b7e22de43e617b9253fa1f504f01da0/4768/14379973/2/Mazda-CX_5-2026.jpg'},{url:'https://imagescdn.d2cmedia.ca/cb1b7e22de43e617b9253fa1f504f01da0/4768/14379973/3/Mazda-CX_5-2026.jpg'},{url:'https://imagescdn.d2cmedia.ca/cb1b7e22de43e617b9253fa1f504f01da0/4768/14379973/4/Mazda-CX_5-2026.jpg'},{url:'https://imagescdn.d2cmedia.ca/cb1b7e22de43e617b9253fa1f504f01da0/4768/14379973/5/Mazda-CX_5-2026.jpg'},{url:'https://imagescdn.d2cmedia.ca/cb1b7e22de43e617b9253fa1f504f01da0/4768/14379973/6/Mazda-CX_5-2026.jpg'},{url:'https://imagescdn.d2cmedia.ca/cb1b7e22de43e617b9253fa1f504f01da0/4768/14379973/7/Mazda-CX_5-2026.jpg'},{url:'https://imagescdn.d2cmedia.ca/cb1b7e22de43e617b9253fa1f504f01da0/4768/14379973/8/Mazda-CX_5-2026.jpg'},{url:'https://imagescdn.d2cmedia.ca/cb1b7e22de43e617b9253fa1f504f01da0/4768/14379973/9/Mazda-CX_5-2026.jpg'}]",150,KM,https://www.primamazda.com/new/inventory/2026-Mazda-CX_5-id14379973.html,2026 Mazda CX-5 4dr Awd Gt at Prima Mazda,50255 CAD,New,Blue,,4768,Prima Mazda,+1-905-850-8111,"{addr1: '7635 Martin Grove Road', city: 'Woodbridge', region: 'Ontario', postal_code: 'L4L 2C5', country: 'CA'}",43.7739677000,-79.6083755000,,,,,https://www.primamazda.com/privacy-policy.html,New,4768,In stock,,50255 CAD,Free,
JM3KMDHA1T0221832,JM3KMDHA1T0221832,26-547-new,Mazda,CX-5,4dr Awd Gt,2026,AUTOMATIC,SUV,GASOLINE,,"2026 Mazda CX-5 4dr Awd Gt, Blue exterior","[{url:'https://imagescdn.d2cmedia.ca/cbdafca68c0d835923f11b0843a63b2cd7/4768/14414009/1/Mazda-CX_5-2026.jpg'},{url:'https://imagescdn.d2cmedia.ca/s8dafca68c0d835923f11b0843a63b2cd7/4768/14414009/1/Mazda-CX_5-2026.jpg'},{url:'https://imagescdn.d2cmedia.ca/cbdafca68c0d835923f11b0843a63b2cd7/4768/14414009/2/Mazda-CX_5-2026.jpg'},{url:'https://imagescdn.d2cmedia.ca/cbdafca68c0d835923f11b0843a63b2cd7/4768/14414009/3/Mazda-CX_5-2026.jpg'},{url:'https://imagescdn.d2cmedia.ca/cbdafca68c0d835923f11b0843a63b2cd7/4768/14414009/4/Mazda-CX_5-2026.jpg'},{url:'https://imagescdn.d2cmedia.ca/cbdafca68c0d835923f11b0843a63b2cd7/4768/14414009/5/Mazda-CX_5-2026.jpg'},{url:'https://imagescdn.d2cmedia.ca/cbdafca68c0d835923f11b0843a63b2cd7/4768/14414009/6/Mazda-CX_5-2026.jpg'},{url:'https://imagescdn.d2cmedia.ca/cbdafca68c0d835923f11b0843a63b2cd7/4768/14414009/7/Mazda-CX_5-2026.jpg'},{url:'https://imagescdn.d2cmedia.ca/cbdafca68c0d835923f11b0843a63b2cd7/4768/14414009/8/Mazda-CX_5-2026.jpg'},{url:'https://imagescdn.d2cmedia.ca/cbdafca68c0d835923f11b0843a63b2cd7/4768/14414009/9/Mazda-CX_5-2026.jpg'}]",150,KM,https://www.primamazda.com/new/inventory/2026-Mazda-CX_5-id14414009.html,2026 Mazda CX-5 4dr Awd Gt at Prima Mazda,50255 CAD,New,Blue,,4768,Prima Mazda,+1-905-850-8111,"{addr1: '7635 Martin Grove Road', city: 'Woodbridge', region: 'Ontario', postal_code: 'L4L 2C5', country: 'CA'}",43.7739677000,-79.6083755000,,,,,https://www.primamazda.com/privacy-policy.html,New,4768,In stock,,50255 CAD,Free,
JM3KMDHA7T0182437,JM3KMDHA7T0182437,26-466-new,Mazda,CX-5,4dr Awd Gt,2026,AUTOMATIC,SUV,GASOLINE,,"2026 Mazda CX-5 4dr Awd Gt, Black exterior","[{url:'https://imagescdn.d2cmedia.ca/cb6e8da3bf33e3b94741a3b05eba9f2df2/4768/14231750/1/Mazda-CX_5-2026.jpg'},{url:'https://imagescdn.d2cmedia.ca/s86e8da3bf33e3b94741a3b05eba9f2df2/4768/14231750/1/Mazda-CX_5-2026.jpg'},{url:'https://imagescdn.d2cmedia.ca/cb6e8da3bf33e3b94741a3b05eba9f2df2/4768/14231750/2/Mazda-CX_5-2026.jpg'},{url:'https://imagescdn.d2cmedia.ca/cb6e8da3bf33e3b94741a3b05eba9f2df2/4768/14231750/3/Mazda-CX_5-2026.jpg'},{url:'https://imagescdn.d2cmedia.ca/cb6e8da3bf33e3b94741a3b05eba9f2df2/4768/14231750/4/Mazda-CX_5-2026.jpg'},{url:'https://imagescdn.d2cmedia.ca/cb6e8da3bf33e3b94741a3b05eba9f2df2/4768/14231750/5/Mazda-CX_5-2026.jpg'},{url:'https://imagescdn.d2cmedia.ca/cb6e8da3bf33e3b94741a3b05eba9f2df2/4768/14231750/6/Mazda-CX_5-2026.jpg'},{url:'https://imagescdn.d2cmedia.ca/cb6e8da3bf33e3b94741a3b05eba9f2df2/4768/14231750/7/Mazda-CX_5-2026.jpg'},{url:'https://imagescdn.d2cmedia.ca/cb6e8da3bf33e3b94741a3b05eba9f2df2/4768/14231750/8/Mazda-CX_5-2026.jpg'},{url:'https://imagescdn.d2cmedia.ca/cb6e8da3bf33e3b94741a3b05eba9f2df2/4768/14231750/9/Mazda-CX_5-2026.jpg'}]",150,KM,https://www.primamazda.com/new/inventory/2026-Mazda-CX_5-id14231750.html,2026 Mazda CX-5 4dr Awd Gt at Prima Mazda,49610 CAD,New,Black,,4768,Prima Mazda,+1-905-850-8111,"{addr1: '7635 Martin Grove Road', city: 'Woodbridge', region: 'Ontario', postal_code: 'L4L 2C5', country: 'CA'}",43.7739677000,-79.6083755000,,,,,https://www.primamazda.com/privacy-policy.html,New,4768,In stock,,49610 CAD,Free,
JM3KMCHA9T0176360,JM3KMCHA9T0176360,26-372-new,Mazda,CX-5,4dr Awd Gt,2026,AUTOMATIC,SUV,GASOLINE,,"2026 Mazda CX-5 4dr Awd Gt, White exterior","[{url:'https://imagescdn.d2cmedia.ca/cb225d5ff812f2b23d701cb1ae32afa950/4768/14093360/1/Mazda-CX_5-2026.jpg'},{url:'https://imagescdn.d2cmedia.ca/s8225d5ff812f2b23d701cb1ae32afa950/4768/14093360/1/Mazda-CX_5-2026.jpg'},{url:'https://imagescdn.d2cmedia.ca/cb225d5ff812f2b23d701cb1ae32afa950/4768/14093360/2/Mazda-CX_5-2026.jpg'},{url:'https://imagescdn.d2cmedia.ca/cb225d5ff812f2b23d701cb1ae32afa950/4768/14093360/3/Mazda-CX_5-2026.jpg'},{url:'https://imagescdn.d2cmedia.ca/cb225d5ff812f2b23d701cb1ae32afa950/4768/14093360/4/Mazda-CX_5-2026.jpg'},{url:'https://imagescdn.d2cmedia.ca/cb225d5ff812f2b23d701cb1ae32afa950/4768/14093360/5/Mazda-CX_5-2026.jpg'},{url:'https://imagescdn.d2cmedia.ca/cb225d5ff812f2b23d701cb1ae32afa950/4768/14093360/6/Mazda-CX_5-2026.jpg'},{url:'https://imagescdn.d2cmedia.ca/cb225d5ff812f2b23d701cb1ae32afa950/4768/14093360/7/Mazda-CX_5-2026.jpg'},{url:'https://imagescdn.d2cmedia.ca/cb225d5ff812f2b23d701cb1ae32afa950/4768/14093360/8/Mazda-CX_5-2026.jpg'},{url:'https://imagescdn.d2cmedia.ca/cb225d5ff812f2b23d701cb1ae32afa950/4768/14093360/9/Mazda-CX_5-2026.jpg'}]",150,KM,https://www.primamazda.com/new/inventory/2026-Mazda-CX_5-id14093360.html,2026 Mazda CX-5 4dr Awd Gt at Prima Mazda,48155 CAD,New,White,,4768,Prima Mazda,+1-905-850-8111,"{addr1: '7635 Martin Grove Road', city: 'Woodbridge', region: 'Ontario', postal_code: 'L4L 2C5', country: 'CA'}",43.7739677000,-79.6083755000,,,,,https://www.primamazda.com/privacy-policy.html,New,4768,In stock,,48155 CAD,Free,
JM3KMCHA8T0182327,JM3KMCHA8T0182327,26-460-new,Mazda,CX-5,4dr Awd Gt,2026,AUTOMATIC,SUV,GASOLINE,,"2026 Mazda CX-5 4dr Awd Gt, Grey exterior","[{url:'https://imagescdn.d2cmedia.ca/cbcf170be58efa256f41a04d0daf1d6f4e/4768/14237409/1/Mazda-CX_5-2026.jpg'},{url:'https://imagescdn.d2cmedia.ca/s8cf170be58efa256f41a04d0daf1d6f4e/4768/14237409/1/Mazda-CX_5-2026.jpg'},{url:'https://imagescdn.d2cmedia.ca/cbcf170be58efa256f41a04d0daf1d6f4e/4768/14237409/2/Mazda-CX_5-2026.jpg'},{url:'https://imagescdn.d2cmedia.ca/cbcf170be58efa256f41a04d0daf1d6f4e/4768/14237409/3/Mazda-CX_5-2026.jpg'},{url:'https://imagescdn.d2cmedia.ca/cbcf170be58efa256f41a04d0daf1d6f4e/4768/14237409/4/Mazda-CX_5-2026.jpg'},{url:'https://imagescdn.d2cmedia.ca/cbcf170be58efa256f41a04d0daf1d6f4e/4768/14237409/5/Mazda-CX_5-2026.jpg'},{url:'https://imagescdn.d2cmedia.ca/cbcf170be58efa256f41a04d0daf1d6f4e/4768/14237409/6/Mazda-CX_5-2026.jpg'},{url:'https://imagescdn.d2cmedia.ca/cbcf170be58efa256f41a04d0daf1d6f4e/4768/14237409/7/Mazda-CX_5-2026.jpg'},{url:'https://imagescdn.d2cmedia.ca/cbcf170be58efa256f41a04d0daf1d6f4e/4768/14237409/8/Mazda-CX_5-2026.jpg'},{url:'https://imagescdn.d2cmedia.ca/cbcf170be58efa256f41a04d0daf1d6f4e/4768/14237409/9/Mazda-CX_5-2026.jpg'}]",150,KM,https://www.primamazda.com/new/inventory/2026-Mazda-CX_5-id14237409.html,2026 Mazda CX-5 4dr Awd Gt at Prima Mazda,48155 CAD,New,Grey,,4768,Prima Mazda,+1-905-850-8111,"{addr1: '7635 Martin Grove Road', city: 'Woodbridge', region: 'Ontario', postal_code: 'L4L 2C5', country: 'CA'}",43.7739677000,-79.6083755000,,,,,https://www.primamazda.com/privacy-policy.html,New,4768,In stock,,48155 CAD,Free,
JM3KMCHA9T0201287,JM3KMCHA9T0201287,26-498-new,Mazda,CX-5,4dr Awd Gt,2026,AUTOMATIC,SUV,GASOLINE,,"2026 Mazda CX-5 4dr Awd Gt, Grey exterior","[{url:'https://imagescdn.d2cmedia.ca/cb38468ee5046638f395f3b8b501f43c85/4768/14334469/1/Mazda-CX_5-2026.jpg'},{url:'https://imagescdn.d2cmedia.ca/s838468ee5046638f395f3b8b501f43c85/4768/14334469/1/Mazda-CX_5-2026.jpg'},{url:'https://imagescdn.d2cmedia.ca/cb38468ee5046638f395f3b8b501f43c85/4768/14334469/2/Mazda-CX_5-2026.jpg'},{url:'https://imagescdn.d2cmedia.ca/cb38468ee5046638f395f3b8b501f43c85/4768/14334469/3/Mazda-CX_5-2026.jpg'},{url:'https://imagescdn.d2cmedia.ca/cb38468ee5046638f395f3b8b501f43c85/4768/14334469/4/Mazda-CX_5-2026.jpg'},{url:'https://imagescdn.d2cmedia.ca/cb38468ee5046638f395f3b8b501f43c85/4768/14334469/5/Mazda-CX_5-2026.jpg'},{url:'https://imagescdn.d2cmedia.ca/cb38468ee5046638f395f3b8b501f43c85/4768/14334469/6/Mazda-CX_5-2026.jpg'},{url:'https://imagescdn.d2cmedia.ca/cb38468ee5046638f395f3b8b501f43c85/4768/14334469/7/Mazda-CX_5-2026.jpg'},{url:'https://imagescdn.d2cmedia.ca/cb38468ee5046638f395f3b8b501f43c85/4768/14334469/8/Mazda-CX_5-2026.jpg'},{url:'https://imagescdn.d2cmedia.ca/cb38468ee5046638f395f3b8b501f43c85/4768/14334469/9/Mazda-CX_5-2026.jpg'}]",150,KM,https://www.primamazda.com/new/inventory/2026-Mazda-CX_5-id14334469.html,2026 Mazda CX-5 4dr Awd Gt at Prima Mazda,48155 CAD,New,Grey,,4768,Prima Mazda,+1-905-850-8111,"{addr1: '7635 Martin Grove Road', city: 'Woodbridge', region: 'Ontario', postal_code: 'L4L 2C5', country: 'CA'}",43.7739677000,-79.6083755000,,,,,https://www.primamazda.com/privacy-policy.html,New,4768,In stock,,48155 CAD,Free,
JM3KMCHA5T0198453,JM3KMCHA5T0198453,26-481-new,Mazda,CX-5,4dr Awd Gt,2026,AUTOMATIC,SUV,GASOLINE,,"2026 Mazda CX-5 4dr Awd Gt, Grey exterior","[{url:'https://imagescdn.d2cmedia.ca/cbece87f7c56a8724224cc647b2e1e62b7/4768/14267478/1/Mazda-CX_5-2026.jpg'},{url:'https://imagescdn.d2cmedia.ca/s8ece87f7c56a8724224cc647b2e1e62b7/4768/14267478/1/Mazda-CX_5-2026.jpg'},{url:'https://imagescdn.d2cmedia.ca/cbece87f7c56a8724224cc647b2e1e62b7/4768/14267478/2/Mazda-CX_5-2026.jpg'},{url:'https://imagescdn.d2cmedia.ca/cbece87f7c56a8724224cc647b2e1e62b7/4768/14267478/3/Mazda-CX_5-2026.jpg'},{url:'https://imagescdn.d2cmedia.ca/cbece87f7c56a8724224cc647b2e1e62b7/4768/14267478/4/Mazda-CX_5-2026.jpg'},{url:'https://imagescdn.d2cmedia.ca/cbece87f7c56a8724224cc647b2e1e62b7/4768/14267478/5/Mazda-CX_5-2026.jpg'},{url:'https://imagescdn.d2cmedia.ca/cbece87f7c56a8724224cc647b2e1e62b7/4768/14267478/6/Mazda-CX_5-2026.jpg'},{url:'https://imagescdn.d2cmedia.ca/cbece87f7c56a8724224cc647b2e1e62b7/4768/14267478/7/Mazda-CX_5-2026.jpg'},{url:'https://imagescdn.d2cmedia.ca/cbece87f7c56a8724224cc647b2e1e62b7/4768/14267478/8/Mazda-CX_5-2026.jpg'},{url:'https://imagescdn.d2cmedia.ca/cbece87f7c56a8724224cc647b2e1e62b7/4768/14267478/9/Mazda-CX_5-2026.jpg'}]",150,KM,https://www.primamazda.com/new/inventory/2026-Mazda-CX_5-id14267478.html,2026 Mazda CX-5 4dr Awd Gt at Prima Mazda,48055 CAD,New,Grey,,4768,Prima Mazda,+1-905-850-8111,"{addr1: '7635 Martin Grove Road', city: 'Woodbridge', region: 'Ontario', postal_code: 'L4L 2C5', country: 'CA'}",43.7739677000,-79.6083755000,,,,,https://www.primamazda.com/privacy-policy.html,New,4768,In stock,,48055 CAD,Free,
JM3KMCHA4T0166383,JM3KMCHA4T0166383,26-377-new,Mazda,CX-5,4dr Awd Gt,2026,AUTOMATIC,SUV,GASOLINE,,"2026 Mazda CX-5 4dr Awd Gt, Blue exterior","[{url:'https://imagescdn.d2cmedia.ca/cb41cf5d437a0ddfc9ae5d0319c1dae3f4/4768/14093364/1/Mazda-CX_5-2026.jpg'},{url:'https://imagescdn.d2cmedia.ca/s841cf5d437a0ddfc9ae5d0319c1dae3f4/4768/14093364/1/Mazda-CX_5-2026.jpg'},{url:'https://imagescdn.d2cmedia.ca/cb41cf5d437a0ddfc9ae5d0319c1dae3f4/4768/14093364/2/Mazda-CX_5-2026.jpg'},{url:'https://imagescdn.d2cmedia.ca/cb41cf5d437a0ddfc9ae5d0319c1dae3f4/4768/14093364/3/Mazda-CX_5-2026.jpg'},{url:'https://imagescdn.d2cmedia.ca/cb41cf5d437a0ddfc9ae5d0319c1dae3f4/4768/14093364/4/Mazda-CX_5-2026.jpg'},{url:'https://imagescdn.d2cmedia.ca/cb41cf5d437a0ddfc9ae5d0319c1dae3f4/4768/14093364/5/Mazda-CX_5-2026.jpg'},{url:'https://imagescdn.d2cmedia.ca/cb41cf5d437a0ddfc9ae5d0319c1dae3f4/4768/14093364/6/Mazda-CX_5-2026.jpg'},{url:'https://imagescdn.d2cmedia.ca/cb41cf5d437a0ddfc9ae5d0319c1dae3f4/4768/14093364/7/Mazda-CX_5-2026.jpg'},{url:'https://imagescdn.d2cmedia.ca/cb41cf5d437a0ddfc9ae5d0319c1dae3f4/4768/14093364/8/Mazda-CX_5-2026.jpg'},{url:'https://imagescdn.d2cmedia.ca/cb41cf5d437a0ddfc9ae5d0319c1dae3f4/4768/14093364/9/Mazda-CX_5-2026.jpg'}]",150,KM,https://www.primamazda.com/new/inventory/2026-Mazda-CX_5-id14093364.html,2026 Mazda CX-5 4dr Awd Gt at Prima Mazda,47755 CAD,New,Blue,,4768,Prima Mazda,+1-905-850-8111,"{addr1: '7635 Martin Grove Road', city: 'Woodbridge', region: 'Ontario', postal_code: 'L4L 2C5', country: 'CA'}",43.7739677000,-79.6083755000,,,,,https://www.primamazda.com/privacy-policy.html,New,4768,In stock,,47755 CAD,Free,
JM3KMCHA5T0187906,JM3KMCHA5T0187906,26-435-new,Mazda,CX-5,4dr Awd Gt,2026,AUTOMATIC,SUV,GASOLINE,,"2026 Mazda CX-5 4dr Awd Gt, Black exterior","[{url:'https://imagescdn.d2cmedia.ca/cb19a5d8265f9914f230855f1838718a3d/4768/14189768/1/Mazda-CX_5-2026.jpg'},{url:'https://imagescdn.d2cmedia.ca/s819a5d8265f9914f230855f1838718a3d/4768/14189768/1/Mazda-CX_5-2026.jpg'},{url:'https://imagescdn.d2cmedia.ca/cb19a5d8265f9914f230855f1838718a3d/4768/14189768/2/Mazda-CX_5-2026.jpg'},{url:'https://imagescdn.d2cmedia.ca/cb19a5d8265f9914f230855f1838718a3d/4768/14189768/3/Mazda-CX_5-2026.jpg'},{url:'https://imagescdn.d2cmedia.ca/cb19a5d8265f9914f230855f1838718a3d/4768/14189768/4/Mazda-CX_5-2026.jpg'},{url:'https://imagescdn.d2cmedia.ca/cb19a5d8265f9914f230855f1838718a3d/4768/14189768/5/Mazda-CX_5-2026.jpg'},{url:'https://imagescdn.d2cmedia.ca/cb19a5d8265f9914f230855f1838718a3d/4768/14189768/6/Mazda-CX_5-2026.jpg'},{url:'https://imagescdn.d2cmedia.ca/cb19a5d8265f9914f230855f1838718a3d/4768/14189768/7/Mazda-CX_5-2026.jpg'},{url:'https://imagescdn.d2cmedia.ca/cb19a5d8265f9914f230855f1838718a3d/4768/14189768/8/Mazda-CX_5-2026.jpg'},{url:'https://imagescdn.d2cmedia.ca/cb19a5d8265f9914f230855f1838718a3d/4768/14189768/9/Mazda-CX_5-2026.jpg'}]",150,KM,https://www.primamazda.com/new/inventory/2026-Mazda-CX_5-id14189768.html,2026 Mazda CX-5 4dr Awd Gt at Prima Mazda,47755 CAD,New,Black,,4768,Prima Mazda,+1-905-850-8111,"{addr1: '7635 Martin Grove Road', city: 'Woodbridge', region: 'Ontario', postal_code: 'L4L 2C5', country: 'CA'}",43.7739677000,-79.6083755000,,,,,https://www.primamazda.com/privacy-policy.html,New,4768,In stock,,47755 CAD,Free,
JM3KMCHA9T0220731,JM3KMCHA9T0220731,26-550-new,Mazda,CX-5,4dr Awd Gt,2026,AUTOMATIC,SUV,GASOLINE,,"2026 Mazda CX-5 4dr Awd Gt, Blue exterior","[{url:'https://imagescdn.d2cmedia.ca/cb1e4ce3cb9af1b06bee0891bf69593f95/4768/14414011/1/Mazda-CX_5-2026.jpg'},{url:'https://imagescdn.d2cmedia.ca/s81e4ce3cb9af1b06bee0891bf69593f95/4768/14414011/1/Mazda-CX_5-2026.jpg'},{url:'https://imagescdn.d2cmedia.ca/cb1e4ce3cb9af1b06bee0891bf69593f95/4768/14414011/2/Mazda-CX_5-2026.jpg'},{url:'https://imagescdn.d2cmedia.ca/cb1e4ce3cb9af1b06bee0891bf69593f95/4768/14414011/3/Mazda-CX_5-2026.jpg'},{url:'https://imagescdn.d2cmedia.ca/cb1e4ce3cb9af1b06bee0891bf69593f95/4768/14414011/4/Mazda-CX_5-2026.jpg'},{url:'https://imagescdn.d2cmedia.ca/cb1e4ce3cb9af1b06bee0891bf69593f95/4768/14414011/5/Mazda-CX_5-2026.jpg'},{url:'https://imagescdn.d2cmedia.ca/cb1e4ce3cb9af1b06bee0891bf69593f95/4768/14414011/6/Mazda-CX_5-2026.jpg'},{url:'https://imagescdn.d2cmedia.ca/cb1e4ce3cb9af1b06bee0891bf69593f95/4768/14414011/7/Mazda-CX_5-2026.jpg'},{url:'https://imagescdn.d2cmedia.ca/cb1e4ce3cb9af1b06bee0891bf69593f95/4768/14414011/8/Mazda-CX_5-2026.jpg'},{url:'https://imagescdn.d2cmedia.ca/cb1e4ce3cb9af1b06bee0891bf69593f95/4768/14414011/9/Mazda-CX_5-2026.jpg'}]",150,KM,https://www.primamazda.com/new/inventory/2026-Mazda-CX_5-id14414011.html,2026 Mazda CX-5 4dr Awd Gt at Prima Mazda,47755 CAD,New,Blue,,4768,Prima Mazda,+1-905-850-8111,"{addr1: '7635 Martin Grove Road', city: 'Woodbridge', region: 'Ontario', postal_code: 'L4L 2C5', country: 'CA'}",43.7739677000,-79.6083755000,,,,,https://www.primamazda.com/privacy-policy.html,New,4768,In stock,,47755 CAD,Free,
JM3KMCHA4T0189677,JM3KMCHA4T0189677,26-441-new,Mazda,CX-5,4dr Awd Gt,2026,AUTOMATIC,SUV,GASOLINE,,"2026 Mazda CX-5 4dr Awd Gt, Grey exterior","[{url:'https://imagescdn.d2cmedia.ca/cbb2fd8e25cb24fc89acd4aa28402c23da/4768/14226077/1/Mazda-CX_5-2026.jpg'},{url:'https://imagescdn.d2cmedia.ca/s8b2fd8e25cb24fc89acd4aa28402c23da/4768/14226077/1/Mazda-CX_5-2026.jpg'},{url:'https://imagescdn.d2cmedia.ca/cbb2fd8e25cb24fc89acd4aa28402c23da/4768/14226077/2/Mazda-CX_5-2026.jpg'},{url:'https://imagescdn.d2cmedia.ca/cbb2fd8e25cb24fc89acd4aa28402c23da/4768/14226077/3/Mazda-CX_5-2026.jpg'},{url:'https://imagescdn.d2cmedia.ca/cbb2fd8e25cb24fc89acd4aa28402c23da/4768/14226077/4/Mazda-CX_5-2026.jpg'},{url:'https://imagescdn.d2cmedia.ca/cbb2fd8e25cb24fc89acd4aa28402c23da/4768/14226077/5/Mazda-CX_5-2026.jpg'},{url:'https://imagescdn.d2cmedia.ca/cbb2fd8e25cb24fc89acd4aa28402c23da/4768/14226077/6/Mazda-CX_5-2026.jpg'},{url:'https://imagescdn.d2cmedia.ca/cbb2fd8e25cb24fc89acd4aa28402c23da/4768/14226077/7/Mazda-CX_5-2026.jpg'},{url:'https://imagescdn.d2cmedia.ca/cbb2fd8e25cb24fc89acd4aa28402c23da/4768/14226077/8/Mazda-CX_5-2026.jpg'},{url:'https://imagescdn.d2cmedia.ca/cbb2fd8e25cb24fc89acd4aa28402c23da/4768/14226077/9/Mazda-CX_5-2026.jpg'}]",150,KM,https://www.primamazda.com/new/inventory/2026-Mazda-CX_5-id14226077.html,2026 Mazda CX-5 4dr Awd Gt at Prima Mazda,47410 CAD,New,Grey,,4768,Prima Mazda,+1-905-850-8111,"{addr1: '7635 Martin Grove Road', city: 'Woodbridge', region: 'Ontario', postal_code: 'L4L 2C5', country: 'CA'}",43.7739677000,-79.6083755000,,,,,https://www.primamazda.com/privacy-policy.html,New,4768,In stock,,47410 CAD,Free,
JM3KMCHA1T0199700,JM3KMCHA1T0199700,26-484-new,Mazda,CX-5,4dr Awd Gt,2026,AUTOMATIC,SUV,GASOLINE,,"2026 Mazda CX-5 4dr Awd Gt, Red exterior","[{url:'https://imagescdn.d2cmedia.ca/cb08ee63a08d87a275859943e538d6c13d/4768/14226080/1/Mazda-CX_5-2026.jpg'},{url:'https://imagescdn.d2cmedia.ca/s808ee63a08d87a275859943e538d6c13d/4768/14226080/1/Mazda-CX_5-2026.jpg'},{url:'https://imagescdn.d2cmedia.ca/cb08ee63a08d87a275859943e538d6c13d/4768/14226080/2/Mazda-CX_5-2026.jpg'},{url:'https://imagescdn.d2cmedia.ca/cb08ee63a08d87a275859943e538d6c13d/4768/14226080/3/Mazda-CX_5-2026.jpg'},{url:'https://imagescdn.d2cmedia.ca/cb08ee63a08d87a275859943e538d6c13d/4768/14226080/4/Mazda-CX_5-2026.jpg'},{url:'https://imagescdn.d2cmedia.ca/cb08ee63a08d87a275859943e538d6c13d/4768/14226080/5/Mazda-CX_5-2026.jpg'},{url:'https://imagescdn.d2cmedia.ca/cb08ee63a08d87a275859943e538d6c13d/4768/14226080/6/Mazda-CX_5-2026.jpg'},{url:'https://imagescdn.d2cmedia.ca/cb08ee63a08d87a275859943e538d6c13d/4768/14226080/7/Mazda-CX_5-2026.jpg'},{url:'https://imagescdn.d2cmedia.ca/cb08ee63a08d87a275859943e538d6c13d/4768/14226080/8/Mazda-CX_5-2026.jpg'},{url:'https://imagescdn.d2cmedia.ca/cb08ee63a08d87a275859943e538d6c13d/4768/14226080/9/Mazda-CX_5-2026.jpg'}]",150,KM,https://www.primamazda.com/new/inventory/2026-Mazda-CX_5-id14226080.html,2026 Mazda CX-5 4dr Awd Gt at Prima Mazda,46255 CAD,New,Red,,4768,Prima Mazda,+1-905-850-8111,"{addr1: '7635 Martin Grove Road', city: 'Woodbridge', region: 'Ontario', postal_code: 'L4L 2C5', country: 'CA'}",43.7739677000,-79.6083755000,,,,,https://www.primamazda.com/privacy-policy.html,New,4768,In stock,,46255 CAD,Free,
JM3KMCHA1T0180516,JM3KMCHA1T0180516,26-428-new,Mazda,CX-5,4dr Awd Gt,2026,AUTOMATIC,SUV,GASOLINE,,"2026 Mazda CX-5 4dr Awd Gt, White exterior","[{url:'https://imagescdn.d2cmedia.ca/cb121f6d63aabd3e9c79db6dcf1d17fb1b/4768/14189765/1/Mazda-CX_5-2026.jpg'},{url:'https://imagescdn.d2cmedia.ca/s8121f6d63aabd3e9c79db6dcf1d17fb1b/4768/14189765/1/Mazda-CX_5-2026.jpg'},{url:'https://imagescdn.d2cmedia.ca/cb121f6d63aabd3e9c79db6dcf1d17fb1b/4768/14189765/2/Mazda-CX_5-2026.jpg'},{url:'https://imagescdn.d2cmedia.ca/cb121f6d63aabd3e9c79db6dcf1d17fb1b/4768/14189765/3/Mazda-CX_5-2026.jpg'},{url:'https://imagescdn.d2cmedia.ca/cb121f6d63aabd3e9c79db6dcf1d17fb1b/4768/14189765/4/Mazda-CX_5-2026.jpg'},{url:'https://imagescdn.d2cmedia.ca/cb121f6d63aabd3e9c79db6dcf1d17fb1b/4768/14189765/5/Mazda-CX_5-2026.jpg'},{url:'https://imagescdn.d2cmedia.ca/cb121f6d63aabd3e9c79db6dcf1d17fb1b/4768/14189765/6/Mazda-CX_5-2026.jpg'},{url:'https://imagescdn.d2cmedia.ca/cb121f6d63aabd3e9c79db6dcf1d17fb1b/4768/14189765/7/Mazda-CX_5-2026.jpg'},{url:'https://imagescdn.d2cmedia.ca/cb121f6d63aabd3e9c79db6dcf1d17fb1b/4768/14189765/8/Mazda-CX_5-2026.jpg'},{url:'https://imagescdn.d2cmedia.ca/cb121f6d63aabd3e9c79db6dcf1d17fb1b/4768/14189765/9/Mazda-CX_5-2026.jpg'}]",150,KM,https://www.primamazda.com/new/inventory/2026-Mazda-CX_5-id14189765.html,2026 Mazda CX-5 4dr Awd Gt at Prima Mazda,46155 CAD,New,White,,4768,Prima Mazda,+1-905-850-8111,"{addr1: '7635 Martin Grove Road', city: 'Woodbridge', region: 'Ontario', postal_code: 'L4L 2C5', country: 'CA'}",43.7739677000,-79.6083755000,,,,,https://www.primamazda.com/privacy-policy.html,New,4768,In stock,,46155 CAD,Free,
JM3KMCHA4T0199710,JM3KMCHA4T0199710,26-480-new,Mazda,CX-5,4dr Awd Gt,2026,AUTOMATIC,SUV,GASOLINE,,"2026 Mazda CX-5 4dr Awd Gt, White exterior","[{url:'https://imagescdn.d2cmedia.ca/cb4ca92db93150723821ffd3d115df8b06/4768/14267477/1/Mazda-CX_5-2026.jpg'},{url:'https://imagescdn.d2cmedia.ca/s84ca92db93150723821ffd3d115df8b06/4768/14267477/1/Mazda-CX_5-2026.jpg'},{url:'https://imagescdn.d2cmedia.ca/cb4ca92db93150723821ffd3d115df8b06/4768/14267477/2/Mazda-CX_5-2026.jpg'},{url:'https://imagescdn.d2cmedia.ca/cb4ca92db93150723821ffd3d115df8b06/4768/14267477/3/Mazda-CX_5-2026.jpg'},{url:'https://imagescdn.d2cmedia.ca/cb4ca92db93150723821ffd3d115df8b06/4768/14267477/4/Mazda-CX_5-2026.jpg'},{url:'https://imagescdn.d2cmedia.ca/cb4ca92db93150723821ffd3d115df8b06/4768/14267477/5/Mazda-CX_5-2026.jpg'},{url:'https://imagescdn.d2cmedia.ca/cb4ca92db93150723821ffd3d115df8b06/4768/14267477/6/Mazda-CX_5-2026.jpg'},{url:'https://imagescdn.d2cmedia.ca/cb4ca92db93150723821ffd3d115df8b06/4768/14267477/7/Mazda-CX_5-2026.jpg'},{url:'https://imagescdn.d2cmedia.ca/cb4ca92db93150723821ffd3d115df8b06/4768/14267477/8/Mazda-CX_5-2026.jpg'},{url:'https://imagescdn.d2cmedia.ca/cb4ca92db93150723821ffd3d115df8b06/4768/14267477/9/Mazda-CX_5-2026.jpg'}]",150,KM,https://www.primamazda.com/new/inventory/2026-Mazda-CX_5-id14267477.html,2026 Mazda CX-5 4dr Awd Gt at Prima Mazda,46155 CAD,New,White,,4768,Prima Mazda,+1-905-850-8111,"{addr1: '7635 Martin Grove Road', city: 'Woodbridge', region: 'Ontario', postal_code: 'L4L 2C5', country: 'CA'}",43.7739677000,-79.6083755000,,,,,https://www.primamazda.com/privacy-policy.html,New,4768,In stock,,46155 CAD,Free,
JM3KMCHA7T0218363,JM3KMCHA7T0218363,26-545-new,Mazda,CX-5,4dr Awd Gt,2026,AUTOMATIC,SUV,GASOLINE,,"2026 Mazda CX-5 4dr Awd Gt, White exterior","[{url:'https://imagescdn.d2cmedia.ca/cbfac91464075bae5a06d26abcb6664e94/4768/14414007/1/Mazda-CX_5-2026.jpg'},{url:'https://imagescdn.d2cmedia.ca/s8fac91464075bae5a06d26abcb6664e94/4768/14414007/1/Mazda-CX_5-2026.jpg'},{url:'https://imagescdn.d2cmedia.ca/cbfac91464075bae5a06d26abcb6664e94/4768/14414007/2/Mazda-CX_5-2026.jpg'},{url:'https://imagescdn.d2cmedia.ca/cbfac91464075bae5a06d26abcb6664e94/4768/14414007/3/Mazda-CX_5-2026.jpg'},{url:'https://imagescdn.d2cmedia.ca/cbfac91464075bae5a06d26abcb6664e94/4768/14414007/4/Mazda-CX_5-2026.jpg'},{url:'https://imagescdn.d2cmedia.ca/cbfac91464075bae5a06d26abcb6664e94/4768/14414007/5/Mazda-CX_5-2026.jpg'},{url:'https://imagescdn.d2cmedia.ca/cbfac91464075bae5a06d26abcb6664e94/4768/14414007/6/Mazda-CX_5-2026.jpg'},{url:'https://imagescdn.d2cmedia.ca/cbfac91464075bae5a06d26abcb6664e94/4768/14414007/7/Mazda-CX_5-2026.jpg'},{url:'https://imagescdn.d2cmedia.ca/cbfac91464075bae5a06d26abcb6664e94/4768/14414007/8/Mazda-CX_5-2026.jpg'},{url:'https://imagescdn.d2cmedia.ca/cbfac91464075bae5a06d26abcb6664e94/4768/14414007/9/Mazda-CX_5-2026.jpg'}]",150,KM,https://www.primamazda.com/new/inventory/2026-Mazda-CX_5-id14414007.html,2026 Mazda CX-5 4dr Awd Gt at Prima Mazda,46155 CAD,New,White,,4768,Prima Mazda,+1-905-850-8111,"{addr1: '7635 Martin Grove Road', city: 'Woodbridge', region: 'Ontario', postal_code: 'L4L 2C5', country: 'CA'}",43.7739677000,-79.6083755000,,,,,https://www.primamazda.com/privacy-policy.html,New,4768,In stock,,46155 CAD,Free,
JM3KMCHA2T0199351,JM3KMCHA2T0199351,26-485-new,Mazda,CX-5,4dr Awd Gt,2026,AUTOMATIC,SUV,GASOLINE,,"2026 Mazda CX-5 4dr Awd Gt, Black exterior","[{url:'https://imagescdn.d2cmedia.ca/cb85ff02c1064f146c4ceab722c89df8ea/4768/14267479/1/Mazda-CX_5-2026.jpg'},{url:'https://imagescdn.d2cmedia.ca/s885ff02c1064f146c4ceab722c89df8ea/4768/14267479/1/Mazda-CX_5-2026.jpg'},{url:'https://imagescdn.d2cmedia.ca/cb85ff02c1064f146c4ceab722c89df8ea/4768/14267479/2/Mazda-CX_5-2026.jpg'},{url:'https://imagescdn.d2cmedia.ca/cb85ff02c1064f146c4ceab722c89df8ea/4768/14267479/3/Mazda-CX_5-2026.jpg'},{url:'https://imagescdn.d2cmedia.ca/cb85ff02c1064f146c4ceab722c89df8ea/4768/14267479/4/Mazda-CX_5-2026.jpg'},{url:'https://imagescdn.d2cmedia.ca/cb85ff02c1064f146c4ceab722c89df8ea/4768/14267479/5/Mazda-CX_5-2026.jpg'},{url:'https://imagescdn.d2cmedia.ca/cb85ff02c1064f146c4ceab722c89df8ea/4768/14267479/6/Mazda-CX_5-2026.jpg'},{url:'https://imagescdn.d2cmedia.ca/cb85ff02c1064f146c4ceab722c89df8ea/4768/14267479/7/Mazda-CX_5-2026.jpg'},{url:'https://imagescdn.d2cmedia.ca/cb85ff02c1064f146c4ceab722c89df8ea/4768/14267479/8/Mazda-CX_5-2026.jpg'},{url:'https://imagescdn.d2cmedia.ca/cb85ff02c1064f146c4ceab722c89df8ea/4768/14267479/9/Mazda-CX_5-2026.jpg'}]",150,KM,https://www.primamazda.com/new/inventory/2026-Mazda-CX_5-id14267479.html,2026 Mazda CX-5 4dr Awd Gt at Prima Mazda,45755 CAD,New,Black,,4768,Prima Mazda,+1-905-850-8111,"{addr1: '7635 Martin Grove Road', city: 'Woodbridge', region: 'Ontario', postal_code: 'L4L 2C5', country: 'CA'}",43.7739677000,-79.6083755000,,,,,https://www.primamazda.com/privacy-policy.html,New,4768,In stock,,45755 CAD,Free,
